id_sample,y_true,model_probability,final_threshold_prediction
img_00019_2024,1.0,0.34172946,0
img_00004_2024,1.0,0.06553469,0
img_00018_2024,1.0,0.053952344,0
img_00005_2024,1.0,0.9879858,1
img_00008_2024,1.0,0.9894991,1
img_00016_2024,1.0,0.97913593,1
img_00007_2024,1.0,0.4825382,0
img_00003_2024,1.0,0.9792644,1
img_00009_2024,1.0,0.30677956,0
img_00017_2024,1.0,0.05738538,0
img_00006_2024,1.0,0.37332872,0
img_00010_2024,1.0,0.23017251,0
img_00002_2024,1.0,0.16900785,0
img_00015_2024,1.0,0.75859046,0
img_00001_2024,1.0,0.98910195,1
img_00014_2024,1.0,0.36101034,0
img_00020_2024,1.0,0.0122325495,0
img_00021_2024,1.0,0.31096193,0
img_00024_2024,1.0,0.4254808,0
img_00013_2024,1.0,0.98326576,1
img_00022_2024,1.0,0.97962177,1
img_00026_2024,1.0,0.11037548,0
img_00023_2024,1.0,0.19457458,0
img_00034_2024,1.0,0.98389626,1
img_00025_2024,1.0,0.52170265,0
img_00028_2024,1.0,0.0839806,0
img_00032_2024,1.0,0.062215578,0
img_00033_2024,1.0,0.3000156,0
img_00031_2024,1.0,0.70273167,0
img_00036_2024,1.0,0.11824224,0
img_00029_2024,1.0,0.9867884,1
img_00037_2024,1.0,0.99033827,1
img_00035_2024,1.0,0.98548025,1
img_00041_2024,1.0,0.06303733,0
img_00040_2024,1.0,0.8557082,0
img_00042_2024,1.0,0.07220859,0
img_00039_2024,1.0,0.08478379,0
img_00044_2024,1.0,0.97343904,1
img_00045_2024,1.0,0.9905595,1
img_00049_2024,1.0,0.8331787,0
img_00048_2024,1.0,0.03797479,0
img_00043_2024,1.0,0.919692,1
img_00050_2024,1.0,0.84668887,0
img_00046_2024,1.0,0.91966325,1
img_00047_2024,1.0,0.99095637,1
img_00052_2024,1.0,0.7864438,0
img_00053_2024,1.0,0.39254397,0
img_00056_2024,1.0,0.89802235,0
img_00058_2024,1.0,0.50386924,0
img_00055_2024,1.0,0.96985584,1
img_00054_2024,1.0,0.9475914,1
img_00061_2024,1.0,0.9857556,1
img_00060_2024,1.0,0.98672837,1
img_00063_2024,1.0,0.94455826,1
img_00062_2024,1.0,0.9715668,1
img_00059_2024,1.0,0.48332188,0
img_00011_p01_2024,1.0,0.9925168,1
img_00011_p02_2024,1.0,0.9747215,1
img_00011_p03_2024,1.0,0.9678754,1
img_00057_2024,1.0,0.99014497,1
img_00030_p01_2024,1.0,0.057470314,0
img_00030_p02_2024,1.0,0.58639526,0
img_00030_p03_2024,1.0,0.15153584,0
img_00067_2024,1.0,0.98455435,1
img_00065_2024,1.0,0.9938484,1
img_00070_2024,1.0,0.93346804,1
img_00068_2024,1.0,0.10219956,0
img_00071_2024,1.0,0.2188873,0
img_00069_2024,1.0,0.96929294,1
img_00051_p01_2024,1.0,0.48410824,0
img_00051_p02_2024,1.0,0.23020495,0
img_00077_2024,1.0,0.9841448,1
img_00064_2024,1.0,0.9516054,1
img_00075_2024,1.0,0.9736608,1
img_00078_2024,1.0,0.87083435,0
img_00076_2024,1.0,0.99515814,1
img_00073_2024,1.0,0.38914517,0
img_00072_2024,1.0,0.9871912,1
img_00079_2024,1.0,0.9838303,1
img_00080_2024,1.0,0.92559975,1
img_00074_2024,1.0,0.82407343,0
img_00081_2024,1.0,0.90747815,0
img_00084_2024,1.0,0.97383785,1
img_00085_2024,1.0,0.9412862,1
img_00083_2024,1.0,0.9282718,1
img_00082_2024,1.0,0.97645944,1
img_00038_p01_2024,1.0,0.98615336,1
img_00038_p02_2024,1.0,0.99135816,1
img_00038_p03_2024,1.0,0.99205875,1
img_00038_p04_2024,1.0,0.9923159,1
img_00092_2024,1.0,0.3338767,0
img_00086_2024,1.0,0.97796005,1
img_00000_p01_2024,1.0,0.97322434,1
img_00000_p02_2024,1.0,0.9658856,1
img_00000_p03_2024,1.0,0.98718214,1
img_00000_p04_2024,1.0,0.9910194,1
img_00091_2024,1.0,0.3629421,0
img_00088_2024,1.0,0.9751086,1
img_00089_2024,1.0,0.9529961,1
img_00095_2024,1.0,0.6396308,0
img_00096_2024,1.0,0.6613473,0
img_00097_2024,1.0,0.9844844,1
img_00093_2024,1.0,0.9775423,1
img_00094_2024,1.0,0.99146336,1
img_00099_2024,1.0,0.9569589,1
img_00103_2024,1.0,0.9864934,1
img_00102_2024,1.0,0.9685829,1
img_00104_2024,1.0,0.90636116,0
img_00090_2024,1.0,0.9738696,1
img_00100_2024,1.0,0.9728961,1
img_00106_2024,1.0,0.9780903,1
img_00111_2024,1.0,0.92767966,1
img_00107_2024,1.0,0.79746306,0
img_00101_2024,1.0,0.77682036,0
img_00113_2024,1.0,0.99073726,1
img_00117_2024,1.0,0.9882235,1
img_00108_2024,1.0,0.56139165,0
img_00109_2024,1.0,0.9861261,1
img_00116_2024,1.0,0.9786644,1
img_00110_2024,1.0,0.98511106,1
img_00112_2024,1.0,0.989422,1
img_00118_2024,1.0,0.41858092,0
img_00012_p01_2024,1.0,0.9740167,1
img_00012_p02_2024,1.0,0.30344585,0
img_00012_p03_2024,1.0,0.21251625,0
img_00012_p04_2024,1.0,0.5453248,0
img_00012_p05_2024,1.0,0.15893091,0
img_00012_p06_2024,1.0,0.022739772,0
img_00115_2024,1.0,0.9930355,1
img_00119_2024,1.0,0.9282085,1
img_00122_2024,1.0,0.9251637,1
img_00123_2024,1.0,0.9743333,1
img_00105_p01_2024,1.0,0.5366212,0
img_00105_p02_2024,1.0,0.9734952,1
img_00121_2024,1.0,0.44547164,0
img_00126_2024,1.0,0.9680463,1
img_00132_2024,1.0,0.9889094,1
img_00125_2024,1.0,0.9813498,1
img_00129_2024,1.0,0.6275986,0
img_00127_2024,1.0,0.07452366,0
img_00124_2024,1.0,0.9894058,1
img_00135_2024,1.0,0.99308723,1
img_00134_2024,1.0,0.9897119,1
img_00137_2024,1.0,0.6930882,0
img_00133_2024,1.0,0.98445016,1
img_00138_2024,1.0,0.96766216,1
img_00120_p01_2024,1.0,0.99118125,1
img_00120_p02_2024,1.0,0.9929161,1
img_00142_2024,1.0,0.8780333,0
img_00141_2024,1.0,0.134975,0
img_00087_p01_2024,1.0,0.9945004,1
img_00087_p02_2024,1.0,0.9882883,1
img_00087_p03_2024,1.0,0.98269284,1
img_00087_p04_2024,1.0,0.9948966,1
img_00131_p01_2024,1.0,0.88767475,0
img_00131_p02_2024,1.0,0.9928094,1
img_00139_2024,1.0,0.9808158,1
img_00140_2024,1.0,0.9838712,1
img_00143_2024,1.0,0.043920055,0
img_00147_2024,1.0,0.9863225,1
img_00144_2024,1.0,0.9719415,1
img_00150_2024,1.0,0.96010584,1
img_00148_2024,1.0,0.90431774,0
img_00128_p01_2024,1.0,0.9957039,1
img_00128_p02_2024,1.0,0.991508,1
img_00114_p01_2024,1.0,0.95198864,1
img_00114_p02_2024,1.0,0.9606239,1
img_00114_p03_2024,1.0,0.9415015,1
img_00114_p04_2024,1.0,0.28098226,0
img_00152_2024,1.0,0.9923441,1
img_00145_2024,1.0,0.79309297,0
img_00155_2024,1.0,0.21616271,0
img_00149_2024,1.0,0.99169075,1
img_00151_2024,1.0,0.7803972,0
img_00156_2024,1.0,0.09719281,0
img_00136_p01_2024,1.0,0.97831476,1
img_00136_p02_2024,1.0,0.99671835,1
img_00157_2024,1.0,0.10183035,0
img_00158_2024,1.0,0.115340725,0
img_00159_2024,1.0,0.34873804,0
img_00162_2024,1.0,0.6879759,0
img_00163_2024,1.0,0.98090327,1
img_00160_2024,1.0,0.9783579,1
img_00146_p01_2024,1.0,0.82110095,0
img_00146_p02_2024,1.0,0.16536659,0
img_00167_2024,1.0,0.9795559,1
img_00165_2024,1.0,0.9949019,1
img_00172_2024,1.0,0.9730672,1
img_00164_2024,1.0,0.94747484,1
img_00170_2024,1.0,0.97469926,1
img_00171_2024,1.0,0.47580236,0
img_00174_2024,1.0,0.9883978,1
img_00166_2024,1.0,0.8546118,0
img_00130_p01_2024,1.0,0.99467987,1
img_00130_p02_2024,1.0,0.9916978,1
img_00130_p03_2024,1.0,0.99321127,1
img_00130_p04_2024,1.0,0.9841764,1
img_00169_2024,1.0,0.99262017,1
img_00178_2024,1.0,0.97590363,1
img_00179_2024,1.0,0.99130577,1
img_00175_2024,1.0,0.9650768,1
img_00176_2024,1.0,0.50517917,0
img_00182_2024,1.0,0.9881741,1
img_00180_2024,1.0,0.97920156,1
img_00181_2024,1.0,0.8824219,0
img_00183_2024,1.0,0.8093706,0
img_00185_2024,1.0,0.5437117,0
img_00173_p01_2024,1.0,0.9196706,1
img_00173_p02_2024,1.0,0.93528014,1
img_00168_p01_2024,1.0,0.9794844,1
img_00168_p02_2024,1.0,0.9844602,1
img_00066_p01_2024,1.0,0.6893638,0
img_00066_p02_2024,1.0,0.372158,0
img_00066_p03_2024,1.0,0.9872206,1
img_00066_p04_2024,1.0,0.3769664,0
img_00066_p05_2024,1.0,0.9951009,1
img_00066_p06_2024,1.0,0.8480567,0
img_00187_2024,1.0,0.9652951,1
img_00189_2024,1.0,0.8847785,0
img_00190_2024,1.0,0.98831624,1
img_00191_2024,1.0,0.53654546,0
img_00194_2024,1.0,0.7454974,0
img_00196_2024,1.0,0.9859757,1
img_00192_2024,1.0,0.76165366,0
img_00198_2024,1.0,0.5613358,0
img_00193_2024,1.0,0.521215,0
img_00195_2024,1.0,0.5096458,0
img_00199_2024,1.0,0.9176044,1
img_00201_2024,1.0,0.9549153,1
img_00202_2024,1.0,0.22370654,0
img_00203_2024,1.0,0.95597076,1
img_00200_2024,1.0,0.7964406,0
img_00204_2024,1.0,0.9511275,1
img_00177_p01_2024,1.0,0.84290427,0
img_00177_p02_2024,1.0,0.9316092,1
img_00206_2024,1.0,0.96728647,1
img_00186_2024,1.0,0.82698596,0
img_00207_2024,1.0,0.8410695,0
img_00208_2024,1.0,0.97104937,1
img_00211_2024,1.0,0.78376913,0
img_00197_p01_2024,1.0,0.4992481,0
img_00197_p02_2024,1.0,0.9745531,1
img_00212_2024,1.0,0.9857633,1
img_00213_2024,1.0,0.9926226,1
img_00215_2024,1.0,0.9929638,1
img_00209_2024,1.0,0.9935144,1
img_00154_p01_2024,1.0,0.92889416,1
img_00154_p02_2024,1.0,0.9834146,1
img_00154_p03_2024,1.0,0.99173814,1
img_00154_p04_2024,1.0,0.96956146,1
img_00216_2024,1.0,0.9812781,1
img_00217_2024,1.0,0.9872558,1
img_00220_2024,1.0,0.9817098,1
img_00223_2024,1.0,0.98637253,1
img_00221_2024,1.0,0.95543617,1
img_00153_p01_2024,1.0,0.9755991,1
img_00153_p02_2024,1.0,0.99245304,1
img_00153_p03_2024,1.0,0.85735095,0
img_00153_p04_2024,1.0,0.9782024,1
img_00153_p06_2024,1.0,0.99224734,1
img_00222_2024,1.0,0.64163387,0
img_00218_2024,1.0,0.95314866,1
img_00224_2024,1.0,0.4001041,0
img_00210_p01_2024,1.0,0.9877713,1
img_00210_p02_2024,1.0,0.9939959,1
img_00184_p01_2024,1.0,0.9855495,1
img_00184_p02_2024,1.0,0.99274313,1
img_00184_p03_2024,1.0,0.9862911,1
img_00184_p04_2024,1.0,0.9941689,1
img_00225_2024,1.0,0.9468658,1
img_00226_2024,1.0,0.99007064,1
img_00232_2024,1.0,0.5829233,0
img_00231_2024,1.0,0.9559522,1
img_00229_2024,1.0,0.96871376,1
img_00234_2024,1.0,0.98802084,1
img_00235_2024,1.0,0.7941601,0
img_00228_2024,1.0,0.9945294,1
img_00233_2024,1.0,0.23758474,0
img_00214_p01_2024,1.0,0.9895253,1
img_00214_p02_2024,1.0,0.995276,1
img_00227_2024,1.0,0.9913045,1
img_00239_2024,1.0,0.976856,1
img_00188_p01_2024,1.0,0.9863144,1
img_00188_p03_2024,1.0,0.99010897,1
img_00188_p04_2024,1.0,0.98458326,1
img_00219_p01_2024,1.0,0.98753786,1
img_00219_p02_2024,1.0,0.9945262,1
img_00242_2024,1.0,0.41295332,0
img_00240_2024,1.0,0.043506872,0
img_00244_2024,1.0,0.042120595,0
img_00205_p01_2024,1.0,0.7966607,0
img_00205_p02_2024,1.0,0.24915648,0
img_00205_p03_2024,1.0,0.98934925,1
img_00205_p04_2024,1.0,0.24123266,0
img_00243_2024,1.0,0.94665915,1
img_00246_2024,1.0,0.20864353,0
img_00245_2024,1.0,0.7673572,0
img_00247_2024,1.0,0.36949745,0
img_00250_2024,1.0,0.08010496,0
img_00248_2024,1.0,0.1412023,0
img_00251_2024,1.0,0.7556297,0
img_00249_2024,1.0,0.99304396,1
img_00237_p01_2024,1.0,0.39386192,0
img_00237_p02_2024,1.0,0.33069184,0
img_00253_2024,1.0,0.49655408,0
img_00252_2024,1.0,0.14147168,0
img_00256_2024,1.0,0.016731285,0
img_00260_2024,1.0,0.9473239,1
img_00258_2024,1.0,0.9748282,1
img_00261_2024,1.0,0.9276906,1
img_00254_2024,1.0,0.93770975,1
img_00241_p01_2024,1.0,0.9930454,1
img_00241_p02_2024,1.0,0.9932667,1
img_00259_2024,1.0,0.9673611,1
img_00257_2024,1.0,0.041242063,0
img_00264_2024,1.0,0.7684252,0
img_00263_2024,1.0,0.9947366,1
img_00255_2024,1.0,0.94335395,1
img_00265_2024,1.0,0.8702648,0
img_00268_2024,1.0,0.97713554,1
img_00270_2024,1.0,0.9836404,1
img_00230_p01_2024,1.0,0.9903938,1
img_00230_p02_2024,1.0,0.9896062,1
img_00230_p03_2024,1.0,0.98769426,1
img_00230_p04_2024,1.0,0.94122887,1
img_00267_2024,1.0,0.5227216,0
img_00269_2024,1.0,0.83786225,0
img_00272_2024,1.0,0.9942853,1
img_00271_2024,1.0,0.8161722,0
img_00266_2024,1.0,0.9801389,1
img_00273_2024,1.0,0.8976001,0
img_00236_p01_2024,1.0,0.9904332,1
img_00236_p02_2024,1.0,0.9894911,1
img_00098_p01_2024,1.0,0.8978026,0
img_00098_p02_2024,1.0,0.9342459,1
img_00098_p03_2024,1.0,0.9807653,1
img_00098_p04_2024,1.0,0.89780957,0
img_00098_p05_2024,1.0,0.8982435,0
img_00098_p06_2024,1.0,0.87621325,0
img_00098_p07_2024,1.0,0.985699,1
img_00098_p08_2024,1.0,0.9665572,1
img_00098_p09_2024,1.0,0.98594934,1
img_00238_p01_2024,1.0,0.96168876,1
img_00238_p02_2024,1.0,0.94749796,1
img_00275_2024,1.0,0.014891611,0
img_00276_2024,1.0,0.55572164,0
img_00281_2024,1.0,0.740666,0
img_00274_2024,1.0,0.7666464,0
img_00280_2024,1.0,0.12858163,0
img_00288_2024,1.0,0.7220135,0
img_00285_2024,1.0,0.5946862,0
img_00278_2024,1.0,0.98371387,1
img_00279_2024,1.0,0.97973347,1
img_00284_2024,1.0,0.8490373,0
img_00286_2024,1.0,0.9336204,1
img_00291_2024,1.0,0.9276458,1
img_00287_2024,1.0,0.9806173,1
img_00289_2024,1.0,0.99250996,1
img_00283_2024,1.0,0.9430706,1
img_00262_p01_2024,1.0,0.99252737,1
img_00262_p02_2024,1.0,0.9887095,1
img_00282_2024,1.0,0.9852481,1
img_00292_2024,1.0,0.97485083,1
img_00296_2024,1.0,0.9609871,1
img_00297_2024,1.0,0.9836474,1
img_00298_2024,1.0,0.966629,1
img_00290_2024,1.0,0.9956626,1
img_00277_p01_2024,1.0,0.9571967,1
img_00277_p02_2024,1.0,0.85414374,0
img_00305_2024,1.0,0.986072,1
img_00309_2024,1.0,0.98269767,1
img_00307_2024,1.0,0.983217,1
img_00301_2024,1.0,0.9915372,1
img_00306_2024,1.0,0.99458635,1
img_00294_2024,1.0,0.9870697,1
img_00300_2024,1.0,0.9910535,1
img_00304_2024,1.0,0.985036,1
img_00312_2024,1.0,0.9884116,1
img_00303_2024,1.0,0.9871678,1
img_00302_2024,1.0,0.9515033,1
img_00313_2024,1.0,0.9729802,1
img_00295_p01_2024,1.0,0.98279196,1
img_00295_p02_2024,1.0,0.97524875,1
img_00299_2024,1.0,0.9885189,1
img_00310_2024,1.0,0.9892792,1
img_00319_2024,1.0,0.9923701,1
img_00316_2024,1.0,0.8563099,0
img_00311_2024,1.0,0.9926737,1
img_00321_2024,1.0,0.9801733,1
img_00315_2024,1.0,0.9934396,1
img_00317_2024,1.0,0.9952963,1
img_00325_2024,1.0,0.9851869,1
img_00318_2024,1.0,0.13364512,0
img_00322_2024,1.0,0.9934776,1
img_00324_2024,1.0,0.9480035,1
img_00333_2024,1.0,0.9927666,1
img_00336_2024,1.0,0.4595993,0
img_00337_2024,1.0,0.9632564,1
img_00339_2024,1.0,0.055239588,0
img_00326_2024,1.0,0.98302555,1
img_00308_2024,1.0,0.97426754,1
img_00338_2024,1.0,0.98232114,1
img_00331_2024,1.0,0.9805981,1
img_00320_2024,1.0,0.9950068,1
img_00341_2024,1.0,0.9910779,1
img_00340_2024,1.0,0.8453315,0
img_00327_2024,1.0,0.66458154,0
img_00342_2024,1.0,0.99076086,1
img_00335_2024,1.0,0.17369379,0
img_00334_2024,1.0,0.2825558,0
img_00349_2024,1.0,0.78901106,0
img_00330_2024,1.0,0.46974012,0
img_00323_p01_2024,1.0,0.017687667,0
img_00323_p02_2024,1.0,0.97922176,1
img_00346_2024,1.0,0.9932389,1
img_00347_2024,1.0,0.95863473,1
img_00350_2024,1.0,0.99236685,1
img_00348_2024,1.0,0.046886332,0
img_00352_2024,1.0,0.9907396,1
img_00343_2024,1.0,0.8320999,0
img_00328_2024,1.0,0.9903908,1
img_00345_p01_2024,1.0,0.99283206,1
img_00345_p02_2024,1.0,0.9836271,1
img_00359_2024,1.0,0.9429902,1
img_00355_2024,1.0,0.96496725,1
img_00354_2024,1.0,0.16410753,0
img_00363_2024,1.0,0.9908153,1
img_00332_p01_2024,1.0,0.99285156,1
img_00332_p02_2024,1.0,0.9949595,1
img_00344_2024,1.0,0.56690854,0
img_00360_2024,1.0,0.97766364,1
img_00362_2024,1.0,0.9243431,1
img_00366_2024,1.0,0.9815466,1
img_00365_2024,1.0,0.9619735,1
img_00361_2024,1.0,0.99273974,1
img_00368_2024,1.0,0.9866723,1
img_00367_2024,1.0,0.92765427,1
img_00358_2024,1.0,0.98255825,1
img_00371_2024,1.0,0.92885435,1
img_00293_p01_2024,1.0,0.52113503,0
img_00293_p02_2024,1.0,0.6052833,0
img_00293_p03_2024,1.0,0.7748538,0
img_00293_p04_2024,1.0,0.83059543,0
img_00353_p01_2024,1.0,0.99352807,1
img_00353_p02_2024,1.0,0.9932069,1
img_00372_2024,1.0,0.9080702,0
img_00370_2024,1.0,0.9316421,1
img_00377_2024,1.0,0.98247266,1
img_00374_2024,1.0,0.990553,1
img_00376_2024,1.0,0.99076545,1
img_00375_2024,1.0,0.99438995,1
img_00369_2024,1.0,0.98050207,1
img_00364_2024,1.0,0.9441495,1
img_00373_2024,1.0,0.043545544,0
img_00378_2024,1.0,0.99299437,1
img_00356_p01_2024,1.0,0.99409443,1
img_00356_p02_2024,1.0,0.3534808,0
img_00314_p01_2024,1.0,0.9756644,1
img_00314_p02_2024,1.0,0.9423534,1
img_00314_p03_2024,1.0,0.9886064,1
img_00314_p04_2024,1.0,0.9827466,1
img_00381_2024,1.0,0.98784965,1
img_00385_2024,1.0,0.97140694,1
img_00384_2024,1.0,0.22915977,0
img_00382_2024,1.0,0.8869299,0
img_00383_2024,1.0,0.98681206,1
img_00392_2024,1.0,0.7811354,0
img_00391_2024,1.0,0.8207686,0
img_00386_2024,1.0,0.98161113,1
img_00379_2024,1.0,0.9420296,1
img_00390_2024,1.0,0.93968666,1
img_00393_2024,1.0,0.9905629,1
img_00396_2024,1.0,0.9587338,1
img_00397_2024,1.0,0.98704046,1
img_00388_2024,1.0,0.8103483,0
img_00398_2024,1.0,0.97006357,1
img_00401_2024,1.0,0.14530846,0
img_00402_2024,1.0,0.8772386,0
img_00389_p01_2024,1.0,0.9921726,1
img_00389_p02_2024,1.0,0.87319165,0
img_00400_2024,1.0,0.939265,1
img_00404_2024,1.0,0.99005157,1
img_00405_2024,1.0,0.97229713,1
img_00407_2024,1.0,0.6493557,0
img_00394_p01_2024,1.0,0.9834826,1
img_00394_p02_2024,1.0,0.98810613,1
img_00403_2024,1.0,0.9830016,1
img_00408_2024,1.0,0.83980346,0
img_00406_2024,1.0,0.83075905,0
img_00412_2024,1.0,0.9208298,1
img_00411_2024,1.0,0.9619629,1
img_00413_2024,1.0,0.95910484,1
img_00395_p01_2024,1.0,0.14553602,0
img_00395_p02_2024,1.0,0.75670946,0
img_00415_2024,1.0,0.9732851,1
img_00418_2024,1.0,0.96481365,1
img_00416_2024,1.0,0.87549794,0
img_00329_p01_2024,1.0,0.9863188,1
img_00329_p02_2024,1.0,0.9872263,1
img_00329_p03_2024,1.0,0.99250484,1
img_00329_p04_2024,1.0,0.929044,1
img_00329_p05_2024,1.0,0.96687007,1
img_00329_p06_2024,1.0,0.95383066,1
img_00417_2024,1.0,0.90758955,0
img_00419_2024,1.0,0.9305028,1
img_00414_2024,1.0,0.908917,1
img_00423_2024,1.0,0.9482682,1
img_00420_2024,1.0,0.90838605,1
img_00421_2024,1.0,0.9396123,1
img_00387_p01_2024,1.0,0.97897184,1
img_00387_p02_2024,1.0,0.975625,1
img_00387_p03_2024,1.0,0.9853232,1
img_00387_p04_2024,1.0,0.99129933,1
img_00424_2024,1.0,0.80554044,0
img_00409_p01_2024,1.0,0.89057213,0
img_00409_p02_2024,1.0,0.9566291,1
img_00422_2024,1.0,0.9913782,1
img_00426_2024,1.0,0.8992821,0
img_00428_2024,1.0,0.9797459,1
img_00425_2024,1.0,0.92655826,1
img_00351_p01_2024,1.0,0.99158055,1
img_00351_p02_2024,1.0,0.9916789,1
img_00351_p03_2024,1.0,0.9948184,1
img_00351_p04_2024,1.0,0.99060214,1
img_00351_p05_2024,1.0,0.9931393,1
img_00351_p06_2024,1.0,0.9942425,1
img_00380_p01_2024,1.0,0.98894125,1
img_00380_p02_2024,1.0,0.967502,1
img_00380_p03_2024,1.0,0.99327785,1
img_00380_p04_2024,1.0,0.94649756,1
img_00429_2024,1.0,0.9855311,1
img_00430_2024,1.0,0.97898954,1
img_00431_2024,1.0,0.94841784,1
img_00433_2024,1.0,0.9024088,0
img_00432_2024,1.0,0.9849887,1
img_00434_2024,1.0,0.7005535,0
img_00435_2024,1.0,0.9843359,1
img_00437_2024,1.0,0.727496,0
img_00440_2024,1.0,0.4978532,0
img_00446_2024,1.0,0.9599673,1
img_00441_2024,1.0,0.9806655,1
img_00438_2024,1.0,0.98711306,1
img_00436_2024,1.0,0.9683473,1
img_00442_2024,1.0,0.977246,1
img_00445_2024,1.0,0.9642023,1
img_00447_2024,1.0,0.92182356,1
img_00399_p01_2024,1.0,0.9788463,1
img_00399_p02_2024,1.0,0.9890988,1
img_00399_p03_2024,1.0,0.9922363,1
img_00399_p04_2024,1.0,0.98988134,1
img_00444_2024,1.0,0.91087544,1
img_00448_2024,1.0,0.9884044,1
img_00450_2024,1.0,0.99029046,1
img_00357_p01_2024,1.0,0.9681609,1
img_00357_p02_2024,1.0,0.98092204,1
img_00357_p03_2024,1.0,0.98053116,1
img_00357_p04_2024,1.0,0.92624956,1
img_00357_p05_2024,1.0,0.9756619,1
img_00454_2024,1.0,0.97029155,1
img_00457_2024,1.0,0.52477777,0
img_00453_2024,1.0,0.8515148,0
img_00451_2024,1.0,0.9267433,1
img_00456_2024,1.0,0.5118559,0
img_00452_2024,1.0,0.7605937,0
img_00455_2024,1.0,0.95209616,1
img_00449_2024,1.0,0.9810048,1
img_00459_2024,1.0,0.82317877,0
img_00460_2024,1.0,0.36119124,0
img_00463_2024,1.0,0.95413524,1
img_00462_2024,1.0,0.34947407,0
img_00461_2024,1.0,0.9641626,1
img_00466_2024,1.0,0.9740778,1
img_00465_2024,1.0,0.831505,0
img_00464_2024,1.0,0.96928585,1
img_00468_2024,1.0,0.9887766,1
img_00469_2024,1.0,0.96877176,1
img_00467_2024,1.0,0.98374075,1
img_00473_2024,1.0,0.11225894,0
img_00474_2024,1.0,0.3135504,0
img_00477_2024,1.0,0.9894937,1
img_00479_2024,1.0,0.80271626,0
img_00481_2024,1.0,0.9125541,1
img_00478_2024,1.0,0.9725822,1
img_00475_2024,1.0,0.99361527,1
img_00480_2024,1.0,0.8789252,0
img_00482_2024,1.0,0.862128,0
img_00484_2024,1.0,0.9820931,1
img_00470_p01_2024,1.0,0.9929051,1
img_00470_p02_2024,1.0,0.98830587,1
img_00487_2024,1.0,0.9838006,1
img_00486_2024,1.0,0.95957464,1
img_00483_2024,1.0,0.72188014,0
img_00489_2024,1.0,0.9646811,1
img_00488_2024,1.0,0.97051597,1
img_00490_2024,1.0,0.6754732,0
img_00491_2024,1.0,0.93940884,1
img_00476_p01_2024,1.0,0.13093321,0
img_00476_p02_2024,1.0,0.30041367,0
img_00493_2024,1.0,0.86805683,0
img_00492_2024,1.0,0.46191767,0
img_00494_2024,1.0,0.95418864,1
img_00495_2024,1.0,0.6313721,0
img_00498_2024,1.0,0.96488076,1
img_00501_2024,1.0,0.9016195,0
img_00502_2024,1.0,0.9098089,1
img_00443_p01_2024,1.0,0.9899593,1
img_00443_p02_2024,1.0,0.99231076,1
img_00443_p03_2024,1.0,0.96409434,1
img_00443_p04_2024,1.0,0.98899287,1
img_00500_2024,1.0,0.9674856,1
img_00472_p01_2024,1.0,0.98988193,1
img_00472_p02_2024,1.0,0.9947588,1
img_00504_2024,1.0,0.9647776,1
img_00505_2024,1.0,0.9441056,1
img_00499_2024,1.0,0.9545319,1
img_00506_2024,1.0,0.98313624,1
img_00509_2024,1.0,0.9787202,1
img_00510_2024,1.0,0.88520455,0
img_00514_2024,1.0,0.44107774,0
img_00503_p01_2024,1.0,0.6756004,0
img_00503_p02_2024,1.0,0.9532716,1
img_00458_p01_2024,1.0,0.9899658,1
img_00458_p02_2024,1.0,0.939671,1
img_00458_p03_2024,1.0,0.93725634,1
img_00458_p04_2024,1.0,0.9874917,1
img_00515_2024,1.0,0.5853198,0
img_00507_2024,1.0,0.90110713,0
img_00517_2024,1.0,0.16623528,0
img_00518_2024,1.0,0.17534427,0
img_00519_2024,1.0,0.9717439,1
img_00513_2024,1.0,0.98049384,1
img_00427_p01_2024,1.0,0.9914624,1
img_00427_p02_2024,1.0,0.99071866,1
img_00427_p03_2024,1.0,0.9526673,1
img_00427_p04_2024,1.0,0.9295819,1
img_00427_p05_2024,1.0,0.96765065,1
img_00427_p06_2024,1.0,0.9901952,1
img_00522_2024,1.0,0.50561476,0
img_00511_2024,1.0,0.96992075,1
img_00523_2024,1.0,0.08638827,0
img_00410_p01_2024,1.0,0.9925182,1
img_00410_p02_2024,1.0,0.957856,1
img_00410_p03_2024,1.0,0.98219085,1
img_00410_p04_2024,1.0,0.9565975,1
img_00410_p05_2024,1.0,0.9860722,1
img_00410_p06_2024,1.0,0.9956119,1
img_00410_p07_2024,1.0,0.99064004,1
img_00410_p08_2024,1.0,0.9908976,1
img_00410_p09_2024,1.0,0.9584514,1
img_00524_2024,1.0,0.619549,0
img_00526_2024,1.0,0.96972847,1
img_00525_2024,1.0,0.12831694,0
img_00527_2024,1.0,0.10475775,0
img_00529_2024,1.0,0.89350694,0
img_00439_p01_2024,1.0,0.88225144,0
img_00439_p02_2024,1.0,0.9886021,1
img_00439_p03_2024,1.0,0.98819286,1
img_00439_p04_2024,1.0,0.9780205,1
img_00439_p05_2024,1.0,0.9858505,1
img_00439_p06_2024,1.0,0.9758967,1
img_00439_p07_2024,1.0,0.9936946,1
img_00439_p08_2024,1.0,0.993429,1
img_00530_2024,1.0,0.97274435,1
img_00533_2024,1.0,0.984312,1
img_00531_2024,1.0,0.36309323,0
img_00535_2024,1.0,0.56820476,0
img_00520_p01_2024,1.0,0.97967976,1
img_00520_p02_2024,1.0,0.9571015,1
img_00496_p01_2024,1.0,0.9937145,1
img_00496_p02_2024,1.0,0.97896177,1
img_00496_p03_2024,1.0,0.98805714,1
img_00496_p04_2024,1.0,0.98779535,1
img_00534_2024,1.0,0.94084966,1
img_00532_2024,1.0,0.9853622,1
img_00537_2024,1.0,0.7468378,0
img_00541_2024,1.0,0.4362268,0
img_00543_2024,1.0,0.9911821,1
img_00538_2024,1.0,0.9846111,1
img_00544_2024,1.0,0.96498954,1
img_00542_2024,1.0,0.03857905,0
img_00540_2024,1.0,0.82163996,0
img_00546_2024,1.0,0.98754466,1
img_00547_2024,1.0,0.4528173,0
img_00548_2024,1.0,0.47441614,0
img_00536_p01_2024,1.0,0.97474664,1
img_00536_p02_2024,1.0,0.98829055,1
img_00549_2024,1.0,0.9783222,1
img_00552_2024,1.0,0.4593911,0
img_00554_2024,1.0,0.39750805,0
img_00550_2024,1.0,0.876751,0
img_00553_2024,1.0,0.9635354,1
img_00508_p01_2024,1.0,0.9806938,1
img_00508_p02_2024,1.0,0.9926596,1
img_00508_p03_2024,1.0,0.99086636,1
img_00508_p04_2024,1.0,0.9924908,1
img_00508_p05_2024,1.0,0.9888548,1
img_00516_p01_2024,1.0,0.9921051,1
img_00516_p02_2024,1.0,0.9903724,1
img_00516_p03_2024,1.0,0.958621,1
img_00516_p04_2024,1.0,0.9917163,1
img_00556_2024,1.0,0.65275,0
img_00512_p01_2024,1.0,0.9695672,1
img_00512_p02_2024,1.0,0.9838611,1
img_00512_p03_2024,1.0,0.98247325,1
img_00512_p04_2024,1.0,0.852961,0
img_00512_p05_2024,1.0,0.98957986,1
img_00512_p06_2024,1.0,0.93007237,1
img_00555_2024,1.0,0.26358885,0
img_00559_2024,1.0,0.07016348,0
img_00485_p01_2024,1.0,0.9769902,1
img_00485_p02_2024,1.0,0.9640649,1
img_00485_p03_2024,1.0,0.88410246,0
img_00485_p04_2024,1.0,0.98903453,1
img_00485_p05_2024,1.0,0.98466855,1
img_00485_p06_2024,1.0,0.9890969,1
img_00485_p07_2024,1.0,0.98451066,1
img_00563_2024,1.0,0.95260423,1
img_00558_2024,1.0,0.97039527,1
img_00562_2024,1.0,0.99045134,1
img_00564_2024,1.0,0.97225416,1
img_00561_2024,1.0,0.95976347,1
img_00521_p01_2024,1.0,0.99072427,1
img_00521_p02_2024,1.0,0.988176,1
img_00521_p03_2024,1.0,0.9888164,1
img_00521_p04_2024,1.0,0.9873356,1
img_00560_2024,1.0,0.90174305,0
img_00566_2024,1.0,0.38973182,0
img_00567_2024,1.0,0.24679229,0
img_00565_2024,1.0,0.22106032,0
img_00571_2024,1.0,0.9031126,0
img_00570_2024,1.0,0.8160818,0
img_00572_2024,1.0,0.31620836,0
img_00574_2024,1.0,0.7452699,0
img_00573_2024,1.0,0.040856138,0
img_00569_2024,1.0,0.12142473,0
img_00545_p01_2024,1.0,0.8959581,0
img_00545_p02_2024,1.0,0.92431545,1
img_00575_2024,1.0,0.7455351,0
img_00578_2024,1.0,0.9760873,1
img_00539_p01_2024,1.0,0.85213864,0
img_00539_p02_2024,1.0,0.9749893,1
img_00539_p03_2024,1.0,0.9124743,1
img_00539_p04_2024,1.0,0.9848396,1
img_00577_2024,1.0,0.9695329,1
img_00576_2024,1.0,0.94369644,1
img_00568_2024,1.0,0.97038156,1
img_00583_2024,1.0,0.4675749,0
img_00581_2024,1.0,0.2436195,0
img_00580_2024,1.0,0.9735907,1
img_00585_2024,1.0,0.95081174,1
img_00579_2024,1.0,0.9913424,1
img_00584_2024,1.0,0.040738285,0
img_00586_2024,1.0,0.04137375,0
img_00587_2024,1.0,0.9488804,1
img_00582_2024,1.0,0.3316736,0
img_00588_2024,1.0,0.4920829,0
img_00590_2024,1.0,0.9829404,1
img_00589_2024,1.0,0.7918928,0
img_00551_p01_2024,1.0,0.9323089,1
img_00551_p02_2024,1.0,0.9862446,1
img_00551_p03_2024,1.0,0.9858182,1
img_00551_p04_2024,1.0,0.98353875,1
img_00591_2024,1.0,0.4214737,0
img_00592_2024,1.0,0.40693563,0
img_00595_2024,1.0,0.96847254,1
img_00597_2024,1.0,0.4091706,0
img_00596_2024,1.0,0.2855421,0
img_00599_2024,1.0,0.8152652,0
img_00603_2024,1.0,0.98054916,1
img_00604_2024,1.0,0.9924689,1
img_00606_2024,1.0,0.50371724,0
img_00594_2024,1.0,0.98741966,1
img_00601_2024,1.0,0.9891917,1
img_00607_2024,1.0,0.9918784,1
img_00608_2024,1.0,0.99219185,1
img_00598_p01_2024,1.0,0.93543583,1
img_00598_p02_2024,1.0,0.9334563,1
img_00613_2024,1.0,0.96775335,1
img_00615_2024,1.0,0.94198173,1
img_00557_p01_2024,1.0,0.95108026,1
img_00557_p02_2024,1.0,0.9807781,1
img_00557_p03_2024,1.0,0.966606,1
img_00557_p04_2024,1.0,0.97253394,1
img_00605_2024,1.0,0.99172115,1
img_00614_2024,1.0,0.10054139,0
img_00616_2024,1.0,0.978095,1
img_00617_2024,1.0,0.2505408,0
img_00612_2024,1.0,0.9608486,1
img_00618_2024,1.0,0.9306763,1
img_00619_2024,1.0,0.98630536,1
img_00621_2024,1.0,0.97234803,1
img_00622_2024,1.0,0.98536474,1
img_00623_2024,1.0,0.16728163,0
img_00625_2024,1.0,0.8631618,0
img_00611_2024,1.0,0.9903717,1
img_00471_p01_2024,1.0,0.9914386,1
img_00471_p02_2024,1.0,0.95950943,1
img_00471_p03_2024,1.0,0.9917452,1
img_00471_p04_2024,1.0,0.98429227,1
img_00471_p05_2024,1.0,0.9915583,1
img_00471_p06_2024,1.0,0.99140024,1
img_00471_p07_2024,1.0,0.9921216,1
img_00471_p08_2024,1.0,0.9870754,1
img_00471_p09_2024,1.0,0.97053456,1
img_00471_p10_2024,1.0,0.97342783,1
img_00471_p11_2024,1.0,0.9904484,1
img_00620_2024,1.0,0.98653466,1
img_00629_2024,1.0,0.07492371,0
img_00627_2024,1.0,0.9779845,1
img_00624_2024,1.0,0.9937761,1
img_00631_2024,1.0,0.060200658,0
img_00626_2024,1.0,0.15580688,0
img_00161_p01_2024,1.0,0.9940943,1
img_00161_p02_2024,1.0,0.9923126,1
img_00161_p03_2024,1.0,0.9894785,1
img_00161_p04_2024,1.0,0.97849256,1
img_00161_p05_2024,1.0,0.9905518,1
img_00161_p06_2024,1.0,0.99198276,1
img_00161_p07_2024,1.0,0.99172205,1
img_00161_p08_2024,1.0,0.9940627,1
img_00161_p09_2024,1.0,0.9792029,1
img_00161_p10_2024,1.0,0.87690955,0
img_00161_p11_2024,1.0,0.9934735,1
img_00161_p12_2024,1.0,0.9848223,1
img_00161_p13_2024,1.0,0.8064607,0
img_00161_p15_2024,1.0,0.97767127,1
img_00161_p16_2024,1.0,0.9778567,1
img_00161_p17_2024,1.0,0.90554553,0
img_00161_p18_2024,1.0,0.9934881,1
img_00161_p19_2024,1.0,0.9931324,1
img_00630_2024,1.0,0.8809993,0
img_00632_2024,1.0,0.9737543,1
img_00636_2024,1.0,0.21590629,0
img_00635_2024,1.0,0.98623836,1
img_00634_2024,1.0,0.34523204,0
img_00638_2024,1.0,0.98555297,1
img_00639_2024,1.0,0.18659548,0
img_00640_2024,1.0,0.9878643,1
img_00641_2024,1.0,0.98912734,1
img_00633_2024,1.0,0.9678984,1
img_00645_2024,1.0,0.95165324,1
img_00643_2024,1.0,0.57164305,0
img_00528_p01_2024,1.0,0.9918967,1
img_00528_p02_2024,1.0,0.9708555,1
img_00528_p03_2024,1.0,0.9920215,1
img_00528_p04_2024,1.0,0.9917333,1
img_00528_p05_2024,1.0,0.9913475,1
img_00528_p06_2024,1.0,0.9850964,1
img_00528_p07_2024,1.0,0.8780616,0
img_00528_p08_2024,1.0,0.93917716,1
img_00528_p09_2024,1.0,0.9728817,1
img_00647_2024,1.0,0.9108498,1
img_00649_2024,1.0,0.82734644,0
img_00650_2024,1.0,0.07663429,0
img_00642_2024,1.0,0.02657918,0
img_00652_2024,1.0,0.9384364,1
img_00637_p01_2024,1.0,0.9906369,1
img_00637_p02_2024,1.0,0.9137723,1
img_00644_2024,1.0,0.06566471,0
img_00653_2024,1.0,0.9713741,1
img_00655_2024,1.0,0.97975016,1
img_00646_p01_2024,1.0,0.99457765,1
img_00646_p02_2024,1.0,0.9950636,1
img_00602_p01_2024,1.0,0.9790187,1
img_00602_p02_2024,1.0,0.9852343,1
img_00602_p03_2024,1.0,0.9229383,1
img_00602_p04_2024,1.0,0.99310005,1
img_00602_p05_2024,1.0,0.99374676,1
img_00602_p06_2024,1.0,0.99339664,1
img_00656_2024,1.0,0.92302936,1
img_00648_p01_2024,1.0,0.9905661,1
img_00648_p02_2024,1.0,0.85423654,0
img_00662_2024,1.0,0.9894521,1
img_00659_2024,1.0,0.96628803,1
img_00658_2024,1.0,0.9869169,1
img_00660_2024,1.0,0.60223794,0
img_00661_2024,1.0,0.6680647,0
img_00663_2024,1.0,0.871301,0
img_00664_2024,1.0,0.8836992,0
img_00665_2024,1.0,0.8068268,0
img_00669_2024,1.0,0.8658445,0
img_00668_2024,1.0,0.5954651,0
img_00667_2024,1.0,0.81160694,0
img_00672_2024,1.0,0.95574963,1
img_00670_2024,1.0,0.558278,0
img_00671_2024,1.0,0.9469524,1
img_00673_2024,1.0,0.9638657,1
img_00674_2024,1.0,0.43631446,0
img_00675_2024,1.0,0.9837947,1
img_00666_2024,1.0,0.9652026,1
img_00676_2024,1.0,0.89896584,0
img_00600_p01_2024,1.0,0.9559034,1
img_00600_p02_2024,1.0,0.37626615,0
img_00600_p03_2024,1.0,0.15851341,0
img_00600_p04_2024,1.0,0.8542199,0
img_00600_p05_2024,1.0,0.90498626,0
img_00600_p06_2024,1.0,0.76956654,0
img_00677_2024,1.0,0.47594798,0
img_00609_p01_2024,1.0,0.9909734,1
img_00609_p02_2024,1.0,0.9944424,1
img_00609_p03_2024,1.0,0.9936511,1
img_00609_p04_2024,1.0,0.98982656,1
img_00609_p05_2024,1.0,0.9931223,1
img_00609_p06_2024,1.0,0.95081544,1
img_00681_2024,1.0,0.98556364,1
img_00679_2024,1.0,0.852694,0
img_00682_2024,1.0,0.98857355,1
img_00497_p01_2024,1.0,0.9863615,1
img_00497_p02_2024,1.0,0.98933357,1
img_00497_p03_2024,1.0,0.9920393,1
img_00497_p04_2024,1.0,0.88512474,0
img_00497_p05_2024,1.0,0.9341396,1
img_00497_p06_2024,1.0,0.99172443,1
img_00497_p07_2024,1.0,0.98417795,1
img_00497_p08_2024,1.0,0.9884255,1
img_00497_p09_2024,1.0,0.9547964,1
img_00497_p10_2024,1.0,0.8120033,0
img_00497_p11_2024,1.0,0.98834896,1
img_00497_p12_2024,1.0,0.94964445,1
img_00497_p13_2024,1.0,0.9260862,1
img_00497_p14_2024,1.0,0.9828142,1
img_00497_p15_2024,1.0,0.8412907,0
img_00687_2024,1.0,0.2673452,0
img_00684_2024,1.0,0.90178704,0
img_00680_2024,1.0,0.54113835,0
img_00683_2024,1.0,0.5902768,0
img_00686_2024,1.0,0.9667566,1
img_00688_2024,1.0,0.7519104,0
img_00690_2024,1.0,0.98446226,1
img_00691_2024,1.0,0.39254743,0
img_00685_2024,1.0,0.29768053,0
img_00697_2024,1.0,0.7858486,0
img_00695_2024,1.0,0.96593314,1
img_00693_2024,1.0,0.8917062,0
img_00692_2024,1.0,0.9351328,1
img_00027_p01_2024,1.0,0.953647,1
img_00027_p02_2024,1.0,0.87307996,0
img_00027_p03_2024,1.0,0.97203225,1
img_00027_p04_2024,1.0,0.72240406,0
img_00027_p05_2024,1.0,0.9913731,1
img_00027_p06_2024,1.0,0.96648794,1
img_00027_p07_2024,1.0,0.99508095,1
img_00027_p08_2024,1.0,0.9917876,1
img_00027_p09_2024,1.0,0.87870765,0
img_00027_p10_2024,1.0,0.90641356,0
img_00027_p11_2024,1.0,0.98703176,1
img_00027_p12_2024,1.0,0.9929604,1
img_00027_p13_2024,1.0,0.9939029,1
img_00027_p14_2024,1.0,0.99294347,1
img_00027_p15_2024,1.0,0.9797181,1
img_00027_p16_2024,1.0,0.9923915,1
img_00027_p17_2024,1.0,0.87819296,0
img_00027_p18_2024,1.0,0.99626297,1
img_00027_p19_2024,1.0,0.9876236,1
img_00027_p20_2024,1.0,0.9841696,1
img_00027_p21_2024,1.0,0.9944376,1
img_00027_p22_2024,1.0,0.98303384,1
img_00027_p23_2024,1.0,0.9390726,1
img_00027_p24_2024,1.0,0.9778567,1
img_00027_p25_2024,1.0,0.9856638,1
img_00698_2024,1.0,0.5956422,0
img_00699_2024,1.0,0.95713896,1
img_00694_2024,1.0,0.4279054,0
img_00700_2024,1.0,0.97110176,1
img_00678_p01_2024,1.0,0.9569335,1
img_00678_p02_2024,1.0,0.96143436,1
img_00703_2024,1.0,0.98705006,1
img_00701_2024,1.0,0.94649464,1
img_00704_2024,1.0,0.99405235,1
img_00707_2024,1.0,0.96569186,1
img_00710_2024,1.0,0.9717629,1
img_00702_2024,1.0,0.111786686,0
img_00708_2024,1.0,0.92717874,1
img_00709_2024,1.0,0.9547474,1
img_00715_2024,1.0,0.9903825,1
img_00711_2024,1.0,0.69086903,0
img_00716_2024,1.0,0.97798765,1
img_00717_2024,1.0,0.917731,1
img_00719_2024,1.0,0.9828964,1
img_00722_2024,1.0,0.59511137,0
img_00610_p01_2024,1.0,0.9901002,1
img_00610_p02_2024,1.0,0.993873,1
img_00610_p03_2024,1.0,0.9945083,1
img_00610_p04_2024,1.0,0.99447316,1
img_00610_p05_2024,1.0,0.993353,1
img_00610_p06_2024,1.0,0.9915406,1
img_00610_p07_2024,1.0,0.98978347,1
img_00610_p08_2024,1.0,0.99262756,1
img_00720_2024,1.0,0.6184644,0
img_00657_p01_2024,1.0,0.99155843,1
img_00657_p02_2024,1.0,0.98245436,1
img_00657_p03_2024,1.0,0.97411263,1
img_00657_p04_2024,1.0,0.97596097,1
img_00723_2024,1.0,0.9930428,1
img_00724_2024,1.0,0.6190538,0
img_00706_p01_2024,1.0,0.96106714,1
img_00706_p02_2024,1.0,0.9838891,1
img_00654_p01_2024,1.0,0.9642807,1
img_00654_p02_2024,1.0,0.97460085,1
img_00654_p03_2024,1.0,0.117584325,0
img_00654_p04_2024,1.0,0.9776815,1
img_00654_p05_2024,1.0,0.976396,1
img_00654_p06_2024,1.0,0.99141407,1
img_00725_2024,1.0,0.9509631,1
img_00726_2024,1.0,0.33005476,0
img_00730_2024,1.0,0.99124265,1
img_00696_2024,1.0,0.6398024,0
img_00731_2024,1.0,0.9761628,1
img_00728_2024,1.0,0.9840596,1
img_00729_2024,1.0,0.9703382,1
img_00735_2024,1.0,0.95703775,1
img_00727_2024,1.0,0.9263161,1
img_00705_2024,1.0,0.967657,1
img_00738_2024,1.0,0.9408047,1
img_00732_2024,1.0,0.97000074,1
img_00736_2024,1.0,0.9385874,1
img_00733_2024,1.0,0.9739397,1
img_00737_2024,1.0,0.96069896,1
img_00739_2024,1.0,0.26175475,0
img_00713_2024,1.0,0.97979456,1
img_00721_2024,1.0,0.983282,1
img_00740_2024,1.0,0.9884765,1
img_00744_2024,1.0,0.9469838,1
img_00734_2024,1.0,0.9489296,1
img_00745_2024,1.0,0.5675255,0
img_00743_2024,1.0,0.98530376,1
img_00748_2024,1.0,0.51752406,0
img_00742_2024,1.0,0.97505593,1
img_00718_2024,1.0,0.8644861,0
img_00749_2024,1.0,0.9738216,1
img_00746_2024,1.0,0.111444056,0
img_00751_2024,1.0,0.9872869,1
img_00752_2024,1.0,0.952245,1
img_00754_2024,1.0,0.7604434,0
img_00753_2024,1.0,0.6323799,0
img_00756_2024,1.0,0.9960865,1
img_00762_2024,1.0,0.5002493,0
img_00758_2024,1.0,0.98314744,1
img_00759_2024,1.0,0.9717201,1
img_00741_p01_2024,1.0,0.347926,0
img_00741_p02_2024,1.0,0.291748,0
img_00755_2024,1.0,0.56018496,0
img_00760_2024,1.0,0.9690598,1
img_00712_p01_2024,1.0,0.7415576,0
img_00712_p02_2024,1.0,0.96164125,1
img_00761_2024,1.0,0.7907829,0
img_00764_2024,1.0,0.96861446,1
img_00757_2024,1.0,0.79193676,0
img_00766_2024,1.0,0.86660653,0
img_00763_2024,1.0,0.98094887,1
img_00768_2024,1.0,0.9800702,1
img_00767_2024,1.0,0.65262634,0
img_00765_2024,1.0,0.16718677,0
img_00689_p01_2024,1.0,0.8595398,0
img_00689_p02_2024,1.0,0.20017703,0
img_00689_p03_2024,1.0,0.7667991,0
img_00689_p04_2024,1.0,0.9842843,1
img_00689_p05_2024,1.0,0.9893758,1
img_00689_p06_2024,1.0,0.5987898,0
img_00750_p01_2024,1.0,0.96692586,1
img_00750_p02_2024,1.0,0.90744466,0
img_00628_p01_2024,1.0,0.97053736,1
img_00628_p02_2024,1.0,0.9919179,1
img_00628_p03_2024,1.0,0.8544534,0
img_00628_p04_2024,1.0,0.9674123,1
img_00628_p05_2024,1.0,0.9896039,1
img_00628_p06_2024,1.0,0.077349894,0
img_00628_p07_2024,1.0,0.9776487,1
img_00628_p08_2024,1.0,0.95282114,1
img_00628_p09_2024,1.0,0.8253819,0
img_00769_2024,1.0,0.03957029,0
img_00771_2024,1.0,0.955268,1
img_00770_2024,1.0,0.9907685,1
img_00776_2024,1.0,0.19766821,0
img_00774_2024,1.0,0.9900294,1
img_00775_2024,1.0,0.9427969,1
img_00777_2024,1.0,0.029344525,0
img_00778_2024,1.0,0.2168789,0
img_00773_2024,1.0,0.9807813,1
img_00781_2024,1.0,0.6576219,0
img_00782_2024,1.0,0.9912403,1
img_00779_2024,1.0,0.97305346,1
img_00785_2024,1.0,0.63868093,0
img_00787_2024,1.0,0.9857076,1
img_00780_2024,1.0,0.9668347,1
img_00714_p01_2024,1.0,0.9894113,1
img_00714_p02_2024,1.0,0.94032025,1
img_00714_p03_2024,1.0,0.7134061,0
img_00714_p04_2024,1.0,0.97493726,1
img_00786_2024,1.0,0.9710504,1
img_00783_2024,1.0,0.21999831,0
img_00772_2024,1.0,0.8707673,0
img_00784_2024,1.0,0.98635024,1
img_00788_2024,1.0,0.984041,1
img_00789_2024,1.0,0.9909218,1
img_00792_2024,1.0,0.9842539,1
img_00796_2024,1.0,0.27683264,0
img_00790_2024,1.0,0.56234854,0
img_00793_2024,1.0,0.47028515,0
img_00803_2024,1.0,0.9579445,1
img_00800_2024,1.0,0.97732556,1
img_00802_2024,1.0,0.024918,0
img_00799_2024,1.0,0.98131555,1
img_00795_2024,1.0,0.9331411,1
img_00794_2024,1.0,0.96657425,1
img_00798_2024,1.0,0.94605094,1
img_00791_2024,1.0,0.12067403,0
img_00805_2024,1.0,0.96637917,1
img_00809_2024,1.0,0.98968303,1
img_00806_2024,1.0,0.9921319,1
img_00810_2024,1.0,0.17902407,0
img_00812_2024,1.0,0.97920173,1
img_00808_2024,1.0,0.95068985,1
img_00801_2024,1.0,0.96905196,1
img_00804_2024,1.0,0.9144035,1
img_00816_2024,1.0,0.93320733,1
img_00807_2024,1.0,0.07274847,0
img_00813_2024,1.0,0.99022186,1
img_00811_2024,1.0,0.5358534,0
img_00819_2024,1.0,0.80553424,0
img_00814_2024,1.0,0.43090823,0
img_00818_2024,1.0,0.9932232,1
img_00815_2024,1.0,0.9492324,1
img_00821_2024,1.0,0.6515825,0
img_00822_2024,1.0,0.93668437,1
img_00820_2024,1.0,0.3511241,0
img_00826_2024,1.0,0.77713865,0
img_00823_2024,1.0,0.3052941,0
img_00829_2024,0.0,0.015172987,0
img_00830_2024,0.0,0.015708633,0
img_00824_2024,1.0,0.9838411,1
img_00827_2024,1.0,0.934109,1
img_00797_p01_2024,1.0,0.98666847,1
img_00797_p02_2024,1.0,0.6611304,0
img_00828_2024,0.0,0.010887046,0
img_00833_2024,0.0,0.024932608,0
img_00835_2024,0.0,0.18893018,0
img_00834_2024,0.0,0.018840626,0
img_00825_2024,1.0,0.2152966,0
img_00832_2024,0.0,0.20750892,0
img_00836_2024,0.0,0.13840961,0
img_00837_2024,0.0,0.017933404,0
img_00839_2024,0.0,0.017405968,0
img_00838_2024,0.0,0.013761547,0
img_00844_2024,0.0,0.01631448,0
img_00842_2024,0.0,0.21872775,0
img_00841_2024,0.0,0.07634974,0
img_00843_2024,0.0,0.14165393,0
img_00846_2024,0.0,0.31177905,0
img_00847_2024,0.0,0.018674888,0
img_00831_2024,0.0,0.048929248,0
img_00848_2024,0.0,0.01483139,0
img_00850_2024,0.0,0.023870347,0
img_00849_2024,0.0,0.018226193,0
img_00851_2024,0.0,0.010304945,0
img_00840_2024,0.0,0.104597196,0
img_00845_2024,0.0,0.016156783,0
img_00852_2024,0.0,0.044895593,0
img_00854_2024,0.0,0.096397474,0
img_00856_2024,0.0,0.021047844,0
img_00858_2024,0.0,0.009567606,0
img_00853_2024,0.0,0.02294608,0
img_00857_2024,0.0,0.029755924,0
img_00855_2024,0.0,0.011914932,0
img_00747_p01_2024,1.0,0.98281235,1
img_00747_p02_2024,1.0,0.40991327,0
img_00747_p03_2024,1.0,0.9704718,1
img_00747_p04_2024,1.0,0.8619975,0
img_00747_p05_2024,1.0,0.7384859,0
img_00747_p06_2024,1.0,0.9920277,1
img_00860_2024,0.0,0.008966693,0
img_00859_2024,0.0,0.03618521,0
img_00865_2024,0.0,0.11578512,0
img_00863_2024,0.0,0.012660008,0
img_00862_2024,0.0,0.014490853,0
img_00864_2024,0.0,0.0108789,0
img_00866_2024,0.0,0.016476372,0
img_00861_2024,0.0,0.01968919,0
img_00868_2024,0.0,0.018935855,0
img_00870_2024,0.0,0.012504429,0
img_00877_2024,0.0,0.009518601,0
img_00874_2024,0.0,0.016762251,0
img_00871_2024,0.0,0.030408055,0
img_00875_2024,0.0,0.042046413,0
img_00869_2024,0.0,0.06628606,0
img_00872_2024,0.0,0.02021741,0
img_00867_2024,0.0,0.24602935,0
img_00878_2024,0.0,0.1507737,0
img_00876_2024,0.0,0.027144343,0
img_00879_2024,0.0,0.016216611,0
img_00883_2024,0.0,0.15983462,0
img_00873_2024,0.0,0.014590865,0
img_00881_2024,0.0,0.011597001,0
img_00882_2024,0.0,0.018025104,0
img_00884_2024,0.0,0.05098166,0
img_00890_2024,0.0,0.20981015,0
img_00892_2024,0.0,0.042159222,0
img_00886_2024,0.0,0.02635963,0
img_00887_2024,0.0,0.5702934,0
img_00888_2024,0.0,0.040969156,0
img_00889_2024,0.0,0.014290019,0
img_00891_2024,0.0,0.089489214,0
img_00894_2024,0.0,0.011959538,0
img_00895_2024,0.0,0.028523045,0
img_00893_2024,0.0,0.07924772,0
img_00896_2024,0.0,0.012352466,0
img_00900_2024,0.0,0.042850964,0
img_00898_2024,0.0,0.015578513,0
img_00885_2024,0.0,0.022343528,0
img_00817_p01_2024,1.0,0.9845256,1
img_00817_p02_2024,1.0,0.9832965,1
img_00817_p03_2024,1.0,0.99045897,1
img_00817_p04_2024,1.0,0.98371845,1
img_00897_2024,0.0,0.012493435,0
img_00899_2024,0.0,0.9571195,1
img_00901_2024,0.0,0.012862742,0
img_00903_2024,0.0,0.08667373,0
img_00905_2024,0.0,0.08497496,0
img_00904_2024,0.0,0.009797574,0
img_00907_2024,0.0,0.013166484,0
img_00908_2024,0.0,0.22179312,0
img_00902_2024,0.0,0.026675655,0
img_00910_2024,0.0,0.048493024,0
img_00909_2024,0.0,0.016111845,0
img_00911_2024,0.0,0.01581494,0
img_00913_2024,0.0,0.012449242,0
img_00912_2024,0.0,0.24277799,0
img_00906_2024,0.0,0.020866819,0
img_00917_2024,0.0,0.92000103,1
img_00914_2024,0.0,0.03623102,0
img_00916_2024,0.0,0.011260982,0
img_00923_2024,0.0,0.05749505,0
img_00919_2024,0.0,0.026391154,0
img_00915_2024,0.0,0.020684842,0
img_00918_2024,0.0,0.036739603,0
img_00927_2024,0.0,0.015804248,0
img_00924_2024,0.0,0.02223051,0
img_00928_2024,0.0,0.020799428,0
img_00932_2024,0.0,0.01947115,0
img_00921_2024,0.0,0.19458373,0
img_00920_2024,0.0,0.031073824,0
img_00926_2024,0.0,0.024961093,0
img_00930_2024,0.0,0.009011439,0
img_00922_2024,0.0,0.017050615,0
img_00925_2024,0.0,0.0298848,0
img_00931_2024,0.0,0.022561325,0
img_00934_2024,0.0,0.9653175,1
img_00935_2024,0.0,0.011188514,0
img_00933_2024,0.0,0.4309226,0
img_00938_2024,0.0,0.026238957,0
img_00941_2024,0.0,0.032107968,0
img_00939_2024,0.0,0.015249087,0
img_00937_2024,0.0,0.1102958,0
img_00936_2024,0.0,0.13344866,0
img_00929_2024,0.0,0.12070237,0
img_00946_2024,0.0,0.017836772,0
img_00945_2024,0.0,0.014561284,0
img_00950_2024,0.0,0.010626496,0
img_00948_2024,0.0,0.11736361,0
img_00942_2024,0.0,0.01712359,0
img_00940_2024,0.0,0.00908493,0
img_00943_2024,0.0,0.026366733,0
img_00947_2024,0.0,0.030379996,0
img_00944_2024,0.0,0.008692086,0
img_00953_2024,0.0,0.48728457,0
img_00951_2024,0.0,0.071634315,0
img_00949_2024,0.0,0.017831586,0
img_00952_2024,0.0,0.009055555,0
img_00954_2024,0.0,0.0563537,0
img_00955_2024,0.0,0.014068507,0
img_00957_2024,0.0,0.039167795,0
img_00880_p01_2024,0.0,0.012315105,0
img_00880_p02_2024,0.0,0.040339474,0
img_00880_p03_2024,0.0,0.023416547,0
img_00880_p04_2024,0.0,0.030245181,0
img_00958_2024,0.0,0.01178486,0
img_00960_2024,0.0,0.04659412,0
img_00964_2024,0.0,0.068930574,0
img_00967_2024,0.0,0.013102766,0
img_00959_2024,0.0,0.03486362,0
img_00962_2024,0.0,0.04799174,0
img_00965_2024,0.0,0.011551532,0
img_00963_2024,0.0,0.009213887,0
img_00961_2024,0.0,0.89259946,0
img_00971_2024,0.0,0.008164183,0
img_00968_2024,0.0,0.08201654,0
img_00978_2024,0.0,0.010274739,0
img_00969_2024,0.0,0.033891186,0
img_00973_2024,0.0,0.6774657,0
img_00976_2024,0.0,0.023284804,0
img_00966_2024,0.0,0.021838237,0
img_00970_2024,0.0,0.015494829,0
img_00975_2024,0.0,0.008541043,0
img_00982_2024,0.0,0.22018546,0
img_00972_2024,0.0,0.021829966,0
img_00981_2024,0.0,0.2072319,0
img_00977_2024,0.0,0.013931112,0
img_00979_2024,0.0,0.9310374,1
img_00980_2024,0.0,0.45926765,0
img_00974_2024,0.0,0.015515049,0
img_00984_2024,0.0,0.012784837,0
img_00983_2024,0.0,0.8421702,0
img_00986_2024,0.0,0.009696262,0
img_00987_2024,0.0,0.022972597,0
img_00990_2024,0.0,0.038600516,0
img_00991_2024,0.0,0.03272997,0
img_00992_2024,0.0,0.01421478,0
img_00985_2024,0.0,0.012197441,0
img_00996_2024,0.0,0.022147585,0
img_00994_2024,0.0,0.031541202,0
img_00993_2024,0.0,0.023146408,0
img_00956_p01_2024,0.0,0.014006299,0
img_00956_p02_2024,0.0,0.009812786,0
img_00998_2024,0.0,0.0108891,0
img_00593_p01_2024,1.0,0.98522735,1
img_00593_p02_2024,1.0,0.9905918,1
img_00593_p03_2024,1.0,0.97803557,1
img_00593_p04_2024,1.0,0.9921341,1
img_00593_p05_2024,1.0,0.9794272,1
img_00593_p06_2024,1.0,0.9791905,1
img_00593_p07_2024,1.0,0.99082583,1
img_00593_p08_2024,1.0,0.9921578,1
img_00593_p09_2024,1.0,0.9704536,1
img_00593_p10_2024,1.0,0.9948426,1
img_00593_p11_2024,1.0,0.9933884,1
img_00593_p12_2024,1.0,0.9786622,1
img_00593_p13_2024,1.0,0.9928911,1
img_00593_p14_2024,1.0,0.9679394,1
img_00593_p15_2024,1.0,0.9252389,1
img_00593_p16_2024,1.0,0.97946393,1
img_00593_p17_2024,1.0,0.99334407,1
img_00593_p18_2024,1.0,0.96213317,1
img_00593_p19_2024,1.0,0.97385174,1
img_00593_p20_2024,1.0,0.99310005,1
img_00593_p21_2024,1.0,0.99476904,1
img_00593_p22_2024,1.0,0.99284476,1
img_00989_2024,0.0,0.055886067,0
img_00997_2024,0.0,0.085959814,0
img_00999_2024,0.0,0.017858956,0
img_00995_2024,0.0,0.014705547,0
img_01000_2024,0.0,0.020171102,0
img_01001_2024,0.0,0.4242898,0
img_01003_2024,0.0,0.92169887,1
img_01004_2024,0.0,0.038977545,0
img_01002_2024,0.0,0.08557338,0
img_01005_2024,0.0,0.02214852,0
img_01006_2024,0.0,0.017489873,0
img_01008_2024,0.0,0.019450217,0
img_01009_2024,0.0,0.01986555,0
img_01007_2024,0.0,0.019630685,0
img_01013_2024,0.0,0.011302308,0
img_01014_2024,0.0,0.02033872,0
img_01012_2024,0.0,0.013735685,0
img_01011_2024,0.0,0.049109735,0
img_01018_2024,0.0,0.060896594,0
img_01015_2024,0.0,0.0327417,0
img_01020_2024,0.0,0.028119562,0
img_01016_2024,0.0,0.01842055,0
img_01017_2024,0.0,0.0146776205,0
img_01024_2024,0.0,0.03938884,0
img_01021_2024,0.0,0.04587705,0
img_00988_p01_2024,0.0,0.0123091135,0
img_00988_p02_2024,0.0,0.011777915,0
img_01022_2024,0.0,0.02554606,0
img_01025_2024,0.0,0.015020235,0
img_01023_2024,0.0,0.028014045,0
img_01032_2024,0.0,0.1557212,0
img_01027_2024,0.0,0.03218711,0
img_01033_2024,0.0,0.040920373,0
img_01029_2024,0.0,0.026623238,0
img_01028_2024,0.0,0.012699108,0
img_01035_2024,0.0,0.0235389,0
img_01031_2024,0.0,0.013546956,0
img_01026_2024,0.0,0.4531924,0
img_01030_2024,0.0,0.033629842,0
img_01037_2024,0.0,0.5065718,0
img_01036_2024,0.0,0.028679522,0
img_01040_2024,0.0,0.029235158,0
img_01043_2024,0.0,0.15377715,0
img_01047_2024,0.0,0.07503603,0
img_01046_2024,0.0,0.015990544,0
img_01042_2024,0.0,0.041380554,0
img_01049_2024,0.0,0.036282197,0
img_01041_2024,0.0,0.010545955,0
img_01045_2024,0.0,0.013845882,0
img_01048_2024,0.0,0.031565413,0
img_01038_2024,0.0,0.03264891,0
img_01034_p01_2024,0.0,0.024162827,0
img_01034_p02_2024,0.0,0.25537103,0
img_01051_2024,0.0,0.019269511,0
img_01054_2024,0.0,0.047226246,0
img_01050_2024,0.0,0.023331596,0
img_01052_2024,0.0,0.06261188,0
img_01055_2024,0.0,0.016856281,0
img_01039_p01_2024,0.0,0.033575214,0
img_01039_p02_2024,0.0,0.020740887,0
img_01058_2024,0.0,0.30066222,0
img_01057_2024,0.0,0.0134803,0
img_01056_2024,0.0,0.011758333,0
img_01044_2024,0.0,0.0154342875,0
img_01062_2024,0.0,0.036754776,0
img_01059_2024,0.0,0.013413071,0
img_01010_p01_2024,0.0,0.014887975,0
img_01010_p02_2024,0.0,0.016462168,0
img_01010_p03_2024,0.0,0.012431862,0
img_01065_2024,0.0,0.01692209,0
img_01053_2024,0.0,0.013131135,0
img_01064_2024,0.0,0.033484902,0
img_01060_2024,0.0,0.11512572,0
img_01068_2024,0.0,0.020506937,0
img_01067_2024,0.0,0.018656118,0
img_01061_2024,0.0,0.014463912,0
img_01066_2024,0.0,0.0094018625,0
img_01076_2024,0.0,0.08988024,0
img_01070_2024,0.0,0.059692908,0
img_01072_2024,0.0,0.02523002,0
img_01081_2024,0.0,0.019832354,0
img_01073_2024,0.0,0.0074214325,0
img_01069_2024,0.0,0.018222043,0
img_01078_2024,0.0,0.025953613,0
img_01074_2024,0.0,0.20286863,0
img_01071_2024,0.0,0.11951482,0
img_01019_p01_2024,0.0,0.058427818,0
img_01019_p02_2024,0.0,0.026036205,0
img_01019_p03_2024,0.0,0.32345837,0
img_01019_p04_2024,0.0,0.2929415,0
img_01083_2024,0.0,0.012175342,0
img_01080_2024,0.0,0.08044497,0
img_01077_2024,0.0,0.035415348,0
img_01082_2024,0.0,0.015016201,0
img_01085_2024,0.0,0.013503484,0
img_01090_2024,0.0,0.014089886,0
img_01094_2024,0.0,0.08376919,0
img_01089_2024,0.0,0.044427272,0
img_01088_2024,0.0,0.02653834,0
img_01091_2024,0.0,0.21231723,0
img_01084_2024,0.0,0.024803132,0
img_01095_2024,0.0,0.03718419,0
img_01086_2024,0.0,0.010235677,0
img_01097_2024,0.0,0.013898007,0
img_01099_2024,0.0,0.030158568,0
img_01096_2024,0.0,0.017600983,0
img_01098_2024,0.0,0.016426422,0
img_01092_2024,0.0,0.036606826,0
img_01102_2024,0.0,0.025632832,0
img_01101_2024,0.0,0.010536038,0
img_01106_2024,0.0,0.010508217,0
img_01107_2024,0.0,0.098614864,0
img_01104_2024,0.0,0.025400888,0
img_01087_p01_2024,0.0,0.05544766,0
img_01087_p02_2024,0.0,0.12095016,0
img_01109_2024,0.0,0.100220926,0
img_01100_2024,0.0,0.011873983,0
img_01075_p01_2024,0.0,0.02361151,0
img_01075_p02_2024,0.0,0.013641275,0
img_01075_p03_2024,0.0,0.02837986,0
img_01110_2024,0.0,0.008327722,0
img_01093_2024,0.0,0.043198142,0
img_01111_2024,0.0,0.014446365,0
img_01114_2024,0.0,0.013267287,0
img_01116_2024,0.0,0.012929081,0
img_01115_2024,0.0,0.31678754,0
img_01108_2024,0.0,0.02723173,0
img_01113_2024,0.0,0.048883848,0
img_01119_2024,0.0,0.010216477,0
img_01118_2024,0.0,0.034149572,0
img_01120_2024,0.0,0.023132142,0
img_01124_2024,0.0,0.00949819,0
img_01123_2024,0.0,0.0155760115,0
img_01121_2024,0.0,0.07576964,0
img_01127_2024,0.0,0.12430649,0
img_01122_2024,0.0,0.14433232,0
img_01130_2024,0.0,0.026878815,0
img_01132_2024,0.0,0.38374645,0
img_01126_2024,0.0,0.048227273,0
img_01128_2024,0.0,0.010077735,0
img_01129_2024,0.0,0.07124064,0
img_01131_2024,0.0,0.03266707,0
img_01125_2024,0.0,0.026148206,0
img_01135_2024,0.0,0.3547417,0
img_01103_2024,0.0,0.07947995,0
img_01138_2024,0.0,0.24986579,0
img_01141_2024,0.0,0.018666236,0
img_01140_2024,0.0,0.036708355,0
img_01139_2024,0.0,0.014969843,0
img_01134_2024,0.0,0.08920626,0
img_01145_2024,0.0,0.013824744,0
img_01142_2024,0.0,0.01997826,0
img_01144_2024,0.0,0.09176489,0
img_01143_2024,0.0,0.008518392,0
img_01146_2024,0.0,0.011306801,0
img_01112_2024,0.0,0.11169546,0
img_01136_2024,0.0,0.013619323,0
img_01150_2024,0.0,0.118409626,0
img_01151_2024,0.0,0.0069528692,0
img_01154_2024,0.0,0.010170618,0
img_01152_2024,0.0,0.23810655,0
img_01149_2024,0.0,0.031518377,0
img_01079_p01_2024,0.0,0.04398443,0
img_01079_p02_2024,0.0,0.025784528,0
img_01117_2024,0.0,0.013251254,0
img_01133_p01_2024,0.0,0.012934949,0
img_01133_p02_2024,0.0,0.009926896,0
img_01156_2024,0.0,0.01617198,0
img_01155_2024,0.0,0.020134812,0
img_01157_2024,0.0,0.02475606,0
img_01063_p01_2024,0.0,0.11161546,0
img_01063_p02_2024,0.0,0.18257008,0
img_01063_p03_2024,0.0,0.3835623,0
img_01063_p04_2024,0.0,0.032723185,0
img_01063_p05_2024,0.0,0.051395457,0
img_01063_p06_2024,0.0,0.02578699,0
img_01159_2024,0.0,0.016666729,0
img_01153_2024,0.0,0.021276586,0
img_01158_2024,0.0,0.009670262,0
img_01148_2024,0.0,0.024883272,0
img_01161_2024,0.0,0.078927115,0
img_01165_2024,0.0,0.060240887,0
img_00651_p01_2024,1.0,0.8383273,0
img_00651_p02_2024,1.0,0.925954,1
img_00651_p03_2024,1.0,0.99058515,1
img_00651_p04_2024,1.0,0.68038946,0
img_00651_p05_2024,1.0,0.977022,1
img_00651_p06_2024,1.0,0.93208516,1
img_00651_p07_2024,1.0,0.96759325,1
img_00651_p08_2024,1.0,0.974968,1
img_00651_p09_2024,1.0,0.9552761,1
img_00651_p10_2024,1.0,0.98233336,1
img_00651_p11_2024,1.0,0.9679124,1
img_00651_p12_2024,1.0,0.98729193,1
img_00651_p13_2024,1.0,0.9873225,1
img_00651_p14_2024,1.0,0.967284,1
img_00651_p15_2024,1.0,0.98680425,1
img_00651_p16_2024,1.0,0.9901889,1
img_00651_p17_2024,1.0,0.9834079,1
img_00651_p18_2024,1.0,0.07573888,0
img_01164_2024,0.0,0.033273805,0
img_01166_2024,0.0,0.019969333,0
img_01167_2024,0.0,0.013493355,0
img_01162_2024,0.0,0.013348452,0
img_01137_p01_2024,0.0,0.009924075,0
img_01137_p02_2024,0.0,0.013927084,0
img_01168_2024,0.0,0.010736434,0
img_01163_2024,0.0,0.013185784,0
img_01105_2024,0.0,0.011255115,0
img_01171_2024,0.0,0.8526703,0
img_01169_2024,0.0,0.12772892,0
img_01174_2024,0.0,0.013389654,0
img_01173_2024,0.0,0.042818844,0
img_01170_2024,0.0,0.015934369,0
img_01172_2024,0.0,0.011172235,0
img_01147_p01_2024,0.0,0.16881463,0
img_01147_p02_2024,0.0,0.07817611,0
img_01176_2024,0.0,0.030087372,0
img_01179_2024,0.0,0.02661279,0
img_01178_2024,0.0,0.01590689,0
img_01175_2024,0.0,0.030610485,0
img_01184_2024,0.0,0.015018431,0
img_01181_2024,0.0,0.021883808,0
img_01183_2024,0.0,0.023083247,0
img_01185_2024,0.0,0.012492841,0
img_01186_2024,0.0,0.015141355,0
img_01187_2024,0.0,0.4776075,0
img_01177_2024,0.0,0.009045676,0
img_01188_2024,0.0,0.051599964,0
img_01182_2024,0.0,0.013343002,0
img_01180_2024,0.0,0.3060558,0
img_01160_2024,0.0,0.024215536,0
img_01190_2024,0.0,0.01416799,0
img_01189_2024,0.0,0.0117248865,0
img_01197_2024,0.0,0.01381907,0
img_01196_2024,0.0,0.039946236,0
img_01193_2024,0.0,0.96983105,1
img_01191_2024,0.0,0.010873847,0
img_01202_2024,0.0,0.06646659,0
img_01195_2024,0.0,0.030698204,0
img_01198_2024,0.0,0.019028611,0
img_01203_2024,0.0,0.010593149,0
img_01201_2024,0.0,0.06766928,0
img_01200_2024,0.0,0.016088799,0
img_01199_2024,0.0,0.02339318,0
img_01194_2024,0.0,0.042448618,0
img_01204_2024,0.0,0.034103017,0
img_01192_2024,0.0,0.014678523,0
img_01206_2024,0.0,0.016458115,0
img_01209_2024,0.0,0.084111646,0
img_01210_2024,0.0,0.009496109,0
img_01208_2024,0.0,0.011052119,0
img_01207_2024,0.0,0.01390083,0
img_01213_2024,0.0,0.06409871,0
img_01212_2024,0.0,0.026266828,0
img_01217_2024,0.0,0.013208954,0
img_01211_2024,0.0,0.06919636,0
img_01214_2024,0.0,0.010528575,0
img_01216_2024,0.0,0.01482726,0
img_01218_2024,0.0,0.012405521,0
img_01223_2024,0.0,0.036355402,0
img_01224_2024,0.0,0.07231103,0
img_01220_2024,0.0,0.023609987,0
img_01215_2024,0.0,0.05296205,0
img_01222_2024,0.0,0.04092949,0
img_01225_2024,0.0,0.012696136,0
img_01226_2024,0.0,0.0072665606,0
img_01219_2024,0.0,0.025156626,0
img_01227_2024,0.0,0.21591818,0
img_01228_2024,0.0,0.013528858,0
img_01205_p01_2024,0.0,0.033562846,0
img_01205_p02_2024,0.0,0.030911224,0
img_01229_2024,0.0,0.041339155,0
img_01231_2024,0.0,0.024963131,0
img_01230_2024,0.0,0.019020714,0
img_01233_2024,0.0,0.013260653,0
img_01232_2024,0.0,0.026804945,0
img_01234_2024,0.0,0.11653082,0
img_01236_2024,0.0,0.012016722,0
img_01235_2024,0.0,0.009602362,0
img_01237_2024,0.0,0.033549353,0
img_01238_2024,0.0,0.07803417,0
img_01240_2024,0.0,0.01054711,0
img_01245_2024,0.0,0.03417717,0
img_01243_2024,0.0,0.062016744,0
img_01239_2024,0.0,0.015427304,0
img_01241_2024,0.0,0.024497874,0
img_01246_2024,0.0,0.017234286,0
img_01244_2024,0.0,0.016795669,0
img_01248_2024,0.0,0.03980367,0
img_01247_2024,0.0,0.021924386,0
img_01250_2024,0.0,0.06369102,0
img_01252_2024,0.0,0.013773552,0
img_01251_2024,0.0,0.028276999,0
img_01242_2024,0.0,0.01725677,0
img_01249_2024,0.0,0.07330231,0
img_01253_2024,0.0,0.019791648,0
img_01258_2024,0.0,0.070211,0
img_01255_2024,0.0,0.02231912,0
img_01259_2024,0.0,0.020927146,0
img_01254_2024,0.0,0.030669471,0
img_01256_2024,0.0,0.018493412,0
img_01261_2024,0.0,0.011569814,0
img_01263_2024,0.0,0.014254177,0
img_01265_2024,0.0,0.0100930445,0
img_01266_2024,0.0,0.025447363,0
img_01262_2024,0.0,0.05401475,0
img_01269_2024,0.0,0.02143671,0
img_01271_2024,0.0,0.011783477,0
img_01273_2024,0.0,0.11500883,0
img_01274_2024,0.0,0.02244961,0
img_01270_2024,0.0,0.32210368,0
img_01275_2024,0.0,0.0144031085,0
img_01272_2024,0.0,0.031207277,0
img_01260_2024,0.0,0.009102044,0
img_01264_2024,0.0,0.13026322,0
img_01268_2024,0.0,0.052449003,0
img_01277_2024,0.0,0.009401081,0
img_01281_2024,0.0,0.051161055,0
img_01276_2024,0.0,0.041929077,0
img_01284_2024,0.0,0.014927525,0
img_01280_2024,0.0,0.0433444,0
img_01282_2024,0.0,0.14111269,0
img_01285_2024,0.0,0.031778343,0
img_01267_2024,0.0,0.017315302,0
img_01278_2024,0.0,0.023385592,0
img_01286_2024,0.0,0.07186251,0
img_01289_2024,0.0,0.038789596,0
img_01279_2024,0.0,0.020663977,0
img_01292_2024,0.0,0.15795058,0
img_01291_2024,0.0,0.9678304,1
img_01293_2024,0.0,0.045904662,0
img_01290_2024,0.0,0.014438568,0
img_01287_2024,0.0,0.017779173,0
img_01297_2024,0.0,0.11667114,0
img_01299_2024,0.0,0.071082465,0
img_01294_2024,0.0,0.015806926,0
img_01298_2024,0.0,0.016277263,0
img_01300_2024,0.0,0.036362965,0
img_01288_2024,0.0,0.026904732,0
img_01296_2024,0.0,0.0971743,0
img_01304_2024,0.0,0.018278169,0
img_01301_2024,0.0,0.058983155,0
img_01303_2024,0.0,0.058626756,0
img_01302_2024,0.0,0.007896324,0
img_01305_2024,0.0,0.022023574,0
img_01309_2024,0.0,0.06428191,0
img_01307_2024,0.0,0.0135796275,0
img_01306_2024,0.0,0.02531793,0
img_01311_2024,0.0,0.17806342,0
img_01310_2024,0.0,0.071018204,0
img_01316_2024,0.0,0.012877227,0
img_01283_2024,0.0,0.01738516,0
img_01315_2024,0.0,0.018010996,0
img_01295_p01_2024,0.0,0.011146295,0
img_01295_p02_2024,0.0,0.019768968,0
img_01321_2024,0.0,0.043156076,0
img_01323_2024,0.0,0.012980824,0
img_01317_2024,0.0,0.4756383,0
img_01312_2024,0.0,0.982068,1
img_01322_2024,0.0,0.020163897,0
img_01319_2024,0.0,0.010181987,0
img_01313_2024,0.0,0.012922006,0
img_01324_2024,0.0,0.013222822,0
img_01320_2024,0.0,0.014488042,0
img_01318_2024,0.0,0.017806666,0
img_01327_2024,0.0,0.14881724,0
img_01314_2024,0.0,0.016226048,0
img_01325_2024,0.0,0.02180299,0
img_01331_2024,0.0,0.07087276,0
img_01328_2024,0.0,0.017742364,0
img_01334_2024,0.0,0.020180214,0
img_01330_2024,0.0,0.013307799,0
img_01336_2024,0.0,0.020750428,0
img_01335_2024,0.0,0.01930788,0
img_01329_2024,0.0,0.015251342,0
img_01333_2024,0.0,0.012420439,0
img_01326_2024,0.0,0.053011723,0
img_01308_p01_2024,0.0,0.016254487,0
img_01308_p02_2024,0.0,0.0195132,0
img_01332_2024,0.0,0.02224511,0
img_01338_2024,0.0,0.014635916,0
img_01340_2024,0.0,0.015624994,0
img_01339_2024,0.0,0.020313982,0
img_01337_2024,0.0,0.0430707,0
img_01341_2024,0.0,0.013124803,0
img_01350_2024,0.0,0.011339774,0
img_01348_2024,0.0,0.019824157,0
img_01346_2024,0.0,0.017294843,0
img_01342_2024,0.0,0.15402274,0
img_01343_2024,0.0,0.08340428,0
img_01349_2024,0.0,0.014874294,0
img_01345_2024,0.0,0.010771928,0
img_01352_2024,0.0,0.21469599,0
img_01353_2024,0.0,0.05999677,0
img_01354_2024,0.0,0.093582965,0
img_01357_2024,0.0,0.018091498,0
img_01356_2024,0.0,0.48477373,0
img_01351_2024,0.0,0.01774554,0
img_01347_2024,0.0,0.014183769,0
img_01361_2024,0.0,0.0077738836,0
img_01363_2024,0.0,0.09663149,0
img_01362_2024,0.0,0.009205207,0
img_01359_2024,0.0,0.027524022,0
img_01364_2024,0.0,0.010631595,0
img_01360_2024,0.0,0.00933908,0
img_01366_2024,0.0,0.041475352,0
img_01365_2024,0.0,0.041253306,0
img_01367_2024,0.0,0.024240639,0
img_01358_2024,0.0,0.041083347,0
img_01355_2024,0.0,0.051235426,0
img_01375_2024,0.0,0.008608541,0
img_01370_2024,0.0,0.103659876,0
img_01344_p01_2024,0.0,0.025872424,0
img_01344_p02_2024,0.0,0.021133684,0
img_01368_2024,0.0,0.041226022,0
img_01374_2024,0.0,0.017418776,0
img_01376_2024,0.0,0.24972576,0
img_01380_2024,0.0,0.3389079,0
img_01371_2024,0.0,0.013047222,0
img_01379_2024,0.0,0.014494839,0
img_01377_2024,0.0,0.0155192,0
img_01382_2024,0.0,0.12985869,0
img_01257_p01_2024,0.0,0.14000896,0
img_01257_p02_2024,0.0,0.02506441,0
img_01257_p03_2024,0.0,0.39441258,0
img_01257_p04_2024,0.0,0.61973137,0
img_01257_p05_2024,0.0,0.04041029,0
img_01257_p06_2024,0.0,0.33710936,0
img_01369_2024,0.0,0.042909134,0
img_01384_2024,0.0,0.011312133,0
img_01387_2024,0.0,0.10160829,0
img_01381_2024,0.0,0.6976882,0
img_01386_2024,0.0,0.03012863,0
img_01383_2024,0.0,0.0090620145,0
img_01385_2024,0.0,0.06160855,0
img_01388_2024,0.0,0.011149128,0
img_01389_2024,0.0,0.012558059,0
img_01392_2024,0.0,0.018736491,0
img_01393_2024,0.0,0.066974625,0
img_01378_2024,0.0,0.021366494,0
img_01395_2024,0.0,0.025409872,0
img_01394_2024,0.0,0.009731393,0
img_01397_2024,0.0,0.03154228,0
img_01390_2024,0.0,0.022324538,0
img_01391_2024,0.0,0.012752847,0
img_01402_2024,0.0,0.072713494,0
img_01399_2024,0.0,0.016403494,0
img_01401_2024,0.0,0.076418266,0
img_01403_2024,0.0,0.056246903,0
img_01409_2024,0.0,0.06023978,0
img_01406_2024,0.0,0.013261284,0
img_01404_2024,0.0,0.5877807,0
img_01398_2024,0.0,0.030979345,0
img_01408_2024,0.0,0.022891445,0
img_01407_2024,0.0,0.040724143,0
img_01400_2024,0.0,0.012744109,0
img_01411_2024,0.0,0.010968202,0
img_01412_2024,0.0,0.020728096,0
img_01410_2024,0.0,0.0197439,0
img_01415_2024,0.0,0.056858253,0
img_01417_2024,0.0,0.015360386,0
img_01414_2024,0.0,0.024170581,0
img_01419_2024,0.0,0.012916448,0
img_01373_p01_2024,0.0,0.008727553,0
img_01373_p02_2024,0.0,0.023723666,0
img_01418_2024,0.0,0.017794961,0
img_01422_2024,0.0,0.18338484,0
img_01421_2024,0.0,0.015471192,0
img_01416_2024,0.0,0.013990136,0
img_01424_2024,0.0,0.012924767,0
img_01420_2024,0.0,0.034235355,0
img_01426_2024,0.0,0.0113102505,0
img_01423_2024,0.0,0.14006606,0
img_01396_p01_2024,0.0,0.029000556,0
img_01396_p02_2024,0.0,0.027749851,0
img_01432_2024,0.0,0.009367848,0
img_01437_2024,0.0,0.01877152,0
img_01433_2024,0.0,0.017349647,0
img_01436_2024,0.0,0.078674085,0
img_01434_2024,0.0,0.020725202,0
img_01435_2024,0.0,0.0122200465,0
img_01413_p01_2024,0.0,0.013778851,0
img_01413_p02_2024,0.0,0.051389858,0
img_01438_2024,0.0,0.02276562,0
img_01431_2024,0.0,0.012760377,0
img_01440_2024,0.0,0.039522767,0
img_01430_2024,0.0,0.11179948,0
img_01443_2024,0.0,0.01820063,0
img_01444_2024,0.0,0.021906845,0
img_01445_2024,0.0,0.039664395,0
img_01446_2024,0.0,0.033867422,0
img_01441_2024,0.0,0.019602146,0
img_01372_p01_2024,0.0,0.015119641,0
img_01372_p02_2024,0.0,0.03819389,0
img_01372_p03_2024,0.0,0.017932026,0
img_01372_p04_2024,0.0,0.011849518,0
img_01449_2024,0.0,0.012746274,0
img_01448_2024,0.0,0.009980272,0
img_01450_2024,0.0,0.021385757,0
img_01453_2024,0.0,0.023169454,0
img_01442_2024,0.0,0.03098746,0
img_01452_2024,0.0,0.061083075,0
img_01447_2024,0.0,0.08673184,0
img_01451_2024,0.0,0.04430519,0
img_01456_2024,0.0,0.7648353,0
img_01455_2024,0.0,0.118753105,0
img_01425_p01_2024,0.0,0.15703131,0
img_01425_p02_2024,0.0,0.031903517,0
img_01461_2024,0.0,0.0077617993,0
img_01462_2024,0.0,0.046344582,0
img_01466_2024,0.0,0.0157254,0
img_01458_2024,0.0,0.015444616,0
img_01463_2024,0.0,0.008955759,0
img_01460_2024,0.0,0.019948712,0
img_01457_2024,0.0,0.014343495,0
img_01465_2024,0.0,0.19409408,0
img_01469_2024,0.0,0.0596923,0
img_01405_p01_2024,0.0,0.03238138,0
img_01405_p02_2024,0.0,0.060722455,0
img_01405_p03_2024,0.0,0.07084459,0
img_01405_p04_2024,0.0,0.022825839,0
img_01467_2024,0.0,0.015024059,0
img_01221_p01_2024,0.0,0.0119986255,0
img_01221_p02_2024,0.0,0.030964453,0
img_01221_p03_2024,0.0,0.03315073,0
img_01221_p04_2024,0.0,0.010794807,0
img_01221_p05_2024,0.0,0.009124732,0
img_01221_p06_2024,0.0,0.014454141,0
img_01221_p07_2024,0.0,0.030705798,0
img_01221_p08_2024,0.0,0.010697728,0
img_01221_p09_2024,0.0,0.019407643,0
img_01221_p10_2024,0.0,0.019843504,0
img_01221_p11_2024,0.0,0.011336162,0
img_01221_p12_2024,0.0,0.013341716,0
img_01221_p13_2024,0.0,0.01685425,0
img_01470_2024,0.0,0.012094693,0
img_01427_p01_2024,0.0,0.08454852,0
img_01427_p02_2024,0.0,0.04018311,0
img_01427_p03_2024,0.0,0.0462093,0
img_01427_p04_2024,0.0,0.03232631,0
img_01468_2024,0.0,0.016866233,0
img_01472_2024,0.0,0.015297531,0
img_01471_2024,0.0,0.037132744,0
img_01473_2024,0.0,0.015044671,0
img_01477_2024,0.0,0.014571701,0
img_01476_2024,0.0,0.026776623,0
img_01478_2024,0.0,0.06598852,0
img_01479_2024,0.0,0.24492078,0
img_01464_2024,0.0,0.032455478,0
img_01481_2024,0.0,0.019055938,0
img_01439_p01_2024,0.0,0.037933655,0
img_01439_p02_2024,0.0,0.019014167,0
img_01439_p03_2024,0.0,0.0187489,0
img_01439_p04_2024,0.0,0.21372259,0
img_01480_2024,0.0,0.04604311,0
img_01484_2024,0.0,0.032379176,0
img_01483_2024,0.0,0.017146364,0
img_01474_2024,0.0,0.012448733,0
img_01482_2024,0.0,0.07067506,0
img_01485_2024,0.0,0.020584974,0
img_01486_2024,0.0,0.015721992,0
img_01487_2024,0.0,0.030488256,0
img_01489_2024,0.0,0.012202694,0
img_01488_2024,0.0,0.030091435,0
img_01491_2024,0.0,0.010078654,0
img_01490_2024,0.0,0.013841345,0
img_01492_2024,0.0,0.0093549,0
img_01493_2024,0.0,0.037858784,0
img_01494_2024,0.0,0.19503078,0
img_01495_2024,0.0,0.015051231,0
img_01496_2024,0.0,0.020373188,0
img_01497_2024,0.0,0.028154312,0
img_01498_2024,0.0,0.011394611,0
img_01499_2024,0.0,0.012202027,0
img_01500_2024,0.0,0.07254207,0
img_01502_2024,0.0,0.089407854,0
img_01505_2024,0.0,0.011911627,0
img_01506_2024,0.0,0.013916414,0
img_01503_2024,0.0,0.025585208,0
img_01509_2024,0.0,0.04708146,0
img_01508_2024,0.0,0.35479409,0
img_01454_p01_2024,0.0,0.030701745,0
img_01454_p02_2024,0.0,0.018229013,0
img_01454_p03_2024,0.0,0.019309968,0
img_01454_p04_2024,0.0,0.02353329,0
img_01510_2024,0.0,0.2876755,0
img_01501_2024,0.0,0.11702921,0
img_01512_2024,0.0,0.080957144,0
img_01511_2024,0.0,0.009869706,0
img_01428_p01_2024,0.0,0.013104592,0
img_01428_p02_2024,0.0,0.013375106,0
img_01428_p03_2024,0.0,0.009798754,0
img_01428_p04_2024,0.0,0.01062772,0
img_01428_p05_2024,0.0,0.011392386,0
img_01515_2024,0.0,0.008777582,0
img_01514_2024,0.0,0.40144342,0
img_01513_2024,0.0,0.6277363,0
img_01517_2024,0.0,0.01346583,0
img_01507_2024,0.0,0.4851191,0
img_01516_2024,0.0,0.019598806,0
img_01504_p01_2024,0.0,0.05566107,0
img_01504_p02_2024,0.0,0.020426035,0
img_01524_2024,0.0,0.021682339,0
img_01519_2024,0.0,0.02400071,0
img_01523_2024,0.0,0.011612391,0
img_01520_2024,0.0,0.018587455,0
img_01525_2024,0.0,0.012266214,0
img_01518_2024,0.0,0.021327032,0
img_01521_2024,0.0,0.02523389,0
img_01530_2024,0.0,0.23044233,0
img_01527_2024,0.0,0.027200077,0
img_01526_2024,0.0,0.0147646265,0
img_01531_2024,0.0,0.12074941,0
img_01533_2024,0.0,0.019744875,0
img_01532_2024,0.0,0.0107106,0
img_01529_2024,0.0,0.08589229,0
img_01528_2024,0.0,0.017342787,0
img_01537_2024,0.0,0.015706517,0
img_01538_2024,0.0,0.014614029,0
img_01536_2024,0.0,0.047236085,0
img_01535_2024,0.0,0.015598591,0
img_01539_2024,0.0,0.036011256,0
img_01540_2024,0.0,0.11603238,0
img_01541_2024,0.0,0.038305916,0
img_01544_2024,0.0,0.030881496,0
img_01543_2024,0.0,0.90662503,0
img_01542_2024,0.0,0.019136725,0
img_01546_2024,0.0,0.010472895,0
img_01548_2024,0.0,0.28727672,0
img_01549_2024,0.0,0.01653155,0
img_01555_2024,0.0,0.021104908,0
img_01553_2024,0.0,0.01590587,0
img_01552_2024,0.0,0.018711539,0
img_01551_2024,0.0,0.062352218,0
img_01554_2024,0.0,0.011391399,0
img_01556_2024,0.0,0.019890469,0
img_01545_2024,0.0,0.0076838695,0
img_01534_p01_2024,0.0,0.06851754,0
img_01534_p02_2024,0.0,0.09311823,0
img_01550_2024,0.0,0.014425321,0
img_01559_2024,0.0,0.011395137,0
img_01561_2024,0.0,0.058791675,0
img_01558_2024,0.0,0.18603581,0
img_01557_2024,0.0,0.010503583,0
img_01562_2024,0.0,0.008554512,0
img_01564_2024,0.0,0.009850828,0
img_01560_2024,0.0,0.019272352,0
img_01563_2024,0.0,0.039093193,0
img_01569_2024,0.0,0.016525395,0
img_01568_2024,0.0,0.01657393,0
img_01566_2024,0.0,0.07427924,0
img_01567_2024,0.0,0.034788985,0
img_01572_2024,0.0,0.02057114,0
img_01570_2024,0.0,0.17743123,0
img_01547_p01_2024,0.0,0.009600398,0
img_01547_p02_2024,0.0,0.01834341,0
img_01574_2024,0.0,0.03860135,0
img_01571_2024,0.0,0.030518336,0
img_01576_2024,0.0,0.03084423,0
img_01579_2024,0.0,0.018828645,0
img_01577_2024,0.0,0.023199588,0
img_01565_2024,0.0,0.019877117,0
img_01522_p01_2024,0.0,0.02451125,0
img_01522_p02_2024,0.0,0.01676457,0
img_01522_p03_2024,0.0,0.0150572825,0
img_01522_p04_2024,0.0,0.023185372,0
img_01580_2024,0.0,0.021842642,0
img_01578_2024,0.0,0.065981716,0
img_01582_2024,0.0,0.016847283,0
img_01586_2024,0.0,0.015563953,0
img_01584_2024,0.0,0.012092983,0
img_01587_2024,0.0,0.045267735,0
img_01583_2024,0.0,0.031746037,0
img_01585_2024,0.0,0.050513666,0
img_01588_2024,0.0,0.024671543,0
img_01589_2024,0.0,0.010942156,0
img_01597_2024,0.0,0.03672732,0
img_01595_2024,0.0,0.10141228,0
img_01591_2024,0.0,0.029359818,0
img_01594_2024,0.0,0.012378036,0
img_01596_2024,0.0,0.57848054,0
img_01581_2024,0.0,0.01578177,0
img_01592_2024,0.0,0.041151676,0
img_01598_2024,0.0,0.043030016,0
img_01603_2024,0.0,0.010342087,0
img_01599_2024,0.0,0.019851152,0
img_01602_2024,0.0,0.09983611,0
img_01475_p01_2024,0.0,0.072103366,0
img_01475_p02_2024,0.0,0.08776119,0
img_01475_p03_2024,0.0,0.03160814,0
img_01475_p04_2024,0.0,0.053851075,0
img_01475_p05_2024,0.0,0.045842607,0
img_01475_p06_2024,0.0,0.060968153,0
img_01475_p07_2024,0.0,0.12217338,0
img_01605_2024,0.0,0.022781245,0
img_01600_2024,0.0,0.015272103,0
img_01606_2024,0.0,0.011600724,0
img_01601_2024,0.0,0.05567106,0
img_01614_2024,0.0,0.011664785,0
img_01615_2024,0.0,0.027396971,0
img_01610_2024,0.0,0.014141008,0
img_01616_2024,0.0,0.0111004375,0
img_01609_2024,0.0,0.015710609,0
img_01618_2024,0.0,0.25800893,0
img_01617_2024,0.0,0.12426701,0
img_01613_2024,0.0,0.052511316,0
img_01604_2024,0.0,0.024338784,0
img_01612_2024,0.0,0.032319978,0
img_01620_2024,0.0,0.027837602,0
img_01621_2024,0.0,0.013384674,0
img_01622_2024,0.0,0.017659115,0
img_01619_2024,0.0,0.018977232,0
img_01623_2024,0.0,0.012555503,0
img_01624_2024,0.0,0.11014678,0
img_01625_2024,0.0,0.017565088,0
img_01628_2024,0.0,0.039088793,0
img_01607_2024,0.0,0.018756231,0
img_01629_2024,0.0,0.015538345,0
img_01573_p01_2024,0.0,0.015527231,0
img_01573_p02_2024,0.0,0.017049376,0
img_01573_p03_2024,0.0,0.013612733,0
img_01573_p04_2024,0.0,0.026596855,0
img_01631_2024,0.0,0.013917514,0
img_01611_2024,0.0,0.022166546,0
img_01633_2024,0.0,0.028953966,0
img_01635_2024,0.0,0.031823423,0
img_01630_2024,0.0,0.05430727,0
img_01608_p01_2024,0.0,0.036086936,0
img_01608_p02_2024,0.0,0.047925696,0
img_01627_2024,0.0,0.07274036,0
img_01639_2024,0.0,0.19575904,0
img_01626_2024,0.0,0.015283689,0
img_01637_2024,0.0,0.15739991,0
img_01642_2024,0.0,0.15129723,0
img_01636_2024,0.0,0.0159985,0
img_01638_2024,0.0,0.039551537,0
img_01632_2024,0.0,0.4805291,0
img_01643_2024,0.0,0.9238852,1
img_01641_2024,0.0,0.025564965,0
img_01646_2024,0.0,0.017241381,0
img_01648_2024,0.0,0.010763035,0
img_01647_2024,0.0,0.01259569,0
img_01644_2024,0.0,0.10160768,0
img_01645_2024,0.0,0.015916882,0
img_01593_p01_2024,0.0,0.015086445,0
img_01593_p02_2024,0.0,0.010818199,0
img_01593_p03_2024,0.0,0.009661676,0
img_01590_p01_2024,0.0,0.02523999,0
img_01590_p02_2024,0.0,0.034664437,0
img_01590_p03_2024,0.0,0.02111214,0
img_01590_p04_2024,0.0,0.010859762,0
img_01590_p05_2024,0.0,0.08076933,0
img_01640_2024,0.0,0.011651764,0
img_01649_2024,0.0,0.00944061,0
img_01650_2024,0.0,0.092239566,0
img_01654_2024,0.0,0.010165818,0
img_01651_2024,0.0,0.024286253,0
img_01653_2024,0.0,0.007993415,0
img_01652_2024,0.0,0.013344395,0
img_01655_2024,0.0,0.10446956,0
img_01656_2024,0.0,0.054650754,0
img_01658_2024,0.0,0.08826387,0
img_01659_2024,0.0,0.013802113,0
img_01662_2024,0.0,0.97222793,1
img_01634_p01_2024,0.0,0.011837989,0
img_01634_p02_2024,0.0,0.0132417185,0
img_01657_2024,0.0,0.018212115,0
img_01664_2024,0.0,0.018903732,0
img_01663_2024,0.0,0.017380746,0
img_01665_2024,0.0,0.030110147,0
img_01667_2024,0.0,0.017562965,0
img_01666_2024,0.0,0.25315642,0
img_01671_2024,0.0,0.023535531,0
img_01672_2024,0.0,0.028865647,0
img_01673_2024,0.0,0.012974661,0
img_01668_2024,0.0,0.010285364,0
img_01669_2024,0.0,0.97959375,1
img_01674_2024,0.0,0.011170428,0
img_01678_2024,0.0,0.009294536,0
img_01677_2024,0.0,0.22292033,0
img_01670_2024,0.0,0.8977594,0
img_01679_2024,0.0,0.01828368,0
img_01676_2024,0.0,0.014918965,0
img_01682_2024,0.0,0.087256595,0
img_01675_2024,0.0,0.0294527,0
img_01681_2024,0.0,0.015318959,0
img_01661_p01_2024,0.0,0.29068947,0
img_01661_p02_2024,0.0,0.08442218,0
img_01680_2024,0.0,0.03947716,0
img_01684_2024,0.0,0.01594496,0
img_01685_2024,0.0,0.030983582,0
img_01683_2024,0.0,0.02038167,0
img_01660_p01_2024,0.0,0.11594308,0
img_01660_p02_2024,0.0,0.013333557,0
img_01689_2024,0.0,0.025011046,0
img_01688_2024,0.0,0.014043357,0
img_01687_2024,0.0,0.026174692,0
img_01691_2024,0.0,0.01026351,0
img_01690_2024,0.0,0.017924016,0
img_01692_2024,0.0,0.095171206,0
img_01694_2024,0.0,0.016311595,0
img_01696_2024,0.0,0.01188302,0
img_01695_2024,0.0,0.017282901,0
img_01703_2024,0.0,0.021165075,0
img_01697_2024,0.0,0.027171796,0
img_01701_2024,0.0,0.013494049,0
img_01699_2024,0.0,0.039143592,0
img_01700_2024,0.0,0.016912503,0
img_01704_2024,0.0,0.012451413,0
img_01705_2024,0.0,0.011150164,0
img_01706_2024,0.0,0.03172857,0
img_01707_2024,0.0,0.014046546,0
img_01709_2024,0.0,0.8286436,0
img_01712_2024,0.0,0.027278338,0
img_01714_2024,0.0,0.027064413,0
img_01715_2024,0.0,0.017587945,0
img_01711_2024,0.0,0.10870349,0
img_01708_2024,0.0,0.02885436,0
img_01710_2024,0.0,0.011517185,0
img_01720_2024,0.0,0.015102502,0
img_01713_2024,0.0,0.019631326,0
img_01722_2024,0.0,0.090370916,0
img_01721_2024,0.0,0.021883043,0
img_01716_2024,0.0,0.17063537,0
img_01726_2024,0.0,0.009612575,0
img_01729_2024,0.0,0.009896064,0
img_01724_2024,0.0,0.21221676,0
img_01725_2024,0.0,0.010355286,0
img_01730_2024,0.0,0.019606082,0
img_01731_2024,0.0,0.042047147,0
img_01727_2024,0.0,0.06896626,0
img_01732_2024,0.0,0.24137196,0
img_01728_2024,0.0,0.01052108,0
img_01718_2024,0.0,0.011055147,0
img_01733_2024,0.0,0.016253557,0
img_01698_p01_2024,0.0,0.011711827,0
img_01698_p02_2024,0.0,0.031906217,0
img_01735_2024,0.0,0.02507705,0
img_01734_2024,0.0,0.039905366,0
img_01737_2024,0.0,0.047849003,0
img_01738_2024,0.0,0.96658003,1
img_01693_p01_2024,0.0,0.020346852,0
img_01693_p02_2024,0.0,0.4656603,0
img_01693_p03_2024,0.0,0.07536533,0
img_01723_2024,0.0,0.031072188,0
img_01741_2024,0.0,0.044908844,0
img_01740_2024,0.0,0.018356139,0
img_01743_2024,0.0,0.030060306,0
img_01744_2024,0.0,0.10348909,0
img_01739_2024,0.0,0.024306873,0
img_01746_2024,0.0,0.058290027,0
img_01429_p01_2024,0.0,0.097671285,0
img_01429_p02_2024,0.0,0.03515242,0
img_01429_p03_2024,0.0,0.036539264,0
img_01429_p04_2024,0.0,0.07133762,0
img_01429_p05_2024,0.0,0.06459427,0
img_01429_p06_2024,0.0,0.011171244,0
img_01429_p07_2024,0.0,0.019485371,0
img_01429_p08_2024,0.0,0.018898267,0
img_01429_p09_2024,0.0,0.06153026,0
img_01429_p10_2024,0.0,0.019584848,0
img_01429_p11_2024,0.0,0.029650377,0
img_01429_p12_2024,0.0,0.032878846,0
img_01429_p14_2024,0.0,0.02546909,0
img_01429_p15_2024,0.0,0.031730063,0
img_01429_p16_2024,0.0,0.01895547,0
img_01429_p17_2024,0.0,0.02665263,0
img_01429_p18_2024,0.0,0.02101588,0
img_01429_p19_2024,0.0,0.030971264,0
img_01742_2024,0.0,0.018692281,0
img_01745_2024,0.0,0.0121233445,0
img_01736_2024,0.0,0.01157822,0
img_01749_2024,0.0,0.039961416,0
img_01748_2024,0.0,0.027191158,0
img_01747_2024,0.0,0.02839723,0
img_01719_2024,0.0,0.18218257,0
img_01751_2024,0.0,0.010350333,0
img_01753_2024,0.0,0.01424741,0
img_01750_2024,0.0,0.014036433,0
img_01755_2024,0.0,0.08717784,0
img_01752_2024,0.0,0.03499318,0
img_01756_2024,0.0,0.055799812,0
img_01717_2024,0.0,0.012969435,0
img_01762_2024,0.0,0.027165651,0
img_01760_2024,0.0,0.011673084,0
img_01759_2024,0.0,0.026721273,0
img_01754_2024,0.0,0.040916186,0
img_01758_2024,0.0,0.10099591,0
img_01765_2024,0.0,0.017532384,0
img_01764_2024,0.0,0.032937042,0
img_01763_2024,0.0,0.034560107,0
img_01767_2024,0.0,0.014209156,0
img_01769_2024,0.0,0.029335521,0
img_01766_2024,0.0,0.07063399,0
img_01771_2024,0.0,0.009817106,0
img_01770_2024,0.0,0.008594594,0
img_01761_2024,0.0,0.012437331,0
img_01768_2024,0.0,0.040667247,0
img_01702_p01_2024,0.0,0.010453666,0
img_01702_p02_2024,0.0,0.1283574,0
img_01702_p03_2024,0.0,0.020086959,0
img_01702_p04_2024,0.0,0.019601075,0
img_01702_p05_2024,0.0,0.022441508,0
img_01774_2024,0.0,0.01786073,0
img_01773_2024,0.0,0.02894172,0
img_01775_2024,0.0,0.016386386,0
img_01776_2024,0.0,0.009409043,0
img_01778_2024,0.0,0.017183553,0
img_01757_p01_2024,0.0,0.01189905,0
img_01757_p02_2024,0.0,0.025484147,0
img_01777_2024,0.0,0.00857884,0
img_01781_2024,0.0,0.014565486,0
img_01784_2024,0.0,0.8736698,0
img_01779_2024,0.0,0.03172553,0
img_01780_2024,0.0,0.015845198,0
img_01782_2024,0.0,0.022236746,0
img_01772_2024,0.0,0.008956957,0
img_01783_2024,0.0,0.12052808,0
img_01575_p01_2024,0.0,0.010010901,0
img_01575_p02_2024,0.0,0.010738135,0
img_01575_p03_2024,0.0,0.02621291,0
img_01575_p04_2024,0.0,0.012316507,0
img_01575_p05_2024,0.0,0.008850722,0
img_01575_p06_2024,0.0,0.019305993,0
img_01575_p07_2024,0.0,0.019488774,0
img_01575_p08_2024,0.0,0.014575632,0
img_01575_p09_2024,0.0,0.031479873,0
img_01575_p10_2024,0.0,0.016267065,0
img_01575_p11_2024,0.0,0.011651028,0
img_01575_p12_2024,0.0,0.027502973,0
img_01785_2024,0.0,0.015859473,0
img_01792_2024,0.0,0.01823144,0
img_01789_2024,0.0,0.046495084,0
img_01790_2024,0.0,0.015302151,0
img_01791_2024,0.0,0.017047226,0
img_01794_2024,0.0,0.023649428,0
img_01786_2024,0.0,0.05131948,0
img_01796_2024,0.0,0.08787026,0
img_01795_2024,0.0,0.05979104,0
img_01787_2024,0.0,0.028827656,0
img_01788_2024,0.0,0.014752458,0
img_01800_2024,0.0,0.030945992,0
img_01798_2024,0.0,0.029688884,0
img_01801_2024,0.0,0.95396584,1
img_01793_2024,0.0,0.11705969,0
img_01803_2024,0.0,0.055074975,0
img_01797_2024,0.0,0.06521981,0
img_01802_2024,0.0,0.10292119,0
img_01804_2024,0.0,0.015637923,0
img_01805_2024,0.0,0.016658619,0
img_01810_2024,0.0,0.07239606,0
img_01809_2024,0.0,0.6043276,0
img_01807_2024,0.0,0.017877826,0
img_01811_2024,0.0,0.009380401,0
img_01799_2024,0.0,0.024619121,0
img_01812_2024,0.0,0.09626989,0
img_01814_2024,0.0,0.011434578,0
img_01813_2024,0.0,0.029898148,0
img_01816_2024,0.0,0.033908762,0
img_01818_2024,0.0,0.025635052,0
img_01808_2024,0.0,0.101212054,0
img_01819_2024,0.0,0.020841615,0
img_01815_2024,0.0,0.033995196,0
img_01821_2024,0.0,0.050992288,0
img_01822_2024,0.0,0.01122011,0
img_01817_2024,0.0,0.021979203,0
img_01825_2024,0.0,0.038772568,0
img_01820_2024,0.0,0.00969792,0
img_01823_2024,0.0,0.014533632,0
img_01824_2024,0.0,0.0203176,0
img_01828_2024,0.0,0.1002914,0
img_01830_2024,0.0,0.009468345,0
img_01837_2024,0.0,0.022339514,0
img_01827_2024,0.0,0.061076157,0
img_01832_2024,0.0,0.026920035,0
img_01829_2024,0.0,0.49655497,0
img_01826_2024,0.0,0.01003857,0
img_01833_2024,0.0,0.06246277,0
img_01836_2024,0.0,0.6942697,0
img_01834_2024,0.0,0.014567429,0
img_01838_2024,0.0,0.11306171,0
img_01831_2024,0.0,0.017111843,0
img_01842_2024,0.0,0.017641231,0
img_01843_2024,0.0,0.04807441,0
img_01835_2024,0.0,0.009902789,0
img_01846_2024,0.0,0.017003033,0
img_01841_2024,0.0,0.025448266,0
img_01850_2024,0.0,0.014443833,0
img_01851_2024,0.0,0.4970868,0
img_01839_2024,0.0,0.23086065,0
img_01848_2024,0.0,0.012744379,0
img_01845_2024,0.0,0.011909977,0
img_01854_2024,0.0,0.013288834,0
img_01853_2024,0.0,0.01801774,0
img_01847_2024,0.0,0.009047279,0
img_01855_2024,0.0,0.027042786,0
img_01856_2024,0.0,0.016662924,0
img_01857_2024,0.0,0.106671505,0
img_01858_2024,0.0,0.8919997,0
img_01862_2024,0.0,0.06194055,0
img_01860_2024,0.0,0.08747833,0
img_01861_2024,0.0,0.013226505,0
img_01806_p01_2024,0.0,0.6506415,0
img_01806_p02_2024,0.0,0.40683603,0
img_01806_p03_2024,0.0,0.025365964,0
img_01806_p04_2024,0.0,0.22202942,0
img_01844_p01_2024,0.0,0.062029812,0
img_01844_p02_2024,0.0,0.08292606,0
img_01859_2024,0.0,0.013746457,0
img_01866_2024,0.0,0.07167779,0
img_01864_2024,0.0,0.2274226,0
img_01863_2024,0.0,0.3303812,0
img_01865_2024,0.0,0.03861508,0
img_01867_2024,0.0,0.05537745,0
img_01871_2024,0.0,0.018113548,0
img_01868_2024,0.0,0.012923775,0
img_01870_2024,0.0,0.092903085,0
img_01873_2024,0.0,0.016068181,0
img_01869_2024,0.0,0.106024936,0
img_01876_2024,0.0,0.15688084,0
img_01877_2024,0.0,0.10871543,0
img_01883_2024,0.0,0.08550132,0
img_01880_2024,0.0,0.016752446,0
img_01874_2024,0.0,0.01930392,0
img_01881_2024,0.0,0.01543752,0
img_01885_2024,0.0,0.106643975,0
img_01882_2024,0.0,0.016418364,0
img_01879_2024,0.0,0.019254958,0
img_01888_2024,0.0,0.011615988,0
img_01872_2024,0.0,0.016169325,0
img_01889_2024,0.0,0.22138517,0
img_01886_2024,0.0,0.0704863,0
img_01878_2024,0.0,0.023283333,0
img_01884_2024,0.0,0.029212425,0
img_01890_2024,0.0,0.054705027,0
img_01887_2024,0.0,0.01036285,0
img_01895_2024,0.0,0.06873051,0
img_01894_2024,0.0,0.55463964,0
img_01892_2024,0.0,0.96233237,1
img_01896_2024,0.0,0.01667976,0
img_01897_2024,0.0,0.090589106,0
img_01900_2024,0.0,0.05246222,0
img_01902_2024,0.0,0.033322845,0
img_01901_2024,0.0,0.15752776,0
img_01893_2024,0.0,0.037119944,0
img_01898_2024,0.0,0.017126078,0
img_01903_2024,0.0,0.021025525,0
img_01899_2024,0.0,0.014645904,0
img_01904_2024,0.0,0.033232376,0
img_01907_2024,0.0,0.030609034,0
img_01905_2024,0.0,0.009167179,0
img_01906_2024,0.0,0.01637814,0
img_01852_p01_2024,0.0,0.013336682,0
img_01852_p02_2024,0.0,0.040544543,0
img_01852_p03_2024,0.0,0.026448328,0
img_01852_p04_2024,0.0,0.010987362,0
img_01908_2024,0.0,0.9668356,1
img_01910_2024,0.0,0.18110959,0
img_01912_2024,0.0,0.018603384,0
img_01918_2024,0.0,0.017854156,0
img_01915_2024,0.0,0.10585406,0
img_01909_2024,0.0,0.01584946,0
img_01916_2024,0.0,0.017513528,0
img_01911_2024,0.0,0.015646733,0
img_01917_2024,0.0,0.0666393,0
img_01919_2024,0.0,0.03661123,0
img_01913_2024,0.0,0.010360694,0
img_01922_2024,0.0,0.022495303,0
img_01921_2024,0.0,0.021697775,0
img_01924_2024,0.0,0.50404686,0
img_01914_2024,0.0,0.061810337,0
img_01923_2024,0.0,0.021902496,0
img_01925_2024,0.0,0.010542776,0
img_01930_2024,0.0,0.023211056,0
img_01927_2024,0.0,0.013673913,0
img_01891_p01_2024,0.0,0.092141464,0
img_01891_p02_2024,0.0,0.117893286,0
img_01928_2024,0.0,0.022464633,0
img_01933_2024,0.0,0.014727762,0
img_01929_2024,0.0,0.015508335,0
img_01931_2024,0.0,0.012217416,0
img_01849_p01_2024,0.0,0.019470645,0
img_01849_p02_2024,0.0,0.018701876,0
img_01849_p03_2024,0.0,0.17217901,0
img_01849_p04_2024,0.0,0.12308156,0
img_01849_p05_2024,0.0,0.015857583,0
img_01935_2024,0.0,0.016397994,0
img_01920_2024,0.0,0.03379125,0
img_01932_2024,0.0,0.0118219685,0
img_01937_2024,0.0,0.013434301,0
img_01940_2024,0.0,0.01717518,0
img_01939_2024,0.0,0.25088814,0
img_01945_2024,0.0,0.3880945,0
img_01936_2024,0.0,0.015953485,0
img_01934_2024,0.0,0.12566833,0
img_01944_2024,0.0,0.029552937,0
img_01943_2024,0.0,0.016088398,0
img_01946_2024,0.0,0.012372703,0
img_01938_2024,0.0,0.0102971755,0
img_01942_2024,0.0,0.017542679,0
img_01948_2024,0.0,0.0868493,0
img_01947_2024,0.0,0.017266808,0
img_01950_2024,0.0,0.017586438,0
img_01951_2024,0.0,0.7899796,0
img_01949_2024,0.0,0.023506004,0
img_01958_2024,0.0,0.021097044,0
img_01954_2024,0.0,0.029321838,0
img_01952_2024,0.0,0.054265954,0
img_01953_2024,0.0,0.016186446,0
img_01959_2024,0.0,0.067576386,0
img_01961_2024,0.0,0.016855238,0
img_01956_2024,0.0,0.019569086,0
img_01955_2024,0.0,0.020102888,0
img_01963_2024,0.0,0.05133444,0
img_01967_2024,0.0,0.018383982,0
img_01957_2024,0.0,0.015020186,0
img_01966_2024,0.0,0.017286578,0
img_01968_2024,0.0,0.009237027,0
img_01965_2024,0.0,0.020713486,0
img_01964_2024,0.0,0.59241855,0
img_01969_2024,0.0,0.02885886,0
img_01972_2024,0.0,0.025422204,0
img_01926_p01_2024,0.0,0.055010814,0
img_01926_p02_2024,0.0,0.030887004,0
img_01926_p03_2024,0.0,0.8048982,0
img_01926_p04_2024,0.0,0.05766681,0
img_01974_2024,0.0,0.017852742,0
img_01970_2024,0.0,0.010523112,0
img_01960_2024,0.0,0.016093638,0
img_01962_2024,0.0,0.02369658,0
img_01973_2024,0.0,0.032237846,0
img_01980_2024,0.0,0.024618166,0
img_01976_2024,0.0,0.01307124,0
img_01979_2024,0.0,0.45712224,0
img_01977_2024,0.0,0.18084317,0
img_01982_2024,0.0,0.12140177,0
img_01978_2024,0.0,0.008503817,0
img_01981_2024,0.0,0.010435318,0
img_01983_2024,0.0,0.02454013,0
img_01975_2024,0.0,0.019197624,0
img_01984_2024,0.0,0.47063512,0
img_01989_2024,0.0,0.02495307,0
img_01941_p01_2024,0.0,0.07334305,0
img_01941_p02_2024,0.0,0.03064575,0
img_01941_p03_2024,0.0,0.04033703,0
img_01985_2024,0.0,0.17814095,0
img_01992_2024,0.0,0.03683944,0
img_01993_2024,0.0,0.14794588,0
img_01991_2024,0.0,0.03512501,0
img_01990_2024,0.0,0.027281627,0
img_01994_2024,0.0,0.013793158,0
img_01986_2024,0.0,0.011124494,0
img_01995_2024,0.0,0.041133862,0
img_01997_2024,0.0,0.0119141685,0
img_02002_2024,0.0,0.024397206,0
img_01996_2024,0.0,0.15486342,0
img_02003_2024,0.0,0.14685184,0
img_01998_2024,0.0,0.013996517,0
img_01999_2024,0.0,0.048311256,0
img_02005_2024,0.0,0.016457938,0
img_02007_2024,0.0,0.009414448,0
img_02006_2024,0.0,0.0422426,0
img_02000_2024,0.0,0.17211191,0
img_02010_2024,0.0,0.023154171,0
img_02011_2024,0.0,0.013835059,0
img_02001_2024,0.0,0.43684387,0
img_02013_2024,0.0,0.022000145,0
img_02009_2024,0.0,0.024170384,0
img_02008_2024,0.0,0.009947059,0
img_02004_2024,0.0,0.038164005,0
img_01988_p01_2024,0.0,0.010014029,0
img_01988_p02_2024,0.0,0.007960982,0
img_02015_2024,0.0,0.565733,0
img_02012_2024,0.0,0.010666813,0
img_02016_2024,0.0,0.037059538,0
img_02020_2024,0.0,0.07387501,0
img_02014_2024,0.0,0.011057315,0
img_02019_2024,0.0,0.3748049,0
img_02018_2024,0.0,0.054403625,0
img_02017_2024,0.0,0.017718563,0
img_02025_2024,0.0,0.92492354,1
img_02026_2024,0.0,0.010047445,0
img_02028_2024,0.0,0.10914274,0
img_02023_2024,0.0,0.17726418,0
img_02021_2024,0.0,0.012319031,0
img_02027_2024,0.0,0.50392085,0
img_02031_2024,0.0,0.3600101,0
img_02030_2024,0.0,0.015726995,0
img_02029_2024,0.0,0.061385345,0
img_02032_2024,0.0,0.012899413,0
img_02033_2024,0.0,0.017556705,0
img_02036_2024,0.0,0.010709266,0
img_02035_2024,0.0,0.0101281265,0
img_02038_2024,0.0,0.969993,1
img_02037_2024,0.0,0.04305942,0
img_02040_2024,0.0,0.011223459,0
img_02041_2024,0.0,0.037997197,0
img_02042_2024,0.0,0.016833546,0
img_02045_2024,0.0,0.026431298,0
img_02034_2024,0.0,0.012744774,0
img_02043_2024,0.0,0.02177918,0
img_02044_2024,0.0,0.09427497,0
img_01971_p01_2024,0.0,0.036001083,0
img_01971_p02_2024,0.0,0.02030146,0
img_01971_p03_2024,0.0,0.011558465,0
img_01971_p04_2024,0.0,0.028496291,0
img_02048_2024,0.0,0.020379888,0
img_02039_2024,0.0,0.011641851,0
img_02049_2024,0.0,0.10801162,0
img_02052_2024,0.0,0.020021556,0
img_02051_2024,0.0,0.025437651,0
img_02050_2024,0.0,0.015985465,0
img_02047_2024,0.0,0.052177746,0
img_02053_2024,0.0,0.048382286,0
img_02058_2024,0.0,0.02583412,0
img_02055_2024,0.0,0.009501128,0
img_02056_2024,0.0,0.29148838,0
img_02054_2024,0.0,0.020773064,0
img_02059_2024,0.0,0.03509657,0
img_02060_2024,0.0,0.43918198,0
img_02066_2024,0.0,0.034924712,0
img_02064_2024,0.0,0.99459225,1
img_02062_2024,0.0,0.4042162,0
img_02061_2024,0.0,0.01181538,0
img_02046_2024,0.0,0.015900973,0
img_02063_2024,0.0,0.017128848,0
img_02067_2024,0.0,0.1693379,0
img_02069_2024,0.0,0.034909848,0
img_02072_2024,0.0,0.0681335,0
img_02071_2024,0.0,0.046603344,0
img_02068_2024,0.0,0.018980164,0
img_02073_2024,0.0,0.016682733,0
img_02070_2024,0.0,0.018651243,0
img_02074_2024,0.0,0.018689016,0
img_02076_2024,0.0,0.06743744,0
img_02079_2024,0.0,0.046168547,0
img_02078_2024,0.0,0.03358288,0
img_02075_2024,0.0,0.016745834,0
img_01987_p01_2024,0.0,0.018730989,0
img_01987_p02_2024,0.0,0.04121707,0
img_01987_p03_2024,0.0,0.019906461,0
img_01987_p04_2024,0.0,0.055382602,0
img_02077_2024,0.0,0.00840881,0
img_02080_2024,0.0,0.11175027,0
img_02083_2024,0.0,0.06647108,0
img_02081_2024,0.0,0.024757262,0
img_02085_2024,0.0,0.3899352,0
img_02086_2024,0.0,0.045920018,0
img_02087_2024,0.0,0.026898554,0
img_02090_2024,0.0,0.029561901,0
img_02057_p01_2024,0.0,0.017751632,0
img_02057_p02_2024,0.0,0.08996699,0
img_02057_p03_2024,0.0,0.08262306,0
img_02089_2024,0.0,0.017353924,0
img_02094_2024,0.0,0.3396832,0
img_02091_2024,0.0,0.828966,0
img_02096_2024,0.0,0.03456897,0
img_02092_2024,0.0,0.017020328,0
img_02097_2024,0.0,0.055697385,0
img_02095_2024,0.0,0.36569202,0
img_02099_2024,0.0,0.6150965,0
img_02098_2024,0.0,0.023669153,0
img_02093_2024,0.0,0.056843307,0
img_02102_2024,0.0,0.008798579,0
img_02082_p01_2024,0.0,0.0134287225,0
img_02082_p02_2024,0.0,0.023181312,0
img_02105_2024,0.0,0.05696012,0
img_02104_2024,0.0,0.08499678,0
img_02100_2024,0.0,0.018275833,0
img_02101_2024,0.0,0.03359912,0
img_02084_p01_2024,0.0,0.021335667,0
img_02084_p02_2024,0.0,0.023249483,0
img_02107_2024,0.0,0.021968469,0
img_02110_2024,0.0,0.10440454,0
img_02022_p01_2024,0.0,0.013546146,0
img_02022_p02_2024,0.0,0.018727006,0
img_02022_p03_2024,0.0,0.025199173,0
img_02022_p04_2024,0.0,0.015874954,0
img_02022_p05_2024,0.0,0.017080266,0
img_02022_p06_2024,0.0,0.09245642,0
img_02111_2024,0.0,0.2215994,0
img_02109_2024,0.0,0.04665182,0
img_02115_2024,0.0,0.011143704,0
img_02116_2024,0.0,0.050878003,0
img_02108_2024,0.0,0.0112739,0
img_02088_p01_2024,0.0,0.014745805,0
img_02088_p02_2024,0.0,0.017482681,0
img_02113_2024,0.0,0.017503561,0
img_02117_2024,0.0,0.6013238,0
img_02114_2024,0.0,0.5056015,0
img_02119_2024,0.0,0.013930502,0
img_02118_2024,0.0,0.8888535,0
img_02106_p01_2024,0.0,0.023082817,0
img_02106_p02_2024,0.0,0.036178812,0
img_02112_2024,0.0,0.04380694,0
img_02120_2024,0.0,0.020844048,0
img_02123_2024,0.0,0.009902074,0
img_02122_2024,0.0,0.023750817,0
img_02121_2024,0.0,0.019224875,0
img_02128_2024,0.0,0.010863641,0
img_02129_2024,0.0,0.014210972,0
img_02125_2024,0.0,0.008759024,0
img_02103_p01_2024,0.0,0.011046303,0
img_02103_p02_2024,0.0,0.051634584,0
img_02127_2024,0.0,0.008858355,0
img_02124_2024,0.0,0.017897729,0
img_02131_2024,0.0,0.0126581965,0
img_02134_2024,0.0,0.030488241,0
img_02130_2024,0.0,0.5647677,0
img_02065_p01_2024,0.0,0.04816853,0
img_02065_p02_2024,0.0,0.011314159,0
img_02065_p03_2024,0.0,0.009639386,0
img_02065_p04_2024,0.0,0.017361699,0
img_02065_p05_2024,0.0,0.12846904,0
img_02133_2024,0.0,0.036614224,0
img_02135_2024,0.0,0.041583735,0
img_02132_2024,0.0,0.013191203,0
img_02137_2024,0.0,0.017385412,0
img_02138_2024,0.0,0.01723629,0
img_02136_2024,0.0,0.028972492,0
img_02139_2024,0.0,0.01990789,0
img_02141_2024,0.0,0.045850042,0
img_02126_p01_2024,0.0,0.39965975,0
img_02126_p02_2024,0.0,0.469583,0
img_02143_2024,0.0,0.019189527,0
img_02142_2024,0.0,0.22489218,0
img_02146_2024,0.0,0.0261217,0
img_02145_2024,0.0,0.018767282,0
img_02140_2024,0.0,0.11689602,0
img_02148_2024,0.0,0.0136719,0
img_02147_2024,0.0,0.011710546,0
img_02150_2024,0.0,0.03851866,0
img_02151_2024,0.0,0.012969745,0
img_02149_2024,0.0,0.012052899,0
img_02157_2024,0.0,0.044100087,0
img_02144_2024,0.0,0.01619405,0
img_02161_2024,0.0,0.027489811,0
img_02153_2024,0.0,0.023759736,0
img_02156_2024,0.0,0.011390062,0
img_02158_2024,0.0,0.017582558,0
img_02159_2024,0.0,0.28072444,0
img_02152_2024,0.0,0.324172,0
img_02160_2024,0.0,0.036930278,0
img_02163_2024,0.0,0.012947881,0
img_02162_2024,0.0,0.19722791,0
img_02164_2024,0.0,0.011124463,0
img_02155_2024,0.0,0.08142003,0
img_02167_2024,0.0,0.2918463,0
img_02165_2024,0.0,0.0170545,0
img_02154_2024,0.0,0.038366,0
img_02170_2024,0.0,0.022829369,0
img_02169_2024,0.0,0.009899709,0
img_02171_2024,0.0,0.019219251,0
img_02173_2024,0.0,0.061336044,0
img_02176_2024,0.0,0.011819707,0
img_02174_2024,0.0,0.015620572,0
img_02180_2024,0.0,0.03550385,0
img_02179_2024,0.0,0.03510915,0
img_02178_2024,0.0,0.017811695,0
img_02168_2024,0.0,0.0114584975,0
img_02177_2024,0.0,0.017469956,0
img_02181_2024,0.0,0.025455942,0
img_02183_2024,0.0,0.013199641,0
img_02175_2024,0.0,0.022305587,0
img_02185_2024,0.0,0.0776738,0
img_02182_2024,0.0,0.07426435,0
img_02186_2024,0.0,0.019698782,0
img_02166_p01_2024,0.0,0.22962281,0
img_02166_p02_2024,0.0,0.5216762,0
img_02184_2024,0.0,0.046493806,0
img_02189_2024,0.0,0.069364525,0
img_02192_2024,0.0,0.026961673,0
img_02191_2024,0.0,0.044875182,0
img_02193_2024,0.0,0.0575249,0
img_02194_2024,0.0,0.065095864,0
img_02195_2024,0.0,0.015435846,0
img_02197_2024,0.0,0.95220006,1
img_02187_2024,0.0,0.06252727,0
img_02196_2024,0.0,0.019802589,0
img_02172_p01_2024,0.0,0.018694198,0
img_02172_p02_2024,0.0,0.019853847,0
img_02188_2024,0.0,0.018107448,0
img_02199_2024,0.0,0.027518542,0
img_02203_2024,0.0,0.036459126,0
img_02198_2024,0.0,0.059383392,0
img_02190_2024,0.0,0.038657296,0
img_02200_2024,0.0,0.117810145,0
img_02201_2024,0.0,0.008872076,0
img_02204_2024,0.0,0.012517607,0
img_02024_p01_2024,0.0,0.054572444,0
img_02024_p02_2024,0.0,0.017967017,0
img_02024_p03_2024,0.0,0.01849037,0
img_02024_p04_2024,0.0,0.01179186,0
img_02024_p05_2024,0.0,0.01072892,0
img_02024_p06_2024,0.0,0.017278893,0
img_02024_p07_2024,0.0,0.009594647,0
img_02024_p08_2024,0.0,0.014985348,0
img_02206_2024,0.0,0.0651409,0
img_02207_2024,0.0,0.010129991,0
img_02205_2024,0.0,0.03326941,0
img_02209_2024,0.0,0.009921667,0
img_02211_2024,0.0,0.021046005,0
img_02202_2024,0.0,0.009120198,0
img_02208_2024,0.0,0.042140454,0
img_02212_2024,0.0,0.015243273,0
img_02213_2024,0.0,0.0101355575,0
img_02214_2024,0.0,0.063792706,0
img_02210_2024,0.0,0.2871837,0
img_02216_2024,0.0,0.022446578,0
img_02215_2024,0.0,0.01981771,0
img_02218_2024,0.0,0.03037375,0
img_02219_2024,0.0,0.025346309,0
img_02220_2024,0.0,0.016530385,0
img_02221_2024,0.0,0.012667741,0
img_02223_2024,0.0,0.024266887,0
img_02224_2024,0.0,0.06468878,0
img_02222_2024,0.0,0.02250788,0
img_02227_2024,0.0,0.017064262,0
img_02217_2024,0.0,0.086340874,0
img_02228_2024,0.0,0.009296407,0
img_02229_2024,0.0,0.027213441,0
img_02225_2024,0.0,0.024769705,0
img_02230_2024,0.0,0.21383926,0
img_02226_2024,0.0,0.009814177,0
img_02232_2024,0.0,0.1048235,0
img_02233_2024,0.0,0.011320636,0
img_02235_2024,0.0,0.026923139,0
img_02237_2024,0.0,0.49445587,0
img_02231_2024,0.0,0.031907745,0
img_02242_2024,0.0,0.023350786,0
img_02241_2024,0.0,0.0072267884,0
img_02244_2024,0.0,0.34187168,0
img_02245_2024,0.0,0.35439572,0
img_02239_2024,0.0,0.31413338,0
img_02238_2024,0.0,0.028590309,0
img_02236_2024,0.0,0.0112247765,0
img_02243_2024,0.0,0.009988737,0
img_02250_2024,0.0,0.36069086,0
img_02246_2024,0.0,0.2568505,0
img_02248_2024,0.0,0.028106807,0
img_02251_2024,0.0,0.04495902,0
img_02247_2024,0.0,0.02757392,0
img_02252_2024,0.0,0.028633215,0
img_02254_2024,0.0,0.15541932,0
img_02253_2024,0.0,0.01998519,0
img_02249_2024,0.0,0.016869681,0
img_02256_2024,0.0,0.016688952,0
img_02258_2024,0.0,0.010874108,0
img_02257_2024,0.0,0.020538049,0
img_02255_2024,0.0,0.013657805,0
img_02259_2024,0.0,0.037971046,0
img_02260_2024,0.0,0.8098014,0
img_02263_2024,0.0,0.015473902,0
img_02262_2024,0.0,0.028541224,0
img_02264_2024,0.0,0.014063402,0
img_02261_2024,0.0,0.07286303,0
img_02268_2024,0.0,0.016930865,0
img_02271_2024,0.0,0.022972794,0
img_02265_2024,0.0,0.016711794,0
img_02269_2024,0.0,0.023693116,0
img_02270_2024,0.0,0.015408867,0
img_02267_2024,0.0,0.010075371,0
img_02275_2024,0.0,0.0095913615,0
img_02273_2024,0.0,0.010233541,0
img_02274_2024,0.0,0.013364865,0
img_02276_2024,0.0,0.03169561,0
img_02277_2024,0.0,0.015645308,0
img_02272_2024,0.0,0.24845181,0
img_02278_2024,0.0,0.008751265,0
img_02280_2024,0.0,0.06574155,0
img_02279_2024,0.0,0.05824781,0
img_02281_2024,0.0,0.01051082,0
img_02234_p01_2024,0.0,0.01961535,0
img_02234_p02_2024,0.0,0.014592784,0
img_02234_p03_2024,0.0,0.013749114,0
img_02234_p04_2024,0.0,0.020865094,0
img_02284_2024,0.0,0.01714062,0
img_02282_2024,0.0,0.023478242,0
img_02285_2024,0.0,0.027477799,0
img_02286_2024,0.0,0.032232024,0
img_02288_2024,0.0,0.019382944,0
img_02289_2024,0.0,0.023390075,0
img_02292_2024,0.0,0.018812973,0
img_02290_2024,0.0,0.03460915,0
img_02291_2024,0.0,0.03179323,0
img_02294_2024,0.0,0.00830679,0
img_02293_2024,0.0,0.7570002,0
img_02295_2024,0.0,0.4326749,0
img_02266_p01_2024,0.0,0.0142777255,0
img_02266_p02_2024,0.0,0.01312565,0
img_02283_2024,0.0,0.012679447,0
img_02240_p01_2024,0.0,0.02018027,0
img_02240_p02_2024,0.0,0.040154148,0
img_02240_p03_2024,0.0,0.02136274,0
img_02240_p04_2024,0.0,0.031101039,0
img_02297_2024,0.0,0.3045995,0
img_02296_2024,0.0,0.026331723,0
img_02298_2024,0.0,0.024295831,0
img_02299_2024,0.0,0.15257248,0
img_02300_2024,0.0,0.033237204,0
img_02287_p01_2024,0.0,0.040302545,0
img_02287_p02_2024,0.0,0.01728269,0
img_02301_2024,0.0,0.33338788,0
img_02302_2024,0.0,0.027419558,0
img_02306_2024,0.0,0.016771063,0
img_02308_2024,0.0,0.014294035,0
img_02303_2024,0.0,0.014070882,0
img_01686_p01_2024,0.0,0.1804908,0
img_01686_p02_2024,0.0,0.09762946,0
img_01686_p03_2024,0.0,0.8271572,0
img_01686_p04_2024,0.0,0.031391162,0
img_01686_p05_2024,0.0,0.038502727,0
img_01686_p06_2024,0.0,0.124154456,0
img_01686_p07_2024,0.0,0.060867466,0
img_01686_p08_2024,0.0,0.037738517,0
img_01686_p09_2024,0.0,0.018325998,0
img_01686_p10_2024,0.0,0.09816211,0
img_01686_p11_2024,0.0,0.1202486,0
img_01686_p12_2024,0.0,0.08324417,0
img_01686_p13_2024,0.0,0.30984876,0
img_01686_p14_2024,0.0,0.01535851,0
img_01686_p15_2024,0.0,0.02293981,0
img_01686_p16_2024,0.0,0.030518167,0
img_01686_p17_2024,0.0,0.7163337,0
img_01686_p18_2024,0.0,0.030115236,0
img_01686_p19_2024,0.0,0.074945495,0
img_01686_p20_2024,0.0,0.018694665,0
img_01686_p21_2024,0.0,0.020459289,0
img_01686_p22_2024,0.0,0.019089723,0
img_01686_p23_2024,0.0,0.5031679,0
img_01686_p25_2024,0.0,0.014702728,0
img_01686_p26_2024,0.0,0.036222752,0
img_01686_p27_2024,0.0,0.041094337,0
img_01686_p28_2024,0.0,0.031233372,0
img_01686_p29_2024,0.0,0.035705015,0
img_01686_p30_2024,0.0,0.025697393,0
img_01686_p31_2024,0.0,0.13279776,0
img_01686_p32_2024,0.0,0.028759744,0
img_01686_p33_2024,0.0,0.035193395,0
img_02307_2024,0.0,0.08213218,0
img_02311_2024,0.0,0.0087450575,0
img_02305_2024,0.0,0.0133541105,0
img_02309_2024,0.0,0.015019086,0
img_02312_2024,0.0,0.01450598,0
img_02316_2024,0.0,0.03624217,0
img_02310_2024,0.0,0.019359656,0
img_02317_2024,0.0,0.011594361,0
img_01875_p01_2024,0.0,0.4643453,0
img_01875_p02_2024,0.0,0.048688572,0
img_01875_p03_2024,0.0,0.5711478,0
img_01875_p04_2024,0.0,0.23771104,0
img_01875_p05_2024,0.0,0.76571107,0
img_01875_p06_2024,0.0,0.52629423,0
img_01875_p07_2024,0.0,0.22201318,0
img_01875_p08_2024,0.0,0.16607313,0
img_01875_p09_2024,0.0,0.040170874,0
img_01875_p10_2024,0.0,0.03603013,0
img_01875_p11_2024,0.0,0.013805312,0
img_01875_p12_2024,0.0,0.08219937,0
img_01875_p13_2024,0.0,0.9595869,1
img_01875_p14_2024,0.0,0.96557736,1
img_01875_p15_2024,0.0,0.5774993,0
img_01875_p16_2024,0.0,0.34388173,0
img_01875_p17_2024,0.0,0.017479528,0
img_01875_p18_2024,0.0,0.021849077,0
img_01875_p19_2024,0.0,0.015589141,0
img_01875_p20_2024,0.0,0.03651974,0
img_01875_p21_2024,0.0,0.35518998,0
img_01875_p22_2024,0.0,0.8728057,0
img_01875_p23_2024,0.0,0.02880615,0
img_01875_p24_2024,0.0,0.019601729,0
img_01875_p25_2024,0.0,0.011668095,0
img_02315_2024,0.0,0.11658435,0
img_02314_2024,0.0,0.013384295,0
img_02319_2024,0.0,0.013379215,0
img_02321_2024,0.0,0.04588151,0
img_02318_2024,0.0,0.035747487,0
img_02323_2024,0.0,0.01040255,0
img_02304_p01_2024,0.0,0.011439566,0
img_02304_p02_2024,0.0,0.016751628,0
img_02325_2024,0.0,0.060494054,0
img_02328_2024,0.0,0.057495903,0
img_02322_2024,0.0,0.017729074,0
img_02329_2024,0.0,0.024536295,0
img_02324_2024,0.0,0.018538183,0
img_02327_2024,0.0,0.020019723,0
img_02326_2024,0.0,0.078725874,0
img_02313_2024,0.0,0.024116257,0
img_02332_2024,0.0,0.011022014,0
img_02333_2024,0.0,0.06753977,0
img_02331_2024,0.0,0.01425287,0
img_02334_2024,0.0,0.027477745,0
img_02337_2024,0.0,0.029935742,0
img_02336_2024,0.0,0.047362924,0
img_02330_2024,0.0,0.04954258,0
img_02340_2024,0.0,0.09374351,0
img_02335_2024,0.0,0.09726382,0
img_02339_2024,0.0,0.04312339,0
img_02320_p01_2024,0.0,0.018179022,0
img_02320_p02_2024,0.0,0.034391508,0
img_02342_2024,0.0,0.029601725,0
img_02348_2024,0.0,0.077084936,0
img_02347_2024,0.0,0.017977208,0
img_02345_2024,0.0,0.6166966,0
img_02343_2024,0.0,0.013969004,0
img_02341_2024,0.0,0.022157831,0
img_02346_2024,0.0,0.012218372,0
img_02338_2024,0.0,0.05050188,0
img_02349_2024,0.0,0.014570566,0
img_02344_2024,0.0,0.011928317,0
img_02350_2024,0.0,0.05143121,0
img_02353_2024,0.0,0.08988649,0
img_02355_2024,0.0,0.023646101,0
img_02352_2024,0.0,0.02435864,0
img_02358_2024,0.0,0.08991619,0
img_02357_2024,0.0,0.031934716,0
img_02354_2024,0.0,0.041375093,0
img_02360_2024,0.0,0.015351568,0
img_02356_2024,0.0,0.010103336,0
img_02366_2024,0.0,0.11899251,0
img_02361_2024,0.0,0.033145294,0
img_02362_2024,0.0,0.010478579,0
img_02368_2024,0.0,0.01774933,0
img_02364_2024,0.0,0.039231557,0
img_02365_2024,0.0,0.02452497,0
img_02376_2024,0.0,0.8797191,0
img_02370_2024,0.0,0.023142371,0
img_02369_2024,0.0,0.010213301,0
img_02375_2024,0.0,0.05562739,0
img_02373_2024,0.0,0.28604224,0
img_02372_2024,0.0,0.034547288,0
img_02351_p01_2024,0.0,0.022504738,0
img_02351_p02_2024,0.0,0.025744481,0
img_02384_2024,0.0,0.010144211,0
img_02371_2024,0.0,0.09801721,0
img_02380_2024,0.0,0.020292794,0
img_02377_2024,0.0,0.06571739,0
img_02379_2024,0.0,0.015073726,0
img_02387_2024,0.0,0.013195362,0
img_02389_2024,0.0,0.016997576,0
img_02363_2024,0.0,0.39235845,0
img_02385_2024,0.0,0.020925036,0
img_02381_2024,0.0,0.02104975,0
img_02383_2024,0.0,0.017180404,0
img_02367_2024,0.0,0.26894787,0
img_02374_2024,0.0,0.009590945,0
img_02378_p01_2024,0.0,0.015190433,0
img_02378_p02_2024,0.0,0.047300935,0
img_02390_2024,0.0,0.017357185,0
img_02391_2024,0.0,0.010219279,0
img_02394_2024,0.0,0.12210675,0
img_02392_2024,0.0,0.012259451,0
img_02382_2024,0.0,0.02163656,0
img_02396_2024,0.0,0.3660062,0
img_02398_2024,0.0,0.029384354,0
img_02397_2024,0.0,0.23117346,0
img_02393_2024,0.0,0.0949738,0
img_02359_2024,0.0,0.016713494,0
img_02400_2024,0.0,0.012052263,0
img_02386_2024,0.0,0.014457572,0
img_02403_2024,0.0,0.013757154,0
img_02404_2024,0.0,0.042417336,0
img_02388_p01_2024,0.0,0.079703964,0
img_02388_p02_2024,0.0,0.37231025,0
img_02401_2024,0.0,0.14169073,0
img_02395_2024,0.0,0.012110536,0
img_02411_2024,0.0,0.061871942,0
img_02402_2024,0.0,0.012165957,0
img_02409_2024,0.0,0.03702114,0
img_02405_2024,0.0,0.021769699,0
img_02413_2024,0.0,0.020374482,0
img_02414_2024,0.0,0.033145003,0
img_02417_2024,0.0,0.04240699,0
img_02406_2024,0.0,0.018251745,0
img_02407_2024,0.0,0.03316098,0
img_02412_2024,0.0,0.10358212,0
img_02420_2024,0.0,0.02367985,0
img_02418_2024,0.0,0.01015534,0
img_02416_2024,0.0,0.1390192,0
img_02410_2024,0.0,0.028747719,0
img_02419_2024,0.0,0.02779715,0
img_02423_2024,0.0,0.01537073,0
img_02424_2024,0.0,0.013700221,0
img_02415_2024,0.0,0.02626572,0
img_02428_2024,0.0,0.097975835,0
img_02422_2024,0.0,0.018326743,0
img_02430_2024,0.0,0.03124434,0
img_02426_2024,0.0,0.021633256,0
img_02435_2024,0.0,0.33238864,0
img_02433_2024,0.0,0.55810016,0
img_02431_2024,0.0,0.01093497,0
img_02434_2024,0.0,0.054553375,0
img_02437_2024,0.0,0.051276304,0
img_02438_2024,0.0,0.010084431,0
img_02432_2024,0.0,0.012440933,0
img_02408_p01_2024,0.0,0.7934794,0
img_02408_p02_2024,0.0,0.023405679,0
img_02439_2024,0.0,0.2527398,0
img_02429_2024,0.0,0.020058025,0
img_02441_2024,0.0,0.046923134,0
img_02443_2024,0.0,0.039469123,0
img_02448_2024,0.0,0.09199115,0
img_02447_2024,0.0,0.9286679,1
img_02442_2024,0.0,0.2609876,0
img_02436_2024,0.0,0.690838,0
img_02421_p01_2024,0.0,0.019630611,0
img_02421_p02_2024,0.0,0.013865089,0
img_02440_2024,0.0,0.030674517,0
img_02445_2024,0.0,0.04011469,0
img_02451_2024,0.0,0.0823028,0
img_02444_2024,0.0,0.02514556,0
img_02446_2024,0.0,0.01999063,0
img_02449_2024,0.0,0.012778423,0
img_02427_p01_2024,0.0,0.029518723,0
img_02427_p02_2024,0.0,0.02409292,0
img_02450_2024,0.0,0.20640168,0
img_02452_2024,0.0,0.051097713,0
img_02453_2024,0.0,0.011573762,0
img_02456_2024,0.0,0.052395187,0
img_02459_2024,0.0,0.016715022,0
img_02465_2024,0.0,0.046334192,0
img_02460_2024,0.0,0.011665033,0
img_02467_2024,0.0,0.019179385,0
img_02461_2024,0.0,0.02435941,0
img_02462_2024,0.0,0.030387003,0
img_02454_2024,0.0,0.019967224,0
img_02464_2024,0.0,0.021938955,0
img_02468_2024,0.0,0.020552319,0
img_02463_2024,0.0,0.015802372,0
img_02469_2024,0.0,0.037530437,0
img_02455_2024,0.0,0.069963954,0
img_02470_2024,0.0,0.007307177,0
img_02457_2024,0.0,0.024376148,0
img_02466_2024,0.0,0.023237351,0
img_02474_2024,0.0,0.0135432035,0
img_02475_2024,0.0,0.019879116,0
img_02480_2024,0.0,0.03280134,0
img_02472_2024,0.0,0.026442664,0
img_02476_2024,0.0,0.016887262,0
img_02479_2024,0.0,0.10717343,0
img_02481_2024,0.0,0.03458511,0
img_02477_2024,0.0,0.015493796,0
img_02473_2024,0.0,0.13638471,0
img_02478_2024,0.0,0.02436187,0
img_02483_2024,0.0,0.06223241,0
img_02487_2024,0.0,0.008871787,0
img_02484_2024,0.0,0.029072898,0
img_02485_2024,0.0,0.01554429,0
img_02482_2024,0.0,0.095185235,0
img_02486_2024,0.0,0.0086391205,0
img_02488_2024,0.0,0.019524395,0
img_02493_2024,0.0,0.018073782,0
img_02489_2024,0.0,0.21733502,0
img_02490_2024,0.0,0.2861013,0
img_02495_2024,0.0,0.16329664,0
img_02491_2024,0.0,0.022119688,0
img_02496_2024,0.0,0.01361817,0
img_02497_2024,0.0,0.016823195,0
img_02471_p01_2024,0.0,0.03170724,0
img_02471_p02_2024,0.0,0.014789819,0
img_02492_2024,0.0,0.2829869,0
img_02502_2024,0.0,0.011607096,0
img_02499_2024,0.0,0.013768934,0
img_02504_2024,0.0,0.023661476,0
img_02494_2024,0.0,0.031780485,0
img_02506_2024,0.0,0.013649483,0
img_02509_2024,0.0,0.4320348,0
img_02503_2024,0.0,0.055087425,0
img_02505_2024,0.0,0.03274892,0
img_02511_2024,0.0,0.030667212,0
img_02510_2024,0.0,0.018477796,0
img_02507_2024,0.0,0.06122118,0
img_02514_2024,0.0,0.014641541,0
img_02425_p01_2024,0.0,0.011359416,0
img_02425_p02_2024,0.0,0.018139914,0
img_02425_p03_2024,0.0,0.024607318,0
img_02425_p04_2024,0.0,0.043021906,0
img_02508_2024,0.0,0.023332926,0
img_02513_2024,0.0,0.012479699,0
img_02512_2024,0.0,0.024754746,0
img_02500_2024,0.0,0.013236616,0
img_02515_2024,0.0,0.054717332,0
img_02520_2024,0.0,0.94957477,1
img_02517_2024,0.0,0.01236307,0
img_02521_2024,0.0,0.6359882,0
img_02519_2024,0.0,0.020552551,0
img_02518_2024,0.0,0.012743503,0
img_02522_2024,0.0,0.05150641,0
img_02516_2024,0.0,0.0240116,0
img_02525_2024,0.0,0.015154117,0
img_02524_2024,0.0,0.009894396,0
img_02528_2024,0.0,0.04770754,0
img_02498_2024,0.0,0.01350544,0
img_02523_2024,0.0,0.023593763,0
img_02527_2024,0.0,0.023910489,0
img_02526_2024,0.0,0.050539847,0
img_02530_2024,0.0,0.019994643,0
img_02533_2024,0.0,0.087576546,0
img_02536_2024,0.0,0.553015,0
img_02501_2024,0.0,0.020528685,0
img_02534_2024,0.0,0.13637322,0
img_02531_2024,0.0,0.031987555,0
img_02535_2024,0.0,0.010195138,0
img_02539_2024,0.0,0.018058535,0
img_02532_2024,0.0,0.018707635,0
img_02543_2024,0.0,0.28966898,0
img_02399_p01_2024,0.0,0.024261039,0
img_02399_p02_2024,0.0,0.025208166,0
img_02399_p03_2024,0.0,0.010811032,0
img_02399_p04_2024,0.0,0.02196601,0
img_02399_p05_2024,0.0,0.0098628495,0
img_02399_p06_2024,0.0,0.029633384,0
img_02537_2024,0.0,0.014214921,0
img_02538_2024,0.0,0.014409554,0
img_02540_2024,0.0,0.032986555,0
img_02541_2024,0.0,0.72332245,0
img_02542_2024,0.0,0.12307883,0
img_02546_2024,0.0,0.066337064,0
img_02545_2024,0.0,0.048322912,0
img_02549_2024,0.0,0.026447307,0
img_02552_2024,0.0,0.05989075,0
img_02554_2024,0.0,0.12496026,0
img_02557_2024,0.0,0.05240955,0
img_02553_2024,0.0,0.018671691,0
img_02551_2024,0.0,0.0148094185,0
img_02556_2024,0.0,0.008012437,0
img_02548_2024,0.0,0.4317707,0
img_02555_2024,0.0,0.067909494,0
img_02560_2024,0.0,0.010097477,0
img_02550_2024,0.0,0.018029682,0
img_02562_2024,0.0,0.047369786,0
img_02565_2024,0.0,0.015518546,0
img_02544_2024,0.0,0.021336997,0
img_02559_2024,0.0,0.01402932,0
img_02529_p01_2024,0.0,0.010521314,0
img_02529_p02_2024,0.0,0.008728655,0
img_02564_2024,0.0,0.016235322,0
img_02558_2024,0.0,0.024068797,0
img_02561_2024,0.0,0.017617036,0
img_02563_2024,0.0,0.6009895,0
img_02566_2024,0.0,0.028302481,0
img_02568_2024,0.0,0.012300914,0
img_02567_2024,0.0,0.01794719,0
img_02573_2024,0.0,0.21137552,0
img_02572_2024,0.0,0.024392366,0
img_02570_2024,0.0,0.021851808,0
img_02571_2024,0.0,0.029381948,0
img_02579_2024,0.0,0.010539847,0
img_02547_p01_2024,0.0,0.018518819,0
img_02547_p02_2024,0.0,0.025447812,0
img_02576_2024,0.0,0.013058495,0
img_02577_2024,0.0,0.015376117,0
img_02580_2024,0.0,0.05617134,0
img_02581_2024,0.0,0.07649334,0
img_02578_2024,0.0,0.025535066,0
img_02569_2024,0.0,0.021193426,0
img_02585_2024,0.0,0.06274982,0
img_02586_2024,0.0,0.044826705,0
img_02575_2024,0.0,0.021142332,0
img_02584_2024,0.0,0.15011218,0
img_02583_2024,0.0,0.11247646,0
img_02588_2024,0.0,0.02144517,0
img_02587_2024,0.0,0.009541196,0
img_02593_2024,0.0,0.14225118,0
img_02589_2024,0.0,0.34583184,0
img_02590_2024,0.0,0.010722403,0
img_02596_2024,0.0,0.015765823,0
img_02595_2024,0.0,0.025595926,0
img_02602_2024,0.0,0.020407533,0
img_02599_2024,0.0,0.010058985,0
img_02594_2024,0.0,0.016652908,0
img_02601_2024,0.0,0.014770488,0
img_02597_2024,0.0,0.023951469,0
img_02603_2024,0.0,0.013083468,0
img_02591_2024,0.0,0.009626085,0
img_02604_2024,0.0,0.020739233,0
img_02574_2024,0.0,0.025949819,0
img_02605_2024,0.0,0.06736468,0
img_02600_2024,0.0,0.0999844,0
img_02592_2024,0.0,0.31174004,0
img_02598_2024,0.0,0.010842648,0
img_02607_2024,0.0,0.018532796,0
img_02608_2024,0.0,0.014726933,0
img_02609_2024,0.0,0.015758144,0
img_02613_2024,0.0,0.016878976,0
img_02612_2024,0.0,0.018748337,0
img_02614_2024,0.0,0.021114988,0
img_02606_2024,0.0,0.010402987,0
img_02615_2024,0.0,0.059835352,0
img_02621_2024,0.0,0.018496657,0
img_02619_2024,0.0,0.20215774,0
img_02618_2024,0.0,0.021877624,0
img_02622_2024,0.0,0.013053069,0
img_02610_2024,0.0,0.022555688,0
img_02624_2024,0.0,0.011912907,0
img_02616_2024,0.0,0.1801137,0
img_02623_2024,0.0,0.024185723,0
img_02625_2024,0.0,0.012784392,0
img_02611_2024,0.0,0.05218553,0
img_02627_2024,0.0,0.01388792,0
img_02620_2024,0.0,0.013869622,0
img_02630_2024,0.0,0.41010827,0
img_02626_2024,0.0,0.018500175,0
img_02628_2024,0.0,0.46972835,0
img_02629_2024,0.0,0.03168716,0
img_02640_2024,0.0,0.018515525,0
img_02635_2024,0.0,0.013573324,0
img_02633_2024,0.0,0.46927953,0
img_02634_2024,0.0,0.018444572,0
img_02642_2024,0.0,0.06456486,0
img_02638_2024,0.0,0.03638082,0
img_02641_2024,0.0,0.0074300393,0
img_02639_2024,0.0,0.023019848,0
img_02632_2024,0.0,0.024330614,0
img_02636_2024,0.0,0.012568138,0
img_02631_2024,0.0,0.4002297,0
img_02643_2024,0.0,0.5629562,0
img_02645_2024,0.0,0.00879825,0
img_02644_2024,0.0,0.021208001,0
img_02647_2024,0.0,0.026159711,0
img_02646_2024,0.0,0.019654557,0
img_02648_2024,0.0,0.015416907,0
img_02650_2024,0.0,0.010318331,0
img_02651_2024,0.0,0.02859532,0
img_02617_p01_2024,0.0,0.031273387,0
img_02617_p02_2024,0.0,0.016824292,0
img_02617_p03_2024,0.0,0.027781961,0
img_02657_2024,0.0,0.78388816,0
img_02655_2024,0.0,0.010002549,0
img_02652_2024,0.0,0.010375783,0
img_02637_2024,0.0,0.014130762,0
img_02656_2024,0.0,0.010595203,0
img_02653_2024,0.0,0.0130026145,0
img_02660_2024,0.0,0.05425127,0
img_02649_2024,0.0,0.1319566,0
img_02665_2024,0.0,0.015725983,0
img_02659_2024,0.0,0.00843118,0
img_02667_2024,0.0,0.029262623,0
img_02669_2024,0.0,0.015007408,0
img_02664_2024,0.0,0.10325922,0
img_02670_2024,0.0,0.022003205,0
img_02671_2024,0.0,0.74216646,0
img_02663_2024,0.0,0.14709805,0
img_02661_2024,0.0,0.012965174,0
img_02666_2024,0.0,0.019518865,0
img_02673_2024,0.0,0.16578066,0
img_02674_2024,0.0,0.015472551,0
img_02675_2024,0.0,0.061388437,0
img_02668_2024,0.0,0.016199939,0
img_02682_2024,0.0,0.011489456,0
img_02683_2024,0.0,0.015805094,0
img_02680_2024,0.0,0.012848323,0
img_02679_2024,0.0,0.07474046,0
img_02686_2024,0.0,0.059453465,0
img_02681_2024,0.0,0.95759207,1
img_02678_2024,0.0,0.05441838,0
img_02687_2024,0.0,0.9342023,1
img_02685_2024,0.0,0.014150624,0
img_02684_2024,0.0,0.009370548,0
img_02688_2024,0.0,0.015941339,0
img_02689_2024,0.0,0.012482673,0
img_02691_2024,0.0,0.042033665,0
img_02692_2024,0.0,0.4600884,0
img_02696_2024,0.0,0.025203193,0
img_02698_2024,0.0,0.15309006,0
img_02694_2024,0.0,0.015783561,0
img_02699_2024,0.0,0.011497756,0
img_02704_2024,0.0,0.010726016,0
img_02695_2024,0.0,0.012754798,0
img_02700_2024,0.0,0.01501862,0
img_02705_2024,0.0,0.09978203,0
img_02703_2024,0.0,0.066748075,0
img_02693_2024,0.0,0.017456064,0
img_02701_2024,0.0,0.06210465,0
img_02707_2024,0.0,0.07249908,0
img_02677_p01_2024,0.0,0.015098588,0
img_02677_p02_2024,0.0,0.027972825,0
img_02676_p01_2024,0.0,0.2871018,0
img_02676_p02_2024,0.0,0.95724404,1
img_02676_p03_2024,0.0,0.3262676,0
img_02710_2024,0.0,0.013972065,0
img_02708_2024,0.0,0.018478483,0
img_02706_2024,0.0,0.011389149,0
img_02690_2024,0.0,0.047802504,0
img_02697_2024,0.0,0.011854734,0
img_02712_2024,0.0,0.13853829,0
img_02702_2024,0.0,0.8208201,0
img_02716_2024,0.0,0.013271789,0
img_02709_2024,0.0,0.050510284,0
img_02654_p01_2024,0.0,0.019693874,0
img_02654_p02_2024,0.0,0.021864133,0
img_02654_p03_2024,0.0,0.04504944,0
img_02654_p04_2024,0.0,0.23993689,0
img_02711_2024,0.0,0.049013793,0
img_02720_2024,0.0,0.022519143,0
img_02723_2024,0.0,0.007654399,0
img_02717_2024,0.0,0.09821189,0
img_02714_2024,0.0,0.027991818,0
img_02672_p01_2024,0.0,0.044869736,0
img_02672_p02_2024,0.0,0.020443989,0
img_02715_2024,0.0,0.014720616,0
img_02721_2024,0.0,0.10487832,0
img_02713_2024,0.0,0.030328752,0
img_02722_2024,0.0,0.08827331,0
img_02729_2024,0.0,0.011894812,0
img_02730_2024,0.0,0.018474739,0
img_02733_2024,0.0,0.018454999,0
img_02719_2024,0.0,0.010523976,0
img_02732_2024,0.0,0.19083913,0
img_02734_2024,0.0,0.008725895,0
img_02725_2024,0.0,0.015253569,0
img_02726_2024,0.0,0.07407124,0
img_02731_2024,0.0,0.020739868,0
img_02718_p01_2024,0.0,0.029526766,0
img_02718_p02_2024,0.0,0.09441916,0
img_02735_2024,0.0,0.011452816,0
img_02737_2024,0.0,0.092677355,0
img_02738_2024,0.0,0.021694237,0
img_02739_2024,0.0,0.03192101,0
img_02742_2024,0.0,0.02070591,0
img_02728_2024,0.0,0.018465545,0
img_02743_2024,0.0,0.013255288,0
img_02736_2024,0.0,0.023223951,0
img_02746_2024,0.0,0.013285547,0
img_02741_2024,0.0,0.02633963,0
img_02745_2024,0.0,0.017900705,0
img_02727_2024,0.0,0.027489131,0
img_02751_2024,0.0,0.03617983,0
img_02724_p01_2024,0.0,0.012068347,0
img_02724_p02_2024,0.0,0.011920008,0
img_02752_2024,0.0,0.013572142,0
img_02750_2024,0.0,0.09955011,0
img_02753_2024,0.0,0.036257643,0
img_02740_2024,0.0,0.027754527,0
img_02747_2024,0.0,0.025818003,0
img_02744_2024,0.0,0.07735516,0
img_02757_2024,0.0,0.018243752,0
img_02759_2024,0.0,0.025781019,0
img_02754_2024,0.0,0.060666222,0
img_02760_2024,0.0,0.017726665,0
img_02748_2024,0.0,0.82439935,0
img_02756_2024,0.0,0.833619,0
img_02749_2024,0.0,0.022923486,0
img_02767_2024,0.0,0.026712015,0
img_02762_2024,0.0,0.058897316,0
img_02768_2024,0.0,0.011079822,0
img_02758_2024,0.0,0.02582848,0
img_02765_2024,0.0,0.9018367,0
img_02766_2024,0.0,0.016125252,0
img_02763_2024,0.0,0.032114875,0
img_02755_2024,0.0,0.019255765,0
img_02771_2024,0.0,0.018199224,0
img_02773_2024,0.0,0.04920104,0
img_02774_2024,0.0,0.040741984,0
img_02772_2024,0.0,0.012328974,0
img_02761_2024,0.0,0.21393874,0
img_02769_2024,0.0,0.014847474,0
img_02775_2024,0.0,0.043204233,0
img_02777_2024,0.0,0.08045688,0
img_02770_2024,0.0,0.0088724075,0
img_02778_2024,0.0,0.035897855,0
img_02779_2024,0.0,0.102609545,0
img_02764_2024,0.0,0.018929126,0
img_02782_2024,0.0,0.028520005,0
img_02781_2024,0.0,0.010718843,0
img_02776_2024,0.0,0.011263886,0
img_02780_2024,0.0,0.026096618,0
img_02788_2024,0.0,0.011292716,0
img_02785_2024,0.0,0.010299319,0
img_02786_2024,0.0,0.033189017,0
img_02783_2024,0.0,0.012970576,0
img_02784_2024,0.0,0.058444213,0
img_02790_2024,0.0,0.10403323,0
img_02787_2024,0.0,0.041210514,0
img_02792_2024,0.0,0.008639444,0
img_02791_2024,0.0,0.017646546,0
img_02789_2024,0.0,0.013637355,0
img_02801_2024,0.0,0.012225321,0
img_02802_2024,0.0,0.8428129,0
img_02803_2024,0.0,0.023772608,0
img_02796_2024,0.0,0.02125991,0
img_02800_2024,0.0,0.009312169,0
img_02798_2024,0.0,0.028142143,0
img_02794_2024,0.0,0.018820442,0
img_02793_2024,0.0,0.024011629,0
img_02809_2024,0.0,0.15728396,0
img_02799_2024,0.0,0.028708123,0
img_02811_2024,0.0,0.021911087,0
img_02797_2024,0.0,0.07343927,0
img_02805_2024,0.0,0.0134236505,0
img_02806_2024,0.0,0.016329356,0
img_02808_2024,0.0,0.072947174,0
img_02804_2024,0.0,0.025505964,0
img_02812_2024,0.0,0.011089513,0
img_02813_2024,0.0,0.012490595,0
img_02795_p01_2024,0.0,0.03932998,0
img_02795_p02_2024,0.0,0.016131677,0
img_02817_2024,0.0,0.013634168,0
img_02814_2024,0.0,0.010842596,0
img_02820_2024,0.0,0.061379317,0
img_02818_2024,0.0,0.021847894,0
img_02821_2024,0.0,0.008650972,0
img_02822_2024,0.0,0.017412748,0
img_02815_2024,0.0,0.028704878,0
img_02823_2024,0.0,0.018066138,0
img_02807_2024,0.0,0.012907082,0
img_02826_2024,0.0,0.051988475,0
img_02816_2024,0.0,0.064028814,0
img_02819_2024,0.0,0.025237327,0
img_02829_2024,0.0,0.085792325,0
img_02827_2024,0.0,0.03508975,0
img_02825_2024,0.0,0.024077188,0
img_02832_2024,0.0,0.04610077,0
img_02835_2024,0.0,0.30156347,0
img_02836_2024,0.0,0.017765032,0
img_02833_2024,0.0,0.016037513,0
img_02830_2024,0.0,0.030105196,0
img_02831_2024,0.0,0.0106190685,0
img_02840_2024,0.0,0.025288137,0
img_02828_2024,0.0,0.1007854,0
img_02841_2024,0.0,0.17171817,0
img_02842_2024,0.0,0.030141884,0
img_02838_2024,0.0,0.09243838,0
img_02837_2024,0.0,0.014236191,0
img_02843_2024,0.0,0.018332582,0
img_02845_2024,0.0,0.017197184,0
img_02847_2024,0.0,0.0293421,0
img_02834_2024,0.0,0.010304773,0
img_02824_p01_2024,0.0,0.051076587,0
img_02824_p02_2024,0.0,0.017283445,0
img_02850_2024,0.0,0.02980672,0
img_02849_2024,0.0,0.07797886,0
img_02856_2024,0.0,0.01406864,0
img_02855_2024,0.0,0.02398651,0
img_02851_2024,0.0,0.023221826,0
img_02854_2024,0.0,0.017118333,0
img_02859_2024,0.0,0.022897014,0
img_02848_2024,0.0,0.059814468,0
img_02852_2024,0.0,0.009900101,0
img_02858_2024,0.0,0.012699915,0
img_02844_2024,0.0,0.03270227,0
img_02861_2024,0.0,0.2203864,0
img_02839_2024,0.0,0.020217068,0
img_02857_2024,0.0,0.056181934,0
img_02863_2024,0.0,0.94220704,1
img_02853_2024,0.0,0.008680207,0
img_02862_2024,0.0,0.037990734,0
img_02865_2024,0.0,0.01830027,0
img_02846_2024,0.0,0.10495201,0
img_02868_2024,0.0,0.09318749,0
img_02860_2024,0.0,0.025957804,0
img_02870_2024,0.0,0.010275486,0
img_02873_2024,0.0,0.1193907,0
img_02871_2024,0.0,0.019558277,0
img_02874_2024,0.0,0.011938168,0
img_02867_2024,0.0,0.0247992,0
img_02872_2024,0.0,0.016269246,0
img_02866_2024,0.0,0.02246345,0
img_02869_2024,0.0,0.029788347,0
img_02878_2024,0.0,0.1755851,0
img_02881_2024,0.0,0.017142339,0
img_02879_2024,0.0,0.15710263,0
img_02882_2024,0.0,0.06678726,0
img_02875_2024,0.0,0.021669328,0
img_02877_2024,0.0,0.028396763,0
img_02883_2024,0.0,0.022431655,0
img_02864_2024,0.0,0.074683316,0
img_02880_2024,0.0,0.028363504,0
img_02888_2024,0.0,0.021815466,0
img_02891_2024,0.0,0.01759457,0
img_02887_2024,0.0,0.02138174,0
img_02884_2024,0.0,0.017044095,0
img_02899_2024,0.0,0.06934845,0
img_02893_2024,0.0,0.0107521,0
img_02900_2024,0.0,0.049507845,0
img_02892_2024,0.0,0.08925459,0
img_02886_2024,0.0,0.008853701,0
img_02889_2024,0.0,0.097996786,0
img_02896_2024,0.0,0.019610904,0
img_02901_2024,0.0,0.28963932,0
img_02890_2024,0.0,0.05481054,0
img_02904_2024,0.0,0.017402291,0
img_02908_2024,0.0,0.70497763,0
img_02910_2024,0.0,0.042051803,0
img_02906_2024,0.0,0.011569486,0
img_02898_2024,0.0,0.03615514,0
img_02902_2024,0.0,0.06805836,0
img_02913_2024,0.0,0.026084308,0
img_02897_p01_2024,0.0,0.13299333,0
img_02897_p02_2024,0.0,0.018393831,0
img_02909_2024,0.0,0.05647521,0
img_02914_2024,0.0,0.08353478,0
img_02907_2024,0.0,0.008151582,0
img_02911_2024,0.0,0.01449746,0
img_02919_2024,0.0,0.018279336,0
img_02920_2024,0.0,0.027398322,0
img_02921_2024,0.0,0.05977743,0
img_02905_2024,0.0,0.007704103,0
img_02915_2024,0.0,0.02456583,0
img_02917_2024,0.0,0.06249349,0
img_02916_2024,0.0,0.015452661,0
img_02923_2024,0.0,0.11090091,0
img_02885_2024,0.0,0.014514352,0
img_02918_2024,0.0,0.014860639,0
img_02903_p01_2024,0.0,0.087872215,0
img_02903_p02_2024,0.0,0.021382034,0
img_02925_2024,0.0,0.017069902,0
img_02929_2024,0.0,0.012212987,0
img_02924_2024,0.0,0.032903258,0
img_02927_2024,0.0,0.3045654,0
img_02931_2024,0.0,0.05097113,0
img_02926_2024,0.0,0.040538114,0
img_02928_2024,0.0,0.022467723,0
img_02922_2024,0.0,0.015176729,0
img_02932_2024,0.0,0.020351006,0
img_02894_2024,0.0,0.10676328,0
img_02930_2024,0.0,0.013582661,0
img_02933_2024,0.0,0.01607601,0
img_02912_p01_2024,0.0,0.01338456,0
img_02912_p02_2024,0.0,0.014577467,0
img_02934_2024,0.0,0.00917468,0
img_02895_2024,0.0,0.020861369,0
img_02937_2024,0.0,0.039594408,0
img_02936_2024,0.0,0.01137212,0
img_02938_2024,0.0,0.015232019,0
img_02810_p01_2024,0.0,0.06821193,0
img_02810_p02_2024,0.0,0.029242264,0
img_02810_p03_2024,0.0,0.017409207,0
img_02810_p04_2024,0.0,0.04089523,0
img_02810_p05_2024,0.0,0.040723354,0
img_02810_p06_2024,0.0,0.030816937,0
img_02810_p07_2024,0.0,0.14852224,0
img_02935_2024,0.0,0.012405305,0
img_02876_2024,0.0,0.021271443,0
img_02940_2024,0.0,0.014107842,0
img_02948_2024,0.0,0.040737744,0
img_02943_2024,0.0,0.010384535,0
img_02945_2024,0.0,0.022651726,0
img_02939_2024,0.0,0.011078021,0
img_02941_2024,0.0,0.013805741,0
img_02950_2024,0.0,0.04310744,0
img_02957_2024,0.0,0.041751117,0
img_02947_2024,0.0,0.03356982,0
img_02942_2024,0.0,0.020257251,0
img_02946_2024,0.0,0.10841558,0
img_02955_2024,0.0,0.025044631,0
img_02949_2024,0.0,0.008424856,0
img_02951_2024,0.0,0.016722037,0
img_02958_2024,0.0,0.011166115,0
img_02944_2024,0.0,0.010402456,0
img_02954_2024,0.0,0.037225064,0
img_02952_2024,0.0,0.014270996,0
img_02956_2024,0.0,0.013546714,0
img_02961_2024,0.0,0.06942774,0
img_02963_2024,0.0,0.040439866,0
img_02959_2024,0.0,0.021544233,0
img_02962_2024,0.0,0.012638277,0
img_02968_2024,0.0,0.019175882,0
img_02969_2024,0.0,0.019401101,0
img_02960_2024,0.0,0.012610526,0
img_02966_2024,0.0,0.016823478,0
img_02972_2024,0.0,0.011345116,0
img_02971_2024,0.0,0.014310384,0
img_02967_2024,0.0,0.037607998,0
img_02970_2024,0.0,0.07231718,0
img_02976_2024,0.0,0.021546122,0
img_02953_p01_2024,0.0,0.028776577,0
img_02953_p02_2024,0.0,0.13369225,0
img_02964_2024,0.0,0.039514024,0
img_02978_2024,0.0,0.40203515,0
img_02977_2024,0.0,0.02864861,0
img_02975_2024,0.0,0.009790516,0
img_02980_2024,0.0,0.29203087,0
img_02983_2024,0.0,0.011316672,0
img_02974_2024,0.0,0.016932588,0
img_02979_2024,0.0,0.010440878,0
img_02987_2024,0.0,0.020413911,0
img_02988_2024,0.0,0.03589703,0
img_02985_2024,0.0,0.014623068,0
img_02984_2024,0.0,0.025537819,0
img_02986_2024,0.0,0.015771344,0
img_02990_2024,0.0,0.085671976,0
img_02992_2024,0.0,0.011254749,0
img_02989_2024,0.0,0.014061624,0
img_02965_2024,0.0,0.010801068,0
img_02973_2024,0.0,0.017269041,0
img_02993_2024,0.0,0.91624945,1
img_02981_2024,0.0,0.029559651,0
img_02991_2024,0.0,0.014243868,0
img_02995_2024,0.0,0.015524374,0
img_02994_2024,0.0,0.016496351,0
img_03003_2024,0.0,0.0075979084,0
img_03001_2024,0.0,0.01669238,0
img_02996_2024,0.0,0.02972975,0
img_03008_2024,0.0,0.039495893,0
img_03000_2024,0.0,0.05200929,0
img_02999_2024,0.0,0.019524748,0
img_02998_2024,0.0,0.032664243,0
img_03004_2024,0.0,0.78615636,0
img_03006_2024,0.0,0.019644843,0
img_03007_2024,0.0,0.01655921,0
img_03009_2024,0.0,0.019027852,0
img_03002_2024,0.0,0.0087860245,0
img_02982_p01_2024,0.0,0.04196081,0
img_02982_p02_2024,0.0,0.08336759,0
img_03012_2024,0.0,0.012816351,0
img_03016_2024,0.0,0.04256548,0
img_03014_2024,0.0,0.09999624,0
img_03017_2024,0.0,0.0138332825,0
img_03013_2024,0.0,0.0987616,0
img_03023_2024,0.0,0.03895308,0
img_03020_2024,0.0,0.04969132,0
img_03022_2024,0.0,0.007829061,0
img_03005_2024,0.0,0.009833941,0
img_03015_2024,0.0,0.023823343,0
img_03011_2024,0.0,0.2042392,0
img_03010_2024,0.0,0.017336328,0
img_03025_2024,0.0,0.014877676,0
img_03021_2024,0.0,0.04572943,0
img_03024_2024,0.0,0.012769361,0
img_03028_2024,0.0,0.010607237,0
img_03018_2024,0.0,0.010534732,0
img_03026_2024,0.0,0.011148055,0
img_03027_2024,0.0,0.0145050455,0
img_03019_2024,0.0,0.015170535,0
img_03030_2024,0.0,0.036362767,0
img_03034_2024,0.0,0.014145356,0
img_03033_2024,0.0,0.016952952,0
img_03031_2024,0.0,0.059992705,0
img_03032_2024,0.0,0.05913754,0
img_03042_2024,0.0,0.027224684,0
img_03035_2024,0.0,0.019454192,0
img_03036_2024,0.0,0.6772488,0
img_03037_2024,0.0,0.022388935,0
img_03045_2024,0.0,0.022858016,0
img_03038_2024,0.0,0.16184825,0
img_03044_2024,0.0,0.01117509,0
img_03041_2024,0.0,0.01791237,0
img_03039_2024,0.0,0.04436194,0
img_03043_2024,0.0,0.13467537,0
img_03040_2024,0.0,0.011116256,0
img_03049_2024,0.0,0.7487129,0
img_02997_p01_2024,0.0,0.016515393,0
img_02997_p02_2024,0.0,0.8880367,0
img_02997_p03_2024,0.0,0.020039681,0
img_02997_p04_2024,0.0,0.6383517,0
img_03051_2024,0.0,0.0120189125,0
img_03055_2024,0.0,0.1186627,0
img_03054_2024,0.0,0.029036926,0
img_03057_2024,0.0,0.036004666,0
img_03060_2024,0.0,0.013425248,0
img_03053_2024,0.0,0.011309562,0
img_03052_2024,0.0,0.008875104,0
img_03059_2024,0.0,0.031329256,0
img_03056_2024,0.0,0.013854622,0
img_03048_2024,0.0,0.043794706,0
img_03058_2024,0.0,0.013186661,0
img_03061_2024,0.0,0.8721314,0
img_03063_2024,0.0,0.058072474,0
img_03064_2024,0.0,0.011025825,0
img_03065_2024,0.0,0.00901653,0
img_03062_2024,0.0,0.03991665,0
img_03066_2024,0.0,0.025578808,0
img_03068_2024,0.0,0.047575068,0
img_03067_2024,0.0,0.019541427,0
img_03069_2024,0.0,0.013387715,0
img_03075_2024,0.0,0.6876319,0
img_03029_p01_2024,0.0,0.013511534,0
img_03029_p02_2024,0.0,0.01993061,0
img_03073_2024,0.0,0.014487429,0
img_03074_2024,0.0,0.034684923,0
img_03072_2024,0.0,0.060709868,0
img_03071_2024,0.0,0.03309891,0
img_03070_2024,0.0,0.042251065,0
img_03080_2024,0.0,0.008456867,0
img_03077_2024,0.0,0.040569663,0
img_03078_2024,0.0,0.0096254125,0
img_03076_2024,0.0,0.013254434,0
img_03082_2024,0.0,0.011974365,0
img_03081_2024,0.0,0.01664828,0
img_03083_2024,0.0,0.04703556,0
img_03084_2024,0.0,0.048760902,0
img_03090_2024,0.0,0.042345308,0
img_03079_2024,0.0,0.016702378,0
img_03086_2024,0.0,0.018186064,0
img_03088_2024,0.0,0.013743897,0
img_03087_2024,0.0,0.010836773,0
img_03092_2024,0.0,0.015918128,0
img_03046_p01_2024,0.0,0.030723779,0
img_03046_p02_2024,0.0,0.009025584,0
img_03093_2024,0.0,0.009740058,0
img_03089_2024,0.0,0.01761815,0
img_03099_2024,0.0,0.03247888,0
img_03096_2024,0.0,0.0122944685,0
img_03091_2024,0.0,0.009548416,0
img_03101_2024,0.0,0.5964646,0
img_03102_2024,0.0,0.02276265,0
img_03104_2024,0.0,0.0311564,0
img_03095_2024,0.0,0.013918449,0
img_03106_2024,0.0,0.04451576,0
img_03094_2024,0.0,0.013648398,0
img_03107_2024,0.0,0.023688411,0
img_03097_2024,0.0,0.13492635,0
img_03110_2024,0.0,0.02673326,0
img_03105_2024,0.0,0.8916801,0
img_03112_2024,0.0,0.50011295,0
img_03103_2024,0.0,0.015273997,0
img_03113_2024,0.0,0.07637148,0
img_03114_2024,0.0,0.017467737,0
img_03108_2024,0.0,0.011400025,0
img_03100_p01_2024,0.0,0.021840842,0
img_03100_p02_2024,0.0,0.13266492,0
img_03111_2024,0.0,0.014239858,0
img_03098_p01_2024,0.0,0.02402251,0
img_03098_p02_2024,0.0,0.014830151,0
img_03116_2024,0.0,0.07891466,0
img_03118_2024,0.0,0.014713744,0
img_03121_2024,0.0,0.5829284,0
img_03119_2024,0.0,0.01239347,0
img_03124_2024,0.0,0.013693412,0
img_03109_2024,0.0,0.029194046,0
img_03120_2024,0.0,0.009081076,0
img_03123_2024,0.0,0.016209342,0
img_03117_2024,0.0,0.15317723,0
img_03122_2024,0.0,0.054599706,0
img_03127_2024,0.0,0.8632299,0
img_03130_2024,0.0,0.015354228,0
img_03128_2024,0.0,0.10842693,0
img_03125_2024,0.0,0.017840415,0
img_03129_2024,0.0,0.00960982,0
img_03131_2024,0.0,0.031758357,0
img_03134_2024,0.0,0.025321666,0
img_03132_2024,0.0,0.016097475,0
img_03133_2024,0.0,0.016931923,0
img_03135_2024,0.0,0.057056673,0
img_03137_2024,0.0,0.022962842,0
img_03115_p01_2024,0.0,0.12742591,0
img_03115_p02_2024,0.0,0.027134882,0
img_03136_2024,0.0,0.01645613,0
img_03126_2024,0.0,0.42211574,0
img_03139_2024,0.0,0.021876527,0
img_03141_2024,0.0,0.010191343,0
img_03138_2024,0.0,0.038124695,0
img_03140_2024,0.0,0.15688324,0
img_03143_2024,0.0,0.02951177,0
img_03142_2024,0.0,0.025118986,0
img_03149_2024,0.0,0.043145217,0
img_03146_2024,0.0,0.027817197,0
img_03145_2024,0.0,0.011804295,0
img_03150_2024,0.0,0.01824685,0
img_03151_2024,0.0,0.016845072,0
img_03154_2024,0.0,0.957275,1
img_03152_2024,0.0,0.022953574,0
img_03155_2024,0.0,0.012652256,0
img_03156_2024,0.0,0.034719825,0
img_03147_2024,0.0,0.0122144185,0
img_03148_2024,0.0,0.014343662,0
img_03160_2024,0.0,0.04890803,0
img_03144_2024,0.0,0.03140726,0
img_03157_2024,0.0,0.011940901,0
img_03159_2024,0.0,0.047893453,0
img_03162_2024,0.0,0.018617218,0
img_03163_2024,0.0,0.02012874,0
img_03161_2024,0.0,0.762109,0
img_03164_2024,0.0,0.0102596115,0
img_03166_2024,0.0,0.040426906,0
img_03158_2024,0.0,0.012644841,0
img_03165_2024,0.0,0.023905916,0
img_03153_2024,0.0,0.4826558,0
img_03170_2024,0.0,0.39358515,0
img_03172_2024,0.0,0.018634332,0
img_03173_2024,0.0,0.079650275,0
img_03171_2024,0.0,0.015129796,0
img_03168_2024,0.0,0.099594876,0
img_03175_2024,0.0,0.27720374,0
img_03176_2024,0.0,0.02406785,0
img_03169_2024,0.0,0.01954478,0
img_03178_2024,0.0,0.029483147,0
img_03179_2024,0.0,0.020540573,0
img_03174_2024,0.0,0.027415806,0
img_03177_2024,0.0,0.010185385,0
img_03181_2024,0.0,0.063358374,0
img_03180_2024,0.0,0.1017432,0
img_03167_2024,0.0,0.018584529,0
img_03183_2024,0.0,0.017132483,0
img_03182_2024,0.0,0.027245047,0
img_03186_2024,0.0,0.012585826,0
img_03192_2024,0.0,0.009194562,0
img_03185_2024,0.0,0.008466865,0
img_03187_2024,0.0,0.012589987,0
img_03196_2024,0.0,0.057021406,0
img_03191_2024,0.0,0.025475243,0
img_03195_2024,0.0,0.0081274,0
img_03190_2024,0.0,0.028977772,0
img_03189_2024,0.0,0.017637935,0
img_03194_2024,0.0,0.016561175,0
img_03193_2024,0.0,0.016505126,0
img_03199_2024,0.0,0.01453491,0
img_03184_2024,0.0,0.033199616,0
img_03188_2024,0.0,0.011406681,0
img_03200_2024,0.0,0.08240711,0
img_03197_2024,0.0,0.06531934,0
img_03211_2024,0.0,0.014192279,0
img_03204_2024,0.0,0.0141237015,0
img_03201_2024,0.0,0.01347105,0
img_03202_2024,0.0,0.012595346,0
img_03198_2024,0.0,0.019386439,0
img_03208_2024,0.0,0.0081430245,0
img_03213_2024,0.0,0.019475497,0
img_03207_2024,0.0,0.008892499,0
img_03209_2024,0.0,0.051497165,0
img_03203_2024,0.0,0.36535665,0
img_03214_2024,0.0,0.0099525405,0
img_03212_2024,0.0,0.0481625,0
img_03205_2024,0.0,0.038427427,0
img_03210_2024,0.0,0.015182717,0
img_03216_2024,0.0,0.030368956,0
img_03215_2024,0.0,0.03620794,0
img_03218_2024,0.0,0.045770474,0
img_03221_2024,0.0,0.040062226,0
img_03217_2024,0.0,0.024057655,0
img_03223_2024,0.0,0.98849815,1
img_03219_2024,0.0,0.008316875,0
img_03222_2024,0.0,0.033060543,0
img_03220_2024,0.0,0.009988798,0
img_03225_2024,0.0,0.009220581,0
img_03227_2024,0.0,0.011416762,0
img_03226_2024,0.0,0.008500807,0
img_03230_2024,0.0,0.019298892,0
img_03233_2024,0.0,0.023411708,0
img_03231_2024,0.0,0.011268342,0
img_03237_2024,0.0,0.027791655,0
img_03229_2024,0.0,0.010042959,0
img_03228_2024,0.0,0.18334767,0
img_03235_2024,0.0,0.013179631,0
img_03239_2024,0.0,0.025431268,0
img_03238_2024,0.0,0.009499684,0
img_03224_2024,0.0,0.017193228,0
img_03236_2024,0.0,0.08013826,0
img_03234_2024,0.0,0.026166333,0
img_03240_2024,0.0,0.038014013,0
img_03232_2024,0.0,0.017183673,0
img_03242_2024,0.0,0.015519989,0
img_03245_2024,0.0,0.022649389,0
img_03249_2024,0.0,0.057921708,0
img_03247_2024,0.0,0.22315578,0
img_03254_2024,0.0,0.021842448,0
img_03243_2024,0.0,0.0131899,0
img_03256_2024,0.0,0.053998254,0
img_03250_2024,0.0,0.029287,0
img_03251_2024,0.0,0.019983854,0
img_03244_2024,0.0,0.0131188575,0
img_03241_2024,0.0,0.010392462,0
img_03255_2024,0.0,0.012801139,0
img_03258_2024,0.0,0.009932146,0
img_03257_2024,0.0,0.091532566,0
img_03261_2024,0.0,0.033474542,0
img_03265_2024,0.0,0.026107548,0
img_03264_2024,0.0,0.02014075,0
img_03259_2024,0.0,0.011957497,0
img_03263_2024,0.0,0.014550771,0
img_03266_2024,0.0,0.3087147,0
img_03267_2024,0.0,0.023755742,0
img_03268_2024,0.0,0.022557918,0
img_03269_2024,0.0,0.28830156,0
img_03260_2024,0.0,0.01330418,0
img_03253_2024,0.0,0.023814362,0
img_03270_2024,0.0,0.015240253,0
img_03271_2024,0.0,0.22405542,0
img_03246_2024,0.0,0.025292948,0
img_03206_p01_2024,0.0,0.010015221,0
img_03206_p02_2024,0.0,0.025378784,0
img_03206_p03_2024,0.0,0.011240316,0
img_03206_p04_2024,0.0,0.013944763,0
img_03274_2024,0.0,0.01519415,0
img_03248_p01_2024,0.0,0.015447204,0
img_03248_p02_2024,0.0,0.013314393,0
img_03273_2024,0.0,0.05241657,0
img_03275_2024,0.0,0.016207486,0
img_03272_2024,0.0,0.016730178,0
img_03276_2024,0.0,0.24324016,0
img_03277_2024,0.0,0.013549219,0
img_03252_p01_2024,0.0,0.8595465,0
img_03252_p02_2024,0.0,0.016965376,0
img_03262_p01_2024,0.0,0.019020092,0
img_03262_p02_2024,0.0,0.027875358,0
img_03279_2024,0.0,0.07493688,0
img_03280_2024,0.0,0.05269814,0
img_03284_2024,0.0,0.023977665,0
img_03282_2024,0.0,0.059336185,0
img_03281_2024,0.0,0.3327504,0
img_03285_2024,0.0,0.037511416,0
img_03292_2024,0.0,0.27116367,0
img_03289_2024,0.0,0.16991846,0
img_03283_2024,0.0,0.40448123,0
img_03286_2024,0.0,0.013311814,0
img_03291_2024,0.0,0.024185413,0
img_03290_2024,0.0,0.038927805,0
img_03293_2024,0.0,0.009461559,0
img_03288_2024,0.0,0.020990368,0
img_03294_2024,0.0,0.035437778,0
img_03287_2024,0.0,0.067907184,0
img_03085_p01_2024,0.0,0.04142223,0
img_03085_p02_2024,0.0,0.037893888,0
img_03085_p03_2024,0.0,0.062452853,0
img_03085_p04_2024,0.0,0.021525962,0
img_03085_p05_2024,0.0,0.018390618,0
img_03085_p06_2024,0.0,0.014840946,0
img_03085_p07_2024,0.0,0.019795792,0
img_03085_p08_2024,0.0,0.057096012,0
img_03085_p09_2024,0.0,0.022725476,0
img_03085_p10_2024,0.0,0.018045468,0
img_03047_p01_2024,0.0,0.01958622,0
img_03047_p02_2024,0.0,0.019118998,0
img_03047_p03_2024,0.0,0.015416401,0
img_03047_p04_2024,0.0,0.019652322,0
img_03047_p05_2024,0.0,0.014301422,0
img_03047_p06_2024,0.0,0.01381775,0
img_03047_p07_2024,0.0,0.013899771,0
img_03047_p08_2024,0.0,0.010558456,0
img_03047_p09_2024,0.0,0.010530338,0
img_03047_p10_2024,0.0,0.011165963,0
img_03296_2024,0.0,0.014425951,0
img_03295_2024,0.0,0.04398506,0
img_03297_2024,0.0,0.049928274,0
img_03300_2024,0.0,0.07185148,0
img_03305_2024,0.0,0.058592208,0
img_03308_2024,0.0,0.015560854,0
img_03304_2024,0.0,0.030880317,0
img_03306_2024,0.0,0.024968222,0
img_03310_2024,0.0,0.02928565,0
img_03301_2024,0.0,0.013211907,0
img_03313_2024,0.0,0.53177434,0
img_03309_2024,0.0,0.042754523,0
img_03307_2024,0.0,0.023710947,0
img_03303_2024,0.0,0.013449692,0
img_03312_2024,0.0,0.011474079,0
img_03311_2024,0.0,0.017183883,0
img_03299_2024,0.0,0.025689004,0
img_03302_2024,0.0,0.03618236,0
img_03316_2024,0.0,0.019058306,0
img_03314_2024,0.0,0.008793112,0
img_03315_2024,0.0,0.016963111,0
img_03317_2024,0.0,0.47191218,0
img_03320_2024,0.0,0.024047004,0
img_03319_2024,0.0,0.01296052,0
img_03323_2024,0.0,0.012213153,0
img_03318_2024,0.0,0.03226617,0
img_03324_2024,0.0,0.035541162,0
img_03325_2024,0.0,0.028935235,0
img_03322_2024,0.0,0.03458532,0
img_03321_2024,0.0,0.04265051,0
img_03327_2024,0.0,0.014683386,0
img_03329_2024,0.0,0.024465697,0
img_03328_2024,0.0,0.025039032,0
img_03331_2024,0.0,0.016459813,0
img_03333_2024,0.0,0.06204478,0
img_03326_2024,0.0,0.012721743,0
img_03330_2024,0.0,0.031982902,0
img_03334_2024,0.0,0.019554561,0
img_03336_2024,0.0,0.014112704,0
img_03342_2024,0.0,0.021764738,0
img_03335_2024,0.0,0.21191715,0
img_03332_2024,0.0,0.015824249,0
img_03339_2024,0.0,0.023965204,0
img_03343_2024,0.0,0.013573669,0
img_03344_2024,0.0,0.008344155,0
img_03340_2024,0.0,0.0129699465,0
img_03347_2024,0.0,0.084102646,0
img_03346_2024,0.0,0.013707852,0
img_03345_2024,0.0,0.012520289,0
img_03349_2024,0.0,0.0151819745,0
img_03348_2024,0.0,0.016422754,0
img_03337_2024,0.0,0.011661147,0
img_03341_2024,0.0,0.04046465,0
img_03352_2024,0.0,0.012436042,0
img_03351_2024,0.0,0.025695162,0
img_03353_2024,0.0,0.017455654,0
img_03355_2024,0.0,0.017439658,0
img_03357_2024,0.0,0.022979885,0
img_03361_2024,0.0,0.050091725,0
img_03356_2024,0.0,0.012047569,0
img_03359_2024,0.0,0.104359396,0
img_03354_2024,0.0,0.014834603,0
img_03358_2024,0.0,0.018339366,0
img_03360_2024,0.0,0.05921629,0
img_03338_p01_2024,0.0,0.012308796,0
img_03338_p02_2024,0.0,0.01836063,0
img_03362_2024,0.0,0.15312204,0
img_03368_2024,0.0,0.026264537,0
img_03365_2024,0.0,0.009842586,0
img_03369_2024,0.0,0.010467436,0
img_03278_p01_2024,0.0,0.07949839,0
img_03278_p02_2024,0.0,0.0640758,0
img_03278_p03_2024,0.0,0.32834977,0
img_03278_p04_2024,0.0,0.2239742,0
img_03278_p05_2024,0.0,0.11930618,0
img_03278_p06_2024,0.0,0.080851816,0
img_03370_2024,0.0,0.014450991,0
img_03366_2024,0.0,0.047312334,0
img_03371_2024,0.0,0.014149772,0
img_03298_p01_2024,0.0,0.01573394,0
img_03298_p02_2024,0.0,0.01727163,0
img_03298_p03_2024,0.0,0.038599692,0
img_03298_p04_2024,0.0,0.044977468,0
img_03374_2024,0.0,0.013179724,0
img_03364_2024,0.0,0.01301576,0
img_03380_2024,0.0,0.011777915,0
img_03350_p01_2024,0.0,0.11878258,0
img_03350_p02_2024,0.0,0.09408457,0
img_03376_2024,0.0,0.018841079,0
img_03382_2024,0.0,0.010754129,0
img_03373_2024,0.0,0.116675965,0
img_03372_2024,0.0,0.021808615,0
img_03379_2024,0.0,0.016565911,0
img_03377_2024,0.0,0.019679086,0
img_03375_2024,0.0,0.022957081,0
img_03387_2024,0.0,0.019211555,0
img_03383_2024,0.0,0.08476492,0
img_03386_2024,0.0,0.016401533,0
img_03381_2024,0.0,0.07011144,0
img_03389_2024,0.0,0.01183442,0
img_03367_p01_2024,0.0,0.035562202,0
img_03367_p02_2024,0.0,0.012756521,0
img_03395_2024,0.0,0.01832858,0
img_03388_2024,0.0,0.14985631,0
img_03378_2024,0.0,0.08697766,0
img_03385_2024,0.0,0.018459322,0
img_03384_2024,0.0,0.04275647,0
img_03391_2024,0.0,0.011629677,0
img_03393_2024,0.0,0.10356979,0
img_03390_2024,0.0,0.065671295,0
img_03392_2024,0.0,0.025737718,0
img_03394_2024,0.0,0.036408905,0
img_03398_2024,0.0,0.021620294,0
img_03397_2024,0.0,0.016243031,0
img_03400_2024,0.0,0.038252175,0
img_03403_2024,0.0,0.017657552,0
img_03399_2024,0.0,0.015189434,0
img_03363_p01_2024,0.0,0.02494186,0
img_03363_p02_2024,0.0,0.025984677,0
img_03363_p03_2024,0.0,0.054350223,0
img_03396_2024,0.0,0.01455054,0
img_03401_2024,0.0,0.023866959,0
img_03407_2024,0.0,0.011006899,0
img_03402_2024,0.0,0.10491996,0
img_03406_2024,0.0,0.022497935,0
img_03408_2024,0.0,0.020623617,0
img_03410_2024,0.0,0.013888861,0
img_03404_2024,0.0,0.0066750776,0
img_03409_2024,0.0,0.016187524,0
img_03405_2024,0.0,0.17424567,0
img_03416_2024,0.0,0.073491834,0
img_03412_2024,0.0,0.024758454,0
img_03414_2024,0.0,0.6354906,0
img_03413_2024,0.0,0.021311177,0
img_03415_2024,0.0,0.014686925,0
img_03419_2024,0.0,0.03713484,0
img_03418_2024,0.0,0.027214443,0
img_03424_2024,0.0,0.74594855,0
img_03421_2024,0.0,0.028753085,0
img_03420_2024,0.0,0.014976003,0
img_03422_2024,0.0,0.79384655,0
img_03423_2024,0.0,0.5560081,0
img_03411_2024,0.0,0.016047757,0
img_03426_2024,0.0,0.01922519,0
img_03428_2024,0.0,0.033743147,0
img_03434_2024,0.0,0.023652237,0
img_03431_2024,0.0,0.018289668,0
img_03435_2024,0.0,0.013881267,0
img_03427_2024,0.0,0.8330173,0
img_03433_2024,0.0,0.03589039,0
img_03432_2024,0.0,0.010592384,0
img_03429_2024,0.0,0.0139053725,0
img_03438_2024,0.0,0.015069492,0
img_03439_2024,0.0,0.014058312,0
img_03417_2024,0.0,0.06729021,0
img_03436_2024,0.0,0.01404337,0
img_03440_2024,0.0,0.014863831,0
img_03430_2024,0.0,0.020260733,0
img_03442_2024,0.0,0.020349799,0
img_03444_2024,0.0,0.02397082,0
img_03441_2024,0.0,0.022376012,0
img_03425_p01_2024,0.0,0.01761622,0
img_03425_p02_2024,0.0,0.040354043,0
img_03437_2024,0.0,0.023778368,0
img_03448_2024,0.0,0.012719498,0
img_03450_2024,0.0,0.026122207,0
img_03449_2024,0.0,0.029853411,0
img_03445_2024,0.0,0.032379534,0
img_03454_2024,0.0,0.019038424,0
img_03456_2024,0.0,0.014871017,0
img_03452_2024,0.0,0.042617433,0
img_03451_2024,0.0,0.018548565,0
img_03453_2024,0.0,0.6127622,0
img_03443_2024,0.0,0.017792718,0
img_03458_2024,0.0,0.032620534,0
img_03457_2024,0.0,0.01925831,0
img_03460_2024,0.0,0.0182179,0
img_03461_2024,0.0,0.014805454,0
img_03459_2024,0.0,0.030687531,0
img_03447_2024,0.0,0.0131105315,0
img_03462_2024,0.0,0.014839175,0
img_03446_2024,0.0,0.0109683825,0
img_03465_2024,0.0,0.018154135,0
img_03468_2024,0.0,0.6320197,0
img_03470_2024,0.0,0.035764847,0
img_03463_2024,0.0,0.024771623,0
img_03471_2024,0.0,0.16172047,0
img_03466_2024,0.0,0.028793652,0
img_03469_2024,0.0,0.07322551,0
img_03473_2024,0.0,0.1807398,0
img_03464_2024,0.0,0.019570913,0
img_03474_2024,0.0,0.012290288,0
img_03476_2024,0.0,0.039678138,0
img_03475_2024,0.0,0.017849065,0
img_03472_2024,0.0,0.010145753,0
img_03479_2024,0.0,0.012588843,0
img_03467_2024,0.0,0.011609459,0
img_03477_2024,0.0,0.018397773,0
img_03480_2024,0.0,0.017324375,0
img_03482_2024,0.0,0.010921349,0
img_03481_2024,0.0,0.008274771,0
img_03478_2024,0.0,0.10563269,0
img_03484_2024,0.0,0.010271365,0
img_03488_2024,0.0,0.18799323,0
img_03490_2024,0.0,0.011112692,0
img_03489_2024,0.0,0.042333145,0
img_03485_2024,0.0,0.013194313,0
img_03492_2024,0.0,0.012337552,0
img_03493_2024,0.0,0.071168475,0
img_03494_2024,0.0,0.034438998,0
img_03486_2024,0.0,0.06379784,0
img_03491_2024,0.0,0.020875312,0
img_03483_2024,0.0,0.019503545,0
img_03497_2024,0.0,0.03216344,0
img_03501_2024,0.0,0.12815635,0
img_03499_2024,0.0,0.051867854,0
img_03487_2024,0.0,0.011751205,0
img_03500_2024,0.0,0.015880713,0
img_03504_2024,0.0,0.028362144,0
img_03502_2024,0.0,0.08009878,0
img_03507_2024,0.0,0.045472164,0
img_03505_2024,0.0,0.9531573,1
img_03510_2024,0.0,0.009738059,0
img_03503_2024,0.0,0.013417229,0
img_03509_2024,0.0,0.010982373,0
img_03511_2024,0.0,0.07275739,0
img_03496_2024,0.0,0.010894443,0
img_03513_2024,0.0,0.020708703,0
img_03498_2024,0.0,0.013836399,0
img_03515_2024,0.0,0.017609429,0
img_03514_2024,0.0,0.020137608,0
img_03508_2024,0.0,0.012034069,0
img_03518_2024,0.0,0.08047627,0
img_03516_2024,0.0,0.08017501,0
img_03522_2024,0.0,0.009433768,0
img_03517_2024,0.0,0.010850076,0
img_03521_2024,0.0,0.22486898,0
img_03512_2024,0.0,0.011735788,0
img_03524_2024,0.0,0.017207913,0
img_03527_2024,0.0,0.01172686,0
img_03525_2024,0.0,0.013344634,0
img_03526_2024,0.0,0.07484478,0
img_03519_2024,0.0,0.059380386,0
img_03528_2024,0.0,0.023978312,0
img_03523_2024,0.0,0.04413543,0
img_03530_2024,0.0,0.01714551,0
img_03050_p01_2024,0.0,0.2828293,0
img_03050_p02_2024,0.0,0.035648752,0
img_03050_p03_2024,0.0,0.09702564,0
img_03050_p04_2024,0.0,0.8532271,0
img_03050_p05_2024,0.0,0.07727157,0
img_03050_p06_2024,0.0,0.017789794,0
img_03050_p07_2024,0.0,0.114016056,0
img_03050_p08_2024,0.0,0.058737647,0
img_03050_p09_2024,0.0,0.01519943,0
img_03050_p10_2024,0.0,0.039347578,0
img_03050_p11_2024,0.0,0.08614632,0
img_03050_p12_2024,0.0,0.07240757,0
img_03050_p13_2024,0.0,0.111389376,0
img_03050_p14_2024,0.0,0.22743976,0
img_03050_p15_2024,0.0,0.42117032,0
img_03050_p16_2024,0.0,0.45945287,0
img_03050_p17_2024,0.0,0.11868064,0
img_03050_p18_2024,0.0,0.09485302,0
img_03050_p19_2024,0.0,0.054668333,0
img_03050_p20_2024,0.0,0.016254442,0
img_03050_p21_2024,0.0,0.04140207,0
img_03050_p22_2024,0.0,0.21739812,0
img_03050_p23_2024,0.0,0.40046716,0
img_03050_p24_2024,0.0,0.044173665,0
img_03050_p26_2024,0.0,0.24952057,0
img_03050_p27_2024,0.0,0.49849454,0
img_03529_2024,0.0,0.017225906,0
img_03533_2024,0.0,0.13163657,0
img_03531_2024,0.0,0.040245842,0
img_03532_2024,0.0,0.02707463,0
img_03535_2024,0.0,0.022462172,0
img_03534_2024,0.0,0.072234966,0
img_03536_2024,0.0,0.012893081,0
img_03539_2024,0.0,0.01978169,0
img_03538_2024,0.0,0.16201645,0
img_03541_2024,0.0,0.020312589,0
img_03542_2024,0.0,0.051682144,0
img_03543_2024,0.0,0.016693523,0
img_03544_2024,0.0,0.007233956,0
img_03455_p01_2024,0.0,0.044207636,0
img_03455_p02_2024,0.0,0.058801565,0
img_03455_p03_2024,0.0,0.16746509,0
img_03455_p04_2024,0.0,0.17982659,0
img_03520_p01_2024,0.0,0.01003387,0
img_03520_p02_2024,0.0,0.008785161,0
img_03546_2024,0.0,0.014183909,0
img_03547_2024,0.0,0.01102858,0
img_03545_2024,0.0,0.044795703,0
img_03554_2024,0.0,0.012908522,0
img_03548_2024,0.0,0.074325256,0
img_03551_2024,0.0,0.028721523,0
img_03550_2024,0.0,0.017397456,0
img_03549_2024,0.0,0.012002373,0
img_03555_2024,0.0,0.028119843,0
img_03552_2024,0.0,0.027429223,0
img_03558_2024,0.0,0.060135372,0
img_03540_2024,0.0,0.102803744,0
img_03556_2024,0.0,0.026136078,0
img_03560_2024,0.0,0.03165254,0
img_03563_2024,0.0,0.014097936,0
img_03559_2024,0.0,0.01066136,0
img_03561_2024,0.0,0.013448466,0
img_03566_2024,0.0,0.035009984,0
img_03567_2024,0.0,0.034616426,0
img_03568_2024,0.0,0.014103962,0
img_03571_2024,0.0,0.015285161,0
img_03570_2024,0.0,0.014178137,0
img_03562_2024,0.0,0.017248694,0
img_03569_2024,0.0,0.01971146,0
img_03564_2024,0.0,0.027734142,0
img_03572_2024,0.0,0.01649776,0
img_03575_2024,0.0,0.028887598,0
img_03553_p01_2024,0.0,0.033643227,0
img_03553_p02_2024,0.0,0.028152902,0
img_03576_2024,0.0,0.02555238,0
img_03580_2024,0.0,0.025052922,0
img_03574_2024,0.0,0.031142335,0
img_03573_2024,0.0,0.019984256,0
img_03577_2024,0.0,0.09048734,0
img_03578_2024,0.0,0.03091331,0
img_03581_2024,0.0,0.2564291,0
img_03583_2024,0.0,0.020521242,0
img_03584_2024,0.0,0.026111651,0
img_03495_p01_2024,0.0,0.014403474,0
img_03495_p02_2024,0.0,0.0140687125,0
img_03495_p03_2024,0.0,0.0118831,0
img_03495_p04_2024,0.0,0.015248936,0
img_03495_p05_2024,0.0,0.010398815,0
img_03582_2024,0.0,0.25018516,0
img_03585_2024,0.0,0.97761303,1
img_03588_2024,0.0,0.17688571,0
img_03579_2024,0.0,0.026376536,0
img_03587_2024,0.0,0.023547823,0
img_03589_2024,0.0,0.0469764,0
img_03593_2024,0.0,0.01204577,0
img_03591_2024,0.0,0.033443224,0
img_03590_2024,0.0,0.012738069,0
img_03598_2024,0.0,0.00819798,0
img_03596_2024,0.0,0.008918217,0
img_03597_2024,0.0,0.05283677,0
img_03595_2024,0.0,0.030906202,0
img_03594_2024,0.0,0.02945799,0
img_03599_2024,0.0,0.17451401,0
img_03586_2024,0.0,0.010689793,0
img_03602_2024,0.0,0.89341074,0
img_03537_p01_2024,0.0,0.013266964,0
img_03537_p02_2024,0.0,0.014876251,0
img_03537_p03_2024,0.0,0.011668925,0
img_03537_p04_2024,0.0,0.026072597,0
img_03600_2024,0.0,0.015109929,0
img_03592_2024,0.0,0.03959865,0
img_03608_2024,0.0,0.0134628415,0
img_03604_2024,0.0,0.02663321,0
img_03603_2024,0.0,0.030288938,0
img_03601_2024,0.0,0.011427353,0
img_03605_2024,0.0,0.014487653,0
img_03607_2024,0.0,0.014159202,0
img_03609_2024,0.0,0.040959787,0
img_03606_2024,0.0,0.05788313,0
img_03614_2024,0.0,0.034817383,0
img_03613_2024,0.0,0.020042941,0
img_03616_2024,0.0,0.97600365,1
img_03620_2024,0.0,0.010450805,0
img_03612_2024,0.0,0.018876282,0
img_03621_2024,0.0,0.026042573,0
img_03619_2024,0.0,0.09151934,0
img_03624_2024,0.0,0.039653827,0
img_03610_2024,0.0,0.04564334,0
img_03618_2024,0.0,0.0103956405,0
img_03615_2024,0.0,0.058728933,0
img_03623_2024,0.0,0.012911792,0
img_03622_2024,0.0,0.057048514,0
img_03625_2024,0.0,0.07139746,0
img_03627_2024,0.0,0.011543641,0
img_03565_p01_2024,0.0,0.012180476,0
img_03565_p02_2024,0.0,0.012806057,0
img_03565_p03_2024,0.0,0.014860779,0
img_03565_p04_2024,0.0,0.021345725,0
img_03629_2024,0.0,0.5961859,0
img_03626_2024,0.0,0.015520876,0
img_03628_2024,0.0,0.02318393,0
img_03631_2024,0.0,0.06797189,0
img_03632_2024,0.0,0.014942116,0
img_03557_p01_2024,0.0,0.013728136,0
img_03557_p02_2024,0.0,0.013607818,0
img_03557_p03_2024,0.0,0.014261996,0
img_03557_p04_2024,0.0,0.016926287,0
img_03635_2024,0.0,0.01817463,0
img_03637_2024,0.0,0.01479196,0
img_03634_2024,0.0,0.012130731,0
img_03638_2024,0.0,0.007634587,0
img_03640_2024,0.0,0.96514857,1
img_03641_2024,0.0,0.01584879,0
img_03630_2024,0.0,0.024166947,0
img_03633_2024,0.0,0.103558876,0
img_03642_2024,0.0,0.01120452,0
img_03645_2024,0.0,0.030824514,0
img_03639_2024,0.0,0.030037783,0
img_03646_2024,0.0,0.03638031,0
img_03617_p01_2024,0.0,0.010073887,0
img_03617_p02_2024,0.0,0.0638835,0
img_03648_2024,0.0,0.018535055,0
img_03649_2024,0.0,0.064914815,0
img_03650_2024,0.0,0.03271006,0
img_03651_2024,0.0,0.018384462,0
img_03653_2024,0.0,0.013448446,0
img_03652_2024,0.0,0.016491832,0
img_03647_2024,0.0,0.053803854,0
img_03657_2024,0.0,0.0969334,0
img_03654_2024,0.0,0.012367233,0
img_03636_p01_2024,0.0,0.056530256,0
img_03636_p02_2024,0.0,0.1312654,0
img_03643_2024,0.0,0.6573184,0
img_03656_2024,0.0,0.020827273,0
img_03611_p01_2024,0.0,0.17619048,0
img_03611_p02_2024,0.0,0.07358108,0
img_03611_p03_2024,0.0,0.15913129,0
img_03660_2024,0.0,0.02804918,0
img_03665_2024,0.0,0.017945433,0
img_03661_2024,0.0,0.073881134,0
img_03662_2024,0.0,0.008868299,0
img_03658_2024,0.0,0.03473268,0
img_03668_2024,0.0,0.0231737,0
img_03667_2024,0.0,0.016466662,0
img_03664_2024,0.0,0.016067753,0
img_03669_2024,0.0,0.0098839095,0
img_03666_2024,0.0,0.018132335,0
img_03670_2024,0.0,0.032006748,0
img_03672_2024,0.0,0.019750344,0
img_03663_2024,0.0,0.059010632,0
img_03673_2024,0.0,0.014999925,0
img_03671_2024,0.0,0.01975316,0
img_03655_p01_2024,0.0,0.011643223,0
img_03655_p02_2024,0.0,0.010677204,0
img_03659_2024,0.0,0.019709948,0
img_03675_2024,0.0,0.024607414,0
img_03677_2024,0.0,0.74060506,0
img_03679_2024,0.0,0.07476335,0
img_03681_2024,0.0,0.04542073,0
img_03685_2024,0.0,0.010792964,0
img_03689_2024,0.0,0.029226165,0
img_03691_2024,0.0,0.024828097,0
img_03690_2024,0.0,0.043913048,0
img_03687_2024,0.0,0.008590545,0
img_03683_2024,0.0,0.05398575,0
img_03684_2024,0.0,0.026485244,0
img_03688_2024,0.0,0.020491105,0
img_03692_2024,0.0,0.02649911,0
img_03680_2024,0.0,0.026577065,0
img_03686_2024,0.0,0.017390838,0
img_03676_2024,0.0,0.020438075,0
img_03693_2024,0.0,0.026461089,0
img_03695_2024,0.0,0.22092666,0
img_03678_p01_2024,0.0,0.014023339,0
img_03678_p02_2024,0.0,0.016699497,0
img_03694_2024,0.0,0.014383702,0
img_03696_2024,0.0,0.025144642,0
img_03697_2024,0.0,0.020247547,0
img_03701_2024,0.0,0.07959428,0
img_03644_p01_2024,0.0,0.015339384,0
img_03644_p02_2024,0.0,0.011331348,0
img_03644_p03_2024,0.0,0.015664471,0
img_03644_p04_2024,0.0,0.017087944,0
img_03674_p01_2024,0.0,0.012620961,0
img_03674_p02_2024,0.0,0.01815274,0
img_03705_2024,0.0,0.009414822,0
img_03703_2024,0.0,0.029659614,0
img_03698_2024,0.0,0.020494983,0
img_03707_2024,0.0,0.016649334,0
img_03699_2024,0.0,0.09335552,0
img_03706_2024,0.0,0.016411582,0
img_03700_2024,0.0,0.026638322,0
img_03710_2024,0.0,0.20800593,0
img_03704_2024,0.0,0.010100528,0
img_03712_2024,0.0,0.010548811,0
img_03506_p01_2024,0.0,0.032917548,0
img_03506_p02_2024,0.0,0.017836079,0
img_03506_p03_2024,0.0,0.017362969,0
img_03506_p04_2024,0.0,0.029418636,0
img_03506_p05_2024,0.0,0.02560267,0
img_03506_p06_2024,0.0,0.033257164,0
img_03506_p07_2024,0.0,0.24278781,0
img_03506_p08_2024,0.0,0.062294327,0
img_03506_p09_2024,0.0,0.015799688,0
img_03708_2024,0.0,0.015464497,0
img_03702_2024,0.0,0.18265855,0
img_03711_2024,0.0,0.015657283,0
img_03682_p01_2024,0.0,0.019402485,0
img_03682_p02_2024,0.0,0.050635956,0
img_03713_2024,0.0,0.00828483,0
img_03709_2024,0.0,0.04955175,0
img_03715_2024,0.0,0.021844706,0
img_03720_2024,0.0,0.029660298,0
img_03718_2024,0.0,0.011104892,0
img_03717_2024,0.0,0.10839289,0
img_03723_2024,0.0,0.029541256,0
img_03726_2024,0.0,0.5640827,0
img_03721_2024,0.0,0.18146034,0
img_03729_2024,0.0,0.1189349,0
img_03728_2024,0.0,0.02003462,0
img_03731_2024,0.0,0.013971836,0
img_03725_2024,0.0,0.048271295,0
img_03733_2024,0.0,0.027284924,0
img_03738_2024,0.0,0.11704139,0
img_03735_2024,0.0,0.011955347,0
img_03732_2024,0.0,0.016030816,0
img_03724_2024,0.0,0.0248944,0
img_03739_2024,0.0,0.022076832,0
img_03737_2024,0.0,0.21009,0
img_03740_2024,0.0,0.026910132,0
img_03727_2024,0.0,0.03880133,0
img_03716_2024,0.0,0.058971472,0
img_03741_2024,0.0,0.011135284,0
img_03736_2024,0.0,0.025107652,0
img_03745_2024,0.0,0.019573273,0
img_03719_2024,0.0,0.21060835,0
img_03742_2024,0.0,0.021380696,0
img_03744_2024,0.0,0.015919123,0
img_03722_2024,0.0,0.009505995,0
img_03747_2024,0.0,0.022291724,0
img_03743_2024,0.0,0.025134638,0
img_03746_2024,0.0,0.011658399,0
img_03749_2024,0.0,0.012406281,0
img_03748_2024,0.0,0.05070135,0
img_03734_p01_2024,0.0,0.030696291,0
img_03734_p02_2024,0.0,0.04016161,0
img_03758_2024,0.0,0.02317436,0
img_03752_2024,0.0,0.026312077,0
img_03751_2024,0.0,0.02484721,0
img_03756_2024,0.0,0.05112304,0
img_03750_2024,0.0,0.010781526,0
img_03757_2024,0.0,0.032874912,0
img_03759_2024,0.0,0.044153098,0
img_03760_2024,0.0,0.014278162,0
img_03753_2024,0.0,0.06663798,0
img_03754_2024,0.0,0.009864582,0
img_03764_2024,0.0,0.021036418,0
img_03761_2024,0.0,0.01975533,0
img_03765_2024,0.0,0.108116604,0
img_03768_2024,0.0,0.8469912,0
img_03769_2024,0.0,0.012513128,0
img_03755_2024,0.0,0.013102156,0
img_03774_2024,0.0,0.013498607,0
img_03766_2024,0.0,0.026667288,0
img_03762_2024,0.0,0.95532507,1
img_03773_2024,0.0,0.14367309,0
img_03772_2024,0.0,0.024092145,0
img_03776_2024,0.0,0.883323,0
img_03763_2024,0.0,0.018352859,0
img_03775_2024,0.0,0.010010125,0
img_03770_2024,0.0,0.028932221,0
img_03777_2024,0.0,0.16064909,0
img_03767_2024,0.0,0.016399002,0
img_03771_2024,0.0,0.023740547,0
img_03781_2024,0.0,0.36776572,0
img_03780_2024,0.0,0.015347813,0
img_03779_2024,0.0,0.02047933,0
img_03784_2024,0.0,0.1095085,0
img_03782_2024,0.0,0.027627096,0
img_03786_2024,0.0,0.016512131,0
img_03788_2024,0.0,0.05912296,0
img_03789_2024,0.0,0.4461571,0
img_03787_2024,0.0,0.88685596,0
img_03785_2024,0.0,0.024498934,0
img_03790_2024,0.0,0.06276306,0
img_03791_2024,0.0,0.010091792,0
img_03793_2024,0.0,0.02708565,0
img_03792_2024,0.0,0.010952013,0
img_03797_2024,0.0,0.017649671,0
img_03796_2024,0.0,0.02628482,0
img_03794_2024,0.0,0.030621232,0
img_03799_2024,0.0,0.24687624,0
img_03783_2024,0.0,0.021141674,0
img_03798_2024,0.0,0.013047996,0
img_03730_p01_2024,0.0,0.019705944,0
img_03730_p02_2024,0.0,0.4408461,0
img_03730_p03_2024,0.0,0.03599833,0
img_03730_p04_2024,0.0,0.10562037,0
img_03778_p01_2024,0.0,0.012319246,0
img_03778_p02_2024,0.0,0.018611917,0
img_03801_2024,0.0,0.64961535,0
img_03795_2024,0.0,0.0874816,0
img_03802_2024,0.0,0.04359903,0
img_03803_2024,0.0,0.009639168,0
img_03804_2024,0.0,0.057272278,0
img_03806_2024,0.0,0.01366666,0
img_03805_2024,0.0,0.014054545,0
img_03808_2024,0.0,0.023383416,0
img_03809_2024,0.0,0.42267966,0
img_03807_2024,0.0,0.01078089,0
img_03810_2024,0.0,0.028988207,0
img_03812_2024,0.0,0.016402524,0
img_03815_2024,0.0,0.010604899,0
img_03811_2024,0.0,0.05329423,0
img_03816_2024,0.0,0.30404046,0
img_03817_2024,0.0,0.97630036,1
img_03814_2024,0.0,0.013322866,0
img_03818_2024,0.0,0.016998794,0
img_03819_2024,0.0,0.015187037,0
img_03813_2024,0.0,0.120428085,0
img_03824_2024,0.0,0.013211036,0
img_03823_2024,0.0,0.028510071,0
img_03822_2024,0.0,0.022620248,0
img_03826_2024,0.0,0.018763607,0
img_03825_2024,0.0,0.02210351,0
img_03828_2024,0.0,0.020865405,0
img_03830_2024,0.0,0.012553235,0
img_03829_2024,0.0,0.019864734,0
img_03833_2024,0.0,0.10185006,0
img_03831_2024,0.0,0.017177159,0
img_03827_2024,0.0,0.027650405,0
img_03838_2024,0.0,0.040170636,0
img_03840_2024,0.0,0.9837256,1
img_03837_2024,0.0,0.03743047,0
img_03836_2024,0.0,0.016692497,0
img_03832_2024,0.0,0.00799739,0
img_03839_2024,0.0,0.032566648,0
img_03820_p01_2024,0.0,0.03760006,0
img_03820_p02_2024,0.0,0.12898074,0
img_03835_2024,0.0,0.09358574,0
img_03841_2024,0.0,0.015710078,0
img_03842_2024,0.0,0.014431647,0
img_03846_2024,0.0,0.028441442,0
img_03847_2024,0.0,0.021130715,0
img_03849_2024,0.0,0.031858034,0
img_03845_2024,0.0,0.45274773,0
img_03848_2024,0.0,0.030135304,0
img_03850_2024,0.0,0.019821085,0
img_03852_2024,0.0,0.017288823,0
img_03858_2024,0.0,0.118457824,0
img_03853_2024,0.0,0.07839771,0
img_03855_2024,0.0,0.03841026,0
img_03854_2024,0.0,0.016143251,0
img_03800_p01_2024,0.0,0.020058414,0
img_03800_p02_2024,0.0,0.014964585,0
img_03800_p03_2024,0.0,0.013368834,0
img_03800_p04_2024,0.0,0.012489765,0
img_03860_2024,0.0,0.022148395,0
img_03851_2024,0.0,0.0204063,0
img_03857_2024,0.0,0.015710993,0
img_03843_2024,0.0,0.033128902,0
img_03844_p01_2024,0.0,0.013092812,0
img_03844_p02_2024,0.0,0.010219062,0
img_03856_2024,0.0,0.010648978,0
img_03861_2024,0.0,0.028321506,0
img_03863_2024,0.0,0.020079372,0
img_03862_2024,0.0,0.39608186,0
img_03859_2024,0.0,0.008089746,0
img_03865_2024,0.0,0.027620506,0
img_03871_2024,0.0,0.017391767,0
img_03870_2024,0.0,0.014100859,0
img_03868_2024,0.0,0.031834077,0
img_03864_2024,0.0,0.021165194,0
img_03867_2024,0.0,0.020276181,0
img_03872_2024,0.0,0.03468451,0
img_03869_2024,0.0,0.06808683,0
img_03866_2024,0.0,0.020934949,0
img_03875_2024,0.0,0.019028163,0
img_03874_2024,0.0,0.016095072,0
img_03873_2024,0.0,0.030221492,0
img_03876_2024,0.0,0.023843607,0
img_03877_2024,0.0,0.045702856,0
img_03821_p01_2024,0.0,0.02167793,0
img_03821_p02_2024,0.0,0.06439487,0
img_03821_p03_2024,0.0,0.1522261,0
img_03821_p04_2024,0.0,0.039070614,0
img_03883_2024,0.0,0.43114203,0
img_03885_2024,0.0,0.010917341,0
img_03878_2024,0.0,0.0210424,0
img_03714_p01_2024,0.0,0.07414312,0
img_03714_p02_2024,0.0,0.092365034,0
img_03714_p03_2024,0.0,0.041173562,0
img_03714_p04_2024,0.0,0.011914847,0
img_03714_p05_2024,0.0,0.020207569,0
img_03714_p06_2024,0.0,0.015603731,0
img_03887_2024,0.0,0.0132356575,0
img_03886_2024,0.0,0.013688164,0
img_03881_2024,0.0,0.06892921,0
img_03890_2024,0.0,0.029164908,0
img_03888_2024,0.0,0.026086736,0
img_03882_2024,0.0,0.028463395,0
img_03891_2024,0.0,0.068309896,0
img_03880_2024,0.0,0.029345816,0
img_03892_2024,0.0,0.037290014,0
img_03893_2024,0.0,0.014672325,0
img_03884_2024,0.0,0.013903464,0
img_03834_p01_2024,0.0,0.16189268,0
img_03834_p02_2024,0.0,0.11021326,0
img_03834_p03_2024,0.0,0.9348029,1
img_03834_p04_2024,0.0,0.71809274,0
img_03889_2024,0.0,0.046622217,0
img_03900_2024,0.0,0.03497291,0
img_03894_2024,0.0,0.012188431,0
img_03902_2024,0.0,0.04840867,0
img_03901_2024,0.0,0.033101235,0
img_03897_2024,0.0,0.09815439,0
img_03899_2024,0.0,0.076811284,0
img_03898_2024,0.0,0.017826993,0
img_03903_2024,0.0,0.025217628,0
img_03904_2024,0.0,0.39182723,0
img_03895_2024,0.0,0.031960834,0
img_03905_2024,0.0,0.012289934,0
img_03908_2024,0.0,0.0094493935,0
img_03907_2024,0.0,0.026459662,0
img_03909_2024,0.0,0.016321462,0
img_03906_2024,0.0,0.023555472,0
img_03913_2024,0.0,0.009065903,0
img_03911_2024,0.0,0.8537197,0
img_03919_2024,0.0,0.01994682,0
img_03912_2024,0.0,0.9327603,1
img_03916_2024,0.0,0.015000072,0
img_03910_2024,0.0,0.04064327,0
img_03920_2024,0.0,0.017835036,0
img_03915_2024,0.0,0.008135025,0
img_03914_2024,0.0,0.0095910765,0
img_03923_2024,0.0,0.011695242,0
img_03925_2024,0.0,0.24022172,0
img_03922_2024,0.0,0.018670259,0
img_03896_2024,0.0,0.013077578,0
img_03924_2024,0.0,0.03590402,0
img_03928_2024,0.0,0.0119182505,0
img_03926_2024,0.0,0.90764004,0
img_03929_2024,0.0,0.019388773,0
img_03927_2024,0.0,0.012795842,0
img_03931_2024,0.0,0.020493556,0
img_03921_2024,0.0,0.008715058,0
img_03918_2024,0.0,0.0093213,0
img_03932_2024,0.0,0.018446337,0
img_03937_2024,0.0,0.7785091,0
img_03936_2024,0.0,0.032163717,0
img_03939_2024,0.0,0.44185507,0
img_03934_2024,0.0,0.036801938,0
img_03933_2024,0.0,0.012523066,0
img_03941_2024,0.0,0.010283049,0
img_03935_2024,0.0,0.013768332,0
img_03942_2024,0.0,0.28526255,0
img_03930_2024,0.0,0.015814064,0
img_03938_2024,0.0,0.106707916,0
img_03947_2024,0.0,0.014332166,0
img_03945_2024,0.0,0.035814863,0
img_03943_2024,0.0,0.010393693,0
img_03952_2024,0.0,0.15067185,0
img_03944_2024,0.0,0.012629171,0
img_03946_2024,0.0,0.020090954,0
img_03950_2024,0.0,0.03715269,0
img_03954_2024,0.0,0.06544678,0
img_03948_2024,0.0,0.02496808,0
img_03951_2024,0.0,0.05450453,0
img_03949_2024,0.0,0.013691003,0
img_03940_2024,0.0,0.021902995,0
img_03953_2024,0.0,0.12316903,0
img_03957_2024,0.0,0.99185795,1
img_03917_p01_2024,0.0,0.15627624,0
img_03917_p02_2024,0.0,0.18515806,0
img_03963_2024,0.0,0.031498317,0
img_03964_2024,0.0,0.024526179,0
img_03961_2024,0.0,0.016570318,0
img_03965_2024,0.0,0.106790364,0
img_03962_2024,0.0,0.013007646,0
img_03956_2024,0.0,0.00917709,0
img_03967_2024,0.0,0.62957525,0
img_03969_2024,0.0,0.060340084,0
img_03960_2024,0.0,0.03965282,0
img_03966_2024,0.0,0.012151096,0
img_03955_2024,0.0,0.03635886,0
img_03968_2024,0.0,0.13449003,0
img_03959_2024,0.0,0.017963046,0
img_03971_2024,0.0,0.054054942,0
img_03974_2024,0.0,0.036419146,0
img_03972_2024,0.0,0.02060145,0
img_03975_2024,0.0,0.01299114,0
img_03973_2024,0.0,0.017002428,0
img_03980_2024,0.0,0.023026858,0
img_03978_2024,0.0,0.009700704,0
img_03976_2024,0.0,0.008759819,0
img_03984_2024,0.0,0.013344445,0
img_03977_2024,0.0,0.027878849,0
img_03981_2024,0.0,0.007476033,0
img_03982_2024,0.0,0.025480807,0
img_03979_2024,0.0,0.059122894,0
img_03970_2024,0.0,0.014842591,0
img_03986_2024,0.0,0.01332039,0
img_03987_2024,0.0,0.016210726,0
img_03988_2024,0.0,0.011457526,0
img_03985_2024,0.0,0.08142629,0
img_03958_p01_2024,0.0,0.015943374,0
img_03958_p02_2024,0.0,0.03141644,0
img_03994_2024,0.0,0.015535689,0
img_03992_2024,0.0,0.029583028,0
img_03995_2024,0.0,0.049887765,0
img_03997_2024,0.0,0.05874836,0
img_04003_2024,0.0,0.01622018,0
img_03993_2024,0.0,0.0565489,0
img_04000_2024,0.0,0.03683175,0
img_04001_2024,0.0,0.009883136,0
img_03998_2024,0.0,0.0342411,0
img_03991_2024,0.0,0.049642302,0
img_04002_2024,0.0,0.13624537,0
img_03999_2024,0.0,0.07907802,0
img_04004_2024,0.0,0.02408933,0
img_04006_2024,0.0,0.020135542,0
img_04007_2024,0.0,0.018038495,0
img_04005_2024,0.0,0.03575713,0
img_04010_2024,0.0,0.62771636,0
img_04013_2024,0.0,0.04776561,0
img_04014_2024,0.0,0.035644613,0
img_04015_2024,0.0,0.029761815,0
img_04008_2024,0.0,0.034998275,0
img_03990_p01_2024,0.0,0.009465569,0
img_03990_p02_2024,0.0,0.011583787,0
img_04018_2024,0.0,0.024037987,0
img_04016_2024,0.0,0.017404826,0
img_04011_2024,0.0,0.017210737,0
img_04009_2024,0.0,0.013249453,0
img_04020_2024,0.0,0.18130511,0
img_04022_2024,0.0,0.07889497,0
img_04019_2024,0.0,0.01425482,0
img_04025_2024,0.0,0.08220022,0
img_04017_2024,0.0,0.015028344,0
img_04024_2024,0.0,0.025986308,0
img_04021_2024,0.0,0.0132295685,0
img_04029_2024,0.0,0.013090754,0
img_04028_2024,0.0,0.0122348135,0
img_04026_2024,0.0,0.01359249,0
img_04030_2024,0.0,0.021035535,0
img_04023_2024,0.0,0.044575322,0
img_04031_2024,0.0,0.00918324,0
img_04012_p01_2024,0.0,0.010883298,0
img_04012_p02_2024,0.0,0.014322846,0
img_04032_2024,0.0,0.034038145,0
img_04036_2024,0.0,0.0084051015,0
img_04033_2024,0.0,0.038923208,0
img_04037_2024,0.0,0.0122903,0
img_04035_2024,0.0,0.032597166,0
img_04027_2024,0.0,0.027431488,0
img_04039_2024,0.0,0.016218917,0
img_04038_2024,0.0,0.048954036,0
img_04043_2024,0.0,0.020758407,0
img_04040_2024,0.0,0.026169498,0
img_04042_2024,0.0,0.054191057,0
img_04044_2024,0.0,0.1543179,0
img_04046_2024,0.0,0.088695414,0
img_03879_p01_2024,0.0,0.017035382,0
img_03879_p02_2024,0.0,0.017822752,0
img_03879_p03_2024,0.0,0.016478196,0
img_03879_p04_2024,0.0,0.022028212,0
img_03879_p05_2024,0.0,0.019238837,0
img_03879_p06_2024,0.0,0.015052814,0
img_04045_2024,0.0,0.048355356,0
img_04047_2024,0.0,0.028282912,0
img_04048_2024,0.0,0.10299623,0
img_04050_2024,0.0,0.023019541,0
img_04054_2024,0.0,0.0147811305,0
img_04049_2024,0.0,0.04772163,0
img_04051_2024,0.0,0.020008786,0
img_04053_2024,0.0,0.0130251115,0
img_04057_2024,0.0,0.014086382,0
img_04052_2024,0.0,0.78349453,0
img_04056_2024,0.0,0.02452598,0
img_04055_2024,0.0,0.023616144,0
img_04058_2024,0.0,0.012537763,0
img_04059_2024,0.0,0.012124744,0
img_03996_p01_2024,0.0,0.009910427,0
img_03996_p02_2024,0.0,0.008045059,0
img_03996_p03_2024,0.0,0.02085205,0
img_03996_p04_2024,0.0,0.013335491,0
img_04062_2024,0.0,0.028057527,0
img_04061_2024,0.0,0.011364103,0
img_04063_2024,0.0,0.01505502,0
img_04066_2024,0.0,0.03427199,0
img_04065_2024,0.0,0.016916895,0
img_04067_2024,0.0,0.08136121,0
img_04064_2024,0.0,0.020592814,0
img_04070_2024,0.0,0.048964974,0
img_04072_2024,0.0,0.109858975,0
img_04073_2024,0.0,0.014653392,0
img_04075_2024,0.0,0.024435053,0
img_03983_p01_2024,0.0,0.021903332,0
img_03983_p02_2024,0.0,0.016429989,0
img_03983_p03_2024,0.0,0.011721672,0
img_03983_p04_2024,0.0,0.01634958,0
img_04071_2024,0.0,0.02707091,0
img_04074_2024,0.0,0.011095068,0
img_04077_2024,0.0,0.073619224,0
img_04068_2024,0.0,0.008977755,0
img_04069_2024,0.0,0.33206174,0
img_04076_2024,0.0,0.62131065,0
img_04082_2024,0.0,0.052612297,0
img_04078_2024,0.0,0.03284213,0
img_04086_2024,0.0,0.00910826,0
img_04081_2024,0.0,0.07374883,0
img_04087_2024,0.0,0.019875962,0
img_04079_2024,0.0,0.018172652,0
img_04085_2024,0.0,0.0105387475,0
img_04080_2024,0.0,0.10621448,0
img_04089_2024,0.0,0.11066869,0
img_04088_2024,0.0,0.011340213,0
img_04083_2024,0.0,0.010456946,0
img_04084_2024,0.0,0.040190626,0
img_04090_2024,0.0,0.035480577,0
img_04092_2024,0.0,0.012312461,0
img_04091_2024,0.0,0.029862722,0
img_04094_2024,0.0,0.011519329,0
img_04093_2024,0.0,0.009894878,0
img_04096_2024,0.0,0.015396986,0
img_04095_2024,0.0,0.0115612885,0
img_04098_2024,0.0,0.01848414,0
img_04097_2024,0.0,0.011906564,0
img_04099_2024,0.0,0.0119517585,0
img_04101_2024,0.0,0.2062381,0
img_04104_2024,0.0,0.018781135,0
img_04103_2024,0.0,0.019181628,0
img_04105_2024,0.0,0.70278364,0
img_04107_2024,0.0,0.024735093,0
img_04102_2024,0.0,0.015830733,0
img_04106_2024,0.0,0.06896314,0
img_04109_2024,0.0,0.03168844,0
img_04111_2024,0.0,0.012026504,0
img_04108_2024,0.0,0.013095819,0
img_04113_2024,0.0,0.014709984,0
img_04112_2024,0.0,0.026656836,0
img_04110_2024,0.0,0.021536399,0
img_04115_2024,0.0,0.030728452,0
img_04116_2024,0.0,0.009124271,0
img_03989_p01_2024,0.0,0.013126168,0
img_03989_p02_2024,0.0,0.009821186,0
img_03989_p03_2024,0.0,0.013543555,0
img_03989_p04_2024,0.0,0.013045945,0
img_03989_p05_2024,0.0,0.014654914,0
img_03989_p06_2024,0.0,0.015801415,0
img_03989_p07_2024,0.0,0.014600761,0
img_04121_2024,0.0,0.029384555,0
img_04120_2024,0.0,0.18873586,0
img_04123_2024,0.0,0.021459633,0
img_04124_2024,0.0,0.010860638,0
img_04118_2024,0.0,0.050756354,0
img_04114_2024,0.0,0.034027338,0
img_04117_2024,0.0,0.013694668,0
img_04128_2024,0.0,0.0102649005,0
img_04125_2024,0.0,0.011316058,0
img_04132_2024,0.0,0.25557867,0
img_04126_2024,0.0,0.024986865,0
img_04119_2024,0.0,0.015014317,0
img_04041_p01_2024,0.0,0.02364373,0
img_04041_p02_2024,0.0,0.05272624,0
img_04041_p03_2024,0.0,0.6848522,0
img_04041_p04_2024,0.0,0.65796006,0
img_04041_p05_2024,0.0,0.04400338,0
img_04138_2024,0.0,0.2583601,0
img_04133_2024,0.0,0.015048401,0
img_04127_2024,0.0,0.96290624,1
img_04131_2024,0.0,0.028833508,0
img_04139_2024,0.0,0.01753885,0
img_04135_2024,0.0,0.012602037,0
img_04146_2024,0.0,0.023533558,0
img_04147_2024,0.0,0.06039762,0
img_04136_2024,0.0,0.010393188,0
img_04141_2024,0.0,0.019301275,0
img_04143_2024,0.0,0.013455711,0
img_04129_2024,0.0,0.026050575,0
img_04144_2024,0.0,0.02131649,0
img_04134_2024,0.0,0.0155231,0
img_04145_2024,0.0,0.083265565,0
img_04152_2024,0.0,0.2554923,0
img_04137_2024,0.0,0.029330157,0
img_04150_2024,0.0,0.011140814,0
img_04151_2024,0.0,0.014126099,0
img_04130_2024,0.0,0.022101419,0
img_04149_2024,0.0,0.014609203,0
img_04157_2024,0.0,0.0077970927,0
img_04155_2024,0.0,0.19581091,0
img_04100_p01_2024,0.0,0.0119696,0
img_04100_p02_2024,0.0,0.01810598,0
img_04148_2024,0.0,0.014126717,0
img_04142_2024,0.0,0.6932331,0
img_04153_2024,0.0,0.01699822,0
img_04159_2024,0.0,0.015742281,0
img_04122_p01_2024,0.0,0.01894112,0
img_04122_p02_2024,0.0,0.5180129,0
img_04122_p03_2024,0.0,0.021434017,0
img_04154_2024,0.0,0.013197635,0
img_04158_2024,0.0,0.015092327,0
img_04140_2024,0.0,0.008496881,0
img_04160_2024,0.0,0.010312008,0
img_04156_2024,0.0,0.032618802,0
img_04165_2024,0.0,0.045361273,0
img_04162_2024,0.0,0.025481962,0
img_04168_2024,0.0,0.022286877,0
img_04169_2024,0.0,0.04360619,0
img_04166_2024,0.0,0.027036035,0
img_04161_2024,0.0,0.040191498,0
img_04167_2024,0.0,0.018635461,0
img_04170_2024,0.0,0.041255727,0
img_04171_2024,0.0,0.007849588,0
img_04163_2024,0.0,0.14042607,0
img_04164_2024,0.0,0.052648067,0
img_04172_2024,0.0,0.07576363,0
img_04179_2024,0.0,0.09310704,0
img_04175_2024,0.0,0.018574698,0
img_04185_2024,0.0,0.02389489,0
img_04180_2024,0.0,0.012007955,0
img_04184_2024,0.0,0.886804,0
img_04186_2024,0.0,0.010283078,0
img_04181_2024,0.0,0.021277498,0
img_04187_2024,0.0,0.008891524,0
img_04178_2024,0.0,0.012618122,0
img_04188_2024,0.0,0.08300139,0
img_04173_2024,0.0,0.012102558,0
img_04183_2024,0.0,0.24425244,0
img_04174_2024,0.0,0.018606192,0
img_04182_2024,0.0,0.024255771,0
img_04191_2024,0.0,0.04888154,0
img_04189_2024,0.0,0.04892409,0
img_04193_2024,0.0,0.026571812,0
img_04177_2024,0.0,0.012591232,0
img_04190_2024,0.0,0.21618457,0
img_04196_2024,0.0,0.012021557,0
img_04034_p01_2024,0.0,0.015403625,0
img_04034_p02_2024,0.0,0.01230654,0
img_04034_p03_2024,0.0,0.017206687,0
img_04034_p04_2024,0.0,0.011654653,0
img_04034_p05_2024,0.0,0.014403068,0
img_04034_p06_2024,0.0,0.020131031,0
img_04192_2024,0.0,0.015572357,0
img_04195_2024,0.0,0.032538414,0
img_04197_2024,0.0,0.2569821,0
img_04204_2024,0.0,0.011904002,0
img_04203_2024,0.0,0.06517191,0
img_04211_2024,0.0,0.024674132,0
img_04205_2024,0.0,0.10776105,0
img_04208_2024,0.0,0.014612258,0
img_04207_2024,0.0,0.016945507,0
img_04212_2024,0.0,0.04379392,0
img_04206_2024,0.0,0.03641056,0
img_04198_2024,0.0,0.044434316,0
img_04214_2024,0.0,0.06345249,0
img_04209_2024,0.0,0.015109141,0
img_04200_2024,0.0,0.024431583,0
img_04213_2024,0.0,0.0338751,0
img_04194_2024,0.0,0.11303018,0
img_04210_2024,0.0,0.0904811,0
img_04216_2024,0.0,0.046898395,0
img_04199_2024,0.0,0.013658717,0
img_04215_2024,0.0,0.020922067,0
img_04217_2024,0.0,0.028230973,0
img_04218_2024,0.0,0.05737691,0
img_04201_2024,0.0,0.020686585,0
img_04223_2024,0.0,0.49132732,0
img_04219_2024,0.0,0.068508014,0
img_04176_2024,0.0,0.025430547,0
img_04221_2024,0.0,0.014115266,0
img_04222_2024,0.0,0.012075262,0
img_04220_2024,0.0,0.08769536,0
img_04227_2024,0.0,0.013835683,0
img_04225_2024,0.0,0.0337499,0
img_04228_2024,0.0,0.022977713,0
img_04202_2024,0.0,0.15119646,0
img_04231_2024,0.0,0.018350035,0
img_04226_2024,0.0,0.02248743,0
img_04232_2024,0.0,0.017377798,0
img_04230_2024,0.0,0.03039785,0
img_04234_2024,0.0,0.020837815,0
img_04229_2024,0.0,0.031159818,0
img_04224_2024,0.0,0.021838313,0
img_04233_2024,0.0,0.07201281,0
img_04235_2024,0.0,0.020324111,0
img_04238_2024,0.0,0.02558352,0
img_04242_2024,0.0,0.02067976,0
img_04236_2024,0.0,0.015029338,0
img_04254_2024,0.0,0.020251507,0
img_04250_2024,0.0,0.017733391,0
img_04246_2024,0.0,0.017405944,0
img_04249_2024,0.0,0.14919275,0
img_04247_2024,0.0,0.026705708,0
img_04243_2024,0.0,0.028708242,0
img_04240_2024,0.0,0.025338782,0
img_04252_2024,0.0,0.021376528,0
img_04245_2024,0.0,0.117655374,0
img_04239_2024,0.0,0.32555822,0
img_04241_2024,0.0,0.05403611,0
img_04251_2024,0.0,0.028234068,0
img_04257_2024,0.0,0.010048692,0
img_04256_2024,0.0,0.9117231,1
img_04244_2024,0.0,0.93691534,1
img_04253_2024,0.0,0.04715591,0
img_04255_2024,0.0,0.89044774,0
img_04248_2024,0.0,0.029526396,0
img_04259_2024,0.0,0.03597982,0
img_04258_2024,0.0,0.02067138,0
img_04266_2024,0.0,0.02428123,0
img_04260_2024,0.0,0.8164104,0
img_04267_2024,0.0,0.027565267,0
img_04268_2024,0.0,0.08634721,0
img_04265_2024,0.0,0.016780304,0
img_04271_2024,0.0,0.015705477,0
img_04264_2024,0.0,0.1186158,0
img_04272_2024,0.0,0.010570688,0
img_04276_2024,0.0,0.04028234,0
img_04274_2024,0.0,0.116456375,0
img_04262_2024,0.0,0.027759822,0
img_04275_2024,0.0,0.023764675,0
img_04270_2024,0.0,0.05794038,0
img_04277_2024,0.0,0.027142689,0
img_04261_2024,0.0,0.02532588,0
img_04278_2024,0.0,0.11075987,0
img_04263_2024,0.0,0.11641558,0
img_04281_2024,0.0,0.040554937,0
img_04282_2024,0.0,0.06330648,0
img_04283_2024,0.0,0.014388724,0
img_04292_2024,0.0,0.018956648,0
img_04273_2024,0.0,0.014406473,0
img_04279_2024,0.0,0.011662367,0
img_04289_2024,0.0,0.8698957,0
img_04287_2024,0.0,0.047833476,0
img_04290_2024,0.0,0.01854118,0
img_04288_2024,0.0,0.052446872,0
img_04284_2024,0.0,0.019645369,0
img_04285_2024,0.0,0.19192424,0
img_04291_2024,0.0,0.019777518,0
img_04293_2024,0.0,0.072836876,0
img_04286_2024,0.0,0.03250735,0
img_04294_2024,0.0,0.11461277,0
img_04299_2024,0.0,0.008179329,0
img_04280_2024,0.0,0.03623346,0
img_04295_2024,0.0,0.3894379,0
img_04307_2024,0.0,0.020329533,0
img_04302_2024,0.0,0.038558636,0
img_04309_2024,0.0,0.1377252,0
img_04305_2024,0.0,0.9107149,1
img_04297_2024,0.0,0.08572008,0
img_04306_2024,0.0,0.023548963,0
img_04303_2024,0.0,0.009157556,0
img_04301_2024,0.0,0.009187324,0
img_04304_2024,0.0,0.17488578,0
img_04300_2024,0.0,0.029069135,0
img_04298_2024,0.0,0.079206325,0
img_04313_2024,0.0,0.011317931,0
img_04311_2024,0.0,0.018617634,0
img_04296_p01_2024,0.0,0.0493964,0
img_04296_p02_2024,0.0,0.036704425,0
img_04317_2024,0.0,0.05928202,0
img_04320_2024,0.0,0.023923172,0
img_04318_2024,0.0,0.015953163,0
img_04314_2024,0.0,0.010859512,0
img_04312_2024,0.0,0.043334667,0
img_04237_p01_2024,0.0,0.024206726,0
img_04237_p02_2024,0.0,0.051932488,0
img_04237_p03_2024,0.0,0.028320398,0
img_04237_p04_2024,0.0,0.037156936,0
img_04322_2024,0.0,0.024724253,0
img_04315_2024,0.0,0.04815987,0
img_04323_2024,0.0,0.015118157,0
img_04321_2024,0.0,0.09674222,0
img_04327_2024,0.0,0.040045224,0
img_04328_2024,0.0,0.07997405,0
img_04324_2024,0.0,0.8209031,0
img_04329_2024,0.0,0.04218202,0
img_04326_2024,0.0,0.20954736,0
img_04331_2024,0.0,0.027248783,0
img_04330_2024,0.0,0.0237056,0
img_04325_2024,0.0,0.26761875,0
img_04333_2024,0.0,0.8925574,0
img_04332_2024,0.0,0.014683076,0
img_04334_2024,0.0,0.014158023,0
img_04316_p01_2024,0.0,0.0145718455,0
img_04316_p02_2024,0.0,0.02390538,0
img_04338_2024,0.0,0.03405151,0
img_04336_2024,0.0,0.016381498,0
img_04342_2024,0.0,0.016980207,0
img_04341_2024,0.0,0.011217555,0
img_04345_2024,0.0,0.023772724,0
img_04339_2024,0.0,0.7966531,0
img_04344_2024,0.0,0.044412304,0
img_04335_2024,0.0,0.03484082,0
img_04348_2024,0.0,0.01578645,0
img_04349_2024,0.0,0.032993477,0
img_04343_2024,0.0,0.020285184,0
img_04350_2024,0.0,0.03759642,0
img_04352_2024,0.0,0.016351068,0
img_04346_2024,0.0,0.08137,0
img_04353_2024,0.0,0.011386578,0
img_04358_2024,0.0,0.026398364,0
img_04355_2024,0.0,0.03105262,0
img_04308_p01_2024,0.0,0.034655478,0
img_04308_p02_2024,0.0,0.028468598,0
img_04308_p03_2024,0.0,0.0425289,0
img_04308_p04_2024,0.0,0.012228097,0
img_04354_2024,0.0,0.13173756,0
img_04356_2024,0.0,0.059110977,0
img_04359_2024,0.0,0.31367683,0
img_04357_2024,0.0,0.13414547,0
img_04351_2024,0.0,0.012160343,0
img_04362_2024,0.0,0.7243464,0
img_04360_2024,0.0,0.022681197,0
img_04361_2024,0.0,0.021399237,0
img_04364_2024,0.0,0.12288532,0
img_04363_2024,0.0,0.043492865,0
img_04366_2024,0.0,0.016138768,0
img_04369_2024,0.0,0.012533933,0
img_04368_2024,0.0,0.029865561,0
img_04371_2024,0.0,0.48646352,0
img_04367_2024,0.0,0.019841671,0
img_04319_p01_2024,0.0,0.05898031,0
img_04319_p02_2024,0.0,0.06672307,0
img_04319_p03_2024,0.0,0.060314067,0
img_04319_p04_2024,0.0,0.036920357,0
img_04372_2024,0.0,0.07520067,0
img_04374_2024,0.0,0.036600225,0
img_04370_2024,0.0,0.02884872,0
img_04375_2024,0.0,0.07199545,0
img_04380_2024,0.0,0.019575236,0
img_04379_2024,0.0,0.012717361,0
img_04377_2024,0.0,0.21078862,0
img_04376_2024,0.0,0.019169359,0
img_04373_2024,0.0,0.013387312,0
img_04381_2024,0.0,0.022576803,0
img_04385_2024,0.0,0.032274432,0
img_04382_2024,0.0,0.36757827,0
img_04387_2024,0.0,0.06527008,0
img_04386_2024,0.0,0.01561177,0
img_04388_2024,0.0,0.011327614,0
img_04393_2024,0.0,0.028598022,0
img_04389_2024,0.0,0.07872216,0
img_04390_2024,0.0,0.011130407,0
img_04392_2024,0.0,0.037069034,0
img_04391_2024,0.0,0.051664166,0
img_04394_2024,0.0,0.30835307,0
img_04384_2024,0.0,0.17699161,0
img_04397_2024,0.0,0.03163508,0
img_04395_2024,0.0,0.06569074,0
img_04398_2024,0.0,0.01879168,0
img_04400_2024,0.0,0.021900902,0
img_04378_p01_2024,0.0,0.028207866,0
img_04378_p02_2024,0.0,0.19971023,0
img_04399_2024,0.0,0.014459012,0
img_04401_2024,0.0,0.033913903,0
img_04402_2024,0.0,0.11312388,0
img_04404_2024,0.0,0.011512842,0
img_04347_p01_2024,0.0,0.7354248,0
img_04347_p02_2024,0.0,0.24896039,0
img_04347_p03_2024,0.0,0.25701648,0
img_04347_p04_2024,0.0,0.015535923,0
img_04383_p01_2024,0.0,0.033832088,0
img_04383_p02_2024,0.0,0.034661334,0
img_04406_2024,0.0,0.01467893,0
img_04403_2024,0.0,0.017495299,0
img_04405_2024,0.0,0.028796388,0
img_04409_2024,0.0,0.16771452,0
img_04410_2024,0.0,0.0142298285,0
img_04412_2024,0.0,0.04184887,0
img_04408_2024,0.0,0.12294237,0
img_04413_2024,0.0,0.048174564,0
img_04415_2024,0.0,0.48530874,0
img_04414_2024,0.0,0.0274908,0
img_04407_2024,0.0,0.050620817,0
img_04416_2024,0.0,0.01304182,0
img_04365_p01_2024,0.0,0.55521566,0
img_04365_p02_2024,0.0,0.47302467,0
img_04365_p03_2024,0.0,0.39310002,0
img_04365_p04_2024,0.0,0.2717309,0
img_04419_2024,0.0,0.046729397,0
img_04411_2024,0.0,0.0104588065,0
img_04418_2024,0.0,0.015467662,0
img_04417_2024,0.0,0.034944285,0
img_04269_p01_2024,0.0,0.029698769,0
img_04269_p02_2024,0.0,0.1351843,0
img_04269_p03_2024,0.0,0.016106049,0
img_04269_p04_2024,0.0,0.023413109,0
img_04269_p05_2024,0.0,0.027316669,0
img_04269_p06_2024,0.0,0.017876461,0
img_04269_p07_2024,0.0,0.049602002,0
img_04269_p08_2024,0.0,0.026807116,0
img_04420_2024,0.0,0.03460663,0
img_04421_2024,0.0,0.022233829,0
img_04426_2024,0.0,0.013979444,0
img_04423_2024,0.0,0.10661438,0
img_04396_p01_2024,0.0,0.039978124,0
img_04396_p02_2024,0.0,0.021177605,0
img_04429_2024,0.0,0.026214657,0
img_04340_p01_2024,0.0,0.037744794,0
img_04340_p02_2024,0.0,0.112527885,0
img_04340_p03_2024,0.0,0.080843434,0
img_04340_p04_2024,0.0,0.055395212,0
img_04340_p05_2024,0.0,0.17018163,0
img_04340_p06_2024,0.0,0.10161345,0
img_04425_2024,0.0,0.38629445,0
img_04430_2024,0.0,0.021321798,0
img_04432_2024,0.0,0.05658987,0
img_04433_2024,0.0,0.009729248,0
img_04427_2024,0.0,0.20297347,0
img_04435_2024,0.0,0.012494599,0
img_04434_2024,0.0,0.14084952,0
img_04422_2024,0.0,0.026341757,0
img_04436_2024,0.0,0.1837621,0
img_04438_2024,0.0,0.04153244,0
img_04441_2024,0.0,0.017413596,0
img_04437_2024,0.0,0.046149485,0
img_04439_2024,0.0,0.018066408,0
img_04440_2024,0.0,0.01930248,0
img_04442_2024,0.0,0.048062913,0
img_04446_2024,0.0,0.023047188,0
img_04445_2024,0.0,0.022005238,0
img_04444_2024,0.0,0.021516623,0
img_04431_2024,0.0,0.017811554,0
img_04447_2024,0.0,0.9420854,1
img_04448_2024,0.0,0.19491698,0
img_04451_2024,0.0,0.026363088,0
img_04443_2024,0.0,0.024575194,0
img_04449_2024,0.0,0.041949254,0
img_04454_2024,0.0,0.14408603,0
img_04450_2024,0.0,0.03333061,0
img_04457_2024,0.0,0.07366711,0
img_04458_2024,0.0,0.14147738,0
img_04453_2024,0.0,0.036437012,0
img_04455_2024,0.0,0.2639556,0
img_04459_2024,0.0,0.022269754,0
img_04452_2024,0.0,0.09897641,0
img_04456_2024,0.0,0.086459555,0
img_04463_2024,0.0,0.016592741,0
img_04465_2024,0.0,0.09023407,0
img_04460_2024,0.0,0.018385598,0
img_04462_2024,0.0,0.021209905,0
img_04428_p01_2024,0.0,0.13560337,0
img_04428_p02_2024,0.0,0.048102416,0
img_04428_p03_2024,0.0,0.09768423,0
img_04467_2024,0.0,0.058199644,0
img_04468_2024,0.0,0.012849006,0
img_04466_2024,0.0,0.3661042,0
img_04471_2024,0.0,0.5707393,0
img_04469_2024,0.0,0.025648152,0
img_04475_2024,0.0,0.013490398,0
img_04461_2024,0.0,0.07676637,0
img_04474_2024,0.0,0.01504152,0
img_04476_2024,0.0,0.08025173,0
img_04473_2024,0.0,0.27562883,0
img_04470_2024,0.0,0.020687893,0
img_04479_2024,0.0,0.020876318,0
img_04480_2024,0.0,0.3599925,0
img_04482_2024,0.0,0.093838975,0
img_04483_2024,0.0,0.111136526,0
img_04478_2024,0.0,0.015232347,0
img_04477_2024,0.0,0.08637306,0
img_04481_2024,0.0,0.011832412,0
img_04484_2024,0.0,0.02143423,0
img_04485_2024,0.0,0.08135363,0
img_04486_2024,0.0,0.029469267,0
img_04487_2024,0.0,0.01617519,0
img_04489_2024,0.0,0.017808575,0
img_04464_p01_2024,0.0,0.017955804,0
img_04464_p02_2024,0.0,0.48670116,0
img_04488_2024,0.0,0.012913287,0
img_04490_2024,0.0,0.013632757,0
img_04491_2024,0.0,0.014248241,0
img_04493_2024,0.0,0.0149951,0
img_04496_2024,0.0,0.013067963,0
img_04495_2024,0.0,0.013949918,0
img_04492_2024,0.0,0.08461018,0
img_04505_2024,0.0,0.13192348,0
img_04497_2024,0.0,0.039491292,0
img_04500_2024,0.0,0.018007852,0
img_04498_2024,0.0,0.021406353,0
img_04494_2024,0.0,0.03263182,0
img_04502_2024,0.0,0.37513784,0
img_04504_2024,0.0,0.020868149,0
img_04506_2024,0.0,0.022199571,0
img_04508_2024,0.0,0.95967156,1
img_04503_2024,0.0,0.06035623,0
img_04515_2024,0.0,0.15274186,0
img_04507_2024,0.0,0.041594688,0
img_04516_2024,0.0,0.012278536,0
img_04511_2024,0.0,0.017797286,0
img_04518_2024,0.0,0.022779115,0
img_04512_2024,0.0,0.118165225,0
img_04514_2024,0.0,0.02971412,0
img_04513_2024,0.0,0.011089649,0
img_04509_2024,0.0,0.016671456,0
img_04424_p01_2024,0.0,0.01929841,0
img_04424_p02_2024,0.0,0.3958936,0
img_04424_p03_2024,0.0,0.030185474,0
img_04424_p04_2024,0.0,0.07011406,0
img_04510_2024,0.0,0.024803292,0
img_04517_2024,0.0,0.108896405,0
img_04521_2024,0.0,0.03279418,0
img_04519_2024,0.0,0.024675226,0
img_04523_2024,0.0,0.015133792,0
img_04526_2024,0.0,0.9907577,1
img_04524_2024,0.0,0.03676693,0
img_04527_2024,0.0,0.21485205,0
img_04499_2024,0.0,0.013973753,0
img_04529_2024,0.0,0.015542844,0
img_04534_2024,0.0,0.0644032,0
img_04531_2024,0.0,0.023712853,0
img_04537_2024,0.0,0.81990147,0
img_04501_2024,0.0,0.032213297,0
img_04532_2024,0.0,0.80255234,0
img_04536_2024,0.0,0.030570623,0
img_04535_2024,0.0,0.028169084,0
img_04540_2024,0.0,0.051236097,0
img_04530_2024,0.0,0.030662535,0
img_04538_2024,0.0,0.3660711,0
img_04539_2024,0.0,0.06453021,0
img_04310_p01_2024,0.0,0.015761836,0
img_04310_p02_2024,0.0,0.013037365,0
img_04310_p03_2024,0.0,0.020867739,0
img_04310_p04_2024,0.0,0.032594353,0
img_04310_p05_2024,0.0,0.05215054,0
img_04310_p06_2024,0.0,0.07386661,0
img_04310_p07_2024,0.0,0.07465434,0
img_04310_p08_2024,0.0,0.12327753,0
img_04310_p09_2024,0.0,0.0595977,0
img_04310_p10_2024,0.0,0.0491741,0
img_04310_p11_2024,0.0,0.22838444,0
img_04310_p12_2024,0.0,0.41166916,0
img_04310_p14_2024,0.0,0.029931234,0
img_04543_2024,0.0,0.052150317,0
img_04545_2024,0.0,0.027752664,0
img_04541_2024,0.0,0.15617046,0
img_04546_2024,0.0,0.13575429,0
img_04544_2024,0.0,0.04365994,0
img_04542_2024,0.0,0.053237878,0
img_04548_2024,0.0,0.018729229,0
img_04528_p01_2024,0.0,0.06403829,0
img_04528_p02_2024,0.0,0.60746485,0
img_04547_2024,0.0,0.08925555,0
img_04550_2024,0.0,0.064797774,0
img_04549_2024,0.0,0.011158673,0
img_04553_2024,0.0,0.9706688,1
img_04552_2024,0.0,0.47315934,0
img_04554_2024,0.0,0.018334739,0
img_04551_2024,0.0,0.7603661,0
img_04555_2024,0.0,0.12498672,0
img_04556_2024,0.0,0.047250967,0
img_04557_2024,0.0,0.20142418,0
img_04560_2024,0.0,0.017579831,0
img_04558_2024,0.0,0.017589321,0
img_04561_2024,0.0,0.042887464,0
img_04564_2024,0.0,0.5972812,0
img_04563_2024,0.0,0.16418277,0
img_04562_2024,0.0,0.015308482,0
img_04567_2024,0.0,0.1707803,0
img_04565_2024,0.0,0.0824517,0
img_04568_2024,0.0,0.017877316,0
img_04566_2024,0.0,0.017132098,0
img_04569_2024,0.0,0.027437177,0
img_04570_2024,0.0,0.08376633,0
img_04571_2024,0.0,0.037096582,0
img_04573_2024,0.0,0.05520671,0
img_04559_2024,0.0,0.034450058,0
img_04520_p01_2024,0.0,0.017758043,0
img_04520_p02_2024,0.0,0.12454922,0
img_04520_p03_2024,0.0,0.038146734,0
img_04520_p04_2024,0.0,0.03178878,0
img_04572_2024,0.0,0.015007169,0
img_04577_2024,0.0,0.023983669,0
img_04533_p01_2024,0.0,0.037207983,0
img_04533_p02_2024,0.0,0.0721056,0
img_04533_p03_2024,0.0,0.052015863,0
img_04575_2024,0.0,0.12612864,0
img_04576_2024,0.0,0.16290134,0
img_04337_p01_2024,0.0,0.10853234,0
img_04337_p02_2024,0.0,0.10328309,0
img_04337_p03_2024,0.0,0.05841668,0
img_04337_p04_2024,0.0,0.028769374,0
img_04337_p05_2024,0.0,0.052634418,0
img_04337_p06_2024,0.0,0.08886551,0
img_04337_p07_2024,0.0,0.030801581,0
img_04337_p08_2024,0.0,0.23753926,0
img_04337_p09_2024,0.0,0.051062062,0
img_04337_p10_2024,0.0,0.06893186,0
img_04337_p11_2024,0.0,0.04596983,0
img_04574_2024,0.0,0.013517007,0
img_04581_2024,0.0,0.37041336,0
img_04578_2024,0.0,0.15910181,0
img_04580_2024,0.0,0.027878027,0
img_04582_2024,0.0,0.04895234,0
img_04584_2024,0.0,0.1674384,0
img_04585_2024,0.0,0.014502346,0
img_04579_2024,0.0,0.039118636,0
img_04583_2024,0.0,0.011594296,0
img_04586_2024,0.0,0.021008946,0
img_04522_p01_2024,0.0,0.013608636,0
img_04522_p02_2024,0.0,0.033196777,0
img_04522_p03_2024,0.0,0.026537636,0
img_04522_p04_2024,0.0,0.017693434,0
img_04589_2024,0.0,0.018293293,0
img_04588_2024,0.0,0.02038593,0
img_04590_2024,0.0,0.98679847,1
img_04594_2024,0.0,0.038261462,0
img_04595_2024,0.0,0.9609308,1
img_04591_2024,0.0,0.015491812,0
img_04596_2024,0.0,0.011833963,0
img_04525_p01_2024,0.0,0.08347301,0
img_04525_p02_2024,0.0,0.26879504,0
img_04525_p03_2024,0.0,0.037060175,0
img_04525_p04_2024,0.0,0.05176997,0
img_04525_p05_2024,0.0,0.15977795,0
img_04593_2024,0.0,0.8864064,0
img_04597_2024,0.0,0.14356624,0
img_04604_2024,0.0,0.753197,0
img_04602_2024,0.0,0.019545443,0
img_04599_2024,0.0,0.026989698,0
img_04603_2024,0.0,0.9714479,1
img_04592_2024,0.0,0.011076991,0
img_04606_2024,0.0,0.3237687,0
img_04598_2024,0.0,0.020275079,0
img_04601_2024,0.0,0.027450914,0
img_04607_2024,0.0,0.039188426,0
img_04610_2024,0.0,0.035788715,0
img_04613_2024,0.0,0.4281937,0
img_04608_2024,0.0,0.06997878,0
img_04609_2024,0.0,0.076167196,0
img_04611_2024,0.0,0.021806749,0
img_04612_2024,0.0,0.044561557,0
img_04600_2024,0.0,0.15107222,0
img_04615_2024,0.0,0.022478024,0
img_04614_2024,0.0,0.33426854,0
img_04617_2024,0.0,0.011301163,0
img_04618_2024,0.0,0.015901601,0
img_04621_2024,0.0,0.0448406,0
img_04616_2024,0.0,0.032856006,0
img_04587_p01_2024,0.0,0.02235393,0
img_04587_p02_2024,0.0,0.13271445,0
img_04619_2024,0.0,0.03792446,0
img_04620_2024,0.0,0.2587611,0
img_04622_2024,0.0,0.028448466,0
img_04627_2024,0.0,0.91780376,1
img_04625_2024,0.0,0.02261474,0
img_04630_2024,0.0,0.050319295,0
img_04632_2024,0.0,0.029902367,0
img_04629_2024,0.0,0.027068462,0
img_04633_2024,0.0,0.02572393,0
img_04626_2024,0.0,0.17056404,0
img_04624_2024,0.0,0.01707953,0
img_04605_p01_2024,0.0,0.0440417,0
img_04605_p02_2024,0.0,0.018311607,0
img_04636_2024,0.0,0.026309153,0
img_04637_2024,0.0,0.019524751,0
img_04635_2024,0.0,0.014602785,0
img_04628_2024,0.0,0.016078422,0
img_04639_2024,0.0,0.034982994,0
img_04634_2024,0.0,0.09909242,0
img_04638_2024,0.0,0.33852506,0
img_04640_2024,0.0,0.20908622,0
img_04643_2024,0.0,0.16141981,0
img_04644_2024,0.0,0.06193331,0
img_04641_2024,0.0,0.7142776,0
img_04646_2024,0.0,0.943574,1
img_04648_2024,0.0,0.022860296,0
img_04647_2024,0.0,0.11963671,0
img_04642_2024,0.0,0.019146627,0
img_04649_2024,0.0,0.07629663,0
img_04645_2024,0.0,0.0794329,0
img_04653_2024,0.0,0.015952548,0
img_04655_2024,0.0,0.03752898,0
img_04657_2024,0.0,0.018800247,0
img_04652_2024,0.0,0.019493872,0
img_04651_2024,0.0,0.020833496,0
img_04650_2024,0.0,0.10767038,0
img_04658_2024,0.0,0.01811966,0
img_04654_2024,0.0,0.027256064,0
img_04660_2024,0.0,0.022858853,0
img_04661_2024,0.0,0.010095451,0
img_04662_2024,0.0,0.03863564,0
img_04663_2024,0.0,0.0548892,0
img_04656_2024,0.0,0.03547322,0
img_04659_2024,0.0,0.05372024,0
img_04664_2024,0.0,0.04868776,0
img_04665_2024,0.0,0.0640783,0
img_04669_2024,0.0,0.014228398,0
img_04670_2024,0.0,0.14447235,0
img_04666_2024,0.0,0.17584828,0
img_04672_2024,0.0,0.079030775,0
img_04677_2024,0.0,0.20306166,0
img_04667_2024,0.0,0.23453669,0
img_04671_2024,0.0,0.010299679,0
img_04673_2024,0.0,0.044897247,0
img_04680_2024,0.0,0.020654986,0
img_04676_2024,0.0,0.06061611,0
img_04678_2024,0.0,0.105530985,0
img_04674_2024,0.0,0.15906255,0
img_04682_2024,0.0,0.042800494,0
img_04679_2024,0.0,0.044728484,0
img_04683_2024,0.0,0.013607414,0
img_04684_2024,0.0,0.035936724,0
img_04681_2024,0.0,0.08081892,0
img_04690_2024,0.0,0.053579845,0
img_04675_2024,0.0,0.023316687,0
img_04688_2024,0.0,0.28808957,0
img_04687_2024,0.0,0.026120054,0
img_04691_2024,0.0,0.01954279,0
img_04686_2024,0.0,0.34347045,0
img_04689_2024,0.0,0.04211219,0
img_04696_2024,0.0,0.022053523,0
img_04693_2024,0.0,0.022380155,0
img_04694_2024,0.0,0.20179783,0
img_04692_2024,0.0,0.029564595,0
img_04699_2024,0.0,0.062041756,0
img_04697_2024,0.0,0.024572477,0
img_04695_2024,0.0,0.0149025405,0
img_04702_2024,0.0,0.053639177,0
img_04703_2024,0.0,0.07060681,0
img_04706_2024,0.0,0.014318323,0
img_04701_2024,0.0,0.07469867,0
img_04698_2024,0.0,0.019880136,0
img_04704_2024,0.0,0.016475877,0
img_04707_2024,0.0,0.034868367,0
img_04708_2024,0.0,0.03629434,0
img_04709_2024,0.0,0.031159481,0
img_04700_2024,0.0,0.031727567,0
img_04711_2024,0.0,0.04336845,0
img_04631_p01_2024,0.0,0.02726336,0
img_04631_p02_2024,0.0,0.013732061,0
img_04631_p03_2024,0.0,0.017241742,0
img_04631_p04_2024,0.0,0.0934273,0
img_04710_2024,0.0,0.088835135,0
img_04712_2024,0.0,0.07540451,0
img_04705_2024,0.0,0.029098393,0
img_04713_2024,0.0,0.014531421,0
img_04715_2024,0.0,0.036270957,0
img_04714_2024,0.0,0.05148664,0
img_04718_2024,0.0,0.02825805,0
img_04716_2024,0.0,0.020839673,0
img_04719_2024,0.0,0.030259918,0
img_04723_2024,0.0,0.07361078,0
img_04724_2024,0.0,0.01852214,0
img_04722_2024,0.0,0.95695597,1
img_04717_2024,0.0,0.7977312,0
img_04668_p01_2024,0.0,0.074644096,0
img_04668_p02_2024,0.0,0.08705155,0
img_04668_p03_2024,0.0,0.015351964,0
img_04668_p04_2024,0.0,0.012849055,0
img_04727_2024,0.0,0.9517053,1
img_04728_2024,0.0,0.016527975,0
img_04720_2024,0.0,0.023115534,0
img_04726_2024,0.0,0.085295886,0
img_04731_2024,0.0,0.020422548,0
img_04729_2024,0.0,0.45842057,0
img_04721_2024,0.0,0.026668759,0
img_04734_2024,0.0,0.90748185,0
img_04736_2024,0.0,0.062731326,0
img_04733_2024,0.0,0.047646463,0
img_04737_2024,0.0,0.019077811,0
img_04739_2024,0.0,0.023356773,0
img_04730_2024,0.0,0.04151293,0
img_04725_2024,0.0,0.019050088,0
img_04738_2024,0.0,0.02004569,0
img_04732_2024,0.0,0.047542926,0
img_04735_2024,0.0,0.02416741,0
img_04742_2024,0.0,0.026378252,0
img_04740_2024,0.0,0.032055743,0
img_04744_2024,0.0,0.023786517,0
img_04743_2024,0.0,0.5289492,0
img_04745_2024,0.0,0.021825843,0
img_04756_2024,0.0,0.019164266,0
img_04757_2024,0.0,0.01692747,0
img_04747_2024,0.0,0.06452046,0
img_04750_2024,0.0,0.020763928,0
img_04751_2024,0.0,0.038368244,0
img_04755_2024,0.0,0.028212782,0
img_04748_2024,0.0,0.010892326,0
img_04749_2024,0.0,0.2769034,0
img_04741_2024,0.0,0.04271774,0
img_04752_2024,0.0,0.5685513,0
img_04746_2024,0.0,0.018420752,0
img_04758_2024,0.0,0.038472883,0
img_04685_p01_2024,0.0,0.020019872,0
img_04685_p02_2024,0.0,0.26562783,0
img_04685_p03_2024,0.0,0.2788115,0
img_04685_p04_2024,0.0,0.1268132,0
img_04759_2024,0.0,0.06184289,0
img_04760_2024,0.0,0.023043394,0
img_04761_2024,0.0,0.49693355,0
img_04762_2024,0.0,0.022591623,0
img_04767_2024,0.0,0.0940212,0
img_04766_2024,0.0,0.059562616,0
img_04771_2024,0.0,0.09243599,0
img_04769_2024,0.0,0.08230457,0
img_04763_2024,0.0,0.024195436,0
img_04623_p01_2024,0.0,0.03984799,0
img_04623_p02_2024,0.0,0.028221028,0
img_04623_p03_2024,0.0,0.038189404,0
img_04623_p04_2024,0.0,0.018241754,0
img_04623_p05_2024,0.0,0.028063146,0
img_04623_p06_2024,0.0,0.029440833,0
img_04623_p07_2024,0.0,0.017506128,0
img_04623_p08_2024,0.0,0.01823381,0
img_04772_2024,0.0,0.023802007,0
img_04773_2024,0.0,0.5619946,0
img_04764_2024,0.0,0.052296896,0
img_04774_2024,0.0,0.025784228,0
img_04765_2024,0.0,0.03518586,0
img_04768_2024,0.0,0.011755625,0
img_04754_2024,0.0,0.033977114,0
img_04776_2024,0.0,0.012868974,0
img_04780_2024,0.0,0.037736714,0
img_04777_2024,0.0,0.032326143,0
img_04781_2024,0.0,0.10117561,0
img_04779_2024,0.0,0.09186507,0
img_04783_2024,0.0,0.05086336,0
img_04778_2024,0.0,0.011253412,0
img_04784_2024,0.0,0.49582627,0
img_04787_2024,0.0,0.075676486,0
img_04785_2024,0.0,0.06735533,0
img_04782_2024,0.0,0.032882735,0
img_04786_2024,0.0,0.056426458,0
img_04788_2024,0.0,0.018077452,0
img_04775_2024,0.0,0.22831328,0
img_04770_2024,0.0,0.07318058,0
img_04789_2024,0.0,0.015896743,0
img_04790_2024,0.0,0.015029091,0
img_04792_2024,0.0,0.15319067,0
img_04753_p01_2024,0.0,0.06400491,0
img_04753_p02_2024,0.0,0.097056456,0
img_04796_2024,0.0,0.006656743,0
img_04795_2024,0.0,0.011229345,0
img_04791_2024,0.0,0.010181012,0
img_04794_2024,0.0,0.013350078,0
img_04797_2024,0.0,0.1451061,0
img_04793_2024,0.0,0.030739529,0
img_04798_2024,0.0,0.18354788,0
img_04799_2024,0.0,0.018543614,0
img_04801_2024,0.0,0.43728343,0
img_04805_2024,0.0,0.011106636,0
img_04808_2024,0.0,0.38814485,0
img_04802_2024,0.0,0.040423438,0
img_04806_2024,0.0,0.02268855,0
img_04804_2024,0.0,0.014448185,0
img_04800_2024,0.0,0.014692668,0
img_04807_2024,0.0,0.047446653,0
img_04809_2024,0.0,0.008063158,0
img_04810_2024,0.0,0.37105098,0
img_04812_2024,0.0,0.03571002,0
img_04816_2024,0.0,0.034840457,0
img_04822_2024,0.0,0.02170151,0
img_04815_2024,0.0,0.15330592,0
img_04814_2024,0.0,0.011936346,0
img_04818_2024,0.0,0.016213456,0
img_04819_2024,0.0,0.0251379,0
img_04813_2024,0.0,0.2905212,0
img_04811_2024,0.0,0.010739975,0
img_04821_2024,0.0,0.66926926,0
img_04820_2024,0.0,0.042456836,0
img_04824_2024,0.0,0.0090351505,0
img_04825_2024,0.0,0.13310125,0
img_04817_2024,0.0,0.061683066,0
img_04826_2024,0.0,0.016000856,0
img_04823_2024,0.0,0.020825565,0
img_04828_2024,0.0,0.04985847,0
img_04827_2024,0.0,0.4279933,0
img_04803_p01_2024,0.0,0.035272565,0
img_04803_p02_2024,0.0,0.023311436,0
img_04832_2024,0.0,0.13053903,0
img_04838_2024,0.0,0.044429783,0
img_04831_2024,0.0,0.021889316,0
img_04830_2024,0.0,0.17350407,0
img_04839_2024,0.0,0.007736058,0
img_04834_2024,0.0,0.0138078,0
img_04833_2024,0.0,0.010917002,0
img_04836_2024,0.0,0.020147663,0
img_04837_2024,0.0,0.023537317,0
img_04841_2024,0.0,0.026870783,0
img_04835_2024,0.0,0.026360964,0
img_04829_2024,0.0,0.027764238,0
img_04840_2024,0.0,0.028940596,0
img_04844_2024,0.0,0.010493413,0
img_04846_2024,0.0,0.029952869,0
img_04847_2024,0.0,0.008756027,0
img_04851_2024,0.0,0.011500493,0
img_04849_2024,0.0,0.1413518,0
img_04855_2024,0.0,0.0143091995,0
img_04853_2024,0.0,0.07214493,0
img_04857_2024,0.0,0.24150582,0
img_04850_2024,0.0,0.046867296,0
img_04843_2024,0.0,0.010409719,0
img_04848_2024,0.0,0.010199952,0
img_04845_2024,0.0,0.08680681,0
img_04859_2024,0.0,0.7708745,0
img_04858_2024,0.0,0.018601943,0
img_04852_2024,0.0,0.017728658,0
img_04860_2024,0.0,0.012319165,0
img_04856_2024,0.0,0.1590621,0
img_04842_2024,0.0,0.03667516,0
img_04863_2024,0.0,0.06410396,0
img_04861_2024,0.0,0.018195348,0
img_04862_2024,0.0,0.012201717,0
img_04864_2024,0.0,0.022266744,0
img_04869_2024,0.0,0.22462443,0
img_04870_2024,0.0,0.08319865,0
img_04865_2024,0.0,0.8052874,0
img_04866_2024,0.0,0.026671255,0
img_04854_2024,0.0,0.007958068,0
img_04868_2024,0.0,0.01640911,0
img_04873_2024,0.0,0.027093071,0
img_04878_2024,0.0,0.17071353,0
img_04874_2024,0.0,0.5917064,0
img_04871_2024,0.0,0.01809284,0
img_04872_2024,0.0,0.080765255,0
img_04867_2024,0.0,0.024130069,0
img_04876_2024,0.0,0.007970787,0
img_04880_2024,0.0,0.012330402,0
img_04875_2024,0.0,0.09545928,0
img_04877_2024,0.0,0.010662039,0
img_04882_2024,0.0,0.045562174,0
img_04879_2024,0.0,0.009182065,0
img_04885_2024,0.0,0.01695625,0
img_04883_2024,0.0,0.03604632,0
img_04886_2024,0.0,0.008780462,0
img_04881_2024,0.0,0.037289627,0
img_04884_2024,0.0,0.008997058,0
img_04887_2024,0.0,0.014471785,0
img_04888_2024,0.0,0.020607887,0
img_04892_2024,0.0,0.028065583,0
img_04889_2024,0.0,0.011449605,0
img_04898_2024,0.0,0.19160393,0
img_04895_2024,0.0,0.009316458,0
img_04899_2024,0.0,0.08510983,0
img_04896_2024,0.0,0.03653298,0
img_04893_2024,0.0,0.008420245,0
img_04900_2024,0.0,0.015496553,0
img_04894_2024,0.0,0.010965026,0
img_04897_2024,0.0,0.031236479,0
img_04902_2024,0.0,0.01090131,0
img_04890_2024,0.0,0.17041755,0
img_04903_2024,0.0,0.015211048,0
img_04906_2024,0.0,0.021640608,0
img_04904_2024,0.0,0.019274788,0
img_04891_2024,0.0,0.04699973,0
img_04907_2024,0.0,0.65417296,0
img_04901_2024,0.0,0.033551145,0
img_04909_2024,0.0,0.015697828,0
img_04911_2024,0.0,0.27008945,0
img_04910_2024,0.0,0.6353161,0
img_04908_2024,0.0,0.012049345,0
img_04915_2024,0.0,0.014875657,0
img_04918_2024,0.0,0.023224795,0
img_04913_2024,0.0,0.03706604,0
img_04919_2024,0.0,0.01685023,0
img_04905_2024,0.0,0.012654483,0
img_04922_2024,0.0,0.14841929,0
img_04912_2024,0.0,0.03859509,0
img_04921_2024,0.0,0.0098608285,0
img_04914_2024,0.0,0.02861705,0
img_04924_2024,0.0,0.032620184,0
img_04923_2024,0.0,0.0629702,0
img_04927_2024,0.0,0.73440146,0
img_04920_2024,0.0,0.016320948,0
img_04926_2024,0.0,0.036347136,0
img_04916_2024,0.0,0.031980947,0
img_04928_2024,0.0,0.10077411,0
img_04930_2024,0.0,0.09327983,0
img_04917_2024,0.0,0.008729703,0
img_04929_2024,0.0,0.0077259843,0
img_04934_2024,0.0,0.010094928,0
img_04933_2024,0.0,0.02282767,0
img_04932_2024,0.0,0.0092607485,0
img_04925_2024,0.0,0.58975685,0
img_04936_2024,0.0,0.71833634,0
img_04935_2024,0.0,0.05846244,0
img_04931_2024,0.0,0.14784226,0
img_04937_2024,0.0,0.0684765,0
img_04941_2024,0.0,0.035118412,0
img_04946_2024,0.0,0.42095035,0
img_04944_2024,0.0,0.033477135,0
img_04939_2024,0.0,0.066073686,0
img_04938_2024,0.0,0.020132333,0
img_04940_2024,0.0,0.011288585,0
img_04945_2024,0.0,0.008428665,0
img_04950_2024,0.0,0.038850233,0
img_04952_2024,0.0,0.08212628,0
img_04943_2024,0.0,0.061540324,0
img_04942_2024,0.0,0.019305296,0
img_04948_2024,0.0,0.021767404,0
img_04949_2024,0.0,0.020405255,0
img_04947_2024,0.0,0.7574303,0
img_04953_2024,0.0,0.08576521,0
img_04957_2024,0.0,0.04499972,0
img_04951_2024,0.0,0.013088833,0
img_04958_2024,0.0,0.03456787,0
img_04955_2024,0.0,0.010565836,0
img_04956_2024,0.0,0.020998297,0
img_04954_2024,0.0,0.009778293,0
img_04966_2024,0.0,0.23967758,0
img_04959_2024,0.0,0.019507406,0
img_04967_2024,0.0,0.07399824,0
img_04962_2024,0.0,0.009358096,0
img_04960_2024,0.0,0.028400913,0
img_04963_2024,0.0,0.03457283,0
img_04970_2024,0.0,0.064047776,0
img_04964_2024,0.0,0.12351107,0
img_04973_2024,0.0,0.008407883,0
img_04961_2024,0.0,0.009126211,0
img_04968_2024,0.0,0.016425572,0
img_04974_2024,0.0,0.04211491,0
img_04975_2024,0.0,0.018322643,0
img_04965_2024,0.0,0.06387092,0
img_04971_2024,0.0,0.06758719,0
img_04972_2024,0.0,0.012588002,0
img_04983_2024,0.0,0.06671785,0
img_04982_2024,0.0,0.0095542995,0
img_04984_2024,0.0,0.04454266,0
img_04987_2024,0.0,0.12049362,0
img_04986_2024,0.0,0.010502695,0
img_04978_2024,0.0,0.018876562,0
img_04980_2024,0.0,0.012195006,0
img_04989_2024,0.0,0.021770393,0
img_04969_2024,0.0,0.19329968,0
img_04981_2024,0.0,0.07086021,0
img_04979_2024,0.0,0.012370711,0
img_04977_2024,0.0,0.016390214,0
img_04976_2024,0.0,0.051376253,0
img_04985_2024,0.0,0.018542485,0
img_04988_2024,0.0,0.011198853,0
img_04995_2024,0.0,0.06657638,0
img_04992_2024,0.0,0.031845454,0
img_04991_2024,0.0,0.025972497,0
img_04990_2024,0.0,0.019087952,0
img_04993_2024,0.0,0.019885281,0
img_04998_2024,0.0,0.027395783,0
img_04996_2024,0.0,0.03439332,0
img_04999_2024,0.0,0.082138665,0
img_04997_2024,0.0,0.02469845,0
img_05001_2024,0.0,0.018541636,0
img_04994_2024,0.0,0.027588421,0
img_05003_2024,0.0,0.10020585,0
img_05002_2024,0.0,0.079841375,0
img_05000_2024,0.0,0.6765706,0
img_05007_2024,0.0,0.012270686,0
img_05005_2024,0.0,0.024422534,0
img_05004_2024,0.0,0.08776131,0
img_05008_2024,0.0,0.018938674,0
img_05006_2024,0.0,0.013136766,0
img_05009_2024,0.0,0.009489024,0
img_05010_2024,0.0,0.010723497,0
img_05015_2024,0.0,0.29357204,0
img_05013_2024,0.0,0.032219242,0
img_04472_p01_2024,0.0,0.25754765,0
img_04472_p02_2024,0.0,0.03267089,0
img_04472_p03_2024,0.0,0.02446373,0
img_04472_p04_2024,0.0,0.05359909,0
img_04472_p05_2024,0.0,0.014570803,0
img_04472_p06_2024,0.0,0.9315354,1
img_04472_p08_2024,0.0,0.024202501,0
img_04472_p09_2024,0.0,0.014435433,0
img_04472_p10_2024,0.0,0.015419057,0
img_04472_p11_2024,0.0,0.058652513,0
img_04472_p12_2024,0.0,0.019652568,0
img_04472_p13_2024,0.0,0.032657586,0
img_04472_p14_2024,0.0,0.024973787,0
img_04472_p15_2024,0.0,0.021700466,0
img_04472_p16_2024,0.0,0.04886695,0
img_04472_p17_2024,0.0,0.034704246,0
img_04472_p18_2024,0.0,0.05205241,0
img_04472_p19_2024,0.0,0.17873019,0
img_04472_p20_2024,0.0,0.023691656,0
img_04472_p21_2024,0.0,0.07317093,0
img_05011_2024,0.0,0.58872354,0
img_05018_2024,0.0,0.0071894303,0
img_05012_2024,0.0,0.21043609,0
img_05017_2024,0.0,0.031027218,0
img_05021_2024,0.0,0.106901124,0
img_05019_2024,0.0,0.0622911,0
img_05016_2024,0.0,0.02667989,0
img_05023_2024,0.0,0.00897217,0
img_05026_2024,0.0,0.14647453,0
img_05028_2024,0.0,0.011384522,0
img_05022_2024,0.0,0.007284997,0
img_05027_2024,0.0,0.012383224,0
img_05031_2024,0.0,0.040639687,0
img_05030_2024,0.0,0.015979197,0
img_05032_2024,0.0,0.02387748,0
img_05029_2024,0.0,0.0140938815,0
img_05034_2024,0.0,0.02736514,0
img_05020_2024,0.0,0.019089175,0
img_05014_p01_2024,0.0,0.122398905,0
img_05014_p02_2024,0.0,0.011221448,0
img_05038_2024,0.0,0.038923506,0
img_05039_2024,0.0,0.04004757,0
img_05036_2024,0.0,0.13947383,0
img_05040_2024,0.0,0.04173026,0
img_05025_2024,0.0,0.009632966,0
img_05033_2024,0.0,0.21324767,0
img_05041_2024,0.0,0.70959336,0
img_05024_2024,0.0,0.012237758,0
img_05035_2024,0.0,0.022201668,0
img_05052_2024,0.0,0.02207668,0
img_05047_2024,0.0,0.9602672,1
img_05037_2024,0.0,0.20755574,0
img_05051_2024,0.0,0.011654279,0
img_05043_2024,0.0,0.026522761,0
img_05045_2024,0.0,0.007065792,0
img_05044_2024,0.0,0.008857593,0
img_05056_2024,0.0,0.024957485,0
img_05046_2024,0.0,0.010310757,0
img_05049_2024,0.0,0.013894347,0
img_05054_2024,0.0,0.025683101,0
img_05055_2024,0.0,0.020600174,0
img_05060_2024,0.0,0.025581487,0
img_05064_2024,0.0,0.024449866,0
img_05059_2024,0.0,0.09714341,0
img_05063_2024,0.0,0.03309723,0
img_05042_2024,0.0,0.01481985,0
img_05057_2024,0.0,0.04987398,0
img_05050_2024,0.0,0.008980581,0
img_05066_2024,0.0,0.087878294,0
img_05053_2024,0.0,0.0634715,0
img_05062_2024,0.0,0.0117671415,0
img_05058_2024,0.0,0.01121618,0
img_05068_2024,0.0,0.011619197,0
img_05069_2024,0.0,0.16327436,0
img_05067_2024,0.0,0.018511202,0
img_05061_2024,0.0,0.012841865,0
img_05070_2024,0.0,0.007051007,0
img_05072_2024,0.0,0.0072500547,0
img_05071_2024,0.0,0.02975392,0
img_05073_2024,0.0,0.008354443,0
img_05048_2024,0.0,0.021849794,0
img_05077_2024,0.0,0.06561646,0
img_05074_2024,0.0,0.67049444,0
img_05065_2024,0.0,0.17486744,0
img_05075_2024,0.0,0.018512614,0
img_05080_2024,0.0,0.035983123,0
img_05085_2024,0.0,0.047668353,0
img_05082_2024,0.0,0.070874274,0
img_05079_2024,0.0,0.011719395,0
img_05078_2024,0.0,0.12615992,0
img_05081_2024,0.0,0.008187689,0
img_05086_2024,0.0,0.036237665,0
img_05076_2024,0.0,0.022408653,0
img_05088_2024,0.0,0.2381893,0
img_05084_2024,0.0,0.8571328,0
img_05083_2024,0.0,0.009123874,0
img_05090_2024,0.0,0.04213035,0
img_05091_2024,0.0,0.4199815,0
img_05094_2024,0.0,0.034869403,0
img_05087_2024,0.0,0.026696842,0
img_05095_2024,0.0,0.9183532,1
img_05093_2024,0.0,0.007955147,0
img_05097_2024,0.0,0.08427704,0
img_05089_2024,0.0,0.038746282,0
img_05098_2024,0.0,0.16094181,0
img_05092_2024,0.0,0.01015278,0
img_05096_2024,0.0,0.020804936,0
img_05100_2024,0.0,0.05997202,0
img_05099_2024,0.0,0.0987161,0
img_05105_2024,0.0,0.008414899,0
img_05101_2024,0.0,0.0691254,0
img_05102_2024,0.0,0.008124305,0
img_05103_2024,0.0,0.3756366,0
img_05104_2024,0.0,0.025360633,0
img_05107_2024,0.0,0.11602235,0
img_05108_2024,0.0,0.010093855,0
img_05106_2024,0.0,0.023958426,0
img_05110_2024,0.0,0.027261425,0
img_05109_2024,0.0,0.052450545,0
img_05111_2024,0.0,0.023835005,0
img_05117_2024,0.0,0.8427838,0
img_05114_2024,0.0,0.42185742,0
img_05118_2024,0.0,0.013060707,0
img_05112_2024,0.0,0.014957192,0
img_05113_2024,0.0,0.08757684,0
img_05115_2024,0.0,0.010926907,0
img_05116_2024,0.0,0.111545764,0
img_05122_2024,0.0,0.016302012,0
img_05121_2024,0.0,0.14517628,0
img_05126_2024,0.0,0.8951363,0
img_05120_2024,0.0,0.01290506,0
img_05123_2024,0.0,0.015736585,0
img_05124_2024,0.0,0.23346785,0
img_05127_2024,0.0,0.009163156,0
img_05119_2024,0.0,0.0627279,0
img_05125_2024,0.0,0.016542677,0
img_05128_2024,0.0,0.014097791,0
img_05130_2024,0.0,0.12650174,0
img_05129_2024,0.0,0.03098699,0
img_05131_2024,0.0,0.026834462,0
img_05138_2024,0.0,0.03942006,0
img_05134_2024,0.0,0.024835411,0
img_05142_2024,0.0,0.008227393,0
img_05141_2024,0.0,0.15120657,0
img_05140_2024,0.0,0.024942324,0
img_05136_2024,0.0,0.122960106,0
img_05146_2024,0.0,0.069465555,0
img_05135_2024,0.0,0.05897464,0
img_05133_2024,0.0,0.008715449,0
img_05144_2024,0.0,0.011675609,0
img_05132_2024,0.0,0.04195248,0
img_05145_2024,0.0,0.05351942,0
img_05147_2024,0.0,0.03163586,0
img_05137_2024,0.0,0.024406303,0
img_05148_2024,0.0,0.13792746,0
img_05143_2024,0.0,0.010337979,0
img_05139_2024,0.0,0.018394092,0
img_05151_2024,0.0,0.02324172,0
img_05152_2024,0.0,0.011257785,0
img_05158_2024,0.0,0.055220377,0
img_05154_2024,0.0,0.031725552,0
img_05155_2024,0.0,0.019581351,0
img_05153_2024,0.0,0.033129353,0
img_05157_2024,0.0,0.008730615,0
img_05156_2024,0.0,0.0805588,0
img_05159_2024,0.0,0.124801785,0
img_05164_2024,0.0,0.06599838,0
img_05161_2024,0.0,0.07251,0
img_05165_2024,0.0,0.1018585,0
img_05168_2024,0.0,0.76181513,0
img_05160_2024,0.0,0.0151078,0
img_05166_2024,0.0,0.01114187,0
img_05162_2024,0.0,0.06203812,0
img_05167_2024,0.0,0.034140483,0
img_05163_2024,0.0,0.037289493,0
img_05173_2024,0.0,0.08182965,0
img_05171_2024,0.0,0.043707848,0
img_05170_2024,0.0,0.030825283,0
img_05176_2024,0.0,0.8098336,0
img_05150_p01_2024,0.0,0.0347333,0
img_05150_p02_2024,0.0,0.039482106,0
img_05169_2024,0.0,0.024366671,0
img_05174_2024,0.0,0.10786331,0
img_05149_p01_2024,0.0,0.0374624,0
img_05149_p02_2024,0.0,0.012939777,0
img_05177_2024,0.0,0.02747956,0
img_05180_2024,0.0,0.18800613,0
img_05179_2024,0.0,0.036928937,0
img_05172_2024,0.0,0.06610629,0
img_05178_2024,0.0,0.027240362,0
img_05183_2024,0.0,0.5467876,0
img_05185_2024,0.0,0.030090308,0
img_05188_2024,0.0,0.2676861,0
img_05190_2024,0.0,0.107489966,0
img_05184_2024,0.0,0.18155201,0
img_05194_2024,0.0,0.1635399,0
img_05181_2024,0.0,0.015339248,0
img_05182_2024,0.0,0.0322771,0
img_05192_2024,0.0,0.073505715,0
img_05187_2024,0.0,0.47637975,0
img_05193_2024,0.0,0.28734398,0
img_05191_2024,0.0,0.048665266,0
img_05186_2024,0.0,0.012335049,0
img_05195_2024,0.0,0.70366424,0
img_05198_2024,0.0,0.059717365,0
img_05189_2024,0.0,0.019856175,0
img_05199_2024,0.0,0.019714935,0
img_05200_2024,0.0,0.45823452,0
img_05202_2024,0.0,0.05407423,0
img_05203_2024,0.0,0.075757675,0
img_05196_2024,0.0,0.027291259,0
img_05204_2024,0.0,0.4822835,0
img_05205_2024,0.0,0.2325944,0
img_05206_2024,0.0,0.16590945,0
img_05207_2024,0.0,0.029722352,0
img_05211_2024,0.0,0.03269946,0
img_05201_2024,0.0,0.95937455,1
img_05210_2024,0.0,0.013308807,0
img_05214_2024,0.0,0.018484274,0
img_05212_2024,0.0,0.039468978,0
img_05208_2024,0.0,0.012754221,0
img_05213_2024,0.0,0.02526058,0
img_05209_2024,0.0,0.038056724,0
img_05217_2024,0.0,0.015872093,0
img_05221_2024,0.0,0.082738005,0
img_05218_2024,0.0,0.026396852,0
img_05215_2024,0.0,0.4355445,0
img_05220_2024,0.0,0.015967181,0
img_05216_2024,0.0,0.015216534,0
img_05224_2024,0.0,0.030960718,0
img_05197_p01_2024,0.0,0.09856204,0
img_05197_p02_2024,0.0,0.025610482,0
img_05225_2024,0.0,0.11722199,0
img_05226_2024,0.0,0.026882032,0
img_05228_2024,0.0,0.017421585,0
img_05227_2024,0.0,0.07741808,0
img_05230_2024,0.0,0.4893354,0
img_05232_2024,0.0,0.008599028,0
img_05223_2024,0.0,0.041634236,0
img_05219_2024,0.0,0.079022065,0
img_05234_2024,0.0,0.027543422,0
img_05235_2024,0.0,0.5144494,0
img_05233_2024,0.0,0.09199444,0
img_05231_2024,0.0,0.055818804,0
img_05237_2024,0.0,0.06628854,0
img_05222_2024,0.0,0.012305091,0
img_05238_2024,0.0,0.7036454,0
img_05236_2024,0.0,0.06734909,0
img_05244_2024,0.0,0.02686566,0
img_05243_2024,0.0,0.020238629,0
img_05242_2024,0.0,0.029364217,0
img_05241_2024,0.0,0.08509086,0
img_05246_2024,0.0,0.041167505,0
img_05247_2024,0.0,0.022954542,0
img_05245_2024,0.0,0.016750976,0
img_05248_2024,0.0,0.019053845,0
img_05250_2024,0.0,0.05787502,0
img_05251_2024,0.0,0.036792185,0
img_05260_2024,0.0,0.015143837,0
img_05258_2024,0.0,0.01843297,0
img_05257_2024,0.0,0.018498125,0
img_05253_2024,0.0,0.050438993,0
img_05259_2024,0.0,0.94467723,1
img_05256_2024,0.0,0.022585055,0
img_05261_2024,0.0,0.022374745,0
img_05252_2024,0.0,0.05711872,0
img_05249_2024,0.0,0.062812194,0
img_05240_2024,0.0,0.019863104,0
img_05263_2024,0.0,0.11129338,0
img_05239_2024,0.0,0.024747852,0
img_05255_2024,0.0,0.060121033,0
img_05254_2024,0.0,0.041734543,0
img_05269_2024,0.0,0.06608625,0
img_05264_2024,0.0,0.017832797,0
img_05265_2024,0.0,0.88621277,0
img_05268_2024,0.0,0.02272077,0
img_05270_2024,0.0,0.05175361,0
img_05262_2024,0.0,0.04017608,0
img_05266_2024,0.0,0.20941406,0
img_05271_2024,0.0,0.25247884,0
img_05267_2024,0.0,0.019631153,0
img_05272_2024,0.0,0.03080261,0
img_05274_2024,0.0,0.049978398,0
img_05273_2024,0.0,0.04563283,0
img_05275_2024,0.0,0.018101882,0
img_05283_2024,0.0,0.23899516,0
img_05278_2024,0.0,0.050187875,0
img_05280_2024,0.0,0.109857515,0
img_05279_2024,0.0,0.013589319,0
img_05282_2024,0.0,0.026364496,0
img_05277_2024,0.0,0.27072367,0
img_05281_2024,0.0,0.12903038,0
img_05286_2024,0.0,0.8841195,0
img_05287_2024,0.0,0.6171367,0
img_05288_2024,0.0,0.01895659,0
img_05291_2024,0.0,0.015668804,0
img_05285_2024,0.0,0.05088907,0
img_05292_2024,0.0,0.016731346,0
img_05293_2024,0.0,0.019716004,0
img_05290_2024,0.0,0.21263778,0
img_05289_2024,0.0,0.024286848,0
img_05300_2024,0.0,0.10775704,0
img_05301_2024,0.0,0.21714814,0
img_05296_2024,0.0,0.87973106,0
img_05298_2024,0.0,0.034490395,0
img_05297_2024,0.0,0.037497588,0
img_05294_2024,0.0,0.11922198,0
img_05284_2024,0.0,0.06921069,0
img_05299_2024,0.0,0.02327091,0
img_05276_2024,0.0,0.14728647,0
img_05302_2024,0.0,0.026254654,0
img_05295_2024,0.0,0.18656461,0
img_05303_2024,0.0,0.05896541,0
img_05309_2024,0.0,0.07273391,0
img_05306_2024,0.0,0.06031877,0
img_05305_2024,0.0,0.11247205,0
img_05304_2024,0.0,0.12881549,0
img_05310_2024,0.0,0.07364302,0
img_05312_2024,0.0,0.07244334,0
img_05308_2024,0.0,0.13617653,0
img_05315_2024,0.0,0.0128923105,0
img_05318_2024,0.0,0.07749059,0
img_05320_2024,0.0,0.5827719,0
img_05319_2024,0.0,0.023087636,0
img_05307_2024,0.0,0.061968576,0
img_05313_2024,0.0,0.026897574,0
img_05325_2024,0.0,0.8549462,0
img_05317_2024,0.0,0.12675472,0
img_05323_2024,0.0,0.038711194,0
img_05327_2024,0.0,0.6738572,0
img_05328_2024,0.0,0.17583527,0
img_05321_2024,0.0,0.03489476,0
img_05314_2024,0.0,0.43417686,0
img_05326_2024,0.0,0.028732942,0
img_05330_2024,0.0,0.018234078,0
img_05322_2024,0.0,0.04333563,0
img_05331_2024,0.0,0.16805361,0
img_05329_2024,0.0,0.06987103,0
img_05333_2024,0.0,0.04877622,0
img_05316_2024,0.0,0.014897565,0
img_05337_2024,0.0,0.21457575,0
img_05332_2024,0.0,0.034056712,0
img_05338_2024,0.0,0.019022098,0
img_05347_2024,0.0,0.02832855,0
img_05339_2024,0.0,0.022966828,0
img_05346_2024,0.0,0.06376102,0
img_05341_2024,0.0,0.027413614,0
img_05344_2024,0.0,0.032444857,0
img_05345_2024,0.0,0.024616476,0
img_05343_2024,0.0,0.016968511,0
img_05348_2024,0.0,0.013118252,0
img_05351_2024,0.0,0.016436616,0
img_05349_2024,0.0,0.8496703,0
img_05350_2024,0.0,0.022184212,0
img_05335_2024,0.0,0.071715154,0
img_05353_2024,0.0,0.02258128,0
img_05352_2024,0.0,0.048478976,0
img_05334_2024,0.0,0.05798942,0
img_05311_2024,0.0,0.037923258,0
img_05336_2024,0.0,0.23853101,0
img_05342_p01_2024,0.0,0.014342341,0
img_05342_p02_2024,0.0,0.03086863,0
img_05355_2024,0.0,0.062191587,0
img_05340_2024,0.0,0.0181009,0
img_05324_2024,0.0,0.05512811,0
img_05358_2024,0.0,0.3299313,0
img_05357_2024,0.0,0.0355289,0
img_05356_2024,0.0,0.03704061,0
img_05354_2024,0.0,0.01471864,0
img_05359_2024,0.0,0.027795553,0
img_05362_2024,0.0,0.22831067,0
img_05360_2024,0.0,0.012000145,0
img_05364_2024,0.0,0.027284069,0
img_05365_2024,0.0,0.018788658,0
img_05361_2024,0.0,0.052557066,0
img_05366_2024,0.0,0.023675168,0
img_05363_2024,0.0,0.024964843,0
img_05368_2024,0.0,0.014325707,0
img_05370_2024,0.0,0.90831697,1
img_05369_2024,0.0,0.16618796,0
img_05372_2024,0.0,0.24089523,0
img_05376_2024,0.0,0.08167346,0
img_05373_2024,0.0,0.07221384,0
img_05377_2024,0.0,0.016208962,0
img_05380_2024,0.0,0.038438883,0
img_05378_2024,0.0,0.026192091,0
img_05375_2024,0.0,0.025030458,0
img_05383_2024,0.0,0.09510844,0
img_05381_2024,0.0,0.2832061,0
img_05374_2024,0.0,0.087646246,0
img_05379_2024,0.0,0.21981716,0
img_05384_2024,0.0,0.029534943,0
img_05385_2024,0.0,0.021416415,0
img_05388_2024,0.0,0.1118907,0
img_05386_2024,0.0,0.7570323,0
img_05387_2024,0.0,0.02892582,0
img_05371_2024,0.0,0.118111745,0
img_05382_2024,0.0,0.030196667,0
img_05389_2024,0.0,0.10199741,0
img_05390_2024,0.0,0.23491326,0
img_05393_2024,0.0,0.010878428,0
img_05392_2024,0.0,0.3102764,0
img_05391_2024,0.0,0.3510344,0
img_05229_p01_2024,0.0,0.035459533,0
img_05229_p02_2024,0.0,0.01139655,0
img_05229_p03_2024,0.0,0.0179287,0
img_05229_p04_2024,0.0,0.020842476,0
img_05229_p05_2024,0.0,0.019139795,0
img_05229_p06_2024,0.0,0.035943042,0
img_05229_p07_2024,0.0,0.08874613,0
img_05229_p08_2024,0.0,0.048134457,0
img_05395_2024,0.0,0.01677048,0
img_05397_2024,0.0,0.028700445,0
img_05394_2024,0.0,0.17852464,0
img_05396_2024,0.0,0.049018726,0
img_05399_2024,0.0,0.024102675,0
img_05398_2024,0.0,0.37486285,0
img_05402_2024,0.0,0.02131363,0
img_05401_2024,0.0,0.22873807,0
img_05406_2024,0.0,0.03541165,0
img_05405_2024,0.0,0.2599426,0
img_05404_2024,0.0,0.12228326,0
img_05408_2024,0.0,0.38552105,0
img_05409_2024,0.0,0.043636113,0
img_05410_2024,0.0,0.056309644,0
img_05411_2024,0.0,0.016565539,0
img_05414_2024,0.0,0.041431744,0
img_05413_2024,0.0,0.013704868,0
img_05412_2024,0.0,0.23895422,0
img_05416_2024,0.0,0.11520504,0
img_05419_2024,0.0,0.040159833,0
img_05417_2024,0.0,0.30135664,0
img_05422_2024,0.0,0.036340278,0
img_05415_2024,0.0,0.13091949,0
img_05420_2024,0.0,0.07612394,0
img_05418_2024,0.0,0.015728042,0
img_05421_2024,0.0,0.8194986,0
img_05400_2024,0.0,0.018354686,0
img_05425_2024,0.0,0.7402602,0
img_05426_2024,0.0,0.0581033,0
img_05423_2024,0.0,0.022896906,0
img_05430_2024,0.0,0.011510433,0
img_05424_2024,0.0,0.07508853,0
img_05428_2024,0.0,0.47490615,0
img_05429_2024,0.0,0.18822053,0
img_05435_2024,0.0,0.09016786,0
img_05407_p01_2024,0.0,0.8560145,0
img_05407_p02_2024,0.0,0.9351491,1
img_05432_2024,0.0,0.022640212,0
img_05434_2024,0.0,0.07717468,0
img_05431_2024,0.0,0.024866685,0
img_05436_2024,0.0,0.29422715,0
img_05433_2024,0.0,0.022670588,0
img_05438_2024,0.0,0.03173161,0
img_05427_2024,0.0,0.013759392,0
img_05439_2024,0.0,0.031197874,0
img_05441_2024,0.0,0.5360241,0
img_05440_2024,0.0,0.080426596,0
img_05442_2024,0.0,0.062152438,0
img_05437_2024,0.0,0.03857192,0
img_05446_2024,0.0,0.042930808,0
img_05445_2024,0.0,0.058114417,0
img_05444_2024,0.0,0.024621218,0
img_05447_2024,0.0,0.017046133,0
img_05449_2024,0.0,0.09996001,0
img_05448_2024,0.0,0.027374323,0
img_05451_2024,0.0,0.24481758,0
img_05453_2024,0.0,0.019269196,0
img_05450_2024,0.0,0.02271646,0
img_05454_2024,0.0,0.030002704,0
img_05452_2024,0.0,0.9049261,0
img_05443_2024,0.0,0.03838168,0
img_05455_2024,0.0,0.4034711,0
img_05459_2024,0.0,0.021346826,0
img_05461_2024,0.0,0.0349916,0
img_05457_2024,0.0,0.016149879,0
img_05462_2024,0.0,0.82109976,0
img_05463_2024,0.0,0.14807753,0
img_05456_2024,0.0,0.020413687,0
img_05458_2024,0.0,0.018507833,0
img_05464_2024,0.0,0.060395066,0
img_05465_2024,0.0,0.018980328,0
img_05466_2024,0.0,0.012245248,0
img_05469_2024,0.0,0.12208701,0
img_05403_p01_2024,0.0,0.014415312,0
img_05403_p02_2024,0.0,0.014953532,0
img_05403_p03_2024,0.0,0.028527709,0
img_05403_p04_2024,0.0,0.017830625,0
img_05460_2024,0.0,0.013650818,0
img_05468_2024,0.0,0.09903751,0
img_05472_2024,0.0,0.01913911,0
img_05467_2024,0.0,0.031643018,0
img_05470_2024,0.0,0.0623506,0
img_05471_2024,0.0,0.37945908,0
img_05474_2024,0.0,0.017995257,0
img_05479_2024,0.0,0.25806463,0
img_05475_2024,0.0,0.028303003,0
img_05476_2024,0.0,0.029771015,0
img_05477_2024,0.0,0.018427927,0
img_05473_2024,0.0,0.9601734,1
img_05478_2024,0.0,0.08236323,0
img_05480_2024,0.0,0.027864352,0
img_05175_p01_2024,0.0,0.14309944,0
img_05175_p02_2024,0.0,0.019958744,0
img_05175_p03_2024,0.0,0.029317895,0
img_05175_p04_2024,0.0,0.025755592,0
img_05175_p05_2024,0.0,0.012861937,0
img_05175_p06_2024,0.0,0.014873077,0
img_05175_p07_2024,0.0,0.13022295,0
img_05175_p08_2024,0.0,0.014304164,0
img_05175_p09_2024,0.0,0.018979408,0
img_05175_p10_2024,0.0,0.011506495,0
img_05175_p11_2024,0.0,0.011881291,0
img_05175_p12_2024,0.0,0.022591107,0
img_05175_p13_2024,0.0,0.022622962,0
img_05175_p14_2024,0.0,0.014796317,0
img_05481_2024,0.0,0.18147887,0
img_05488_2024,0.0,0.041911207,0
img_05490_2024,0.0,0.06557034,0
img_05483_2024,0.0,0.09625457,0
img_05491_2024,0.0,0.023787424,0
img_05484_2024,0.0,0.018628644,0
img_05485_2024,0.0,0.026026402,0
img_05487_2024,0.0,0.07074092,0
img_05492_2024,0.0,0.030650645,0
img_05482_2024,0.0,0.21419364,0
img_05497_2024,0.0,0.013663466,0
img_05500_2024,0.0,0.07596139,0
img_05499_2024,0.0,0.027804058,0
img_05498_2024,0.0,0.06071074,0
img_05494_2024,0.0,0.02038501,0
img_05489_2024,0.0,0.3671345,0
img_05501_2024,0.0,0.04784075,0
img_05495_2024,0.0,0.0135453055,0
img_05486_2024,0.0,0.028950145,0
img_05503_2024,0.0,0.048913,0
img_05504_2024,0.0,0.01928201,0
img_05493_2024,0.0,0.036181267,0
img_05496_2024,0.0,0.4371082,0
img_05506_2024,0.0,0.068177655,0
img_05502_2024,0.0,0.017451901,0
img_05511_2024,0.0,0.07221185,0
img_05515_2024,0.0,0.010889588,0
img_05519_2024,0.0,0.34054205,0
img_05507_2024,0.0,0.059316233,0
img_05508_2024,0.0,0.06826791,0
img_05509_2024,0.0,0.051603902,0
img_05512_2024,0.0,0.018975902,0
img_05523_2024,0.0,0.085270554,0
img_05514_2024,0.0,0.016385056,0
img_05522_2024,0.0,0.01895871,0
img_05520_2024,0.0,0.19948685,0
img_05516_2024,0.0,0.069089144,0
img_05518_2024,0.0,0.018401625,0
img_05510_2024,0.0,0.061749447,0
img_05525_2024,0.0,0.86658573,0
img_05521_2024,0.0,0.026525611,0
img_05527_2024,0.0,0.03180922,0
img_05529_2024,0.0,0.2808997,0
img_05517_2024,0.0,0.048617166,0
img_05528_2024,0.0,0.07720437,0
img_05526_2024,0.0,0.37485805,0
img_05533_2024,0.0,0.040117387,0
img_05532_2024,0.0,0.07336132,0
img_05513_2024,0.0,0.025225453,0
img_05531_2024,0.0,0.16633612,0
img_05530_2024,0.0,0.021137107,0
img_05505_2024,0.0,0.05372813,0
img_05541_2024,0.0,0.0119376555,0
img_05535_2024,0.0,0.2585949,0
img_05540_2024,0.0,0.03504379,0
img_05524_2024,0.0,0.028970923,0
img_05534_2024,0.0,0.03836286,0
img_05543_2024,0.0,0.013446322,0
img_05537_2024,0.0,0.6086206,0
img_05545_2024,0.0,0.019476745,0
img_05536_2024,0.0,0.02608486,0
img_05544_2024,0.0,0.065482005,0
img_05542_2024,0.0,0.06757043,0
img_05550_2024,0.0,0.021895854,0
img_05546_2024,0.0,0.60395837,0
img_05552_2024,0.0,0.07934084,0
img_05551_2024,0.0,0.034798454,0
img_05553_2024,0.0,0.034659047,0
img_05554_2024,0.0,0.033034045,0
img_05556_2024,0.0,0.04527436,0
img_05548_2024,0.0,0.020718956,0
img_05547_2024,0.0,0.1346208,0
img_05549_2024,0.0,0.19646567,0
img_05558_2024,0.0,0.04654005,0
img_05557_2024,0.0,0.027375441,0
img_05559_2024,0.0,0.025689749,0
img_05561_2024,0.0,0.018110363,0
img_05560_2024,0.0,0.05381841,0
img_05555_2024,0.0,0.030784028,0
img_05562_2024,0.0,0.7367758,0
img_05566_2024,0.0,0.022755899,0
img_05564_2024,0.0,0.21773359,0
img_05569_2024,0.0,0.05659128,0
img_05565_2024,0.0,0.12951085,0
img_05563_2024,0.0,0.03111995,0
img_05571_2024,0.0,0.06277003,0
img_05574_2024,0.0,0.45010042,0
img_05576_2024,0.0,0.015615955,0
img_05567_2024,0.0,0.10951634,0
img_05568_2024,0.0,0.0126254065,0
img_05577_2024,0.0,0.012661695,0
img_05538_p01_2024,0.0,0.01678157,0
img_05538_p02_2024,0.0,0.009960832,0
img_05570_2024,0.0,0.03222936,0
img_05580_2024,0.0,0.8177386,0
img_05579_2024,0.0,0.017787669,0
img_05581_2024,0.0,0.034857523,0
img_05572_2024,0.0,0.08432332,0
img_05575_2024,0.0,0.024662353,0
img_05582_2024,0.0,0.016232923,0
img_05584_2024,0.0,0.07410942,0
img_05583_2024,0.0,0.014900504,0
img_05585_2024,0.0,0.7855258,0
img_05588_2024,0.0,0.034991156,0
img_05578_2024,0.0,0.023640675,0
img_05595_2024,0.0,0.10015948,0
img_05596_2024,0.0,0.10478509,0
img_05598_2024,0.0,0.03005868,0
img_05593_2024,0.0,0.13786413,0
img_05589_2024,0.0,0.021008711,0
img_05573_2024,0.0,0.09461774,0
img_05586_2024,0.0,0.06982428,0
img_05590_2024,0.0,0.05143078,0
img_05587_2024,0.0,0.34135816,0
img_05597_2024,0.0,0.8928979,0
img_05602_2024,0.0,0.028728751,0
img_05603_2024,0.0,0.0146284895,0
img_05607_2024,0.0,0.23075145,0
img_05604_2024,0.0,0.91488063,1
img_05601_2024,0.0,0.027948996,0
img_05594_2024,0.0,0.42093524,0
img_05591_2024,0.0,0.90529525,0
img_05600_2024,0.0,0.014263037,0
img_05592_2024,0.0,0.2827073,0
img_05613_2024,0.0,0.69986165,0
img_05611_2024,0.0,0.17849405,0
img_05599_2024,0.0,0.047675423,0
img_05612_2024,0.0,0.019062797,0
img_05608_2024,0.0,0.01704368,0
img_05605_2024,0.0,0.113889545,0
img_05610_2024,0.0,0.036285397,0
img_05609_2024,0.0,0.9198749,1
img_05620_2024,0.0,0.051038884,0
img_05615_2024,0.0,0.45683545,0
img_05616_2024,0.0,0.07247342,0
img_05622_2024,0.0,0.90503675,0
img_05623_2024,0.0,0.027317883,0
img_05624_2024,0.0,0.65872276,0
img_05606_2024,0.0,0.01336806,0
img_05618_2024,0.0,0.04169049,0
img_05625_2024,0.0,0.06010837,0
img_05617_2024,0.0,0.053071957,0
img_05626_2024,0.0,0.045366116,0
img_05621_2024,0.0,0.042802557,0
img_05628_2024,0.0,0.12864423,0
img_05630_2024,0.0,0.7345581,0
img_05619_2024,0.0,0.022925787,0
img_05614_2024,0.0,0.037384536,0
img_05636_2024,0.0,0.19832441,0
img_05633_2024,0.0,0.037220713,0
img_05632_2024,0.0,0.058216453,0
img_05634_2024,0.0,0.5309625,0
img_05631_2024,0.0,0.9699276,1
img_05629_2024,0.0,0.027179778,0
img_05643_2024,0.0,0.040679906,0
img_05642_2024,0.0,0.07137261,0
img_05627_2024,0.0,0.035838977,0
img_05635_2024,0.0,0.052131027,0
img_05640_2024,0.0,0.10574196,0
img_05644_2024,0.0,0.26034534,0
img_05637_2024,0.0,0.03422473,0
img_05646_2024,0.0,0.10433148,0
img_05639_2024,0.0,0.04247891,0
img_05641_2024,0.0,0.04398008,0
img_05649_2024,0.0,0.046845637,0
img_05648_2024,0.0,0.021839185,0
img_05638_2024,0.0,0.013850688,0
img_05650_2024,0.0,0.023857063,0
img_05645_2024,0.0,0.20664011,0
img_05651_2024,0.0,0.021628642,0
img_05652_2024,0.0,0.04498841,0
img_05647_2024,0.0,0.03708684,0
img_05654_2024,0.0,0.0302124,0
img_05661_2024,0.0,0.049085397,0
img_05653_2024,0.0,0.068690516,0
img_05658_2024,0.0,0.025957195,0
img_05666_2024,0.0,0.19989558,0
img_05655_2024,0.0,0.7521853,0
img_05659_2024,0.0,0.56418055,0
img_05663_2024,0.0,0.025866045,0
img_05665_2024,0.0,0.7078783,0
img_05656_2024,0.0,0.025401957,0
img_05667_2024,0.0,0.019804226,0
img_05668_2024,0.0,0.033564873,0
img_05657_2024,0.0,0.022860829,0
img_05670_2024,0.0,0.3491865,0
img_05662_2024,0.0,0.9293212,1
img_05660_2024,0.0,0.013838279,0
img_05664_2024,0.0,0.049452048,0
img_05671_2024,0.0,0.036740042,0
img_05673_2024,0.0,0.02793262,0
img_05675_2024,0.0,0.68034524,0
img_05676_2024,0.0,0.36385432,0
img_05672_2024,0.0,0.07014544,0
img_05679_2024,0.0,0.25079796,0
img_05674_2024,0.0,0.0967101,0
img_05677_2024,0.0,0.95795995,1
img_05684_2024,0.0,0.018763317,0
img_05680_2024,0.0,0.010663694,0
img_05681_2024,0.0,0.012095365,0
img_05688_2024,0.0,0.012529679,0
img_05686_2024,0.0,0.07846727,0
img_05683_2024,0.0,0.17920081,0
img_05685_2024,0.0,0.1621884,0
img_05691_2024,0.0,0.08054083,0
img_05678_2024,0.0,0.21550842,0
img_05693_2024,0.0,0.024042059,0
img_05692_2024,0.0,0.04028843,0
img_05689_2024,0.0,0.090474665,0
img_05694_2024,0.0,0.46507156,0
img_05690_2024,0.0,0.096814066,0
img_05669_p01_2024,0.0,0.015818607,0
img_05669_p02_2024,0.0,0.01768891,0
img_05687_2024,0.0,0.050241157,0
img_05696_2024,0.0,0.14873807,0
img_05697_2024,0.0,0.051493533,0
img_05701_2024,0.0,0.020371217,0
img_05698_2024,0.0,0.19147715,0
img_05700_2024,0.0,0.7541842,0
img_05702_2024,0.0,0.04124731,0
img_05699_2024,0.0,0.25198454,0
img_05705_2024,0.0,0.02627371,0
img_05707_2024,0.0,0.24869207,0
img_05703_2024,0.0,0.52902126,0
img_05695_2024,0.0,0.11678309,0
img_05709_2024,0.0,0.08548695,0
img_05710_2024,0.0,0.6068057,0
img_05708_2024,0.0,0.13988991,0
img_05704_2024,0.0,0.0099585,0
img_05711_2024,0.0,0.06683048,0
img_05713_2024,0.0,0.11486853,0
img_05714_2024,0.0,0.385926,0
img_05706_2024,0.0,0.025925236,0
img_05712_2024,0.0,0.015183471,0
img_05716_2024,0.0,0.021135075,0
img_05718_2024,0.0,0.8309901,0
img_05715_2024,0.0,0.037146974,0
img_05722_2024,0.0,0.7994675,0
img_05717_2024,0.0,0.013013726,0
img_05721_2024,0.0,0.024748227,0
img_05726_2024,0.0,0.08206651,0
img_05720_2024,0.0,0.1289933,0
img_05731_2024,0.0,0.017826458,0
img_05728_2024,0.0,0.068367966,0
img_05723_2024,0.0,0.025662474,0
img_05735_2024,0.0,0.65340924,0
img_05725_2024,0.0,0.03430348,0
img_05733_2024,0.0,0.010448872,0
img_05729_2024,0.0,0.025271993,0
img_05739_2024,0.0,0.049313128,0
img_05734_2024,0.0,0.0686368,0
img_05741_2024,0.0,0.17733786,0
img_05738_2024,0.0,0.039881516,0
img_05737_2024,0.0,0.021316271,0
img_05682_p01_2024,0.0,0.016770756,0
img_05682_p02_2024,0.0,0.028063856,0
img_05682_p03_2024,0.0,0.093413286,0
img_05744_2024,0.0,0.030454975,0
img_05732_2024,0.0,0.018877462,0
img_05367_p01_2024,0.0,0.02060825,0
img_05367_p02_2024,0.0,0.046749465,0
img_05367_p03_2024,0.0,0.027555406,0
img_05367_p04_2024,0.0,0.03624076,0
img_05367_p05_2024,0.0,0.019953735,0
img_05367_p06_2024,0.0,0.021049498,0
img_05367_p07_2024,0.0,0.015151449,0
img_05367_p08_2024,0.0,0.038829207,0
img_05367_p09_2024,0.0,0.010995287,0
img_05367_p10_2024,0.0,0.024442129,0
img_05367_p11_2024,0.0,0.011043231,0
img_05367_p12_2024,0.0,0.012188379,0
img_05367_p13_2024,0.0,0.043472696,0
img_05367_p14_2024,0.0,0.053708304,0
img_05367_p15_2024,0.0,0.012100534,0
img_05367_p16_2024,0.0,0.03011766,0
img_05367_p17_2024,0.0,0.20390128,0
img_05743_2024,0.0,0.01727874,0
img_05745_2024,0.0,0.05029559,0
img_05742_2024,0.0,0.05975781,0
img_05748_2024,0.0,0.23495986,0
img_05740_2024,0.0,0.017926518,0
img_05746_2024,0.0,0.30760166,0
img_05747_2024,0.0,0.07255658,0
img_05749_2024,0.0,0.10775918,0
img_05750_2024,0.0,0.041060958,0
img_05719_p01_2024,0.0,0.013173872,0
img_05719_p02_2024,0.0,0.017061608,0
img_05736_2024,0.0,0.016146168,0
img_05751_2024,0.0,0.024950366,0
img_05753_2024,0.0,0.02838025,0
img_05754_2024,0.0,0.039028928,0
img_05756_2024,0.0,0.036357783,0
img_05755_2024,0.0,0.1238792,0
img_05757_2024,0.0,0.025789691,0
img_05763_2024,0.0,0.020305324,0
img_05762_2024,0.0,0.015902907,0
img_05758_2024,0.0,0.14773254,0
img_05760_2024,0.0,0.055426925,0
img_05759_2024,0.0,0.1097834,0
img_05764_2024,0.0,0.07276429,0
img_05766_2024,0.0,0.26023,0
img_05761_2024,0.0,0.024620684,0
img_05767_2024,0.0,0.05517951,0
img_05752_2024,0.0,0.016639585,0
img_05765_2024,0.0,0.6377709,0
img_05771_2024,0.0,0.07818265,0
img_05770_2024,0.0,0.036599576,0
img_05773_2024,0.0,0.12498915,0
img_05777_2024,0.0,0.022759438,0
img_05772_2024,0.0,0.19478542,0
img_05769_2024,0.0,0.014009421,0
img_05780_2024,0.0,0.016013248,0
img_05779_2024,0.0,0.029089015,0
img_05774_2024,0.0,0.050479364,0
img_05730_p02_2024,0.0,0.012776499,0
img_05730_p03_2024,0.0,0.012054467,0
img_05730_p04_2024,0.0,0.0097160665,0
img_05775_2024,0.0,0.15153241,0
img_05786_2024,0.0,0.8256086,0
img_05787_2024,0.0,0.025627872,0
img_05776_2024,0.0,0.07461841,0
img_05781_2024,0.0,0.025055101,0
img_05783_2024,0.0,0.6830443,0
img_05784_2024,0.0,0.09422111,0
img_05782_2024,0.0,0.014352672,0
img_05788_2024,0.0,0.11036528,0
img_05785_2024,0.0,0.025978113,0
img_05791_2024,0.0,0.020666463,0
img_05778_2024,0.0,0.03339863,0
img_05790_2024,0.0,0.17232125,0
img_05793_2024,0.0,0.038231127,0
img_05794_2024,0.0,0.04502118,0
img_05792_2024,0.0,0.08887546,0
img_05797_2024,0.0,0.030336697,0
img_05789_2024,0.0,0.2933192,0
img_05795_2024,0.0,0.19621438,0
img_05796_2024,0.0,0.02652252,0
img_05800_2024,0.0,0.15754315,0
img_05801_2024,0.0,0.01703499,0
img_05798_2024,0.0,0.020882929,0
img_05802_2024,0.0,0.7054572,0
img_05803_2024,0.0,0.022525832,0
img_05799_2024,0.0,0.04796506,0
img_05804_2024,0.0,0.027247217,0
img_05807_2024,0.0,0.018355688,0
img_05805_2024,0.0,0.071116716,0
img_05813_2024,0.0,0.024834938,0
img_05808_2024,0.0,0.022992682,0
img_05806_2024,0.0,0.031208124,0
img_05810_2024,0.0,0.023361973,0
img_05811_2024,0.0,0.726095,0
img_05724_p01_2024,0.0,0.02857098,0
img_05724_p02_2024,0.0,0.018040247,0
img_05724_p03_2024,0.0,0.0520231,0
img_05724_p04_2024,0.0,0.034355383,0
img_05724_p05_2024,0.0,0.017998569,0
img_05724_p06_2024,0.0,0.012785793,0
img_05809_2024,0.0,0.51384056,0
img_05814_2024,0.0,0.6798579,0
img_05816_2024,0.0,0.014414445,0
img_05812_2024,0.0,0.049895782,0
img_05815_2024,0.0,0.03277088,0
img_05820_2024,0.0,0.02783939,0
img_05819_2024,0.0,0.027816081,0
img_05818_2024,0.0,0.06673578,0
img_05822_2024,0.0,0.03826754,0
img_05821_2024,0.0,0.036485016,0
img_05823_2024,0.0,0.07005458,0
img_05817_2024,0.0,0.03225247,0
img_05827_2024,0.0,0.039562806,0
img_05831_2024,0.0,0.028850019,0
img_05825_2024,0.0,0.017622724,0
img_05826_2024,0.0,0.742828,0
img_05824_2024,0.0,0.033356074,0
img_05830_2024,0.0,0.037635,0
img_05828_2024,0.0,0.034795422,0
img_05834_2024,0.0,0.38824221,0
img_05829_2024,0.0,0.032486442,0
img_05833_2024,0.0,0.036970824,0
img_05832_2024,0.0,0.017615063,0
img_05838_2024,0.0,0.038854457,0
img_05836_2024,0.0,0.031428237,0
img_05839_2024,0.0,0.025924223,0
img_05840_2024,0.0,0.023177538,0
img_05841_2024,0.0,0.021335753,0
img_05842_2024,0.0,0.03955297,0
img_05848_2024,0.0,0.01996945,0
img_05844_2024,0.0,0.051159102,0
img_05846_2024,0.0,0.013391784,0
img_05837_2024,0.0,0.065263376,0
img_05843_2024,0.0,0.056955498,0
img_05835_2024,0.0,0.64200944,0
img_05847_2024,0.0,0.013500568,0
img_05845_2024,0.0,0.02906072,0
img_05855_2024,0.0,0.01512481,0
img_05852_2024,0.0,0.014926536,0
img_05854_2024,0.0,0.02499563,0
img_05859_2024,0.0,0.08732935,0
img_05853_2024,0.0,0.12708248,0
img_05860_2024,0.0,0.08704277,0
img_05851_2024,0.0,0.03801356,0
img_05862_2024,0.0,0.77724516,0
img_05857_2024,0.0,0.7108829,0
img_05861_2024,0.0,0.7817718,0
img_05856_2024,0.0,0.022519842,0
img_05865_2024,0.0,0.03201062,0
img_05850_2024,0.0,0.08701478,0
img_05849_2024,0.0,0.64120775,0
img_05868_2024,0.0,0.79677576,0
img_05768_p01_2024,0.0,0.012054501,0
img_05768_p02_2024,0.0,0.011934957,0
img_05768_p03_2024,0.0,0.014568805,0
img_05768_p04_2024,0.0,0.017033026,0
img_05768_p05_2024,0.0,0.023302492,0
img_05768_p06_2024,0.0,0.024383057,0
img_05866_2024,0.0,0.9406938,1
img_05867_2024,0.0,0.10260902,0
img_05863_2024,0.0,0.014880256,0
img_05870_2024,0.0,0.09118542,0
img_05873_2024,0.0,0.019766945,0
img_05869_2024,0.0,0.013944285,0
img_05864_2024,0.0,0.015642408,0
img_05872_2024,0.0,0.038192987,0
img_05871_2024,0.0,0.3114321,0
img_05876_2024,0.0,0.11029137,0
img_05878_2024,0.0,0.037912432,0
img_05874_2024,0.0,0.057507943,0
img_05881_2024,0.0,0.074350886,0
img_05885_2024,0.0,0.05835645,0
img_05877_2024,0.0,0.10976836,0
img_05883_2024,0.0,0.03910114,0
img_05882_2024,0.0,0.07849658,0
img_05887_2024,0.0,0.10882579,0
img_05879_2024,0.0,0.121218905,0
img_05888_2024,0.0,0.8864596,0
img_05891_2024,0.0,0.44105247,0
img_05890_2024,0.0,0.06691044,0
img_05886_2024,0.0,0.24989109,0
img_05893_2024,0.0,0.39014292,0
img_05884_2024,0.0,0.7123855,0
img_05889_2024,0.0,0.6933402,0
img_05875_p01_2024,0.0,0.034050204,0
img_05875_p02_2024,0.0,0.019630784,0
img_05892_2024,0.0,0.022374114,0
img_05898_2024,0.0,0.04169335,0
img_05880_2024,0.0,0.019484395,0
img_05895_2024,0.0,0.16544476,0
img_05896_2024,0.0,0.14024222,0
img_05894_2024,0.0,0.00998679,0
img_05897_2024,0.0,0.03929636,0
img_05901_2024,0.0,0.021144211,0
img_05900_2024,0.0,0.0278339,0
img_05899_2024,0.0,0.13997446,0
img_05902_2024,0.0,0.0286951,0
img_05903_2024,0.0,0.043105222,0
img_05904_2024,0.0,0.36087206,0
img_05910_2024,0.0,0.07564528,0
img_05908_2024,0.0,0.032526948,0
img_05912_2024,0.0,0.85864574,0
img_05914_2024,0.0,0.012942652,0
img_05907_2024,0.0,0.02103249,0
img_05913_2024,0.0,0.16023003,0
img_05906_2024,0.0,0.9372752,1
img_05915_2024,0.0,0.056762066,0
img_05911_2024,0.0,0.2159245,0
img_05909_2024,0.0,0.49836493,0
img_05916_2024,0.0,0.060067665,0
img_05905_2024,0.0,0.03059679,0
img_05918_2024,0.0,0.032721266,0
img_05917_2024,0.0,0.014064526,0
img_05923_2024,0.0,0.018540485,0
img_05919_2024,0.0,0.6557402,0
img_05921_2024,0.0,0.016542166,0
img_05922_2024,0.0,0.05025481,0
img_05925_2024,0.0,0.14750256,0
img_05920_2024,0.0,0.045663107,0
img_05929_2024,0.0,0.04852445,0
img_05926_2024,0.0,0.51819307,0
img_05931_2024,0.0,0.03908501,0
img_05928_2024,0.0,0.5527849,0
img_05927_2024,0.0,0.46546292,0
img_05932_2024,0.0,0.026011944,0
img_05924_2024,0.0,0.021355974,0
img_05933_2024,0.0,0.13428971,0
img_05930_2024,0.0,0.06877075,0
img_05943_2024,0.0,0.028869282,0
img_05942_2024,0.0,0.03076351,0
img_05944_2024,0.0,0.022019476,0
img_05934_2024,0.0,0.069819786,0
img_05939_2024,0.0,0.034581058,0
img_05935_2024,0.0,0.023295758,0
img_05937_2024,0.0,0.051847927,0
img_05940_2024,0.0,0.024667207,0
img_05946_2024,0.0,0.38241047,0
img_05941_2024,0.0,0.08591421,0
img_05949_2024,0.0,0.15912008,0
img_05947_2024,0.0,0.012562642,0
img_05936_2024,0.0,0.0160515,0
img_05948_2024,0.0,0.027333904,0
img_05858_p01_2024,0.0,0.017538317,0
img_05858_p02_2024,0.0,0.030796204,0
img_05858_p03_2024,0.0,0.028187893,0
img_05858_p04_2024,0.0,0.03989785,0
img_05951_2024,0.0,0.424557,0
img_05950_2024,0.0,0.04359027,0
img_05954_2024,0.0,0.046590857,0
img_05956_2024,0.0,0.042147487,0
img_05955_2024,0.0,0.045672722,0
img_05953_2024,0.0,0.059777334,0
img_05952_2024,0.0,0.009655614,0
img_05957_2024,0.0,0.0801191,0
img_05959_2024,0.0,0.10163302,0
img_05938_p01_2024,0.0,0.021275934,0
img_05938_p02_2024,0.0,0.011832686,0
img_05961_2024,0.0,0.013488686,0
img_05962_2024,0.0,0.7355178,0
img_05963_2024,0.0,0.12650815,0
img_05727_p01_2024,0.0,0.12208891,0
img_05727_p02_2024,0.0,0.0211405,0
img_05727_p03_2024,0.0,0.037264157,0
img_05727_p04_2024,0.0,0.020463627,0
img_05727_p05_2024,0.0,0.029004637,0
img_05727_p06_2024,0.0,0.022695838,0
img_05727_p07_2024,0.0,0.03465354,0
img_05727_p08_2024,0.0,0.06712748,0
img_05727_p09_2024,0.0,0.02460784,0
img_05727_p10_2024,0.0,0.02271002,0
img_05727_p11_2024,0.0,0.033094957,0
img_05965_2024,0.0,0.011896947,0
img_05966_2024,0.0,0.86321014,0
img_05964_2024,0.0,0.018126572,0
img_05958_2024,0.0,0.015772054,0
img_05971_2024,0.0,0.037468806,0
img_05973_2024,0.0,0.04556621,0
img_05960_2024,0.0,0.035993032,0
img_05967_2024,0.0,0.2203653,0
img_05970_2024,0.0,0.30278105,0
img_05976_2024,0.0,0.19119672,0
img_05981_2024,0.0,0.033739764,0
img_05977_2024,0.0,0.037613623,0
img_05978_2024,0.0,0.019822048,0
img_05972_2024,0.0,0.04746105,0
img_05979_2024,0.0,0.021720588,0
img_05982_2024,0.0,0.026783865,0
img_05985_2024,0.0,0.24394299,0
img_05968_2024,0.0,0.064673536,0
img_05987_2024,0.0,0.021825302,0
img_05983_2024,0.0,0.89477205,0
img_05993_2024,0.0,0.55001754,0
img_05991_2024,0.0,0.1945782,0
img_05992_2024,0.0,0.040001456,0
img_05984_2024,0.0,0.43283525,0
img_05989_2024,0.0,0.01901902,0
img_05986_2024,0.0,0.08018968,0
img_05990_2024,0.0,0.17163381,0
img_05969_2024,0.0,0.04516495,0
img_05980_2024,0.0,0.11151784,0
img_05996_2024,0.0,0.02298924,0
img_05998_2024,0.0,0.14197786,0
img_05995_2024,0.0,0.04438868,0
img_05997_2024,0.0,0.47510588,0
img_05994_2024,0.0,0.027868176,0
img_05988_2024,0.0,0.018187974,0
img_06000_2024,0.0,0.063439965,0
img_06002_2024,0.0,0.08882068,0
img_05999_2024,0.0,0.03790317,0
img_06006_2024,0.0,0.066878386,0
img_05945_p01_2024,0.0,0.02120134,0
img_05945_p02_2024,0.0,0.019716369,0
img_05945_p03_2024,0.0,0.020224191,0
img_05945_p04_2024,0.0,0.019605335,0
img_06001_2024,0.0,0.020936396,0
img_06004_2024,0.0,0.981498,1
img_06003_2024,0.0,0.026223684,0
img_06007_2024,0.0,0.8321578,0
img_06008_2024,0.0,0.61556906,0
img_06005_2024,0.0,0.017554961,0
img_06010_2024,0.0,0.024817891,0
img_06012_2024,0.0,0.04245775,0
img_06014_2024,0.0,0.11905344,0
img_06009_2024,0.0,0.7981811,0
img_06017_2024,0.0,0.028265966,0
img_05975_p01_2024,0.0,0.03555882,0
img_05975_p02_2024,0.0,0.031299192,0
img_06013_2024,0.0,0.07657523,0
img_06011_2024,0.0,0.16558833,0
img_06015_2024,0.0,0.018511176,0
img_06020_2024,0.0,0.015266555,0
img_06019_2024,0.0,0.18019867,0
img_06021_2024,0.0,0.027229564,0
img_06022_2024,0.0,0.018502532,0
img_06018_2024,0.0,0.027193308,0
img_06023_2024,0.0,0.034326706,0
img_06016_2024,0.0,0.031382997,0
img_06024_2024,0.0,0.31212008,0
img_06034_2024,0.0,0.031111905,0
img_06032_2024,0.0,0.05372162,0
img_06029_2024,0.0,0.28617796,0
img_06031_2024,0.0,0.015026551,0
img_06025_2024,0.0,0.0243508,0
img_06030_2024,0.0,0.058880728,0
img_06036_2024,0.0,0.020634335,0
img_06028_2024,0.0,0.037451982,0
img_05974_p01_2024,0.0,0.39802593,0
img_05974_p02_2024,0.0,0.07500565,0
img_05974_p03_2024,0.0,0.47738004,0
img_06040_2024,0.0,0.05339997,0
img_06039_2024,0.0,0.029795023,0
img_06033_2024,0.0,0.012514708,0
img_06027_2024,0.0,0.02153557,0
img_06042_2024,0.0,0.026098728,0
img_06038_2024,0.0,0.014259845,0
img_06037_2024,0.0,0.015582213,0
img_06043_2024,0.0,0.07567742,0
img_06041_2024,0.0,0.015655542,0
img_06026_2024,0.0,0.8581639,0
img_06045_2024,0.0,0.051106516,0
img_06049_2024,0.0,0.024579901,0
img_06048_2024,0.0,0.09432651,0
img_06044_2024,0.0,0.031387005,0
img_06052_2024,0.0,0.049262922,0
img_06056_2024,0.0,0.024062907,0
img_06047_2024,0.0,0.015021753,0
img_06046_2024,0.0,0.03068802,0
img_06053_2024,0.0,0.043268222,0
img_06057_2024,0.0,0.024305543,0
img_06051_2024,0.0,0.27407643,0
img_06054_2024,0.0,0.11831464,0
img_06062_2024,0.0,0.14495787,0
img_06060_2024,0.0,0.10059879,0
img_06058_2024,0.0,0.035736624,0
img_06050_2024,0.0,0.65343493,0
img_06059_2024,0.0,0.025955252,0
img_06066_2024,0.0,0.033207063,0
img_06065_2024,0.0,0.8362135,0
img_06055_2024,0.0,0.022399668,0
img_06073_2024,0.0,0.020146463,0
img_06071_2024,0.0,0.011571919,0
img_06072_2024,0.0,0.02149497,0
img_06067_2024,0.0,0.22650164,0
img_06070_2024,0.0,0.66447186,0
img_06064_2024,0.0,0.16363084,0
img_06063_2024,0.0,0.09326424,0
img_06074_2024,0.0,0.056438312,0
img_06075_2024,0.0,0.015043979,0
img_06069_2024,0.0,0.34444395,0
img_06077_2024,0.0,0.023969553,0
img_06076_2024,0.0,0.089489274,0
img_06080_2024,0.0,0.041788973,0
img_06079_2024,0.0,0.3560982,0
img_06078_2024,0.0,0.35323417,0
img_06068_2024,0.0,0.050305374,0
img_06085_2024,0.0,0.03618483,0
img_06084_2024,0.0,0.47345963,0
img_06082_2024,0.0,0.55549955,0
img_06088_2024,0.0,0.09533096,0
img_06081_2024,0.0,0.010875299,0
img_06089_2024,0.0,0.097310506,0
img_06083_2024,0.0,0.020908825,0
img_06086_2024,0.0,0.03391743,0
img_06090_2024,0.0,0.032394283,0
img_06092_2024,0.0,0.027418915,0
img_06091_2024,0.0,0.4344998,0
img_06094_2024,0.0,0.059899118,0
img_06096_2024,0.0,0.054789815,0
img_06095_2024,0.0,0.018116072,0
img_06097_2024,0.0,0.49767938,0
img_06098_2024,0.0,0.15048593,0
img_06101_2024,0.0,0.039253797,0
img_06099_2024,0.0,0.022375079,0
img_06102_2024,0.0,0.96478456,1
img_06105_2024,0.0,0.33065888,0
img_06104_2024,0.0,0.012783802,0
img_06100_2024,0.0,0.9333908,1
img_06103_2024,0.0,0.091584735,0
img_06106_2024,0.0,0.03428258,0
img_06107_2024,0.0,0.806802,0
img_06108_2024,0.0,0.12297121,0
img_06110_2024,0.0,0.26084498,0
img_06112_2024,0.0,0.05381375,0
img_06109_2024,0.0,0.053708304,0
img_06111_2024,0.0,0.021400716,0
img_06113_2024,0.0,0.018877784,0
img_06115_2024,0.0,0.018063355,0
img_06116_2024,0.0,0.034123473,0
img_06114_2024,0.0,0.03340833,0
img_06120_2024,0.0,0.022058938,0
img_06121_2024,0.0,0.040742476,0
img_06122_2024,0.0,0.016930787,0
img_06119_2024,0.0,0.08382606,0
img_06117_2024,0.0,0.038053382,0
img_06126_2024,0.0,0.03899741,0
img_06118_2024,0.0,0.07815431,0
img_06123_2024,0.0,0.051786385,0
img_06061_p01_2024,0.0,0.021767277,0
img_06061_p02_2024,0.0,0.044162765,0
img_06061_p03_2024,0.0,0.013191128,0
img_06061_p04_2024,0.0,0.014246111,0
img_06127_2024,0.0,0.06940605,0
img_06129_2024,0.0,0.05100685,0
img_06128_2024,0.0,0.17751755,0
img_06133_2024,0.0,0.053482883,0
img_06131_2024,0.0,0.020977369,0
img_06132_2024,0.0,0.24279146,0
img_06138_2024,0.0,0.034295548,0
img_06136_2024,0.0,0.039790817,0
img_06035_p01_2024,0.0,0.023129653,0
img_06035_p02_2024,0.0,0.017847635,0
img_06035_p03_2024,0.0,0.015852435,0
img_06035_p04_2024,0.0,0.017336978,0
img_06141_2024,0.0,0.018629542,0
img_06134_2024,0.0,0.04205164,0
img_06139_2024,0.0,0.19233586,0
img_06124_2024,0.0,0.03346662,0
img_06135_2024,0.0,0.027164826,0
img_06137_2024,0.0,0.036689617,0
img_06140_2024,0.0,0.08828353,0
img_06142_2024,0.0,0.03462194,0
img_06145_2024,0.0,0.02040649,0
img_06144_2024,0.0,0.06693431,0
img_06125_p01_2024,0.0,0.040327083,0
img_06125_p02_2024,0.0,0.014363118,0
img_06146_2024,0.0,0.017875146,0
img_06150_2024,0.0,0.14248605,0
img_06143_2024,0.0,0.047125902,0
img_06149_2024,0.0,0.01593798,0
img_06151_2024,0.0,0.34472424,0
img_06148_2024,0.0,0.094374545,0
img_06153_2024,0.0,0.02305419,0
img_06155_2024,0.0,0.03651843,0
img_06154_2024,0.0,0.02392726,0
img_06156_2024,0.0,0.46615037,0
img_06093_p01_2024,0.0,0.011299767,0
img_06093_p02_2024,0.0,0.01806503,0
img_06093_p03_2024,0.0,0.009411247,0
img_06093_p04_2024,0.0,0.02243972,0
img_06152_2024,0.0,0.04695028,0
img_06158_2024,0.0,0.105508596,0
img_06157_2024,0.0,0.028075054,0
img_06161_2024,0.0,0.031024214,0
img_06160_2024,0.0,0.046939354,0
img_06166_2024,0.0,0.014352051,0
img_06165_2024,0.0,0.15860222,0
img_06167_2024,0.0,0.03874265,0
img_06162_2024,0.0,0.090005785,0
img_06168_2024,0.0,0.040253893,0
img_06164_2024,0.0,0.8788589,0
img_06159_2024,0.0,0.027511874,0
img_06171_2024,0.0,0.037818946,0
img_06163_2024,0.0,0.26244402,0
img_06170_2024,0.0,0.050338235,0
img_06172_2024,0.0,0.018953046,0
img_06173_2024,0.0,0.031469367,0
img_06174_2024,0.0,0.29042196,0
img_06175_2024,0.0,0.02370716,0
img_06178_2024,0.0,0.04623333,0
img_06181_2024,0.0,0.05082614,0
img_06179_2024,0.0,0.10064615,0
img_06180_2024,0.0,0.043548454,0
img_06184_2024,0.0,0.109502204,0
img_06183_2024,0.0,0.9494308,1
img_06185_2024,0.0,0.025788743,0
img_06182_2024,0.0,0.10420728,0
img_06188_2024,0.0,0.096971326,0
img_06177_2024,0.0,0.043085862,0
img_06191_2024,0.0,0.017957496,0
img_06187_2024,0.0,0.08936294,0
img_06189_2024,0.0,0.14960746,0
img_06194_2024,0.0,0.09092651,0
img_06197_2024,0.0,0.046837516,0
img_06196_2024,0.0,0.097490944,0
img_06192_2024,0.0,0.8901282,0
img_06190_2024,0.0,0.031084746,0
img_06176_p01_2024,0.0,0.023074625,0
img_06176_p02_2024,0.0,0.027648803,0
img_06202_2024,0.0,0.04319351,0
img_06200_2024,0.0,0.2975445,0
img_06195_2024,0.0,0.07139883,0
img_06193_2024,0.0,0.044466164,0
img_06203_2024,0.0,0.035308387,0
img_06201_2024,0.0,0.011888912,0
img_06204_2024,0.0,0.019065958,0
img_06206_2024,0.0,0.012344784,0
img_06207_2024,0.0,0.019871226,0
img_06209_2024,0.0,0.020706238,0
img_06205_2024,0.0,0.013545083,0
img_06212_2024,0.0,0.034976605,0
img_06210_2024,0.0,0.09968364,0
img_06211_2024,0.0,0.013523431,0
img_06215_2024,0.0,0.7814247,0
img_06214_2024,0.0,0.01991006,0
img_06087_p01_2024,0.0,0.0106155025,0
img_06087_p02_2024,0.0,0.013081572,0
img_06087_p03_2024,0.0,0.025502972,0
img_06087_p04_2024,0.0,0.015853915,0
img_06087_p05_2024,0.0,0.014504125,0
img_06087_p06_2024,0.0,0.011205005,0
img_06216_2024,0.0,0.036406055,0
img_06213_2024,0.0,0.14107813,0
img_06208_2024,0.0,0.023211455,0
img_06147_p01_2024,0.0,0.020168576,0
img_06147_p02_2024,0.0,0.072343595,0
img_06147_p03_2024,0.0,0.019282248,0
img_06147_p04_2024,0.0,0.021855833,0
img_06130_p01_2024,0.0,0.011678829,0
img_06130_p02_2024,0.0,0.019611023,0
img_06130_p03_2024,0.0,0.016765049,0
img_06130_p04_2024,0.0,0.02055841,0
img_06217_2024,0.0,0.050825607,0
img_06219_2024,0.0,0.15122236,0
img_06218_2024,0.0,0.023462603,0
img_06225_2024,0.0,0.021093735,0
img_06224_2024,0.0,0.97761476,1
img_06223_2024,0.0,0.103134155,0
img_06221_2024,0.0,0.043008916,0
img_06231_2024,0.0,0.023842404,0
img_06228_2024,0.0,0.042491365,0
img_06229_2024,0.0,0.92889124,1
img_06222_2024,0.0,0.07881877,0
img_06234_2024,0.0,0.91480505,1
img_06226_2024,0.0,0.017346201,0
img_06235_2024,0.0,0.9654199,1
img_06230_2024,0.0,0.056618556,0
img_06237_2024,0.0,0.4032337,0
img_06169_p01_2024,0.0,0.015376283,0
img_06169_p02_2024,0.0,0.2544332,0
img_06169_p03_2024,0.0,0.018223057,0
img_06169_p04_2024,0.0,0.03482937,0
img_06241_2024,0.0,0.055092797,0
img_06236_2024,0.0,0.0129415495,0
img_06233_2024,0.0,0.3597172,0
img_06240_2024,0.0,0.028209873,0
img_06227_2024,0.0,0.03375103,0
img_06232_2024,0.0,0.15148179,0
img_06245_2024,0.0,0.016442122,0
img_06238_2024,0.0,0.1695893,0
img_06246_2024,0.0,0.088263385,0
img_06242_2024,0.0,0.036148757,0
img_06247_2024,0.0,0.67782295,0
img_06239_2024,0.0,0.93130857,1
img_06251_2024,0.0,0.04477663,0
img_06250_2024,0.0,0.011635313,0
img_06249_2024,0.0,0.0923282,0
img_06252_2024,0.0,0.03722919,0
img_06244_2024,0.0,0.020008491,0
img_06243_2024,0.0,0.026790757,0
img_06255_2024,0.0,0.26346877,0
img_06248_2024,0.0,0.09961682,0
img_06260_2024,0.0,0.38116583,0
img_06253_2024,0.0,0.040713105,0
img_06263_2024,0.0,0.15363921,0
img_06259_2024,0.0,0.076302946,0
img_06254_2024,0.0,0.23321585,0
img_06257_2024,0.0,0.8198856,0
img_06258_2024,0.0,0.013755835,0
img_06256_2024,0.0,0.36371115,0
img_06266_2024,0.0,0.98406917,1
img_06261_2024,0.0,0.25626922,0
img_06262_2024,0.0,0.04294133,0
img_06268_2024,0.0,0.041872837,0
img_06269_2024,0.0,0.017744442,0
img_06264_2024,0.0,0.019091496,0
img_06270_2024,0.0,0.07841162,0
img_06272_2024,0.0,0.058383957,0
img_06273_2024,0.0,0.11318916,0
img_06267_2024,0.0,0.016190989,0
img_06274_2024,0.0,0.23690669,0
img_06271_2024,0.0,0.085666,0
img_06275_2024,0.0,0.25477758,0
img_06276_2024,0.0,0.20170186,0
img_06278_2024,0.0,0.14957081,0
img_06281_2024,0.0,0.01465426,0
img_06199_p01_2024,0.0,0.02767891,0
img_06199_p02_2024,0.0,0.020403396,0
img_06199_p03_2024,0.0,0.023071717,0
img_06199_p04_2024,0.0,0.06434307,0
img_06279_2024,0.0,0.026247201,0
img_06280_2024,0.0,0.07230791,0
img_06277_2024,0.0,0.054900415,0
img_06284_2024,0.0,0.06204916,0
img_06289_2024,0.0,0.017735742,0
img_06290_2024,0.0,0.05411898,0
img_06283_2024,0.0,0.9812129,1
img_06288_2024,0.0,0.0966062,0
img_06285_2024,0.0,0.031093838,0
img_06286_2024,0.0,0.07080989,0
img_06282_2024,0.0,0.04514296,0
img_06287_2024,0.0,0.39003474,0
img_06291_2024,0.0,0.043814342,0
img_06292_2024,0.0,0.054475956,0
img_06293_2024,0.0,0.24453793,0
img_06295_2024,0.0,0.14341152,0
img_06298_2024,0.0,0.34352615,0
img_06297_2024,0.0,0.03820163,0
img_06294_2024,0.0,0.014781512,0
img_06299_2024,0.0,0.018319542,0
img_06300_2024,0.0,0.02927052,0
img_06303_2024,0.0,0.017805332,0
img_06301_2024,0.0,0.01593606,0
img_06302_2024,0.0,0.018931476,0
img_06304_2024,0.0,0.076218545,0
img_06305_2024,0.0,0.02080979,0
img_06306_2024,0.0,0.026605336,0
img_06296_2024,0.0,0.015384948,0
img_06310_2024,0.0,0.012500661,0
img_06311_2024,0.0,0.046088293,0
img_06308_2024,0.0,0.03301138,0
img_06313_2024,0.0,0.7435449,0
img_06312_2024,0.0,0.0314262,0
img_06307_2024,0.0,0.046218306,0
img_06314_2024,0.0,0.2498081,0
img_06317_2024,0.0,0.24475352,0
img_06316_2024,0.0,0.055351194,0
img_06319_2024,0.0,0.030228738,0
img_06320_2024,0.0,0.030454105,0
img_06322_2024,0.0,0.048899755,0
img_06318_2024,0.0,0.022963233,0
img_06315_2024,0.0,0.029793445,0
img_06321_2024,0.0,0.09349849,0
img_06323_2024,0.0,0.034618296,0
img_06324_2024,0.0,0.010857218,0
img_06325_2024,0.0,0.085702084,0
img_06328_2024,0.0,0.012484989,0
img_06329_2024,0.0,0.027810128,0
img_06326_2024,0.0,0.025267644,0
img_06330_2024,0.0,0.023705512,0
img_06333_2024,0.0,0.47090334,0
img_06327_2024,0.0,0.02253484,0
img_06334_2024,0.0,0.028215595,0
img_06265_p01_2024,0.0,0.033368785,0
img_06265_p02_2024,0.0,0.015623616,0
img_06265_p03_2024,0.0,0.04451,0
img_06265_p04_2024,0.0,0.028745648,0
img_06335_2024,0.0,0.03319839,0
img_06337_2024,0.0,0.06080294,0
img_06331_2024,0.0,0.16955428,0
img_06336_2024,0.0,0.9840534,1
img_06332_2024,0.0,0.020266239,0
img_06338_2024,0.0,0.024566295,0
img_06341_2024,0.0,0.013142288,0
img_06344_2024,0.0,0.07330249,0
img_06342_2024,0.0,0.9743895,1
img_06343_2024,0.0,0.87634516,0
img_06339_2024,0.0,0.0542888,0
img_06346_2024,0.0,0.008066492,0
img_06345_2024,0.0,0.120405294,0
img_06350_2024,0.0,0.14271142,0
img_06347_2024,0.0,0.018563788,0
img_06349_2024,0.0,0.016880201,0
img_06340_2024,0.0,0.29747117,0
img_06348_2024,0.0,0.055326328,0
img_06351_2024,0.0,0.9643342,1
img_06353_2024,0.0,0.031322196,0
img_06352_2024,0.0,0.020633284,0
img_06354_2024,0.0,0.020654943,0
img_06360_2024,0.0,0.05236674,0
img_06355_2024,0.0,0.060185976,0
img_06356_2024,0.0,0.03408693,0
img_06359_2024,0.0,0.023759868,0
img_06358_2024,0.0,0.015802579,0
img_06365_2024,0.0,0.032255523,0
img_06363_2024,0.0,0.13648151,0
img_06357_2024,0.0,0.42534128,0
img_06220_p01_2024,0.0,0.017072015,0
img_06220_p02_2024,0.0,0.012092317,0
img_06220_p03_2024,0.0,0.017385485,0
img_06220_p04_2024,0.0,0.017364237,0
img_06220_p05_2024,0.0,0.03338453,0
img_06220_p06_2024,0.0,0.02639575,0
img_06220_p07_2024,0.0,0.03676369,0
img_06364_2024,0.0,0.017968742,0
img_06362_2024,0.0,0.026655376,0
img_06366_2024,0.0,0.03657013,0
img_06375_2024,0.0,0.07357119,0
img_06367_2024,0.0,0.09038769,0
img_06373_2024,0.0,0.12361187,0
img_06372_2024,0.0,0.014173846,0
img_06376_2024,0.0,0.05018002,0
img_06361_2024,0.0,0.01949143,0
img_06370_2024,0.0,0.8754268,0
img_06369_2024,0.0,0.086967304,0
img_06377_2024,0.0,0.04872968,0
img_06378_2024,0.0,0.07720681,0
img_06371_2024,0.0,0.08939712,0
img_06382_2024,0.0,0.026256558,0
img_06374_2024,0.0,0.031990226,0
img_06384_2024,0.0,0.086434804,0
img_06385_2024,0.0,0.034517128,0
img_06368_2024,0.0,0.016629703,0
img_06381_2024,0.0,0.06728487,0
img_06386_2024,0.0,0.054991357,0
img_06380_2024,0.0,0.019991891,0
img_06388_2024,0.0,0.021408701,0
img_06379_2024,0.0,0.014138217,0
img_06383_2024,0.0,0.24178495,0
img_06389_2024,0.0,0.030614678,0
img_06393_2024,0.0,0.016343279,0
img_06390_2024,0.0,0.019131064,0
img_06394_2024,0.0,0.03668768,0
img_06392_2024,0.0,0.80223763,0
img_06387_2024,0.0,0.08803492,0
img_06391_2024,0.0,0.01812106,0
img_06399_2024,0.0,0.12658527,0
img_06397_2024,0.0,0.09005461,0
img_06402_2024,0.0,0.038611744,0
img_06395_2024,0.0,0.044180635,0
img_06400_2024,0.0,0.5834904,0
img_06401_2024,0.0,0.050833635,0
img_06398_2024,0.0,0.9645551,1
img_06403_2024,0.0,0.09228965,0
img_06396_2024,0.0,0.703019,0
img_06409_2024,0.0,0.04522103,0
img_06405_2024,0.0,0.026535716,0
img_06407_2024,0.0,0.040207926,0
img_06406_2024,0.0,0.034677427,0
img_06411_2024,0.0,0.23566662,0
img_06419_2024,0.0,0.018353501,0
img_06412_2024,0.0,0.07157564,0
img_06408_2024,0.0,0.012795806,0
img_06414_2024,0.0,0.02217041,0
img_06417_2024,0.0,0.09168393,0
img_06413_2024,0.0,0.104109325,0
img_06415_2024,0.0,0.066226795,0
img_06420_2024,0.0,0.024482898,0
img_06416_2024,0.0,0.019234443,0
img_06418_2024,0.0,0.04511645,0
img_06422_2024,0.0,0.055839438,0
img_06410_2024,0.0,0.07351109,0
img_06424_2024,0.0,0.891859,0
img_06423_2024,0.0,0.069031246,0
img_06425_2024,0.0,0.010278735,0
img_06421_2024,0.0,0.05551804,0
img_06427_2024,0.0,0.01977345,0
img_06198_p01_2024,0.0,0.02117051,0
img_06198_p02_2024,0.0,0.013886255,0
img_06198_p03_2024,0.0,0.015654035,0
img_06198_p04_2024,0.0,0.018807987,0
img_06198_p05_2024,0.0,0.013145349,0
img_06198_p06_2024,0.0,0.023563452,0
img_06198_p07_2024,0.0,0.022130113,0
img_06198_p08_2024,0.0,0.037855938,0
img_06198_p09_2024,0.0,0.022591354,0
img_06198_p10_2024,0.0,0.022891529,0
img_06426_2024,0.0,0.06338723,0
img_06435_2024,0.0,0.025115198,0
img_06431_2024,0.0,0.021192443,0
img_06428_2024,0.0,0.03565168,0
img_06432_2024,0.0,0.0133703435,0
img_06430_2024,0.0,0.06404754,0
img_06434_2024,0.0,0.06721093,0
img_06438_2024,0.0,0.09916996,0
img_06433_2024,0.0,0.075832844,0
img_06439_2024,0.0,0.022229102,0
img_06437_2024,0.0,0.054632444,0
img_06441_2024,0.0,0.021896923,0
img_06436_2024,0.0,0.66430205,0
img_06440_2024,0.0,0.22633898,0
img_06444_2024,0.0,0.021868223,0
img_06447_2024,0.0,0.025532212,0
img_06443_2024,0.0,0.013360936,0
img_06446_2024,0.0,0.18315762,0
img_06448_2024,0.0,0.03014079,0
img_06445_2024,0.0,0.47244427,0
img_06459_2024,0.0,0.11372843,0
img_06451_2024,0.0,0.6551239,0
img_06455_2024,0.0,0.019729735,0
img_06454_2024,0.0,0.015949786,0
img_06429_p01_2024,0.0,0.025012556,0
img_06429_p02_2024,0.0,0.03556669,0
img_06442_2024,0.0,0.078702696,0
img_06449_2024,0.0,0.937059,1
img_06460_2024,0.0,0.1011977,0
img_06453_2024,0.0,0.15588798,0
img_06452_2024,0.0,0.028824652,0
img_06450_2024,0.0,0.016647514,0
img_06457_2024,0.0,0.054428995,0
img_06462_2024,0.0,0.04553507,0
img_06461_2024,0.0,0.02580699,0
img_06470_2024,0.0,0.15851921,0
img_06469_2024,0.0,0.026507603,0
img_06456_2024,0.0,0.06938666,0
img_06468_2024,0.0,0.020521643,0
img_06466_2024,0.0,0.42997316,0
img_06464_2024,0.0,0.74430466,0
img_06458_2024,0.0,0.21564491,0
img_06471_2024,0.0,0.7809541,0
img_06465_2024,0.0,0.079086185,0
img_06474_2024,0.0,0.058049347,0
img_06475_2024,0.0,0.048937447,0
img_06463_2024,0.0,0.016269315,0
img_06476_2024,0.0,0.048191257,0
img_06472_2024,0.0,0.056374684,0
img_06473_2024,0.0,0.13923383,0
img_06478_2024,0.0,0.05728872,0
img_06477_2024,0.0,0.022012798,0
img_06482_2024,0.0,0.8357194,0
img_06483_2024,0.0,0.049877472,0
img_06486_2024,0.0,0.015131112,0
img_06484_2024,0.0,0.050157167,0
img_06481_2024,0.0,0.016009891,0
img_06489_2024,0.0,0.023942493,0
img_06479_2024,0.0,0.63588524,0
img_06490_2024,0.0,0.04245698,0
img_06488_2024,0.0,0.05028535,0
img_06491_2024,0.0,0.33762485,0
img_06487_2024,0.0,0.02833498,0
img_06493_2024,0.0,0.021551767,0
img_06492_2024,0.0,0.3560104,0
img_06494_2024,0.0,0.543454,0
img_06498_2024,0.0,0.050926276,0
img_06497_2024,0.0,0.054773558,0
img_06501_2024,0.0,0.0456674,0
img_06499_2024,0.0,0.022178767,0
img_06495_2024,0.0,0.014050304,0
img_06496_2024,0.0,0.0882401,0
img_06500_2024,0.0,0.014869934,0
img_06503_2024,0.0,0.042053457,0
img_06502_2024,0.0,0.06161722,0
img_06504_2024,0.0,0.047196005,0
img_06480_p01_2024,0.0,0.3777794,0
img_06480_p02_2024,0.0,0.04411593,0
img_06506_2024,0.0,0.026492406,0
img_06507_2024,0.0,0.031543918,0
img_06508_2024,0.0,0.047892105,0
img_06505_2024,0.0,0.025509005,0
img_06509_2024,0.0,0.030144505,0
img_06516_2024,0.0,0.013193486,0
img_06517_2024,0.0,0.26890334,0
img_06510_2024,0.0,0.050610498,0
img_06519_2024,0.0,0.05721861,0
img_06511_2024,0.0,0.026034743,0
img_06513_2024,0.0,0.10640301,0
img_06521_2024,0.0,0.049805168,0
img_06514_2024,0.0,0.10805264,0
img_06485_p01_2024,0.0,0.057328545,0
img_06485_p02_2024,0.0,0.021049317,0
img_06518_2024,0.0,0.088160984,0
img_06523_2024,0.0,0.45431772,0
img_06515_2024,0.0,0.012180109,0
img_06512_2024,0.0,0.054627776,0
img_06524_2024,0.0,0.2641086,0
img_06525_2024,0.0,0.012979895,0
img_06520_2024,0.0,0.05529544,0
img_06526_2024,0.0,0.036688942,0
img_06529_2024,0.0,0.017183343,0
img_06528_2024,0.0,0.09522532,0
img_06527_2024,0.0,0.10340721,0
img_06530_2024,0.0,0.15631276,0
img_06522_2024,0.0,0.12977843,0
img_06531_2024,0.0,0.13240759,0
img_06532_2024,0.0,0.16155384,0
img_06536_2024,0.0,0.017373841,0
img_06533_2024,0.0,0.43292663,0
img_06534_2024,0.0,0.06197038,0
img_06309_p01_2024,0.0,0.087380975,0
img_06309_p02_2024,0.0,0.08997749,0
img_06309_p03_2024,0.0,0.073718704,0
img_06309_p04_2024,0.0,0.031283375,0
img_06309_p05_2024,0.0,0.013567273,0
img_06309_p06_2024,0.0,0.012661838,0
img_06309_p07_2024,0.0,0.017939534,0
img_06309_p08_2024,0.0,0.021146994,0
img_06309_p09_2024,0.0,0.10503875,0
img_06309_p10_2024,0.0,0.020760395,0
img_06309_p11_2024,0.0,0.08234284,0
img_06309_p12_2024,0.0,0.14570144,0
img_06541_2024,0.0,0.102876335,0
img_06538_2024,0.0,0.05774966,0
img_06539_2024,0.0,0.38591525,0
img_06540_2024,0.0,0.090549365,0
img_06537_2024,0.0,0.07999773,0
img_06542_2024,0.0,0.10482301,0
img_06535_2024,0.0,0.14075322,0
img_06545_2024,0.0,0.8121199,0
img_06548_2024,0.0,0.018810974,0
img_06546_2024,0.0,0.19910772,0
img_06544_2024,0.0,0.43246564,0
img_06551_2024,0.0,0.91553074,1
img_06547_2024,0.0,0.021924984,0
img_06550_2024,0.0,0.72055817,0
img_06543_2024,0.0,0.04769938,0
img_06553_2024,0.0,0.51767004,0
img_06404_p01_2024,0.0,0.012665613,0
img_06404_p02_2024,0.0,0.01804782,0
img_06404_p03_2024,0.0,0.025549896,0
img_06404_p04_2024,0.0,0.019049598,0
img_06404_p05_2024,0.0,0.015196361,0
img_06404_p06_2024,0.0,0.027345153,0
img_06404_p07_2024,0.0,0.023987655,0
img_06404_p08_2024,0.0,0.012572523,0
img_06554_2024,0.0,0.024693217,0
img_06552_2024,0.0,0.04522816,0
img_06556_2024,0.0,0.069420494,0
img_06559_2024,0.0,0.030504802,0
img_06555_2024,0.0,0.23448613,0
img_06557_2024,0.0,0.060035337,0
img_06560_2024,0.0,0.021122219,0
img_06561_2024,0.0,0.061907392,0
img_06549_2024,0.0,0.08546659,0
img_06558_2024,0.0,0.03316145,0
img_06562_2024,0.0,0.050972804,0
img_06566_2024,0.0,0.099799074,0
img_06565_2024,0.0,0.025801184,0
img_06563_2024,0.0,0.1460013,0
img_06569_2024,0.0,0.06089846,0
img_06467_p01_2024,0.0,0.04377254,0
img_06467_p02_2024,0.0,0.027387656,0
img_06467_p03_2024,0.0,0.079715714,0
img_06467_p04_2024,0.0,0.021852236,0
img_06467_p05_2024,0.0,0.026181215,0
img_06564_2024,0.0,0.074939,0
img_06571_2024,0.0,0.55796605,0
img_06572_2024,0.0,0.013472515,0
img_06567_2024,0.0,0.043762323,0
img_06570_2024,0.0,0.036779076,0
img_06576_2024,0.0,0.040909488,0
img_06577_2024,0.0,0.035664707,0
img_06580_2024,0.0,0.027544612,0
img_06578_2024,0.0,0.05448587,0
img_06574_2024,0.0,0.039718803,0
img_06573_2024,0.0,0.06822361,0
img_06583_2024,0.0,0.56649524,0
img_06582_2024,0.0,0.024660347,0
img_06581_2024,0.0,0.043965384,0
img_06575_2024,0.0,0.03549419,0
img_06586_2024,0.0,0.0290957,0
img_06588_2024,0.0,0.033417523,0
img_06587_2024,0.0,0.043568615,0
img_06590_2024,0.0,0.020981487,0
img_06568_2024,0.0,0.01832739,0
img_06579_2024,0.0,0.010560255,0
img_06585_2024,0.0,0.02274659,0
img_06589_2024,0.0,0.09553289,0
img_06584_2024,0.0,0.019467132,0
img_06591_2024,0.0,0.017436994,0
img_06594_2024,0.0,0.5772251,0
img_06599_2024,0.0,0.020198775,0
img_06597_2024,0.0,0.022050215,0
img_06592_2024,0.0,0.2299012,0
img_06600_2024,0.0,0.13622186,0
img_06593_2024,0.0,0.17113794,0
img_06598_2024,0.0,0.03187581,0
img_06601_2024,0.0,0.63998365,0
img_06595_2024,0.0,0.01636848,0
img_06607_2024,0.0,0.065334335,0
img_06603_2024,0.0,0.11623763,0
img_06609_2024,0.0,0.017682308,0
img_06596_2024,0.0,0.3050561,0
img_06604_2024,0.0,0.09537318,0
img_06610_2024,0.0,0.26982826,0
img_05539_p01_2024,0.0,0.10026368,0
img_05539_p02_2024,0.0,0.02858082,0
img_05539_p03_2024,0.0,0.047790416,0
img_05539_p04_2024,0.0,0.047308523,0
img_05539_p05_2024,0.0,0.033124253,0
img_05539_p06_2024,0.0,0.014448056,0
img_05539_p07_2024,0.0,0.04696736,0
img_05539_p08_2024,0.0,0.022263981,0
img_05539_p09_2024,0.0,0.025568886,0
img_05539_p10_2024,0.0,0.040303092,0
img_05539_p11_2024,0.0,0.019015217,0
img_05539_p12_2024,0.0,0.03938955,0
img_05539_p13_2024,0.0,0.03700881,0
img_05539_p14_2024,0.0,0.04076753,0
img_05539_p15_2024,0.0,0.024583096,0
img_05539_p16_2024,0.0,0.035058912,0
img_05539_p17_2024,0.0,0.046342894,0
img_05539_p18_2024,0.0,0.042054232,0
img_05539_p20_2024,0.0,0.0770032,0
img_05539_p21_2024,0.0,0.020304414,0
img_05539_p22_2024,0.0,0.02031744,0
img_05539_p23_2024,0.0,0.014344949,0
img_05539_p24_2024,0.0,0.018530276,0
img_05539_p25_2024,0.0,0.01944889,0
img_05539_p26_2024,0.0,0.01621615,0
img_05539_p27_2024,0.0,0.029345885,0
img_05539_p28_2024,0.0,0.06480488,0
img_05539_p29_2024,0.0,0.049242593,0
img_05539_p30_2024,0.0,0.016369946,0
img_05539_p31_2024,0.0,0.017811354,0
img_05539_p32_2024,0.0,0.018546006,0
img_05539_p33_2024,0.0,0.015414439,0
img_05539_p34_2024,0.0,0.015314822,0
img_05539_p35_2024,0.0,0.012568363,0
img_05539_p36_2024,0.0,0.015755467,0
img_05539_p37_2024,0.0,0.02444583,0
img_05539_p38_2024,0.0,0.03845017,0
img_05539_p39_2024,0.0,0.024262434,0
img_05539_p40_2024,0.0,0.018305313,0
img_05539_p41_2024,0.0,0.012157554,0
img_05539_p42_2024,0.0,0.01974112,0
img_05539_p43_2024,0.0,0.013553539,0
img_06612_2024,0.0,0.1384839,0
img_06614_2024,0.0,0.06633877,0
img_06608_2024,0.0,0.028957698,0
img_06611_2024,0.0,0.048363164,0
img_06618_2024,0.0,0.023812484,0
img_06619_2024,0.0,0.015077407,0
img_06620_2024,0.0,0.65914035,0
img_06622_2024,0.0,0.01551794,0
img_06625_2024,0.0,0.03286565,0
img_06621_2024,0.0,0.01740945,0
img_06613_2024,0.0,0.15022607,0
img_06606_2024,0.0,0.13906772,0
img_06628_2024,0.0,0.037119158,0
img_06629_2024,0.0,0.25200114,0
img_06632_2024,0.0,0.031840235,0
img_06630_2024,0.0,0.052921634,0
img_06623_2024,0.0,0.02268104,0
img_06615_2024,0.0,0.05451452,0
img_06627_2024,0.0,0.8621226,0
img_06616_2024,0.0,0.03208615,0
img_06626_2024,0.0,0.13551793,0
img_06635_2024,0.0,0.024878275,0
img_06639_2024,0.0,0.43955103,0
img_06637_2024,0.0,0.49700525,0
img_06634_2024,0.0,0.94947857,1
img_06617_2024,0.0,0.027705077,0
img_06636_2024,0.0,0.0317866,0
img_06633_2024,0.0,0.018200906,0
img_06631_2024,0.0,0.021912925,0
img_06638_2024,0.0,0.012867332,0
img_06641_2024,0.0,0.031836905,0
img_06642_2024,0.0,0.12355183,0
img_06640_2024,0.0,0.030664539,0
img_06645_2024,0.0,0.03244404,0
img_06643_2024,0.0,0.13651045,0
img_06624_2024,0.0,0.05096051,0
img_06644_2024,0.0,0.035411503,0
img_06646_2024,0.0,0.044203352,0
img_06648_2024,0.0,0.011717849,0
img_06655_2024,0.0,0.57443655,0
img_06650_2024,0.0,0.1517909,0
img_06649_2024,0.0,0.15878348,0
img_06654_2024,0.0,0.024535595,0
img_06652_2024,0.0,0.03807387,0
img_06653_2024,0.0,0.25487915,0
img_06662_2024,0.0,0.92550665,1
img_06661_2024,0.0,0.8965776,0
img_06657_2024,0.0,0.443882,0
img_06660_2024,0.0,0.13433641,0
img_06658_2024,0.0,0.05148599,0
img_06659_2024,0.0,0.27610594,0
img_06664_2024,0.0,0.021652069,0
img_06663_2024,0.0,0.13539444,0
img_06656_2024,0.0,0.17957221,0
img_06665_2024,0.0,0.035385136,0
img_06666_2024,0.0,0.040877614,0
img_06667_2024,0.0,0.1592936,0
img_06668_2024,0.0,0.01280848,0
img_06670_2024,0.0,0.018138664,0
img_06673_2024,0.0,0.020423587,0
img_06671_2024,0.0,0.04776626,0
img_06674_2024,0.0,0.033365965,0
img_06675_2024,0.0,0.016274048,0
img_06676_2024,0.0,0.14270255,0
img_06602_p01_2024,0.0,0.16883999,0
img_06602_p02_2024,0.0,0.03287809,0
img_06602_p03_2024,0.0,0.020809026,0
img_06602_p04_2024,0.0,0.030040178,0
img_06672_2024,0.0,0.9143544,1
img_06680_2024,0.0,0.014561352,0
img_06679_2024,0.0,0.02363202,0
img_06682_2024,0.0,0.14597456,0
img_06681_2024,0.0,0.08007122,0
img_06678_2024,0.0,0.012337193,0
img_06683_2024,0.0,0.033936713,0
img_06684_2024,0.0,0.033373076,0
img_06688_2024,0.0,0.22182362,0
img_06687_2024,0.0,0.01416072,0
img_06686_2024,0.0,0.073653854,0
img_06677_2024,0.0,0.0465677,0
img_06690_2024,0.0,0.147865,0
img_06691_2024,0.0,0.011207167,0
img_06685_2024,0.0,0.019369897,0
img_06689_2024,0.0,0.023715843,0
img_06695_2024,0.0,0.051976316,0
img_06700_2024,0.0,0.22902998,0
img_06697_2024,0.0,0.04640638,0
img_06699_2024,0.0,0.06133475,0
img_06693_2024,0.0,0.016323,0
img_06692_2024,0.0,0.017590137,0
img_06694_2024,0.0,0.05600378,0
img_06706_2024,0.0,0.6708897,0
img_06696_2024,0.0,0.020937687,0
img_06703_2024,0.0,0.040861577,0
img_06705_2024,0.0,0.015956426,0
img_06701_2024,0.0,0.18381543,0
img_06704_2024,0.0,0.19954549,0
img_06707_2024,0.0,0.040374454,0
img_06708_2024,0.0,0.08877789,0
img_06702_2024,0.0,0.8717885,0
img_06709_2024,0.0,0.045539122,0
img_06711_2024,0.0,0.07649008,0
img_06713_2024,0.0,0.28368044,0
img_06698_2024,0.0,0.05906399,0
img_06712_2024,0.0,0.048292726,0
img_06710_2024,0.0,0.019041345,0
img_06716_2024,0.0,0.021146739,0
img_06714_2024,0.0,0.6165351,0
img_06718_2024,0.0,0.22530708,0
img_06717_2024,0.0,0.93944615,1
img_06715_2024,0.0,0.04161909,0
img_06719_2024,0.0,0.02010949,0
img_06720_2024,0.0,0.06021011,0
img_06721_2024,0.0,0.019589875,0
img_06722_2024,0.0,0.012490105,0
img_06723_2024,0.0,0.17660984,0
img_06647_p01_2024,0.0,0.029532218,0
img_06647_p02_2024,0.0,0.012949203,0
img_06647_p03_2024,0.0,0.018096704,0
img_06647_p04_2024,0.0,0.07628079,0
img_06725_2024,0.0,0.015270626,0
img_06730_2024,0.0,0.021119291,0
img_06728_2024,0.0,0.18479688,0
img_06734_2024,0.0,0.120897114,0
img_06733_2024,0.0,0.8334546,0
img_06736_2024,0.0,0.014021756,0
img_06726_2024,0.0,0.7817384,0
img_06731_2024,0.0,0.017307336,0
img_06729_2024,0.0,0.8254192,0
img_06732_2024,0.0,0.69038695,0
img_06737_2024,0.0,0.024014054,0
img_06735_2024,0.0,0.08351989,0
img_06739_2024,0.0,0.017782422,0
img_06605_p01_2024,0.0,0.013028005,0
img_06605_p02_2024,0.0,0.042566564,0
img_06605_p03_2024,0.0,0.018159334,0
img_06605_p04_2024,0.0,0.020531073,0
img_06605_p05_2024,0.0,0.029317155,0
img_06605_p06_2024,0.0,0.022090666,0
img_06744_2024,0.0,0.017092174,0
img_06727_2024,0.0,0.08817834,0
img_06742_2024,0.0,0.25516245,0
img_06748_2024,0.0,0.17724612,0
img_06738_2024,0.0,0.79073685,0
img_06746_2024,0.0,0.9061973,0
img_06750_2024,0.0,0.030024638,0
img_06747_2024,0.0,0.09243812,0
img_06753_2024,0.0,0.042350788,0
img_06749_2024,0.0,0.023390615,0
img_06751_2024,0.0,0.41684553,0
img_06745_2024,0.0,0.013400596,0
img_06740_2024,0.0,0.36516982,0
img_06741_2024,0.0,0.050978582,0
img_06752_2024,0.0,0.023753775,0
img_06755_2024,0.0,0.03625318,0
img_06758_2024,0.0,0.12533939,0
img_06759_2024,0.0,0.079832,0
img_06754_2024,0.0,0.010830089,0
img_06766_2024,0.0,0.03141997,0
img_06743_2024,0.0,0.014705541,0
img_06760_2024,0.0,0.022901995,0
img_06765_2024,0.0,0.035716336,0
img_06767_2024,0.0,0.014812292,0
img_06761_2024,0.0,0.80606425,0
img_06768_2024,0.0,0.029166264,0
img_06762_2024,0.0,0.10622046,0
img_06764_2024,0.0,0.022270378,0
img_06769_2024,0.0,0.024432266,0
img_06763_2024,0.0,0.50802773,0
img_06771_2024,0.0,0.029031906,0
img_06757_2024,0.0,0.01644378,0
img_06770_2024,0.0,0.048135776,0
img_06756_2024,0.0,0.021833071,0
img_06724_p01_2024,0.0,0.18783745,0
img_06724_p02_2024,0.0,0.08611726,0
img_06776_2024,0.0,0.13576582,0
img_06773_2024,0.0,0.026809307,0
img_06772_2024,0.0,0.028437706,0
img_06774_2024,0.0,0.07559993,0
img_06777_2024,0.0,0.97735894,1
img_06780_2024,0.0,0.02411212,0
img_06779_2024,0.0,0.04189874,0
img_06775_2024,0.0,0.18030672,0
img_06782_2024,0.0,0.037707906,0
img_06787_2024,0.0,0.049612492,0
img_06786_2024,0.0,0.17338854,0
img_06785_2024,0.0,0.09023139,0
img_06778_2024,0.0,0.05299125,0
img_06783_2024,0.0,0.8793466,0
img_06791_2024,0.0,0.023077467,0
img_06792_2024,0.0,0.020846471,0
img_06784_2024,0.0,0.018559745,0
img_06789_2024,0.0,0.20951845,0
img_06788_2024,0.0,0.043893702,0
img_06795_2024,0.0,0.387307,0
img_06781_2024,0.0,0.022231588,0
img_06797_2024,0.0,0.02507617,0
img_06799_2024,0.0,0.022420472,0
img_06793_2024,0.0,0.056223366,0
img_06801_2024,0.0,0.04057087,0
img_06798_2024,0.0,0.013230327,0
img_06802_2024,0.0,0.33523414,0
img_06794_2024,0.0,0.015211341,0
img_06805_2024,0.0,0.07900424,0
img_06804_2024,0.0,0.12657413,0
img_06803_2024,0.0,0.029262926,0
img_06809_2024,0.0,0.020017473,0
img_06806_2024,0.0,0.2072743,0
img_06808_2024,0.0,0.02842925,0
img_06807_2024,0.0,0.014509143,0
img_06818_2024,0.0,0.02972401,0
img_06814_2024,0.0,0.14190878,0
img_06800_p01_2024,0.0,0.06322612,0
img_06800_p02_2024,0.0,0.01947282,0
img_06819_2024,0.0,0.034693196,0
img_06813_2024,0.0,0.28967705,0
img_06810_2024,0.0,0.017113673,0
img_06790_p01_2024,0.0,0.7931455,0
img_06790_p02_2024,0.0,0.09643868,0
img_06790_p03_2024,0.0,0.04870567,0
img_06815_2024,0.0,0.17810333,0
img_06820_2024,0.0,0.32963434,0
img_06812_2024,0.0,0.028561082,0
img_06816_2024,0.0,0.87567276,0
img_06822_2024,0.0,0.18777034,0
img_06817_2024,0.0,0.02929708,0
img_06825_2024,0.0,0.017540451,0
img_06826_2024,0.0,0.03454653,0
img_06824_2024,0.0,0.021576462,0
img_06823_2024,0.0,0.29679087,0
img_06651_p01_2024,0.0,0.028984819,0
img_06651_p02_2024,0.0,0.01928481,0
img_06651_p04_2024,0.0,0.02301958,0
img_06651_p05_2024,0.0,0.03026197,0
img_06651_p06_2024,0.0,0.013473377,0
img_06651_p07_2024,0.0,0.043378934,0
img_06651_p08_2024,0.0,0.09386338,0
img_06821_2024,0.0,0.06312794,0
img_06828_2024,0.0,0.029924909,0
img_06827_2024,0.0,0.052261796,0
img_06830_2024,0.0,0.05938302,0
img_06832_2024,0.0,0.055645216,0
img_06831_2024,0.0,0.346441,0
img_06829_2024,0.0,0.018460827,0
img_06833_2024,0.0,0.022035085,0
img_06836_2024,0.0,0.028292907,0
img_06838_2024,0.0,0.02740565,0
img_06839_2024,0.0,0.016555475,0
img_06843_2024,0.0,0.054270793,0
img_06841_2024,0.0,0.22026865,0
img_06796_p01_2024,0.0,0.018837584,0
img_06796_p02_2024,0.0,0.026575375,0
img_06845_2024,0.0,0.032531016,0
img_06834_2024,0.0,0.02312785,0
img_06849_2024,0.0,0.14406146,0
img_06844_2024,0.0,0.02720489,0
img_06846_2024,0.0,0.025497949,0
img_06842_2024,0.0,0.012636492,0
img_06847_2024,0.0,0.013761366,0
img_06848_2024,0.0,0.028334191,0
img_06851_2024,0.0,0.026586313,0
img_06850_2024,0.0,0.040786512,0
img_06853_2024,0.0,0.24478866,0
img_06837_2024,0.0,0.019575465,0
img_06852_2024,0.0,0.048354816,0
img_06858_2024,0.0,0.018422581,0
img_06840_p01_2024,0.0,0.032940403,0
img_06840_p02_2024,0.0,0.03487486,0
img_06859_2024,0.0,0.011044632,0
img_06863_2024,0.0,0.18927738,0
img_06862_2024,0.0,0.8431165,0
img_06860_2024,0.0,0.027168134,0
img_06856_2024,0.0,0.016378285,0
img_06854_2024,0.0,0.06882057,0
img_06864_2024,0.0,0.057321474,0
img_06861_2024,0.0,0.10312546,0
img_06865_2024,0.0,0.150846,0
img_06867_2024,0.0,0.08719682,0
img_06868_2024,0.0,0.020567633,0
img_06866_2024,0.0,0.021026257,0
img_06869_2024,0.0,0.160205,0
img_06870_2024,0.0,0.028355876,0
img_06877_2024,0.0,0.026496157,0
img_06875_2024,0.0,0.19286868,0
img_06872_2024,0.0,0.014847055,0
img_06876_2024,0.0,0.009825555,0
img_06873_2024,0.0,0.10356032,0
img_06878_2024,0.0,0.11696205,0
img_06874_2024,0.0,0.5279025,0
img_06879_2024,0.0,0.07635758,0
img_06882_2024,0.0,0.016053202,0
img_06881_2024,0.0,0.03562975,0
img_06880_2024,0.0,0.047538333,0
img_06884_2024,0.0,0.068824284,0
img_06871_2024,0.0,0.027465321,0
img_06883_2024,0.0,0.061451085,0
img_06887_2024,0.0,0.6071593,0
img_06886_2024,0.0,0.011790497,0
img_06885_2024,0.0,0.07256312,0
img_06889_2024,0.0,0.02864516,0
img_06893_2024,0.0,0.052789528,0
img_06891_2024,0.0,0.027136754,0
img_06896_2024,0.0,0.1471674,0
img_06895_2024,0.0,0.018203642,0
img_06897_2024,0.0,0.016071469,0
img_06669_p01_2024,0.0,0.023202721,0
img_06669_p02_2024,0.0,0.052829396,0
img_06669_p03_2024,0.0,0.01883736,0
img_06669_p04_2024,0.0,0.01565915,0
img_06669_p05_2024,0.0,0.014426942,0
img_06669_p06_2024,0.0,0.029917808,0
img_06669_p07_2024,0.0,0.014304339,0
img_06669_p08_2024,0.0,0.017570173,0
img_06669_p09_2024,0.0,0.025935551,0
img_06894_2024,0.0,0.015419644,0
img_06888_2024,0.0,0.96635425,1
img_06890_2024,0.0,0.035652958,0
img_06898_2024,0.0,0.020547735,0
img_06902_2024,0.0,0.024985738,0
img_06900_2024,0.0,0.041702934,0
img_06899_2024,0.0,0.017746195,0
img_06901_2024,0.0,0.019315727,0
img_06855_p01_2024,0.0,0.024243804,0
img_06855_p02_2024,0.0,0.025454724,0
img_06855_p03_2024,0.0,0.020237623,0
img_06855_p04_2024,0.0,0.015271021,0
img_06906_2024,0.0,0.018281892,0
img_06905_2024,0.0,0.041722145,0
img_06910_2024,0.0,0.0140869785,0
img_06911_2024,0.0,0.041681968,0
img_06904_2024,0.0,0.067389786,0
img_06909_2024,0.0,0.022662017,0
img_06907_2024,0.0,0.41022912,0
img_06903_2024,0.0,0.014894683,0
img_06915_2024,0.0,0.06737304,0
img_06914_2024,0.0,0.6453899,0
img_06908_2024,0.0,0.09166051,0
img_06835_p01_2024,0.0,0.04246242,0
img_06835_p02_2024,0.0,0.02346799,0
img_06835_p03_2024,0.0,0.046768762,0
img_06835_p04_2024,0.0,0.061472304,0
img_06917_2024,0.0,0.014668333,0
img_06912_2024,0.0,0.03275622,0
img_06913_2024,0.0,0.16337278,0
img_06916_2024,0.0,0.026580717,0
img_06919_2024,0.0,0.01945541,0
img_06892_p01_2024,0.0,0.03195881,0
img_06892_p02_2024,0.0,0.032252744,0
img_06918_2024,0.0,0.40265593,0
img_06924_2024,0.0,0.84287643,0
img_06922_2024,0.0,0.050909106,0
img_06929_2024,0.0,0.9379349,1
img_06928_2024,0.0,0.025743071,0
img_06925_2024,0.0,0.057471447,0
img_06933_2024,0.0,0.03339799,0
img_06923_2024,0.0,0.04049316,0
img_06927_2024,0.0,0.016914517,0
img_06930_2024,0.0,0.9056963,0
img_06932_2024,0.0,0.09443076,0
img_06934_2024,0.0,0.40838283,0
img_06931_2024,0.0,0.036478613,0
img_06921_2024,0.0,0.18347009,0
img_06936_2024,0.0,0.03713178,0
img_06935_2024,0.0,0.03073424,0
img_06926_2024,0.0,0.04189502,0
img_06938_2024,0.0,0.029256757,0
img_06937_2024,0.0,0.12810215,0
img_06940_2024,0.0,0.06535951,0
img_06941_2024,0.0,0.06666973,0
img_06943_2024,0.0,0.18610734,0
img_06939_2024,0.0,0.013463835,0
img_06942_2024,0.0,0.023053233,0
img_06944_2024,0.0,0.67064947,0
img_06946_2024,0.0,0.14897066,0
img_06949_2024,0.0,0.074176386,0
img_06945_2024,0.0,0.26919094,0
img_06947_2024,0.0,0.00885887,0
img_06951_2024,0.0,0.9380202,1
img_06952_2024,0.0,0.013247981,0
img_06948_2024,0.0,0.07952035,0
img_06953_2024,0.0,0.019756345,0
img_06955_2024,0.0,0.015067051,0
img_06954_2024,0.0,0.022879323,0
img_06956_2024,0.0,0.017095659,0
img_06957_2024,0.0,0.683667,0
img_06950_2024,0.0,0.02240021,0
img_06959_2024,0.0,0.0331157,0
img_06958_2024,0.0,0.0643716,0
img_06960_2024,0.0,0.012477932,0
img_06963_2024,0.0,0.36443886,0
img_06964_2024,0.0,0.059445895,0
img_06962_2024,0.0,0.031034734,0
img_06961_2024,0.0,0.07798091,0
img_06966_2024,0.0,0.2083212,0
img_06811_p01_2024,0.0,0.035989262,0
img_06811_p02_2024,0.0,0.09403993,0
img_06811_p03_2024,0.0,0.020419592,0
img_06811_p04_2024,0.0,0.04881357,0
img_06811_p05_2024,0.0,0.15105233,0
img_06811_p06_2024,0.0,0.021697931,0
img_06811_p07_2024,0.0,0.03304348,0
img_06811_p08_2024,0.0,0.015953865,0
img_06965_2024,0.0,0.013636078,0
img_06967_2024,0.0,0.2837704,0
img_06971_2024,0.0,0.6230194,0
img_06972_2024,0.0,0.23360471,0
img_06970_2024,0.0,0.04258758,0
img_06974_2024,0.0,0.103264876,0
img_06969_2024,0.0,0.013468123,0
img_06968_2024,0.0,0.02770286,0
img_06975_2024,0.0,0.031012341,0
img_06976_2024,0.0,0.015960874,0
img_06977_2024,0.0,0.014547231,0
img_06979_2024,0.0,0.1496653,0
img_06981_2024,0.0,0.08394797,0
img_06980_2024,0.0,0.017750869,0
img_06984_2024,0.0,0.030426448,0
img_06978_2024,0.0,0.05664789,0
img_06985_2024,0.0,0.013421011,0
img_06986_2024,0.0,0.050363157,0
img_06989_2024,0.0,0.07811009,0
img_06983_2024,0.0,0.11858124,0
img_06988_2024,0.0,0.030728875,0
img_06982_2024,0.0,0.038040493,0
img_06987_2024,0.0,0.070508376,0
img_06990_2024,0.0,0.048562407,0
img_06992_2024,0.0,0.017001742,0
img_06994_2024,0.0,0.05895077,0
img_06996_2024,0.0,0.78059363,0
img_06999_2024,0.0,0.12693954,0
img_06997_2024,0.0,0.75706255,0
img_07001_2024,0.0,0.1027829,0
img_07000_2024,0.0,0.03359601,0
img_07006_2024,0.0,0.70779735,0
img_07004_2024,0.0,0.034621872,0
img_06995_2024,0.0,0.015246545,0
img_06991_2024,0.0,0.030908674,0
img_06993_2024,0.0,0.027117064,0
img_07005_2024,0.0,0.036525898,0
img_06998_2024,0.0,0.0852196,0
img_07003_2024,0.0,0.08751117,0
img_07002_2024,0.0,0.0542049,0
img_07011_2024,0.0,0.028243238,0
img_07015_2024,0.0,0.03802959,0
img_07016_2024,0.0,0.060952332,0
img_07013_2024,0.0,0.030870702,0
img_07007_2024,0.0,0.053263925,0
img_07009_2024,0.0,0.02461546,0
img_07018_2024,0.0,0.11281542,0
img_07020_2024,0.0,0.02645873,0
img_07010_2024,0.0,0.036313187,0
img_07012_2024,0.0,0.014283143,0
img_07021_2024,0.0,0.023803337,0
img_07014_2024,0.0,0.050523844,0
img_07008_2024,0.0,0.020046795,0
img_07023_2024,0.0,0.8842629,0
img_07017_2024,0.0,0.074819624,0
img_07026_2024,0.0,0.02852525,0
img_07025_2024,0.0,0.011402649,0
img_07022_2024,0.0,0.055329166,0
img_07027_2024,0.0,0.47190002,0
img_07033_2024,0.0,0.016149782,0
img_07029_2024,0.0,0.02105166,0
img_07032_2024,0.0,0.033104554,0
img_07030_2024,0.0,0.044621605,0
img_07024_2024,0.0,0.093973756,0
img_07031_2024,0.0,0.033485875,0
img_07037_2024,0.0,0.3933763,0
img_07028_2024,0.0,0.30086747,0
img_07035_2024,0.0,0.17418961,0
img_07034_2024,0.0,0.07819864,0
img_07039_2024,0.0,0.17621332,0
img_07036_2024,0.0,0.041204825,0
img_07038_2024,0.0,0.019962791,0
img_07042_2024,0.0,0.020978073,0
img_07043_2024,0.0,0.04121412,0
img_07045_2024,0.0,0.024431393,0
img_07044_2024,0.0,0.016768625,0
img_07048_2024,0.0,0.030449769,0
img_07051_2024,0.0,0.011161442,0
img_07049_2024,0.0,0.40458214,0
img_07050_2024,0.0,0.833729,0
img_07046_2024,0.0,0.072547175,0
img_07047_2024,0.0,0.32720643,0
img_07054_2024,0.0,0.09261717,0
img_07040_2024,0.0,0.09278611,0
img_07052_2024,0.0,0.06497929,0
img_07055_2024,0.0,0.015500751,0
img_07057_2024,0.0,0.03740049,0
img_07060_2024,0.0,0.108474486,0
img_07058_2024,0.0,0.029944694,0
img_07053_2024,0.0,0.075125314,0
img_07041_2024,0.0,0.028026614,0
img_07064_2024,0.0,0.02677106,0
img_07065_2024,0.0,0.29560527,0
img_07059_2024,0.0,0.020400152,0
img_07061_2024,0.0,0.070489146,0
img_07056_2024,0.0,0.0130950855,0
img_07062_2024,0.0,0.03744505,0
img_07069_2024,0.0,0.015708705,0
img_07072_2024,0.0,0.07242634,0
img_07073_2024,0.0,0.25457987,0
img_07068_2024,0.0,0.02929982,0
img_07070_2024,0.0,0.027815178,0
img_07071_2024,0.0,0.016408889,0
img_07067_2024,0.0,0.02188386,0
img_07076_2024,0.0,0.050347272,0
img_07078_2024,0.0,0.031544585,0
img_07079_2024,0.0,0.084853955,0
img_07077_2024,0.0,0.03450553,0
img_07085_2024,0.0,0.044940084,0
img_07075_2024,0.0,0.030427035,0
img_07074_2024,0.0,0.2863754,0
img_07081_2024,0.0,0.022202931,0
img_07083_2024,0.0,0.03645791,0
img_06857_p01_2024,0.0,0.022832766,0
img_06857_p02_2024,0.0,0.024863321,0
img_06857_p03_2024,0.0,0.016714802,0
img_06857_p04_2024,0.0,0.014082562,0
img_06857_p05_2024,0.0,0.018142376,0
img_06857_p07_2024,0.0,0.017549511,0
img_06857_p08_2024,0.0,0.060352143,0
img_06857_p09_2024,0.0,0.090905875,0
img_06857_p10_2024,0.0,0.0363576,0
img_06857_p11_2024,0.0,0.01891448,0
img_07088_2024,0.0,0.03185199,0
img_07089_2024,0.0,0.55578905,0
img_07080_2024,0.0,0.2200269,0
img_07086_2024,0.0,0.37962922,0
img_07063_2024,0.0,0.05220171,0
img_07084_2024,0.0,0.5287192,0
img_07090_2024,0.0,0.042035535,0
img_07087_2024,0.0,0.064029515,0
img_06973_p01_2024,0.0,0.032578215,0
img_06973_p02_2024,0.0,0.035723154,0
img_06973_p03_2024,0.0,0.021841627,0
img_06973_p04_2024,0.0,0.052104175,0
img_06973_p05_2024,0.0,0.015633747,0
img_07093_2024,0.0,0.030692454,0
img_07095_2024,0.0,0.23349087,0
img_07097_2024,0.0,0.036951013,0
img_07092_2024,0.0,0.012448909,0
img_07101_2024,0.0,0.036590945,0
img_07082_2024,0.0,0.013029005,0
img_07102_2024,0.0,0.06344207,0
img_07096_2024,0.0,0.10581105,0
img_07019_p01_2024,0.0,0.026718006,0
img_07019_p02_2024,0.0,0.031649616,0
img_07019_p03_2024,0.0,0.10764642,0
img_07019_p04_2024,0.0,0.041107107,0
img_07091_2024,0.0,0.02376483,0
img_07100_2024,0.0,0.019002115,0
img_07066_p01_2024,0.0,0.105101034,0
img_07066_p02_2024,0.0,0.028295886,0
img_07105_2024,0.0,0.020157019,0
img_07108_2024,0.0,0.0201881,0
img_07103_2024,0.0,0.0118383905,0
img_07104_2024,0.0,0.08549957,0
img_07099_2024,0.0,0.011818399,0
img_07098_2024,0.0,0.01730166,0
img_07107_2024,0.0,0.031585764,0
img_07094_2024,0.0,0.07240909,0
img_07106_2024,0.0,0.011974208,0
img_07112_2024,0.0,0.56903297,0
img_07113_2024,0.0,0.03064866,0
img_07109_2024,0.0,0.033813573,0
img_07111_2024,0.0,0.015960941,0
img_07114_2024,0.0,0.018889543,0
img_07115_2024,0.0,0.14859317,0
img_07118_2024,0.0,0.3315287,0
img_07120_2024,0.0,0.028929273,0
img_07110_2024,0.0,0.12765926,0
img_07121_2024,0.0,0.09194152,0
img_07116_2024,0.0,0.048520345,0
img_07119_2024,0.0,0.061026264,0
img_07124_2024,0.0,0.06952769,0
img_07117_2024,0.0,0.03391099,0
img_07126_2024,0.0,0.039186496,0
img_07127_2024,0.0,0.030965619,0
img_07132_2024,0.0,0.06264869,0
img_07125_2024,0.0,0.57386535,0
img_07129_2024,0.0,0.059083425,0
img_07128_2024,0.0,0.015554692,0
img_07134_2024,0.0,0.030708224,0
img_07130_2024,0.0,0.041639276,0
img_07122_2024,0.0,0.06243989,0
img_07139_2024,0.0,0.45247227,0
img_07131_2024,0.0,0.031609394,0
img_07135_2024,0.0,0.15880038,0
img_07136_2024,0.0,0.087701924,0
img_07137_2024,0.0,0.061917394,0
img_07141_2024,0.0,0.016230175,0
img_07140_2024,0.0,0.79700685,0
img_07142_2024,0.0,0.024417717,0
img_07143_2024,0.0,0.60691243,0
img_07144_2024,0.0,0.033772316,0
img_07147_2024,0.0,0.037797563,0
img_07138_2024,0.0,0.015499593,0
img_07148_2024,0.0,0.025656179,0
img_07146_2024,0.0,0.13947915,0
img_07150_2024,0.0,0.046724185,0
img_07145_2024,0.0,0.036850523,0
img_07151_2024,0.0,0.044282917,0
img_07149_2024,0.0,0.045200568,0
img_07152_2024,0.0,0.021765541,0
img_07153_2024,0.0,0.47237962,0
img_07156_2024,0.0,0.02873847,0
img_07160_2024,0.0,0.15996356,0
img_07155_2024,0.0,0.018435057,0
img_07157_2024,0.0,0.034539834,0
img_07159_2024,0.0,0.017620288,0
img_07154_2024,0.0,0.037232343,0
img_07158_2024,0.0,0.053097423,0
img_07161_2024,0.0,0.086753055,0
img_07162_2024,0.0,0.051086504,0
img_07163_2024,0.0,0.011299314,0
img_07167_2024,0.0,0.02527235,0
img_07166_2024,0.0,0.10702336,0
img_07165_2024,0.0,0.09569382,0
img_07168_2024,0.0,0.037439942,0
img_07169_2024,0.0,0.021359377,0
img_07164_2024,0.0,0.057852034,0
img_07173_2024,0.0,0.51840144,0
img_07170_2024,0.0,0.047308523,0
img_07171_2024,0.0,0.03354303,0
img_07175_2024,0.0,0.06374416,0
img_07172_2024,0.0,0.18426012,0
img_07180_2024,0.0,0.19148234,0
img_07178_2024,0.0,0.089733005,0
img_07176_2024,0.0,0.020929936,0
img_07179_2024,0.0,0.84690875,0
img_07174_2024,0.0,0.024514843,0
img_07183_2024,0.0,0.058120668,0
img_07182_2024,0.0,0.053028505,0
img_07177_2024,0.0,0.015832547,0
img_07185_2024,0.0,0.017379858,0
img_07187_2024,0.0,0.021347724,0
img_07181_2024,0.0,0.060723454,0
img_07190_2024,0.0,0.020775596,0
img_07184_2024,0.0,0.01720535,0
img_07189_2024,0.0,0.01746976,0
img_07188_2024,0.0,0.3582932,0
img_07193_2024,0.0,0.023664031,0
img_07123_p01_2024,0.0,0.010991716,0
img_07123_p02_2024,0.0,0.01519029,0
img_07123_p03_2024,0.0,0.016605882,0
img_07123_p04_2024,0.0,0.017072894,0
img_07186_2024,0.0,0.15523107,0
img_07196_2024,0.0,0.19732408,0
img_07195_2024,0.0,0.03758158,0
img_07199_2024,0.0,0.246168,0
img_07198_2024,0.0,0.06946379,0
img_07202_2024,0.0,0.024997711,0
img_07197_2024,0.0,0.03355062,0
img_07204_2024,0.0,0.8662608,0
img_07200_2024,0.0,0.036677267,0
img_07201_2024,0.0,0.1878922,0
img_07192_2024,0.0,0.06544793,0
img_07194_2024,0.0,0.6726949,0
img_07206_2024,0.0,0.50996923,0
img_07203_2024,0.0,0.017934151,0
img_07205_2024,0.0,0.0555037,0
img_07133_p01_2024,0.0,0.0754264,0
img_07133_p02_2024,0.0,0.023651596,0
img_07133_p03_2024,0.0,0.018408302,0
img_07133_p04_2024,0.0,0.011952248,0
img_07212_2024,0.0,0.02160382,0
img_07207_2024,0.0,0.080135554,0
img_07210_2024,0.0,0.07457886,0
img_07209_2024,0.0,0.038833544,0
img_07208_2024,0.0,0.012883842,0
img_07214_2024,0.0,0.04750252,0
img_07221_2024,0.0,0.048911884,0
img_07218_2024,0.0,0.19562596,0
img_07220_2024,0.0,0.03232211,0
img_07224_2024,0.0,0.11676355,0
img_07216_2024,0.0,0.08634712,0
img_07219_2024,0.0,0.014027954,0
img_07215_2024,0.0,0.94516355,1
img_07229_2024,0.0,0.02487611,0
img_07222_2024,0.0,0.17854321,0
img_07231_2024,0.0,0.061620105,0
img_07211_2024,0.0,0.011176672,0
img_07225_2024,0.0,0.027092243,0
img_07191_p01_2024,0.0,0.068282165,0
img_07191_p02_2024,0.0,0.021881536,0
img_07228_2024,0.0,0.954898,1
img_07217_2024,0.0,0.026387332,0
img_07232_2024,0.0,0.015988436,0
img_07227_2024,0.0,0.28611457,0
img_07226_2024,0.0,0.037824593,0
img_07230_2024,0.0,0.041961003,0
img_07233_2024,0.0,0.09082369,0
img_07236_2024,0.0,0.03569917,0
img_07234_2024,0.0,0.030135138,0
img_07223_2024,0.0,0.09926717,0
img_07239_2024,0.0,0.014765839,0
img_07235_2024,0.0,0.4151783,0
img_07241_2024,0.0,0.22492161,0
img_07243_2024,0.0,0.03483135,0
img_07238_2024,0.0,0.032846067,0
img_07237_2024,0.0,0.35431683,0
img_07245_2024,0.0,0.12242837,0
img_07242_2024,0.0,0.5003856,0
img_07249_2024,0.0,0.38071504,0
img_07248_2024,0.0,0.013833693,0
img_07240_2024,0.0,0.023235794,0
img_07247_2024,0.0,0.13134328,0
img_07255_2024,0.0,0.02491231,0
img_07256_2024,0.0,0.07594964,0
img_07250_2024,0.0,0.026987705,0
img_07259_2024,0.0,0.4408117,0
img_07251_2024,0.0,0.864495,0
img_07253_2024,0.0,0.197437,0
img_07246_2024,0.0,0.027067112,0
img_07258_2024,0.0,0.048765007,0
img_07244_2024,0.0,0.01906544,0
img_07213_p01_2024,0.0,0.025569733,0
img_07213_p02_2024,0.0,0.022016421,0
img_07261_2024,0.0,0.015380268,0
img_07252_2024,0.0,0.5746545,0
img_07260_2024,0.0,0.908087,0
img_07264_2024,0.0,0.0842596,0
img_07257_2024,0.0,0.15086545,0
img_07254_2024,0.0,0.24440564,0
img_07265_2024,0.0,0.15497357,0
img_07266_2024,0.0,0.11726847,0
img_07270_2024,0.0,0.024962155,0
img_07268_2024,0.0,0.017828688,0
img_07267_2024,0.0,0.034895577,0
img_07272_2024,0.0,0.5615958,0
img_07269_2024,0.0,0.029208867,0
img_07281_2024,0.0,0.025655786,0
img_07279_2024,0.0,0.03710844,0
img_07280_2024,0.0,0.031175982,0
img_07273_2024,0.0,0.07485716,0
img_07275_2024,0.0,0.103328116,0
img_07262_p01_2024,0.0,0.020548115,0
img_07262_p02_2024,0.0,0.019307576,0
img_07274_2024,0.0,0.019162899,0
img_07277_2024,0.0,0.0121936165,0
img_07276_2024,0.0,0.035819393,0
img_07278_2024,0.0,0.018105362,0
img_07282_2024,0.0,0.038375333,0
img_07284_2024,0.0,0.1154295,0
img_07283_2024,0.0,0.07102939,0
img_07288_2024,0.0,0.06320634,0
img_07271_2024,0.0,0.037597973,0
img_07289_2024,0.0,0.039846648,0
img_07290_2024,0.0,0.040665653,0
img_07285_2024,0.0,0.58407754,0
img_07286_2024,0.0,0.05920003,0
img_07263_p01_2024,0.0,0.014249372,0
img_07263_p02_2024,0.0,0.021148277,0
img_07293_2024,0.0,0.017983615,0
img_07292_2024,0.0,0.020974843,0
img_07297_2024,0.0,0.01928273,0
img_07291_2024,0.0,0.12979084,0
img_07294_2024,0.0,0.6335992,0
img_07295_2024,0.0,0.98303324,1
img_07287_2024,0.0,0.020239849,0
img_07298_2024,0.0,0.45444527,0
img_07303_2024,0.0,0.10798224,0
img_07304_2024,0.0,0.010463797,0
img_07300_2024,0.0,0.4861721,0
img_07301_2024,0.0,0.08048906,0
img_07299_2024,0.0,0.2566,0
img_07311_2024,0.0,0.020957714,0
img_07312_2024,0.0,0.15176624,0
img_07310_2024,0.0,0.1409543,0
img_07296_2024,0.0,0.043881524,0
img_07302_2024,0.0,0.06068888,0
img_07313_2024,0.0,0.49737257,0
img_07307_2024,0.0,0.042104214,0
img_07315_2024,0.0,0.02479413,0
img_07306_2024,0.0,0.019841263,0
img_07316_2024,0.0,0.04732491,0
img_07308_2024,0.0,0.6151687,0
img_07317_2024,0.0,0.021163503,0
img_07314_2024,0.0,0.04194183,0
img_07323_2024,0.0,0.014217386,0
img_07309_2024,0.0,0.01635944,0
img_07322_2024,0.0,0.032373723,0
img_07325_2024,0.0,0.024744561,0
img_07329_2024,0.0,0.2479366,0
img_07326_2024,0.0,0.87771755,0
img_07330_2024,0.0,0.028786525,0
img_07331_2024,0.0,0.04975912,0
img_07327_2024,0.0,0.41263962,0
img_07324_2024,0.0,0.46881405,0
img_07305_2024,0.0,0.6987503,0
img_07319_2024,0.0,0.95754224,1
img_07318_2024,0.0,0.037214953,0
img_07333_2024,0.0,0.02767142,0
img_07320_2024,0.0,0.510112,0
img_07321_2024,0.0,0.0345747,0
img_07332_2024,0.0,0.017908461,0
img_07337_2024,0.0,0.07074399,0
img_07334_2024,0.0,0.031847525,0
img_07328_2024,0.0,0.20972642,0
img_07336_2024,0.0,0.7898947,0
img_07339_2024,0.0,0.022461513,0
img_07340_2024,0.0,0.17264467,0
img_07347_2024,0.0,0.035782464,0
img_07342_2024,0.0,0.026859924,0
img_07345_2024,0.0,0.022103164,0
img_07338_2024,0.0,0.018102942,0
img_07343_2024,0.0,0.044001568,0
img_07350_2024,0.0,0.04830741,0
img_07349_2024,0.0,0.19043584,0
img_07346_2024,0.0,0.027564986,0
img_07351_2024,0.0,0.018144542,0
img_07344_2024,0.0,0.04279446,0
img_07348_2024,0.0,0.15779595,0
img_07352_2024,0.0,0.03322111,0
img_07341_2024,0.0,0.19079237,0
img_07356_2024,0.0,0.03161271,0
img_07354_2024,0.0,0.03197698,0
img_07353_2024,0.0,0.030664973,0
img_07359_2024,0.0,0.027182544,0
img_07358_2024,0.0,0.028939797,0
img_07361_2024,0.0,0.61563057,0
img_07365_2024,0.0,0.35928646,0
img_07367_2024,0.0,0.03396107,0
img_07369_2024,0.0,0.34930408,0
img_07363_2024,0.0,0.27481517,0
img_07368_2024,0.0,0.03912287,0
img_07364_2024,0.0,0.08407837,0
img_07360_2024,0.0,0.020897178,0
img_07370_2024,0.0,0.9702349,1
img_07371_2024,0.0,0.2957748,0
img_07372_2024,0.0,0.20304897,0
img_07375_2024,0.0,0.6138342,0
img_07377_2024,0.0,0.2788006,0
img_07376_2024,0.0,0.33149967,0
img_07381_2024,0.0,0.14508533,0
img_07378_2024,0.0,0.06410825,0
img_07384_2024,0.0,0.01904992,0
img_07383_2024,0.0,0.042582884,0
img_07385_2024,0.0,0.031250842,0
img_07357_p01_2024,0.0,0.026336191,0
img_07357_p02_2024,0.0,0.025165765,0
img_07389_2024,0.0,0.8154262,0
img_07388_2024,0.0,0.039049286,0
img_07387_2024,0.0,0.9369912,1
img_07386_2024,0.0,0.017047083,0
img_07380_2024,0.0,0.016181193,0
img_07393_2024,0.0,0.13076895,0
img_07394_2024,0.0,0.4370385,0
img_07379_p01_2024,0.0,0.029680498,0
img_07379_p02_2024,0.0,0.22680442,0
img_07391_2024,0.0,0.034205157,0
img_07382_2024,0.0,0.04589053,0
img_07395_2024,0.0,0.038367637,0
img_07366_p01_2024,0.0,0.01093575,0
img_07366_p02_2024,0.0,0.014605449,0
img_07392_2024,0.0,0.7030667,0
img_07373_p01_2024,0.0,0.01742894,0
img_07373_p02_2024,0.0,0.010218392,0
img_07362_p01_2024,0.0,0.048794374,0
img_07362_p02_2024,0.0,0.54414403,0
img_07396_2024,0.0,0.031368807,0
img_07400_2024,0.0,0.016915983,0
img_07401_2024,0.0,0.633875,0
img_07399_2024,0.0,0.06674077,0
img_07403_2024,0.0,0.09333333,0
img_07402_2024,0.0,0.19757974,0
img_07406_2024,0.0,0.41984755,0
img_07405_2024,0.0,0.038139638,0
img_07408_2024,0.0,0.052438732,0
img_07390_p01_2024,0.0,0.034217086,0
img_07390_p02_2024,0.0,0.044615082,0
img_07409_2024,0.0,0.032691896,0
img_07407_2024,0.0,0.01640824,0
img_07412_2024,0.0,0.67492604,0
img_07355_p01_2024,0.0,0.14866723,0
img_07355_p02_2024,0.0,0.04275219,0
img_07355_p03_2024,0.0,0.042634286,0
img_07355_p04_2024,0.0,0.03742574,0
img_07410_2024,0.0,0.76404977,0
img_07411_2024,0.0,0.30284655,0
img_07418_2024,0.0,0.4974531,0
img_07417_2024,0.0,0.18493152,0
img_07419_2024,0.0,0.50881404,0
img_07420_2024,0.0,0.018160405,0
img_07422_2024,0.0,0.6205511,0
img_07423_2024,0.0,0.08927833,0
img_07421_2024,0.0,0.025502285,0
img_07424_2024,0.0,0.037940957,0
img_07426_2024,0.0,0.06442754,0
img_07425_2024,0.0,0.04295414,0
img_07428_2024,0.0,0.031936064,0
img_07431_2024,0.0,0.21774474,0
img_07430_2024,0.0,0.12561561,0
img_07429_2024,0.0,0.027278898,0
img_07434_2024,0.0,0.035321917,0
img_07435_2024,0.0,0.023949733,0
img_07436_2024,0.0,0.41741812,0
img_07439_2024,0.0,0.1265453,0
img_07413_p01_2024,0.0,0.01607484,0
img_07413_p02_2024,0.0,0.015605337,0
img_07440_2024,0.0,0.28368908,0
img_07438_2024,0.0,0.1194011,0
img_07441_2024,0.0,0.23826227,0
img_07437_2024,0.0,0.033499915,0
img_07442_2024,0.0,0.2186877,0
img_07427_p01_2024,0.0,0.105142705,0
img_07427_p02_2024,0.0,0.13605897,0
img_07397_p01_2024,0.0,0.027371062,0
img_07397_p02_2024,0.0,0.032357566,0
img_07397_p03_2024,0.0,0.03970211,0
img_07397_p04_2024,0.0,0.027851071,0
img_07444_2024,0.0,0.22220404,0
img_07404_p01_2024,0.0,0.046119288,0
img_07404_p03_2024,0.0,0.029309923,0
img_07404_p04_2024,0.0,0.17268609,0
img_07448_2024,0.0,0.36903122,0
img_07450_2024,0.0,0.27169275,0
img_07433_p01_2024,0.0,0.19771102,0
img_07433_p02_2024,0.0,0.0633955,0
img_07447_2024,0.0,0.77735454,0
img_07446_2024,0.0,0.0475927,0
img_07445_2024,0.0,0.017509345,0
img_07451_2024,0.0,0.07761759,0
img_07452_2024,0.0,0.04189328,0
img_07398_p01_2024,0.0,0.038578343,0
img_07398_p02_2024,0.0,0.18021731,0
img_07398_p03_2024,0.0,0.020620512,0
img_07398_p04_2024,0.0,0.050539263,0
img_07454_2024,0.0,0.08947131,0
img_07456_2024,0.0,0.047584545,0
img_07455_2024,0.0,0.024026148,0
img_07416_p01_2024,0.0,0.038616348,0
img_07416_p02_2024,0.0,0.036216184,0
img_07416_p03_2024,0.0,0.023197524,0
img_07416_p04_2024,0.0,0.11801853,0
img_07457_2024,0.0,0.25727156,0
img_07459_2024,0.0,0.21638644,0
img_07463_2024,0.0,0.012019887,0
img_07458_2024,0.0,0.5724751,0
img_07415_p01_2024,0.0,0.067098856,0
img_07415_p02_2024,0.0,0.04586326,0
img_07415_p03_2024,0.0,0.14677705,0
img_07415_p04_2024,0.0,0.10703096,0
img_07464_2024,0.0,0.34624404,0
img_07461_2024,0.0,0.259595,0
img_07443_p01_2024,0.0,0.035038922,0
img_07443_p02_2024,0.0,0.12809652,0
img_07467_2024,0.0,0.024305785,0
img_07468_2024,0.0,0.24594568,0
img_07466_2024,0.0,0.012242867,0
img_07465_2024,0.0,0.018285139,0
img_07462_2024,0.0,0.4368194,0
img_07470_2024,0.0,0.2783814,0
img_07453_p01_2024,0.0,0.021578602,0
img_07453_p02_2024,0.0,0.01495453,0
img_07449_p01_2024,0.0,0.08186696,0
img_07449_p02_2024,0.0,0.29876855,0
img_07476_2024,0.0,0.10295725,0
img_07460_2024,0.0,0.046290237,0
img_07473_2024,0.0,0.042410355,0
img_07479_2024,0.0,0.020896485,0
img_07472_2024,0.0,0.057932165,0
img_07475_2024,0.0,0.42611158,0
img_07471_2024,0.0,0.11192062,0
img_07481_2024,0.0,0.017803272,0
img_07474_2024,0.0,0.105306715,0
img_07477_2024,0.0,0.09183526,0
img_07483_2024,0.0,0.15823856,0
img_07487_2024,0.0,0.6455152,0
img_07484_2024,0.0,0.33170092,0
img_07486_2024,0.0,0.07324646,0
img_07485_2024,0.0,0.04431614,0
img_07489_2024,0.0,0.016743565,0
img_07469_p01_2024,0.0,0.02601946,0
img_07469_p02_2024,0.0,0.034390062,0
img_07480_2024,0.0,0.8939862,0
img_07490_2024,0.0,0.60141575,0
img_07493_2024,0.0,0.068883196,0
img_07491_2024,0.0,0.033831406,0
img_07497_2024,0.0,0.18323375,0
img_07492_2024,0.0,0.019103631,0
img_07495_2024,0.0,0.014530341,0
img_07499_2024,0.0,0.5458156,0
img_07502_2024,0.0,0.2114233,0
img_07500_2024,0.0,0.032538272,0
img_07503_2024,0.0,0.030285949,0
img_07498_2024,0.0,0.0536778,0
img_07496_2024,0.0,0.47185034,0
img_07504_2024,0.0,0.36096367,0
img_07505_2024,0.0,0.2711185,0
img_07501_2024,0.0,0.38676357,0
img_07506_2024,0.0,0.10790725,0
img_07482_p01_2024,0.0,0.047900822,0
img_07482_p02_2024,0.0,0.04538992,0
img_07507_2024,0.0,0.07043611,0
img_07508_2024,0.0,0.07536597,0
img_07512_2024,0.0,0.013306097,0
img_07513_2024,0.0,0.9436618,1
img_07511_2024,0.0,0.38224512,0
img_07514_2024,0.0,0.04098706,0
img_07516_2024,0.0,0.058731973,0
img_07510_2024,0.0,0.2064708,0
img_07519_2024,0.0,0.13000666,0
img_07494_p01_2024,0.0,0.014214726,0
img_07494_p02_2024,0.0,0.014082186,0
img_07518_2024,0.0,0.21158633,0
img_07521_2024,0.0,0.071477756,0
img_07523_2024,0.0,0.43528736,0
img_07526_2024,0.0,0.10510276,0
img_07520_2024,0.0,0.60760635,0
img_07527_2024,0.0,0.15753305,0
img_07524_2024,0.0,0.41211,0
img_07432_p01_2024,0.0,0.03568491,0
img_07432_p02_2024,0.0,0.04447426,0
img_07432_p03_2024,0.0,0.052180156,0
img_07432_p04_2024,0.0,0.048160635,0
img_07432_p05_2024,0.0,0.035262622,0
img_07432_p06_2024,0.0,0.04764911,0
img_07488_p01_2024,0.0,0.07616379,0
img_07488_p02_2024,0.0,0.06318203,0
img_07488_p03_2024,0.0,0.038920168,0
img_07488_p04_2024,0.0,0.13871051,0
img_07531_2024,0.0,0.3558657,0
img_07530_2024,0.0,0.29346484,0
img_07478_p01_2024,0.0,0.23982543,0
img_07478_p02_2024,0.0,0.53997326,0
img_07478_p03_2024,0.0,0.088616356,0
img_07478_p04_2024,0.0,0.013473079,0
img_07517_p01_2024,0.0,0.037351903,0
img_07517_p02_2024,0.0,0.03652587,0
img_07532_2024,0.0,0.24267869,0
img_07529_2024,0.0,0.05878157,0
img_07534_2024,0.0,0.03910068,0
img_07528_2024,0.0,0.04194857,0
img_07536_2024,0.0,0.84713,0
img_07522_p01_2024,0.0,0.012143938,0
img_07522_p02_2024,0.0,0.021130128,0
img_07539_2024,0.0,0.37960514,0
img_07543_2024,0.0,0.63561046,0
img_07541_2024,0.0,0.26037875,0
img_07540_2024,0.0,0.6185192,0
img_07545_2024,0.0,0.3533896,0
img_07546_2024,0.0,0.031718653,0
img_07542_2024,0.0,0.020101588,0
img_07537_2024,0.0,0.5242602,0
img_07538_2024,0.0,0.016753169,0
img_07544_2024,0.0,0.17102924,0
img_07547_2024,0.0,0.28299177,0
img_07548_2024,0.0,0.14057967,0
img_07550_2024,0.0,0.03605871,0
img_07553_2024,0.0,0.026539465,0
img_07554_2024,0.0,0.32574147,0
img_07556_2024,0.0,0.158885,0
img_07535_p01_2024,0.0,0.186891,0
img_07535_p02_2024,0.0,0.058663897,0
img_07557_2024,0.0,0.012850234,0
img_07552_2024,0.0,0.16341028,0
img_07509_p01_2024,0.0,0.018813364,0
img_07509_p02_2024,0.0,0.033848714,0
img_07509_p03_2024,0.0,0.052477594,0
img_07509_p04_2024,0.0,0.016436817,0
img_07555_2024,0.0,0.013302527,0
img_07515_p01_2024,0.0,0.054498777,0
img_07515_p02_2024,0.0,0.028689489,0
img_07515_p03_2024,0.0,0.028459761,0
img_07515_p04_2024,0.0,0.018212112,0
img_07564_2024,0.0,0.056541853,0
img_07562_2024,0.0,0.61661583,0
img_07565_2024,0.0,0.101061724,0
img_07567_2024,0.0,0.031283133,0
img_07525_p01_2024,0.0,0.05553826,0
img_07525_p02_2024,0.0,0.19911163,0
img_07525_p03_2024,0.0,0.018734438,0
img_07525_p04_2024,0.0,0.035705615,0
img_07568_2024,0.0,0.10964193,0
img_07563_2024,0.0,0.016576411,0
img_07560_2024,0.0,0.10737816,0
img_07569_2024,0.0,0.32356963,0
img_07572_2024,0.0,0.08852319,0
img_07578_2024,0.0,0.2831783,0
img_07561_p01_2024,0.0,0.017066022,0
img_07561_p02_2024,0.0,0.01248027,0
img_07575_2024,0.0,0.25477678,0
img_07571_2024,0.0,0.034488607,0
img_07579_2024,0.0,0.024044426,0
img_07566_p01_2024,0.0,0.038326386,0
img_07566_p02_2024,0.0,0.019369973,0
img_07335_p02_2024,0.0,0.045251403,0
img_07335_p03_2024,0.0,0.045079365,0
img_07335_p04_2024,0.0,0.017296845,0
img_07335_p05_2024,0.0,0.015519311,0
img_07335_p06_2024,0.0,0.016721856,0
img_07335_p07_2024,0.0,0.020447675,0
img_07335_p08_2024,0.0,0.01951335,0
img_07335_p09_2024,0.0,0.017442273,0
img_07335_p10_2024,0.0,0.019155497,0
img_07335_p11_2024,0.0,0.014707013,0
img_07335_p12_2024,0.0,0.014948146,0
img_07335_p13_2024,0.0,0.02100588,0
img_07335_p14_2024,0.0,0.06434073,0
img_07335_p15_2024,0.0,0.04853034,0
img_07573_2024,0.0,0.023484295,0
img_07580_2024,0.0,0.017205825,0
img_07549_p01_2024,0.0,0.0651186,0
img_07549_p02_2024,0.0,0.034344826,0
img_07549_p03_2024,0.0,0.24088115,0
img_07549_p04_2024,0.0,0.13561,0
img_07576_2024,0.0,0.07813835,0
img_07570_p01_2024,0.0,0.33144894,0
img_07570_p02_2024,0.0,0.35882476,0
img_07582_2024,0.0,0.89620376,0
img_07583_2024,0.0,0.16528447,0
img_07586_2024,0.0,0.12762348,0
img_07584_2024,0.0,0.015267106,0
img_07585_2024,0.0,0.11218868,0
img_07581_2024,0.0,0.053395025,0
img_07590_2024,0.0,0.012214293,0
img_07589_2024,0.0,0.01233445,0
img_07591_2024,0.0,0.69422686,0
img_07558_p01_2024,0.0,0.31431538,0
img_07558_p02_2024,0.0,0.11151798,0
img_07558_p03_2024,0.0,0.3446186,0
img_07558_p04_2024,0.0,0.5158166,0
img_07588_2024,0.0,0.04125335,0
img_07592_2024,0.0,0.03790472,0
img_07596_2024,0.0,0.0144787375,0
img_07587_2024,0.0,0.020223118,0
img_07599_2024,0.0,0.027472826,0
img_07597_2024,0.0,0.0141199585,0
img_07594_2024,0.0,0.03537569,0
img_07593_2024,0.0,0.44039497,0
img_07595_2024,0.0,0.039655697,0
img_07577_p01_2024,0.0,0.040868558,0
img_07577_p02_2024,0.0,0.1009202,0
img_07574_p01_2024,0.0,0.11419154,0
img_07574_p02_2024,0.0,0.09417009,0
img_07574_p03_2024,0.0,0.17102396,0
img_07574_p04_2024,0.0,0.104375295,0
img_07603_2024,0.0,0.14840041,0
img_07600_2024,0.0,0.71740496,0
img_07601_2024,0.0,0.33072007,0
img_07602_2024,0.0,0.22243768,0
img_07606_2024,0.0,0.22028796,0
img_07604_2024,0.0,0.031116813,0
img_07605_2024,0.0,0.05112385,0
img_07607_2024,0.0,0.018816317,0
img_07610_2024,0.0,0.100019544,0
img_07612_2024,0.0,0.13173324,0
img_07608_2024,0.0,0.014002764,0
img_07611_2024,0.0,0.57143503,0
img_07613_2024,0.0,0.054682985,0
img_07615_2024,0.0,0.13067058,0
img_07617_2024,0.0,0.7628753,0
img_07614_2024,0.0,0.024554772,0
img_07619_2024,0.0,0.49689186,0
img_07620_2024,0.0,0.090885505,0
img_07616_2024,0.0,0.11878696,0
img_07609_p01_2024,0.0,0.98540175,1
img_07609_p02_2024,0.0,0.97909456,1
img_07625_2024,0.0,0.50615793,0
img_07626_2024,0.0,0.4409573,0
img_07624_2024,0.0,0.03351725,0
img_07629_2024,0.0,0.17189066,0
img_07622_2024,0.0,0.19458362,0
img_07630_2024,0.0,0.10290327,0
img_07623_2024,0.0,0.17337139,0
img_07631_2024,0.0,0.02709783,0
img_07634_2024,0.0,0.6554062,0
img_07627_2024,0.0,0.044854276,0
img_07633_2024,0.0,0.036598485,0
img_07636_2024,0.0,0.041618623,0
img_07559_p01_2024,0.0,0.049914118,0
img_07559_p02_2024,0.0,0.24017465,0
img_07559_p03_2024,0.0,0.03870422,0
img_07559_p04_2024,0.0,0.050285067,0
img_07559_p05_2024,0.0,0.10096665,0
img_07559_p06_2024,0.0,0.060550652,0
img_07635_2024,0.0,0.060143214,0
img_07638_2024,0.0,0.056436952,0
img_07639_2024,0.0,0.5843538,0
img_07551_p01_2024,0.0,0.025061293,0
img_07551_p02_2024,0.0,0.17471573,0
img_07551_p03_2024,0.0,0.029343553,0
img_07551_p04_2024,0.0,0.09954988,0
img_07551_p05_2024,0.0,0.05860943,0
img_07551_p06_2024,0.0,0.05330124,0
img_07640_2024,0.0,0.22704549,0
img_07621_p01_2024,0.0,0.1083604,0
img_07621_p02_2024,0.0,0.029998617,0
img_07374_p01_2024,0.0,0.60496694,0
img_07374_p02_2024,0.0,0.20447269,0
img_07374_p03_2024,0.0,0.23408493,0
img_07374_p04_2024,0.0,0.41352808,0
img_07374_p05_2024,0.0,0.31634653,0
img_07374_p06_2024,0.0,0.14430097,0
img_07374_p07_2024,0.0,0.026761035,0
img_07374_p08_2024,0.0,0.20274334,0
img_07374_p09_2024,0.0,0.42055926,0
img_07374_p10_2024,0.0,0.2299642,0
img_07374_p11_2024,0.0,0.2918433,0
img_07374_p12_2024,0.0,0.5463715,0
img_07374_p13_2024,0.0,0.2622785,0
img_07374_p14_2024,0.0,0.09105352,0
img_07374_p15_2024,0.0,0.016703317,0
img_07374_p16_2024,0.0,0.06611063,0
img_07641_2024,0.0,0.98476577,1
img_07646_2024,0.0,0.55231684,0
img_07643_2024,0.0,0.050590277,0
img_07642_2024,0.0,0.019142857,0
img_07647_2024,0.0,0.19254941,0
img_07649_2024,0.0,0.021742415,0
img_07644_2024,0.0,0.07896408,0
img_07645_2024,0.0,0.24246435,0
img_07652_2024,0.0,0.07319996,0
img_07651_2024,0.0,0.12949747,0
img_07632_p01_2024,0.0,0.065879725,0
img_07632_p02_2024,0.0,0.11752359,0
img_07653_2024,0.0,0.5253358,0
img_07656_2024,0.0,0.014199453,0
img_07658_2024,0.0,0.18281871,0
img_07414_p01_2024,0.0,0.09675725,0
img_07414_p02_2024,0.0,0.035869572,0
img_07414_p03_2024,0.0,0.04206555,0
img_07414_p04_2024,0.0,0.06169823,0
img_07414_p05_2024,0.0,0.1655502,0
img_07414_p06_2024,0.0,0.021012899,0
img_07414_p07_2024,0.0,0.029041052,0
img_07414_p08_2024,0.0,0.09087093,0
img_07414_p09_2024,0.0,0.05086092,0
img_07414_p10_2024,0.0,0.07275316,0
img_07414_p11_2024,0.0,0.023524942,0
img_07414_p12_2024,0.0,0.051953726,0
img_07414_p13_2024,0.0,0.18670529,0
img_07414_p14_2024,0.0,0.047049046,0
img_07414_p15_2024,0.0,0.17968893,0
img_07414_p16_2024,0.0,0.030038562,0
img_07660_2024,0.0,0.658181,0
img_07661_2024,0.0,0.31546432,0
img_07662_2024,0.0,0.01769008,0
img_07657_2024,0.0,0.16093601,0
img_07654_2024,0.0,0.015093433,0
img_07637_p01_2024,0.0,0.052122984,0
img_07637_p02_2024,0.0,0.19225588,0
img_07659_2024,0.0,0.20676288,0
img_07666_2024,0.0,0.024597585,0
img_07664_2024,0.0,0.45214266,0
img_07663_2024,0.0,0.15888117,0
img_07670_2024,0.0,0.24797015,0
img_07533_p01_2024,0.0,0.013405828,0
img_07533_p02_2024,0.0,0.011809981,0
img_07533_p03_2024,0.0,0.013520861,0
img_07533_p04_2024,0.0,0.06014429,0
img_07533_p05_2024,0.0,0.03311999,0
img_07533_p06_2024,0.0,0.024841007,0
img_07533_p07_2024,0.0,0.056760825,0
img_07533_p08_2024,0.0,0.14121094,0
img_07598_p01_2024,0.0,0.031483725,0
img_07598_p02_2024,0.0,0.06090891,0
img_07598_p03_2024,0.0,0.016574156,0
img_07598_p04_2024,0.0,0.019913673,0
img_07598_p05_2024,0.0,0.020197049,0
img_07667_2024,0.0,0.014436579,0
img_07668_2024,0.0,0.017932655,0
img_07671_2024,0.0,0.9195304,1
img_07665_2024,0.0,0.041587256,0
img_07675_2024,0.0,0.5109828,0
img_07676_2024,0.0,0.18641943,0
img_07628_p01_2024,0.0,0.04350963,0
img_07628_p02_2024,0.0,0.14172782,0
img_07628_p03_2024,0.0,0.044690873,0
img_07628_p04_2024,0.0,0.041602414,0
img_07678_2024,0.0,0.014010554,0
img_07669_2024,0.0,0.08144601,0
img_07679_2024,0.0,0.50651324,0
img_07684_2024,0.0,0.17608187,0
img_07685_2024,0.0,0.47932974,0
img_07673_2024,0.0,0.26404592,0
img_07686_2024,0.0,0.022771765,0
img_07682_2024,0.0,0.12190496,0
img_07677_2024,0.0,0.097273804,0
img_07683_2024,0.0,0.6595936,0
img_07689_2024,0.0,0.107727125,0
img_07691_2024,0.0,0.20748569,0
img_07687_2024,0.0,0.5303348,0
img_07648_p01_2024,0.0,0.14866205,0
img_07648_p02_2024,0.0,0.017815867,0
img_07648_p03_2024,0.0,0.14099076,0
img_07648_p04_2024,0.0,0.036423255,0
img_07692_2024,0.0,0.157668,0
img_07680_2024,0.0,0.35194233,0
img_07693_2024,0.0,0.042791814,0
img_07697_2024,0.0,0.12298558,0
img_07650_p01_2024,0.0,0.019361995,0
img_07650_p02_2024,0.0,0.019770188,0
img_07650_p03_2024,0.0,0.033089396,0
img_07650_p04_2024,0.0,0.09032649,0
img_07696_2024,0.0,0.13630933,0
img_07690_2024,0.0,0.055264242,0
img_07698_2024,0.0,0.03828133,0
img_07702_2024,0.0,0.06713532,0
img_07701_2024,0.0,0.04092989,0
img_07699_2024,0.0,0.033527818,0
img_07704_2024,0.0,0.16093192,0
img_07703_2024,0.0,0.13853544,0
img_07705_2024,0.0,0.038310044,0
img_07708_2024,0.0,0.118615344,0
img_07707_2024,0.0,0.01655011,0
img_07706_2024,0.0,0.6400263,0
img_07688_p01_2024,0.0,0.012002792,0
img_07688_p02_2024,0.0,0.019498207,0
img_07710_2024,0.0,0.4415716,0
img_07712_2024,0.0,0.022564637,0
img_07681_p01_2024,0.0,0.014516753,0
img_07681_p02_2024,0.0,0.025227575,0
img_07709_2024,0.0,0.17858773,0
img_07716_2024,0.0,0.9239248,1
img_07713_2024,0.0,0.017555356,0
img_07718_2024,0.0,0.8708207,0
img_07715_2024,0.0,0.2489562,0
img_07717_2024,0.0,0.058256447,0
img_07618_p01_2024,0.0,0.023772005,0
img_07618_p02_2024,0.0,0.27185038,0
img_07618_p03_2024,0.0,0.1077121,0
img_07618_p04_2024,0.0,0.047213558,0
img_07618_p05_2024,0.0,0.20530556,0
img_07618_p06_2024,0.0,0.1353783,0
img_07694_p01_2024,0.0,0.07330769,0
img_07694_p02_2024,0.0,0.073165044,0
img_07719_2024,0.0,0.17314763,0
img_07700_p01_2024,0.0,0.4125126,0
img_07700_p02_2024,0.0,0.08176108,0
img_07723_2024,0.0,0.012133863,0
img_07722_2024,0.0,0.012599813,0
img_07720_2024,0.0,0.055254072,0
img_07725_2024,0.0,0.30726212,0
img_07728_2024,0.0,0.11768633,0
img_07729_2024,0.0,0.029590916,0
img_07730_2024,0.0,0.17671075,0
img_07726_2024,0.0,0.3392317,0
img_07733_2024,0.0,0.02493142,0
img_07727_2024,0.0,0.027661841,0
img_07731_2024,0.0,0.08345919,0
img_07732_2024,0.0,0.70700794,0
img_07734_2024,0.0,0.0538958,0
img_07724_p01_2024,0.0,0.09989574,0
img_07724_p02_2024,0.0,0.115087815,0
img_07736_2024,0.0,0.052477453,0
img_07737_2024,0.0,0.954858,1
img_07674_p01_2024,0.0,0.045005374,0
img_07674_p02_2024,0.0,0.07267102,0
img_07674_p03_2024,0.0,0.08922647,0
img_07674_p04_2024,0.0,0.14875741,0
img_07740_2024,0.0,0.05165391,0
img_07735_2024,0.0,0.022808474,0
img_07743_2024,0.0,0.025619641,0
img_07742_2024,0.0,0.19661748,0
img_07746_2024,0.0,0.0324369,0
img_07745_2024,0.0,0.07727671,0
img_07747_2024,0.0,0.014999396,0
img_07748_2024,0.0,0.36404908,0
img_07738_2024,0.0,0.09863141,0
img_07749_2024,0.0,0.101424836,0
img_07751_2024,0.0,0.016923424,0
img_07752_2024,0.0,0.0386853,0
img_07750_2024,0.0,0.04657739,0
img_07753_2024,0.0,0.04947744,0
img_07754_2024,0.0,0.09415308,0
img_07756_2024,0.0,0.02940061,0
img_07759_2024,0.0,0.014682372,0
img_07757_2024,0.0,0.027725263,0
img_07755_2024,0.0,0.0155042885,0
img_07761_2024,0.0,0.047872324,0
img_07763_2024,0.0,0.88478196,0
img_07741_p01_2024,0.0,0.04453577,0
img_07741_p02_2024,0.0,0.0239147,0
img_07765_2024,0.0,0.021330077,0
img_07766_2024,0.0,0.051860224,0
img_07764_2024,0.0,0.3114636,0
img_07768_2024,0.0,0.48158827,0
img_07767_2024,0.0,0.023031555,0
img_07721_p01_2024,0.0,0.07514712,0
img_07721_p02_2024,0.0,0.27419344,0
img_07721_p03_2024,0.0,0.1015241,0
img_07721_p04_2024,0.0,0.56228316,0
img_07771_2024,0.0,0.15747353,0
img_07770_2024,0.0,0.7628715,0
img_07769_2024,0.0,0.046941787,0
img_07760_p01_2024,0.0,0.10871869,0
img_07760_p02_2024,0.0,0.11537838,0
img_07711_p01_2024,0.0,0.9063126,0
img_07711_p02_2024,0.0,0.5844024,0
img_07711_p03_2024,0.0,0.028840862,0
img_07711_p04_2024,0.0,0.07633916,0
img_07772_2024,0.0,0.01930095,0
img_07775_2024,0.0,0.11318502,0
img_07773_2024,0.0,0.47921807,0
img_07777_2024,0.0,0.05719971,0
img_07774_2024,0.0,0.105990686,0
img_07782_2024,0.0,0.02857547,0
img_07783_2024,0.0,0.9536591,1
img_07780_2024,0.0,0.087529235,0
img_07781_2024,0.0,0.068030834,0
img_07784_2024,0.0,0.8834452,0
img_07778_2024,0.0,0.03952447,0
img_07785_2024,0.0,0.28289655,0
img_07787_2024,0.0,0.10248962,0
img_07744_p01_2024,0.0,0.017425243,0
img_07744_p02_2024,0.0,0.08367828,0
img_07744_p03_2024,0.0,0.19271381,0
img_07744_p04_2024,0.0,0.0509138,0
img_07776_p01_2024,0.0,0.09205054,0
img_07776_p02_2024,0.0,0.15224653,0
img_07695_p01_2024,0.0,0.05926332,0
img_07695_p02_2024,0.0,0.045384128,0
img_07695_p03_2024,0.0,0.91719836,1
img_07695_p04_2024,0.0,0.012571369,0
img_07695_p05_2024,0.0,0.026022727,0
img_07695_p06_2024,0.0,0.030931847,0
img_07786_2024,0.0,0.95539033,1
img_07789_2024,0.0,0.07906773,0
img_07790_2024,0.0,0.16408513,0
img_07793_2024,0.0,0.66771984,0
img_07794_2024,0.0,0.02978807,0
img_07800_2024,0.0,0.06810664,0
img_07796_2024,0.0,0.013371198,0
img_07797_2024,0.0,0.014574522,0
img_07798_2024,0.0,0.018596286,0
img_07799_2024,0.0,0.044649903,0
img_07739_p01_2024,0.0,0.020518897,0
img_07739_p02_2024,0.0,0.05183649,0
img_07739_p03_2024,0.0,0.12308065,0
img_07739_p04_2024,0.0,0.06513198,0
img_07739_p05_2024,0.0,0.015730841,0
img_07739_p06_2024,0.0,0.04575781,0
img_07801_2024,0.0,0.022876564,0
img_07803_2024,0.0,0.50261605,0
img_07806_2024,0.0,0.17249021,0
img_07804_2024,0.0,0.053068306,0
img_07802_2024,0.0,0.048219055,0
img_07808_2024,0.0,0.2603235,0
img_07779_p01_2024,0.0,0.023752969,0
img_07779_p02_2024,0.0,0.031000836,0
img_07807_2024,0.0,0.03038656,0
img_07811_2024,0.0,0.01219685,0
img_07810_2024,0.0,0.0814306,0
img_07805_2024,0.0,0.14936048,0
img_07809_2024,0.0,0.17436041,0
img_07791_p01_2024,0.0,0.028578883,0
img_07791_p02_2024,0.0,0.087918974,0
img_07812_2024,0.0,0.022371065,0
img_07814_2024,0.0,0.021775905,0
img_07813_2024,0.0,0.21349305,0
img_07795_p01_2024,0.0,0.12815712,0
img_07795_p02_2024,0.0,0.089625195,0
img_07815_2024,0.0,0.05355909,0
img_07816_2024,0.0,0.03417033,0
img_07819_2024,0.0,0.014093927,0
img_07818_2024,0.0,0.26382694,0
img_07817_2024,0.0,0.29213855,0
img_07821_2024,0.0,0.01635726,0
img_07822_2024,0.0,0.036011558,0
img_07825_2024,0.0,0.755252,0
img_07823_2024,0.0,0.34575012,0
img_07826_2024,0.0,0.40501314,0
img_07824_2024,0.0,0.016419882,0
img_07829_2024,0.0,0.17451832,0
img_07828_2024,0.0,0.0378355,0
img_07831_2024,0.0,0.030294703,0
img_07830_2024,0.0,0.019217936,0
img_07762_p01_2024,0.0,0.06242209,0
img_07762_p02_2024,0.0,0.027289651,0
img_07762_p03_2024,0.0,0.03032775,0
img_07762_p04_2024,0.0,0.025253426,0
img_07762_p05_2024,0.0,0.032739177,0
img_07762_p06_2024,0.0,0.4774839,0
img_07836_2024,0.0,0.03222583,0
img_07832_2024,0.0,0.046972945,0
img_07834_2024,0.0,0.16906482,0
img_07838_2024,0.0,0.6644671,0
img_07792_p01_2024,0.0,0.088817686,0
img_07792_p02_2024,0.0,0.023437636,0
img_07792_p03_2024,0.0,0.03498461,0
img_07792_p04_2024,0.0,0.02468399,0
img_07820_p01_2024,0.0,0.16839801,0
img_07820_p02_2024,0.0,0.01563655,0
img_07835_2024,0.0,0.0970378,0
img_07840_2024,0.0,0.06059935,0
img_07841_2024,0.0,0.9642098,1
img_07842_2024,0.0,0.008843631,0
img_07843_2024,0.0,0.06087814,0
img_07827_2024,0.0,0.022653522,0
img_07839_2024,0.0,0.077379145,0
img_07846_2024,0.0,0.019779783,0
img_07845_2024,0.0,0.027469397,0
img_07847_2024,0.0,0.08827908,0
img_07848_2024,0.0,0.02739053,0
img_07850_2024,0.0,0.0250511,0
img_07849_2024,0.0,0.029706772,0
img_07852_2024,0.0,0.24708317,0
img_07844_2024,0.0,0.078302644,0
img_07851_2024,0.0,0.011528073,0
img_07855_2024,0.0,0.2511697,0
img_07853_2024,0.0,0.0908194,0
img_07714_p01_2024,0.0,0.15626913,0
img_07714_p02_2024,0.0,0.17501776,0
img_07714_p03_2024,0.0,0.03150947,0
img_07714_p04_2024,0.0,0.13562116,0
img_07714_p05_2024,0.0,0.030155528,0
img_07714_p06_2024,0.0,0.021083906,0
img_07714_p07_2024,0.0,0.3317927,0
img_07714_p08_2024,0.0,0.07645841,0
img_07714_p09_2024,0.0,0.015943322,0
img_07856_2024,0.0,0.034796573,0
img_07860_2024,0.0,0.026321944,0
img_07863_2024,0.0,0.8043071,0
img_07861_2024,0.0,0.3075649,0
img_07854_2024,0.0,0.06362562,0
img_07858_2024,0.0,0.023650512,0
img_07864_2024,0.0,0.04970312,0
img_07862_2024,0.0,0.14116885,0
img_07867_2024,0.0,0.023179466,0
img_07866_2024,0.0,0.16110878,0
img_07869_2024,0.0,0.057822246,0
img_07871_2024,0.0,0.01675899,0
img_07870_2024,0.0,0.055570748,0
img_07875_2024,0.0,0.14403917,0
img_07868_2024,0.0,0.4927594,0
img_07874_2024,0.0,0.8869892,0
img_07876_2024,0.0,0.029206706,0
img_07857_p01_2024,0.0,0.055987433,0
img_07857_p02_2024,0.0,0.026182426,0
img_07872_2024,0.0,0.012574151,0
img_07877_2024,0.0,0.012308454,0
img_07879_2024,0.0,0.4388227,0
img_07880_2024,0.0,0.15635598,0
img_07882_2024,0.0,0.020004572,0
img_07881_2024,0.0,0.059944794,0
img_07888_2024,0.0,0.053692166,0
img_07672_p01_2024,0.0,0.06375401,0
img_07672_p02_2024,0.0,0.016842743,0
img_07672_p03_2024,0.0,0.09548821,0
img_07672_p04_2024,0.0,0.015281406,0
img_07672_p05_2024,0.0,0.019550534,0
img_07672_p06_2024,0.0,0.037028242,0
img_07672_p07_2024,0.0,0.027574675,0
img_07672_p08_2024,0.0,0.13373548,0
img_07672_p09_2024,0.0,0.030596374,0
img_07672_p10_2024,0.0,0.014464457,0
img_07672_p11_2024,0.0,0.033584483,0
img_07672_p12_2024,0.0,0.026449941,0
img_07672_p13_2024,0.0,0.054262538,0
img_07885_2024,0.0,0.09518217,0
img_07887_2024,0.0,0.026009334,0
img_07883_2024,0.0,0.014252608,0
img_07889_2024,0.0,0.17341362,0
img_07837_p01_2024,0.0,0.12073379,0
img_07837_p02_2024,0.0,0.18505237,0
img_07837_p03_2024,0.0,0.11544596,0
img_07837_p04_2024,0.0,0.05632675,0
img_07886_2024,0.0,0.035721082,0
img_07890_2024,0.0,0.10716847,0
img_07833_p01_2024,0.0,0.016519986,0
img_07833_p02_2024,0.0,0.03586741,0
img_07833_p03_2024,0.0,0.45692065,0
img_07833_p04_2024,0.0,0.06136067,0
img_07894_2024,0.0,0.8796847,0
img_07896_2024,0.0,0.023571534,0
img_07895_2024,0.0,0.40764245,0
img_07892_2024,0.0,0.114550136,0
img_07859_p01_2024,0.0,0.06713298,0
img_07859_p02_2024,0.0,0.017238043,0
img_07859_p03_2024,0.0,0.015865615,0
img_07859_p04_2024,0.0,0.029326757,0
img_07897_2024,0.0,0.4504921,0
img_07893_2024,0.0,0.03817696,0
img_07899_2024,0.0,0.020897862,0
img_07900_2024,0.0,0.050991423,0
img_07901_2024,0.0,0.8220887,0
img_07891_2024,0.0,0.37359414,0
img_07898_2024,0.0,0.024312567,0
img_07903_2024,0.0,0.39558205,0
img_07902_2024,0.0,0.38400406,0
img_07906_2024,0.0,0.5362421,0
img_07905_2024,0.0,0.113793656,0
img_07904_2024,0.0,0.6607451,0
img_07912_2024,0.0,0.1399977,0
img_07910_2024,0.0,0.6824334,0
img_07908_2024,0.0,0.97176623,1
img_07913_2024,0.0,0.3343399,0
img_07916_2024,0.0,0.021191027,0
img_07907_2024,0.0,0.18360713,0
img_07918_2024,0.0,0.053089984,0
img_07915_2024,0.0,0.35201928,0
img_07914_2024,0.0,0.28114483,0
img_07920_2024,0.0,0.34207755,0
img_07921_2024,0.0,0.022845553,0
img_07919_2024,0.0,0.88718504,0
img_07926_2024,0.0,0.042547856,0
img_07922_2024,0.0,0.05366455,0
img_07865_p01_2024,0.0,0.06721585,0
img_07865_p02_2024,0.0,0.021344764,0
img_07865_p03_2024,0.0,0.070669845,0
img_07865_p04_2024,0.0,0.04562564,0
img_07923_2024,0.0,0.06491704,0
img_07927_2024,0.0,0.24213757,0
img_07911_p01_2024,0.0,0.028283672,0
img_07911_p02_2024,0.0,0.064584576,0
img_07925_2024,0.0,0.95513576,1
img_07924_2024,0.0,0.3118779,0
img_07909_p01_2024,0.0,0.057688054,0
img_07909_p02_2024,0.0,0.048969038,0
img_07936_2024,0.0,0.022944583,0
img_07938_2024,0.0,0.3739395,0
img_07933_2024,0.0,0.95851237,1
img_07939_2024,0.0,0.1941623,0
img_07932_2024,0.0,0.05301412,0
img_07934_2024,0.0,0.023162263,0
img_07940_2024,0.0,0.1059255,0
img_07942_2024,0.0,0.04923674,0
img_07943_2024,0.0,0.018116066,0
img_07945_2024,0.0,0.093550086,0
img_07884_p01_2024,0.0,0.2661371,0
img_07884_p02_2024,0.0,0.29652157,0
img_07884_p03_2024,0.0,0.18562146,0
img_07884_p04_2024,0.0,0.07013536,0
img_07884_p05_2024,0.0,0.09664441,0
img_07944_2024,0.0,0.027476551,0
img_07947_2024,0.0,0.10365874,0
img_07948_2024,0.0,0.5541631,0
img_07950_2024,0.0,0.021812242,0
img_07929_p01_2024,0.0,0.015432854,0
img_07929_p02_2024,0.0,0.06214806,0
img_07929_p03_2024,0.0,0.05951616,0
img_07929_p04_2024,0.0,0.03146798,0
img_07949_2024,0.0,0.074623264,0
img_07952_2024,0.0,0.18327467,0
img_07946_p01_2024,0.0,0.10228975,0
img_07946_p02_2024,0.0,0.082582876,0
img_07954_2024,0.0,0.68692976,0
img_07953_2024,0.0,0.031820588,0
img_07956_2024,0.0,0.03470796,0
img_07951_2024,0.0,0.038054917,0
img_07957_2024,0.0,0.24261619,0
img_07958_2024,0.0,0.020300882,0
img_07931_p01_2024,0.0,0.1627411,0
img_07931_p02_2024,0.0,0.5368579,0
img_07931_p03_2024,0.0,0.031734444,0
img_07931_p04_2024,0.0,0.542195,0
img_07959_2024,0.0,0.26598367,0
img_07758_p01_2024,0.0,0.015458967,0
img_07758_p02_2024,0.0,0.014608406,0
img_07758_p03_2024,0.0,0.015381705,0
img_07758_p04_2024,0.0,0.03879878,0
img_07758_p05_2024,0.0,0.020359274,0
img_07758_p06_2024,0.0,0.01704725,0
img_07758_p07_2024,0.0,0.01724752,0
img_07758_p08_2024,0.0,0.021669596,0
img_07758_p09_2024,0.0,0.031247556,0
img_07758_p10_2024,0.0,0.01607883,0
img_07758_p11_2024,0.0,0.013213641,0
img_07758_p12_2024,0.0,0.024647098,0
img_07758_p13_2024,0.0,0.08778573,0
img_07758_p14_2024,0.0,0.013452863,0
img_07758_p15_2024,0.0,0.013774304,0
img_07961_2024,0.0,0.03222817,0
img_07960_2024,0.0,0.39333594,0
img_07963_2024,0.0,0.047107898,0
img_07965_2024,0.0,0.0075508635,0
img_07964_2024,0.0,0.042917322,0
img_07962_2024,0.0,0.31914833,0
img_07966_2024,0.0,0.012016416,0
img_07970_2024,0.0,0.20121105,0
img_07968_2024,0.0,0.23952417,0
img_07969_2024,0.0,0.97103465,1
img_07967_2024,0.0,0.010438519,0
img_07937_p01_2024,0.0,0.16899669,0
img_07937_p02_2024,0.0,0.64076656,0
img_07937_p03_2024,0.0,0.42374694,0
img_07937_p04_2024,0.0,0.4431775,0
img_07972_2024,0.0,0.035706155,0
img_07973_2024,0.0,0.023904279,0
img_07974_2024,0.0,0.017963383,0
img_07971_2024,0.0,0.24052054,0
img_07788_p01_2024,0.0,0.032522537,0
img_07788_p02_2024,0.0,0.03976069,0
img_07788_p03_2024,0.0,0.048787806,0
img_07788_p04_2024,0.0,0.3279251,0
img_07788_p05_2024,0.0,0.2648551,0
img_07788_p06_2024,0.0,0.07661378,0
img_07788_p07_2024,0.0,0.029305855,0
img_07788_p08_2024,0.0,0.06896522,0
img_07788_p09_2024,0.0,0.10588288,0
img_07788_p10_2024,0.0,0.39856994,0
img_07788_p11_2024,0.0,0.099316165,0
img_07788_p12_2024,0.0,0.69691324,0
img_07788_p13_2024,0.0,0.093704864,0
img_07788_p14_2024,0.0,0.02804383,0
img_07977_2024,0.0,0.5749806,0
img_07978_2024,0.0,0.024750665,0
img_07982_2024,0.0,0.034737863,0
img_07980_2024,0.0,0.0677064,0
img_07979_2024,0.0,0.038429648,0
img_07930_p01_2024,0.0,0.14671795,0
img_07930_p02_2024,0.0,0.021836912,0
img_07930_p03_2024,0.0,0.04713162,0
img_07930_p04_2024,0.0,0.18362772,0
img_07930_p05_2024,0.0,0.07457716,0
img_07930_p06_2024,0.0,0.030335758,0
img_07983_2024,0.0,0.14014888,0
img_07981_2024,0.0,0.06244481,0
img_07976_2024,0.0,0.052193493,0
img_07985_2024,0.0,0.0110132275,0
img_07986_2024,0.0,0.4955309,0
img_07984_2024,0.0,0.03656933,0
img_07989_2024,0.0,0.027975773,0
img_07917_p01_2024,0.0,0.116740875,0
img_07917_p02_2024,0.0,0.04070695,0
img_07917_p03_2024,0.0,0.023697993,0
img_07917_p04_2024,0.0,0.042475373,0
img_07917_p05_2024,0.0,0.023864793,0
img_07917_p06_2024,0.0,0.01775515,0
img_07917_p07_2024,0.0,0.028276637,0
img_07917_p08_2024,0.0,0.033067867,0
img_07988_2024,0.0,0.08832714,0
img_07991_2024,0.0,0.20418689,0
img_07941_p01_2024,0.0,0.062733196,0
img_07941_p02_2024,0.0,0.043253884,0
img_07941_p03_2024,0.0,0.105201714,0
img_07941_p04_2024,0.0,0.064670965,0
img_07941_p05_2024,0.0,0.034221284,0
img_07941_p06_2024,0.0,0.017489357,0
img_07975_p01_2024,0.0,0.60976964,0
img_07975_p02_2024,0.0,0.26753178,0
img_07992_2024,0.0,0.07372697,0
img_07996_2024,0.0,0.03178711,0
img_07995_2024,0.0,0.14069015,0
img_07994_2024,0.0,0.022884605,0
img_07928_p01_2024,0.0,0.02231111,0
img_07928_p02_2024,0.0,0.16938694,0
img_07928_p03_2024,0.0,0.054216273,0
img_07928_p04_2024,0.0,0.20752653,0
img_07928_p05_2024,0.0,0.020020718,0
img_07928_p06_2024,0.0,0.0862886,0
img_07935_p01_2024,0.0,0.10419712,0
img_07935_p02_2024,0.0,0.014892093,0
img_07935_p03_2024,0.0,0.016674709,0
img_07935_p04_2024,0.0,0.04338054,0
img_07935_p05_2024,0.0,0.021129753,0
img_07935_p06_2024,0.0,0.018191071,0
img_08004_2024,0.0,0.122945085,0
img_07999_2024,0.0,0.05262732,0
img_08003_2024,0.0,0.040128544,0
img_08002_2024,0.0,0.010937291,0
img_08007_2024,0.0,0.025180977,0
img_08001_2024,0.0,0.0149642825,0
img_08000_2024,0.0,0.3590587,0
img_07993_p01_2024,0.0,0.07946898,0
img_07993_p02_2024,0.0,0.060596548,0
img_08008_2024,0.0,0.02054253,0
img_08005_2024,0.0,0.01833525,0
img_07987_p01_2024,0.0,0.07771226,0
img_07987_p02_2024,0.0,0.02810348,0
img_08006_2024,0.0,0.10268879,0
img_08009_2024,0.0,0.097557515,0
img_07990_p01_2024,0.0,0.043661434,0
img_07990_p02_2024,0.0,0.14089257,0
img_08011_2024,0.0,0.7415929,0
img_08013_2024,0.0,0.17500123,0
img_08010_2024,0.0,0.028278379,0
img_08015_2024,0.0,0.010620962,0
img_08014_2024,0.0,0.027275536,0
img_07998_p01_2024,0.0,0.046828803,0
img_07998_p02_2024,0.0,0.23321466,0
img_08021_2024,0.0,0.105783515,0
img_08018_2024,0.0,0.12825404,0
img_07997_p01_2024,0.0,0.13774578,0
img_07997_p02_2024,0.0,0.08219533,0
img_08017_2024,0.0,0.11692827,0
img_08016_2024,0.0,0.06197626,0
img_08012_2024,0.0,0.2637361,0
img_08023_2024,0.0,0.05818114,0
img_07655_p02_2024,0.0,0.041984968,0
img_07655_p03_2024,0.0,0.011259054,0
img_07655_p04_2024,0.0,0.035172015,0
img_07655_p05_2024,0.0,0.012854118,0
img_07655_p06_2024,0.0,0.03766112,0
img_07655_p07_2024,0.0,0.03261854,0
img_07655_p08_2024,0.0,0.034913793,0
img_07655_p09_2024,0.0,0.025811594,0
img_07655_p10_2024,0.0,0.04620207,0
img_07655_p11_2024,0.0,0.016931405,0
img_07655_p12_2024,0.0,0.025054438,0
img_07655_p13_2024,0.0,0.039017733,0
img_07655_p14_2024,0.0,0.10214036,0
img_07655_p15_2024,0.0,0.03877462,0
img_07655_p16_2024,0.0,0.03625147,0
img_07655_p17_2024,0.0,0.05366345,0
img_07655_p19_2024,0.0,0.012588784,0
img_07655_p20_2024,0.0,0.017197989,0
img_07655_p21_2024,0.0,0.07202282,0
img_08024_2024,0.0,0.9861958,1
img_08025_2024,0.0,0.09467476,0
img_08029_2024,0.0,0.010113046,0
img_08028_2024,0.0,0.20574531,0
img_08033_2024,0.0,0.052695353,0
img_08031_2024,0.0,0.025831813,0
img_08026_2024,0.0,0.17888005,0
img_08032_2024,0.0,0.084259875,0
img_08030_2024,0.0,0.029828815,0
img_08034_2024,0.0,0.18709077,0
img_08035_2024,0.0,0.023748113,0
img_08036_2024,0.0,0.064040706,0
img_08041_2024,0.0,0.2091125,0
img_08042_2024,0.0,0.23918368,0
img_08044_2024,0.0,0.01961509,0
img_08046_2024,0.0,0.026863104,0
img_08020_p01_2024,0.0,0.10468691,0
img_08020_p02_2024,0.0,0.35101342,0
img_08040_2024,0.0,0.11400403,0
img_08047_2024,0.0,0.051627815,0
img_08050_2024,0.0,0.078715034,0
img_07955_p01_2024,0.0,0.07154383,0
img_07955_p02_2024,0.0,0.028950533,0
img_07955_p03_2024,0.0,0.025383195,0
img_07955_p04_2024,0.0,0.017356763,0
img_07955_p05_2024,0.0,0.020157216,0
img_07955_p06_2024,0.0,0.03271717,0
img_07955_p07_2024,0.0,0.05878583,0
img_07955_p08_2024,0.0,0.025637979,0
img_08052_2024,0.0,0.018791674,0
img_08051_2024,0.0,0.047435243,0
img_08038_p01_2024,0.0,0.80842936,0
img_08038_p02_2024,0.0,0.292855,0
img_08053_2024,0.0,0.03617624,0
img_08048_2024,0.0,0.023692241,0
img_08054_2024,0.0,0.25007373,0
img_08056_2024,0.0,0.018668681,0
img_08058_2024,0.0,0.18937537,0
img_08060_2024,0.0,0.15719648,0
img_08059_2024,0.0,0.1006808,0
img_08064_2024,0.0,0.019066658,0
img_08061_2024,0.0,0.043582704,0
img_08063_2024,0.0,0.033238504,0
img_08062_2024,0.0,0.018891204,0
img_08057_p01_2024,0.0,0.02737693,0
img_08057_p02_2024,0.0,0.031307682,0
img_08066_2024,0.0,0.016273126,0
img_08065_2024,0.0,0.67756706,0
img_08067_2024,0.0,0.23584037,0
img_08068_2024,0.0,0.06377877,0
img_08055_p01_2024,0.0,0.027544016,0
img_08055_p02_2024,0.0,0.047587108,0
img_08070_2024,0.0,0.0633985,0
img_08069_2024,0.0,0.06611841,0
img_08072_2024,0.0,0.26507893,0
img_08037_p01_2024,0.0,0.02665756,0
img_08037_p02_2024,0.0,0.0134180505,0
img_08071_2024,0.0,0.9819759,1
img_08039_p01_2024,0.0,0.12538636,0
img_08039_p02_2024,0.0,0.047190696,0
img_08039_p03_2024,0.0,0.055062793,0
img_08039_p04_2024,0.0,0.042642705,0
img_08074_2024,0.0,0.2716303,0
img_08075_2024,0.0,0.090991884,0
img_08073_2024,0.0,0.78682107,0
img_08080_2024,0.0,0.89505494,0
img_08076_2024,0.0,0.018398378,0
img_08078_2024,0.0,0.044451773,0
img_08077_2024,0.0,0.45537552,0
img_08079_2024,0.0,0.044231374,0
img_08082_2024,0.0,0.057438254,0
img_08084_2024,0.0,0.6491125,0
img_08081_2024,0.0,0.017643347,0
img_08083_2024,0.0,0.27993602,0
img_08085_2024,0.0,0.9604012,1
img_08090_2024,0.0,0.12157665,0
img_08087_2024,0.0,0.035650425,0
img_08022_p01_2024,0.0,0.49346128,0
img_08022_p02_2024,0.0,0.09737313,0
img_08022_p03_2024,0.0,0.13194448,0
img_08022_p04_2024,0.0,0.093346015,0
img_08022_p05_2024,0.0,0.17892429,0
img_08022_p06_2024,0.0,0.09628249,0
img_08093_2024,0.0,0.02822578,0
img_08089_2024,0.0,0.026588166,0
img_08086_2024,0.0,0.025832389,0
img_08088_2024,0.0,0.53170264,0
img_08092_2024,0.0,0.018432189,0
img_08091_2024,0.0,0.1531502,0
img_08095_2024,0.0,0.058458086,0
img_08096_2024,0.0,0.09878647,0
img_07873_p01_2024,0.0,0.32874882,0
img_07873_p02_2024,0.0,0.058663424,0
img_07873_p03_2024,0.0,0.034003425,0
img_07873_p04_2024,0.0,0.042037465,0
img_07873_p05_2024,0.0,0.10660051,0
img_07873_p06_2024,0.0,0.02921555,0
img_07873_p07_2024,0.0,0.03760087,0
img_07873_p08_2024,0.0,0.07814129,0
img_07873_p09_2024,0.0,0.029982485,0
img_07873_p10_2024,0.0,0.055351164,0
img_07873_p11_2024,0.0,0.097967386,0
img_07873_p12_2024,0.0,0.054897647,0
img_07873_p13_2024,0.0,0.041740224,0
img_07873_p14_2024,0.0,0.04847287,0
img_07873_p15_2024,0.0,0.046036825,0
img_07873_p16_2024,0.0,0.09231099,0
img_08098_2024,0.0,0.38087592,0
img_08043_p01_2024,0.0,0.11644955,0
img_08043_p02_2024,0.0,0.0462463,0
img_08043_p03_2024,0.0,0.028937513,0
img_08043_p04_2024,0.0,0.20738333,0
img_08094_2024,0.0,0.022773048,0
img_08097_2024,0.0,0.30452022,0
img_08099_2024,0.0,0.03146831,0
img_08102_2024,0.0,0.053459607,0
img_08104_2024,0.0,0.606679,0
img_08100_2024,0.0,0.023661844,0
img_08101_2024,0.0,0.63765454,0
img_08103_2024,0.0,0.2324887,0
img_08106_2024,0.0,0.014704796,0
img_08105_2024,0.0,0.14009157,0
img_08109_2024,0.0,0.9878599,1
img_08112_2024,0.0,0.47190964,0
img_08108_2024,0.0,0.45869064,0
img_08110_2024,0.0,0.031565886,0
img_08027_p01_2024,0.0,0.13284077,0
img_08027_p02_2024,0.0,0.13308346,0
img_08027_p03_2024,0.0,0.033342063,0
img_08027_p04_2024,0.0,0.52565855,0
img_08027_p05_2024,0.0,0.21260269,0
img_08027_p06_2024,0.0,0.05836355,0
img_08111_2024,0.0,0.071059704,0
img_08113_2024,0.0,0.204425,0
img_08107_2024,0.0,0.111010134,0
img_08118_2024,0.0,0.5346461,0
img_08115_2024,0.0,0.036958747,0
img_08117_2024,0.0,0.036852088,0
img_08119_2024,0.0,0.013130338,0
img_08120_2024,0.0,0.017708806,0
img_08116_2024,0.0,0.06718195,0
img_08121_2024,0.0,0.6589931,0
img_08124_2024,0.0,0.09912637,0
img_08045_p01_2024,0.0,0.044374883,0
img_08045_p02_2024,0.0,0.1742986,0
img_08045_p03_2024,0.0,0.06643765,0
img_08045_p04_2024,0.0,0.23118381,0
img_08045_p05_2024,0.0,0.15360472,0
img_08045_p06_2024,0.0,0.15301722,0
img_08122_2024,0.0,0.09286817,0
img_08126_2024,0.0,0.03524033,0
img_08125_2024,0.0,0.40258023,0
img_08127_2024,0.0,0.4951893,0
img_08128_2024,0.0,0.61000234,0
img_08130_2024,0.0,0.10038522,0
img_08133_2024,0.0,0.013965715,0
img_08134_2024,0.0,0.023460856,0
img_08132_2024,0.0,0.162915,0
img_08137_2024,0.0,0.39558643,0
img_08136_2024,0.0,0.0146911,0
img_08049_p01_2024,0.0,0.015902735,0
img_08049_p02_2024,0.0,0.014941091,0
img_08049_p03_2024,0.0,0.04645218,0
img_08049_p05_2024,0.0,0.01645583,0
img_08049_p06_2024,0.0,0.011616212,0
img_08129_2024,0.0,0.11684432,0
img_08142_2024,0.0,0.83453715,0
img_08135_2024,0.0,0.028182963,0
img_08139_2024,0.0,0.068332374,0
img_08140_2024,0.0,0.0975595,0
img_08145_2024,0.0,0.037929855,0
img_08146_2024,0.0,0.012871046,0
img_08141_2024,0.0,0.6269778,0
img_08138_2024,0.0,0.039012883,0
img_08148_2024,0.0,0.21912335,0
img_08143_2024,0.0,0.044987705,0
img_08147_2024,0.0,0.05489067,0
img_08154_2024,0.0,0.15346116,0
img_08152_2024,0.0,0.04311486,0
img_08144_2024,0.0,0.13537836,0
img_08153_2024,0.0,0.021327723,0
img_08151_2024,0.0,0.011404999,0
img_08156_2024,0.0,0.44454592,0
img_08150_2024,0.0,0.042444557,0
img_08159_2024,0.0,0.25472867,0
img_08155_2024,0.0,0.015184648,0
img_07878_p01_2024,0.0,0.033013053,0
img_07878_p02_2024,0.0,0.01719546,0
img_07878_p03_2024,0.0,0.025155747,0
img_07878_p04_2024,0.0,0.039788537,0
img_07878_p05_2024,0.0,0.017323855,0
img_07878_p06_2024,0.0,0.012862912,0
img_07878_p07_2024,0.0,0.019039996,0
img_07878_p08_2024,0.0,0.013846031,0
img_07878_p09_2024,0.0,0.08610574,0
img_07878_p10_2024,0.0,0.24752961,0
img_07878_p11_2024,0.0,0.017372066,0
img_07878_p12_2024,0.0,0.019829856,0
img_07878_p13_2024,0.0,0.019560192,0
img_07878_p14_2024,0.0,0.05865293,0
img_07878_p15_2024,0.0,0.036193524,0
img_07878_p16_2024,0.0,0.034085885,0
img_07878_p17_2024,0.0,0.15595105,0
img_07878_p18_2024,0.0,0.02174573,0
img_07878_p19_2024,0.0,0.027366454,0
img_07878_p20_2024,0.0,0.036143873,0
img_08162_2024,0.0,0.026345707,0
img_08165_2024,0.0,0.50448424,0
img_08149_p01_2024,0.0,0.16513795,0
img_08149_p02_2024,0.0,0.019745069,0
img_08168_2024,0.0,0.24583079,0
img_08163_2024,0.0,0.046458114,0
img_08161_2024,0.0,0.97296983,1
img_08164_2024,0.0,0.9798823,1
img_08167_2024,0.0,0.1775186,0
img_08169_2024,0.0,0.98278207,1
img_08114_p01_2024,0.0,0.052211974,0
img_08114_p02_2024,0.0,0.068068214,0
img_08114_p03_2024,0.0,0.18271074,0
img_08114_p04_2024,0.0,0.12132199,0
img_08171_2024,0.0,0.9100815,1
img_08170_2024,0.0,0.92995006,1
img_08174_2024,0.0,0.012201413,0
img_08173_2024,0.0,0.17057428,0
img_08178_2024,0.0,0.031342942,0
img_08176_2024,0.0,0.026894964,0
img_08166_2024,0.0,0.08934884,0
img_08179_2024,0.0,0.1882131,0
img_08180_2024,0.0,0.26419967,0
img_08182_2024,0.0,0.14159204,0
img_08172_2024,0.0,0.017250529,0
img_08184_2024,0.0,0.34719145,0
img_08157_p01_2024,0.0,0.16542989,0
img_08157_p02_2024,0.0,0.05807551,0
img_08183_2024,0.0,0.5640743,0
img_08186_2024,0.0,0.13932303,0
img_08185_2024,0.0,0.9149265,1
img_08193_2024,0.0,0.37036803,0
img_08189_2024,0.0,0.08563512,0
img_08191_2024,0.0,0.8008996,0
img_08195_2024,0.0,0.021705305,0
img_08187_2024,0.0,0.21896261,0
img_08194_2024,0.0,0.030903455,0
img_08196_2024,0.0,0.027567087,0
img_08192_2024,0.0,0.114065975,0
img_08197_2024,0.0,0.1476014,0
img_08190_p01_2024,0.0,0.018088987,0
img_08190_p02_2024,0.0,0.03631197,0
img_08200_2024,0.0,0.34619495,0
img_08199_2024,0.0,0.25957212,0
img_08201_2024,0.0,0.036538508,0
img_08198_2024,0.0,0.06249413,0
img_08203_2024,0.0,0.076054335,0
img_08202_2024,0.0,0.0631558,0
img_08204_2024,0.0,0.046015114,0
img_08206_2024,0.0,0.077483036,0
img_08207_2024,0.0,0.13152063,0
img_08205_2024,0.0,0.015923398,0
img_08160_p01_2024,0.0,0.2207809,0
img_08160_p02_2024,0.0,0.24624842,0
img_08160_p03_2024,0.0,0.41690165,0
img_08160_p04_2024,0.0,0.20371597,0
img_08175_p01_2024,0.0,0.16002454,0
img_08175_p02_2024,0.0,0.55323714,0
img_08175_p03_2024,0.0,0.27111334,0
img_08158_p01_2024,0.0,0.011222553,0
img_08158_p02_2024,0.0,0.011902112,0
img_08158_p03_2024,0.0,0.014122899,0
img_08158_p04_2024,0.0,0.011844194,0
img_08209_2024,0.0,0.11730863,0
img_08208_2024,0.0,0.18967722,0
img_08210_2024,0.0,0.27229014,0
img_08214_2024,0.0,0.39863485,0
img_08211_2024,0.0,0.66420764,0
img_08212_2024,0.0,0.04303031,0
img_08218_2024,0.0,0.1364184,0
img_08213_2024,0.0,0.45021638,0
img_08216_2024,0.0,0.9108228,1
img_08217_2024,0.0,0.5907143,0
img_08221_2024,0.0,0.25873798,0
img_08215_2024,0.0,0.3804335,0
img_08219_2024,0.0,0.2941874,0
img_08223_2024,0.0,0.017360527,0
img_08226_2024,0.0,0.02252838,0
img_08227_2024,0.0,0.9776374,1
img_08222_2024,0.0,0.53001887,0
img_08228_2024,0.0,0.08065937,0
img_08131_p01_2024,0.0,0.2406638,0
img_08131_p02_2024,0.0,0.13271849,0
img_08131_p03_2024,0.0,0.13353898,0
img_08131_p04_2024,0.0,0.53964764,0
img_08131_p05_2024,0.0,0.11671155,0
img_08131_p06_2024,0.0,0.105712116,0
img_08225_2024,0.0,0.03442249,0
img_08224_2024,0.0,0.17330883,0
img_08231_2024,0.0,0.95495194,1
img_08229_2024,0.0,0.9839065,1
img_08220_2024,0.0,0.07312352,0
img_08233_2024,0.0,0.11609558,0
img_08234_2024,0.0,0.8189558,0
img_08237_2024,0.0,0.04273818,0
img_08239_2024,0.0,0.108061306,0
img_08241_2024,0.0,0.7388134,0
img_08235_2024,0.0,0.1293386,0
img_08236_2024,0.0,0.022741796,0
img_08238_2024,0.0,0.6897306,0
img_08242_2024,0.0,0.451896,0
img_08240_2024,0.0,0.026992371,0
img_08123_p01_2024,0.0,0.01989103,0
img_08123_p02_2024,0.0,0.012316374,0
img_08123_p03_2024,0.0,0.038853303,0
img_08123_p04_2024,0.0,0.013720661,0
img_08123_p05_2024,0.0,0.03337217,0
img_08123_p06_2024,0.0,0.024732212,0
img_08123_p07_2024,0.0,0.032886945,0
img_08243_2024,0.0,0.14165264,0
img_08246_2024,0.0,0.10596477,0
img_08249_2024,0.0,0.17499708,0
img_08244_2024,0.0,0.45692712,0
img_08252_2024,0.0,0.26137307,0
img_08254_2024,0.0,0.23985176,0
img_08251_2024,0.0,0.04139946,0
img_08232_p01_2024,0.0,0.06600191,0
img_08232_p02_2024,0.0,0.030820876,0
img_08250_2024,0.0,0.25562224,0
img_08255_2024,0.0,0.02310047,0
img_08181_p01_2024,0.0,0.28765276,0
img_08181_p02_2024,0.0,0.22396573,0
img_08181_p03_2024,0.0,0.0992527,0
img_08181_p04_2024,0.0,0.6626016,0
img_08181_p05_2024,0.0,0.35111353,0
img_08253_2024,0.0,0.013658987,0
img_08258_2024,0.0,0.5604701,0
img_08248_2024,0.0,0.32048193,0
img_08259_2024,0.0,0.040359862,0
img_08260_2024,0.0,0.1180971,0
img_08263_2024,0.0,0.11970926,0
img_08230_p01_2024,0.0,0.06746139,0
img_08230_p02_2024,0.0,0.628369,0
img_08262_2024,0.0,0.33405375,0
img_08261_2024,0.0,0.13885346,0
img_08264_2024,0.0,0.1192929,0
img_08265_2024,0.0,0.017708259,0
img_08247_p01_2024,0.0,0.08038808,0
img_08247_p02_2024,0.0,0.023712086,0
img_08266_2024,0.0,0.052612893,0
img_08267_2024,0.0,0.12988876,0
img_08269_2024,0.0,0.20584093,0
img_08268_2024,0.0,0.49269086,0
img_08270_2024,0.0,0.06974643,0
img_08245_p01_2024,0.0,0.026828634,0
img_08245_p02_2024,0.0,0.037715588,0
img_08273_2024,0.0,0.021235144,0
img_08271_2024,0.0,0.9830672,1
img_08275_2024,0.0,0.02465431,0
img_08274_2024,0.0,0.2742413,0
img_08272_2024,0.0,0.026624281,0
img_08276_2024,0.0,0.015379111,0
img_08278_2024,0.0,0.069456495,0
img_08281_2024,0.0,0.77801836,0
img_08277_2024,0.0,0.033682797,0
img_08256_p01_2024,0.0,0.038949333,0
img_08256_p02_2024,0.0,0.0956545,0
img_08279_2024,0.0,0.20811753,0
img_08280_2024,0.0,0.16936718,0
img_08257_p01_2024,0.0,0.014687974,0
img_08257_p02_2024,0.0,0.02382804,0
img_08285_2024,0.0,0.13954023,0
img_08286_2024,0.0,0.6654998,0
img_08290_2024,0.0,0.2200026,0
img_08283_2024,0.0,0.018745404,0
img_08284_2024,0.0,0.08717253,0
img_08288_2024,0.0,0.024177695,0
img_08289_2024,0.0,0.12766822,0
img_08292_2024,0.0,0.18831854,0
img_08293_2024,0.0,0.05739588,0
img_08295_2024,0.0,0.07117062,0
img_08297_2024,0.0,0.07137897,0
img_08296_2024,0.0,0.26040792,0
img_08298_2024,0.0,0.054504346,0
img_08291_2024,0.0,0.05558656,0
img_08294_2024,0.0,0.10312046,0
img_08301_2024,0.0,0.04953344,0
img_08302_2024,0.0,0.024182584,0
img_08299_2024,0.0,0.02952376,0
img_08282_p01_2024,0.0,0.05835432,0
img_08282_p02_2024,0.0,0.08114953,0
img_08303_2024,0.0,0.05427205,0
img_08304_2024,0.0,0.26264,0
img_08188_p01_2024,0.0,0.046905123,0
img_08188_p02_2024,0.0,0.054107886,0
img_08188_p03_2024,0.0,0.108651504,0
img_08188_p04_2024,0.0,0.046789717,0
img_08188_p05_2024,0.0,0.1443481,0
img_08188_p06_2024,0.0,0.13481799,0
img_08188_p07_2024,0.0,0.056316495,0
img_08188_p08_2024,0.0,0.10617262,0
img_08305_2024,0.0,0.07635088,0
img_08309_2024,0.0,0.2695869,0
img_08300_2024,0.0,0.033000004,0
img_08310_2024,0.0,0.04538956,0
img_08311_2024,0.0,0.038552493,0
img_08306_2024,0.0,0.68012506,0
img_08314_2024,0.0,0.32084817,0
img_08313_2024,0.0,0.018647011,0
img_08316_2024,0.0,0.14086221,0
img_08307_2024,0.0,0.3002434,0
img_08317_2024,0.0,0.18269795,0
img_08318_2024,0.0,0.28100994,0
img_08322_2024,0.0,0.5848926,0
img_08324_2024,0.0,0.113737546,0
img_08325_2024,0.0,0.9778992,1
img_08323_2024,0.0,0.14817367,0
img_08321_2024,0.0,0.09209135,0
img_08329_2024,0.0,0.37071368,0
img_08330_2024,0.0,0.04221861,0
img_08331_2024,0.0,0.1813604,0
img_08328_2024,0.0,0.018010609,0
img_08308_p01_2024,0.0,0.056178194,0
img_08308_p02_2024,0.0,0.021132668,0
img_08332_2024,0.0,0.05493692,0
img_08326_2024,0.0,0.19679569,0
img_08327_2024,0.0,0.04604741,0
img_08334_2024,0.0,0.780436,0
img_08019_p01_2024,0.0,0.10587089,0
img_08019_p02_2024,0.0,0.11415415,0
img_08019_p03_2024,0.0,0.038988702,0
img_08019_p04_2024,0.0,0.02212746,0
img_08019_p05_2024,0.0,0.027177861,0
img_08019_p06_2024,0.0,0.018405,0
img_08019_p07_2024,0.0,0.3170841,0
img_08019_p08_2024,0.0,0.09333015,0
img_08019_p09_2024,0.0,0.013772483,0
img_08019_p10_2024,0.0,0.019913238,0
img_08019_p11_2024,0.0,0.019090028,0
img_08019_p12_2024,0.0,0.039609797,0
img_08019_p13_2024,0.0,0.170556,0
img_08019_p14_2024,0.0,0.9435316,1
img_08019_p15_2024,0.0,0.9297557,1
img_08019_p16_2024,0.0,0.14942063,0
img_08019_p17_2024,0.0,0.06644284,0
img_08336_2024,0.0,0.41245878,0
img_08342_2024,0.0,0.82144624,0
img_08337_2024,0.0,0.46622762,0
img_08320_p01_2024,0.0,0.15611221,0
img_08320_p02_2024,0.0,0.23528065,0
img_08341_2024,0.0,0.06562983,0
img_08343_2024,0.0,0.019820886,0
img_08344_2024,0.0,0.19882117,0
img_08346_2024,0.0,0.084366694,0
img_08340_2024,0.0,0.1668095,0
img_08345_2024,0.0,0.088619076,0
img_08339_2024,0.0,0.53862464,0
img_08338_2024,0.0,0.15064794,0
img_08347_2024,0.0,0.1945495,0
img_08350_2024,0.0,0.026697956,0
img_08319_p01_2024,0.0,0.023233349,0
img_08319_p02_2024,0.0,0.017044295,0
img_08333_p01_2024,0.0,0.020372126,0
img_08333_p02_2024,0.0,0.020639144,0
img_08355_2024,0.0,0.19501805,0
img_08353_2024,0.0,0.030604245,0
img_08348_2024,0.0,0.022031017,0
img_08354_2024,0.0,0.01942491,0
img_08358_2024,0.0,0.30303448,0
img_08360_2024,0.0,0.06658504,0
img_08364_2024,0.0,0.13945426,0
img_08361_2024,0.0,0.243066,0
img_08357_2024,0.0,0.033729646,0
img_08363_2024,0.0,0.041262336,0
img_08351_2024,0.0,0.9814461,1
img_08367_2024,0.0,0.6711158,0
img_08365_2024,0.0,0.09060371,0
img_08368_2024,0.0,0.15862812,0
img_08312_p01_2024,0.0,0.14450374,0
img_08312_p02_2024,0.0,0.12160866,0
img_08312_p03_2024,0.0,0.17864265,0
img_08312_p04_2024,0.0,0.29332364,0
img_08372_2024,0.0,0.03723826,0
img_08370_2024,0.0,0.0633215,0
img_08356_2024,0.0,0.0148035055,0
img_08371_2024,0.0,0.45726028,0
img_08373_2024,0.0,0.045741614,0
img_08362_2024,0.0,0.8112983,0
img_08376_2024,0.0,0.25631475,0
img_08369_2024,0.0,0.045307327,0
img_08375_2024,0.0,0.040017676,0
img_08379_2024,0.0,0.03138272,0
img_08377_2024,0.0,0.13114092,0
img_08374_2024,0.0,0.016316624,0
img_08383_2024,0.0,0.757842,0
img_08385_2024,0.0,0.30882925,0
img_08380_2024,0.0,0.108635455,0
img_08382_2024,0.0,0.026246069,0
img_08378_2024,0.0,0.013413253,0
img_08359_p01_2024,0.0,0.02438468,0
img_08359_p02_2024,0.0,0.053398848,0
img_08352_2024,0.0,0.013708896,0
img_08381_2024,0.0,0.012449442,0
img_08177_p01_2024,0.0,0.14926521,0
img_08177_p02_2024,0.0,0.26483306,0
img_08177_p03_2024,0.0,0.24455029,0
img_08177_p04_2024,0.0,0.25099578,0
img_08177_p05_2024,0.0,0.114245445,0
img_08177_p06_2024,0.0,0.14138995,0
img_08177_p07_2024,0.0,0.14796181,0
img_08177_p08_2024,0.0,0.6746421,0
img_08177_p09_2024,0.0,0.5859294,0
img_08177_p10_2024,0.0,0.60652584,0
img_08177_p11_2024,0.0,0.117216066,0
img_08177_p12_2024,0.0,0.32870093,0
img_08384_2024,0.0,0.8632938,0
img_08386_2024,0.0,0.05786176,0
img_08388_2024,0.0,0.07210413,0
img_08389_2024,0.0,0.110139295,0
img_08390_2024,0.0,0.59550947,0
img_08395_2024,0.0,0.07197366,0
img_08393_2024,0.0,0.027022325,0
img_08394_2024,0.0,0.106753185,0
img_08392_2024,0.0,0.09519712,0
img_08391_2024,0.0,0.012617902,0
img_08398_2024,0.0,0.056578632,0
img_08349_p01_2024,0.0,0.015733108,0
img_08349_p02_2024,0.0,0.02015519,0
img_08349_p03_2024,0.0,0.043849874,0
img_08349_p04_2024,0.0,0.08383357,0
img_08402_2024,0.0,0.2813088,0
img_08403_2024,0.0,0.56288916,0
img_08397_2024,0.0,0.030490588,0
img_08400_2024,0.0,0.027878163,0
img_08387_2024,0.0,0.49122897,0
img_08407_2024,0.0,0.019004265,0
img_08404_2024,0.0,0.2812973,0
img_08405_2024,0.0,0.02271213,0
img_08406_2024,0.0,0.501191,0
img_08410_2024,0.0,0.06309047,0
img_08411_2024,0.0,0.041605722,0
img_08414_2024,0.0,0.031347834,0
img_08413_2024,0.0,0.17542475,0
img_08416_2024,0.0,0.26358527,0
img_08399_p01_2024,0.0,0.20991652,0
img_08399_p02_2024,0.0,0.10213636,0
img_08418_2024,0.0,0.24584307,0
img_08415_2024,0.0,0.037907604,0
img_08419_2024,0.0,0.023436511,0
img_08396_p01_2024,0.0,0.10121101,0
img_08396_p02_2024,0.0,0.054787174,0
img_08421_2024,0.0,0.53356683,0
img_08417_2024,0.0,0.08294508,0
img_08423_2024,0.0,0.20672576,0
img_08426_2024,0.0,0.24490301,0
img_08428_2024,0.0,0.48748127,0
img_08422_2024,0.0,0.19875774,0
img_08420_2024,0.0,0.04068174,0
img_08425_2024,0.0,0.2013242,0
img_08424_2024,0.0,0.11964055,0
img_08429_2024,0.0,0.024908205,0
img_08430_2024,0.0,0.07687015,0
img_08431_2024,0.0,0.12988603,0
img_08427_2024,0.0,0.09846145,0
img_08433_2024,0.0,0.29876208,0
img_08432_2024,0.0,0.8767895,0
img_08437_2024,0.0,0.52438056,0
img_08438_2024,0.0,0.08221243,0
img_08435_2024,0.0,0.48050362,0
img_08335_p01_2024,0.0,0.058116782,0
img_08335_p02_2024,0.0,0.06303885,0
img_08335_p03_2024,0.0,0.28675425,0
img_08335_p04_2024,0.0,0.069594584,0
img_08335_p05_2024,0.0,0.11533566,0
img_08335_p06_2024,0.0,0.06874945,0
img_08441_2024,0.0,0.9540682,1
img_08434_2024,0.0,0.09915492,0
img_08436_2024,0.0,0.10131064,0
img_08442_2024,0.0,0.4101015,0
img_08443_2024,0.0,0.7631264,0
img_08439_2024,0.0,0.05131712,0
img_08408_p01_2024,0.0,0.019406863,0
img_08408_p02_2024,0.0,0.030079678,0
img_08445_2024,0.0,0.04046338,0
img_08440_2024,0.0,0.17954493,0
img_08447_2024,0.0,0.7414265,0
img_08450_2024,0.0,0.21540022,0
img_08446_2024,0.0,0.14946678,0
img_08452_2024,0.0,0.08369043,0
img_08453_2024,0.0,0.8357492,0
img_08449_2024,0.0,0.027683018,0
img_08454_2024,0.0,0.75398767,0
img_08456_2024,0.0,0.30057338,0
img_08459_2024,0.0,0.093987666,0
img_08458_2024,0.0,0.15268439,0
img_08457_2024,0.0,0.49157548,0
img_08451_2024,0.0,0.082791716,0
img_08460_2024,0.0,0.53200555,0
img_08409_p01_2024,0.0,0.06315277,0
img_08409_p02_2024,0.0,0.06569185,0
img_08409_p03_2024,0.0,0.03055415,0
img_08409_p04_2024,0.0,0.09343838,0
img_08465_2024,0.0,0.43529028,0
img_08462_2024,0.0,0.51681924,0
img_08464_2024,0.0,0.05790984,0
img_08455_2024,0.0,0.1952001,0
img_08466_2024,0.0,0.022174565,0
img_08461_2024,0.0,0.22497329,0
img_08470_2024,0.0,0.08748423,0
img_08467_2024,0.0,0.32840505,0
img_08444_p01_2024,0.0,0.036477424,0
img_08444_p02_2024,0.0,0.024391508,0
img_08468_2024,0.0,0.021773031,0
img_08471_2024,0.0,0.51879025,0
img_08463_2024,0.0,0.022522708,0
img_08469_2024,0.0,0.14463739,0
img_08412_p01_2024,0.0,0.015129903,0
img_08412_p02_2024,0.0,0.014461078,0
img_08412_p03_2024,0.0,0.026268208,0
img_08412_p04_2024,0.0,0.011731436,0
img_08472_2024,0.0,0.04630103,0
img_08475_2024,0.0,0.98437136,1
img_08478_2024,0.0,0.56284577,0
img_08476_2024,0.0,0.21543956,0
img_08474_2024,0.0,0.032239974,0
img_08477_2024,0.0,0.111313514,0
img_08473_2024,0.0,0.3278511,0
img_08448_p01_2024,0.0,0.24241926,0
img_08448_p02_2024,0.0,0.14038427,0
img_08479_2024,0.0,0.03727348,0
img_08480_2024,0.0,0.14305761,0
img_08482_2024,0.0,0.83875126,0
img_08483_2024,0.0,0.026156753,0
img_08481_2024,0.0,0.3874159,0
img_08487_2024,0.0,0.36634782,0
img_08485_2024,0.0,0.53447986,0
img_08489_2024,0.0,0.23169617,0
img_08287_p01_2024,0.0,0.012299669,0
img_08287_p02_2024,0.0,0.013947221,0
img_08287_p03_2024,0.0,0.015425812,0
img_08287_p04_2024,0.0,0.016887333,0
img_08287_p05_2024,0.0,0.059009526,0
img_08287_p06_2024,0.0,0.015947774,0
img_08287_p07_2024,0.0,0.06533794,0
img_08287_p08_2024,0.0,0.02919591,0
img_08287_p09_2024,0.0,0.013218175,0
img_08287_p10_2024,0.0,0.03568994,0
img_08484_2024,0.0,0.17352284,0
img_08488_2024,0.0,0.080585934,0
img_08492_2024,0.0,0.059073728,0
img_08496_2024,0.0,0.31972322,0
img_08494_2024,0.0,0.052124597,0
img_08497_2024,0.0,0.054708097,0
img_08490_2024,0.0,0.9886874,1
img_08493_2024,0.0,0.6993497,0
img_08498_2024,0.0,0.18877375,0
img_08499_2024,0.0,0.13885929,0
img_08495_2024,0.0,0.013757433,0
img_08491_2024,0.0,0.012032748,0
img_08501_2024,0.0,0.95698214,1
img_08510_2024,0.0,0.12713385,0
img_08504_2024,0.0,0.02641147,0
img_08508_2024,0.0,0.8227123,0
img_08511_2024,0.0,0.100721754,0
img_08507_2024,0.0,0.8559424,0
img_08505_2024,0.0,0.38465905,0
img_08512_2024,0.0,0.7898688,0
img_08509_2024,0.0,0.4280865,0
img_08506_2024,0.0,0.97765255,1
img_08514_2024,0.0,0.13261825,0
img_08516_2024,0.0,0.38222256,0
img_08500_2024,0.0,0.07412439,0
img_08503_2024,0.0,0.633491,0
img_08515_2024,0.0,0.52548987,0
img_08517_2024,0.0,0.040823173,0
img_08486_p01_2024,0.0,0.16335689,0
img_08486_p02_2024,0.0,0.032625016,0
img_08513_2024,0.0,0.03782455,0
img_08520_2024,0.0,0.4003276,0
img_08518_2024,0.0,0.2098642,0
img_08524_2024,0.0,0.91191065,1
img_08401_p01_2024,0.0,0.03601487,0
img_08401_p02_2024,0.0,0.04659752,0
img_08401_p03_2024,0.0,0.086242616,0
img_08401_p04_2024,0.0,0.080112234,0
img_08401_p05_2024,0.0,0.043939896,0
img_08401_p06_2024,0.0,0.06398922,0
img_08519_2024,0.0,0.1407184,0
img_08525_2024,0.0,0.09623138,0
img_08521_2024,0.0,0.67899984,0
img_08526_2024,0.0,0.21747375,0
img_08529_2024,0.0,0.08613569,0
img_08523_2024,0.0,0.034870878,0
img_08528_2024,0.0,0.08627026,0
img_08532_2024,0.0,0.43191865,0
img_08315_p01_2024,0.0,0.17817156,0
img_08315_p02_2024,0.0,0.05192029,0
img_08315_p03_2024,0.0,0.11634005,0
img_08315_p04_2024,0.0,0.084690705,0
img_08315_p05_2024,0.0,0.091612935,0
img_08315_p06_2024,0.0,0.17652498,0
img_08315_p07_2024,0.0,0.08975318,0
img_08315_p08_2024,0.0,0.028901178,0
img_08315_p09_2024,0.0,0.26082787,0
img_08315_p10_2024,0.0,0.5693258,0
img_08535_2024,0.0,0.097712666,0
img_08527_2024,0.0,0.06675638,0
img_08530_2024,0.0,0.2153988,0
img_08539_2024,0.0,0.07120755,0
img_08537_2024,0.0,0.04009091,0
img_08531_2024,0.0,0.867973,0
img_08534_2024,0.0,0.906259,0
img_08536_2024,0.0,0.13194986,0
img_08540_2024,0.0,0.5270268,0
img_08542_2024,0.0,0.55109996,0
img_08544_2024,0.0,0.91782415,1
img_08543_2024,0.0,0.29464793,0
img_08547_2024,0.0,0.13412802,0
img_08545_2024,0.0,0.052323487,0
img_08533_2024,0.0,0.98819846,1
img_08541_2024,0.0,0.025504304,0
img_08549_2024,0.0,0.6938028,0
img_08552_2024,0.0,0.038201235,0
img_08548_2024,0.0,0.041633442,0
img_08546_2024,0.0,0.28753743,0
img_08522_p01_2024,0.0,0.03582961,0
img_08522_p02_2024,0.0,0.037579868,0
img_08560_2024,0.0,0.17742677,0
img_08556_2024,0.0,0.071754366,0
img_08559_2024,0.0,0.22205395,0
img_08551_2024,0.0,0.036063485,0
img_08561_2024,0.0,0.6663794,0
img_08554_2024,0.0,0.35885808,0
img_08557_2024,0.0,0.124409616,0
img_08564_2024,0.0,0.641167,0
img_08555_2024,0.0,0.033209097,0
img_08562_2024,0.0,0.7145611,0
img_08550_2024,0.0,0.08040959,0
img_08565_2024,0.0,0.1679615,0
img_08567_2024,0.0,0.688204,0
img_08566_2024,0.0,0.06129956,0
img_08538_p01_2024,0.0,0.022800831,0
img_08538_p02_2024,0.0,0.09040502,0
img_08570_2024,0.0,0.26625198,0
img_08563_2024,0.0,0.64827436,0
img_08558_2024,0.0,0.7768707,0
img_08574_2024,0.0,0.5782561,0
img_08572_2024,0.0,0.031504918,0
img_08575_2024,0.0,0.09793122,0
img_08568_2024,0.0,0.5758007,0
img_08569_2024,0.0,0.4497512,0
img_08502_p01_2024,0.0,0.01892588,0
img_08502_p02_2024,0.0,0.26438832,0
img_08502_p03_2024,0.0,0.074203506,0
img_08502_p04_2024,0.0,0.05146664,0
img_08553_2024,0.0,0.045844734,0
img_08579_2024,0.0,0.37742707,0
img_08580_2024,0.0,0.8283048,0
img_08571_2024,0.0,0.1292996,0
img_08586_2024,0.0,0.02087468,0
img_08587_2024,0.0,0.74903846,0
img_08573_2024,0.0,0.16999525,0
img_08577_2024,0.0,0.54944533,0
img_08576_2024,0.0,0.07452908,0
img_08578_2024,0.0,0.69446796,0
img_08590_2024,0.0,0.3623505,0
img_08588_2024,0.0,0.08565017,0
img_08582_2024,0.0,0.98684144,1
img_08583_2024,0.0,0.018263714,0
img_08589_2024,0.0,0.89609367,0
img_08585_2024,0.0,0.11924927,0
img_08584_2024,0.0,0.03011566,0
img_08593_2024,0.0,0.2529235,0
img_08591_2024,0.0,0.20215702,0
img_08594_2024,0.0,0.15708277,0
img_08596_2024,0.0,0.2061505,0
img_08595_2024,0.0,0.65597254,0
img_08600_2024,0.0,0.03799585,0
img_08598_2024,0.0,0.5760424,0
img_08599_2024,0.0,0.07061109,0
img_08601_2024,0.0,0.9018053,0
img_08602_2024,0.0,0.0865631,0
img_08597_2024,0.0,0.017828796,0
img_08608_2024,0.0,0.106468044,0
img_08605_2024,0.0,0.17495033,0
img_08607_2024,0.0,0.014277524,0
img_08592_2024,0.0,0.025580805,0
img_08611_2024,0.0,0.043756943,0
img_08610_2024,0.0,0.12705816,0
img_08606_2024,0.0,0.0404897,0
img_08609_2024,0.0,0.15099773,0
img_08613_2024,0.0,0.09501211,0
img_08614_2024,0.0,0.09068874,0
img_08616_2024,0.0,0.14143881,0
img_08612_2024,0.0,0.6286557,0
img_08619_2024,0.0,0.67111576,0
img_08617_2024,0.0,0.58975965,0
img_08621_2024,0.0,0.06137907,0
img_08618_2024,0.0,0.05863653,0
img_08620_2024,0.0,0.33762714,0
img_08615_2024,0.0,0.59458596,0
img_08622_2024,0.0,0.1663225,0
img_08623_2024,0.0,0.07969114,0
img_08624_2024,0.0,0.009672477,0
img_08625_2024,0.0,0.05445823,0
img_08628_2024,0.0,0.94167686,1
img_08629_2024,0.0,0.29457623,0
img_08634_2024,0.0,0.07439752,0
img_08627_2024,0.0,0.015679272,0
img_08631_2024,0.0,0.077611156,0
img_08638_2024,0.0,0.020043995,0
img_08630_2024,0.0,0.5171184,0
img_08641_2024,0.0,0.308636,0
img_08642_2024,0.0,0.10718289,0
img_08632_2024,0.0,0.30258104,0
img_08637_2024,0.0,0.05386968,0
img_08636_2024,0.0,0.3143058,0
img_08643_2024,0.0,0.22298561,0
img_08635_2024,0.0,0.035915237,0
img_08640_2024,0.0,0.55933404,0
img_08644_2024,0.0,0.7942024,0
img_08645_2024,0.0,0.10417994,0
img_08646_2024,0.0,0.98403144,1
img_08650_2024,0.0,0.5122855,0
img_08649_2024,0.0,0.18754405,0
img_08648_2024,0.0,0.31900334,0
img_08656_2024,0.0,0.45731103,0
img_08651_2024,0.0,0.037139706,0
img_08653_2024,0.0,0.6889321,0
img_08654_2024,0.0,0.1392686,0
img_08647_2024,0.0,0.17822054,0
img_08655_2024,0.0,0.3233363,0
img_08652_2024,0.0,0.11435218,0
img_08657_2024,0.0,0.012429589,0
img_08603_p01_2024,0.0,0.12722139,0
img_08603_p02_2024,0.0,0.23699965,0
img_08660_2024,0.0,0.73827565,0
img_08633_p01_2024,0.0,0.1726836,0
img_08633_p02_2024,0.0,0.0689287,0
img_08665_2024,0.0,0.1556727,0
img_08663_2024,0.0,0.8999069,0
img_08669_2024,0.0,0.03262987,0
img_08666_2024,0.0,0.08319118,0
img_08670_2024,0.0,0.9017854,0
img_08659_2024,0.0,0.32129315,0
img_08667_2024,0.0,0.520914,0
img_08661_2024,0.0,0.025440145,0
img_08671_2024,0.0,0.87169594,0
img_08658_2024,0.0,0.2607452,0
img_08639_p01_2024,0.0,0.16819671,0
img_08639_p02_2024,0.0,0.02583039,0
img_08604_p01_2024,0.0,0.101271406,0
img_08604_p02_2024,0.0,0.021787867,0
img_08604_p03_2024,0.0,0.039088428,0
img_08604_p04_2024,0.0,0.025469467,0
img_08673_2024,0.0,0.13830377,0
img_08672_2024,0.0,0.02605498,0
img_08664_2024,0.0,0.15475586,0
img_08674_2024,0.0,0.12787911,0
img_08662_2024,0.0,0.72894305,0
img_08668_2024,0.0,0.03452981,0
img_08678_2024,0.0,0.09371485,0
img_08680_2024,0.0,0.13477702,0
img_08682_2024,0.0,0.9750879,1
img_08677_2024,0.0,0.11280242,0
img_08679_2024,0.0,0.032082528,0
img_08683_2024,0.0,0.049998928,0
img_08675_2024,0.0,0.20715179,0
img_08686_2024,0.0,0.1187173,0
img_08684_2024,0.0,0.90225166,0
img_08691_2024,0.0,0.031281825,0
img_08689_2024,0.0,0.049987886,0
img_08692_2024,0.0,0.06599225,0
img_08687_2024,0.0,0.030037304,0
img_08688_2024,0.0,0.25601318,0
img_08690_2024,0.0,0.04062538,0
img_08695_2024,0.0,0.8179451,0
img_08696_2024,0.0,0.2590133,0
img_08698_2024,0.0,0.35547426,0
img_08699_2024,0.0,0.22134255,0
img_08697_2024,0.0,0.61908996,0
img_08702_2024,0.0,0.08459809,0
img_08694_2024,0.0,0.01783045,0
img_08693_2024,0.0,0.34703484,0
img_08707_2024,0.0,0.6367672,0
img_08700_2024,0.0,0.05825551,0
img_08704_2024,0.0,0.049605004,0
img_08706_2024,0.0,0.94942194,1
img_08703_2024,0.0,0.8502842,0
img_08705_2024,0.0,0.693366,0
img_08681_p01_2024,0.0,0.4334731,0
img_08681_p02_2024,0.0,0.4833407,0
img_08710_2024,0.0,0.5847491,0
img_08709_2024,0.0,0.05437638,0
img_08711_2024,0.0,0.9511903,1
img_08626_p01_2024,0.0,0.037177037,0
img_08626_p02_2024,0.0,0.023902683,0
img_08626_p03_2024,0.0,0.016878493,0
img_08626_p04_2024,0.0,0.02635607,0
img_08685_p01_2024,0.0,0.064036846,0
img_08685_p02_2024,0.0,0.11332698,0
img_08712_2024,0.0,0.07120086,0
img_08713_2024,0.0,0.5892623,0
img_08715_2024,0.0,0.23282841,0
img_08708_2024,0.0,0.5149975,0
img_08721_2024,0.0,0.44880852,0
img_08717_2024,0.0,0.34165522,0
img_08720_2024,0.0,0.9851409,1
img_08718_2024,0.0,0.17927587,0
img_08722_2024,0.0,0.67593855,0
img_08723_2024,0.0,0.08883899,0
img_08714_2024,0.0,0.6406773,0
img_08726_2024,0.0,0.037315786,0
img_08724_2024,0.0,0.01707039,0
img_08729_2024,0.0,0.20394208,0
img_08719_2024,0.0,0.6840451,0
img_08728_2024,0.0,0.9321233,1
img_08727_2024,0.0,0.13806722,0
img_08725_2024,0.0,0.021782406,0
img_08733_2024,0.0,0.7481017,0
img_08734_2024,0.0,0.970873,1
img_08731_2024,0.0,0.01956304,0
img_08732_2024,0.0,0.020768289,0
img_08736_2024,0.0,0.07836448,0
img_08738_2024,0.0,0.18799841,0
img_08581_p01_2024,0.0,0.102817684,0
img_08581_p02_2024,0.0,0.05792874,0
img_08581_p03_2024,0.0,0.04258194,0
img_08581_p04_2024,0.0,0.17530443,0
img_08581_p05_2024,0.0,0.06319894,0
img_08581_p06_2024,0.0,0.118891396,0
img_08676_p01_2024,0.0,0.035417814,0
img_08676_p02_2024,0.0,0.122655414,0
img_08676_p03_2024,0.0,0.02564173,0
img_08676_p04_2024,0.0,0.05695999,0
img_08730_2024,0.0,0.12855868,0
img_08735_2024,0.0,0.3710304,0
img_08743_2024,0.0,0.1534908,0
img_08739_2024,0.0,0.9690437,1
img_08744_2024,0.0,0.35093826,0
img_08741_2024,0.0,0.08391142,0
img_08740_2024,0.0,0.51536745,0
img_08746_2024,0.0,0.14089069,0
img_08748_2024,0.0,0.24927759,0
img_08754_2024,0.0,0.027233053,0
img_08747_2024,0.0,0.7672608,0
img_08750_2024,0.0,0.45119324,0
img_08752_2024,0.0,0.24810769,0
img_08753_2024,0.0,0.15424608,0
img_08755_2024,0.0,0.014668913,0
img_08757_2024,0.0,0.97255963,1
img_08742_2024,0.0,0.17030935,0
img_08751_2024,0.0,0.7101033,0
img_08749_2024,0.0,0.98012125,1
img_08701_p01_2024,0.0,0.093902,0
img_08701_p02_2024,0.0,0.11458347,0
img_08701_p03_2024,0.0,0.25484276,0
img_08701_p04_2024,0.0,0.20712972,0
img_08756_2024,0.0,0.089619085,0
img_08759_2024,0.0,0.015594778,0
img_08758_2024,0.0,0.66259885,0
img_08760_2024,0.0,0.3254311,0
img_08767_2024,0.0,0.08765909,0
img_08761_2024,0.0,0.78803706,0
img_08762_2024,0.0,0.05897657,0
img_08765_2024,0.0,0.24933396,0
img_08773_2024,0.0,0.0627297,0
img_08745_p01_2024,0.0,0.037153643,0
img_08745_p02_2024,0.0,0.058584772,0
img_08768_2024,0.0,0.85170263,0
img_08769_2024,0.0,0.023903484,0
img_08766_2024,0.0,0.2693702,0
img_08771_2024,0.0,0.7642291,0
img_08737_p01_2024,0.0,0.47476754,0
img_08737_p02_2024,0.0,0.23755686,0
img_08763_2024,0.0,0.51843023,0
img_08778_2024,0.0,0.06934319,0
img_08776_2024,0.0,0.6025728,0
img_08772_2024,0.0,0.0780805,0
img_08779_2024,0.0,0.09516702,0
img_08777_2024,0.0,0.7893761,0
img_08770_2024,0.0,0.3002494,0
img_08774_2024,0.0,0.17961623,0
img_08775_2024,0.0,0.22953412,0
img_08781_2024,0.0,0.20985073,0
img_08764_2024,0.0,0.10144618,0
img_08785_2024,0.0,0.33163863,0
img_08782_2024,0.0,0.35230213,0
img_08784_2024,0.0,0.20199192,0
img_08783_2024,0.0,0.19702876,0
img_08780_2024,0.0,0.052516334,0
img_08786_2024,0.0,0.43949446,0
img_08790_2024,0.0,0.28377336,0
img_08791_2024,0.0,0.01567023,0
img_08787_2024,0.0,0.20978938,0
img_08794_2024,0.0,0.033486426,0
img_08789_2024,0.0,0.23566757,0
img_08792_2024,0.0,0.23521705,0
img_08798_2024,0.0,0.117181905,0
img_08795_2024,0.0,0.06488871,0
img_08799_2024,0.0,0.29961273,0
img_08801_2024,0.0,0.1659555,0
img_08797_2024,0.0,0.42660895,0
img_08793_2024,0.0,0.31173655,0
img_08803_2024,0.0,0.40470836,0
img_08796_2024,0.0,0.019607516,0
img_08805_2024,0.0,0.03517504,0
img_08804_2024,0.0,0.27014163,0
img_08800_2024,0.0,0.76011926,0
img_08716_p01_2024,0.0,0.32758322,0
img_08716_p02_2024,0.0,0.18507825,0
img_08716_p03_2024,0.0,0.061991,0
img_08716_p04_2024,0.0,0.5120639,0
img_08806_2024,0.0,0.25732315,0
img_08802_2024,0.0,0.5491515,0
img_08810_2024,0.0,0.042697135,0
img_08812_2024,0.0,0.07722183,0
img_08808_2024,0.0,0.86913115,0
img_08809_2024,0.0,0.0126527315,0
img_08818_2024,0.0,0.36788005,0
img_08814_2024,0.0,0.98072606,1
img_08815_2024,0.0,0.042955197,0
img_08817_2024,0.0,0.3131145,0
img_08811_2024,0.0,0.86730826,0
img_08821_2024,0.0,0.21891809,0
img_08807_2024,0.0,0.023312567,0
img_08819_2024,0.0,0.020615263,0
img_08813_2024,0.0,0.041205447,0
img_08820_2024,0.0,0.07315685,0
img_08822_2024,0.0,0.5488777,0
img_08823_2024,0.0,0.107980534,0
img_08825_2024,0.0,0.037468694,0
img_08816_2024,0.0,0.48563424,0
img_08824_2024,0.0,0.6539026,0
img_08827_2024,0.0,0.1610427,0
img_08829_2024,0.0,0.51696503,0
img_08826_2024,0.0,0.4216142,0
img_08828_2024,0.0,0.06016226,0
img_08841_2024,0.0,0.52472955,0
img_08835_2024,0.0,0.96713376,1
img_08833_2024,0.0,0.21463297,0
img_08839_2024,0.0,0.9737828,1
img_08837_2024,0.0,0.24316841,0
img_08845_2024,0.0,0.103512004,0
img_08846_2024,0.0,0.47059876,0
img_08842_2024,0.0,0.9918727,1
img_08840_2024,0.0,0.10988178,0
img_08831_2024,0.0,0.030877316,0
img_08847_2024,0.0,0.12234512,0
img_08836_2024,0.0,0.21934626,0
img_08832_2024,0.0,0.78851706,0
img_08843_2024,0.0,0.18544301,0
img_08844_2024,0.0,0.5738182,0
img_08834_2024,0.0,0.02211273,0
img_08848_2024,0.0,0.39330545,0
img_08852_2024,0.0,0.20466816,0
img_08853_2024,0.0,0.99346817,1
img_08850_2024,0.0,0.06940336,0
img_08849_2024,0.0,0.109222844,0
img_08851_2024,0.0,0.05081482,0
img_08857_2024,0.0,0.4630509,0
img_08854_2024,0.0,0.9350323,1
img_08860_2024,0.0,0.42735276,0
img_08859_2024,0.0,0.7613615,0
img_08856_2024,0.0,0.015574894,0
img_08855_2024,0.0,0.017480273,0
img_08861_2024,0.0,0.5090228,0
img_08830_p01_2024,0.0,0.032722905,0
img_08830_p02_2024,0.0,0.092258,0
img_08866_2024,0.0,0.93120205,1
img_08864_2024,0.0,0.05434631,0
img_08865_2024,0.0,0.80944914,0
img_08858_2024,0.0,0.542573,0
img_08871_2024,0.0,0.5914037,0
img_08868_2024,0.0,0.92866135,1
img_08863_2024,0.0,0.03301784,0
img_08867_2024,0.0,0.9815398,1
img_08872_2024,0.0,0.036995858,0
img_08873_2024,0.0,0.25103778,0
img_08875_2024,0.0,0.046549562,0
img_08862_2024,0.0,0.97331166,1
img_08874_2024,0.0,0.8304327,0
img_08876_2024,0.0,0.09427859,0
img_08869_2024,0.0,0.78508306,0
img_08879_2024,0.0,0.39845905,0
img_08880_2024,0.0,0.5753418,0
img_08788_p01_2024,0.0,0.27886412,0
img_08788_p02_2024,0.0,0.26472518,0
img_08788_p03_2024,0.0,0.1673385,0
img_08788_p04_2024,0.0,0.59993535,0
img_08878_2024,0.0,0.96720785,1
img_08877_2024,0.0,0.050736096,0
img_08885_2024,0.0,0.059607334,0
img_08882_2024,0.0,0.016039228,0
img_08883_2024,0.0,0.25447237,0
img_08894_2024,0.0,0.081836484,0
img_08886_2024,0.0,0.48141614,0
img_08881_2024,0.0,0.061008185,0
img_08893_2024,0.0,0.17294681,0
img_08884_2024,0.0,0.042328417,0
img_08888_2024,0.0,0.7178289,0
img_08895_2024,0.0,0.90448636,0
img_08889_2024,0.0,0.6032841,0
img_08887_2024,0.0,0.064221464,0
img_08890_2024,0.0,0.13019046,0
img_08891_2024,0.0,0.09065216,0
img_08897_2024,0.0,0.08254861,0
img_08896_2024,0.0,0.08132302,0
img_08892_2024,0.0,0.051070116,0
img_08900_2024,0.0,0.46034777,0
img_08898_2024,0.0,0.050329585,0
img_08901_2024,0.0,0.09503645,0
img_08899_2024,0.0,0.20233358,0
img_08902_2024,0.0,0.48818853,0
img_08903_2024,0.0,0.41949365,0
img_08905_2024,0.0,0.1614332,0
img_08904_2024,0.0,0.15670098,0
img_08909_2024,0.0,0.72461665,0
img_08914_2024,0.0,0.5078562,0
img_08910_2024,0.0,0.024363589,0
img_08838_p01_2024,0.0,0.01469333,0
img_08838_p02_2024,0.0,0.02545725,0
img_08838_p03_2024,0.0,0.017144917,0
img_08838_p04_2024,0.0,0.122212335,0
img_08908_2024,0.0,0.543209,0
img_08906_2024,0.0,0.8143822,0
img_08918_2024,0.0,0.018598592,0
img_08915_2024,0.0,0.114685655,0
img_08913_2024,0.0,0.32642418,0
img_08912_2024,0.0,0.04086212,0
img_08907_2024,0.0,0.02997157,0
img_08916_2024,0.0,0.20573424,0
img_08911_2024,0.0,0.12682804,0
img_08921_2024,0.0,0.07708314,0
img_08926_2024,0.0,0.010659282,0
img_08924_2024,0.0,0.19933528,0
img_08927_2024,0.0,0.036469914,0
img_08928_2024,0.0,0.04470244,0
img_08930_2024,0.0,0.56971216,0
img_08929_2024,0.0,0.9809822,1
img_08923_2024,0.0,0.6449139,0
img_08925_2024,0.0,0.9929899,1
img_08870_p01_2024,0.0,0.08328089,0
img_08870_p02_2024,0.0,0.07420244,0
img_08870_p03_2024,0.0,0.18250875,0
img_08922_2024,0.0,0.035254948,0
img_08934_2024,0.0,0.36221594,0
img_08920_2024,0.0,0.02885148,0
img_08941_2024,0.0,0.42095244,0
img_08939_2024,0.0,0.17604186,0
img_08933_2024,0.0,0.19919358,0
img_08938_2024,0.0,0.51608855,0
img_08940_2024,0.0,0.9564013,1
img_08937_2024,0.0,0.71613973,0
img_08936_2024,0.0,0.09791753,0
img_08943_2024,0.0,0.047217898,0
img_08945_2024,0.0,0.6573765,0
img_08935_2024,0.0,0.08930375,0
img_08942_2024,0.0,0.14163566,0
img_08946_2024,0.0,0.12336359,0
img_08931_2024,0.0,0.117144905,0
img_08944_2024,0.0,0.93618447,1
img_08947_2024,0.0,0.1303883,0
img_08948_2024,0.0,0.96594554,1
img_08919_p01_2024,0.0,0.09559579,0
img_08919_p02_2024,0.0,0.038746387,0
img_08949_2024,0.0,0.06536953,0
img_08950_2024,0.0,0.7097255,0
img_08917_p01_2024,0.0,0.066762425,0
img_08917_p02_2024,0.0,0.19922867,0
img_08954_2024,0.0,0.9926386,1
img_08951_2024,0.0,0.24208273,0
img_08953_2024,0.0,0.91311693,1
img_08952_2024,0.0,0.014313519,0
img_08956_2024,0.0,0.088977136,0
img_08959_2024,0.0,0.019372791,0
img_08958_2024,0.0,0.023522345,0
img_08957_2024,0.0,0.08296966,0
img_08961_2024,0.0,0.19272104,0
img_08960_2024,0.0,0.94386333,1
img_08965_2024,0.0,0.059667166,0
img_08964_2024,0.0,0.27049413,0
img_08955_2024,0.0,0.5486264,0
img_08963_2024,0.0,0.17349963,0
img_08968_2024,0.0,0.0122513,0
img_08967_2024,0.0,0.90501094,0
img_08962_2024,0.0,0.07690219,0
img_08969_2024,0.0,0.259671,0
img_08966_2024,0.0,0.22032323,0
img_08971_2024,0.0,0.11364724,0
img_08972_2024,0.0,0.9793315,1
img_08977_2024,0.0,0.04068801,0
img_08970_2024,0.0,0.93545544,1
img_08932_p01_2024,0.0,0.034575477,0
img_08932_p02_2024,0.0,0.04788718,0
img_08978_2024,0.0,0.5412298,0
img_08979_2024,0.0,0.025327286,0
img_08976_2024,0.0,0.55833083,0
img_08981_2024,0.0,0.1476176,0
img_08980_2024,0.0,0.04998645,0
img_08975_2024,0.0,0.13574326,0
img_08985_2024,0.0,0.32448685,0
img_08983_2024,0.0,0.06460951,0
img_08973_2024,0.0,0.025734376,0
img_08982_2024,0.0,0.047609434,0
img_08991_2024,0.0,0.3503758,0
img_08989_2024,0.0,0.23948963,0
img_08990_2024,0.0,0.18232551,0
img_08987_2024,0.0,0.30339646,0
img_08997_2024,0.0,0.1821006,0
img_08998_2024,0.0,0.2665743,0
img_08993_2024,0.0,0.13253763,0
img_08999_2024,0.0,0.8615173,0
img_09002_2024,0.0,0.26745012,0
img_08996_2024,0.0,0.048138227,0
img_09001_2024,0.0,0.32042095,0
img_08994_2024,0.0,0.15953428,0
img_09000_2024,0.0,0.3943279,0
img_08984_p01_2024,0.0,0.96290845,1
img_08984_p02_2024,0.0,0.99264044,1
img_09006_2024,0.0,0.16813883,0
img_09008_2024,0.0,0.013536917,0
img_09004_2024,0.0,0.111954376,0
img_08974_p01_2024,0.0,0.016686253,0
img_08974_p02_2024,0.0,0.02855782,0
img_08974_p03_2024,0.0,0.040249895,0
img_09009_2024,0.0,0.12447188,0
img_09012_2024,0.0,0.4557334,0
img_09013_2024,0.0,0.032921147,0
img_09011_2024,0.0,0.017940247,0
img_09010_2024,0.0,0.39520264,0
img_09014_2024,0.0,0.12062572,0
img_09016_2024,0.0,0.31288123,0
img_08988_p01_2024,0.0,0.062259383,0
img_08988_p02_2024,0.0,0.03847795,0
img_09017_2024,0.0,0.10891214,0
img_09015_2024,0.0,0.07801834,0
img_08995_p01_2024,0.0,0.14044225,0
img_08995_p02_2024,0.0,0.093342,0
img_09007_2024,0.0,0.04630663,0
img_09021_2024,0.0,0.32992268,0
img_09020_2024,0.0,0.36867493,0
img_09024_2024,0.0,0.7110968,0
img_09023_2024,0.0,0.041975785,0
img_09022_2024,0.0,0.90579015,0
img_09019_2024,0.0,0.049969047,0
img_09026_2024,0.0,0.31640086,0
img_09025_2024,0.0,0.71835655,0
img_09003_p01_2024,0.0,0.049655326,0
img_09003_p02_2024,0.0,0.08530937,0
img_09028_2024,0.0,0.08681357,0
img_09029_2024,0.0,0.23898122,0
img_09034_2024,0.0,0.835053,0
img_09037_2024,0.0,0.012516287,0
img_09032_2024,0.0,0.29043195,0
img_09035_2024,0.0,0.6077642,0
img_09031_2024,0.0,0.42787862,0
img_09033_2024,0.0,0.29379135,0
img_09040_2024,0.0,0.082738385,0
img_09030_2024,0.0,0.13149606,0
img_09041_2024,0.0,0.24779898,0
img_09038_2024,0.0,0.24157333,0
img_09043_2024,0.0,0.9590838,1
img_09036_2024,0.0,0.09991229,0
img_09045_2024,0.0,0.070296966,0
img_09042_2024,0.0,0.42083442,0
img_09039_2024,0.0,0.7606016,0
img_09046_2024,0.0,0.15787946,0
img_09047_2024,0.0,0.13055952,0
img_09049_2024,0.0,0.25561175,0
img_09044_2024,0.0,0.05109984,0
img_09053_2024,0.0,0.19470672,0
img_09048_2024,0.0,0.3091218,0
img_09054_2024,0.0,0.7735568,0
img_09050_2024,0.0,0.055848982,0
img_09051_2024,0.0,0.0374517,0
img_08992_p01_2024,0.0,0.028366854,0
img_08992_p02_2024,0.0,0.042204354,0
img_08992_p03_2024,0.0,0.028128834,0
img_08992_p04_2024,0.0,0.031555966,0
img_09057_2024,0.0,0.2122888,0
img_09055_2024,0.0,0.32296512,0
img_09052_2024,0.0,0.02156918,0
img_09018_p01_2024,0.0,0.15107962,0
img_09018_p02_2024,0.0,0.1785302,0
img_09018_p03_2024,0.0,0.22329459,0
img_09058_2024,0.0,0.12688379,0
img_09062_2024,0.0,0.10172845,0
img_09063_2024,0.0,0.9834682,1
img_09064_2024,0.0,0.2931045,0
img_09056_2024,0.0,0.029344939,0
img_09065_2024,0.0,0.08540277,0
img_09069_2024,0.0,0.6209805,0
img_09066_2024,0.0,0.14650376,0
img_09061_2024,0.0,0.98401964,1
img_09074_2024,0.0,0.053290054,0
img_09068_2024,0.0,0.47004852,0
img_09067_2024,0.0,0.18361361,0
img_09070_2024,0.0,0.84186244,0
img_09075_2024,0.0,0.10716975,0
img_09072_2024,0.0,0.04631,0
img_09076_2024,0.0,0.7415872,0
img_09071_2024,0.0,0.9884282,1
img_09079_2024,0.0,0.96036094,1
img_09081_2024,0.0,0.61898535,0
img_09080_2024,0.0,0.31792325,0
img_09082_2024,0.0,0.16753875,0
img_09086_2024,0.0,0.6180585,0
img_09084_2024,0.0,0.15747401,0
img_09087_2024,0.0,0.5071614,0
img_09088_2024,0.0,0.12522268,0
img_09094_2024,0.0,0.017546427,0
img_09027_p01_2024,0.0,0.06889257,0
img_09027_p02_2024,0.0,0.029953817,0
img_09027_p03_2024,0.0,0.03954414,0
img_09027_p04_2024,0.0,0.018646134,0
img_09092_2024,0.0,0.33605686,0
img_09089_2024,0.0,0.035952147,0
img_09095_2024,0.0,0.47603527,0
img_09098_2024,0.0,0.5404661,0
img_09090_2024,0.0,0.12706639,0
img_09005_p01_2024,0.0,0.03999223,0
img_09005_p02_2024,0.0,0.29438254,0
img_09005_p03_2024,0.0,0.79571116,0
img_09005_p04_2024,0.0,0.053486686,0
img_09005_p05_2024,0.0,0.042611968,0
img_09005_p06_2024,0.0,0.040999066,0
img_09097_2024,0.0,0.05226728,0
img_09101_2024,0.0,0.2846089,0
img_09102_2024,0.0,0.023163687,0
img_09099_2024,0.0,0.94762504,1
img_09106_2024,0.0,0.13789055,0
img_09105_2024,0.0,0.6557934,0
img_09104_2024,0.0,0.032881293,0
img_09103_2024,0.0,0.09403487,0
img_09100_2024,0.0,0.9817085,1
img_09111_2024,0.0,0.08806928,0
img_09091_2024,0.0,0.7513944,0
img_09109_2024,0.0,0.26675177,0
img_09085_2024,0.0,0.3605052,0
img_09108_2024,0.0,0.32449263,0
img_09059_p01_2024,0.0,0.91618407,1
img_09059_p02_2024,0.0,0.92325115,1
img_09113_2024,0.0,0.20155603,0
img_09073_p01_2024,0.0,0.29631746,0
img_09073_p02_2024,0.0,0.19208747,0
img_09073_p03_2024,0.0,0.17081633,0
img_09073_p04_2024,0.0,0.2613232,0
img_09114_2024,0.0,0.17380792,0
img_09083_p01_2024,0.0,0.070837416,0
img_09083_p02_2024,0.0,0.030442433,0
img_09118_2024,0.0,0.16730462,0
img_09110_2024,0.0,0.031815726,0
img_09112_2024,0.0,0.40780768,0
img_09107_2024,0.0,0.039428413,0
img_09120_2024,0.0,0.6504667,0
img_09115_2024,0.0,0.043964393,0
img_09119_2024,0.0,0.9634866,1
img_09116_2024,0.0,0.036722243,0
img_09121_2024,0.0,0.05482127,0
img_08986_p01_2024,0.0,0.012411751,0
img_08986_p02_2024,0.0,0.040031888,0
img_08986_p03_2024,0.0,0.24453789,0
img_08986_p04_2024,0.0,0.017886829,0
img_08986_p05_2024,0.0,0.015523457,0
img_08986_p06_2024,0.0,0.050132148,0
img_09077_2024,0.0,0.37583593,0
img_09122_2024,0.0,0.158045,0
img_09096_2024,0.0,0.2985988,0
img_09117_2024,0.0,0.061704155,0
img_09125_2024,0.0,0.6863193,0
img_09124_2024,0.0,0.3733083,0
img_09123_2024,0.0,0.2601486,0
img_09126_2024,0.0,0.1518352,0
img_09132_2024,0.0,0.08281695,0
img_09130_2024,0.0,0.39524436,0
img_09129_2024,0.0,0.06936339,0
img_09131_2024,0.0,0.93257713,1
img_09128_2024,0.0,0.04110067,0
img_09135_2024,0.0,0.15086548,0
img_09133_2024,0.0,0.442477,0
img_09138_2024,0.0,0.02292492,0
img_09137_2024,0.0,0.31004044,0
img_09127_2024,0.0,0.13525118,0
img_09142_2024,0.0,0.7404843,0
img_09141_2024,0.0,0.01947573,0
img_09140_2024,0.0,0.045999743,0
img_09139_2024,0.0,0.2301513,0
img_09144_2024,0.0,0.98930246,1
img_09143_2024,0.0,0.541683,0
img_09146_2024,0.0,0.86176986,0
img_09134_2024,0.0,0.47879165,0
img_09145_2024,0.0,0.036506243,0
img_09147_2024,0.0,0.23785481,0
img_09148_2024,0.0,0.5485646,0
img_09150_2024,0.0,0.52552634,0
img_09149_2024,0.0,0.03226345,0
img_09154_2024,0.0,0.8889374,0
img_09153_2024,0.0,0.021650039,0
img_09152_2024,0.0,0.22229421,0
img_09156_2024,0.0,0.34504524,0
img_09157_2024,0.0,0.112097025,0
img_09159_2024,0.0,0.11800573,0
img_09158_2024,0.0,0.13751216,0
img_09163_2024,0.0,0.017438702,0
img_09078_p01_2024,0.0,0.11081445,0
img_09078_p02_2024,0.0,0.023155013,0
img_09078_p03_2024,0.0,0.076920114,0
img_09078_p04_2024,0.0,0.04382525,0
img_09078_p05_2024,0.0,0.07314539,0
img_09078_p06_2024,0.0,0.6344001,0
img_09165_2024,0.0,0.5711562,0
img_09164_2024,0.0,0.16696994,0
img_09161_2024,0.0,0.948105,1
img_09162_2024,0.0,0.3795299,0
img_09160_2024,0.0,0.9788744,1
img_09166_2024,0.0,0.24374169,0
img_09093_p01_2024,0.0,0.1448716,0
img_09093_p02_2024,0.0,0.015085298,0
img_09093_p03_2024,0.0,0.024040846,0
img_09169_2024,0.0,0.23103966,0
img_09168_2024,0.0,0.9615558,1
img_09172_2024,0.0,0.9412825,1
img_09171_2024,0.0,0.61951435,0
img_09167_2024,0.0,0.21206586,0
img_09173_2024,0.0,0.9488934,1
img_09060_p01_2024,0.0,0.17190047,0
img_09060_p02_2024,0.0,0.0641715,0
img_09060_p03_2024,0.0,0.018014155,0
img_09060_p04_2024,0.0,0.029290939,0
img_09060_p05_2024,0.0,0.037850484,0
img_09060_p06_2024,0.0,0.031692173,0
img_09060_p07_2024,0.0,0.020047521,0
img_09060_p08_2024,0.0,0.016205715,0
img_09170_2024,0.0,0.10077737,0
img_09176_2024,0.0,0.15057267,0
img_09177_2024,0.0,0.037634023,0
img_09178_2024,0.0,0.5746624,0
img_09174_2024,0.0,0.3734075,0
img_09179_2024,0.0,0.2551627,0
img_09183_2024,0.0,0.5985109,0
img_09175_2024,0.0,0.92933273,1
img_09181_2024,0.0,0.1725059,0
img_09182_2024,0.0,0.027856553,0
img_09184_2024,0.0,0.027703613,0
img_09187_2024,0.0,0.17210495,0
img_09188_2024,0.0,0.5231507,0
img_09190_2024,0.0,0.97478765,1
img_09189_2024,0.0,0.014256983,0
img_09194_2024,0.0,0.040225644,0
img_09155_p01_2024,0.0,0.06785654,0
img_09155_p02_2024,0.0,0.0256297,0
img_09185_2024,0.0,0.15278812,0
img_09186_2024,0.0,0.4516755,0
img_09192_2024,0.0,0.16599841,0
img_09191_2024,0.0,0.06811731,0
img_09195_2024,0.0,0.11382004,0
img_09198_2024,0.0,0.97194046,1
img_09197_2024,0.0,0.47558737,0
img_09136_p01_2024,0.0,0.683953,0
img_09136_p02_2024,0.0,0.95425963,1
img_09136_p03_2024,0.0,0.81328255,0
img_09136_p04_2024,0.0,0.7714328,0
img_09199_2024,0.0,0.9716655,1
img_09196_2024,0.0,0.10121762,0
img_09200_2024,0.0,0.09696843,0
img_09201_2024,0.0,0.029215023,0
img_09203_2024,0.0,0.3626888,0
img_09202_2024,0.0,0.09099998,0
img_09204_2024,0.0,0.30646095,0
img_09207_2024,0.0,0.20929243,0
img_09210_2024,0.0,0.29335952,0
img_09208_2024,0.0,0.9617216,1
img_09180_p01_2024,0.0,0.4867502,0
img_09180_p02_2024,0.0,0.8329318,0
img_09209_2024,0.0,0.3885504,0
img_09212_2024,0.0,0.527697,0
img_09206_2024,0.0,0.06379898,0
img_09211_2024,0.0,0.63051856,0
img_09214_2024,0.0,0.6921358,0
img_09217_2024,0.0,0.023193596,0
img_09216_2024,0.0,0.97498983,1
img_09221_2024,0.0,0.0986262,0
img_09215_2024,0.0,0.7318743,0
img_09222_2024,0.0,0.28112054,0
img_09220_2024,0.0,0.5586614,0
img_09213_2024,0.0,0.036208954,0
img_09219_2024,0.0,0.09588382,0
img_09151_p01_2024,0.0,0.03650039,0
img_09151_p02_2024,0.0,0.027710536,0
img_09151_p03_2024,0.0,0.061709225,0
img_09151_p04_2024,0.0,0.015840625,0
img_09225_2024,0.0,0.53311944,0
img_09218_2024,0.0,0.2824522,0
img_09223_2024,0.0,0.064986505,0
img_09227_2024,0.0,0.27229986,0
img_09226_2024,0.0,0.08851028,0
img_09228_2024,0.0,0.4336217,0
img_09230_2024,0.0,0.31690136,0
img_09232_2024,0.0,0.7765693,0
img_09231_2024,0.0,0.9744522,1
img_09234_2024,0.0,0.98967326,1
img_09233_2024,0.0,0.62335795,0
img_09241_2024,0.0,0.09105782,0
img_09238_2024,0.0,0.67620826,0
img_09239_2024,0.0,0.0981409,0
img_09229_2024,0.0,0.15634076,0
img_09235_2024,0.0,0.53312653,0
img_09237_2024,0.0,0.10797339,0
img_09243_2024,0.0,0.77519417,0
img_09236_2024,0.0,0.953187,1
img_09245_2024,0.0,0.49348956,0
img_09246_2024,0.0,0.4164368,0
img_09247_2024,0.0,0.8997336,0
img_09244_2024,0.0,0.27751213,0
img_09250_2024,0.0,0.7456077,0
img_09249_2024,0.0,0.8433697,0
img_09251_2024,0.0,0.05107771,0
img_09248_2024,0.0,0.32961553,0
img_09254_2024,0.0,0.24324739,0
img_09257_2024,0.0,0.6165983,0
img_09255_2024,0.0,0.979067,1
img_09259_2024,0.0,0.8145756,0
img_09224_p01_2024,0.0,0.10370372,0
img_09224_p02_2024,0.0,0.06931365,0
img_09253_2024,0.0,0.050143324,0
img_09256_2024,0.0,0.16018356,0
img_09260_2024,0.0,0.078380615,0
img_09252_2024,0.0,0.02578429,0
img_09261_2024,0.0,0.05109744,0
img_09262_2024,0.0,0.3939367,0
img_09263_2024,0.0,0.12071423,0
img_09266_2024,0.0,0.03254391,0
img_09265_2024,0.0,0.07281972,0
img_09242_p01_2024,0.0,0.5897148,0
img_09242_p02_2024,0.0,0.27147806,0
img_09272_2024,0.0,0.3127334,0
img_09275_2024,0.0,0.3616524,0
img_09274_2024,0.0,0.13788797,0
img_09267_2024,0.0,0.069317296,0
img_09269_2024,0.0,0.022610545,0
img_09271_2024,0.0,0.25446093,0
img_09276_2024,0.0,0.0203618,0
img_09273_2024,0.0,0.03637145,0
img_09268_2024,0.0,0.2674454,0
img_09277_2024,0.0,0.25185502,0
img_09278_2024,0.0,0.3392503,0
img_09279_2024,0.0,0.09827668,0
img_09240_p01_2024,0.0,0.6039096,0
img_09240_p02_2024,0.0,0.29594007,0
img_09280_2024,0.0,0.15229951,0
img_09284_2024,0.0,0.37884396,0
img_09288_2024,0.0,0.08079682,0
img_09285_2024,0.0,0.45735013,0
img_09287_2024,0.0,0.8857482,0
img_09286_2024,0.0,0.9220823,1
img_09258_p01_2024,0.0,0.05733488,0
img_09258_p02_2024,0.0,0.057039533,0
img_09289_2024,0.0,0.3438863,0
img_09281_2024,0.0,0.033434954,0
img_09270_2024,0.0,0.06582463,0
img_09282_2024,0.0,0.022279589,0
img_09290_2024,0.0,0.1242728,0
img_09292_2024,0.0,0.77719814,0
img_09291_2024,0.0,0.04534642,0
img_09293_2024,0.0,0.9595284,1
img_09283_2024,0.0,0.028529556,0
img_09294_2024,0.0,0.030092826,0
img_09295_2024,0.0,0.06099226,0
img_09298_2024,0.0,0.87239,0
img_09297_2024,0.0,0.5726764,0
img_09302_2024,0.0,0.13261792,0
img_09296_2024,0.0,0.8863435,0
img_09303_2024,0.0,0.61958504,0
img_09299_2024,0.0,0.09787447,0
img_09304_2024,0.0,0.80711466,0
img_09309_2024,0.0,0.78716946,0
img_09305_2024,0.0,0.13824956,0
img_09307_2024,0.0,0.17160271,0
img_09306_2024,0.0,0.58042884,0
img_09310_2024,0.0,0.15803544,0
img_09308_2024,0.0,0.530595,0
img_09311_2024,0.0,0.031559486,0
img_09300_2024,0.0,0.4666526,0
img_09313_2024,0.0,0.3125682,0
img_09317_2024,0.0,0.054283082,0
img_09314_2024,0.0,0.2810702,0
img_09301_2024,0.0,0.017670145,0
img_09320_2024,0.0,0.71494895,0
img_09315_2024,0.0,0.17019859,0
img_09316_2024,0.0,0.06729142,0
img_09323_2024,0.0,0.23407528,0
img_09264_p01_2024,0.0,0.0187609,0
img_09264_p02_2024,0.0,0.031864084,0
img_09264_p03_2024,0.0,0.034811158,0
img_09264_p04_2024,0.0,0.04301122,0
img_09322_2024,0.0,0.22511138,0
img_09312_2024,0.0,0.38415816,0
img_09328_2024,0.0,0.39354515,0
img_09319_2024,0.0,0.017893817,0
img_09318_2024,0.0,0.10701668,0
img_09333_2024,0.0,0.25545326,0
img_09330_2024,0.0,0.30448392,0
img_09321_2024,0.0,0.19833143,0
img_09332_2024,0.0,0.5554387,0
img_09331_2024,0.0,0.03463569,0
img_09329_2024,0.0,0.48209083,0
img_09338_2024,0.0,0.42417613,0
img_09326_2024,0.0,0.17203848,0
img_09337_2024,0.0,0.6395637,0
img_09335_2024,0.0,0.97228247,1
img_09340_2024,0.0,0.23774123,0
img_09341_2024,0.0,0.15797333,0
img_09345_2024,0.0,0.06465134,0
img_09336_2024,0.0,0.021291861,0
img_09342_2024,0.0,0.008659658,0
img_09346_2024,0.0,0.552574,0
img_09339_2024,0.0,0.08006655,0
img_09205_p01_2024,0.0,0.18237326,0
img_09205_p02_2024,0.0,0.048213977,0
img_09205_p03_2024,0.0,0.1088485,0
img_09205_p04_2024,0.0,0.03711645,0
img_09205_p05_2024,0.0,0.06673304,0
img_09205_p06_2024,0.0,0.052711222,0
img_09348_2024,0.0,0.6610953,0
img_09349_2024,0.0,0.070229754,0
img_09347_2024,0.0,0.048843935,0
img_09343_2024,0.0,0.24169469,0
img_09344_2024,0.0,0.87046134,0
img_09351_2024,0.0,0.83460575,0
img_09324_p01_2024,0.0,0.045509823,0
img_09324_p02_2024,0.0,0.026851919,0
img_09334_p01_2024,0.0,0.018300317,0
img_09334_p02_2024,0.0,0.038689453,0
img_09357_2024,0.0,0.24160264,0
img_09350_2024,0.0,0.29094365,0
img_09353_2024,0.0,0.18135466,0
img_09355_2024,0.0,0.2067328,0
img_09362_2024,0.0,0.42258993,0
img_09358_2024,0.0,0.045975525,0
img_09352_2024,0.0,0.037660703,0
img_09354_2024,0.0,0.43384168,0
img_09327_p01_2024,0.0,0.094584495,0
img_09327_p02_2024,0.0,0.07378909,0
img_09359_2024,0.0,0.25153068,0
img_09360_2024,0.0,0.40678382,0
img_09361_2024,0.0,0.06209905,0
img_09356_2024,0.0,0.42547134,0
img_09364_2024,0.0,0.32054663,0
img_09365_2024,0.0,0.97122025,1
img_09366_2024,0.0,0.20298974,0
img_09372_2024,0.0,0.23956981,0
img_09367_2024,0.0,0.39806935,0
img_09369_2024,0.0,0.02790141,0
img_09376_2024,0.0,0.8898646,0
img_09370_2024,0.0,0.06064822,0
img_09373_2024,0.0,0.12688431,0
img_09363_2024,0.0,0.8491747,0
img_09377_2024,0.0,0.18268313,0
img_09378_2024,0.0,0.05261352,0
img_09379_2024,0.0,0.55668914,0
img_09374_2024,0.0,0.2976523,0
img_09380_2024,0.0,0.14408913,0
img_09381_2024,0.0,0.97631186,1
img_09388_2024,0.0,0.26552278,0
img_09387_2024,0.0,0.61775184,0
img_09385_2024,0.0,0.18279201,0
img_09390_2024,0.0,0.13045233,0
img_09386_2024,0.0,0.96167284,1
img_09384_2024,0.0,0.046230648,0
img_09382_2024,0.0,0.20996104,0
img_09371_2024,0.0,0.03411893,0
img_09394_2024,0.0,0.32108074,0
img_09392_2024,0.0,0.05906426,0
img_09391_2024,0.0,0.24176362,0
img_09395_2024,0.0,0.54761034,0
img_09368_p01_2024,0.0,0.07284345,0
img_09368_p02_2024,0.0,0.055474166,0
img_09397_2024,0.0,0.24964365,0
img_09400_2024,0.0,0.47172004,0
img_09403_2024,0.0,0.61960757,0
img_09402_2024,0.0,0.9675867,1
img_09399_2024,0.0,0.12237036,0
img_09398_2024,0.0,0.98166484,1
img_09396_2024,0.0,0.29728666,0
img_09404_2024,0.0,0.89581734,0
img_09401_2024,0.0,0.9590606,1
img_09405_2024,0.0,0.24358074,0
img_09409_2024,0.0,0.89264137,0
img_09410_2024,0.0,0.10620244,0
img_09411_2024,0.0,0.09269413,0
img_09408_2024,0.0,0.8421736,0
img_09406_2024,0.0,0.10496598,0
img_09413_2024,0.0,0.04124052,0
img_09407_2024,0.0,0.19209528,0
img_09415_2024,0.0,0.03581587,0
img_09416_2024,0.0,0.4472039,0
img_09417_2024,0.0,0.12052595,0
img_09412_2024,0.0,0.07772,0
img_09375_p01_2024,0.0,0.57945895,0
img_09375_p02_2024,0.0,0.37913695,0
img_09414_2024,0.0,0.25767404,0
img_09389_p01_2024,0.0,0.06641337,0
img_09389_p02_2024,0.0,0.102275655,0
img_09418_2024,0.0,0.10169495,0
img_09419_2024,0.0,0.2044366,0
img_09420_2024,0.0,0.2925521,0
img_09425_2024,0.0,0.19106686,0
img_09423_2024,0.0,0.13739808,0
img_09424_2024,0.0,0.55867803,0
img_09428_2024,0.0,0.327245,0
img_09429_2024,0.0,0.09100726,0
img_09426_2024,0.0,0.0801818,0
img_09431_2024,0.0,0.39276716,0
img_09422_2024,0.0,0.24020648,0
img_09432_2024,0.0,0.42600083,0
img_09421_2024,0.0,0.47912443,0
img_09435_2024,0.0,0.66056216,0
img_09433_2024,0.0,0.088436104,0
img_09427_2024,0.0,0.05008875,0
img_09437_2024,0.0,0.7243785,0
img_09436_2024,0.0,0.028927645,0
img_09441_2024,0.0,0.56717885,0
img_09440_2024,0.0,0.5051306,0
img_09438_2024,0.0,0.8148351,0
img_09439_2024,0.0,0.56822324,0
img_09442_2024,0.0,0.123587236,0
img_09446_2024,0.0,0.25092834,0
img_09444_2024,0.0,0.9690192,1
img_09443_2024,0.0,0.34570137,0
img_09449_2024,0.0,0.69127494,0
img_09445_2024,0.0,0.27467418,0
img_09434_2024,0.0,0.42681143,0
img_09448_2024,0.0,0.5488552,0
img_09447_2024,0.0,0.036878824,0
img_09451_2024,0.0,0.49722067,0
img_09450_2024,0.0,0.26801276,0
img_09454_2024,0.0,0.40729195,0
img_09452_2024,0.0,0.14139919,0
img_09455_2024,0.0,0.06316951,0
img_09393_p01_2024,0.0,0.035229623,0
img_09393_p02_2024,0.0,0.039589886,0
img_09393_p03_2024,0.0,0.10129799,0
img_09393_p04_2024,0.0,0.02120629,0
img_09456_2024,0.0,0.88392043,0
img_09459_2024,0.0,0.16907811,0
img_09460_2024,0.0,0.48903322,0
img_09458_2024,0.0,0.07084831,0
img_09453_2024,0.0,0.023298852,0
img_09463_2024,0.0,0.951649,1
img_09461_2024,0.0,0.61133885,0
img_09462_2024,0.0,0.70501155,0
img_09464_2024,0.0,0.9830772,1
img_09467_2024,0.0,0.20334284,0
img_09469_2024,0.0,0.23360266,0
img_09466_2024,0.0,0.2272786,0
img_09465_2024,0.0,0.6598638,0
img_09468_2024,0.0,0.82857496,0
img_09474_2024,0.0,0.31453252,0
img_09471_2024,0.0,0.49086225,0
img_09470_2024,0.0,0.06799565,0
img_09472_2024,0.0,0.033013232,0
img_09475_2024,0.0,0.9748634,1
img_09479_2024,0.0,0.41646615,0
img_09478_2024,0.0,0.96659666,1
img_09477_2024,0.0,0.9256102,1
img_09481_2024,0.0,0.49274355,0
img_09476_2024,0.0,0.8862566,0
img_09473_2024,0.0,0.027727712,0
img_09484_2024,0.0,0.06602628,0
img_09457_p01_2024,0.0,0.03593218,0
img_09457_p02_2024,0.0,0.1789336,0
img_09483_2024,0.0,0.9699864,1
img_09486_2024,0.0,0.6126823,0
img_09487_2024,0.0,0.15837766,0
img_09489_2024,0.0,0.56759804,0
img_09480_2024,0.0,0.33161464,0
img_09495_2024,0.0,0.66566736,0
img_09490_2024,0.0,0.14891934,0
img_09494_2024,0.0,0.17234413,0
img_09496_2024,0.0,0.25142077,0
img_09492_2024,0.0,0.9242941,1
img_09497_2024,0.0,0.4501114,0
img_09499_2024,0.0,0.026068088,0
img_09498_2024,0.0,0.11701658,0
img_09491_2024,0.0,0.33568633,0
img_09488_2024,0.0,0.17738785,0
img_09500_2024,0.0,0.9537446,1
img_09501_2024,0.0,0.13055839,0
img_09504_2024,0.0,0.6384627,0
img_09503_2024,0.0,0.03583943,0
img_09509_2024,0.0,0.97407126,1
img_09506_2024,0.0,0.19317418,0
img_09513_2024,0.0,0.10006697,0
img_09502_2024,0.0,0.065198176,0
img_09511_2024,0.0,0.17379977,0
img_09517_2024,0.0,0.201649,0
img_09482_p01_2024,0.0,0.39264244,0
img_09482_p02_2024,0.0,0.33257848,0
img_09510_2024,0.0,0.09464556,0
img_09508_2024,0.0,0.017171284,0
img_09519_2024,0.0,0.11753916,0
img_09516_2024,0.0,0.089417495,0
img_09522_2024,0.0,0.040348493,0
img_09514_2024,0.0,0.08432361,0
img_09520_2024,0.0,0.03646892,0
img_09507_2024,0.0,0.68907344,0
img_09515_2024,0.0,0.91352165,1
img_09521_2024,0.0,0.103631586,0
img_09523_2024,0.0,0.3673227,0
img_09525_2024,0.0,0.077959284,0
img_09524_2024,0.0,0.018824985,0
img_09505_p01_2024,0.0,0.041353233,0
img_09505_p02_2024,0.0,0.05820634,0
img_09526_2024,0.0,0.04954414,0
img_09527_2024,0.0,0.041058645,0
img_09528_2024,0.0,0.36047983,0
img_09383_p01_2024,0.0,0.058999106,0
img_09383_p02_2024,0.0,0.032835107,0
img_09383_p03_2024,0.0,0.66716164,0
img_09383_p04_2024,0.0,0.036272243,0
img_09383_p05_2024,0.0,0.021279922,0
img_09383_p06_2024,0.0,0.12098659,0
img_09512_p01_2024,0.0,0.44609416,0
img_09512_p02_2024,0.0,0.34398845,0
img_09532_2024,0.0,0.7106774,0
img_09531_2024,0.0,0.63489056,0
img_09533_2024,0.0,0.16797763,0
img_09325_p01_2024,0.0,0.71647227,0
img_09325_p02_2024,0.0,0.11197749,0
img_09325_p03_2024,0.0,0.057308447,0
img_09325_p04_2024,0.0,0.2018994,0
img_09325_p05_2024,0.0,0.120215476,0
img_09325_p06_2024,0.0,0.08778013,0
img_09325_p07_2024,0.0,0.083977714,0
img_09325_p08_2024,0.0,0.211222,0
img_09325_p09_2024,0.0,0.035241537,0
img_09529_2024,0.0,0.6788705,0
img_09538_2024,0.0,0.27289328,0
img_09536_2024,0.0,0.51569664,0
img_09537_2024,0.0,0.058931846,0
img_09493_p01_2024,0.0,0.07793838,0
img_09493_p02_2024,0.0,0.07066309,0
img_09493_p03_2024,0.0,0.024798386,0
img_09493_p04_2024,0.0,0.1316086,0
img_09541_2024,0.0,0.79947084,0
img_09542_2024,0.0,0.6343572,0
img_09539_2024,0.0,0.49447966,0
img_09430_p01_2024,0.0,0.6993401,0
img_09430_p02_2024,0.0,0.106866464,0
img_09430_p03_2024,0.0,0.1068728,0
img_09430_p04_2024,0.0,0.99099195,1
img_09430_p05_2024,0.0,0.049192198,0
img_09430_p06_2024,0.0,0.016219016,0
img_09535_2024,0.0,0.9740719,1
img_09540_2024,0.0,0.68585354,0
img_09543_2024,0.0,0.13371803,0
img_09544_2024,0.0,0.8088331,0
img_09534_2024,0.0,0.85134685,0
img_09548_2024,0.0,0.6419353,0
img_09546_2024,0.0,0.8071719,0
img_09552_2024,0.0,0.5925545,0
img_09553_2024,0.0,0.26246825,0
img_09551_2024,0.0,0.42840365,0
img_09547_2024,0.0,0.080015935,0
img_09556_2024,0.0,0.070691675,0
img_09550_2024,0.0,0.8454527,0
img_09557_2024,0.0,0.22515966,0
img_09545_2024,0.0,0.46993065,0
img_09554_2024,0.0,0.04088333,0
img_09558_2024,0.0,0.9717965,1
img_09559_2024,0.0,0.5995627,0
img_09560_2024,0.0,0.3429826,0
img_09555_2024,0.0,0.04058105,0
img_09561_2024,0.0,0.628116,0
img_09562_2024,0.0,0.31676814,0
img_09565_2024,0.0,0.8450934,0
img_09485_p01_2024,0.0,0.2703127,0
img_09485_p02_2024,0.0,0.21206479,0
img_09485_p03_2024,0.0,0.035675902,0
img_09485_p04_2024,0.0,0.3997132,0
img_09485_p05_2024,0.0,0.11722761,0
img_09485_p06_2024,0.0,0.12067893,0
img_09563_2024,0.0,0.06579742,0
img_09564_2024,0.0,0.977988,1
img_09568_2024,0.0,0.369573,0
img_09566_2024,0.0,0.13549826,0
img_09572_2024,0.0,0.45354927,0
img_09569_2024,0.0,0.13722385,0
img_09575_2024,0.0,0.86916643,0
img_09574_2024,0.0,0.15679224,0
img_09573_2024,0.0,0.16560414,0
img_09571_2024,0.0,0.0745926,0
img_09567_2024,0.0,0.049988545,0
img_09576_2024,0.0,0.5570203,0
img_09570_2024,0.0,0.8478106,0
img_09577_2024,0.0,0.7286628,0
img_09580_2024,0.0,0.701171,0
img_09579_2024,0.0,0.87983876,0
img_09578_2024,0.0,0.024821937,0
img_09583_2024,0.0,0.98074096,1
img_09581_2024,0.0,0.08960127,0
img_09585_2024,0.0,0.03127884,0
img_09582_2024,0.0,0.34567425,0
img_09530_p01_2024,0.0,0.8929006,0
img_09530_p02_2024,0.0,0.682103,0
img_09530_p03_2024,0.0,0.9739875,1
img_09530_p04_2024,0.0,0.869642,0
img_09586_2024,0.0,0.03532152,0
img_09590_2024,0.0,0.08227812,0
img_09584_2024,0.0,0.093082055,0
img_09587_2024,0.0,0.86416894,0
img_09589_2024,0.0,0.029085958,0
img_09588_2024,0.0,0.7501115,0
img_09592_2024,0.0,0.98072964,1
img_09591_2024,0.0,0.9018038,0
img_09594_2024,0.0,0.013908938,0
img_09593_2024,0.0,0.08091422,0
img_09595_2024,0.0,0.12605558,0
img_09549_p01_2024,0.0,0.888711,0
img_09549_p02_2024,0.0,0.9495662,1
img_09549_p03_2024,0.0,0.96781635,1
img_09602_2024,0.0,0.027670207,0
img_09598_2024,0.0,0.7846183,0
img_09596_2024,0.0,0.11517664,0
img_09604_2024,0.0,0.054836776,0
img_09601_2024,0.0,0.15194377,0
img_09605_2024,0.0,0.032721303,0
img_09597_2024,0.0,0.9383493,1
img_09603_2024,0.0,0.92988354,1
img_09608_2024,0.0,0.015948972,0
img_09600_2024,0.0,0.46358994,0
img_09599_2024,0.0,0.8713473,0
img_09609_2024,0.0,0.913058,1
img_09607_2024,0.0,0.0763028,0
img_09610_2024,0.0,0.025618365,0
img_09606_2024,0.0,0.9658551,1
img_09612_2024,0.0,0.36288998,0
img_09615_2024,0.0,0.20772175,0
img_09611_2024,0.0,0.9641302,1
img_09613_2024,0.0,0.6401664,0
img_09618_2024,0.0,0.022821356,0
img_09621_2024,0.0,0.95483017,1
img_09614_2024,0.0,0.9763525,1
img_09620_2024,0.0,0.069075264,0
img_09617_2024,0.0,0.048645854,0
img_09623_2024,0.0,0.027089164,0
img_09616_2024,0.0,0.21078606,0
img_09622_2024,0.0,0.7933117,0
img_09624_2024,0.0,0.8141345,0
img_09626_2024,0.0,0.39835495,0
img_09619_2024,0.0,0.96208656,1
img_09631_2024,0.0,0.29543498,0
img_09632_2024,0.0,0.12263717,0
img_09633_2024,0.0,0.05388717,0
img_09634_2024,0.0,0.72413063,0
img_09630_2024,0.0,0.8032229,0
img_09640_2024,0.0,0.16966614,0
img_09629_2024,0.0,0.04421155,0
img_09625_2024,0.0,0.038178343,0
img_09636_2024,0.0,0.97397625,1
img_09627_2024,0.0,0.82502854,0
img_09628_2024,0.0,0.04532153,0
img_09635_2024,0.0,0.29618102,0
img_09642_2024,0.0,0.20491923,0
img_09637_2024,0.0,0.11457558,0
img_09639_2024,0.0,0.10245385,0
img_09648_2024,0.0,0.9601144,1
img_09638_2024,0.0,0.9497239,1
img_09646_2024,0.0,0.041398596,0
img_09647_2024,0.0,0.8802483,0
img_09649_2024,0.0,0.5661048,0
img_09644_2024,0.0,0.7373565,0
img_09645_2024,0.0,0.90000373,0
img_09651_2024,0.0,0.97119,1
img_09653_2024,0.0,0.9023226,0
img_09654_2024,0.0,0.67893744,0
img_09657_2024,0.0,0.9393173,1
img_09643_2024,0.0,0.80616546,0
img_09641_2024,0.0,0.912944,1
img_09656_2024,0.0,0.9325791,1
img_09660_2024,0.0,0.04276918,0
img_09663_2024,0.0,0.36430717,0
img_09658_2024,0.0,0.4991258,0
img_09661_2024,0.0,0.9743687,1
img_09662_2024,0.0,0.05329694,0
img_09650_2024,0.0,0.038482543,0
img_09652_2024,0.0,0.42262176,0
img_09659_2024,0.0,0.60448825,0
img_09193_p01_2024,0.0,0.07429773,0
img_09193_p02_2024,0.0,0.017402478,0
img_09193_p03_2024,0.0,0.05359419,0
img_09193_p04_2024,0.0,0.53025675,0
img_09193_p05_2024,0.0,0.075417474,0
img_09193_p06_2024,0.0,0.0128427,0
img_09193_p07_2024,0.0,0.041901655,0
img_09193_p08_2024,0.0,0.21789117,0
img_09193_p09_2024,0.0,0.054287303,0
img_09193_p10_2024,0.0,0.02729034,0
img_09193_p11_2024,0.0,0.044195715,0
img_09193_p12_2024,0.0,0.21776333,0
img_09193_p13_2024,0.0,0.029968979,0
img_09193_p14_2024,0.0,0.025500229,0
img_09193_p15_2024,0.0,0.034102112,0
img_09193_p16_2024,0.0,0.024832755,0
img_09193_p17_2024,0.0,0.018971663,0
img_09193_p18_2024,0.0,0.03486216,0
img_09193_p19_2024,0.0,0.07502711,0
img_09667_2024,0.0,0.10122596,0
img_09666_2024,0.0,0.72127753,0
img_09664_2024,0.0,0.5291094,0
img_09655_2024,0.0,0.90164953,0
img_09669_2024,0.0,0.2869319,0
img_09670_2024,0.0,0.7422785,0
img_09665_2024,0.0,0.24231237,0
img_09672_2024,0.0,0.4464475,0
img_09671_2024,0.0,0.25241017,0
img_09668_2024,0.0,0.04454423,0
img_09676_2024,0.0,0.9370583,1
img_09674_2024,0.0,0.9023328,0
img_09675_2024,0.0,0.9576648,1
img_09678_2024,0.0,0.7183981,0
img_09673_2024,0.0,0.8777994,0
img_09681_2024,0.0,0.045479707,0
img_09680_2024,0.0,0.8654887,0
img_09682_2024,0.0,0.79134345,0
img_09683_2024,0.0,0.53788745,0
img_09679_2024,0.0,0.84419733,0
img_09688_2024,0.0,0.8718468,0
img_09677_2024,0.0,0.7764933,0
img_09686_2024,0.0,0.03475011,0
img_09685_2024,0.0,0.9324307,1
img_09689_2024,0.0,0.9359336,1
img_09687_2024,0.0,0.90632766,0
img_09691_2024,0.0,0.1523728,0
img_09684_2024,0.0,0.9883676,1
img_09695_2024,0.0,0.7366865,0
img_09690_2024,0.0,0.89372754,0
img_09693_2024,0.0,0.9635484,1
img_09696_2024,0.0,0.05630459,0
img_09692_2024,0.0,0.89888954,0
img_09694_2024,0.0,0.038281012,0
img_09698_2024,0.0,0.6395246,0
img_09697_2024,0.0,0.81282663,0
img_09700_2024,0.0,0.07573215,0
img_09706_2024,0.0,0.6864485,0
img_09704_2024,0.0,0.8635843,0
img_09707_2024,0.0,0.11957839,0
img_09701_2024,0.0,0.36798668,0
img_09705_2024,0.0,0.20923768,0
img_09703_2024,0.0,0.38353714,0
img_09709_2024,0.0,0.864032,0
img_09699_2024,0.0,0.91236585,1
img_09711_2024,0.0,0.013019785,0
img_09710_2024,0.0,0.25281566,0
img_09702_2024,0.0,0.099985085,0
img_09712_2024,0.0,0.38648957,0
img_09708_2024,0.0,0.9321753,1
img_09722_2024,0.0,0.37081155,0
img_09721_2024,0.0,0.20663758,0
img_09713_2024,0.0,0.2899407,0
img_09727_2024,0.0,0.9081981,1
img_09714_2024,0.0,0.94811857,1
img_09718_2024,0.0,0.43768466,0
img_09725_2024,0.0,0.790345,0
img_09716_2024,0.0,0.42540875,0
img_09726_2024,0.0,0.045749493,0
img_09720_2024,0.0,0.023030408,0
img_09728_2024,0.0,0.13390072,0
img_09723_2024,0.0,0.98390573,1
img_09729_2024,0.0,0.35727394,0
img_09724_2024,0.0,0.22197074,0
img_09719_2024,0.0,0.36011907,0
img_09732_2024,0.0,0.80859786,0
img_09733_2024,0.0,0.44313887,0
img_09730_2024,0.0,0.7569908,0
img_09736_2024,0.0,0.9455137,1
img_09738_2024,0.0,0.8940575,0
img_09734_2024,0.0,0.79880655,0
img_09739_2024,0.0,0.90738636,0
img_09715_2024,0.0,0.6304198,0
img_09731_2024,0.0,0.90010047,0
img_09735_2024,0.0,0.8889913,0
img_09740_2024,0.0,0.36131433,0
img_09717_2024,0.0,0.4887315,0
img_09743_2024,0.0,0.1702205,0
img_09737_2024,0.0,0.8475624,0
img_09745_2024,0.0,0.67760533,0
img_09742_2024,0.0,0.5714887,0
img_09744_2024,0.0,0.5104011,0
img_09754_2024,0.0,0.5938743,0
img_09741_2024,0.0,0.07960341,0
img_09748_2024,0.0,0.06888081,0
img_09759_2024,0.0,0.80711627,0
img_09747_2024,0.0,0.18083522,0
img_09751_2024,0.0,0.3184986,0
img_09757_2024,0.0,0.17123973,0
img_09753_2024,0.0,0.98710144,1
img_09746_2024,0.0,0.6419256,0
img_09756_2024,0.0,0.23763369,0
img_09749_2024,0.0,0.06244142,0
img_09763_2024,0.0,0.051894326,0
img_09755_2024,0.0,0.9346401,1
img_09750_2024,0.0,0.15266459,0
img_09764_2024,0.0,0.43971202,0
img_09758_2024,0.0,0.24804993,0
img_09752_2024,0.0,0.017755017,0
img_09765_2024,0.0,0.059210565,0
img_09761_2024,0.0,0.6036191,0
img_09766_2024,0.0,0.13749486,0
img_09767_2024,0.0,0.68689877,0
img_09768_2024,0.0,0.38564125,0
img_09762_2024,0.0,0.60977155,0
img_09769_2024,0.0,0.36910957,0
img_09760_2024,0.0,0.9809232,1
img_09771_2024,0.0,0.02979152,0
img_09770_2024,0.0,0.09548473,0
img_09518_p01_2024,0.0,0.06219818,0
img_09518_p02_2024,0.0,0.09462315,0
img_09518_p03_2024,0.0,0.8247269,0
img_09518_p04_2024,0.0,0.7183692,0
img_09518_p05_2024,0.0,0.17568615,0
img_09518_p06_2024,0.0,0.038201675,0
img_09518_p07_2024,0.0,0.51751226,0
img_09518_p08_2024,0.0,0.28972813,0
img_09518_p09_2024,0.0,0.06356826,0
img_09518_p10_2024,0.0,0.041897137,0
img_09518_p11_2024,0.0,0.075916596,0
img_09773_2024,0.0,0.8269803,0
img_09775_2024,0.0,0.9159322,1
img_09772_2024,0.0,0.049197327,0
img_09774_2024,0.0,0.18014576,0
img_09779_2024,0.0,0.6586457,0
img_09783_2024,0.0,0.89372516,0
img_09777_2024,0.0,0.9787716,1
img_09785_2024,0.0,0.26007172,0
img_09782_2024,0.0,0.300883,0
img_09780_2024,0.0,0.4610291,0
img_09776_2024,0.0,0.652469,0
img_09784_2024,0.0,0.941624,1
img_09778_2024,0.0,0.29407305,0
img_09790_2024,0.0,0.037113003,0
img_09786_2024,0.0,0.062738344,0
img_09793_2024,0.0,0.97919077,1
img_09792_2024,0.0,0.10250984,0
img_09794_2024,0.0,0.11461555,0
img_09781_2024,0.0,0.14421538,0
img_09788_2024,0.0,0.02086389,0
img_09797_2024,0.0,0.93992794,1
img_09789_2024,0.0,0.2711335,0
img_09787_2024,0.0,0.9766185,1
img_09804_2024,0.0,0.788089,0
img_09807_2024,0.0,0.51017857,0
img_09806_2024,0.0,0.09538614,0
img_09799_2024,0.0,0.070921026,0
img_09796_2024,0.0,0.10795392,0
img_09801_2024,0.0,0.6765132,0
img_09812_2024,0.0,0.036577273,0
img_09795_2024,0.0,0.49838418,0
img_09803_2024,0.0,0.027199289,0
img_09813_2024,0.0,0.92768097,1
img_09814_2024,0.0,0.059211113,0
img_09798_2024,0.0,0.7636321,0
img_09811_2024,0.0,0.32530046,0
img_09805_2024,0.0,0.9412751,1
img_09819_2024,0.0,0.68054247,0
img_09800_2024,0.0,0.8927285,0
img_09808_2024,0.0,0.90201014,0
img_09818_2024,0.0,0.35050038,0
img_09816_2024,0.0,0.37364507,0
img_09809_2024,0.0,0.95680827,1
img_09820_2024,0.0,0.978589,1
img_09810_2024,0.0,0.09250416,0
img_09802_2024,0.0,0.10290113,0
img_09822_2024,0.0,0.93444866,1
img_09815_2024,0.0,0.877565,0
img_09823_2024,0.0,0.04326912,0
img_09817_2024,0.0,0.8711856,0
img_09824_2024,0.0,0.5228821,0
img_09825_2024,0.0,0.120034225,0
img_09828_2024,0.0,0.9803473,1
img_09821_2024,0.0,0.71331483,0
img_09829_2024,0.0,0.14999232,0
img_09833_2024,0.0,0.8767384,0
img_09831_2024,0.0,0.92464215,1
img_09835_2024,0.0,0.74400777,0
img_09830_2024,0.0,0.985333,1
img_09836_2024,0.0,0.93039376,1
img_09826_2024,0.0,0.8098353,0
img_09834_2024,0.0,0.07097155,0
img_09827_2024,0.0,0.9400696,1
img_09839_2024,0.0,0.92501134,1
img_09842_2024,0.0,0.77668214,0
img_09838_2024,0.0,0.78779244,0
img_09841_2024,0.0,0.9403199,1
img_09847_2024,0.0,0.88003814,0
img_09844_2024,0.0,0.869347,0
img_09850_2024,0.0,0.02862531,0
img_09837_2024,0.0,0.37851095,0
img_09840_2024,0.0,0.7458705,0
img_09832_2024,0.0,0.83899254,0
img_09843_2024,0.0,0.9482904,1
img_09848_2024,0.0,0.013528355,0
img_09851_2024,0.0,0.06569481,0
img_09852_2024,0.0,0.20399977,0
img_09849_2024,0.0,0.4557411,0
img_09845_2024,0.0,0.87812585,0
img_09854_2024,0.0,0.8188315,0
img_09853_2024,0.0,0.19064146,0
img_09855_2024,0.0,0.75553113,0
img_09856_2024,0.0,0.8194725,0
img_09846_2024,0.0,0.20926782,0
img_09857_2024,0.0,0.053921666,0
img_09858_2024,0.0,0.029566696,0
img_09859_2024,0.0,0.11549247,0
img_09863_2024,0.0,0.46762308,0
img_09865_2024,0.0,0.3042375,0
img_09862_2024,0.0,0.41247046,0
img_09867_2024,0.0,0.9143197,1
img_09864_2024,0.0,0.93177414,1
img_09869_2024,0.0,0.9473163,1
img_09868_2024,0.0,0.6975382,0
img_09870_2024,0.0,0.06585312,0
img_09860_2024,0.0,0.9778681,1
img_09866_2024,0.0,0.9625213,1
img_09872_2024,0.0,0.14624308,0
img_09878_2024,0.0,0.95259094,1
img_09876_2024,0.0,0.033746146,0
img_09883_2024,0.0,0.6506583,0
img_09880_2024,0.0,0.9405895,1
img_09881_2024,0.0,0.950162,1
img_09861_2024,0.0,0.9256029,1
img_09871_2024,0.0,0.033827808,0
img_09877_2024,0.0,0.8385648,0
img_09874_2024,0.0,0.0776258,0
img_09891_2024,0.0,0.8643122,0
img_09892_2024,0.0,0.96587044,1
img_09895_2024,0.0,0.91056025,1
img_09894_2024,0.0,0.060155585,0
img_09893_2024,0.0,0.060331266,0
img_09886_2024,0.0,0.64282876,0
img_09896_2024,0.0,0.05372631,0
img_09889_2024,0.0,0.9780522,1
img_09875_2024,0.0,0.92103213,1
img_09898_2024,0.0,0.7086455,0
img_09900_2024,0.0,0.08171088,0
img_09884_2024,0.0,0.8126138,0
img_09885_2024,0.0,0.5784034,0
img_09890_2024,0.0,0.08408365,0
img_09882_2024,0.0,0.24869493,0
img_09873_2024,0.0,0.2953084,0
img_09903_2024,0.0,0.95610464,1
img_09897_2024,0.0,0.8328124,0
img_09888_2024,0.0,0.74217826,0
img_09887_2024,0.0,0.5464339,0
img_09907_2024,0.0,0.3616212,0
img_09901_2024,0.0,0.95068806,1
img_09908_2024,0.0,0.025521772,0
img_09899_2024,0.0,0.03699087,0
img_09911_2024,0.0,0.36916882,0
img_09913_2024,0.0,0.028478133,0
img_09902_2024,0.0,0.40569243,0
img_09906_2024,0.0,0.55354893,0
img_09904_2024,0.0,0.30399016,0
img_09909_2024,0.0,0.019844519,0
img_09915_2024,0.0,0.9799438,1
img_09918_2024,0.0,0.10217698,0
img_09917_2024,0.0,0.98076457,1
img_09912_2024,0.0,0.85669655,0
img_09879_p01_2024,0.0,0.38450193,0
img_09879_p02_2024,0.0,0.9096328,1
img_09905_2024,0.0,0.2410125,0
img_09924_2024,0.0,0.9542683,1
img_09916_2024,0.0,0.03749986,0
img_09923_2024,0.0,0.5317739,0
img_09926_2024,0.0,0.6725705,0
img_09919_2024,0.0,0.9275225,1
img_09925_2024,0.0,0.7172427,0
img_09928_2024,0.0,0.6574856,0
img_09922_2024,0.0,0.7329003,0
img_09914_2024,0.0,0.031167075,0
img_09927_2024,0.0,0.9707685,1
img_09920_2024,0.0,0.9266607,1
img_09930_2024,0.0,0.1352419,0
img_09910_2024,0.0,0.7760939,0
img_09937_2024,0.0,0.99189186,1
img_09932_2024,0.0,0.14068443,0
img_09938_2024,0.0,0.4764514,0
img_09921_2024,0.0,0.44487795,0
img_09936_2024,0.0,0.86030704,0
img_09934_2024,0.0,0.9036571,0
img_09931_2024,0.0,0.19650753,0
img_09940_2024,0.0,0.8595891,0
img_09944_2024,0.0,0.3561571,0
img_09948_2024,0.0,0.02148388,0
img_09941_2024,0.0,0.02995625,0
img_09935_2024,0.0,0.083086334,0
img_09939_2024,0.0,0.410096,0
img_09946_2024,0.0,0.92486817,1
img_09947_2024,0.0,0.7274075,0
img_09950_2024,0.0,0.041474536,0
img_09956_2024,0.0,0.6153417,0
img_09945_2024,0.0,0.22235365,0
img_09951_2024,0.0,0.92383343,1
img_09954_2024,0.0,0.8453548,0
img_09952_2024,0.0,0.7167203,0
img_09949_2024,0.0,0.098770335,0
img_09929_2024,0.0,0.89747757,0
img_09943_2024,0.0,0.982051,1
img_09953_2024,0.0,0.94873065,1
img_09961_2024,0.0,0.9135485,1
img_09963_2024,0.0,0.9278927,1
img_09958_2024,0.0,0.43761706,0
img_09933_2024,0.0,0.9632253,1
img_09962_2024,0.0,0.94977665,1
img_09955_2024,0.0,0.5286669,0
img_09964_2024,0.0,0.060786802,0
img_09965_2024,0.0,0.124550916,0
img_09960_2024,0.0,0.7971139,0
img_09973_2024,0.0,0.6338506,0
img_09957_2024,0.0,0.08553658,0
img_09967_2024,0.0,0.021305485,0
img_09970_2024,0.0,0.49167,0
img_09968_2024,0.0,0.18057825,0
img_09969_2024,0.0,0.9539505,1
img_09959_2024,0.0,0.025973462,0
img_09974_2024,0.0,0.9425472,1
img_09977_2024,0.0,0.14024122,0
img_09975_2024,0.0,0.9742911,1
img_09976_2024,0.0,0.09389259,0
img_09972_2024,0.0,0.9687958,1
img_09966_2024,0.0,0.30633637,0
img_09971_2024,0.0,0.6695824,0
img_09982_2024,0.0,0.772153,0
img_09984_2024,0.0,0.01929449,0
img_09980_2024,0.0,0.6803836,0
img_09981_2024,0.0,0.7910978,0
img_09985_2024,0.0,0.08037319,0
img_09979_2024,0.0,0.44253853,0
img_09990_2024,0.0,0.023196692,0
img_09991_2024,0.0,0.8872603,0
img_09986_2024,0.0,0.7584897,0
img_09978_2024,0.0,0.9630647,1
img_09994_2024,0.0,0.2585357,0
img_09987_2024,0.0,0.80702245,0
img_09988_2024,0.0,0.11126228,0
img_09983_2024,0.0,0.97128165,1
img_10001_2024,0.0,0.09910872,0
img_09989_2024,0.0,0.03220887,0
img_09992_2024,0.0,0.6991259,0
img_09999_2024,0.0,0.047970407,0
img_09997_2024,0.0,0.8519299,0
img_09993_2024,0.0,0.92237705,1
img_10010_2024,0.0,0.0635012,0
img_09995_2024,0.0,0.14960632,0
img_09998_2024,0.0,0.812798,0
img_09996_2024,0.0,0.78448147,0
img_10011_2024,0.0,0.029785182,0
img_10005_2024,0.0,0.41760305,0
img_10004_2024,0.0,0.47750443,0
img_10003_2024,0.0,0.6760391,0
img_10002_2024,0.0,0.7318436,0
img_10015_2024,0.0,0.94918066,1
img_10008_2024,0.0,0.9758139,1
img_10000_2024,0.0,0.34672606,0
img_10016_2024,0.0,0.055974983,0
img_10012_2024,0.0,0.024290124,0
img_10019_2024,0.0,0.9382904,1
img_10009_2024,0.0,0.28160885,0
img_10013_2024,0.0,0.22960868,0
img_10007_2024,0.0,0.1462947,0
img_10020_2024,0.0,0.21376705,0
img_10018_2024,0.0,0.86400723,0
img_10006_2024,0.0,0.26035336,0
img_10021_2024,0.0,0.020538267,0
img_10017_2024,0.0,0.89621055,0
img_10014_p01_2024,0.0,0.91253096,1
img_10014_p02_2024,0.0,0.9755254,1
img_10014_p03_2024,0.0,0.9684733,1
img_10014_p04_2024,0.0,0.5401353,0
