id_sample,y_true,model_probability,final_threshold_prediction
img_00007_2023,1.0,0.23675625,0
img_00009_2023,1.0,0.23113003,0
img_00016_2023,1.0,0.9653231,1
img_00001_2023,1.0,0.99264145,1
img_00013_2023,1.0,0.97535264,1
img_00022_2023,1.0,0.17727236,0
img_00024_2023,1.0,0.5111636,0
img_00025_2023,1.0,0.9436372,1
img_00023_2023,1.0,0.34504947,0
img_00021_2023,1.0,0.6312434,0
img_00027_2023,1.0,0.8984008,1
img_00028_2023,1.0,0.9796155,1
img_00030_2023,1.0,0.8538848,1
img_00034_2023,1.0,0.39014336,0
img_00038_2023,1.0,0.8607241,1
img_00037_2023,1.0,0.15172346,0
img_00046_2023,1.0,0.44000608,0
img_00047_2023,1.0,0.87984264,1
img_00048_2023,1.0,0.75693786,0
img_00045_2023,1.0,0.96850747,1
img_00052_2023,1.0,0.44048724,0
img_00057_2023,1.0,0.6087026,0
img_00029_p01_2023,1.0,0.4751315,0
img_00029_p02_2023,1.0,0.4235074,0
img_00029_p03_2023,1.0,0.9815172,1
img_00060_2023,1.0,0.99197197,1
img_00061_2023,1.0,0.94786566,1
img_00050_2023,1.0,0.7536095,0
img_00059_2023,1.0,0.9923541,1
img_00054_2023,1.0,0.986146,1
img_00056_2023,1.0,0.981563,1
img_00062_2023,1.0,0.9448124,1
img_00049_p01_2023,1.0,0.2718765,0
img_00049_p02_2023,1.0,0.8494421,1
img_00064_2023,1.0,0.991004,1
img_00078_2023,1.0,0.96181905,1
img_00073_2023,1.0,0.98208797,1
img_00072_2023,1.0,0.24746165,0
img_00080_2023,1.0,0.8942115,1
img_00082_2023,1.0,0.9461991,1
img_00096_2023,1.0,0.87180597,1
img_00000_p02_2023,1.0,0.93191373,1
img_00000_p03_2023,1.0,0.3053832,0
img_00000_p04_2023,1.0,0.930933,1
img_00089_2023,1.0,0.9770268,1
img_00102_2023,1.0,0.62375784,0
img_00090_2023,1.0,0.24351887,0
img_00099_2023,1.0,0.73665273,0
img_00036_p01_2023,1.0,0.9835761,1
img_00036_p02_2023,1.0,0.98799896,1
img_00036_p03_2023,1.0,0.9854337,1
img_00036_p04_2023,1.0,0.98281157,1
img_00105_2023,1.0,0.9749464,1
img_00100_2023,1.0,0.33955196,0
img_00110_2023,1.0,0.93231964,1
img_00115_2023,1.0,0.95455045,1
img_00116_2023,1.0,0.9589756,1
img_00108_2023,1.0,0.6694334,0
img_00107_2023,1.0,0.22665396,0
img_00104_p01_2023,1.0,0.644307,0
img_00104_p02_2023,1.0,0.78500915,0
img_00126_2023,1.0,0.38884935,0
img_00125_2023,1.0,0.9626072,1
img_00124_2023,1.0,0.9865815,1
img_00133_2023,1.0,0.9816216,1
img_00134_2023,1.0,0.97548753,1
img_00119_p01_2023,1.0,0.95167625,1
img_00130_p01_2023,1.0,0.8253719,0
img_00130_p02_2023,1.0,0.96972716,1
img_00137_2023,1.0,0.91881496,1
img_00142_2023,1.0,0.88298094,1
img_00139_2023,1.0,0.97170526,1
img_00147_2023,1.0,0.9552094,1
img_00012_p01_2023,1.0,0.6569934,0
img_00012_p02_2023,1.0,0.96401966,1
img_00012_p03_2023,1.0,0.75849944,0
img_00012_p05_2023,1.0,0.79958475,0
img_00012_p06_2023,1.0,0.042426854,0
img_00113_p01_2023,1.0,0.45924872,0
img_00113_p02_2023,1.0,0.96544015,1
img_00113_p03_2023,1.0,0.95915544,1
img_00113_p04_2023,1.0,0.7126457,0
img_00065_p01_2023,1.0,0.9784338,1
img_00065_p02_2023,1.0,0.85414076,1
img_00065_p03_2023,1.0,0.9883668,1
img_00065_p04_2023,1.0,0.93363917,1
img_00065_p05_2023,1.0,0.9854891,1
img_00065_p06_2023,1.0,0.9556758,1
img_00190_2023,1.0,0.39049268,0
img_00204_2023,1.0,0.12039374,0
img_00192_2023,1.0,0.6939827,0
img_00205_2023,1.0,0.8250586,0
img_00151_p03_2023,1.0,0.9715498,1
img_00151_p06_2023,1.0,0.9741516,1
img_00152_p01_2023,1.0,0.7316507,0
img_00152_p02_2023,1.0,0.74980175,0
img_00152_p03_2023,1.0,0.8967118,1
img_00152_p04_2023,1.0,0.77982783,0
img_00208_2023,1.0,0.407435,0
img_00194_p01_2023,1.0,0.8382597,1
img_00194_p02_2023,1.0,0.9433039,1
img_00228_2023,1.0,0.8659275,1
img_00231_2023,1.0,0.8636637,1
img_00229_2023,1.0,0.72906303,0
img_00230_2023,1.0,0.9793789,1
img_00227_2023,1.0,0.9459093,1
img_00240_2023,1.0,0.85110676,1
img_00239_2023,1.0,0.060292006,0
img_00242_2023,1.0,0.8737466,1
img_00238_2023,1.0,0.9144313,1
img_00244_2023,1.0,0.9878354,1
img_00241_2023,1.0,0.48519096,0
img_00243_2023,1.0,0.41146493,0
img_00247_2023,1.0,0.12195121,0
img_00246_2023,1.0,0.9509343,1
img_00245_2023,1.0,0.15691637,0
img_00253_2023,1.0,0.96247274,1
img_00252_2023,1.0,0.04646552,0
img_00251_2023,1.0,0.035675026,0
img_00248_2023,1.0,0.15894604,0
img_00258_2023,1.0,0.88120496,1
img_00257_2023,1.0,0.9871005,1
img_00261_2023,1.0,0.52871007,0
img_00267_2023,1.0,0.9187334,1
img_00263_2023,1.0,0.8356271,0
img_00265_2023,1.0,0.88159895,1
img_00266_2023,1.0,0.9805528,1
img_00259_2023,1.0,0.16170618,0
img_00268_2023,1.0,0.33301726,0
img_00269_2023,1.0,0.012179437,0
img_00256_p01_2023,1.0,0.993569,1
img_00262_2023,1.0,0.9541639,1
img_00274_2023,1.0,0.59776855,0
img_00278_2023,1.0,0.95842946,1
img_00275_2023,1.0,0.8208146,0
img_00279_2023,1.0,0.9175558,1
img_00281_2023,1.0,0.7419542,0
img_00280_2023,1.0,0.96162874,1
img_00283_2023,1.0,0.7098831,0
img_00271_p01_2023,1.0,0.7760018,0
img_00271_p02_2023,1.0,0.9719728,1
img_00284_2023,1.0,0.962893,1
img_00282_2023,1.0,0.926068,1
img_00272_2023,1.0,0.8706547,1
img_00277_2023,1.0,0.99163437,1
img_00287_2023,1.0,0.90360755,1
img_00276_2023,1.0,0.9351657,1
img_00292_2023,1.0,0.9569586,1
img_00300_2023,1.0,0.9709617,1
img_00302_2023,1.0,0.45954743,0
img_00097_p04_2023,1.0,0.93716776,1
img_00097_p05_2023,1.0,0.8908491,1
img_00097_p07_2023,1.0,0.98682964,1
img_00097_p08_2023,1.0,0.9729918,1
img_00097_p09_2023,1.0,0.8815309,1
img_00310_2023,1.0,0.12832364,0
img_00316_2023,1.0,0.88431376,1
img_00318_2023,1.0,0.9749465,1
img_00294_p01_2023,1.0,0.8896205,1
img_00294_p02_2023,1.0,0.98084337,1
img_00288_p01_2023,1.0,0.9733082,1
img_00288_p02_2023,1.0,0.84852666,1
img_00322_2023,1.0,0.4024314,0
img_00326_2023,1.0,0.26916724,0
img_00320_2023,1.0,0.97498524,1
img_00286_p01_2023,1.0,0.9612198,1
img_00286_p02_2023,1.0,0.20919767,0
img_00286_p03_2023,1.0,0.88725674,1
img_00286_p04_2023,1.0,0.9773015,1
img_00333_2023,1.0,0.9915379,1
img_00327_2023,1.0,0.2564044,0
img_00330_2023,1.0,0.91147834,1
img_00331_2023,1.0,0.5340687,0
img_00339_2023,1.0,0.32074103,0
img_00335_2023,1.0,0.41843757,0
img_00342_2023,1.0,0.855261,1
img_00340_2023,1.0,0.016284678,0
img_00315_p01_2023,1.0,0.06411783,0
img_00315_p02_2023,1.0,0.6920481,0
img_00336_2023,1.0,0.42806095,0
img_00350_2023,1.0,0.7301394,0
img_00347_2023,1.0,0.63079846,0
img_00344_2023,1.0,0.9791628,1
img_00353_2023,1.0,0.9634739,1
img_00352_2023,1.0,0.9668419,1
img_00354_2023,1.0,0.9860819,1
img_00360_2023,1.0,0.93776864,1
img_00351_2023,1.0,0.9844303,1
img_00355_2023,1.0,0.94414485,1
img_00359_2023,1.0,0.97721213,1
img_00362_2023,1.0,0.90588456,1
img_00357_2023,1.0,0.51574904,0
img_00364_2023,1.0,0.960688,1
img_00358_2023,1.0,0.31672695,0
img_00374_2023,1.0,0.9370576,1
img_00375_2023,1.0,0.80923766,0
img_00363_2023,1.0,0.90536004,1
img_00377_2023,1.0,0.17159157,0
img_00385_2023,1.0,0.9385711,1
img_00381_2023,1.0,0.8509855,1
img_00383_2023,1.0,0.6756652,0
img_00389_2023,1.0,0.940032,1
img_00372_2023,1.0,0.5413953,0
img_00390_2023,1.0,0.7809711,0
img_00348_p01_2023,1.0,0.12208371,0
img_00348_p02_2023,1.0,0.42200747,0
img_00395_2023,1.0,0.11034362,0
img_00397_2023,1.0,0.96860343,1
img_00396_2023,1.0,0.9088591,1
img_00388_p01_2023,1.0,0.51431406,0
img_00388_p02_2023,1.0,0.5740014,0
img_00401_2023,1.0,0.61836195,0
img_00407_2023,1.0,0.8616589,1
img_00405_2023,1.0,0.95527184,1
img_00403_2023,1.0,0.687374,0
img_00409_2023,1.0,0.8600181,1
img_00410_2023,1.0,0.9533059,1
img_00412_2023,1.0,0.93308,1
img_00408_2023,1.0,0.9721707,1
img_00411_2023,1.0,0.96112907,1
img_00413_2023,1.0,0.6724819,0
img_00414_2023,1.0,0.4685793,0
img_00406_2023,1.0,0.97193545,1
img_00416_2023,1.0,0.8703192,1
img_00417_2023,1.0,0.6963573,0
img_00418_2023,1.0,0.89985573,1
img_00402_p01_2023,1.0,0.7011043,0
img_00402_p02_2023,1.0,0.9805919,1
img_00420_2023,1.0,0.9813517,1
img_00380_p01_2023,1.0,0.9875809,1
img_00380_p02_2023,1.0,0.98058575,1
img_00380_p03_2023,1.0,0.9897677,1
img_00380_p04_2023,1.0,0.98445463,1
img_00424_2023,1.0,0.972669,1
img_00426_2023,1.0,0.19776233,0
img_00425_2023,1.0,0.9484744,1
img_00432_2023,1.0,0.88585585,1
img_00429_2023,1.0,0.58882654,0
img_00433_2023,1.0,0.765051,0
img_00438_2023,1.0,0.7597903,0
img_00428_2023,1.0,0.9680546,1
img_00437_2023,1.0,0.7593254,0
img_00440_2023,1.0,0.9734764,1
img_00441_2023,1.0,0.9489458,1
img_00436_2023,1.0,0.81249535,0
img_00442_2023,1.0,0.49746376,0
img_00446_2023,1.0,0.5317612,0
img_00321_p01_2023,1.0,0.6973103,0
img_00321_p02_2023,1.0,0.74682176,0
img_00321_p03_2023,1.0,0.9923375,1
img_00321_p04_2023,1.0,0.6858265,0
img_00321_p05_2023,1.0,0.6933707,0
img_00321_p06_2023,1.0,0.84832364,1
img_00439_2023,1.0,0.98934424,1
img_00445_2023,1.0,0.36449152,0
img_00443_2023,1.0,0.9125301,1
img_00450_2023,1.0,0.97333926,1
img_00452_2023,1.0,0.6446832,0
img_00447_2023,1.0,0.41796622,0
img_00451_2023,1.0,0.31010702,0
img_00456_2023,1.0,0.9340235,1
img_00458_2023,1.0,0.7450716,0
img_00455_2023,1.0,0.8041358,0
img_00457_2023,1.0,0.97332656,1
img_00463_2023,1.0,0.5850007,0
img_00349_p01_2023,1.0,0.98146135,1
img_00349_p02_2023,1.0,0.9846822,1
img_00349_p03_2023,1.0,0.9827964,1
img_00349_p04_2023,1.0,0.859558,1
img_00349_p05_2023,1.0,0.9694254,1
img_00467_2023,1.0,0.96120703,1
img_00464_2023,1.0,0.9423486,1
img_00466_2023,1.0,0.9817382,1
img_00468_2023,1.0,0.93730366,1
img_00475_2023,1.0,0.4383006,0
img_00478_2023,1.0,0.66110736,0
img_00477_2023,1.0,0.96064746,1
img_00473_2023,1.0,0.9719717,1
img_00479_2023,1.0,0.7513701,0
img_00435_p01_2023,1.0,0.942959,1
img_00435_p02_2023,1.0,0.98345834,1
img_00435_p03_2023,1.0,0.95670205,1
img_00435_p04_2023,1.0,0.9736187,1
img_00482_2023,1.0,0.6081151,0
img_00483_2023,1.0,0.9328104,1
img_00481_2023,1.0,0.040991955,0
img_00487_2023,1.0,0.5442349,0
img_00491_2023,1.0,0.9001111,1
img_00490_2023,1.0,0.9077195,1
img_00488_2023,1.0,0.71922845,0
img_00489_2023,1.0,0.9249779,1
img_00497_2023,1.0,0.8730833,1
img_00419_p01_2023,1.0,0.98748493,1
img_00419_p02_2023,1.0,0.9847628,1
img_00419_p03_2023,1.0,0.96159965,1
img_00419_p04_2023,1.0,0.63769233,0
img_00419_p05_2023,1.0,0.8681161,1
img_00419_p06_2023,1.0,0.9697375,1
img_00501_2023,1.0,0.97004664,1
img_00508_2023,1.0,0.05628345,0
img_00449_p01_2023,1.0,0.98450834,1
img_00449_p02_2023,1.0,0.9813425,1
img_00449_p03_2023,1.0,0.990218,1
img_00449_p04_2023,1.0,0.97438306,1
img_00511_2023,1.0,0.6022802,0
img_00513_2023,1.0,0.06692229,0
img_00516_2023,1.0,0.88118255,1
img_00518_2023,1.0,0.63441527,0
img_00517_2023,1.0,0.9512563,1
img_00404_p01_2023,1.0,0.9699467,1
img_00404_p02_2023,1.0,0.9839374,1
img_00404_p03_2023,1.0,0.9792223,1
img_00404_p04_2023,1.0,0.9768173,1
img_00404_p05_2023,1.0,0.9616598,1
img_00404_p06_2023,1.0,0.98273534,1
img_00404_p07_2023,1.0,0.908881,1
img_00404_p08_2023,1.0,0.9818182,1
img_00519_2023,1.0,0.9579566,1
img_00521_2023,1.0,0.5139432,0
img_00485_p01_2023,1.0,0.97344,1
img_00485_p02_2023,1.0,0.9686998,1
img_00485_p03_2023,1.0,0.9703468,1
img_00485_p04_2023,1.0,0.95698893,1
img_00522_2023,1.0,0.2680476,0
img_00524_2023,1.0,0.06364684,0
img_00528_2023,1.0,0.046620168,0
img_00529_2023,1.0,0.017275574,0
img_00532_2023,1.0,0.88949776,1
img_00534_2023,1.0,0.98083705,1
img_00539_2023,1.0,0.50448513,0
img_00535_2023,1.0,0.58193237,0
img_00540_2023,1.0,0.5381915,0
img_00537_2023,1.0,0.717294,0
img_00474_p01_2023,1.0,0.92039347,1
img_00474_p03_2023,1.0,0.7094695,0
img_00474_p04_2023,1.0,0.98023355,1
img_00474_p05_2023,1.0,0.98310626,1
img_00474_p06_2023,1.0,0.98429763,1
img_00474_p07_2023,1.0,0.98665667,1
img_00541_2023,1.0,0.15662062,0
img_00544_2023,1.0,0.19831899,0
img_00546_2023,1.0,0.9798705,1
img_00543_2023,1.0,0.96615154,1
img_00545_2023,1.0,0.11539383,0
img_00533_p01_2023,1.0,0.6469394,0
img_00533_p02_2023,1.0,0.9871868,1
img_00549_2023,1.0,0.96888477,1
img_00552_2023,1.0,0.052236777,0
img_00551_2023,1.0,0.72455895,0
img_00550_2023,1.0,0.8751291,1
img_00555_2023,1.0,0.73981285,0
img_00556_2023,1.0,0.8055684,0
img_00559_2023,1.0,0.5466235,0
img_00558_2023,1.0,0.1947063,0
img_00557_2023,1.0,0.8101414,0
img_00553_2023,1.0,0.9809233,1
img_00560_2023,1.0,0.87849885,1
img_00566_2023,1.0,0.25109428,0
img_00526_p01_2023,1.0,0.9640843,1
img_00526_p02_2023,1.0,0.7673024,0
img_00526_p03_2023,1.0,0.12572211,0
img_00526_p04_2023,1.0,0.9789467,1
img_00568_2023,1.0,0.07515963,0
img_00567_2023,1.0,0.29550686,0
img_00570_2023,1.0,0.42931795,0
img_00538_p01_2023,1.0,0.9778783,1
img_00538_p02_2023,1.0,0.9908533,1
img_00538_p03_2023,1.0,0.9877485,1
img_00538_p04_2023,1.0,0.98690116,1
img_00573_2023,1.0,0.5940545,0
img_00572_2023,1.0,0.6659889,0
img_00580_2023,1.0,0.39269125,0
img_00564_2023,1.0,0.9922764,1
img_00575_2023,1.0,0.87321585,1
img_00578_2023,1.0,0.9890831,1
img_00581_2023,1.0,0.6004527,0
img_00589_2023,1.0,0.9636754,1
img_00591_2023,1.0,0.97205603,1
img_00592_2023,1.0,0.9684224,1
img_00585_2023,1.0,0.99413836,1
img_00542_p01_2023,1.0,0.90012693,1
img_00542_p03_2023,1.0,0.91161025,1
img_00542_p04_2023,1.0,0.8096796,0
img_00598_2023,1.0,0.361186,0
img_00599_2023,1.0,0.97217876,1
img_00596_2023,1.0,0.91964036,1
img_00604_2023,1.0,0.87481594,1
img_00606_2023,1.0,0.9448454,1
img_00609_2023,1.0,0.9403259,1
img_00615_2023,1.0,0.9271124,1
img_00619_2023,1.0,0.91836345,1
img_00616_2023,1.0,0.95616186,1
img_00515_p01_2023,1.0,0.97594166,1
img_00515_p02_2023,1.0,0.8391779,1
img_00515_p04_2023,1.0,0.9383298,1
img_00515_p05_2023,1.0,0.9779216,1
img_00515_p06_2023,1.0,0.97046775,1
img_00515_p07_2023,1.0,0.947981,1
img_00515_p08_2023,1.0,0.9721533,1
img_00515_p09_2023,1.0,0.8755816,1
img_00621_2023,1.0,0.982498,1
img_00620_2023,1.0,0.3595412,0
img_00622_2023,1.0,0.9756459,1
img_00626_2023,1.0,0.84420747,1
img_00623_2023,1.0,0.057813324,0
img_00624_2023,1.0,0.6766987,0
img_00631_2023,1.0,0.02811199,0
img_00625_2023,1.0,0.80009615,0
img_00628_2023,1.0,0.67564476,0
img_00634_2023,1.0,0.9814621,1
img_00636_2023,1.0,0.89703405,1
img_00618_p01_2023,1.0,0.9787876,1
img_00618_p02_2023,1.0,0.9606862,1
img_00640_2023,1.0,0.95809495,1
img_00644_2023,1.0,0.91309965,1
img_00642_2023,1.0,0.51912487,0
img_00629_p01_2023,1.0,0.9850208,1
img_00629_p02_2023,1.0,0.93700343,1
img_00641_2023,1.0,0.41405386,0
img_00643_2023,1.0,0.95374966,1
img_00639_2023,1.0,0.9439505,1
img_00645_2023,1.0,0.63067204,0
img_00648_2023,1.0,0.2941608,0
img_00584_p01_2023,1.0,0.79634655,0
img_00584_p02_2023,1.0,0.96078414,1
img_00584_p03_2023,1.0,0.9639289,1
img_00584_p04_2023,1.0,0.78440773,0
img_00584_p05_2023,1.0,0.9730194,1
img_00584_p06_2023,1.0,0.9274829,1
img_00627_p01_2023,1.0,0.988636,1
img_00627_p02_2023,1.0,0.99135554,1
img_00652_2023,1.0,0.9711835,1
img_00647_2023,1.0,0.49512857,0
img_00649_2023,1.0,0.6906196,0
img_00655_2023,1.0,0.9773281,1
img_00657_2023,1.0,0.38246244,0
img_00656_2023,1.0,0.40775365,0
img_00661_2023,1.0,0.9707917,1
img_00646_2023,1.0,0.8001436,0
img_00593_p01_2023,1.0,0.98748684,1
img_00593_p02_2023,1.0,0.9903765,1
img_00593_p03_2023,1.0,0.9857168,1
img_00593_p04_2023,1.0,0.9613102,1
img_00593_p05_2023,1.0,0.9943541,1
img_00593_p06_2023,1.0,0.979925,1
img_00660_2023,1.0,0.50689965,0
img_00659_2023,1.0,0.91002464,1
img_00662_2023,1.0,0.97870743,1
img_00664_2023,1.0,0.92950755,1
img_00666_2023,1.0,0.96124583,1
img_00663_2023,1.0,0.5868627,0
img_00667_2023,1.0,0.1012276,0
img_00669_2023,1.0,0.9340178,1
img_00671_2023,1.0,0.9790656,1
img_00668_2023,1.0,0.91,1
img_00672_2023,1.0,0.25486958,0
img_00675_2023,1.0,0.42731112,0
img_00674_2023,1.0,0.29853916,0
img_00594_p02_2023,1.0,0.7524618,0
img_00594_p03_2023,1.0,0.9924383,1
img_00594_p04_2023,1.0,0.9170095,1
img_00594_p05_2023,1.0,0.991083,1
img_00594_p06_2023,1.0,0.9894522,1
img_00594_p07_2023,1.0,0.9882364,1
img_00594_p08_2023,1.0,0.9893419,1
img_00676_2023,1.0,0.85256875,1
img_00665_2023,1.0,0.8378099,0
img_00679_2023,1.0,0.9072286,1
img_00677_2023,1.0,0.91096336,1
img_00658_p01_2023,1.0,0.77316344,0
img_00658_p02_2023,1.0,0.34968612,0
img_00680_2023,1.0,0.94600165,1
img_00678_2023,1.0,0.025095936,0
img_00683_2023,1.0,0.81872034,0
img_00681_2023,1.0,0.8760052,1
img_00689_2023,1.0,0.9142229,1
img_00686_2023,1.0,0.9223388,1
img_00687_2023,1.0,0.116598085,0
img_00691_2023,1.0,0.9504182,1
img_00692_2023,1.0,0.9365077,1
img_00684_2023,1.0,0.65608466,0
img_00638_p01_2023,1.0,0.9906502,1
img_00638_p02_2023,1.0,0.9670494,1
img_00638_p03_2023,1.0,0.98562336,1
img_00638_p04_2023,1.0,0.935211,1
img_00685_2023,1.0,0.9337455,1
img_00695_2023,1.0,0.9639223,1
img_00693_2023,1.0,0.50032413,0
img_00682_p01_2023,1.0,0.8406987,1
img_00682_p02_2023,1.0,0.93623847,1
img_00699_2023,1.0,0.97633934,1
img_00696_2023,1.0,0.9312256,1
img_00702_2023,1.0,0.14795947,0
img_00701_2023,1.0,0.79383194,0
img_00706_2023,1.0,0.9680417,1
img_00704_2023,1.0,0.9648385,1
img_00705_2023,1.0,0.93289727,1
img_00700_2023,1.0,0.3330055,0
img_00697_2023,1.0,0.96669656,1
img_00707_2023,1.0,0.96842986,1
img_00635_p01_2023,1.0,0.929284,1
img_00635_p02_2023,1.0,0.96177375,1
img_00635_p03_2023,1.0,0.09394588,0
img_00635_p04_2023,1.0,0.7796434,0
img_00635_p05_2023,1.0,0.7228816,0
img_00635_p06_2023,1.0,0.9234635,1
img_00486_p01_2023,1.0,0.7864709,0
img_00486_p02_2023,1.0,0.9874133,1
img_00486_p04_2023,1.0,0.9406556,1
img_00486_p05_2023,1.0,0.9813892,1
img_00486_p06_2023,1.0,0.98917234,1
img_00486_p07_2023,1.0,0.9928376,1
img_00486_p08_2023,1.0,0.98163843,1
img_00486_p09_2023,1.0,0.9873144,1
img_00486_p10_2023,1.0,0.97617435,1
img_00486_p11_2023,1.0,0.9924962,1
img_00486_p12_2023,1.0,0.95711166,1
img_00486_p13_2023,1.0,0.7943109,0
img_00486_p14_2023,1.0,0.94985694,1
img_00486_p15_2023,1.0,0.87512434,1
img_00713_2023,1.0,0.5220332,0
img_00711_2023,1.0,0.6829162,0
img_00714_2023,1.0,0.7435536,0
img_00712_2023,1.0,0.89377433,1
img_00715_2023,1.0,0.76314276,0
img_00716_2023,1.0,0.9469736,1
img_00708_2023,1.0,0.43791947,0
img_00710_2023,1.0,0.9229124,1
img_00718_2023,1.0,0.80104005,0
img_00688_p01_2023,1.0,0.7498131,0
img_00688_p02_2023,1.0,0.6644741,0
img_00726_2023,1.0,0.9559761,1
img_00722_2023,1.0,0.68282765,0
img_00723_2023,1.0,0.021644007,0
img_00721_2023,1.0,0.9375022,1
img_00720_2023,1.0,0.9802966,1
img_00725_2023,1.0,0.07387406,0
img_00728_2023,1.0,0.9629305,1
img_00730_2023,1.0,0.7752077,0
img_00612_p04_2023,1.0,0.9510481,1
img_00612_p05_2023,1.0,0.9502808,1
img_00612_p06_2023,1.0,0.25852165,0
img_00612_p07_2023,1.0,0.8581513,1
img_00612_p08_2023,1.0,0.870348,1
img_00612_p09_2023,1.0,0.3535365,0
img_00719_2023,1.0,0.90368384,1
img_00729_2023,1.0,0.15652572,0
img_00734_2023,1.0,0.9314841,1
img_00731_2023,1.0,0.62951374,0
img_00735_2023,1.0,0.9117225,1
img_00733_2023,1.0,0.6705333,0
img_00737_2023,1.0,0.5605164,0
img_00732_2023,1.0,0.9923905,1
img_00736_2023,1.0,0.9134243,1
img_00026_p01_2023,1.0,0.9133806,1
img_00026_p02_2023,1.0,0.93624353,1
img_00026_p03_2023,1.0,0.9491984,1
img_00026_p04_2023,1.0,0.9328133,1
img_00026_p05_2023,1.0,0.99337995,1
img_00026_p06_2023,1.0,0.80945843,0
img_00026_p07_2023,1.0,0.98594534,1
img_00026_p08_2023,1.0,0.98416644,1
img_00026_p09_2023,1.0,0.9621668,1
img_00026_p10_2023,1.0,0.9823241,1
img_00026_p11_2023,1.0,0.9921397,1
img_00026_p12_2023,1.0,0.93875295,1
img_00026_p13_2023,1.0,0.9839085,1
img_00026_p14_2023,1.0,0.9903949,1
img_00026_p15_2023,1.0,0.9841436,1
img_00026_p16_2023,1.0,0.986944,1
img_00026_p17_2023,1.0,0.26310074,0
img_00026_p18_2023,1.0,0.9310233,1
img_00026_p19_2023,1.0,0.9426502,1
img_00026_p20_2023,1.0,0.9873021,1
img_00026_p21_2023,1.0,0.88566864,1
img_00026_p24_2023,1.0,0.9785608,1
img_00026_p25_2023,1.0,0.99130374,1
img_00738_2023,1.0,0.35277778,0
img_00717_p01_2023,1.0,0.15826708,0
img_00717_p02_2023,1.0,0.17095575,0
img_00743_2023,1.0,0.2370238,0
img_00739_2023,1.0,0.49862108,0
img_00740_2023,1.0,0.7476886,0
img_00744_2023,1.0,0.96272594,1
img_00741_2023,1.0,0.62565315,0
img_00742_2023,1.0,0.90485,1
img_00746_2023,1.0,0.9488931,1
img_00747_2023,1.0,0.9420376,1
img_00745_2023,1.0,0.1289086,0
img_00749_2023,1.0,0.98758554,1
img_00670_p01_2023,1.0,0.7605126,0
img_00670_p02_2023,1.0,0.594013,0
img_00670_p03_2023,1.0,0.95098925,1
img_00670_p04_2023,1.0,0.97933215,1
img_00670_p05_2023,1.0,0.93770695,1
img_00670_p06_2023,1.0,0.6491979,0
img_00752_2023,1.0,0.12314884,0
img_00750_2023,1.0,0.95318335,1
img_00748_2023,1.0,0.27894372,0
img_00751_2023,1.0,0.81033725,0
img_00727_p01_2023,1.0,0.9313488,1
img_00727_p02_2023,1.0,0.9833003,1
img_00754_2023,1.0,0.18820474,0
img_00758_2023,1.0,0.27491623,0
img_00756_2023,1.0,0.9870919,1
img_00764_2023,1.0,0.4368844,0
img_00690_p01_2023,1.0,0.98615915,1
img_00690_p02_2023,1.0,0.9509473,1
img_00690_p03_2023,1.0,0.929352,1
img_00690_p04_2023,1.0,0.9828043,1
img_00765_2023,1.0,0.9355914,1
img_00759_2023,1.0,0.7223969,0
img_00762_2023,1.0,0.54934937,0
img_00770_2023,1.0,0.8334956,0
img_00773_2023,1.0,0.016016334,0
img_00769_2023,1.0,0.83279544,0
img_00771_2023,1.0,0.8664401,1
img_00772_2023,1.0,0.76653934,0
img_00775_2023,1.0,0.90261614,1
img_00776_2023,1.0,0.9393471,1
img_00784_2023,1.0,0.7867354,0
img_00761_2023,1.0,0.1252154,0
img_00777_2023,1.0,0.89758027,1
img_00787_2023,1.0,0.90953577,1
img_00778_2023,1.0,0.7840289,0
img_00768_p01_2023,1.0,0.69843477,0
img_00768_p02_2023,1.0,0.50751925,0
img_00798_2023,0.0,0.010245802,0
img_00799_2023,0.0,0.0069568725,0
img_00802_2023,0.0,0.016868329,0
img_00800_2023,0.0,0.008727042,0
img_00811_2023,0.0,0.018347941,0
img_00803_2023,0.0,0.014671838,0
img_00724_p01_2023,1.0,0.9294947,1
img_00724_p02_2023,1.0,0.5167824,0
img_00724_p03_2023,1.0,0.18293647,0
img_00724_p04_2023,1.0,0.9430129,1
img_00805_2023,0.0,0.017675318,0
img_00809_2023,0.0,0.05549705,0
img_00804_2023,0.0,0.018601364,0
img_00808_2023,0.0,0.023288762,0
img_00806_2023,0.0,0.035782047,0
img_00816_2023,0.0,0.06022994,0
img_00810_2023,0.0,0.013134989,0
img_00820_2023,0.0,0.008018802,0
img_00821_2023,0.0,0.3294918,0
img_00822_2023,0.0,0.008828383,0
img_00826_2023,0.0,0.010087343,0
img_00825_2023,0.0,0.01678623,0
img_00830_2023,0.0,0.045784343,0
img_00833_2023,0.0,0.01525418,0
img_00831_2023,0.0,0.016009854,0
img_00827_2023,0.0,0.009283868,0
img_00837_2023,0.0,0.009595135,0
img_00836_2023,0.0,0.013734346,0
img_00842_2023,0.0,0.027709577,0
img_00840_2023,0.0,0.007298411,0
img_00841_2023,0.0,0.0604242,0
img_00847_2023,0.0,0.009643459,0
img_00852_2023,0.0,0.0059607783,0
img_00849_2023,0.0,0.0098749455,0
img_00853_2023,0.0,0.015821408,0
img_00851_2023,0.0,0.009161456,0
img_00855_2023,0.0,0.008056441,0
img_00786_p01_2023,1.0,0.88126916,1
img_00786_p02_2023,1.0,0.85977507,1
img_00786_p03_2023,1.0,0.9869274,1
img_00786_p04_2023,1.0,0.98376477,1
img_00857_2023,0.0,0.01575806,0
img_00863_2023,0.0,0.011090473,0
img_00864_2023,0.0,0.017924802,0
img_00866_2023,0.0,0.01606733,0
img_00870_2023,0.0,0.009635377,0
img_00869_2023,0.0,0.028077284,0
img_00873_2023,0.0,0.009873305,0
img_00861_2023,0.0,0.018099872,0
img_00871_2023,0.0,0.016781334,0
img_00876_2023,0.0,0.0073580993,0
img_00813_p01_2023,0.0,0.010742804,0
img_00813_p02_2023,0.0,0.028498068,0
img_00813_p03_2023,0.0,0.008467423,0
img_00813_p04_2023,0.0,0.017804418,0
img_00874_2023,0.0,0.015532558,0
img_00880_2023,0.0,0.007581071,0
img_00834_p01_2023,0.0,0.0069852783,0
img_00834_p04_2023,0.0,0.015797142,0
img_00883_2023,0.0,0.15026861,0
img_00848_p01_2023,0.0,0.015254276,0
img_00848_p02_2023,0.0,0.014505434,0
img_00848_p03_2023,0.0,0.013303017,0
img_00848_p04_2023,0.0,0.014131306,0
img_00885_2023,0.0,0.017296784,0
img_00879_2023,0.0,0.02778677,0
img_00884_2023,0.0,0.011175032,0
img_00881_2023,0.0,0.59983397,0
img_00889_2023,0.0,0.022905713,0
img_00818_p01_2023,0.0,0.0091077285,0
img_00818_p02_2023,0.0,0.029751236,0
img_00818_p03_2023,0.0,0.014226223,0
img_00818_p04_2023,0.0,0.018917356,0
img_00896_2023,0.0,0.016698148,0
img_00878_p01_2023,0.0,0.018716441,0
img_00878_p02_2023,0.0,0.009636534,0
img_00824_p04_2023,0.0,0.371926,0
img_00824_p05_2023,0.0,0.047947243,0
img_00891_2023,0.0,0.014230989,0
img_00900_2023,0.0,0.009087484,0
img_00914_2023,0.0,0.006626323,0
img_00911_2023,0.0,0.006603037,0
img_00902_2023,0.0,0.0076373233,0
img_00906_2023,0.0,0.017965106,0
img_00903_2023,0.0,0.027017701,0
img_00913_2023,0.0,0.012071453,0
img_00908_2023,0.0,0.009785329,0
img_00910_2023,0.0,0.008922776,0
img_00916_2023,0.0,0.020651652,0
img_00918_2023,0.0,0.0063189194,0
img_00922_2023,0.0,0.03390695,0
img_00872_p02_2023,0.0,0.07556225,0
img_00872_p04_2023,0.0,0.038740955,0
img_00905_p01_2023,0.0,0.015189131,0
img_00905_p02_2023,0.0,0.013079887,0
img_00928_2023,0.0,0.0072199283,0
img_00931_2023,0.0,0.024921456,0
img_00926_2023,0.0,0.008380604,0
img_00909_p03_2023,0.0,0.009845702,0
img_00886_p01_2023,0.0,0.10518911,0
img_00886_p02_2023,0.0,0.039277423,0
img_00886_p03_2023,0.0,0.11448325,0
img_00886_p04_2023,0.0,0.02922237,0
img_00925_2023,0.0,0.021248525,0
img_00935_2023,0.0,0.01119224,0
img_00934_2023,0.0,0.01695206,0
img_00936_2023,0.0,0.008105325,0
img_00939_2023,0.0,0.022381881,0
img_00930_2023,0.0,0.006343864,0
img_00941_2023,0.0,0.025743663,0
img_00944_2023,0.0,0.007971304,0
img_00940_2023,0.0,0.02465519,0
img_00953_2023,0.0,0.012884544,0
img_00955_2023,0.0,0.010899583,0
img_00952_2023,0.0,0.008005144,0
img_00958_2023,0.0,0.026007956,0
img_00959_2023,0.0,0.01230502,0
img_00957_2023,0.0,0.024690796,0
img_00961_2023,0.0,0.07400636,0
img_00962_2023,0.0,0.01311381,0
img_00956_2023,0.0,0.01657619,0
img_00964_2023,0.0,0.38447434,0
img_00965_2023,0.0,0.01404804,0
img_00975_2023,0.0,0.016469683,0
img_00976_2023,0.0,0.9012202,1
img_00972_2023,0.0,0.014411436,0
img_00978_2023,0.0,0.009482896,0
img_00632_p02_2023,1.0,0.47575456,0
img_00632_p09_2023,1.0,0.47206178,0
img_00632_p10_2023,1.0,0.827172,0
img_00632_p11_2023,1.0,0.9899249,1
img_00632_p12_2023,1.0,0.9654743,1
img_00632_p14_2023,1.0,0.9844572,1
img_00632_p15_2023,1.0,0.93386763,1
img_00632_p16_2023,1.0,0.98873806,1
img_00632_p17_2023,1.0,0.9834288,1
img_00632_p18_2023,1.0,0.04133975,0
img_00963_p01_2023,0.0,0.010883873,0
img_00963_p02_2023,0.0,0.012146448,0
img_00981_2023,0.0,0.49384803,0
img_00971_2023,0.0,0.016093085,0
img_00973_2023,0.0,0.008026682,0
img_00984_2023,0.0,0.07412607,0
img_00983_2023,0.0,0.017113434,0
img_00988_2023,0.0,0.51076376,0
img_00990_2023,0.0,0.01929729,0
img_00991_2023,0.0,0.0058991998,0
img_00992_2023,0.0,0.04811102,0
img_00995_2023,0.0,0.010296958,0
img_00993_2023,0.0,0.014201971,0
img_00998_2023,0.0,0.068733394,0
img_00985_2023,0.0,0.01679459,0
img_00996_2023,0.0,0.012505929,0
img_00949_p03_2023,0.0,0.00940765,0
img_00949_p04_2023,0.0,0.04849242,0
img_01002_2023,0.0,0.008708541,0
img_01005_2023,0.0,0.03813181,0
img_01003_2023,0.0,0.43043178,0
img_01014_2023,0.0,0.02436756,0
img_01009_2023,0.0,0.021951117,0
img_01015_2023,0.0,0.009809924,0
img_01013_2023,0.0,0.019104596,0
img_01020_2023,0.0,0.006233531,0
img_01016_2023,0.0,0.008771154,0
img_01019_2023,0.0,0.009759019,0
img_01021_2023,0.0,0.012210322,0
img_01018_2023,0.0,0.021677626,0
img_00967_p01_2023,0.0,0.010886134,0
img_00967_p02_2023,0.0,0.023476275,0
img_00967_p03_2023,0.0,0.011356513,0
img_00967_p04_2023,0.0,0.021552755,0
img_01025_2023,0.0,0.013523844,0
img_01023_2023,0.0,0.010434212,0
img_01031_2023,0.0,0.010037033,0
img_01028_2023,0.0,0.11612429,0
img_01034_2023,0.0,0.008557329,0
img_01033_2023,0.0,0.017302746,0
img_01035_2023,0.0,0.019515937,0
img_01038_2023,0.0,0.010105778,0
img_00954_p01_2023,0.0,0.010949795,0
img_00954_p02_2023,0.0,0.011512262,0
img_00954_p03_2023,0.0,0.01002162,0
img_00954_p04_2023,0.0,0.024351824,0
img_01027_2023,0.0,0.16161154,0
img_01041_2023,0.0,0.0071913153,0
img_01044_2023,0.0,0.030808467,0
img_01045_2023,0.0,0.007329141,0
img_01051_2023,0.0,0.009775531,0
img_01053_2023,0.0,0.009963751,0
img_01043_2023,0.0,0.009161446,0
img_01054_2023,0.0,0.010497985,0
img_01049_2023,0.0,0.047672022,0
img_01030_p01_2023,0.0,0.031852692,0
img_01030_p02_2023,0.0,0.08410836,0
img_01055_2023,0.0,0.009175209,0
img_01062_2023,0.0,0.017074894,0
img_01064_2023,0.0,0.101230085,0
img_01065_2023,0.0,0.012202497,0
img_01066_2023,0.0,0.16433117,0
img_01071_2023,0.0,0.007226073,0
img_01075_2023,0.0,0.006043047,0
img_01077_2023,0.0,0.09913483,0
img_01073_2023,0.0,0.01911408,0
img_01074_2023,0.0,0.019051801,0
img_01079_2023,0.0,0.010434723,0
img_01080_2023,0.0,0.011087892,0
img_01082_2023,0.0,0.029011533,0
img_01084_2023,0.0,0.01215785,0
img_01085_2023,0.0,0.04558079,0
img_01088_2023,0.0,0.008297084,0
img_01063_2023,0.0,0.007349548,0
img_01081_2023,0.0,0.007910825,0
img_01089_2023,0.0,0.014154826,0
img_01086_2023,0.0,0.043592222,0
img_01094_2023,0.0,0.028858569,0
img_01092_2023,0.0,0.05118816,0
img_01087_2023,0.0,0.019813731,0
img_01098_2023,0.0,0.0077640414,0
img_01100_2023,0.0,0.010639695,0
img_01069_p01_2023,0.0,0.018796867,0
img_01069_p02_2023,0.0,0.008432401,0
img_01102_2023,0.0,0.0124731455,0
img_01101_2023,0.0,0.026403764,0
img_01108_2023,0.0,0.022058852,0
img_01107_2023,0.0,0.023155043,0
img_01103_2023,0.0,0.014783236,0
img_01112_2023,0.0,0.00748328,0
img_01117_2023,0.0,0.30875212,0
img_01119_2023,0.0,0.014380313,0
img_01118_2023,0.0,0.061849844,0
img_01122_2023,0.0,0.010388905,0
img_01124_2023,0.0,0.0109387655,0
img_01039_p01_2023,0.0,0.019852597,0
img_01039_p02_2023,0.0,0.037903864,0
img_01039_p04_2023,0.0,0.023301218,0
img_01128_2023,0.0,0.0062684505,0
img_01127_2023,0.0,0.10376996,0
img_01123_2023,0.0,0.0103264,0
img_01125_2023,0.0,0.010305328,0
img_01126_2023,0.0,0.010341147,0
img_01133_2023,0.0,0.01103927,0
img_01137_2023,0.0,0.0115798265,0
img_01141_2023,0.0,0.03683167,0
img_01143_2023,0.0,0.009416125,0
img_01142_2023,0.0,0.007956328,0
img_01145_2023,0.0,0.010540107,0
img_01140_2023,0.0,0.066452354,0
img_01152_2023,0.0,0.015781345,0
img_01148_2023,0.0,0.0145812305,0
img_01144_2023,0.0,0.03867843,0
img_01155_2023,0.0,0.00923263,0
img_01159_2023,0.0,0.02058931,0
img_01156_2023,0.0,0.010182956,0
img_01160_2023,0.0,0.012922679,0
img_01134_p01_2023,0.0,0.008257099,0
img_01134_p02_2023,0.0,0.008439783,0
img_01161_2023,0.0,0.058458053,0
img_01164_2023,0.0,0.022336172,0
img_01170_2023,0.0,0.0066498206,0
img_01136_2023,0.0,0.0068628043,0
img_01173_2023,0.0,0.013985917,0
img_01167_2023,0.0,0.07448076,0
img_01178_2023,0.0,0.016730517,0
img_01177_2023,0.0,0.011063938,0
img_01179_2023,0.0,0.015524961,0
img_01168_2023,0.0,0.010504765,0
img_01183_2023,0.0,0.028122488,0
img_01186_2023,0.0,0.009565953,0
img_01175_2023,0.0,0.013884984,0
img_01182_2023,0.0,0.21217406,0
img_01181_2023,0.0,0.021246351,0
img_01192_2023,0.0,0.008749351,0
img_01190_2023,0.0,0.049060088,0
img_01197_2023,0.0,0.014229571,0
img_01198_2023,0.0,0.0212672,0
img_01201_2023,0.0,0.017154705,0
img_01193_2023,0.0,0.015555,0
img_01165_p01_2023,0.0,0.01063985,0
img_01165_p02_2023,0.0,0.015517327,0
img_01196_2023,0.0,0.016511226,0
img_01200_2023,0.0,0.010725783,0
img_01204_2023,0.0,0.009900631,0
img_01209_2023,0.0,0.013816139,0
img_01212_2023,0.0,0.012795409,0
img_01205_2023,0.0,0.01051732,0
img_01210_2023,0.0,0.008271744,0
img_01220_2023,0.0,0.024494445,0
img_01213_2023,0.0,0.04270669,0
img_01218_2023,0.0,0.0147019755,0
img_01215_2023,0.0,0.021672932,0
img_01216_2023,0.0,0.016423302,0
img_01217_2023,0.0,0.008143319,0
img_01219_2023,0.0,0.01109691,0
img_01222_2023,0.0,0.0112763,0
img_01221_2023,0.0,0.015022551,0
img_01229_2023,0.0,0.011106407,0
img_01224_2023,0.0,0.0063954005,0
img_01195_p02_2023,0.0,0.012693932,0
img_01233_2023,0.0,0.011742404,0
img_01231_2023,0.0,0.008160022,0
img_01236_2023,0.0,0.011096849,0
img_01238_2023,0.0,0.2142295,0
img_01214_p01_2023,0.0,0.009176504,0
img_01214_p02_2023,0.0,0.024554016,0
img_01243_2023,0.0,0.03597945,0
img_01246_2023,0.0,0.008929633,0
img_01244_2023,0.0,0.043879278,0
img_01248_2023,0.0,0.01178023,0
img_01254_2023,0.0,0.0076817772,0
img_01257_2023,0.0,0.008790126,0
img_01258_2023,0.0,0.02434289,0
img_01249_2023,0.0,0.009487311,0
img_01253_2023,0.0,0.018972117,0
img_01247_2023,0.0,0.011776239,0
img_01263_2023,0.0,0.0059328615,0
img_01255_2023,0.0,0.011132725,0
img_01267_2023,0.0,0.01712733,0
img_01268_2023,0.0,0.013602155,0
img_01269_2023,0.0,0.39767033,0
img_01271_2023,0.0,0.011997965,0
img_01273_2023,0.0,0.0145452665,0
img_01275_2023,0.0,0.008910338,0
img_01262_2023,0.0,0.009895703,0
img_01276_2023,0.0,0.009655321,0
img_01282_2023,0.0,0.007256081,0
img_01281_2023,0.0,0.0110829985,0
img_01280_2023,0.0,0.011110376,0
img_01286_2023,0.0,0.03539047,0
img_01279_2023,0.0,0.0072221262,0
img_01291_2023,0.0,0.008696449,0
img_01290_2023,0.0,0.012676376,0
img_01076_p01_2023,0.0,0.013874317,0
img_01076_p02_2023,0.0,0.04957875,0
img_01076_p03_2023,0.0,0.030431276,0
img_01076_p04_2023,0.0,0.008647525,0
img_01076_p05_2023,0.0,0.013878666,0
img_01076_p06_2023,0.0,0.016388746,0
img_01076_p07_2023,0.0,0.016946876,0
img_01076_p08_2023,0.0,0.019000072,0
img_01076_p09_2023,0.0,0.01773331,0
img_01076_p10_2023,0.0,0.011263395,0
img_01301_2023,0.0,0.011432832,0
img_01295_2023,0.0,0.15900496,0
img_01298_2023,0.0,0.011572941,0
img_01299_2023,0.0,0.009802383,0
img_01304_2023,0.0,0.010293109,0
img_01311_2023,0.0,0.036241353,0
img_01312_2023,0.0,0.00887352,0
img_01308_2023,0.0,0.010393584,0
img_01316_2023,0.0,0.01572805,0
img_01292_p01_2023,0.0,0.015513325,0
img_01292_p02_2023,0.0,0.0102679115,0
img_01313_2023,0.0,0.008802947,0
img_01315_2023,0.0,0.014435475,0
img_01310_2023,0.0,0.023474198,0
img_01321_2023,0.0,0.23622254,0
img_01317_2023,0.0,0.007844412,0
img_01302_p01_2023,0.0,0.01691447,0
img_01322_2023,0.0,0.03637792,0
img_01289_p01_2023,0.0,0.046893053,0
img_01289_p02_2023,0.0,0.01782861,0
img_01319_2023,0.0,0.015171093,0
img_01320_2023,0.0,0.0077933096,0
img_01328_2023,0.0,0.07551991,0
img_01323_2023,0.0,0.037188403,0
img_01327_2023,0.0,0.00869859,0
img_01339_2023,0.0,0.008813616,0
img_01337_2023,0.0,0.00856474,0
img_01338_2023,0.0,0.02982467,0
img_01341_2023,0.0,0.010115525,0
img_01332_2023,0.0,0.036512993,0
img_01343_2023,0.0,0.00997347,0
img_01334_2023,0.0,0.017363748,0
img_01335_2023,0.0,0.0074844235,0
img_01318_p01_2023,0.0,0.016622622,0
img_01345_2023,0.0,0.026540753,0
img_01350_2023,0.0,0.0060780235,0
img_01347_2023,0.0,0.014459237,0
img_01352_2023,0.0,0.16349377,0
img_01355_2023,0.0,0.06641181,0
img_01358_2023,0.0,0.010402674,0
img_01348_2023,0.0,0.022237975,0
img_01359_2023,0.0,0.030560832,0
img_01364_2023,0.0,0.010622436,0
img_01360_2023,0.0,0.006480792,0
img_01363_2023,0.0,0.008508794,0
img_01368_2023,0.0,0.009900955,0
img_01354_2023,0.0,0.3726527,0
img_01353_2023,0.0,0.011793681,0
img_01351_2023,0.0,0.006786355,0
img_01366_2023,0.0,0.012103626,0
img_01372_2023,0.0,0.007913448,0
img_01374_2023,0.0,0.025036093,0
img_01367_2023,0.0,0.0783653,0
img_01370_2023,0.0,0.011647921,0
img_01369_2023,0.0,0.018257488,0
img_01356_2023,0.0,0.0133096455,0
img_01375_2023,0.0,0.006318379,0
img_01380_2023,0.0,0.011483822,0
img_01390_2023,0.0,0.03827762,0
img_01389_2023,0.0,0.008340312,0
img_01392_2023,0.0,0.027267337,0
img_01386_2023,0.0,0.0121561065,0
img_01393_2023,0.0,0.037528597,0
img_01396_2023,0.0,0.008730529,0
img_01397_2023,0.0,0.018205184,0
img_01399_2023,0.0,0.0071281255,0
img_01384_2023,0.0,0.012360341,0
img_01398_2023,0.0,0.008284557,0
img_01378_p02_2023,0.0,0.025636012,0
img_01388_2023,0.0,0.011438847,0
img_01394_2023,0.0,0.048179902,0
img_01405_2023,0.0,0.010133558,0
img_01402_2023,0.0,0.009975705,0
img_01404_2023,0.0,0.009342488,0
img_01412_2023,0.0,0.010387163,0
img_01413_2023,0.0,0.013026538,0
img_01414_2023,0.0,0.011428583,0
img_01408_2023,0.0,0.01230559,0
img_01379_2023,0.0,0.009489828,0
img_01416_2023,0.0,0.15496853,0
img_01423_2023,0.0,0.0074782195,0
img_01418_2023,0.0,0.10969846,0
img_01417_2023,0.0,0.0069348826,0
img_01419_2023,0.0,0.0077808974,0
img_01426_2023,0.0,0.020484073,0
img_01422_2023,0.0,0.0068158195,0
img_01421_2023,0.0,0.02277362,0
img_01420_2023,0.0,0.017406078,0
img_01431_2023,0.0,0.82229364,0
img_01427_2023,0.0,0.013968976,0
img_01429_2023,0.0,0.02613677,0
img_01435_2023,0.0,0.008556996,0
img_01433_2023,0.0,0.010868354,0
img_01442_2023,0.0,0.016633933,0
img_01425_2023,0.0,0.008145198,0
img_01440_2023,0.0,0.0140690375,0
img_01436_2023,0.0,0.010142937,0
img_01376_p01_2023,0.0,0.081533395,0
img_01376_p03_2023,0.0,0.31694388,0
img_01376_p04_2023,0.0,0.021871671,0
img_01445_2023,0.0,0.007867361,0
img_01443_2023,0.0,0.02109101,0
img_01441_2023,0.0,0.015280521,0
img_01446_2023,0.0,0.0068168403,0
img_01349_p01_2023,0.0,0.03132699,0
img_01349_p02_2023,0.0,0.049651742,0
img_01349_p03_2023,0.0,0.02699479,0
img_01349_p04_2023,0.0,0.019119376,0
img_01377_p01_2023,0.0,0.10246809,0
img_01377_p02_2023,0.0,0.020991836,0
img_01377_p03_2023,0.0,0.023873543,0
img_01377_p04_2023,0.0,0.06559789,0
img_01377_p05_2023,0.0,0.07231604,0
img_01377_p06_2023,0.0,0.016312158,0
img_01452_2023,0.0,0.0092079835,0
img_01453_2023,0.0,0.035440724,0
img_01455_2023,0.0,0.008505222,0
img_01449_2023,0.0,0.048462372,0
img_01448_2023,0.0,0.020603593,0
img_01460_2023,0.0,0.014525851,0
img_01458_2023,0.0,0.006279087,0
img_01462_2023,0.0,0.020881345,0
img_01461_2023,0.0,0.007511723,0
img_01464_2023,0.0,0.034804426,0
img_01463_2023,0.0,0.012123109,0
img_01471_2023,0.0,0.21763882,0
img_01472_2023,0.0,0.014052145,0
img_01465_2023,0.0,0.013214506,0
img_01469_2023,0.0,0.018572053,0
img_01475_2023,0.0,0.022868244,0
img_01473_2023,0.0,0.05309514,0
img_01476_2023,0.0,0.02309141,0
img_01480_2023,0.0,0.009332518,0
img_01482_2023,0.0,0.0072588734,0
img_01468_2023,0.0,0.14018075,0
img_01486_2023,0.0,0.007600084,0
img_01478_2023,0.0,0.0070806677,0
img_01474_2023,0.0,0.0126426695,0
img_01479_2023,0.0,0.0062810928,0
img_01487_2023,0.0,0.012052141,0
img_01495_2023,0.0,0.010184499,0
img_01481_2023,0.0,0.01295125,0
img_01501_2023,0.0,0.006990064,0
img_01496_2023,0.0,0.010858153,0
img_01503_2023,0.0,0.018835226,0
img_01505_2023,0.0,0.0063655465,0
img_01508_2023,0.0,0.040452875,0
img_01498_2023,0.0,0.008657494,0
img_01499_2023,0.0,0.008772745,0
img_01507_2023,0.0,0.038964324,0
img_01504_2023,0.0,0.020281691,0
img_01511_2023,0.0,0.012488342,0
img_01510_2023,0.0,0.0070026675,0
img_01502_2023,0.0,0.060729586,0
img_01489_p01_2023,0.0,0.043791607,0
img_01489_p02_2023,0.0,0.0535514,0
img_01515_2023,0.0,0.009481303,0
img_01516_2023,0.0,0.06733527,0
img_01522_2023,0.0,0.09570719,0
img_01527_2023,0.0,0.063219324,0
img_01529_2023,0.0,0.006638836,0
img_01521_2023,0.0,0.03119351,0
img_01526_2023,0.0,0.036501925,0
img_01533_2023,0.0,0.010046603,0
img_01537_2023,0.0,0.04219515,0
img_01540_2023,0.0,0.006705371,0
img_01546_2023,0.0,0.025707338,0
img_01534_2023,0.0,0.011084661,0
img_01544_2023,0.0,0.033337545,0
img_01542_2023,0.0,0.010461899,0
img_01545_2023,0.0,0.008436117,0
img_01518_2023,0.0,0.01588912,0
img_01553_2023,0.0,0.061229926,0
img_01555_2023,0.0,0.9363371,1
img_01547_2023,0.0,0.009458897,0
img_01557_2023,0.0,0.010001972,0
img_01558_2023,0.0,0.62400335,0
img_01556_2023,0.0,0.01349885,0
img_01562_2023,0.0,0.0141350655,0
img_01568_2023,0.0,0.026765753,0
img_01561_2023,0.0,0.007630901,0
img_01565_2023,0.0,0.040123057,0
img_01569_2023,0.0,0.010341439,0
img_01578_2023,0.0,0.0069380887,0
img_01567_2023,0.0,0.010050745,0
img_01571_2023,0.0,0.009054938,0
img_01583_2023,0.0,0.01304854,0
img_01579_2023,0.0,0.010621578,0
img_01582_2023,0.0,0.47012496,0
img_01586_2023,0.0,0.010907538,0
img_01590_2023,0.0,0.017312588,0
img_01594_2023,0.0,0.009534413,0
img_01595_2023,0.0,0.018214498,0
img_01604_2023,0.0,0.10735683,0
img_01603_2023,0.0,0.019847674,0
img_01601_2023,0.0,0.014356226,0
img_01600_2023,0.0,0.009050431,0
img_01605_2023,0.0,0.012033131,0
img_01598_2023,0.0,0.011186758,0
img_01607_2023,0.0,0.0058609727,0
img_01608_2023,0.0,0.00842791,0
img_01596_2023,0.0,0.01360877,0
img_01609_2023,0.0,0.008171155,0
img_01618_2023,0.0,0.009556969,0
img_01549_p01_2023,0.0,0.030367127,0
img_01549_p02_2023,0.0,0.018593434,0
img_01610_2023,0.0,0.009228511,0
img_01613_2023,0.0,0.006892326,0
img_01615_2023,0.0,0.19650844,0
img_01626_2023,0.0,0.011207047,0
img_01627_2023,0.0,0.010559461,0
img_01606_p01_2023,0.0,0.0069405003,0
img_01606_p02_2023,0.0,0.0063993223,0
img_01622_2023,0.0,0.017876495,0
img_01636_2023,0.0,0.013818528,0
img_01632_2023,0.0,0.013743077,0
img_01635_2023,0.0,0.00848853,0
img_01633_2023,0.0,0.013342191,0
img_01638_2023,0.0,0.0124670025,0
img_01640_2023,0.0,0.010574429,0
img_01631_2023,0.0,0.010921704,0
img_01643_2023,0.0,0.023840746,0
img_01642_2023,0.0,0.03233501,0
img_01645_2023,0.0,0.015351606,0
img_01652_2023,0.0,0.019842759,0
img_01648_2023,0.0,0.014415373,0
img_01543_p01_2023,0.0,0.92273676,1
img_01543_p02_2023,0.0,0.31889147,0
img_01543_p03_2023,0.0,0.09181137,0
img_01543_p04_2023,0.0,0.20500441,0
img_01543_p05_2023,0.0,0.7573259,0
img_01543_p06_2023,0.0,0.031960748,0
img_01653_2023,0.0,0.015290645,0
img_01634_2023,0.0,0.012249434,0
img_01655_2023,0.0,0.01000998,0
img_01663_2023,0.0,0.00997141,0
img_01657_2023,0.0,0.006895558,0
img_01660_2023,0.0,0.073345676,0
img_01668_2023,0.0,0.050996922,0
img_01665_2023,0.0,0.012268472,0
img_01672_2023,0.0,0.79158145,0
img_01678_2023,0.0,0.01961809,0
img_01675_2023,0.0,0.009890099,0
img_01681_2023,0.0,0.0053687617,0
img_01682_2023,0.0,0.010325408,0
img_01680_2023,0.0,0.03162868,0
img_01685_2023,0.0,0.01279304,0
img_01624_p01_2023,0.0,0.009582439,0
img_01624_p02_2023,0.0,0.008310787,0
img_01624_p03_2023,0.0,0.009067348,0
img_01624_p04_2023,0.0,0.010036732,0
img_01688_2023,0.0,0.09691445,0
img_01686_2023,0.0,0.78159,0
img_01687_2023,0.0,0.17703417,0
img_01674_p02_2023,0.0,0.06553503,0
img_01692_2023,0.0,0.012096675,0
img_01679_p01_2023,0.0,0.0064441636,0
img_01679_p02_2023,0.0,0.008544002,0
img_01695_2023,0.0,0.018652838,0
img_01694_2023,0.0,0.007253432,0
img_01690_2023,0.0,0.007095445,0
img_01697_2023,0.0,0.03416545,0
img_01699_2023,0.0,0.018401977,0
img_01700_2023,0.0,0.012045411,0
img_01704_2023,0.0,0.00860686,0
img_01708_2023,0.0,0.022276597,0
img_01702_2023,0.0,0.016285056,0
img_01703_2023,0.0,0.0119381575,0
img_01707_2023,0.0,0.03230198,0
img_01711_2023,0.0,0.031427097,0
img_01705_2023,0.0,0.015206711,0
img_01709_2023,0.0,0.008653304,0
img_01710_2023,0.0,0.01385199,0
img_01712_2023,0.0,0.03140293,0
img_01715_2023,0.0,0.08802708,0
img_01714_2023,0.0,0.012997116,0
img_01717_2023,0.0,0.0114177205,0
img_01723_2023,0.0,0.009012079,0
img_01719_2023,0.0,0.00658111,0
img_01722_2023,0.0,0.007795206,0
img_01725_2023,0.0,0.03252335,0
img_01718_2023,0.0,0.011492023,0
img_01724_2023,0.0,0.029627392,0
img_01728_2023,0.0,0.015276049,0
img_01727_2023,0.0,0.01542072,0
img_01730_2023,0.0,0.26480645,0
img_01732_2023,0.0,0.010145215,0
img_01735_2023,0.0,0.006145605,0
img_01720_2023,0.0,0.01714121,0
img_01741_2023,0.0,0.8591841,1
img_01733_2023,0.0,0.008764334,0
img_01736_2023,0.0,0.012446281,0
img_01742_2023,0.0,0.0068718805,0
img_01740_2023,0.0,0.08629132,0
img_01738_2023,0.0,0.010386509,0
img_01739_2023,0.0,0.007621231,0
img_01746_2023,0.0,0.0112528475,0
img_01745_2023,0.0,0.06451167,0
img_01755_2023,0.0,0.051958688,0
img_01752_2023,0.0,0.009026755,0
img_01760_2023,0.0,0.0077173314,0
img_01750_2023,0.0,0.02476475,0
img_01753_2023,0.0,0.013903995,0
img_01761_2023,0.0,0.012608418,0
img_01759_2023,0.0,0.01041074,0
img_01769_2023,0.0,0.09175058,0
img_01767_2023,0.0,0.016996272,0
img_01773_2023,0.0,0.013617642,0
img_01774_2023,0.0,0.00669683,0
img_01779_2023,0.0,0.020405049,0
img_01768_2023,0.0,0.010588441,0
img_01780_2023,0.0,0.007012249,0
img_01734_p01_2023,0.0,0.40953574,0
img_01734_p02_2023,0.0,0.26425046,0
img_01734_p03_2023,0.0,0.013817795,0
img_01777_2023,0.0,0.012651349,0
img_01782_2023,0.0,0.02081966,0
img_01787_2023,0.0,0.018594047,0
img_01776_2023,0.0,0.013146388,0
img_01786_2023,0.0,0.006688087,0
img_01784_2023,0.0,0.012113054,0
img_01788_2023,0.0,0.03681718,0
img_01791_2023,0.0,0.07042892,0
img_01790_2023,0.0,0.0057654483,0
img_01792_2023,0.0,0.022958199,0
img_01785_2023,0.0,0.012269149,0
img_01794_2023,0.0,0.009390241,0
img_01795_2023,0.0,0.018271867,0
img_01799_2023,0.0,0.007145487,0
img_01666_p01_2023,0.0,0.06353612,0
img_01666_p02_2023,0.0,0.022584792,0
img_01666_p03_2023,0.0,0.0105834175,0
img_01666_p04_2023,0.0,0.02898476,0
img_01666_p05_2023,0.0,0.021165397,0
img_01666_p06_2023,0.0,0.024424203,0
img_01666_p07_2023,0.0,0.042742725,0
img_01798_2023,0.0,0.013011768,0
img_01800_2023,0.0,0.009819547,0
img_01802_2023,0.0,0.008131883,0
img_01813_2023,0.0,0.008723082,0
img_01806_2023,0.0,0.014747873,0
img_01805_2023,0.0,0.027373081,0
img_01812_2023,0.0,0.008181318,0
img_01815_2023,0.0,0.029500961,0
img_01818_2023,0.0,0.007976472,0
img_01572_p06_2023,0.0,0.010243421,0
img_01572_p07_2023,0.0,0.02750951,0
img_01572_p08_2023,0.0,0.0104899565,0
img_01572_p09_2023,0.0,0.014424053,0
img_01572_p10_2023,0.0,0.031278603,0
img_01572_p12_2023,0.0,0.022454811,0
img_01821_2023,0.0,0.055611163,0
img_01826_2023,0.0,0.007461673,0
img_01822_2023,0.0,0.013523055,0
img_01827_2023,0.0,0.08298488,0
img_01823_2023,0.0,0.010927364,0
img_01834_2023,0.0,0.7370492,0
img_01829_2023,0.0,0.0064212764,0
img_01831_2023,0.0,0.009218967,0
img_01808_p01_2023,0.0,0.01847012,0
img_01808_p02_2023,0.0,0.009030568,0
img_01830_2023,0.0,0.014178609,0
img_01824_2023,0.0,0.00795025,0
img_01840_2023,0.0,0.009468992,0
img_01838_2023,0.0,0.0154802725,0
img_01837_2023,0.0,0.023306755,0
img_01839_2023,0.0,0.0077072135,0
img_01847_2023,0.0,0.025177073,0
img_01843_2023,0.0,0.005454595,0
img_01850_2023,0.0,0.020229649,0
img_01848_2023,0.0,0.009808246,0
img_01849_2023,0.0,0.06629842,0
img_01856_2023,0.0,0.015905706,0
img_01858_2023,0.0,0.012673992,0
img_01871_2023,0.0,0.032305896,0
img_01868_2023,0.0,0.025250504,0
img_01870_2023,0.0,0.009559046,0
img_01873_2023,0.0,0.0106587615,0
img_01859_2023,0.0,0.00931371,0
img_01874_2023,0.0,0.009145804,0
img_01875_2023,0.0,0.027079526,0
img_01883_2023,0.0,0.007825714,0
img_01872_2023,0.0,0.009277609,0
img_01881_2023,0.0,0.03040995,0
img_01854_p01_2023,0.0,0.011921717,0
img_01854_p02_2023,0.0,0.012104762,0
img_01880_2023,0.0,0.008497952,0
img_01887_2023,0.0,0.03646632,0
img_01884_2023,0.0,0.045402844,0
img_01885_2023,0.0,0.31737047,0
img_01888_2023,0.0,0.007107453,0
img_01894_2023,0.0,0.01353859,0
img_01891_2023,0.0,0.034390904,0
img_01895_2023,0.0,0.023025054,0
img_01897_2023,0.0,0.010447463,0
img_01899_2023,0.0,0.00673833,0
img_01892_2023,0.0,0.010874252,0
img_01903_2023,0.0,0.0111832265,0
img_01904_2023,0.0,0.005270725,0
img_01905_2023,0.0,0.011904546,0
img_01906_2023,0.0,0.0240707,0
img_01909_2023,0.0,0.00917822,0
img_01908_2023,0.0,0.0167191,0
img_01917_2023,0.0,0.010426911,0
img_01918_2023,0.0,0.0072583966,0
img_01913_2023,0.0,0.006537198,0
img_01910_2023,0.0,0.0143241165,0
img_01920_2023,0.0,0.00786518,0
img_01921_2023,0.0,0.012126809,0
img_01923_2023,0.0,0.0060644504,0
img_01926_2023,0.0,0.038821332,0
img_01929_2023,0.0,0.014950638,0
img_01934_2023,0.0,0.013027245,0
img_01931_2023,0.0,0.024612952,0
img_01938_2023,0.0,0.5636164,0
img_01932_2023,0.0,0.012462239,0
img_01936_2023,0.0,0.018165078,0
img_01939_2023,0.0,0.0078590615,0
img_01940_2023,0.0,0.009474823,0
img_01935_2023,0.0,0.018007573,0
img_01941_2023,0.0,0.006204116,0
img_01944_2023,0.0,0.011701399,0
img_01948_2023,0.0,0.0094069075,0
img_01945_2023,0.0,0.017006045,0
img_01946_2023,0.0,0.030912602,0
img_01950_2023,0.0,0.015566079,0
img_01952_2023,0.0,0.0070264162,0
img_01953_2023,0.0,0.018414645,0
img_01957_2023,0.0,0.029058158,0
img_01912_p01_2023,0.0,0.012773067,0
img_01912_p02_2023,0.0,0.013977188,0
img_01961_2023,0.0,0.010585701,0
img_01960_2023,0.0,0.008593793,0
img_01819_p01_2023,0.0,0.029588347,0
img_01819_p02_2023,0.0,0.0139172245,0
img_01819_p04_2023,0.0,0.05019219,0
img_01819_p05_2023,0.0,0.020667102,0
img_01962_2023,0.0,0.0160436,0
img_01963_2023,0.0,0.85285217,1
img_01959_2023,0.0,0.010587824,0
img_01966_2023,0.0,0.0117027955,0
img_01971_2023,0.0,0.008684711,0
img_01955_2023,0.0,0.011634739,0
img_01964_2023,0.0,0.021350002,0
img_01975_2023,0.0,0.008850748,0
img_01979_2023,0.0,0.23030397,0
img_01972_2023,0.0,0.008143605,0
img_01978_2023,0.0,0.06041321,0
img_01980_2023,0.0,0.012041187,0
img_01981_2023,0.0,0.00958117,0
img_01985_2023,0.0,0.008196409,0
img_01984_2023,0.0,0.016554086,0
img_01982_2023,0.0,0.009120593,0
img_01988_2023,0.0,0.044459857,0
img_01990_2023,0.0,0.0054048174,0
img_01862_p04_2023,0.0,0.01650902,0
img_01989_2023,0.0,0.01109909,0
img_01987_2023,0.0,0.011328235,0
img_01997_2023,0.0,0.01659688,0
img_01995_2023,0.0,0.019420382,0
img_01998_2023,0.0,0.052151375,0
img_01991_2023,0.0,0.009674315,0
img_01999_2023,0.0,0.019260494,0
img_01996_2023,0.0,0.009709259,0
img_02010_2023,0.0,0.011197482,0
img_02007_2023,0.0,0.023396973,0
img_02011_2023,0.0,0.006258166,0
img_02003_2023,0.0,0.03948347,0
img_02014_2023,0.0,0.17426662,0
img_02001_2023,0.0,0.33481133,0
img_02019_2023,0.0,0.009166239,0
img_02021_2023,0.0,0.014564032,0
img_02016_2023,0.0,0.011819018,0
img_02020_2023,0.0,0.047572885,0
img_02022_2023,0.0,0.045904346,0
img_02025_2023,0.0,0.014844981,0
img_02027_2023,0.0,0.031570077,0
img_02030_2023,0.0,0.016837146,0
img_02029_2023,0.0,0.016123284,0
img_01983_p01_2023,0.0,0.0074941353,0
img_01983_p02_2023,0.0,0.010691869,0
img_02032_2023,0.0,0.05253095,0
img_02013_p02_2023,0.0,0.023261692,0
img_02040_2023,0.0,0.024335193,0
img_02037_2023,0.0,0.17859057,0
img_02038_2023,0.0,0.0076271757,0
img_02043_2023,0.0,0.0062864027,0
img_02036_2023,0.0,0.009164689,0
img_02044_2023,0.0,0.0940587,0
img_02042_2023,0.0,0.015211791,0
img_02051_2023,0.0,0.01787654,0
img_02046_2023,0.0,0.008461198,0
img_02057_2023,0.0,0.020202339,0
img_02047_2023,0.0,0.010476346,0
img_02055_2023,0.0,0.009504049,0
img_02059_2023,0.0,0.01169475,0
img_02056_2023,0.0,0.015796084,0
img_02063_2023,0.0,0.010303032,0
img_02058_2023,0.0,0.026129836,0
img_02064_2023,0.0,0.0122810565,0
img_02062_2023,0.0,0.009758199,0
img_02073_2023,0.0,0.010352576,0
img_02077_2023,0.0,0.008565566,0
img_02069_2023,0.0,0.017014785,0
img_02078_2023,0.0,0.03071406,0
img_02052_p01_2023,0.0,0.010365142,0
img_02052_p02_2023,0.0,0.014856299,0
img_02079_2023,0.0,0.031392384,0
img_02050_p02_2023,0.0,0.5132928,0
img_02088_2023,0.0,0.017977681,0
img_02085_2023,0.0,0.06198126,0
img_02090_2023,0.0,0.0067648543,0
img_02091_2023,0.0,0.08444364,0
img_02089_2023,0.0,0.010175383,0
img_02096_2023,0.0,0.0076078586,0
img_02086_2023,0.0,0.01818883,0
img_02100_2023,0.0,0.008734968,0
img_02097_2023,0.0,0.02165459,0
img_02099_2023,0.0,0.008299267,0
img_02101_2023,0.0,0.008175783,0
img_02102_2023,0.0,0.016008414,0
img_02106_2023,0.0,0.016943539,0
img_02103_2023,0.0,0.0072641075,0
img_02084_p02_2023,0.0,0.12971087,0
img_02108_2023,0.0,0.008841811,0
img_02107_2023,0.0,0.009709192,0
img_02111_2023,0.0,0.009001194,0
img_02109_2023,0.0,0.019689804,0
img_02110_2023,0.0,0.030137349,0
img_02113_2023,0.0,0.009413974,0
img_02114_2023,0.0,0.046906725,0
img_02112_2023,0.0,0.013450314,0
img_02116_2023,0.0,0.009113512,0
img_02035_p01_2023,0.0,0.010444177,0
img_02035_p02_2023,0.0,0.011894105,0
img_02035_p03_2023,0.0,0.015434164,0
img_02035_p04_2023,0.0,0.012809619,0
img_02118_2023,0.0,0.00807898,0
img_02122_2023,0.0,0.012502575,0
img_02124_2023,0.0,0.010194013,0
img_02127_2023,0.0,0.019150436,0
img_02125_2023,0.0,0.009886423,0
img_02129_2023,0.0,0.015142173,0
img_02128_2023,0.0,0.0064834254,0
img_02134_2023,0.0,0.014342924,0
img_02131_2023,0.0,0.04995307,0
img_02123_2023,0.0,0.056722067,0
img_02105_p01_2023,0.0,0.008964132,0
img_02105_p02_2023,0.0,0.01294369,0
img_02133_2023,0.0,0.049098793,0
img_02136_2023,0.0,0.009994847,0
img_02137_2023,0.0,0.010410716,0
img_02141_2023,0.0,0.009440257,0
img_02138_2023,0.0,0.015063305,0
img_02142_2023,0.0,0.013100034,0
img_02145_2023,0.0,0.045955785,0
img_02135_p01_2023,0.0,0.03374837,0
img_02135_p02_2023,0.0,0.2165846,0
img_02146_2023,0.0,0.013761023,0
img_02158_2023,0.0,0.011959043,0
img_02152_2023,0.0,0.009910698,0
img_02143_p01_2023,0.0,0.009601286,0
img_02143_p02_2023,0.0,0.015622954,0
img_02156_2023,0.0,0.018236328,0
img_02164_2023,0.0,0.0667225,0
img_02167_2023,0.0,0.014198822,0
img_02159_2023,0.0,0.011786036,0
img_02173_2023,0.0,0.008914414,0
img_02169_2023,0.0,0.027580395,0
img_02176_2023,0.0,0.16902435,0
img_02179_2023,0.0,0.024378618,0
img_02180_2023,0.0,0.019053366,0
img_02177_2023,0.0,0.009133637,0
img_01563_p01_2023,0.0,0.01098394,0
img_01563_p02_2023,0.0,0.01319387,0
img_01563_p03_2023,0.0,0.0071273805,0
img_01563_p04_2023,0.0,0.016463052,0
img_01563_p06_2023,0.0,0.14449185,0
img_02175_2023,0.0,0.009933503,0
img_02187_2023,0.0,0.016267255,0
img_02189_2023,0.0,0.085519135,0
img_02098_p01_2023,0.0,0.020702746,0
img_02098_p02_2023,0.0,0.020727705,0
img_02098_p03_2023,0.0,0.019327763,0
img_02098_p04_2023,0.0,0.024837483,0
img_02098_p05_2023,0.0,0.028981963,0
img_02098_p06_2023,0.0,0.013466666,0
img_02195_2023,0.0,0.006748141,0
img_02193_2023,0.0,0.06101606,0
img_02197_2023,0.0,0.012440307,0
img_02194_2023,0.0,0.01323506,0
img_02192_2023,0.0,0.22356765,0
img_02198_2023,0.0,0.063496485,0
img_02199_2023,0.0,0.018066812,0
img_02202_2023,0.0,0.9386142,1
img_02188_2023,0.0,0.0071682287,0
img_02213_2023,0.0,0.017103987,0
img_02209_2023,0.0,0.013763237,0
img_02201_2023,0.0,0.049072035,0
img_02210_2023,0.0,0.014235793,0
img_02215_2023,0.0,0.026481867,0
img_02207_2023,0.0,0.014093113,0
img_02216_2023,0.0,0.009927992,0
img_02208_p01_2023,0.0,0.014376363,0
img_02208_p02_2023,0.0,0.0090180095,0
img_02225_2023,0.0,0.013113523,0
img_02219_2023,0.0,0.017538354,0
img_02220_2023,0.0,0.01217003,0
img_02218_2023,0.0,0.014854839,0
img_02226_2023,0.0,0.0706133,0
img_02231_2023,0.0,0.007534734,0
img_02236_2023,0.0,0.011751081,0
img_02239_2023,0.0,0.061073802,0
img_02240_2023,0.0,0.0078069577,0
img_02243_2023,0.0,0.015700832,0
img_02227_2023,0.0,0.024527716,0
img_02217_p01_2023,0.0,0.012612337,0
img_02217_p02_2023,0.0,0.007296931,0
img_02221_p01_2023,0.0,0.008479031,0
img_02221_p02_2023,0.0,0.019001415,0
img_02246_2023,0.0,0.9178155,1
img_02245_2023,0.0,0.014870087,0
img_02244_2023,0.0,0.0098423315,0
img_02235_2023,0.0,0.008505462,0
img_02257_2023,0.0,0.012861019,0
img_02252_2023,0.0,0.01084072,0
img_02255_2023,0.0,0.0062093097,0
img_02256_2023,0.0,0.0091429325,0
img_02258_2023,0.0,0.011158211,0
img_02263_2023,0.0,0.1469771,0
img_02259_2023,0.0,0.007410622,0
img_02266_2023,0.0,0.6989593,0
img_02267_2023,0.0,0.007056472,0
img_02270_2023,0.0,0.060453944,0
img_02272_2023,0.0,0.011995603,0
img_02269_2023,0.0,0.014537846,0
img_02279_2023,0.0,0.02229633,0
img_02288_2023,0.0,0.008011726,0
img_02284_2023,0.0,0.11854919,0
img_02273_2023,0.0,0.026190778,0
img_02274_2023,0.0,0.007998556,0
img_02289_2023,0.0,0.01169271,0
img_02281_2023,0.0,0.009627396,0
img_02285_2023,0.0,0.015452802,0
img_02287_2023,0.0,0.008449787,0
img_02282_2023,0.0,0.011486037,0
img_02290_2023,0.0,0.058919687,0
img_02292_2023,0.0,0.039110765,0
img_02301_2023,0.0,0.06524874,0
img_02298_2023,0.0,0.12221873,0
img_02297_2023,0.0,0.006196798,0
img_02295_2023,0.0,0.015013804,0
img_02302_2023,0.0,0.43643612,0
img_02306_2023,0.0,0.008234831,0
img_02304_2023,0.0,0.007720503,0
img_02311_2023,0.0,0.13219024,0
img_02313_2023,0.0,0.08877894,0
img_02280_p01_2023,0.0,0.018434737,0
img_02280_p02_2023,0.0,0.010037015,0
img_02316_2023,0.0,0.010516372,0
img_02320_2023,0.0,0.009058883,0
img_02319_2023,0.0,0.01255807,0
img_02294_2023,0.0,0.013245923,0
img_02329_2023,0.0,0.019868128,0
img_02324_2023,0.0,0.0307617,0
img_02327_2023,0.0,0.016953604,0
img_02328_2023,0.0,0.010565703,0
img_02314_2023,0.0,0.010909809,0
img_02332_2023,0.0,0.05649848,0
img_02307_p01_2023,0.0,0.010567852,0
img_02307_p02_2023,0.0,0.015150063,0
img_02331_2023,0.0,0.017344084,0
img_02337_2023,0.0,0.0073708952,0
img_02338_2023,0.0,0.019238953,0
img_02339_2023,0.0,0.014588092,0
img_02341_2023,0.0,0.011401784,0
img_02343_2023,0.0,0.77797544,0
img_02310_p02_2023,0.0,0.3826502,0
img_02310_p03_2023,0.0,0.0846782,0
img_02342_2023,0.0,0.007967177,0
img_02340_2023,0.0,0.0121466145,0
img_02308_p01_2023,0.0,0.015808154,0
img_02308_p02_2023,0.0,0.011493191,0
img_02308_p03_2023,0.0,0.010578865,0
img_02348_2023,0.0,0.05339033,0
img_02296_p02_2023,0.0,0.024190616,0
img_02353_2023,0.0,0.016536284,0
img_02350_2023,0.0,0.011298197,0
img_02354_2023,0.0,0.020897625,0
img_02355_2023,0.0,0.007293871,0
img_02359_2023,0.0,0.059904616,0
img_02360_2023,0.0,0.19714166,0
img_02356_2023,0.0,0.023884093,0
img_02358_2023,0.0,0.028746078,0
img_02367_2023,0.0,0.010064097,0
img_02368_2023,0.0,0.13565786,0
img_02361_2023,0.0,0.0075241313,0
img_02371_2023,0.0,0.04374044,0
img_02372_2023,0.0,0.12047762,0
img_02370_2023,0.0,0.048089795,0
img_02365_2023,0.0,0.022567715,0
img_02362_2023,0.0,0.052004658,0
img_02363_2023,0.0,0.012197723,0
img_02376_2023,0.0,0.5667767,0
img_02375_2023,0.0,0.011900059,0
img_02379_2023,0.0,0.023824846,0
img_02384_2023,0.0,0.010651166,0
img_02382_2023,0.0,0.016460452,0
img_02388_2023,0.0,0.0090355035,0
img_02383_2023,0.0,0.019093106,0
img_02381_2023,0.0,0.02589871,0
img_02390_2023,0.0,0.0077609904,0
img_02397_2023,0.0,0.02049306,0
img_02389_2023,0.0,0.011009159,0
img_02393_2023,0.0,0.012839231,0
img_02387_2023,0.0,0.008547749,0
img_02394_2023,0.0,0.056199096,0
img_02398_2023,0.0,0.039770506,0
img_02403_2023,0.0,0.018689986,0
img_02404_2023,0.0,0.00927958,0
img_02399_2023,0.0,0.008483829,0
img_02392_2023,0.0,0.006932075,0
img_02373_p01_2023,0.0,0.049210504,0
img_02373_p02_2023,0.0,0.013636662,0
img_02374_p01_2023,0.0,0.011240528,0
img_02374_p02_2023,0.0,0.014888516,0
img_02405_2023,0.0,0.26443347,0
img_02406_2023,0.0,0.017546069,0
img_02411_2023,0.0,0.4140653,0
img_02412_2023,0.0,0.015824297,0
img_02415_2023,0.0,0.020875162,0
img_02413_2023,0.0,0.014252586,0
img_02418_2023,0.0,0.025287837,0
img_02416_2023,0.0,0.10541823,0
img_02427_2023,0.0,0.023671903,0
img_02420_2023,0.0,0.01054812,0
img_02421_2023,0.0,0.010897113,0
img_02426_2023,0.0,0.008009386,0
img_02433_2023,0.0,0.106736206,0
img_02434_2023,0.0,0.014555598,0
img_02424_2023,0.0,0.15431592,0
img_02429_2023,0.0,0.01060663,0
img_02432_2023,0.0,0.014526395,0
img_02437_2023,0.0,0.05572014,0
img_02436_2023,0.0,0.010052348,0
img_02441_2023,0.0,0.010374701,0
img_02442_2023,0.0,0.007640065,0
img_02443_2023,0.0,0.021577422,0
img_02439_2023,0.0,0.0067608254,0
img_02451_2023,0.0,0.007882145,0
img_02447_2023,0.0,0.029169325,0
img_02449_2023,0.0,0.0122632105,0
img_02448_2023,0.0,0.14005442,0
img_02446_2023,0.0,0.018977445,0
img_02450_2023,0.0,0.030418014,0
img_02408_p01_2023,0.0,0.048994433,0
img_02408_p02_2023,0.0,0.008028127,0
img_02408_p03_2023,0.0,0.012047878,0
img_02456_2023,0.0,0.009607713,0
img_02453_2023,0.0,0.019396301,0
img_02457_2023,0.0,0.007064125,0
img_02455_2023,0.0,0.010737486,0
img_02464_2023,0.0,0.035057407,0
img_02435_p01_2023,0.0,0.010142404,0
img_02435_p02_2023,0.0,0.014983846,0
img_02460_2023,0.0,0.0159771,0
img_02470_2023,0.0,0.010034722,0
img_02467_2023,0.0,0.3258006,0
img_02475_2023,0.0,0.009160143,0
img_02468_2023,0.0,0.011677524,0
img_02473_2023,0.0,0.011502689,0
img_02476_2023,0.0,0.012122711,0
img_02474_2023,0.0,0.009915593,0
img_02472_2023,0.0,0.006207038,0
img_02479_2023,0.0,0.024911065,0
img_02481_2023,0.0,0.007469741,0
img_02487_2023,0.0,0.009667117,0
img_02414_p01_2023,0.0,0.017915925,0
img_02414_p02_2023,0.0,0.05742944,0
img_02414_p03_2023,0.0,0.013324807,0
img_02414_p04_2023,0.0,0.13084927,0
img_02491_2023,0.0,0.026280249,0
img_02489_2023,0.0,0.047596037,0
img_02494_2023,0.0,0.017928082,0
img_02498_2023,0.0,0.0081920065,0
img_02500_2023,0.0,0.02747513,0
img_02502_2023,0.0,0.014552487,0
img_02506_2023,0.0,0.15406875,0
img_02504_2023,0.0,0.0065484196,0
img_02503_2023,0.0,0.013993511,0
img_02072_p01_2023,0.0,0.07986368,0
img_02072_p02_2023,0.0,0.04239112,0
img_02072_p03_2023,0.0,0.09536351,0
img_02072_p04_2023,0.0,0.014499515,0
img_02072_p05_2023,0.0,0.027780686,0
img_02072_p06_2023,0.0,0.033582196,0
img_02072_p07_2023,0.0,0.22448573,0
img_02072_p08_2023,0.0,0.1252096,0
img_02072_p10_2023,0.0,0.02241582,0
img_02072_p11_2023,0.0,0.15243837,0
img_02072_p12_2023,0.0,0.017285604,0
img_02072_p13_2023,0.0,0.019851714,0
img_02072_p14_2023,0.0,0.045581974,0
img_02072_p16_2023,0.0,0.01981901,0
img_02072_p17_2023,0.0,0.030594435,0
img_02072_p18_2023,0.0,0.033495385,0
img_02505_2023,0.0,0.00863343,0
img_02497_2023,0.0,0.007994977,0
img_02507_2023,0.0,0.0060036806,0
img_02510_2023,0.0,0.007772459,0
img_02515_2023,0.0,0.07303923,0
img_02513_2023,0.0,0.0065181265,0
img_02509_2023,0.0,0.07376508,0
img_02523_2023,0.0,0.024021272,0
img_02520_2023,0.0,0.0128335655,0
img_02522_2023,0.0,0.0077936403,0
img_02521_2023,0.0,0.010546349,0
img_02519_2023,0.0,0.009108912,0
img_02512_2023,0.0,0.011845971,0
img_02532_2023,0.0,0.0076820133,0
img_02528_2023,0.0,0.009060002,0
img_02534_2023,0.0,0.014121151,0
img_02536_2023,0.0,0.012049571,0
img_02537_2023,0.0,0.014522684,0
img_02540_2023,0.0,0.011229457,0
img_02535_2023,0.0,0.0061323596,0
img_02542_2023,0.0,0.0141423745,0
img_02546_2023,0.0,0.017665353,0
img_02539_2023,0.0,0.0087690335,0
img_02541_2023,0.0,0.5156604,0
img_02547_2023,0.0,0.008071824,0
img_02548_2023,0.0,0.25257975,0
img_02549_2023,0.0,0.013640384,0
img_02550_2023,0.0,0.0128441695,0
img_02553_2023,0.0,0.009261325,0
img_02557_2023,0.0,0.007492262,0
img_02552_2023,0.0,0.007927226,0
img_02559_2023,0.0,0.04153034,0
img_02561_2023,0.0,0.013138151,0
img_02558_2023,0.0,0.014316166,0
img_02554_2023,0.0,0.010921006,0
img_02564_2023,0.0,0.016673397,0
img_02569_2023,0.0,0.03576429,0
img_02544_p01_2023,0.0,0.010435733,0
img_02544_p02_2023,0.0,0.024693187,0
img_02572_2023,0.0,0.008535806,0
img_02576_2023,0.0,0.0096076,0
img_02578_2023,0.0,0.043862037,0
img_02580_2023,0.0,0.016266752,0
img_02579_2023,0.0,0.009494501,0
img_02584_2023,0.0,0.010882689,0
img_02581_2023,0.0,0.01902468,0
img_02587_2023,0.0,0.014193627,0
img_02585_2023,0.0,0.032674424,0
img_02588_2023,0.0,0.01077389,0
img_02582_2023,0.0,0.014305398,0
img_02590_2023,0.0,0.011853573,0
img_02480_p01_2023,0.0,0.017769929,0
img_02480_p02_2023,0.0,0.024559844,0
img_02480_p03_2023,0.0,0.03745881,0
img_02480_p04_2023,0.0,0.06151436,0
img_02480_p05_2023,0.0,0.019291814,0
img_02480_p06_2023,0.0,0.019333046,0
img_02593_2023,0.0,0.008109505,0
img_02599_2023,0.0,0.0054769376,0
img_02591_2023,0.0,0.013585311,0
img_02594_2023,0.0,0.012474693,0
img_02603_2023,0.0,0.014692795,0
img_02592_2023,0.0,0.020310294,0
img_02595_2023,0.0,0.0112814875,0
img_02598_2023,0.0,0.010732105,0
img_02600_2023,0.0,0.019658398,0
img_02604_2023,0.0,0.008961116,0
img_02601_2023,0.0,0.0119161485,0
img_02602_2023,0.0,0.07323585,0
img_02607_2023,0.0,0.015224362,0
img_02610_2023,0.0,0.015361401,0
img_02616_2023,0.0,0.008218048,0
img_02605_2023,0.0,0.040198825,0
img_02613_2023,0.0,0.009436911,0
img_02614_2023,0.0,0.012299947,0
img_02617_2023,0.0,0.013847956,0
img_02615_2023,0.0,0.007535517,0
img_02618_2023,0.0,0.0058516907,0
img_02619_2023,0.0,0.014185746,0
img_02622_2023,0.0,0.05864665,0
img_02627_2023,0.0,0.01874065,0
img_02630_2023,0.0,0.018466989,0
img_02633_2023,0.0,0.011346921,0
img_02632_2023,0.0,0.008450348,0
img_02634_2023,0.0,0.008502792,0
img_02638_2023,0.0,0.016553208,0
img_02637_2023,0.0,0.009086879,0
img_02625_2023,0.0,0.051208228,0
img_02639_2023,0.0,0.015474741,0
img_02635_2023,0.0,0.008976428,0
img_02640_2023,0.0,0.0136228325,0
img_02641_2023,0.0,0.016781908,0
img_02631_2023,0.0,0.008450567,0
img_02649_2023,0.0,0.011130031,0
img_02646_2023,0.0,0.8947862,1
img_02648_2023,0.0,0.005497131,0
img_02643_2023,0.0,0.030999416,0
img_02636_2023,0.0,0.010484623,0
img_02644_2023,0.0,0.010960297,0
img_02652_2023,0.0,0.009986115,0
img_02653_2023,0.0,0.010127455,0
img_02651_2023,0.0,0.021566026,0
img_02654_2023,0.0,0.03017432,0
img_02657_2023,0.0,0.006851147,0
img_02661_2023,0.0,0.015205352,0
img_02662_2023,0.0,0.010111098,0
img_02668_2023,0.0,0.015608691,0
img_02675_2023,0.0,0.026289761,0
img_02663_2023,0.0,0.48613167,0
img_02676_2023,0.0,0.027254004,0
img_02671_2023,0.0,0.0150284665,0
img_02620_p04_2023,0.0,0.98276985,1
img_02664_2023,0.0,0.014782263,0
img_02655_p01_2023,0.0,0.008434432,0
img_02655_p02_2023,0.0,0.009590519,0
img_02681_2023,0.0,0.008142242,0
img_02685_2023,0.0,0.045111626,0
img_02682_2023,0.0,0.012161749,0
img_02691_2023,0.0,0.00944925,0
img_02687_2023,0.0,0.008696703,0
img_02684_2023,0.0,0.0130319595,0
img_02683_2023,0.0,0.0583755,0
img_02699_2023,0.0,0.0060479767,0
img_02707_2023,0.0,0.013084826,0
img_02697_2023,0.0,0.013608655,0
img_02700_2023,0.0,0.009742431,0
img_02708_2023,0.0,0.007930696,0
img_02688_p01_2023,0.0,0.015272625,0
img_02688_p02_2023,0.0,0.010155732,0
img_02692_2023,0.0,0.009290503,0
img_02713_2023,0.0,0.66916823,0
img_02716_2023,0.0,0.02715897,0
img_02721_2023,0.0,0.0070941993,0
img_02717_2023,0.0,0.013200769,0
img_02718_2023,0.0,0.20714922,0
img_02724_2023,0.0,0.008455442,0
img_02488_p01_2023,0.0,0.009370548,0
img_02488_p02_2023,0.0,0.016132098,0
img_02488_p03_2023,0.0,0.017328802,0
img_02488_p04_2023,0.0,0.014568659,0
img_02488_p05_2023,0.0,0.008874533,0
img_02488_p06_2023,0.0,0.010354587,0
img_02488_p07_2023,0.0,0.010352502,0
img_02488_p08_2023,0.0,0.01169847,0
img_02488_p09_2023,0.0,0.01424568,0
img_02488_p10_2023,0.0,0.014922483,0
img_02488_p11_2023,0.0,0.009335376,0
img_02488_p12_2023,0.0,0.0114774965,0
img_02488_p13_2023,0.0,0.019653108,0
img_02722_2023,0.0,0.01014954,0
img_02732_2023,0.0,0.07233703,0
img_02729_2023,0.0,0.010202767,0
img_02731_2023,0.0,0.006450704,0
img_02735_2023,0.0,0.34586483,0
img_02734_2023,0.0,0.07507645,0
img_02741_2023,0.0,0.006984594,0
img_02738_2023,0.0,0.022858083,0
img_02744_2023,0.0,0.013126405,0
img_02745_2023,0.0,0.0063749114,0
img_02747_2023,0.0,0.011919783,0
img_02743_2023,0.0,0.014309471,0
img_02742_2023,0.0,0.015521595,0
img_02748_2023,0.0,0.014117872,0
img_02740_2023,0.0,0.3647519,0
img_02752_2023,0.0,0.008732028,0
img_02753_2023,0.0,0.022550505,0
img_02749_2023,0.0,0.015709039,0
img_02754_2023,0.0,0.1753675,0
img_02750_2023,0.0,0.016113231,0
img_02758_2023,0.0,0.01847156,0
img_02759_2023,0.0,0.014991069,0
img_02757_2023,0.0,0.007114141,0
img_02761_2023,0.0,0.07527791,0
img_02762_2023,0.0,0.027279112,0
img_02767_2023,0.0,0.007752142,0
img_02772_2023,0.0,0.04822434,0
img_02770_2023,0.0,0.010651468,0
img_02773_2023,0.0,0.008447957,0
img_02778_2023,0.0,0.008698959,0
img_02777_2023,0.0,0.020779487,0
img_02771_2023,0.0,0.008312724,0
img_02779_2023,0.0,0.0675277,0
img_02783_2023,0.0,0.011130394,0
img_02784_2023,0.0,0.019399317,0
img_02787_2023,0.0,0.01102353,0
img_02791_2023,0.0,0.016665714,0
img_02695_p01_2023,0.0,0.00810564,0
img_02695_p03_2023,0.0,0.014014942,0
img_02695_p04_2023,0.0,0.010874035,0
img_02695_p05_2023,0.0,0.01274879,0
img_02695_p06_2023,0.0,0.018594991,0
img_02695_p07_2023,0.0,0.011916542,0
img_02756_p01_2023,0.0,0.037604578,0
img_02756_p02_2023,0.0,0.024497189,0
img_02756_p03_2023,0.0,0.31122428,0
img_02775_p01_2023,0.0,0.0074977092,0
img_02792_2023,0.0,0.02070142,0
img_02785_2023,0.0,0.6317008,0
img_02794_2023,0.0,0.021178862,0
img_02795_2023,0.0,0.009189376,0
img_02798_2023,0.0,0.011575952,0
img_02782_2023,0.0,0.0069060526,0
img_02799_2023,0.0,0.011672553,0
img_02801_2023,0.0,0.116025135,0
img_02808_2023,0.0,0.029891763,0
img_02802_2023,0.0,0.0123774465,0
img_02809_2023,0.0,0.008763802,0
img_02805_2023,0.0,0.01010455,0
img_02806_2023,0.0,0.90121585,1
img_02803_2023,0.0,0.018203914,0
img_02812_2023,0.0,0.02097668,0
img_02813_2023,0.0,0.05994933,0
img_02816_2023,0.0,0.64407986,0
img_02820_2023,0.0,0.0121003715,0
img_02819_2023,0.0,0.0049765157,0
img_02822_2023,0.0,0.016705055,0
img_02825_2023,0.0,0.035631265,0
img_02814_2023,0.0,0.027474523,0
img_02823_2023,0.0,0.011552196,0
img_02828_2023,0.0,0.008476009,0
img_02824_2023,0.0,0.00935385,0
img_02829_2023,0.0,0.015249235,0
img_02832_2023,0.0,0.006655699,0
img_02833_2023,0.0,0.008067405,0
img_02817_2023,0.0,0.047939874,0
img_02837_2023,0.0,0.008790221,0
img_02840_2023,0.0,0.021691795,0
img_02835_2023,0.0,0.009526149,0
img_02843_2023,0.0,0.41173276,0
img_02844_2023,0.0,0.01051231,0
img_02848_2023,0.0,0.033603773,0
img_02831_2023,0.0,0.0095133,0
img_02846_2023,0.0,0.02886884,0
img_02852_2023,0.0,0.009689631,0
img_02849_2023,0.0,0.1300406,0
img_02856_2023,0.0,0.00825556,0
img_02855_2023,0.0,0.009482222,0
img_02858_2023,0.0,0.036762945,0
img_02850_2023,0.0,0.008320619,0
img_02868_2023,0.0,0.02355234,0
img_02872_2023,0.0,0.006504558,0
img_02865_2023,0.0,0.020083135,0
img_02864_2023,0.0,0.038635477,0
img_02869_2023,0.0,0.021689475,0
img_02867_2023,0.0,0.017947212,0
img_02874_2023,0.0,0.008118308,0
img_02873_2023,0.0,0.023973247,0
img_02857_p01_2023,0.0,0.028529903,0
img_02857_p02_2023,0.0,0.030127993,0
img_02883_2023,0.0,0.014201057,0
img_02815_p01_2023,0.0,0.0141677605,0
img_02815_p02_2023,0.0,0.014916962,0
img_02815_p03_2023,0.0,0.009014695,0
img_02815_p04_2023,0.0,0.020574922,0
img_02876_2023,0.0,0.010001968,0
img_02881_2023,0.0,0.051520247,0
img_02877_2023,0.0,0.011604143,0
img_02878_2023,0.0,0.0072223134,0
img_02892_2023,0.0,0.018366257,0
img_02891_2023,0.0,0.0071716853,0
img_02886_2023,0.0,0.010207337,0
img_02836_p01_2023,0.0,0.016776018,0
img_02836_p02_2023,0.0,0.017913755,0
img_02836_p03_2023,0.0,0.008183292,0
img_02836_p04_2023,0.0,0.019182274,0
img_02889_2023,0.0,0.012679857,0
img_02902_2023,0.0,0.010746961,0
img_02893_2023,0.0,0.010783402,0
img_02900_2023,0.0,0.016836315,0
img_02904_2023,0.0,0.33557028,0
img_02896_2023,0.0,0.008559163,0
img_02903_2023,0.0,0.0126468185,0
img_02907_2023,0.0,0.01582481,0
img_02909_2023,0.0,0.01914815,0
img_02920_2023,0.0,0.0088261515,0
img_02921_2023,0.0,0.01189133,0
img_02922_2023,0.0,0.009281006,0
img_02925_2023,0.0,0.026372064,0
img_02919_2023,0.0,0.00850407,0
img_02931_2023,0.0,0.012674339,0
img_02933_2023,0.0,0.009803722,0
img_02913_2023,0.0,0.015647572,0
img_02937_2023,0.0,0.010092584,0
img_02936_2023,0.0,0.063639596,0
img_02940_2023,0.0,0.009908649,0
img_02934_2023,0.0,0.09521036,0
img_02939_2023,0.0,0.011764224,0
img_02943_2023,0.0,0.016506271,0
img_02942_2023,0.0,0.01160511,0
img_02941_2023,0.0,0.008867523,0
img_02938_2023,0.0,0.017724426,0
img_02947_2023,0.0,0.020329526,0
img_02946_2023,0.0,0.015060651,0
img_02949_2023,0.0,0.012923549,0
img_02950_2023,0.0,0.007753109,0
img_02954_2023,0.0,0.014285642,0
img_02953_2023,0.0,0.9006915,1
img_02948_2023,0.0,0.0076881116,0
img_02962_2023,0.0,0.18834862,0
img_02952_2023,0.0,0.018419309,0
img_02960_2023,0.0,0.009161976,0
img_02944_2023,0.0,0.010770803,0
img_02959_2023,0.0,0.011342545,0
img_02961_2023,0.0,0.016032487,0
img_02930_p01_2023,0.0,0.011394146,0
img_02930_p02_2023,0.0,0.015355064,0
img_02958_2023,0.0,0.010849649,0
img_02955_2023,0.0,0.024098704,0
img_02966_2023,0.0,0.064708516,0
img_02967_2023,0.0,0.01456805,0
img_02965_2023,0.0,0.0076770717,0
img_02971_2023,0.0,0.017007494,0
img_02972_2023,0.0,0.01084097,0
img_02970_2023,0.0,0.019982215,0
img_02977_2023,0.0,0.022318948,0
img_02981_2023,0.0,0.026970405,0
img_02973_2023,0.0,0.0065639005,0
img_02983_2023,0.0,0.007495012,0
img_02978_2023,0.0,0.021853052,0
img_02986_2023,0.0,0.014831213,0
img_02984_2023,0.0,0.009450444,0
img_02990_2023,0.0,0.027243886,0
img_02985_2023,0.0,0.009323672,0
img_02991_2023,0.0,0.020349313,0
img_02988_2023,0.0,0.012334121,0
img_02994_2023,0.0,0.011607458,0
img_02993_2023,0.0,0.06663309,0
img_02996_2023,0.0,0.0098160785,0
img_02999_2023,0.0,0.0072450615,0
img_02796_p01_2023,0.0,0.012148657,0
img_02796_p02_2023,0.0,0.0089326855,0
img_02796_p03_2023,0.0,0.012580788,0
img_02796_p04_2023,0.0,0.030885523,0
img_02796_p05_2023,0.0,0.011237899,0
img_02796_p06_2023,0.0,0.009912321,0
img_02796_p07_2023,0.0,0.0092309415,0
img_02796_p08_2023,0.0,0.011187209,0
img_02796_p09_2023,0.0,0.010268166,0
img_02995_2023,0.0,0.017181406,0
img_03007_2023,0.0,0.008448726,0
img_02998_2023,0.0,0.014051397,0
img_03006_2023,0.0,0.012384412,0
img_03014_2023,0.0,0.009203671,0
img_03004_2023,0.0,0.023654055,0
img_03012_2023,0.0,0.010253759,0
img_03018_2023,0.0,0.0063003516,0
img_03023_2023,0.0,0.015506992,0
img_03020_2023,0.0,0.013407305,0
img_03029_2023,0.0,0.0147302095,0
img_03028_2023,0.0,0.035566103,0
img_03030_2023,0.0,0.0080015175,0
img_03026_2023,0.0,0.0062606474,0
img_03031_2023,0.0,0.034078766,0
img_03033_2023,0.0,0.007896044,0
img_03034_2023,0.0,0.089989915,0
img_03025_2023,0.0,0.011748108,0
img_02976_p01_2023,0.0,0.012698646,0
img_02976_p02_2023,0.0,0.012087943,0
img_02976_p03_2023,0.0,0.011318305,0
img_02976_p04_2023,0.0,0.0074087223,0
img_03036_2023,0.0,0.0085295765,0
img_03037_2023,0.0,0.010360668,0
img_03040_2023,0.0,0.00957934,0
img_03046_2023,0.0,0.011284471,0
img_03044_2023,0.0,0.009339091,0
img_03047_2023,0.0,0.0127826575,0
img_03051_2023,0.0,0.009450793,0
img_03056_2023,0.0,0.03268571,0
img_03054_2023,0.0,0.73879206,0
img_03057_2023,0.0,0.015303722,0
img_03052_2023,0.0,0.008124393,0
img_03053_2023,0.0,0.012451014,0
img_03061_2023,0.0,0.011458022,0
img_03060_2023,0.0,0.023894364,0
img_03066_2023,0.0,0.04980478,0
img_03059_2023,0.0,0.02346133,0
img_03068_2023,0.0,0.015844088,0
img_03070_2023,0.0,0.0077056126,0
img_03072_2023,0.0,0.006696292,0
img_03062_2023,0.0,0.026956145,0
img_03069_2023,0.0,0.0103525445,0
img_03039_p01_2023,0.0,0.013281887,0
img_03039_p02_2023,0.0,0.01210393,0
img_03074_2023,0.0,0.008709328,0
img_03063_2023,0.0,0.01127483,0
img_03076_2023,0.0,0.04984529,0
img_03078_2023,0.0,0.15469268,0
img_03080_2023,0.0,0.025127921,0
img_03086_2023,0.0,0.010625902,0
img_03084_2023,0.0,0.011036193,0
img_03093_2023,0.0,0.012371389,0
img_03096_2023,0.0,0.008398331,0
img_03091_2023,0.0,0.02646787,0
img_03095_2023,0.0,0.03461217,0
img_03087_2023,0.0,0.011508319,0
img_03081_2023,0.0,0.03459717,0
img_03100_2023,0.0,0.01576692,0
img_03111_2023,0.0,0.008802755,0
img_03110_2023,0.0,0.017372781,0
img_03107_2023,0.0,0.012587185,0
img_03106_2023,0.0,0.017519088,0
img_03117_2023,0.0,0.01577777,0
img_03114_2023,0.0,0.011612408,0
img_03118_2023,0.0,0.010312201,0
img_03121_2023,0.0,0.008751183,0
img_03122_2023,0.0,0.050098915,0
img_03123_2023,0.0,0.02078044,0
img_03124_2023,0.0,0.01296519,0
img_03127_2023,0.0,0.010682586,0
img_03125_2023,0.0,0.36914283,0
img_02987_p01_2023,0.0,0.0077318726,0
img_02987_p02_2023,0.0,0.044574134,0
img_02987_p03_2023,0.0,0.022807393,0
img_02987_p04_2023,0.0,0.0263769,0
img_03137_2023,0.0,0.06557335,0
img_03134_2023,0.0,0.3458865,0
img_03132_2023,0.0,0.043119855,0
img_03138_2023,0.0,0.0056170616,0
img_03130_2023,0.0,0.007969684,0
img_03136_2023,0.0,0.009232871,0
img_03141_2023,0.0,0.0068731,0
img_03129_2023,0.0,0.028783495,0
img_03139_2023,0.0,0.0091840895,0
img_03126_2023,0.0,0.01276066,0
img_03112_2023,0.0,0.031482674,0
img_03108_p01_2023,0.0,0.020141171,0
img_03108_p02_2023,0.0,0.024535924,0
img_03143_2023,0.0,0.007155875,0
img_03147_2023,0.0,0.016815638,0
img_03142_2023,0.0,0.007946214,0
img_03144_2023,0.0,0.025685305,0
img_03103_p01_2023,0.0,0.017151153,0
img_03103_p02_2023,0.0,0.030143078,0
img_03103_p03_2023,0.0,0.015380656,0
img_03103_p04_2023,0.0,0.110540316,0
img_03008_p01_2023,0.0,0.024800405,0
img_03008_p02_2023,0.0,0.009421288,0
img_03008_p03_2023,0.0,0.013035891,0
img_03008_p04_2023,0.0,0.022273827,0
img_03008_p05_2023,0.0,0.039938234,0
img_03008_p06_2023,0.0,0.23529013,0
img_03008_p07_2023,0.0,0.07009666,0
img_03008_p08_2023,0.0,0.07505957,0
img_03149_2023,0.0,0.008180067,0
img_03131_p01_2023,0.0,0.06901215,0
img_03131_p02_2023,0.0,0.04506722,0
img_03153_2023,0.0,0.30537364,0
img_03151_2023,0.0,0.008729926,0
img_03156_2023,0.0,0.023353761,0
img_03158_2023,0.0,0.008380945,0
img_03154_2023,0.0,0.026229527,0
img_03152_2023,0.0,0.007055444,0
img_03159_2023,0.0,0.009147006,0
img_03155_2023,0.0,0.009407051,0
img_03157_2023,0.0,0.012234616,0
img_03167_2023,0.0,0.25921392,0
img_03170_2023,0.0,0.016395306,0
img_03162_2023,0.0,0.014813133,0
img_03169_2023,0.0,0.02014477,0
img_03177_2023,0.0,0.015825123,0
img_03179_2023,0.0,0.009064242,0
img_03174_2023,0.0,0.0152358115,0
img_03182_2023,0.0,0.015304292,0
img_03181_2023,0.0,0.01802443,0
img_03176_2023,0.0,0.0110965045,0
img_03184_2023,0.0,0.008586009,0
img_03173_2023,0.0,0.0148045765,0
img_03178_2023,0.0,0.010610009,0
img_03185_2023,0.0,0.009678797,0
img_03188_2023,0.0,0.017690891,0
img_03187_2023,0.0,0.02839076,0
img_03183_2023,0.0,0.03350418,0
img_03190_2023,0.0,0.018282732,0
img_03199_2023,0.0,0.0064961463,0
img_03191_2023,0.0,0.011410058,0
img_03203_2023,0.0,0.014614409,0
img_03204_2023,0.0,0.0072158324,0
img_03206_2023,0.0,0.022446468,0
img_03198_2023,0.0,0.019281803,0
img_03201_2023,0.0,0.01618124,0
img_03207_2023,0.0,0.65452164,0
img_03213_2023,0.0,0.012150853,0
img_03200_p01_2023,0.0,0.017797269,0
img_03200_p02_2023,0.0,0.012849999,0
img_03219_2023,0.0,0.013029508,0
img_03217_2023,0.0,0.01675626,0
img_03221_2023,0.0,0.034858506,0
img_03215_2023,0.0,0.55636823,0
img_03225_2023,0.0,0.0138869975,0
img_03226_2023,0.0,0.017084453,0
img_03224_2023,0.0,0.01210099,0
img_03229_2023,0.0,0.019806245,0
img_03223_2023,0.0,0.010829955,0
img_03233_2023,0.0,0.009040748,0
img_03237_2023,0.0,0.009366677,0
img_03220_p02_2023,0.0,0.01791281,0
img_03241_2023,0.0,0.015511033,0
img_03250_2023,0.0,0.09820363,0
img_03247_2023,0.0,0.011786586,0
img_03186_p01_2023,0.0,0.009795072,0
img_03186_p02_2023,0.0,0.007503424,0
img_03186_p03_2023,0.0,0.014254661,0
img_03186_p04_2023,0.0,0.029335251,0
img_03253_2023,0.0,0.10455278,0
img_03252_2023,0.0,0.16061993,0
img_03251_2023,0.0,0.72938514,0
img_03257_2023,0.0,0.060600854,0
img_03249_2023,0.0,0.014204046,0
img_03265_2023,0.0,0.010412329,0
img_03261_2023,0.0,0.04354272,0
img_03262_2023,0.0,0.16781802,0
img_03263_2023,0.0,0.008874712,0
img_03260_2023,0.0,0.008761562,0
img_03266_2023,0.0,0.00746091,0
img_03269_2023,0.0,0.039178405,0
img_03275_2023,0.0,0.017102014,0
img_03272_2023,0.0,0.0060199504,0
img_03273_2023,0.0,0.023368374,0
img_03279_2023,0.0,0.020522838,0
img_03277_2023,0.0,0.009480506,0
img_03276_2023,0.0,0.007210915,0
img_03285_2023,0.0,0.008698291,0
img_03282_2023,0.0,0.009826545,0
img_03281_2023,0.0,0.007965984,0
img_03286_2023,0.0,0.011523349,0
img_03287_2023,0.0,0.018957507,0
img_03284_2023,0.0,0.01321805,0
img_03290_2023,0.0,0.011618676,0
img_03291_2023,0.0,0.021260658,0
img_03254_p01_2023,0.0,0.011605885,0
img_03254_p02_2023,0.0,0.010476179,0
img_03289_2023,0.0,0.010031843,0
img_03296_2023,0.0,0.025315862,0
img_03298_2023,0.0,0.1569962,0
img_03297_2023,0.0,0.012325447,0
img_03301_2023,0.0,0.018460331,0
img_03303_2023,0.0,0.010720864,0
img_03299_2023,0.0,0.009359797,0
img_03278_p01_2023,0.0,0.010728413,0
img_03278_p02_2023,0.0,0.022263387,0
img_03300_2023,0.0,0.17566858,0
img_03306_2023,0.0,0.029756617,0
img_03309_2023,0.0,0.017997557,0
img_03310_2023,0.0,0.014990987,0
img_03311_2023,0.0,0.046299387,0
img_03313_2023,0.0,0.013661159,0
img_03312_2023,0.0,0.64184785,0
img_03319_2023,0.0,0.019719124,0
img_03321_2023,0.0,0.95888174,1
img_03316_2023,0.0,0.021793853,0
img_03317_2023,0.0,0.011593688,0
img_03308_2023,0.0,0.0075141652,0
img_03314_2023,0.0,0.009410402,0
img_03323_2023,0.0,0.22729313,0
img_03326_2023,0.0,0.009267408,0
img_03336_2023,0.0,0.0069675157,0
img_03328_2023,0.0,0.018104568,0
img_03327_2023,0.0,0.01410682,0
img_03335_2023,0.0,0.019333705,0
img_03325_2023,0.0,0.007829619,0
img_03332_2023,0.0,0.019721279,0
img_03330_2023,0.0,0.009930448,0
img_03337_2023,0.0,0.007883531,0
img_03324_2023,0.0,0.009625165,0
img_03333_2023,0.0,0.056129783,0
img_03334_2023,0.0,0.0086577935,0
img_03339_2023,0.0,0.017750986,0
img_03338_2023,0.0,0.011921151,0
img_03258_p01_2023,0.0,0.024711704,0
img_03258_p02_2023,0.0,0.027578082,0
img_03343_2023,0.0,0.011108728,0
img_03345_2023,0.0,0.028578972,0
img_03344_2023,0.0,0.014439231,0
img_03347_2023,0.0,0.018594932,0
img_03342_2023,0.0,0.018737013,0
img_03346_2023,0.0,0.011287819,0
img_03352_2023,0.0,0.012206323,0
img_03353_2023,0.0,0.015617698,0
img_03351_2023,0.0,0.009276454,0
img_03350_2023,0.0,0.01017326,0
img_03348_2023,0.0,0.01096343,0
img_03349_2023,0.0,0.022819176,0
img_03354_2023,0.0,0.008177243,0
img_03357_2023,0.0,0.035252288,0
img_03359_2023,0.0,0.018214738,0
img_03365_2023,0.0,0.008792959,0
img_03364_2023,0.0,0.027880585,0
img_03366_2023,0.0,0.020733237,0
img_03360_2023,0.0,0.019796167,0
img_03368_2023,0.0,0.018314656,0
img_03373_2023,0.0,0.017756063,0
img_03362_2023,0.0,0.027547557,0
img_03372_2023,0.0,0.013247384,0
img_03375_2023,0.0,0.034949116,0
img_03376_2023,0.0,0.057086505,0
img_03379_2023,0.0,0.009568592,0
img_03380_2023,0.0,0.008878295,0
img_03378_2023,0.0,0.06959821,0
img_03374_2023,0.0,0.03634202,0
img_03377_2023,0.0,0.035582267,0
img_03381_2023,0.0,0.008429998,0
img_03363_2023,0.0,0.014665438,0
img_03386_2023,0.0,0.024071008,0
img_03384_2023,0.0,0.035834152,0
img_03388_2023,0.0,0.015953267,0
img_03389_2023,0.0,0.008695541,0
img_03395_2023,0.0,0.019862236,0
img_03387_2023,0.0,0.95618135,1
img_03391_2023,0.0,0.010251626,0
img_03385_2023,0.0,0.014586759,0
img_03396_2023,0.0,0.009072123,0
img_03398_2023,0.0,0.03830138,0
img_03280_p01_2023,0.0,0.17527023,0
img_03280_p02_2023,0.0,0.04440533,0
img_03280_p03_2023,0.0,0.031969793,0
img_03280_p04_2023,0.0,0.61529386,0
img_03280_p05_2023,0.0,0.0685919,0
img_03280_p06_2023,0.0,0.12826899,0
img_03399_2023,0.0,0.006567354,0
img_03401_2023,0.0,0.018976966,0
img_03404_2023,0.0,0.008529795,0
img_03400_2023,0.0,0.04178213,0
img_03407_2023,0.0,0.010766525,0
img_03402_2023,0.0,0.0063663432,0
img_03414_2023,0.0,0.014368981,0
img_03409_2023,0.0,0.011770127,0
img_03410_2023,0.0,0.020521581,0
img_03415_2023,0.0,0.012523253,0
img_03416_2023,0.0,0.014555271,0
img_03420_2023,0.0,0.015730266,0
img_03418_2023,0.0,0.01212682,0
img_03423_2023,0.0,0.17132398,0
img_03406_p01_2023,0.0,0.03706762,0
img_03425_2023,0.0,0.035179958,0
img_03419_2023,0.0,0.0121225845,0
img_03413_2023,0.0,0.008315238,0
img_03422_2023,0.0,0.046994977,0
img_03370_p01_2023,0.0,0.007390893,0
img_03370_p02_2023,0.0,0.01264474,0
img_03370_p03_2023,0.0,0.00822273,0
img_03370_p04_2023,0.0,0.009166893,0
img_03426_2023,0.0,0.021177398,0
img_03427_2023,0.0,0.00913265,0
img_03438_2023,0.0,0.009279842,0
img_03437_2023,0.0,0.012355647,0
img_03434_2023,0.0,0.010065027,0
img_03443_2023,0.0,0.01217469,0
img_03442_2023,0.0,0.008620886,0
img_03433_2023,0.0,0.011359858,0
img_03429_p01_2023,0.0,0.02037258,0
img_03429_p02_2023,0.0,0.0151925655,0
img_03446_2023,0.0,0.026351735,0
img_03382_p01_2023,0.0,0.007348392,0
img_03382_p02_2023,0.0,0.024183081,0
img_03382_p03_2023,0.0,0.011289278,0
img_03382_p04_2023,0.0,0.016327528,0
img_03382_p05_2023,0.0,0.0359845,0
img_03430_p01_2023,0.0,0.00792237,0
img_03430_p02_2023,0.0,0.014548965,0
img_03450_2023,0.0,0.051005043,0
img_03448_2023,0.0,0.008847097,0
img_03451_2023,0.0,0.018025178,0
img_03455_2023,0.0,0.05081424,0
img_03454_2023,0.0,0.01230487,0
img_03459_2023,0.0,0.017522186,0
img_03460_2023,0.0,0.014441307,0
img_03458_2023,0.0,0.060431946,0
img_03283_p01_2023,0.0,0.029426347,0
img_03283_p02_2023,0.0,0.0141629,0
img_03283_p03_2023,0.0,0.11950807,0
img_03283_p04_2023,0.0,0.01758276,0
img_03283_p05_2023,0.0,0.025317576,0
img_03283_p06_2023,0.0,0.018663535,0
img_03457_2023,0.0,0.009681211,0
img_03453_2023,0.0,0.007984614,0
img_03465_2023,0.0,0.0058023697,0
img_03468_2023,0.0,0.0075563425,0
img_03462_2023,0.0,0.01694631,0
img_03467_2023,0.0,0.009960135,0
img_03478_2023,0.0,0.9151846,1
img_03475_2023,0.0,0.009183108,0
img_03469_2023,0.0,0.011265797,0
img_03479_2023,0.0,0.020236881,0
img_03483_2023,0.0,0.00746028,0
img_03487_2023,0.0,0.012059239,0
img_03484_2023,0.0,0.010238612,0
img_03488_2023,0.0,0.036343273,0
img_03490_2023,0.0,0.0083581265,0
img_03489_2023,0.0,0.020703267,0
img_03491_2023,0.0,0.022589415,0
img_03493_2023,0.0,0.04182718,0
img_03421_p01_2023,0.0,0.009002718,0
img_03421_p02_2023,0.0,0.008423606,0
img_03421_p03_2023,0.0,0.012707472,0
img_03421_p04_2023,0.0,0.090069644,0
img_03421_p05_2023,0.0,0.009059664,0
img_03499_2023,0.0,0.0077701285,0
img_03495_2023,0.0,0.020817656,0
img_03498_2023,0.0,0.007141447,0
img_03500_2023,0.0,0.011065786,0
img_03503_2023,0.0,0.0070989924,0
img_03505_2023,0.0,0.011154709,0
img_03504_2023,0.0,0.014720137,0
img_03502_2023,0.0,0.01683918,0
img_03501_2023,0.0,0.019623226,0
img_03514_2023,0.0,0.012866123,0
img_03511_2023,0.0,0.011122867,0
img_03482_p01_2023,0.0,0.008043061,0
img_03482_p02_2023,0.0,0.03389293,0
img_03482_p03_2023,0.0,0.01968549,0
img_03519_2023,0.0,0.010533544,0
img_03515_2023,0.0,0.02319634,0
img_03512_2023,0.0,0.009387557,0
img_03516_2023,0.0,0.011554749,0
img_03520_2023,0.0,0.0061452347,0
img_03524_2023,0.0,0.008183226,0
img_03525_2023,0.0,0.013008696,0
img_03510_2023,0.0,0.01513609,0
img_03527_2023,0.0,0.05444684,0
img_03526_2023,0.0,0.008337809,0
img_03535_2023,0.0,0.0712605,0
img_03509_p01_2023,0.0,0.010483114,0
img_03509_p02_2023,0.0,0.007109818,0
img_03536_2023,0.0,0.03712005,0
img_03537_2023,0.0,0.012590634,0
img_03538_2023,0.0,0.008928334,0
img_03544_2023,0.0,0.010684533,0
img_03547_2023,0.0,0.31212887,0
img_03543_2023,0.0,0.9363384,1
img_03546_2023,0.0,0.043163054,0
img_03553_2023,0.0,0.02571297,0
img_03552_2023,0.0,0.08209896,0
img_03550_2023,0.0,0.14969349,0
img_03530_p01_2023,0.0,0.077695355,0
img_03530_p02_2023,0.0,0.018828025,0
img_03554_2023,0.0,0.035219233,0
img_03555_2023,0.0,0.020674031,0
img_03560_2023,0.0,0.033020347,0
img_03559_2023,0.0,0.034628034,0
img_03558_2023,0.0,0.32898217,0
img_03507_p01_2023,0.0,0.015317591,0
img_03507_p02_2023,0.0,0.025341596,0
img_03507_p04_2023,0.0,0.011269007,0
img_03566_2023,0.0,0.10613985,0
img_03571_2023,0.0,0.10741444,0
img_03565_2023,0.0,0.15002768,0
img_03568_2023,0.0,0.01217282,0
img_03570_2023,0.0,0.02188695,0
img_03572_2023,0.0,0.02293274,0
img_03564_2023,0.0,0.036560815,0
img_03575_2023,0.0,0.028289944,0
img_03574_2023,0.0,0.014239569,0
img_03576_2023,0.0,0.016323237,0
img_03506_p01_2023,0.0,0.01763799,0
img_03506_p02_2023,0.0,0.011930821,0
img_03506_p03_2023,0.0,0.016457137,0
img_03506_p04_2023,0.0,0.022051465,0
img_03577_2023,0.0,0.010152173,0
img_03585_2023,0.0,0.029644078,0
img_03587_2023,0.0,0.0121161025,0
img_03529_p01_2023,0.0,0.026777545,0
img_03592_2023,0.0,0.031344764,0
img_03580_2023,0.0,0.3530012,0
img_03591_2023,0.0,0.084231295,0
img_03590_2023,0.0,0.015995152,0
img_03579_2023,0.0,0.13012612,0
img_03594_2023,0.0,0.10577053,0
img_03599_2023,0.0,0.6507512,0
img_03607_2023,0.0,0.024923336,0
img_03606_2023,0.0,0.0991279,0
img_03608_2023,0.0,0.04824025,0
img_03610_2023,0.0,0.017692007,0
img_03602_2023,0.0,0.04042106,0
img_03603_2023,0.0,0.048134707,0
img_03619_2023,0.0,0.056628477,0
img_03597_2023,0.0,0.079384625,0
img_03620_2023,0.0,0.010197956,0
img_03611_2023,0.0,0.029199425,0
img_03623_2023,0.0,0.96553975,1
img_03614_2023,0.0,0.10059695,0
img_03621_2023,0.0,0.18627116,0
img_03617_2023,0.0,0.10495937,0
img_03628_2023,0.0,0.011548186,0
img_03545_p01_2023,0.0,0.031273466,0
img_03545_p02_2023,0.0,0.020311495,0
img_03545_p03_2023,0.0,0.011738857,0
img_03545_p04_2023,0.0,0.02298313,0
img_03630_2023,0.0,0.4065694,0
img_03627_2023,0.0,0.03793766,0
img_03636_2023,0.0,0.021754181,0
img_03637_2023,0.0,0.014176379,0
img_03631_2023,0.0,0.018580848,0
img_03640_2023,0.0,0.43718085,0
img_03629_2023,0.0,0.017883189,0
img_03638_2023,0.0,0.010341553,0
img_03643_2023,0.0,0.03868397,0
img_03648_2023,0.0,0.08855386,0
img_03649_2023,0.0,0.011233667,0
img_03647_2023,0.0,0.044329666,0
img_03655_2023,0.0,0.032176435,0
img_03659_2023,0.0,0.054020844,0
img_03661_2023,0.0,0.08768269,0
img_03653_2023,0.0,0.40277013,0
img_03665_2023,0.0,0.26213187,0
img_03645_2023,0.0,0.008233404,0
img_03662_2023,0.0,0.28147328,0
img_03664_2023,0.0,0.018483227,0
img_03654_2023,0.0,0.016719973,0
img_03658_2023,0.0,0.023458762,0
img_03667_2023,0.0,0.032127753,0
img_03672_2023,0.0,0.025596425,0
img_03668_2023,0.0,0.019044248,0
img_03676_2023,0.0,0.15701559,0
img_03674_2023,0.0,0.040050954,0
img_03671_2023,0.0,0.33821496,0
img_03684_2023,0.0,0.048144378,0
img_03680_2023,0.0,0.011072678,0
img_03666_2023,0.0,0.46698824,0
img_03681_2023,0.0,0.014062343,0
img_03687_2023,0.0,0.009275206,0
img_03682_2023,0.0,0.44994697,0
img_03689_2023,0.0,0.01073492,0
img_03686_2023,0.0,0.07389636,0
img_03683_2023,0.0,0.056761235,0
img_03696_2023,0.0,0.018048849,0
img_03700_2023,0.0,0.020147126,0
img_03694_2023,0.0,0.015822023,0
img_03698_2023,0.0,0.02162896,0
img_03703_2023,0.0,0.047459304,0
img_03693_2023,0.0,0.015058512,0
img_03710_2023,0.0,0.37927675,0
img_03690_2023,0.0,0.020728532,0
img_03706_2023,0.0,0.031420697,0
img_03709_2023,0.0,0.025492262,0
img_03702_2023,0.0,0.016828965,0
img_03715_2023,0.0,0.007431469,0
img_03714_2023,0.0,0.569012,0
img_03719_2023,0.0,0.7175194,0
img_03720_2023,0.0,0.11165631,0
img_03723_2023,0.0,0.015292863,0
img_03727_2023,0.0,0.013826413,0
img_03721_2023,0.0,0.16681676,0
img_03726_2023,0.0,0.014955322,0
img_03713_2023,0.0,0.06357171,0
img_03733_2023,0.0,0.25084043,0
img_03728_2023,0.0,0.017329874,0
img_03722_2023,0.0,0.017998805,0
img_03736_2023,0.0,0.048210792,0
img_03740_2023,0.0,0.053174324,0
img_03743_2023,0.0,0.030057365,0
img_03746_2023,0.0,0.01437244,0
img_03745_2023,0.0,0.013148891,0
img_03738_2023,0.0,0.021297578,0
img_03718_2023,0.0,0.03376221,0
img_03750_2023,0.0,0.2349335,0
img_03752_2023,0.0,0.021175463,0
img_03754_2023,0.0,0.097106986,0
img_03758_2023,0.0,0.11802143,0
img_03734_2023,0.0,0.009726315,0
img_03753_2023,0.0,0.67040175,0
img_03756_2023,0.0,0.014048372,0
img_03760_2023,0.0,0.013288138,0
img_03764_2023,0.0,0.07623079,0
img_03768_2023,0.0,0.28432676,0
img_03769_2023,0.0,0.55599505,0
img_03765_2023,0.0,0.013415444,0
img_03772_2023,0.0,0.046618596,0
img_03771_2023,0.0,0.015285884,0
img_03774_2023,0.0,0.08048286,0
img_03775_2023,0.0,0.2435817,0
img_03776_2023,0.0,0.118981205,0
img_03779_2023,0.0,0.027633583,0
img_03778_2023,0.0,0.03561898,0
img_03773_2023,0.0,0.09625777,0
img_03786_2023,0.0,0.12738428,0
img_03783_2023,0.0,0.021339495,0
img_03749_p01_2023,0.0,0.07167481,0
img_03749_p02_2023,0.0,0.2269269,0
img_03796_2023,0.0,0.021262588,0
img_03784_2023,0.0,0.011653038,0
img_03800_2023,0.0,0.013089332,0
img_03785_2023,0.0,0.024288286,0
img_03804_2023,0.0,0.08616397,0
img_03807_2023,0.0,0.041181467,0
img_03808_2023,0.0,0.015044332,0
img_03810_2023,0.0,0.01714201,0
img_03813_2023,0.0,0.015835883,0
img_03811_2023,0.0,0.009885227,0
img_03819_2023,0.0,0.1284539,0
img_03817_2023,0.0,0.051968552,0
img_03787_p01_2023,0.0,0.016062737,0
img_03787_p02_2023,0.0,0.0146646,0
img_03814_2023,0.0,0.010241081,0
img_03820_2023,0.0,0.016524144,0
img_03821_2023,0.0,0.016790843,0
img_03797_2023,0.0,0.014236854,0
img_03826_2023,0.0,0.008515777,0
img_03829_2023,0.0,0.021781962,0
img_03822_2023,0.0,0.017663315,0
img_03830_2023,0.0,0.020402556,0
img_03824_2023,0.0,0.010693942,0
img_03818_2023,0.0,0.069142565,0
img_03836_2023,0.0,0.014288068,0
img_03832_2023,0.0,0.028250838,0
img_03834_2023,0.0,0.00851129,0
img_03831_2023,0.0,0.006214951,0
img_03835_2023,0.0,0.021842148,0
img_03838_2023,0.0,0.019517276,0
img_03827_2023,0.0,0.012506591,0
img_03854_2023,0.0,0.015482627,0
img_03849_2023,0.0,0.020005684,0
img_03848_2023,0.0,0.010546696,0
img_03847_2023,0.0,0.0149027435,0
img_03853_2023,0.0,0.0069369236,0
img_03858_2023,0.0,0.060649704,0
img_03851_2023,0.0,0.015548378,0
img_03857_2023,0.0,0.078848734,0
img_03861_2023,0.0,0.031714916,0
img_03860_2023,0.0,0.13694333,0
img_03844_2023,0.0,0.35923114,0
img_03862_2023,0.0,0.028944407,0
img_03875_2023,0.0,0.029967124,0
img_03871_2023,0.0,0.4461996,0
img_03876_2023,0.0,0.10614314,0
img_03882_2023,0.0,0.025989268,0
img_03877_2023,0.0,0.015661515,0
img_03879_2023,0.0,0.95335084,1
img_03883_2023,0.0,0.058819782,0
img_03886_2023,0.0,0.031630713,0
img_03865_2023,0.0,0.043855272,0
img_03890_2023,0.0,0.012640456,0
img_03887_2023,0.0,0.030353587,0
img_03893_2023,0.0,0.10963478,0
img_03889_2023,0.0,0.048878353,0
img_03888_2023,0.0,0.05408281,0
img_03885_2023,0.0,0.01832734,0
img_03892_2023,0.0,0.016310025,0
img_03894_2023,0.0,0.044730656,0
img_03899_2023,0.0,0.08800659,0
img_03903_2023,0.0,0.122934185,0
img_03905_2023,0.0,0.047044244,0
img_03900_2023,0.0,0.16837832,0
img_03806_p01_2023,0.0,0.016263982,0
img_03806_p02_2023,0.0,0.35790434,0
img_03806_p03_2023,0.0,0.21670263,0
img_03806_p04_2023,0.0,0.025336716,0
img_03904_2023,0.0,0.8020381,0
img_03912_2023,0.0,0.019127779,0
img_03902_2023,0.0,0.01577572,0
img_03911_2023,0.0,0.020074617,0
img_03908_2023,0.0,0.023173684,0
img_03919_2023,0.0,0.03627154,0
img_03922_2023,0.0,0.06144742,0
img_03901_p01_2023,0.0,0.3601798,0
img_03901_p02_2023,0.0,0.14971273,0
img_03920_2023,0.0,0.057674922,0
img_03921_2023,0.0,0.017105883,0
img_03930_2023,0.0,0.034627855,0
img_03931_2023,0.0,0.44843358,0
img_03941_2023,0.0,0.03753945,0
img_03938_2023,0.0,0.53366,0
img_03933_2023,0.0,0.3944675,0
img_03936_2023,0.0,0.0152376145,0
img_03949_2023,0.0,0.6187929,0
img_03946_2023,0.0,0.4718632,0
img_03872_p01_2023,0.0,0.02711996,0
img_03872_p02_2023,0.0,0.03318288,0
img_03872_p03_2023,0.0,0.06592507,0
img_03872_p04_2023,0.0,0.013774583,0
img_03872_p05_2023,0.0,0.08529072,0
img_03956_2023,0.0,0.009236982,0
img_03945_2023,0.0,0.044081576,0
img_03961_2023,0.0,0.03267578,0
img_03960_2023,0.0,0.07497937,0
img_03959_2023,0.0,0.01191554,0
img_03967_2023,0.0,0.007928133,0
img_03962_2023,0.0,0.010477202,0
img_03965_2023,0.0,0.024910718,0
img_03970_2023,0.0,0.024885364,0
img_03963_2023,0.0,0.01602282,0
img_03968_2023,0.0,0.01367369,0
img_03972_2023,0.0,0.07945467,0
img_03973_2023,0.0,0.062455453,0
img_03950_p01_2023,0.0,0.016091939,0
img_03950_p02_2023,0.0,0.018585403,0
img_03974_2023,0.0,0.07614169,0
img_03977_2023,0.0,0.019858742,0
img_03976_2023,0.0,0.035553902,0
img_03983_2023,0.0,0.021134172,0
img_03978_2023,0.0,0.017245483,0
img_03985_2023,0.0,0.18620034,0
img_03984_2023,0.0,0.009865442,0
img_03980_2023,0.0,0.06450144,0
img_03987_2023,0.0,0.012900691,0
img_03991_2023,0.0,0.030698111,0
img_03992_2023,0.0,0.016176658,0
img_03999_2023,0.0,0.06314899,0
img_03986_2023,0.0,0.18794857,0
img_04000_2023,0.0,0.17015883,0
img_04002_2023,0.0,0.0668226,0
img_04006_2023,0.0,0.013495656,0
img_04005_2023,0.0,0.01897407,0
img_04007_2023,0.0,0.034222025,0
img_04003_2023,0.0,0.26972914,0
img_04009_2023,0.0,0.086850226,0
img_04012_2023,0.0,0.046020884,0
img_04011_2023,0.0,0.016919231,0
img_04010_2023,0.0,0.04605576,0
img_03971_p01_2023,0.0,0.08093891,0
img_03971_p02_2023,0.0,0.13382801,0
img_03997_p01_2023,0.0,0.026235973,0
img_03997_p02_2023,0.0,0.10162939,0
img_04017_2023,0.0,0.011188301,0
img_04018_2023,0.0,0.02217214,0
img_04023_2023,0.0,0.029435765,0
img_04020_2023,0.0,0.13565478,0
img_04027_2023,0.0,0.023114692,0
img_04025_2023,0.0,0.044554807,0
img_04022_2023,0.0,0.0077109397,0
img_04015_2023,0.0,0.007474596,0
img_04031_2023,0.0,0.21005245,0
img_04019_2023,0.0,0.18756127,0
img_03926_p01_2023,0.0,0.050638516,0
img_03926_p02_2023,0.0,0.3109916,0
img_03926_p03_2023,0.0,0.00931528,0
img_03926_p04_2023,0.0,0.057458512,0
img_03926_p05_2023,0.0,0.06266208,0
img_03926_p06_2023,0.0,0.069726765,0
img_03937_p01_2023,0.0,0.059426863,0
img_03937_p02_2023,0.0,0.4760173,0
img_03937_p03_2023,0.0,0.044554826,0
img_03937_p04_2023,0.0,0.03304582,0
img_03937_p05_2023,0.0,0.06165267,0
img_04035_2023,0.0,0.035429206,0
img_04038_2023,0.0,0.25377727,0
img_04036_2023,0.0,0.035239004,0
img_04042_2023,0.0,0.018503174,0
img_04033_2023,0.0,0.14207792,0
img_04044_2023,0.0,0.03451466,0
img_04041_2023,0.0,0.018604066,0
img_04046_2023,0.0,0.21919098,0
img_04048_2023,0.0,0.038032494,0
img_04054_2023,0.0,0.018039722,0
img_04047_2023,0.0,0.11814405,0
img_03998_p01_2023,0.0,0.022647848,0
img_03998_p02_2023,0.0,0.062978014,0
img_03998_p03_2023,0.0,0.067250036,0
img_03998_p04_2023,0.0,0.028455755,0
img_04061_2023,0.0,0.023857636,0
img_04056_2023,0.0,0.029516602,0
img_04052_2023,0.0,0.018050212,0
img_04059_2023,0.0,0.008765843,0
img_04063_2023,0.0,0.022669455,0
img_04067_2023,0.0,0.044856496,0
img_04064_2023,0.0,0.0287963,0
img_04065_2023,0.0,0.023450539,0
img_04072_2023,0.0,0.008473512,0
img_04074_2023,0.0,0.022580415,0
img_04075_2023,0.0,0.114900514,0
img_04050_p01_2023,0.0,0.22310314,0
img_04050_p02_2023,0.0,0.108021304,0
img_04073_2023,0.0,0.06592334,0
img_04078_2023,0.0,0.037696447,0
img_04081_2023,0.0,0.023677709,0
img_03825_p05_2023,0.0,0.058700226,0
img_03825_p06_2023,0.0,0.04171429,0
img_03825_p07_2023,0.0,0.34362718,0
img_03825_p08_2023,0.0,0.13409267,0
img_03825_p09_2023,0.0,0.1576866,0
img_03825_p11_2023,0.0,0.048396133,0
img_03825_p12_2023,0.0,0.10196966,0
img_03825_p13_2023,0.0,0.15237485,0
img_03825_p14_2023,0.0,0.030576479,0
img_04091_2023,0.0,0.010524513,0
img_04095_2023,0.0,0.013498517,0
img_04096_2023,0.0,0.007301245,0
img_04094_2023,0.0,0.01679435,0
img_04093_2023,0.0,0.059154183,0
img_04099_2023,0.0,0.007170332,0
img_03969_p01_2023,0.0,0.029536,0
img_03969_p02_2023,0.0,0.016813744,0
img_03969_p03_2023,0.0,0.0371773,0
img_03969_p04_2023,0.0,0.016666973,0
img_03969_p05_2023,0.0,0.011871764,0
img_03969_p06_2023,0.0,0.023732316,0
img_03969_p07_2023,0.0,0.0397963,0
img_03969_p08_2023,0.0,0.010343665,0
img_04106_2023,0.0,0.08083685,0
img_04030_p01_2023,0.0,0.028636282,0
img_04030_p02_2023,0.0,0.17581192,0
img_04030_p03_2023,0.0,0.07131685,0
img_04030_p04_2023,0.0,0.053373285,0
img_04097_2023,0.0,0.00831995,0
img_04102_2023,0.0,0.2163643,0
img_04107_2023,0.0,0.025586665,0
img_04108_2023,0.0,0.025712693,0
img_04103_2023,0.0,0.054583002,0
img_04112_2023,0.0,0.045180783,0
img_04100_2023,0.0,0.1190367,0
img_04115_2023,0.0,0.021955451,0
img_04116_2023,0.0,0.0108815925,0
img_04117_2023,0.0,0.012836399,0
img_04122_2023,0.0,0.62900907,0
img_04123_2023,0.0,0.010109125,0
img_04126_2023,0.0,0.014439851,0
img_04087_p01_2023,0.0,0.021391511,0
img_04087_p02_2023,0.0,0.06740721,0
img_04125_2023,0.0,0.022258934,0
img_04130_2023,0.0,0.34494853,0
img_04135_2023,0.0,0.22358432,0
img_04131_2023,0.0,0.012940673,0
img_04129_2023,0.0,0.05089303,0
img_04133_2023,0.0,0.009481443,0
img_04143_2023,0.0,0.008574759,0
img_04141_2023,0.0,0.007557124,0
img_04128_2023,0.0,0.03322009,0
img_04139_2023,0.0,0.019381654,0
img_04142_2023,0.0,0.049758792,0
img_04132_2023,0.0,0.024212878,0
img_04147_2023,0.0,0.041454814,0
img_04136_2023,0.0,0.111505054,0
img_04155_2023,0.0,0.015211539,0
img_04146_2023,0.0,0.012125091,0
img_04157_2023,0.0,0.02030908,0
img_04154_2023,0.0,0.02104869,0
img_04162_2023,0.0,0.0064224796,0
img_04159_2023,0.0,0.019606734,0
img_04165_2023,0.0,0.017553538,0
img_04167_2023,0.0,0.051614344,0
img_04163_2023,0.0,0.018693995,0
img_04150_2023,0.0,0.037084572,0
img_04153_2023,0.0,0.02224562,0
img_04151_2023,0.0,0.18068025,0
img_04169_2023,0.0,0.015834201,0
img_04172_2023,0.0,0.04487807,0
img_04175_2023,0.0,0.023951808,0
img_04180_2023,0.0,0.025673319,0
img_04182_2023,0.0,0.63891613,0
img_04177_2023,0.0,0.0133796185,0
img_04184_2023,0.0,0.03142756,0
img_04152_p01_2023,0.0,0.042393606,0
img_04152_p02_2023,0.0,0.17803045,0
img_04185_2023,0.0,0.18863745,0
img_04201_2023,0.0,0.009188634,0
img_04190_2023,0.0,0.012585586,0
img_04197_2023,0.0,0.18757425,0
img_04111_p01_2023,0.0,0.02530334,0
img_04111_p02_2023,0.0,0.012554236,0
img_04111_p03_2023,0.0,0.018624008,0
img_04111_p04_2023,0.0,0.024569092,0
img_04204_2023,0.0,0.61951387,0
img_04198_2023,0.0,0.011166276,0
img_04199_2023,0.0,0.0659924,0
img_04208_2023,0.0,0.033026114,0
img_04214_2023,0.0,0.04383421,0
img_04211_2023,0.0,0.013900436,0
img_04216_2023,0.0,0.009802962,0
img_04218_2023,0.0,0.19751813,0
img_04215_2023,0.0,0.04518729,0
img_04220_2023,0.0,0.08204458,0
img_04210_2023,0.0,0.012910334,0
img_04224_2023,0.0,0.106748864,0
img_04228_2023,0.0,0.010213298,0
img_04225_2023,0.0,0.10307044,0
img_04235_2023,0.0,0.13854799,0
img_04234_2023,0.0,0.043781962,0
img_04232_2023,0.0,0.024605602,0
img_04229_2023,0.0,0.17501917,0
img_04239_2023,0.0,0.049852204,0
img_04236_2023,0.0,0.061745852,0
img_04227_2023,0.0,0.017957797,0
img_04213_2023,0.0,0.06374627,0
img_04242_2023,0.0,0.06433659,0
img_04245_2023,0.0,0.019576576,0
img_04243_2023,0.0,0.22267385,0
img_04209_p01_2023,0.0,0.039608724,0
img_04209_p02_2023,0.0,0.115068294,0
img_04247_2023,0.0,0.031154865,0
img_04249_2023,0.0,0.08967016,0
img_04248_2023,0.0,0.3344161,0
img_04244_2023,0.0,0.023166258,0
img_04251_2023,0.0,0.033075456,0
img_04255_2023,0.0,0.016964253,0
img_04246_2023,0.0,0.8599969,1
img_04254_2023,0.0,0.014618573,0
img_04262_2023,0.0,0.009599807,0
img_04259_2023,0.0,0.010285164,0
img_04261_2023,0.0,0.022245845,0
img_04266_2023,0.0,0.06180193,0
img_04263_2023,0.0,0.042010777,0
img_04270_2023,0.0,0.011627734,0
img_04280_2023,0.0,0.06253894,0
img_04275_2023,0.0,0.050937317,0
img_04276_2023,0.0,0.53318274,0
img_04278_2023,0.0,0.01337905,0
img_04274_2023,0.0,0.12966676,0
img_04283_2023,0.0,0.07472986,0
img_04279_2023,0.0,0.010980496,0
img_04281_2023,0.0,0.008501297,0
img_04290_2023,0.0,0.0887047,0
img_04288_2023,0.0,0.02522862,0
img_04287_2023,0.0,0.23309836,0
img_04292_2023,0.0,0.22740543,0
img_04286_2023,0.0,0.31094128,0
img_04291_2023,0.0,0.04246818,0
img_04296_2023,0.0,0.021707084,0
img_04295_2023,0.0,0.04799486,0
img_04289_2023,0.0,0.009444162,0
img_04297_2023,0.0,0.031368762,0
img_04302_2023,0.0,0.006598289,0
img_04299_2023,0.0,0.025218049,0
img_04294_2023,0.0,0.03128951,0
img_04298_2023,0.0,0.03508892,0
img_04310_2023,0.0,0.005320077,0
img_04320_2023,0.0,0.0071796076,0
img_04315_2023,0.0,0.0064598126,0
img_04317_2023,0.0,0.007293216,0
img_04323_2023,0.0,0.020907218,0
img_04324_2023,0.0,0.009233104,0
img_04322_2023,0.0,0.03735855,0
img_04326_2023,0.0,0.016063783,0
img_04312_2023,0.0,0.014901559,0
img_04332_2023,0.0,0.0054451954,0
img_04335_2023,0.0,0.012189863,0
img_04340_2023,0.0,0.045897234,0
img_04342_2023,0.0,0.020955872,0
img_04300_p01_2023,0.0,0.031519856,0
img_04300_p02_2023,0.0,0.09728446,0
img_04343_2023,0.0,0.009950228,0
img_04344_2023,0.0,0.012336357,0
img_04352_2023,0.0,0.12354499,0
img_04354_2023,0.0,0.05350975,0
img_04357_2023,0.0,0.00694318,0
img_04358_2023,0.0,0.2490514,0
img_04363_2023,0.0,0.36435887,0
img_04360_2023,0.0,0.018687807,0
img_04381_2023,0.0,0.013457058,0
img_04378_2023,0.0,0.008185113,0
img_04383_2023,0.0,0.015166985,0
img_04371_2023,0.0,0.006323187,0
img_04385_2023,0.0,0.46007013,0
img_04379_2023,0.0,0.008380752,0
img_04388_2023,0.0,0.026018128,0
img_04386_2023,0.0,0.012766415,0
img_04390_2023,0.0,0.30154532,0
img_04389_2023,0.0,0.005742303,0
img_04336_p01_2023,0.0,0.009196041,0
img_04336_p02_2023,0.0,0.007777553,0
img_04394_2023,0.0,0.008384889,0
img_04392_2023,0.0,0.029721063,0
img_04400_2023,0.0,0.010799804,0
img_04384_p01_2023,0.0,0.04156933,0
img_04405_2023,0.0,0.62429893,0
img_04399_2023,0.0,0.010145867,0
img_04407_2023,0.0,0.03341743,0
img_04403_2023,0.0,0.007972775,0
img_04408_2023,0.0,0.0058757314,0
img_04409_2023,0.0,0.009961039,0
img_04413_2023,0.0,0.0066161924,0
img_04418_2023,0.0,0.059688456,0
img_04424_2023,0.0,0.057845443,0
img_04421_2023,0.0,0.013564898,0
img_04425_2023,0.0,0.01676192,0
img_04430_2023,0.0,0.14604266,0
img_04428_2023,0.0,0.007972759,0
img_04436_2023,0.0,0.008117286,0
img_04432_2023,0.0,0.008580209,0
img_04434_2023,0.0,0.022177402,0
img_04438_2023,0.0,0.021529233,0
img_04449_2023,0.0,0.036608875,0
img_04450_2023,0.0,0.006088001,0
img_04447_2023,0.0,0.7107435,0
img_04451_2023,0.0,0.02709904,0
img_04453_2023,0.0,0.00794736,0
img_04439_2023,0.0,0.0075681433,0
img_04458_2023,0.0,0.08841996,0
img_04474_2023,0.0,0.00593094,0
img_04461_2023,0.0,0.014709081,0
img_04480_2023,0.0,0.05126797,0
img_04481_2023,0.0,0.017818052,0
img_04475_2023,0.0,0.01784352,0
img_04482_2023,0.0,0.015849717,0
img_04462_2023,0.0,0.0069212914,0
img_04479_2023,0.0,0.28236455,0
img_04486_2023,0.0,0.018784588,0
img_04492_2023,0.0,0.006891962,0
img_04491_2023,0.0,0.020082202,0
img_04490_2023,0.0,0.0068166265,0
img_04505_2023,0.0,0.06443806,0
img_04500_2023,0.0,0.03524767,0
img_04502_2023,0.0,0.25256854,0
img_04495_2023,0.0,0.015283158,0
img_04513_2023,0.0,0.011236744,0
img_04503_2023,0.0,0.0053817863,0
img_04509_2023,0.0,0.1199021,0
img_04512_2023,0.0,0.8758844,1
img_04520_2023,0.0,0.01673637,0
img_04521_2023,0.0,0.013254804,0
img_04530_2023,0.0,0.011964673,0
img_04525_2023,0.0,0.0055204467,0
img_04529_2023,0.0,0.012317454,0
img_04528_2023,0.0,0.01923525,0
img_04522_2023,0.0,0.013220248,0
img_04533_2023,0.0,0.28767154,0
img_04527_2023,0.0,0.0049561476,0
img_04553_2023,0.0,0.028105158,0
img_04544_2023,0.0,0.029482642,0
img_04560_2023,0.0,0.031680256,0
img_04546_2023,0.0,0.010125865,0
img_04551_2023,0.0,0.011959578,0
img_04555_2023,0.0,0.050032437,0
img_04561_2023,0.0,0.007094481,0
img_04549_2023,0.0,0.010142145,0
img_04563_2023,0.0,0.099452555,0
img_04576_2023,0.0,0.022976939,0
img_04570_2023,0.0,0.024930555,0
img_04573_2023,0.0,0.050146084,0
img_04569_2023,0.0,0.009102993,0
img_04577_2023,0.0,0.07268647,0
img_04562_2023,0.0,0.012146411,0
img_04565_2023,0.0,0.009212589,0
img_04580_2023,0.0,0.010910442,0
img_04584_2023,0.0,0.01392401,0
img_04582_2023,0.0,0.044806354,0
img_04581_2023,0.0,0.008558829,0
img_04594_2023,0.0,0.027185112,0
img_04588_2023,0.0,0.16912594,0
img_04599_2023,0.0,0.015925013,0
img_04596_2023,0.0,0.028133977,0
img_04593_2023,0.0,0.014579421,0
img_04587_2023,0.0,0.007904316,0
img_04597_2023,0.0,0.025695289,0
img_04601_2023,0.0,0.19263592,0
img_04603_2023,0.0,0.19889629,0
img_04605_2023,0.0,0.071771204,0
img_04602_2023,0.0,0.42902312,0
img_04613_2023,0.0,0.012763326,0
img_04614_2023,0.0,0.048677463,0
img_04606_2023,0.0,0.0055360273,0
img_04608_2023,0.0,0.011862783,0
img_04619_2023,0.0,0.016184915,0
img_04624_2023,0.0,0.0075905123,0
img_04611_2023,0.0,0.008008661,0
img_04620_2023,0.0,0.009861118,0
img_04623_2023,0.0,0.23935506,0
img_04609_2023,0.0,0.012937377,0
img_04630_2023,0.0,0.0076443246,0
img_04636_2023,0.0,0.11678083,0
img_04635_2023,0.0,0.011085196,0
img_04632_2023,0.0,0.19754612,0
img_04642_2023,0.0,0.0051450375,0
img_04649_2023,0.0,0.019628897,0
img_04648_2023,0.0,0.01431416,0
img_04645_2023,0.0,0.008958354,0
img_04654_2023,0.0,0.14722446,0
img_04657_2023,0.0,0.043736912,0
img_04661_2023,0.0,0.016661879,0
img_04653_2023,0.0,0.017025549,0
img_04663_2023,0.0,0.010924579,0
img_04669_2023,0.0,0.3539737,0
img_04675_2023,0.0,0.2253829,0
img_04666_2023,0.0,0.017998533,0
img_04671_2023,0.0,0.08812419,0
img_04685_2023,0.0,0.010578742,0
img_04686_2023,0.0,0.0058070105,0
img_04676_2023,0.0,0.017784778,0
img_04691_2023,0.0,0.029693644,0
img_04690_2023,0.0,0.008964578,0
img_04695_2023,0.0,0.050760765,0
img_04681_2023,0.0,0.019681728,0
img_04692_2023,0.0,0.010338618,0
img_04699_2023,0.0,0.0106271915,0
img_04700_2023,0.0,0.017654428,0
img_04696_2023,0.0,0.016890952,0
img_04703_2023,0.0,0.034117732,0
img_04698_2023,0.0,0.04980562,0
img_04704_2023,0.0,0.02785045,0
img_04711_2023,0.0,0.06911365,0
img_04710_2023,0.0,0.017374337,0
img_04708_2023,0.0,0.015917541,0
img_04706_2023,0.0,0.03691368,0
img_04709_2023,0.0,0.013893883,0
img_04718_2023,0.0,0.027324641,0
img_04712_2023,0.0,0.012216325,0
img_04721_2023,0.0,0.01908627,0
img_04719_2023,0.0,0.024483314,0
img_04716_2023,0.0,0.021743406,0
img_04723_2023,0.0,0.9245037,1
img_04725_2023,0.0,0.014904687,0
img_04726_2023,0.0,0.77126145,0
img_04720_2023,0.0,0.016423069,0
img_04722_2023,0.0,0.070562795,0
img_04730_2023,0.0,0.173058,0
img_04715_2023,0.0,0.014986897,0
img_04735_2023,0.0,0.28265148,0
img_04739_2023,0.0,0.13658243,0
img_04738_2023,0.0,0.3923324,0
img_04736_2023,0.0,0.010425336,0
img_04743_2023,0.0,0.013110625,0
img_04741_2023,0.0,0.3618616,0
img_04746_2023,0.0,0.020605987,0
img_04742_2023,0.0,0.2706977,0
img_04753_2023,0.0,0.010359166,0
img_04750_2023,0.0,0.022704652,0
img_04751_2023,0.0,0.0070370296,0
img_04756_2023,0.0,0.009719569,0
img_04754_2023,0.0,0.060065858,0
img_04758_2023,0.0,0.0160555,0
img_04728_2023,0.0,0.03094228,0
img_04764_2023,0.0,0.020674597,0
img_04761_2023,0.0,0.030912086,0
img_04770_2023,0.0,0.03444258,0
img_04771_2023,0.0,0.027349588,0
img_04694_p03_2023,0.0,0.04594427,0
img_04765_2023,0.0,0.08884616,0
img_04773_2023,0.0,0.0153326895,0
img_04780_2023,0.0,0.049856286,0
img_04768_2023,0.0,0.008587739,0
img_04774_2023,0.0,0.39253908,0
img_04779_2023,0.0,0.1335022,0
img_04782_2023,0.0,0.021622835,0
img_04783_2023,0.0,0.0170435,0
img_04784_2023,0.0,0.31850392,0
img_04781_2023,0.0,0.0835589,0
img_04778_2023,0.0,0.016034152,0
img_04786_2023,0.0,0.013930005,0
img_04789_2023,0.0,0.026273584,0
img_04787_2023,0.0,0.014243225,0
img_04788_2023,0.0,0.01984518,0
img_04793_2023,0.0,0.052072674,0
img_04792_2023,0.0,0.023302902,0
img_04797_2023,0.0,0.039484937,0
img_04791_2023,0.0,0.022120627,0
img_04799_2023,0.0,0.07006619,0
img_04796_2023,0.0,0.104053065,0
img_04795_2023,0.0,0.32704812,0
img_04798_2023,0.0,0.2253044,0
img_04804_2023,0.0,0.03341084,0
img_04785_2023,0.0,0.020493085,0
img_04803_2023,0.0,0.013505434,0
img_04811_2023,0.0,0.89634913,1
img_04812_2023,0.0,0.021257963,0
img_04814_2023,0.0,0.18473081,0
img_04702_p01_2023,0.0,0.02810886,0
img_04702_p02_2023,0.0,0.012824593,0
img_04702_p03_2023,0.0,0.023654595,0
img_04702_p04_2023,0.0,0.04994484,0
img_04702_p05_2023,0.0,0.033818424,0
img_04702_p06_2023,0.0,0.023393856,0
img_04763_p01_2023,0.0,0.016524043,0
img_04763_p02_2023,0.0,0.013130168,0
img_04816_2023,0.0,0.013104709,0
img_04818_2023,0.0,0.006658127,0
img_04809_2023,0.0,0.06436568,0
img_04820_2023,0.0,0.6189062,0
img_04805_2023,0.0,0.025124758,0
img_04822_2023,0.0,0.19770631,0
img_04825_2023,0.0,0.058205925,0
img_04824_2023,0.0,0.01663348,0
img_04828_2023,0.0,0.008161869,0
img_04833_2023,0.0,0.60791194,0
img_04836_2023,0.0,0.011711297,0
img_04835_2023,0.0,0.013359663,0
img_04829_2023,0.0,0.041013964,0
img_04841_2023,0.0,0.011547516,0
img_04839_2023,0.0,0.03114872,0
img_04838_2023,0.0,0.17353673,0
img_04840_2023,0.0,0.08942583,0
img_04827_2023,0.0,0.011591742,0
img_04843_2023,0.0,0.058965765,0
img_04845_2023,0.0,0.0163065,0
img_04848_2023,0.0,0.03472806,0
img_04844_2023,0.0,0.1921945,0
img_04846_2023,0.0,0.075847626,0
img_04849_2023,0.0,0.042620964,0
img_04850_2023,0.0,0.01692243,0
img_04853_2023,0.0,0.018674519,0
img_04852_2023,0.0,0.049109682,0
img_04856_2023,0.0,0.09066818,0
img_04863_2023,0.0,0.51199853,0
img_04868_2023,0.0,0.0076138442,0
img_04864_2023,0.0,0.1669773,0
img_04867_2023,0.0,0.014203854,0
img_04861_2023,0.0,0.019245315,0
img_04865_2023,0.0,0.08887138,0
img_04871_2023,0.0,0.039930563,0
img_04869_2023,0.0,0.039490882,0
img_04876_2023,0.0,0.008879813,0
img_04872_2023,0.0,0.018619202,0
img_04870_2023,0.0,0.024640407,0
img_04875_2023,0.0,0.48281115,0
img_04873_2023,0.0,0.01891741,0
img_04880_2023,0.0,0.015024215,0
img_04883_2023,0.0,0.045216903,0
img_04878_2023,0.0,0.12289313,0
img_04882_2023,0.0,0.02524746,0
img_04748_p01_2023,0.0,0.015689205,0
img_04748_p02_2023,0.0,0.022609558,0
img_04748_p03_2023,0.0,0.01465934,0
img_04748_p04_2023,0.0,0.011519333,0
img_04748_p05_2023,0.0,0.011126702,0
img_04748_p06_2023,0.0,0.017222632,0
img_04748_p07_2023,0.0,0.25952977,0
img_04892_2023,0.0,0.022202274,0
img_04888_2023,0.0,0.015866166,0
img_04891_2023,0.0,0.0126898065,0
img_04895_2023,0.0,0.055598635,0
img_04899_2023,0.0,0.007658231,0
img_04900_2023,0.0,0.01504091,0
img_04902_2023,0.0,0.66171104,0
img_04903_2023,0.0,0.07902559,0
img_04906_2023,0.0,0.20961905,0
img_04898_2023,0.0,0.3956483,0
img_04909_2023,0.0,0.019099344,0
img_04908_2023,0.0,0.04745679,0
img_04904_2023,0.0,0.017225914,0
img_04831_p02_2023,0.0,0.051261354,0
img_04831_p03_2023,0.0,0.012594683,0
img_04831_p04_2023,0.0,0.10366094,0
img_04907_2023,0.0,0.013853619,0
img_04912_2023,0.0,0.6783198,0
img_04914_2023,0.0,0.041977204,0
img_04916_2023,0.0,0.012139079,0
img_04913_2023,0.0,0.011300802,0
img_04919_2023,0.0,0.093685,0
img_04924_2023,0.0,0.00899763,0
img_04922_2023,0.0,0.009359398,0
img_04917_2023,0.0,0.056121133,0
img_04921_2023,0.0,0.9207277,1
img_04926_2023,0.0,0.8544053,1
img_04910_2023,0.0,0.15146534,0
img_04929_2023,0.0,0.023452008,0
img_04911_p01_2023,0.0,0.04178896,0
img_04911_p02_2023,0.0,0.024951315,0
img_04930_2023,0.0,0.105398014,0
img_04935_2023,0.0,0.023119142,0
img_04937_2023,0.0,0.031016279,0
img_04932_2023,0.0,0.7245977,0
img_04933_2023,0.0,0.07240806,0
img_04874_p01_2023,0.0,0.040418077,0
img_04874_p02_2023,0.0,0.061944336,0
img_04874_p03_2023,0.0,0.034922324,0
img_04874_p04_2023,0.0,0.027367294,0
img_04938_2023,0.0,0.014268411,0
img_04943_2023,0.0,0.01673176,0
img_04947_2023,0.0,0.021757014,0
img_04945_2023,0.0,0.10700078,0
img_04941_2023,0.0,0.05601119,0
img_04944_2023,0.0,0.025977036,0
img_04948_2023,0.0,0.023463665,0
img_04949_2023,0.0,0.024253067,0
img_04953_2023,0.0,0.6294664,0
img_04952_2023,0.0,0.8774707,1
img_04956_2023,0.0,0.011039117,0
img_04955_2023,0.0,0.024970539,0
img_04939_2023,0.0,0.035074744,0
img_04794_p01_2023,0.0,0.044234477,0
img_04794_p02_2023,0.0,0.051333092,0
img_04794_p03_2023,0.0,0.018444112,0
img_04794_p04_2023,0.0,0.016443476,0
img_04794_p05_2023,0.0,0.011123644,0
img_04794_p06_2023,0.0,0.033789355,0
img_04794_p07_2023,0.0,0.024429915,0
img_04794_p08_2023,0.0,0.035914846,0
img_04957_2023,0.0,0.014496133,0
img_04958_2023,0.0,0.051379215,0
img_04964_2023,0.0,0.012635609,0
img_04963_2023,0.0,0.060189687,0
img_04886_p01_2023,0.0,0.01699796,0
img_04886_p02_2023,0.0,0.016618595,0
img_04886_p03_2023,0.0,0.017896498,0
img_04886_p04_2023,0.0,0.012791768,0
img_04961_2023,0.0,0.02328523,0
img_04967_2023,0.0,0.087241806,0
img_04966_2023,0.0,0.082708865,0
img_04973_2023,0.0,0.17229824,0
img_04968_2023,0.0,0.013044486,0
img_04969_2023,0.0,0.13244359,0
img_04975_2023,0.0,0.035022482,0
img_04974_2023,0.0,0.013526048,0
img_04979_2023,0.0,0.009678154,0
img_04744_p01_2023,0.0,0.050534524,0
img_04744_p02_2023,0.0,0.022965644,0
img_04744_p03_2023,0.0,0.015387152,0
img_04744_p04_2023,0.0,0.0388008,0
img_04744_p05_2023,0.0,0.011593663,0
img_04744_p06_2023,0.0,0.025593692,0
img_04744_p07_2023,0.0,0.011818044,0
img_04744_p08_2023,0.0,0.026251048,0
img_04744_p09_2023,0.0,0.1682347,0
img_04744_p10_2023,0.0,0.024077887,0
img_04744_p11_2023,0.0,0.022350593,0
img_04744_p12_2023,0.0,0.009288305,0
img_04978_2023,0.0,0.012562223,0
img_04977_2023,0.0,0.017540086,0
img_04982_2023,0.0,0.018230509,0
img_04981_2023,0.0,0.027029488,0
img_04970_2023,0.0,0.104071915,0
img_04986_2023,0.0,0.015353018,0
img_04976_2023,0.0,0.02586932,0
img_04983_2023,0.0,0.017142802,0
img_04931_p01_2023,0.0,0.028890377,0
img_04931_p02_2023,0.0,0.016872285,0
img_04990_2023,0.0,0.025148321,0
img_04993_2023,0.0,0.64867413,0
img_04994_2023,0.0,0.037292987,0
img_04988_2023,0.0,0.021776527,0
img_04996_2023,0.0,0.103049025,0
img_04995_2023,0.0,0.00957956,0
img_04998_2023,0.0,0.038728487,0
img_04999_2023,0.0,0.023586964,0
img_05000_2023,0.0,0.023089845,0
img_05003_2023,0.0,0.011047768,0
img_05004_2023,0.0,0.011778326,0
img_05009_2023,0.0,0.09063574,0
img_05010_2023,0.0,0.013742864,0
img_04984_p01_2023,0.0,0.03198213,0
img_04984_p02_2023,0.0,0.017299253,0
img_05006_2023,0.0,0.07047579,0
img_05012_2023,0.0,0.09621985,0
img_04896_p01_2023,0.0,0.011076436,0
img_04896_p02_2023,0.0,0.016314067,0
img_04896_p03_2023,0.0,0.022077302,0
img_04896_p04_2023,0.0,0.010834025,0
img_04896_p05_2023,0.0,0.011813928,0
img_04896_p06_2023,0.0,0.009035129,0
img_04940_p01_2023,0.0,0.025928583,0
img_04940_p02_2023,0.0,0.013317993,0
img_04940_p03_2023,0.0,0.008971212,0
img_04940_p04_2023,0.0,0.023369187,0
img_05016_2023,0.0,0.046357505,0
img_05019_2023,0.0,0.022390136,0
img_05017_2023,0.0,0.07868666,0
img_05025_2023,0.0,0.015224758,0
img_05028_2023,0.0,0.008448687,0
img_05024_2023,0.0,0.042746007,0
img_05027_2023,0.0,0.01004602,0
img_05032_2023,0.0,0.011593668,0
img_05037_2023,0.0,0.433806,0
img_05039_2023,0.0,0.017328033,0
img_05033_2023,0.0,0.41008526,0
img_05036_2023,0.0,0.83220416,0
img_05040_2023,0.0,0.16343673,0
img_05029_2023,0.0,0.017979171,0
img_05026_2023,0.0,0.9136217,1
img_05038_2023,0.0,0.76502293,0
img_05043_2023,0.0,0.010529026,0
img_05049_2023,0.0,0.116815135,0
img_05042_2023,0.0,0.0101939645,0
img_05052_2023,0.0,0.4658002,0
img_05051_2023,0.0,0.041614912,0
img_05055_2023,0.0,0.031621225,0
img_05057_2023,0.0,0.16200465,0
img_05046_2023,0.0,0.70606863,0
img_05056_2023,0.0,0.012045918,0
img_05059_2023,0.0,0.08519946,0
img_05048_2023,0.0,0.10835953,0
img_05060_2023,0.0,0.9187175,1
img_05063_2023,0.0,0.029992621,0
img_05066_2023,0.0,0.37034154,0
img_05062_2023,0.0,0.016626898,0
img_05068_2023,0.0,0.008626455,0
img_05064_2023,0.0,0.024462275,0
img_05069_2023,0.0,0.012879113,0
img_05067_2023,0.0,0.029697102,0
img_05070_2023,0.0,0.09692033,0
img_05074_2023,0.0,0.02980424,0
img_05072_2023,0.0,0.011958288,0
img_05076_2023,0.0,0.01591004,0
img_05075_2023,0.0,0.015432621,0
img_05077_2023,0.0,0.010514334,0
img_05078_2023,0.0,0.011390848,0
img_05081_2023,0.0,0.010869855,0
img_05079_2023,0.0,0.017275315,0
img_05071_2023,0.0,0.03141536,0
img_05082_2023,0.0,0.016468441,0
img_05080_2023,0.0,0.078876056,0
img_05088_2023,0.0,0.0141568985,0
img_05087_2023,0.0,0.0107097905,0
img_05085_2023,0.0,0.008919026,0
img_05089_2023,0.0,0.014375065,0
img_05053_p01_2023,0.0,0.016334612,0
img_05053_p02_2023,0.0,0.02001318,0
img_05090_2023,0.0,0.10098857,0
img_05094_2023,0.0,0.014141396,0
img_05096_2023,0.0,0.3728545,0
img_05097_2023,0.0,0.011432919,0
img_05099_2023,0.0,0.03145089,0
img_05095_2023,0.0,0.14384761,0
img_05110_2023,0.0,0.13235785,0
img_05104_2023,0.0,0.050288267,0
img_05108_2023,0.0,0.70706666,0
img_05100_2023,0.0,0.11609256,0
img_05098_2023,0.0,0.008843654,0
img_05107_2023,0.0,0.029500443,0
img_05112_2023,0.0,0.11609168,0
img_05113_2023,0.0,0.009414526,0
img_05115_2023,0.0,0.09737714,0
img_05111_2023,0.0,0.046131283,0
img_05105_2023,0.0,0.026110362,0
img_05114_2023,0.0,0.012493199,0
img_05120_2023,0.0,0.017581256,0
img_05124_2023,0.0,0.07365042,0
img_05123_2023,0.0,0.09595737,0
img_05122_2023,0.0,0.534686,0
img_05116_2023,0.0,0.040794298,0
img_05121_2023,0.0,0.29994932,0
img_05130_2023,0.0,0.24168296,0
img_05103_p01_2023,0.0,0.011523458,0
img_05103_p02_2023,0.0,0.008465807,0
img_05128_2023,0.0,0.025634075,0
img_05131_2023,0.0,0.019322287,0
img_05129_2023,0.0,0.0072620464,0
img_05127_2023,0.0,0.01871099,0
img_05126_2023,0.0,0.018311637,0
img_05134_2023,0.0,0.01772289,0
img_05133_2023,0.0,0.010363104,0
img_05135_2023,0.0,0.08040248,0
img_05137_2023,0.0,0.05063367,0
img_05142_2023,0.0,0.022356031,0
img_05138_2023,0.0,0.6331304,0
img_05145_2023,0.0,0.013379984,0
img_05151_2023,0.0,0.01975338,0
img_05150_2023,0.0,0.08004695,0
img_05147_2023,0.0,0.035832975,0
img_05143_2023,0.0,0.046752818,0
img_05149_2023,0.0,0.038023394,0
img_05148_2023,0.0,0.019975346,0
img_05154_2023,0.0,0.03119427,0
img_05155_2023,0.0,0.3242151,0
img_05159_2023,0.0,0.013715709,0
img_05160_2023,0.0,0.110087775,0
img_05162_2023,0.0,0.020077,0
img_05158_2023,0.0,0.01051788,0
img_05163_2023,0.0,0.15512507,0
img_05165_2023,0.0,0.012482265,0
img_05174_2023,0.0,0.020400748,0
img_05172_2023,0.0,0.14812048,0
img_05164_2023,0.0,0.4621809,0
img_05175_2023,0.0,0.13379988,0
img_05170_2023,0.0,0.018363675,0
img_04936_p01_2023,0.0,0.0075240033,0
img_04936_p02_2023,0.0,0.014083969,0
img_04936_p03_2023,0.0,0.008007057,0
img_04936_p04_2023,0.0,0.011909956,0
img_04936_p05_2023,0.0,0.009396135,0
img_04936_p06_2023,0.0,0.012763788,0
img_04936_p07_2023,0.0,0.008973939,0
img_04936_p08_2023,0.0,0.026128877,0
img_04936_p09_2023,0.0,0.010377054,0
img_04936_p10_2023,0.0,0.015659895,0
img_05176_2023,0.0,0.014022594,0
img_05179_2023,0.0,0.08989849,0
img_05181_2023,0.0,0.008463569,0
img_05180_2023,0.0,0.008757031,0
img_05184_2023,0.0,0.88106096,1
img_05186_2023,0.0,0.06669919,0
img_05189_2023,0.0,0.025116557,0
img_05173_2023,0.0,0.014110884,0
img_05188_2023,0.0,0.014683182,0
img_05194_2023,0.0,0.031874493,0
img_05193_2023,0.0,0.019043814,0
img_05191_2023,0.0,0.22604215,0
img_05195_2023,0.0,0.037890874,0
img_05199_2023,0.0,0.041041143,0
img_05187_2023,0.0,0.74530333,0
img_05202_2023,0.0,0.02256403,0
img_05209_2023,0.0,0.07605286,0
img_05200_2023,0.0,0.055872895,0
img_05214_2023,0.0,0.04440655,0
img_05203_2023,0.0,0.022513391,0
img_05204_2023,0.0,0.28120565,0
img_05208_2023,0.0,0.023623824,0
img_05201_2023,0.0,0.009934018,0
img_05210_2023,0.0,0.017539086,0
img_05220_2023,0.0,0.30731335,0
img_05218_2023,0.0,0.01234221,0
img_05217_2023,0.0,0.055423487,0
img_05207_2023,0.0,0.05285328,0
img_05206_2023,0.0,0.3233716,0
img_05215_2023,0.0,0.009516427,0
img_05223_2023,0.0,0.011073093,0
img_05222_2023,0.0,0.010141444,0
img_05229_2023,0.0,0.5948342,0
img_05226_2023,0.0,0.035971593,0
img_05219_2023,0.0,0.09242822,0
img_05227_2023,0.0,0.21054864,0
img_05211_2023,0.0,0.02286968,0
img_05224_2023,0.0,0.015878027,0
img_05225_2023,0.0,0.02671122,0
img_05231_2023,0.0,0.013146508,0
img_05235_2023,0.0,0.042580076,0
img_05233_2023,0.0,0.010414885,0
img_05238_2023,0.0,0.9117609,1
img_05241_2023,0.0,0.023084005,0
img_05244_2023,0.0,0.017037567,0
img_05240_2023,0.0,0.021741277,0
img_05232_2023,0.0,0.050425816,0
img_05243_2023,0.0,0.016765198,0
img_05242_2023,0.0,0.012524217,0
img_05245_2023,0.0,0.011033219,0
img_05246_2023,0.0,0.085960254,0
img_05250_2023,0.0,0.013701938,0
img_05249_2023,0.0,0.070844986,0
img_05247_2023,0.0,0.621803,0
img_05256_2023,0.0,0.034121186,0
img_05258_2023,0.0,0.05794183,0
img_05260_2023,0.0,0.039309334,0
img_05263_2023,0.0,0.16792437,0
img_05254_2023,0.0,0.014122626,0
img_05264_2023,0.0,0.008523505,0
img_05267_2023,0.0,0.020967454,0
img_05266_2023,0.0,0.028693179,0
img_05265_2023,0.0,0.01605818,0
img_05268_2023,0.0,0.01791201,0
img_05275_2023,0.0,0.039366487,0
img_05270_2023,0.0,0.017357152,0
img_05276_2023,0.0,0.23934893,0
img_05273_2023,0.0,0.01724146,0
img_05278_2023,0.0,0.015996242,0
img_05269_2023,0.0,0.017479349,0
img_05280_2023,0.0,0.67284346,0
img_05277_2023,0.0,0.15859802,0
img_05284_2023,0.0,0.04865002,0
img_05281_2023,0.0,0.021806262,0
img_05283_2023,0.0,0.12703587,0
img_05282_2023,0.0,0.32324818,0
img_05286_2023,0.0,0.008347141,0
img_05289_2023,0.0,0.07964506,0
img_05287_2023,0.0,0.022828758,0
img_05291_2023,0.0,0.3894357,0
img_05293_2023,0.0,0.21153405,0
img_05292_2023,0.0,0.033534043,0
img_05297_2023,0.0,0.01590751,0
img_05301_2023,0.0,0.041407466,0
img_05294_2023,0.0,0.010513639,0
img_05298_2023,0.0,0.019930353,0
img_05300_2023,0.0,0.012413474,0
img_05306_2023,0.0,0.020073343,0
img_05309_2023,0.0,0.17417714,0
img_05303_2023,0.0,0.049645696,0
img_05252_p01_2023,0.0,0.009422569,0
img_05252_p02_2023,0.0,0.007267409,0
img_05305_2023,0.0,0.011373804,0
img_05310_2023,0.0,0.4479289,0
img_05314_2023,0.0,0.19629721,0
img_05311_2023,0.0,0.013076069,0
img_05316_2023,0.0,0.03546843,0
img_05315_2023,0.0,0.031058222,0
img_05317_2023,0.0,0.010453398,0
img_05320_2023,0.0,0.88331765,1
img_05319_2023,0.0,0.009142591,0
img_05312_2023,0.0,0.04732298,0
img_05323_2023,0.0,0.020911455,0
img_05324_2023,0.0,0.009318292,0
img_05318_2023,0.0,0.0084178345,0
img_05325_2023,0.0,0.02926479,0
img_05328_2023,0.0,0.083890915,0
img_05333_2023,0.0,0.057392657,0
img_05322_2023,0.0,0.6840331,0
img_05327_2023,0.0,0.010747104,0
img_05334_2023,0.0,0.8780645,1
img_05336_2023,0.0,0.018113073,0
img_05330_2023,0.0,0.015864372,0
img_05339_2023,0.0,0.0099978605,0
img_05299_p01_2023,0.0,0.014236147,0
img_05299_p02_2023,0.0,0.02713408,0
img_05341_2023,0.0,0.015372309,0
img_05346_2023,0.0,0.44342986,0
img_05345_2023,0.0,0.0121569475,0
img_05343_2023,0.0,0.7981342,0
img_05352_2023,0.0,0.026063377,0
img_05349_2023,0.0,0.30350098,0
img_05355_2023,0.0,0.018494608,0
img_05356_2023,0.0,0.010795569,0
img_05353_2023,0.0,0.049735773,0
img_05360_2023,0.0,0.18466745,0
img_05361_2023,0.0,0.08423264,0
img_05364_2023,0.0,0.01970295,0
img_05363_2023,0.0,0.04567077,0
img_05365_2023,0.0,0.018644039,0
img_05366_2023,0.0,0.016560255,0
img_05369_2023,0.0,0.050729334,0
img_05362_2023,0.0,0.02936256,0
img_05261_p01_2023,0.0,0.028932795,0
img_05261_p02_2023,0.0,0.023450542,0
img_05261_p03_2023,0.0,0.03942304,0
img_05261_p04_2023,0.0,0.029893035,0
img_05261_p05_2023,0.0,0.019841092,0
img_05261_p06_2023,0.0,0.028765509,0
img_05371_2023,0.0,0.01517335,0
img_05372_2023,0.0,0.042626914,0
img_05370_2023,0.0,0.085298166,0
img_05376_2023,0.0,0.8664254,1
img_05381_2023,0.0,0.020257298,0
img_05377_2023,0.0,0.01848817,0
img_05384_2023,0.0,0.008834893,0
img_05374_2023,0.0,0.021031078,0
img_05386_2023,0.0,0.011263828,0
img_05385_2023,0.0,0.75583255,0
img_05388_2023,0.0,0.023589762,0
img_05387_2023,0.0,0.09431539,0
img_05392_2023,0.0,0.01761716,0
img_05390_2023,0.0,0.02222302,0
img_05395_2023,0.0,0.019525118,0
img_05393_2023,0.0,0.9426074,1
img_05397_2023,0.0,0.21680656,0
img_05399_2023,0.0,0.02616321,0
img_05402_2023,0.0,0.016177561,0
img_05398_2023,0.0,0.3045485,0
img_05401_2023,0.0,0.015341525,0
img_05409_2023,0.0,0.02015974,0
img_05406_2023,0.0,0.06606636,0
img_05404_2023,0.0,0.19276974,0
img_05389_2023,0.0,0.030518686,0
img_05416_2023,0.0,0.009055999,0
img_05426_2023,0.0,0.020195946,0
img_05415_2023,0.0,0.026383558,0
img_05424_2023,0.0,0.022523236,0
img_05425_2023,0.0,0.03505389,0
img_05430_2023,0.0,0.029883567,0
img_05429_2023,0.0,0.014614174,0
img_05433_2023,0.0,0.25475824,0
img_05428_2023,0.0,0.717827,0
img_05436_2023,0.0,0.042045206,0
img_05441_2023,0.0,0.058176685,0
img_05434_2023,0.0,0.20199876,0
img_05439_2023,0.0,0.044606138,0
img_05442_2023,0.0,0.0149521055,0
img_05432_2023,0.0,0.02146565,0
img_05438_2023,0.0,0.013030219,0
img_05431_2023,0.0,0.13219781,0
img_05435_2023,0.0,0.18237855,0
img_05449_2023,0.0,0.011511854,0
img_05446_2023,0.0,0.6881236,0
img_05453_2023,0.0,0.04850279,0
img_05456_2023,0.0,0.02227437,0
img_05455_2023,0.0,0.09314316,0
img_05460_2023,0.0,0.3610131,0
img_05454_2023,0.0,0.014221581,0
img_05462_2023,0.0,0.0388931,0
img_05458_2023,0.0,0.011434964,0
img_05461_2023,0.0,0.028620556,0
img_05464_2023,0.0,0.7050325,0
img_05447_p01_2023,0.0,0.021237727,0
img_05447_p02_2023,0.0,0.031681698,0
img_05467_2023,0.0,0.08358697,0
img_05471_2023,0.0,0.15985641,0
img_05470_2023,0.0,0.008482015,0
img_05474_2023,0.0,0.05049958,0
img_05476_2023,0.0,0.0619362,0
img_05477_2023,0.0,0.013472644,0
img_05472_2023,0.0,0.7140634,0
img_05480_2023,0.0,0.01934674,0
img_05479_2023,0.0,0.026385251,0
img_05478_2023,0.0,0.6810367,0
img_05475_2023,0.0,0.0128134955,0
img_05459_p02_2023,0.0,0.018024737,0
img_05468_p01_2023,0.0,0.026828682,0
img_05468_p02_2023,0.0,0.017314326,0
img_05482_2023,0.0,0.03452431,0
img_05487_2023,0.0,0.050137956,0
img_05490_2023,0.0,0.100039266,0
img_05486_2023,0.0,0.22012992,0
img_05489_2023,0.0,0.009996537,0
img_05493_2023,0.0,0.00985877,0
img_05494_2023,0.0,0.016882349,0
img_05497_2023,0.0,0.06468825,0
img_05496_2023,0.0,0.054727644,0
img_05427_p01_2023,0.0,0.017477527,0
img_05427_p02_2023,0.0,0.0102933645,0
img_05427_p03_2023,0.0,0.013040048,0
img_05427_p05_2023,0.0,0.01173055,0
img_05427_p06_2023,0.0,0.0077584074,0
img_05500_2023,0.0,0.013256764,0
img_05504_2023,0.0,0.024465341,0
img_05501_2023,0.0,0.026035149,0
img_05498_2023,0.0,0.025815567,0
img_05332_p01_2023,0.0,0.015297936,0
img_05332_p02_2023,0.0,0.017217219,0
img_05332_p03_2023,0.0,0.018368984,0
img_05332_p04_2023,0.0,0.019917825,0
img_05332_p05_2023,0.0,0.014280793,0
img_05332_p06_2023,0.0,0.021177307,0
img_05332_p07_2023,0.0,0.03063279,0
img_05332_p08_2023,0.0,0.011039812,0
img_05332_p09_2023,0.0,0.025921905,0
img_05332_p10_2023,0.0,0.016671186,0
img_05499_2023,0.0,0.02032606,0
img_05503_2023,0.0,0.014406482,0
img_05506_2023,0.0,0.019163374,0
img_05512_2023,0.0,0.036473133,0
img_05510_2023,0.0,0.016713416,0
img_05515_2023,0.0,0.026937764,0
img_05513_2023,0.0,0.11393279,0
img_05517_2023,0.0,0.011072418,0
img_05518_2023,0.0,0.012121019,0
img_05514_2023,0.0,0.08688579,0
img_05522_2023,0.0,0.02376282,0
img_05511_2023,0.0,0.062084354,0
img_05520_2023,0.0,0.028189728,0
img_05521_2023,0.0,0.0139725935,0
img_05523_2023,0.0,0.052243114,0
img_05495_p01_2023,0.0,0.069042385,0
img_05519_2023,0.0,0.021082921,0
img_05526_2023,0.0,0.046982307,0
img_05524_2023,0.0,0.0106719015,0
img_05528_2023,0.0,0.059846263,0
img_05531_2023,0.0,0.015356073,0
img_05527_2023,0.0,0.0142481355,0
img_05537_2023,0.0,0.024977962,0
img_05538_2023,0.0,0.05793217,0
img_05321_p01_2023,0.0,0.0113711795,0
img_05321_p02_2023,0.0,0.013671269,0
img_05321_p03_2023,0.0,0.016298788,0
img_05321_p04_2023,0.0,0.014766498,0
img_05321_p05_2023,0.0,0.018921888,0
img_05321_p06_2023,0.0,0.012445901,0
img_05321_p07_2023,0.0,0.008912602,0
img_05321_p08_2023,0.0,0.020679351,0
img_05321_p09_2023,0.0,0.014785364,0
img_05321_p10_2023,0.0,0.011285196,0
img_05321_p11_2023,0.0,0.010572796,0
img_05448_p01_2023,0.0,0.05600127,0
img_05448_p02_2023,0.0,0.020048508,0
img_05448_p03_2023,0.0,0.080484055,0
img_05448_p04_2023,0.0,0.15398741,0
img_05543_2023,0.0,0.3672523,0
img_05539_2023,0.0,0.13963565,0
img_05551_2023,0.0,0.013753047,0
img_05548_2023,0.0,0.022282667,0
img_05550_2023,0.0,0.8673363,1
img_05546_2023,0.0,0.010220629,0
img_05547_2023,0.0,0.053479224,0
img_05545_2023,0.0,0.015882637,0
img_05552_2023,0.0,0.08350041,0
img_05553_2023,0.0,0.21512786,0
img_05556_2023,0.0,0.014281841,0
img_05383_p01_2023,0.0,0.017925542,0
img_05383_p02_2023,0.0,0.0106404,0
img_05383_p03_2023,0.0,0.020764846,0
img_05383_p04_2023,0.0,0.0127636865,0
img_05383_p05_2023,0.0,0.016899262,0
img_05383_p06_2023,0.0,0.009545395,0
img_05383_p07_2023,0.0,0.010084348,0
img_05383_p08_2023,0.0,0.010531177,0
img_05383_p09_2023,0.0,0.010207976,0
img_05466_p01_2023,0.0,0.010781298,0
img_05466_p02_2023,0.0,0.04986183,0
img_05466_p03_2023,0.0,0.019889923,0
img_05466_p05_2023,0.0,0.021323372,0
img_05466_p06_2023,0.0,0.014972784,0
img_05559_2023,0.0,0.026790071,0
img_05549_2023,0.0,0.0137581425,0
img_05564_2023,0.0,0.017676031,0
img_05568_2023,0.0,0.104170874,0
img_05562_2023,0.0,0.9059389,1
img_05569_2023,0.0,0.9024312,1
img_05571_2023,0.0,0.028758671,0
img_05561_2023,0.0,0.012639401,0
img_05567_2023,0.0,0.011656647,0
img_05570_2023,0.0,0.02197948,0
img_05572_2023,0.0,0.060351647,0
img_05573_2023,0.0,0.018354703,0
img_05574_2023,0.0,0.047848765,0
img_05575_2023,0.0,0.014210226,0
img_05580_2023,0.0,0.015889686,0
img_05577_2023,0.0,0.5800966,0
img_05582_2023,0.0,0.06741522,0
img_05578_2023,0.0,0.01939925,0
img_05576_2023,0.0,0.042295475,0
img_05586_2023,0.0,0.14309324,0
img_05585_2023,0.0,0.07248096,0
img_05590_2023,0.0,0.0090846745,0
img_05593_2023,0.0,0.047212265,0
img_05451_p03_2023,0.0,0.011766618,0
img_05451_p04_2023,0.0,0.014468367,0
img_05451_p05_2023,0.0,0.010005636,0
img_05451_p07_2023,0.0,0.09416139,0
img_05451_p08_2023,0.0,0.039584152,0
img_05451_p09_2023,0.0,0.020304093,0
img_05592_2023,0.0,0.9286335,1
img_05595_2023,0.0,0.01290907,0
img_05587_2023,0.0,0.0092737125,0
img_05597_2023,0.0,0.72941,0
img_05598_2023,0.0,0.114287,0
img_05589_2023,0.0,0.34209794,0
img_05602_2023,0.0,0.013819419,0
img_05605_2023,0.0,0.015705995,0
img_05604_2023,0.0,0.016737025,0
img_05607_2023,0.0,0.018749077,0
img_05603_2023,0.0,0.0123668555,0
img_05608_2023,0.0,0.040385522,0
img_05606_2023,0.0,0.028437871,0
img_05610_2023,0.0,0.012798498,0
img_05600_2023,0.0,0.35271293,0
img_05599_2023,0.0,0.33779508,0
img_05612_2023,0.0,0.008882953,0
img_05613_2023,0.0,0.9307254,1
img_05611_2023,0.0,0.036697716,0
img_05619_2023,0.0,0.022867221,0
img_05617_2023,0.0,0.011837055,0
img_05583_p01_2023,0.0,0.014244327,0
img_05616_2023,0.0,0.06338726,0
img_05622_2023,0.0,0.009892139,0
img_05623_2023,0.0,0.8280729,0
img_05624_2023,0.0,0.028989008,0
img_05625_2023,0.0,0.2329832,0
img_05621_2023,0.0,0.020780157,0
img_05630_2023,0.0,0.016671022,0
img_05633_2023,0.0,0.95945346,1
img_05615_2023,0.0,0.06268451,0
img_05631_2023,0.0,0.9219388,1
img_05638_2023,0.0,0.012506071,0
img_05637_2023,0.0,0.009592215,0
img_05639_2023,0.0,0.0645446,0
img_05640_2023,0.0,0.110729456,0
img_05634_2023,0.0,0.07302841,0
img_05642_2023,0.0,0.030260468,0
img_05645_2023,0.0,0.016405841,0
img_05566_p01_2023,0.0,0.018338185,0
img_05566_p02_2023,0.0,0.018116003,0
img_05566_p03_2023,0.0,0.011497653,0
img_05566_p04_2023,0.0,0.018235859,0
img_05646_2023,0.0,0.10184548,0
img_05644_2023,0.0,0.013042147,0
img_05641_2023,0.0,0.042519905,0
img_05635_2023,0.0,0.012042182,0
img_05650_2023,0.0,0.051852934,0
img_05651_2023,0.0,0.22173557,0
img_05653_2023,0.0,0.077767625,0
img_05652_2023,0.0,0.012802546,0
img_05654_2023,0.0,0.019204618,0
img_05620_p01_2023,0.0,0.015087861,0
img_05620_p02_2023,0.0,0.0156150935,0
img_05658_2023,0.0,0.10360187,0
img_05664_2023,0.0,0.028722486,0
img_05655_2023,0.0,0.018310465,0
img_05662_2023,0.0,0.07985698,0
img_05659_2023,0.0,0.032422867,0
img_05661_2023,0.0,0.017213535,0
img_05663_2023,0.0,0.032195397,0
img_05668_2023,0.0,0.014254563,0
img_05673_2023,0.0,0.055281322,0
img_05670_2023,0.0,0.013083508,0
img_05676_2023,0.0,0.0103111155,0
img_05669_2023,0.0,0.49325976,0
img_05678_2023,0.0,0.038950972,0
img_05681_2023,0.0,0.00704361,0
img_05675_2023,0.0,0.016612705,0
img_05680_2023,0.0,0.018606728,0
img_05684_2023,0.0,0.011794049,0
img_05686_2023,0.0,0.12740448,0
img_05685_2023,0.0,0.012782025,0
img_05687_2023,0.0,0.15521823,0
img_05689_2023,0.0,0.2814502,0
img_05694_2023,0.0,0.595564,0
img_05693_2023,0.0,0.07297305,0
img_05692_2023,0.0,0.015269829,0
img_05698_2023,0.0,0.013508412,0
img_05699_2023,0.0,0.04567679,0
img_05700_2023,0.0,0.034887023,0
img_05697_2023,0.0,0.1057747,0
img_05704_2023,0.0,0.5813297,0
img_05701_2023,0.0,0.016833834,0
img_05707_2023,0.0,0.32639432,0
img_05709_2023,0.0,0.013727285,0
img_05708_2023,0.0,0.07092833,0
img_05688_2023,0.0,0.015594957,0
img_05696_2023,0.0,0.043495487,0
img_05705_2023,0.0,0.011824375,0
img_05712_2023,0.0,0.05304888,0
img_05719_2023,0.0,0.014198373,0
img_05714_2023,0.0,0.8013479,0
img_05717_2023,0.0,0.015946314,0
img_05720_2023,0.0,0.025470093,0
img_05723_2023,0.0,0.011955664,0
img_05725_2023,0.0,0.012117742,0
img_05718_2023,0.0,0.023579963,0
img_05724_2023,0.0,0.02003183,0
img_05721_2023,0.0,0.014232598,0
img_05726_2023,0.0,0.015078967,0
img_05722_2023,0.0,0.18838239,0
img_05728_2023,0.0,0.05353827,0
img_05731_2023,0.0,0.09041734,0
img_05735_2023,0.0,0.018045288,0
img_05727_2023,0.0,0.012329738,0
img_05716_2023,0.0,0.022686478,0
img_05733_2023,0.0,0.028600723,0
img_05729_2023,0.0,0.024989832,0
img_05738_2023,0.0,0.07232997,0
img_05732_2023,0.0,0.018902421,0
img_05742_2023,0.0,0.009579505,0
img_05730_2023,0.0,0.11626269,0
img_05741_2023,0.0,0.013026166,0
img_05749_2023,0.0,0.009647356,0
img_05744_2023,0.0,0.020174643,0
img_05747_2023,0.0,0.011246931,0
img_05752_2023,0.0,0.013755071,0
img_05751_2023,0.0,0.070324056,0
img_05748_2023,0.0,0.008337313,0
img_05745_2023,0.0,0.73410684,0
img_05746_2023,0.0,0.6966487,0
img_05750_2023,0.0,0.012831571,0
img_05755_2023,0.0,0.09387267,0
img_05758_2023,0.0,0.009789252,0
img_05754_2023,0.0,0.016600994,0
img_05757_2023,0.0,0.008927329,0
img_05759_2023,0.0,0.016273785,0
img_05762_2023,0.0,0.8197681,0
img_05760_2023,0.0,0.039052825,0
img_05765_2023,0.0,0.014553422,0
img_05768_2023,0.0,0.037645616,0
img_05769_2023,0.0,0.01444113,0
img_05771_2023,0.0,0.028975505,0
img_05772_2023,0.0,0.04640446,0
img_05770_2023,0.0,0.018146982,0
img_05773_2023,0.0,0.0104918005,0
img_05775_2023,0.0,0.028328221,0
img_05774_2023,0.0,0.05188779,0
img_05779_2023,0.0,0.31382897,0
img_05784_2023,0.0,0.029300567,0
img_05780_2023,0.0,0.006902095,0
img_05782_2023,0.0,0.08963002,0
img_05781_2023,0.0,0.17718224,0
img_05785_2023,0.0,0.013264661,0
img_05788_2023,0.0,0.01707616,0
img_05787_2023,0.0,0.019562261,0
img_05789_2023,0.0,0.0753426,0
img_05786_2023,0.0,0.013399782,0
img_05791_2023,0.0,0.034411892,0
img_05795_2023,0.0,0.93794125,1
img_05790_2023,0.0,0.018565426,0
img_05778_2023,0.0,0.022801999,0
img_05793_2023,0.0,0.08254459,0
img_05797_2023,0.0,0.13270788,0
img_05800_2023,0.0,0.041050367,0
img_05802_2023,0.0,0.02777389,0
img_05808_2023,0.0,0.013526687,0
img_05806_2023,0.0,0.030088168,0
img_05803_2023,0.0,0.012515995,0
img_05810_2023,0.0,0.012969571,0
img_05813_2023,0.0,0.052142046,0
img_05812_2023,0.0,0.031582084,0
img_05811_2023,0.0,0.01811567,0
img_05804_2023,0.0,0.012602215,0
img_05815_2023,0.0,0.023137216,0
img_05817_2023,0.0,0.008252297,0
img_05703_p01_2023,0.0,0.009358387,0
img_05703_p02_2023,0.0,0.022521576,0
img_05703_p03_2023,0.0,0.019226065,0
img_05703_p04_2023,0.0,0.14610156,0
img_05703_p05_2023,0.0,0.015999343,0
img_05703_p06_2023,0.0,0.012163826,0
img_05821_2023,0.0,0.8705572,1
img_05822_2023,0.0,0.043174576,0
img_05819_2023,0.0,0.015692562,0
img_05814_2023,0.0,0.0076434882,0
img_05823_2023,0.0,0.024470732,0
img_05828_2023,0.0,0.011002163,0
img_05827_2023,0.0,0.024801183,0
img_05829_2023,0.0,0.025211936,0
img_05826_2023,0.0,0.024166355,0
img_05836_2023,0.0,0.008038794,0
img_05839_2023,0.0,0.009029058,0
img_05838_2023,0.0,0.06714518,0
img_05831_2023,0.0,0.012542119,0
img_05834_2023,0.0,0.010664044,0
img_05846_2023,0.0,0.029801924,0
img_05843_2023,0.0,0.086833134,0
img_05850_2023,0.0,0.08588978,0
img_05848_2023,0.0,0.008695657,0
img_05847_2023,0.0,0.01865929,0
img_05825_p01_2023,0.0,0.06311853,0
img_05825_p02_2023,0.0,0.02281908,0
img_05844_2023,0.0,0.009955517,0
img_05854_2023,0.0,0.020003835,0
img_05851_2023,0.0,0.02884547,0
img_05855_2023,0.0,0.025745738,0
img_05858_2023,0.0,0.19121289,0
img_05861_2023,0.0,0.019271955,0
img_05863_2023,0.0,0.016573938,0
img_05867_2023,0.0,0.015147969,0
img_05862_2023,0.0,0.010176691,0
img_05870_2023,0.0,0.27503705,0
img_05871_2023,0.0,0.011014987,0
img_05869_2023,0.0,0.020611232,0
img_05873_2023,0.0,0.04449332,0
img_05878_2023,0.0,0.046002276,0
img_05875_2023,0.0,0.06813188,0
img_05866_2023,0.0,0.020509303,0
img_05877_2023,0.0,0.011188162,0
img_05876_2023,0.0,0.027327627,0
img_05885_2023,0.0,0.015338296,0
img_05799_p01_2023,0.0,0.07185825,0
img_05799_p02_2023,0.0,0.13293563,0
img_05799_p03_2023,0.0,0.02464934,0
img_05799_p04_2023,0.0,0.042894725,0
img_05881_2023,0.0,0.013569489,0
img_05890_2023,0.0,0.25375384,0
img_05891_2023,0.0,0.38405776,0
img_05887_2023,0.0,0.23217043,0
img_05892_2023,0.0,0.03461466,0
img_05888_2023,0.0,0.015436254,0
img_05886_2023,0.0,0.013277838,0
img_05893_2023,0.0,0.02520052,0
img_05889_2023,0.0,0.015121122,0
img_05868_p01_2023,0.0,0.13788453,0
img_05868_p02_2023,0.0,0.15743561,0
img_05897_2023,0.0,0.03701692,0
img_05896_2023,0.0,0.010468123,0
img_05883_2023,0.0,0.07869245,0
img_05900_2023,0.0,0.06054456,0
img_05901_2023,0.0,0.16217662,0
img_05903_2023,0.0,0.018856106,0
img_05908_2023,0.0,0.012601398,0
img_05906_2023,0.0,0.026013806,0
img_05912_2023,0.0,0.83033574,0
img_05911_2023,0.0,0.012813146,0
img_05914_2023,0.0,0.073237285,0
img_05915_2023,0.0,0.01285837,0
img_05902_2023,0.0,0.28164595,0
img_05919_2023,0.0,0.060505718,0
img_05682_p01_2023,0.0,0.055296063,0
img_05682_p02_2023,0.0,0.031325735,0
img_05682_p03_2023,0.0,0.043345504,0
img_05682_p04_2023,0.0,0.026232045,0
img_05682_p05_2023,0.0,0.02446722,0
img_05682_p06_2023,0.0,0.010989793,0
img_05682_p08_2023,0.0,0.011298371,0
img_05682_p09_2023,0.0,0.025774729,0
img_05682_p10_2023,0.0,0.025187295,0
img_05682_p11_2023,0.0,0.031656526,0
img_05920_2023,0.0,0.087103024,0
img_05922_2023,0.0,0.04100787,0
img_05926_2023,0.0,0.8511529,1
img_05923_2023,0.0,0.00958853,0
img_05928_2023,0.0,0.012578102,0
img_05927_2023,0.0,0.010684851,0
img_05930_2023,0.0,0.032267123,0
img_05924_2023,0.0,0.026838671,0
img_05934_2023,0.0,0.029101685,0
img_05938_2023,0.0,0.48561907,0
img_05936_2023,0.0,0.03926941,0
img_05929_2023,0.0,0.02521367,0
img_05944_2023,0.0,0.025150776,0
img_05946_2023,0.0,0.024505857,0
img_05947_2023,0.0,0.016767982,0
img_05895_p01_2023,0.0,0.009819751,0
img_05895_p02_2023,0.0,0.014230542,0
img_05895_p03_2023,0.0,0.015043907,0
img_05895_p04_2023,0.0,0.019796252,0
img_05943_2023,0.0,0.23045297,0
img_05942_2023,0.0,0.018013759,0
img_05949_2023,0.0,0.010964473,0
img_05951_2023,0.0,0.01791715,0
img_05953_2023,0.0,0.021605667,0
img_05948_2023,0.0,0.013164992,0
img_05957_2023,0.0,0.36872622,0
img_05959_2023,0.0,0.05178257,0
img_05960_2023,0.0,0.24952058,0
img_05961_2023,0.0,0.8693134,1
img_05962_2023,0.0,0.053120207,0
img_05952_2023,0.0,0.008907277,0
img_05945_2023,0.0,0.011071968,0
img_05964_2023,0.0,0.045848608,0
img_05907_p01_2023,0.0,0.102362946,0
img_05907_p02_2023,0.0,0.03197622,0
img_05907_p03_2023,0.0,0.03244085,0
img_05907_p04_2023,0.0,0.035091963,0
img_05955_2023,0.0,0.013040431,0
img_05963_2023,0.0,0.017231908,0
img_05966_2023,0.0,0.009139714,0
img_05965_2023,0.0,0.018403446,0
img_05970_2023,0.0,0.031198839,0
img_05976_2023,0.0,0.08233232,0
img_05971_2023,0.0,0.21699126,0
img_05975_2023,0.0,0.082060575,0
img_05972_2023,0.0,0.33314413,0
img_05979_2023,0.0,0.76410854,0
img_05967_2023,0.0,0.1330382,0
img_05981_2023,0.0,0.46735483,0
img_05985_2023,0.0,0.018666876,0
img_05983_2023,0.0,0.011282095,0
img_05982_2023,0.0,0.0095355855,0
img_05980_2023,0.0,0.0135546895,0
img_05925_p01_2023,0.0,0.01237505,0
img_05925_p02_2023,0.0,0.13892233,0
img_05925_p03_2023,0.0,0.0482649,0
img_05984_2023,0.0,0.014779312,0
img_05978_2023,0.0,0.009273307,0
img_05988_2023,0.0,0.41648054,0
img_05987_2023,0.0,0.01688235,0
img_05991_2023,0.0,0.91702235,1
img_05994_2023,0.0,0.013937615,0
img_05993_2023,0.0,0.007955063,0
img_05990_2023,0.0,0.007920831,0
img_05995_2023,0.0,0.27527234,0
img_05992_2023,0.0,0.013391487,0
img_05997_2023,0.0,0.46999997,0
img_05996_2023,0.0,0.014243928,0
img_05999_2023,0.0,0.11390519,0
img_06003_2023,0.0,0.025279224,0
img_06002_2023,0.0,0.017350582,0
img_06001_2023,0.0,0.079235196,0
img_06007_2023,0.0,0.052118767,0
img_06008_2023,0.0,0.019896384,0
img_06006_2023,0.0,0.068686604,0
img_06005_2023,0.0,0.012604801,0
img_06009_2023,0.0,0.2956753,0
img_05998_2023,0.0,0.024377402,0
img_06013_2023,0.0,0.481716,0
img_06010_2023,0.0,0.34384614,0
img_06012_2023,0.0,0.025092816,0
img_06011_2023,0.0,0.011807552,0
img_06016_2023,0.0,0.3854597,0
img_06017_2023,0.0,0.084838524,0
img_06021_2023,0.0,0.12269159,0
img_06014_2023,0.0,0.06010195,0
img_06018_2023,0.0,0.044591468,0
img_06020_2023,0.0,0.69552267,0
img_06023_2023,0.0,0.0135103,0
img_06022_2023,0.0,0.16900039,0
img_06026_2023,0.0,0.035239737,0
img_06024_2023,0.0,0.017992811,0
img_06029_2023,0.0,0.059691988,0
img_06028_2023,0.0,0.012363264,0
img_06030_2023,0.0,0.01656084,0
img_06031_2023,0.0,0.011191315,0
img_06032_2023,0.0,0.020443203,0
img_06034_2023,0.0,0.042155966,0
img_06033_2023,0.0,0.01957872,0
img_06039_2023,0.0,0.012478989,0
img_05989_p01_2023,0.0,0.02366991,0
img_05989_p02_2023,0.0,0.015452335,0
img_05974_p01_2023,0.0,0.01526462,0
img_05974_p02_2023,0.0,0.017829318,0
img_05974_p03_2023,0.0,0.019177219,0
img_05974_p04_2023,0.0,0.018160554,0
img_06041_2023,0.0,0.06839518,0
img_06040_2023,0.0,0.016539006,0
img_06037_2023,0.0,0.19668466,0
img_06042_2023,0.0,0.11474862,0
img_06036_2023,0.0,0.041738547,0
img_06043_2023,0.0,0.0442442,0
img_06045_2023,0.0,0.34260404,0
img_06050_2023,0.0,0.06183936,0
img_06004_p01_2023,0.0,0.092329346,0
img_06004_p02_2023,0.0,0.054186203,0
img_06004_p03_2023,0.0,0.014639126,0
img_06004_p04_2023,0.0,0.010714909,0
img_06054_2023,0.0,0.026406502,0
img_06053_2023,0.0,0.009178698,0
img_06051_2023,0.0,0.0151619045,0
img_06060_2023,0.0,0.012185864,0
img_06058_2023,0.0,0.018185023,0
img_06061_2023,0.0,0.42095488,0
img_06063_2023,0.0,0.009007804,0
img_06062_2023,0.0,0.32420594,0
img_06052_2023,0.0,0.018991774,0
img_06065_2023,0.0,0.020798314,0
img_06069_2023,0.0,0.025898686,0
img_06057_2023,0.0,0.017502334,0
img_06070_2023,0.0,0.01105646,0
img_06072_2023,0.0,0.008077081,0
img_06071_2023,0.0,0.027837563,0
img_06073_2023,0.0,0.16189218,0
img_06077_2023,0.0,0.68278795,0
img_06074_2023,0.0,0.1499501,0
img_06078_2023,0.0,0.03185332,0
img_06080_2023,0.0,0.02282212,0
img_06076_2023,0.0,0.30201632,0
img_06085_2023,0.0,0.4414401,0
img_06087_2023,0.0,0.021300968,0
img_06066_p01_2023,0.0,0.02136206,0
img_06066_p02_2023,0.0,0.009633249,0
img_06092_2023,0.0,0.19586642,0
img_06081_2023,0.0,0.075584985,0
img_06094_2023,0.0,0.081562005,0
img_06083_2023,0.0,0.02635881,0
img_06088_2023,0.0,0.013489391,0
img_06095_2023,0.0,0.40488902,0
img_06097_2023,0.0,0.0096408995,0
img_06101_2023,0.0,0.12132347,0
img_06098_2023,0.0,0.020919595,0
img_06099_2023,0.0,0.012814542,0
img_06106_2023,0.0,0.4403266,0
img_06109_2023,0.0,0.3951455,0
img_06102_2023,0.0,0.012671122,0
img_06111_2023,0.0,0.035644636,0
img_05933_p01_2023,0.0,0.017848955,0
img_05933_p02_2023,0.0,0.010161251,0
img_05933_p03_2023,0.0,0.008256714,0
img_05933_p04_2023,0.0,0.011060371,0
img_05933_p05_2023,0.0,0.008028404,0
img_05933_p06_2023,0.0,0.008289724,0
img_05933_p07_2023,0.0,0.019115403,0
img_05933_p08_2023,0.0,0.011958221,0
img_05933_p09_2023,0.0,0.013450494,0
img_06103_2023,0.0,0.91709363,1
img_06107_2023,0.0,0.0077714594,0
img_06104_2023,0.0,0.021746041,0
img_06113_2023,0.0,0.280654,0
img_06114_2023,0.0,0.019256335,0
img_06108_2023,0.0,0.07649635,0
img_06116_2023,0.0,0.08086747,0
img_06110_2023,0.0,0.04093894,0
img_06121_2023,0.0,0.053064477,0
img_06128_2023,0.0,0.29743177,0
img_06124_2023,0.0,0.15686032,0
img_06068_p02_2023,0.0,0.15430377,0
img_06131_2023,0.0,0.011630605,0
img_06136_2023,0.0,0.118336976,0
img_06135_2023,0.0,0.02537871,0
img_06140_2023,0.0,0.047947597,0
img_06142_2023,0.0,0.36458725,0
img_06137_2023,0.0,0.9751032,1
img_06118_p01_2023,0.0,0.027029153,0
img_06118_p02_2023,0.0,0.056975044,0
img_06149_2023,0.0,0.08308747,0
img_06151_2023,0.0,0.262958,0
img_06153_2023,0.0,0.078240655,0
img_06150_2023,0.0,0.19373813,0
img_06157_2023,0.0,0.07363041,0
img_06154_2023,0.0,0.06120997,0
img_06158_2023,0.0,0.89135724,1
img_06156_2023,0.0,0.021281902,0
img_06161_2023,0.0,0.1448816,0
img_06148_p01_2023,0.0,0.12341674,0
img_06148_p02_2023,0.0,0.026923474,0
img_06152_p01_2023,0.0,0.12345028,0
img_06152_p02_2023,0.0,0.5809853,0
img_06163_2023,0.0,0.044616446,0
img_06139_p01_2023,0.0,0.0889305,0
img_06139_p02_2023,0.0,0.8506876,1
img_06139_p03_2023,0.0,0.22003913,0
img_06164_2023,0.0,0.1210505,0
img_06166_2023,0.0,0.12209363,0
img_06162_2023,0.0,0.5947007,0
img_06160_2023,0.0,0.3930419,0
img_06174_2023,0.0,0.042102724,0
img_06179_2023,0.0,0.0994293,0
img_06173_2023,0.0,0.143523,0
img_06168_p01_2023,0.0,0.037285887,0
img_06168_p02_2023,0.0,0.033271454,0
img_06182_2023,0.0,0.9184534,1
img_06187_2023,0.0,0.01117155,0
img_06181_2023,0.0,0.027974661,0
img_06185_2023,0.0,0.04316572,0
img_06186_2023,0.0,0.27022704,0
img_05674_p02_2023,0.0,0.098877415,0
img_05674_p03_2023,0.0,0.03577935,0
img_05674_p04_2023,0.0,0.0328758,0
img_05674_p06_2023,0.0,0.013315531,0
img_05674_p08_2023,0.0,0.012082526,0
img_05674_p09_2023,0.0,0.014369471,0
img_05674_p10_2023,0.0,0.017637298,0
img_05674_p11_2023,0.0,0.007894241,0
img_05674_p12_2023,0.0,0.011799321,0
img_05674_p13_2023,0.0,0.010785201,0
img_05674_p14_2023,0.0,0.69545877,0
img_05674_p15_2023,0.0,0.01656542,0
img_05674_p16_2023,0.0,0.0131172985,0
img_05674_p17_2023,0.0,0.014299469,0
img_05674_p18_2023,0.0,0.013984384,0
img_05674_p19_2023,0.0,0.013141418,0
img_05674_p20_2023,0.0,0.011686661,0
img_05674_p21_2023,0.0,0.027374726,0
img_05674_p22_2023,0.0,0.014341933,0
img_05674_p23_2023,0.0,0.011745869,0
img_05674_p24_2023,0.0,0.020810962,0
img_05674_p25_2023,0.0,0.012579212,0
img_06189_2023,0.0,0.04369204,0
img_06199_2023,0.0,0.34697753,0
img_06196_2023,0.0,0.11596151,0
img_06197_2023,0.0,0.5220171,0
img_06202_2023,0.0,0.08977355,0
img_06193_2023,0.0,0.023203332,0
img_06204_2023,0.0,0.03683197,0
img_06207_2023,0.0,0.27962035,0
img_06214_2023,0.0,0.31381267,0
img_06212_2023,0.0,0.3440997,0
img_06218_2023,0.0,0.014200789,0
img_06192_p01_2023,0.0,0.01921591,0
img_06192_p02_2023,0.0,0.0633991,0
img_06226_2023,0.0,0.23816724,0
img_06220_2023,0.0,0.6499349,0
img_06195_p01_2023,0.0,0.017658686,0
img_06195_p02_2023,0.0,0.33360556,0
img_06223_2023,0.0,0.26889735,0
img_06127_p01_2023,0.0,0.03832103,0
img_06127_p02_2023,0.0,0.087487474,0
img_06127_p03_2023,0.0,0.2549802,0
img_06238_2023,0.0,0.012249673,0
img_06240_2023,0.0,0.09220846,0
img_06235_2023,0.0,0.05963557,0
img_06236_2023,0.0,0.19847804,0
img_06241_2023,0.0,0.051116355,0
img_06231_2023,0.0,0.075381674,0
img_06234_2023,0.0,0.27169204,0
img_06245_2023,0.0,0.14815943,0
img_06244_2023,0.0,0.029413015,0
img_06217_p01_2023,0.0,0.15524374,0
img_06217_p02_2023,0.0,0.032262843,0
img_06228_p01_2023,0.0,0.31073493,0
img_06228_p02_2023,0.0,0.44497007,0
img_06249_2023,0.0,0.02784806,0
img_06246_2023,0.0,0.05270539,0
img_06229_p01_2023,0.0,0.35910138,0
img_06229_p02_2023,0.0,0.15706196,0
img_06253_2023,0.0,0.011019072,0
img_06255_2023,0.0,0.17986937,0
img_06256_2023,0.0,0.44288057,0
img_06251_2023,0.0,0.114262186,0
img_06252_2023,0.0,0.07516624,0
img_06260_2023,0.0,0.29030013,0
img_06259_2023,0.0,0.083017126,0
img_06257_2023,0.0,0.02529414,0
img_06263_2023,0.0,0.604156,0
img_06269_2023,0.0,0.10167637,0
img_06272_2023,0.0,0.0633237,0
img_06270_2023,0.0,0.03877559,0
img_06266_2023,0.0,0.025244202,0
img_06273_2023,0.0,0.03232462,0
img_06211_p01_2023,0.0,0.03058585,0
img_06211_p02_2023,0.0,0.2932493,0
img_06211_p03_2023,0.0,0.115406096,0
img_06211_p04_2023,0.0,0.034864254,0
img_06277_2023,0.0,0.052586753,0
img_06278_2023,0.0,0.18973073,0
img_06282_2023,0.0,0.037276942,0
img_06283_2023,0.0,0.013980689,0
img_06248_p01_2023,0.0,0.09136842,0
img_06248_p02_2023,0.0,0.17642474,0
img_06248_p03_2023,0.0,0.5900206,0
img_06248_p04_2023,0.0,0.30372486,0
img_06280_2023,0.0,0.03699276,0
img_06284_2023,0.0,0.044190742,0
img_06286_2023,0.0,0.9180403,1
img_06291_2023,0.0,0.18309537,0
img_06289_2023,0.0,0.12466381,0
img_06294_2023,0.0,0.010628231,0
img_06295_2023,0.0,0.35824373,0
img_06301_2023,0.0,0.022076067,0
img_06297_2023,0.0,0.12780952,0
img_06296_2023,0.0,0.034075357,0
img_06302_2023,0.0,0.01688088,0
img_06307_2023,0.0,0.024503175,0
img_05065_p01_2023,0.0,0.015999,0
img_05065_p02_2023,0.0,0.024447756,0
img_05065_p03_2023,0.0,0.027234826,0
img_05065_p05_2023,0.0,0.012086397,0
img_05065_p06_2023,0.0,0.027560666,0
img_05065_p07_2023,0.0,0.017311135,0
img_05065_p08_2023,0.0,0.018846128,0
img_05065_p10_2023,0.0,0.013019423,0
img_05065_p11_2023,0.0,0.010456894,0
img_05065_p12_2023,0.0,0.008824268,0
img_05065_p13_2023,0.0,0.02461382,0
img_05065_p14_2023,0.0,0.034113497,0
img_05065_p16_2023,0.0,0.013887209,0
img_05065_p19_2023,0.0,0.03550122,0
img_05065_p20_2023,0.0,0.01376155,0
img_05065_p21_2023,0.0,0.046348184,0
img_05065_p24_2023,0.0,0.010141291,0
img_05065_p28_2023,0.0,0.018513778,0
img_05065_p29_2023,0.0,0.01965599,0
img_05065_p37_2023,0.0,0.010629485,0
img_05065_p39_2023,0.0,0.013276184,0
img_05065_p48_2023,0.0,0.052072775,0
img_05065_p51_2023,0.0,0.02478725,0
img_05065_p52_2023,0.0,0.020491207,0
img_06312_2023,0.0,0.0795469,0
img_06311_2023,0.0,0.10414578,0
img_06309_2023,0.0,0.017243735,0
img_06320_2023,0.0,0.0227645,0
img_06322_2023,0.0,0.13640808,0
img_06323_2023,0.0,0.0399654,0
img_06325_2023,0.0,0.14233065,0
img_06328_2023,0.0,0.2713673,0
img_06327_2023,0.0,0.0255461,0
img_06331_2023,0.0,0.18383603,0
img_06329_2023,0.0,0.035533905,0
img_06338_2023,0.0,0.08582533,0
img_06340_2023,0.0,0.021380104,0
img_06339_2023,0.0,0.73836696,0
img_06347_2023,0.0,0.13012199,0
img_06341_2023,0.0,0.11548972,0
img_06254_p01_2023,0.0,0.056934524,0
img_06254_p02_2023,0.0,0.094253555,0
img_06254_p03_2023,0.0,0.06381392,0
img_06254_p04_2023,0.0,0.06608661,0
img_06352_2023,0.0,0.060684703,0
img_06353_2023,0.0,0.6876491,0
img_06349_2023,0.0,0.035854887,0
img_06358_2023,0.0,0.22835223,0
img_06354_2023,0.0,0.028002337,0
img_06350_2023,0.0,0.039595645,0
img_06355_2023,0.0,0.046622105,0
img_06367_2023,0.0,0.78879297,0
img_06368_2023,0.0,0.06964788,0
img_06363_2023,0.0,0.24045591,0
img_06271_p01_2023,0.0,0.2878579,0
img_06271_p02_2023,0.0,0.38708487,0
img_06271_p03_2023,0.0,0.6219861,0
img_06271_p04_2023,0.0,0.1349633,0
img_06271_p05_2023,0.0,0.3242264,0
img_06271_p06_2023,0.0,0.45602122,0
img_06370_2023,0.0,0.18019797,0
img_06366_2023,0.0,0.3707352,0
img_06372_2023,0.0,0.0677304,0
img_06364_2023,0.0,0.05650098,0
img_06365_2023,0.0,0.08410383,0
img_06375_2023,0.0,0.010871242,0
img_06382_2023,0.0,0.5249323,0
img_06380_2023,0.0,0.2824475,0
img_06369_2023,0.0,0.27498856,0
img_06048_p01_2023,0.0,0.3249133,0
img_06048_p02_2023,0.0,0.029297471,0
img_06048_p03_2023,0.0,0.019494751,0
img_06048_p04_2023,0.0,0.03683181,0
img_06048_p05_2023,0.0,0.01630373,0
img_06048_p06_2023,0.0,0.019199058,0
img_06048_p07_2023,0.0,0.009737277,0
img_06048_p09_2023,0.0,0.011870081,0
img_06048_p10_2023,0.0,0.018006941,0
img_06048_p11_2023,0.0,0.012604426,0
img_06048_p12_2023,0.0,0.032338317,0
img_06048_p14_2023,0.0,0.012828553,0
img_06048_p15_2023,0.0,0.0114224125,0
img_06048_p16_2023,0.0,0.017988162,0
img_06048_p17_2023,0.0,0.012756646,0
img_06048_p19_2023,0.0,0.037091505,0
img_06048_p20_2023,0.0,0.009264904,0
img_06048_p21_2023,0.0,0.014994858,0
img_06385_2023,0.0,0.32299727,0
img_06387_2023,0.0,0.34333727,0
img_06390_2023,0.0,0.019475846,0
img_06392_2023,0.0,0.021414327,0
img_06391_2023,0.0,0.044516098,0
img_06356_p01_2023,0.0,0.11010595,0
img_06356_p02_2023,0.0,0.11480556,0
img_06356_p03_2023,0.0,0.050527107,0
img_06356_p04_2023,0.0,0.025693735,0
img_06395_2023,0.0,0.96537817,1
img_06400_2023,0.0,0.023286209,0
img_06398_2023,0.0,0.1318646,0
img_06396_2023,0.0,0.2444202,0
img_06393_p01_2023,0.0,0.065721594,0
img_06393_p02_2023,0.0,0.06530361,0
img_06268_p03_2023,0.0,0.20788646,0
img_06268_p05_2023,0.0,0.09047987,0
img_06268_p08_2023,0.0,0.05041804,0
img_06412_2023,0.0,0.0318461,0
img_06410_2023,0.0,0.22787085,0
img_06408_2023,0.0,0.23210597,0
img_06404_2023,0.0,0.028219622,0
img_06419_2023,0.0,0.046113063,0
img_06422_2023,0.0,0.010012296,0
img_06427_2023,0.0,0.012719122,0
img_06429_2023,0.0,0.1984838,0
img_06420_2023,0.0,0.0151736615,0
img_06426_2023,0.0,0.480158,0
img_06428_2023,0.0,0.2988601,0
img_06432_2023,0.0,0.14712402,0
img_06431_2023,0.0,0.023320716,0
img_06439_2023,0.0,0.14659393,0
img_06440_2023,0.0,0.8728703,1
img_06445_2023,0.0,0.034332458,0
img_06451_2023,0.0,0.81471026,0
img_06453_2023,0.0,0.035963528,0
img_06455_2023,0.0,0.67788255,0
img_06454_2023,0.0,0.074416645,0
img_06456_2023,0.0,0.05229202,0
img_06459_2023,0.0,0.024346948,0
img_06384_p01_2023,0.0,0.69197714,0
img_06384_p02_2023,0.0,0.37126246,0
img_06384_p03_2023,0.0,0.042813428,0
img_06463_2023,0.0,0.0860043,0
img_06457_2023,0.0,0.042808376,0
img_06465_2023,0.0,0.017487219,0
img_06461_2023,0.0,0.39893007,0
img_06466_2023,0.0,0.021234741,0
img_06467_2023,0.0,0.06340204,0
img_06460_2023,0.0,0.040611267,0
img_06470_2023,0.0,0.10268639,0
img_06476_2023,0.0,0.087186694,0
img_06475_2023,0.0,0.10431186,0
img_06478_2023,0.0,0.016597781,0
img_06481_2023,0.0,0.24433792,0
img_06477_2023,0.0,0.026507672,0
img_06482_2023,0.0,0.03653679,0
img_06485_2023,0.0,0.051554035,0
img_06474_2023,0.0,0.077837124,0
img_06496_2023,0.0,0.30563426,0
img_06490_2023,0.0,0.036496602,0
img_06498_2023,0.0,0.12783116,0
img_06494_2023,0.0,0.01734416,0
img_06462_p01_2023,0.0,0.009621053,0
img_06462_p02_2023,0.0,0.017500471,0
img_06462_p03_2023,0.0,0.018186087,0
img_06462_p04_2023,0.0,0.043331496,0
img_06505_2023,0.0,0.022055436,0
img_06509_2023,0.0,0.30585647,0
img_06504_2023,0.0,0.0828552,0
img_06510_2023,0.0,0.13877705,0
img_06508_2023,0.0,0.10108048,0
img_06513_2023,0.0,0.09501191,0
img_06519_2023,0.0,0.027412852,0
img_06517_2023,0.0,0.14625429,0
img_06521_2023,0.0,0.12260081,0
img_06526_2023,0.0,0.008998948,0
img_06522_2023,0.0,0.18384922,0
img_06528_2023,0.0,0.18669075,0
img_06511_p01_2023,0.0,0.049521007,0
img_06511_p02_2023,0.0,0.05340906,0
img_06530_2023,0.0,0.04309927,0
img_06529_2023,0.0,0.2063916,0
img_06531_2023,0.0,0.22479072,0
img_06535_2023,0.0,0.014148889,0
img_06376_p02_2023,0.0,0.2562397,0
img_06376_p03_2023,0.0,0.35206193,0
img_06376_p04_2023,0.0,0.19100985,0
img_06376_p05_2023,0.0,0.50027686,0
img_06376_p06_2023,0.0,0.47008997,0
img_06376_p07_2023,0.0,0.25132456,0
img_06376_p08_2023,0.0,0.12603474,0
img_06376_p09_2023,0.0,0.105394624,0
img_06540_2023,0.0,0.25789654,0
img_06538_2023,0.0,0.12394416,0
img_06545_2023,0.0,0.016126595,0
img_06542_2023,0.0,0.012848464,0
img_06546_2023,0.0,0.31929767,0
img_06514_p01_2023,0.0,0.09239864,0
img_06514_p02_2023,0.0,0.054487683,0
img_06550_2023,0.0,0.020699,0
img_06552_2023,0.0,0.01512264,0
img_06551_2023,0.0,0.10128,0
img_06555_2023,0.0,0.04659022,0
img_06554_2023,0.0,0.057529144,0
img_06560_2023,0.0,0.017657647,0
img_06562_2023,0.0,0.0336547,0
img_06568_2023,0.0,0.16556892,0
img_06574_2023,0.0,0.8656086,1
img_06564_2023,0.0,0.14159295,0
img_06575_2023,0.0,0.031941596,0
img_06580_2023,0.0,0.014824386,0
img_06581_2023,0.0,0.027381305,0
img_06582_2023,0.0,0.35087204,0
img_06576_2023,0.0,0.017967623,0
img_06586_2023,0.0,0.13953862,0
img_06584_2023,0.0,0.03504298,0
img_06589_2023,0.0,0.041924782,0
img_06588_2023,0.0,0.017974457,0
img_06593_2023,0.0,0.46351877,0
img_06597_2023,0.0,0.27849084,0
img_06598_2023,0.0,0.013887435,0
img_06600_2023,0.0,0.08443887,0
img_06603_2023,0.0,0.027208498,0
img_06265_p03_2023,0.0,0.079952545,0
img_06265_p04_2023,0.0,0.19383779,0
img_06265_p05_2023,0.0,0.017189901,0
img_06265_p08_2023,0.0,0.18203835,0
img_06265_p09_2023,0.0,0.23170054,0
img_06265_p10_2023,0.0,0.032463167,0
img_06265_p13_2023,0.0,0.07678289,0
img_06265_p14_2023,0.0,0.09396483,0
img_06605_2023,0.0,0.018541163,0
img_06608_2023,0.0,0.038811903,0
img_06607_2023,0.0,0.39320865,0
img_06609_2023,0.0,0.054490875,0
img_06614_2023,0.0,0.052158356,0
img_06616_2023,0.0,0.117819324,0
img_06618_2023,0.0,0.099776655,0
img_06613_2023,0.0,0.10877959,0
img_06615_2023,0.0,0.3346732,0
img_06611_p01_2023,0.0,0.13422003,0
img_06611_p02_2023,0.0,0.02313152,0
img_06590_p01_2023,0.0,0.07716067,0
img_06590_p02_2023,0.0,0.20299084,0
img_06590_p03_2023,0.0,0.07250796,0
img_06590_p04_2023,0.0,0.17718169,0
img_06628_2023,0.0,0.30887946,0
img_06630_2023,0.0,0.05475089,0
img_06632_2023,0.0,0.023812154,0
img_06635_2023,0.0,0.87377864,1
img_06622_p01_2023,0.0,0.416602,0
img_06622_p02_2023,0.0,0.22699673,0
img_06636_2023,0.0,0.09287306,0
img_06640_2023,0.0,0.87804335,1
img_06637_2023,0.0,0.025410224,0
img_06596_p01_2023,0.0,0.7690177,0
img_06596_p02_2023,0.0,0.6056038,0
img_06596_p03_2023,0.0,0.58777976,0
img_06596_p04_2023,0.0,0.4808696,0
img_06645_2023,0.0,0.023177866,0
img_06648_2023,0.0,0.031262375,0
img_06646_2023,0.0,0.40273213,0
img_06651_2023,0.0,0.35091978,0
img_06650_2023,0.0,0.09246509,0
img_06647_2023,0.0,0.047232028,0
img_06652_2023,0.0,0.1914991,0
img_06655_2023,0.0,0.5480981,0
img_06660_2023,0.0,0.018581659,0
img_06659_2023,0.0,0.23931709,0
img_06656_2023,0.0,0.22978902,0
img_06661_2023,0.0,0.26959634,0
img_06663_2023,0.0,0.30509838,0
img_06672_2023,0.0,0.01538693,0
img_06670_2023,0.0,0.35600817,0
img_06674_2023,0.0,0.018547911,0
img_06592_p01_2023,0.0,0.025830414,0
img_06592_p02_2023,0.0,0.19728538,0
img_06592_p03_2023,0.0,0.08155765,0
img_06592_p04_2023,0.0,0.02889667,0
img_06592_p05_2023,0.0,0.018447718,0
img_06592_p06_2023,0.0,0.16759309,0
img_06679_2023,0.0,0.010111151,0
img_06666_p01_2023,0.0,0.08445076,0
img_06666_p02_2023,0.0,0.092112,0
img_06683_2023,0.0,0.20883188,0
img_06685_2023,0.0,0.92505723,1
img_06680_2023,0.0,0.023524512,0
img_06676_2023,0.0,0.013139051,0
img_06690_2023,0.0,0.6387366,0
img_06691_2023,0.0,0.0319,0
img_06688_2023,0.0,0.078165255,0
img_06654_p01_2023,0.0,0.097261354,0
img_06654_p02_2023,0.0,0.06552517,0
img_06654_p03_2023,0.0,0.21114714,0
img_06654_p04_2023,0.0,0.025806863,0
img_06692_2023,0.0,0.51764786,0
img_06697_2023,0.0,0.17191808,0
img_06693_2023,0.0,0.2289215,0
img_06687_p02_2023,0.0,0.2083354,0
img_06617_p01_2023,0.0,0.07186301,0
img_06617_p02_2023,0.0,0.030176893,0
img_06617_p03_2023,0.0,0.07798754,0
img_06617_p04_2023,0.0,0.033216637,0
img_06617_p05_2023,0.0,0.20636249,0
img_06617_p06_2023,0.0,0.32251555,0
img_06698_2023,0.0,0.06768355,0
img_06699_2023,0.0,0.029391244,0
img_06700_2023,0.0,0.073535085,0
img_06702_2023,0.0,0.19783245,0
img_06701_2023,0.0,0.33749157,0
img_06705_2023,0.0,0.51710933,0
img_06708_2023,0.0,0.3301238,0
img_06703_2023,0.0,0.09802692,0
img_06709_2023,0.0,0.01481016,0
img_06664_p01_2023,0.0,0.09636403,0
img_06664_p02_2023,0.0,0.6516224,0
img_06664_p03_2023,0.0,0.5711317,0
img_06664_p05_2023,0.0,0.11999358,0
img_06664_p06_2023,0.0,0.06969787,0
img_06720_2023,0.0,0.027574057,0
img_06682_p01_2023,0.0,0.09094329,0
img_06682_p02_2023,0.0,0.06295486,0
img_06682_p04_2023,0.0,0.27260774,0
img_06682_p05_2023,0.0,0.43468052,0
img_06682_p06_2023,0.0,0.32538962,0
img_06717_2023,0.0,0.4406658,0
img_06696_p01_2023,0.0,0.040921032,0
img_06696_p02_2023,0.0,0.045796067,0
img_06696_p03_2023,0.0,0.019161033,0
img_06696_p04_2023,0.0,0.029241448,0
img_06480_p01_2023,0.0,0.12572375,0
img_06480_p02_2023,0.0,0.10179554,0
img_06480_p03_2023,0.0,0.09333365,0
img_06480_p04_2023,0.0,0.0830279,0
img_06480_p06_2023,0.0,0.032624684,0
img_06480_p07_2023,0.0,0.06471901,0
img_06480_p08_2023,0.0,0.15378137,0
img_06480_p09_2023,0.0,0.114146724,0
img_06480_p10_2023,0.0,0.044932894,0
img_06480_p11_2023,0.0,0.09194668,0
img_06480_p12_2023,0.0,0.03739167,0
img_06480_p13_2023,0.0,0.6857511,0
img_06480_p14_2023,0.0,0.184495,0
img_06480_p15_2023,0.0,0.09818783,0
img_06480_p16_2023,0.0,0.042381536,0
img_06721_2023,0.0,0.11266551,0
img_06728_2023,0.0,0.43898994,0
img_06723_2023,0.0,0.044397213,0
img_06726_2023,0.0,0.030189648,0
img_06725_2023,0.0,0.049120467,0
img_06730_2023,0.0,0.22254066,0
img_06735_2023,0.0,0.08860959,0
img_06722_p01_2023,0.0,0.07343222,0
img_06739_2023,0.0,0.04344855,0
img_06684_p01_2023,0.0,0.12992135,0
img_06684_p02_2023,0.0,0.18549144,0
img_06684_p03_2023,0.0,0.15750466,0
img_06684_p04_2023,0.0,0.43970555,0
img_06684_p05_2023,0.0,0.29699785,0
img_06746_2023,0.0,0.16296391,0
img_06734_2023,0.0,0.037874423,0
img_06750_2023,0.0,0.04588626,0
img_06631_p01_2023,0.0,0.033134583,0
img_06631_p02_2023,0.0,0.024395024,0
img_06631_p03_2023,0.0,0.034546323,0
img_06631_p04_2023,0.0,0.05618056,0
img_06631_p05_2023,0.0,0.028382307,0
img_06631_p06_2023,0.0,0.026764477,0
img_06631_p07_2023,0.0,0.020971086,0
img_06631_p08_2023,0.0,0.026980082,0
img_06631_p09_2023,0.0,0.10988806,0
img_06752_2023,0.0,0.66713184,0
img_06743_p01_2023,0.0,0.24231394,0
img_06743_p02_2023,0.0,0.21050751,0
img_06623_p01_2023,0.0,0.18819037,0
img_06623_p02_2023,0.0,0.04443819,0
img_06623_p03_2023,0.0,0.027199015,0
img_06623_p04_2023,0.0,0.064106405,0
img_06673_p01_2023,0.0,0.24802752,0
img_06673_p02_2023,0.0,0.054529727,0
img_06673_p03_2023,0.0,0.022580465,0
img_06673_p04_2023,0.0,0.5841859,0
img_06673_p05_2023,0.0,0.4681533,0
img_06673_p06_2023,0.0,0.0382466,0
img_06673_p07_2023,0.0,0.17977221,0
img_06673_p08_2023,0.0,0.1096067,0
img_06673_p09_2023,0.0,0.05609536,0
img_06763_2023,0.0,0.030869614,0
img_06729_p01_2023,0.0,0.13672225,0
img_06729_p02_2023,0.0,0.058051832,0
img_06729_p03_2023,0.0,0.117035486,0
img_06729_p04_2023,0.0,0.030537803,0
img_06767_2023,0.0,0.7016522,0
img_06765_2023,0.0,0.1502733,0
img_06768_2023,0.0,0.03425122,0
img_06732_p01_2023,0.0,0.028104484,0
img_06732_p02_2023,0.0,0.055171452,0
img_06732_p03_2023,0.0,0.036859695,0
img_06732_p04_2023,0.0,0.122925185,0
img_06771_2023,0.0,0.28080124,0
img_06777_2023,0.0,0.2507686,0
img_06776_2023,0.0,0.118804835,0
img_06781_2023,0.0,0.032334954,0
img_06784_2023,0.0,0.07287875,0
img_06755_p01_2023,0.0,0.23392782,0
img_06755_p02_2023,0.0,0.023409825,0
img_06755_p03_2023,0.0,0.027195489,0
img_06755_p04_2023,0.0,0.3999542,0
img_06790_2023,0.0,0.06778264,0
img_06789_2023,0.0,0.26774147,0
img_06792_2023,0.0,0.017860891,0
img_06795_2023,0.0,0.016734648,0
img_06796_2023,0.0,0.29191828,0
img_06797_2023,0.0,0.18358436,0
img_06800_2023,0.0,0.025649011,0
img_06801_2023,0.0,0.28657633,0
img_06780_p02_2023,0.0,0.08749741,0
img_06779_p01_2023,0.0,0.42881852,0
img_06779_p02_2023,0.0,0.17264871,0
img_06779_p03_2023,0.0,0.20879367,0
img_06779_p04_2023,0.0,0.30205107,0
img_06806_2023,0.0,0.04113326,0
img_06798_p01_2023,0.0,0.2050081,0
img_06798_p02_2023,0.0,0.053311665,0
img_06811_2023,0.0,0.03328762,0
img_06808_2023,0.0,0.019283623,0
img_06594_p01_2023,0.0,0.5091083,0
img_06594_p02_2023,0.0,0.2266587,0
img_06594_p03_2023,0.0,0.25612533,0
img_06594_p06_2023,0.0,0.39203042,0
img_06594_p07_2023,0.0,0.24727333,0
img_06594_p08_2023,0.0,0.1705263,0
img_06594_p09_2023,0.0,0.3459515,0
img_06594_p10_2023,0.0,0.35064173,0
img_06594_p11_2023,0.0,0.06029115,0
img_06594_p12_2023,0.0,0.05176741,0
img_06594_p13_2023,0.0,0.64103854,0
img_06594_p14_2023,0.0,0.50427496,0
img_06594_p15_2023,0.0,0.018201716,0
img_06751_p02_2023,0.0,0.9401617,1
img_06751_p03_2023,0.0,0.75188744,0
img_06751_p04_2023,0.0,0.18443759,0
img_06751_p05_2023,0.0,0.06311909,0
img_06751_p06_2023,0.0,0.02270048,0
img_06751_p07_2023,0.0,0.35785866,0
img_06817_2023,0.0,0.03196465,0
img_06816_2023,0.0,0.05318768,0
img_06812_2023,0.0,0.46607217,0
img_06782_p01_2023,0.0,0.15466389,0
img_06782_p02_2023,0.0,0.06919267,0
img_06782_p03_2023,0.0,0.3328473,0
img_06782_p04_2023,0.0,0.22205678,0
img_06756_p01_2023,0.0,0.13288158,0
img_06756_p02_2023,0.0,0.3074506,0
img_06756_p03_2023,0.0,0.54380643,0
img_06756_p04_2023,0.0,0.26620054,0
img_06756_p05_2023,0.0,0.24089523,0
img_06756_p06_2023,0.0,0.60157406,0
img_06818_2023,0.0,0.49661064,0
img_06823_2023,0.0,0.07912277,0
img_06824_2023,0.0,0.86493284,1
img_06821_2023,0.0,0.029828731,0
img_06827_2023,0.0,0.18123153,0
img_06831_2023,0.0,0.07463138,0
img_06814_p02_2023,0.0,0.3393517,0
img_06834_2023,0.0,0.23347387,0
img_06830_2023,0.0,0.16010186,0
img_06836_2023,0.0,0.123951554,0
img_06841_2023,0.0,0.025964886,0
img_06839_2023,0.0,0.07254927,0
img_06838_2023,0.0,0.22000203,0
img_06845_2023,0.0,0.62372714,0
img_06840_2023,0.0,0.032942254,0
img_06842_2023,0.0,0.09174635,0
img_06843_2023,0.0,0.21777096,0
img_06848_2023,0.0,0.037371345,0
img_06850_2023,0.0,0.017019007,0
img_06849_2023,0.0,0.015715353,0
img_06835_2023,0.0,0.06281285,0
img_06854_2023,0.0,0.19184105,0
img_06851_2023,0.0,0.06243983,0
img_06855_2023,0.0,0.25868827,0
img_06846_p01_2023,0.0,0.11584338,0
img_06846_p02_2023,0.0,0.032369636,0
img_06861_2023,0.0,0.048332,0
img_06867_2023,0.0,0.22757979,0
img_06866_2023,0.0,0.016937492,0
img_06802_p01_2023,0.0,0.03952313,0
img_06802_p02_2023,0.0,0.10103931,0
img_06802_p03_2023,0.0,0.17288208,0
img_06802_p04_2023,0.0,0.06625034,0
img_06802_p05_2023,0.0,0.07484429,0
img_06802_p06_2023,0.0,0.096886344,0
img_06807_p01_2023,0.0,0.77961904,0
img_06807_p02_2023,0.0,0.11478321,0
img_06807_p03_2023,0.0,0.04490792,0
img_06807_p04_2023,0.0,0.13878906,0
img_06807_p05_2023,0.0,0.14409468,0
img_06807_p06_2023,0.0,0.045819975,0
img_06873_2023,0.0,0.03674489,0
img_06874_2023,0.0,0.04885144,0
img_06876_2023,0.0,0.106035516,0
img_06879_2023,0.0,0.013806233,0
img_06872_2023,0.0,0.013210562,0
img_06883_2023,0.0,0.014967744,0
img_06882_2023,0.0,0.056021534,0
img_06865_p02_2023,0.0,0.46824566,0
img_06889_2023,0.0,0.19834974,0
img_06888_2023,0.0,0.5216842,0
img_06885_2023,0.0,0.11258237,0
img_06898_2023,0.0,0.18534252,0
img_06890_2023,0.0,0.091243185,0
img_06897_2023,0.0,0.077309385,0
img_06906_2023,0.0,0.25077286,0
img_06904_2023,0.0,0.059324183,0
img_06908_2023,0.0,0.14164689,0
img_06911_2023,0.0,0.2528626,0
img_06903_2023,0.0,0.080087595,0
img_06915_2023,0.0,0.12989527,0
img_06913_2023,0.0,0.5031016,0
img_06916_2023,0.0,0.050857596,0
img_06912_2023,0.0,0.15405264,0
img_06922_2023,0.0,0.07285347,0
img_06920_2023,0.0,0.14501335,0
img_06928_2023,0.0,0.20140068,0
img_06926_2023,0.0,0.9253801,1
img_06927_2023,0.0,0.009893546,0
img_06748_p02_2023,0.0,0.04043589,0
img_06748_p03_2023,0.0,0.021047901,0
img_06748_p06_2023,0.0,0.012892984,0
img_06748_p07_2023,0.0,0.010956589,0
img_06931_2023,0.0,0.27104363,0
img_06929_2023,0.0,0.063733175,0
img_06936_2023,0.0,0.0138812885,0
img_06938_2023,0.0,0.28195637,0
img_06941_2023,0.0,0.009419842,0
img_06942_2023,0.0,0.017303701,0
img_06940_2023,0.0,0.20964456,0
img_05307_p01_2023,0.0,0.006507495,0
img_05307_p02_2023,0.0,0.008426468,0
img_05307_p03_2023,0.0,0.013479471,0
img_05307_p04_2023,0.0,0.010188708,0
img_05307_p05_2023,0.0,0.028035944,0
img_05307_p06_2023,0.0,0.021005016,0
img_05307_p07_2023,0.0,0.010977907,0
img_05307_p08_2023,0.0,0.012570064,0
img_05307_p09_2023,0.0,0.040694613,0
img_05307_p10_2023,0.0,0.015029061,0
img_05307_p11_2023,0.0,0.024357323,0
img_05307_p12_2023,0.0,0.007957035,0
img_05307_p13_2023,0.0,0.011817807,0
img_05307_p14_2023,0.0,0.011328083,0
img_05307_p15_2023,0.0,0.009579343,0
img_05307_p16_2023,0.0,0.043177944,0
img_05307_p17_2023,0.0,0.012720823,0
img_05307_p18_2023,0.0,0.012300623,0
img_05307_p19_2023,0.0,0.009110401,0
img_05307_p20_2023,0.0,0.019266,0
img_05307_p21_2023,0.0,0.01424879,0
img_05307_p22_2023,0.0,0.01217591,0
img_05307_p23_2023,0.0,0.010427012,0
img_05307_p24_2023,0.0,0.013093347,0
img_05307_p25_2023,0.0,0.011344045,0
img_05307_p26_2023,0.0,0.010438047,0
img_05307_p27_2023,0.0,0.055657983,0
img_05307_p28_2023,0.0,0.011242464,0
img_05307_p29_2023,0.0,0.01175418,0
img_05307_p30_2023,0.0,0.009364413,0
img_05307_p31_2023,0.0,0.010912927,0
img_05307_p32_2023,0.0,0.014545551,0
img_05307_p33_2023,0.0,0.009572801,0
img_05307_p34_2023,0.0,0.014258089,0
img_05307_p35_2023,0.0,0.018331598,0
img_05307_p36_2023,0.0,0.021524938,0
img_05307_p37_2023,0.0,0.0115493,0
img_05307_p38_2023,0.0,0.011282706,0
img_05307_p39_2023,0.0,0.0074492036,0
img_05307_p40_2023,0.0,0.015050431,0
img_05307_p41_2023,0.0,0.0129870875,0
img_05307_p42_2023,0.0,0.014087969,0
img_05307_p43_2023,0.0,0.009772001,0
img_05307_p44_2023,0.0,0.008708659,0
img_05307_p45_2023,0.0,0.010295957,0
img_05307_p47_2023,0.0,0.011666913,0
img_05307_p48_2023,0.0,0.016464988,0
img_05307_p49_2023,0.0,0.010343045,0
img_05307_p50_2023,0.0,0.011879621,0
img_05307_p51_2023,0.0,0.01475809,0
img_05307_p52_2023,0.0,0.010518889,0
img_05307_p53_2023,0.0,0.011565717,0
img_05307_p54_2023,0.0,0.14064535,0
img_05307_p55_2023,0.0,0.01957225,0
img_05307_p56_2023,0.0,0.009752084,0
img_05307_p57_2023,0.0,0.009751899,0
img_05307_p58_2023,0.0,0.015902206,0
img_05307_p59_2023,0.0,0.01272582,0
img_05307_p60_2023,0.0,0.011453038,0
img_05307_p61_2023,0.0,0.013159918,0
img_05307_p62_2023,0.0,0.010261849,0
img_05307_p63_2023,0.0,0.011484164,0
img_05307_p64_2023,0.0,0.010351871,0
img_05307_p65_2023,0.0,0.011707843,0
img_05307_p66_2023,0.0,0.0074080667,0
img_05307_p67_2023,0.0,0.009247111,0
img_05307_p68_2023,0.0,0.019728225,0
img_05307_p69_2023,0.0,0.008468049,0
img_05307_p70_2023,0.0,0.011406039,0
img_05307_p71_2023,0.0,0.011892302,0
img_05307_p72_2023,0.0,0.012898791,0
img_05307_p73_2023,0.0,0.008221945,0
img_05307_p74_2023,0.0,0.008720757,0
img_05307_p75_2023,0.0,0.01388205,0
img_05307_p76_2023,0.0,0.025466863,0
img_05307_p77_2023,0.0,0.010899613,0
img_05307_p78_2023,0.0,0.007701534,0
img_05307_p79_2023,0.0,0.012852408,0
img_05307_p80_2023,0.0,0.009730141,0
img_05307_p81_2023,0.0,0.009744051,0
img_05307_p82_2023,0.0,0.009820349,0
img_05307_p84_2023,0.0,0.0113935,0
img_06944_2023,0.0,0.32026023,0
img_06934_2023,0.0,0.271913,0
img_06945_2023,0.0,0.034668423,0
img_06946_2023,0.0,0.12664126,0
img_06950_2023,0.0,0.23267281,0
img_06794_p08_2023,0.0,0.41926283,0
img_06955_2023,0.0,0.08134425,0
img_06951_2023,0.0,0.38358602,0
img_06943_p01_2023,0.0,0.18138514,0
img_06943_p02_2023,0.0,0.021667682,0
img_06923_p01_2023,0.0,0.03314081,0
img_06923_p02_2023,0.0,0.06136074,0
img_06923_p03_2023,0.0,0.01689389,0
img_06923_p04_2023,0.0,0.02723009,0
img_06956_2023,0.0,0.026132772,0
img_06957_2023,0.0,0.110987484,0
img_06959_2023,0.0,0.5044745,0
img_06961_2023,0.0,0.022466859,0
img_06963_2023,0.0,0.55127144,0
img_06969_2023,0.0,0.17587543,0
img_06964_2023,0.0,0.09857327,0
img_06970_2023,0.0,0.5470611,0
img_06966_2023,0.0,0.12337383,0
img_06965_2023,0.0,0.45873755,0
img_06932_p01_2023,0.0,0.67919034,0
img_06932_p02_2023,0.0,0.8508185,1
img_06932_p03_2023,0.0,0.67740834,0
img_06932_p04_2023,0.0,0.8645139,1
img_06967_2023,0.0,0.18243203,0
img_06958_2023,0.0,0.14370999,0
img_06968_2023,0.0,0.19650063,0
img_06971_2023,0.0,0.076418206,0
img_06974_2023,0.0,0.20491953,0
img_06973_2023,0.0,0.22253816,0
img_06979_2023,0.0,0.045764405,0
img_06985_2023,0.0,0.7448601,0
img_06984_2023,0.0,0.26908156,0
img_06988_2023,0.0,0.01636383,0
img_06989_2023,0.0,0.16169643,0
img_06981_2023,0.0,0.72876954,0
img_06992_2023,0.0,0.023303974,0
img_06996_2023,0.0,0.8406993,1
img_06994_2023,0.0,0.24298063,0
img_07000_2023,0.0,0.068932064,0
img_07001_2023,0.0,0.08912245,0
img_07004_2023,0.0,0.40913874,0
img_06995_2023,0.0,0.9776951,1
img_06891_p01_2023,0.0,0.117854044,0
img_06891_p02_2023,0.0,0.03072385,0
img_06891_p03_2023,0.0,0.13585654,0
img_06891_p06_2023,0.0,0.12595731,0
img_06891_p07_2023,0.0,0.11283895,0
img_07002_2023,0.0,0.017651992,0
img_07006_2023,0.0,0.062787294,0
img_07007_2023,0.0,0.35979226,0
img_07015_2023,0.0,0.028414194,0
img_07014_2023,0.0,0.08946724,0
img_07010_2023,0.0,0.5318163,0
img_07019_2023,0.0,0.08831139,0
img_07017_2023,0.0,0.34106427,0
img_07020_2023,0.0,0.93895006,1
img_07023_2023,0.0,0.81102514,0
img_07026_2023,0.0,0.04866319,0
img_06993_p01_2023,0.0,0.12954712,0
img_06993_p02_2023,0.0,0.14464383,0
img_07030_2023,0.0,0.1676577,0
img_07028_2023,0.0,0.28755015,0
img_07029_2023,0.0,0.9406524,1
img_07031_2023,0.0,0.58117545,0
img_07033_2023,0.0,0.73970187,0
img_07024_2023,0.0,0.19622388,0
img_06986_p01_2023,0.0,0.2557001,0
img_06986_p02_2023,0.0,0.014676335,0
img_06986_p03_2023,0.0,0.17113854,0
img_06986_p04_2023,0.0,0.031910084,0
img_07038_2023,0.0,0.30344883,0
img_07035_2023,0.0,0.24023816,0
img_07044_2023,0.0,0.047837395,0
img_07037_2023,0.0,0.37680593,0
img_07041_2023,0.0,0.8819607,1
img_07009_p01_2023,0.0,0.27314103,0
img_07009_p02_2023,0.0,0.13151012,0
img_07039_2023,0.0,0.13456085,0
img_07045_2023,0.0,0.36048737,0
img_07048_2023,0.0,0.028636223,0
img_07032_2023,0.0,0.5069674,0
img_07049_2023,0.0,0.28032258,0
img_07054_2023,0.0,0.11775426,0
img_07052_2023,0.0,0.34168133,0
img_07051_2023,0.0,0.055721056,0
img_07053_2023,0.0,0.25009435,0
img_07055_2023,0.0,0.9342063,1
img_07058_2023,0.0,0.12750416,0
img_06982_p01_2023,0.0,0.025749635,0
img_06982_p02_2023,0.0,0.013307562,0
img_06982_p03_2023,0.0,0.028547958,0
img_06982_p04_2023,0.0,0.01929784,0
img_07060_2023,0.0,0.5979477,0
img_07059_2023,0.0,0.5112135,0
img_06896_p02_2023,0.0,0.06772353,0
img_06896_p03_2023,0.0,0.07313998,0
img_07062_2023,0.0,0.0643134,0
img_07057_2023,0.0,0.10705203,0
img_07065_2023,0.0,0.032676153,0
img_07073_2023,0.0,0.07786399,0
img_07076_2023,0.0,0.816251,0
img_07071_2023,0.0,0.1873205,0
img_07068_2023,0.0,0.03751011,0
img_07069_2023,0.0,0.30971318,0
img_07079_2023,0.0,0.51005596,0
img_07086_2023,0.0,0.13652974,0
img_07081_2023,0.0,0.20135784,0
img_07082_2023,0.0,0.15005946,0
img_07085_2023,0.0,0.78199375,0
img_07087_2023,0.0,0.021204052,0
img_07091_2023,0.0,0.2852345,0
img_07089_2023,0.0,0.05124998,0
img_07083_2023,0.0,0.4001688,0
img_07090_2023,0.0,0.058083605,0
img_07063_p02_2023,0.0,0.31941065,0
img_07088_2023,0.0,0.07745643,0
img_07092_2023,0.0,0.54718703,0
img_07094_2023,0.0,0.35128957,0
img_07095_2023,0.0,0.08284624,0
img_07099_2023,0.0,0.94710654,1
img_07098_2023,0.0,0.41952237,0
img_07093_2023,0.0,0.6918129,0
img_07102_2023,0.0,0.8492109,1
img_07103_2023,0.0,0.27292866,0
img_07105_2023,0.0,0.012412804,0
img_07066_p01_2023,0.0,0.018569533,0
img_07066_p02_2023,0.0,0.02966862,0
img_07106_2023,0.0,0.057165165,0
img_07107_2023,0.0,0.39347103,0
img_07104_2023,0.0,0.4417592,0
img_07113_2023,0.0,0.76709217,0
img_07111_2023,0.0,0.10185863,0
img_07115_2023,0.0,0.4370697,0
img_07110_2023,0.0,0.016399685,0
img_07119_2023,0.0,0.21932688,0
img_07118_2023,0.0,0.20744312,0
img_07120_2023,0.0,0.07252677,0
img_07127_2023,0.0,0.121181905,0
img_07116_2023,0.0,0.28849554,0
img_07096_p01_2023,0.0,0.0655053,0
img_07096_p02_2023,0.0,0.23086615,0
img_07126_2023,0.0,0.046373114,0
img_07129_2023,0.0,0.2205269,0
img_07125_2023,0.0,0.21671522,0
img_07122_2023,0.0,0.020948885,0
img_07123_2023,0.0,0.06927635,0
img_07130_2023,0.0,0.22314546,0
img_07133_2023,0.0,0.11183544,0
img_07134_2023,0.0,0.07242018,0
img_07137_2023,0.0,0.03947542,0
img_07140_2023,0.0,0.01644255,0
img_07138_2023,0.0,0.014565609,0
img_07144_2023,0.0,0.29413337,0
img_07142_2023,0.0,0.23758867,0
img_07145_2023,0.0,0.657405,0
img_07149_2023,0.0,0.7816817,0
img_07148_2023,0.0,0.039397947,0
img_07156_2023,0.0,0.32931828,0
img_07162_2023,0.0,0.19336374,0
img_07150_2023,0.0,0.5339065,0
img_07151_2023,0.0,0.47103825,0
img_07158_2023,0.0,0.62489194,0
img_07147_2023,0.0,0.065016,0
img_07157_2023,0.0,0.08881073,0
img_07143_p01_2023,0.0,0.04381184,0
img_07143_p02_2023,0.0,0.054296453,0
img_07161_2023,0.0,0.36074206,0
img_07160_2023,0.0,0.36050707,0
img_07164_2023,0.0,0.5748652,0
img_07168_2023,0.0,0.04194593,0
img_07173_2023,0.0,0.23486741,0
img_07172_2023,0.0,0.5279318,0
img_07167_2023,0.0,0.22560027,0
img_07178_2023,0.0,0.045609232,0
img_07180_2023,0.0,0.025230419,0
img_07185_2023,0.0,0.24943213,0
img_07186_2023,0.0,0.055540077,0
img_07183_2023,0.0,0.43387756,0
img_07184_2023,0.0,0.3153835,0
img_07136_p01_2023,0.0,0.0680852,0
img_07136_p02_2023,0.0,0.121863805,0
img_07188_2023,0.0,0.10537945,0
img_07190_2023,0.0,0.021172728,0
img_07189_2023,0.0,0.063028514,0
img_07193_2023,0.0,0.43177065,0
img_07199_2023,0.0,0.95937216,1
img_07198_2023,0.0,0.48849615,0
img_07194_2023,0.0,0.64075166,0
img_07204_2023,0.0,0.39530295,0
img_07203_2023,0.0,0.037395414,0
img_07205_2023,0.0,0.044716846,0
img_07210_2023,0.0,0.21414122,0
img_07209_2023,0.0,0.19342864,0
img_07192_p01_2023,0.0,0.08961741,0
img_07192_p02_2023,0.0,0.16526844,0
img_07212_2023,0.0,0.039820172,0
img_07211_2023,0.0,0.070019856,0
img_07218_2023,0.0,0.66115963,0
img_07220_2023,0.0,0.013905239,0
img_07223_2023,0.0,0.65172136,0
img_07219_2023,0.0,0.04496845,0
img_07176_p01_2023,0.0,0.064606205,0
img_07176_p02_2023,0.0,0.27540588,0
img_07176_p03_2023,0.0,0.30646485,0
img_07176_p04_2023,0.0,0.31811935,0
img_07225_2023,0.0,0.84535486,1
img_07228_2023,0.0,0.050698917,0
img_07232_2023,0.0,0.023282686,0
img_07235_2023,0.0,0.45822376,0
img_07234_2023,0.0,0.19611007,0
img_07237_2023,0.0,0.17484662,0
img_07236_2023,0.0,0.0693401,0
img_07231_2023,0.0,0.39572912,0
img_07240_2023,0.0,0.043363534,0
img_07241_2023,0.0,0.10168375,0
img_07245_2023,0.0,0.15512472,0
img_07243_2023,0.0,0.95079595,1
img_07244_2023,0.0,0.08373309,0
img_07248_2023,0.0,0.08891819,0
img_07252_2023,0.0,0.33427566,0
img_07254_2023,0.0,0.12631325,0
img_07257_2023,0.0,0.4196929,0
img_07251_2023,0.0,0.11630599,0
img_07262_2023,0.0,0.03002685,0
img_07261_2023,0.0,0.24591012,0
img_07259_2023,0.0,0.047385395,0
img_07265_2023,0.0,0.024330392,0
img_07266_2023,0.0,0.17884862,0
img_07264_2023,0.0,0.23268795,0
img_07222_p01_2023,0.0,0.034065925,0
img_07222_p02_2023,0.0,0.8285018,0
img_07222_p03_2023,0.0,0.76473916,0
img_07222_p04_2023,0.0,0.065522924,0
img_07269_2023,0.0,0.12523434,0
img_07260_2023,0.0,0.025631541,0
img_07250_p01_2023,0.0,0.09627849,0
img_07250_p02_2023,0.0,0.072659396,0
img_07263_2023,0.0,0.024483677,0
img_07274_2023,0.0,0.92826045,1
img_07276_2023,0.0,0.22657752,0
img_07239_p01_2023,0.0,0.014753452,0
img_07239_p02_2023,0.0,0.09434079,0
img_07239_p03_2023,0.0,0.096408255,0
img_07239_p04_2023,0.0,0.023343433,0
img_07267_2023,0.0,0.31624237,0
img_07278_2023,0.0,0.031617515,0
img_07280_2023,0.0,0.052679192,0
img_07283_2023,0.0,0.26499194,0
img_07277_2023,0.0,0.9156295,1
img_07112_p01_2023,0.0,0.17881986,0
img_07112_p02_2023,0.0,0.06916208,0
img_07112_p03_2023,0.0,0.10160805,0
img_07112_p04_2023,0.0,0.23874149,0
img_07112_p05_2023,0.0,0.3207472,0
img_07112_p06_2023,0.0,0.14379513,0
img_07112_p07_2023,0.0,0.41356736,0
img_07112_p08_2023,0.0,0.18202889,0
img_07233_p01_2023,0.0,0.05762847,0
img_07233_p02_2023,0.0,0.07524646,0
img_07233_p03_2023,0.0,0.04667573,0
img_07233_p04_2023,0.0,0.024841074,0
img_07282_2023,0.0,0.056451064,0
img_07288_2023,0.0,0.07630347,0
img_07284_2023,0.0,0.06525942,0
img_07289_2023,0.0,0.42091545,0
img_07275_2023,0.0,0.25671464,0
img_07290_2023,0.0,0.24637291,0
img_07271_2023,0.0,0.02162013,0
img_07281_2023,0.0,0.2027578,0
img_07291_2023,0.0,0.60700035,0
img_07292_2023,0.0,0.030474583,0
img_07295_2023,0.0,0.044383086,0
img_07300_2023,0.0,0.17080522,0
img_07246_p01_2023,0.0,0.36078045,0
img_07246_p02_2023,0.0,0.22199568,0
img_07246_p03_2023,0.0,0.075518645,0
img_07301_2023,0.0,0.11229964,0
img_07298_2023,0.0,0.62803537,0
img_07302_2023,0.0,0.2754397,0
img_07305_2023,0.0,0.5024828,0
img_07306_2023,0.0,0.19981644,0
img_07310_2023,0.0,0.38335842,0
img_07311_2023,0.0,0.06322812,0
img_07316_2023,0.0,0.01931588,0
img_07314_2023,0.0,0.042362973,0
img_07317_2023,0.0,0.055170305,0
img_07319_2023,0.0,0.05547162,0
img_07323_2023,0.0,0.20490038,0
img_07329_2023,0.0,0.84056485,1
img_07326_2023,0.0,0.4435636,0
img_07330_2023,0.0,0.91529334,1
img_07334_2023,0.0,0.2722671,0
img_07338_2023,0.0,0.28761205,0
img_07333_2023,0.0,0.9273671,1
img_07346_2023,0.0,0.18529633,0
img_07348_2023,0.0,0.5646904,0
img_07353_2023,0.0,0.67672014,0
img_07354_2023,0.0,0.067536734,0
img_07355_2023,0.0,0.018612515,0
img_07297_p01_2023,0.0,0.38837877,0
img_07297_p03_2023,0.0,0.1837502,0
img_07297_p04_2023,0.0,0.487436,0
img_07356_2023,0.0,0.23269562,0
img_07335_p01_2023,0.0,0.1162553,0
img_07335_p02_2023,0.0,0.13888378,0
img_07359_2023,0.0,0.4053862,0
img_07365_2023,0.0,0.047966287,0
img_07363_2023,0.0,0.046982806,0
img_07360_2023,0.0,0.012548426,0
img_07374_2023,0.0,0.28642195,0
img_07367_2023,0.0,0.071889006,0
img_07376_2023,0.0,0.12075485,0
img_07378_2023,0.0,0.23211174,0
img_07381_2023,0.0,0.44458884,0
img_07370_2023,0.0,0.87962425,1
img_07373_2023,0.0,0.22001386,0
img_07385_2023,0.0,0.37519228,0
img_07380_2023,0.0,0.87504137,1
img_07384_2023,0.0,0.13624763,0
img_07383_2023,0.0,0.036129754,0
img_07386_2023,0.0,0.10248816,0
img_07387_2023,0.0,0.10299826,0
img_07390_2023,0.0,0.3416776,0
img_07393_2023,0.0,0.07875572,0
img_07397_2023,0.0,0.45890027,0
img_07379_2023,0.0,0.046537448,0
img_07401_2023,0.0,0.4264915,0
img_07398_2023,0.0,0.7977794,0
img_07406_2023,0.0,0.08961542,0
img_07403_2023,0.0,0.5272574,0
img_07407_2023,0.0,0.6088668,0
img_07405_2023,0.0,0.023206338,0
img_07377_p01_2023,0.0,0.2314703,0
img_07377_p02_2023,0.0,0.030912638,0
img_07409_2023,0.0,0.24780937,0
img_07410_2023,0.0,0.081457816,0
img_07412_2023,0.0,0.17112933,0
img_07411_2023,0.0,0.13439995,0
img_07415_2023,0.0,0.14469291,0
img_07420_2023,0.0,0.12807897,0
img_07419_2023,0.0,0.09124061,0
img_07417_2023,0.0,0.09649312,0
img_07423_2023,0.0,0.009487135,0
img_07425_2023,0.0,0.144071,0
img_07428_2023,0.0,0.9582199,1
img_07416_2023,0.0,0.95310485,1
img_07432_2023,0.0,0.26599914,0
img_07436_2023,0.0,0.6313283,0
img_07433_2023,0.0,0.05446769,0
img_07430_2023,0.0,0.16557501,0
img_07322_p02_2023,0.0,0.10142114,0
img_07322_p03_2023,0.0,0.009516379,0
img_07322_p04_2023,0.0,0.010594352,0
img_07322_p05_2023,0.0,0.11443999,0
img_07322_p06_2023,0.0,0.038186215,0
img_07322_p07_2023,0.0,0.011754075,0
img_07322_p08_2023,0.0,0.010859641,0
img_06495_p01_2023,0.0,0.055194013,0
img_06495_p02_2023,0.0,0.069308266,0
img_06495_p03_2023,0.0,0.19856751,0
img_06495_p04_2023,0.0,0.21735683,0
img_06495_p05_2023,0.0,0.02244625,0
img_06495_p06_2023,0.0,0.019350387,0
img_07441_2023,0.0,0.10555524,0
img_07442_2023,0.0,0.05241587,0
img_07394_p01_2023,0.0,0.09396379,0
img_07394_p02_2023,0.0,0.34266907,0
img_07443_2023,0.0,0.33408976,0
img_07437_2023,0.0,0.64850533,0
img_07448_2023,0.0,0.8882345,1
img_07446_2023,0.0,0.33684805,0
img_07447_2023,0.0,0.016669866,0
img_07440_2023,0.0,0.07681569,0
img_07451_2023,0.0,0.08060423,0
img_07449_2023,0.0,0.018933106,0
img_07453_2023,0.0,0.585817,0
img_07455_2023,0.0,0.057417303,0
img_07461_2023,0.0,0.58392143,0
img_07460_2023,0.0,0.086601846,0
img_07439_p01_2023,0.0,0.02822547,0
img_07439_p02_2023,0.0,0.06859003,0
img_07456_2023,0.0,0.100780666,0
img_07464_2023,0.0,0.45068374,0
img_07472_2023,0.0,0.022678087,0
img_07467_2023,0.0,0.32556525,0
img_07475_2023,0.0,0.25010687,0
img_07476_2023,0.0,0.038088303,0
img_07471_2023,0.0,0.90954274,1
img_07465_2023,0.0,0.1829668,0
img_07339_p01_2023,0.0,0.045484427,0
img_07339_p02_2023,0.0,0.024242887,0
img_07339_p03_2023,0.0,0.09379971,0
img_07339_p04_2023,0.0,0.017684976,0
img_07339_p05_2023,0.0,0.047795177,0
img_07339_p06_2023,0.0,0.46261996,0
img_07477_2023,0.0,0.31138545,0
img_07473_2023,0.0,0.94820416,1
img_07478_2023,0.0,0.8978321,1
img_07468_2023,0.0,0.10479722,0
img_07470_2023,0.0,0.4574688,0
img_07481_2023,0.0,0.07384084,0
img_07482_2023,0.0,0.566734,0
img_07479_2023,0.0,0.10863856,0
img_07489_2023,0.0,0.13699466,0
img_07486_2023,0.0,0.8887867,1
img_07484_2023,0.0,0.055421926,0
img_07495_2023,0.0,0.033122826,0
img_07499_2023,0.0,0.026099622,0
img_07490_2023,0.0,0.9539396,1
img_07502_2023,0.0,0.2080576,0
img_07494_2023,0.0,0.01960348,0
img_07493_2023,0.0,0.08312013,0
img_07501_2023,0.0,0.85869247,1
img_07505_2023,0.0,0.14004156,0
img_07510_2023,0.0,0.9264385,1
img_07503_2023,0.0,0.017102491,0
img_07508_2023,0.0,0.09040551,0
img_07513_2023,0.0,0.66470957,0
img_07514_2023,0.0,0.34205902,0
img_07469_p01_2023,0.0,0.021692505,0
img_07469_p02_2023,0.0,0.025862362,0
img_07469_p03_2023,0.0,0.043021876,0
img_07469_p04_2023,0.0,0.07594143,0
img_07515_2023,0.0,0.3368389,0
img_07491_p01_2023,0.0,0.18263018,0
img_07491_p02_2023,0.0,0.14147934,0
img_07516_2023,0.0,0.8120634,0
img_07509_2023,0.0,0.18434604,0
img_07520_2023,0.0,0.0485764,0
img_07524_2023,0.0,0.046721675,0
img_07518_2023,0.0,0.55208,0
img_07506_2023,0.0,0.5436338,0
img_07521_2023,0.0,0.017702233,0
img_07529_2023,0.0,0.30533665,0
img_07530_2023,0.0,0.2516566,0
img_07531_2023,0.0,0.082656525,0
img_07522_2023,0.0,0.05771959,0
img_07536_2023,0.0,0.48703018,0
img_07532_2023,0.0,0.015270518,0
img_07534_2023,0.0,0.015550666,0
img_07539_2023,0.0,0.26966968,0
img_07542_2023,0.0,0.81800616,0
img_07543_2023,0.0,0.034967102,0
img_07540_2023,0.0,0.40395808,0
img_07547_2023,0.0,0.17655814,0
img_07545_2023,0.0,0.541688,0
img_07544_2023,0.0,0.2669534,0
img_07533_2023,0.0,0.5191287,0
img_07551_2023,0.0,0.07479654,0
img_07556_2023,0.0,0.17329559,0
img_07557_2023,0.0,0.060731947,0
img_07554_2023,0.0,0.08966397,0
img_07553_2023,0.0,0.048864376,0
img_07561_2023,0.0,0.068833,0
img_07562_2023,0.0,0.4533906,0
img_07555_2023,0.0,0.023354432,0
img_07565_2023,0.0,0.36892503,0
img_07566_2023,0.0,0.23225732,0
img_07570_2023,0.0,0.6877318,0
img_07559_2023,0.0,0.62366116,0
img_07576_2023,0.0,0.07461891,0
img_07577_2023,0.0,0.795404,0
img_07588_2023,0.0,0.033151086,0
img_07581_2023,0.0,0.16352783,0
img_07578_2023,0.0,0.4447651,0
img_07590_2023,0.0,0.03172617,0
img_07585_2023,0.0,0.2608293,0
img_07580_2023,0.0,0.04837718,0
img_07586_2023,0.0,0.9651232,1
img_07584_2023,0.0,0.08187513,0
img_07591_2023,0.0,0.031069333,0
img_07599_2023,0.0,0.08781352,0
img_07596_2023,0.0,0.9316335,1
img_07593_2023,0.0,0.014802881,0
img_07604_2023,0.0,0.23950048,0
img_07607_2023,0.0,0.07863631,0
img_07608_2023,0.0,0.11972251,0
img_07609_2023,0.0,0.22423199,0
img_07597_p01_2023,0.0,0.028364027,0
img_07597_p02_2023,0.0,0.047794443,0
img_07603_2023,0.0,0.036366757,0
img_07610_2023,0.0,0.10601445,0
img_07615_2023,0.0,0.72932065,0
img_07606_2023,0.0,0.37368897,0
img_07617_2023,0.0,0.40159988,0
img_07574_p01_2023,0.0,0.04922414,0
img_07574_p02_2023,0.0,0.020537112,0
img_07574_p03_2023,0.0,0.05104646,0
img_07621_2023,0.0,0.36416513,0
img_07620_2023,0.0,0.16552873,0
img_07622_2023,0.0,0.015253435,0
img_07619_2023,0.0,0.11811578,0
img_07618_2023,0.0,0.043310735,0
img_07625_2023,0.0,0.8121699,0
img_07611_p01_2023,0.0,0.14609922,0
img_07611_p02_2023,0.0,0.027921349,0
img_07517_p01_2023,0.0,0.20622233,0
img_07517_p02_2023,0.0,0.26974723,0
img_07517_p03_2023,0.0,0.058020603,0
img_07517_p04_2023,0.0,0.03219805,0
img_07634_2023,0.0,0.87872314,1
img_07631_2023,0.0,0.30609506,0
img_07640_2023,0.0,0.109423436,0
img_07638_2023,0.0,0.07184207,0
img_07632_2023,0.0,0.36691564,0
img_07642_2023,0.0,0.034168575,0
img_07635_2023,0.0,0.013609071,0
img_07637_2023,0.0,0.056422204,0
img_07646_2023,0.0,0.06177882,0
img_07647_2023,0.0,0.39532787,0
img_07650_2023,0.0,0.17857096,0
img_07651_2023,0.0,0.42955542,0
img_07645_2023,0.0,0.8038806,0
img_07652_2023,0.0,0.7118836,0
img_07655_2023,0.0,0.12578116,0
img_07653_2023,0.0,0.7324171,0
img_07665_2023,0.0,0.0183624,0
img_07526_p01_2023,0.0,0.031350262,0
img_07526_p02_2023,0.0,0.03519376,0
img_07526_p03_2023,0.0,0.0333064,0
img_07526_p04_2023,0.0,0.13037214,0
img_07528_p01_2023,0.0,0.3753293,0
img_07528_p03_2023,0.0,0.27063835,0
img_07528_p04_2023,0.0,0.6093732,0
img_07671_2023,0.0,0.20666096,0
img_07672_2023,0.0,0.7222145,0
img_07670_2023,0.0,0.015944624,0
img_07667_2023,0.0,0.5557188,0
img_07677_2023,0.0,0.07971479,0
img_07675_2023,0.0,0.01687728,0
img_07679_2023,0.0,0.23946984,0
img_07669_2023,0.0,0.9032119,1
img_07683_2023,0.0,0.6005872,0
img_07689_2023,0.0,0.09349205,0
img_07676_2023,0.0,0.88466483,1
img_07686_2023,0.0,0.078466915,0
img_07685_2023,0.0,0.13169345,0
img_07682_2023,0.0,0.8397868,1
img_07680_2023,0.0,0.6193018,0
img_07693_2023,0.0,0.03402237,0
img_07695_2023,0.0,0.3843455,0
img_07696_2023,0.0,0.24932022,0
img_07699_2023,0.0,0.027567763,0
img_07706_2023,0.0,0.030031983,0
img_07702_2023,0.0,0.64581454,0
img_07704_2023,0.0,0.109346434,0
img_07700_2023,0.0,0.36304143,0
img_07717_2023,0.0,0.71230674,0
img_07713_2023,0.0,0.42405328,0
img_07715_2023,0.0,0.61006445,0
img_07711_2023,0.0,0.11396934,0
img_07710_2023,0.0,0.6476741,0
img_07708_2023,0.0,0.082044564,0
img_07714_2023,0.0,0.63246584,0
img_07716_2023,0.0,0.029100334,0
img_07726_2023,0.0,0.09244448,0
img_07721_2023,0.0,0.028821032,0
img_07731_2023,0.0,0.31563702,0
img_07728_2023,0.0,0.32767734,0
img_07727_2023,0.0,0.10644785,0
img_07729_2023,0.0,0.033251267,0
img_07734_2023,0.0,0.041251004,0
img_07735_2023,0.0,0.3836279,0
img_07741_2023,0.0,0.93364894,1
img_07730_2023,0.0,0.6272582,0
img_07732_2023,0.0,0.08732457,0
img_07740_2023,0.0,0.014565353,0
img_07747_2023,0.0,0.8922962,1
img_07745_2023,0.0,0.12801418,0
img_07736_2023,0.0,0.19345371,0
img_07752_2023,0.0,0.2218823,0
img_07749_2023,0.0,0.25317743,0
img_07755_2023,0.0,0.023606649,0
img_07748_2023,0.0,0.9577338,1
img_07756_2023,0.0,0.20340332,0
img_07751_2023,0.0,0.51015097,0
img_07759_2023,0.0,0.24191794,0
img_07743_2023,0.0,0.08445344,0
img_07762_2023,0.0,0.48761588,0
img_07754_2023,0.0,0.19348831,0
img_07765_2023,0.0,0.05797109,0
img_07656_p01_2023,0.0,0.06276872,0
img_07656_p02_2023,0.0,0.04407074,0
img_07656_p03_2023,0.0,0.11380098,0
img_07656_p04_2023,0.0,0.19660461,0
img_07656_p05_2023,0.0,0.022606313,0
img_07761_2023,0.0,0.09011263,0
img_07768_2023,0.0,0.6942149,0
img_07764_2023,0.0,0.13565199,0
img_07737_p01_2023,0.0,0.020606901,0
img_07737_p02_2023,0.0,0.023282852,0
img_07771_2023,0.0,0.927573,1
img_07780_2023,0.0,0.16862592,0
img_07766_2023,0.0,0.13657096,0
img_07778_2023,0.0,0.022686709,0
img_07781_2023,0.0,0.18201482,0
img_07775_2023,0.0,0.50711095,0
img_07779_2023,0.0,0.46245974,0
img_07784_2023,0.0,0.10947957,0
img_07795_2023,0.0,0.45092195,0
img_07770_2023,0.0,0.18250754,0
img_07796_2023,0.0,0.21734957,0
img_07783_2023,0.0,0.1703034,0
img_07797_2023,0.0,0.08747144,0
img_07760_p01_2023,0.0,0.032097436,0
img_07760_p02_2023,0.0,0.017824182,0
img_07794_2023,0.0,0.42005625,0
img_07791_2023,0.0,0.13274613,0
img_07787_2023,0.0,0.01759058,0
img_07792_2023,0.0,0.7490585,0
img_07808_2023,0.0,0.954965,1
img_07785_2023,0.0,0.23021694,0
img_07802_2023,0.0,0.029066363,0
img_07814_2023,0.0,0.08388038,0
img_07803_2023,0.0,0.0184726,0
img_07805_2023,0.0,0.70510644,0
img_07806_2023,0.0,0.025809819,0
img_07819_2023,0.0,0.9722501,1
img_07813_2023,0.0,0.63810855,0
img_07820_2023,0.0,0.03178531,0
img_07800_2023,0.0,0.15669215,0
img_07823_2023,0.0,0.19822197,0
img_07810_2023,0.0,0.061163623,0
img_07821_2023,0.0,0.58889914,0
img_07817_2023,0.0,0.13662434,0
img_07831_2023,0.0,0.053948034,0
img_07829_2023,0.0,0.73439676,0
img_07833_2023,0.0,0.16962233,0
img_07837_2023,0.0,0.869544,1
img_07836_2023,0.0,0.95771027,1
img_07839_2023,0.0,0.071749486,0
img_07822_2023,0.0,0.30069655,0
img_07838_2023,0.0,0.12209775,0
img_07842_2023,0.0,0.12709114,0
img_07844_2023,0.0,0.8125626,0
img_07828_2023,0.0,0.47476068,0
img_07841_2023,0.0,0.46614042,0
img_07843_2023,0.0,0.7173296,0
img_07834_2023,0.0,0.25457343,0
img_07840_2023,0.0,0.023297584,0
img_07846_2023,0.0,0.017008547,0
img_07848_2023,0.0,0.059777267,0
img_07858_2023,0.0,0.40634847,0
img_07855_2023,0.0,0.022072598,0
img_07854_2023,0.0,0.1553506,0
img_07807_p02_2023,0.0,0.025462573,0
img_07856_2023,0.0,0.36736175,0
img_07859_2023,0.0,0.15238021,0
img_07863_2023,0.0,0.2794366,0
img_07865_2023,0.0,0.2654863,0
img_07866_2023,0.0,0.14000401,0
img_07860_2023,0.0,0.1354628,0
img_07868_2023,0.0,0.9562842,1
img_07873_2023,0.0,0.20533064,0
img_07871_2023,0.0,0.8000412,0
img_07870_2023,0.0,0.3614029,0
img_07869_2023,0.0,0.113930404,0
img_07872_2023,0.0,0.23527455,0
img_07876_2023,0.0,0.6352409,0
img_07883_2023,0.0,0.10488729,0
img_07875_2023,0.0,0.7648767,0
img_07880_2023,0.0,0.12618624,0
img_07879_2023,0.0,0.34524706,0
img_07877_2023,0.0,0.25861058,0
img_07890_2023,0.0,0.07554998,0
img_07893_2023,0.0,0.53499484,0
img_07891_2023,0.0,0.02203251,0
img_07889_2023,0.0,0.44946355,0
img_07896_2023,0.0,0.42391554,0
img_07888_2023,0.0,0.96717465,1
img_07903_2023,0.0,0.2556066,0
img_07902_2023,0.0,0.24852793,0
img_07899_2023,0.0,0.02683748,0
img_07906_2023,0.0,0.048834585,0
img_07885_p01_2023,0.0,0.04302576,0
img_07885_p02_2023,0.0,0.16275287,0
img_07897_2023,0.0,0.15780321,0
img_07915_2023,0.0,0.5451734,0
img_07912_2023,0.0,0.3362028,0
img_07914_2023,0.0,0.06969635,0
img_07918_2023,0.0,0.4722517,0
img_07917_2023,0.0,0.42794806,0
img_07928_2023,0.0,0.41296896,0
img_07923_2023,0.0,0.029121568,0
img_07913_2023,0.0,0.22772948,0
img_07929_2023,0.0,0.016446682,0
img_07932_2023,0.0,0.07208388,0
img_07931_2023,0.0,0.022785826,0
img_07935_2023,0.0,0.109006405,0
img_07937_2023,0.0,0.4677721,0
img_07942_2023,0.0,0.35204324,0
img_07940_2023,0.0,0.08220313,0
img_07936_2023,0.0,0.60412025,0
img_07938_2023,0.0,0.13715497,0
img_07939_2023,0.0,0.9045288,1
img_07916_2023,0.0,0.9432152,1
img_07943_2023,0.0,0.54203874,0
img_07946_2023,0.0,0.28536716,0
img_07949_2023,0.0,0.06983194,0
img_07947_2023,0.0,0.16350316,0
img_07952_2023,0.0,0.17476562,0
img_07933_2023,0.0,0.16169317,0
img_07954_2023,0.0,0.10378275,0
img_07955_2023,0.0,0.93904907,1
img_07956_2023,0.0,0.5154084,0
img_07963_2023,0.0,0.045245446,0
img_07958_2023,0.0,0.44266838,0
img_07960_2023,0.0,0.75546616,0
img_07948_p01_2023,0.0,0.025576541,0
img_07948_p02_2023,0.0,0.41215944,0
img_07959_2023,0.0,0.30980173,0
img_07966_2023,0.0,0.44214353,0
img_07967_2023,0.0,0.18414998,0
img_07969_2023,0.0,0.103994206,0
img_07922_p01_2023,0.0,0.037105143,0
img_07922_p02_2023,0.0,0.02989673,0
img_07922_p03_2023,0.0,0.11231661,0
img_07922_p04_2023,0.0,0.043202467,0
img_07968_2023,0.0,0.033610635,0
img_07962_2023,0.0,0.27099314,0
img_07975_2023,0.0,0.028300982,0
img_07977_2023,0.0,0.91106683,1
img_07974_2023,0.0,0.0194619,0
img_07980_2023,0.0,0.44034448,0
img_07987_2023,0.0,0.16395703,0
img_07983_2023,0.0,0.10660456,0
img_07886_p01_2023,0.0,0.024184411,0
img_07886_p02_2023,0.0,0.022502637,0
img_07886_p03_2023,0.0,0.017173182,0
img_07886_p04_2023,0.0,0.08642347,0
img_07986_2023,0.0,0.035583477,0
img_07989_2023,0.0,0.029722607,0
img_07990_2023,0.0,0.3289904,0
img_07991_2023,0.0,0.12159532,0
img_07994_2023,0.0,0.22976658,0
img_07996_2023,0.0,0.6195501,0
img_07978_2023,0.0,0.049893238,0
img_07997_2023,0.0,0.023842013,0
img_08000_2023,0.0,0.16942212,0
img_07982_2023,0.0,0.26223594,0
img_08003_2023,0.0,0.42997915,0
img_08001_2023,0.0,0.0851415,0
img_07953_p02_2023,0.0,0.12354857,0
img_07953_p03_2023,0.0,0.17615709,0
img_07953_p04_2023,0.0,0.017649513,0
img_08010_2023,0.0,0.052521862,0
img_08007_2023,0.0,0.037145454,0
img_08009_2023,0.0,0.61173475,0
img_08012_2023,0.0,0.36176088,0
img_08016_2023,0.0,0.033162095,0
img_08017_2023,0.0,0.04232227,0
img_08008_2023,0.0,0.9398009,1
img_08018_2023,0.0,0.019274903,0
img_08011_2023,0.0,0.35136157,0
img_08020_2023,0.0,0.1651151,0
img_08021_2023,0.0,0.1210392,0
img_07961_p01_2023,0.0,0.117874905,0
img_07961_p02_2023,0.0,0.24503441,0
img_07961_p03_2023,0.0,0.055782855,0
img_07961_p04_2023,0.0,0.11182469,0
img_08019_2023,0.0,0.16638562,0
img_08013_2023,0.0,0.6407609,0
img_08025_2023,0.0,0.19686826,0
img_08023_2023,0.0,0.3897794,0
img_08026_2023,0.0,0.025968507,0
img_08022_2023,0.0,0.05407839,0
img_08024_2023,0.0,0.807531,0
img_08030_2023,0.0,0.060463537,0
img_08032_2023,0.0,0.90881693,1
img_08028_2023,0.0,0.35986465,0
img_08029_2023,0.0,0.7878727,0
img_08034_2023,0.0,0.08791994,0
img_08033_2023,0.0,0.6940278,0
img_08036_2023,0.0,0.046096988,0
img_08038_2023,0.0,0.21926828,0
img_08046_2023,0.0,0.07908691,0
img_08044_2023,0.0,0.061056174,0
img_08047_2023,0.0,0.735127,0
img_08042_2023,0.0,0.64880556,0
img_08043_2023,0.0,0.88896084,1
img_08045_2023,0.0,0.8401531,1
img_08039_2023,0.0,0.23623133,0
img_08049_2023,0.0,0.61261946,0
img_08041_2023,0.0,0.10140826,0
img_08052_2023,0.0,0.11629107,0
img_08053_2023,0.0,0.04085117,0
img_08055_2023,0.0,0.37255806,0
img_08054_2023,0.0,0.7680837,0
img_08051_2023,0.0,0.28115952,0
img_08050_2023,0.0,0.4720808,0
img_08057_2023,0.0,0.62159395,0
img_08048_2023,0.0,0.021466088,0
img_08063_2023,0.0,0.019230435,0
img_08059_2023,0.0,0.42583328,0
img_08056_2023,0.0,0.04346236,0
img_08065_2023,0.0,0.7000181,0
img_08058_2023,0.0,0.32275394,0
img_08067_2023,0.0,0.12378758,0
img_08062_2023,0.0,0.22596188,0
img_08073_2023,0.0,0.056359142,0
img_08071_2023,0.0,0.361746,0
img_08070_2023,0.0,0.082217544,0
img_08061_2023,0.0,0.2894911,0
img_08072_2023,0.0,0.27860412,0
img_07965_p01_2023,0.0,0.034078427,0
img_07965_p02_2023,0.0,0.014037989,0
img_07965_p03_2023,0.0,0.017383082,0
img_07965_p04_2023,0.0,0.011340061,0
img_07965_p05_2023,0.0,0.014755359,0
img_08066_2023,0.0,0.5714523,0
img_08078_2023,0.0,0.913438,1
img_08069_2023,0.0,0.9424051,1
img_08077_2023,0.0,0.03549561,0
img_08083_2023,0.0,0.83099586,0
img_08075_2023,0.0,0.07367163,0
img_08074_2023,0.0,0.3837383,0
img_08006_p01_2023,0.0,0.7913805,0
img_08006_p02_2023,0.0,0.716972,0
img_08006_p03_2023,0.0,0.64060885,0
img_08006_p04_2023,0.0,0.75334764,0
img_08081_2023,0.0,0.55653536,0
img_08086_2023,0.0,0.8023068,0
img_08084_2023,0.0,0.67348385,0
img_08076_2023,0.0,0.02253918,0
img_08088_2023,0.0,0.05853914,0
img_08085_2023,0.0,0.6055052,0
img_08093_2023,0.0,0.042000197,0
img_08096_2023,0.0,0.83871156,1
img_08097_2023,0.0,0.02363694,0
img_08099_2023,0.0,0.07277516,0
img_08098_2023,0.0,0.06888489,0
img_08094_2023,0.0,0.21439724,0
img_08100_2023,0.0,0.22670662,0
img_08102_2023,0.0,0.92145425,1
img_08103_2023,0.0,0.72607285,0
img_08095_2023,0.0,0.598429,0
img_08101_2023,0.0,0.083180405,0
img_08104_2023,0.0,0.53968227,0
img_08106_2023,0.0,0.26068598,0
img_08109_2023,0.0,0.06834661,0
img_08111_2023,0.0,0.06687121,0
img_08110_2023,0.0,0.84337634,1
img_08107_2023,0.0,0.42314997,0
img_08115_2023,0.0,0.28681737,0
img_08122_2023,0.0,0.08398666,0
img_08112_2023,0.0,0.07266641,0
img_08114_2023,0.0,0.17146716,0
img_08116_2023,0.0,0.8979247,1
img_08120_2023,0.0,0.8841087,1
img_08108_2023,0.0,0.8330356,0
img_08123_2023,0.0,0.352062,0
img_08126_2023,0.0,0.084486485,0
img_08124_2023,0.0,0.55360454,0
img_08127_2023,0.0,0.08736411,0
img_08117_2023,0.0,0.90915453,1
img_08128_2023,0.0,0.38964632,0
img_08131_2023,0.0,0.05313182,0
img_08140_2023,0.0,0.11566657,0
img_08134_2023,0.0,0.14829995,0
img_08135_2023,0.0,0.3013383,0
img_08137_2023,0.0,0.20835593,0
img_08138_2023,0.0,0.19632068,0
img_08125_2023,0.0,0.89072657,1
img_08142_2023,0.0,0.43408138,0
img_08145_2023,0.0,0.3260999,0
img_08139_2023,0.0,0.025429606,0
img_08143_2023,0.0,0.9523649,1
img_08146_2023,0.0,0.8532467,1
img_08087_p01_2023,0.0,0.79706997,0
img_08087_p02_2023,0.0,0.706674,0
img_08087_p03_2023,0.0,0.7880994,0
img_08087_p04_2023,0.0,0.7186903,0
img_08154_2023,0.0,0.17590405,0
img_08151_2023,0.0,0.275322,0
img_08147_2023,0.0,0.021585416,0
img_08148_2023,0.0,0.90685856,1
img_08156_2023,0.0,0.027079523,0
img_08141_2023,0.0,0.028749783,0
img_08152_2023,0.0,0.036031194,0
img_08155_2023,0.0,0.013011316,0
img_08150_2023,0.0,0.05900693,0
img_08149_2023,0.0,0.32527882,0
img_08157_2023,0.0,0.26778546,0
img_08132_2023,0.0,0.12894781,0
img_08144_2023,0.0,0.8469574,1
img_08160_2023,0.0,0.8549178,1
img_08164_2023,0.0,0.3830175,0
img_08165_2023,0.0,0.062578544,0
img_08169_2023,0.0,0.10975666,0
img_08166_2023,0.0,0.022952136,0
img_08176_2023,0.0,0.79778737,0
img_08173_2023,0.0,0.40583006,0
img_08170_2023,0.0,0.87732047,1
img_08171_2023,0.0,0.691384,0
img_08163_2023,0.0,0.5826202,0
img_08175_2023,0.0,0.77946985,0
img_08179_2023,0.0,0.07193997,0
img_08181_2023,0.0,0.013354095,0
img_08178_2023,0.0,0.26389697,0
img_08184_2023,0.0,0.57133645,0
img_08182_2023,0.0,0.6130011,0
img_08180_2023,0.0,0.5337223,0
img_08185_2023,0.0,0.20128866,0
img_08193_2023,0.0,0.11121635,0
img_08187_2023,0.0,0.16378698,0
img_08191_2023,0.0,0.365835,0
img_08192_2023,0.0,0.7180655,0
img_08190_2023,0.0,0.20438762,0
img_08197_2023,0.0,0.6104603,0
img_08198_2023,0.0,0.67905664,0
img_08188_2023,0.0,0.037037306,0
img_08196_2023,0.0,0.058420736,0
img_08199_2023,0.0,0.5241057,0
img_08205_2023,0.0,0.2188911,0
img_08194_2023,0.0,0.0432156,0
img_08204_2023,0.0,0.94759285,1
img_08207_2023,0.0,0.1282942,0
img_08203_2023,0.0,0.028459078,0
img_08208_2023,0.0,0.8191797,0
img_08211_2023,0.0,0.8103341,0
img_08200_2023,0.0,0.4418934,0
img_08210_2023,0.0,0.07164696,0
img_08206_2023,0.0,0.6540047,0
img_08209_2023,0.0,0.697553,0
img_08212_2023,0.0,0.07322137,0
img_08215_2023,0.0,0.6495155,0
img_08219_2023,0.0,0.18554349,0
img_08221_2023,0.0,0.74983674,0
img_08220_2023,0.0,0.88374984,1
img_08218_2023,0.0,0.40776366,0
img_08223_2023,0.0,0.34263948,0
img_08214_2023,0.0,0.21618271,0
img_08225_2023,0.0,0.07716016,0
img_08224_2023,0.0,0.0207286,0
img_08217_2023,0.0,0.59204304,0
img_08216_2023,0.0,0.118053414,0
img_08228_2023,0.0,0.2714709,0
img_08229_2023,0.0,0.0474943,0
img_08230_2023,0.0,0.46829358,0
img_08233_2023,0.0,0.7589352,0
img_08239_2023,0.0,0.9215969,1
img_08234_2023,0.0,0.55291903,0
img_08231_2023,0.0,0.14544381,0
img_08240_2023,0.0,0.10893921,0
img_08237_2023,0.0,0.81433356,0
img_08232_2023,0.0,0.9123063,1
img_08244_2023,0.0,0.011331143,0
img_08241_2023,0.0,0.18067344,0
img_08242_2023,0.0,0.68128407,0
img_08243_2023,0.0,0.15302965,0
img_08246_2023,0.0,0.029841557,0
img_08236_2023,0.0,0.17166734,0
img_08189_p01_2023,0.0,0.8593033,1
img_08189_p02_2023,0.0,0.9392133,1
img_08189_p03_2023,0.0,0.74298996,0
img_08245_2023,0.0,0.85387295,1
img_08248_2023,0.0,0.78308475,0
img_08253_2023,0.0,0.4005924,0
img_08202_p01_2023,0.0,0.57468253,0
img_08202_p02_2023,0.0,0.58321756,0
img_08254_2023,0.0,0.036411848,0
img_08251_2023,0.0,0.13921866,0
img_08252_2023,0.0,0.062130142,0
img_08250_2023,0.0,0.6013356,0
img_08257_2023,0.0,0.076023355,0
img_08256_2023,0.0,0.26238698,0
img_08258_2023,0.0,0.71984226,0
img_08249_2023,0.0,0.93158865,1
img_08255_2023,0.0,0.95883477,1
img_08261_2023,0.0,0.011570727,0
img_08263_2023,0.0,0.31813496,0
img_08259_2023,0.0,0.6547307,0
img_08262_2023,0.0,0.92040986,1
img_08267_2023,0.0,0.5742354,0
img_08268_2023,0.0,0.5422163,0
img_08264_2023,0.0,0.8615735,1
img_08276_2023,0.0,0.39543414,0
img_08275_2023,0.0,0.101506434,0
img_08271_2023,0.0,0.25011608,0
img_08272_2023,0.0,0.2955069,0
img_08277_2023,0.0,0.08942114,0
img_08279_2023,0.0,0.77889407,0
img_08278_2023,0.0,0.8104687,0
img_08274_2023,0.0,0.035941176,0
img_08283_2023,0.0,0.25868562,0
img_08282_2023,0.0,0.5603835,0
img_08281_2023,0.0,0.6019131,0
img_08280_2023,0.0,0.98257434,1
img_08288_2023,0.0,0.060866106,0
img_08290_2023,0.0,0.017810777,0
img_08295_2023,0.0,0.939109,1
img_08294_2023,0.0,0.10648225,0
img_08297_2023,0.0,0.052464347,0
img_08292_2023,0.0,0.89908504,1
img_08304_2023,0.0,0.015072835,0
img_08300_2023,0.0,0.13745232,0
img_08299_2023,0.0,0.8332761,0
img_08298_2023,0.0,0.43954936,0
img_08308_2023,0.0,0.6614269,0
img_08302_2023,0.0,0.8890545,1
img_08310_2023,0.0,0.019337032,0
img_08303_2023,0.0,0.81151664,0
img_08309_2023,0.0,0.045831595,0
img_08311_2023,0.0,0.044668756,0
img_08314_2023,0.0,0.06848183,0
img_08312_2023,0.0,0.16571052,0
img_08315_2023,0.0,0.20898187,0
img_08318_2023,0.0,0.6001116,0
img_08317_2023,0.0,0.06447852,0
img_08322_2023,0.0,0.15960792,0
img_08325_2023,0.0,0.02702758,0
img_08324_2023,0.0,0.06544251,0
img_08320_2023,0.0,0.8418635,1
img_08321_2023,0.0,0.38144118,0
img_08319_2023,0.0,0.96262944,1
img_08313_2023,0.0,0.95174676,1
img_08326_2023,0.0,0.023604337,0
img_08323_2023,0.0,0.23987707,0
img_08328_2023,0.0,0.5636069,0
img_08332_2023,0.0,0.5775389,0
img_08331_2023,0.0,0.8897503,1
img_08334_2023,0.0,0.30484265,0
img_08337_2023,0.0,0.8092612,0
img_08333_2023,0.0,0.038327243,0
img_08336_2023,0.0,0.025288802,0
img_08329_2023,0.0,0.063137196,0
img_08341_2023,0.0,0.5714552,0
img_08338_2023,0.0,0.12220518,0
img_08335_2023,0.0,0.1251931,0
img_08342_2023,0.0,0.7919558,0
img_08340_2023,0.0,0.11285378,0
img_08343_2023,0.0,0.69854367,0
img_08344_2023,0.0,0.0523404,0
img_08349_2023,0.0,0.053719293,0
img_08339_2023,0.0,0.687356,0
img_08348_2023,0.0,0.038790353,0
img_08351_2023,0.0,0.94486475,1
img_08347_2023,0.0,0.09399408,0
img_08350_2023,0.0,0.058494758,0
img_08356_2023,0.0,0.9492096,1
img_08355_2023,0.0,0.960374,1
img_08358_2023,0.0,0.37128818,0
img_08359_2023,0.0,0.18607345,0
img_08368_2023,0.0,0.9199282,1
img_08367_2023,0.0,0.16977994,0
img_08361_2023,0.0,0.07021798,0
img_08366_2023,0.0,0.42116514,0
img_08364_2023,0.0,0.95101756,1
img_08363_2023,0.0,0.3806506,0
img_08362_2023,0.0,0.48565522,0
img_08357_2023,0.0,0.7169835,0
img_08371_2023,0.0,0.14534557,0
img_08373_2023,0.0,0.083769314,0
img_08370_2023,0.0,0.039276384,0
img_08374_2023,0.0,0.582662,0
img_08372_2023,0.0,0.04324771,0
img_08365_2023,0.0,0.60003585,0
img_08375_2023,0.0,0.06592647,0
img_08376_2023,0.0,0.33882287,0
img_08378_2023,0.0,0.82253134,0
img_08379_2023,0.0,0.21755545,0
img_08383_2023,0.0,0.05810411,0
img_08381_2023,0.0,0.8362913,0
img_08388_2023,0.0,0.41348594,0
img_08382_2023,0.0,0.91782874,1
img_08390_2023,0.0,0.019609487,0
img_08380_2023,0.0,0.28318006,0
img_08386_2023,0.0,0.0074788495,0
img_08392_2023,0.0,0.03211033,0
img_08391_2023,0.0,0.6905198,0
img_08393_2023,0.0,0.595588,0
img_08394_2023,0.0,0.5081285,0
img_08389_2023,0.0,0.03611227,0
img_08354_p01_2023,0.0,0.7999111,0
img_08354_p02_2023,0.0,0.77293307,0
img_08397_2023,0.0,0.6745931,0
img_08399_2023,0.0,0.09912123,0
img_08395_2023,0.0,0.6389313,0
img_08396_2023,0.0,0.8708671,1
img_08406_2023,0.0,0.06872794,0
img_08402_2023,0.0,0.009545456,0
img_08401_2023,0.0,0.8502526,1
img_08398_2023,0.0,0.6345338,0
img_08410_2023,0.0,0.028439617,0
img_08400_2023,0.0,0.96650445,1
img_08407_2023,0.0,0.35655183,0
img_08404_2023,0.0,0.8234587,0
img_08408_2023,0.0,0.104465246,0
img_08409_2023,0.0,0.6476483,0
img_08405_2023,0.0,0.9022069,1
img_08412_2023,0.0,0.20899148,0
img_08418_2023,0.0,0.05380671,0
img_08414_2023,0.0,0.1724431,0
img_08420_2023,0.0,0.8295263,0
img_08424_2023,0.0,0.027021771,0
img_08416_2023,0.0,0.46957102,0
img_08425_2023,0.0,0.055113614,0
img_08415_2023,0.0,0.043222297,0
img_08427_2023,0.0,0.9472796,1
img_08426_2023,0.0,0.3845765,0
img_08422_2023,0.0,0.19375966,0
img_08428_2023,0.0,0.04630328,0
img_08430_2023,0.0,0.48168516,0
img_08429_2023,0.0,0.18555531,0
img_08419_2023,0.0,0.08042283,0
img_08432_2023,0.0,0.17133203,0
img_08431_2023,0.0,0.21082649,0
img_08433_2023,0.0,0.06574249,0
img_08435_2023,0.0,0.022635153,0
img_08436_2023,0.0,0.17469096,0
img_08439_2023,0.0,0.82541215,0
img_08434_2023,0.0,0.33043963,0
img_08438_2023,0.0,0.05225154,0
img_08441_2023,0.0,0.53867036,0
img_08444_2023,0.0,0.6957229,0
img_08440_2023,0.0,0.87577325,1
img_08442_2023,0.0,0.20635264,0
img_08449_2023,0.0,0.8826653,1
img_08448_2023,0.0,0.018798823,0
img_08450_2023,0.0,0.9719261,1
img_08454_2023,0.0,0.18004508,0
img_08452_2023,0.0,0.040272262,0
img_08447_2023,0.0,0.6319915,0
img_08445_2023,0.0,0.34128502,0
img_08455_2023,0.0,0.024475297,0
img_08446_2023,0.0,0.1392326,0
img_08453_2023,0.0,0.030121591,0
img_08457_2023,0.0,0.63871825,0
img_08460_2023,0.0,0.56365806,0
img_08458_2023,0.0,0.01354294,0
img_08462_2023,0.0,0.6333481,0
img_08459_2023,0.0,0.060810648,0
img_08468_2023,0.0,0.0659606,0
img_08463_2023,0.0,0.433505,0
img_08464_2023,0.0,0.09745593,0
img_08469_2023,0.0,0.05441337,0
img_08470_2023,0.0,0.2841088,0
img_08471_2023,0.0,0.042867117,0
img_08474_2023,0.0,0.41101226,0
img_08461_2023,0.0,0.095331654,0
img_08473_2023,0.0,0.70703024,0
img_08466_2023,0.0,0.09191886,0
img_08476_2023,0.0,0.1597345,0
img_08477_2023,0.0,0.013990556,0
img_08475_2023,0.0,0.49416018,0
img_08478_2023,0.0,0.644318,0
img_08482_2023,0.0,0.397537,0
img_08487_2023,0.0,0.7895412,0
img_08484_2023,0.0,0.013441719,0
img_08488_2023,0.0,0.7656761,0
img_08483_2023,0.0,0.62103,0
img_08479_2023,0.0,0.3210536,0
img_08490_2023,0.0,0.45024353,0
img_08485_2023,0.0,0.8082763,0
img_08492_2023,0.0,0.57968205,0
img_08486_2023,0.0,0.07801326,0
img_08481_2023,0.0,0.48875076,0
img_08489_2023,0.0,0.10730028,0
img_08493_2023,0.0,0.2749982,0
img_06799_p01_2023,0.0,0.07206983,0
img_06799_p02_2023,0.0,0.07861118,0
img_06799_p06_2023,0.0,0.025015563,0
img_06799_p07_2023,0.0,0.038321022,0
img_06799_p08_2023,0.0,0.05227376,0
img_06799_p09_2023,0.0,0.07171606,0
img_06799_p10_2023,0.0,0.08880301,0
img_06799_p11_2023,0.0,0.036680244,0
img_06799_p12_2023,0.0,0.09787716,0
img_06799_p13_2023,0.0,0.31923777,0
img_06799_p15_2023,0.0,0.055014648,0
img_06799_p16_2023,0.0,0.0705394,0
img_06799_p17_2023,0.0,0.06308948,0
img_06799_p18_2023,0.0,0.051839285,0
img_06799_p19_2023,0.0,0.013828074,0
img_06799_p20_2023,0.0,0.025855634,0
img_06799_p21_2023,0.0,0.060088135,0
img_06799_p22_2023,0.0,0.18764386,0
img_06799_p23_2023,0.0,0.03354035,0
img_06799_p24_2023,0.0,0.05857008,0
img_06799_p25_2023,0.0,0.03448372,0
img_06799_p26_2023,0.0,0.0572868,0
img_06799_p27_2023,0.0,0.063062,0
img_06799_p28_2023,0.0,0.049841046,0
img_06799_p29_2023,0.0,0.0223857,0
img_06799_p30_2023,0.0,0.11229704,0
img_06799_p31_2023,0.0,0.061012812,0
img_06799_p32_2023,0.0,0.05822628,0
img_06799_p33_2023,0.0,0.17402758,0
img_06799_p34_2023,0.0,0.036950406,0
img_06799_p35_2023,0.0,0.096282914,0
img_06799_p36_2023,0.0,0.028609544,0
img_06799_p37_2023,0.0,0.037711114,0
img_06799_p38_2023,0.0,0.012455372,0
img_06799_p39_2023,0.0,0.038366057,0
img_06799_p40_2023,0.0,0.027623612,0
img_06799_p41_2023,0.0,0.017569084,0
img_06799_p42_2023,0.0,0.017272241,0
img_06799_p43_2023,0.0,0.024249688,0
img_06799_p44_2023,0.0,0.24073061,0
img_06799_p45_2023,0.0,0.09881876,0
