id_sample,y_true,model_probability,final_threshold_prediction
img_00019_2024,1.0,0.1588826,0
img_00004_2024,1.0,0.16043256,0
img_00018_2024,1.0,0.20987262,0
img_00005_2024,1.0,0.9797427,1
img_00008_2024,1.0,0.9809198,1
img_00016_2024,1.0,0.9947354,1
img_00007_2024,1.0,0.20665029,0
img_00003_2024,1.0,0.9780236,1
img_00009_2024,1.0,0.09570401,0
img_00017_2024,1.0,0.013388452,0
img_00006_2024,1.0,0.17336497,0
img_00010_2024,1.0,0.13704635,0
img_00002_2024,1.0,0.18188849,0
img_00015_2024,1.0,0.40944868,0
img_00001_2024,1.0,0.9972601,1
img_00014_2024,1.0,0.7949874,0
img_00020_2024,1.0,0.052152533,0
img_00021_2024,1.0,0.14863576,0
img_00024_2024,1.0,0.15425052,0
img_00013_2024,1.0,0.9869212,1
img_00022_2024,1.0,0.9873821,1
img_00026_2024,1.0,0.0053279684,0
img_00023_2024,1.0,0.046531614,0
img_00034_2024,1.0,0.85476583,1
img_00025_2024,1.0,0.25443968,0
img_00028_2024,1.0,0.1916146,0
img_00032_2024,1.0,0.12480706,0
img_00033_2024,1.0,0.39722285,0
img_00031_2024,1.0,0.33354625,0
img_00036_2024,1.0,0.0067460756,0
img_00029_2024,1.0,0.9791293,1
img_00037_2024,1.0,0.7952636,0
img_00035_2024,1.0,0.8779771,1
img_00041_2024,1.0,0.09457937,0
img_00040_2024,1.0,0.60507214,0
img_00042_2024,1.0,0.14091939,0
img_00039_2024,1.0,0.018097252,0
img_00044_2024,1.0,0.9191745,1
img_00045_2024,1.0,0.86327755,1
img_00049_2024,1.0,0.6785367,0
img_00048_2024,1.0,0.026815305,0
img_00043_2024,1.0,0.32324985,0
img_00050_2024,1.0,0.34778413,0
img_00046_2024,1.0,0.74203634,0
img_00047_2024,1.0,0.9803309,1
img_00052_2024,1.0,0.6233044,0
img_00053_2024,1.0,0.5803906,0
img_00056_2024,1.0,0.8386638,1
img_00058_2024,1.0,0.45864987,0
img_00055_2024,1.0,0.7274953,0
img_00054_2024,1.0,0.81737345,1
img_00061_2024,1.0,0.96871287,1
img_00060_2024,1.0,0.99865663,1
img_00063_2024,1.0,0.7578882,0
img_00062_2024,1.0,0.91327995,1
img_00059_2024,1.0,0.47394046,0
img_00011_p01_2024,1.0,0.9713505,1
img_00011_p02_2024,1.0,0.9802169,1
img_00011_p03_2024,1.0,0.92370975,1
img_00057_2024,1.0,0.9769991,1
img_00030_p01_2024,1.0,0.04977038,0
img_00030_p02_2024,1.0,0.48315507,0
img_00030_p03_2024,1.0,0.00657946,0
img_00067_2024,1.0,0.98198247,1
img_00065_2024,1.0,0.9988961,1
img_00070_2024,1.0,0.5629051,0
img_00068_2024,1.0,0.03123451,0
img_00071_2024,1.0,0.20125373,0
img_00069_2024,1.0,0.9641618,1
img_00051_p01_2024,1.0,0.14830656,0
img_00051_p02_2024,1.0,0.10409809,0
img_00077_2024,1.0,0.93911874,1
img_00064_2024,1.0,0.94307876,1
img_00075_2024,1.0,0.98041624,1
img_00078_2024,1.0,0.80201316,1
img_00076_2024,1.0,0.99550456,1
img_00073_2024,1.0,0.2054183,0
img_00072_2024,1.0,0.79833835,1
img_00079_2024,1.0,0.95635724,1
img_00080_2024,1.0,0.79541206,0
img_00074_2024,1.0,0.8479415,1
img_00081_2024,1.0,0.9877108,1
img_00084_2024,1.0,0.89973235,1
img_00085_2024,1.0,0.85232264,1
img_00083_2024,1.0,0.98968107,1
img_00082_2024,1.0,0.99880016,1
img_00038_p01_2024,1.0,0.99154586,1
img_00038_p02_2024,1.0,0.9907121,1
img_00038_p03_2024,1.0,0.986733,1
img_00038_p04_2024,1.0,0.99379575,1
img_00092_2024,1.0,0.23276886,0
img_00086_2024,1.0,0.98071927,1
img_00000_p01_2024,1.0,0.995918,1
img_00000_p02_2024,1.0,0.9838706,1
img_00000_p03_2024,1.0,0.9925092,1
img_00000_p04_2024,1.0,0.73821884,0
img_00091_2024,1.0,0.07101547,0
img_00088_2024,1.0,0.62298524,0
img_00089_2024,1.0,0.6727533,0
img_00095_2024,1.0,0.42704183,0
img_00096_2024,1.0,0.46085647,0
img_00097_2024,1.0,0.857541,1
img_00093_2024,1.0,0.92737156,1
img_00094_2024,1.0,0.99528533,1
img_00099_2024,1.0,0.46566704,0
img_00103_2024,1.0,0.864569,1
img_00102_2024,1.0,0.8326445,1
img_00104_2024,1.0,0.8326063,1
img_00090_2024,1.0,0.95199287,1
img_00100_2024,1.0,0.7340168,0
img_00106_2024,1.0,0.897318,1
img_00111_2024,1.0,0.7706218,0
img_00107_2024,1.0,0.24970965,0
img_00101_2024,1.0,0.09603882,0
img_00113_2024,1.0,0.98299235,1
img_00117_2024,1.0,0.96074843,1
img_00108_2024,1.0,0.5313593,0
img_00109_2024,1.0,0.9623812,1
img_00116_2024,1.0,0.94452757,1
img_00110_2024,1.0,0.7546064,0
img_00112_2024,1.0,0.9741339,1
img_00118_2024,1.0,0.56440794,0
img_00012_p01_2024,1.0,0.8710903,1
img_00012_p02_2024,1.0,0.7412636,0
img_00012_p03_2024,1.0,0.6889239,0
img_00012_p04_2024,1.0,0.46417892,0
img_00012_p05_2024,1.0,0.219405,0
img_00012_p06_2024,1.0,0.11974901,0
img_00115_2024,1.0,0.99340385,1
img_00119_2024,1.0,0.7479679,0
img_00122_2024,1.0,0.8911801,1
img_00123_2024,1.0,0.650115,0
img_00105_p01_2024,1.0,0.5349574,0
img_00105_p02_2024,1.0,0.40940142,0
img_00121_2024,1.0,0.13503107,0
img_00126_2024,1.0,0.9181699,1
img_00132_2024,1.0,0.99793833,1
img_00125_2024,1.0,0.9769587,1
img_00129_2024,1.0,0.51037806,0
img_00127_2024,1.0,0.046004113,0
img_00124_2024,1.0,0.9702709,1
img_00135_2024,1.0,0.9896429,1
img_00134_2024,1.0,0.9267035,1
img_00137_2024,1.0,0.59190595,0
img_00133_2024,1.0,0.9881009,1
img_00138_2024,1.0,0.88881195,1
img_00120_p01_2024,1.0,0.9983374,1
img_00120_p02_2024,1.0,0.99631965,1
img_00142_2024,1.0,0.80458283,1
img_00141_2024,1.0,0.1512548,0
img_00087_p01_2024,1.0,0.98037773,1
img_00087_p02_2024,1.0,0.9261954,1
img_00087_p03_2024,1.0,0.93905306,1
img_00087_p04_2024,1.0,0.99862754,1
img_00131_p01_2024,1.0,0.94142413,1
img_00131_p02_2024,1.0,0.96686614,1
img_00139_2024,1.0,0.9561684,1
img_00140_2024,1.0,0.9617425,1
img_00143_2024,1.0,0.03961504,0
img_00147_2024,1.0,0.9962747,1
img_00144_2024,1.0,0.91437453,1
img_00150_2024,1.0,0.96294737,1
img_00148_2024,1.0,0.4618367,0
img_00128_p01_2024,1.0,0.9983689,1
img_00128_p02_2024,1.0,0.9810636,1
img_00114_p01_2024,1.0,0.87165433,1
img_00114_p02_2024,1.0,0.96903604,1
img_00114_p03_2024,1.0,0.9605141,1
img_00114_p04_2024,1.0,0.293519,0
img_00152_2024,1.0,0.98865044,1
img_00145_2024,1.0,0.6119049,0
img_00155_2024,1.0,0.13139541,0
img_00149_2024,1.0,0.97204167,1
img_00151_2024,1.0,0.47367907,0
img_00156_2024,1.0,0.003425278,0
img_00136_p01_2024,1.0,0.96306235,1
img_00136_p02_2024,1.0,0.9995091,1
img_00157_2024,1.0,0.102183014,0
img_00158_2024,1.0,0.21203017,0
img_00159_2024,1.0,0.16684154,0
img_00162_2024,1.0,0.5478184,0
img_00163_2024,1.0,0.96260184,1
img_00160_2024,1.0,0.9414639,1
img_00146_p01_2024,1.0,0.98503286,1
img_00146_p02_2024,1.0,0.59156907,0
img_00167_2024,1.0,0.9294157,1
img_00165_2024,1.0,0.99571973,1
img_00172_2024,1.0,0.9381642,1
img_00164_2024,1.0,0.9943932,1
img_00170_2024,1.0,0.9644792,1
img_00171_2024,1.0,0.42185462,0
img_00174_2024,1.0,0.96794754,1
img_00166_2024,1.0,0.50220585,0
img_00130_p01_2024,1.0,0.99746764,1
img_00130_p02_2024,1.0,0.9938291,1
img_00130_p03_2024,1.0,0.9952258,1
img_00130_p04_2024,1.0,0.9608264,1
img_00169_2024,1.0,0.97415507,1
img_00178_2024,1.0,0.95585006,1
img_00179_2024,1.0,0.9939978,1
img_00175_2024,1.0,0.8871432,1
img_00176_2024,1.0,0.347115,0
img_00182_2024,1.0,0.9675793,1
img_00180_2024,1.0,0.9524894,1
img_00181_2024,1.0,0.7898542,0
img_00183_2024,1.0,0.64957345,0
img_00185_2024,1.0,0.4042595,0
img_00173_p01_2024,1.0,0.69522864,0
img_00173_p02_2024,1.0,0.43817592,0
img_00168_p01_2024,1.0,0.96035635,1
img_00168_p02_2024,1.0,0.920324,1
img_00066_p01_2024,1.0,0.8767379,1
img_00066_p02_2024,1.0,0.585213,0
img_00066_p03_2024,1.0,0.99752086,1
img_00066_p04_2024,1.0,0.06438197,0
img_00066_p05_2024,1.0,0.99864846,1
img_00066_p06_2024,1.0,0.99648166,1
img_00187_2024,1.0,0.95656157,1
img_00189_2024,1.0,0.71586907,0
img_00190_2024,1.0,0.80254126,1
img_00191_2024,1.0,0.44604647,0
img_00194_2024,1.0,0.5404189,0
img_00196_2024,1.0,0.573255,0
img_00192_2024,1.0,0.44515696,0
img_00198_2024,1.0,0.66241765,0
img_00193_2024,1.0,0.5353043,0
img_00195_2024,1.0,0.3937494,0
img_00199_2024,1.0,0.39309412,0
img_00201_2024,1.0,0.9799723,1
img_00202_2024,1.0,0.107369244,0
img_00203_2024,1.0,0.8883816,1
img_00200_2024,1.0,0.7278662,0
img_00204_2024,1.0,0.73479825,0
img_00177_p01_2024,1.0,0.53062284,0
img_00177_p02_2024,1.0,0.9320878,1
img_00206_2024,1.0,0.8126032,1
img_00186_2024,1.0,0.40628675,0
img_00207_2024,1.0,0.49119496,0
img_00208_2024,1.0,0.55927455,0
img_00211_2024,1.0,0.7335505,0
img_00197_p01_2024,1.0,0.7130085,0
img_00197_p02_2024,1.0,0.92710876,1
img_00212_2024,1.0,0.97850055,1
img_00213_2024,1.0,0.97995305,1
img_00215_2024,1.0,0.979487,1
img_00209_2024,1.0,0.9901121,1
img_00154_p01_2024,1.0,0.63463444,0
img_00154_p02_2024,1.0,0.9715471,1
img_00154_p03_2024,1.0,0.9759867,1
img_00154_p04_2024,1.0,0.95241797,1
img_00216_2024,1.0,0.9938182,1
img_00217_2024,1.0,0.97224337,1
img_00220_2024,1.0,0.93706095,1
img_00223_2024,1.0,0.9272676,1
img_00221_2024,1.0,0.9695543,1
img_00153_p01_2024,1.0,0.8600559,1
img_00153_p02_2024,1.0,0.9765478,1
img_00153_p03_2024,1.0,0.95301354,1
img_00153_p04_2024,1.0,0.987252,1
img_00153_p06_2024,1.0,0.98253536,1
img_00222_2024,1.0,0.43140242,0
img_00218_2024,1.0,0.9688081,1
img_00224_2024,1.0,0.29968274,0
img_00210_p01_2024,1.0,0.9871596,1
img_00210_p02_2024,1.0,0.994136,1
img_00184_p01_2024,1.0,0.95454824,1
img_00184_p02_2024,1.0,0.97733635,1
img_00184_p03_2024,1.0,0.9698648,1
img_00184_p04_2024,1.0,0.9832797,1
img_00225_2024,1.0,0.9501067,1
img_00226_2024,1.0,0.9890448,1
img_00232_2024,1.0,0.700314,0
img_00231_2024,1.0,0.88492644,1
img_00229_2024,1.0,0.9126925,1
img_00234_2024,1.0,0.99815625,1
img_00235_2024,1.0,0.6743678,0
img_00228_2024,1.0,0.9967186,1
img_00233_2024,1.0,0.12136156,0
img_00214_p01_2024,1.0,0.9708073,1
img_00214_p02_2024,1.0,0.9949084,1
img_00227_2024,1.0,0.9815901,1
img_00239_2024,1.0,0.9605949,1
img_00188_p01_2024,1.0,0.9896561,1
img_00188_p03_2024,1.0,0.99559903,1
img_00188_p04_2024,1.0,0.97408223,1
img_00219_p01_2024,1.0,0.98423207,1
img_00219_p02_2024,1.0,0.9853322,1
img_00242_2024,1.0,0.23823747,0
img_00240_2024,1.0,0.27612412,0
img_00244_2024,1.0,0.05084848,0
img_00205_p01_2024,1.0,0.078903206,0
img_00205_p02_2024,1.0,0.3018087,0
img_00205_p03_2024,1.0,0.99756074,1
img_00205_p04_2024,1.0,0.5074021,0
img_00243_2024,1.0,0.65839094,0
img_00246_2024,1.0,0.34569207,0
img_00245_2024,1.0,0.8554963,1
img_00247_2024,1.0,0.5410371,0
img_00250_2024,1.0,0.17099829,0
img_00248_2024,1.0,0.12091886,0
img_00251_2024,1.0,0.16383049,0
img_00249_2024,1.0,0.99946064,1
img_00237_p01_2024,1.0,0.8552827,1
img_00237_p02_2024,1.0,0.0542511,0
img_00253_2024,1.0,0.5297116,0
img_00252_2024,1.0,0.17438832,0
img_00256_2024,1.0,0.008324328,0
img_00260_2024,1.0,0.8788383,1
img_00258_2024,1.0,0.96111304,1
img_00261_2024,1.0,0.93070686,1
img_00254_2024,1.0,0.9631884,1
img_00241_p01_2024,1.0,0.9943666,1
img_00241_p02_2024,1.0,0.99840134,1
img_00259_2024,1.0,0.86259544,1
img_00257_2024,1.0,0.20702203,0
img_00264_2024,1.0,0.649374,0
img_00263_2024,1.0,0.99939215,1
img_00255_2024,1.0,0.78890973,0
img_00265_2024,1.0,0.63888913,0
img_00268_2024,1.0,0.76816976,0
img_00270_2024,1.0,0.9798623,1
img_00230_p01_2024,1.0,0.96616626,1
img_00230_p02_2024,1.0,0.91347855,1
img_00230_p03_2024,1.0,0.959868,1
img_00230_p04_2024,1.0,0.9004056,1
img_00267_2024,1.0,0.51406884,0
img_00269_2024,1.0,0.50415635,0
img_00272_2024,1.0,0.9949927,1
img_00271_2024,1.0,0.9580299,1
img_00266_2024,1.0,0.9665659,1
img_00273_2024,1.0,0.7589514,0
img_00236_p01_2024,1.0,0.8449743,1
img_00236_p02_2024,1.0,0.96040684,1
img_00098_p01_2024,1.0,0.41167107,0
img_00098_p02_2024,1.0,0.9844209,1
img_00098_p03_2024,1.0,0.8435396,1
img_00098_p04_2024,1.0,0.7389664,0
img_00098_p05_2024,1.0,0.43156672,0
img_00098_p06_2024,1.0,0.9958954,1
img_00098_p07_2024,1.0,0.9990767,1
img_00098_p08_2024,1.0,0.9714252,1
img_00098_p09_2024,1.0,0.89824206,1
img_00238_p01_2024,1.0,0.6612606,0
img_00238_p02_2024,1.0,0.9500973,1
img_00275_2024,1.0,0.03476287,0
img_00276_2024,1.0,0.50997484,0
img_00281_2024,1.0,0.819171,1
img_00274_2024,1.0,0.4817526,0
img_00280_2024,1.0,0.282684,0
img_00288_2024,1.0,0.42683548,0
img_00285_2024,1.0,0.6253589,0
img_00278_2024,1.0,0.96970594,1
img_00279_2024,1.0,0.96079975,1
img_00284_2024,1.0,0.5404292,0
img_00286_2024,1.0,0.84285396,1
img_00291_2024,1.0,0.71723086,0
img_00287_2024,1.0,0.79992574,1
img_00289_2024,1.0,0.9000938,1
img_00283_2024,1.0,0.90254325,1
img_00262_p01_2024,1.0,0.999699,1
img_00262_p02_2024,1.0,0.9864299,1
img_00282_2024,1.0,0.84021765,1
img_00292_2024,1.0,0.9763258,1
img_00296_2024,1.0,0.9741256,1
img_00297_2024,1.0,0.90785724,1
img_00298_2024,1.0,0.90472114,1
img_00290_2024,1.0,0.99493355,1
img_00277_p01_2024,1.0,0.6165317,0
img_00277_p02_2024,1.0,0.997224,1
img_00305_2024,1.0,0.981403,1
img_00309_2024,1.0,0.9788382,1
img_00307_2024,1.0,0.9417724,1
img_00301_2024,1.0,0.98532873,1
img_00306_2024,1.0,0.9971002,1
img_00294_2024,1.0,0.9850005,1
img_00300_2024,1.0,0.9433636,1
img_00304_2024,1.0,0.9929766,1
img_00312_2024,1.0,0.9718085,1
img_00303_2024,1.0,0.97591066,1
img_00302_2024,1.0,0.92136914,1
img_00313_2024,1.0,0.96628034,1
img_00295_p01_2024,1.0,0.9849584,1
img_00295_p02_2024,1.0,0.9847488,1
img_00299_2024,1.0,0.98281443,1
img_00310_2024,1.0,0.9871312,1
img_00319_2024,1.0,0.9810048,1
img_00316_2024,1.0,0.6550473,0
img_00311_2024,1.0,0.9916557,1
img_00321_2024,1.0,0.9499152,1
img_00315_2024,1.0,0.9858348,1
img_00317_2024,1.0,0.9938558,1
img_00325_2024,1.0,0.9733271,1
img_00318_2024,1.0,0.037917484,0
img_00322_2024,1.0,0.9966354,1
img_00324_2024,1.0,0.8327921,1
img_00333_2024,1.0,0.9804585,1
img_00336_2024,1.0,0.42927036,0
img_00337_2024,1.0,0.675052,0
img_00339_2024,1.0,0.080256835,0
img_00326_2024,1.0,0.86428386,1
img_00308_2024,1.0,0.8789822,1
img_00338_2024,1.0,0.6965645,0
img_00331_2024,1.0,0.995006,1
img_00320_2024,1.0,0.9980373,1
img_00341_2024,1.0,0.99136144,1
img_00340_2024,1.0,0.7319259,0
img_00327_2024,1.0,0.9221984,1
img_00342_2024,1.0,0.71760654,0
img_00335_2024,1.0,0.29389945,0
img_00334_2024,1.0,0.33285293,0
img_00349_2024,1.0,0.059554737,0
img_00330_2024,1.0,0.124723405,0
img_00323_p01_2024,1.0,0.14183201,0
img_00323_p02_2024,1.0,0.29549703,0
img_00346_2024,1.0,0.97404975,1
img_00347_2024,1.0,0.8426419,1
img_00350_2024,1.0,0.95165604,1
img_00348_2024,1.0,0.01581474,0
img_00352_2024,1.0,0.87555534,1
img_00343_2024,1.0,0.73043483,0
img_00328_2024,1.0,0.95579386,1
img_00345_p01_2024,1.0,0.9828568,1
img_00345_p02_2024,1.0,0.9912243,1
img_00359_2024,1.0,0.6815787,0
img_00355_2024,1.0,0.87308866,1
img_00354_2024,1.0,0.36907396,0
img_00363_2024,1.0,0.9896034,1
img_00332_p01_2024,1.0,0.9869053,1
img_00332_p02_2024,1.0,0.9903994,1
img_00344_2024,1.0,0.20194538,0
img_00360_2024,1.0,0.98049104,1
img_00362_2024,1.0,0.7952223,0
img_00366_2024,1.0,0.8339068,1
img_00365_2024,1.0,0.5016197,0
img_00361_2024,1.0,0.94198096,1
img_00368_2024,1.0,0.9514816,1
img_00367_2024,1.0,0.9753308,1
img_00358_2024,1.0,0.9973207,1
img_00371_2024,1.0,0.5961343,0
img_00293_p01_2024,1.0,0.33185673,0
img_00293_p02_2024,1.0,0.5249621,0
img_00293_p03_2024,1.0,0.56629634,0
img_00293_p04_2024,1.0,0.7205751,0
img_00353_p01_2024,1.0,0.99292773,1
img_00353_p02_2024,1.0,0.9972543,1
img_00372_2024,1.0,0.97956204,1
img_00370_2024,1.0,0.9949528,1
img_00377_2024,1.0,0.9761411,1
img_00374_2024,1.0,0.94625133,1
img_00376_2024,1.0,0.9921262,1
img_00375_2024,1.0,0.99767905,1
img_00369_2024,1.0,0.91789156,1
img_00364_2024,1.0,0.9730822,1
img_00373_2024,1.0,0.06548794,0
img_00378_2024,1.0,0.9921634,1
img_00356_p01_2024,1.0,0.8811874,1
img_00356_p02_2024,1.0,0.8256944,1
img_00314_p01_2024,1.0,0.91329885,1
img_00314_p02_2024,1.0,0.07526216,0
img_00314_p03_2024,1.0,0.9719358,1
img_00314_p04_2024,1.0,0.7804788,0
img_00381_2024,1.0,0.9564066,1
img_00385_2024,1.0,0.9508735,1
img_00384_2024,1.0,0.26899418,0
img_00382_2024,1.0,0.7278661,0
img_00383_2024,1.0,0.99734265,1
img_00392_2024,1.0,0.23094508,0
img_00391_2024,1.0,0.62399334,0
img_00386_2024,1.0,0.9570669,1
img_00379_2024,1.0,0.6940672,0
img_00390_2024,1.0,0.28820944,0
img_00393_2024,1.0,0.9977259,1
img_00396_2024,1.0,0.6805976,0
img_00397_2024,1.0,0.7671626,0
img_00388_2024,1.0,0.84164697,1
img_00398_2024,1.0,0.9300584,1
img_00401_2024,1.0,0.042816643,0
img_00402_2024,1.0,0.25564808,0
img_00389_p01_2024,1.0,0.9902221,1
img_00389_p02_2024,1.0,0.92050266,1
img_00400_2024,1.0,0.9938537,1
img_00404_2024,1.0,0.89323914,1
img_00405_2024,1.0,0.85651827,1
img_00407_2024,1.0,0.51073647,0
img_00394_p01_2024,1.0,0.79129493,0
img_00394_p02_2024,1.0,0.9080353,1
img_00403_2024,1.0,0.9226399,1
img_00408_2024,1.0,0.7625733,0
img_00406_2024,1.0,0.9345679,1
img_00412_2024,1.0,0.79326236,0
img_00411_2024,1.0,0.86321884,1
img_00413_2024,1.0,0.8735614,1
img_00395_p01_2024,1.0,0.0073230104,0
img_00395_p02_2024,1.0,0.52415025,0
img_00415_2024,1.0,0.8098132,1
img_00418_2024,1.0,0.82302314,1
img_00416_2024,1.0,0.55552423,0
img_00329_p01_2024,1.0,0.9850639,1
img_00329_p02_2024,1.0,0.9615969,1
img_00329_p03_2024,1.0,0.99459296,1
img_00329_p04_2024,1.0,0.7806165,0
img_00329_p05_2024,1.0,0.79193765,0
img_00329_p06_2024,1.0,0.81749266,1
img_00417_2024,1.0,0.78861827,0
img_00419_2024,1.0,0.65547085,0
img_00414_2024,1.0,0.6507977,0
img_00423_2024,1.0,0.6272696,0
img_00420_2024,1.0,0.42349878,0
img_00421_2024,1.0,0.617943,0
img_00387_p01_2024,1.0,0.9336073,1
img_00387_p02_2024,1.0,0.9827793,1
img_00387_p03_2024,1.0,0.97356814,1
img_00387_p04_2024,1.0,0.9943439,1
img_00424_2024,1.0,0.4615195,0
img_00409_p01_2024,1.0,0.62658834,0
img_00409_p02_2024,1.0,0.89953345,1
img_00422_2024,1.0,0.9938677,1
img_00426_2024,1.0,0.77066404,0
img_00428_2024,1.0,0.9817401,1
img_00425_2024,1.0,0.8399876,1
img_00351_p01_2024,1.0,0.9963116,1
img_00351_p02_2024,1.0,0.9604212,1
img_00351_p03_2024,1.0,0.9734631,1
img_00351_p04_2024,1.0,0.991882,1
img_00351_p05_2024,1.0,0.9964275,1
img_00351_p06_2024,1.0,0.97939694,1
img_00380_p01_2024,1.0,0.9957325,1
img_00380_p02_2024,1.0,0.99158925,1
img_00380_p03_2024,1.0,0.99949026,1
img_00380_p04_2024,1.0,0.9774032,1
img_00429_2024,1.0,0.91512865,1
img_00430_2024,1.0,0.8369786,1
img_00431_2024,1.0,0.7334849,0
img_00433_2024,1.0,0.7056628,0
img_00432_2024,1.0,0.998251,1
img_00434_2024,1.0,0.69378793,0
img_00435_2024,1.0,0.90126747,1
img_00437_2024,1.0,0.42177624,0
img_00440_2024,1.0,0.62230366,0
img_00446_2024,1.0,0.89679694,1
img_00441_2024,1.0,0.96129644,1
img_00438_2024,1.0,0.91695243,1
img_00436_2024,1.0,0.919613,1
img_00442_2024,1.0,0.9124722,1
img_00445_2024,1.0,0.80500764,1
img_00447_2024,1.0,0.7734988,0
img_00399_p01_2024,1.0,0.9434757,1
img_00399_p02_2024,1.0,0.9923775,1
img_00399_p03_2024,1.0,0.99602985,1
img_00399_p04_2024,1.0,0.9848326,1
img_00444_2024,1.0,0.68485665,0
img_00448_2024,1.0,0.9852337,1
img_00450_2024,1.0,0.96471524,1
img_00357_p01_2024,1.0,0.98186547,1
img_00357_p02_2024,1.0,0.98937726,1
img_00357_p03_2024,1.0,0.91764843,1
img_00357_p04_2024,1.0,0.99186146,1
img_00357_p05_2024,1.0,0.9218811,1
img_00454_2024,1.0,0.63391024,0
img_00457_2024,1.0,0.22315441,0
img_00453_2024,1.0,0.69854224,0
img_00451_2024,1.0,0.6304794,0
img_00456_2024,1.0,0.6772987,0
img_00452_2024,1.0,0.43493348,0
img_00455_2024,1.0,0.8572115,1
img_00449_2024,1.0,0.9537373,1
img_00459_2024,1.0,0.3844222,0
img_00460_2024,1.0,0.31592298,0
img_00463_2024,1.0,0.5981791,0
img_00462_2024,1.0,0.21274896,0
img_00461_2024,1.0,0.83146507,1
img_00466_2024,1.0,0.72248733,0
img_00465_2024,1.0,0.65472317,0
img_00464_2024,1.0,0.8812926,1
img_00468_2024,1.0,0.85691637,1
img_00469_2024,1.0,0.87524784,1
img_00467_2024,1.0,0.9005008,1
img_00473_2024,1.0,0.432715,0
img_00474_2024,1.0,0.4018771,0
img_00477_2024,1.0,0.9770369,1
img_00479_2024,1.0,0.8511554,1
img_00481_2024,1.0,0.59110534,0
img_00478_2024,1.0,0.9038163,1
img_00475_2024,1.0,0.80454594,1
img_00480_2024,1.0,0.72802424,0
img_00482_2024,1.0,0.6907762,0
img_00484_2024,1.0,0.9880655,1
img_00470_p01_2024,1.0,0.97451276,1
img_00470_p02_2024,1.0,0.9956274,1
img_00487_2024,1.0,0.99438184,1
img_00486_2024,1.0,0.795769,0
img_00483_2024,1.0,0.30616322,0
img_00489_2024,1.0,0.68749106,0
img_00488_2024,1.0,0.9764104,1
img_00490_2024,1.0,0.6794163,0
img_00491_2024,1.0,0.66088206,0
img_00476_p01_2024,1.0,0.32402104,0
img_00476_p02_2024,1.0,0.090120986,0
img_00493_2024,1.0,0.7446835,0
img_00492_2024,1.0,0.49328864,0
img_00494_2024,1.0,0.63978046,0
img_00495_2024,1.0,0.582707,0
img_00498_2024,1.0,0.6048815,0
img_00501_2024,1.0,0.5162358,0
img_00502_2024,1.0,0.7468653,0
img_00443_p01_2024,1.0,0.98115873,1
img_00443_p02_2024,1.0,0.9828743,1
img_00443_p03_2024,1.0,0.61748517,0
img_00443_p04_2024,1.0,0.9698504,1
img_00500_2024,1.0,0.8274288,1
img_00472_p01_2024,1.0,0.9937894,1
img_00472_p02_2024,1.0,0.9951976,1
img_00504_2024,1.0,0.91133827,1
img_00505_2024,1.0,0.87774646,1
img_00499_2024,1.0,0.16983661,0
img_00506_2024,1.0,0.9946662,1
img_00509_2024,1.0,0.9871114,1
img_00510_2024,1.0,0.17477591,0
img_00514_2024,1.0,0.3959202,0
img_00503_p01_2024,1.0,0.43777564,0
img_00503_p02_2024,1.0,0.8264902,1
img_00458_p01_2024,1.0,0.96046245,1
img_00458_p02_2024,1.0,0.9856163,1
img_00458_p03_2024,1.0,0.98033535,1
img_00458_p04_2024,1.0,0.99239165,1
img_00515_2024,1.0,0.3393735,0
img_00507_2024,1.0,0.5374362,0
img_00517_2024,1.0,0.06680213,0
img_00518_2024,1.0,0.14675502,0
img_00519_2024,1.0,0.903612,1
img_00513_2024,1.0,0.95897776,1
img_00427_p01_2024,1.0,0.99819994,1
img_00427_p02_2024,1.0,0.96516734,1
img_00427_p03_2024,1.0,0.69806075,0
img_00427_p04_2024,1.0,0.9985417,1
img_00427_p05_2024,1.0,0.6453386,0
img_00427_p06_2024,1.0,0.9962281,1
img_00522_2024,1.0,0.47694337,0
img_00511_2024,1.0,0.99500245,1
img_00523_2024,1.0,0.25239995,0
img_00410_p01_2024,1.0,0.95519733,1
img_00410_p02_2024,1.0,0.77745664,0
img_00410_p03_2024,1.0,0.9451438,1
img_00410_p04_2024,1.0,0.8529169,1
img_00410_p05_2024,1.0,0.72230315,0
img_00410_p06_2024,1.0,0.9913133,1
img_00410_p07_2024,1.0,0.9513013,1
img_00410_p08_2024,1.0,0.98014235,1
img_00410_p09_2024,1.0,0.8031608,1
img_00524_2024,1.0,0.38785735,0
img_00526_2024,1.0,0.85641795,1
img_00525_2024,1.0,0.215012,0
img_00527_2024,1.0,0.564515,0
img_00529_2024,1.0,0.7083143,0
img_00439_p01_2024,1.0,0.9068208,1
img_00439_p02_2024,1.0,0.94058865,1
img_00439_p03_2024,1.0,0.9991861,1
img_00439_p04_2024,1.0,0.8769775,1
img_00439_p05_2024,1.0,0.98343545,1
img_00439_p06_2024,1.0,0.9921991,1
img_00439_p07_2024,1.0,0.9955071,1
img_00439_p08_2024,1.0,0.9926448,1
img_00530_2024,1.0,0.82095075,1
img_00533_2024,1.0,0.99750143,1
img_00531_2024,1.0,0.5229975,0
img_00535_2024,1.0,0.55036503,0
img_00520_p01_2024,1.0,0.8925842,1
img_00520_p02_2024,1.0,0.6161696,0
img_00496_p01_2024,1.0,0.9933466,1
img_00496_p02_2024,1.0,0.98799473,1
img_00496_p03_2024,1.0,0.97083044,1
img_00496_p04_2024,1.0,0.9717885,1
img_00534_2024,1.0,0.34231752,0
img_00532_2024,1.0,0.9648613,1
img_00537_2024,1.0,0.86889935,1
img_00541_2024,1.0,0.2621488,0
img_00543_2024,1.0,0.92733455,1
img_00538_2024,1.0,0.96980894,1
img_00544_2024,1.0,0.9798409,1
img_00542_2024,1.0,0.32781196,0
img_00540_2024,1.0,0.58861446,0
img_00546_2024,1.0,0.9827512,1
img_00547_2024,1.0,0.3105771,0
img_00548_2024,1.0,0.35678208,0
img_00536_p01_2024,1.0,0.8011371,1
img_00536_p02_2024,1.0,0.99263024,1
img_00549_2024,1.0,0.90724653,1
img_00552_2024,1.0,0.46822506,0
img_00554_2024,1.0,0.44522798,0
img_00550_2024,1.0,0.91873264,1
img_00553_2024,1.0,0.91723925,1
img_00508_p01_2024,1.0,0.993558,1
img_00508_p02_2024,1.0,0.99784505,1
img_00508_p03_2024,1.0,0.98734194,1
img_00508_p04_2024,1.0,0.9671184,1
img_00508_p05_2024,1.0,0.98868656,1
img_00516_p01_2024,1.0,0.9871293,1
img_00516_p02_2024,1.0,0.98912853,1
img_00516_p03_2024,1.0,0.99926335,1
img_00516_p04_2024,1.0,0.9955558,1
img_00556_2024,1.0,0.28932366,0
img_00512_p01_2024,1.0,0.8391668,1
img_00512_p02_2024,1.0,0.85914713,1
img_00512_p03_2024,1.0,0.96619684,1
img_00512_p04_2024,1.0,0.13084763,0
img_00512_p05_2024,1.0,0.87568665,1
img_00512_p06_2024,1.0,0.70749795,0
img_00555_2024,1.0,0.2089623,0
img_00559_2024,1.0,0.14472328,0
img_00485_p01_2024,1.0,0.7849389,0
img_00485_p02_2024,1.0,0.86715966,1
img_00485_p03_2024,1.0,0.88361615,1
img_00485_p04_2024,1.0,0.9991725,1
img_00485_p05_2024,1.0,0.9461536,1
img_00485_p06_2024,1.0,0.99182737,1
img_00485_p07_2024,1.0,0.9905301,1
img_00563_2024,1.0,0.9406395,1
img_00558_2024,1.0,0.7042442,0
img_00562_2024,1.0,0.99284756,1
img_00564_2024,1.0,0.96693,1
img_00561_2024,1.0,0.8784929,1
img_00521_p01_2024,1.0,0.9490904,1
img_00521_p02_2024,1.0,0.84495246,1
img_00521_p03_2024,1.0,0.90413415,1
img_00521_p04_2024,1.0,0.9327435,1
img_00560_2024,1.0,0.38395464,0
img_00566_2024,1.0,0.27660444,0
img_00567_2024,1.0,0.39550763,0
img_00565_2024,1.0,0.27660233,0
img_00571_2024,1.0,0.63890725,0
img_00570_2024,1.0,0.5352907,0
img_00572_2024,1.0,0.5199381,0
img_00574_2024,1.0,0.74151945,0
img_00573_2024,1.0,0.1055937,0
img_00569_2024,1.0,0.06280886,0
img_00545_p01_2024,1.0,0.98167,1
img_00545_p02_2024,1.0,0.9769981,1
img_00575_2024,1.0,0.24537215,0
img_00578_2024,1.0,0.9775119,1
img_00539_p01_2024,1.0,0.9487729,1
img_00539_p02_2024,1.0,0.9122862,1
img_00539_p03_2024,1.0,0.516969,0
img_00539_p04_2024,1.0,0.9491164,1
img_00577_2024,1.0,0.7301556,0
img_00576_2024,1.0,0.92004776,1
img_00568_2024,1.0,0.9897612,1
img_00583_2024,1.0,0.4999637,0
img_00581_2024,1.0,0.22910795,0
img_00580_2024,1.0,0.8948576,1
img_00585_2024,1.0,0.9050576,1
img_00579_2024,1.0,0.9879629,1
img_00584_2024,1.0,0.10389167,0
img_00586_2024,1.0,0.10431997,0
img_00587_2024,1.0,0.46664634,0
img_00582_2024,1.0,0.08010324,0
img_00588_2024,1.0,0.46257025,0
img_00590_2024,1.0,0.99432486,1
img_00589_2024,1.0,0.553067,0
img_00551_p01_2024,1.0,0.9477763,1
img_00551_p02_2024,1.0,0.94989365,1
img_00551_p03_2024,1.0,0.9811616,1
img_00551_p04_2024,1.0,0.9761855,1
img_00591_2024,1.0,0.46460158,0
img_00592_2024,1.0,0.2296898,0
img_00595_2024,1.0,0.8297899,1
img_00597_2024,1.0,0.21823941,0
img_00596_2024,1.0,0.37076035,0
img_00599_2024,1.0,0.870016,1
img_00603_2024,1.0,0.8972685,1
img_00604_2024,1.0,0.9947189,1
img_00606_2024,1.0,0.31758267,0
img_00594_2024,1.0,0.94770765,1
img_00601_2024,1.0,0.98949695,1
img_00607_2024,1.0,0.9683592,1
img_00608_2024,1.0,0.96524686,1
img_00598_p01_2024,1.0,0.6408155,0
img_00598_p02_2024,1.0,0.9543355,1
img_00613_2024,1.0,0.9592996,1
img_00615_2024,1.0,0.8196642,1
img_00557_p01_2024,1.0,0.94541377,1
img_00557_p02_2024,1.0,0.9914824,1
img_00557_p03_2024,1.0,0.856302,1
img_00557_p04_2024,1.0,0.9880923,1
img_00605_2024,1.0,0.9755045,1
img_00614_2024,1.0,0.09444925,0
img_00616_2024,1.0,0.97513413,1
img_00617_2024,1.0,0.78899306,0
img_00612_2024,1.0,0.7976816,0
img_00618_2024,1.0,0.8420251,1
img_00619_2024,1.0,0.9350764,1
img_00621_2024,1.0,0.97476816,1
img_00622_2024,1.0,0.97838527,1
img_00623_2024,1.0,0.25681472,0
img_00625_2024,1.0,0.7102619,0
img_00611_2024,1.0,0.8811987,1
img_00471_p01_2024,1.0,0.99341595,1
img_00471_p02_2024,1.0,0.81290543,1
img_00471_p03_2024,1.0,0.9802508,1
img_00471_p04_2024,1.0,0.9867754,1
img_00471_p05_2024,1.0,0.97729266,1
img_00471_p06_2024,1.0,0.9975152,1
img_00471_p07_2024,1.0,0.99703276,1
img_00471_p08_2024,1.0,0.95755196,1
img_00471_p09_2024,1.0,0.99519664,1
img_00471_p10_2024,1.0,0.99900824,1
img_00471_p11_2024,1.0,0.99684095,1
img_00620_2024,1.0,0.96010506,1
img_00629_2024,1.0,0.080279626,0
img_00627_2024,1.0,0.9021693,1
img_00624_2024,1.0,0.91849124,1
img_00631_2024,1.0,0.017033888,0
img_00626_2024,1.0,0.060001917,0
img_00161_p01_2024,1.0,0.9965609,1
img_00161_p02_2024,1.0,0.93131286,1
img_00161_p03_2024,1.0,0.9917395,1
img_00161_p04_2024,1.0,0.86405814,1
img_00161_p05_2024,1.0,0.94988763,1
img_00161_p06_2024,1.0,0.9720185,1
img_00161_p07_2024,1.0,0.99807906,1
img_00161_p08_2024,1.0,0.996588,1
img_00161_p09_2024,1.0,0.9948783,1
img_00161_p10_2024,1.0,0.7941647,0
img_00161_p11_2024,1.0,0.9989766,1
img_00161_p12_2024,1.0,0.9901086,1
img_00161_p13_2024,1.0,0.7842901,0
img_00161_p15_2024,1.0,0.93838227,1
img_00161_p16_2024,1.0,0.761184,0
img_00161_p17_2024,1.0,0.6903134,0
img_00161_p18_2024,1.0,0.9996834,1
img_00161_p19_2024,1.0,0.9986267,1
img_00630_2024,1.0,0.88273984,1
img_00632_2024,1.0,0.60035354,0
img_00636_2024,1.0,0.2336934,0
img_00635_2024,1.0,0.9587912,1
img_00634_2024,1.0,0.3772729,0
img_00638_2024,1.0,0.8634018,1
img_00639_2024,1.0,0.32700235,0
img_00640_2024,1.0,0.96065605,1
img_00641_2024,1.0,0.986262,1
img_00633_2024,1.0,0.86996996,1
img_00645_2024,1.0,0.8849271,1
img_00643_2024,1.0,0.26271552,0
img_00528_p01_2024,1.0,0.995793,1
img_00528_p02_2024,1.0,0.9876369,1
img_00528_p03_2024,1.0,0.98865384,1
img_00528_p04_2024,1.0,0.9598125,1
img_00528_p05_2024,1.0,0.77960825,0
img_00528_p06_2024,1.0,0.97908247,1
img_00528_p07_2024,1.0,0.030825157,0
img_00528_p08_2024,1.0,0.7258362,0
img_00528_p09_2024,1.0,0.68359023,0
img_00647_2024,1.0,0.54680413,0
img_00649_2024,1.0,0.94672143,1
img_00650_2024,1.0,0.05337766,0
img_00642_2024,1.0,0.023541866,0
img_00652_2024,1.0,0.7636847,0
img_00637_p01_2024,1.0,0.995555,1
img_00637_p02_2024,1.0,0.9055811,1
img_00644_2024,1.0,0.9977182,1
img_00653_2024,1.0,0.9126267,1
img_00655_2024,1.0,0.9907924,1
img_00646_p01_2024,1.0,0.9953171,1
img_00646_p02_2024,1.0,0.9993938,1
img_00602_p01_2024,1.0,0.9329821,1
img_00602_p02_2024,1.0,0.9860006,1
img_00602_p03_2024,1.0,0.99704486,1
img_00602_p04_2024,1.0,0.9983107,1
img_00602_p05_2024,1.0,0.99124324,1
img_00602_p06_2024,1.0,0.9996762,1
img_00656_2024,1.0,0.9637347,1
img_00648_p01_2024,1.0,0.9691339,1
img_00648_p02_2024,1.0,0.9568836,1
img_00662_2024,1.0,0.99285203,1
img_00659_2024,1.0,0.66182953,0
img_00658_2024,1.0,0.97175723,1
img_00660_2024,1.0,0.86428547,1
img_00661_2024,1.0,0.44235668,0
img_00663_2024,1.0,0.5884383,0
img_00664_2024,1.0,0.63059324,0
img_00665_2024,1.0,0.3927345,0
img_00669_2024,1.0,0.46244162,0
img_00668_2024,1.0,0.32404277,0
img_00667_2024,1.0,0.48023078,0
img_00672_2024,1.0,0.9792138,1
img_00670_2024,1.0,0.46252716,0
img_00671_2024,1.0,0.95889455,1
img_00673_2024,1.0,0.92893755,1
img_00674_2024,1.0,0.7530665,0
img_00675_2024,1.0,0.9845872,1
img_00666_2024,1.0,0.7973527,0
img_00676_2024,1.0,0.7994964,1
img_00600_p01_2024,1.0,0.8742462,1
img_00600_p02_2024,1.0,0.12313379,0
img_00600_p03_2024,1.0,0.014553199,0
img_00600_p04_2024,1.0,0.891741,1
img_00600_p05_2024,1.0,0.84276175,1
img_00600_p06_2024,1.0,0.8049599,1
img_00677_2024,1.0,0.45584136,0
img_00609_p01_2024,1.0,0.97935027,1
img_00609_p02_2024,1.0,0.9972223,1
img_00609_p03_2024,1.0,0.99741995,1
img_00609_p04_2024,1.0,0.9920184,1
img_00609_p05_2024,1.0,0.99981326,1
img_00609_p06_2024,1.0,0.938759,1
img_00681_2024,1.0,0.97621197,1
img_00679_2024,1.0,0.74021214,0
img_00682_2024,1.0,0.9909575,1
img_00497_p01_2024,1.0,0.9511491,1
img_00497_p02_2024,1.0,0.99370146,1
img_00497_p03_2024,1.0,0.961767,1
img_00497_p04_2024,1.0,0.92156076,1
img_00497_p05_2024,1.0,0.66218686,0
img_00497_p06_2024,1.0,0.9923349,1
img_00497_p07_2024,1.0,0.9972892,1
img_00497_p08_2024,1.0,0.9989152,1
img_00497_p09_2024,1.0,0.9577129,1
img_00497_p10_2024,1.0,0.7275472,0
img_00497_p11_2024,1.0,0.9705558,1
img_00497_p12_2024,1.0,0.65397215,0
img_00497_p13_2024,1.0,0.92081136,1
img_00497_p14_2024,1.0,0.96372825,1
img_00497_p15_2024,1.0,0.85529155,1
img_00687_2024,1.0,0.25888073,0
img_00684_2024,1.0,0.65733665,0
img_00680_2024,1.0,0.5030522,0
img_00683_2024,1.0,0.222226,0
img_00686_2024,1.0,0.88844764,1
img_00688_2024,1.0,0.55984753,0
img_00690_2024,1.0,0.9299892,1
img_00691_2024,1.0,0.2938249,0
img_00685_2024,1.0,0.018156482,0
img_00697_2024,1.0,0.26899195,0
img_00695_2024,1.0,0.75921744,0
img_00693_2024,1.0,0.47531408,0
img_00692_2024,1.0,0.84339964,1
img_00027_p01_2024,1.0,0.8060943,1
img_00027_p02_2024,1.0,0.16516612,0
img_00027_p03_2024,1.0,0.60711634,0
img_00027_p04_2024,1.0,0.8778034,1
img_00027_p05_2024,1.0,0.9847622,1
img_00027_p06_2024,1.0,0.9742687,1
img_00027_p07_2024,1.0,0.9992587,1
img_00027_p08_2024,1.0,0.9905759,1
img_00027_p09_2024,1.0,0.40305418,0
img_00027_p10_2024,1.0,0.6756859,0
img_00027_p11_2024,1.0,0.9973562,1
img_00027_p12_2024,1.0,0.78356963,0
img_00027_p13_2024,1.0,0.9927833,1
img_00027_p14_2024,1.0,0.9979559,1
img_00027_p15_2024,1.0,0.9895342,1
img_00027_p16_2024,1.0,0.99243116,1
img_00027_p17_2024,1.0,0.65224695,0
img_00027_p18_2024,1.0,0.992965,1
img_00027_p19_2024,1.0,0.99854374,1
img_00027_p20_2024,1.0,0.99649435,1
img_00027_p21_2024,1.0,0.99572194,1
img_00027_p22_2024,1.0,0.9878946,1
img_00027_p23_2024,1.0,0.8706646,1
img_00027_p24_2024,1.0,0.9936446,1
img_00027_p25_2024,1.0,0.94895935,1
img_00698_2024,1.0,0.41413233,0
img_00699_2024,1.0,0.83613175,1
img_00694_2024,1.0,0.23806882,0
img_00700_2024,1.0,0.8167747,1
img_00678_p01_2024,1.0,0.17889288,0
img_00678_p02_2024,1.0,0.68490493,0
img_00703_2024,1.0,0.95426154,1
img_00701_2024,1.0,0.90880716,1
img_00704_2024,1.0,0.9913105,1
img_00707_2024,1.0,0.7980896,1
img_00710_2024,1.0,0.8933705,1
img_00702_2024,1.0,0.03097106,0
img_00708_2024,1.0,0.83152014,1
img_00709_2024,1.0,0.79343706,0
img_00715_2024,1.0,0.96431756,1
img_00711_2024,1.0,0.035550665,0
img_00716_2024,1.0,0.90992373,1
img_00717_2024,1.0,0.6295448,0
img_00719_2024,1.0,0.92198634,1
img_00722_2024,1.0,0.3575836,0
img_00610_p01_2024,1.0,0.9964675,1
img_00610_p02_2024,1.0,0.99606305,1
img_00610_p03_2024,1.0,0.998966,1
img_00610_p04_2024,1.0,0.99104077,1
img_00610_p05_2024,1.0,0.9989604,1
img_00610_p06_2024,1.0,0.98192513,1
img_00610_p07_2024,1.0,0.9713615,1
img_00610_p08_2024,1.0,0.9851815,1
img_00720_2024,1.0,0.3443998,0
img_00657_p01_2024,1.0,0.9997577,1
img_00657_p02_2024,1.0,0.97270036,1
img_00657_p03_2024,1.0,0.41831896,0
img_00657_p04_2024,1.0,0.93131155,1
img_00723_2024,1.0,0.9988267,1
img_00724_2024,1.0,0.5467626,0
img_00706_p01_2024,1.0,0.9263092,1
img_00706_p02_2024,1.0,0.9410026,1
img_00654_p01_2024,1.0,0.9191942,1
img_00654_p02_2024,1.0,0.9676216,1
img_00654_p03_2024,1.0,0.6657673,0
img_00654_p04_2024,1.0,0.8611549,1
img_00654_p05_2024,1.0,0.94651514,1
img_00654_p06_2024,1.0,0.9974196,1
img_00725_2024,1.0,0.5739971,0
img_00726_2024,1.0,0.07470962,0
img_00730_2024,1.0,0.99640095,1
img_00696_2024,1.0,0.5568451,0
img_00731_2024,1.0,0.9839978,1
img_00728_2024,1.0,0.93713075,1
img_00729_2024,1.0,0.9650323,1
img_00735_2024,1.0,0.67433184,0
img_00727_2024,1.0,0.75472593,0
img_00705_2024,1.0,0.86612487,1
img_00738_2024,1.0,0.63399965,0
img_00732_2024,1.0,0.80930656,1
img_00736_2024,1.0,0.62457,0
img_00733_2024,1.0,0.868854,1
img_00737_2024,1.0,0.670936,0
img_00739_2024,1.0,0.04778289,0
img_00713_2024,1.0,0.9668103,1
img_00721_2024,1.0,0.8679023,1
img_00740_2024,1.0,0.9633499,1
img_00744_2024,1.0,0.7196482,0
img_00734_2024,1.0,0.9364004,1
img_00745_2024,1.0,0.20782812,0
img_00743_2024,1.0,0.98368025,1
img_00748_2024,1.0,0.12965786,0
img_00742_2024,1.0,0.9558517,1
img_00718_2024,1.0,0.65032345,0
img_00749_2024,1.0,0.9625299,1
img_00746_2024,1.0,0.2998143,0
img_00751_2024,1.0,0.8994279,1
img_00752_2024,1.0,0.9814767,1
img_00754_2024,1.0,0.56706065,0
img_00753_2024,1.0,0.42596132,0
img_00756_2024,1.0,0.9996226,1
img_00762_2024,1.0,0.18656291,0
img_00758_2024,1.0,0.7418141,0
img_00759_2024,1.0,0.8661311,1
img_00741_p01_2024,1.0,0.09784746,0
img_00741_p02_2024,1.0,0.6047045,0
img_00755_2024,1.0,0.38415027,0
img_00760_2024,1.0,0.95596445,1
img_00712_p01_2024,1.0,0.75428724,0
img_00712_p02_2024,1.0,0.9569418,1
img_00761_2024,1.0,0.6118135,0
img_00764_2024,1.0,0.6758529,0
img_00757_2024,1.0,0.48379353,0
img_00766_2024,1.0,0.52671367,0
img_00763_2024,1.0,0.9517,1
img_00768_2024,1.0,0.98216665,1
img_00767_2024,1.0,0.23242787,0
img_00765_2024,1.0,0.087447144,0
img_00689_p01_2024,1.0,0.47120744,0
img_00689_p02_2024,1.0,0.4786924,0
img_00689_p03_2024,1.0,0.20490383,0
img_00689_p04_2024,1.0,0.9650863,1
img_00689_p05_2024,1.0,0.99196446,1
img_00689_p06_2024,1.0,0.40556923,0
img_00750_p01_2024,1.0,0.9454214,1
img_00750_p02_2024,1.0,0.99159086,1
img_00628_p01_2024,1.0,0.98035264,1
img_00628_p02_2024,1.0,0.9952779,1
img_00628_p03_2024,1.0,0.6123303,0
img_00628_p04_2024,1.0,0.9873459,1
img_00628_p05_2024,1.0,0.8719684,1
img_00628_p06_2024,1.0,0.009931551,0
img_00628_p07_2024,1.0,0.97077626,1
img_00628_p08_2024,1.0,0.99580425,1
img_00628_p09_2024,1.0,0.75724506,0
img_00769_2024,1.0,0.35153255,0
img_00771_2024,1.0,0.8850176,1
img_00770_2024,1.0,0.894524,1
img_00776_2024,1.0,0.08549127,0
img_00774_2024,1.0,0.9640742,1
img_00775_2024,1.0,0.9799886,1
img_00777_2024,1.0,0.020087477,0
img_00778_2024,1.0,0.12980536,0
img_00773_2024,1.0,0.8683716,1
img_00781_2024,1.0,0.52825147,0
img_00782_2024,1.0,0.9402959,1
img_00779_2024,1.0,0.969087,1
img_00785_2024,1.0,0.10754274,0
img_00787_2024,1.0,0.8240598,1
img_00780_2024,1.0,0.8055436,1
img_00714_p01_2024,1.0,0.9888149,1
img_00714_p02_2024,1.0,0.93027824,1
img_00714_p03_2024,1.0,0.41286442,0
img_00714_p04_2024,1.0,0.33382517,0
img_00786_2024,1.0,0.8980095,1
img_00783_2024,1.0,0.23541829,0
img_00772_2024,1.0,0.6912139,0
img_00784_2024,1.0,0.92271066,1
img_00788_2024,1.0,0.9636748,1
img_00789_2024,1.0,0.9614588,1
img_00792_2024,1.0,0.9028599,1
img_00796_2024,1.0,0.2484033,0
img_00790_2024,1.0,0.2721779,0
img_00793_2024,1.0,0.19865498,0
img_00803_2024,1.0,0.83046347,1
img_00800_2024,1.0,0.9079697,1
img_00802_2024,1.0,0.009589722,0
img_00799_2024,1.0,0.9733955,1
img_00795_2024,1.0,0.73970187,0
img_00794_2024,1.0,0.8502323,1
img_00798_2024,1.0,0.7145147,0
img_00791_2024,1.0,0.7021386,0
img_00805_2024,1.0,0.9293248,1
img_00809_2024,1.0,0.97083884,1
img_00806_2024,1.0,0.9930059,1
img_00810_2024,1.0,0.25187916,0
img_00812_2024,1.0,0.92693144,1
img_00808_2024,1.0,0.879645,1
img_00801_2024,1.0,0.9152801,1
img_00804_2024,1.0,0.9092592,1
img_00816_2024,1.0,0.531456,0
img_00807_2024,1.0,0.019221602,0
img_00813_2024,1.0,0.9878884,1
img_00811_2024,1.0,0.35750926,0
img_00819_2024,1.0,0.76208293,0
img_00814_2024,1.0,0.33642614,0
img_00818_2024,1.0,0.98498255,1
img_00815_2024,1.0,0.8794923,1
img_00821_2024,1.0,0.4905713,0
img_00822_2024,1.0,0.7235747,0
img_00820_2024,1.0,0.32742888,0
img_00826_2024,1.0,0.55041623,0
img_00823_2024,1.0,0.13058266,0
img_00829_2024,0.0,0.005134647,0
img_00830_2024,0.0,0.0031440242,0
img_00824_2024,1.0,0.95696175,1
img_00827_2024,1.0,0.4629775,0
img_00797_p01_2024,1.0,0.99296725,1
img_00797_p02_2024,1.0,0.9257052,1
img_00828_2024,0.0,0.00480454,0
img_00833_2024,0.0,0.0073618246,0
img_00835_2024,0.0,0.027513802,0
img_00834_2024,0.0,0.022801563,0
img_00825_2024,1.0,0.18592477,0
img_00832_2024,0.0,0.12021163,0
img_00836_2024,0.0,0.12604162,0
img_00837_2024,0.0,0.0075403117,0
img_00839_2024,0.0,0.0046838117,0
img_00838_2024,0.0,0.008059971,0
img_00844_2024,0.0,0.007096089,0
img_00842_2024,0.0,0.010230518,0
img_00841_2024,0.0,0.030869167,0
img_00843_2024,0.0,0.050070375,0
img_00846_2024,0.0,0.045043163,0
img_00847_2024,0.0,0.002712754,0
img_00831_2024,0.0,0.042117056,0
img_00848_2024,0.0,0.037492108,0
img_00850_2024,0.0,0.010071348,0
img_00849_2024,0.0,0.014991445,0
img_00851_2024,0.0,0.008693762,0
img_00840_2024,0.0,0.09679509,0
img_00845_2024,0.0,0.019336322,0
img_00852_2024,0.0,0.015088891,0
img_00854_2024,0.0,0.013115258,0
img_00856_2024,0.0,0.014807694,0
img_00858_2024,0.0,0.0010136367,0
img_00853_2024,0.0,0.0059001623,0
img_00857_2024,0.0,0.03371257,0
img_00855_2024,0.0,0.0098300325,0
img_00747_p01_2024,1.0,0.99360967,1
img_00747_p02_2024,1.0,0.09961125,0
img_00747_p03_2024,1.0,0.9778903,1
img_00747_p04_2024,1.0,0.80115604,1
img_00747_p05_2024,1.0,0.4586401,0
img_00747_p06_2024,1.0,0.99733233,1
img_00860_2024,0.0,0.0065501784,0
img_00859_2024,0.0,0.0066467677,0
img_00865_2024,0.0,0.14012061,0
img_00863_2024,0.0,0.002542031,0
img_00862_2024,0.0,0.013747162,0
img_00864_2024,0.0,0.015494756,0
img_00866_2024,0.0,0.0019524577,0
img_00861_2024,0.0,0.0031611444,0
img_00868_2024,0.0,0.014898258,0
img_00870_2024,0.0,0.012663232,0
img_00877_2024,0.0,0.0071521928,0
img_00874_2024,0.0,0.00030996118,0
img_00871_2024,0.0,0.014193313,0
img_00875_2024,0.0,0.018059077,0
img_00869_2024,0.0,0.012125635,0
img_00872_2024,0.0,0.005296428,0
img_00867_2024,0.0,0.7695211,0
img_00878_2024,0.0,0.011260312,0
img_00876_2024,0.0,0.004918745,0
img_00879_2024,0.0,0.009162716,0
img_00883_2024,0.0,0.06833652,0
img_00873_2024,0.0,0.011509163,0
img_00881_2024,0.0,0.0042395256,0
img_00882_2024,0.0,0.0030567965,0
img_00884_2024,0.0,0.13229908,0
img_00890_2024,0.0,0.01271535,0
img_00892_2024,0.0,0.011477531,0
img_00886_2024,0.0,0.006068235,0
img_00887_2024,0.0,0.008383572,0
img_00888_2024,0.0,0.0014803734,0
img_00889_2024,0.0,0.003537382,0
img_00891_2024,0.0,0.05726822,0
img_00894_2024,0.0,0.017656932,0
img_00895_2024,0.0,0.010626189,0
img_00893_2024,0.0,0.05962594,0
img_00896_2024,0.0,0.0041334755,0
img_00900_2024,0.0,0.028893469,0
img_00898_2024,0.0,0.008331065,0
img_00885_2024,0.0,0.013463087,0
img_00817_p01_2024,1.0,0.9845317,1
img_00817_p02_2024,1.0,0.95604944,1
img_00817_p03_2024,1.0,0.9941725,1
img_00817_p04_2024,1.0,0.982486,1
img_00897_2024,0.0,0.0035643275,0
img_00899_2024,0.0,0.8214569,1
img_00901_2024,0.0,0.009918449,0
img_00903_2024,0.0,0.008302345,0
img_00905_2024,0.0,0.0014048062,0
img_00904_2024,0.0,0.011278063,0
img_00907_2024,0.0,0.009220833,0
img_00908_2024,0.0,0.009883774,0
img_00902_2024,0.0,0.054868236,0
img_00910_2024,0.0,0.004671475,0
img_00909_2024,0.0,0.022589264,0
img_00911_2024,0.0,0.005987083,0
img_00913_2024,0.0,0.005251137,0
img_00912_2024,0.0,0.010945559,0
img_00906_2024,0.0,0.003095246,0
img_00917_2024,0.0,0.053151675,0
img_00914_2024,0.0,0.026152503,0
img_00916_2024,0.0,0.0014866514,0
img_00923_2024,0.0,0.012125474,0
img_00919_2024,0.0,0.0112446295,0
img_00915_2024,0.0,0.0042540315,0
img_00918_2024,0.0,0.008859477,0
img_00927_2024,0.0,0.0038310655,0
img_00924_2024,0.0,0.020055106,0
img_00928_2024,0.0,0.008766972,0
img_00932_2024,0.0,0.010101147,0
img_00921_2024,0.0,0.018890139,0
img_00920_2024,0.0,0.031215895,0
img_00926_2024,0.0,0.0015100332,0
img_00930_2024,0.0,0.0020961661,0
img_00922_2024,0.0,0.018152308,0
img_00925_2024,0.0,0.00711356,0
img_00931_2024,0.0,0.0042461553,0
img_00934_2024,0.0,0.5121043,0
img_00935_2024,0.0,0.019940933,0
img_00933_2024,0.0,0.0377251,0
img_00938_2024,0.0,0.015512041,0
img_00941_2024,0.0,0.009387485,0
img_00939_2024,0.0,0.008340202,0
img_00937_2024,0.0,0.057923786,0
img_00936_2024,0.0,0.02977447,0
img_00929_2024,0.0,0.12774561,0
img_00946_2024,0.0,0.008294818,0
img_00945_2024,0.0,0.0013472448,0
img_00950_2024,0.0,0.016515369,0
img_00948_2024,0.0,0.15440929,0
img_00942_2024,0.0,0.0045967405,0
img_00940_2024,0.0,0.01713213,0
img_00943_2024,0.0,0.021877801,0
img_00947_2024,0.0,0.019962652,0
img_00944_2024,0.0,0.023528298,0
img_00953_2024,0.0,0.4444674,0
img_00951_2024,0.0,0.018651841,0
img_00949_2024,0.0,0.004400606,0
img_00952_2024,0.0,0.020030469,0
img_00954_2024,0.0,0.029279396,0
img_00955_2024,0.0,0.01057012,0
img_00957_2024,0.0,0.005468421,0
img_00880_p01_2024,0.0,0.020031378,0
img_00880_p02_2024,0.0,0.014839943,0
img_00880_p03_2024,0.0,0.003578226,0
img_00880_p04_2024,0.0,0.023920128,0
img_00958_2024,0.0,0.0040305937,0
img_00960_2024,0.0,0.05435811,0
img_00964_2024,0.0,0.015745148,0
img_00967_2024,0.0,0.0065159677,0
img_00959_2024,0.0,0.011029111,0
img_00962_2024,0.0,0.031840295,0
img_00965_2024,0.0,0.011442062,0
img_00963_2024,0.0,0.015504899,0
img_00961_2024,0.0,0.58082426,0
img_00971_2024,0.0,0.008190873,0
img_00968_2024,0.0,0.034498222,0
img_00978_2024,0.0,0.001568003,0
img_00969_2024,0.0,0.027175274,0
img_00973_2024,0.0,0.035127543,0
img_00976_2024,0.0,0.015456622,0
img_00966_2024,0.0,0.0051218164,0
img_00970_2024,0.0,0.0057644565,0
img_00975_2024,0.0,0.007249183,0
img_00982_2024,0.0,0.11581609,0
img_00972_2024,0.0,0.0058196755,0
img_00981_2024,0.0,0.013630525,0
img_00977_2024,0.0,0.012969209,0
img_00979_2024,0.0,0.96296483,1
img_00980_2024,0.0,0.25405025,0
img_00974_2024,0.0,0.005080413,0
img_00984_2024,0.0,0.0035013815,0
img_00983_2024,0.0,0.47468066,0
img_00986_2024,0.0,0.01099212,0
img_00987_2024,0.0,0.017299851,0
img_00990_2024,0.0,0.0070529073,0
img_00991_2024,0.0,0.007819709,0
img_00992_2024,0.0,0.00085741276,0
img_00985_2024,0.0,0.008381087,0
img_00996_2024,0.0,0.019849695,0
img_00994_2024,0.0,0.0568688,0
img_00993_2024,0.0,0.008203802,0
img_00956_p01_2024,0.0,0.0022365747,0
img_00956_p02_2024,0.0,0.0054240436,0
img_00998_2024,0.0,0.01361714,0
img_00593_p01_2024,1.0,0.99808,1
img_00593_p02_2024,1.0,0.9949175,1
img_00593_p03_2024,1.0,0.9979832,1
img_00593_p04_2024,1.0,0.9981504,1
img_00593_p05_2024,1.0,0.9986179,1
img_00593_p06_2024,1.0,0.99898356,1
img_00593_p07_2024,1.0,0.9998889,1
img_00593_p08_2024,1.0,0.99959344,1
img_00593_p09_2024,1.0,0.9584025,1
img_00593_p10_2024,1.0,0.99749017,1
img_00593_p11_2024,1.0,0.99986815,1
img_00593_p12_2024,1.0,0.99962854,1
img_00593_p13_2024,1.0,0.99976796,1
img_00593_p14_2024,1.0,0.99430966,1
img_00593_p15_2024,1.0,0.9956934,1
img_00593_p16_2024,1.0,0.9997099,1
img_00593_p17_2024,1.0,0.99819213,1
img_00593_p18_2024,1.0,0.9769503,1
img_00593_p19_2024,1.0,0.9985488,1
img_00593_p20_2024,1.0,0.9990608,1
img_00593_p21_2024,1.0,0.9998141,1
img_00593_p22_2024,1.0,0.9983387,1
img_00989_2024,0.0,0.00976458,0
img_00997_2024,0.0,0.014130515,0
img_00999_2024,0.0,0.0010673053,0
img_00995_2024,0.0,0.00481065,0
img_01000_2024,0.0,0.030652286,0
img_01001_2024,0.0,0.016014593,0
img_01003_2024,0.0,0.28891793,0
img_01004_2024,0.0,0.008588278,0
img_01002_2024,0.0,0.0468662,0
img_01005_2024,0.0,0.0036827896,0
img_01006_2024,0.0,0.008195422,0
img_01008_2024,0.0,0.0035904078,0
img_01009_2024,0.0,0.013351378,0
img_01007_2024,0.0,0.0076725627,0
img_01013_2024,0.0,0.0032409704,0
img_01014_2024,0.0,0.008932284,0
img_01012_2024,0.0,0.01290774,0
img_01011_2024,0.0,0.046868734,0
img_01018_2024,0.0,0.03698122,0
img_01015_2024,0.0,0.013862365,0
img_01020_2024,0.0,0.013432266,0
img_01016_2024,0.0,0.004868958,0
img_01017_2024,0.0,0.019593721,0
img_01024_2024,0.0,0.01777437,0
img_01021_2024,0.0,0.004360972,0
img_00988_p01_2024,0.0,0.0024879922,0
img_00988_p02_2024,0.0,0.0018925302,0
img_01022_2024,0.0,0.0809131,0
img_01025_2024,0.0,0.0064582834,0
img_01023_2024,0.0,0.026096242,0
img_01032_2024,0.0,0.042686917,0
img_01027_2024,0.0,0.0015315857,0
img_01033_2024,0.0,0.004150083,0
img_01029_2024,0.0,0.013948856,0
img_01028_2024,0.0,0.0020977457,0
img_01035_2024,0.0,0.00547393,0
img_01031_2024,0.0,0.0047744405,0
img_01026_2024,0.0,0.073944405,0
img_01030_2024,0.0,0.007916008,0
img_01037_2024,0.0,0.43098396,0
img_01036_2024,0.0,0.004643093,0
img_01040_2024,0.0,0.0134657025,0
img_01043_2024,0.0,0.033625014,0
img_01047_2024,0.0,0.019117763,0
img_01046_2024,0.0,0.005826521,0
img_01042_2024,0.0,0.021059617,0
img_01049_2024,0.0,0.023648843,0
img_01041_2024,0.0,0.014181309,0
img_01045_2024,0.0,0.005642604,0
img_01048_2024,0.0,0.025599638,0
img_01038_2024,0.0,0.0045424276,0
img_01034_p01_2024,0.0,0.04807502,0
img_01034_p02_2024,0.0,0.043579876,0
img_01051_2024,0.0,0.0069272234,0
img_01054_2024,0.0,0.051541705,0
img_01050_2024,0.0,0.03907431,0
img_01052_2024,0.0,0.052008476,0
img_01055_2024,0.0,0.002972379,0
img_01039_p01_2024,0.0,0.0012344209,0
img_01039_p02_2024,0.0,0.0051008854,0
img_01058_2024,0.0,0.015620706,0
img_01057_2024,0.0,0.005707352,0
img_01056_2024,0.0,0.00897672,0
img_01044_2024,0.0,0.024069179,0
img_01062_2024,0.0,0.008396323,0
img_01059_2024,0.0,0.008325595,0
img_01010_p01_2024,0.0,0.008912003,0
img_01010_p02_2024,0.0,0.0075358776,0
img_01010_p03_2024,0.0,0.00053023704,0
img_01065_2024,0.0,0.0027456002,0
img_01053_2024,0.0,0.0025720482,0
img_01064_2024,0.0,0.0061808256,0
img_01060_2024,0.0,0.018635554,0
img_01068_2024,0.0,0.21863018,0
img_01067_2024,0.0,0.010763908,0
img_01061_2024,0.0,0.021314315,0
img_01066_2024,0.0,0.006023488,0
img_01076_2024,0.0,0.054854847,0
img_01070_2024,0.0,0.005637269,0
img_01072_2024,0.0,0.045085136,0
img_01081_2024,0.0,0.00437072,0
img_01073_2024,0.0,0.011944125,0
img_01069_2024,0.0,0.0020281698,0
img_01078_2024,0.0,0.01017773,0
img_01074_2024,0.0,0.029114261,0
img_01071_2024,0.0,0.13079114,0
img_01019_p01_2024,0.0,0.009767739,0
img_01019_p02_2024,0.0,0.0038978688,0
img_01019_p03_2024,0.0,0.025260758,0
img_01019_p04_2024,0.0,0.010699894,0
img_01083_2024,0.0,0.014924362,0
img_01080_2024,0.0,0.040979158,0
img_01077_2024,0.0,0.015521461,0
img_01082_2024,0.0,0.0045379903,0
img_01085_2024,0.0,0.014271473,0
img_01090_2024,0.0,0.009607773,0
img_01094_2024,0.0,0.03513741,0
img_01089_2024,0.0,0.024924925,0
img_01088_2024,0.0,0.010296058,0
img_01091_2024,0.0,0.1168586,0
img_01084_2024,0.0,0.0062462357,0
img_01095_2024,0.0,0.04319708,0
img_01086_2024,0.0,0.010093526,0
img_01097_2024,0.0,0.021590726,0
img_01099_2024,0.0,0.013295219,0
img_01096_2024,0.0,0.013421294,0
img_01098_2024,0.0,0.010168746,0
img_01092_2024,0.0,0.0042312318,0
img_01102_2024,0.0,0.00409238,0
img_01101_2024,0.0,0.0016612309,0
img_01106_2024,0.0,0.0046431394,0
img_01107_2024,0.0,0.006626862,0
img_01104_2024,0.0,0.009477469,0
img_01087_p01_2024,0.0,0.014705431,0
img_01087_p02_2024,0.0,0.008062746,0
img_01109_2024,0.0,0.05164562,0
img_01100_2024,0.0,0.0062714918,0
img_01075_p01_2024,0.0,0.007835333,0
img_01075_p02_2024,0.0,0.001795902,0
img_01075_p03_2024,0.0,0.0061538992,0
img_01110_2024,0.0,0.028476227,0
img_01093_2024,0.0,0.04471369,0
img_01111_2024,0.0,0.003427823,0
img_01114_2024,0.0,0.0068047885,0
img_01116_2024,0.0,0.019066969,0
img_01115_2024,0.0,0.5337245,0
img_01108_2024,0.0,0.02436709,0
img_01113_2024,0.0,0.114942126,0
img_01119_2024,0.0,0.01647166,0
img_01118_2024,0.0,0.005634073,0
img_01120_2024,0.0,0.005317189,0
img_01124_2024,0.0,0.0033895385,0
img_01123_2024,0.0,0.0075600706,0
img_01121_2024,0.0,0.015413627,0
img_01127_2024,0.0,0.17859338,0
img_01122_2024,0.0,0.0015600424,0
img_01130_2024,0.0,0.102957115,0
img_01132_2024,0.0,0.25947732,0
img_01126_2024,0.0,0.012064744,0
img_01128_2024,0.0,0.0041161072,0
img_01129_2024,0.0,0.09249629,0
img_01131_2024,0.0,0.0039824746,0
img_01125_2024,0.0,0.0055733407,0
img_01135_2024,0.0,0.0032443812,0
img_01103_2024,0.0,0.09947559,0
img_01138_2024,0.0,0.06959173,0
img_01141_2024,0.0,0.0075877546,0
img_01140_2024,0.0,0.015433107,0
img_01139_2024,0.0,0.004817796,0
img_01134_2024,0.0,0.0118091125,0
img_01145_2024,0.0,0.030776715,0
img_01142_2024,0.0,0.02042808,0
img_01144_2024,0.0,0.16051243,0
img_01143_2024,0.0,0.009129821,0
img_01146_2024,0.0,0.015866091,0
img_01112_2024,0.0,0.117080055,0
img_01136_2024,0.0,0.006200781,0
img_01150_2024,0.0,0.031675562,0
img_01151_2024,0.0,0.013390871,0
img_01154_2024,0.0,0.005539605,0
img_01152_2024,0.0,0.25960514,0
img_01149_2024,0.0,0.011704571,0
img_01079_p01_2024,0.0,0.0078921635,0
img_01079_p02_2024,0.0,0.009923887,0
img_01117_2024,0.0,0.031791594,0
img_01133_p01_2024,0.0,0.0003265164,0
img_01133_p02_2024,0.0,0.0051115486,0
img_01156_2024,0.0,0.01600838,0
img_01155_2024,0.0,0.035880506,0
img_01157_2024,0.0,0.008486595,0
img_01063_p01_2024,0.0,0.007189311,0
img_01063_p02_2024,0.0,0.009090096,0
img_01063_p03_2024,0.0,0.15272547,0
img_01063_p04_2024,0.0,0.016315728,0
img_01063_p05_2024,0.0,0.009772837,0
img_01063_p06_2024,0.0,0.009021989,0
img_01159_2024,0.0,0.021907449,0
img_01153_2024,0.0,0.005693889,0
img_01158_2024,0.0,0.010528113,0
img_01148_2024,0.0,0.002982568,0
img_01161_2024,0.0,0.0092563825,0
img_01165_2024,0.0,0.18790504,0
img_00651_p01_2024,1.0,0.32037187,0
img_00651_p02_2024,1.0,0.8722711,1
img_00651_p03_2024,1.0,0.91968864,1
img_00651_p04_2024,1.0,0.90742373,1
img_00651_p05_2024,1.0,0.99019474,1
img_00651_p06_2024,1.0,0.86290693,1
img_00651_p07_2024,1.0,0.9677165,1
img_00651_p08_2024,1.0,0.84920293,1
img_00651_p09_2024,1.0,0.6290366,0
img_00651_p10_2024,1.0,0.97067183,1
img_00651_p11_2024,1.0,0.9921136,1
img_00651_p12_2024,1.0,0.98819226,1
img_00651_p13_2024,1.0,0.99739325,1
img_00651_p14_2024,1.0,0.7578577,0
img_00651_p15_2024,1.0,0.9906356,1
img_00651_p16_2024,1.0,0.9599538,1
img_00651_p17_2024,1.0,0.9944153,1
img_00651_p18_2024,1.0,0.1026598,0
img_01164_2024,0.0,0.005690141,0
img_01166_2024,0.0,0.03134829,0
img_01167_2024,0.0,0.041438118,0
img_01162_2024,0.0,0.02391666,0
img_01137_p01_2024,0.0,0.0094947945,0
img_01137_p02_2024,0.0,0.005349481,0
img_01168_2024,0.0,0.002850476,0
img_01163_2024,0.0,0.0066705234,0
img_01105_2024,0.0,0.0023722674,0
img_01171_2024,0.0,0.35216594,0
img_01169_2024,0.0,0.09452024,0
img_01174_2024,0.0,0.009388128,0
img_01173_2024,0.0,0.11313369,0
img_01170_2024,0.0,0.0091825295,0
img_01172_2024,0.0,0.01272333,0
img_01147_p01_2024,0.0,0.008097295,0
img_01147_p02_2024,0.0,0.0049676565,0
img_01176_2024,0.0,0.06485994,0
img_01179_2024,0.0,0.008958955,0
img_01178_2024,0.0,0.0015862786,0
img_01175_2024,0.0,0.008355474,0
img_01184_2024,0.0,0.0038329768,0
img_01181_2024,0.0,0.005122079,0
img_01183_2024,0.0,0.0016995036,0
img_01185_2024,0.0,0.009838144,0
img_01186_2024,0.0,0.004905983,0
img_01187_2024,0.0,0.21114218,0
img_01177_2024,0.0,0.00027399114,0
img_01188_2024,0.0,0.13589835,0
img_01182_2024,0.0,0.004138413,0
img_01180_2024,0.0,0.0065917512,0
img_01160_2024,0.0,0.0034707615,0
img_01190_2024,0.0,0.0076399213,0
img_01189_2024,0.0,0.004361434,0
img_01197_2024,0.0,0.016069064,0
img_01196_2024,0.0,0.015882978,0
img_01193_2024,0.0,0.5222136,0
img_01191_2024,0.0,0.014078485,0
img_01202_2024,0.0,0.048956603,0
img_01195_2024,0.0,0.00554362,0
img_01198_2024,0.0,0.033782914,0
img_01203_2024,0.0,0.007375332,0
img_01201_2024,0.0,0.005979721,0
img_01200_2024,0.0,0.020689018,0
img_01199_2024,0.0,0.018341934,0
img_01194_2024,0.0,0.025370097,0
img_01204_2024,0.0,0.021362716,0
img_01192_2024,0.0,0.0028019806,0
img_01206_2024,0.0,0.02728577,0
img_01209_2024,0.0,0.014045826,0
img_01210_2024,0.0,0.020798346,0
img_01208_2024,0.0,0.002687147,0
img_01207_2024,0.0,0.0048633125,0
img_01213_2024,0.0,0.016494246,0
img_01212_2024,0.0,0.013679791,0
img_01217_2024,0.0,0.0030892072,0
img_01211_2024,0.0,0.0054321066,0
img_01214_2024,0.0,0.030109366,0
img_01216_2024,0.0,0.010069722,0
img_01218_2024,0.0,0.001646563,0
img_01223_2024,0.0,0.019288398,0
img_01224_2024,0.0,0.031832915,0
img_01220_2024,0.0,0.010391266,0
img_01215_2024,0.0,0.0041610165,0
img_01222_2024,0.0,0.08040839,0
img_01225_2024,0.0,0.003798564,0
img_01226_2024,0.0,0.00067575724,0
img_01219_2024,0.0,0.010914021,0
img_01227_2024,0.0,0.16520548,0
img_01228_2024,0.0,0.0028366188,0
img_01205_p01_2024,0.0,0.006092834,0
img_01205_p02_2024,0.0,0.00852914,0
img_01229_2024,0.0,0.07672914,0
img_01231_2024,0.0,0.027767017,0
img_01230_2024,0.0,0.02186779,0
img_01233_2024,0.0,0.0063227476,0
img_01232_2024,0.0,0.004508528,0
img_01234_2024,0.0,0.010807779,0
img_01236_2024,0.0,0.0025950875,0
img_01235_2024,0.0,0.008497842,0
img_01237_2024,0.0,0.023259971,0
img_01238_2024,0.0,0.013557786,0
img_01240_2024,0.0,0.009508266,0
img_01245_2024,0.0,0.009173497,0
img_01243_2024,0.0,0.008574133,0
img_01239_2024,0.0,0.04203809,0
img_01241_2024,0.0,0.015799066,0
img_01246_2024,0.0,0.0074863327,0
img_01244_2024,0.0,0.010677959,0
img_01248_2024,0.0,0.007251822,0
img_01247_2024,0.0,0.009272135,0
img_01250_2024,0.0,0.048699517,0
img_01252_2024,0.0,0.008057413,0
img_01251_2024,0.0,0.022407394,0
img_01242_2024,0.0,0.0021334542,0
img_01249_2024,0.0,0.13479301,0
img_01253_2024,0.0,0.008820726,0
img_01258_2024,0.0,0.038783934,0
img_01255_2024,0.0,0.02705915,0
img_01259_2024,0.0,0.030580657,0
img_01254_2024,0.0,0.011810744,0
img_01256_2024,0.0,0.010363187,0
img_01261_2024,0.0,0.0062113833,0
img_01263_2024,0.0,0.019683069,0
img_01265_2024,0.0,0.0012684206,0
img_01266_2024,0.0,0.006872804,0
img_01262_2024,0.0,0.0736608,0
img_01269_2024,0.0,0.011420784,0
img_01271_2024,0.0,0.0058057923,0
img_01273_2024,0.0,0.020208916,0
img_01274_2024,0.0,0.00080091396,0
img_01270_2024,0.0,0.16933502,0
img_01275_2024,0.0,0.008341203,0
img_01272_2024,0.0,0.011153123,0
img_01260_2024,0.0,0.00398412,0
img_01264_2024,0.0,0.05989731,0
img_01268_2024,0.0,0.05464335,0
img_01277_2024,0.0,0.007976051,0
img_01281_2024,0.0,0.009509568,0
img_01276_2024,0.0,0.043385535,0
img_01284_2024,0.0,0.011565092,0
img_01280_2024,0.0,0.011701752,0
img_01282_2024,0.0,0.050871972,0
img_01285_2024,0.0,0.05098212,0
img_01267_2024,0.0,0.004921011,0
img_01278_2024,0.0,0.067945704,0
img_01286_2024,0.0,0.082510196,0
img_01289_2024,0.0,0.004223171,0
img_01279_2024,0.0,0.0066530267,0
img_01292_2024,0.0,0.20275033,0
img_01291_2024,0.0,0.9343541,1
img_01293_2024,0.0,0.00080288306,0
img_01290_2024,0.0,0.0005202422,0
img_01287_2024,0.0,0.039078392,0
img_01297_2024,0.0,0.07228903,0
img_01299_2024,0.0,0.06069131,0
img_01294_2024,0.0,0.008794646,0
img_01298_2024,0.0,0.009331623,0
img_01300_2024,0.0,0.02222349,0
img_01288_2024,0.0,0.011544489,0
img_01296_2024,0.0,0.008692632,0
img_01304_2024,0.0,0.012173174,0
img_01301_2024,0.0,0.065408446,0
img_01303_2024,0.0,0.008528277,0
img_01302_2024,0.0,0.001544027,0
img_01305_2024,0.0,0.03378996,0
img_01309_2024,0.0,0.07324912,0
img_01307_2024,0.0,0.00381068,0
img_01306_2024,0.0,0.00853613,0
img_01311_2024,0.0,0.093497664,0
img_01310_2024,0.0,0.009312032,0
img_01316_2024,0.0,0.013835917,0
img_01283_2024,0.0,0.003985689,0
img_01315_2024,0.0,0.0076541817,0
img_01295_p01_2024,0.0,0.009206042,0
img_01295_p02_2024,0.0,0.004620948,0
img_01321_2024,0.0,0.010165026,0
img_01323_2024,0.0,0.013618978,0
img_01317_2024,0.0,0.36743507,0
img_01312_2024,0.0,0.9447238,1
img_01322_2024,0.0,0.033754434,0
img_01319_2024,0.0,0.007928777,0
img_01313_2024,0.0,0.0037018831,0
img_01324_2024,0.0,0.002021651,0
img_01320_2024,0.0,0.01258002,0
img_01318_2024,0.0,0.007192119,0
img_01327_2024,0.0,0.050459687,0
img_01314_2024,0.0,0.0052841376,0
img_01325_2024,0.0,0.01032271,0
img_01331_2024,0.0,0.051979776,0
img_01328_2024,0.0,0.0028694689,0
img_01334_2024,0.0,0.009129545,0
img_01330_2024,0.0,0.007850933,0
img_01336_2024,0.0,0.020758627,0
img_01335_2024,0.0,0.005416309,0
img_01329_2024,0.0,0.0066145845,0
img_01333_2024,0.0,0.021194648,0
img_01326_2024,0.0,0.005262779,0
img_01308_p01_2024,0.0,0.006181558,0
img_01308_p02_2024,0.0,0.01451086,0
img_01332_2024,0.0,0.004434041,0
img_01338_2024,0.0,0.043340683,0
img_01340_2024,0.0,0.011093964,0
img_01339_2024,0.0,0.016813781,0
img_01337_2024,0.0,0.0028778678,0
img_01341_2024,0.0,0.011891826,0
img_01350_2024,0.0,0.005300409,0
img_01348_2024,0.0,0.029099176,0
img_01346_2024,0.0,0.005601488,0
img_01342_2024,0.0,0.26668462,0
img_01343_2024,0.0,0.09378982,0
img_01349_2024,0.0,0.0074722264,0
img_01345_2024,0.0,0.007168023,0
img_01352_2024,0.0,0.16940919,0
img_01353_2024,0.0,0.024709947,0
img_01354_2024,0.0,0.0001787109,0
img_01357_2024,0.0,0.006807928,0
img_01356_2024,0.0,0.9496165,1
img_01351_2024,0.0,0.010395027,0
img_01347_2024,0.0,0.0012175721,0
img_01361_2024,0.0,0.0067178328,0
img_01363_2024,0.0,0.09327539,0
img_01362_2024,0.0,0.0026731764,0
img_01359_2024,0.0,0.040495384,0
img_01364_2024,0.0,0.002177129,0
img_01360_2024,0.0,0.016044844,0
img_01366_2024,0.0,0.014147125,0
img_01365_2024,0.0,0.006879502,0
img_01367_2024,0.0,0.025559898,0
img_01358_2024,0.0,0.010525545,0
img_01355_2024,0.0,0.014220554,0
img_01375_2024,0.0,0.0020415296,0
img_01370_2024,0.0,0.040352058,0
img_01344_p01_2024,0.0,0.0033048056,0
img_01344_p02_2024,0.0,0.009606739,0
img_01368_2024,0.0,0.005655359,0
img_01374_2024,0.0,0.016570449,0
img_01376_2024,0.0,0.14863488,0
img_01380_2024,0.0,0.12447253,0
img_01371_2024,0.0,0.0061280592,0
img_01379_2024,0.0,0.0045577534,0
img_01377_2024,0.0,0.0074820328,0
img_01382_2024,0.0,0.0043679653,0
img_01257_p01_2024,0.0,0.072578594,0
img_01257_p02_2024,0.0,0.020256924,0
img_01257_p03_2024,0.0,0.020502444,0
img_01257_p04_2024,0.0,0.01552651,0
img_01257_p05_2024,0.0,0.09044338,0
img_01257_p06_2024,0.0,0.012838613,0
img_01369_2024,0.0,0.16665187,0
img_01384_2024,0.0,0.010742867,0
img_01387_2024,0.0,0.019904532,0
img_01381_2024,0.0,0.13752073,0
img_01386_2024,0.0,0.0025844786,0
img_01383_2024,0.0,0.0059223045,0
img_01385_2024,0.0,0.0063741263,0
img_01388_2024,0.0,0.027360305,0
img_01389_2024,0.0,0.01874989,0
img_01392_2024,0.0,0.007897856,0
img_01393_2024,0.0,0.0745501,0
img_01378_2024,0.0,0.005541712,0
img_01395_2024,0.0,0.019738434,0
img_01394_2024,0.0,0.012202625,0
img_01397_2024,0.0,0.006819173,0
img_01390_2024,0.0,0.021098975,0
img_01391_2024,0.0,0.0026220095,0
img_01402_2024,0.0,0.009028702,0
img_01399_2024,0.0,0.0036467614,0
img_01401_2024,0.0,0.023499046,0
img_01403_2024,0.0,0.07806296,0
img_01409_2024,0.0,0.08802596,0
img_01406_2024,0.0,0.007228738,0
img_01404_2024,0.0,0.9135715,1
img_01398_2024,0.0,0.029351983,0
img_01408_2024,0.0,0.01304395,0
img_01407_2024,0.0,0.013789897,0
img_01400_2024,0.0,0.005860008,0
img_01411_2024,0.0,0.008843572,0
img_01412_2024,0.0,0.035068348,0
img_01410_2024,0.0,0.0120141525,0
img_01415_2024,0.0,0.2389558,0
img_01417_2024,0.0,0.010544338,0
img_01414_2024,0.0,0.0063908426,0
img_01419_2024,0.0,0.0037708213,0
img_01373_p01_2024,0.0,0.004538326,0
img_01373_p02_2024,0.0,0.016142707,0
img_01418_2024,0.0,0.0032757013,0
img_01422_2024,0.0,0.030790793,0
img_01421_2024,0.0,0.009160494,0
img_01416_2024,0.0,0.009505514,0
img_01424_2024,0.0,0.011755597,0
img_01420_2024,0.0,0.034326848,0
img_01426_2024,0.0,0.004408066,0
img_01423_2024,0.0,0.026407294,0
img_01396_p01_2024,0.0,0.008953982,0
img_01396_p02_2024,0.0,0.004108944,0
img_01432_2024,0.0,0.0026502637,0
img_01437_2024,0.0,0.017548827,0
img_01433_2024,0.0,0.0074640694,0
img_01436_2024,0.0,0.0516624,0
img_01434_2024,0.0,0.014611474,0
img_01435_2024,0.0,0.01377705,0
img_01413_p01_2024,0.0,0.0046623936,0
img_01413_p02_2024,0.0,0.01202682,0
img_01438_2024,0.0,0.014235542,0
img_01431_2024,0.0,0.0019468599,0
img_01440_2024,0.0,0.026460873,0
img_01430_2024,0.0,0.050286815,0
img_01443_2024,0.0,0.0084859375,0
img_01444_2024,0.0,0.004326481,0
img_01445_2024,0.0,0.015649151,0
img_01446_2024,0.0,0.071053274,0
img_01441_2024,0.0,0.002493698,0
img_01372_p01_2024,0.0,0.0012565175,0
img_01372_p02_2024,0.0,0.0010374631,0
img_01372_p03_2024,0.0,0.0036032521,0
img_01372_p04_2024,0.0,0.0037870638,0
img_01449_2024,0.0,0.0039561624,0
img_01448_2024,0.0,0.004862422,0
img_01450_2024,0.0,0.022223905,0
img_01453_2024,0.0,0.005672659,0
img_01442_2024,0.0,0.023617523,0
img_01452_2024,0.0,0.015595049,0
img_01447_2024,0.0,0.019678883,0
img_01451_2024,0.0,0.046500742,0
img_01456_2024,0.0,0.5768874,0
img_01455_2024,0.0,0.014422386,0
img_01425_p01_2024,0.0,0.07325441,0
img_01425_p02_2024,0.0,0.07357919,0
img_01461_2024,0.0,0.0050989497,0
img_01462_2024,0.0,0.049707983,0
img_01466_2024,0.0,0.009214998,0
img_01458_2024,0.0,0.0034337116,0
img_01463_2024,0.0,0.0011379258,0
img_01460_2024,0.0,0.0026084525,0
img_01457_2024,0.0,0.012587438,0
img_01465_2024,0.0,0.045254126,0
img_01469_2024,0.0,0.11352933,0
img_01405_p01_2024,0.0,0.015329974,0
img_01405_p02_2024,0.0,0.0425772,0
img_01405_p03_2024,0.0,0.022472588,0
img_01405_p04_2024,0.0,0.030263798,0
img_01467_2024,0.0,0.026405955,0
img_01221_p01_2024,0.0,0.014561687,0
img_01221_p02_2024,0.0,0.02866469,0
img_01221_p03_2024,0.0,0.0034127287,0
img_01221_p04_2024,0.0,0.0023707817,0
img_01221_p05_2024,0.0,0.0052908342,0
img_01221_p06_2024,0.0,0.009851433,0
img_01221_p07_2024,0.0,0.0042521292,0
img_01221_p08_2024,0.0,0.012230411,0
img_01221_p09_2024,0.0,0.009958739,0
img_01221_p10_2024,0.0,0.008916081,0
img_01221_p11_2024,0.0,0.013656373,0
img_01221_p12_2024,0.0,0.006019618,0
img_01221_p13_2024,0.0,0.008660121,0
img_01470_2024,0.0,0.005169877,0
img_01427_p01_2024,0.0,0.110918336,0
img_01427_p02_2024,0.0,0.039728217,0
img_01427_p03_2024,0.0,0.17840914,0
img_01427_p04_2024,0.0,0.0041668457,0
img_01468_2024,0.0,0.0073935245,0
img_01472_2024,0.0,0.005606638,0
img_01471_2024,0.0,0.016851358,0
img_01473_2024,0.0,0.0039145667,0
img_01477_2024,0.0,0.0057710763,0
img_01476_2024,0.0,0.017598957,0
img_01478_2024,0.0,0.011366686,0
img_01479_2024,0.0,0.5206971,0
img_01464_2024,0.0,0.0038962879,0
img_01481_2024,0.0,0.005515587,0
img_01439_p01_2024,0.0,0.014204012,0
img_01439_p02_2024,0.0,0.0035198056,0
img_01439_p03_2024,0.0,0.004546651,0
img_01439_p04_2024,0.0,0.0119088935,0
img_01480_2024,0.0,0.0034351724,0
img_01484_2024,0.0,0.052291144,0
img_01483_2024,0.0,0.0094605675,0
img_01474_2024,0.0,0.043698173,0
img_01482_2024,0.0,0.23296306,0
img_01485_2024,0.0,0.010518802,0
img_01486_2024,0.0,0.029426249,0
img_01487_2024,0.0,0.006935616,0
img_01489_2024,0.0,0.037745606,0
img_01488_2024,0.0,0.12920521,0
img_01491_2024,0.0,0.0024403806,0
img_01490_2024,0.0,0.02803935,0
img_01492_2024,0.0,0.004184578,0
img_01493_2024,0.0,0.06450619,0
img_01494_2024,0.0,0.006081611,0
img_01495_2024,0.0,0.00533305,0
img_01496_2024,0.0,0.002204474,0
img_01497_2024,0.0,0.0034455587,0
img_01498_2024,0.0,0.0075091524,0
img_01499_2024,0.0,0.0049516475,0
img_01500_2024,0.0,0.097612254,0
img_01502_2024,0.0,0.042352617,0
img_01505_2024,0.0,0.005641831,0
img_01506_2024,0.0,0.0070804637,0
img_01503_2024,0.0,0.023787148,0
img_01509_2024,0.0,0.03431878,0
img_01508_2024,0.0,0.05017832,0
img_01454_p01_2024,0.0,0.018872341,0
img_01454_p02_2024,0.0,0.008947925,0
img_01454_p03_2024,0.0,0.0030587472,0
img_01454_p04_2024,0.0,0.009904252,0
img_01510_2024,0.0,0.120537005,0
img_01501_2024,0.0,0.039225098,0
img_01512_2024,0.0,0.051774453,0
img_01511_2024,0.0,0.007712828,0
img_01428_p01_2024,0.0,0.0029404967,0
img_01428_p02_2024,0.0,0.004199308,0
img_01428_p03_2024,0.0,0.0046121,0
img_01428_p04_2024,0.0,0.0021038235,0
img_01428_p05_2024,0.0,0.0031447308,0
img_01515_2024,0.0,0.0018362104,0
img_01514_2024,0.0,0.02106061,0
img_01513_2024,0.0,0.12252651,0
img_01517_2024,0.0,0.0018972199,0
img_01507_2024,0.0,0.008243615,0
img_01516_2024,0.0,0.008320659,0
img_01504_p01_2024,0.0,0.002139917,0
img_01504_p02_2024,0.0,0.009974106,0
img_01524_2024,0.0,0.008697498,0
img_01519_2024,0.0,0.010475326,0
img_01523_2024,0.0,0.004921581,0
img_01520_2024,0.0,0.009733392,0
img_01525_2024,0.0,0.0034160758,0
img_01518_2024,0.0,0.0032367785,0
img_01521_2024,0.0,0.03542136,0
img_01530_2024,0.0,0.13328992,0
img_01527_2024,0.0,0.027109196,0
img_01526_2024,0.0,0.012804784,0
img_01531_2024,0.0,0.013383364,0
img_01533_2024,0.0,0.00360298,0
img_01532_2024,0.0,0.0024866362,0
img_01529_2024,0.0,0.27628428,0
img_01528_2024,0.0,0.0026943446,0
img_01537_2024,0.0,0.0100817075,0
img_01538_2024,0.0,0.009030976,0
img_01536_2024,0.0,0.016929906,0
img_01535_2024,0.0,0.0044033392,0
img_01539_2024,0.0,0.031458434,0
img_01540_2024,0.0,0.030309295,0
img_01541_2024,0.0,0.025993966,0
img_01544_2024,0.0,0.002121526,0
img_01543_2024,0.0,0.4745639,0
img_01542_2024,0.0,0.002460768,0
img_01546_2024,0.0,0.004399004,0
img_01548_2024,0.0,0.046420686,0
img_01549_2024,0.0,0.017837306,0
img_01555_2024,0.0,0.012944894,0
img_01553_2024,0.0,0.0049823644,0
img_01552_2024,0.0,0.01111971,0
img_01551_2024,0.0,0.009301392,0
img_01554_2024,0.0,0.0022504646,0
img_01556_2024,0.0,0.0042523975,0
img_01545_2024,0.0,0.00876391,0
img_01534_p01_2024,0.0,0.041991424,0
img_01534_p02_2024,0.0,0.004739686,0
img_01550_2024,0.0,0.0032156406,0
img_01559_2024,0.0,0.023963613,0
img_01561_2024,0.0,0.043120813,0
img_01558_2024,0.0,0.013794619,0
img_01557_2024,0.0,0.0024365045,0
img_01562_2024,0.0,0.002489872,0
img_01564_2024,0.0,0.011445769,0
img_01560_2024,0.0,0.003187037,0
img_01563_2024,0.0,0.02067321,0
img_01569_2024,0.0,0.009238301,0
img_01568_2024,0.0,0.0029257135,0
img_01566_2024,0.0,0.011864284,0
img_01567_2024,0.0,0.025668507,0
img_01572_2024,0.0,0.01521424,0
img_01570_2024,0.0,0.09006255,0
img_01547_p01_2024,0.0,0.0014534545,0
img_01547_p02_2024,0.0,0.25438216,0
img_01574_2024,0.0,0.0030971135,0
img_01571_2024,0.0,0.008879597,0
img_01576_2024,0.0,0.009485275,0
img_01579_2024,0.0,0.004128995,0
img_01577_2024,0.0,0.01376648,0
img_01565_2024,0.0,0.0022966135,0
img_01522_p01_2024,0.0,0.017673787,0
img_01522_p02_2024,0.0,0.01746071,0
img_01522_p03_2024,0.0,0.0064869723,0
img_01522_p04_2024,0.0,0.016890572,0
img_01580_2024,0.0,0.005193084,0
img_01578_2024,0.0,0.026778162,0
img_01582_2024,0.0,0.010509987,0
img_01586_2024,0.0,0.005221973,0
img_01584_2024,0.0,0.0045029176,0
img_01587_2024,0.0,0.002426232,0
img_01583_2024,0.0,0.005400988,0
img_01585_2024,0.0,0.05646766,0
img_01588_2024,0.0,0.02250124,0
img_01589_2024,0.0,0.018227512,0
img_01597_2024,0.0,0.014118902,0
img_01595_2024,0.0,0.008443906,0
img_01591_2024,0.0,0.02826425,0
img_01594_2024,0.0,0.0041906903,0
img_01596_2024,0.0,0.0025949317,0
img_01581_2024,0.0,0.01121857,0
img_01592_2024,0.0,0.009148293,0
img_01598_2024,0.0,0.004857634,0
img_01603_2024,0.0,0.008131255,0
img_01599_2024,0.0,0.026535377,0
img_01602_2024,0.0,0.25019962,0
img_01475_p01_2024,0.0,0.023895552,0
img_01475_p02_2024,0.0,0.011718964,0
img_01475_p03_2024,0.0,0.17103925,0
img_01475_p04_2024,0.0,0.01729994,0
img_01475_p05_2024,0.0,0.007758015,0
img_01475_p06_2024,0.0,0.013945898,0
img_01475_p07_2024,0.0,0.032151725,0
img_01605_2024,0.0,0.014293391,0
img_01600_2024,0.0,0.0077789826,0
img_01606_2024,0.0,0.017048808,0
img_01601_2024,0.0,0.059787914,0
img_01614_2024,0.0,0.006672015,0
img_01615_2024,0.0,0.0114921145,0
img_01610_2024,0.0,0.019686336,0
img_01616_2024,0.0,0.0052558165,0
img_01609_2024,0.0,0.01133629,0
img_01618_2024,0.0,0.24832356,0
img_01617_2024,0.0,0.015950542,0
img_01613_2024,0.0,0.0073342607,0
img_01604_2024,0.0,0.011971437,0
img_01612_2024,0.0,0.019937374,0
img_01620_2024,0.0,0.0026289446,0
img_01621_2024,0.0,0.008346009,0
img_01622_2024,0.0,0.0023952012,0
img_01619_2024,0.0,0.008094232,0
img_01623_2024,0.0,0.002490584,0
img_01624_2024,0.0,0.018251805,0
img_01625_2024,0.0,0.009929136,0
img_01628_2024,0.0,0.02717324,0
img_01607_2024,0.0,0.0026380771,0
img_01629_2024,0.0,0.008057482,0
img_01573_p01_2024,0.0,0.0070236246,0
img_01573_p02_2024,0.0,0.01577112,0
img_01573_p03_2024,0.0,0.021255862,0
img_01573_p04_2024,0.0,0.0073927543,0
img_01631_2024,0.0,0.008933521,0
img_01611_2024,0.0,0.0036820986,0
img_01633_2024,0.0,0.009090847,0
img_01635_2024,0.0,0.0211768,0
img_01630_2024,0.0,0.003841938,0
img_01608_p01_2024,0.0,0.006853543,0
img_01608_p02_2024,0.0,0.031873543,0
img_01627_2024,0.0,0.11802811,0
img_01639_2024,0.0,0.063984565,0
img_01626_2024,0.0,0.008125512,0
img_01637_2024,0.0,0.013408471,0
img_01642_2024,0.0,0.12491551,0
img_01636_2024,0.0,0.013526103,0
img_01638_2024,0.0,0.015915068,0
img_01632_2024,0.0,0.085498504,0
img_01643_2024,0.0,0.7731903,0
img_01641_2024,0.0,0.0039843796,0
img_01646_2024,0.0,0.011169617,0
img_01648_2024,0.0,0.0018218333,0
img_01647_2024,0.0,0.003822435,0
img_01644_2024,0.0,0.013897797,0
img_01645_2024,0.0,0.00660131,0
img_01593_p01_2024,0.0,0.0151750175,0
img_01593_p02_2024,0.0,0.015801156,0
img_01593_p03_2024,0.0,0.0047607706,0
img_01590_p01_2024,0.0,0.017496577,0
img_01590_p02_2024,0.0,0.0028062556,0
img_01590_p03_2024,0.0,0.028309412,0
img_01590_p04_2024,0.0,0.010613164,0
img_01590_p05_2024,0.0,0.011881084,0
img_01640_2024,0.0,0.0116406325,0
img_01649_2024,0.0,0.05726143,0
img_01650_2024,0.0,0.01905184,0
img_01654_2024,0.0,0.007106044,0
img_01651_2024,0.0,0.0063207047,0
img_01653_2024,0.0,0.0060988395,0
img_01652_2024,0.0,0.0009381098,0
img_01655_2024,0.0,0.020823741,0
img_01656_2024,0.0,0.028918987,0
img_01658_2024,0.0,0.0703139,0
img_01659_2024,0.0,0.016283058,0
img_01662_2024,0.0,0.94891715,1
img_01634_p01_2024,0.0,0.0010468488,0
img_01634_p02_2024,0.0,0.0023118716,0
img_01657_2024,0.0,0.039795123,0
img_01664_2024,0.0,0.016226595,0
img_01663_2024,0.0,0.00034318317,0
img_01665_2024,0.0,0.035128124,0
img_01667_2024,0.0,0.0095475335,0
img_01666_2024,0.0,0.04222702,0
img_01671_2024,0.0,0.00802374,0
img_01672_2024,0.0,0.00989023,0
img_01673_2024,0.0,0.0074488064,0
img_01668_2024,0.0,0.012044471,0
img_01669_2024,0.0,0.6799975,0
img_01674_2024,0.0,0.010633843,0
img_01678_2024,0.0,0.005028464,0
img_01677_2024,0.0,0.05194249,0
img_01670_2024,0.0,0.59766227,0
img_01679_2024,0.0,5.0339728e-05,0
img_01676_2024,0.0,0.0043496904,0
img_01682_2024,0.0,0.15013213,0
img_01675_2024,0.0,0.016823022,0
img_01681_2024,0.0,0.012710053,0
img_01661_p01_2024,0.0,0.39584157,0
img_01661_p02_2024,0.0,0.08219799,0
img_01680_2024,0.0,0.006101305,0
img_01684_2024,0.0,0.012548513,0
img_01685_2024,0.0,0.007839349,0
img_01683_2024,0.0,0.0051453193,0
img_01660_p01_2024,0.0,0.004313793,0
img_01660_p02_2024,0.0,0.0050019547,0
img_01689_2024,0.0,0.0006823553,0
img_01688_2024,0.0,0.0049643316,0
img_01687_2024,0.0,0.04472951,0
img_01691_2024,0.0,0.021391336,0
img_01690_2024,0.0,0.0030641714,0
img_01692_2024,0.0,0.036675457,0
img_01694_2024,0.0,0.002849285,0
img_01696_2024,0.0,0.0031052511,0
img_01695_2024,0.0,0.014759106,0
img_01703_2024,0.0,0.007356321,0
img_01697_2024,0.0,0.00067117834,0
img_01701_2024,0.0,0.009922352,0
img_01699_2024,0.0,0.01090995,0
img_01700_2024,0.0,0.009063235,0
img_01704_2024,0.0,0.009500761,0
img_01705_2024,0.0,0.01136059,0
img_01706_2024,0.0,0.0012624261,0
img_01707_2024,0.0,0.003990026,0
img_01709_2024,0.0,0.459091,0
img_01712_2024,0.0,0.02460645,0
img_01714_2024,0.0,0.01592942,0
img_01715_2024,0.0,0.0008635535,0
img_01711_2024,0.0,0.047574196,0
img_01708_2024,0.0,0.028965753,0
img_01710_2024,0.0,0.00718008,0
img_01720_2024,0.0,0.01195663,0
img_01713_2024,0.0,0.013892552,0
img_01722_2024,0.0,0.008375538,0
img_01721_2024,0.0,0.014864012,0
img_01716_2024,0.0,0.19009836,0
img_01726_2024,0.0,0.009764064,0
img_01729_2024,0.0,0.004234683,0
img_01724_2024,0.0,0.07231395,0
img_01725_2024,0.0,0.0025387951,0
img_01730_2024,0.0,0.0036844523,0
img_01731_2024,0.0,0.0024285621,0
img_01727_2024,0.0,0.013011413,0
img_01732_2024,0.0,0.04416504,0
img_01728_2024,0.0,0.0021881922,0
img_01718_2024,0.0,0.008143775,0
img_01733_2024,0.0,0.0023712195,0
img_01698_p01_2024,0.0,0.010073987,0
img_01698_p02_2024,0.0,0.022611847,0
img_01735_2024,0.0,0.0055448716,0
img_01734_2024,0.0,0.013386109,0
img_01737_2024,0.0,0.029205108,0
img_01738_2024,0.0,0.7069431,0
img_01693_p01_2024,0.0,0.014732572,0
img_01693_p02_2024,0.0,0.16456816,0
img_01693_p03_2024,0.0,0.003888074,0
img_01723_2024,0.0,0.020629233,0
img_01741_2024,0.0,0.13737468,0
img_01740_2024,0.0,0.008767469,0
img_01743_2024,0.0,0.016748417,0
img_01744_2024,0.0,0.06520495,0
img_01739_2024,0.0,0.00596266,0
img_01746_2024,0.0,0.050707363,0
img_01429_p01_2024,0.0,0.03704046,0
img_01429_p02_2024,0.0,0.025307447,0
img_01429_p03_2024,0.0,0.014701762,0
img_01429_p04_2024,0.0,0.025821837,0
img_01429_p05_2024,0.0,0.0024649515,0
img_01429_p06_2024,0.0,0.0075266613,0
img_01429_p07_2024,0.0,0.0032812625,0
img_01429_p08_2024,0.0,0.013801886,0
img_01429_p09_2024,0.0,0.01685233,0
img_01429_p10_2024,0.0,0.044520188,0
img_01429_p11_2024,0.0,0.007740968,0
img_01429_p12_2024,0.0,0.019657379,0
img_01429_p14_2024,0.0,0.00800095,0
img_01429_p15_2024,0.0,0.03918454,0
img_01429_p16_2024,0.0,0.023146192,0
img_01429_p17_2024,0.0,0.019402597,0
img_01429_p18_2024,0.0,0.015660731,0
img_01429_p19_2024,0.0,0.001001149,0
img_01742_2024,0.0,0.0030084192,0
img_01745_2024,0.0,0.0051605045,0
img_01736_2024,0.0,0.010329474,0
img_01749_2024,0.0,0.025505738,0
img_01748_2024,0.0,0.058283247,0
img_01747_2024,0.0,0.017244637,0
img_01719_2024,0.0,0.06798659,0
img_01751_2024,0.0,0.0053649344,0
img_01753_2024,0.0,0.0027025666,0
img_01750_2024,0.0,0.0017949962,0
img_01755_2024,0.0,0.07821913,0
img_01752_2024,0.0,0.031192692,0
img_01756_2024,0.0,0.053787753,0
img_01717_2024,0.0,0.002802014,0
img_01762_2024,0.0,0.026530258,0
img_01760_2024,0.0,0.007605304,0
img_01759_2024,0.0,0.015457861,0
img_01754_2024,0.0,0.011998416,0
img_01758_2024,0.0,0.006376636,0
img_01765_2024,0.0,0.008726667,0
img_01764_2024,0.0,0.010828649,0
img_01763_2024,0.0,0.013030972,0
img_01767_2024,0.0,0.009844533,0
img_01769_2024,0.0,0.0047096238,0
img_01766_2024,0.0,0.0013268896,0
img_01771_2024,0.0,0.0011513568,0
img_01770_2024,0.0,0.032490265,0
img_01761_2024,0.0,0.0016621175,0
img_01768_2024,0.0,0.0180443,0
img_01702_p01_2024,0.0,0.008149659,0
img_01702_p02_2024,0.0,0.03453873,0
img_01702_p03_2024,0.0,0.022174114,0
img_01702_p04_2024,0.0,0.03490446,0
img_01702_p05_2024,0.0,0.0086281095,0
img_01774_2024,0.0,0.005068674,0
img_01773_2024,0.0,0.017979078,0
img_01775_2024,0.0,0.007674578,0
img_01776_2024,0.0,0.03087983,0
img_01778_2024,0.0,0.022882989,0
img_01757_p01_2024,0.0,0.009649721,0
img_01757_p02_2024,0.0,0.019263862,0
img_01777_2024,0.0,0.01573615,0
img_01781_2024,0.0,0.03039811,0
img_01784_2024,0.0,0.15720601,0
img_01779_2024,0.0,0.0045340927,0
img_01780_2024,0.0,0.003739232,0
img_01782_2024,0.0,0.022805404,0
img_01772_2024,0.0,0.008846653,0
img_01783_2024,0.0,0.015653124,0
img_01575_p01_2024,0.0,0.004640696,0
img_01575_p02_2024,0.0,0.0044886703,0
img_01575_p03_2024,0.0,0.03127067,0
img_01575_p04_2024,0.0,0.0106824795,0
img_01575_p05_2024,0.0,0.018890891,0
img_01575_p06_2024,0.0,0.0067199967,0
img_01575_p07_2024,0.0,0.0104651395,0
img_01575_p08_2024,0.0,0.0039729984,0
img_01575_p09_2024,0.0,0.03829625,0
img_01575_p10_2024,0.0,0.0029190164,0
img_01575_p11_2024,0.0,0.010487725,0
img_01575_p12_2024,0.0,0.02726242,0
img_01785_2024,0.0,0.0070272107,0
img_01792_2024,0.0,0.0063899043,0
img_01789_2024,0.0,0.08637997,0
img_01790_2024,0.0,0.013754192,0
img_01791_2024,0.0,0.018957438,0
img_01794_2024,0.0,0.018187286,0
img_01786_2024,0.0,0.010540418,0
img_01796_2024,0.0,0.034887694,0
img_01795_2024,0.0,0.016416833,0
img_01787_2024,0.0,0.0064714286,0
img_01788_2024,0.0,0.014653737,0
img_01800_2024,0.0,0.011144576,0
img_01798_2024,0.0,0.008522533,0
img_01801_2024,0.0,0.99481356,1
img_01793_2024,0.0,0.23302835,0
img_01803_2024,0.0,0.07460898,0
img_01797_2024,0.0,0.009239938,0
img_01802_2024,0.0,0.030843966,0
img_01804_2024,0.0,0.0072997296,0
img_01805_2024,0.0,0.023148878,0
img_01810_2024,0.0,0.009745612,0
img_01809_2024,0.0,0.14824733,0
img_01807_2024,0.0,0.0045591556,0
img_01811_2024,0.0,0.011053437,0
img_01799_2024,0.0,0.0719085,0
img_01812_2024,0.0,0.18150188,0
img_01814_2024,0.0,0.001524446,0
img_01813_2024,0.0,0.012767509,0
img_01816_2024,0.0,0.009281956,0
img_01818_2024,0.0,0.010049166,0
img_01808_2024,0.0,0.0105256485,0
img_01819_2024,0.0,0.0042071133,0
img_01815_2024,0.0,0.034212895,0
img_01821_2024,0.0,0.037299704,0
img_01822_2024,0.0,0.009162564,0
img_01817_2024,0.0,0.015011751,0
img_01825_2024,0.0,0.04594017,0
img_01820_2024,0.0,0.0029466853,0
img_01823_2024,0.0,0.0025300821,0
img_01824_2024,0.0,0.01304939,0
img_01828_2024,0.0,0.0691379,0
img_01830_2024,0.0,0.043116838,0
img_01837_2024,0.0,0.0050389003,0
img_01827_2024,0.0,0.019612916,0
img_01832_2024,0.0,0.016778283,0
img_01829_2024,0.0,0.0127526065,0
img_01826_2024,0.0,0.006838759,0
img_01833_2024,0.0,0.0014721572,0
img_01836_2024,0.0,0.64457196,0
img_01834_2024,0.0,0.011187295,0
img_01838_2024,0.0,0.014567916,0
img_01831_2024,0.0,0.0040808017,0
img_01842_2024,0.0,0.02658255,0
img_01843_2024,0.0,0.00714167,0
img_01835_2024,0.0,0.006075803,0
img_01846_2024,0.0,0.004306833,0
img_01841_2024,0.0,0.011885937,0
img_01850_2024,0.0,0.0036933776,0
img_01851_2024,0.0,0.06300641,0
img_01839_2024,0.0,0.19027245,0
img_01848_2024,0.0,0.007403343,0
img_01845_2024,0.0,0.006858618,0
img_01854_2024,0.0,0.015807334,0
img_01853_2024,0.0,0.0035324588,0
img_01847_2024,0.0,0.014054512,0
img_01855_2024,0.0,0.002841103,0
img_01856_2024,0.0,0.018604638,0
img_01857_2024,0.0,0.06763319,0
img_01858_2024,0.0,0.7147533,0
img_01862_2024,0.0,0.0020303153,0
img_01860_2024,0.0,0.05217138,0
img_01861_2024,0.0,0.005037662,0
img_01806_p01_2024,0.0,0.011540447,0
img_01806_p02_2024,0.0,0.011469641,0
img_01806_p03_2024,0.0,0.06781053,0
img_01806_p04_2024,0.0,0.012516199,0
img_01844_p01_2024,0.0,0.8565916,1
img_01844_p02_2024,0.0,0.061552297,0
img_01859_2024,0.0,0.0022228262,0
img_01866_2024,0.0,0.010223563,0
img_01864_2024,0.0,0.1283154,0
img_01863_2024,0.0,0.12546551,0
img_01865_2024,0.0,0.0028858862,0
img_01867_2024,0.0,0.01963107,0
img_01871_2024,0.0,0.0041540633,0
img_01868_2024,0.0,0.019216757,0
img_01870_2024,0.0,0.041873485,0
img_01873_2024,0.0,0.0148511985,0
img_01869_2024,0.0,0.03541889,0
img_01876_2024,0.0,0.16859272,0
img_01877_2024,0.0,0.14979959,0
img_01883_2024,0.0,0.06758738,0
img_01880_2024,0.0,0.003034924,0
img_01874_2024,0.0,0.0052585197,0
img_01881_2024,0.0,0.032914087,0
img_01885_2024,0.0,0.17097615,0
img_01882_2024,0.0,0.0011356372,0
img_01879_2024,0.0,0.002443008,0
img_01888_2024,0.0,0.008819467,0
img_01872_2024,0.0,0.0045245686,0
img_01889_2024,0.0,0.16456923,0
img_01886_2024,0.0,0.0027276378,0
img_01878_2024,0.0,0.0044359993,0
img_01884_2024,0.0,0.015835667,0
img_01890_2024,0.0,0.017837007,0
img_01887_2024,0.0,0.07289736,0
img_01895_2024,0.0,0.036018025,0
img_01894_2024,0.0,0.115735665,0
img_01892_2024,0.0,0.73789227,0
img_01896_2024,0.0,0.0067469063,0
img_01897_2024,0.0,0.017009068,0
img_01900_2024,0.0,0.0005853226,0
img_01902_2024,0.0,0.003119703,0
img_01901_2024,0.0,0.060897738,0
img_01893_2024,0.0,0.009479022,0
img_01898_2024,0.0,0.0029743083,0
img_01903_2024,0.0,0.00871896,0
img_01899_2024,0.0,0.00911371,0
img_01904_2024,0.0,0.06203285,0
img_01907_2024,0.0,0.00831662,0
img_01905_2024,0.0,0.011280035,0
img_01906_2024,0.0,0.0076402756,0
img_01852_p01_2024,0.0,0.017919846,0
img_01852_p02_2024,0.0,0.01135668,0
img_01852_p03_2024,0.0,0.047017504,0
img_01852_p04_2024,0.0,0.0047192676,0
img_01908_2024,0.0,0.39177555,0
img_01910_2024,0.0,0.010750183,0
img_01912_2024,0.0,0.013983652,0
img_01918_2024,0.0,0.013393914,0
img_01915_2024,0.0,0.013822684,0
img_01909_2024,0.0,0.0045359745,0
img_01916_2024,0.0,0.039114513,0
img_01911_2024,0.0,0.008384912,0
img_01917_2024,0.0,0.009665359,0
img_01919_2024,0.0,0.12245122,0
img_01913_2024,0.0,0.017436625,0
img_01922_2024,0.0,0.032901894,0
img_01921_2024,0.0,0.007165516,0
img_01924_2024,0.0,0.026338203,0
img_01914_2024,0.0,0.04139643,0
img_01923_2024,0.0,0.016327694,0
img_01925_2024,0.0,0.0018791945,0
img_01930_2024,0.0,0.005341774,0
img_01927_2024,0.0,0.006704479,0
img_01891_p01_2024,0.0,0.0183026,0
img_01891_p02_2024,0.0,0.06453384,0
img_01928_2024,0.0,0.0015579922,0
img_01933_2024,0.0,0.0011348813,0
img_01929_2024,0.0,0.003812818,0
img_01931_2024,0.0,0.003523065,0
img_01849_p01_2024,0.0,0.002978892,0
img_01849_p02_2024,0.0,0.01755288,0
img_01849_p03_2024,0.0,0.008043077,0
img_01849_p04_2024,0.0,0.0019329342,0
img_01849_p05_2024,0.0,0.0047517032,0
img_01935_2024,0.0,0.0045467224,0
img_01920_2024,0.0,0.0149686765,0
img_01932_2024,0.0,0.06634971,0
img_01937_2024,0.0,0.007884397,0
img_01940_2024,0.0,0.013255158,0
img_01939_2024,0.0,0.065810174,0
img_01945_2024,0.0,0.47423574,0
img_01936_2024,0.0,0.05389186,0
img_01934_2024,0.0,0.07615938,0
img_01944_2024,0.0,0.0044998685,0
img_01943_2024,0.0,0.021625645,0
img_01946_2024,0.0,0.0040717423,0
img_01938_2024,0.0,0.0057465048,0
img_01942_2024,0.0,0.011654757,0
img_01948_2024,0.0,0.002152235,0
img_01947_2024,0.0,0.013608937,0
img_01950_2024,0.0,0.010203539,0
img_01951_2024,0.0,0.15791279,0
img_01949_2024,0.0,0.03832381,0
img_01958_2024,0.0,0.012477214,0
img_01954_2024,0.0,0.01928738,0
img_01952_2024,0.0,0.004850195,0
img_01953_2024,0.0,0.019357352,0
img_01959_2024,0.0,0.05243121,0
img_01961_2024,0.0,0.0034202747,0
img_01956_2024,0.0,0.0049325903,0
img_01955_2024,0.0,0.038634647,0
img_01963_2024,0.0,0.11140988,0
img_01967_2024,0.0,0.013408956,0
img_01957_2024,0.0,0.0033878973,0
img_01966_2024,0.0,0.0016412415,0
img_01968_2024,0.0,0.006766321,0
img_01965_2024,0.0,0.023116358,0
img_01964_2024,0.0,0.038436204,0
img_01969_2024,0.0,0.020094503,0
img_01972_2024,0.0,0.01677461,0
img_01926_p01_2024,0.0,0.068425566,0
img_01926_p02_2024,0.0,0.0044542965,0
img_01926_p03_2024,0.0,0.08410632,0
img_01926_p04_2024,0.0,0.0023997426,0
img_01974_2024,0.0,0.0032132203,0
img_01970_2024,0.0,0.001198722,0
img_01960_2024,0.0,0.002700954,0
img_01962_2024,0.0,0.0014062873,0
img_01973_2024,0.0,0.0063089095,0
img_01980_2024,0.0,0.04551439,0
img_01976_2024,0.0,0.021822,0
img_01979_2024,0.0,0.44828087,0
img_01977_2024,0.0,0.42539322,0
img_01982_2024,0.0,0.066198155,0
img_01978_2024,0.0,0.0043420293,0
img_01981_2024,0.0,0.004816831,0
img_01983_2024,0.0,0.0041163224,0
img_01975_2024,0.0,0.0027140004,0
img_01984_2024,0.0,0.40954357,0
img_01989_2024,0.0,0.009865229,0
img_01941_p01_2024,0.0,0.01571842,0
img_01941_p02_2024,0.0,0.10585352,0
img_01941_p03_2024,0.0,0.010953531,0
img_01985_2024,0.0,0.30959502,0
img_01992_2024,0.0,0.032260265,0
img_01993_2024,0.0,0.094061166,0
img_01991_2024,0.0,0.016351629,0
img_01990_2024,0.0,0.0029957728,0
img_01994_2024,0.0,0.00917673,0
img_01986_2024,0.0,0.0057514706,0
img_01995_2024,0.0,0.013596314,0
img_01997_2024,0.0,0.0028309003,0
img_02002_2024,0.0,0.04432782,0
img_01996_2024,0.0,0.054638967,0
img_02003_2024,0.0,0.007279733,0
img_01998_2024,0.0,0.0049571646,0
img_01999_2024,0.0,0.024432756,0
img_02005_2024,0.0,0.027145257,0
img_02007_2024,0.0,0.011384033,0
img_02006_2024,0.0,0.03399696,0
img_02000_2024,0.0,0.08123053,0
img_02010_2024,0.0,0.0043564048,0
img_02011_2024,0.0,0.011452099,0
img_02001_2024,0.0,0.34950742,0
img_02013_2024,0.0,0.018810943,0
img_02009_2024,0.0,0.0023378236,0
img_02008_2024,0.0,0.0012654347,0
img_02004_2024,0.0,0.002043889,0
img_01988_p01_2024,0.0,0.010858313,0
img_01988_p02_2024,0.0,0.0036596728,0
img_02015_2024,0.0,0.026532618,0
img_02012_2024,0.0,5.138617e-05,0
img_02016_2024,0.0,0.0072325994,0
img_02020_2024,0.0,0.018883955,0
img_02014_2024,0.0,0.0029780495,0
img_02019_2024,0.0,0.041779663,0
img_02018_2024,0.0,0.09593166,0
img_02017_2024,0.0,0.005161359,0
img_02025_2024,0.0,0.67215353,0
img_02026_2024,0.0,0.015932942,0
img_02028_2024,0.0,0.16415101,0
img_02023_2024,0.0,0.21187386,0
img_02021_2024,0.0,0.0015582682,0
img_02027_2024,0.0,0.030357458,0
img_02031_2024,0.0,0.19731465,0
img_02030_2024,0.0,0.016987586,0
img_02029_2024,0.0,0.16533066,0
img_02032_2024,0.0,0.0026629546,0
img_02033_2024,0.0,0.04625503,0
img_02036_2024,0.0,0.001881567,0
img_02035_2024,0.0,0.009353495,0
img_02038_2024,0.0,0.9611475,1
img_02037_2024,0.0,0.0021741996,0
img_02040_2024,0.0,0.021585198,0
img_02041_2024,0.0,0.029182088,0
img_02042_2024,0.0,0.005141189,0
img_02045_2024,0.0,0.011467949,0
img_02034_2024,0.0,0.0011566405,0
img_02043_2024,0.0,0.006589984,0
img_02044_2024,0.0,0.010024762,0
img_01971_p01_2024,0.0,0.012775927,0
img_01971_p02_2024,0.0,0.006858787,0
img_01971_p03_2024,0.0,0.01690448,0
img_01971_p04_2024,0.0,0.06657518,0
img_02048_2024,0.0,0.013599148,0
img_02039_2024,0.0,0.0023789837,0
img_02049_2024,0.0,0.03155921,0
img_02052_2024,0.0,0.013111341,0
img_02051_2024,0.0,0.005352123,0
img_02050_2024,0.0,0.002652686,0
img_02047_2024,0.0,0.008794958,0
img_02053_2024,0.0,0.009696624,0
img_02058_2024,0.0,0.020190682,0
img_02055_2024,0.0,0.010571845,0
img_02056_2024,0.0,0.06695562,0
img_02054_2024,0.0,0.014551189,0
img_02059_2024,0.0,0.014373328,0
img_02060_2024,0.0,0.15032949,0
img_02066_2024,0.0,0.05819704,0
img_02064_2024,0.0,0.9866506,1
img_02062_2024,0.0,0.16213067,0
img_02061_2024,0.0,0.006398475,0
img_02046_2024,0.0,0.0014979744,0
img_02063_2024,0.0,0.007344648,0
img_02067_2024,0.0,0.13719723,0
img_02069_2024,0.0,0.013696181,0
img_02072_2024,0.0,0.012876366,0
img_02071_2024,0.0,0.0185987,0
img_02068_2024,0.0,0.0061030956,0
img_02073_2024,0.0,0.006305778,0
img_02070_2024,0.0,0.003546134,0
img_02074_2024,0.0,0.04108668,0
img_02076_2024,0.0,0.13369599,0
img_02079_2024,0.0,0.04987825,0
img_02078_2024,0.0,0.030291751,0
img_02075_2024,0.0,0.0049114334,0
img_01987_p01_2024,0.0,0.007816995,0
img_01987_p02_2024,0.0,0.011707665,0
img_01987_p03_2024,0.0,0.01383033,0
img_01987_p04_2024,0.0,0.0036529156,0
img_02077_2024,0.0,0.008560305,0
img_02080_2024,0.0,0.15237582,0
img_02083_2024,0.0,0.07390105,0
img_02081_2024,0.0,0.0034305411,0
img_02085_2024,0.0,0.07092514,0
img_02086_2024,0.0,0.046977546,0
img_02087_2024,0.0,0.01180746,0
img_02090_2024,0.0,0.012381452,0
img_02057_p01_2024,0.0,0.014785679,0
img_02057_p02_2024,0.0,0.032550417,0
img_02057_p03_2024,0.0,0.0067917746,0
img_02089_2024,0.0,0.0064861397,0
img_02094_2024,0.0,0.0343904,0
img_02091_2024,0.0,0.15807351,0
img_02096_2024,0.0,0.017547462,0
img_02092_2024,0.0,0.005512857,0
img_02097_2024,0.0,0.009814071,0
img_02095_2024,0.0,0.2368387,0
img_02099_2024,0.0,0.023600845,0
img_02098_2024,0.0,0.0074806698,0
img_02093_2024,0.0,0.043571327,0
img_02102_2024,0.0,0.00661586,0
img_02082_p01_2024,0.0,0.0048593013,0
img_02082_p02_2024,0.0,0.0032456843,0
img_02105_2024,0.0,0.023819683,0
img_02104_2024,0.0,0.05441032,0
img_02100_2024,0.0,0.012585203,0
img_02101_2024,0.0,0.027354198,0
img_02084_p01_2024,0.0,0.01006632,0
img_02084_p02_2024,0.0,0.014881639,0
img_02107_2024,0.0,0.002578518,0
img_02110_2024,0.0,0.034454636,0
img_02022_p01_2024,0.0,0.0057699927,0
img_02022_p02_2024,0.0,0.018445514,0
img_02022_p03_2024,0.0,0.034370597,0
img_02022_p04_2024,0.0,0.020338282,0
img_02022_p05_2024,0.0,0.004098512,0
img_02022_p06_2024,0.0,0.1543972,0
img_02111_2024,0.0,0.033962008,0
img_02109_2024,0.0,0.0032782804,0
img_02115_2024,0.0,0.006675739,0
img_02116_2024,0.0,0.12511286,0
img_02108_2024,0.0,0.0026690606,0
img_02088_p01_2024,0.0,0.0042236345,0
img_02088_p02_2024,0.0,0.005794873,0
img_02113_2024,0.0,0.0015476983,0
img_02117_2024,0.0,0.06924201,0
img_02114_2024,0.0,0.17189008,0
img_02119_2024,0.0,0.039926976,0
img_02118_2024,0.0,0.83702534,1
img_02106_p01_2024,0.0,0.0032419025,0
img_02106_p02_2024,0.0,0.0044241943,0
img_02112_2024,0.0,0.046956263,0
img_02120_2024,0.0,0.007140419,0
img_02123_2024,0.0,0.0048285737,0
img_02122_2024,0.0,0.009967309,0
img_02121_2024,0.0,0.009360488,0
img_02128_2024,0.0,0.0021315962,0
img_02129_2024,0.0,0.0026348375,0
img_02125_2024,0.0,0.008286138,0
img_02103_p01_2024,0.0,0.004019301,0
img_02103_p02_2024,0.0,0.0076862327,0
img_02127_2024,0.0,0.044820692,0
img_02124_2024,0.0,0.017106479,0
img_02131_2024,0.0,0.00407987,0
img_02134_2024,0.0,0.026689406,0
img_02130_2024,0.0,0.011287127,0
img_02065_p01_2024,0.0,0.0030668657,0
img_02065_p02_2024,0.0,0.014024876,0
img_02065_p03_2024,0.0,0.0063412916,0
img_02065_p04_2024,0.0,0.0052501154,0
img_02065_p05_2024,0.0,0.0038532233,0
img_02133_2024,0.0,0.008000913,0
img_02135_2024,0.0,0.04216968,0
img_02132_2024,0.0,0.0035489982,0
img_02137_2024,0.0,0.013946993,0
img_02138_2024,0.0,0.040668864,0
img_02136_2024,0.0,0.034686293,0
img_02139_2024,0.0,0.006584782,0
img_02141_2024,0.0,0.016680721,0
img_02126_p01_2024,0.0,0.114984766,0
img_02126_p02_2024,0.0,0.017775903,0
img_02143_2024,0.0,0.022731438,0
img_02142_2024,0.0,0.060536154,0
img_02146_2024,0.0,0.020970974,0
img_02145_2024,0.0,0.016299527,0
img_02140_2024,0.0,0.003108401,0
img_02148_2024,0.0,0.004954526,0
img_02147_2024,0.0,0.0043016523,0
img_02150_2024,0.0,0.056500748,0
img_02151_2024,0.0,0.0031379159,0
img_02149_2024,0.0,0.0027089925,0
img_02157_2024,0.0,0.00056285335,0
img_02144_2024,0.0,0.0027472028,0
img_02161_2024,0.0,0.017396454,0
img_02153_2024,0.0,0.007336486,0
img_02156_2024,0.0,0.0075189886,0
img_02158_2024,0.0,0.011519806,0
img_02159_2024,0.0,0.9973412,1
img_02152_2024,0.0,0.10930976,0
img_02160_2024,0.0,0.0040895743,0
img_02163_2024,0.0,0.0058110687,0
img_02162_2024,0.0,0.006712613,0
img_02164_2024,0.0,0.104733616,0
img_02155_2024,0.0,0.0053212657,0
img_02167_2024,0.0,0.14094211,0
img_02165_2024,0.0,0.027976947,0
img_02154_2024,0.0,0.037365835,0
img_02170_2024,0.0,0.010171127,0
img_02169_2024,0.0,0.009668239,0
img_02171_2024,0.0,0.036568973,0
img_02173_2024,0.0,0.01634758,0
img_02176_2024,0.0,0.003726583,0
img_02174_2024,0.0,0.0026025835,0
img_02180_2024,0.0,0.012402928,0
img_02179_2024,0.0,0.006148451,0
img_02178_2024,0.0,0.0068602585,0
img_02168_2024,0.0,0.0025904065,0
img_02177_2024,0.0,0.01438089,0
img_02181_2024,0.0,0.009690005,0
img_02183_2024,0.0,0.009047104,0
img_02175_2024,0.0,0.0030576002,0
img_02185_2024,0.0,0.05611613,0
img_02182_2024,0.0,0.008934682,0
img_02186_2024,0.0,0.019022206,0
img_02166_p01_2024,0.0,0.0045577902,0
img_02166_p02_2024,0.0,0.007645194,0
img_02184_2024,0.0,0.010738075,0
img_02189_2024,0.0,0.020982938,0
img_02192_2024,0.0,0.008856467,0
img_02191_2024,0.0,0.031235995,0
img_02193_2024,0.0,0.03621532,0
img_02194_2024,0.0,0.023760378,0
img_02195_2024,0.0,0.002584856,0
img_02197_2024,0.0,0.7147357,0
img_02187_2024,0.0,0.01997687,0
img_02196_2024,0.0,0.002135205,0
img_02172_p01_2024,0.0,0.010175857,0
img_02172_p02_2024,0.0,0.0052618356,0
img_02188_2024,0.0,0.0035506156,0
img_02199_2024,0.0,0.023105204,0
img_02203_2024,0.0,0.10042878,0
img_02198_2024,0.0,0.045908414,0
img_02190_2024,0.0,0.031026516,0
img_02200_2024,0.0,0.025066296,0
img_02201_2024,0.0,0.009700324,0
img_02204_2024,0.0,0.031998903,0
img_02024_p01_2024,0.0,0.041248996,0
img_02024_p02_2024,0.0,0.0063583814,0
img_02024_p03_2024,0.0,0.01091574,0
img_02024_p04_2024,0.0,0.01632,0
img_02024_p05_2024,0.0,0.012487388,0
img_02024_p06_2024,0.0,0.0028956751,0
img_02024_p07_2024,0.0,0.011681333,0
img_02024_p08_2024,0.0,0.0058876486,0
img_02206_2024,0.0,0.0320504,0
img_02207_2024,0.0,0.0023273772,0
img_02205_2024,0.0,0.0065107495,0
img_02209_2024,0.0,0.005624083,0
img_02211_2024,0.0,0.013236018,0
img_02202_2024,0.0,0.014803298,0
img_02208_2024,0.0,0.050184138,0
img_02212_2024,0.0,0.005534703,0
img_02213_2024,0.0,0.010225088,0
img_02214_2024,0.0,0.011797066,0
img_02210_2024,0.0,0.48447618,0
img_02216_2024,0.0,0.041858338,0
img_02215_2024,0.0,0.0064612976,0
img_02218_2024,0.0,0.010475737,0
img_02219_2024,0.0,0.011076192,0
img_02220_2024,0.0,0.009071191,0
img_02221_2024,0.0,0.021002756,0
img_02223_2024,0.0,0.003043956,0
img_02224_2024,0.0,0.030795125,0
img_02222_2024,0.0,0.0022265532,0
img_02227_2024,0.0,0.0035811258,0
img_02217_2024,0.0,0.008074157,0
img_02228_2024,0.0,7.8490644e-05,0
img_02229_2024,0.0,0.008909279,0
img_02225_2024,0.0,0.036239903,0
img_02230_2024,0.0,0.30276647,0
img_02226_2024,0.0,0.0017656124,0
img_02232_2024,0.0,0.0023658888,0
img_02233_2024,0.0,0.0041416725,0
img_02235_2024,0.0,0.0024465537,0
img_02237_2024,0.0,0.10693154,0
img_02231_2024,0.0,0.010443429,0
img_02242_2024,0.0,0.01316784,0
img_02241_2024,0.0,0.0064640227,0
img_02244_2024,0.0,0.053648643,0
img_02245_2024,0.0,0.05790314,0
img_02239_2024,0.0,0.61791545,0
img_02238_2024,0.0,0.051353,0
img_02236_2024,0.0,0.013030881,0
img_02243_2024,0.0,0.0014041796,0
img_02250_2024,0.0,0.08568256,0
img_02246_2024,0.0,0.008777308,0
img_02248_2024,0.0,0.009300136,0
img_02251_2024,0.0,0.019617938,0
img_02247_2024,0.0,0.0068548387,0
img_02252_2024,0.0,0.032808498,0
img_02254_2024,0.0,0.028750569,0
img_02253_2024,0.0,0.0067908964,0
img_02249_2024,0.0,0.018449832,0
img_02256_2024,0.0,0.0073557077,0
img_02258_2024,0.0,0.00083983276,0
img_02257_2024,0.0,0.024043815,0
img_02255_2024,0.0,0.0106281955,0
img_02259_2024,0.0,0.0049333135,0
img_02260_2024,0.0,0.091529354,0
img_02263_2024,0.0,0.023843339,0
img_02262_2024,0.0,0.03908069,0
img_02264_2024,0.0,0.0073088985,0
img_02261_2024,0.0,0.010519408,0
img_02268_2024,0.0,0.0032073443,0
img_02271_2024,0.0,0.1179502,0
img_02265_2024,0.0,0.013996003,0
img_02269_2024,0.0,0.003830485,0
img_02270_2024,0.0,0.00662341,0
img_02267_2024,0.0,0.0047523933,0
img_02275_2024,0.0,0.008019092,0
img_02273_2024,0.0,0.006137813,0
img_02274_2024,0.0,0.003698986,0
img_02276_2024,0.0,0.0072169043,0
img_02277_2024,0.0,0.0060714795,0
img_02272_2024,0.0,0.042128127,0
img_02278_2024,0.0,0.0052473443,0
img_02280_2024,0.0,0.05255343,0
img_02279_2024,0.0,0.018450858,0
img_02281_2024,0.0,0.015968911,0
img_02234_p01_2024,0.0,0.011935001,0
img_02234_p02_2024,0.0,0.003538994,0
img_02234_p03_2024,0.0,0.0024246306,0
img_02234_p04_2024,0.0,0.011583792,0
img_02284_2024,0.0,0.0062214076,0
img_02282_2024,0.0,0.00371733,0
img_02285_2024,0.0,0.010906375,0
img_02286_2024,0.0,0.027824435,0
img_02288_2024,0.0,0.0062720096,0
img_02289_2024,0.0,0.022179853,0
img_02292_2024,0.0,0.009914559,0
img_02290_2024,0.0,0.0030419047,0
img_02291_2024,0.0,0.005497251,0
img_02294_2024,0.0,0.00010543219,0
img_02293_2024,0.0,0.5145682,0
img_02295_2024,0.0,0.10020824,0
img_02266_p01_2024,0.0,0.005835837,0
img_02266_p02_2024,0.0,0.0065080733,0
img_02283_2024,0.0,0.0043374267,0
img_02240_p01_2024,0.0,0.0023456507,0
img_02240_p02_2024,0.0,0.027507002,0
img_02240_p03_2024,0.0,0.013199548,0
img_02240_p04_2024,0.0,0.033888806,0
img_02297_2024,0.0,0.22072849,0
img_02296_2024,0.0,0.023370743,0
img_02298_2024,0.0,0.005837608,0
img_02299_2024,0.0,0.16333969,0
img_02300_2024,0.0,0.0036837712,0
img_02287_p01_2024,0.0,0.009038524,0
img_02287_p02_2024,0.0,0.0063897707,0
img_02301_2024,0.0,0.0050202184,0
img_02302_2024,0.0,0.004159575,0
img_02306_2024,0.0,0.009655432,0
img_02308_2024,0.0,0.007443355,0
img_02303_2024,0.0,0.0061902613,0
img_01686_p01_2024,0.0,0.022731323,0
img_01686_p02_2024,0.0,0.0043348493,0
img_01686_p03_2024,0.0,0.6391723,0
img_01686_p04_2024,0.0,0.023243533,0
img_01686_p05_2024,0.0,0.004298396,0
img_01686_p06_2024,0.0,0.04598605,0
img_01686_p07_2024,0.0,0.008770023,0
img_01686_p08_2024,0.0,0.0053345705,0
img_01686_p09_2024,0.0,0.0029765067,0
img_01686_p10_2024,0.0,0.0012913678,0
img_01686_p11_2024,0.0,0.015167893,0
img_01686_p12_2024,0.0,0.023106623,0
img_01686_p13_2024,0.0,0.0033802025,0
img_01686_p14_2024,0.0,0.005607959,0
img_01686_p15_2024,0.0,0.0026239778,0
img_01686_p16_2024,0.0,0.0023009595,0
img_01686_p17_2024,0.0,0.0063104974,0
img_01686_p18_2024,0.0,0.010403036,0
img_01686_p19_2024,0.0,0.002248795,0
img_01686_p20_2024,0.0,0.0033355448,0
img_01686_p21_2024,0.0,0.012826599,0
img_01686_p22_2024,0.0,0.0021425018,0
img_01686_p23_2024,0.0,0.037982907,0
img_01686_p25_2024,0.0,0.0056534475,0
img_01686_p26_2024,0.0,0.01237053,0
img_01686_p27_2024,0.0,0.015955655,0
img_01686_p28_2024,0.0,0.021262495,0
img_01686_p29_2024,0.0,0.033727586,0
img_01686_p30_2024,0.0,0.0026442823,0
img_01686_p31_2024,0.0,0.28935826,0
img_01686_p32_2024,0.0,0.07812591,0
img_01686_p33_2024,0.0,0.0132471705,0
img_02307_2024,0.0,0.043710012,0
img_02311_2024,0.0,0.0043709255,0
img_02305_2024,0.0,0.0076499237,0
img_02309_2024,0.0,0.017679004,0
img_02312_2024,0.0,0.003678535,0
img_02316_2024,0.0,0.03996763,0
img_02310_2024,0.0,0.004141747,0
img_02317_2024,0.0,0.0074100005,0
img_01875_p01_2024,0.0,0.028987985,0
img_01875_p02_2024,0.0,0.026307547,0
img_01875_p03_2024,0.0,0.13199782,0
img_01875_p04_2024,0.0,0.020629512,0
img_01875_p05_2024,0.0,0.25183174,0
img_01875_p06_2024,0.0,0.11154693,0
img_01875_p07_2024,0.0,0.19053186,0
img_01875_p08_2024,0.0,0.04847958,0
img_01875_p09_2024,0.0,0.003547189,0
img_01875_p10_2024,0.0,0.065185696,0
img_01875_p11_2024,0.0,0.008481662,0
img_01875_p12_2024,0.0,0.074994706,0
img_01875_p13_2024,0.0,0.07102577,0
img_01875_p14_2024,0.0,0.77925986,0
img_01875_p15_2024,0.0,0.07297541,0
img_01875_p16_2024,0.0,0.015271867,0
img_01875_p17_2024,0.0,0.003627189,0
img_01875_p18_2024,0.0,0.006993198,0
img_01875_p19_2024,0.0,0.015646352,0
img_01875_p20_2024,0.0,0.038909573,0
img_01875_p21_2024,0.0,0.030277371,0
img_01875_p22_2024,0.0,0.015658885,0
img_01875_p23_2024,0.0,0.018337743,0
img_01875_p24_2024,0.0,0.015249832,0
img_01875_p25_2024,0.0,0.028107192,0
img_02315_2024,0.0,0.09171525,0
img_02314_2024,0.0,0.0049827523,0
img_02319_2024,0.0,0.0040094135,0
img_02321_2024,0.0,0.03089293,0
img_02318_2024,0.0,0.014740222,0
img_02323_2024,0.0,0.0035486678,0
img_02304_p01_2024,0.0,0.0088805,0
img_02304_p02_2024,0.0,0.0030942925,0
img_02325_2024,0.0,0.010255826,0
img_02328_2024,0.0,0.06789772,0
img_02322_2024,0.0,0.014145683,0
img_02329_2024,0.0,0.014879893,0
img_02324_2024,0.0,0.00885943,0
img_02327_2024,0.0,0.0044171032,0
img_02326_2024,0.0,0.061076578,0
img_02313_2024,0.0,0.036511503,0
img_02332_2024,0.0,0.0041892203,0
img_02333_2024,0.0,0.0027722914,0
img_02331_2024,0.0,0.019887837,0
img_02334_2024,0.0,0.019544786,0
img_02337_2024,0.0,0.010183144,0
img_02336_2024,0.0,0.004940369,0
img_02330_2024,0.0,0.118932255,0
img_02340_2024,0.0,0.009774452,0
img_02335_2024,0.0,0.010563364,0
img_02339_2024,0.0,0.014924847,0
img_02320_p01_2024,0.0,0.0060037095,0
img_02320_p02_2024,0.0,0.07629107,0
img_02342_2024,0.0,0.01583896,0
img_02348_2024,0.0,0.10060703,0
img_02347_2024,0.0,0.026746074,0
img_02345_2024,0.0,0.17881948,0
img_02343_2024,0.0,0.02132192,0
img_02341_2024,0.0,0.020577049,0
img_02346_2024,0.0,0.0038175231,0
img_02338_2024,0.0,0.0027794007,0
img_02349_2024,0.0,0.01850549,0
img_02344_2024,0.0,0.008334218,0
img_02350_2024,0.0,0.02481271,0
img_02353_2024,0.0,0.071375996,0
img_02355_2024,0.0,0.00808097,0
img_02352_2024,0.0,0.008859142,0
img_02358_2024,0.0,0.042199265,0
img_02357_2024,0.0,0.019550735,0
img_02354_2024,0.0,0.01780404,0
img_02360_2024,0.0,0.002202805,0
img_02356_2024,0.0,0.0045850393,0
img_02366_2024,0.0,0.032739546,0
img_02361_2024,0.0,0.00811048,0
img_02362_2024,0.0,0.026749529,0
img_02368_2024,0.0,0.012734614,0
img_02364_2024,0.0,0.006506149,0
img_02365_2024,0.0,0.01334373,0
img_02376_2024,0.0,0.85576314,1
img_02370_2024,0.0,0.015770862,0
img_02369_2024,0.0,0.0071978997,0
img_02375_2024,0.0,0.034388673,0
img_02373_2024,0.0,0.03934936,0
img_02372_2024,0.0,0.07957961,0
img_02351_p01_2024,0.0,0.010828588,0
img_02351_p02_2024,0.0,0.01590654,0
img_02384_2024,0.0,0.00075181347,0
img_02371_2024,0.0,0.034609787,0
img_02380_2024,0.0,0.012462129,0
img_02377_2024,0.0,0.014261682,0
img_02379_2024,0.0,0.018600477,0
img_02387_2024,0.0,0.0023702653,0
img_02389_2024,0.0,0.024282232,0
img_02363_2024,0.0,0.37874123,0
img_02385_2024,0.0,0.004246298,0
img_02381_2024,0.0,0.0064366786,0
img_02383_2024,0.0,0.0040942384,0
img_02367_2024,0.0,0.08917814,0
img_02374_2024,0.0,0.014466639,0
img_02378_p01_2024,0.0,0.0041692522,0
img_02378_p02_2024,0.0,0.03960005,0
img_02390_2024,0.0,0.011746499,0
img_02391_2024,0.0,0.009423614,0
img_02394_2024,0.0,0.043317903,0
img_02392_2024,0.0,0.0018103411,0
img_02382_2024,0.0,0.018646238,0
img_02396_2024,0.0,0.011860887,0
img_02398_2024,0.0,0.0048717386,0
img_02397_2024,0.0,0.50592446,0
img_02393_2024,0.0,0.00093834,0
img_02359_2024,0.0,0.005744418,0
img_02400_2024,0.0,0.0065659564,0
img_02386_2024,0.0,0.013060652,0
img_02403_2024,0.0,0.0019198305,0
img_02404_2024,0.0,0.014542022,0
img_02388_p01_2024,0.0,0.0429365,0
img_02388_p02_2024,0.0,0.07086328,0
img_02401_2024,0.0,0.029164126,0
img_02395_2024,0.0,0.0048017753,0
img_02411_2024,0.0,0.05627114,0
img_02402_2024,0.0,0.005186417,0
img_02409_2024,0.0,0.019626996,0
img_02405_2024,0.0,0.021920843,0
img_02413_2024,0.0,0.0028066866,0
img_02414_2024,0.0,0.013983349,0
img_02417_2024,0.0,0.011813999,0
img_02406_2024,0.0,0.013381828,0
img_02407_2024,0.0,0.0029357933,0
img_02412_2024,0.0,0.021401484,0
img_02420_2024,0.0,0.017844217,0
img_02418_2024,0.0,0.007165214,0
img_02416_2024,0.0,0.07509087,0
img_02410_2024,0.0,0.056775395,0
img_02419_2024,0.0,0.026048599,0
img_02423_2024,0.0,0.02332507,0
img_02424_2024,0.0,0.0136018405,0
img_02415_2024,0.0,0.0065955617,0
img_02428_2024,0.0,0.15681091,0
img_02422_2024,0.0,0.0011119002,0
img_02430_2024,0.0,0.0043553067,0
img_02426_2024,0.0,0.012984808,0
img_02435_2024,0.0,0.11418106,0
img_02433_2024,0.0,0.1616974,0
img_02431_2024,0.0,0.003999678,0
img_02434_2024,0.0,0.05819345,0
img_02437_2024,0.0,0.036829177,0
img_02438_2024,0.0,0.008966765,0
img_02432_2024,0.0,0.005617449,0
img_02408_p01_2024,0.0,0.06291638,0
img_02408_p02_2024,0.0,0.007823895,0
img_02439_2024,0.0,0.06516193,0
img_02429_2024,0.0,0.012204844,0
img_02441_2024,0.0,0.1064609,0
img_02443_2024,0.0,0.013920191,0
img_02448_2024,0.0,0.013001599,0
img_02447_2024,0.0,0.48789868,0
img_02442_2024,0.0,0.8165211,1
img_02436_2024,0.0,0.30018088,0
img_02421_p01_2024,0.0,0.0016669394,0
img_02421_p02_2024,0.0,0.0047678403,0
img_02440_2024,0.0,0.0027402707,0
img_02445_2024,0.0,0.01049943,0
img_02451_2024,0.0,0.016952833,0
img_02444_2024,0.0,0.019606866,0
img_02446_2024,0.0,0.0037256994,0
img_02449_2024,0.0,0.0066707763,0
img_02427_p01_2024,0.0,0.0036707127,0
img_02427_p02_2024,0.0,0.022821685,0
img_02450_2024,0.0,0.054279327,0
img_02452_2024,0.0,0.22351368,0
img_02453_2024,0.0,0.0037431153,0
img_02456_2024,0.0,0.0039484194,0
img_02459_2024,0.0,0.011046038,0
img_02465_2024,0.0,0.024453966,0
img_02460_2024,0.0,0.0050401385,0
img_02467_2024,0.0,0.0051107653,0
img_02461_2024,0.0,0.02524722,0
img_02462_2024,0.0,0.007049562,0
img_02454_2024,0.0,0.003650821,0
img_02464_2024,0.0,0.028618952,0
img_02468_2024,0.0,0.012898623,0
img_02463_2024,0.0,0.0060690744,0
img_02469_2024,0.0,0.01904791,0
img_02455_2024,0.0,0.11225152,0
img_02470_2024,0.0,0.017419519,0
img_02457_2024,0.0,0.005236419,0
img_02466_2024,0.0,0.010284282,0
img_02474_2024,0.0,0.0012707604,0
img_02475_2024,0.0,0.0069567654,0
img_02480_2024,0.0,0.00545277,0
img_02472_2024,0.0,0.0007735073,0
img_02476_2024,0.0,0.023600152,0
img_02479_2024,0.0,0.17606881,0
img_02481_2024,0.0,0.007495706,0
img_02477_2024,0.0,0.014295716,0
img_02473_2024,0.0,0.011025611,0
img_02478_2024,0.0,0.00917038,0
img_02483_2024,0.0,0.019285485,0
img_02487_2024,0.0,0.0035142174,0
img_02484_2024,0.0,0.031217273,0
img_02485_2024,0.0,0.007328479,0
img_02482_2024,0.0,0.0085731475,0
img_02486_2024,0.0,0.0049442262,0
img_02488_2024,0.0,0.01064145,0
img_02493_2024,0.0,0.011430984,0
img_02489_2024,0.0,0.081265755,0
img_02490_2024,0.0,0.10553896,0
img_02495_2024,0.0,0.44746077,0
img_02491_2024,0.0,0.0023242724,0
img_02496_2024,0.0,0.001830717,0
img_02497_2024,0.0,0.014025416,0
img_02471_p01_2024,0.0,0.03161216,0
img_02471_p02_2024,0.0,0.001455539,0
img_02492_2024,0.0,0.07881394,0
img_02502_2024,0.0,0.002438015,0
img_02499_2024,0.0,0.004473495,0
img_02504_2024,0.0,0.023223925,0
img_02494_2024,0.0,0.002377013,0
img_02506_2024,0.0,0.005992011,0
img_02509_2024,0.0,0.02763981,0
img_02503_2024,0.0,0.0420426,0
img_02505_2024,0.0,0.06555814,0
img_02511_2024,0.0,0.005400957,0
img_02510_2024,0.0,0.061509714,0
img_02507_2024,0.0,0.0020533644,0
img_02514_2024,0.0,0.08907521,0
img_02425_p01_2024,0.0,0.010675984,0
img_02425_p02_2024,0.0,0.00036456835,0
img_02425_p03_2024,0.0,0.0078183925,0
img_02425_p04_2024,0.0,0.012282274,0
img_02508_2024,0.0,0.0033294647,0
img_02513_2024,0.0,0.004435856,0
img_02512_2024,0.0,0.018628255,0
img_02500_2024,0.0,0.0064988085,0
img_02515_2024,0.0,0.012622893,0
img_02520_2024,0.0,0.41878268,0
img_02517_2024,0.0,0.008918525,0
img_02521_2024,0.0,0.068389334,0
img_02519_2024,0.0,0.0052691186,0
img_02518_2024,0.0,0.010681063,0
img_02522_2024,0.0,0.040287904,0
img_02516_2024,0.0,0.0047231615,0
img_02525_2024,0.0,0.024182498,0
img_02524_2024,0.0,0.0045906026,0
img_02528_2024,0.0,0.05221346,0
img_02498_2024,0.0,0.0065368395,0
img_02523_2024,0.0,0.0027641237,0
img_02527_2024,0.0,0.0028593224,0
img_02526_2024,0.0,0.004743088,0
img_02530_2024,0.0,0.0028976032,0
img_02533_2024,0.0,0.06786646,0
img_02536_2024,0.0,0.17790683,0
img_02501_2024,0.0,0.0065058256,0
img_02534_2024,0.0,0.10051577,0
img_02531_2024,0.0,0.006552844,0
img_02535_2024,0.0,0.015360942,0
img_02539_2024,0.0,0.014291685,0
img_02532_2024,0.0,0.005258153,0
img_02543_2024,0.0,0.06634269,0
img_02399_p01_2024,0.0,0.0074414555,0
img_02399_p02_2024,0.0,0.035830215,0
img_02399_p03_2024,0.0,0.007820709,0
img_02399_p04_2024,0.0,0.006126816,0
img_02399_p05_2024,0.0,0.05753855,0
img_02399_p06_2024,0.0,0.008082143,0
img_02537_2024,0.0,0.008229619,0
img_02538_2024,0.0,0.010011009,0
img_02540_2024,0.0,0.0038257262,0
img_02541_2024,0.0,0.7102938,0
img_02542_2024,0.0,0.031053364,0
img_02546_2024,0.0,0.07585308,0
img_02545_2024,0.0,0.009676475,0
img_02549_2024,0.0,0.0074133086,0
img_02552_2024,0.0,0.01570368,0
img_02554_2024,0.0,0.116989404,0
img_02557_2024,0.0,0.005887188,0
img_02553_2024,0.0,0.008156592,0
img_02551_2024,0.0,0.0021488522,0
img_02556_2024,0.0,0.022072582,0
img_02548_2024,0.0,0.011039476,0
img_02555_2024,0.0,0.019414086,0
img_02560_2024,0.0,0.0073330454,0
img_02550_2024,0.0,0.004471098,0
img_02562_2024,0.0,0.0074080084,0
img_02565_2024,0.0,0.023247078,0
img_02544_2024,0.0,0.0060706884,0
img_02559_2024,0.0,0.008654956,0
img_02529_p01_2024,0.0,0.0041335067,0
img_02529_p02_2024,0.0,0.028266976,0
img_02564_2024,0.0,0.002519487,0
img_02558_2024,0.0,0.040401056,0
img_02561_2024,0.0,0.0013062641,0
img_02563_2024,0.0,0.04349377,0
img_02566_2024,0.0,0.009536979,0
img_02568_2024,0.0,0.0033807498,0
img_02567_2024,0.0,0.029419564,0
img_02573_2024,0.0,0.16758442,0
img_02572_2024,0.0,0.012407689,0
img_02570_2024,0.0,0.005879672,0
img_02571_2024,0.0,0.0061896043,0
img_02579_2024,0.0,0.0022414844,0
img_02547_p01_2024,0.0,0.042610146,0
img_02547_p02_2024,0.0,0.014708533,0
img_02576_2024,0.0,0.02236611,0
img_02577_2024,0.0,0.027820813,0
img_02580_2024,0.0,0.010352467,0
img_02581_2024,0.0,0.11685504,0
img_02578_2024,0.0,0.004851067,0
img_02569_2024,0.0,0.0042244825,0
img_02585_2024,0.0,0.004350062,0
img_02586_2024,0.0,0.044416238,0
img_02575_2024,0.0,0.022846974,0
img_02584_2024,0.0,0.026172804,0
img_02583_2024,0.0,0.050109435,0
img_02588_2024,0.0,0.0036847584,0
img_02587_2024,0.0,0.0035794622,0
img_02593_2024,0.0,0.01685056,0
img_02589_2024,0.0,0.020487357,0
img_02590_2024,0.0,0.007858462,0
img_02596_2024,0.0,0.0022477456,0
img_02595_2024,0.0,0.022855131,0
img_02602_2024,0.0,0.0057155383,0
img_02599_2024,0.0,0.0035196117,0
img_02594_2024,0.0,0.0029663595,0
img_02601_2024,0.0,0.010143823,0
img_02597_2024,0.0,0.011614449,0
img_02603_2024,0.0,0.005189543,0
img_02591_2024,0.0,0.0077960864,0
img_02604_2024,0.0,0.003716666,0
img_02574_2024,0.0,0.013483274,0
img_02605_2024,0.0,0.034027424,0
img_02600_2024,0.0,0.00858642,0
img_02592_2024,0.0,0.012637437,0
img_02598_2024,0.0,0.008343559,0
img_02607_2024,0.0,0.004827373,0
img_02608_2024,0.0,0.01551411,0
img_02609_2024,0.0,0.0044833743,0
img_02613_2024,0.0,0.033130877,0
img_02612_2024,0.0,0.0020067492,0
img_02614_2024,0.0,0.011230398,0
img_02606_2024,0.0,0.008832014,0
img_02615_2024,0.0,0.021334298,0
img_02621_2024,0.0,0.033298854,0
img_02619_2024,0.0,0.3285329,0
img_02618_2024,0.0,0.015362031,0
img_02622_2024,0.0,0.007274001,0
img_02610_2024,0.0,0.010667793,0
img_02624_2024,0.0,0.004219249,0
img_02616_2024,0.0,0.042427536,0
img_02623_2024,0.0,0.004149133,0
img_02625_2024,0.0,0.016649973,0
img_02611_2024,0.0,0.05060559,0
img_02627_2024,0.0,0.006375908,0
img_02620_2024,0.0,0.003692804,0
img_02630_2024,0.0,0.10511844,0
img_02626_2024,0.0,0.0098773185,0
img_02628_2024,0.0,0.22564225,0
img_02629_2024,0.0,0.08795551,0
img_02640_2024,0.0,0.007619533,0
img_02635_2024,0.0,0.0032398645,0
img_02633_2024,0.0,0.0436731,0
img_02634_2024,0.0,0.0073384065,0
img_02642_2024,0.0,0.05204087,0
img_02638_2024,0.0,0.0060513755,0
img_02641_2024,0.0,0.0063463235,0
img_02639_2024,0.0,0.011422144,0
img_02632_2024,0.0,0.012862258,0
img_02636_2024,0.0,0.0018744505,0
img_02631_2024,0.0,0.009865639,0
img_02643_2024,0.0,0.48779923,0
img_02645_2024,0.0,0.026357843,0
img_02644_2024,0.0,0.0050504985,0
img_02647_2024,0.0,0.0031753185,0
img_02646_2024,0.0,0.0049096975,0
img_02648_2024,0.0,0.0042853933,0
img_02650_2024,0.0,0.010739346,0
img_02651_2024,0.0,0.02681551,0
img_02617_p01_2024,0.0,0.0321099,0
img_02617_p02_2024,0.0,0.01562151,0
img_02617_p03_2024,0.0,0.03661493,0
img_02657_2024,0.0,0.20521556,0
img_02655_2024,0.0,0.0049338425,0
img_02652_2024,0.0,0.0012317108,0
img_02637_2024,0.0,0.0093459515,0
img_02656_2024,0.0,0.0023634634,0
img_02653_2024,0.0,0.01373006,0
img_02660_2024,0.0,0.0018072632,0
img_02649_2024,0.0,0.11266114,0
img_02665_2024,0.0,0.008101911,0
img_02659_2024,0.0,0.0030607225,0
img_02667_2024,0.0,0.005222885,0
img_02669_2024,0.0,0.014598498,0
img_02664_2024,0.0,0.024638496,0
img_02670_2024,0.0,0.013050563,0
img_02671_2024,0.0,0.10084329,0
img_02663_2024,0.0,0.026736131,0
img_02661_2024,0.0,0.0046149534,0
img_02666_2024,0.0,0.0065780915,0
img_02673_2024,0.0,0.02907759,0
img_02674_2024,0.0,0.008163635,0
img_02675_2024,0.0,0.003532531,0
img_02668_2024,0.0,0.008306099,0
img_02682_2024,0.0,0.003000659,0
img_02683_2024,0.0,0.037076764,0
img_02680_2024,0.0,0.010413399,0
img_02679_2024,0.0,0.036264166,0
img_02686_2024,0.0,0.014722311,0
img_02681_2024,0.0,0.9149874,1
img_02678_2024,0.0,0.015160758,0
img_02687_2024,0.0,0.28199786,0
img_02685_2024,0.0,0.025328841,0
img_02684_2024,0.0,0.0048551867,0
img_02688_2024,0.0,0.002914619,0
img_02689_2024,0.0,0.0079665305,0
img_02691_2024,0.0,0.0032137048,0
img_02692_2024,0.0,0.034609884,0
img_02696_2024,0.0,0.01145435,0
img_02698_2024,0.0,0.011199931,0
img_02694_2024,0.0,0.0016366272,0
img_02699_2024,0.0,0.0019738756,0
img_02704_2024,0.0,0.009743781,0
img_02695_2024,0.0,0.0032587287,0
img_02700_2024,0.0,0.0057276143,0
img_02705_2024,0.0,0.017069062,0
img_02703_2024,0.0,0.017452817,0
img_02693_2024,0.0,0.0027883744,0
img_02701_2024,0.0,0.08550076,0
img_02707_2024,0.0,0.035543434,0
img_02677_p01_2024,0.0,0.003434425,0
img_02677_p02_2024,0.0,0.009796047,0
img_02676_p01_2024,0.0,0.12397583,0
img_02676_p02_2024,0.0,0.018440586,0
img_02676_p03_2024,0.0,0.012057812,0
img_02710_2024,0.0,0.008775885,0
img_02708_2024,0.0,0.0041642883,0
img_02706_2024,0.0,0.0052717435,0
img_02690_2024,0.0,0.0027283018,0
img_02697_2024,0.0,0.0065570576,0
img_02712_2024,0.0,0.0030204253,0
img_02702_2024,0.0,0.7600253,0
img_02716_2024,0.0,0.026346631,0
img_02709_2024,0.0,0.07197354,0
img_02654_p01_2024,0.0,0.00089244713,0
img_02654_p02_2024,0.0,0.022519369,0
img_02654_p03_2024,0.0,0.003745933,0
img_02654_p04_2024,0.0,0.08771576,0
img_02711_2024,0.0,0.010067883,0
img_02720_2024,0.0,0.0047503957,0
img_02723_2024,0.0,0.016266294,0
img_02717_2024,0.0,0.02863074,0
img_02714_2024,0.0,0.0062859873,0
img_02672_p01_2024,0.0,0.05627325,0
img_02672_p02_2024,0.0,0.004720058,0
img_02715_2024,0.0,0.0033453957,0
img_02721_2024,0.0,0.011398941,0
img_02713_2024,0.0,0.006916141,0
img_02722_2024,0.0,0.48480713,0
img_02729_2024,0.0,0.004002397,0
img_02730_2024,0.0,0.03589454,0
img_02733_2024,0.0,0.013932783,0
img_02719_2024,0.0,0.023447935,0
img_02732_2024,0.0,0.05168919,0
img_02734_2024,0.0,0.008815487,0
img_02725_2024,0.0,0.00359952,0
img_02726_2024,0.0,0.028005997,0
img_02731_2024,0.0,0.021531545,0
img_02718_p01_2024,0.0,0.015767813,0
img_02718_p02_2024,0.0,0.007744529,0
img_02735_2024,0.0,9.785341e-05,0
img_02737_2024,0.0,0.017206116,0
img_02738_2024,0.0,0.0032831142,0
img_02739_2024,0.0,0.022218045,0
img_02742_2024,0.0,0.0063673314,0
img_02728_2024,0.0,0.023370711,0
img_02743_2024,0.0,0.005603576,0
img_02736_2024,0.0,0.011793554,0
img_02746_2024,0.0,0.0050855856,0
img_02741_2024,0.0,0.02215955,0
img_02745_2024,0.0,0.0010418037,0
img_02727_2024,0.0,0.025121521,0
img_02751_2024,0.0,0.001421753,0
img_02724_p01_2024,0.0,0.0075175655,0
img_02724_p02_2024,0.0,0.009863762,0
img_02752_2024,0.0,0.0019316007,0
img_02750_2024,0.0,0.0066228705,0
img_02753_2024,0.0,0.026300237,0
img_02740_2024,0.0,0.020199696,0
img_02747_2024,0.0,0.017226052,0
img_02744_2024,0.0,0.019281743,0
img_02757_2024,0.0,0.0006747526,0
img_02759_2024,0.0,0.006446044,0
img_02754_2024,0.0,0.025015565,0
img_02760_2024,0.0,0.009355444,0
img_02748_2024,0.0,0.030157458,0
img_02756_2024,0.0,0.038851425,0
img_02749_2024,0.0,0.0143447,0
img_02767_2024,0.0,0.006824801,0
img_02762_2024,0.0,0.012589394,0
img_02768_2024,0.0,0.004104242,0
img_02758_2024,0.0,0.022091063,0
img_02765_2024,0.0,0.06821344,0
img_02766_2024,0.0,0.0070360764,0
img_02763_2024,0.0,0.025240777,0
img_02755_2024,0.0,0.0060611493,0
img_02771_2024,0.0,0.010767265,0
img_02773_2024,0.0,0.060877416,0
img_02774_2024,0.0,0.014559348,0
img_02772_2024,0.0,0.008633826,0
img_02761_2024,0.0,0.32830974,0
img_02769_2024,0.0,0.012947021,0
img_02775_2024,0.0,0.013189067,0
img_02777_2024,0.0,0.00901141,0
img_02770_2024,0.0,0.0050702738,0
img_02778_2024,0.0,0.0015266635,0
img_02779_2024,0.0,0.16227295,0
img_02764_2024,0.0,0.0023601267,0
img_02782_2024,0.0,0.0030686099,0
img_02781_2024,0.0,0.0032295822,0
img_02776_2024,0.0,0.006500059,0
img_02780_2024,0.0,0.025333744,0
img_02788_2024,0.0,0.0010220055,0
img_02785_2024,0.0,0.0050272876,0
img_02786_2024,0.0,0.01376738,0
img_02783_2024,0.0,0.0060601495,0
img_02784_2024,0.0,0.0695891,0
img_02790_2024,0.0,0.0027314436,0
img_02787_2024,0.0,0.0017758554,0
img_02792_2024,0.0,0.033415783,0
img_02791_2024,0.0,0.009550343,0
img_02789_2024,0.0,0.0038418046,0
img_02801_2024,0.0,0.0052714706,0
img_02802_2024,0.0,0.14374943,0
img_02803_2024,0.0,0.012476345,0
img_02796_2024,0.0,0.044555586,0
img_02800_2024,0.0,0.003727647,0
img_02798_2024,0.0,0.015232855,0
img_02794_2024,0.0,0.008015045,0
img_02793_2024,0.0,0.013199088,0
img_02809_2024,0.0,0.013219182,0
img_02799_2024,0.0,0.014116587,0
img_02811_2024,0.0,0.0013853315,0
img_02797_2024,0.0,0.07000287,0
img_02805_2024,0.0,0.00838102,0
img_02806_2024,0.0,0.007802381,0
img_02808_2024,0.0,0.10147264,0
img_02804_2024,0.0,0.009277769,0
img_02812_2024,0.0,0.007525909,0
img_02813_2024,0.0,0.024729962,0
img_02795_p01_2024,0.0,0.04366338,0
img_02795_p02_2024,0.0,0.003357708,0
img_02817_2024,0.0,0.029570725,0
img_02814_2024,0.0,0.0047672815,0
img_02820_2024,0.0,0.033294946,0
img_02818_2024,0.0,0.011270638,0
img_02821_2024,0.0,0.013077916,0
img_02822_2024,0.0,0.008085962,0
img_02815_2024,0.0,0.008740454,0
img_02823_2024,0.0,0.009563965,0
img_02807_2024,0.0,0.013599365,0
img_02826_2024,0.0,0.03585785,0
img_02816_2024,0.0,0.056613397,0
img_02819_2024,0.0,0.0017011685,0
img_02829_2024,0.0,0.13788003,0
img_02827_2024,0.0,0.024576299,0
img_02825_2024,0.0,0.013102643,0
img_02832_2024,0.0,0.11953232,0
img_02835_2024,0.0,0.35886878,0
img_02836_2024,0.0,0.0043834206,0
img_02833_2024,0.0,0.01288007,0
img_02830_2024,0.0,0.016111769,0
img_02831_2024,0.0,0.0088718245,0
img_02840_2024,0.0,0.011245372,0
img_02828_2024,0.0,0.019072874,0
img_02841_2024,0.0,0.03329887,0
img_02842_2024,0.0,0.027013335,0
img_02838_2024,0.0,0.19271618,0
img_02837_2024,0.0,0.010301293,0
img_02843_2024,0.0,0.0029923809,0
img_02845_2024,0.0,0.021226712,0
img_02847_2024,0.0,0.016079841,0
img_02834_2024,0.0,0.008896963,0
img_02824_p01_2024,0.0,0.0010208543,0
img_02824_p02_2024,0.0,0.0012802387,0
img_02850_2024,0.0,0.0011524266,0
img_02849_2024,0.0,0.052970123,0
img_02856_2024,0.0,0.08109356,0
img_02855_2024,0.0,0.01810253,0
img_02851_2024,0.0,0.045909334,0
img_02854_2024,0.0,0.0055653867,0
img_02859_2024,0.0,0.0008570836,0
img_02848_2024,0.0,0.011325708,0
img_02852_2024,0.0,0.007044263,0
img_02858_2024,0.0,0.0024897866,0
img_02844_2024,0.0,0.004953337,0
img_02861_2024,0.0,0.093517564,0
img_02839_2024,0.0,0.009951976,0
img_02857_2024,0.0,0.02693276,0
img_02863_2024,0.0,0.5995458,0
img_02853_2024,0.0,0.014477322,0
img_02862_2024,0.0,0.041975554,0
img_02865_2024,0.0,0.005166998,0
img_02846_2024,0.0,0.0029832006,0
img_02868_2024,0.0,0.01741628,0
img_02860_2024,0.0,0.008677228,0
img_02870_2024,0.0,0.01080467,0
img_02873_2024,0.0,0.021418802,0
img_02871_2024,0.0,0.006194936,0
img_02874_2024,0.0,0.004567111,0
img_02867_2024,0.0,0.017142644,0
img_02872_2024,0.0,0.026202688,0
img_02866_2024,0.0,0.0109489085,0
img_02869_2024,0.0,0.010152339,0
img_02878_2024,0.0,0.06409549,0
img_02881_2024,0.0,0.007710876,0
img_02879_2024,0.0,0.06361582,0
img_02882_2024,0.0,0.0142043205,0
img_02875_2024,0.0,0.0111501,0
img_02877_2024,0.0,0.0057375487,0
img_02883_2024,0.0,0.01573711,0
img_02864_2024,0.0,0.014741926,0
img_02880_2024,0.0,0.064063676,0
img_02888_2024,0.0,0.009235661,0
img_02891_2024,0.0,0.016497264,0
img_02887_2024,0.0,0.01060359,0
img_02884_2024,0.0,0.015547173,0
img_02899_2024,0.0,0.009554498,0
img_02893_2024,0.0,0.0036971767,0
img_02900_2024,0.0,0.009745796,0
img_02892_2024,0.0,0.004616671,0
img_02886_2024,0.0,0.004001051,0
img_02889_2024,0.0,0.11403364,0
img_02896_2024,0.0,0.005826842,0
img_02901_2024,0.0,0.017995086,0
img_02890_2024,0.0,0.010723087,0
img_02904_2024,0.0,0.01030509,0
img_02908_2024,0.0,0.36587456,0
img_02910_2024,0.0,0.031342812,0
img_02906_2024,0.0,0.017923942,0
img_02898_2024,0.0,0.0076911584,0
img_02902_2024,0.0,0.032062195,0
img_02913_2024,0.0,0.030888384,0
img_02897_p01_2024,0.0,0.018138537,0
img_02897_p02_2024,0.0,0.009551258,0
img_02909_2024,0.0,0.099304564,0
img_02914_2024,0.0,0.020132504,0
img_02907_2024,0.0,0.0037190206,0
img_02911_2024,0.0,0.0034062266,0
img_02919_2024,0.0,0.004576807,0
img_02920_2024,0.0,0.01586455,0
img_02921_2024,0.0,0.022628883,0
img_02905_2024,0.0,0.0050222557,0
img_02915_2024,0.0,0.016898897,0
img_02917_2024,0.0,0.03757671,0
img_02916_2024,0.0,0.0054201195,0
img_02923_2024,0.0,0.03371017,0
img_02885_2024,0.0,0.0077984324,0
img_02918_2024,0.0,0.018487493,0
img_02903_p01_2024,0.0,0.015740339,0
img_02903_p02_2024,0.0,0.029684426,0
img_02925_2024,0.0,0.005131248,0
img_02929_2024,0.0,0.0062243063,0
img_02924_2024,0.0,0.011125685,0
img_02927_2024,0.0,0.057817385,0
img_02931_2024,0.0,0.0051152627,0
img_02926_2024,0.0,0.044436462,0
img_02928_2024,0.0,0.0036797624,0
img_02922_2024,0.0,0.005437622,0
img_02932_2024,0.0,0.03433619,0
img_02894_2024,0.0,0.011290335,0
img_02930_2024,0.0,0.0074219806,0
img_02933_2024,0.0,0.006515227,0
img_02912_p01_2024,0.0,0.0008438797,0
img_02912_p02_2024,0.0,0.005105132,0
img_02934_2024,0.0,0.0041986494,0
img_02895_2024,0.0,0.0098633,0
img_02937_2024,0.0,0.029138688,0
img_02936_2024,0.0,0.025268814,0
img_02938_2024,0.0,0.0074289427,0
img_02810_p01_2024,0.0,0.007937491,0
img_02810_p02_2024,0.0,0.013205953,0
img_02810_p03_2024,0.0,0.02270465,0
img_02810_p04_2024,0.0,0.039564084,0
img_02810_p05_2024,0.0,0.0060314178,0
img_02810_p06_2024,0.0,0.012805706,0
img_02810_p07_2024,0.0,0.19077706,0
img_02935_2024,0.0,0.004486318,0
img_02876_2024,0.0,0.007728013,0
img_02940_2024,0.0,0.0066758334,0
img_02948_2024,0.0,0.05723833,0
img_02943_2024,0.0,0.0057666977,0
img_02945_2024,0.0,0.006005278,0
img_02939_2024,0.0,0.008397502,0
img_02941_2024,0.0,0.0068216505,0
img_02950_2024,0.0,0.027820993,0
img_02957_2024,0.0,0.09718578,0
img_02947_2024,0.0,0.0209954,0
img_02942_2024,0.0,0.005210804,0
img_02946_2024,0.0,0.01662592,0
img_02955_2024,0.0,0.010631229,0
img_02949_2024,0.0,0.0070423195,0
img_02951_2024,0.0,0.0025374673,0
img_02958_2024,0.0,0.0014916231,0
img_02944_2024,0.0,0.004865699,0
img_02954_2024,0.0,0.0038683545,0
img_02952_2024,0.0,0.054728873,0
img_02956_2024,0.0,0.010458614,0
img_02961_2024,0.0,0.011865671,0
img_02963_2024,0.0,0.026960341,0
img_02959_2024,0.0,0.0059490525,0
img_02962_2024,0.0,0.009079249,0
img_02968_2024,0.0,0.019791823,0
img_02969_2024,0.0,0.06611526,0
img_02960_2024,0.0,0.01600386,0
img_02966_2024,0.0,0.015915874,0
img_02972_2024,0.0,0.010078496,0
img_02971_2024,0.0,0.007940135,0
img_02967_2024,0.0,0.54604954,0
img_02970_2024,0.0,0.2140583,0
img_02976_2024,0.0,0.005339479,0
img_02953_p01_2024,0.0,0.011262016,0
img_02953_p02_2024,0.0,0.04655026,0
img_02964_2024,0.0,0.07542795,0
img_02978_2024,0.0,0.78298736,0
img_02977_2024,0.0,0.004637543,0
img_02975_2024,0.0,0.006199841,0
img_02980_2024,0.0,0.2376388,0
img_02983_2024,0.0,0.005199646,0
img_02974_2024,0.0,0.0066479896,0
img_02979_2024,0.0,0.0011548222,0
img_02987_2024,0.0,0.006048098,0
img_02988_2024,0.0,0.1191321,0
img_02985_2024,0.0,0.015242229,0
img_02984_2024,0.0,0.0060225143,0
img_02986_2024,0.0,0.0073938714,0
img_02990_2024,0.0,0.031754464,0
img_02992_2024,0.0,0.00072534435,0
img_02989_2024,0.0,0.009412647,0
img_02965_2024,0.0,0.004199453,0
img_02973_2024,0.0,0.009753732,0
img_02993_2024,0.0,0.478473,0
img_02981_2024,0.0,0.0024748824,0
img_02991_2024,0.0,0.0011534106,0
img_02995_2024,0.0,0.002304907,0
img_02994_2024,0.0,0.001555479,0
img_03003_2024,0.0,0.00031944286,0
img_03001_2024,0.0,0.009466262,0
img_02996_2024,0.0,0.007590416,0
img_03008_2024,0.0,0.0053701457,0
img_03000_2024,0.0,0.01752634,0
img_02999_2024,0.0,0.004388851,0
img_02998_2024,0.0,0.0104684485,0
img_03004_2024,0.0,0.47387943,0
img_03006_2024,0.0,0.0028864448,0
img_03007_2024,0.0,0.0013701101,0
img_03009_2024,0.0,0.011083167,0
img_03002_2024,0.0,0.06137477,0
img_02982_p01_2024,0.0,0.008220063,0
img_02982_p02_2024,0.0,0.005364573,0
img_03012_2024,0.0,0.010054192,0
img_03016_2024,0.0,0.0340132,0
img_03014_2024,0.0,0.08434784,0
img_03017_2024,0.0,0.001163311,0
img_03013_2024,0.0,0.0036965408,0
img_03023_2024,0.0,0.0048635686,0
img_03020_2024,0.0,0.04042166,0
img_03022_2024,0.0,0.017949559,0
img_03005_2024,0.0,0.002477595,0
img_03015_2024,0.0,0.016167292,0
img_03011_2024,0.0,0.022942279,0
img_03010_2024,0.0,0.007457671,0
img_03025_2024,0.0,0.0041939355,0
img_03021_2024,0.0,0.0027935703,0
img_03024_2024,0.0,0.0034102304,0
img_03028_2024,0.0,0.003649961,0
img_03018_2024,0.0,0.0024508468,0
img_03026_2024,0.0,0.009140663,0
img_03027_2024,0.0,0.008541895,0
img_03019_2024,0.0,0.0029851343,0
img_03030_2024,0.0,0.003202652,0
img_03034_2024,0.0,0.033670716,0
img_03033_2024,0.0,0.021894222,0
img_03031_2024,0.0,0.027531844,0
img_03032_2024,0.0,0.09517505,0
img_03042_2024,0.0,0.020518586,0
img_03035_2024,0.0,0.004615889,0
img_03036_2024,0.0,0.05199335,0
img_03037_2024,0.0,0.00851851,0
img_03045_2024,0.0,0.010889156,0
img_03038_2024,0.0,0.027150309,0
img_03044_2024,0.0,0.007845994,0
img_03041_2024,0.0,0.015658217,0
img_03039_2024,0.0,0.007475591,0
img_03043_2024,0.0,0.21912669,0
img_03040_2024,0.0,0.0043130927,0
img_03049_2024,0.0,0.051302977,0
img_02997_p01_2024,0.0,0.01403481,0
img_02997_p02_2024,0.0,0.084836975,0
img_02997_p03_2024,0.0,0.0031494205,0
img_02997_p04_2024,0.0,0.57465357,0
img_03051_2024,0.0,0.006717801,0
img_03055_2024,0.0,0.045163784,0
img_03054_2024,0.0,0.015203978,0
img_03057_2024,0.0,0.17763227,0
img_03060_2024,0.0,0.0054527954,0
img_03053_2024,0.0,0.0064674043,0
img_03052_2024,0.0,0.00901049,0
img_03059_2024,0.0,0.044122856,0
img_03056_2024,0.0,0.004891882,0
img_03048_2024,0.0,0.007786123,0
img_03058_2024,0.0,0.002535513,0
img_03061_2024,0.0,0.1350895,0
img_03063_2024,0.0,0.029816596,0
img_03064_2024,0.0,0.0052971314,0
img_03065_2024,0.0,0.005655659,0
img_03062_2024,0.0,0.00749483,0
img_03066_2024,0.0,0.0058828834,0
img_03068_2024,0.0,0.022086784,0
img_03067_2024,0.0,0.0070195156,0
img_03069_2024,0.0,0.008894457,0
img_03075_2024,0.0,0.062989615,0
img_03029_p01_2024,0.0,0.008825513,0
img_03029_p02_2024,0.0,0.003077912,0
img_03073_2024,0.0,0.0073925904,0
img_03074_2024,0.0,0.021843035,0
img_03072_2024,0.0,0.04969107,0
img_03071_2024,0.0,0.032409046,0
img_03070_2024,0.0,0.015027115,0
img_03080_2024,0.0,0.0036695057,0
img_03077_2024,0.0,0.046618305,0
img_03078_2024,0.0,0.009409167,0
img_03076_2024,0.0,0.011553209,0
img_03082_2024,0.0,0.0042893686,0
img_03081_2024,0.0,0.017480632,0
img_03083_2024,0.0,0.008946795,0
img_03084_2024,0.0,0.0035965182,0
img_03090_2024,0.0,0.0077181947,0
img_03079_2024,0.0,0.02809344,0
img_03086_2024,0.0,0.011514573,0
img_03088_2024,0.0,0.02552934,0
img_03087_2024,0.0,0.015100821,0
img_03092_2024,0.0,0.01455497,0
img_03046_p01_2024,0.0,0.011491368,0
img_03046_p02_2024,0.0,0.021221248,0
img_03093_2024,0.0,0.011165199,0
img_03089_2024,0.0,0.001918117,0
img_03099_2024,0.0,0.011723213,0
img_03096_2024,0.0,0.005259627,0
img_03091_2024,0.0,0.0036077898,0
img_03101_2024,0.0,0.59454453,0
img_03102_2024,0.0,0.0024489465,0
img_03104_2024,0.0,0.044414166,0
img_03095_2024,0.0,0.0056302436,0
img_03106_2024,0.0,0.014877285,0
img_03094_2024,0.0,0.018068904,0
img_03107_2024,0.0,0.024520956,0
img_03097_2024,0.0,0.16171305,0
img_03110_2024,0.0,0.015142536,0
img_03105_2024,0.0,0.62757546,0
img_03112_2024,0.0,0.8147752,1
img_03103_2024,0.0,0.012661605,0
img_03113_2024,0.0,0.004347638,0
img_03114_2024,0.0,0.010279982,0
img_03108_2024,0.0,0.019307945,0
img_03100_p01_2024,0.0,0.008463123,0
img_03100_p02_2024,0.0,0.042502645,0
img_03111_2024,0.0,0.022675237,0
img_03098_p01_2024,0.0,0.00817673,0
img_03098_p02_2024,0.0,0.012697237,0
img_03116_2024,0.0,0.068864055,0
img_03118_2024,0.0,0.0066095074,0
img_03121_2024,0.0,0.10721693,0
img_03119_2024,0.0,0.0052035814,0
img_03124_2024,0.0,0.0080297,0
img_03109_2024,0.0,0.005240651,0
img_03120_2024,0.0,0.001688338,0
img_03123_2024,0.0,0.023395913,0
img_03117_2024,0.0,0.02033585,0
img_03122_2024,0.0,0.0300109,0
img_03127_2024,0.0,0.21827072,0
img_03130_2024,0.0,0.013323895,0
img_03128_2024,0.0,0.010566679,0
img_03125_2024,0.0,0.0065249256,0
img_03129_2024,0.0,0.009967545,0
img_03131_2024,0.0,0.027850175,0
img_03134_2024,0.0,0.019996043,0
img_03132_2024,0.0,0.012923696,0
img_03133_2024,0.0,0.007101893,0
img_03135_2024,0.0,0.05132506,0
img_03137_2024,0.0,0.053721208,0
img_03115_p01_2024,0.0,0.07509754,0
img_03115_p02_2024,0.0,0.016272506,0
img_03136_2024,0.0,0.008306868,0
img_03126_2024,0.0,0.43207303,0
img_03139_2024,0.0,0.07714361,0
img_03141_2024,0.0,0.004276263,0
img_03138_2024,0.0,0.0031612301,0
img_03140_2024,0.0,0.07985616,0
img_03143_2024,0.0,0.0051250053,0
img_03142_2024,0.0,0.06985165,0
img_03149_2024,0.0,0.033457585,0
img_03146_2024,0.0,0.0077209044,0
img_03145_2024,0.0,0.013244447,0
img_03150_2024,0.0,0.028986452,0
img_03151_2024,0.0,0.009663776,0
img_03154_2024,0.0,0.56483024,0
img_03152_2024,0.0,0.007926389,0
img_03155_2024,0.0,0.0023789417,0
img_03156_2024,0.0,0.022942761,0
img_03147_2024,0.0,0.004013769,0
img_03148_2024,0.0,0.07773962,0
img_03160_2024,0.0,0.0168453,0
img_03144_2024,0.0,0.023223827,0
img_03157_2024,0.0,0.003688862,0
img_03159_2024,0.0,0.018085605,0
img_03162_2024,0.0,0.06445214,0
img_03163_2024,0.0,0.011796644,0
img_03161_2024,0.0,0.25906497,0
img_03164_2024,0.0,0.000726174,0
img_03166_2024,0.0,0.02228515,0
img_03158_2024,0.0,0.0053479616,0
img_03165_2024,0.0,0.0075658653,0
img_03153_2024,0.0,0.01868557,0
img_03170_2024,0.0,0.099675,0
img_03172_2024,0.0,0.017445706,0
img_03173_2024,0.0,0.024463695,0
img_03171_2024,0.0,0.004914888,0
img_03168_2024,0.0,0.033229105,0
img_03175_2024,0.0,0.059170324,0
img_03176_2024,0.0,0.055830948,0
img_03169_2024,0.0,0.009377894,0
img_03178_2024,0.0,0.040276475,0
img_03179_2024,0.0,0.0071525723,0
img_03174_2024,0.0,0.009868779,0
img_03177_2024,0.0,0.012462083,0
img_03181_2024,0.0,0.0030924045,0
img_03180_2024,0.0,0.04246078,0
img_03167_2024,0.0,0.038829118,0
img_03183_2024,0.0,0.0051943385,0
img_03182_2024,0.0,0.008514418,0
img_03186_2024,0.0,0.015805501,0
img_03192_2024,0.0,0.014961922,0
img_03185_2024,0.0,0.012717109,0
img_03187_2024,0.0,0.0048296624,0
img_03196_2024,0.0,0.019464763,0
img_03191_2024,0.0,0.024225317,0
img_03195_2024,0.0,0.020606583,0
img_03190_2024,0.0,0.056906097,0
img_03189_2024,0.0,0.004143201,0
img_03194_2024,0.0,0.006893316,0
img_03193_2024,0.0,0.005623515,0
img_03199_2024,0.0,0.0014639238,0
img_03184_2024,0.0,0.034832634,0
img_03188_2024,0.0,0.0041712704,0
img_03200_2024,0.0,0.005841788,0
img_03197_2024,0.0,0.002768396,0
img_03211_2024,0.0,0.001143082,0
img_03204_2024,0.0,0.01368017,0
img_03201_2024,0.0,0.0073078685,0
img_03202_2024,0.0,0.0008892264,0
img_03198_2024,0.0,0.0014434184,0
img_03208_2024,0.0,0.006049225,0
img_03213_2024,0.0,0.00038045374,0
img_03207_2024,0.0,0.0046951133,0
img_03209_2024,0.0,0.024034133,0
img_03203_2024,0.0,0.29607666,0
img_03214_2024,0.0,0.006077488,0
img_03212_2024,0.0,0.009169882,0
img_03205_2024,0.0,0.0017751718,0
img_03210_2024,0.0,0.0054578073,0
img_03216_2024,0.0,0.005459114,0
img_03215_2024,0.0,0.014334227,0
img_03218_2024,0.0,0.09731381,0
img_03221_2024,0.0,0.012278179,0
img_03217_2024,0.0,0.019171478,0
img_03223_2024,0.0,0.9604169,1
img_03219_2024,0.0,0.0013646004,0
img_03222_2024,0.0,0.01899219,0
img_03220_2024,0.0,0.004915954,0
img_03225_2024,0.0,0.0049016294,0
img_03227_2024,0.0,0.003956756,0
img_03226_2024,0.0,0.019405233,0
img_03230_2024,0.0,0.0075276224,0
img_03233_2024,0.0,0.015358474,0
img_03231_2024,0.0,0.016281836,0
img_03237_2024,0.0,0.013382665,0
img_03229_2024,0.0,0.007941059,0
img_03228_2024,0.0,0.01650018,0
img_03235_2024,0.0,0.009512116,0
img_03239_2024,0.0,0.0034270575,0
img_03238_2024,0.0,0.010471824,0
img_03224_2024,0.0,0.0015966889,0
img_03236_2024,0.0,0.012232215,0
img_03234_2024,0.0,0.01992221,0
img_03240_2024,0.0,0.03460614,0
img_03232_2024,0.0,0.005762934,0
img_03242_2024,0.0,0.009791053,0
img_03245_2024,0.0,0.0014525489,0
img_03249_2024,0.0,0.008595968,0
img_03247_2024,0.0,0.027969912,0
img_03254_2024,0.0,0.003515353,0
img_03243_2024,0.0,0.013726677,0
img_03256_2024,0.0,0.016275393,0
img_03250_2024,0.0,0.02381346,0
img_03251_2024,0.0,0.026160277,0
img_03244_2024,0.0,0.020788725,0
img_03241_2024,0.0,0.0056944806,0
img_03255_2024,0.0,0.009947318,0
img_03258_2024,0.0,0.007985829,0
img_03257_2024,0.0,0.0072996295,0
img_03261_2024,0.0,0.01469922,0
img_03265_2024,0.0,0.0051191295,0
img_03264_2024,0.0,0.0048686117,0
img_03259_2024,0.0,0.004600436,0
img_03263_2024,0.0,0.0036376594,0
img_03266_2024,0.0,0.13137288,0
img_03267_2024,0.0,0.004536732,0
img_03268_2024,0.0,0.014707275,0
img_03269_2024,0.0,0.054169722,0
img_03260_2024,0.0,0.005826425,0
img_03253_2024,0.0,0.014713453,0
img_03270_2024,0.0,0.0011564598,0
img_03271_2024,0.0,0.0015296472,0
img_03246_2024,0.0,0.0019517443,0
img_03206_p01_2024,0.0,0.009596128,0
img_03206_p02_2024,0.0,0.018901605,0
img_03206_p03_2024,0.0,0.0045125913,0
img_03206_p04_2024,0.0,0.0052626464,0
img_03274_2024,0.0,0.0036322728,0
img_03248_p01_2024,0.0,0.005801567,0
img_03248_p02_2024,0.0,0.005222496,0
img_03273_2024,0.0,0.11343015,0
img_03275_2024,0.0,0.039634064,0
img_03272_2024,0.0,0.022190286,0
img_03276_2024,0.0,0.048157137,0
img_03277_2024,0.0,0.0043814755,0
img_03252_p01_2024,0.0,0.06139183,0
img_03252_p02_2024,0.0,0.0040683867,0
img_03262_p01_2024,0.0,0.0024834094,0
img_03262_p02_2024,0.0,0.024966694,0
img_03279_2024,0.0,0.02648354,0
img_03280_2024,0.0,0.13103817,0
img_03284_2024,0.0,0.13419099,0
img_03282_2024,0.0,0.037021372,0
img_03281_2024,0.0,0.32822698,0
img_03285_2024,0.0,0.010858866,0
img_03292_2024,0.0,0.046717152,0
img_03289_2024,0.0,0.012746527,0
img_03283_2024,0.0,0.33029246,0
img_03286_2024,0.0,0.0150028905,0
img_03291_2024,0.0,0.005642465,0
img_03290_2024,0.0,0.025893107,0
img_03293_2024,0.0,0.00078320253,0
img_03288_2024,0.0,0.0074200556,0
img_03294_2024,0.0,0.004154596,0
img_03287_2024,0.0,0.13105018,0
img_03085_p01_2024,0.0,0.007949177,0
img_03085_p02_2024,0.0,0.0013421809,0
img_03085_p03_2024,0.0,0.022968542,0
img_03085_p04_2024,0.0,0.013175514,0
img_03085_p05_2024,0.0,0.006249969,0
img_03085_p06_2024,0.0,0.008942201,0
img_03085_p07_2024,0.0,0.011955876,0
img_03085_p08_2024,0.0,0.0007706834,0
img_03085_p09_2024,0.0,0.011730021,0
img_03085_p10_2024,0.0,0.017958488,0
img_03047_p01_2024,0.0,0.0052800463,0
img_03047_p02_2024,0.0,0.012721241,0
img_03047_p03_2024,0.0,0.0014040753,0
img_03047_p04_2024,0.0,0.008464731,0
img_03047_p05_2024,0.0,0.004639877,0
img_03047_p06_2024,0.0,0.0068493187,0
img_03047_p07_2024,0.0,0.0037096962,0
img_03047_p08_2024,0.0,0.007918481,0
img_03047_p09_2024,0.0,0.002111409,0
img_03047_p10_2024,0.0,0.015783273,0
img_03296_2024,0.0,0.0044795363,0
img_03295_2024,0.0,0.038459435,0
img_03297_2024,0.0,0.011264315,0
img_03300_2024,0.0,0.043981522,0
img_03305_2024,0.0,0.017089786,0
img_03308_2024,0.0,0.02632178,0
img_03304_2024,0.0,0.026436275,0
img_03306_2024,0.0,0.006939114,0
img_03310_2024,0.0,0.0063263257,0
img_03301_2024,0.0,0.0070848633,0
img_03313_2024,0.0,0.2527595,0
img_03309_2024,0.0,0.0063044275,0
img_03307_2024,0.0,0.011350167,0
img_03303_2024,0.0,0.0028938418,0
img_03312_2024,0.0,0.00034671673,0
img_03311_2024,0.0,0.009727498,0
img_03299_2024,0.0,0.03125764,0
img_03302_2024,0.0,0.015115615,0
img_03316_2024,0.0,0.010881106,0
img_03314_2024,0.0,0.002087539,0
img_03315_2024,0.0,0.019699307,0
img_03317_2024,0.0,0.29019117,0
img_03320_2024,0.0,0.015459074,0
img_03319_2024,0.0,0.009343692,0
img_03323_2024,0.0,0.005082052,0
img_03318_2024,0.0,0.021589069,0
img_03324_2024,0.0,0.05775726,0
img_03325_2024,0.0,0.024048807,0
img_03322_2024,0.0,0.015689725,0
img_03321_2024,0.0,0.002662205,0
img_03327_2024,0.0,0.027959557,0
img_03329_2024,0.0,0.01928628,0
img_03328_2024,0.0,0.019568447,0
img_03331_2024,0.0,0.0033347714,0
img_03333_2024,0.0,0.009886239,0
img_03326_2024,0.0,0.021420512,0
img_03330_2024,0.0,0.005996762,0
img_03334_2024,0.0,0.0064550564,0
img_03336_2024,0.0,0.024485458,0
img_03342_2024,0.0,0.020615749,0
img_03335_2024,0.0,0.0764332,0
img_03332_2024,0.0,0.0032648074,0
img_03339_2024,0.0,0.01135901,0
img_03343_2024,0.0,0.0033674093,0
img_03344_2024,0.0,0.016403448,0
img_03340_2024,0.0,0.0033469573,0
img_03347_2024,0.0,0.08643105,0
img_03346_2024,0.0,0.0159288,0
img_03345_2024,0.0,0.0065333107,0
img_03349_2024,0.0,0.014704745,0
img_03348_2024,0.0,0.003236685,0
img_03337_2024,0.0,0.01652958,0
img_03341_2024,0.0,0.08340599,0
img_03352_2024,0.0,0.035420347,0
img_03351_2024,0.0,0.0020251318,0
img_03353_2024,0.0,0.006393229,0
img_03355_2024,0.0,0.004321753,0
img_03357_2024,0.0,0.010611842,0
img_03361_2024,0.0,0.010644624,0
img_03356_2024,0.0,0.04175084,0
img_03359_2024,0.0,0.0018087719,0
img_03354_2024,0.0,0.0032827645,0
img_03358_2024,0.0,0.0063471175,0
img_03360_2024,0.0,0.024532689,0
img_03338_p01_2024,0.0,0.00223805,0
img_03338_p02_2024,0.0,0.003907131,0
img_03362_2024,0.0,0.012293414,0
img_03368_2024,0.0,0.013418796,0
img_03365_2024,0.0,0.0055472855,0
img_03369_2024,0.0,0.0023848473,0
img_03278_p01_2024,0.0,0.0087823,0
img_03278_p02_2024,0.0,0.019097118,0
img_03278_p03_2024,0.0,0.022548314,0
img_03278_p04_2024,0.0,0.4007896,0
img_03278_p05_2024,0.0,0.049194705,0
img_03278_p06_2024,0.0,0.0014157392,0
img_03370_2024,0.0,0.0023973114,0
img_03366_2024,0.0,0.00995044,0
img_03371_2024,0.0,0.019168673,0
img_03298_p01_2024,0.0,0.0143061485,0
img_03298_p02_2024,0.0,0.01643062,0
img_03298_p03_2024,0.0,0.039291777,0
img_03298_p04_2024,0.0,0.003452411,0
img_03374_2024,0.0,0.017821224,0
img_03364_2024,0.0,0.013206786,0
img_03380_2024,0.0,0.005486854,0
img_03350_p01_2024,0.0,0.16794017,0
img_03350_p02_2024,0.0,0.013461555,0
img_03376_2024,0.0,0.008977934,0
img_03382_2024,0.0,0.0017257507,0
img_03373_2024,0.0,0.05183922,0
img_03372_2024,0.0,0.020600919,0
img_03379_2024,0.0,0.010339398,0
img_03377_2024,0.0,0.011575475,0
img_03375_2024,0.0,0.0064056846,0
img_03387_2024,0.0,0.0035782277,0
img_03383_2024,0.0,0.04687276,0
img_03386_2024,0.0,0.002163914,0
img_03381_2024,0.0,0.1145267,0
img_03389_2024,0.0,0.00453187,0
img_03367_p01_2024,0.0,0.0020052542,0
img_03367_p02_2024,0.0,0.0010965974,0
img_03395_2024,0.0,0.0035580716,0
img_03388_2024,0.0,0.20186158,0
img_03378_2024,0.0,0.059332546,0
img_03385_2024,0.0,0.015636103,0
img_03384_2024,0.0,0.013755491,0
img_03391_2024,0.0,0.010711171,0
img_03393_2024,0.0,0.0063712904,0
img_03390_2024,0.0,0.0711945,0
img_03392_2024,0.0,0.0030104222,0
img_03394_2024,0.0,0.01500497,0
img_03398_2024,0.0,0.011446211,0
img_03397_2024,0.0,0.02416071,0
img_03400_2024,0.0,0.008363269,0
img_03403_2024,0.0,0.015980275,0
img_03399_2024,0.0,0.007478864,0
img_03363_p01_2024,0.0,0.0044146674,0
img_03363_p02_2024,0.0,0.007829534,0
img_03363_p03_2024,0.0,0.018474111,0
img_03396_2024,0.0,0.004068412,0
img_03401_2024,0.0,0.016029635,0
img_03407_2024,0.0,0.004405627,0
img_03402_2024,0.0,0.0075248694,0
img_03406_2024,0.0,0.00861859,0
img_03408_2024,0.0,0.018529652,0
img_03410_2024,0.0,0.0075074327,0
img_03404_2024,0.0,9.945329e-05,0
img_03409_2024,0.0,0.007976388,0
img_03405_2024,0.0,0.46646106,0
img_03416_2024,0.0,0.07607057,0
img_03412_2024,0.0,0.051928394,0
img_03414_2024,0.0,0.0599981,0
img_03413_2024,0.0,0.004266038,0
img_03415_2024,0.0,0.0034374439,0
img_03419_2024,0.0,0.011506983,0
img_03418_2024,0.0,0.010911988,0
img_03424_2024,0.0,0.44069073,0
img_03421_2024,0.0,0.019293321,0
img_03420_2024,0.0,0.015851073,0
img_03422_2024,0.0,0.120755576,0
img_03423_2024,0.0,0.066690095,0
img_03411_2024,0.0,0.015289324,0
img_03426_2024,0.0,0.0055412287,0
img_03428_2024,0.0,0.0104116835,0
img_03434_2024,0.0,0.023556028,0
img_03431_2024,0.0,0.014092385,0
img_03435_2024,0.0,0.003707619,0
img_03427_2024,0.0,0.76276666,0
img_03433_2024,0.0,0.0043963795,0
img_03432_2024,0.0,0.015238407,0
img_03429_2024,0.0,0.009034083,0
img_03438_2024,0.0,0.0038236282,0
img_03439_2024,0.0,0.0035179714,0
img_03417_2024,0.0,0.051573653,0
img_03436_2024,0.0,0.0077578714,0
img_03440_2024,0.0,0.0015625651,0
img_03430_2024,0.0,0.003929938,0
img_03442_2024,0.0,0.0074374205,0
img_03444_2024,0.0,0.029529048,0
img_03441_2024,0.0,0.07146581,0
img_03425_p01_2024,0.0,0.00892992,0
img_03425_p02_2024,0.0,0.038978804,0
img_03437_2024,0.0,0.008681446,0
img_03448_2024,0.0,0.024803674,0
img_03450_2024,0.0,0.005928062,0
img_03449_2024,0.0,0.007638634,0
img_03445_2024,0.0,0.0072220587,0
img_03454_2024,0.0,0.016635247,0
img_03456_2024,0.0,0.010378534,0
img_03452_2024,0.0,0.0054660435,0
img_03451_2024,0.0,0.0069318004,0
img_03453_2024,0.0,0.1166824,0
img_03443_2024,0.0,0.00929826,0
img_03458_2024,0.0,0.014050681,0
img_03457_2024,0.0,0.005445968,0
img_03460_2024,0.0,0.0038411312,0
img_03461_2024,0.0,0.012811435,0
img_03459_2024,0.0,0.005130474,0
img_03447_2024,0.0,0.0018200453,0
img_03462_2024,0.0,0.059031237,0
img_03446_2024,0.0,0.0013407104,0
img_03465_2024,0.0,0.0061661657,0
img_03468_2024,0.0,0.3033031,0
img_03470_2024,0.0,0.017995143,0
img_03463_2024,0.0,0.009380814,0
img_03471_2024,0.0,0.022275737,0
img_03466_2024,0.0,0.0028633263,0
img_03469_2024,0.0,0.004207401,0
img_03473_2024,0.0,0.10994264,0
img_03464_2024,0.0,0.0057620956,0
img_03474_2024,0.0,0.0025680927,0
img_03476_2024,0.0,0.01859287,0
img_03475_2024,0.0,0.0007769684,0
img_03472_2024,0.0,0.0038350748,0
img_03479_2024,0.0,0.0049730116,0
img_03467_2024,0.0,0.005126452,0
img_03477_2024,0.0,0.0038796582,0
img_03480_2024,0.0,0.0021032768,0
img_03482_2024,0.0,0.0024939636,0
img_03481_2024,0.0,0.020648789,0
img_03478_2024,0.0,0.058404498,0
img_03484_2024,0.0,0.007865561,0
img_03488_2024,0.0,0.16029143,0
img_03490_2024,0.0,0.008063547,0
img_03489_2024,0.0,0.03539548,0
img_03485_2024,0.0,0.011271253,0
img_03492_2024,0.0,0.011259563,0
img_03493_2024,0.0,0.00526649,0
img_03494_2024,0.0,0.042284854,0
img_03486_2024,0.0,0.25029317,0
img_03491_2024,0.0,0.0048248633,0
img_03483_2024,0.0,0.0015403089,0
img_03497_2024,0.0,0.023396159,0
img_03501_2024,0.0,0.07316004,0
img_03499_2024,0.0,0.024117418,0
img_03487_2024,0.0,0.00416009,0
img_03500_2024,0.0,0.005089474,0
img_03504_2024,0.0,0.0035093834,0
img_03502_2024,0.0,0.0937728,0
img_03507_2024,0.0,0.003582537,0
img_03505_2024,0.0,0.44346383,0
img_03510_2024,0.0,0.012441624,0
img_03503_2024,0.0,0.0022427025,0
img_03509_2024,0.0,0.007862515,0
img_03511_2024,0.0,0.0069074025,0
img_03496_2024,0.0,0.0024554012,0
img_03513_2024,0.0,0.003923485,0
img_03498_2024,0.0,0.001976469,0
img_03515_2024,0.0,0.006917632,0
img_03514_2024,0.0,0.011188946,0
img_03508_2024,0.0,0.02653723,0
img_03518_2024,0.0,0.009413777,0
img_03516_2024,0.0,0.021549847,0
img_03522_2024,0.0,0.0044764266,0
img_03517_2024,0.0,0.0030384953,0
img_03521_2024,0.0,0.16415143,0
img_03512_2024,0.0,0.0068790815,0
img_03524_2024,0.0,0.02135715,0
img_03527_2024,0.0,0.0013978219,0
img_03525_2024,0.0,0.004720896,0
img_03526_2024,0.0,0.043646716,0
img_03519_2024,0.0,0.0041835746,0
img_03528_2024,0.0,0.013428154,0
img_03523_2024,0.0,0.03146338,0
img_03530_2024,0.0,0.0044349167,0
img_03050_p01_2024,0.0,0.063442826,0
img_03050_p02_2024,0.0,0.025157701,0
img_03050_p03_2024,0.0,0.07077996,0
img_03050_p04_2024,0.0,0.54469794,0
img_03050_p05_2024,0.0,0.01007606,0
img_03050_p06_2024,0.0,0.01114227,0
img_03050_p07_2024,0.0,0.0062963967,0
img_03050_p08_2024,0.0,0.0071339654,0
img_03050_p09_2024,0.0,0.025156673,0
img_03050_p10_2024,0.0,0.0125333015,0
img_03050_p11_2024,0.0,0.063460365,0
img_03050_p12_2024,0.0,0.08673273,0
img_03050_p13_2024,0.0,0.01372977,0
img_03050_p14_2024,0.0,0.01879946,0
img_03050_p15_2024,0.0,0.064071275,0
img_03050_p16_2024,0.0,0.032490723,0
img_03050_p17_2024,0.0,0.023809541,0
img_03050_p18_2024,0.0,0.01485223,0
img_03050_p19_2024,0.0,0.033802725,0
img_03050_p20_2024,0.0,0.0118715875,0
img_03050_p21_2024,0.0,0.010377648,0
img_03050_p22_2024,0.0,0.018542629,0
img_03050_p23_2024,0.0,0.027944973,0
img_03050_p24_2024,0.0,0.005037889,0
img_03050_p26_2024,0.0,0.014561517,0
img_03050_p27_2024,0.0,0.0033171044,0
img_03529_2024,0.0,0.00859203,0
img_03533_2024,0.0,0.06195859,0
img_03531_2024,0.0,0.08583953,0
img_03532_2024,0.0,0.011247477,0
img_03535_2024,0.0,0.0019058471,0
img_03534_2024,0.0,0.01198575,0
img_03536_2024,0.0,0.009448059,0
img_03539_2024,0.0,0.0017910388,0
img_03538_2024,0.0,0.010640853,0
img_03541_2024,0.0,0.018756902,0
img_03542_2024,0.0,0.047619328,0
img_03543_2024,0.0,0.003368429,0
img_03544_2024,0.0,0.0013898172,0
img_03455_p01_2024,0.0,0.13533361,0
img_03455_p02_2024,0.0,0.0011466198,0
img_03455_p03_2024,0.0,0.2655257,0
img_03455_p04_2024,0.0,0.05942533,0
img_03520_p01_2024,0.0,0.0054978845,0
img_03520_p02_2024,0.0,0.0028477125,0
img_03546_2024,0.0,0.001083613,0
img_03547_2024,0.0,0.0019320898,0
img_03545_2024,0.0,0.08289109,0
img_03554_2024,0.0,0.0038746307,0
img_03548_2024,0.0,0.025116459,0
img_03551_2024,0.0,0.00558692,0
img_03550_2024,0.0,0.0075995442,0
img_03549_2024,0.0,0.00986712,0
img_03555_2024,0.0,0.015904682,0
img_03552_2024,0.0,0.026050037,0
img_03558_2024,0.0,0.046468444,0
img_03540_2024,0.0,0.011709994,0
img_03556_2024,0.0,0.0070705675,0
img_03560_2024,0.0,0.07007493,0
img_03563_2024,0.0,0.01204177,0
img_03559_2024,0.0,0.003737073,0
img_03561_2024,0.0,0.00400778,0
img_03566_2024,0.0,0.01658554,0
img_03567_2024,0.0,0.015785273,0
img_03568_2024,0.0,0.006090085,0
img_03571_2024,0.0,0.0049119415,0
img_03570_2024,0.0,0.04204868,0
img_03562_2024,0.0,0.010812638,0
img_03569_2024,0.0,0.004871752,0
img_03564_2024,0.0,0.008468338,0
img_03572_2024,0.0,0.0075919926,0
img_03575_2024,0.0,0.05686697,0
img_03553_p01_2024,0.0,0.015941063,0
img_03553_p02_2024,0.0,0.0028190692,0
img_03576_2024,0.0,0.17196342,0
img_03580_2024,0.0,0.0029969022,0
img_03574_2024,0.0,0.0072013554,0
img_03573_2024,0.0,0.023627581,0
img_03577_2024,0.0,0.019106314,0
img_03578_2024,0.0,0.014729756,0
img_03581_2024,0.0,0.09828367,0
img_03583_2024,0.0,0.0032236564,0
img_03584_2024,0.0,0.025356052,0
img_03495_p01_2024,0.0,0.010954219,0
img_03495_p02_2024,0.0,0.014103101,0
img_03495_p03_2024,0.0,0.00808181,0
img_03495_p04_2024,0.0,0.0084491335,0
img_03495_p05_2024,0.0,0.003814503,0
img_03582_2024,0.0,0.02428077,0
img_03585_2024,0.0,0.9461684,1
img_03588_2024,0.0,0.048380442,0
img_03579_2024,0.0,0.02983953,0
img_03587_2024,0.0,0.04026458,0
img_03589_2024,0.0,0.054376252,0
img_03593_2024,0.0,0.010140937,0
img_03591_2024,0.0,0.018420089,0
img_03590_2024,0.0,0.006172177,0
img_03598_2024,0.0,0.0013630398,0
img_03596_2024,0.0,0.007216259,0
img_03597_2024,0.0,0.008418775,0
img_03595_2024,0.0,0.03234345,0
img_03594_2024,0.0,0.9912163,1
img_03599_2024,0.0,0.062174164,0
img_03586_2024,0.0,0.0020443264,0
img_03602_2024,0.0,0.6811601,0
img_03537_p01_2024,0.0,0.0068157446,0
img_03537_p02_2024,0.0,0.003960193,0
img_03537_p03_2024,0.0,0.014318397,0
img_03537_p04_2024,0.0,0.06509335,0
img_03600_2024,0.0,0.010742842,0
img_03592_2024,0.0,0.01529463,0
img_03608_2024,0.0,0.0105622085,0
img_03604_2024,0.0,0.10478603,0
img_03603_2024,0.0,0.01828774,0
img_03601_2024,0.0,0.00047842882,0
img_03605_2024,0.0,0.003419563,0
img_03607_2024,0.0,0.0030327863,0
img_03609_2024,0.0,0.038321674,0
img_03606_2024,0.0,0.023562653,0
img_03614_2024,0.0,0.015937338,0
img_03613_2024,0.0,0.011038311,0
img_03616_2024,0.0,0.9201541,1
img_03620_2024,0.0,0.015057557,0
img_03612_2024,0.0,0.017997403,0
img_03621_2024,0.0,0.018190283,0
img_03619_2024,0.0,0.050538786,0
img_03624_2024,0.0,0.0066238083,0
img_03610_2024,0.0,0.03141321,0
img_03618_2024,0.0,0.010162825,0
img_03615_2024,0.0,0.0070167203,0
img_03623_2024,0.0,0.00835455,0
img_03622_2024,0.0,0.030297244,0
img_03625_2024,0.0,0.007367332,0
img_03627_2024,0.0,0.0026959905,0
img_03565_p01_2024,0.0,0.008545886,0
img_03565_p02_2024,0.0,0.0019631044,0
img_03565_p03_2024,0.0,0.012188849,0
img_03565_p04_2024,0.0,0.006432395,0
img_03629_2024,0.0,0.25030914,0
img_03626_2024,0.0,0.024639877,0
img_03628_2024,0.0,0.031436056,0
img_03631_2024,0.0,0.02249707,0
img_03632_2024,0.0,0.021611225,0
img_03557_p01_2024,0.0,0.0055611366,0
img_03557_p02_2024,0.0,0.0007828985,0
img_03557_p03_2024,0.0,0.0015576688,0
img_03557_p04_2024,0.0,0.001975493,0
img_03635_2024,0.0,0.012146604,0
img_03637_2024,0.0,0.009067771,0
img_03634_2024,0.0,0.0034471748,0
img_03638_2024,0.0,0.0014337356,0
img_03640_2024,0.0,0.6146775,0
img_03641_2024,0.0,0.00079007185,0
img_03630_2024,0.0,0.006407606,0
img_03633_2024,0.0,0.03986485,0
img_03642_2024,0.0,0.008993513,0
img_03645_2024,0.0,0.00939338,0
img_03639_2024,0.0,0.00494962,0
img_03646_2024,0.0,0.012535879,0
img_03617_p01_2024,0.0,0.0036554534,0
img_03617_p02_2024,0.0,0.0033859627,0
img_03648_2024,0.0,0.021680158,0
img_03649_2024,0.0,0.024847599,0
img_03650_2024,0.0,0.021092914,0
img_03651_2024,0.0,0.0072914073,0
img_03653_2024,0.0,0.0042873896,0
img_03652_2024,0.0,0.008702799,0
img_03647_2024,0.0,0.15320165,0
img_03657_2024,0.0,0.022681369,0
img_03654_2024,0.0,0.0039870976,0
img_03636_p01_2024,0.0,0.026883325,0
img_03636_p02_2024,0.0,0.47547805,0
img_03643_2024,0.0,0.44209054,0
img_03656_2024,0.0,0.0047738333,0
img_03611_p01_2024,0.0,0.0813103,0
img_03611_p02_2024,0.0,0.012433062,0
img_03611_p03_2024,0.0,0.0039679273,0
img_03660_2024,0.0,0.0037172048,0
img_03665_2024,0.0,0.05699933,0
img_03661_2024,0.0,0.044115912,0
img_03662_2024,0.0,0.004722238,0
img_03658_2024,0.0,0.009415631,0
img_03668_2024,0.0,0.01673796,0
img_03667_2024,0.0,0.020347252,0
img_03664_2024,0.0,0.009945993,0
img_03669_2024,0.0,0.023589019,0
img_03666_2024,0.0,0.010670768,0
img_03670_2024,0.0,0.021129072,0
img_03672_2024,0.0,0.0029141395,0
img_03663_2024,0.0,0.014571618,0
img_03673_2024,0.0,0.0035772317,0
img_03671_2024,0.0,0.007669801,0
img_03655_p01_2024,0.0,0.0023881441,0
img_03655_p02_2024,0.0,0.009108958,0
img_03659_2024,0.0,0.0092163775,0
img_03675_2024,0.0,0.0568108,0
img_03677_2024,0.0,0.30659625,0
img_03679_2024,0.0,0.078839615,0
img_03681_2024,0.0,0.006345139,0
img_03685_2024,0.0,0.01302081,0
img_03689_2024,0.0,0.008500328,0
img_03691_2024,0.0,0.010208742,0
img_03690_2024,0.0,0.047685433,0
img_03687_2024,0.0,0.009629104,0
img_03683_2024,0.0,0.02817996,0
img_03684_2024,0.0,0.016001059,0
img_03688_2024,0.0,0.006288784,0
img_03692_2024,0.0,0.022007769,0
img_03680_2024,0.0,0.007901372,0
img_03686_2024,0.0,0.013118783,0
img_03676_2024,0.0,0.0052699107,0
img_03693_2024,0.0,0.0031441122,0
img_03695_2024,0.0,0.1315554,0
img_03678_p01_2024,0.0,0.0010244026,0
img_03678_p02_2024,0.0,0.021291504,0
img_03694_2024,0.0,0.0070581087,0
img_03696_2024,0.0,0.032976966,0
img_03697_2024,0.0,0.019904664,0
img_03701_2024,0.0,0.0389961,0
img_03644_p01_2024,0.0,0.009889945,0
img_03644_p02_2024,0.0,0.0021162904,0
img_03644_p03_2024,0.0,0.0032568676,0
img_03644_p04_2024,0.0,0.0062753744,0
img_03674_p01_2024,0.0,0.0042437282,0
img_03674_p02_2024,0.0,0.0049216375,0
img_03705_2024,0.0,0.015555502,0
img_03703_2024,0.0,0.010671357,0
img_03698_2024,0.0,0.013593372,0
img_03707_2024,0.0,0.0025437581,0
img_03699_2024,0.0,0.2423103,0
img_03706_2024,0.0,0.0060783084,0
img_03700_2024,0.0,0.0041493457,0
img_03710_2024,0.0,0.14233975,0
img_03704_2024,0.0,0.0016982388,0
img_03712_2024,0.0,0.008776006,0
img_03506_p01_2024,0.0,0.028566018,0
img_03506_p02_2024,0.0,0.065054625,0
img_03506_p03_2024,0.0,0.0036197177,0
img_03506_p04_2024,0.0,0.01247046,0
img_03506_p05_2024,0.0,0.00982426,0
img_03506_p06_2024,0.0,0.01305017,0
img_03506_p07_2024,0.0,0.022304125,0
img_03506_p08_2024,0.0,0.00793367,0
img_03506_p09_2024,0.0,0.0017287402,0
img_03708_2024,0.0,0.0027148514,0
img_03702_2024,0.0,0.076735154,0
img_03711_2024,0.0,0.003257911,0
img_03682_p01_2024,0.0,0.006382149,0
img_03682_p02_2024,0.0,0.044987887,0
img_03713_2024,0.0,0.010662391,0
img_03709_2024,0.0,0.026455777,0
img_03715_2024,0.0,0.006336171,0
img_03720_2024,0.0,0.08473071,0
img_03718_2024,0.0,0.0047424147,0
img_03717_2024,0.0,0.016878739,0
img_03723_2024,0.0,0.018447405,0
img_03726_2024,0.0,0.27946964,0
img_03721_2024,0.0,0.018620795,0
img_03729_2024,0.0,0.009189555,0
img_03728_2024,0.0,0.0048606917,0
img_03731_2024,0.0,0.009589872,0
img_03725_2024,0.0,0.027402066,0
img_03733_2024,0.0,0.04274686,0
img_03738_2024,0.0,0.059681587,0
img_03735_2024,0.0,0.026769022,0
img_03732_2024,0.0,0.0019545113,0
img_03724_2024,0.0,0.0041132937,0
img_03739_2024,0.0,0.0019706385,0
img_03737_2024,0.0,0.29881674,0
img_03740_2024,0.0,0.012078704,0
img_03727_2024,0.0,0.0025638798,0
img_03716_2024,0.0,0.16995919,0
img_03741_2024,0.0,0.0013583628,0
img_03736_2024,0.0,0.010113791,0
img_03745_2024,0.0,0.0017047086,0
img_03719_2024,0.0,0.057837598,0
img_03742_2024,0.0,0.005512627,0
img_03744_2024,0.0,0.0020147027,0
img_03722_2024,0.0,0.01622534,0
img_03747_2024,0.0,0.0018157718,0
img_03743_2024,0.0,0.034744818,0
img_03746_2024,0.0,0.0026172665,0
img_03749_2024,0.0,0.009542404,0
img_03748_2024,0.0,0.014058213,0
img_03734_p01_2024,0.0,0.068931736,0
img_03734_p02_2024,0.0,0.011452493,0
img_03758_2024,0.0,0.011348637,0
img_03752_2024,0.0,0.026150512,0
img_03751_2024,0.0,0.0039077494,0
img_03756_2024,0.0,0.025909869,0
img_03750_2024,0.0,0.0026433733,0
img_03757_2024,0.0,0.008696216,0
img_03759_2024,0.0,0.016522985,0
img_03760_2024,0.0,0.0035104172,0
img_03753_2024,0.0,0.027066397,0
img_03754_2024,0.0,0.0066321692,0
img_03764_2024,0.0,0.08170433,0
img_03761_2024,0.0,0.007693765,0
img_03765_2024,0.0,0.011046924,0
img_03768_2024,0.0,0.2312637,0
img_03769_2024,0.0,0.008689961,0
img_03755_2024,0.0,0.0127771655,0
img_03774_2024,0.0,0.0034753873,0
img_03766_2024,0.0,0.010731846,0
img_03762_2024,0.0,0.919214,1
img_03773_2024,0.0,0.006970195,0
img_03772_2024,0.0,0.0052817473,0
img_03776_2024,0.0,0.8540865,1
img_03763_2024,0.0,0.029330574,0
img_03775_2024,0.0,0.013761911,0
img_03770_2024,0.0,0.118650615,0
img_03777_2024,0.0,0.038715888,0
img_03767_2024,0.0,0.0057227802,0
img_03771_2024,0.0,0.0008573139,0
img_03781_2024,0.0,0.007478744,0
img_03780_2024,0.0,0.009750035,0
img_03779_2024,0.0,0.018138494,0
img_03784_2024,0.0,0.22763617,0
img_03782_2024,0.0,0.011328057,0
img_03786_2024,0.0,0.0020736952,0
img_03788_2024,0.0,0.015049716,0
img_03789_2024,0.0,0.6336121,0
img_03787_2024,0.0,0.7740962,0
img_03785_2024,0.0,0.00049021,0
img_03790_2024,0.0,0.036170002,0
img_03791_2024,0.0,0.0019614329,0
img_03793_2024,0.0,0.010427392,0
img_03792_2024,0.0,0.0035200734,0
img_03797_2024,0.0,0.0057042683,0
img_03796_2024,0.0,0.007098075,0
img_03794_2024,0.0,0.019291485,0
img_03799_2024,0.0,0.053156734,0
img_03783_2024,0.0,0.01901226,0
img_03798_2024,0.0,0.0013820028,0
img_03730_p01_2024,0.0,0.44141832,0
img_03730_p02_2024,0.0,0.005376797,0
img_03730_p03_2024,0.0,0.024163028,0
img_03730_p04_2024,0.0,0.004409638,0
img_03778_p01_2024,0.0,0.004302445,0
img_03778_p02_2024,0.0,0.008779781,0
img_03801_2024,0.0,0.35478407,0
img_03795_2024,0.0,0.015067448,0
img_03802_2024,0.0,0.13028118,0
img_03803_2024,0.0,0.0035802873,0
img_03804_2024,0.0,0.059706036,0
img_03806_2024,0.0,0.0048566014,0
img_03805_2024,0.0,0.010608538,0
img_03808_2024,0.0,0.0027809169,0
img_03809_2024,0.0,0.041313443,0
img_03807_2024,0.0,0.002553028,0
img_03810_2024,0.0,0.08179742,0
img_03812_2024,0.0,0.0066670896,0
img_03815_2024,0.0,0.0134407235,0
img_03811_2024,0.0,0.027119977,0
img_03816_2024,0.0,0.23990394,0
img_03817_2024,0.0,0.9419818,1
img_03814_2024,0.0,0.0032890206,0
img_03818_2024,0.0,0.021020226,0
img_03819_2024,0.0,0.0056941,0
img_03813_2024,0.0,0.0818899,0
img_03824_2024,0.0,0.0049602822,0
img_03823_2024,0.0,0.023238726,0
img_03822_2024,0.0,0.028475989,0
img_03826_2024,0.0,0.0034689743,0
img_03825_2024,0.0,0.0046157897,0
img_03828_2024,0.0,0.007322737,0
img_03830_2024,0.0,0.0029431095,0
img_03829_2024,0.0,0.0018849166,0
img_03833_2024,0.0,0.012323819,0
img_03831_2024,0.0,0.005343497,0
img_03827_2024,0.0,0.021343404,0
img_03838_2024,0.0,0.018765513,0
img_03840_2024,0.0,0.99053544,1
img_03837_2024,0.0,0.0053846547,0
img_03836_2024,0.0,0.012778212,0
img_03832_2024,0.0,0.0010613054,0
img_03839_2024,0.0,0.04968065,0
img_03820_p01_2024,0.0,0.044676077,0
img_03820_p02_2024,0.0,0.012184952,0
img_03835_2024,0.0,0.051800527,0
img_03841_2024,0.0,0.011605219,0
img_03842_2024,0.0,0.006340045,0
img_03846_2024,0.0,0.011014599,0
img_03847_2024,0.0,0.008355881,0
img_03849_2024,0.0,0.0025695637,0
img_03845_2024,0.0,0.09865936,0
img_03848_2024,0.0,0.012073995,0
img_03850_2024,0.0,0.013065133,0
img_03852_2024,0.0,0.018322695,0
img_03858_2024,0.0,0.011141361,0
img_03853_2024,0.0,0.017102536,0
img_03855_2024,0.0,0.0056078313,0
img_03854_2024,0.0,0.014864836,0
img_03800_p01_2024,0.0,0.0031322741,0
img_03800_p02_2024,0.0,0.0049843667,0
img_03800_p03_2024,0.0,0.004850805,0
img_03800_p04_2024,0.0,0.007968012,0
img_03860_2024,0.0,0.01870444,0
img_03851_2024,0.0,0.012492893,0
img_03857_2024,0.0,0.009605209,0
img_03843_2024,0.0,0.021133196,0
img_03844_p01_2024,0.0,0.0066732722,0
img_03844_p02_2024,0.0,0.008166768,0
img_03856_2024,0.0,0.0035048223,0
img_03861_2024,0.0,0.035817966,0
img_03863_2024,0.0,0.0023040934,0
img_03862_2024,0.0,0.67511994,0
img_03859_2024,0.0,0.011532432,0
img_03865_2024,0.0,0.00838142,0
img_03871_2024,0.0,0.005155826,0
img_03870_2024,0.0,0.0038338348,0
img_03868_2024,0.0,0.078792915,0
img_03864_2024,0.0,0.0034602305,0
img_03867_2024,0.0,0.028647294,0
img_03872_2024,0.0,0.008915756,0
img_03869_2024,0.0,0.25691697,0
img_03866_2024,0.0,0.00901736,0
img_03875_2024,0.0,0.0049205725,0
img_03874_2024,0.0,0.0010139028,0
img_03873_2024,0.0,0.010177351,0
img_03876_2024,0.0,0.0018343367,0
img_03877_2024,0.0,0.015986396,0
img_03821_p01_2024,0.0,0.0058877296,0
img_03821_p02_2024,0.0,0.012087294,0
img_03821_p03_2024,0.0,0.031714875,0
img_03821_p04_2024,0.0,0.050689656,0
img_03883_2024,0.0,0.7224891,0
img_03885_2024,0.0,0.019626763,0
img_03878_2024,0.0,0.013017371,0
img_03714_p01_2024,0.0,0.009669746,0
img_03714_p02_2024,0.0,0.008973369,0
img_03714_p03_2024,0.0,0.00491821,0
img_03714_p04_2024,0.0,0.0039750915,0
img_03714_p05_2024,0.0,0.0012755801,0
img_03714_p06_2024,0.0,0.008595199,0
img_03887_2024,0.0,0.0020338113,0
img_03886_2024,0.0,0.014788167,0
img_03881_2024,0.0,0.003155797,0
img_03890_2024,0.0,0.011019286,0
img_03888_2024,0.0,0.012953311,0
img_03882_2024,0.0,0.01382728,0
img_03891_2024,0.0,0.021883925,0
img_03880_2024,0.0,0.01592386,0
img_03892_2024,0.0,0.007773545,0
img_03893_2024,0.0,0.0083767725,0
img_03884_2024,0.0,0.0017954132,0
img_03834_p01_2024,0.0,0.029229961,0
img_03834_p02_2024,0.0,0.03968014,0
img_03834_p03_2024,0.0,0.024768686,0
img_03834_p04_2024,0.0,0.060868327,0
img_03889_2024,0.0,0.007827523,0
img_03900_2024,0.0,0.0071755233,0
img_03894_2024,0.0,0.0031087482,0
img_03902_2024,0.0,0.047934543,0
img_03901_2024,0.0,0.025061145,0
img_03897_2024,0.0,0.033021502,0
img_03899_2024,0.0,0.02940667,0
img_03898_2024,0.0,0.008938411,0
img_03903_2024,0.0,0.013644284,0
img_03904_2024,0.0,0.16512448,0
img_03895_2024,0.0,0.008100363,0
img_03905_2024,0.0,0.003559746,0
img_03908_2024,0.0,0.017094249,0
img_03907_2024,0.0,0.08116054,0
img_03909_2024,0.0,0.01579475,0
img_03906_2024,0.0,0.0073598246,0
img_03913_2024,0.0,0.009591136,0
img_03911_2024,0.0,0.0056988345,0
img_03919_2024,0.0,0.013792276,0
img_03912_2024,0.0,0.050223928,0
img_03916_2024,0.0,0.020027108,0
img_03910_2024,0.0,0.012628195,0
img_03920_2024,0.0,0.010826734,0
img_03915_2024,0.0,0.006132001,0
img_03914_2024,0.0,0.013920662,0
img_03923_2024,0.0,0.007959901,0
img_03925_2024,0.0,0.35280046,0
img_03922_2024,0.0,0.0043516215,0
img_03896_2024,0.0,0.0017518904,0
img_03924_2024,0.0,0.010147458,0
img_03928_2024,0.0,0.010286471,0
img_03926_2024,0.0,0.37778294,0
img_03929_2024,0.0,0.08022444,0
img_03927_2024,0.0,0.016682545,0
img_03931_2024,0.0,0.0016675441,0
img_03921_2024,0.0,0.0077822157,0
img_03918_2024,0.0,0.016391128,0
img_03932_2024,0.0,0.0049394313,0
img_03937_2024,0.0,0.34544772,0
img_03936_2024,0.0,0.005505197,0
img_03939_2024,0.0,0.18332225,0
img_03934_2024,0.0,0.0838547,0
img_03933_2024,0.0,0.00783397,0
img_03941_2024,0.0,0.06821323,0
img_03935_2024,0.0,0.008817203,0
img_03942_2024,0.0,0.11679532,0
img_03930_2024,0.0,0.009552942,0
img_03938_2024,0.0,0.027236482,0
img_03947_2024,0.0,0.007732084,0
img_03945_2024,0.0,0.005144453,0
img_03943_2024,0.0,0.0072910553,0
img_03952_2024,0.0,0.04432391,0
img_03944_2024,0.0,0.003370397,0
img_03946_2024,0.0,0.010297375,0
img_03950_2024,0.0,0.035733107,0
img_03954_2024,0.0,0.05790951,0
img_03948_2024,0.0,0.0029906924,0
img_03951_2024,0.0,0.07142309,0
img_03949_2024,0.0,0.0038931596,0
img_03940_2024,0.0,0.01997189,0
img_03953_2024,0.0,0.041542176,0
img_03957_2024,0.0,0.8742289,1
img_03917_p01_2024,0.0,0.030909074,0
img_03917_p02_2024,0.0,0.13288273,0
img_03963_2024,0.0,0.007303044,0
img_03964_2024,0.0,0.018311428,0
img_03961_2024,0.0,0.067945585,0
img_03965_2024,0.0,0.026928136,0
img_03962_2024,0.0,0.003528723,0
img_03956_2024,0.0,0.011197617,0
img_03967_2024,0.0,0.09767126,0
img_03969_2024,0.0,0.00882118,0
img_03960_2024,0.0,0.0050875014,0
img_03966_2024,0.0,0.007876963,0
img_03955_2024,0.0,0.0263601,0
img_03968_2024,0.0,0.039829373,0
img_03959_2024,0.0,0.00320616,0
img_03971_2024,0.0,0.0052100276,0
img_03974_2024,0.0,0.003664457,0
img_03972_2024,0.0,0.018736964,0
img_03975_2024,0.0,0.0057657654,0
img_03973_2024,0.0,0.03067062,0
img_03980_2024,0.0,0.014153052,0
img_03978_2024,0.0,0.00210498,0
img_03976_2024,0.0,0.004676988,0
img_03984_2024,0.0,0.014729223,0
img_03977_2024,0.0,0.008595988,0
img_03981_2024,0.0,0.01983773,0
img_03982_2024,0.0,0.08911778,0
img_03979_2024,0.0,0.0048076604,0
img_03970_2024,0.0,0.0042042537,0
img_03986_2024,0.0,0.0022239783,0
img_03987_2024,0.0,0.0035477118,0
img_03988_2024,0.0,0.007429098,0
img_03985_2024,0.0,0.33016554,0
img_03958_p01_2024,0.0,0.0055314517,0
img_03958_p02_2024,0.0,0.002587834,0
img_03994_2024,0.0,0.04770462,0
img_03992_2024,0.0,0.032130264,0
img_03995_2024,0.0,0.11415212,0
img_03997_2024,0.0,0.030881012,0
img_04003_2024,0.0,0.005597662,0
img_03993_2024,0.0,0.074769035,0
img_04000_2024,0.0,0.039574485,0
img_04001_2024,0.0,0.004189843,0
img_03998_2024,0.0,0.009527416,0
img_03991_2024,0.0,0.006716134,0
img_04002_2024,0.0,0.20264377,0
img_03999_2024,0.0,0.009376242,0
img_04004_2024,0.0,0.0012335818,0
img_04006_2024,0.0,0.004358923,0
img_04007_2024,0.0,0.002170685,0
img_04005_2024,0.0,0.0029582852,0
img_04010_2024,0.0,0.6486849,0
img_04013_2024,0.0,0.011428048,0
img_04014_2024,0.0,0.0052945213,0
img_04015_2024,0.0,0.0037234207,0
img_04008_2024,0.0,0.021869808,0
img_03990_p01_2024,0.0,0.0002532691,0
img_03990_p02_2024,0.0,0.00033213626,0
img_04018_2024,0.0,0.12755586,0
img_04016_2024,0.0,0.003277894,0
img_04011_2024,0.0,0.048251178,0
img_04009_2024,0.0,0.010519175,0
img_04020_2024,0.0,0.06086864,0
img_04022_2024,0.0,0.026694832,0
img_04019_2024,0.0,0.012069093,0
img_04025_2024,0.0,0.023259372,0
img_04017_2024,0.0,0.010848536,0
img_04024_2024,0.0,0.022080915,0
img_04021_2024,0.0,0.05925441,0
img_04029_2024,0.0,0.00013306655,0
img_04028_2024,0.0,0.008626625,0
img_04026_2024,0.0,0.0130322855,0
img_04030_2024,0.0,0.014701264,0
img_04023_2024,0.0,0.048647918,0
img_04031_2024,0.0,0.02582841,0
img_04012_p01_2024,0.0,0.004589054,0
img_04012_p02_2024,0.0,0.012656544,0
img_04032_2024,0.0,0.03479936,0
img_04036_2024,0.0,0.0021700996,0
img_04033_2024,0.0,0.0054070414,0
img_04037_2024,0.0,0.016373808,0
img_04035_2024,0.0,0.012852061,0
img_04027_2024,0.0,0.008918209,0
img_04039_2024,0.0,0.0082785,0
img_04038_2024,0.0,0.01506026,0
img_04043_2024,0.0,0.007073849,0
img_04040_2024,0.0,0.02601436,0
img_04042_2024,0.0,0.015857426,0
img_04044_2024,0.0,0.052938614,0
img_04046_2024,0.0,0.03562008,0
img_03879_p01_2024,0.0,0.00785616,0
img_03879_p02_2024,0.0,0.005188679,0
img_03879_p03_2024,0.0,0.005617332,0
img_03879_p04_2024,0.0,0.008775628,0
img_03879_p05_2024,0.0,0.006166715,0
img_03879_p06_2024,0.0,0.009681946,0
img_04045_2024,0.0,0.013864658,0
img_04047_2024,0.0,0.0019551355,0
img_04048_2024,0.0,0.085950375,0
img_04050_2024,0.0,0.010074786,0
img_04054_2024,0.0,0.0061697876,0
img_04049_2024,0.0,0.0019453096,0
img_04051_2024,0.0,0.024280803,0
img_04053_2024,0.0,0.0060334024,0
img_04057_2024,0.0,0.0038950522,0
img_04052_2024,0.0,0.056970686,0
img_04056_2024,0.0,0.008842443,0
img_04055_2024,0.0,0.0061160214,0
img_04058_2024,0.0,0.0071326513,0
img_04059_2024,0.0,0.008722167,0
img_03996_p01_2024,0.0,0.00063210045,0
img_03996_p02_2024,0.0,0.016121652,0
img_03996_p03_2024,0.0,0.024237758,0
img_03996_p04_2024,0.0,0.022077974,0
img_04062_2024,0.0,0.0035085843,0
img_04061_2024,0.0,0.0035802294,0
img_04063_2024,0.0,0.0019777045,0
img_04066_2024,0.0,0.0049634343,0
img_04065_2024,0.0,0.014084383,0
img_04067_2024,0.0,0.0072450005,0
img_04064_2024,0.0,0.006319288,0
img_04070_2024,0.0,0.03148582,0
img_04072_2024,0.0,0.015667303,0
img_04073_2024,0.0,0.009367145,0
img_04075_2024,0.0,0.055737164,0
img_03983_p01_2024,0.0,0.03382286,0
img_03983_p02_2024,0.0,0.009066314,0
img_03983_p03_2024,0.0,0.0036176252,0
img_03983_p04_2024,0.0,0.0084507475,0
img_04071_2024,0.0,0.01340668,0
img_04074_2024,0.0,0.0029543245,0
img_04077_2024,0.0,0.021116925,0
img_04068_2024,0.0,0.00163841,0
img_04069_2024,0.0,0.040072422,0
img_04076_2024,0.0,0.013280529,0
img_04082_2024,0.0,0.04823323,0
img_04078_2024,0.0,0.012505129,0
img_04086_2024,0.0,0.025757005,0
img_04081_2024,0.0,0.050990418,0
img_04087_2024,0.0,0.016095955,0
img_04079_2024,0.0,0.0042479117,0
img_04085_2024,0.0,0.0080496,0
img_04080_2024,0.0,0.0625337,0
img_04089_2024,0.0,0.027752675,0
img_04088_2024,0.0,0.0037254288,0
img_04083_2024,0.0,0.0045971726,0
img_04084_2024,0.0,0.069203004,0
img_04090_2024,0.0,0.019729476,0
img_04092_2024,0.0,0.002651763,0
img_04091_2024,0.0,0.0005526048,0
img_04094_2024,0.0,0.018668598,0
img_04093_2024,0.0,0.028325157,0
img_04096_2024,0.0,0.012903595,0
img_04095_2024,0.0,0.0021331264,0
img_04098_2024,0.0,0.015211526,0
img_04097_2024,0.0,0.009004739,0
img_04099_2024,0.0,0.0038135916,0
img_04101_2024,0.0,0.011555339,0
img_04104_2024,0.0,0.007664391,0
img_04103_2024,0.0,0.021555953,0
img_04105_2024,0.0,0.19322072,0
img_04107_2024,0.0,0.087188415,0
img_04102_2024,0.0,0.01591379,0
img_04106_2024,0.0,0.005899293,0
img_04109_2024,0.0,0.031327695,0
img_04111_2024,0.0,0.003601477,0
img_04108_2024,0.0,0.0018636857,0
img_04113_2024,0.0,0.0021415702,0
img_04112_2024,0.0,0.02819282,0
img_04110_2024,0.0,0.03260066,0
img_04115_2024,0.0,0.015837735,0
img_04116_2024,0.0,0.0019726052,0
img_03989_p01_2024,0.0,0.021402894,0
img_03989_p02_2024,0.0,0.003998599,0
img_03989_p03_2024,0.0,0.005197311,0
img_03989_p04_2024,0.0,0.0031945521,0
img_03989_p05_2024,0.0,0.019126922,0
img_03989_p06_2024,0.0,0.0022844034,0
img_03989_p07_2024,0.0,0.008108087,0
img_04121_2024,0.0,0.014044294,0
img_04120_2024,0.0,0.07707833,0
img_04123_2024,0.0,0.042285603,0
img_04124_2024,0.0,0.003298112,0
img_04118_2024,0.0,0.064579524,0
img_04114_2024,0.0,0.014258163,0
img_04117_2024,0.0,0.00345719,0
img_04128_2024,0.0,0.017422466,0
img_04125_2024,0.0,0.05668587,0
img_04132_2024,0.0,0.09213352,0
img_04126_2024,0.0,0.044189174,0
img_04119_2024,0.0,0.0020749685,0
img_04041_p01_2024,0.0,0.0030532381,0
img_04041_p02_2024,0.0,0.009322014,0
img_04041_p03_2024,0.0,0.0045712227,0
img_04041_p04_2024,0.0,0.3239512,0
img_04041_p05_2024,0.0,0.0014036301,0
img_04138_2024,0.0,0.051732123,0
img_04133_2024,0.0,0.0033284745,0
img_04127_2024,0.0,0.93248373,1
img_04131_2024,0.0,0.060526747,0
img_04139_2024,0.0,0.0019279867,0
img_04135_2024,0.0,0.0035898704,0
img_04146_2024,0.0,0.007519978,0
img_04147_2024,0.0,0.009998612,0
img_04136_2024,0.0,0.0036376317,0
img_04141_2024,0.0,0.0046272445,0
img_04143_2024,0.0,0.0037453158,0
img_04129_2024,0.0,0.013060252,0
img_04144_2024,0.0,0.011642926,0
img_04134_2024,0.0,0.050429482,0
img_04145_2024,0.0,0.044501442,0
img_04152_2024,0.0,0.026493825,0
img_04137_2024,0.0,0.00460189,0
img_04150_2024,0.0,0.006463692,0
img_04151_2024,0.0,0.12125428,0
img_04130_2024,0.0,0.012251473,0
img_04149_2024,0.0,0.00500051,0
img_04157_2024,0.0,0.0052282363,0
img_04155_2024,0.0,0.016586294,0
img_04100_p01_2024,0.0,0.022609886,0
img_04100_p02_2024,0.0,0.0024193872,0
img_04148_2024,0.0,0.026620809,0
img_04142_2024,0.0,0.31793445,0
img_04153_2024,0.0,0.0010592005,0
img_04159_2024,0.0,0.0042420807,0
img_04122_p01_2024,0.0,0.011122904,0
img_04122_p02_2024,0.0,0.007021048,0
img_04122_p03_2024,0.0,0.008072481,0
img_04154_2024,0.0,0.005056941,0
img_04158_2024,0.0,0.012802205,0
img_04140_2024,0.0,0.0039694393,0
img_04160_2024,0.0,0.0039270534,0
img_04156_2024,0.0,0.010112386,0
img_04165_2024,0.0,0.05459646,0
img_04162_2024,0.0,0.009489612,0
img_04168_2024,0.0,0.002418576,0
img_04169_2024,0.0,0.060802106,0
img_04166_2024,0.0,0.020327182,0
img_04161_2024,0.0,0.0136642745,0
img_04167_2024,0.0,0.008212077,0
img_04170_2024,0.0,0.041603025,0
img_04171_2024,0.0,0.010034647,0
img_04163_2024,0.0,0.16475132,0
img_04164_2024,0.0,0.014922877,0
img_04172_2024,0.0,0.009107645,0
img_04179_2024,0.0,0.13199726,0
img_04175_2024,0.0,0.014852433,0
img_04185_2024,0.0,0.0037404066,0
img_04180_2024,0.0,0.0069652135,0
img_04184_2024,0.0,0.22393034,0
img_04186_2024,0.0,0.0033244402,0
img_04181_2024,0.0,0.019497683,0
img_04187_2024,0.0,0.0023370476,0
img_04178_2024,0.0,0.0020078677,0
img_04188_2024,0.0,0.00553157,0
img_04173_2024,0.0,0.0081827305,0
img_04183_2024,0.0,0.026469171,0
img_04174_2024,0.0,0.11634821,0
img_04182_2024,0.0,0.017489571,0
img_04191_2024,0.0,0.028697573,0
img_04189_2024,0.0,0.012656986,0
img_04193_2024,0.0,0.08139923,0
img_04177_2024,0.0,0.0043809284,0
img_04190_2024,0.0,0.31996274,0
img_04196_2024,0.0,0.0028135611,0
img_04034_p01_2024,0.0,0.030077431,0
img_04034_p02_2024,0.0,0.004968123,0
img_04034_p03_2024,0.0,0.003276257,0
img_04034_p04_2024,0.0,0.0041006184,0
img_04034_p05_2024,0.0,0.0030917784,0
img_04034_p06_2024,0.0,0.0060421163,0
img_04192_2024,0.0,0.022037365,0
img_04195_2024,0.0,0.01621545,0
img_04197_2024,0.0,0.11212455,0
img_04204_2024,0.0,0.027999979,0
img_04203_2024,0.0,0.013771595,0
img_04211_2024,0.0,0.008544916,0
img_04205_2024,0.0,0.11893706,0
img_04208_2024,0.0,0.038053792,0
img_04207_2024,0.0,0.04403568,0
img_04212_2024,0.0,0.068344705,0
img_04206_2024,0.0,0.023823483,0
img_04198_2024,0.0,0.023477329,0
img_04214_2024,0.0,0.03589782,0
img_04209_2024,0.0,0.017655898,0
img_04200_2024,0.0,0.053360958,0
img_04213_2024,0.0,0.024533534,0
img_04194_2024,0.0,0.09601756,0
img_04210_2024,0.0,0.13585152,0
img_04216_2024,0.0,0.1766782,0
img_04199_2024,0.0,0.01595159,0
img_04215_2024,0.0,0.038312204,0
img_04217_2024,0.0,0.08828762,0
img_04218_2024,0.0,0.020679643,0
img_04201_2024,0.0,0.0041570435,0
img_04223_2024,0.0,0.019145735,0
img_04219_2024,0.0,0.02483019,0
img_04176_2024,0.0,0.05716692,0
img_04221_2024,0.0,0.012315034,0
img_04222_2024,0.0,0.0028753537,0
img_04220_2024,0.0,0.39418522,0
img_04227_2024,0.0,0.016177338,0
img_04225_2024,0.0,0.002569637,0
img_04228_2024,0.0,0.006208761,0
img_04202_2024,0.0,0.018676016,0
img_04231_2024,0.0,0.027056038,0
img_04226_2024,0.0,0.008086494,0
img_04232_2024,0.0,0.017631194,0
img_04230_2024,0.0,0.016138207,0
img_04234_2024,0.0,0.010566371,0
img_04229_2024,0.0,0.028029831,0
img_04224_2024,0.0,0.0072927843,0
img_04233_2024,0.0,0.10377809,0
img_04235_2024,0.0,0.02040391,0
img_04238_2024,0.0,0.0058524627,0
img_04242_2024,0.0,0.07179587,0
img_04236_2024,0.0,0.0054428233,0
img_04254_2024,0.0,0.0056149997,0
img_04250_2024,0.0,0.014101239,0
img_04246_2024,0.0,0.013394229,0
img_04249_2024,0.0,0.029669344,0
img_04247_2024,0.0,0.07375678,0
img_04243_2024,0.0,0.04250851,0
img_04240_2024,0.0,0.011540218,0
img_04252_2024,0.0,0.0465677,0
img_04245_2024,0.0,0.042347055,0
img_04239_2024,0.0,0.3112198,0
img_04241_2024,0.0,0.023775164,0
img_04251_2024,0.0,0.011099589,0
img_04257_2024,0.0,0.0076292423,0
img_04256_2024,0.0,0.9126975,1
img_04244_2024,0.0,0.7107574,0
img_04253_2024,0.0,0.061791148,0
img_04255_2024,0.0,0.3179069,0
img_04248_2024,0.0,0.037530765,0
img_04259_2024,0.0,0.009283175,0
img_04258_2024,0.0,0.00866873,0
img_04266_2024,0.0,0.020487444,0
img_04260_2024,0.0,0.3381643,0
img_04267_2024,0.0,0.047286242,0
img_04268_2024,0.0,0.048581723,0
img_04265_2024,0.0,0.0014918788,0
img_04271_2024,0.0,0.06512428,0
img_04264_2024,0.0,0.06797257,0
img_04272_2024,0.0,0.0066836295,0
img_04276_2024,0.0,0.062122125,0
img_04274_2024,0.0,0.12873644,0
img_04262_2024,0.0,0.030616917,0
img_04275_2024,0.0,0.046746276,0
img_04270_2024,0.0,0.01567797,0
img_04277_2024,0.0,0.0039207297,0
img_04261_2024,0.0,0.06026788,0
img_04278_2024,0.0,0.24795969,0
img_04263_2024,0.0,0.1302553,0
img_04281_2024,0.0,0.05475151,0
img_04282_2024,0.0,0.031170497,0
img_04283_2024,0.0,0.0013508808,0
img_04292_2024,0.0,0.03162606,0
img_04273_2024,0.0,0.023682188,0
img_04279_2024,0.0,0.0065006684,0
img_04289_2024,0.0,0.6819804,0
img_04287_2024,0.0,0.181503,0
img_04290_2024,0.0,0.031831916,0
img_04288_2024,0.0,0.030211354,0
img_04284_2024,0.0,0.015370312,0
img_04285_2024,0.0,0.09343866,0
img_04291_2024,0.0,0.025341157,0
img_04293_2024,0.0,0.12005602,0
img_04286_2024,0.0,0.018390695,0
img_04294_2024,0.0,0.11275241,0
img_04299_2024,0.0,0.02262825,0
img_04280_2024,0.0,0.051171407,0
img_04295_2024,0.0,0.1952915,0
img_04307_2024,0.0,0.013419893,0
img_04302_2024,0.0,0.024736432,0
img_04309_2024,0.0,0.07703295,0
img_04305_2024,0.0,0.5823981,0
img_04297_2024,0.0,0.0859503,0
img_04306_2024,0.0,0.0064167897,0
img_04303_2024,0.0,0.004425879,0
img_04301_2024,0.0,0.006643818,0
img_04304_2024,0.0,0.20863466,0
img_04300_2024,0.0,0.015436751,0
img_04298_2024,0.0,0.01097349,0
img_04313_2024,0.0,7.739915e-05,0
img_04311_2024,0.0,0.008280435,0
img_04296_p01_2024,0.0,0.0120972,0
img_04296_p02_2024,0.0,0.06503818,0
img_04317_2024,0.0,0.03638982,0
img_04320_2024,0.0,0.026712345,0
img_04318_2024,0.0,0.014152706,0
img_04314_2024,0.0,0.033234857,0
img_04312_2024,0.0,0.11697742,0
img_04237_p01_2024,0.0,0.002904961,0
img_04237_p02_2024,0.0,0.003754331,0
img_04237_p03_2024,0.0,0.0059444946,0
img_04237_p04_2024,0.0,0.030739283,0
img_04322_2024,0.0,0.017687593,0
img_04315_2024,0.0,0.02877455,0
img_04323_2024,0.0,0.0032644272,0
img_04321_2024,0.0,0.113142505,0
img_04327_2024,0.0,0.29868373,0
img_04328_2024,0.0,0.34429651,0
img_04324_2024,0.0,0.42145705,0
img_04329_2024,0.0,0.010895172,0
img_04326_2024,0.0,0.33696225,0
img_04331_2024,0.0,0.0037839906,0
img_04330_2024,0.0,0.070107706,0
img_04325_2024,0.0,0.15311989,0
img_04333_2024,0.0,0.60649157,0
img_04332_2024,0.0,0.019048177,0
img_04334_2024,0.0,0.004840154,0
img_04316_p01_2024,0.0,0.0036933075,0
img_04316_p02_2024,0.0,0.0018827586,0
img_04338_2024,0.0,0.020649835,0
img_04336_2024,0.0,0.02916416,0
img_04342_2024,0.0,0.009430911,0
img_04341_2024,0.0,0.012811592,0
img_04345_2024,0.0,0.024764845,0
img_04339_2024,0.0,0.14858855,0
img_04344_2024,0.0,0.036738455,0
img_04335_2024,0.0,0.0014751302,0
img_04348_2024,0.0,0.004477893,0
img_04349_2024,0.0,0.034286723,0
img_04343_2024,0.0,0.0013283215,0
img_04350_2024,0.0,0.035159387,0
img_04352_2024,0.0,0.0033990664,0
img_04346_2024,0.0,0.13271461,0
img_04353_2024,0.0,0.003941983,0
img_04358_2024,0.0,0.03203445,0
img_04355_2024,0.0,0.04283044,0
img_04308_p01_2024,0.0,0.030397912,0
img_04308_p02_2024,0.0,0.044019483,0
img_04308_p03_2024,0.0,0.0009274729,0
img_04308_p04_2024,0.0,0.0063044094,0
img_04354_2024,0.0,0.14185824,0
img_04356_2024,0.0,0.09372818,0
img_04359_2024,0.0,0.26852337,0
img_04357_2024,0.0,0.18415056,0
img_04351_2024,0.0,0.020950045,0
img_04362_2024,0.0,0.54292274,0
img_04360_2024,0.0,0.024487503,0
img_04361_2024,0.0,0.021402704,0
img_04364_2024,0.0,0.08860527,0
img_04363_2024,0.0,0.037063386,0
img_04366_2024,0.0,0.038347982,0
img_04369_2024,0.0,0.00078827573,0
img_04368_2024,0.0,0.0032827256,0
img_04371_2024,0.0,0.30414376,0
img_04367_2024,0.0,0.011226978,0
img_04319_p01_2024,0.0,0.05428683,0
img_04319_p02_2024,0.0,0.07980484,0
img_04319_p03_2024,0.0,0.29883143,0
img_04319_p04_2024,0.0,0.038124617,0
img_04372_2024,0.0,0.037658952,0
img_04374_2024,0.0,0.022965726,0
img_04370_2024,0.0,0.034985684,0
img_04375_2024,0.0,0.10215818,0
img_04380_2024,0.0,0.009330442,0
img_04379_2024,0.0,0.008808032,0
img_04377_2024,0.0,0.12208394,0
img_04376_2024,0.0,0.0038097622,0
img_04373_2024,0.0,0.008823178,0
img_04381_2024,0.0,0.08920861,0
img_04385_2024,0.0,0.010901664,0
img_04382_2024,0.0,0.3110257,0
img_04387_2024,0.0,0.12490872,0
img_04386_2024,0.0,0.015320995,0
img_04388_2024,0.0,0.019082546,0
img_04393_2024,0.0,0.016588658,0
img_04389_2024,0.0,0.003529588,0
img_04390_2024,0.0,0.025738435,0
img_04392_2024,0.0,0.019745013,0
img_04391_2024,0.0,0.036921915,0
img_04394_2024,0.0,0.43874222,0
img_04384_2024,0.0,0.0052136425,0
img_04397_2024,0.0,0.0054463297,0
img_04395_2024,0.0,0.14681768,0
img_04398_2024,0.0,0.015409728,0
img_04400_2024,0.0,0.026206376,0
img_04378_p01_2024,0.0,0.24061437,0
img_04378_p02_2024,0.0,0.011672567,0
img_04399_2024,0.0,0.013807326,0
img_04401_2024,0.0,0.042253453,0
img_04402_2024,0.0,0.033266496,0
img_04404_2024,0.0,0.0015428476,0
img_04347_p01_2024,0.0,0.40574425,0
img_04347_p02_2024,0.0,0.12508272,0
img_04347_p03_2024,0.0,0.027316833,0
img_04347_p04_2024,0.0,0.005881707,0
img_04383_p01_2024,0.0,0.02404282,0
img_04383_p02_2024,0.0,0.07085777,0
img_04406_2024,0.0,0.008168714,0
img_04403_2024,0.0,0.028943673,0
img_04405_2024,0.0,0.015015602,0
img_04409_2024,0.0,0.13697821,0
img_04410_2024,0.0,0.005736893,0
img_04412_2024,0.0,0.027752686,0
img_04408_2024,0.0,0.09430341,0
img_04413_2024,0.0,0.17775169,0
img_04415_2024,0.0,0.41086662,0
img_04414_2024,0.0,0.021132367,0
img_04407_2024,0.0,0.000840044,0
img_04416_2024,0.0,0.007983541,0
img_04365_p01_2024,0.0,0.6379762,0
img_04365_p02_2024,0.0,0.5419483,0
img_04365_p03_2024,0.0,0.80281377,1
img_04365_p04_2024,0.0,0.196149,0
img_04419_2024,0.0,0.015220943,0
img_04411_2024,0.0,0.004866198,0
img_04418_2024,0.0,0.008559225,0
img_04417_2024,0.0,0.022322165,0
img_04269_p01_2024,0.0,0.018274853,0
img_04269_p02_2024,0.0,0.008864725,0
img_04269_p03_2024,0.0,0.013335715,0
img_04269_p04_2024,0.0,0.024448587,0
img_04269_p05_2024,0.0,0.0040607834,0
img_04269_p06_2024,0.0,0.013361973,0
img_04269_p07_2024,0.0,0.0038187634,0
img_04269_p08_2024,0.0,0.12636803,0
img_04420_2024,0.0,0.0027270955,0
img_04421_2024,0.0,0.05474515,0
img_04426_2024,0.0,0.0008016851,0
img_04423_2024,0.0,0.025448475,0
img_04396_p01_2024,0.0,0.011092421,0
img_04396_p02_2024,0.0,0.016705526,0
img_04429_2024,0.0,0.028138315,0
img_04340_p01_2024,0.0,0.056192014,0
img_04340_p02_2024,0.0,0.18978885,0
img_04340_p03_2024,0.0,0.30714303,0
img_04340_p04_2024,0.0,0.13671082,0
img_04340_p05_2024,0.0,0.04463952,0
img_04340_p06_2024,0.0,0.022879178,0
img_04425_2024,0.0,0.24425769,0
img_04430_2024,0.0,0.0074463394,0
img_04432_2024,0.0,0.30265197,0
img_04433_2024,0.0,0.006509349,0
img_04427_2024,0.0,0.01135145,0
img_04435_2024,0.0,0.011690834,0
img_04434_2024,0.0,0.16173008,0
img_04422_2024,0.0,0.009584235,0
img_04436_2024,0.0,0.15300992,0
img_04438_2024,0.0,0.04242335,0
img_04441_2024,0.0,0.018794948,0
img_04437_2024,0.0,0.027706219,0
img_04439_2024,0.0,0.011433889,0
img_04440_2024,0.0,0.054522116,0
img_04442_2024,0.0,0.07879286,0
img_04446_2024,0.0,0.015727859,0
img_04445_2024,0.0,0.20360278,0
img_04444_2024,0.0,0.0023836973,0
img_04431_2024,0.0,0.048800584,0
img_04447_2024,0.0,0.8003352,1
img_04448_2024,0.0,0.13425396,0
img_04451_2024,0.0,0.047486614,0
img_04443_2024,0.0,0.020924509,0
img_04449_2024,0.0,0.017803932,0
img_04454_2024,0.0,0.056314968,0
img_04450_2024,0.0,0.0616899,0
img_04457_2024,0.0,0.062494047,0
img_04458_2024,0.0,0.10877753,0
img_04453_2024,0.0,0.034292053,0
img_04455_2024,0.0,0.013178646,0
img_04459_2024,0.0,0.0076464415,0
img_04452_2024,0.0,0.032909296,0
img_04456_2024,0.0,0.03209364,0
img_04463_2024,0.0,0.003307414,0
img_04465_2024,0.0,0.015904915,0
img_04460_2024,0.0,0.033431627,0
img_04462_2024,0.0,0.05492073,0
img_04428_p01_2024,0.0,0.11738413,0
img_04428_p02_2024,0.0,0.091662504,0
img_04428_p03_2024,0.0,0.117880896,0
img_04467_2024,0.0,0.019496739,0
img_04468_2024,0.0,0.01068944,0
img_04466_2024,0.0,0.31123823,0
img_04471_2024,0.0,0.42718935,0
img_04469_2024,0.0,0.014527782,0
img_04475_2024,0.0,0.007254913,0
img_04461_2024,0.0,0.0020083168,0
img_04474_2024,0.0,0.0022297006,0
img_04476_2024,0.0,0.054611523,0
img_04473_2024,0.0,0.14578132,0
img_04470_2024,0.0,0.004786705,0
img_04479_2024,0.0,0.033101868,0
img_04480_2024,0.0,0.42015314,0
img_04482_2024,0.0,0.06661737,0
img_04483_2024,0.0,0.17749608,0
img_04478_2024,0.0,0.004293144,0
img_04477_2024,0.0,0.1649747,0
img_04481_2024,0.0,0.0057504126,0
img_04484_2024,0.0,0.11262767,0
img_04485_2024,0.0,0.053461947,0
img_04486_2024,0.0,0.015249129,0
img_04487_2024,0.0,0.029774403,0
img_04489_2024,0.0,0.002653202,0
img_04464_p01_2024,0.0,0.005026384,0
img_04464_p02_2024,0.0,0.38379216,0
img_04488_2024,0.0,0.006159524,0
img_04490_2024,0.0,0.023401946,0
img_04491_2024,0.0,0.008269646,0
img_04493_2024,0.0,0.011555611,0
img_04496_2024,0.0,0.0014303378,0
img_04495_2024,0.0,0.02260038,0
img_04492_2024,0.0,0.13433695,0
img_04505_2024,0.0,0.28931093,0
img_04497_2024,0.0,0.010040523,0
img_04500_2024,0.0,0.0051405695,0
img_04498_2024,0.0,0.0056735035,0
img_04494_2024,0.0,0.12064135,0
img_04502_2024,0.0,0.0273599,0
img_04504_2024,0.0,0.016714599,0
img_04506_2024,0.0,0.0993048,0
img_04508_2024,0.0,0.8581028,1
img_04503_2024,0.0,0.04402689,0
img_04515_2024,0.0,0.21455364,0
img_04507_2024,0.0,0.073019624,0
img_04516_2024,0.0,0.0034401333,0
img_04511_2024,0.0,0.014794538,0
img_04518_2024,0.0,0.0064689703,0
img_04512_2024,0.0,0.022594145,0
img_04514_2024,0.0,0.011223533,0
img_04513_2024,0.0,0.040368978,0
img_04509_2024,0.0,0.0077143423,0
img_04424_p01_2024,0.0,0.01834894,0
img_04424_p02_2024,0.0,0.093045145,0
img_04424_p03_2024,0.0,0.28612387,0
img_04424_p04_2024,0.0,0.09852682,0
img_04510_2024,0.0,0.028950574,0
img_04517_2024,0.0,0.09655355,0
img_04521_2024,0.0,0.13776526,0
img_04519_2024,0.0,0.016306875,0
img_04523_2024,0.0,0.024997804,0
img_04526_2024,0.0,0.9388851,1
img_04524_2024,0.0,0.022831766,0
img_04527_2024,0.0,0.007682666,0
img_04499_2024,0.0,0.006050472,0
img_04529_2024,0.0,0.0048307506,0
img_04534_2024,0.0,0.07121411,0
img_04531_2024,0.0,0.032827098,0
img_04537_2024,0.0,0.34388828,0
img_04501_2024,0.0,0.027927732,0
img_04532_2024,0.0,0.09398117,0
img_04536_2024,0.0,0.09484796,0
img_04535_2024,0.0,0.03413094,0
img_04540_2024,0.0,0.070312,0
img_04530_2024,0.0,0.07792816,0
img_04538_2024,0.0,0.035756554,0
img_04539_2024,0.0,0.033240426,0
img_04310_p01_2024,0.0,0.0005124767,0
img_04310_p02_2024,0.0,0.005552241,0
img_04310_p03_2024,0.0,0.0016078065,0
img_04310_p04_2024,0.0,0.0009874471,0
img_04310_p05_2024,0.0,0.040628616,0
img_04310_p06_2024,0.0,0.29761404,0
img_04310_p07_2024,0.0,0.07349524,0
img_04310_p08_2024,0.0,0.17479688,0
img_04310_p09_2024,0.0,0.0036483936,0
img_04310_p10_2024,0.0,0.030842306,0
img_04310_p11_2024,0.0,0.100855745,0
img_04310_p12_2024,0.0,0.14898704,0
img_04310_p14_2024,0.0,0.0507333,0
img_04543_2024,0.0,0.010872355,0
img_04545_2024,0.0,0.007617442,0
img_04541_2024,0.0,0.06447209,0
img_04546_2024,0.0,0.033504285,0
img_04544_2024,0.0,0.022928976,0
img_04542_2024,0.0,0.12983829,0
img_04548_2024,0.0,0.0031435608,0
img_04528_p01_2024,0.0,0.06266266,0
img_04528_p02_2024,0.0,0.18253593,0
img_04547_2024,0.0,0.09889869,0
img_04550_2024,0.0,0.1617004,0
img_04549_2024,0.0,0.006012352,0
img_04553_2024,0.0,0.46515107,0
img_04552_2024,0.0,0.15895022,0
img_04554_2024,0.0,0.08052189,0
img_04551_2024,0.0,0.48171964,0
img_04555_2024,0.0,0.09748362,0
img_04556_2024,0.0,0.049033534,0
img_04557_2024,0.0,0.12150269,0
img_04560_2024,0.0,0.025045965,0
img_04558_2024,0.0,0.027582176,0
img_04561_2024,0.0,0.008985314,0
img_04564_2024,0.0,0.36330077,0
img_04563_2024,0.0,0.01046165,0
img_04562_2024,0.0,0.030997287,0
img_04567_2024,0.0,0.052246336,0
img_04565_2024,0.0,0.053392183,0
img_04568_2024,0.0,0.0031824217,0
img_04566_2024,0.0,0.002091563,0
img_04569_2024,0.0,0.017292947,0
img_04570_2024,0.0,0.19967963,0
img_04571_2024,0.0,0.035100248,0
img_04573_2024,0.0,0.024653021,0
img_04559_2024,0.0,0.00436221,0
img_04520_p01_2024,0.0,0.113682054,0
img_04520_p02_2024,0.0,0.14406177,0
img_04520_p03_2024,0.0,0.043813232,0
img_04520_p04_2024,0.0,0.050460123,0
img_04572_2024,0.0,0.011725942,0
img_04577_2024,0.0,0.0751463,0
img_04533_p01_2024,0.0,0.0024963205,0
img_04533_p02_2024,0.0,0.14451876,0
img_04533_p03_2024,0.0,0.015788533,0
img_04575_2024,0.0,0.40025142,0
img_04576_2024,0.0,0.27381095,0
img_04337_p01_2024,0.0,0.051194824,0
img_04337_p02_2024,0.0,0.051738802,0
img_04337_p03_2024,0.0,0.21498817,0
img_04337_p04_2024,0.0,0.037496746,0
img_04337_p05_2024,0.0,0.02413606,0
img_04337_p06_2024,0.0,0.052537646,0
img_04337_p07_2024,0.0,0.0009888649,0
img_04337_p08_2024,0.0,0.016326247,0
img_04337_p09_2024,0.0,0.09402139,0
img_04337_p10_2024,0.0,0.0010441308,0
img_04337_p11_2024,0.0,0.0086589465,0
img_04574_2024,0.0,0.0038536757,0
img_04581_2024,0.0,0.40079343,0
img_04578_2024,0.0,0.09157353,0
img_04580_2024,0.0,0.012338756,0
img_04582_2024,0.0,0.023993185,0
img_04584_2024,0.0,0.06735235,0
img_04585_2024,0.0,0.013723979,0
img_04579_2024,0.0,0.03468358,0
img_04583_2024,0.0,0.032664914,0
img_04586_2024,0.0,0.0017523917,0
img_04522_p01_2024,0.0,0.009654857,0
img_04522_p02_2024,0.0,0.030504124,0
img_04522_p03_2024,0.0,0.070561506,0
img_04522_p04_2024,0.0,0.006366291,0
img_04589_2024,0.0,0.013458598,0
img_04588_2024,0.0,0.023703111,0
img_04590_2024,0.0,0.9187168,1
img_04594_2024,0.0,0.014088362,0
img_04595_2024,0.0,0.88781095,1
img_04591_2024,0.0,0.013556619,0
img_04596_2024,0.0,0.031460375,0
img_04525_p01_2024,0.0,0.014361951,0
img_04525_p02_2024,0.0,0.073992334,0
img_04525_p03_2024,0.0,0.08079528,0
img_04525_p04_2024,0.0,0.087118685,0
img_04525_p05_2024,0.0,0.08473766,0
img_04593_2024,0.0,0.019358931,0
img_04597_2024,0.0,0.29482025,0
img_04604_2024,0.0,0.26595432,0
img_04602_2024,0.0,0.015111817,0
img_04599_2024,0.0,0.0103217885,0
img_04603_2024,0.0,0.8676768,1
img_04592_2024,0.0,0.0038115436,0
img_04606_2024,0.0,0.27825782,0
img_04598_2024,0.0,0.021789325,0
img_04601_2024,0.0,0.011555263,0
img_04607_2024,0.0,0.03961495,0
img_04610_2024,0.0,0.086195484,0
img_04613_2024,0.0,0.47588417,0
img_04608_2024,0.0,0.17611404,0
img_04609_2024,0.0,0.2549363,0
img_04611_2024,0.0,0.0047734305,0
img_04612_2024,0.0,0.0019742947,0
img_04600_2024,0.0,0.057461686,0
img_04615_2024,0.0,0.040073216,0
img_04614_2024,0.0,0.0159625,0
img_04617_2024,0.0,0.0054959035,0
img_04618_2024,0.0,0.019238617,0
img_04621_2024,0.0,0.020257473,0
img_04616_2024,0.0,0.01215729,0
img_04587_p01_2024,0.0,0.0014567093,0
img_04587_p02_2024,0.0,0.0061677964,0
img_04619_2024,0.0,0.03570425,0
img_04620_2024,0.0,0.25936216,0
img_04622_2024,0.0,0.020421054,0
img_04627_2024,0.0,0.54758555,0
img_04625_2024,0.0,0.019090367,0
img_04630_2024,0.0,0.1106008,0
img_04632_2024,0.0,0.014473914,0
img_04629_2024,0.0,0.018780023,0
img_04633_2024,0.0,0.016139632,0
img_04626_2024,0.0,0.019209165,0
img_04624_2024,0.0,0.0054386454,0
img_04605_p01_2024,0.0,0.0059547797,0
img_04605_p02_2024,0.0,0.013556619,0
img_04636_2024,0.0,0.012303672,0
img_04637_2024,0.0,0.007795105,0
img_04635_2024,0.0,0.0033773135,0
img_04628_2024,0.0,0.012710543,0
img_04639_2024,0.0,0.0011500891,0
img_04634_2024,0.0,0.13633145,0
img_04638_2024,0.0,0.018736515,0
img_04640_2024,0.0,0.08994001,0
img_04643_2024,0.0,0.31625062,0
img_04644_2024,0.0,0.12984923,0
img_04641_2024,0.0,0.4385745,0
img_04646_2024,0.0,0.48129278,0
img_04648_2024,0.0,0.029726049,0
img_04647_2024,0.0,0.08248135,0
img_04642_2024,0.0,0.008603359,0
img_04649_2024,0.0,0.20004036,0
img_04645_2024,0.0,0.18688288,0
img_04653_2024,0.0,0.009266113,0
img_04655_2024,0.0,0.014547913,0
img_04657_2024,0.0,0.03136328,0
img_04652_2024,0.0,0.013384157,0
img_04651_2024,0.0,0.030448062,0
img_04650_2024,0.0,0.08519259,0
img_04658_2024,0.0,0.010978407,0
img_04654_2024,0.0,0.13789926,0
img_04660_2024,0.0,0.012575514,0
img_04661_2024,0.0,0.007467059,0
img_04662_2024,0.0,0.010786154,0
img_04663_2024,0.0,0.028727666,0
img_04656_2024,0.0,0.017985394,0
img_04659_2024,0.0,0.011543249,0
img_04664_2024,0.0,0.020742338,0
img_04665_2024,0.0,0.046553455,0
img_04669_2024,0.0,0.035523284,0
img_04670_2024,0.0,0.22778022,0
img_04666_2024,0.0,0.27264974,0
img_04672_2024,0.0,0.012540007,0
img_04677_2024,0.0,0.008366584,0
img_04667_2024,0.0,0.21002683,0
img_04671_2024,0.0,0.0029925387,0
img_04673_2024,0.0,0.09194631,0
img_04680_2024,0.0,0.0021607575,0
img_04676_2024,0.0,0.015253177,0
img_04678_2024,0.0,0.08123103,0
img_04674_2024,0.0,0.9167474,1
img_04682_2024,0.0,0.06825615,0
img_04679_2024,0.0,0.029480172,0
img_04683_2024,0.0,0.017037299,0
img_04684_2024,0.0,0.5538053,0
img_04681_2024,0.0,0.085923664,0
img_04690_2024,0.0,0.060343392,0
img_04675_2024,0.0,0.0034296105,0
img_04688_2024,0.0,0.20784704,0
img_04687_2024,0.0,0.09324414,0
img_04691_2024,0.0,0.0072012534,0
img_04686_2024,0.0,0.46213368,0
img_04689_2024,0.0,0.022678906,0
img_04696_2024,0.0,0.020834984,0
img_04693_2024,0.0,0.010403041,0
img_04694_2024,0.0,0.09436556,0
img_04692_2024,0.0,0.008617161,0
img_04699_2024,0.0,0.020669697,0
img_04697_2024,0.0,0.04424208,0
img_04695_2024,0.0,0.019920139,0
img_04702_2024,0.0,0.009080102,0
img_04703_2024,0.0,0.016980184,0
img_04706_2024,0.0,0.005809416,0
img_04701_2024,0.0,0.12181311,0
img_04698_2024,0.0,0.025462184,0
img_04704_2024,0.0,0.011326872,0
img_04707_2024,0.0,0.06232471,0
img_04708_2024,0.0,0.051090583,0
img_04709_2024,0.0,0.052829757,0
img_04700_2024,0.0,0.041269828,0
img_04711_2024,0.0,0.01829467,0
img_04631_p01_2024,0.0,0.0032791158,0
img_04631_p02_2024,0.0,0.0015495208,0
img_04631_p03_2024,0.0,0.011003618,0
img_04631_p04_2024,0.0,0.0016454314,0
img_04710_2024,0.0,0.32644886,0
img_04712_2024,0.0,0.08457715,0
img_04705_2024,0.0,0.08695207,0
img_04713_2024,0.0,0.022489134,0
img_04715_2024,0.0,0.0134640625,0
img_04714_2024,0.0,0.10024056,0
img_04718_2024,0.0,0.022328606,0
img_04716_2024,0.0,0.031429455,0
img_04719_2024,0.0,0.030850643,0
img_04723_2024,0.0,0.037247002,0
img_04724_2024,0.0,0.02524398,0
img_04722_2024,0.0,0.8114001,1
img_04717_2024,0.0,0.47317275,0
img_04668_p01_2024,0.0,0.11253503,0
img_04668_p02_2024,0.0,0.0070132297,0
img_04668_p03_2024,0.0,0.007209672,0
img_04668_p04_2024,0.0,0.004600829,0
img_04727_2024,0.0,0.77195483,0
img_04728_2024,0.0,0.013254284,0
img_04720_2024,0.0,0.006428057,0
img_04726_2024,0.0,0.18098995,0
img_04731_2024,0.0,0.036070295,0
img_04729_2024,0.0,0.29987997,0
img_04721_2024,0.0,0.023192927,0
img_04734_2024,0.0,0.8708842,1
img_04736_2024,0.0,0.022754038,0
img_04733_2024,0.0,0.11614836,0
img_04737_2024,0.0,0.079119235,0
img_04739_2024,0.0,0.030576805,0
img_04730_2024,0.0,0.026992172,0
img_04725_2024,0.0,0.010638218,0
img_04738_2024,0.0,0.0025591746,0
img_04732_2024,0.0,0.18953954,0
img_04735_2024,0.0,0.007880371,0
img_04742_2024,0.0,0.060029205,0
img_04740_2024,0.0,0.101481654,0
img_04744_2024,0.0,0.07729029,0
img_04743_2024,0.0,0.4057127,0
img_04745_2024,0.0,0.09982525,0
img_04756_2024,0.0,0.025625546,0
img_04757_2024,0.0,0.0028804552,0
img_04747_2024,0.0,0.12758598,0
img_04750_2024,0.0,0.03292375,0
img_04751_2024,0.0,0.031920023,0
img_04755_2024,0.0,0.008589557,0
img_04748_2024,0.0,0.015259689,0
img_04749_2024,0.0,0.04134092,0
img_04741_2024,0.0,0.06635895,0
img_04752_2024,0.0,0.45254618,0
img_04746_2024,0.0,0.0218335,0
img_04758_2024,0.0,0.003928848,0
img_04685_p01_2024,0.0,0.11229857,0
img_04685_p02_2024,0.0,0.03170924,0
img_04685_p03_2024,0.0,0.20369041,0
img_04685_p04_2024,0.0,0.10393677,0
img_04759_2024,0.0,0.05107838,0
img_04760_2024,0.0,0.0048149754,0
img_04761_2024,0.0,0.4528133,0
img_04762_2024,0.0,0.014455772,0
img_04767_2024,0.0,0.035832115,0
img_04766_2024,0.0,0.015387158,0
img_04771_2024,0.0,0.0032338046,0
img_04769_2024,0.0,0.25038716,0
img_04763_2024,0.0,0.024178404,0
img_04623_p01_2024,0.0,0.020323182,0
img_04623_p02_2024,0.0,0.005676135,0
img_04623_p03_2024,0.0,0.015700577,0
img_04623_p04_2024,0.0,0.0039028025,0
img_04623_p05_2024,0.0,0.052150086,0
img_04623_p06_2024,0.0,0.003265622,0
img_04623_p07_2024,0.0,0.0031126048,0
img_04623_p08_2024,0.0,0.004815231,0
img_04772_2024,0.0,0.014851261,0
img_04773_2024,0.0,0.2666435,0
img_04764_2024,0.0,0.017231088,0
img_04774_2024,0.0,0.13477165,0
img_04765_2024,0.0,0.040372144,0
img_04768_2024,0.0,0.012870362,0
img_04754_2024,0.0,0.11953634,0
img_04776_2024,0.0,0.0004628358,0
img_04780_2024,0.0,0.04116038,0
img_04777_2024,0.0,0.049136847,0
img_04781_2024,0.0,0.24004501,0
img_04779_2024,0.0,0.05629196,0
img_04783_2024,0.0,0.013154112,0
img_04778_2024,0.0,0.006516832,0
img_04784_2024,0.0,0.4025599,0
img_04787_2024,0.0,0.025409313,0
img_04785_2024,0.0,0.07216169,0
img_04782_2024,0.0,0.017093712,0
img_04786_2024,0.0,0.115783714,0
img_04788_2024,0.0,0.006668742,0
img_04775_2024,0.0,0.039517563,0
img_04770_2024,0.0,0.02674608,0
img_04789_2024,0.0,0.0020068276,0
img_04790_2024,0.0,0.006658676,0
img_04792_2024,0.0,0.714661,0
img_04753_p01_2024,0.0,0.14901045,0
img_04753_p02_2024,0.0,0.09452222,0
img_04796_2024,0.0,0.000669568,0
img_04795_2024,0.0,0.006722629,0
img_04791_2024,0.0,0.026349822,0
img_04794_2024,0.0,0.002249301,0
img_04797_2024,0.0,0.21607356,0
img_04793_2024,0.0,0.010486201,0
img_04798_2024,0.0,0.13361037,0
img_04799_2024,0.0,0.036840286,0
img_04801_2024,0.0,0.22464935,0
img_04805_2024,0.0,0.012179834,0
img_04808_2024,0.0,0.5341832,0
img_04802_2024,0.0,0.11244962,0
img_04806_2024,0.0,0.0021178166,0
img_04804_2024,0.0,0.0014159792,0
img_04800_2024,0.0,0.0027851756,0
img_04807_2024,0.0,0.036548357,0
img_04809_2024,0.0,0.007901959,0
img_04810_2024,0.0,0.026242679,0
img_04812_2024,0.0,0.058082152,0
img_04816_2024,0.0,0.009311345,0
img_04822_2024,0.0,0.011243044,0
img_04815_2024,0.0,0.006421272,0
img_04814_2024,0.0,0.01837218,0
img_04818_2024,0.0,0.012053598,0
img_04819_2024,0.0,0.040961258,0
img_04813_2024,0.0,0.03380433,0
img_04811_2024,0.0,0.0068057426,0
img_04821_2024,0.0,0.025159929,0
img_04820_2024,0.0,0.0057373145,0
img_04824_2024,0.0,0.0068708477,0
img_04825_2024,0.0,0.40396026,0
img_04817_2024,0.0,0.025091672,0
img_04826_2024,0.0,0.0035370372,0
img_04823_2024,0.0,0.015825298,0
img_04828_2024,0.0,0.038892888,0
img_04827_2024,0.0,0.0054757525,0
img_04803_p01_2024,0.0,0.0012571136,0
img_04803_p02_2024,0.0,0.0066689374,0
img_04832_2024,0.0,0.18294506,0
img_04838_2024,0.0,0.030870484,0
img_04831_2024,0.0,0.013403439,0
img_04830_2024,0.0,0.028953752,0
img_04839_2024,0.0,0.005231126,0
img_04834_2024,0.0,0.006873806,0
img_04833_2024,0.0,0.01180789,0
img_04836_2024,0.0,0.061790127,0
img_04837_2024,0.0,0.004651846,0
img_04841_2024,0.0,0.005225182,0
img_04835_2024,0.0,0.22520636,0
img_04829_2024,0.0,0.021248572,0
img_04840_2024,0.0,0.020193355,0
img_04844_2024,0.0,0.0007330247,0
img_04846_2024,0.0,0.18545575,0
img_04847_2024,0.0,0.003143474,0
img_04851_2024,0.0,0.0035485392,0
img_04849_2024,0.0,0.041007865,0
img_04855_2024,0.0,0.007573072,0
img_04853_2024,0.0,0.042773116,0
img_04857_2024,0.0,0.22877939,0
img_04850_2024,0.0,0.0066872486,0
img_04843_2024,0.0,0.008923424,0
img_04848_2024,0.0,0.0033498213,0
img_04845_2024,0.0,0.011470711,0
img_04859_2024,0.0,0.9051569,1
img_04858_2024,0.0,0.013911017,0
img_04852_2024,0.0,0.0020891172,0
img_04860_2024,0.0,0.0021409367,0
img_04856_2024,0.0,0.043351814,0
img_04842_2024,0.0,0.0044714273,0
img_04863_2024,0.0,0.087564014,0
img_04861_2024,0.0,0.00033826148,0
img_04862_2024,0.0,0.000788539,0
img_04864_2024,0.0,0.034255877,0
img_04869_2024,0.0,0.06344386,0
img_04870_2024,0.0,0.0060254177,0
img_04865_2024,0.0,0.038547773,0
img_04866_2024,0.0,0.015318361,0
img_04854_2024,0.0,0.000543955,0
img_04868_2024,0.0,0.0069396044,0
img_04873_2024,0.0,0.025971528,0
img_04878_2024,0.0,0.262753,0
img_04874_2024,0.0,0.02339018,0
img_04871_2024,0.0,0.011428602,0
img_04872_2024,0.0,0.14002936,0
img_04867_2024,0.0,0.21661618,0
img_04876_2024,0.0,0.001014613,0
img_04880_2024,0.0,0.012667054,0
img_04875_2024,0.0,0.051918905,0
img_04877_2024,0.0,0.005892384,0
img_04882_2024,0.0,0.02417734,0
img_04879_2024,0.0,0.0072806394,0
img_04885_2024,0.0,0.0916317,0
img_04883_2024,0.0,0.007380944,0
img_04886_2024,0.0,0.00046259785,0
img_04881_2024,0.0,0.04605536,0
img_04884_2024,0.0,0.001397963,0
img_04887_2024,0.0,0.0037597565,0
img_04888_2024,0.0,0.038772672,0
img_04892_2024,0.0,0.013313236,0
img_04889_2024,0.0,0.011945093,0
img_04898_2024,0.0,0.2239672,0
img_04895_2024,0.0,0.010127701,0
img_04899_2024,0.0,0.0064771553,0
img_04896_2024,0.0,0.013027564,0
img_04893_2024,0.0,0.0032490783,0
img_04900_2024,0.0,0.00064981374,0
img_04894_2024,0.0,0.011043241,0
img_04897_2024,0.0,0.04762906,0
img_04902_2024,0.0,0.008743306,0
img_04890_2024,0.0,0.08507595,0
img_04903_2024,0.0,0.008167663,0
img_04906_2024,0.0,0.010525431,0
img_04904_2024,0.0,0.0039646723,0
img_04891_2024,0.0,0.040490367,0
img_04907_2024,0.0,0.016332045,0
img_04901_2024,0.0,0.09508794,0
img_04909_2024,0.0,0.084578626,0
img_04911_2024,0.0,0.09081089,0
img_04910_2024,0.0,0.67205006,0
img_04908_2024,0.0,0.015623586,0
img_04915_2024,0.0,0.0026613544,0
img_04918_2024,0.0,0.03122152,0
img_04913_2024,0.0,0.03079754,0
img_04919_2024,0.0,0.011465592,0
img_04905_2024,0.0,0.0005833021,0
img_04922_2024,0.0,0.27627403,0
img_04912_2024,0.0,0.01311571,0
img_04921_2024,0.0,0.013088124,0
img_04914_2024,0.0,0.0083456775,0
img_04924_2024,0.0,0.005272591,0
img_04923_2024,0.0,0.042857282,0
img_04927_2024,0.0,0.069864675,0
img_04920_2024,0.0,0.015058626,0
img_04926_2024,0.0,0.017027454,0
img_04916_2024,0.0,0.004902774,0
img_04928_2024,0.0,0.11387735,0
img_04930_2024,0.0,0.22836833,0
img_04917_2024,0.0,0.0037563327,0
img_04929_2024,0.0,0.000503242,0
img_04934_2024,0.0,0.00012416579,0
img_04933_2024,0.0,0.015601915,0
img_04932_2024,0.0,0.0040444494,0
img_04925_2024,0.0,0.9345138,1
img_04936_2024,0.0,0.021022601,0
img_04935_2024,0.0,0.030982794,0
img_04931_2024,0.0,0.005419955,0
img_04937_2024,0.0,0.22871406,0
img_04941_2024,0.0,0.04702514,0
img_04946_2024,0.0,0.01372782,0
img_04944_2024,0.0,0.01892014,0
img_04939_2024,0.0,0.09702387,0
img_04938_2024,0.0,0.022287922,0
img_04940_2024,0.0,0.0127013195,0
img_04945_2024,0.0,0.0018270741,0
img_04950_2024,0.0,0.0045071347,0
img_04952_2024,0.0,0.007031111,0
img_04943_2024,0.0,0.16849025,0
img_04942_2024,0.0,0.0090754,0
img_04948_2024,0.0,0.005703819,0
img_04949_2024,0.0,0.00379429,0
img_04947_2024,0.0,0.30686873,0
img_04953_2024,0.0,0.21507621,0
img_04957_2024,0.0,0.09427606,0
img_04951_2024,0.0,0.0046092463,0
img_04958_2024,0.0,0.00592696,0
img_04955_2024,0.0,0.006227265,0
img_04956_2024,0.0,0.029486373,0
img_04954_2024,0.0,0.005087106,0
img_04966_2024,0.0,0.018547377,0
img_04959_2024,0.0,0.008093669,0
img_04967_2024,0.0,0.02494814,0
img_04962_2024,0.0,0.0062092287,0
img_04960_2024,0.0,0.014675903,0
img_04963_2024,0.0,0.02671398,0
img_04970_2024,0.0,0.014669939,0
img_04964_2024,0.0,0.31994164,0
img_04973_2024,0.0,0.0018449374,0
img_04961_2024,0.0,0.003658746,0
img_04968_2024,0.0,0.0042669172,0
img_04974_2024,0.0,0.0075011575,0
img_04975_2024,0.0,0.012234025,0
img_04965_2024,0.0,0.038034122,0
img_04971_2024,0.0,0.024026472,0
img_04972_2024,0.0,0.0027177613,0
img_04983_2024,0.0,0.00885748,0
img_04982_2024,0.0,0.009955393,0
img_04984_2024,0.0,0.010368254,0
img_04987_2024,0.0,0.020712223,0
img_04986_2024,0.0,0.0025790464,0
img_04978_2024,0.0,0.0028534252,0
img_04980_2024,0.0,0.042588033,0
img_04989_2024,0.0,0.0030746872,0
img_04969_2024,0.0,0.023069445,0
img_04981_2024,0.0,0.11290829,0
img_04979_2024,0.0,0.025049074,0
img_04977_2024,0.0,0.0023873183,0
img_04976_2024,0.0,0.10434127,0
img_04985_2024,0.0,0.0028106167,0
img_04988_2024,0.0,0.06626718,0
img_04995_2024,0.0,0.236426,0
img_04992_2024,0.0,0.013386355,0
img_04991_2024,0.0,0.014489771,0
img_04990_2024,0.0,0.008685095,0
img_04993_2024,0.0,0.021829534,0
img_04998_2024,0.0,0.014874749,0
img_04996_2024,0.0,0.0056693004,0
img_04999_2024,0.0,0.21897495,0
img_04997_2024,0.0,0.021262664,0
img_05001_2024,0.0,0.026715165,0
img_04994_2024,0.0,0.01693532,0
img_05003_2024,0.0,0.013437025,0
img_05002_2024,0.0,0.006548515,0
img_05000_2024,0.0,0.49477538,0
img_05007_2024,0.0,0.002721728,0
img_05005_2024,0.0,0.0042091436,0
img_05004_2024,0.0,0.014420983,0
img_05008_2024,0.0,0.0011866722,0
img_05006_2024,0.0,0.00058562175,0
img_05009_2024,0.0,0.004182804,0
img_05010_2024,0.0,0.0072476044,0
img_05015_2024,0.0,0.23879814,0
img_05013_2024,0.0,0.008790677,0
img_04472_p01_2024,0.0,0.11717275,0
img_04472_p02_2024,0.0,0.048436772,0
img_04472_p03_2024,0.0,0.041000593,0
img_04472_p04_2024,0.0,0.017981116,0
img_04472_p05_2024,0.0,0.0055824206,0
img_04472_p06_2024,0.0,0.12896721,0
img_04472_p08_2024,0.0,0.07382616,0
img_04472_p09_2024,0.0,0.0057007805,0
img_04472_p10_2024,0.0,0.012804568,0
img_04472_p11_2024,0.0,0.018121287,0
img_04472_p12_2024,0.0,0.10258593,0
img_04472_p13_2024,0.0,0.015976781,0
img_04472_p14_2024,0.0,0.018729163,0
img_04472_p15_2024,0.0,0.08389497,0
img_04472_p16_2024,0.0,0.14287484,0
img_04472_p17_2024,0.0,0.044271447,0
img_04472_p18_2024,0.0,0.09423996,0
img_04472_p19_2024,0.0,0.042036958,0
img_04472_p20_2024,0.0,0.061029356,0
img_04472_p21_2024,0.0,0.13792966,0
img_05011_2024,0.0,0.5720023,0
img_05018_2024,0.0,0.024373235,0
img_05012_2024,0.0,0.08148733,0
img_05017_2024,0.0,0.033429798,0
img_05021_2024,0.0,0.06284704,0
img_05019_2024,0.0,0.044461615,0
img_05016_2024,0.0,0.008932504,0
img_05023_2024,0.0,0.03013058,0
img_05026_2024,0.0,0.03509062,0
img_05028_2024,0.0,0.013425299,0
img_05022_2024,0.0,0.006505869,0
img_05027_2024,0.0,0.020625027,0
img_05031_2024,0.0,0.0023535632,0
img_05030_2024,0.0,0.006543767,0
img_05032_2024,0.0,0.026196178,0
img_05029_2024,0.0,0.008046673,0
img_05034_2024,0.0,0.052508175,0
img_05020_2024,0.0,0.045097146,0
img_05014_p01_2024,0.0,0.0052393884,0
img_05014_p02_2024,0.0,0.0008612908,0
img_05038_2024,0.0,0.03406802,0
img_05039_2024,0.0,0.005608616,0
img_05036_2024,0.0,0.005266435,0
img_05040_2024,0.0,0.1491647,0
img_05025_2024,0.0,0.0049976967,0
img_05033_2024,0.0,0.06767499,0
img_05041_2024,0.0,0.011338733,0
img_05024_2024,0.0,0.00738244,0
img_05035_2024,0.0,0.009098858,0
img_05052_2024,0.0,0.0075422,0
img_05047_2024,0.0,0.33407584,0
img_05037_2024,0.0,0.2380298,0
img_05051_2024,0.0,0.0048149116,0
img_05043_2024,0.0,0.018784313,0
img_05045_2024,0.0,0.007878596,0
img_05044_2024,0.0,0.00026238564,0
img_05056_2024,0.0,0.036410328,0
img_05046_2024,0.0,0.006506661,0
img_05049_2024,0.0,0.026114717,0
img_05054_2024,0.0,0.021513375,0
img_05055_2024,0.0,0.006662468,0
img_05060_2024,0.0,0.07536467,0
img_05064_2024,0.0,0.0009674034,0
img_05059_2024,0.0,0.18252754,0
img_05063_2024,0.0,0.22458403,0
img_05042_2024,0.0,0.010268312,0
img_05057_2024,0.0,0.01989725,0
img_05050_2024,0.0,0.030896084,0
img_05066_2024,0.0,0.010352868,0
img_05053_2024,0.0,0.03639039,0
img_05062_2024,0.0,0.0025187668,0
img_05058_2024,0.0,0.031181779,0
img_05068_2024,0.0,0.011778964,0
img_05069_2024,0.0,0.022211526,0
img_05067_2024,0.0,0.0036039762,0
img_05061_2024,0.0,0.0014230615,0
img_05070_2024,0.0,0.00089020166,0
img_05072_2024,0.0,0.025764018,0
img_05071_2024,0.0,0.012956,0
img_05073_2024,0.0,0.009419212,0
img_05048_2024,0.0,0.00065164105,0
img_05077_2024,0.0,0.06424173,0
img_05074_2024,0.0,0.021140456,0
img_05065_2024,0.0,0.010160825,0
img_05075_2024,0.0,0.0038101221,0
img_05080_2024,0.0,0.011285626,0
img_05085_2024,0.0,0.009467688,0
img_05082_2024,0.0,0.16777253,0
img_05079_2024,0.0,0.008618664,0
img_05078_2024,0.0,0.24832444,0
img_05081_2024,0.0,0.011669097,0
img_05086_2024,0.0,0.048129126,0
img_05076_2024,0.0,0.003912829,0
img_05088_2024,0.0,0.42776638,0
img_05084_2024,0.0,0.080232255,0
img_05083_2024,0.0,0.00643971,0
img_05090_2024,0.0,0.12874098,0
img_05091_2024,0.0,0.21971758,0
img_05094_2024,0.0,0.05958081,0
img_05087_2024,0.0,0.0047580963,0
img_05095_2024,0.0,0.19654559,0
img_05093_2024,0.0,0.002774053,0
img_05097_2024,0.0,0.07926719,0
img_05089_2024,0.0,0.06343427,0
img_05098_2024,0.0,0.16793564,0
img_05092_2024,0.0,0.00214603,0
img_05096_2024,0.0,0.06204602,0
img_05100_2024,0.0,0.07986318,0
img_05099_2024,0.0,0.068714336,0
img_05105_2024,0.0,0.0001389739,0
img_05101_2024,0.0,0.041856963,0
img_05102_2024,0.0,0.008720716,0
img_05103_2024,0.0,0.19701609,0
img_05104_2024,0.0,0.0702089,0
img_05107_2024,0.0,0.088279635,0
img_05108_2024,0.0,0.008672853,0
img_05106_2024,0.0,0.004884722,0
img_05110_2024,0.0,0.011296198,0
img_05109_2024,0.0,0.024578484,0
img_05111_2024,0.0,0.0036624693,0
img_05117_2024,0.0,0.22950104,0
img_05114_2024,0.0,0.0053460924,0
img_05118_2024,0.0,0.0196665,0
img_05112_2024,0.0,0.008662102,0
img_05113_2024,0.0,0.15715101,0
img_05115_2024,0.0,0.0023157045,0
img_05116_2024,0.0,0.053514004,0
img_05122_2024,0.0,0.0021926977,0
img_05121_2024,0.0,0.2909496,0
img_05126_2024,0.0,0.22590727,0
img_05120_2024,0.0,0.0017467993,0
img_05123_2024,0.0,0.00068972923,0
img_05124_2024,0.0,0.036810156,0
img_05127_2024,0.0,0.0074387486,0
img_05119_2024,0.0,0.10893414,0
img_05125_2024,0.0,0.0067975954,0
img_05128_2024,0.0,0.015512726,0
img_05130_2024,0.0,0.022808455,0
img_05129_2024,0.0,0.008347489,0
img_05131_2024,0.0,0.051594786,0
img_05138_2024,0.0,0.017049592,0
img_05134_2024,0.0,0.028487958,0
img_05142_2024,0.0,0.00010486447,0
img_05141_2024,0.0,0.03397094,0
img_05140_2024,0.0,0.08902829,0
img_05136_2024,0.0,0.055354044,0
img_05146_2024,0.0,0.09186155,0
img_05135_2024,0.0,0.0033985772,0
img_05133_2024,0.0,0.00050912664,0
img_05144_2024,0.0,0.013788568,0
img_05132_2024,0.0,0.0025358107,0
img_05145_2024,0.0,0.009881246,0
img_05147_2024,0.0,0.032109953,0
img_05137_2024,0.0,0.014985525,0
img_05148_2024,0.0,0.1519596,0
img_05143_2024,0.0,0.0016662643,0
img_05139_2024,0.0,0.020906018,0
img_05151_2024,0.0,0.00596392,0
img_05152_2024,0.0,0.022910165,0
img_05158_2024,0.0,0.09450037,0
img_05154_2024,0.0,0.14578009,0
img_05155_2024,0.0,0.02064768,0
img_05153_2024,0.0,0.14997691,0
img_05157_2024,0.0,0.0018603764,0
img_05156_2024,0.0,0.007925095,0
img_05159_2024,0.0,0.12141726,0
img_05164_2024,0.0,0.09353173,0
img_05161_2024,0.0,0.11993131,0
img_05165_2024,0.0,0.06419704,0
img_05168_2024,0.0,0.54907364,0
img_05160_2024,0.0,0.007421074,0
img_05166_2024,0.0,0.005534955,0
img_05162_2024,0.0,0.015536214,0
img_05167_2024,0.0,0.008295308,0
img_05163_2024,0.0,0.01886947,0
img_05173_2024,0.0,0.26497114,0
img_05171_2024,0.0,0.0016603692,0
img_05170_2024,0.0,0.042018577,0
img_05176_2024,0.0,0.5906893,0
img_05150_p01_2024,0.0,0.030641144,0
img_05150_p02_2024,0.0,0.072711274,0
img_05169_2024,0.0,0.030798642,0
img_05174_2024,0.0,0.22152014,0
img_05149_p01_2024,0.0,0.00864042,0
img_05149_p02_2024,0.0,0.013566616,0
img_05177_2024,0.0,0.054067522,0
img_05180_2024,0.0,0.1863312,0
img_05179_2024,0.0,0.031525146,0
img_05172_2024,0.0,0.025382621,0
img_05178_2024,0.0,0.05348759,0
img_05183_2024,0.0,0.88481665,1
img_05185_2024,0.0,0.003565896,0
img_05188_2024,0.0,0.46106625,0
img_05190_2024,0.0,0.07541174,0
img_05184_2024,0.0,0.18621111,0
img_05194_2024,0.0,0.2629837,0
img_05181_2024,0.0,0.007261125,0
img_05182_2024,0.0,0.02489551,0
img_05192_2024,0.0,0.03441958,0
img_05187_2024,0.0,0.50625765,0
img_05193_2024,0.0,0.049209762,0
img_05191_2024,0.0,0.057071183,0
img_05186_2024,0.0,0.056037154,0
img_05195_2024,0.0,0.54562867,0
img_05198_2024,0.0,0.07031242,0
img_05189_2024,0.0,0.01822508,0
img_05199_2024,0.0,0.0045849043,0
img_05200_2024,0.0,0.28075,0
img_05202_2024,0.0,0.0106773805,0
img_05203_2024,0.0,0.094044246,0
img_05196_2024,0.0,0.031073643,0
img_05204_2024,0.0,0.6532801,0
img_05205_2024,0.0,0.10839019,0
img_05206_2024,0.0,0.10040914,0
img_05207_2024,0.0,0.057737693,0
img_05211_2024,0.0,0.03456083,0
img_05201_2024,0.0,0.8959123,1
img_05210_2024,0.0,0.019406037,0
img_05214_2024,0.0,0.026384369,0
img_05212_2024,0.0,0.06694909,0
img_05208_2024,0.0,0.0025081735,0
img_05213_2024,0.0,0.013814223,0
img_05209_2024,0.0,0.0211893,0
img_05217_2024,0.0,0.023958044,0
img_05221_2024,0.0,0.008571515,0
img_05218_2024,0.0,0.014293243,0
img_05215_2024,0.0,0.4052118,0
img_05220_2024,0.0,0.02215767,0
img_05216_2024,0.0,0.0010470877,0
img_05224_2024,0.0,0.034321394,0
img_05197_p01_2024,0.0,0.002631052,0
img_05197_p02_2024,0.0,0.02882361,0
img_05225_2024,0.0,0.09753219,0
img_05226_2024,0.0,0.006504495,0
img_05228_2024,0.0,0.0062569506,0
img_05227_2024,0.0,0.04341728,0
img_05230_2024,0.0,0.23759161,0
img_05232_2024,0.0,0.0009032175,0
img_05223_2024,0.0,0.006749285,0
img_05219_2024,0.0,0.048868824,0
img_05234_2024,0.0,0.016769074,0
img_05235_2024,0.0,0.37961337,0
img_05233_2024,0.0,0.03723132,0
img_05231_2024,0.0,0.017404867,0
img_05237_2024,0.0,0.037322603,0
img_05222_2024,0.0,0.0017208755,0
img_05238_2024,0.0,0.02156996,0
img_05236_2024,0.0,0.23502594,0
img_05244_2024,0.0,0.13081264,0
img_05243_2024,0.0,0.0021634004,0
img_05242_2024,0.0,0.0066910572,0
img_05241_2024,0.0,0.11584381,0
img_05246_2024,0.0,0.037376694,0
img_05247_2024,0.0,0.030808572,0
img_05245_2024,0.0,0.032046024,0
img_05248_2024,0.0,0.04936189,0
img_05250_2024,0.0,0.015433722,0
img_05251_2024,0.0,0.019547736,0
img_05260_2024,0.0,0.009243496,0
img_05258_2024,0.0,0.012703072,0
img_05257_2024,0.0,0.0043025636,0
img_05253_2024,0.0,0.08631509,0
img_05259_2024,0.0,0.6494611,0
img_05256_2024,0.0,0.017406767,0
img_05261_2024,0.0,0.0032334635,0
img_05252_2024,0.0,0.11990056,0
img_05249_2024,0.0,0.024974056,0
img_05240_2024,0.0,0.0019521771,0
img_05263_2024,0.0,0.16436309,0
img_05239_2024,0.0,0.08338882,0
img_05255_2024,0.0,0.09653232,0
img_05254_2024,0.0,0.015514634,0
img_05269_2024,0.0,0.07829598,0
img_05264_2024,0.0,0.07876756,0
img_05265_2024,0.0,0.48020726,0
img_05268_2024,0.0,0.020463755,0
img_05270_2024,0.0,0.01782367,0
img_05262_2024,0.0,0.08574557,0
img_05266_2024,0.0,0.016563334,0
img_05271_2024,0.0,0.5950895,0
img_05267_2024,0.0,0.0063621686,0
img_05272_2024,0.0,0.030764349,0
img_05274_2024,0.0,0.023187786,0
img_05273_2024,0.0,0.095234014,0
img_05275_2024,0.0,0.045611884,0
img_05283_2024,0.0,0.22877344,0
img_05278_2024,0.0,0.059713922,0
img_05280_2024,0.0,0.014574282,0
img_05279_2024,0.0,0.015047603,0
img_05282_2024,0.0,0.011868159,0
img_05277_2024,0.0,0.082140416,0
img_05281_2024,0.0,0.06935911,0
img_05286_2024,0.0,0.42299235,0
img_05287_2024,0.0,0.15172414,0
img_05288_2024,0.0,0.011405573,0
img_05291_2024,0.0,0.009756312,0
img_05285_2024,0.0,0.07449202,0
img_05292_2024,0.0,0.0451978,0
img_05293_2024,0.0,0.06630516,0
img_05290_2024,0.0,0.29770947,0
img_05289_2024,0.0,0.04906752,0
img_05300_2024,0.0,0.091545776,0
img_05301_2024,0.0,0.3532675,0
img_05296_2024,0.0,0.646231,0
img_05298_2024,0.0,0.044764314,0
img_05297_2024,0.0,0.11259724,0
img_05294_2024,0.0,0.13180935,0
img_05284_2024,0.0,0.037050094,0
img_05299_2024,0.0,0.01692336,0
img_05276_2024,0.0,0.07366338,0
img_05302_2024,0.0,0.021595143,0
img_05295_2024,0.0,0.1702488,0
img_05303_2024,0.0,0.033868413,0
img_05309_2024,0.0,0.015939806,0
img_05306_2024,0.0,0.06967875,0
img_05305_2024,0.0,0.024852665,0
img_05304_2024,0.0,0.10227198,0
img_05310_2024,0.0,0.25742823,0
img_05312_2024,0.0,0.11638208,0
img_05308_2024,0.0,0.14801687,0
img_05315_2024,0.0,0.017631253,0
img_05318_2024,0.0,0.084209174,0
img_05320_2024,0.0,0.17072593,0
img_05319_2024,0.0,0.009661604,0
img_05307_2024,0.0,0.03991126,0
img_05313_2024,0.0,0.01758638,0
img_05325_2024,0.0,0.7051325,0
img_05317_2024,0.0,0.035958547,0
img_05323_2024,0.0,0.076856904,0
img_05327_2024,0.0,0.54825234,0
img_05328_2024,0.0,0.21690293,0
img_05321_2024,0.0,0.007893713,0
img_05314_2024,0.0,0.18289529,0
img_05326_2024,0.0,0.083826125,0
img_05330_2024,0.0,0.01895586,0
img_05322_2024,0.0,0.03123466,0
img_05331_2024,0.0,0.19927791,0
img_05329_2024,0.0,0.048992336,0
img_05333_2024,0.0,0.020902628,0
img_05316_2024,0.0,0.027286239,0
img_05337_2024,0.0,0.025341779,0
img_05332_2024,0.0,0.055258814,0
img_05338_2024,0.0,0.017040612,0
img_05347_2024,0.0,0.02222135,0
img_05339_2024,0.0,0.0079047745,0
img_05346_2024,0.0,0.032463226,0
img_05341_2024,0.0,0.24278337,0
img_05344_2024,0.0,0.08138064,0
img_05345_2024,0.0,0.008328317,0
img_05343_2024,0.0,0.0105166985,0
img_05348_2024,0.0,0.007918724,0
img_05351_2024,0.0,0.005260757,0
img_05349_2024,0.0,0.106905445,0
img_05350_2024,0.0,0.060605906,0
img_05335_2024,0.0,0.1500167,0
img_05353_2024,0.0,0.015869517,0
img_05352_2024,0.0,0.013473219,0
img_05334_2024,0.0,0.021826759,0
img_05311_2024,0.0,0.012932069,0
img_05336_2024,0.0,0.15374409,0
img_05342_p01_2024,0.0,0.020737013,0
img_05342_p02_2024,0.0,0.03743326,0
img_05355_2024,0.0,0.113363124,0
img_05340_2024,0.0,0.020360881,0
img_05324_2024,0.0,0.035431035,0
img_05358_2024,0.0,0.26077175,0
img_05357_2024,0.0,0.005570963,0
img_05356_2024,0.0,0.022517076,0
img_05354_2024,0.0,0.07675875,0
img_05359_2024,0.0,0.06532896,0
img_05362_2024,0.0,0.46756265,0
img_05360_2024,0.0,0.0028410463,0
img_05364_2024,0.0,0.05231974,0
img_05365_2024,0.0,0.0052591655,0
img_05361_2024,0.0,0.038010083,0
img_05366_2024,0.0,0.020676319,0
img_05363_2024,0.0,0.014116075,0
img_05368_2024,0.0,0.0067098,0
img_05370_2024,0.0,0.723256,0
img_05369_2024,0.0,0.21234488,0
img_05372_2024,0.0,0.08091474,0
img_05376_2024,0.0,0.011230229,0
img_05373_2024,0.0,0.011298201,0
img_05377_2024,0.0,0.00833001,0
img_05380_2024,0.0,0.011969498,0
img_05378_2024,0.0,0.036705125,0
img_05375_2024,0.0,0.010222728,0
img_05383_2024,0.0,0.04972907,0
img_05381_2024,0.0,0.27491975,0
img_05374_2024,0.0,0.024559706,0
img_05379_2024,0.0,0.111600906,0
img_05384_2024,0.0,0.003279284,0
img_05385_2024,0.0,0.041563325,0
img_05388_2024,0.0,0.028999193,0
img_05386_2024,0.0,0.3697567,0
img_05387_2024,0.0,0.039903212,0
img_05371_2024,0.0,0.040209025,0
img_05382_2024,0.0,0.010429681,0
img_05389_2024,0.0,0.07886659,0
img_05390_2024,0.0,0.0217792,0
img_05393_2024,0.0,0.006214501,0
img_05392_2024,0.0,0.3806614,0
img_05391_2024,0.0,0.2524844,0
img_05229_p01_2024,0.0,0.009780528,0
img_05229_p02_2024,0.0,0.016897636,0
img_05229_p03_2024,0.0,0.004183023,0
img_05229_p04_2024,0.0,0.0144676715,0
img_05229_p05_2024,0.0,0.0033529766,0
img_05229_p06_2024,0.0,0.02160695,0
img_05229_p07_2024,0.0,0.026820168,0
img_05229_p08_2024,0.0,0.0044031907,0
img_05395_2024,0.0,0.0016506307,0
img_05397_2024,0.0,0.025564773,0
img_05394_2024,0.0,0.041998744,0
img_05396_2024,0.0,0.12425438,0
img_05399_2024,0.0,0.0053468333,0
img_05398_2024,0.0,0.08787455,0
img_05402_2024,0.0,0.07946629,0
img_05401_2024,0.0,0.17420784,0
img_05406_2024,0.0,0.035302993,0
img_05405_2024,0.0,0.04145275,0
img_05404_2024,0.0,0.52194583,0
img_05408_2024,0.0,0.33377957,0
img_05409_2024,0.0,0.17155154,0
img_05410_2024,0.0,0.026112111,0
img_05411_2024,0.0,0.064766385,0
img_05414_2024,0.0,0.01951344,0
img_05413_2024,0.0,0.005226275,0
img_05412_2024,0.0,0.08198251,0
img_05416_2024,0.0,0.057409026,0
img_05419_2024,0.0,0.11332324,0
img_05417_2024,0.0,0.1986418,0
img_05422_2024,0.0,0.06538981,0
img_05415_2024,0.0,0.056907088,0
img_05420_2024,0.0,0.5296908,0
img_05418_2024,0.0,0.00791675,0
img_05421_2024,0.0,0.33914277,0
img_05400_2024,0.0,0.01599934,0
img_05425_2024,0.0,0.5689153,0
img_05426_2024,0.0,0.05721277,0
img_05423_2024,0.0,0.0041785976,0
img_05430_2024,0.0,0.0857675,0
img_05424_2024,0.0,0.024710614,0
img_05428_2024,0.0,0.18049839,0
img_05429_2024,0.0,0.042319518,0
img_05435_2024,0.0,0.13650736,0
img_05407_p01_2024,0.0,0.8153668,1
img_05407_p02_2024,0.0,0.4490103,0
img_05432_2024,0.0,0.0077400673,0
img_05434_2024,0.0,0.037356,0
img_05431_2024,0.0,0.05987987,0
img_05436_2024,0.0,0.29647323,0
img_05433_2024,0.0,0.024042888,0
img_05438_2024,0.0,0.054947454,0
img_05427_2024,0.0,0.0020718498,0
img_05439_2024,0.0,0.04674703,0
img_05441_2024,0.0,0.35002214,0
img_05440_2024,0.0,0.055193067,0
img_05442_2024,0.0,0.0346677,0
img_05437_2024,0.0,0.0135186855,0
img_05446_2024,0.0,0.102048196,0
img_05445_2024,0.0,0.049079064,0
img_05444_2024,0.0,0.026896743,0
img_05447_2024,0.0,0.008925153,0
img_05449_2024,0.0,0.08189329,0
img_05448_2024,0.0,0.05236506,0
img_05451_2024,0.0,0.03784596,0
img_05453_2024,0.0,0.003127128,0
img_05450_2024,0.0,0.0017261895,0
img_05454_2024,0.0,0.010385133,0
img_05452_2024,0.0,0.85727996,1
img_05443_2024,0.0,0.01039032,0
img_05455_2024,0.0,0.12991329,0
img_05459_2024,0.0,0.024788227,0
img_05461_2024,0.0,0.018606074,0
img_05457_2024,0.0,0.0029538134,0
img_05462_2024,0.0,0.7716038,0
img_05463_2024,0.0,0.10521273,0
img_05456_2024,0.0,0.011653852,0
img_05458_2024,0.0,0.04778351,0
img_05464_2024,0.0,0.01913706,0
img_05465_2024,0.0,0.0069602286,0
img_05466_2024,0.0,0.009207043,0
img_05469_2024,0.0,0.036078032,0
img_05403_p01_2024,0.0,0.0121461805,0
img_05403_p02_2024,0.0,0.003051854,0
img_05403_p03_2024,0.0,0.027191548,0
img_05403_p04_2024,0.0,0.013891381,0
img_05460_2024,0.0,0.015710026,0
img_05468_2024,0.0,0.27462822,0
img_05472_2024,0.0,0.01543136,0
img_05467_2024,0.0,0.010855149,0
img_05470_2024,0.0,0.0557301,0
img_05471_2024,0.0,0.12196321,0
img_05474_2024,0.0,0.006248512,0
img_05479_2024,0.0,0.23555756,0
img_05475_2024,0.0,0.04371626,0
img_05476_2024,0.0,0.05932642,0
img_05477_2024,0.0,0.0032267282,0
img_05473_2024,0.0,0.81062466,1
img_05478_2024,0.0,0.0029074096,0
img_05480_2024,0.0,0.060070377,0
img_05175_p01_2024,0.0,0.049268,0
img_05175_p02_2024,0.0,0.0066444012,0
img_05175_p03_2024,0.0,0.02799996,0
img_05175_p04_2024,0.0,0.0072333217,0
img_05175_p05_2024,0.0,0.013418586,0
img_05175_p06_2024,0.0,0.007294428,0
img_05175_p07_2024,0.0,0.14369164,0
img_05175_p08_2024,0.0,0.01826042,0
img_05175_p09_2024,0.0,0.024609918,0
img_05175_p10_2024,0.0,0.004936383,0
img_05175_p11_2024,0.0,0.018621387,0
img_05175_p12_2024,0.0,0.005810253,0
img_05175_p13_2024,0.0,0.014368208,0
img_05175_p14_2024,0.0,0.004387318,0
img_05481_2024,0.0,0.041060116,0
img_05488_2024,0.0,0.010510557,0
img_05490_2024,0.0,0.017527703,0
img_05483_2024,0.0,0.14218512,0
img_05491_2024,0.0,0.040501397,0
img_05484_2024,0.0,0.008898792,0
img_05485_2024,0.0,0.094980784,0
img_05487_2024,0.0,0.03312742,0
img_05492_2024,0.0,0.0041927346,0
img_05482_2024,0.0,0.06347422,0
img_05497_2024,0.0,0.0028314658,0
img_05500_2024,0.0,0.03301556,0
img_05499_2024,0.0,0.04427048,0
img_05498_2024,0.0,0.046583857,0
img_05494_2024,0.0,0.008572503,0
img_05489_2024,0.0,0.19937548,0
img_05501_2024,0.0,0.042485002,0
img_05495_2024,0.0,0.013055048,0
img_05486_2024,0.0,0.041824646,0
img_05503_2024,0.0,0.046057384,0
img_05504_2024,0.0,0.005787241,0
img_05493_2024,0.0,0.02897561,0
img_05496_2024,0.0,0.28161484,0
img_05506_2024,0.0,0.20178473,0
img_05502_2024,0.0,0.017953863,0
img_05511_2024,0.0,0.038072776,0
img_05515_2024,0.0,0.00060786214,0
img_05519_2024,0.0,0.41105,0
img_05507_2024,0.0,0.0025382652,0
img_05508_2024,0.0,0.107983865,0
img_05509_2024,0.0,0.016847553,0
img_05512_2024,0.0,0.029437507,0
img_05523_2024,0.0,0.10610804,0
img_05514_2024,0.0,0.011806076,0
img_05522_2024,0.0,0.0089520905,0
img_05520_2024,0.0,0.06618716,0
img_05516_2024,0.0,0.007823133,0
img_05518_2024,0.0,0.01229434,0
img_05510_2024,0.0,0.01731703,0
img_05525_2024,0.0,0.31838304,0
img_05521_2024,0.0,0.004668979,0
img_05527_2024,0.0,0.029960962,0
img_05529_2024,0.0,0.02520213,0
img_05517_2024,0.0,0.05372374,0
img_05528_2024,0.0,0.040915884,0
img_05526_2024,0.0,0.1225816,0
img_05533_2024,0.0,0.030081097,0
img_05532_2024,0.0,0.15881822,0
img_05513_2024,0.0,0.008670484,0
img_05531_2024,0.0,0.20781441,0
img_05530_2024,0.0,0.015105013,0
img_05505_2024,0.0,0.028122995,0
img_05541_2024,0.0,0.020385535,0
img_05535_2024,0.0,0.03044527,0
img_05540_2024,0.0,0.013868323,0
img_05524_2024,0.0,0.018154254,0
img_05534_2024,0.0,0.17538667,0
img_05543_2024,0.0,0.004687365,0
img_05537_2024,0.0,0.2909099,0
img_05545_2024,0.0,0.024834141,0
img_05536_2024,0.0,0.0313128,0
img_05544_2024,0.0,0.013225503,0
img_05542_2024,0.0,0.09382993,0
img_05550_2024,0.0,0.040373992,0
img_05546_2024,0.0,0.22445932,0
img_05552_2024,0.0,0.062361117,0
img_05551_2024,0.0,0.15001966,0
img_05553_2024,0.0,0.0025809275,0
img_05554_2024,0.0,0.17450373,0
img_05556_2024,0.0,0.024038054,0
img_05548_2024,0.0,0.005006998,0
img_05547_2024,0.0,0.17922583,0
img_05549_2024,0.0,0.1272373,0
img_05558_2024,0.0,0.13640699,0
img_05557_2024,0.0,0.022214482,0
img_05559_2024,0.0,0.008560359,0
img_05561_2024,0.0,0.013080366,0
img_05560_2024,0.0,0.114964135,0
img_05555_2024,0.0,0.065717906,0
img_05562_2024,0.0,0.61934865,0
img_05566_2024,0.0,0.032013405,0
img_05564_2024,0.0,0.12078203,0
img_05569_2024,0.0,0.25001803,0
img_05565_2024,0.0,0.26159027,0
img_05563_2024,0.0,0.053097423,0
img_05571_2024,0.0,0.037581895,0
img_05574_2024,0.0,0.094939955,0
img_05576_2024,0.0,0.008870831,0
img_05567_2024,0.0,0.06602342,0
img_05568_2024,0.0,0.007982472,0
img_05577_2024,0.0,0.018869568,0
img_05538_p01_2024,0.0,0.0054544536,0
img_05538_p02_2024,0.0,0.0025421665,0
img_05570_2024,0.0,0.007793095,0
img_05580_2024,0.0,0.475545,0
img_05579_2024,0.0,0.028677782,0
img_05581_2024,0.0,0.016368734,0
img_05572_2024,0.0,0.05801246,0
img_05575_2024,0.0,0.008014413,0
img_05582_2024,0.0,0.015139984,0
img_05584_2024,0.0,0.10142914,0
img_05583_2024,0.0,0.0074060103,0
img_05585_2024,0.0,0.65317017,0
img_05588_2024,0.0,0.03208844,0
img_05578_2024,0.0,0.013930537,0
img_05595_2024,0.0,0.08024632,0
img_05596_2024,0.0,0.07712676,0
img_05598_2024,0.0,0.0028452626,0
img_05593_2024,0.0,0.097767755,0
img_05589_2024,0.0,0.013437474,0
img_05573_2024,0.0,0.015512485,0
img_05586_2024,0.0,0.0079872655,0
img_05590_2024,0.0,0.07265515,0
img_05587_2024,0.0,0.34373927,0
img_05597_2024,0.0,0.3893121,0
img_05602_2024,0.0,0.026936166,0
img_05603_2024,0.0,0.013346197,0
img_05607_2024,0.0,0.36558446,0
img_05604_2024,0.0,0.79627264,0
img_05601_2024,0.0,0.043746233,0
img_05594_2024,0.0,0.16637598,0
img_05591_2024,0.0,0.90817785,1
img_05600_2024,0.0,0.0052912706,0
img_05592_2024,0.0,0.06395424,0
img_05613_2024,0.0,0.4206991,0
img_05611_2024,0.0,0.3202012,0
img_05599_2024,0.0,0.021570574,0
img_05612_2024,0.0,0.049417775,0
img_05608_2024,0.0,0.048809916,0
img_05605_2024,0.0,0.10338707,0
img_05610_2024,0.0,0.03310851,0
img_05609_2024,0.0,0.5379823,0
img_05620_2024,0.0,0.0012750924,0
img_05615_2024,0.0,0.09730186,0
img_05616_2024,0.0,0.020285875,0
img_05622_2024,0.0,0.80179846,1
img_05623_2024,0.0,0.018283179,0
img_05624_2024,0.0,0.39061704,0
img_05606_2024,0.0,0.0039367196,0
img_05618_2024,0.0,0.031228133,0
img_05625_2024,0.0,0.15692307,0
img_05617_2024,0.0,0.09728467,0
img_05626_2024,0.0,0.033164322,0
img_05621_2024,0.0,0.029824633,0
img_05628_2024,0.0,0.06683149,0
img_05630_2024,0.0,0.5873182,0
img_05619_2024,0.0,0.026242314,0
img_05614_2024,0.0,0.007851772,0
img_05636_2024,0.0,0.25425354,0
img_05633_2024,0.0,0.061994158,0
img_05632_2024,0.0,0.043899164,0
img_05634_2024,0.0,0.2771041,0
img_05631_2024,0.0,0.8787339,1
img_05629_2024,0.0,0.012238652,0
img_05643_2024,0.0,0.002109991,0
img_05642_2024,0.0,0.07177586,0
img_05627_2024,0.0,0.02243026,0
img_05635_2024,0.0,0.021906786,0
img_05640_2024,0.0,0.32452014,0
img_05644_2024,0.0,0.18717523,0
img_05637_2024,0.0,0.0061743623,0
img_05646_2024,0.0,0.019362144,0
img_05639_2024,0.0,0.016588744,0
img_05641_2024,0.0,0.07310454,0
img_05649_2024,0.0,0.011778665,0
img_05648_2024,0.0,0.022991937,0
img_05638_2024,0.0,0.0017237229,0
img_05650_2024,0.0,0.037383102,0
img_05645_2024,0.0,0.1482332,0
img_05651_2024,0.0,0.0015875001,0
img_05652_2024,0.0,0.069779046,0
img_05647_2024,0.0,0.031018164,0
img_05654_2024,0.0,0.07922417,0
img_05661_2024,0.0,0.13120884,0
img_05653_2024,0.0,0.071434714,0
img_05658_2024,0.0,0.013634065,0
img_05666_2024,0.0,0.11499805,0
img_05655_2024,0.0,0.27439532,0
img_05659_2024,0.0,0.48876938,0
img_05663_2024,0.0,0.012217993,0
img_05665_2024,0.0,0.019095404,0
img_05656_2024,0.0,0.0562883,0
img_05667_2024,0.0,0.027032,0
img_05668_2024,0.0,0.028419472,0
img_05657_2024,0.0,0.014437813,0
img_05670_2024,0.0,0.30677047,0
img_05662_2024,0.0,0.6142533,0
img_05660_2024,0.0,0.0043637864,0
img_05664_2024,0.0,0.026720205,0
img_05671_2024,0.0,0.06567219,0
img_05673_2024,0.0,0.019286316,0
img_05675_2024,0.0,0.2854693,0
img_05676_2024,0.0,0.43218276,0
img_05672_2024,0.0,0.1320725,0
img_05679_2024,0.0,0.38314644,0
img_05674_2024,0.0,0.11838808,0
img_05677_2024,0.0,0.8647837,1
img_05684_2024,0.0,0.024182152,0
img_05680_2024,0.0,0.0058044745,0
img_05681_2024,0.0,0.0060820025,0
img_05688_2024,0.0,0.0032928057,0
img_05686_2024,0.0,0.07742973,0
img_05683_2024,0.0,0.41020358,0
img_05685_2024,0.0,0.17594191,0
img_05691_2024,0.0,0.018443959,0
img_05678_2024,0.0,0.26374185,0
img_05693_2024,0.0,0.00800619,0
img_05692_2024,0.0,0.022745527,0
img_05689_2024,0.0,0.119683996,0
img_05694_2024,0.0,0.20867097,0
img_05690_2024,0.0,0.070101455,0
img_05669_p01_2024,0.0,0.004732325,0
img_05669_p02_2024,0.0,0.007164267,0
img_05687_2024,0.0,0.18241607,0
img_05696_2024,0.0,0.20808944,0
img_05697_2024,0.0,0.052363355,0
img_05701_2024,0.0,0.004949289,0
img_05698_2024,0.0,0.020660412,0
img_05700_2024,0.0,0.6381471,0
img_05702_2024,0.0,0.22443034,0
img_05699_2024,0.0,0.2232923,0
img_05705_2024,0.0,0.029765988,0
img_05707_2024,0.0,0.073643915,0
img_05703_2024,0.0,0.15606813,0
img_05695_2024,0.0,0.11773816,0
img_05709_2024,0.0,0.0459352,0
img_05710_2024,0.0,0.2526308,0
img_05708_2024,0.0,0.047962938,0
img_05704_2024,0.0,0.0053327694,0
img_05711_2024,0.0,0.055330187,0
img_05713_2024,0.0,0.29333094,0
img_05714_2024,0.0,0.34318107,0
img_05706_2024,0.0,0.0067293607,0
img_05712_2024,0.0,0.004341312,0
img_05716_2024,0.0,0.010870108,0
img_05718_2024,0.0,0.64338064,0
img_05715_2024,0.0,0.047888484,0
img_05722_2024,0.0,0.43074647,0
img_05717_2024,0.0,0.006443165,0
img_05721_2024,0.0,0.0062838225,0
img_05726_2024,0.0,0.038331386,0
img_05720_2024,0.0,0.062215343,0
img_05731_2024,0.0,0.022899687,0
img_05728_2024,0.0,0.034907397,0
img_05723_2024,0.0,0.0041442597,0
img_05735_2024,0.0,0.44518006,0
img_05725_2024,0.0,0.26202768,0
img_05733_2024,0.0,0.012465164,0
img_05729_2024,0.0,0.0022342422,0
img_05739_2024,0.0,0.10956658,0
img_05734_2024,0.0,0.006252748,0
img_05741_2024,0.0,0.04684299,0
img_05738_2024,0.0,0.02643052,0
img_05737_2024,0.0,0.021246491,0
img_05682_p01_2024,0.0,0.003275253,0
img_05682_p02_2024,0.0,0.011974411,0
img_05682_p03_2024,0.0,0.06143334,0
img_05744_2024,0.0,0.016415862,0
img_05732_2024,0.0,0.04979101,0
img_05367_p01_2024,0.0,0.0019967544,0
img_05367_p02_2024,0.0,0.07629695,0
img_05367_p03_2024,0.0,0.025474332,0
img_05367_p04_2024,0.0,0.041417383,0
img_05367_p05_2024,0.0,0.01851008,0
img_05367_p06_2024,0.0,0.0046494133,0
img_05367_p07_2024,0.0,0.0011656765,0
img_05367_p08_2024,0.0,0.010361631,0
img_05367_p09_2024,0.0,0.0025589557,0
img_05367_p10_2024,0.0,0.0061620413,0
img_05367_p11_2024,0.0,0.0062926896,0
img_05367_p12_2024,0.0,0.011259324,0
img_05367_p13_2024,0.0,0.03399995,0
img_05367_p14_2024,0.0,0.05088985,0
img_05367_p15_2024,0.0,0.0041247164,0
img_05367_p16_2024,0.0,0.0046026744,0
img_05367_p17_2024,0.0,0.24966167,0
img_05743_2024,0.0,0.035484847,0
img_05745_2024,0.0,0.13042845,0
img_05742_2024,0.0,0.035370126,0
img_05748_2024,0.0,0.35521716,0
img_05740_2024,0.0,0.014142624,0
img_05746_2024,0.0,0.40994188,0
img_05747_2024,0.0,0.050963096,0
img_05749_2024,0.0,0.037803844,0
img_05750_2024,0.0,0.02462377,0
img_05719_p01_2024,0.0,0.0061152787,0
img_05719_p02_2024,0.0,0.0060601323,0
img_05736_2024,0.0,0.03220006,0
img_05751_2024,0.0,0.009134951,0
img_05753_2024,0.0,0.05286335,0
img_05754_2024,0.0,0.03573955,0
img_05756_2024,0.0,0.010355204,0
img_05755_2024,0.0,0.046093434,0
img_05757_2024,0.0,0.06618969,0
img_05763_2024,0.0,0.024521513,0
img_05762_2024,0.0,0.0082702795,0
img_05758_2024,0.0,0.045546014,0
img_05760_2024,0.0,0.09677367,0
img_05759_2024,0.0,0.11555057,0
img_05764_2024,0.0,0.1264745,0
img_05766_2024,0.0,0.09506872,0
img_05761_2024,0.0,0.012757517,0
img_05767_2024,0.0,0.14635669,0
img_05752_2024,0.0,0.007221747,0
img_05765_2024,0.0,0.09421277,0
img_05771_2024,0.0,0.014978416,0
img_05770_2024,0.0,0.033360366,0
img_05773_2024,0.0,0.065386765,0
img_05777_2024,0.0,0.0096871955,0
img_05772_2024,0.0,0.20332593,0
img_05769_2024,0.0,0.0028777062,0
img_05780_2024,0.0,0.01724092,0
img_05779_2024,0.0,0.019770816,0
img_05774_2024,0.0,0.01521882,0
img_05730_p02_2024,0.0,0.0046831802,0
img_05730_p03_2024,0.0,0.004471007,0
img_05730_p04_2024,0.0,0.003338225,0
img_05775_2024,0.0,0.34797028,0
img_05786_2024,0.0,0.14788581,0
img_05787_2024,0.0,0.042356502,0
img_05776_2024,0.0,0.007867921,0
img_05781_2024,0.0,0.016183881,0
img_05783_2024,0.0,0.5658303,0
img_05784_2024,0.0,0.12783338,0
img_05782_2024,0.0,0.0083027175,0
img_05788_2024,0.0,0.108317725,0
img_05785_2024,0.0,0.011620932,0
img_05791_2024,0.0,0.0039062314,0
img_05778_2024,0.0,0.009247641,0
img_05790_2024,0.0,0.04997153,0
img_05793_2024,0.0,0.036521826,0
img_05794_2024,0.0,0.00971203,0
img_05792_2024,0.0,0.010285957,0
img_05797_2024,0.0,0.0045778453,0
img_05789_2024,0.0,0.24435484,0
img_05795_2024,0.0,0.037985437,0
img_05796_2024,0.0,0.025771247,0
img_05800_2024,0.0,0.26739874,0
img_05801_2024,0.0,0.022433784,0
img_05798_2024,0.0,0.006254748,0
img_05802_2024,0.0,0.5806941,0
img_05803_2024,0.0,0.0666509,0
img_05799_2024,0.0,0.033973023,0
img_05804_2024,0.0,0.007838767,0
img_05807_2024,0.0,0.030409126,0
img_05805_2024,0.0,0.092211224,0
img_05813_2024,0.0,0.014292054,0
img_05808_2024,0.0,0.023115695,0
img_05806_2024,0.0,0.051555414,0
img_05810_2024,0.0,0.008218162,0
img_05811_2024,0.0,0.50420326,0
img_05724_p01_2024,0.0,0.012965949,0
img_05724_p02_2024,0.0,0.009012913,0
img_05724_p03_2024,0.0,0.021641966,0
img_05724_p04_2024,0.0,0.027161753,0
img_05724_p05_2024,0.0,0.007571083,0
img_05724_p06_2024,0.0,0.0021948917,0
img_05809_2024,0.0,0.33484745,0
img_05814_2024,0.0,0.5151212,0
img_05816_2024,0.0,0.007292995,0
img_05812_2024,0.0,0.046568487,0
img_05815_2024,0.0,0.13258584,0
img_05820_2024,0.0,0.0029576132,0
img_05819_2024,0.0,0.024116136,0
img_05818_2024,0.0,0.07863298,0
img_05822_2024,0.0,0.004849619,0
img_05821_2024,0.0,0.026784752,0
img_05823_2024,0.0,0.13139391,0
img_05817_2024,0.0,0.025936298,0
img_05827_2024,0.0,0.0041184905,0
img_05831_2024,0.0,0.00980866,0
img_05825_2024,0.0,0.0073483232,0
img_05826_2024,0.0,0.31575763,0
img_05824_2024,0.0,0.13552071,0
img_05830_2024,0.0,0.026737088,0
img_05828_2024,0.0,0.037169382,0
img_05834_2024,0.0,0.29692855,0
img_05829_2024,0.0,0.094827846,0
img_05833_2024,0.0,0.019069279,0
img_05832_2024,0.0,0.0069752005,0
img_05838_2024,0.0,0.002612152,0
img_05836_2024,0.0,0.025278486,0
img_05839_2024,0.0,0.0031294997,0
img_05840_2024,0.0,0.014033285,0
img_05841_2024,0.0,0.0051040757,0
img_05842_2024,0.0,0.036031008,0
img_05848_2024,0.0,0.0064228545,0
img_05844_2024,0.0,0.12564117,0
img_05846_2024,0.0,0.030509237,0
img_05837_2024,0.0,0.103177324,0
img_05843_2024,0.0,0.039132513,0
img_05835_2024,0.0,0.71256286,0
img_05847_2024,0.0,0.0031862874,0
img_05845_2024,0.0,0.14492643,0
img_05855_2024,0.0,0.031524286,0
img_05852_2024,0.0,0.0026200712,0
img_05854_2024,0.0,0.07512939,0
img_05859_2024,0.0,0.33642182,0
img_05853_2024,0.0,0.06835808,0
img_05860_2024,0.0,0.06580091,0
img_05851_2024,0.0,0.027644087,0
img_05862_2024,0.0,0.5032396,0
img_05857_2024,0.0,0.58962864,0
img_05861_2024,0.0,0.7407184,0
img_05856_2024,0.0,0.030900668,0
img_05865_2024,0.0,0.034615148,0
img_05850_2024,0.0,0.19085245,0
img_05849_2024,0.0,0.3607832,0
img_05868_2024,0.0,0.61079174,0
img_05768_p01_2024,0.0,0.0023954737,0
img_05768_p02_2024,0.0,0.0026957185,0
img_05768_p03_2024,0.0,0.020347888,0
img_05768_p04_2024,0.0,0.0024189234,0
img_05768_p05_2024,0.0,0.020699093,0
img_05768_p06_2024,0.0,0.0144983595,0
img_05866_2024,0.0,0.69025034,0
img_05867_2024,0.0,0.06852643,0
img_05863_2024,0.0,0.012593964,0
img_05870_2024,0.0,0.2436868,0
img_05873_2024,0.0,0.008865165,0
img_05869_2024,0.0,0.05805285,0
img_05864_2024,0.0,0.049561538,0
img_05872_2024,0.0,0.007131159,0
img_05871_2024,0.0,0.049879868,0
img_05876_2024,0.0,0.14010799,0
img_05878_2024,0.0,0.08375907,0
img_05874_2024,0.0,0.0047808685,0
img_05881_2024,0.0,0.05900188,0
img_05885_2024,0.0,0.014062246,0
img_05877_2024,0.0,0.47712708,0
img_05883_2024,0.0,0.0274351,0
img_05882_2024,0.0,0.026836876,0
img_05887_2024,0.0,0.13122173,0
img_05879_2024,0.0,0.022093697,0
img_05888_2024,0.0,0.64094377,0
img_05891_2024,0.0,0.32764766,0
img_05890_2024,0.0,0.019873435,0
img_05886_2024,0.0,0.21438235,0
img_05893_2024,0.0,0.24752852,0
img_05884_2024,0.0,0.48550826,0
img_05889_2024,0.0,0.24416682,0
img_05875_p01_2024,0.0,0.045980472,0
img_05875_p02_2024,0.0,0.04563817,0
img_05892_2024,0.0,0.0015725543,0
img_05898_2024,0.0,0.03832937,0
img_05880_2024,0.0,0.014303121,0
img_05895_2024,0.0,0.08087881,0
img_05896_2024,0.0,0.20592947,0
img_05894_2024,0.0,0.0018943046,0
img_05897_2024,0.0,0.026973804,0
img_05901_2024,0.0,0.107807525,0
img_05900_2024,0.0,0.08710981,0
img_05899_2024,0.0,0.02253516,0
img_05902_2024,0.0,0.02478712,0
img_05903_2024,0.0,0.06470305,0
img_05904_2024,0.0,0.13067034,0
img_05910_2024,0.0,0.2100513,0
img_05908_2024,0.0,0.06096443,0
img_05912_2024,0.0,0.61328375,0
img_05914_2024,0.0,0.0067917556,0
img_05907_2024,0.0,0.01908269,0
img_05913_2024,0.0,0.08848503,0
img_05906_2024,0.0,0.70972466,0
img_05915_2024,0.0,0.0148909325,0
img_05911_2024,0.0,0.0670051,0
img_05909_2024,0.0,0.7061843,0
img_05916_2024,0.0,0.022463586,0
img_05905_2024,0.0,0.01078704,0
img_05918_2024,0.0,0.046658438,0
img_05917_2024,0.0,0.006561964,0
img_05923_2024,0.0,0.0048325257,0
img_05919_2024,0.0,0.06777626,0
img_05921_2024,0.0,0.003242123,0
img_05922_2024,0.0,0.27534902,0
img_05925_2024,0.0,0.20612454,0
img_05920_2024,0.0,0.017069014,0
img_05929_2024,0.0,0.04850026,0
img_05926_2024,0.0,0.42829293,0
img_05931_2024,0.0,0.006175471,0
img_05928_2024,0.0,0.57678175,0
img_05927_2024,0.0,0.22902238,0
img_05932_2024,0.0,0.04333899,0
img_05924_2024,0.0,0.027240353,0
img_05933_2024,0.0,0.13387576,0
img_05930_2024,0.0,0.0727688,0
img_05943_2024,0.0,0.010322837,0
img_05942_2024,0.0,0.007456383,0
img_05944_2024,0.0,0.006089808,0
img_05934_2024,0.0,0.027828507,0
img_05939_2024,0.0,0.036181483,0
img_05935_2024,0.0,0.027257385,0
img_05937_2024,0.0,0.0022085612,0
img_05940_2024,0.0,0.0455427,0
img_05946_2024,0.0,0.07301412,0
img_05941_2024,0.0,0.021731652,0
img_05949_2024,0.0,0.105358995,0
img_05947_2024,0.0,0.0043283566,0
img_05936_2024,0.0,0.007103659,0
img_05948_2024,0.0,0.0028741318,0
img_05858_p01_2024,0.0,0.013617415,0
img_05858_p02_2024,0.0,0.004991014,0
img_05858_p03_2024,0.0,0.015527087,0
img_05858_p04_2024,0.0,0.028441453,0
img_05951_2024,0.0,0.31213278,0
img_05950_2024,0.0,0.03405689,0
img_05954_2024,0.0,0.014166278,0
img_05956_2024,0.0,0.011283221,0
img_05955_2024,0.0,0.08261001,0
img_05953_2024,0.0,0.009879987,0
img_05952_2024,0.0,0.0058709714,0
img_05957_2024,0.0,0.018109033,0
img_05959_2024,0.0,0.04573174,0
img_05938_p01_2024,0.0,0.017893296,0
img_05938_p02_2024,0.0,0.011144565,0
img_05961_2024,0.0,0.0048775696,0
img_05962_2024,0.0,0.5846387,0
img_05963_2024,0.0,0.11579791,0
img_05727_p01_2024,0.0,0.006802179,0
img_05727_p02_2024,0.0,0.015303157,0
img_05727_p03_2024,0.0,0.018169798,0
img_05727_p04_2024,0.0,0.0034101463,0
img_05727_p05_2024,0.0,0.006419538,0
img_05727_p06_2024,0.0,0.00083796703,0
img_05727_p07_2024,0.0,0.013168598,0
img_05727_p08_2024,0.0,0.009601827,0
img_05727_p09_2024,0.0,0.022434298,0
img_05727_p10_2024,0.0,0.0038500654,0
img_05727_p11_2024,0.0,0.01491077,0
img_05965_2024,0.0,0.0019660383,0
img_05966_2024,0.0,0.50936496,0
img_05964_2024,0.0,0.013199932,0
img_05958_2024,0.0,0.0039142994,0
img_05971_2024,0.0,0.01653269,0
img_05973_2024,0.0,0.01573996,0
img_05960_2024,0.0,0.035210546,0
img_05967_2024,0.0,0.71675736,0
img_05970_2024,0.0,0.061120316,0
img_05976_2024,0.0,0.4635615,0
img_05981_2024,0.0,0.008509005,0
img_05977_2024,0.0,0.0076958295,0
img_05978_2024,0.0,0.0100787,0
img_05972_2024,0.0,0.008113258,0
img_05979_2024,0.0,0.009008025,0
img_05982_2024,0.0,0.024667194,0
img_05985_2024,0.0,0.0743064,0
img_05968_2024,0.0,0.012239384,0
img_05987_2024,0.0,0.018305145,0
img_05983_2024,0.0,0.63718885,0
img_05993_2024,0.0,0.37088025,0
img_05991_2024,0.0,0.20013456,0
img_05992_2024,0.0,0.0049815676,0
img_05984_2024,0.0,0.14984104,0
img_05989_2024,0.0,0.00394799,0
img_05986_2024,0.0,0.117288016,0
img_05990_2024,0.0,0.07591831,0
img_05969_2024,0.0,0.016160209,0
img_05980_2024,0.0,0.17655389,0
img_05996_2024,0.0,0.011493269,0
img_05998_2024,0.0,0.050345417,0
img_05995_2024,0.0,0.023892082,0
img_05997_2024,0.0,0.44633782,0
img_05994_2024,0.0,0.03829248,0
img_05988_2024,0.0,0.006679765,0
img_06000_2024,0.0,0.06243538,0
img_06002_2024,0.0,0.1323093,0
img_05999_2024,0.0,0.016548706,0
img_06006_2024,0.0,0.12023279,0
img_05945_p01_2024,0.0,0.004548618,0
img_05945_p02_2024,0.0,0.01416522,0
img_05945_p03_2024,0.0,0.0012385513,0
img_05945_p04_2024,0.0,0.027776262,0
img_06001_2024,0.0,0.014480139,0
img_06004_2024,0.0,0.8501029,1
img_06003_2024,0.0,0.008787241,0
img_06007_2024,0.0,0.599728,0
img_06008_2024,0.0,0.53866637,0
img_06005_2024,0.0,0.011476731,0
img_06010_2024,0.0,0.00878372,0
img_06012_2024,0.0,0.030127646,0
img_06014_2024,0.0,0.26326385,0
img_06009_2024,0.0,0.335597,0
img_06017_2024,0.0,0.013399517,0
img_05975_p01_2024,0.0,0.020543009,0
img_05975_p02_2024,0.0,0.0057938322,0
img_06013_2024,0.0,0.053789437,0
img_06011_2024,0.0,0.061450005,0
img_06015_2024,0.0,0.0010000094,0
img_06020_2024,0.0,0.011306241,0
img_06019_2024,0.0,0.29884487,0
img_06021_2024,0.0,0.011891461,0
img_06022_2024,0.0,0.013539929,0
img_06018_2024,0.0,0.031591855,0
img_06023_2024,0.0,0.023764608,0
img_06016_2024,0.0,0.07782356,0
img_06024_2024,0.0,0.04520786,0
img_06034_2024,0.0,0.0129153235,0
img_06032_2024,0.0,0.08157677,0
img_06029_2024,0.0,0.042947963,0
img_06031_2024,0.0,0.010412057,0
img_06025_2024,0.0,0.0087036425,0
img_06030_2024,0.0,0.014209609,0
img_06036_2024,0.0,0.027616782,0
img_06028_2024,0.0,0.010225079,0
img_05974_p01_2024,0.0,0.2710798,0
img_05974_p02_2024,0.0,0.0070040934,0
img_05974_p03_2024,0.0,0.59610856,0
img_06040_2024,0.0,0.0898268,0
img_06039_2024,0.0,0.057352643,0
img_06033_2024,0.0,0.016947191,0
img_06027_2024,0.0,0.03504571,0
img_06042_2024,0.0,0.011608217,0
img_06038_2024,0.0,0.00062210276,0
img_06037_2024,0.0,0.015734999,0
img_06043_2024,0.0,0.098451525,0
img_06041_2024,0.0,0.003378797,0
img_06026_2024,0.0,0.71480656,0
img_06045_2024,0.0,0.029493177,0
img_06049_2024,0.0,0.0049450076,0
img_06048_2024,0.0,0.39111677,0
img_06044_2024,0.0,0.02323575,0
img_06052_2024,0.0,0.067978054,0
img_06056_2024,0.0,0.0047437297,0
img_06047_2024,0.0,0.0029992983,0
img_06046_2024,0.0,0.12085416,0
img_06053_2024,0.0,0.01780449,0
img_06057_2024,0.0,0.002616608,0
img_06051_2024,0.0,0.22024119,0
img_06054_2024,0.0,0.13612717,0
img_06062_2024,0.0,0.09569155,0
img_06060_2024,0.0,0.07779901,0
img_06058_2024,0.0,0.00916414,0
img_06050_2024,0.0,0.3163461,0
img_06059_2024,0.0,0.0059590037,0
img_06066_2024,0.0,0.026568217,0
img_06065_2024,0.0,0.9257643,1
img_06055_2024,0.0,0.041879494,0
img_06073_2024,0.0,0.020382669,0
img_06071_2024,0.0,0.00257898,0
img_06072_2024,0.0,0.019249417,0
img_06067_2024,0.0,0.30566606,0
img_06070_2024,0.0,0.4453072,0
img_06064_2024,0.0,0.11872606,0
img_06063_2024,0.0,0.08680952,0
img_06074_2024,0.0,0.14008051,0
img_06075_2024,0.0,0.00571099,0
img_06069_2024,0.0,0.2917794,0
img_06077_2024,0.0,0.061835036,0
img_06076_2024,0.0,0.03777045,0
img_06080_2024,0.0,0.06387861,0
img_06079_2024,0.0,0.38725758,0
img_06078_2024,0.0,0.534604,0
img_06068_2024,0.0,0.0101661645,0
img_06085_2024,0.0,0.07603482,0
img_06084_2024,0.0,0.52190757,0
img_06082_2024,0.0,0.09883122,0
img_06088_2024,0.0,0.036652364,0
img_06081_2024,0.0,0.0012930705,0
img_06089_2024,0.0,0.1493442,0
img_06083_2024,0.0,0.013647563,0
img_06086_2024,0.0,0.035685107,0
img_06090_2024,0.0,0.031232728,0
img_06092_2024,0.0,0.01735282,0
img_06091_2024,0.0,0.16152923,0
img_06094_2024,0.0,0.078170165,0
img_06096_2024,0.0,0.3572804,0
img_06095_2024,0.0,0.042467825,0
img_06097_2024,0.0,0.25121948,0
img_06098_2024,0.0,0.057690084,0
img_06101_2024,0.0,0.047378697,0
img_06099_2024,0.0,0.025630308,0
img_06102_2024,0.0,0.7488986,0
img_06105_2024,0.0,0.044351865,0
img_06104_2024,0.0,0.013435762,0
img_06100_2024,0.0,0.60536295,0
img_06103_2024,0.0,0.14923203,0
img_06106_2024,0.0,0.13589144,0
img_06107_2024,0.0,0.38776976,0
img_06108_2024,0.0,0.042263065,0
img_06110_2024,0.0,0.05296755,0
img_06112_2024,0.0,0.061068162,0
img_06109_2024,0.0,0.023638563,0
img_06111_2024,0.0,0.10163901,0
img_06113_2024,0.0,0.0048793633,0
img_06115_2024,0.0,0.038821075,0
img_06116_2024,0.0,0.052397095,0
img_06114_2024,0.0,0.04862806,0
img_06120_2024,0.0,0.02582465,0
img_06121_2024,0.0,0.0363591,0
img_06122_2024,0.0,0.005844547,0
img_06119_2024,0.0,0.12127507,0
img_06117_2024,0.0,0.0085409265,0
img_06126_2024,0.0,0.008324143,0
img_06118_2024,0.0,0.06367734,0
img_06123_2024,0.0,0.01829561,0
img_06061_p01_2024,0.0,0.026930459,0
img_06061_p02_2024,0.0,0.012108048,0
img_06061_p03_2024,0.0,0.0028567677,0
img_06061_p04_2024,0.0,0.009130321,0
img_06127_2024,0.0,0.030238664,0
img_06129_2024,0.0,0.031999525,0
img_06128_2024,0.0,0.12580925,0
img_06133_2024,0.0,0.10989523,0
img_06131_2024,0.0,0.042212304,0
img_06132_2024,0.0,0.06377396,0
img_06138_2024,0.0,0.0962245,0
img_06136_2024,0.0,0.038454924,0
img_06035_p01_2024,0.0,0.010715714,0
img_06035_p02_2024,0.0,0.014640145,0
img_06035_p03_2024,0.0,0.008831918,0
img_06035_p04_2024,0.0,0.00385497,0
img_06141_2024,0.0,0.009087412,0
img_06134_2024,0.0,0.06632497,0
img_06139_2024,0.0,0.14306875,0
img_06124_2024,0.0,0.010877284,0
img_06135_2024,0.0,0.03590274,0
img_06137_2024,0.0,0.038858093,0
img_06140_2024,0.0,0.019754143,0
img_06142_2024,0.0,0.010384962,0
img_06145_2024,0.0,0.022784984,0
img_06144_2024,0.0,0.05716846,0
img_06125_p01_2024,0.0,0.005860394,0
img_06125_p02_2024,0.0,0.02895048,0
img_06146_2024,0.0,0.0061030723,0
img_06150_2024,0.0,0.10377357,0
img_06143_2024,0.0,0.030523922,0
img_06149_2024,0.0,0.0051046233,0
img_06151_2024,0.0,0.080924034,0
img_06148_2024,0.0,0.064259775,0
img_06153_2024,0.0,0.00050860574,0
img_06155_2024,0.0,0.03751253,0
img_06154_2024,0.0,0.029230816,0
img_06156_2024,0.0,0.47242266,0
img_06093_p01_2024,0.0,0.0088051185,0
img_06093_p02_2024,0.0,0.002394338,0
img_06093_p03_2024,0.0,0.0011049338,0
img_06093_p04_2024,0.0,0.007259255,0
img_06152_2024,0.0,0.033465594,0
img_06158_2024,0.0,0.28913647,0
img_06157_2024,0.0,0.003327429,0
img_06161_2024,0.0,0.030476155,0
img_06160_2024,0.0,0.037989903,0
img_06166_2024,0.0,0.01404197,0
img_06165_2024,0.0,0.5112579,0
img_06167_2024,0.0,0.04854354,0
img_06162_2024,0.0,0.09172661,0
img_06168_2024,0.0,0.021769136,0
img_06164_2024,0.0,0.7031575,0
img_06159_2024,0.0,0.010887083,0
img_06171_2024,0.0,0.030498,0
img_06163_2024,0.0,0.21228899,0
img_06170_2024,0.0,0.02148085,0
img_06172_2024,0.0,0.0074812933,0
img_06173_2024,0.0,0.070658796,0
img_06174_2024,0.0,0.25487253,0
img_06175_2024,0.0,0.0055034664,0
img_06178_2024,0.0,0.01700128,0
img_06181_2024,0.0,0.044097997,0
img_06179_2024,0.0,0.31313488,0
img_06180_2024,0.0,0.007003785,0
img_06184_2024,0.0,0.11310195,0
img_06183_2024,0.0,0.85390013,1
img_06185_2024,0.0,0.035909712,0
img_06182_2024,0.0,0.070928425,0
img_06188_2024,0.0,0.13178518,0
img_06177_2024,0.0,0.008182924,0
img_06191_2024,0.0,0.014367824,0
img_06187_2024,0.0,0.045502026,0
img_06189_2024,0.0,0.14906177,0
img_06194_2024,0.0,0.2736659,0
img_06197_2024,0.0,0.0067561027,0
img_06196_2024,0.0,0.06240643,0
img_06192_2024,0.0,0.56531054,0
img_06190_2024,0.0,0.0042043235,0
img_06176_p01_2024,0.0,0.006875678,0
img_06176_p02_2024,0.0,0.10353797,0
img_06202_2024,0.0,0.15976211,0
img_06200_2024,0.0,0.28570536,0
img_06195_2024,0.0,0.09564656,0
img_06193_2024,0.0,0.010811618,0
img_06203_2024,0.0,0.05933274,0
img_06201_2024,0.0,0.009098427,0
img_06204_2024,0.0,0.025829656,0
img_06206_2024,0.0,0.00059132953,0
img_06207_2024,0.0,0.0028092714,0
img_06209_2024,0.0,0.065660074,0
img_06205_2024,0.0,0.008455948,0
img_06212_2024,0.0,0.04329471,0
img_06210_2024,0.0,0.31662455,0
img_06211_2024,0.0,0.015582477,0
img_06215_2024,0.0,0.12218722,0
img_06214_2024,0.0,0.0069878786,0
img_06087_p01_2024,0.0,0.0052568163,0
img_06087_p02_2024,0.0,0.0023174898,0
img_06087_p03_2024,0.0,0.0017986508,0
img_06087_p04_2024,0.0,0.0025783118,0
img_06087_p05_2024,0.0,0.002679994,0
img_06087_p06_2024,0.0,0.0015435369,0
img_06216_2024,0.0,0.009633857,0
img_06213_2024,0.0,0.058049906,0
img_06208_2024,0.0,0.005579486,0
img_06147_p01_2024,0.0,0.004076436,0
img_06147_p02_2024,0.0,0.008197856,0
img_06147_p03_2024,0.0,0.002865327,0
img_06147_p04_2024,0.0,0.019569276,0
img_06130_p01_2024,0.0,0.0024049731,0
img_06130_p02_2024,0.0,0.0036884819,0
img_06130_p03_2024,0.0,0.005478612,0
img_06130_p04_2024,0.0,0.0046186717,0
img_06217_2024,0.0,0.1342901,0
img_06219_2024,0.0,0.4839753,0
img_06218_2024,0.0,0.004412082,0
img_06225_2024,0.0,0.0071273316,0
img_06224_2024,0.0,0.9040241,1
img_06223_2024,0.0,0.058834184,0
img_06221_2024,0.0,0.08305623,0
img_06231_2024,0.0,0.0045544594,0
img_06228_2024,0.0,0.05729144,0
img_06229_2024,0.0,0.71614826,0
img_06222_2024,0.0,0.026945297,0
img_06234_2024,0.0,0.61574894,0
img_06226_2024,0.0,0.023386916,0
img_06235_2024,0.0,0.940359,1
img_06230_2024,0.0,0.05881672,0
img_06237_2024,0.0,0.3811935,0
img_06169_p01_2024,0.0,0.009675844,0
img_06169_p02_2024,0.0,0.0679061,0
img_06169_p03_2024,0.0,0.03579469,0
img_06169_p04_2024,0.0,0.016801795,0
img_06241_2024,0.0,0.03757441,0
img_06236_2024,0.0,0.00738997,0
img_06233_2024,0.0,0.28840506,0
img_06240_2024,0.0,0.006069566,0
img_06227_2024,0.0,0.003177698,0
img_06232_2024,0.0,0.105271265,0
img_06245_2024,0.0,0.016483443,0
img_06238_2024,0.0,0.023477903,0
img_06246_2024,0.0,0.123615734,0
img_06242_2024,0.0,0.026493076,0
img_06247_2024,0.0,0.4627501,0
img_06239_2024,0.0,0.6976875,0
img_06251_2024,0.0,0.041737124,0
img_06250_2024,0.0,0.0026627735,0
img_06249_2024,0.0,0.028259428,0
img_06252_2024,0.0,0.020000199,0
img_06244_2024,0.0,0.011654592,0
img_06243_2024,0.0,0.030219715,0
img_06255_2024,0.0,0.1478628,0
img_06248_2024,0.0,0.15603049,0
img_06260_2024,0.0,0.018132534,0
img_06253_2024,0.0,0.035974525,0
img_06263_2024,0.0,0.113850184,0
img_06259_2024,0.0,0.22351049,0
img_06254_2024,0.0,0.122043215,0
img_06257_2024,0.0,0.7162755,0
img_06258_2024,0.0,0.008855797,0
img_06256_2024,0.0,0.31393784,0
img_06266_2024,0.0,0.9545957,1
img_06261_2024,0.0,0.3352835,0
img_06262_2024,0.0,0.04383992,0
img_06268_2024,0.0,0.00766775,0
img_06269_2024,0.0,0.050566215,0
img_06264_2024,0.0,0.009738629,0
img_06270_2024,0.0,0.009707729,0
img_06272_2024,0.0,0.01939655,0
img_06273_2024,0.0,0.49528715,0
img_06267_2024,0.0,0.041624133,0
img_06274_2024,0.0,0.33446974,0
img_06271_2024,0.0,0.14686838,0
img_06275_2024,0.0,0.15216911,0
img_06276_2024,0.0,0.2624849,0
img_06278_2024,0.0,0.056919616,0
img_06281_2024,0.0,0.011994737,0
img_06199_p01_2024,0.0,0.004685399,0
img_06199_p02_2024,0.0,0.005502402,0
img_06199_p03_2024,0.0,0.011052587,0
img_06199_p04_2024,0.0,0.0032244378,0
img_06279_2024,0.0,0.0024695636,0
img_06280_2024,0.0,0.019889966,0
img_06277_2024,0.0,0.008864511,0
img_06284_2024,0.0,0.06303645,0
img_06289_2024,0.0,0.014742356,0
img_06290_2024,0.0,0.012979719,0
img_06283_2024,0.0,0.8324222,1
img_06288_2024,0.0,0.07141069,0
img_06285_2024,0.0,0.013293906,0
img_06286_2024,0.0,0.020359563,0
img_06282_2024,0.0,0.008468791,0
img_06287_2024,0.0,0.28077722,0
img_06291_2024,0.0,0.06849953,0
img_06292_2024,0.0,0.026175411,0
img_06293_2024,0.0,0.16509242,0
img_06295_2024,0.0,0.24740136,0
img_06298_2024,0.0,0.61782986,0
img_06297_2024,0.0,0.030690962,0
img_06294_2024,0.0,0.0045203418,0
img_06299_2024,0.0,0.021384418,0
img_06300_2024,0.0,0.008493391,0
img_06303_2024,0.0,0.098884024,0
img_06301_2024,0.0,0.021389809,0
img_06302_2024,0.0,0.01485369,0
img_06304_2024,0.0,0.36160287,0
img_06305_2024,0.0,0.024580456,0
img_06306_2024,0.0,0.006844646,0
img_06296_2024,0.0,0.0011582429,0
img_06310_2024,0.0,0.0030226377,0
img_06311_2024,0.0,0.052265346,0
img_06308_2024,0.0,0.009873373,0
img_06313_2024,0.0,0.5002304,0
img_06312_2024,0.0,0.007564358,0
img_06307_2024,0.0,0.27594873,0
img_06314_2024,0.0,0.2119366,0
img_06317_2024,0.0,0.16725273,0
img_06316_2024,0.0,0.034513284,0
img_06319_2024,0.0,0.01740746,0
img_06320_2024,0.0,0.018233657,0
img_06322_2024,0.0,0.07708099,0
img_06318_2024,0.0,0.020853601,0
img_06315_2024,0.0,0.013756948,0
img_06321_2024,0.0,0.04776141,0
img_06323_2024,0.0,0.008643925,0
img_06324_2024,0.0,0.00689922,0
img_06325_2024,0.0,0.37674612,0
img_06328_2024,0.0,0.008028622,0
img_06329_2024,0.0,0.021513069,0
img_06326_2024,0.0,0.023793846,0
img_06330_2024,0.0,0.033110738,0
img_06333_2024,0.0,0.35023993,0
img_06327_2024,0.0,0.0040247063,0
img_06334_2024,0.0,0.036737274,0
img_06265_p01_2024,0.0,0.03397131,0
img_06265_p02_2024,0.0,0.0069615035,0
img_06265_p03_2024,0.0,0.0794019,0
img_06265_p04_2024,0.0,0.015955806,0
img_06335_2024,0.0,0.0069812676,0
img_06337_2024,0.0,0.071616024,0
img_06331_2024,0.0,0.1957452,0
img_06336_2024,0.0,0.867326,1
img_06332_2024,0.0,0.015805895,0
img_06338_2024,0.0,0.04523885,0
img_06341_2024,0.0,0.011199666,0
img_06344_2024,0.0,0.027027786,0
img_06342_2024,0.0,0.9746401,1
img_06343_2024,0.0,0.47301203,0
img_06339_2024,0.0,0.004469708,0
img_06346_2024,0.0,0.0036746871,0
img_06345_2024,0.0,0.021480406,0
img_06350_2024,0.0,0.068995096,0
img_06347_2024,0.0,0.043479912,0
img_06349_2024,0.0,0.035845734,0
img_06340_2024,0.0,0.06521601,0
img_06348_2024,0.0,0.009853238,0
img_06351_2024,0.0,0.8986487,1
img_06353_2024,0.0,0.036135484,0
img_06352_2024,0.0,0.011829508,0
img_06354_2024,0.0,0.0035623447,0
img_06360_2024,0.0,0.011096847,0
img_06355_2024,0.0,0.07964403,0
img_06356_2024,0.0,0.1252685,0
img_06359_2024,0.0,0.045382194,0
img_06358_2024,0.0,0.011129048,0
img_06365_2024,0.0,0.0026875713,0
img_06363_2024,0.0,0.07808649,0
img_06357_2024,0.0,0.76386,0
img_06220_p01_2024,0.0,0.0020659803,0
img_06220_p02_2024,0.0,0.0007978586,0
img_06220_p03_2024,0.0,0.0015683202,0
img_06220_p04_2024,0.0,0.004566688,0
img_06220_p05_2024,0.0,0.16054471,0
img_06220_p06_2024,0.0,0.010682091,0
img_06220_p07_2024,0.0,0.031158129,0
img_06364_2024,0.0,0.015274456,0
img_06362_2024,0.0,0.059812915,0
img_06366_2024,0.0,0.04634049,0
img_06375_2024,0.0,0.054226637,0
img_06367_2024,0.0,0.037959613,0
img_06373_2024,0.0,0.21476243,0
img_06372_2024,0.0,0.0037976997,0
img_06376_2024,0.0,0.08387423,0
img_06361_2024,0.0,0.009755828,0
img_06370_2024,0.0,0.595731,0
img_06369_2024,0.0,0.18021035,0
img_06377_2024,0.0,0.0634688,0
img_06378_2024,0.0,0.21901405,0
img_06371_2024,0.0,0.017457176,0
img_06382_2024,0.0,0.049599417,0
img_06374_2024,0.0,0.1972182,0
img_06384_2024,0.0,0.006927633,0
img_06385_2024,0.0,0.005356516,0
img_06368_2024,0.0,0.011619848,0
img_06381_2024,0.0,0.13093819,0
img_06386_2024,0.0,0.01165712,0
img_06380_2024,0.0,0.01599188,0
img_06388_2024,0.0,0.011194572,0
img_06379_2024,0.0,0.010264392,0
img_06383_2024,0.0,0.08842787,0
img_06389_2024,0.0,0.34832072,0
img_06393_2024,0.0,0.01898399,0
img_06390_2024,0.0,0.004478618,0
img_06394_2024,0.0,0.101117134,0
img_06392_2024,0.0,0.1057395,0
img_06387_2024,0.0,0.5495569,0
img_06391_2024,0.0,0.0062809223,0
img_06399_2024,0.0,0.037053686,0
img_06397_2024,0.0,0.32732442,0
img_06402_2024,0.0,0.08610151,0
img_06395_2024,0.0,0.026546914,0
img_06400_2024,0.0,0.3097171,0
img_06401_2024,0.0,0.030024782,0
img_06398_2024,0.0,0.7172233,0
img_06403_2024,0.0,0.15753455,0
img_06396_2024,0.0,0.4354886,0
img_06409_2024,0.0,0.092352726,0
img_06405_2024,0.0,0.011074667,0
img_06407_2024,0.0,0.11618957,0
img_06406_2024,0.0,0.0011610339,0
img_06411_2024,0.0,0.27132875,0
img_06419_2024,0.0,0.018711861,0
img_06412_2024,0.0,0.26494464,0
img_06408_2024,0.0,0.0028837973,0
img_06414_2024,0.0,0.0049419864,0
img_06417_2024,0.0,0.04631733,0
img_06413_2024,0.0,0.22312468,0
img_06415_2024,0.0,0.0063618976,0
img_06420_2024,0.0,0.0123609435,0
img_06416_2024,0.0,0.022562996,0
img_06418_2024,0.0,0.008713847,0
img_06422_2024,0.0,0.03763222,0
img_06410_2024,0.0,0.018728541,0
img_06424_2024,0.0,0.92826414,1
img_06423_2024,0.0,0.10187935,0
img_06425_2024,0.0,0.016373426,0
img_06421_2024,0.0,0.04134572,0
img_06427_2024,0.0,0.004053023,0
img_06198_p01_2024,0.0,0.018170528,0
img_06198_p02_2024,0.0,0.0053493264,0
img_06198_p03_2024,0.0,0.0071966867,0
img_06198_p04_2024,0.0,0.0030027665,0
img_06198_p05_2024,0.0,0.007321711,0
img_06198_p06_2024,0.0,0.0052109123,0
img_06198_p07_2024,0.0,0.014582408,0
img_06198_p08_2024,0.0,0.009430457,0
img_06198_p09_2024,0.0,0.0042253817,0
img_06198_p10_2024,0.0,0.017143102,0
img_06426_2024,0.0,0.022354484,0
img_06435_2024,0.0,0.00448144,0
img_06431_2024,0.0,0.0118954405,0
img_06428_2024,0.0,0.046675548,0
img_06432_2024,0.0,0.008809973,0
img_06430_2024,0.0,0.021448432,0
img_06434_2024,0.0,0.021454673,0
img_06438_2024,0.0,0.243339,0
img_06433_2024,0.0,0.061470006,0
img_06439_2024,0.0,0.014851547,0
img_06437_2024,0.0,0.048840374,0
img_06441_2024,0.0,0.014581304,0
img_06436_2024,0.0,0.16275789,0
img_06440_2024,0.0,0.08347821,0
img_06444_2024,0.0,0.054162834,0
img_06447_2024,0.0,0.01974979,0
img_06443_2024,0.0,0.0038510826,0
img_06446_2024,0.0,0.24004737,0
img_06448_2024,0.0,0.121234015,0
img_06445_2024,0.0,0.10869344,0
img_06459_2024,0.0,0.014272995,0
img_06451_2024,0.0,0.6051297,0
img_06455_2024,0.0,0.014347412,0
img_06454_2024,0.0,0.013201548,0
img_06429_p01_2024,0.0,0.070231594,0
img_06429_p02_2024,0.0,0.00044901617,0
img_06442_2024,0.0,0.12386651,0
img_06449_2024,0.0,0.84137464,1
img_06460_2024,0.0,0.03967258,0
img_06453_2024,0.0,0.47630218,0
img_06452_2024,0.0,0.060257975,0
img_06450_2024,0.0,0.010364453,0
img_06457_2024,0.0,0.038939346,0
img_06462_2024,0.0,0.018473575,0
img_06461_2024,0.0,0.02836481,0
img_06470_2024,0.0,0.16959682,0
img_06469_2024,0.0,0.013025822,0
img_06456_2024,0.0,0.08580564,0
img_06468_2024,0.0,0.004554775,0
img_06466_2024,0.0,0.2678056,0
img_06464_2024,0.0,0.76741123,0
img_06458_2024,0.0,0.020948363,0
img_06471_2024,0.0,0.8294416,1
img_06465_2024,0.0,0.22499555,0
img_06474_2024,0.0,0.0072057443,0
img_06475_2024,0.0,0.014297986,0
img_06463_2024,0.0,0.0253131,0
img_06476_2024,0.0,0.023571948,0
img_06472_2024,0.0,0.053657733,0
img_06473_2024,0.0,0.014295205,0
img_06478_2024,0.0,0.02143656,0
img_06477_2024,0.0,0.032413136,0
img_06482_2024,0.0,0.7064124,0
img_06483_2024,0.0,0.06981243,0
img_06486_2024,0.0,0.008745062,0
img_06484_2024,0.0,0.052803382,0
img_06481_2024,0.0,0.009024709,0
img_06489_2024,0.0,0.030589735,0
img_06479_2024,0.0,0.5609436,0
img_06490_2024,0.0,0.06409969,0
img_06488_2024,0.0,0.046318877,0
img_06491_2024,0.0,0.16489124,0
img_06487_2024,0.0,0.029832188,0
img_06493_2024,0.0,0.0066582942,0
img_06492_2024,0.0,0.13566208,0
img_06494_2024,0.0,0.09430781,0
img_06498_2024,0.0,0.038606647,0
img_06497_2024,0.0,0.021623462,0
img_06501_2024,0.0,0.00573698,0
img_06499_2024,0.0,0.00329305,0
img_06495_2024,0.0,0.0058389227,0
img_06496_2024,0.0,0.07040939,0
img_06500_2024,0.0,0.010448467,0
img_06503_2024,0.0,0.024122043,0
img_06502_2024,0.0,0.024081463,0
img_06504_2024,0.0,0.032887056,0
img_06480_p01_2024,0.0,0.3629931,0
img_06480_p02_2024,0.0,0.017653326,0
img_06506_2024,0.0,0.022473315,0
img_06507_2024,0.0,0.16527632,0
img_06508_2024,0.0,0.01598413,0
img_06505_2024,0.0,0.0276206,0
img_06509_2024,0.0,0.054773558,0
img_06516_2024,0.0,0.0075006355,0
img_06517_2024,0.0,0.011763378,0
img_06510_2024,0.0,0.05778167,0
img_06519_2024,0.0,0.18470553,0
img_06511_2024,0.0,0.055841945,0
img_06513_2024,0.0,0.08374035,0
img_06521_2024,0.0,0.20215341,0
img_06514_2024,0.0,0.08055329,0
img_06485_p01_2024,0.0,0.024470739,0
img_06485_p02_2024,0.0,0.03836418,0
img_06518_2024,0.0,0.088561974,0
img_06523_2024,0.0,0.51021844,0
img_06515_2024,0.0,0.0010293165,0
img_06512_2024,0.0,0.015068077,0
img_06524_2024,0.0,0.16913135,0
img_06525_2024,0.0,0.0060239187,0
img_06520_2024,0.0,0.05757324,0
img_06526_2024,0.0,0.014610595,0
img_06529_2024,0.0,0.007960974,0
img_06528_2024,0.0,0.045621682,0
img_06527_2024,0.0,0.29634434,0
img_06530_2024,0.0,0.068943225,0
img_06522_2024,0.0,0.09860641,0
img_06531_2024,0.0,0.10136495,0
img_06532_2024,0.0,0.0639587,0
img_06536_2024,0.0,0.006229302,0
img_06533_2024,0.0,0.07660379,0
img_06534_2024,0.0,0.029404774,0
img_06309_p01_2024,0.0,0.059148654,0
img_06309_p02_2024,0.0,0.013197405,0
img_06309_p03_2024,0.0,0.0013292232,0
img_06309_p04_2024,0.0,0.03360309,0
img_06309_p05_2024,0.0,0.012340482,0
img_06309_p06_2024,0.0,0.011834471,0
img_06309_p07_2024,0.0,0.0071521555,0
img_06309_p08_2024,0.0,0.11704484,0
img_06309_p09_2024,0.0,0.027905975,0
img_06309_p10_2024,0.0,0.003745613,0
img_06309_p11_2024,0.0,0.019456258,0
img_06309_p12_2024,0.0,0.08436806,0
img_06541_2024,0.0,0.21417278,0
img_06538_2024,0.0,0.24669674,0
img_06539_2024,0.0,0.6455547,0
img_06540_2024,0.0,0.07153151,0
img_06537_2024,0.0,0.04580436,0
img_06542_2024,0.0,0.05069154,0
img_06535_2024,0.0,0.044310078,0
img_06545_2024,0.0,0.18420629,0
img_06548_2024,0.0,0.016577344,0
img_06546_2024,0.0,0.11051155,0
img_06544_2024,0.0,0.0702391,0
img_06551_2024,0.0,0.45595267,0
img_06547_2024,0.0,0.032237142,0
img_06550_2024,0.0,0.41149178,0
img_06543_2024,0.0,0.046849173,0
img_06553_2024,0.0,0.5275135,0
img_06404_p01_2024,0.0,0.0075936313,0
img_06404_p02_2024,0.0,0.008452649,0
img_06404_p03_2024,0.0,0.010301094,0
img_06404_p04_2024,0.0,0.010583842,0
img_06404_p05_2024,0.0,0.0053445767,0
img_06404_p06_2024,0.0,0.00662102,0
img_06404_p07_2024,0.0,0.07043105,0
img_06404_p08_2024,0.0,0.0025073625,0
img_06554_2024,0.0,0.03782836,0
img_06552_2024,0.0,0.043911163,0
img_06556_2024,0.0,0.12325136,0
img_06559_2024,0.0,0.084505424,0
img_06555_2024,0.0,0.11942662,0
img_06557_2024,0.0,0.09315752,0
img_06560_2024,0.0,0.056280944,0
img_06561_2024,0.0,0.018890547,0
img_06549_2024,0.0,0.005117275,0
img_06558_2024,0.0,0.021695957,0
img_06562_2024,0.0,0.1095469,0
img_06566_2024,0.0,0.042233855,0
img_06565_2024,0.0,0.019399164,0
img_06563_2024,0.0,0.17218105,0
img_06569_2024,0.0,0.05642336,0
img_06467_p01_2024,0.0,0.043069255,0
img_06467_p02_2024,0.0,0.005389031,0
img_06467_p03_2024,0.0,0.05996366,0
img_06467_p04_2024,0.0,0.013554502,0
img_06467_p05_2024,0.0,0.04411625,0
img_06564_2024,0.0,0.114088774,0
img_06571_2024,0.0,0.06401097,0
img_06572_2024,0.0,0.0036711728,0
img_06567_2024,0.0,0.012185544,0
img_06570_2024,0.0,0.037382863,0
img_06576_2024,0.0,0.2710495,0
img_06577_2024,0.0,0.018528316,0
img_06580_2024,0.0,0.004359583,0
img_06578_2024,0.0,0.054611485,0
img_06574_2024,0.0,0.04737383,0
img_06573_2024,0.0,0.06419858,0
img_06583_2024,0.0,0.16030286,0
img_06582_2024,0.0,0.0027045812,0
img_06581_2024,0.0,0.011359995,0
img_06575_2024,0.0,0.012590437,0
img_06586_2024,0.0,0.01559561,0
img_06588_2024,0.0,0.03976209,0
img_06587_2024,0.0,0.05720485,0
img_06590_2024,0.0,0.01781928,0
img_06568_2024,0.0,0.15060331,0
img_06579_2024,0.0,0.0042878436,0
img_06585_2024,0.0,0.013876464,0
img_06589_2024,0.0,0.026446775,0
img_06584_2024,0.0,0.0039100964,0
img_06591_2024,0.0,0.017282212,0
img_06594_2024,0.0,0.49148735,0
img_06599_2024,0.0,0.010158284,0
img_06597_2024,0.0,0.013955441,0
img_06592_2024,0.0,0.12606306,0
img_06600_2024,0.0,0.27039704,0
img_06593_2024,0.0,0.123348646,0
img_06598_2024,0.0,0.017215721,0
img_06601_2024,0.0,0.07002123,0
img_06595_2024,0.0,0.012282799,0
img_06607_2024,0.0,0.14820549,0
img_06603_2024,0.0,0.088738225,0
img_06609_2024,0.0,0.009625803,0
img_06596_2024,0.0,0.121046655,0
img_06604_2024,0.0,0.012162749,0
img_06610_2024,0.0,0.5138048,0
img_05539_p01_2024,0.0,0.013612158,0
img_05539_p02_2024,0.0,0.013052436,0
img_05539_p03_2024,0.0,0.005898932,0
img_05539_p04_2024,0.0,0.008004078,0
img_05539_p05_2024,0.0,0.0051129023,0
img_05539_p06_2024,0.0,0.009458494,0
img_05539_p07_2024,0.0,0.03155094,0
img_05539_p08_2024,0.0,0.016200699,0
img_05539_p09_2024,0.0,0.007124619,0
img_05539_p10_2024,0.0,0.0118223475,0
img_05539_p11_2024,0.0,0.04594592,0
img_05539_p12_2024,0.0,0.008155524,0
img_05539_p13_2024,0.0,0.009051696,0
img_05539_p14_2024,0.0,0.0005918136,0
img_05539_p15_2024,0.0,0.0062532453,0
img_05539_p16_2024,0.0,0.011248808,0
img_05539_p17_2024,0.0,0.017644754,0
img_05539_p18_2024,0.0,0.034258913,0
img_05539_p20_2024,0.0,0.0107256975,0
img_05539_p21_2024,0.0,0.007963788,0
img_05539_p22_2024,0.0,0.007214797,0
img_05539_p23_2024,0.0,0.0098484615,0
img_05539_p24_2024,0.0,0.029034816,0
img_05539_p25_2024,0.0,0.0021299892,0
img_05539_p26_2024,0.0,0.00909013,0
img_05539_p27_2024,0.0,0.0033575068,0
img_05539_p28_2024,0.0,0.018198324,0
img_05539_p29_2024,0.0,0.06924459,0
img_05539_p30_2024,0.0,0.029619513,0
img_05539_p31_2024,0.0,0.010288554,0
img_05539_p32_2024,0.0,0.0018608468,0
img_05539_p33_2024,0.0,0.0022401668,0
img_05539_p34_2024,0.0,0.00723786,0
img_05539_p35_2024,0.0,0.003587596,0
img_05539_p36_2024,0.0,0.0035917044,0
img_05539_p37_2024,0.0,0.005658003,0
img_05539_p38_2024,0.0,0.023408154,0
img_05539_p39_2024,0.0,0.016113106,0
img_05539_p40_2024,0.0,0.0042732814,0
img_05539_p41_2024,0.0,0.0028179083,0
img_05539_p42_2024,0.0,0.0070428792,0
img_05539_p43_2024,0.0,0.012722601,0
img_06612_2024,0.0,0.04500926,0
img_06614_2024,0.0,0.058650274,0
img_06608_2024,0.0,0.010200929,0
img_06611_2024,0.0,0.021269305,0
img_06618_2024,0.0,0.016739381,0
img_06619_2024,0.0,0.0073192753,0
img_06620_2024,0.0,0.34516364,0
img_06622_2024,0.0,0.0077090184,0
img_06625_2024,0.0,0.116094835,0
img_06621_2024,0.0,0.010127695,0
img_06613_2024,0.0,0.14075387,0
img_06606_2024,0.0,0.19948031,0
img_06628_2024,0.0,0.11539109,0
img_06629_2024,0.0,0.01667987,0
img_06632_2024,0.0,0.046524543,0
img_06630_2024,0.0,0.10160625,0
img_06623_2024,0.0,0.0026954713,0
img_06615_2024,0.0,0.07762681,0
img_06627_2024,0.0,0.7029179,0
img_06616_2024,0.0,0.03612905,0
img_06626_2024,0.0,0.039983403,0
img_06635_2024,0.0,0.046543032,0
img_06639_2024,0.0,0.5654758,0
img_06637_2024,0.0,0.6172772,0
img_06634_2024,0.0,0.91308564,1
img_06617_2024,0.0,0.07419658,0
img_06636_2024,0.0,0.017859701,0
img_06633_2024,0.0,0.03210498,0
img_06631_2024,0.0,0.010842019,0
img_06638_2024,0.0,0.009534718,0
img_06641_2024,0.0,0.08705714,0
img_06642_2024,0.0,0.11350129,0
img_06640_2024,0.0,0.0044243583,0
img_06645_2024,0.0,0.012264718,0
img_06643_2024,0.0,0.1255275,0
img_06624_2024,0.0,0.08828075,0
img_06644_2024,0.0,0.4355208,0
img_06646_2024,0.0,0.24494408,0
img_06648_2024,0.0,0.0029551603,0
img_06655_2024,0.0,0.40988314,0
img_06650_2024,0.0,0.15523227,0
img_06649_2024,0.0,0.012591658,0
img_06654_2024,0.0,0.05248263,0
img_06652_2024,0.0,0.02818882,0
img_06653_2024,0.0,0.3031942,0
img_06662_2024,0.0,0.59041923,0
img_06661_2024,0.0,0.75664175,0
img_06657_2024,0.0,0.14178799,0
img_06660_2024,0.0,0.008347998,0
img_06658_2024,0.0,0.13863638,0
img_06659_2024,0.0,0.33211842,0
img_06664_2024,0.0,0.0021251473,0
img_06663_2024,0.0,0.035152998,0
img_06656_2024,0.0,0.0065638763,0
img_06665_2024,0.0,0.083275504,0
img_06666_2024,0.0,0.015104303,0
img_06667_2024,0.0,0.06258011,0
img_06668_2024,0.0,0.011171307,0
img_06670_2024,0.0,0.01514484,0
img_06673_2024,0.0,0.014563666,0
img_06671_2024,0.0,0.015707867,0
img_06674_2024,0.0,0.04364281,0
img_06675_2024,0.0,0.036780667,0
img_06676_2024,0.0,0.21834862,0
img_06602_p01_2024,0.0,0.3167116,0
img_06602_p02_2024,0.0,0.012829449,0
img_06602_p03_2024,0.0,0.004120617,0
img_06602_p04_2024,0.0,0.03389366,0
img_06672_2024,0.0,0.90217626,1
img_06680_2024,0.0,0.00417472,0
img_06679_2024,0.0,0.08199114,0
img_06682_2024,0.0,0.06022699,0
img_06681_2024,0.0,0.09863458,0
img_06678_2024,0.0,0.007509067,0
img_06683_2024,0.0,0.011498329,0
img_06684_2024,0.0,0.05693963,0
img_06688_2024,0.0,0.1356636,0
img_06687_2024,0.0,0.017795393,0
img_06686_2024,0.0,0.015405431,0
img_06677_2024,0.0,0.011555322,0
img_06690_2024,0.0,0.08745294,0
img_06691_2024,0.0,0.0027911498,0
img_06685_2024,0.0,0.0016604284,0
img_06689_2024,0.0,0.017287064,0
img_06695_2024,0.0,0.12949033,0
img_06700_2024,0.0,0.1216245,0
img_06697_2024,0.0,0.036801457,0
img_06699_2024,0.0,0.082574874,0
img_06693_2024,0.0,0.01677479,0
img_06692_2024,0.0,0.16611196,0
img_06694_2024,0.0,0.03491084,0
img_06706_2024,0.0,0.33391786,0
img_06696_2024,0.0,0.017899944,0
img_06703_2024,0.0,0.08081713,0
img_06705_2024,0.0,0.00248013,0
img_06701_2024,0.0,0.087834954,0
img_06704_2024,0.0,0.03655115,0
img_06707_2024,0.0,0.03962871,0
img_06708_2024,0.0,0.11896737,0
img_06702_2024,0.0,0.70294,0
img_06709_2024,0.0,0.046205875,0
img_06711_2024,0.0,0.046049066,0
img_06713_2024,0.0,0.11224652,0
img_06698_2024,0.0,0.05041568,0
img_06712_2024,0.0,0.06847052,0
img_06710_2024,0.0,0.079920806,0
img_06716_2024,0.0,0.02476823,0
img_06714_2024,0.0,0.062216524,0
img_06718_2024,0.0,0.3051224,0
img_06717_2024,0.0,0.65589774,0
img_06715_2024,0.0,0.029082743,0
img_06719_2024,0.0,0.048978742,0
img_06720_2024,0.0,0.018727541,0
img_06721_2024,0.0,0.012529412,0
img_06722_2024,0.0,0.008901884,0
img_06723_2024,0.0,0.37614542,0
img_06647_p01_2024,0.0,0.007707815,0
img_06647_p02_2024,0.0,0.010087958,0
img_06647_p03_2024,0.0,0.015540933,0
img_06647_p04_2024,0.0,0.0072090304,0
img_06725_2024,0.0,0.0045357333,0
img_06730_2024,0.0,0.011423642,0
img_06728_2024,0.0,0.243734,0
img_06734_2024,0.0,0.21144482,0
img_06733_2024,0.0,0.7243883,0
img_06736_2024,0.0,0.038584355,0
img_06726_2024,0.0,0.96779424,1
img_06731_2024,0.0,0.017470807,0
img_06729_2024,0.0,0.3416086,0
img_06732_2024,0.0,0.12564823,0
img_06737_2024,0.0,0.019389529,0
img_06735_2024,0.0,0.06292665,0
img_06739_2024,0.0,0.005440191,0
img_06605_p01_2024,0.0,0.0017924741,0
img_06605_p02_2024,0.0,0.0126766,0
img_06605_p03_2024,0.0,0.0022687227,0
img_06605_p04_2024,0.0,0.026355175,0
img_06605_p05_2024,0.0,0.003678051,0
img_06605_p06_2024,0.0,0.027776089,0
img_06744_2024,0.0,0.083440356,0
img_06727_2024,0.0,0.024162697,0
img_06742_2024,0.0,0.36460915,0
img_06748_2024,0.0,0.055232868,0
img_06738_2024,0.0,0.7388123,0
img_06746_2024,0.0,0.7148958,0
img_06750_2024,0.0,0.013605321,0
img_06747_2024,0.0,0.08627554,0
img_06753_2024,0.0,0.0110756215,0
img_06749_2024,0.0,0.029899187,0
img_06751_2024,0.0,0.20982225,0
img_06745_2024,0.0,0.0024852173,0
img_06740_2024,0.0,0.19817437,0
img_06741_2024,0.0,0.014230572,0
img_06752_2024,0.0,0.01741344,0
img_06755_2024,0.0,0.04558447,0
img_06758_2024,0.0,0.032568607,0
img_06759_2024,0.0,0.14843479,0
img_06754_2024,0.0,0.0146864075,0
img_06766_2024,0.0,0.013003638,0
img_06743_2024,0.0,0.013226045,0
img_06760_2024,0.0,0.016902208,0
img_06765_2024,0.0,0.54390883,0
img_06767_2024,0.0,0.0014534481,0
img_06761_2024,0.0,0.6028295,0
img_06768_2024,0.0,0.074470036,0
img_06762_2024,0.0,0.111804254,0
img_06764_2024,0.0,0.017898468,0
img_06769_2024,0.0,0.005265888,0
img_06763_2024,0.0,0.9369153,1
img_06771_2024,0.0,0.041493025,0
img_06757_2024,0.0,0.002985726,0
img_06770_2024,0.0,0.035773728,0
img_06756_2024,0.0,0.017469302,0
img_06724_p01_2024,0.0,0.22607274,0
img_06724_p02_2024,0.0,0.17867108,0
img_06776_2024,0.0,0.06732249,0
img_06773_2024,0.0,0.0017497536,0
img_06772_2024,0.0,0.068549216,0
img_06774_2024,0.0,0.079118714,0
img_06777_2024,0.0,0.8916785,1
img_06780_2024,0.0,0.0032725064,0
img_06779_2024,0.0,0.057484355,0
img_06775_2024,0.0,0.11665106,0
img_06782_2024,0.0,0.02067172,0
img_06787_2024,0.0,0.043524377,0
img_06786_2024,0.0,0.30511683,0
img_06785_2024,0.0,0.120391086,0
img_06778_2024,0.0,0.024722552,0
img_06783_2024,0.0,0.71493554,0
img_06791_2024,0.0,0.0077923546,0
img_06792_2024,0.0,0.031092126,0
img_06784_2024,0.0,0.0061110635,0
img_06789_2024,0.0,0.22371423,0
img_06788_2024,0.0,0.037109837,0
img_06795_2024,0.0,0.36023173,0
img_06781_2024,0.0,0.008572726,0
img_06797_2024,0.0,0.05387978,0
img_06799_2024,0.0,0.0065595713,0
img_06793_2024,0.0,0.027141506,0
img_06801_2024,0.0,0.008536377,0
img_06798_2024,0.0,0.0028868401,0
img_06802_2024,0.0,0.3351141,0
img_06794_2024,0.0,0.01543331,0
img_06805_2024,0.0,0.08144911,0
img_06804_2024,0.0,0.16188739,0
img_06803_2024,0.0,0.020250812,0
img_06809_2024,0.0,0.036469523,0
img_06806_2024,0.0,0.13852578,0
img_06808_2024,0.0,0.004780467,0
img_06807_2024,0.0,0.029591715,0
img_06818_2024,0.0,0.02947132,0
img_06814_2024,0.0,0.050930332,0
img_06800_p01_2024,0.0,0.010415536,0
img_06800_p02_2024,0.0,0.003053453,0
img_06819_2024,0.0,0.009936715,0
img_06813_2024,0.0,0.19528903,0
img_06810_2024,0.0,0.0078072194,0
img_06790_p01_2024,0.0,0.5958212,0
img_06790_p02_2024,0.0,0.036066797,0
img_06790_p03_2024,0.0,0.032199495,0
img_06815_2024,0.0,0.14359382,0
img_06820_2024,0.0,0.10302897,0
img_06812_2024,0.0,0.09748622,0
img_06816_2024,0.0,0.69303864,0
img_06822_2024,0.0,0.20040089,0
img_06817_2024,0.0,0.032507733,0
img_06825_2024,0.0,0.008319747,0
img_06826_2024,0.0,0.06106354,0
img_06824_2024,0.0,0.014631721,0
img_06823_2024,0.0,0.038798265,0
img_06651_p01_2024,0.0,0.016317343,0
img_06651_p02_2024,0.0,0.002681622,0
img_06651_p04_2024,0.0,0.015390663,0
img_06651_p05_2024,0.0,0.00209868,0
img_06651_p06_2024,0.0,0.002159924,0
img_06651_p07_2024,0.0,0.0011229422,0
img_06651_p08_2024,0.0,0.120007105,0
img_06821_2024,0.0,0.034520235,0
img_06828_2024,0.0,0.04050821,0
img_06827_2024,0.0,0.28999865,0
img_06830_2024,0.0,0.050766084,0
img_06832_2024,0.0,0.13455354,0
img_06831_2024,0.0,0.16389716,0
img_06829_2024,0.0,0.009231774,0
img_06833_2024,0.0,0.0065640314,0
img_06836_2024,0.0,0.05532878,0
img_06838_2024,0.0,0.028204173,0
img_06839_2024,0.0,0.015967578,0
img_06843_2024,0.0,0.048877317,0
img_06841_2024,0.0,0.09734537,0
img_06796_p01_2024,0.0,0.0028501304,0
img_06796_p02_2024,0.0,0.08071633,0
img_06845_2024,0.0,0.014532125,0
img_06834_2024,0.0,0.04293752,0
img_06849_2024,0.0,0.3976735,0
img_06844_2024,0.0,0.06082768,0
img_06846_2024,0.0,0.072004154,0
img_06842_2024,0.0,0.018094227,0
img_06847_2024,0.0,0.0045134868,0
img_06848_2024,0.0,0.066824846,0
img_06851_2024,0.0,0.109743595,0
img_06850_2024,0.0,0.0717396,0
img_06853_2024,0.0,0.014714359,0
img_06837_2024,0.0,0.010380166,0
img_06852_2024,0.0,0.220789,0
img_06858_2024,0.0,0.009099743,0
img_06840_p01_2024,0.0,0.034597147,0
img_06840_p02_2024,0.0,0.06088407,0
img_06859_2024,0.0,0.030167293,0
img_06863_2024,0.0,0.24984899,0
img_06862_2024,0.0,0.6587483,0
img_06860_2024,0.0,0.033307802,0
img_06856_2024,0.0,0.053062074,0
img_06854_2024,0.0,0.013268205,0
img_06864_2024,0.0,0.014511972,0
img_06861_2024,0.0,0.05714275,0
img_06865_2024,0.0,0.14714889,0
img_06867_2024,0.0,0.117976144,0
img_06868_2024,0.0,0.021009544,0
img_06866_2024,0.0,0.010974033,0
img_06869_2024,0.0,0.4955815,0
img_06870_2024,0.0,0.030037824,0
img_06877_2024,0.0,0.03763822,0
img_06875_2024,0.0,0.13151254,0
img_06872_2024,0.0,0.003669647,0
img_06876_2024,0.0,0.0149563765,0
img_06873_2024,0.0,0.013930241,0
img_06878_2024,0.0,0.036299407,0
img_06874_2024,0.0,0.50139546,0
img_06879_2024,0.0,0.04385976,0
img_06882_2024,0.0,0.03182401,0
img_06881_2024,0.0,0.012038379,0
img_06880_2024,0.0,0.016868345,0
img_06884_2024,0.0,0.030546537,0
img_06871_2024,0.0,0.028770674,0
img_06883_2024,0.0,0.05457748,0
img_06887_2024,0.0,0.46692133,0
img_06886_2024,0.0,0.041199416,0
img_06885_2024,0.0,0.015004293,0
img_06889_2024,0.0,0.014801058,0
img_06893_2024,0.0,0.002306006,0
img_06891_2024,0.0,0.012372779,0
img_06896_2024,0.0,0.074656695,0
img_06895_2024,0.0,0.00979464,0
img_06897_2024,0.0,0.025628123,0
img_06669_p01_2024,0.0,0.0075798486,0
img_06669_p02_2024,0.0,0.0018496114,0
img_06669_p03_2024,0.0,0.002774833,0
img_06669_p04_2024,0.0,0.0071412437,0
img_06669_p05_2024,0.0,0.0066449856,0
img_06669_p06_2024,0.0,0.008919317,0
img_06669_p07_2024,0.0,0.037290603,0
img_06669_p08_2024,0.0,0.0034990099,0
img_06669_p09_2024,0.0,0.024563963,0
img_06894_2024,0.0,0.009027383,0
img_06888_2024,0.0,0.7693562,0
img_06890_2024,0.0,0.01542897,0
img_06898_2024,0.0,0.0032882253,0
img_06902_2024,0.0,0.011995161,0
img_06900_2024,0.0,0.018506277,0
img_06899_2024,0.0,0.010969123,0
img_06901_2024,0.0,0.0050082547,0
img_06855_p01_2024,0.0,0.13045308,0
img_06855_p02_2024,0.0,0.082451835,0
img_06855_p03_2024,0.0,0.0147370035,0
img_06855_p04_2024,0.0,0.00440828,0
img_06906_2024,0.0,0.012281903,0
img_06905_2024,0.0,0.054438993,0
img_06910_2024,0.0,0.010286029,0
img_06911_2024,0.0,0.019887237,0
img_06904_2024,0.0,0.09476872,0
img_06909_2024,0.0,0.025044637,0
img_06907_2024,0.0,0.108285956,0
img_06903_2024,0.0,0.0016983625,0
img_06915_2024,0.0,0.02013334,0
img_06914_2024,0.0,0.073223166,0
img_06908_2024,0.0,0.049469557,0
img_06835_p01_2024,0.0,0.03516355,0
img_06835_p02_2024,0.0,0.11504338,0
img_06835_p03_2024,0.0,0.055719882,0
img_06835_p04_2024,0.0,0.043464936,0
img_06917_2024,0.0,0.006303525,0
img_06912_2024,0.0,0.059610263,0
img_06913_2024,0.0,0.048002165,0
img_06916_2024,0.0,0.012711872,0
img_06919_2024,0.0,0.04768062,0
img_06892_p01_2024,0.0,0.037562963,0
img_06892_p02_2024,0.0,0.012905102,0
img_06918_2024,0.0,0.10512956,0
img_06924_2024,0.0,0.5626561,0
img_06922_2024,0.0,0.008743276,0
img_06929_2024,0.0,0.8528091,1
img_06928_2024,0.0,0.023263568,0
img_06925_2024,0.0,0.10589356,0
img_06933_2024,0.0,0.011699602,0
img_06923_2024,0.0,0.06436378,0
img_06927_2024,0.0,0.090168,0
img_06930_2024,0.0,0.9427308,1
img_06932_2024,0.0,0.09811181,0
img_06934_2024,0.0,0.2915101,0
img_06931_2024,0.0,0.026129765,0
img_06921_2024,0.0,0.04988814,0
img_06936_2024,0.0,0.036950607,0
img_06935_2024,0.0,0.02405475,0
img_06926_2024,0.0,0.008092294,0
img_06938_2024,0.0,0.02382152,0
img_06937_2024,0.0,0.17294076,0
img_06940_2024,0.0,0.1419798,0
img_06941_2024,0.0,0.030680032,0
img_06943_2024,0.0,0.077193685,0
img_06939_2024,0.0,0.0064989505,0
img_06942_2024,0.0,0.030077675,0
img_06944_2024,0.0,0.26706892,0
img_06946_2024,0.0,0.034033902,0
img_06949_2024,0.0,0.14889209,0
img_06945_2024,0.0,0.13106601,0
img_06947_2024,0.0,0.018676024,0
img_06951_2024,0.0,0.8375251,1
img_06952_2024,0.0,0.03313029,0
img_06948_2024,0.0,0.035914883,0
img_06953_2024,0.0,0.025777563,0
img_06955_2024,0.0,0.00867462,0
img_06954_2024,0.0,0.02655977,0
img_06956_2024,0.0,0.0015439948,0
img_06957_2024,0.0,0.33639488,0
img_06950_2024,0.0,0.0031124004,0
img_06959_2024,0.0,0.00706603,0
img_06958_2024,0.0,0.020804718,0
img_06960_2024,0.0,0.006664087,0
img_06963_2024,0.0,0.4868857,0
img_06964_2024,0.0,0.009117988,0
img_06962_2024,0.0,0.0790982,0
img_06961_2024,0.0,0.12512654,0
img_06966_2024,0.0,0.1384707,0
img_06811_p01_2024,0.0,0.03991483,0
img_06811_p02_2024,0.0,0.2514056,0
img_06811_p03_2024,0.0,0.031562045,0
img_06811_p04_2024,0.0,0.007880579,0
img_06811_p05_2024,0.0,0.033186004,0
img_06811_p06_2024,0.0,0.036944006,0
img_06811_p07_2024,0.0,0.026390579,0
img_06811_p08_2024,0.0,0.0074842107,0
img_06965_2024,0.0,0.026453365,0
img_06967_2024,0.0,0.23943995,0
img_06971_2024,0.0,0.50190604,0
img_06972_2024,0.0,0.1532649,0
img_06970_2024,0.0,0.033880316,0
img_06974_2024,0.0,0.15587662,0
img_06969_2024,0.0,0.018100379,0
img_06968_2024,0.0,0.014216951,0
img_06975_2024,0.0,0.047795903,0
img_06976_2024,0.0,0.011213097,0
img_06977_2024,0.0,0.027360875,0
img_06979_2024,0.0,0.13516062,0
img_06981_2024,0.0,0.059351042,0
img_06980_2024,0.0,0.019857131,0
img_06984_2024,0.0,0.025211867,0
img_06978_2024,0.0,0.046230856,0
img_06985_2024,0.0,0.023001118,0
img_06986_2024,0.0,0.036299188,0
img_06989_2024,0.0,0.09495696,0
img_06983_2024,0.0,0.12423966,0
img_06988_2024,0.0,0.025617052,0
img_06982_2024,0.0,0.088007204,0
img_06987_2024,0.0,0.09327917,0
img_06990_2024,0.0,0.0387136,0
img_06992_2024,0.0,0.007171217,0
img_06994_2024,0.0,0.014530143,0
img_06996_2024,0.0,0.71799505,0
img_06999_2024,0.0,0.05386342,0
img_06997_2024,0.0,0.6037911,0
img_07001_2024,0.0,0.091061875,0
img_07000_2024,0.0,0.044295553,0
img_07006_2024,0.0,0.49683726,0
img_07004_2024,0.0,0.00865429,0
img_06995_2024,0.0,0.020999208,0
img_06991_2024,0.0,0.039168864,0
img_06993_2024,0.0,0.011553645,0
img_07005_2024,0.0,0.031450864,0
img_06998_2024,0.0,0.032269936,0
img_07003_2024,0.0,0.42284948,0
img_07002_2024,0.0,0.07257318,0
img_07011_2024,0.0,0.05625003,0
img_07015_2024,0.0,0.011875084,0
img_07016_2024,0.0,0.051862076,0
img_07013_2024,0.0,0.008490168,0
img_07007_2024,0.0,0.019668331,0
img_07009_2024,0.0,0.009036307,0
img_07018_2024,0.0,0.01378677,0
img_07020_2024,0.0,0.042434044,0
img_07010_2024,0.0,0.017279858,0
img_07012_2024,0.0,0.0030604852,0
img_07021_2024,0.0,0.020789376,0
img_07014_2024,0.0,0.020436838,0
img_07008_2024,0.0,0.015076374,0
img_07023_2024,0.0,0.7969718,0
img_07017_2024,0.0,0.08321657,0
img_07026_2024,0.0,0.0057552075,0
img_07025_2024,0.0,0.013708445,0
img_07022_2024,0.0,0.017402593,0
img_07027_2024,0.0,0.2792875,0
img_07033_2024,0.0,0.009193298,0
img_07029_2024,0.0,0.023121225,0
img_07032_2024,0.0,0.014412303,0
img_07030_2024,0.0,0.031553578,0
img_07024_2024,0.0,0.078498475,0
img_07031_2024,0.0,0.018086052,0
img_07037_2024,0.0,0.2201137,0
img_07028_2024,0.0,0.01336984,0
img_07035_2024,0.0,0.029404415,0
img_07034_2024,0.0,0.040525716,0
img_07039_2024,0.0,0.04341329,0
img_07036_2024,0.0,0.0448327,0
img_07038_2024,0.0,0.0351485,0
img_07042_2024,0.0,0.006806342,0
img_07043_2024,0.0,0.022836236,0
img_07045_2024,0.0,0.042443488,0
img_07044_2024,0.0,0.01809826,0
img_07048_2024,0.0,0.039961226,0
img_07051_2024,0.0,0.00654148,0
img_07049_2024,0.0,0.06866884,0
img_07050_2024,0.0,0.59904796,0
img_07046_2024,0.0,0.032776494,0
img_07047_2024,0.0,0.014405207,0
img_07054_2024,0.0,0.017015096,0
img_07040_2024,0.0,0.06929646,0
img_07052_2024,0.0,0.083733715,0
img_07055_2024,0.0,0.0022675777,0
img_07057_2024,0.0,0.055190336,0
img_07060_2024,0.0,0.13366148,0
img_07058_2024,0.0,0.02601611,0
img_07053_2024,0.0,0.103448704,0
img_07041_2024,0.0,0.044647146,0
img_07064_2024,0.0,0.06577372,0
img_07065_2024,0.0,0.07021883,0
img_07059_2024,0.0,0.024849424,0
img_07061_2024,0.0,0.064496756,0
img_07056_2024,0.0,0.00086002087,0
img_07062_2024,0.0,0.04533684,0
img_07069_2024,0.0,0.00096268987,0
img_07072_2024,0.0,0.07917295,0
img_07073_2024,0.0,0.8232602,1
img_07068_2024,0.0,0.0010528574,0
img_07070_2024,0.0,0.11610456,0
img_07071_2024,0.0,0.0026761298,0
img_07067_2024,0.0,0.0119967265,0
img_07076_2024,0.0,0.051001955,0
img_07078_2024,0.0,0.026455425,0
img_07079_2024,0.0,0.032502692,0
img_07077_2024,0.0,0.016338328,0
img_07085_2024,0.0,0.011570681,0
img_07075_2024,0.0,0.010620697,0
img_07074_2024,0.0,0.13783641,0
img_07081_2024,0.0,0.006927817,0
img_07083_2024,0.0,0.03768679,0
img_06857_p01_2024,0.0,0.0078736665,0
img_06857_p02_2024,0.0,0.008591567,0
img_06857_p03_2024,0.0,0.0017850149,0
img_06857_p04_2024,0.0,0.0045113578,0
img_06857_p05_2024,0.0,0.053273845,0
img_06857_p07_2024,0.0,0.0059439223,0
img_06857_p08_2024,0.0,0.025669485,0
img_06857_p09_2024,0.0,0.009399789,0
img_06857_p10_2024,0.0,0.012215897,0
img_06857_p11_2024,0.0,0.054787826,0
img_07088_2024,0.0,0.100717865,0
img_07089_2024,0.0,0.29370582,0
img_07080_2024,0.0,0.3301489,0
img_07086_2024,0.0,0.016525108,0
img_07063_2024,0.0,0.011450463,0
img_07084_2024,0.0,0.44346866,0
img_07090_2024,0.0,0.02620427,0
img_07087_2024,0.0,0.04728796,0
img_06973_p01_2024,0.0,0.04890888,0
img_06973_p02_2024,0.0,0.17906739,0
img_06973_p03_2024,0.0,0.010480532,0
img_06973_p04_2024,0.0,0.016001314,0
img_06973_p05_2024,0.0,0.004709698,0
img_07093_2024,0.0,0.028161261,0
img_07095_2024,0.0,0.06983673,0
img_07097_2024,0.0,0.013023168,0
img_07092_2024,0.0,0.012909653,0
img_07101_2024,0.0,0.25585723,0
img_07082_2024,0.0,0.0031660001,0
img_07102_2024,0.0,0.28465194,0
img_07096_2024,0.0,0.023227526,0
img_07019_p01_2024,0.0,0.07046745,0
img_07019_p02_2024,0.0,0.0057267756,0
img_07019_p03_2024,0.0,0.016673723,0
img_07019_p04_2024,0.0,0.021947408,0
img_07091_2024,0.0,0.026775805,0
img_07100_2024,0.0,0.008614264,0
img_07066_p01_2024,0.0,0.03072552,0
img_07066_p02_2024,0.0,0.018090423,0
img_07105_2024,0.0,0.011145706,0
img_07108_2024,0.0,0.007276681,0
img_07103_2024,0.0,0.0071062725,0
img_07104_2024,0.0,0.10194451,0
img_07099_2024,0.0,0.0057225116,0
img_07098_2024,0.0,0.009502381,0
img_07107_2024,0.0,0.016151046,0
img_07094_2024,0.0,0.024307981,0
img_07106_2024,0.0,0.0049990793,0
img_07112_2024,0.0,0.30993268,0
img_07113_2024,0.0,0.09933571,0
img_07109_2024,0.0,0.044449687,0
img_07111_2024,0.0,0.0053093163,0
img_07114_2024,0.0,0.06289204,0
img_07115_2024,0.0,0.095819496,0
img_07118_2024,0.0,0.1273086,0
img_07120_2024,0.0,0.0049181776,0
img_07110_2024,0.0,0.292239,0
img_07121_2024,0.0,0.059876297,0
img_07116_2024,0.0,0.04781176,0
img_07119_2024,0.0,0.15605131,0
img_07124_2024,0.0,0.03732226,0
img_07117_2024,0.0,0.011252919,0
img_07126_2024,0.0,0.018951215,0
img_07127_2024,0.0,0.008888961,0
img_07132_2024,0.0,0.05569751,0
img_07125_2024,0.0,0.40300265,0
img_07129_2024,0.0,0.079360016,0
img_07128_2024,0.0,0.026355451,0
img_07134_2024,0.0,0.009949369,0
img_07130_2024,0.0,0.026671477,0
img_07122_2024,0.0,0.09877007,0
img_07139_2024,0.0,0.06922428,0
img_07131_2024,0.0,0.040724684,0
img_07135_2024,0.0,0.14797576,0
img_07136_2024,0.0,0.13592482,0
img_07137_2024,0.0,0.09670628,0
img_07141_2024,0.0,0.018825514,0
img_07140_2024,0.0,0.23952292,0
img_07142_2024,0.0,0.025467828,0
img_07143_2024,0.0,0.4400923,0
img_07144_2024,0.0,0.010445347,0
img_07147_2024,0.0,0.030976037,0
img_07138_2024,0.0,0.0068394295,0
img_07148_2024,0.0,0.037679035,0
img_07146_2024,0.0,0.2384524,0
img_07150_2024,0.0,0.049285978,0
img_07145_2024,0.0,0.05519077,0
img_07151_2024,0.0,0.012847022,0
img_07149_2024,0.0,0.017768128,0
img_07152_2024,0.0,0.013695055,0
img_07153_2024,0.0,0.29719365,0
img_07156_2024,0.0,0.12024192,0
img_07160_2024,0.0,0.17915723,0
img_07155_2024,0.0,0.016733143,0
img_07157_2024,0.0,0.025032666,0
img_07159_2024,0.0,0.012526457,0
img_07154_2024,0.0,0.008159775,0
img_07158_2024,0.0,0.00400743,0
img_07161_2024,0.0,0.1157234,0
img_07162_2024,0.0,0.03122071,0
img_07163_2024,0.0,0.0011735874,0
img_07167_2024,0.0,0.017744342,0
img_07166_2024,0.0,0.02896769,0
img_07165_2024,0.0,0.035702504,0
img_07168_2024,0.0,0.007923205,0
img_07169_2024,0.0,0.02441134,0
img_07164_2024,0.0,0.006927308,0
img_07173_2024,0.0,0.13516621,0
img_07170_2024,0.0,0.0068964176,0
img_07171_2024,0.0,0.009444271,0
img_07175_2024,0.0,0.12983346,0
img_07172_2024,0.0,0.0380078,0
img_07180_2024,0.0,0.23373318,0
img_07178_2024,0.0,0.05969501,0
img_07176_2024,0.0,0.03792031,0
img_07179_2024,0.0,0.5726572,0
img_07174_2024,0.0,0.012102113,0
img_07183_2024,0.0,0.0073380494,0
img_07182_2024,0.0,0.024129288,0
img_07177_2024,0.0,0.014767616,0
img_07185_2024,0.0,0.0077673206,0
img_07187_2024,0.0,0.01102688,0
img_07181_2024,0.0,0.0286029,0
img_07190_2024,0.0,0.014081888,0
img_07184_2024,0.0,0.009720586,0
img_07189_2024,0.0,0.122246936,0
img_07188_2024,0.0,0.24009323,0
img_07193_2024,0.0,0.008118694,0
img_07123_p01_2024,0.0,0.002506926,0
img_07123_p02_2024,0.0,0.0029770897,0
img_07123_p03_2024,0.0,0.021490457,0
img_07123_p04_2024,0.0,0.002367092,0
img_07186_2024,0.0,0.33380055,0
img_07196_2024,0.0,0.1431127,0
img_07195_2024,0.0,0.013434144,0
img_07199_2024,0.0,0.24765632,0
img_07198_2024,0.0,0.025086604,0
img_07202_2024,0.0,0.021255134,0
img_07197_2024,0.0,0.036758397,0
img_07204_2024,0.0,0.5097338,0
img_07200_2024,0.0,0.0057959557,0
img_07201_2024,0.0,0.22580984,0
img_07192_2024,0.0,0.077045225,0
img_07194_2024,0.0,0.35811886,0
img_07206_2024,0.0,0.10383536,0
img_07203_2024,0.0,0.0067914077,0
img_07205_2024,0.0,0.06618365,0
img_07133_p01_2024,0.0,0.06432641,0
img_07133_p02_2024,0.0,0.031527687,0
img_07133_p03_2024,0.0,0.013319494,0
img_07133_p04_2024,0.0,0.005005081,0
img_07212_2024,0.0,0.007427698,0
img_07207_2024,0.0,0.12763414,0
img_07210_2024,0.0,0.116058476,0
img_07209_2024,0.0,0.02670091,0
img_07208_2024,0.0,0.0021206602,0
img_07214_2024,0.0,0.048585996,0
img_07221_2024,0.0,0.064591676,0
img_07218_2024,0.0,0.34251842,0
img_07220_2024,0.0,0.2199223,0
img_07224_2024,0.0,0.071373485,0
img_07216_2024,0.0,0.09864267,0
img_07219_2024,0.0,0.01262892,0
img_07215_2024,0.0,0.8190829,1
img_07229_2024,0.0,0.0045776307,0
img_07222_2024,0.0,0.7626266,0
img_07231_2024,0.0,0.096576974,0
img_07211_2024,0.0,0.2342759,0
img_07225_2024,0.0,0.04046266,0
img_07191_p01_2024,0.0,0.0068824994,0
img_07191_p02_2024,0.0,0.012634064,0
img_07228_2024,0.0,0.82202005,1
img_07217_2024,0.0,0.025231218,0
img_07232_2024,0.0,0.005646394,0
img_07227_2024,0.0,0.093761615,0
img_07226_2024,0.0,0.12874879,0
img_07230_2024,0.0,0.028671633,0
img_07233_2024,0.0,0.007040916,0
img_07236_2024,0.0,0.09741249,0
img_07234_2024,0.0,0.00960663,0
img_07223_2024,0.0,0.24218278,0
img_07239_2024,0.0,0.019294227,0
img_07235_2024,0.0,0.06614376,0
img_07241_2024,0.0,0.322743,0
img_07243_2024,0.0,0.033609167,0
img_07238_2024,0.0,0.08432322,0
img_07237_2024,0.0,0.16704147,0
img_07245_2024,0.0,0.13987754,0
img_07242_2024,0.0,0.44784415,0
img_07249_2024,0.0,0.44574532,0
img_07248_2024,0.0,0.0045949672,0
img_07240_2024,0.0,0.006112877,0
img_07247_2024,0.0,0.018046152,0
img_07255_2024,0.0,0.029978741,0
img_07256_2024,0.0,0.021441953,0
img_07250_2024,0.0,0.015900211,0
img_07259_2024,0.0,0.25593248,0
img_07251_2024,0.0,0.67317563,0
img_07253_2024,0.0,0.10424436,0
img_07246_2024,0.0,0.032375515,0
img_07258_2024,0.0,0.14969282,0
img_07244_2024,0.0,0.005785263,0
img_07213_p01_2024,0.0,0.015758624,0
img_07213_p02_2024,0.0,0.010503577,0
img_07261_2024,0.0,0.00781512,0
img_07252_2024,0.0,0.10143818,0
img_07260_2024,0.0,0.513733,0
img_07264_2024,0.0,0.031033363,0
img_07257_2024,0.0,0.01714237,0
img_07254_2024,0.0,0.106953055,0
img_07265_2024,0.0,0.08921333,0
img_07266_2024,0.0,0.05266894,0
img_07270_2024,0.0,0.026897997,0
img_07268_2024,0.0,0.36079285,0
img_07267_2024,0.0,0.022154247,0
img_07272_2024,0.0,0.2267361,0
img_07269_2024,0.0,0.017013334,0
img_07281_2024,0.0,0.040325414,0
img_07279_2024,0.0,0.021464035,0
img_07280_2024,0.0,0.055958636,0
img_07273_2024,0.0,0.0050289105,0
img_07275_2024,0.0,0.029252607,0
img_07262_p01_2024,0.0,0.0077261045,0
img_07262_p02_2024,0.0,0.0014404607,0
img_07274_2024,0.0,0.01515816,0
img_07277_2024,0.0,0.0017952578,0
img_07276_2024,0.0,0.037513312,0
img_07278_2024,0.0,0.010098687,0
img_07282_2024,0.0,0.0033617187,0
img_07284_2024,0.0,0.026904084,0
img_07283_2024,0.0,0.037630096,0
img_07288_2024,0.0,0.0047729476,0
img_07271_2024,0.0,0.007328053,0
img_07289_2024,0.0,0.03294525,0
img_07290_2024,0.0,0.01352315,0
img_07285_2024,0.0,0.117244504,0
img_07286_2024,0.0,0.016328238,0
img_07263_p01_2024,0.0,0.007455991,0
img_07263_p02_2024,0.0,0.009023529,0
img_07293_2024,0.0,0.022523584,0
img_07292_2024,0.0,0.018128807,0
img_07297_2024,0.0,0.023541061,0
img_07291_2024,0.0,0.055011634,0
img_07294_2024,0.0,0.21473187,0
img_07295_2024,0.0,0.9334371,1
img_07287_2024,0.0,0.023846803,0
img_07298_2024,0.0,0.40497354,0
img_07303_2024,0.0,0.040985893,0
img_07304_2024,0.0,0.019881774,0
img_07300_2024,0.0,0.61817,0
img_07301_2024,0.0,0.10822004,0
img_07299_2024,0.0,0.24945587,0
img_07311_2024,0.0,0.03252571,0
img_07312_2024,0.0,0.12392381,0
img_07310_2024,0.0,0.034466542,0
img_07296_2024,0.0,0.04549417,0
img_07302_2024,0.0,0.015044262,0
img_07313_2024,0.0,0.37143102,0
img_07307_2024,0.0,0.06443715,0
img_07315_2024,0.0,0.0141209,0
img_07306_2024,0.0,0.021262048,0
img_07316_2024,0.0,0.022202771,0
img_07308_2024,0.0,0.5334982,0
img_07317_2024,0.0,0.0122781675,0
img_07314_2024,0.0,0.033508763,0
img_07323_2024,0.0,0.053974655,0
img_07309_2024,0.0,0.00286612,0
img_07322_2024,0.0,0.019468496,0
img_07325_2024,0.0,0.0014792855,0
img_07329_2024,0.0,0.069950886,0
img_07326_2024,0.0,0.6469549,0
img_07330_2024,0.0,0.02825288,0
img_07331_2024,0.0,0.015009897,0
img_07327_2024,0.0,0.49172625,0
img_07324_2024,0.0,0.5063691,0
img_07305_2024,0.0,0.38436347,0
img_07319_2024,0.0,0.6170332,0
img_07318_2024,0.0,0.0073964046,0
img_07333_2024,0.0,0.019726194,0
img_07320_2024,0.0,0.0363907,0
img_07321_2024,0.0,0.03777345,0
img_07332_2024,0.0,0.039965197,0
img_07337_2024,0.0,0.028180366,0
img_07334_2024,0.0,0.015187201,0
img_07328_2024,0.0,0.024048269,0
img_07336_2024,0.0,0.64256567,0
img_07339_2024,0.0,0.09659073,0
img_07340_2024,0.0,0.0984732,0
img_07347_2024,0.0,0.02521875,0
img_07342_2024,0.0,0.032332692,0
img_07345_2024,0.0,0.0019419314,0
img_07338_2024,0.0,0.018889591,0
img_07343_2024,0.0,0.0069174347,0
img_07350_2024,0.0,0.0012789158,0
img_07349_2024,0.0,0.19688676,0
img_07346_2024,0.0,0.029504105,0
img_07351_2024,0.0,0.020827154,0
img_07344_2024,0.0,0.01460457,0
img_07348_2024,0.0,0.053139362,0
img_07352_2024,0.0,0.14247033,0
img_07341_2024,0.0,0.035500124,0
img_07356_2024,0.0,0.0464301,0
img_07354_2024,0.0,0.00600792,0
img_07353_2024,0.0,0.016879633,0
img_07359_2024,0.0,0.035655394,0
img_07358_2024,0.0,0.004911335,0
img_07361_2024,0.0,0.10174568,0
img_07365_2024,0.0,0.15197341,0
img_07367_2024,0.0,0.017975543,0
img_07369_2024,0.0,0.30508026,0
img_07363_2024,0.0,0.0933057,0
img_07368_2024,0.0,0.1049185,0
img_07364_2024,0.0,0.10099102,0
img_07360_2024,0.0,0.010194349,0
img_07370_2024,0.0,0.7645753,0
img_07371_2024,0.0,0.005925162,0
img_07372_2024,0.0,0.10010901,0
img_07375_2024,0.0,0.32957444,0
img_07377_2024,0.0,0.14993009,0
img_07376_2024,0.0,0.30281115,0
img_07381_2024,0.0,0.068131596,0
img_07378_2024,0.0,0.15366893,0
img_07384_2024,0.0,0.10187514,0
img_07383_2024,0.0,0.12612866,0
img_07385_2024,0.0,0.0053313174,0
img_07357_p01_2024,0.0,0.0097776,0
img_07357_p02_2024,0.0,0.020755662,0
img_07389_2024,0.0,0.37655786,0
img_07388_2024,0.0,0.019867478,0
img_07387_2024,0.0,0.82479346,1
img_07386_2024,0.0,0.010286825,0
img_07380_2024,0.0,0.00375335,0
img_07393_2024,0.0,0.15743744,0
img_07394_2024,0.0,0.47973502,0
img_07379_p01_2024,0.0,0.019075416,0
img_07379_p02_2024,0.0,0.05759967,0
img_07391_2024,0.0,0.18134573,0
img_07382_2024,0.0,0.003697224,0
img_07395_2024,0.0,0.024435192,0
img_07366_p01_2024,0.0,0.0025522995,0
img_07366_p02_2024,0.0,0.003266162,0
img_07392_2024,0.0,0.44619372,0
img_07373_p01_2024,0.0,0.08557913,0
img_07373_p02_2024,0.0,0.010854611,0
img_07362_p01_2024,0.0,0.016632127,0
img_07362_p02_2024,0.0,0.11484812,0
img_07396_2024,0.0,0.027803922,0
img_07400_2024,0.0,0.0031919687,0
img_07401_2024,0.0,0.44738695,0
img_07399_2024,0.0,0.050735924,0
img_07403_2024,0.0,0.44270387,0
img_07402_2024,0.0,0.18671149,0
img_07406_2024,0.0,0.4688305,0
img_07405_2024,0.0,0.011489146,0
img_07408_2024,0.0,0.3977551,0
img_07390_p01_2024,0.0,0.042028796,0
img_07390_p02_2024,0.0,0.017229829,0
img_07409_2024,0.0,0.15248634,0
img_07407_2024,0.0,0.016012061,0
img_07412_2024,0.0,0.39241868,0
img_07355_p01_2024,0.0,0.014206737,0
img_07355_p02_2024,0.0,0.024075609,0
img_07355_p03_2024,0.0,0.008369219,0
img_07355_p04_2024,0.0,0.05906829,0
img_07410_2024,0.0,0.73031485,0
img_07411_2024,0.0,0.23616883,0
img_07418_2024,0.0,0.17681514,0
img_07417_2024,0.0,0.13734892,0
img_07419_2024,0.0,0.33272055,0
img_07420_2024,0.0,0.030316645,0
img_07422_2024,0.0,0.19885375,0
img_07423_2024,0.0,0.123810485,0
img_07421_2024,0.0,0.025100905,0
img_07424_2024,0.0,0.013875767,0
img_07426_2024,0.0,0.01006631,0
img_07425_2024,0.0,0.01659836,0
img_07428_2024,0.0,0.010856454,0
img_07431_2024,0.0,0.16767278,0
img_07430_2024,0.0,0.118174985,0
img_07429_2024,0.0,0.007210037,0
img_07434_2024,0.0,0.02752029,0
img_07435_2024,0.0,0.06223888,0
img_07436_2024,0.0,0.32715437,0
img_07439_2024,0.0,0.050455555,0
img_07413_p01_2024,0.0,0.0032865189,0
img_07413_p02_2024,0.0,0.0037799643,0
img_07440_2024,0.0,0.17128533,0
img_07438_2024,0.0,0.111238234,0
img_07441_2024,0.0,0.15198779,0
img_07437_2024,0.0,0.14043829,0
img_07442_2024,0.0,0.3394539,0
img_07427_p01_2024,0.0,0.31975535,0
img_07427_p02_2024,0.0,0.075166844,0
img_07397_p01_2024,0.0,0.057487335,0
img_07397_p02_2024,0.0,0.009445699,0
img_07397_p03_2024,0.0,0.025768248,0
img_07397_p04_2024,0.0,0.012281579,0
img_07444_2024,0.0,0.040301062,0
img_07404_p01_2024,0.0,0.0015092166,0
img_07404_p03_2024,0.0,0.010856163,0
img_07404_p04_2024,0.0,0.0069459723,0
img_07448_2024,0.0,0.39473182,0
img_07450_2024,0.0,0.21550187,0
img_07433_p01_2024,0.0,0.37532482,0
img_07433_p02_2024,0.0,0.056197613,0
img_07447_2024,0.0,0.39732146,0
img_07446_2024,0.0,0.0016229601,0
img_07445_2024,0.0,0.008033872,0
img_07451_2024,0.0,0.01841764,0
img_07452_2024,0.0,0.018267224,0
img_07398_p01_2024,0.0,0.004871736,0
img_07398_p02_2024,0.0,0.03605404,0
img_07398_p03_2024,0.0,0.007042996,0
img_07398_p04_2024,0.0,0.081356615,0
img_07454_2024,0.0,0.11449481,0
img_07456_2024,0.0,0.02602393,0
img_07455_2024,0.0,0.05739067,0
img_07416_p01_2024,0.0,0.00937975,0
img_07416_p02_2024,0.0,0.010027899,0
img_07416_p03_2024,0.0,0.0045540533,0
img_07416_p04_2024,0.0,0.0100219315,0
img_07457_2024,0.0,0.11169139,0
img_07459_2024,0.0,0.15353696,0
img_07463_2024,0.0,0.008955742,0
img_07458_2024,0.0,0.26651135,0
img_07415_p01_2024,0.0,0.0377683,0
img_07415_p02_2024,0.0,0.013390133,0
img_07415_p03_2024,0.0,0.056666,0
img_07415_p04_2024,0.0,0.005498109,0
img_07464_2024,0.0,0.122051336,0
img_07461_2024,0.0,0.15750049,0
img_07443_p01_2024,0.0,0.007622501,0
img_07443_p02_2024,0.0,0.0034868123,0
img_07467_2024,0.0,0.0074636317,0
img_07468_2024,0.0,0.18788302,0
img_07466_2024,0.0,0.0043202923,0
img_07465_2024,0.0,0.06623753,0
img_07462_2024,0.0,0.4100266,0
img_07470_2024,0.0,0.03354603,0
img_07453_p01_2024,0.0,0.009151942,0
img_07453_p02_2024,0.0,0.0021237694,0
img_07449_p01_2024,0.0,0.17095965,0
img_07449_p02_2024,0.0,0.09372773,0
img_07476_2024,0.0,0.32318294,0
img_07460_2024,0.0,0.016462391,0
img_07473_2024,0.0,0.025758896,0
img_07479_2024,0.0,0.034200333,0
img_07472_2024,0.0,0.018892676,0
img_07475_2024,0.0,0.2640449,0
img_07471_2024,0.0,0.097585656,0
img_07481_2024,0.0,0.028722903,0
img_07474_2024,0.0,0.073929675,0
img_07477_2024,0.0,0.12584391,0
img_07483_2024,0.0,0.19691446,0
img_07487_2024,0.0,0.49102056,0
img_07484_2024,0.0,0.69736826,0
img_07486_2024,0.0,0.0066351257,0
img_07485_2024,0.0,0.03884181,0
img_07489_2024,0.0,0.018459972,0
img_07469_p01_2024,0.0,0.022666533,0
img_07469_p02_2024,0.0,0.016471164,0
img_07480_2024,0.0,0.23175097,0
img_07490_2024,0.0,0.6908838,0
img_07493_2024,0.0,0.04016081,0
img_07491_2024,0.0,0.018315276,0
img_07497_2024,0.0,0.031828824,0
img_07492_2024,0.0,0.025774222,0
img_07495_2024,0.0,0.0014087952,0
img_07499_2024,0.0,0.55210304,0
img_07502_2024,0.0,0.21937668,0
img_07500_2024,0.0,0.05186318,0
img_07503_2024,0.0,0.08007877,0
img_07498_2024,0.0,0.0051388456,0
img_07496_2024,0.0,0.46762308,0
img_07504_2024,0.0,0.31538373,0
img_07505_2024,0.0,0.08460534,0
img_07501_2024,0.0,0.21156749,0
img_07506_2024,0.0,0.14653885,0
img_07482_p01_2024,0.0,0.017999373,0
img_07482_p02_2024,0.0,0.010496037,0
img_07507_2024,0.0,0.06174725,0
img_07508_2024,0.0,0.078940414,0
img_07512_2024,0.0,0.0053162,0
img_07513_2024,0.0,0.7650362,0
img_07511_2024,0.0,0.3510069,0
img_07514_2024,0.0,0.043407813,0
img_07516_2024,0.0,0.008662594,0
img_07510_2024,0.0,0.26858228,0
img_07519_2024,0.0,0.05149339,0
img_07494_p01_2024,0.0,0.006768337,0
img_07494_p02_2024,0.0,0.016039867,0
img_07518_2024,0.0,0.19179836,0
img_07521_2024,0.0,0.0037865618,0
img_07523_2024,0.0,0.34063086,0
img_07526_2024,0.0,0.022904627,0
img_07520_2024,0.0,0.10046317,0
img_07527_2024,0.0,0.11234751,0
img_07524_2024,0.0,0.42250547,0
img_07432_p01_2024,0.0,0.055755764,0
img_07432_p02_2024,0.0,0.03166295,0
img_07432_p03_2024,0.0,0.03367232,0
img_07432_p04_2024,0.0,0.010389539,0
img_07432_p05_2024,0.0,0.002499205,0
img_07432_p06_2024,0.0,0.01131185,0
img_07488_p01_2024,0.0,0.041106373,0
img_07488_p02_2024,0.0,0.02173407,0
img_07488_p03_2024,0.0,0.020496374,0
img_07488_p04_2024,0.0,0.053572472,0
img_07531_2024,0.0,0.6594229,0
img_07530_2024,0.0,0.07068627,0
img_07478_p01_2024,0.0,0.005209798,0
img_07478_p02_2024,0.0,0.75735855,0
img_07478_p03_2024,0.0,0.012035334,0
img_07478_p04_2024,0.0,0.004439157,0
img_07517_p01_2024,0.0,0.018436892,0
img_07517_p02_2024,0.0,0.031189444,0
img_07532_2024,0.0,0.18335682,0
img_07529_2024,0.0,0.1490787,0
img_07534_2024,0.0,0.03242358,0
img_07528_2024,0.0,0.031016447,0
img_07536_2024,0.0,0.8000899,1
img_07522_p01_2024,0.0,0.0020431227,0
img_07522_p02_2024,0.0,0.009778173,0
img_07539_2024,0.0,0.4192132,0
img_07543_2024,0.0,0.2654134,0
img_07541_2024,0.0,0.07650305,0
img_07540_2024,0.0,0.31375828,0
img_07545_2024,0.0,0.3588762,0
img_07546_2024,0.0,0.016293457,0
img_07542_2024,0.0,0.0050638528,0
img_07537_2024,0.0,0.43082294,0
img_07538_2024,0.0,0.047267374,0
img_07544_2024,0.0,0.05112024,0
img_07547_2024,0.0,0.29370978,0
img_07548_2024,0.0,0.100510456,0
img_07550_2024,0.0,0.07074584,0
img_07553_2024,0.0,0.030417856,0
img_07554_2024,0.0,0.36471656,0
img_07556_2024,0.0,0.089711696,0
img_07535_p01_2024,0.0,0.030746734,0
img_07535_p02_2024,0.0,0.08843608,0
img_07557_2024,0.0,0.0019178631,0
img_07552_2024,0.0,0.21120419,0
img_07509_p01_2024,0.0,0.0026670063,0
img_07509_p02_2024,0.0,0.0019802388,0
img_07509_p03_2024,0.0,0.008361284,0
img_07509_p04_2024,0.0,0.010583588,0
img_07555_2024,0.0,0.0047021243,0
img_07515_p01_2024,0.0,0.019628596,0
img_07515_p02_2024,0.0,0.0035213463,0
img_07515_p03_2024,0.0,0.006188636,0
img_07515_p04_2024,0.0,0.0058590164,0
img_07564_2024,0.0,0.20877592,0
img_07562_2024,0.0,0.3838418,0
img_07565_2024,0.0,0.3189688,0
img_07567_2024,0.0,0.09160958,0
img_07525_p01_2024,0.0,0.10677086,0
img_07525_p02_2024,0.0,0.0816517,0
img_07525_p03_2024,0.0,0.013215327,0
img_07525_p04_2024,0.0,0.0016443995,0
img_07568_2024,0.0,0.38833544,0
img_07563_2024,0.0,0.003472233,0
img_07560_2024,0.0,0.030798892,0
img_07569_2024,0.0,0.055651918,0
img_07572_2024,0.0,0.1772072,0
img_07578_2024,0.0,0.22699004,0
img_07561_p01_2024,0.0,0.004277189,0
img_07561_p02_2024,0.0,0.025193008,0
img_07575_2024,0.0,0.21274659,0
img_07571_2024,0.0,0.0034980988,0
img_07579_2024,0.0,0.1134438,0
img_07566_p01_2024,0.0,0.0040355315,0
img_07566_p02_2024,0.0,0.006968823,0
img_07335_p02_2024,0.0,0.066963196,0
img_07335_p03_2024,0.0,0.0089517515,0
img_07335_p04_2024,0.0,0.032484937,0
img_07335_p05_2024,0.0,0.003638842,0
img_07335_p06_2024,0.0,0.010797919,0
img_07335_p07_2024,0.0,0.007981777,0
img_07335_p08_2024,0.0,0.003648704,0
img_07335_p09_2024,0.0,0.019454395,0
img_07335_p10_2024,0.0,0.01252253,0
img_07335_p11_2024,0.0,0.0023777788,0
img_07335_p12_2024,0.0,0.013690186,0
img_07335_p13_2024,0.0,0.042284157,0
img_07335_p14_2024,0.0,0.028675504,0
img_07335_p15_2024,0.0,0.0058073974,0
img_07573_2024,0.0,0.030408273,0
img_07580_2024,0.0,0.004155312,0
img_07549_p01_2024,0.0,0.3313407,0
img_07549_p02_2024,0.0,0.047653638,0
img_07549_p03_2024,0.0,0.1068747,0
img_07549_p04_2024,0.0,0.010900194,0
img_07576_2024,0.0,0.015735965,0
img_07570_p01_2024,0.0,0.09988756,0
img_07570_p02_2024,0.0,0.09332973,0
img_07582_2024,0.0,0.6536083,0
img_07583_2024,0.0,0.4508719,0
img_07586_2024,0.0,0.047168512,0
img_07584_2024,0.0,0.016937638,0
img_07585_2024,0.0,0.40183005,0
img_07581_2024,0.0,0.022923473,0
img_07590_2024,0.0,0.008626947,0
img_07589_2024,0.0,0.008191935,0
img_07591_2024,0.0,0.373288,0
img_07558_p01_2024,0.0,0.043733917,0
img_07558_p02_2024,0.0,0.068814695,0
img_07558_p03_2024,0.0,0.06581546,0
img_07558_p04_2024,0.0,0.049142152,0
img_07588_2024,0.0,0.1535472,0
img_07592_2024,0.0,0.22188623,0
img_07596_2024,0.0,0.0005251907,0
img_07587_2024,0.0,0.009585068,0
img_07599_2024,0.0,0.027996572,0
img_07597_2024,0.0,0.0024737467,0
img_07594_2024,0.0,0.16251099,0
img_07593_2024,0.0,0.471766,0
img_07595_2024,0.0,0.015975725,0
img_07577_p01_2024,0.0,0.13246669,0
img_07577_p02_2024,0.0,0.062126968,0
img_07574_p01_2024,0.0,0.02624424,0
img_07574_p02_2024,0.0,0.1943297,0
img_07574_p03_2024,0.0,0.091956265,0
img_07574_p04_2024,0.0,0.11105126,0
img_07603_2024,0.0,0.06685558,0
img_07600_2024,0.0,0.5590223,0
img_07601_2024,0.0,0.2460736,0
img_07602_2024,0.0,0.18695866,0
img_07606_2024,0.0,0.32030442,0
img_07604_2024,0.0,0.036164943,0
img_07605_2024,0.0,0.04631636,0
img_07607_2024,0.0,0.0031377356,0
img_07610_2024,0.0,0.024493169,0
img_07612_2024,0.0,0.06615507,0
img_07608_2024,0.0,0.1112393,0
img_07611_2024,0.0,0.38011587,0
img_07613_2024,0.0,0.14269781,0
img_07615_2024,0.0,0.08027153,0
img_07617_2024,0.0,0.6114626,0
img_07614_2024,0.0,0.048024323,0
img_07619_2024,0.0,0.48239484,0
img_07620_2024,0.0,0.039805993,0
img_07616_2024,0.0,0.009145735,0
img_07609_p01_2024,0.0,0.75363916,0
img_07609_p02_2024,0.0,0.66614413,0
img_07625_2024,0.0,0.20468488,0
img_07626_2024,0.0,0.38374138,0
img_07624_2024,0.0,0.020831876,0
img_07629_2024,0.0,0.2743644,0
img_07622_2024,0.0,0.09892442,0
img_07630_2024,0.0,0.18975863,0
img_07623_2024,0.0,0.24796906,0
img_07631_2024,0.0,0.032580417,0
img_07634_2024,0.0,0.360385,0
img_07627_2024,0.0,0.0024961615,0
img_07633_2024,0.0,0.031777967,0
img_07636_2024,0.0,0.10360373,0
img_07559_p01_2024,0.0,0.21307507,0
img_07559_p02_2024,0.0,0.54262745,0
img_07559_p03_2024,0.0,0.0076275854,0
img_07559_p04_2024,0.0,0.015403299,0
img_07559_p05_2024,0.0,0.039802503,0
img_07559_p06_2024,0.0,0.0141790155,0
img_07635_2024,0.0,0.15476051,0
img_07638_2024,0.0,0.045488294,0
img_07639_2024,0.0,0.24477336,0
img_07551_p01_2024,0.0,0.07418855,0
img_07551_p02_2024,0.0,0.12851143,0
img_07551_p03_2024,0.0,0.07616416,0
img_07551_p04_2024,0.0,0.0071151773,0
img_07551_p05_2024,0.0,0.033796504,0
img_07551_p06_2024,0.0,0.011212828,0
img_07640_2024,0.0,0.1243657,0
img_07621_p01_2024,0.0,0.3431636,0
img_07621_p02_2024,0.0,0.0050338083,0
img_07374_p01_2024,0.0,0.44343767,0
img_07374_p02_2024,0.0,0.08431943,0
img_07374_p03_2024,0.0,0.12884428,0
img_07374_p04_2024,0.0,0.13336633,0
img_07374_p05_2024,0.0,0.5433535,0
img_07374_p06_2024,0.0,0.028987722,0
img_07374_p07_2024,0.0,0.023360325,0
img_07374_p08_2024,0.0,0.07634443,0
img_07374_p09_2024,0.0,0.1363796,0
img_07374_p10_2024,0.0,0.08793264,0
img_07374_p11_2024,0.0,0.17658702,0
img_07374_p12_2024,0.0,0.014118251,0
img_07374_p13_2024,0.0,0.04848277,0
img_07374_p14_2024,0.0,0.045856457,0
img_07374_p15_2024,0.0,0.002238495,0
img_07374_p16_2024,0.0,0.002179798,0
img_07641_2024,0.0,0.9108255,1
img_07646_2024,0.0,0.51900077,0
img_07643_2024,0.0,0.12521718,0
img_07642_2024,0.0,0.064512596,0
img_07647_2024,0.0,0.554961,0
img_07649_2024,0.0,0.053159665,0
img_07644_2024,0.0,0.1294039,0
img_07645_2024,0.0,0.27441883,0
img_07652_2024,0.0,0.101248994,0
img_07651_2024,0.0,0.09961829,0
img_07632_p01_2024,0.0,0.011719097,0
img_07632_p02_2024,0.0,0.03842202,0
img_07653_2024,0.0,0.3963983,0
img_07656_2024,0.0,0.031719305,0
img_07658_2024,0.0,0.07725116,0
img_07414_p01_2024,0.0,0.116651446,0
img_07414_p02_2024,0.0,0.017556055,0
img_07414_p03_2024,0.0,0.008388557,0
img_07414_p04_2024,0.0,0.0032757698,0
img_07414_p05_2024,0.0,0.38960764,0
img_07414_p06_2024,0.0,0.027166933,0
img_07414_p07_2024,0.0,0.008921666,0
img_07414_p08_2024,0.0,0.0022374687,0
img_07414_p09_2024,0.0,0.005919747,0
img_07414_p10_2024,0.0,0.03580769,0
img_07414_p11_2024,0.0,0.04437926,0
img_07414_p12_2024,0.0,0.008582844,0
img_07414_p13_2024,0.0,0.3838388,0
img_07414_p14_2024,0.0,0.2155428,0
img_07414_p15_2024,0.0,0.103279375,0
img_07414_p16_2024,0.0,0.024358006,0
img_07660_2024,0.0,0.5316275,0
img_07661_2024,0.0,0.33943933,0
img_07662_2024,0.0,0.011742137,0
img_07657_2024,0.0,0.12744062,0
img_07654_2024,0.0,0.008412107,0
img_07637_p01_2024,0.0,0.0054489444,0
img_07637_p02_2024,0.0,0.12342749,0
img_07659_2024,0.0,0.061153583,0
img_07666_2024,0.0,0.09074284,0
img_07664_2024,0.0,0.46005318,0
img_07663_2024,0.0,0.036313754,0
img_07670_2024,0.0,0.35050786,0
img_07533_p01_2024,0.0,0.018838378,0
img_07533_p02_2024,0.0,0.04700365,0
img_07533_p03_2024,0.0,0.015180899,0
img_07533_p04_2024,0.0,0.02262763,0
img_07533_p05_2024,0.0,0.008534049,0
img_07533_p06_2024,0.0,0.13590568,0
img_07533_p07_2024,0.0,0.059659157,0
img_07533_p08_2024,0.0,0.17725845,0
img_07598_p01_2024,0.0,0.0061515137,0
img_07598_p02_2024,0.0,0.007689307,0
img_07598_p03_2024,0.0,0.0007997261,0
img_07598_p04_2024,0.0,0.0028137553,0
img_07598_p05_2024,0.0,0.0013367994,0
img_07667_2024,0.0,0.009637325,0
img_07668_2024,0.0,0.0058822646,0
img_07671_2024,0.0,0.5088195,0
img_07665_2024,0.0,0.052258577,0
img_07675_2024,0.0,0.015598591,0
img_07676_2024,0.0,0.14241716,0
img_07628_p01_2024,0.0,0.1508892,0
img_07628_p02_2024,0.0,0.094266295,0
img_07628_p03_2024,0.0,0.017096316,0
img_07628_p04_2024,0.0,0.05419207,0
img_07678_2024,0.0,0.007920593,0
img_07669_2024,0.0,0.060004238,0
img_07679_2024,0.0,0.31804556,0
img_07684_2024,0.0,0.12010228,0
img_07685_2024,0.0,0.28205997,0
img_07673_2024,0.0,0.25570306,0
img_07686_2024,0.0,0.0057177464,0
img_07682_2024,0.0,0.45376086,0
img_07677_2024,0.0,0.35797888,0
img_07683_2024,0.0,0.55023575,0
img_07689_2024,0.0,0.07889696,0
img_07691_2024,0.0,0.07431414,0
img_07687_2024,0.0,0.25049698,0
img_07648_p01_2024,0.0,0.014766561,0
img_07648_p02_2024,0.0,0.008853508,0
img_07648_p03_2024,0.0,0.0047265766,0
img_07648_p04_2024,0.0,0.016663391,0
img_07692_2024,0.0,0.026785333,0
img_07680_2024,0.0,0.00773731,0
img_07693_2024,0.0,0.020173317,0
img_07697_2024,0.0,0.053629484,0
img_07650_p01_2024,0.0,0.0071436614,0
img_07650_p02_2024,0.0,0.0045111976,0
img_07650_p03_2024,0.0,0.028427571,0
img_07650_p04_2024,0.0,0.07599944,0
img_07696_2024,0.0,0.108125664,0
img_07690_2024,0.0,0.020603098,0
img_07698_2024,0.0,0.0026230547,0
img_07702_2024,0.0,0.2896258,0
img_07701_2024,0.0,0.021987492,0
img_07699_2024,0.0,0.02295686,0
img_07704_2024,0.0,0.18380459,0
img_07703_2024,0.0,0.14582147,0
img_07705_2024,0.0,0.012830964,0
img_07708_2024,0.0,0.05846118,0
img_07707_2024,0.0,0.04655936,0
img_07706_2024,0.0,0.22097398,0
img_07688_p01_2024,0.0,0.005652142,0
img_07688_p02_2024,0.0,0.021733634,0
img_07710_2024,0.0,0.4900577,0
img_07712_2024,0.0,0.018254206,0
img_07681_p01_2024,0.0,0.015518612,0
img_07681_p02_2024,0.0,0.014465523,0
img_07709_2024,0.0,0.3076036,0
img_07716_2024,0.0,0.7166371,0
img_07713_2024,0.0,0.008823708,0
img_07718_2024,0.0,0.55921286,0
img_07715_2024,0.0,0.14441496,0
img_07717_2024,0.0,0.052979212,0
img_07618_p01_2024,0.0,0.042266116,0
img_07618_p02_2024,0.0,0.048709884,0
img_07618_p03_2024,0.0,0.12710422,0
img_07618_p04_2024,0.0,0.088126555,0
img_07618_p05_2024,0.0,0.085530855,0
img_07618_p06_2024,0.0,0.019942926,0
img_07694_p01_2024,0.0,0.0025437074,0
img_07694_p02_2024,0.0,0.043965325,0
img_07719_2024,0.0,0.07296435,0
img_07700_p01_2024,0.0,0.26154938,0
img_07700_p02_2024,0.0,0.053972844,0
img_07723_2024,0.0,0.007074894,0
img_07722_2024,0.0,0.00081058155,0
img_07720_2024,0.0,0.027505275,0
img_07725_2024,0.0,0.5341895,0
img_07728_2024,0.0,0.08050383,0
img_07729_2024,0.0,0.036660742,0
img_07730_2024,0.0,0.10666962,0
img_07726_2024,0.0,0.17637007,0
img_07733_2024,0.0,0.01338342,0
img_07727_2024,0.0,0.1246183,0
img_07731_2024,0.0,0.08258622,0
img_07732_2024,0.0,0.31165546,0
img_07734_2024,0.0,0.029595051,0
img_07724_p01_2024,0.0,0.08854387,0
img_07724_p02_2024,0.0,0.13578072,0
img_07736_2024,0.0,0.015527991,0
img_07737_2024,0.0,0.77293456,0
img_07674_p01_2024,0.0,0.16938326,0
img_07674_p02_2024,0.0,0.06636282,0
img_07674_p03_2024,0.0,0.06731178,0
img_07674_p04_2024,0.0,0.033878956,0
img_07740_2024,0.0,0.015404123,0
img_07735_2024,0.0,0.08577034,0
img_07743_2024,0.0,0.013817205,0
img_07742_2024,0.0,0.23940074,0
img_07746_2024,0.0,0.01905955,0
img_07745_2024,0.0,0.064242385,0
img_07747_2024,0.0,0.0020535404,0
img_07748_2024,0.0,0.17147255,0
img_07738_2024,0.0,0.4397005,0
img_07749_2024,0.0,0.043222785,0
img_07751_2024,0.0,0.010356113,0
img_07752_2024,0.0,0.039858863,0
img_07750_2024,0.0,0.1169241,0
img_07753_2024,0.0,0.040942438,0
img_07754_2024,0.0,0.17442432,0
img_07756_2024,0.0,0.2504384,0
img_07759_2024,0.0,0.021832552,0
img_07757_2024,0.0,0.0198631,0
img_07755_2024,0.0,0.029303413,0
img_07761_2024,0.0,0.03511236,0
img_07763_2024,0.0,0.0998257,0
img_07741_p01_2024,0.0,0.0017951193,0
img_07741_p02_2024,0.0,0.021877369,0
img_07765_2024,0.0,0.011770503,0
img_07766_2024,0.0,0.024171464,0
img_07764_2024,0.0,0.37367016,0
img_07768_2024,0.0,0.39610302,0
img_07767_2024,0.0,0.013366645,0
img_07721_p01_2024,0.0,0.029372992,0
img_07721_p02_2024,0.0,0.54801315,0
img_07721_p03_2024,0.0,0.042775244,0
img_07721_p04_2024,0.0,0.09701374,0
img_07771_2024,0.0,0.060185596,0
img_07770_2024,0.0,0.213616,0
img_07769_2024,0.0,0.014781721,0
img_07760_p01_2024,0.0,0.28595668,0
img_07760_p02_2024,0.0,0.1188649,0
img_07711_p01_2024,0.0,0.28669629,0
img_07711_p02_2024,0.0,0.009843092,0
img_07711_p03_2024,0.0,0.0041504,0
img_07711_p04_2024,0.0,0.041252162,0
img_07772_2024,0.0,0.014360627,0
img_07775_2024,0.0,0.37375075,0
img_07773_2024,0.0,0.506881,0
img_07777_2024,0.0,0.049625397,0
img_07774_2024,0.0,0.05464628,0
img_07782_2024,0.0,0.043764908,0
img_07783_2024,0.0,0.69575816,0
img_07780_2024,0.0,0.08290463,0
img_07781_2024,0.0,0.07687856,0
img_07784_2024,0.0,0.5221708,0
img_07778_2024,0.0,0.0053339656,0
img_07785_2024,0.0,0.043384973,0
img_07787_2024,0.0,0.080453195,0
img_07744_p01_2024,0.0,0.0034615048,0
img_07744_p02_2024,0.0,0.017509557,0
img_07744_p03_2024,0.0,0.08174927,0
img_07744_p04_2024,0.0,0.021129813,0
img_07776_p01_2024,0.0,0.029913368,0
img_07776_p02_2024,0.0,0.043714765,0
img_07695_p01_2024,0.0,0.03462809,0
img_07695_p02_2024,0.0,0.021152064,0
img_07695_p03_2024,0.0,0.01396387,0
img_07695_p04_2024,0.0,0.03983387,0
img_07695_p05_2024,0.0,0.034391787,0
img_07695_p06_2024,0.0,0.011794521,0
img_07786_2024,0.0,0.832674,1
img_07789_2024,0.0,0.06400744,0
img_07790_2024,0.0,0.21778055,0
img_07793_2024,0.0,0.44470116,0
img_07794_2024,0.0,0.0067514777,0
img_07800_2024,0.0,0.13904113,0
img_07796_2024,0.0,0.011708069,0
img_07797_2024,0.0,0.023817206,0
img_07798_2024,0.0,0.0056363363,0
img_07799_2024,0.0,0.17845319,0
img_07739_p01_2024,0.0,0.05521742,0
img_07739_p02_2024,0.0,0.02955822,0
img_07739_p03_2024,0.0,0.1704578,0
img_07739_p04_2024,0.0,0.026174463,0
img_07739_p05_2024,0.0,0.0029422995,0
img_07739_p06_2024,0.0,0.16828842,0
img_07801_2024,0.0,0.05493948,0
img_07803_2024,0.0,0.5097749,0
img_07806_2024,0.0,0.07637784,0
img_07804_2024,0.0,0.07396444,0
img_07802_2024,0.0,0.11773804,0
img_07808_2024,0.0,0.1215532,0
img_07779_p01_2024,0.0,0.0045853066,0
img_07779_p02_2024,0.0,0.0038698837,0
img_07807_2024,0.0,0.14198895,0
img_07811_2024,0.0,0.010605265,0
img_07810_2024,0.0,0.10843863,0
img_07805_2024,0.0,0.7680548,0
img_07809_2024,0.0,0.72196907,0
img_07791_p01_2024,0.0,0.031603873,0
img_07791_p02_2024,0.0,0.02596374,0
img_07812_2024,0.0,0.060856946,0
img_07814_2024,0.0,0.012148703,0
img_07813_2024,0.0,0.0077362773,0
img_07795_p01_2024,0.0,0.19076659,0
img_07795_p02_2024,0.0,0.23966235,0
img_07815_2024,0.0,0.026617158,0
img_07816_2024,0.0,0.101228274,0
img_07819_2024,0.0,0.007681328,0
img_07818_2024,0.0,0.047828123,0
img_07817_2024,0.0,0.28391522,0
img_07821_2024,0.0,0.0015294695,0
img_07822_2024,0.0,0.0035375801,0
img_07825_2024,0.0,0.4957921,0
img_07823_2024,0.0,0.36288556,0
img_07826_2024,0.0,0.9027517,1
img_07824_2024,0.0,0.0033509727,0
img_07829_2024,0.0,0.056015316,0
img_07828_2024,0.0,0.018163929,0
img_07831_2024,0.0,0.031250328,0
img_07830_2024,0.0,0.030781858,0
img_07762_p01_2024,0.0,0.05608294,0
img_07762_p02_2024,0.0,0.0010463932,0
img_07762_p03_2024,0.0,0.040189423,0
img_07762_p04_2024,0.0,0.002977145,0
img_07762_p05_2024,0.0,0.006493439,0
img_07762_p06_2024,0.0,0.0250754,0
img_07836_2024,0.0,0.044704426,0
img_07832_2024,0.0,0.015557153,0
img_07834_2024,0.0,0.055644754,0
img_07838_2024,0.0,0.10784264,0
img_07792_p01_2024,0.0,0.0146248415,0
img_07792_p02_2024,0.0,0.003284584,0
img_07792_p03_2024,0.0,0.014000743,0
img_07792_p04_2024,0.0,0.0123736765,0
img_07820_p01_2024,0.0,0.02384288,0
img_07820_p02_2024,0.0,0.0061690067,0
img_07835_2024,0.0,0.027914241,0
img_07840_2024,0.0,0.16653678,0
img_07841_2024,0.0,0.7890333,0
img_07842_2024,0.0,0.02834199,0
img_07843_2024,0.0,0.4854305,0
img_07827_2024,0.0,0.057679676,0
img_07839_2024,0.0,0.035038948,0
img_07846_2024,0.0,0.014790639,0
img_07845_2024,0.0,0.0016096967,0
img_07847_2024,0.0,0.01292419,0
img_07848_2024,0.0,0.09702873,0
img_07850_2024,0.0,0.010587729,0
img_07849_2024,0.0,0.03296583,0
img_07852_2024,0.0,0.24769895,0
img_07844_2024,0.0,0.013503122,0
img_07851_2024,0.0,0.0011820423,0
img_07855_2024,0.0,0.30317837,0
img_07853_2024,0.0,0.30066392,0
img_07714_p01_2024,0.0,0.005723076,0
img_07714_p02_2024,0.0,0.07706391,0
img_07714_p03_2024,0.0,0.010868694,0
img_07714_p04_2024,0.0,0.03659401,0
img_07714_p05_2024,0.0,0.0503732,0
img_07714_p06_2024,0.0,0.009953757,0
img_07714_p07_2024,0.0,0.048732243,0
img_07714_p08_2024,0.0,0.94210875,1
img_07714_p09_2024,0.0,0.027437266,0
img_07856_2024,0.0,0.07188288,0
img_07860_2024,0.0,0.012570102,0
img_07863_2024,0.0,0.8649656,1
img_07861_2024,0.0,0.085616134,0
img_07854_2024,0.0,0.0030188665,0
img_07858_2024,0.0,0.13516894,0
img_07864_2024,0.0,0.06464351,0
img_07862_2024,0.0,0.010223824,0
img_07867_2024,0.0,0.04338905,0
img_07866_2024,0.0,0.31219405,0
img_07869_2024,0.0,0.15237114,0
img_07871_2024,0.0,0.034731477,0
img_07870_2024,0.0,0.019453915,0
img_07875_2024,0.0,0.10023572,0
img_07868_2024,0.0,0.4925814,0
img_07874_2024,0.0,0.676545,0
img_07876_2024,0.0,0.026171358,0
img_07857_p01_2024,0.0,0.012672327,0
img_07857_p02_2024,0.0,0.05169258,0
img_07872_2024,0.0,0.029645693,0
img_07877_2024,0.0,0.00643071,0
img_07879_2024,0.0,0.5665431,0
img_07880_2024,0.0,0.22480989,0
img_07882_2024,0.0,0.007258344,0
img_07881_2024,0.0,0.020575425,0
img_07888_2024,0.0,0.010142727,0
img_07672_p01_2024,0.0,0.2429926,0
img_07672_p02_2024,0.0,0.011017882,0
img_07672_p03_2024,0.0,0.03871801,0
img_07672_p04_2024,0.0,0.010106975,0
img_07672_p05_2024,0.0,0.0044924966,0
img_07672_p06_2024,0.0,0.010795199,0
img_07672_p07_2024,0.0,0.007036296,0
img_07672_p08_2024,0.0,0.099464,0
img_07672_p09_2024,0.0,0.0032856304,0
img_07672_p10_2024,0.0,0.0023137478,0
img_07672_p11_2024,0.0,0.0040949206,0
img_07672_p12_2024,0.0,0.005547304,0
img_07672_p13_2024,0.0,0.08360756,0
img_07885_2024,0.0,0.17009567,0
img_07887_2024,0.0,0.025565874,0
img_07883_2024,0.0,0.010495076,0
img_07889_2024,0.0,0.08154918,0
img_07837_p01_2024,0.0,0.138505,0
img_07837_p02_2024,0.0,0.2175933,0
img_07837_p03_2024,0.0,0.08470865,0
img_07837_p04_2024,0.0,0.08800173,0
img_07886_2024,0.0,0.0078040687,0
img_07890_2024,0.0,0.09620984,0
img_07833_p01_2024,0.0,0.0011458828,0
img_07833_p02_2024,0.0,0.005162865,0
img_07833_p03_2024,0.0,0.29226115,0
img_07833_p04_2024,0.0,0.02057711,0
img_07894_2024,0.0,0.649093,0
img_07896_2024,0.0,0.02256003,0
img_07895_2024,0.0,0.47928604,0
img_07892_2024,0.0,0.15087427,0
img_07859_p01_2024,0.0,0.05367683,0
img_07859_p02_2024,0.0,0.02481731,0
img_07859_p03_2024,0.0,0.01272093,0
img_07859_p04_2024,0.0,0.04217155,0
img_07897_2024,0.0,0.46533334,0
img_07893_2024,0.0,0.07858346,0
img_07899_2024,0.0,0.040479492,0
img_07900_2024,0.0,0.012669256,0
img_07901_2024,0.0,0.3365053,0
img_07891_2024,0.0,0.09962088,0
img_07898_2024,0.0,0.027493084,0
img_07903_2024,0.0,0.19542217,0
img_07902_2024,0.0,0.11769232,0
img_07906_2024,0.0,0.580401,0
img_07905_2024,0.0,0.050723143,0
img_07904_2024,0.0,0.38751948,0
img_07912_2024,0.0,0.41642714,0
img_07910_2024,0.0,0.28189957,0
img_07908_2024,0.0,0.81338924,1
img_07913_2024,0.0,0.61868674,0
img_07916_2024,0.0,0.0038414488,0
img_07907_2024,0.0,0.21835148,0
img_07918_2024,0.0,0.0080270115,0
img_07915_2024,0.0,0.14830886,0
img_07914_2024,0.0,0.24409859,0
img_07920_2024,0.0,0.17034756,0
img_07921_2024,0.0,0.05561854,0
img_07919_2024,0.0,0.5590816,0
img_07926_2024,0.0,0.4289865,0
img_07922_2024,0.0,0.030703692,0
img_07865_p01_2024,0.0,0.0029221198,0
img_07865_p02_2024,0.0,0.0041962443,0
img_07865_p03_2024,0.0,0.0018082897,0
img_07865_p04_2024,0.0,0.003123187,0
img_07923_2024,0.0,0.05234903,0
img_07927_2024,0.0,0.21238348,0
img_07911_p01_2024,0.0,0.07107577,0
img_07911_p02_2024,0.0,0.11688229,0
img_07925_2024,0.0,0.73044163,0
img_07924_2024,0.0,0.13661563,0
img_07909_p01_2024,0.0,0.027593412,0
img_07909_p02_2024,0.0,0.0026602815,0
img_07936_2024,0.0,0.0008684327,0
img_07938_2024,0.0,0.4220731,0
img_07933_2024,0.0,0.7163401,0
img_07939_2024,0.0,0.26976457,0
img_07932_2024,0.0,0.15590744,0
img_07934_2024,0.0,0.017375428,0
img_07940_2024,0.0,0.056328863,0
img_07942_2024,0.0,0.027536137,0
img_07943_2024,0.0,0.007218575,0
img_07945_2024,0.0,0.05744973,0
img_07884_p01_2024,0.0,0.013755556,0
img_07884_p02_2024,0.0,0.08072054,0
img_07884_p03_2024,0.0,0.03625157,0
img_07884_p04_2024,0.0,0.23802859,0
img_07884_p05_2024,0.0,0.030518958,0
img_07944_2024,0.0,0.013068276,0
img_07947_2024,0.0,0.13730349,0
img_07948_2024,0.0,0.5495092,0
img_07950_2024,0.0,0.014715784,0
img_07929_p01_2024,0.0,0.018215032,0
img_07929_p02_2024,0.0,0.094863646,0
img_07929_p03_2024,0.0,0.042130906,0
img_07929_p04_2024,0.0,0.005984884,0
img_07949_2024,0.0,0.04257058,0
img_07952_2024,0.0,0.17728046,0
img_07946_p01_2024,0.0,0.021035098,0
img_07946_p02_2024,0.0,0.043092627,0
img_07954_2024,0.0,0.5620793,0
img_07953_2024,0.0,0.011715293,0
img_07956_2024,0.0,0.00541449,0
img_07951_2024,0.0,0.06704397,0
img_07957_2024,0.0,0.19133745,0
img_07958_2024,0.0,0.22047648,0
img_07931_p01_2024,0.0,0.086736955,0
img_07931_p02_2024,0.0,0.18830696,0
img_07931_p03_2024,0.0,0.014789416,0
img_07931_p04_2024,0.0,0.10953194,0
img_07959_2024,0.0,0.20040943,0
img_07758_p01_2024,0.0,0.001227812,0
img_07758_p02_2024,0.0,0.00062320684,0
img_07758_p03_2024,0.0,0.0012994894,0
img_07758_p04_2024,0.0,0.039817322,0
img_07758_p05_2024,0.0,0.00417155,0
img_07758_p06_2024,0.0,0.00084131607,0
img_07758_p07_2024,0.0,0.00037695272,0
img_07758_p08_2024,0.0,0.007884759,0
img_07758_p09_2024,0.0,0.036311593,0
img_07758_p10_2024,0.0,0.0029110073,0
img_07758_p11_2024,0.0,0.0028621736,0
img_07758_p12_2024,0.0,0.038748883,0
img_07758_p13_2024,0.0,0.017874945,0
img_07758_p14_2024,0.0,0.0030488537,0
img_07758_p15_2024,0.0,0.0036529293,0
img_07961_2024,0.0,0.11691534,0
img_07960_2024,0.0,0.06526291,0
img_07963_2024,0.0,0.04062489,0
img_07965_2024,0.0,0.0022594335,0
img_07964_2024,0.0,0.03141827,0
img_07962_2024,0.0,0.2790796,0
img_07966_2024,0.0,0.0054877573,0
img_07970_2024,0.0,0.2263524,0
img_07968_2024,0.0,0.08040844,0
img_07969_2024,0.0,0.84722877,1
img_07967_2024,0.0,0.0014281458,0
img_07937_p01_2024,0.0,0.069434345,0
img_07937_p02_2024,0.0,0.33317456,0
img_07937_p03_2024,0.0,0.110403,0
img_07937_p04_2024,0.0,0.13214621,0
img_07972_2024,0.0,0.078335,0
img_07973_2024,0.0,0.13348888,0
img_07974_2024,0.0,0.017611656,0
img_07971_2024,0.0,0.39629957,0
img_07788_p01_2024,0.0,0.0059231045,0
img_07788_p02_2024,0.0,0.016080867,0
img_07788_p03_2024,0.0,0.024543954,0
img_07788_p04_2024,0.0,0.0803051,0
img_07788_p05_2024,0.0,0.065570794,0
img_07788_p06_2024,0.0,0.046423446,0
img_07788_p07_2024,0.0,0.090854704,0
img_07788_p08_2024,0.0,0.00755913,0
img_07788_p09_2024,0.0,0.031258818,0
img_07788_p10_2024,0.0,0.027365865,0
img_07788_p11_2024,0.0,0.05007098,0
img_07788_p12_2024,0.0,0.009609697,0
img_07788_p13_2024,0.0,0.08294354,0
img_07788_p14_2024,0.0,0.014204486,0
img_07977_2024,0.0,0.36964166,0
img_07978_2024,0.0,0.061589744,0
img_07982_2024,0.0,0.029580368,0
img_07980_2024,0.0,0.18203521,0
img_07979_2024,0.0,0.038069777,0
img_07930_p01_2024,0.0,0.007377965,0
img_07930_p02_2024,0.0,0.0075989114,0
img_07930_p03_2024,0.0,0.004091035,0
img_07930_p04_2024,0.0,0.011264973,0
img_07930_p05_2024,0.0,0.04510878,0
img_07930_p06_2024,0.0,0.0063043195,0
img_07983_2024,0.0,0.011498032,0
img_07981_2024,0.0,0.04775327,0
img_07976_2024,0.0,0.057907224,0
img_07985_2024,0.0,0.0018792724,0
img_07986_2024,0.0,0.14538275,0
img_07984_2024,0.0,0.006913905,0
img_07989_2024,0.0,0.0047020307,0
img_07917_p01_2024,0.0,0.06877185,0
img_07917_p02_2024,0.0,0.010345645,0
img_07917_p03_2024,0.0,0.013753887,0
img_07917_p04_2024,0.0,0.014087529,0
img_07917_p05_2024,0.0,0.009277261,0
img_07917_p06_2024,0.0,0.017003335,0
img_07917_p07_2024,0.0,0.023231037,0
img_07917_p08_2024,0.0,0.0054799947,0
img_07988_2024,0.0,0.033291318,0
img_07991_2024,0.0,0.075232886,0
img_07941_p01_2024,0.0,0.1474227,0
img_07941_p02_2024,0.0,0.15692903,0
img_07941_p03_2024,0.0,0.23827715,0
img_07941_p04_2024,0.0,0.22637607,0
img_07941_p05_2024,0.0,0.070269965,0
img_07941_p06_2024,0.0,0.18186949,0
img_07975_p01_2024,0.0,0.22793287,0
img_07975_p02_2024,0.0,0.20300657,0
img_07992_2024,0.0,0.06349933,0
img_07996_2024,0.0,0.023239803,0
img_07995_2024,0.0,0.053763643,0
img_07994_2024,0.0,0.06605338,0
img_07928_p01_2024,0.0,0.020655068,0
img_07928_p02_2024,0.0,0.10670345,0
img_07928_p03_2024,0.0,0.06961296,0
img_07928_p04_2024,0.0,0.16268559,0
img_07928_p05_2024,0.0,0.012978905,0
img_07928_p06_2024,0.0,0.18323357,0
img_07935_p01_2024,0.0,0.00757204,0
img_07935_p02_2024,0.0,0.0133572025,0
img_07935_p03_2024,0.0,0.0024524855,0
img_07935_p04_2024,0.0,0.0490612,0
img_07935_p05_2024,0.0,0.009244422,0
img_07935_p06_2024,0.0,0.006595599,0
img_08004_2024,0.0,0.031104518,0
img_07999_2024,0.0,0.007208665,0
img_08003_2024,0.0,0.030379651,0
img_08002_2024,0.0,0.008451171,0
img_08007_2024,0.0,0.0050345752,0
img_08001_2024,0.0,0.0059245024,0
img_08000_2024,0.0,0.17207849,0
img_07993_p01_2024,0.0,0.33350536,0
img_07993_p02_2024,0.0,0.55813056,0
img_08008_2024,0.0,0.0045759445,0
img_08005_2024,0.0,0.02231528,0
img_07987_p01_2024,0.0,0.027808523,0
img_07987_p02_2024,0.0,0.02890559,0
img_08006_2024,0.0,0.019199446,0
img_08009_2024,0.0,0.08641463,0
img_07990_p01_2024,0.0,0.028499555,0
img_07990_p02_2024,0.0,0.9007434,1
img_08011_2024,0.0,0.5771211,0
img_08013_2024,0.0,0.10050832,0
img_08010_2024,0.0,0.05319284,0
img_08015_2024,0.0,0.0011547073,0
img_08014_2024,0.0,0.039213706,0
img_07998_p01_2024,0.0,0.003963213,0
img_07998_p02_2024,0.0,0.37982947,0
img_08021_2024,0.0,0.10759194,0
img_08018_2024,0.0,0.09914822,0
img_07997_p01_2024,0.0,0.054644804,0
img_07997_p02_2024,0.0,0.045412004,0
img_08017_2024,0.0,0.26359054,0
img_08016_2024,0.0,0.092072636,0
img_08012_2024,0.0,0.3345126,0
img_08023_2024,0.0,0.10928616,0
img_07655_p02_2024,0.0,0.004343619,0
img_07655_p03_2024,0.0,0.035142783,0
img_07655_p04_2024,0.0,0.037063833,0
img_07655_p05_2024,0.0,0.0022992755,0
img_07655_p06_2024,0.0,0.08388279,0
img_07655_p07_2024,0.0,0.040573385,0
img_07655_p08_2024,0.0,0.0602303,0
img_07655_p09_2024,0.0,0.0585053,0
img_07655_p10_2024,0.0,0.07259557,0
img_07655_p11_2024,0.0,0.008386514,0
img_07655_p12_2024,0.0,0.005728264,0
img_07655_p13_2024,0.0,0.010192074,0
img_07655_p14_2024,0.0,0.014310042,0
img_07655_p15_2024,0.0,0.014042716,0
img_07655_p16_2024,0.0,0.002818655,0
img_07655_p17_2024,0.0,0.0037270573,0
img_07655_p19_2024,0.0,0.0018749295,0
img_07655_p20_2024,0.0,0.030528996,0
img_07655_p21_2024,0.0,0.005371633,0
img_08024_2024,0.0,0.9671336,1
img_08025_2024,0.0,0.007594954,0
img_08029_2024,0.0,0.001406596,0
img_08028_2024,0.0,0.1595077,0
img_08033_2024,0.0,0.08213851,0
img_08031_2024,0.0,0.009761575,0
img_08026_2024,0.0,0.0067200316,0
img_08032_2024,0.0,0.1696074,0
img_08030_2024,0.0,0.03895973,0
img_08034_2024,0.0,0.17433023,0
img_08035_2024,0.0,0.029118907,0
img_08036_2024,0.0,0.23811479,0
img_08041_2024,0.0,0.1885717,0
img_08042_2024,0.0,0.3261441,0
img_08044_2024,0.0,0.008903555,0
img_08046_2024,0.0,0.066515,0
img_08020_p01_2024,0.0,0.01922912,0
img_08020_p02_2024,0.0,0.017923454,0
img_08040_2024,0.0,0.13300738,0
img_08047_2024,0.0,0.02927363,0
img_08050_2024,0.0,0.28225145,0
img_07955_p01_2024,0.0,0.01171005,0
img_07955_p02_2024,0.0,0.04788006,0
img_07955_p03_2024,0.0,0.00280326,0
img_07955_p04_2024,0.0,0.029345237,0
img_07955_p05_2024,0.0,0.0022699567,0
img_07955_p06_2024,0.0,0.014928625,0
img_07955_p07_2024,0.0,0.009849889,0
img_07955_p08_2024,0.0,0.0017150342,0
img_08052_2024,0.0,0.0069892383,0
img_08051_2024,0.0,0.0043487777,0
img_08038_p01_2024,0.0,0.08384267,0
img_08038_p02_2024,0.0,0.17440975,0
img_08053_2024,0.0,0.03523944,0
img_08048_2024,0.0,0.006888258,0
img_08054_2024,0.0,0.2944832,0
img_08056_2024,0.0,0.008209378,0
img_08058_2024,0.0,0.14935851,0
img_08060_2024,0.0,0.115714155,0
img_08059_2024,0.0,0.036148526,0
img_08064_2024,0.0,0.07956557,0
img_08061_2024,0.0,0.057531454,0
img_08063_2024,0.0,0.056326557,0
img_08062_2024,0.0,0.037661925,0
img_08057_p01_2024,0.0,0.0030394576,0
img_08057_p02_2024,0.0,0.013591391,0
img_08066_2024,0.0,0.03421858,0
img_08065_2024,0.0,0.42271635,0
img_08067_2024,0.0,0.2381086,0
img_08068_2024,0.0,0.22413434,0
img_08055_p01_2024,0.0,0.016871903,0
img_08055_p02_2024,0.0,0.035830747,0
img_08070_2024,0.0,0.07100096,0
img_08069_2024,0.0,0.07711627,0
img_08072_2024,0.0,0.053058095,0
img_08037_p01_2024,0.0,0.07917065,0
img_08037_p02_2024,0.0,0.020496212,0
img_08071_2024,0.0,0.83388144,1
img_08039_p01_2024,0.0,0.38909978,0
img_08039_p02_2024,0.0,0.0019738167,0
img_08039_p03_2024,0.0,0.3028843,0
img_08039_p04_2024,0.0,0.008030099,0
img_08074_2024,0.0,0.23869814,0
img_08075_2024,0.0,0.16703416,0
img_08073_2024,0.0,0.007357808,0
img_08080_2024,0.0,0.674841,0
img_08076_2024,0.0,0.0008841214,0
img_08078_2024,0.0,0.02152956,0
img_08077_2024,0.0,0.48715204,0
img_08079_2024,0.0,0.0059349956,0
img_08082_2024,0.0,0.1393621,0
img_08084_2024,0.0,0.43904522,0
img_08081_2024,0.0,0.001259209,0
img_08083_2024,0.0,0.0032025091,0
img_08085_2024,0.0,0.85785055,1
img_08090_2024,0.0,0.112925984,0
img_08087_2024,0.0,0.049758025,0
img_08022_p01_2024,0.0,0.0051835524,0
img_08022_p02_2024,0.0,0.4916691,0
img_08022_p03_2024,0.0,0.18579084,0
img_08022_p04_2024,0.0,0.35840634,0
img_08022_p05_2024,0.0,0.15664165,0
img_08022_p06_2024,0.0,0.48258904,0
img_08093_2024,0.0,0.035597537,0
img_08089_2024,0.0,0.030490667,0
img_08086_2024,0.0,0.047194213,0
img_08088_2024,0.0,0.52556986,0
img_08092_2024,0.0,0.019695666,0
img_08091_2024,0.0,0.2503374,0
img_08095_2024,0.0,0.04945345,0
img_08096_2024,0.0,0.5292718,0
img_07873_p01_2024,0.0,0.10370255,0
img_07873_p02_2024,0.0,0.20390984,0
img_07873_p03_2024,0.0,0.14100796,0
img_07873_p04_2024,0.0,0.025841607,0
img_07873_p05_2024,0.0,0.13043869,0
img_07873_p06_2024,0.0,0.012249593,0
img_07873_p07_2024,0.0,0.0418969,0
img_07873_p08_2024,0.0,0.032303963,0
img_07873_p09_2024,0.0,0.025147162,0
img_07873_p10_2024,0.0,0.19547074,0
img_07873_p11_2024,0.0,0.02829597,0
img_07873_p12_2024,0.0,0.06167941,0
img_07873_p13_2024,0.0,0.013817282,0
img_07873_p14_2024,0.0,0.016071822,0
img_07873_p15_2024,0.0,0.15729763,0
img_07873_p16_2024,0.0,0.1462749,0
img_08098_2024,0.0,0.14673187,0
img_08043_p01_2024,0.0,0.09741827,0
img_08043_p02_2024,0.0,0.05756068,0
img_08043_p03_2024,0.0,0.016945181,0
img_08043_p04_2024,0.0,0.026407143,0
img_08094_2024,0.0,0.005657236,0
img_08097_2024,0.0,0.40966034,0
img_08099_2024,0.0,0.0012823219,0
img_08102_2024,0.0,0.04349509,0
img_08104_2024,0.0,0.47915825,0
img_08100_2024,0.0,0.020616341,0
img_08101_2024,0.0,0.432159,0
img_08103_2024,0.0,0.40625787,0
img_08106_2024,0.0,0.0035791427,0
img_08105_2024,0.0,0.24582385,0
img_08109_2024,0.0,0.8970145,1
img_08112_2024,0.0,0.5081103,0
img_08108_2024,0.0,0.3940633,0
img_08110_2024,0.0,0.0662457,0
img_08027_p01_2024,0.0,0.5494607,0
img_08027_p02_2024,0.0,0.109612845,0
img_08027_p03_2024,0.0,0.30869517,0
img_08027_p04_2024,0.0,0.021750713,0
img_08027_p05_2024,0.0,0.0875332,0
img_08027_p06_2024,0.0,0.0063166656,0
img_08111_2024,0.0,0.04531333,0
img_08113_2024,0.0,0.075668044,0
img_08107_2024,0.0,0.016743062,0
img_08118_2024,0.0,0.23580281,0
img_08115_2024,0.0,0.060909554,0
img_08117_2024,0.0,0.34604636,0
img_08119_2024,0.0,0.004474202,0
img_08120_2024,0.0,0.004022717,0
img_08116_2024,0.0,0.2745705,0
img_08121_2024,0.0,0.5352206,0
img_08124_2024,0.0,0.13009845,0
img_08045_p01_2024,0.0,0.07287904,0
img_08045_p02_2024,0.0,0.10535019,0
img_08045_p03_2024,0.0,0.036642592,0
img_08045_p04_2024,0.0,0.19527583,0
img_08045_p05_2024,0.0,0.019764949,0
img_08045_p06_2024,0.0,0.07639436,0
img_08122_2024,0.0,0.029917512,0
img_08126_2024,0.0,0.019512,0
img_08125_2024,0.0,0.09052622,0
img_08127_2024,0.0,0.45660812,0
img_08128_2024,0.0,0.50153756,0
img_08130_2024,0.0,0.40284187,0
img_08133_2024,0.0,0.06745569,0
img_08134_2024,0.0,0.10291077,0
img_08132_2024,0.0,0.19924131,0
img_08137_2024,0.0,0.41873723,0
img_08136_2024,0.0,0.007706655,0
img_08049_p01_2024,0.0,0.005964613,0
img_08049_p02_2024,0.0,0.009816939,0
img_08049_p03_2024,0.0,0.065934904,0
img_08049_p05_2024,0.0,0.030218158,0
img_08049_p06_2024,0.0,0.0045946836,0
img_08129_2024,0.0,0.078359805,0
img_08142_2024,0.0,0.6375155,0
img_08135_2024,0.0,0.04176723,0
img_08139_2024,0.0,0.1305153,0
img_08140_2024,0.0,0.086221986,0
img_08145_2024,0.0,0.05268011,0
img_08146_2024,0.0,0.0018063963,0
img_08141_2024,0.0,0.39181364,0
img_08138_2024,0.0,0.10816207,0
img_08148_2024,0.0,0.38024214,0
img_08143_2024,0.0,0.067290954,0
img_08147_2024,0.0,0.95724565,1
img_08154_2024,0.0,0.056062166,0
img_08152_2024,0.0,0.13245891,0
img_08144_2024,0.0,0.050868876,0
img_08153_2024,0.0,0.04044876,0
img_08151_2024,0.0,0.07390766,0
img_08156_2024,0.0,0.55950445,0
img_08150_2024,0.0,0.0189893,0
img_08159_2024,0.0,0.26405218,0
img_08155_2024,0.0,0.024610529,0
img_07878_p01_2024,0.0,0.0041186255,0
img_07878_p02_2024,0.0,0.008665215,0
img_07878_p03_2024,0.0,0.0034211574,0
img_07878_p04_2024,0.0,0.008573528,0
img_07878_p05_2024,0.0,0.0039982856,0
img_07878_p06_2024,0.0,0.00043431408,0
img_07878_p07_2024,0.0,0.0039869784,0
img_07878_p08_2024,0.0,0.0038127748,0
img_07878_p09_2024,0.0,0.040975712,0
img_07878_p10_2024,0.0,0.290764,0
img_07878_p11_2024,0.0,0.003016353,0
img_07878_p12_2024,0.0,0.0049481597,0
img_07878_p13_2024,0.0,0.012783357,0
img_07878_p14_2024,0.0,0.05594802,0
img_07878_p15_2024,0.0,0.07552193,0
img_07878_p16_2024,0.0,0.0077558267,0
img_07878_p17_2024,0.0,0.043828927,0
img_07878_p18_2024,0.0,0.018031616,0
img_07878_p19_2024,0.0,0.010353216,0
img_07878_p20_2024,0.0,0.16440322,0
img_08162_2024,0.0,0.011643958,0
img_08165_2024,0.0,0.31367618,0
img_08149_p01_2024,0.0,0.15486456,0
img_08149_p02_2024,0.0,0.017203625,0
img_08168_2024,0.0,0.10818603,0
img_08163_2024,0.0,0.0046347375,0
img_08161_2024,0.0,0.7796195,0
img_08164_2024,0.0,0.86606944,1
img_08167_2024,0.0,0.08574639,0
img_08169_2024,0.0,0.88757735,1
img_08114_p01_2024,0.0,0.087152876,0
img_08114_p02_2024,0.0,0.081695825,0
img_08114_p03_2024,0.0,0.16915359,0
img_08114_p04_2024,0.0,0.10943578,0
img_08171_2024,0.0,0.73140943,0
img_08170_2024,0.0,0.44288698,0
img_08174_2024,0.0,0.049567383,0
img_08173_2024,0.0,0.05471821,0
img_08178_2024,0.0,0.18288322,0
img_08176_2024,0.0,0.051331438,0
img_08166_2024,0.0,0.12283426,0
img_08179_2024,0.0,0.07350099,0
img_08180_2024,0.0,0.14526446,0
img_08182_2024,0.0,0.072243325,0
img_08172_2024,0.0,0.027533252,0
img_08184_2024,0.0,0.13208838,0
img_08157_p01_2024,0.0,0.052381482,0
img_08157_p02_2024,0.0,0.04136966,0
img_08183_2024,0.0,0.23862217,0
img_08186_2024,0.0,0.23537184,0
img_08185_2024,0.0,0.6335608,0
img_08193_2024,0.0,0.20667712,0
img_08189_2024,0.0,0.08927982,0
img_08191_2024,0.0,0.59513324,0
img_08195_2024,0.0,0.019802164,0
img_08187_2024,0.0,0.07971588,0
img_08194_2024,0.0,0.0055329553,0
img_08196_2024,0.0,0.0039227973,0
img_08192_2024,0.0,0.132979,0
img_08197_2024,0.0,0.39135143,0
img_08190_p01_2024,0.0,0.010321229,0
img_08190_p02_2024,0.0,0.047722932,0
img_08200_2024,0.0,0.13572949,0
img_08199_2024,0.0,0.028542373,0
img_08201_2024,0.0,0.049790896,0
img_08198_2024,0.0,0.003981676,0
img_08203_2024,0.0,0.022659672,0
img_08202_2024,0.0,0.38934985,0
img_08204_2024,0.0,0.024668625,0
img_08206_2024,0.0,0.5674121,0
img_08207_2024,0.0,0.19519264,0
img_08205_2024,0.0,0.0064999727,0
img_08160_p01_2024,0.0,0.03348539,0
img_08160_p02_2024,0.0,0.09523309,0
img_08160_p03_2024,0.0,0.2728339,0
img_08160_p04_2024,0.0,0.11136658,0
img_08175_p01_2024,0.0,0.24977718,0
img_08175_p02_2024,0.0,0.09373584,0
img_08175_p03_2024,0.0,0.16198468,0
img_08158_p01_2024,0.0,0.0028739404,0
img_08158_p02_2024,0.0,0.0032693788,0
img_08158_p03_2024,0.0,0.0027678302,0
img_08158_p04_2024,0.0,0.0011667096,0
img_08209_2024,0.0,0.13177256,0
img_08208_2024,0.0,0.07539548,0
img_08210_2024,0.0,0.32105756,0
img_08214_2024,0.0,0.3589557,0
img_08211_2024,0.0,0.4510892,0
img_08212_2024,0.0,0.021236626,0
img_08218_2024,0.0,0.11706053,0
img_08213_2024,0.0,0.021316504,0
img_08216_2024,0.0,0.71840346,0
img_08217_2024,0.0,0.46706674,0
img_08221_2024,0.0,0.015732732,0
img_08215_2024,0.0,0.023194298,0
img_08219_2024,0.0,0.17708145,0
img_08223_2024,0.0,0.0050388193,0
img_08226_2024,0.0,0.0023171557,0
img_08227_2024,0.0,0.9087945,1
img_08222_2024,0.0,0.02109179,0
img_08228_2024,0.0,0.08696977,0
img_08131_p01_2024,0.0,0.005220935,0
img_08131_p02_2024,0.0,0.017043656,0
img_08131_p03_2024,0.0,0.22763963,0
img_08131_p04_2024,0.0,0.11246926,0
img_08131_p05_2024,0.0,0.06153924,0
img_08131_p06_2024,0.0,0.05307299,0
img_08225_2024,0.0,0.0072028427,0
img_08224_2024,0.0,0.11472855,0
img_08231_2024,0.0,0.8163284,1
img_08229_2024,0.0,0.9066221,1
img_08220_2024,0.0,0.08701909,0
img_08233_2024,0.0,0.2650977,0
img_08234_2024,0.0,0.5893398,0
img_08237_2024,0.0,0.032991894,0
img_08239_2024,0.0,0.12771091,0
img_08241_2024,0.0,0.45248243,0
img_08235_2024,0.0,0.44922328,0
img_08236_2024,0.0,0.008594033,0
img_08238_2024,0.0,0.021827705,0
img_08242_2024,0.0,0.48462996,0
img_08240_2024,0.0,0.0033339825,0
img_08123_p01_2024,0.0,0.007957891,0
img_08123_p02_2024,0.0,0.00382197,0
img_08123_p03_2024,0.0,0.0050266176,0
img_08123_p04_2024,0.0,0.008762212,0
img_08123_p05_2024,0.0,0.02010908,0
img_08123_p06_2024,0.0,0.010969449,0
img_08123_p07_2024,0.0,0.016208787,0
img_08243_2024,0.0,0.034809757,0
img_08246_2024,0.0,0.041452296,0
img_08249_2024,0.0,0.010309284,0
img_08244_2024,0.0,0.53559035,0
img_08252_2024,0.0,0.21450306,0
img_08254_2024,0.0,0.26581797,0
img_08251_2024,0.0,0.13154557,0
img_08232_p01_2024,0.0,0.019951638,0
img_08232_p02_2024,0.0,0.04963103,0
img_08250_2024,0.0,0.019259961,0
img_08255_2024,0.0,0.19121085,0
img_08181_p01_2024,0.0,0.21451552,0
img_08181_p02_2024,0.0,0.03409225,0
img_08181_p03_2024,0.0,0.13303554,0
img_08181_p04_2024,0.0,0.27891788,0
img_08181_p05_2024,0.0,0.55859274,0
img_08253_2024,0.0,0.09296314,0
img_08258_2024,0.0,0.1537175,0
img_08248_2024,0.0,0.14974746,0
img_08259_2024,0.0,0.018360153,0
img_08260_2024,0.0,0.06304948,0
img_08263_2024,0.0,0.13556862,0
img_08230_p01_2024,0.0,0.19082125,0
img_08230_p02_2024,0.0,0.2200293,0
img_08262_2024,0.0,0.3567032,0
img_08261_2024,0.0,0.02862348,0
img_08264_2024,0.0,0.030493129,0
img_08265_2024,0.0,0.0074732243,0
img_08247_p01_2024,0.0,0.018886091,0
img_08247_p02_2024,0.0,0.046248037,0
img_08266_2024,0.0,0.09984417,0
img_08267_2024,0.0,0.3020692,0
img_08269_2024,0.0,0.23786008,0
img_08268_2024,0.0,0.22603554,0
img_08270_2024,0.0,0.08338199,0
img_08245_p01_2024,0.0,0.02896549,0
img_08245_p02_2024,0.0,0.0049485117,0
img_08273_2024,0.0,0.017432272,0
img_08271_2024,0.0,0.9495408,1
img_08275_2024,0.0,0.122832544,0
img_08274_2024,0.0,0.36847785,0
img_08272_2024,0.0,0.028215514,0
img_08276_2024,0.0,0.0026148267,0
img_08278_2024,0.0,0.021795943,0
img_08281_2024,0.0,0.59039885,0
img_08277_2024,0.0,0.01980233,0
img_08256_p01_2024,0.0,0.44065034,0
img_08256_p02_2024,0.0,0.12133145,0
img_08279_2024,0.0,0.6642886,0
img_08280_2024,0.0,0.08275943,0
img_08257_p01_2024,0.0,0.009148812,0
img_08257_p02_2024,0.0,0.0021962351,0
img_08285_2024,0.0,0.092966415,0
img_08286_2024,0.0,0.11294263,0
img_08290_2024,0.0,0.252825,0
img_08283_2024,0.0,0.0045546284,0
img_08284_2024,0.0,0.19900922,0
img_08288_2024,0.0,0.017072206,0
img_08289_2024,0.0,0.081934534,0
img_08292_2024,0.0,0.20048337,0
img_08293_2024,0.0,0.056568626,0
img_08295_2024,0.0,0.20486493,0
img_08297_2024,0.0,0.045068488,0
img_08296_2024,0.0,0.2950762,0
img_08298_2024,0.0,0.0731205,0
img_08291_2024,0.0,0.27666235,0
img_08294_2024,0.0,0.005372242,0
img_08301_2024,0.0,0.048000675,0
img_08302_2024,0.0,0.009206051,0
img_08299_2024,0.0,0.034087893,0
img_08282_p01_2024,0.0,0.0075566834,0
img_08282_p02_2024,0.0,0.01908784,0
img_08303_2024,0.0,0.08774236,0
img_08304_2024,0.0,0.1670983,0
img_08188_p01_2024,0.0,0.20499747,0
img_08188_p02_2024,0.0,0.05153612,0
img_08188_p03_2024,0.0,0.04526973,0
img_08188_p04_2024,0.0,0.21797037,0
img_08188_p05_2024,0.0,0.11564982,0
img_08188_p06_2024,0.0,0.018470177,0
img_08188_p07_2024,0.0,0.07758832,0
img_08188_p08_2024,0.0,0.22218768,0
img_08305_2024,0.0,0.110603765,0
img_08309_2024,0.0,0.20805131,0
img_08300_2024,0.0,0.070039764,0
img_08310_2024,0.0,0.014162643,0
img_08311_2024,0.0,0.03848364,0
img_08306_2024,0.0,0.27654386,0
img_08314_2024,0.0,0.08777603,0
img_08313_2024,0.0,0.0025926533,0
img_08316_2024,0.0,0.33588699,0
img_08307_2024,0.0,0.15423906,0
img_08317_2024,0.0,0.28729776,0
img_08318_2024,0.0,0.34890917,0
img_08322_2024,0.0,0.3780507,0
img_08324_2024,0.0,0.1665874,0
img_08325_2024,0.0,0.78132844,0
img_08323_2024,0.0,0.1778024,0
img_08321_2024,0.0,0.05753886,0
img_08329_2024,0.0,0.07935953,0
img_08330_2024,0.0,0.044468224,0
img_08331_2024,0.0,0.106785476,0
img_08328_2024,0.0,0.0032149816,0
img_08308_p01_2024,0.0,0.009065064,0
img_08308_p02_2024,0.0,0.025356937,0
img_08332_2024,0.0,0.1938636,0
img_08326_2024,0.0,0.062433925,0
img_08327_2024,0.0,0.012198763,0
img_08334_2024,0.0,0.25777847,0
img_08019_p01_2024,0.0,0.042181198,0
img_08019_p02_2024,0.0,0.0145371305,0
img_08019_p03_2024,0.0,0.0043713944,0
img_08019_p04_2024,0.0,0.0068714307,0
img_08019_p05_2024,0.0,0.018090338,0
img_08019_p06_2024,0.0,0.0025666824,0
img_08019_p07_2024,0.0,0.015877875,0
img_08019_p08_2024,0.0,0.0026277283,0
img_08019_p09_2024,0.0,0.0026886847,0
img_08019_p10_2024,0.0,0.04645675,0
img_08019_p11_2024,0.0,0.03176202,0
img_08019_p12_2024,0.0,0.04032651,0
img_08019_p13_2024,0.0,0.6341608,0
img_08019_p14_2024,0.0,0.98718864,1
img_08019_p15_2024,0.0,0.65868837,0
img_08019_p16_2024,0.0,0.4263251,0
img_08019_p17_2024,0.0,0.03285737,0
img_08336_2024,0.0,0.32181877,0
img_08342_2024,0.0,0.47886005,0
img_08337_2024,0.0,0.078165956,0
img_08320_p01_2024,0.0,0.017922027,0
img_08320_p02_2024,0.0,0.11052449,0
img_08341_2024,0.0,0.0030498945,0
img_08343_2024,0.0,0.048132632,0
img_08344_2024,0.0,0.92885107,1
img_08346_2024,0.0,0.09267419,0
img_08340_2024,0.0,0.16359118,0
img_08345_2024,0.0,0.096454725,0
img_08339_2024,0.0,0.09128168,0
img_08338_2024,0.0,0.050124813,0
img_08347_2024,0.0,0.05672848,0
img_08350_2024,0.0,0.00693582,0
img_08319_p01_2024,0.0,0.022228483,0
img_08319_p02_2024,0.0,0.009406305,0
img_08333_p01_2024,0.0,0.0008641128,0
img_08333_p02_2024,0.0,0.0036080193,0
img_08355_2024,0.0,0.05096277,0
img_08353_2024,0.0,0.03652838,0
img_08348_2024,0.0,0.15797274,0
img_08354_2024,0.0,0.007778619,0
img_08358_2024,0.0,0.28785518,0
img_08360_2024,0.0,0.1822269,0
img_08364_2024,0.0,0.011251523,0
img_08361_2024,0.0,0.7886066,0
img_08357_2024,0.0,0.05226805,0
img_08363_2024,0.0,0.07447434,0
img_08351_2024,0.0,0.9525408,1
img_08367_2024,0.0,0.11977352,0
img_08365_2024,0.0,0.017080123,0
img_08368_2024,0.0,0.105751336,0
img_08312_p01_2024,0.0,0.18274444,0
img_08312_p02_2024,0.0,0.04113274,0
img_08312_p03_2024,0.0,0.39311534,0
img_08312_p04_2024,0.0,0.15747039,0
img_08372_2024,0.0,0.029463487,0
img_08370_2024,0.0,0.2215311,0
img_08356_2024,0.0,0.0029480022,0
img_08371_2024,0.0,0.28381297,0
img_08373_2024,0.0,0.00718332,0
img_08362_2024,0.0,0.6707166,0
img_08376_2024,0.0,0.18990436,0
img_08369_2024,0.0,0.05300295,0
img_08375_2024,0.0,0.12523079,0
img_08379_2024,0.0,0.044162612,0
img_08377_2024,0.0,0.020405114,0
img_08374_2024,0.0,0.0059921932,0
img_08383_2024,0.0,0.8366353,1
img_08385_2024,0.0,0.38150445,0
img_08380_2024,0.0,0.022957597,0
img_08382_2024,0.0,0.04312841,0
img_08378_2024,0.0,0.0072460705,0
img_08359_p01_2024,0.0,0.014397789,0
img_08359_p02_2024,0.0,0.25745016,0
img_08352_2024,0.0,0.004169975,0
img_08381_2024,0.0,0.0016174021,0
img_08177_p01_2024,0.0,0.14810753,0
img_08177_p02_2024,0.0,0.07163685,0
img_08177_p03_2024,0.0,0.050584245,0
img_08177_p04_2024,0.0,0.070059136,0
img_08177_p05_2024,0.0,0.22823012,0
img_08177_p06_2024,0.0,0.074717574,0
img_08177_p07_2024,0.0,0.07757909,0
img_08177_p08_2024,0.0,0.37188116,0
img_08177_p09_2024,0.0,0.03546111,0
img_08177_p10_2024,0.0,0.115064636,0
img_08177_p11_2024,0.0,0.06634161,0
img_08177_p12_2024,0.0,0.115924805,0
img_08384_2024,0.0,0.45094714,0
img_08386_2024,0.0,0.13052888,0
img_08388_2024,0.0,0.04610315,0
img_08389_2024,0.0,0.058464084,0
img_08390_2024,0.0,0.51629686,0
img_08395_2024,0.0,0.21368276,0
img_08393_2024,0.0,0.18316898,0
img_08394_2024,0.0,0.03286048,0
img_08392_2024,0.0,0.02655661,0
img_08391_2024,0.0,0.006669108,0
img_08398_2024,0.0,0.025639556,0
img_08349_p01_2024,0.0,0.004645344,0
img_08349_p02_2024,0.0,0.009730833,0
img_08349_p03_2024,0.0,0.004237084,0
img_08349_p04_2024,0.0,0.015720509,0
img_08402_2024,0.0,0.12214728,0
img_08403_2024,0.0,0.22384526,0
img_08397_2024,0.0,0.0013736874,0
img_08400_2024,0.0,0.020229394,0
img_08387_2024,0.0,0.12379274,0
img_08407_2024,0.0,0.0062052608,0
img_08404_2024,0.0,0.29599318,0
img_08405_2024,0.0,0.06079907,0
img_08406_2024,0.0,0.57143587,0
img_08410_2024,0.0,0.035242558,0
img_08411_2024,0.0,0.043540906,0
img_08414_2024,0.0,0.1413667,0
img_08413_2024,0.0,0.07801999,0
img_08416_2024,0.0,0.3614446,0
img_08399_p01_2024,0.0,0.037648734,0
img_08399_p02_2024,0.0,0.016343325,0
img_08418_2024,0.0,0.14451347,0
img_08415_2024,0.0,0.024273375,0
img_08419_2024,0.0,0.0068433885,0
img_08396_p01_2024,0.0,0.5246611,0
img_08396_p02_2024,0.0,0.046614744,0
img_08421_2024,0.0,0.110164486,0
img_08417_2024,0.0,0.0248737,0
img_08423_2024,0.0,0.12130554,0
img_08426_2024,0.0,0.08575951,0
img_08428_2024,0.0,0.28114533,0
img_08422_2024,0.0,0.07651867,0
img_08420_2024,0.0,0.01847022,0
img_08425_2024,0.0,0.14541459,0
img_08424_2024,0.0,0.015551763,0
img_08429_2024,0.0,0.0018021275,0
img_08430_2024,0.0,0.29998922,0
img_08431_2024,0.0,0.1841828,0
img_08427_2024,0.0,0.2935359,0
img_08433_2024,0.0,0.18067995,0
img_08432_2024,0.0,0.91132015,1
img_08437_2024,0.0,0.48376969,0
img_08438_2024,0.0,0.0032206331,0
img_08435_2024,0.0,0.50297636,0
img_08335_p01_2024,0.0,0.042707708,0
img_08335_p02_2024,0.0,0.012607148,0
img_08335_p03_2024,0.0,0.063457616,0
img_08335_p04_2024,0.0,0.008912176,0
img_08335_p05_2024,0.0,0.031419694,0
img_08335_p06_2024,0.0,0.07197707,0
img_08441_2024,0.0,0.697304,0
img_08434_2024,0.0,0.105738826,0
img_08436_2024,0.0,0.08238436,0
img_08442_2024,0.0,0.51219,0
img_08443_2024,0.0,0.19780058,0
img_08439_2024,0.0,0.026106395,0
img_08408_p01_2024,0.0,0.0093908645,0
img_08408_p02_2024,0.0,0.0026689922,0
img_08445_2024,0.0,0.046181105,0
img_08440_2024,0.0,0.201962,0
img_08447_2024,0.0,0.20231849,0
img_08450_2024,0.0,0.18922137,0
img_08446_2024,0.0,0.039107963,0
img_08452_2024,0.0,0.122028016,0
img_08453_2024,0.0,0.5810088,0
img_08449_2024,0.0,0.078722075,0
img_08454_2024,0.0,0.48200497,0
img_08456_2024,0.0,0.30047232,0
img_08459_2024,0.0,0.02376323,0
img_08458_2024,0.0,0.36265394,0
img_08457_2024,0.0,0.41693512,0
img_08451_2024,0.0,0.03401734,0
img_08460_2024,0.0,0.27725065,0
img_08409_p01_2024,0.0,0.16368727,0
img_08409_p02_2024,0.0,0.09078859,0
img_08409_p03_2024,0.0,0.05495705,0
img_08409_p04_2024,0.0,0.012788334,0
img_08465_2024,0.0,0.3396038,0
img_08462_2024,0.0,0.2328419,0
img_08464_2024,0.0,0.06652734,0
img_08455_2024,0.0,0.008906172,0
img_08466_2024,0.0,0.0021590332,0
img_08461_2024,0.0,0.09833287,0
img_08470_2024,0.0,0.1354687,0
img_08467_2024,0.0,0.2793041,0
img_08444_p01_2024,0.0,0.4595289,0
img_08444_p02_2024,0.0,0.2875061,0
img_08468_2024,0.0,0.02448799,0
img_08471_2024,0.0,0.20512712,0
img_08463_2024,0.0,0.0036977404,0
img_08469_2024,0.0,0.13729489,0
img_08412_p01_2024,0.0,0.010540747,0
img_08412_p02_2024,0.0,0.0033224137,0
img_08412_p03_2024,0.0,0.013140971,0
img_08412_p04_2024,0.0,0.0014239644,0
img_08472_2024,0.0,0.019969407,0
img_08475_2024,0.0,0.921939,1
img_08478_2024,0.0,0.06259636,0
img_08476_2024,0.0,0.36664173,0
img_08474_2024,0.0,0.097571775,0
img_08477_2024,0.0,0.074746564,0
img_08473_2024,0.0,0.35428894,0
img_08448_p01_2024,0.0,0.046587937,0
img_08448_p02_2024,0.0,0.22238861,0
img_08479_2024,0.0,0.035849407,0
img_08480_2024,0.0,0.05294783,0
img_08482_2024,0.0,0.27661988,0
img_08483_2024,0.0,0.010300417,0
img_08481_2024,0.0,0.5179064,0
img_08487_2024,0.0,0.10998226,0
img_08485_2024,0.0,0.5258737,0
img_08489_2024,0.0,0.15751724,0
img_08287_p01_2024,0.0,0.008296623,0
img_08287_p02_2024,0.0,0.006848271,0
img_08287_p03_2024,0.0,0.015103906,0
img_08287_p04_2024,0.0,0.027717032,0
img_08287_p05_2024,0.0,0.027754823,0
img_08287_p06_2024,0.0,0.0026753678,0
img_08287_p07_2024,0.0,0.008126611,0
img_08287_p08_2024,0.0,0.121825226,0
img_08287_p09_2024,0.0,0.001111387,0
img_08287_p10_2024,0.0,0.014481038,0
img_08484_2024,0.0,0.11832509,0
img_08488_2024,0.0,0.15867221,0
img_08492_2024,0.0,0.028249007,0
img_08496_2024,0.0,0.24387859,0
img_08494_2024,0.0,0.0140747065,0
img_08497_2024,0.0,0.037722595,0
img_08490_2024,0.0,0.8800168,1
img_08493_2024,0.0,0.21779464,0
img_08498_2024,0.0,0.54265743,0
img_08499_2024,0.0,0.26152653,0
img_08495_2024,0.0,0.14427768,0
img_08491_2024,0.0,0.0012622812,0
img_08501_2024,0.0,0.8607358,1
img_08510_2024,0.0,0.024834769,0
img_08504_2024,0.0,0.0040793545,0
img_08508_2024,0.0,0.4821459,0
img_08511_2024,0.0,0.13751817,0
img_08507_2024,0.0,0.4368007,0
img_08505_2024,0.0,0.14319514,0
img_08512_2024,0.0,0.40735653,0
img_08509_2024,0.0,0.52596074,0
img_08506_2024,0.0,0.95097333,1
img_08514_2024,0.0,0.2093444,0
img_08516_2024,0.0,0.06594805,0
img_08500_2024,0.0,0.017252848,0
img_08503_2024,0.0,0.011009577,0
img_08515_2024,0.0,0.18339373,0
img_08517_2024,0.0,0.110594966,0
img_08486_p01_2024,0.0,0.011846901,0
img_08486_p02_2024,0.0,0.0033753817,0
img_08513_2024,0.0,0.049785685,0
img_08520_2024,0.0,0.3443958,0
img_08518_2024,0.0,0.22445719,0
img_08524_2024,0.0,0.57655275,0
img_08401_p01_2024,0.0,0.09898541,0
img_08401_p02_2024,0.0,0.088231236,0
img_08401_p03_2024,0.0,0.017395988,0
img_08401_p04_2024,0.0,0.02060878,0
img_08401_p05_2024,0.0,0.011675791,0
img_08401_p06_2024,0.0,0.018560132,0
img_08519_2024,0.0,0.029461728,0
img_08525_2024,0.0,0.37951404,0
img_08521_2024,0.0,0.20968106,0
img_08526_2024,0.0,0.1747533,0
img_08529_2024,0.0,0.056095876,0
img_08523_2024,0.0,0.09784242,0
img_08528_2024,0.0,0.10048608,0
img_08532_2024,0.0,0.29498965,0
img_08315_p01_2024,0.0,0.01395636,0
img_08315_p02_2024,0.0,0.08849587,0
img_08315_p03_2024,0.0,0.023013355,0
img_08315_p04_2024,0.0,0.0044756937,0
img_08315_p05_2024,0.0,0.0021598963,0
img_08315_p06_2024,0.0,0.051526148,0
img_08315_p07_2024,0.0,0.045495752,0
img_08315_p08_2024,0.0,0.032886688,0
img_08315_p09_2024,0.0,0.11648388,0
img_08315_p10_2024,0.0,0.27291775,0
img_08535_2024,0.0,0.16995768,0
img_08527_2024,0.0,0.03512889,0
img_08530_2024,0.0,0.23268539,0
img_08539_2024,0.0,0.029121144,0
img_08537_2024,0.0,0.15787116,0
img_08531_2024,0.0,0.30756178,0
img_08534_2024,0.0,0.7067573,0
img_08536_2024,0.0,0.05248577,0
img_08540_2024,0.0,0.32192764,0
img_08542_2024,0.0,0.30272174,0
img_08544_2024,0.0,0.11738184,0
img_08543_2024,0.0,0.10095138,0
img_08547_2024,0.0,0.09583827,0
img_08545_2024,0.0,0.030168407,0
img_08533_2024,0.0,0.9949759,1
img_08541_2024,0.0,0.097613595,0
img_08549_2024,0.0,0.43341452,0
img_08552_2024,0.0,0.0423998,0
img_08548_2024,0.0,0.03649571,0
img_08546_2024,0.0,0.31685427,0
img_08522_p01_2024,0.0,0.1398707,0
img_08522_p02_2024,0.0,0.17044055,0
img_08560_2024,0.0,0.025981553,0
img_08556_2024,0.0,0.3550245,0
img_08559_2024,0.0,0.2935458,0
img_08551_2024,0.0,0.010170531,0
img_08561_2024,0.0,0.425706,0
img_08554_2024,0.0,0.27373222,0
img_08557_2024,0.0,0.13492508,0
img_08564_2024,0.0,0.43519732,0
img_08555_2024,0.0,0.010751698,0
img_08562_2024,0.0,0.26018363,0
img_08550_2024,0.0,0.028387778,0
img_08565_2024,0.0,0.12017868,0
img_08567_2024,0.0,0.48702973,0
img_08566_2024,0.0,0.13716024,0
img_08538_p01_2024,0.0,0.15300532,0
img_08538_p02_2024,0.0,0.127656,0
img_08570_2024,0.0,0.25017598,0
img_08563_2024,0.0,0.21151985,0
img_08558_2024,0.0,0.110911936,0
img_08574_2024,0.0,0.17675841,0
img_08572_2024,0.0,0.06403225,0
img_08575_2024,0.0,0.072044685,0
img_08568_2024,0.0,0.5235918,0
img_08569_2024,0.0,0.33848917,0
img_08502_p01_2024,0.0,0.03318139,0
img_08502_p02_2024,0.0,0.020457964,0
img_08502_p03_2024,0.0,0.0398089,0
img_08502_p04_2024,0.0,0.022399943,0
img_08553_2024,0.0,0.010223795,0
img_08579_2024,0.0,0.3980946,0
img_08580_2024,0.0,0.23539416,0
img_08571_2024,0.0,0.19290179,0
img_08586_2024,0.0,0.0108993305,0
img_08587_2024,0.0,0.30702567,0
img_08573_2024,0.0,0.34578001,0
img_08577_2024,0.0,0.059808116,0
img_08576_2024,0.0,0.016569424,0
img_08578_2024,0.0,0.058861475,0
img_08590_2024,0.0,0.063597925,0
img_08588_2024,0.0,0.10392874,0
img_08582_2024,0.0,0.9529849,1
img_08583_2024,0.0,0.010297103,0
img_08589_2024,0.0,0.6523136,0
img_08585_2024,0.0,0.19912307,0
img_08584_2024,0.0,0.010502418,0
img_08593_2024,0.0,0.18033522,0
img_08591_2024,0.0,0.092327185,0
img_08594_2024,0.0,0.21169914,0
img_08596_2024,0.0,0.029578723,0
img_08595_2024,0.0,0.36035708,0
img_08600_2024,0.0,0.03613501,0
img_08598_2024,0.0,0.3382392,0
img_08599_2024,0.0,0.024714401,0
img_08601_2024,0.0,0.77979094,0
img_08602_2024,0.0,0.016304573,0
img_08597_2024,0.0,0.007528695,0
img_08608_2024,0.0,0.019968012,0
img_08605_2024,0.0,0.36230507,0
img_08607_2024,0.0,0.007867854,0
img_08592_2024,0.0,0.007994126,0
img_08611_2024,0.0,0.19134597,0
img_08610_2024,0.0,0.11212647,0
img_08606_2024,0.0,0.10366603,0
img_08609_2024,0.0,0.3345864,0
img_08613_2024,0.0,0.039048053,0
img_08614_2024,0.0,0.04371119,0
img_08616_2024,0.0,0.015466095,0
img_08612_2024,0.0,0.38876987,0
img_08619_2024,0.0,0.4591315,0
img_08617_2024,0.0,0.30268288,0
img_08621_2024,0.0,0.06271317,0
img_08618_2024,0.0,0.24701059,0
img_08620_2024,0.0,0.09261164,0
img_08615_2024,0.0,0.3873848,0
img_08622_2024,0.0,0.012968231,0
img_08623_2024,0.0,0.052236002,0
img_08624_2024,0.0,0.0004733586,0
img_08625_2024,0.0,0.01969931,0
img_08628_2024,0.0,0.72592115,0
img_08629_2024,0.0,0.21084309,0
img_08634_2024,0.0,0.026764946,0
img_08627_2024,0.0,0.008607374,0
img_08631_2024,0.0,0.0019981195,0
img_08638_2024,0.0,0.035420083,0
img_08630_2024,0.0,0.49577734,0
img_08641_2024,0.0,0.1918026,0
img_08642_2024,0.0,0.17715672,0
img_08632_2024,0.0,0.32933235,0
img_08637_2024,0.0,0.038973927,0
img_08636_2024,0.0,0.30746526,0
img_08643_2024,0.0,0.29289708,0
img_08635_2024,0.0,0.028460057,0
img_08640_2024,0.0,0.6298783,0
img_08644_2024,0.0,0.22502546,0
img_08645_2024,0.0,0.07892301,0
img_08646_2024,0.0,0.8450904,1
img_08650_2024,0.0,0.29618564,0
img_08649_2024,0.0,0.27343476,0
img_08648_2024,0.0,0.43730307,0
img_08656_2024,0.0,0.20377322,0
img_08651_2024,0.0,0.1952808,0
img_08653_2024,0.0,0.10709885,0
img_08654_2024,0.0,0.313347,0
img_08647_2024,0.0,0.30880773,0
img_08655_2024,0.0,0.2818683,0
img_08652_2024,0.0,0.32909983,0
img_08657_2024,0.0,0.0011968743,0
img_08603_p01_2024,0.0,0.030190306,0
img_08603_p02_2024,0.0,0.056141227,0
img_08660_2024,0.0,0.69223946,0
img_08633_p01_2024,0.0,0.030833527,0
img_08633_p02_2024,0.0,0.1058634,0
img_08665_2024,0.0,0.11900896,0
img_08663_2024,0.0,0.26895308,0
img_08669_2024,0.0,0.004919907,0
img_08666_2024,0.0,0.107664034,0
img_08670_2024,0.0,0.684815,0
img_08659_2024,0.0,0.45708516,0
img_08667_2024,0.0,0.02143651,0
img_08661_2024,0.0,0.0047982493,0
img_08671_2024,0.0,0.5862903,0
img_08658_2024,0.0,0.16160832,0
img_08639_p01_2024,0.0,0.010780367,0
img_08639_p02_2024,0.0,0.008940722,0
img_08604_p01_2024,0.0,0.005503438,0
img_08604_p02_2024,0.0,0.0812791,0
img_08604_p03_2024,0.0,0.013389901,0
img_08604_p04_2024,0.0,0.0015588698,0
img_08673_2024,0.0,0.13837004,0
img_08672_2024,0.0,0.23828962,0
img_08664_2024,0.0,0.103884295,0
img_08674_2024,0.0,0.41536546,0
img_08662_2024,0.0,0.104100466,0
img_08668_2024,0.0,0.014724863,0
img_08678_2024,0.0,0.01691496,0
img_08680_2024,0.0,0.05113668,0
img_08682_2024,0.0,0.9614261,1
img_08677_2024,0.0,0.17633082,0
img_08679_2024,0.0,0.017552247,0
img_08683_2024,0.0,0.02769824,0
img_08675_2024,0.0,0.118575774,0
img_08686_2024,0.0,0.078201935,0
img_08684_2024,0.0,0.3450838,0
img_08691_2024,0.0,0.110734254,0
img_08689_2024,0.0,0.045665,0
img_08692_2024,0.0,0.07357296,0
img_08687_2024,0.0,0.091967195,0
img_08688_2024,0.0,0.18556994,0
img_08690_2024,0.0,0.6956801,0
img_08695_2024,0.0,0.3934916,0
img_08696_2024,0.0,0.038268913,0
img_08698_2024,0.0,0.579507,0
img_08699_2024,0.0,0.3312885,0
img_08697_2024,0.0,0.38375717,0
img_08702_2024,0.0,0.42761984,0
img_08694_2024,0.0,0.009837917,0
img_08693_2024,0.0,0.25913286,0
img_08707_2024,0.0,0.6772385,0
img_08700_2024,0.0,0.028102301,0
img_08704_2024,0.0,0.015266059,0
img_08706_2024,0.0,0.54309124,0
img_08703_2024,0.0,0.33261102,0
img_08705_2024,0.0,0.83812493,1
img_08681_p01_2024,0.0,0.1551562,0
img_08681_p02_2024,0.0,0.31005478,0
img_08710_2024,0.0,0.13190505,0
img_08709_2024,0.0,0.03646389,0
img_08711_2024,0.0,0.83978254,1
img_08626_p01_2024,0.0,0.013903412,0
img_08626_p02_2024,0.0,0.0065711527,0
img_08626_p03_2024,0.0,0.0040014237,0
img_08626_p04_2024,0.0,0.004760793,0
img_08685_p01_2024,0.0,0.01437826,0
img_08685_p02_2024,0.0,0.018198384,0
img_08712_2024,0.0,0.050581455,0
img_08713_2024,0.0,0.16675355,0
img_08715_2024,0.0,0.4730456,0
img_08708_2024,0.0,0.24967094,0
img_08721_2024,0.0,0.36208797,0
img_08717_2024,0.0,0.42891937,0
img_08720_2024,0.0,0.9306631,1
img_08718_2024,0.0,0.12723929,0
img_08722_2024,0.0,0.5375389,0
img_08723_2024,0.0,0.01076977,0
img_08714_2024,0.0,0.47871077,0
img_08726_2024,0.0,0.019114839,0
img_08724_2024,0.0,0.041260075,0
img_08729_2024,0.0,0.24493729,0
img_08719_2024,0.0,0.19724326,0
img_08728_2024,0.0,0.7828204,0
img_08727_2024,0.0,0.120535925,0
img_08725_2024,0.0,0.021953087,0
img_08733_2024,0.0,0.505328,0
img_08734_2024,0.0,0.84457374,1
img_08731_2024,0.0,0.02425164,0
img_08732_2024,0.0,0.020993784,0
img_08736_2024,0.0,0.023127122,0
img_08738_2024,0.0,0.20879152,0
img_08581_p01_2024,0.0,0.019750977,0
img_08581_p02_2024,0.0,0.0078903455,0
img_08581_p03_2024,0.0,0.027799932,0
img_08581_p04_2024,0.0,0.09166743,0
img_08581_p05_2024,0.0,0.0627338,0
img_08581_p06_2024,0.0,0.03249121,0
img_08676_p01_2024,0.0,0.04100271,0
img_08676_p02_2024,0.0,0.011473306,0
img_08676_p03_2024,0.0,0.074944355,0
img_08676_p04_2024,0.0,0.045846757,0
img_08730_2024,0.0,0.05883611,0
img_08735_2024,0.0,0.059194934,0
img_08743_2024,0.0,0.15076248,0
img_08739_2024,0.0,0.86869633,1
img_08744_2024,0.0,0.33284557,0
img_08741_2024,0.0,0.12833448,0
img_08740_2024,0.0,0.22296761,0
img_08746_2024,0.0,0.29685885,0
img_08748_2024,0.0,0.17867361,0
img_08754_2024,0.0,0.0032197116,0
img_08747_2024,0.0,0.5710557,0
img_08750_2024,0.0,0.36271483,0
img_08752_2024,0.0,0.42772195,0
img_08753_2024,0.0,0.13818423,0
img_08755_2024,0.0,0.0031234971,0
img_08757_2024,0.0,0.8639569,1
img_08742_2024,0.0,0.9125038,1
img_08751_2024,0.0,0.4747101,0
img_08749_2024,0.0,0.8906909,1
img_08701_p01_2024,0.0,0.2713876,0
img_08701_p02_2024,0.0,0.2723587,0
img_08701_p03_2024,0.0,0.20026493,0
img_08701_p04_2024,0.0,0.15432468,0
img_08756_2024,0.0,0.011907979,0
img_08759_2024,0.0,0.00709496,0
img_08758_2024,0.0,0.33802885,0
img_08760_2024,0.0,0.27306557,0
img_08767_2024,0.0,0.1419547,0
img_08761_2024,0.0,0.42563927,0
img_08762_2024,0.0,0.036696907,0
img_08765_2024,0.0,0.3351139,0
img_08773_2024,0.0,0.18466821,0
img_08745_p01_2024,0.0,0.022761213,0
img_08745_p02_2024,0.0,0.017601058,0
img_08768_2024,0.0,0.760119,0
img_08769_2024,0.0,0.022981293,0
img_08766_2024,0.0,0.32337222,0
img_08771_2024,0.0,0.3973792,0
img_08737_p01_2024,0.0,0.38318977,0
img_08737_p02_2024,0.0,0.19370583,0
img_08763_2024,0.0,0.41504848,0
img_08778_2024,0.0,0.00632846,0
img_08776_2024,0.0,0.48839852,0
img_08772_2024,0.0,0.17061493,0
img_08779_2024,0.0,0.07620918,0
img_08777_2024,0.0,0.62651575,0
img_08770_2024,0.0,0.3779331,0
img_08774_2024,0.0,0.33868438,0
img_08775_2024,0.0,0.1282854,0
img_08781_2024,0.0,0.21726854,0
img_08764_2024,0.0,0.005761675,0
img_08785_2024,0.0,0.24646518,0
img_08782_2024,0.0,0.094055474,0
img_08784_2024,0.0,0.2737264,0
img_08783_2024,0.0,0.005329247,0
img_08780_2024,0.0,0.21139967,0
img_08786_2024,0.0,0.2764149,0
img_08790_2024,0.0,0.3298228,0
img_08791_2024,0.0,0.015336921,0
img_08787_2024,0.0,0.41995582,0
img_08794_2024,0.0,0.473494,0
img_08789_2024,0.0,0.091539405,0
img_08792_2024,0.0,0.18893798,0
img_08798_2024,0.0,0.3341771,0
img_08795_2024,0.0,0.086362466,0
img_08799_2024,0.0,0.077041544,0
img_08801_2024,0.0,0.114555225,0
img_08797_2024,0.0,0.42358902,0
img_08793_2024,0.0,0.506224,0
img_08803_2024,0.0,0.20889054,0
img_08796_2024,0.0,0.07904053,0
img_08805_2024,0.0,0.094886534,0
img_08804_2024,0.0,0.09473993,0
img_08800_2024,0.0,0.53132266,0
img_08716_p01_2024,0.0,0.13115765,0
img_08716_p02_2024,0.0,0.102738716,0
img_08716_p03_2024,0.0,0.051070236,0
img_08716_p04_2024,0.0,0.59239274,0
img_08806_2024,0.0,0.32114467,0
img_08802_2024,0.0,0.37237474,0
img_08810_2024,0.0,0.16349202,0
img_08812_2024,0.0,0.012101081,0
img_08808_2024,0.0,0.4947733,0
img_08809_2024,0.0,0.011235075,0
img_08818_2024,0.0,0.30256703,0
img_08814_2024,0.0,0.849634,1
img_08815_2024,0.0,0.03827475,0
img_08817_2024,0.0,0.17655118,0
img_08811_2024,0.0,0.23386483,0
img_08821_2024,0.0,0.28393838,0
img_08807_2024,0.0,0.31277362,0
img_08819_2024,0.0,0.06602049,0
img_08813_2024,0.0,0.04556042,0
img_08820_2024,0.0,0.082670145,0
img_08822_2024,0.0,0.28921494,0
img_08823_2024,0.0,0.1773354,0
img_08825_2024,0.0,0.14769486,0
img_08816_2024,0.0,0.6700406,0
img_08824_2024,0.0,0.4711396,0
img_08827_2024,0.0,0.5107916,0
img_08829_2024,0.0,0.36189726,0
img_08826_2024,0.0,0.32009092,0
img_08828_2024,0.0,0.010691398,0
img_08841_2024,0.0,0.557891,0
img_08835_2024,0.0,0.8352867,1
img_08833_2024,0.0,0.10225788,0
img_08839_2024,0.0,0.9787602,1
img_08837_2024,0.0,0.13587195,0
img_08845_2024,0.0,0.14460902,0
img_08846_2024,0.0,0.13470718,0
img_08842_2024,0.0,0.95347923,1
img_08840_2024,0.0,0.19431788,0
img_08831_2024,0.0,0.080161676,0
img_08847_2024,0.0,0.1894983,0
img_08836_2024,0.0,0.11070294,0
img_08832_2024,0.0,0.33556876,0
img_08843_2024,0.0,0.091662586,0
img_08844_2024,0.0,0.25273454,0
img_08834_2024,0.0,0.05267107,0
img_08848_2024,0.0,0.28813785,0
img_08852_2024,0.0,0.08151692,0
img_08853_2024,0.0,0.9887321,1
img_08850_2024,0.0,0.051413372,0
img_08849_2024,0.0,0.27115744,0
img_08851_2024,0.0,0.26495135,0
img_08857_2024,0.0,0.41207135,0
img_08854_2024,0.0,0.7275886,0
img_08860_2024,0.0,0.55256075,0
img_08859_2024,0.0,0.58173966,0
img_08856_2024,0.0,0.0013876171,0
img_08855_2024,0.0,0.008177136,0
img_08861_2024,0.0,0.41331416,0
img_08830_p01_2024,0.0,0.040964216,0
img_08830_p02_2024,0.0,0.23731127,0
img_08866_2024,0.0,0.71318066,0
img_08864_2024,0.0,0.024341263,0
img_08865_2024,0.0,0.57912505,0
img_08858_2024,0.0,0.47267902,0
img_08871_2024,0.0,0.4047518,0
img_08868_2024,0.0,0.7855337,0
img_08863_2024,0.0,0.043565556,0
img_08867_2024,0.0,0.981268,1
img_08872_2024,0.0,0.0060239555,0
img_08873_2024,0.0,0.29670614,0
img_08875_2024,0.0,0.023705864,0
img_08862_2024,0.0,0.8707671,1
img_08874_2024,0.0,0.569639,0
img_08876_2024,0.0,0.1627787,0
img_08869_2024,0.0,0.3567256,0
img_08879_2024,0.0,0.33101815,0
img_08880_2024,0.0,0.11012014,0
img_08788_p01_2024,0.0,0.002953124,0
img_08788_p02_2024,0.0,0.023959938,0
img_08788_p03_2024,0.0,0.1600384,0
img_08788_p04_2024,0.0,0.37867746,0
img_08878_2024,0.0,0.6377669,0
img_08877_2024,0.0,0.02171639,0
img_08885_2024,0.0,0.11555759,0
img_08882_2024,0.0,0.0021690538,0
img_08883_2024,0.0,0.1540417,0
img_08894_2024,0.0,0.084668994,0
img_08886_2024,0.0,0.27104813,0
img_08881_2024,0.0,0.057010166,0
img_08893_2024,0.0,0.08217374,0
img_08884_2024,0.0,0.010939922,0
img_08888_2024,0.0,0.45725903,0
img_08895_2024,0.0,0.72701645,0
img_08889_2024,0.0,0.5112497,0
img_08887_2024,0.0,0.033744656,0
img_08890_2024,0.0,0.05179173,0
img_08891_2024,0.0,0.00938131,0
img_08897_2024,0.0,0.08977707,0
img_08896_2024,0.0,0.07637948,0
img_08892_2024,0.0,0.13069479,0
img_08900_2024,0.0,0.36846608,0
img_08898_2024,0.0,0.042196654,0
img_08901_2024,0.0,0.46483564,0
img_08899_2024,0.0,0.1673926,0
img_08902_2024,0.0,0.4436644,0
img_08903_2024,0.0,0.041990858,0
img_08905_2024,0.0,0.14908448,0
img_08904_2024,0.0,0.013043023,0
img_08909_2024,0.0,0.29038075,0
img_08914_2024,0.0,0.25933176,0
img_08910_2024,0.0,0.0068649286,0
img_08838_p01_2024,0.0,0.013422842,0
img_08838_p02_2024,0.0,0.062363893,0
img_08838_p03_2024,0.0,0.0024929256,0
img_08838_p04_2024,0.0,0.17030318,0
img_08908_2024,0.0,0.44459218,0
img_08906_2024,0.0,0.43643114,0
img_08918_2024,0.0,0.050944243,0
img_08915_2024,0.0,0.21188653,0
img_08913_2024,0.0,0.6261563,0
img_08912_2024,0.0,0.078665964,0
img_08907_2024,0.0,0.019548,0
img_08916_2024,0.0,0.1547989,0
img_08911_2024,0.0,0.10384636,0
img_08921_2024,0.0,0.26693544,0
img_08926_2024,0.0,0.002839751,0
img_08924_2024,0.0,0.15183817,0
img_08927_2024,0.0,0.06768249,0
img_08928_2024,0.0,0.03770372,0
img_08930_2024,0.0,0.3022968,0
img_08929_2024,0.0,0.94274634,1
img_08923_2024,0.0,0.22191848,0
img_08925_2024,0.0,0.99733704,1
img_08870_p01_2024,0.0,0.36266756,0
img_08870_p02_2024,0.0,0.019067788,0
img_08870_p03_2024,0.0,0.08270496,0
img_08922_2024,0.0,0.055167414,0
img_08934_2024,0.0,0.440359,0
img_08920_2024,0.0,0.0047927103,0
img_08941_2024,0.0,0.5602229,0
img_08939_2024,0.0,0.13348734,0
img_08933_2024,0.0,0.12999345,0
img_08938_2024,0.0,0.41901726,0
img_08940_2024,0.0,0.6796433,0
img_08937_2024,0.0,0.6077436,0
img_08936_2024,0.0,0.078052595,0
img_08943_2024,0.0,0.037912745,0
img_08945_2024,0.0,0.42365667,0
img_08935_2024,0.0,0.080881566,0
img_08942_2024,0.0,0.13159983,0
img_08946_2024,0.0,0.45374182,0
img_08931_2024,0.0,0.02097512,0
img_08944_2024,0.0,0.43106395,0
img_08947_2024,0.0,0.057039496,0
img_08948_2024,0.0,0.7046516,0
img_08919_p01_2024,0.0,0.5269471,0
img_08919_p02_2024,0.0,0.042788815,0
img_08949_2024,0.0,0.04817876,0
img_08950_2024,0.0,0.22924294,0
img_08917_p01_2024,0.0,0.13952123,0
img_08917_p02_2024,0.0,0.098523036,0
img_08954_2024,0.0,0.9838758,1
img_08951_2024,0.0,0.1488451,0
img_08953_2024,0.0,0.73283935,0
img_08952_2024,0.0,0.0022816425,0
img_08956_2024,0.0,0.24150231,0
img_08959_2024,0.0,0.081844494,0
img_08958_2024,0.0,0.039380763,0
img_08957_2024,0.0,0.03580574,0
img_08961_2024,0.0,0.16790205,0
img_08960_2024,0.0,0.5411936,0
img_08965_2024,0.0,0.013325016,0
img_08964_2024,0.0,0.13019262,0
img_08955_2024,0.0,0.31441996,0
img_08963_2024,0.0,0.15638353,0
img_08968_2024,0.0,0.03624525,0
img_08967_2024,0.0,0.67567176,0
img_08962_2024,0.0,0.15422156,0
img_08969_2024,0.0,0.32913342,0
img_08966_2024,0.0,0.14332071,0
img_08971_2024,0.0,0.36857936,0
img_08972_2024,0.0,0.95270854,1
img_08977_2024,0.0,0.06159638,0
img_08970_2024,0.0,0.792437,0
img_08932_p01_2024,0.0,0.013339456,0
img_08932_p02_2024,0.0,0.007018073,0
img_08978_2024,0.0,0.47266164,0
img_08979_2024,0.0,0.043208353,0
img_08976_2024,0.0,0.088128425,0
img_08981_2024,0.0,0.11170708,0
img_08980_2024,0.0,0.06454414,0
img_08975_2024,0.0,0.103790335,0
img_08985_2024,0.0,0.036164567,0
img_08983_2024,0.0,0.049376544,0
img_08973_2024,0.0,0.062180102,0
img_08982_2024,0.0,0.0089174,0
img_08991_2024,0.0,0.1351124,0
img_08989_2024,0.0,0.20867072,0
img_08990_2024,0.0,0.14126189,0
img_08987_2024,0.0,0.14388365,0
img_08997_2024,0.0,0.03856613,0
img_08998_2024,0.0,0.20161837,0
img_08993_2024,0.0,0.091740824,0
img_08999_2024,0.0,0.77415794,0
img_09002_2024,0.0,0.3098976,0
img_08996_2024,0.0,0.108819015,0
img_09001_2024,0.0,0.3280899,0
img_08994_2024,0.0,0.10310456,0
img_09000_2024,0.0,0.41003603,0
img_08984_p01_2024,0.0,0.9837781,1
img_08984_p02_2024,0.0,0.9926152,1
img_09006_2024,0.0,0.17219652,0
img_09008_2024,0.0,0.041478362,0
img_09004_2024,0.0,0.064723894,0
img_08974_p01_2024,0.0,0.030174814,0
img_08974_p02_2024,0.0,0.17180814,0
img_08974_p03_2024,0.0,0.30652574,0
img_09009_2024,0.0,0.13181932,0
img_09012_2024,0.0,0.6115291,0
img_09013_2024,0.0,0.01678106,0
img_09011_2024,0.0,0.005378154,0
img_09010_2024,0.0,0.3471522,0
img_09014_2024,0.0,0.18671325,0
img_09016_2024,0.0,0.30832624,0
img_08988_p01_2024,0.0,0.004051112,0
img_08988_p02_2024,0.0,0.018817766,0
img_09017_2024,0.0,0.07457423,0
img_09015_2024,0.0,0.05890707,0
img_08995_p01_2024,0.0,0.050137088,0
img_08995_p02_2024,0.0,0.28724456,0
img_09007_2024,0.0,0.02855067,0
img_09021_2024,0.0,0.40985808,0
img_09020_2024,0.0,0.30650452,0
img_09024_2024,0.0,0.3864002,0
img_09023_2024,0.0,0.028894125,0
img_09022_2024,0.0,0.6134342,0
img_09019_2024,0.0,0.2635807,0
img_09026_2024,0.0,0.48577908,0
img_09025_2024,0.0,0.54772145,0
img_09003_p01_2024,0.0,0.0023745515,0
img_09003_p02_2024,0.0,0.03179875,0
img_09028_2024,0.0,0.22793923,0
img_09029_2024,0.0,0.2936913,0
img_09034_2024,0.0,0.69301075,0
img_09037_2024,0.0,0.011777837,0
img_09032_2024,0.0,0.36901364,0
img_09035_2024,0.0,0.4197017,0
img_09031_2024,0.0,0.26370656,0
img_09033_2024,0.0,0.3649305,0
img_09040_2024,0.0,0.15058741,0
img_09030_2024,0.0,0.06851322,0
img_09041_2024,0.0,0.3529914,0
img_09038_2024,0.0,0.30391836,0
img_09043_2024,0.0,0.90806174,1
img_09036_2024,0.0,0.20792742,0
img_09045_2024,0.0,0.07268137,0
img_09042_2024,0.0,0.41681978,0
img_09039_2024,0.0,0.6044413,0
img_09046_2024,0.0,0.22950526,0
img_09047_2024,0.0,0.48514926,0
img_09049_2024,0.0,0.39279056,0
img_09044_2024,0.0,0.011911637,0
img_09053_2024,0.0,0.19561586,0
img_09048_2024,0.0,0.3238399,0
img_09054_2024,0.0,0.5723622,0
img_09050_2024,0.0,0.19879717,0
img_09051_2024,0.0,0.12636049,0
img_08992_p01_2024,0.0,0.071519606,0
img_08992_p02_2024,0.0,0.063812144,0
img_08992_p03_2024,0.0,0.0427382,0
img_08992_p04_2024,0.0,0.025798792,0
img_09057_2024,0.0,0.2910369,0
img_09055_2024,0.0,0.20385376,0
img_09052_2024,0.0,0.016409835,0
img_09018_p01_2024,0.0,0.22751492,0
img_09018_p02_2024,0.0,0.17382829,0
img_09018_p03_2024,0.0,0.30705637,0
img_09058_2024,0.0,0.1888421,0
img_09062_2024,0.0,0.2241652,0
img_09063_2024,0.0,0.8743845,1
img_09064_2024,0.0,0.21289887,0
img_09056_2024,0.0,0.1571255,0
img_09065_2024,0.0,0.011390035,0
img_09069_2024,0.0,0.25772405,0
img_09066_2024,0.0,0.14196339,0
img_09061_2024,0.0,0.93922895,1
img_09074_2024,0.0,0.021010442,0
img_09068_2024,0.0,0.17500949,0
img_09067_2024,0.0,0.10456004,0
img_09070_2024,0.0,0.8898473,1
img_09075_2024,0.0,0.054722413,0
img_09072_2024,0.0,0.005865967,0
img_09076_2024,0.0,0.5425619,0
img_09071_2024,0.0,0.98320985,1
img_09079_2024,0.0,0.975388,1
img_09081_2024,0.0,0.80137455,1
img_09080_2024,0.0,0.3982207,0
img_09082_2024,0.0,0.055962842,0
img_09086_2024,0.0,0.07510338,0
img_09084_2024,0.0,0.11152798,0
img_09087_2024,0.0,0.43093064,0
img_09088_2024,0.0,0.18515682,0
img_09094_2024,0.0,0.1096583,0
img_09027_p01_2024,0.0,0.066906065,0
img_09027_p02_2024,0.0,0.005407967,0
img_09027_p03_2024,0.0,0.004298502,0
img_09027_p04_2024,0.0,0.02546184,0
img_09092_2024,0.0,0.24741986,0
img_09089_2024,0.0,0.15856028,0
img_09095_2024,0.0,0.5531318,0
img_09098_2024,0.0,0.19245656,0
img_09090_2024,0.0,0.1180021,0
img_09005_p01_2024,0.0,0.019079378,0
img_09005_p02_2024,0.0,0.07157635,0
img_09005_p03_2024,0.0,0.18401076,0
img_09005_p04_2024,0.0,0.028800368,0
img_09005_p05_2024,0.0,0.06070094,0
img_09005_p06_2024,0.0,0.077348836,0
img_09097_2024,0.0,0.11500761,0
img_09101_2024,0.0,0.29819986,0
img_09102_2024,0.0,0.020790784,0
img_09099_2024,0.0,0.95592934,1
img_09106_2024,0.0,0.112957925,0
img_09105_2024,0.0,0.40261015,0
img_09104_2024,0.0,0.01977851,0
img_09103_2024,0.0,0.02898336,0
img_09100_2024,0.0,0.93079,1
img_09111_2024,0.0,0.08855919,0
img_09091_2024,0.0,0.48722672,0
img_09109_2024,0.0,0.5027753,0
img_09085_2024,0.0,0.24976324,0
img_09108_2024,0.0,0.44702652,0
img_09059_p01_2024,0.0,0.70053184,0
img_09059_p02_2024,0.0,0.76723856,0
img_09113_2024,0.0,0.34899008,0
img_09073_p01_2024,0.0,0.26491615,0
img_09073_p02_2024,0.0,0.14523524,0
img_09073_p03_2024,0.0,0.20340659,0
img_09073_p04_2024,0.0,0.27002507,0
img_09114_2024,0.0,0.14214526,0
img_09083_p01_2024,0.0,0.0059936307,0
img_09083_p02_2024,0.0,0.026141902,0
img_09118_2024,0.0,0.0807239,0
img_09110_2024,0.0,0.033852246,0
img_09112_2024,0.0,0.16586255,0
img_09107_2024,0.0,0.035590433,0
img_09120_2024,0.0,0.31897107,0
img_09115_2024,0.0,0.020269258,0
img_09119_2024,0.0,0.5411801,0
img_09116_2024,0.0,0.25413752,0
img_09121_2024,0.0,0.07479193,0
img_08986_p01_2024,0.0,0.04747736,0
img_08986_p02_2024,0.0,0.0046656146,0
img_08986_p03_2024,0.0,0.0057148035,0
img_08986_p04_2024,0.0,0.72057754,0
img_08986_p05_2024,0.0,0.0027694928,0
img_08986_p06_2024,0.0,0.030335456,0
img_09077_2024,0.0,0.323358,0
img_09122_2024,0.0,0.45651954,0
img_09096_2024,0.0,0.10272908,0
img_09117_2024,0.0,0.049006645,0
img_09125_2024,0.0,0.6138204,0
img_09124_2024,0.0,0.14283374,0
img_09123_2024,0.0,0.006839737,0
img_09126_2024,0.0,0.25329858,0
img_09132_2024,0.0,0.27551764,0
img_09130_2024,0.0,0.46795195,0
img_09129_2024,0.0,0.19920453,0
img_09131_2024,0.0,0.8377541,1
img_09128_2024,0.0,0.0048660296,0
img_09135_2024,0.0,0.015095468,0
img_09133_2024,0.0,0.152542,0
img_09138_2024,0.0,0.0074743032,0
img_09137_2024,0.0,0.5381617,0
img_09127_2024,0.0,0.086439855,0
img_09142_2024,0.0,0.30229077,0
img_09141_2024,0.0,0.0017513519,0
img_09140_2024,0.0,0.13587803,0
img_09139_2024,0.0,0.25300056,0
img_09144_2024,0.0,0.9894119,1
img_09143_2024,0.0,0.3820898,0
img_09146_2024,0.0,0.41623068,0
img_09134_2024,0.0,0.33936998,0
img_09145_2024,0.0,0.036597215,0
img_09147_2024,0.0,0.10417963,0
img_09148_2024,0.0,0.02585201,0
img_09150_2024,0.0,0.611014,0
img_09149_2024,0.0,0.12931259,0
img_09154_2024,0.0,0.6710249,0
img_09153_2024,0.0,0.05021102,0
img_09152_2024,0.0,0.18555632,0
img_09156_2024,0.0,0.395352,0
img_09157_2024,0.0,0.012082421,0
img_09159_2024,0.0,0.05627032,0
img_09158_2024,0.0,0.09269809,0
img_09163_2024,0.0,0.0053492677,0
img_09078_p01_2024,0.0,0.009808303,0
img_09078_p02_2024,0.0,0.011318331,0
img_09078_p03_2024,0.0,0.024601959,0
img_09078_p04_2024,0.0,0.040459763,0
img_09078_p05_2024,0.0,0.057264425,0
img_09078_p06_2024,0.0,0.2438995,0
img_09165_2024,0.0,0.4764839,0
img_09164_2024,0.0,0.19361712,0
img_09161_2024,0.0,0.5419989,0
img_09162_2024,0.0,0.35479763,0
img_09160_2024,0.0,0.9578438,1
img_09166_2024,0.0,0.07262622,0
img_09093_p01_2024,0.0,0.194024,0
img_09093_p02_2024,0.0,0.006495343,0
img_09093_p03_2024,0.0,0.0059843026,0
img_09169_2024,0.0,0.34198937,0
img_09168_2024,0.0,0.7610987,0
img_09172_2024,0.0,0.7510952,0
img_09171_2024,0.0,0.53707415,0
img_09167_2024,0.0,0.050074153,0
img_09173_2024,0.0,0.8082998,1
img_09060_p01_2024,0.0,0.06379815,0
img_09060_p02_2024,0.0,0.0849985,0
img_09060_p03_2024,0.0,0.001448369,0
img_09060_p04_2024,0.0,0.0022400464,0
img_09060_p05_2024,0.0,0.083319165,0
img_09060_p06_2024,0.0,0.0076810336,0
img_09060_p07_2024,0.0,0.0012561872,0
img_09060_p08_2024,0.0,0.018877337,0
img_09170_2024,0.0,0.12383329,0
img_09176_2024,0.0,0.16296795,0
img_09177_2024,0.0,0.06792693,0
img_09178_2024,0.0,0.12823837,0
img_09174_2024,0.0,0.5618738,0
img_09179_2024,0.0,0.1522718,0
img_09183_2024,0.0,0.4227682,0
img_09175_2024,0.0,0.6196334,0
img_09181_2024,0.0,0.33605576,0
img_09182_2024,0.0,0.02780346,0
img_09184_2024,0.0,0.009686245,0
img_09187_2024,0.0,0.20782137,0
img_09188_2024,0.0,0.54646707,0
img_09190_2024,0.0,0.8392249,1
img_09189_2024,0.0,0.007396773,0
img_09194_2024,0.0,0.040854886,0
img_09155_p01_2024,0.0,0.08419744,0
img_09155_p02_2024,0.0,0.035051733,0
img_09185_2024,0.0,0.18910211,0
img_09186_2024,0.0,0.25406322,0
img_09192_2024,0.0,0.075831175,0
img_09191_2024,0.0,0.027850334,0
img_09195_2024,0.0,0.046485227,0
img_09198_2024,0.0,0.93106097,1
img_09197_2024,0.0,0.26300782,0
img_09136_p01_2024,0.0,0.5431684,0
img_09136_p02_2024,0.0,0.40424198,0
img_09136_p03_2024,0.0,0.8689149,1
img_09136_p04_2024,0.0,0.5910707,0
img_09199_2024,0.0,0.8536517,1
img_09196_2024,0.0,0.006845583,0
img_09200_2024,0.0,0.046375044,0
img_09201_2024,0.0,0.03126133,0
img_09203_2024,0.0,0.27625957,0
img_09202_2024,0.0,0.043564703,0
img_09204_2024,0.0,0.32917067,0
img_09207_2024,0.0,0.1133879,0
img_09210_2024,0.0,0.46355227,0
img_09208_2024,0.0,0.3960775,0
img_09180_p01_2024,0.0,0.49156594,0
img_09180_p02_2024,0.0,0.308244,0
img_09209_2024,0.0,0.2404495,0
img_09212_2024,0.0,0.26033452,0
img_09206_2024,0.0,0.0043909186,0
img_09211_2024,0.0,0.46469,0
img_09214_2024,0.0,0.57144386,0
img_09217_2024,0.0,0.1370819,0
img_09216_2024,0.0,0.93947226,1
img_09221_2024,0.0,0.10571416,0
img_09215_2024,0.0,0.08087124,0
img_09222_2024,0.0,0.47924826,0
img_09220_2024,0.0,0.07513227,0
img_09213_2024,0.0,0.37444147,0
img_09219_2024,0.0,0.02693036,0
img_09151_p01_2024,0.0,0.034509335,0
img_09151_p02_2024,0.0,0.01991936,0
img_09151_p03_2024,0.0,0.015008135,0
img_09151_p04_2024,0.0,0.03981881,0
img_09225_2024,0.0,0.39876586,0
img_09218_2024,0.0,0.032936376,0
img_09223_2024,0.0,0.088694565,0
img_09227_2024,0.0,0.2665782,0
img_09226_2024,0.0,0.036833815,0
img_09228_2024,0.0,0.20319374,0
img_09230_2024,0.0,0.22915772,0
img_09232_2024,0.0,0.49468413,0
img_09231_2024,0.0,0.9536303,1
img_09234_2024,0.0,0.98865473,1
img_09233_2024,0.0,0.3927271,0
img_09241_2024,0.0,0.44509554,0
img_09238_2024,0.0,0.4804538,0
img_09239_2024,0.0,0.10940323,0
img_09229_2024,0.0,0.15417843,0
img_09235_2024,0.0,0.56341034,0
img_09237_2024,0.0,0.206062,0
img_09243_2024,0.0,0.6211898,0
img_09236_2024,0.0,0.8855706,1
img_09245_2024,0.0,0.42254958,0
img_09246_2024,0.0,0.3575774,0
img_09247_2024,0.0,0.70723295,0
img_09244_2024,0.0,0.13771032,0
img_09250_2024,0.0,0.55137753,0
img_09249_2024,0.0,0.18230876,0
img_09251_2024,0.0,0.13911344,0
img_09248_2024,0.0,0.25060233,0
img_09254_2024,0.0,0.25908998,0
img_09257_2024,0.0,0.5651406,0
img_09255_2024,0.0,0.7522033,0
img_09259_2024,0.0,0.62245905,0
img_09224_p01_2024,0.0,0.10189579,0
img_09224_p02_2024,0.0,0.10134082,0
img_09253_2024,0.0,0.18258382,0
img_09256_2024,0.0,0.20870906,0
img_09260_2024,0.0,0.03458972,0
img_09252_2024,0.0,0.0904828,0
img_09261_2024,0.0,0.22002149,0
img_09262_2024,0.0,0.23112841,0
img_09263_2024,0.0,0.046829313,0
img_09266_2024,0.0,0.020038072,0
img_09265_2024,0.0,0.0435907,0
img_09242_p01_2024,0.0,0.10390142,0
img_09242_p02_2024,0.0,0.053774137,0
img_09272_2024,0.0,0.33435798,0
img_09275_2024,0.0,0.09337996,0
img_09274_2024,0.0,0.30210865,0
img_09267_2024,0.0,0.030762667,0
img_09269_2024,0.0,0.071584545,0
img_09271_2024,0.0,0.35710737,0
img_09276_2024,0.0,0.010557022,0
img_09273_2024,0.0,0.013275936,0
img_09268_2024,0.0,0.25636792,0
img_09277_2024,0.0,0.22929037,0
img_09278_2024,0.0,0.2863738,0
img_09279_2024,0.0,0.14796041,0
img_09240_p01_2024,0.0,0.21648942,0
img_09240_p02_2024,0.0,0.16247702,0
img_09280_2024,0.0,0.12950195,0
img_09284_2024,0.0,0.3836869,0
img_09288_2024,0.0,0.08210066,0
img_09285_2024,0.0,0.4158314,0
img_09287_2024,0.0,0.7053385,0
img_09286_2024,0.0,0.91543025,1
img_09258_p01_2024,0.0,0.017221918,0
img_09258_p02_2024,0.0,0.11830074,0
img_09289_2024,0.0,0.19951163,0
img_09281_2024,0.0,0.0050140913,0
img_09270_2024,0.0,0.012335984,0
img_09282_2024,0.0,0.04372875,0
img_09290_2024,0.0,0.04023889,0
img_09292_2024,0.0,0.4898725,0
img_09291_2024,0.0,0.03458795,0
img_09293_2024,0.0,0.9148099,1
img_09283_2024,0.0,0.27934283,0
img_09294_2024,0.0,0.033183556,0
img_09295_2024,0.0,0.07033001,0
img_09298_2024,0.0,0.6146112,0
img_09297_2024,0.0,0.68395877,0
img_09302_2024,0.0,0.18381482,0
img_09296_2024,0.0,0.22677547,0
img_09303_2024,0.0,0.4105836,0
img_09299_2024,0.0,0.031780872,0
img_09304_2024,0.0,0.4499183,0
img_09309_2024,0.0,0.49150026,0
img_09305_2024,0.0,0.059745897,0
img_09307_2024,0.0,0.078103855,0
img_09306_2024,0.0,0.11920641,0
img_09310_2024,0.0,0.36326844,0
img_09308_2024,0.0,0.36679733,0
img_09311_2024,0.0,0.030661723,0
img_09300_2024,0.0,0.3313169,0
img_09313_2024,0.0,0.20840232,0
img_09317_2024,0.0,0.082307704,0
img_09314_2024,0.0,0.09123544,0
img_09301_2024,0.0,0.003529335,0
img_09320_2024,0.0,0.61647993,0
img_09315_2024,0.0,0.19990058,0
img_09316_2024,0.0,0.13002338,0
img_09323_2024,0.0,0.3549101,0
img_09264_p01_2024,0.0,0.03164066,0
img_09264_p02_2024,0.0,0.07517804,0
img_09264_p03_2024,0.0,0.052126244,0
img_09264_p04_2024,0.0,0.014641687,0
img_09322_2024,0.0,0.23674275,0
img_09312_2024,0.0,0.19017886,0
img_09328_2024,0.0,0.45050082,0
img_09319_2024,0.0,0.008368938,0
img_09318_2024,0.0,0.07859855,0
img_09333_2024,0.0,0.12917626,0
img_09330_2024,0.0,0.5021568,0
img_09321_2024,0.0,0.1960191,0
img_09332_2024,0.0,0.25436586,0
img_09331_2024,0.0,0.03620828,0
img_09329_2024,0.0,0.26890346,0
img_09338_2024,0.0,0.2672613,0
img_09326_2024,0.0,0.20425175,0
img_09337_2024,0.0,0.46986148,0
img_09335_2024,0.0,0.9319014,1
img_09340_2024,0.0,0.16633655,0
img_09341_2024,0.0,0.3421201,0
img_09345_2024,0.0,0.09234075,0
img_09336_2024,0.0,0.12398206,0
img_09342_2024,0.0,0.0018113857,0
img_09346_2024,0.0,0.3338545,0
img_09339_2024,0.0,0.69299895,0
img_09205_p01_2024,0.0,0.095258385,0
img_09205_p02_2024,0.0,0.03958837,0
img_09205_p03_2024,0.0,0.0056592803,0
img_09205_p04_2024,0.0,0.0072138133,0
img_09205_p05_2024,0.0,0.07589024,0
img_09205_p06_2024,0.0,0.005000989,0
img_09348_2024,0.0,0.47914165,0
img_09349_2024,0.0,0.12717156,0
img_09347_2024,0.0,0.016483705,0
img_09343_2024,0.0,0.08850812,0
img_09344_2024,0.0,0.17110509,0
img_09351_2024,0.0,0.1102731,0
img_09324_p01_2024,0.0,0.051425267,0
img_09324_p02_2024,0.0,0.09780463,0
img_09334_p01_2024,0.0,0.030885702,0
img_09334_p02_2024,0.0,0.13097844,0
img_09357_2024,0.0,0.41350448,0
img_09350_2024,0.0,0.059923492,0
img_09353_2024,0.0,0.2927693,0
img_09355_2024,0.0,0.09701014,0
img_09362_2024,0.0,0.3552017,0
img_09358_2024,0.0,0.03646866,0
img_09352_2024,0.0,0.08823628,0
img_09354_2024,0.0,0.35624278,0
img_09327_p01_2024,0.0,0.13242002,0
img_09327_p02_2024,0.0,0.027886812,0
img_09359_2024,0.0,0.009445168,0
img_09360_2024,0.0,0.44270337,0
img_09361_2024,0.0,0.15413642,0
img_09356_2024,0.0,0.377166,0
img_09364_2024,0.0,0.18845652,0
img_09365_2024,0.0,0.9139978,1
img_09366_2024,0.0,0.14574657,0
img_09372_2024,0.0,0.24252786,0
img_09367_2024,0.0,0.39251766,0
img_09369_2024,0.0,0.030022684,0
img_09376_2024,0.0,0.678498,0
img_09370_2024,0.0,0.060198266,0
img_09373_2024,0.0,0.068249516,0
img_09363_2024,0.0,0.60552555,0
img_09377_2024,0.0,0.13794726,0
img_09378_2024,0.0,0.046338364,0
img_09379_2024,0.0,0.26173592,0
img_09374_2024,0.0,0.28572288,0
img_09380_2024,0.0,0.10043048,0
img_09381_2024,0.0,0.888984,1
img_09388_2024,0.0,0.19160908,0
img_09387_2024,0.0,0.49768144,0
img_09385_2024,0.0,0.022974195,0
img_09390_2024,0.0,0.12832049,0
img_09386_2024,0.0,0.86018425,1
img_09384_2024,0.0,0.03592208,0
img_09382_2024,0.0,0.32021585,0
img_09371_2024,0.0,0.0012246899,0
img_09394_2024,0.0,0.38928774,0
img_09392_2024,0.0,0.019775437,0
img_09391_2024,0.0,0.35863048,0
img_09395_2024,0.0,0.39110014,0
img_09368_p01_2024,0.0,0.028036177,0
img_09368_p02_2024,0.0,0.38096103,0
img_09397_2024,0.0,0.47701758,0
img_09400_2024,0.0,0.5180227,0
img_09403_2024,0.0,0.38361913,0
img_09402_2024,0.0,0.9106743,1
img_09399_2024,0.0,0.06517768,0
img_09398_2024,0.0,0.84432995,1
img_09396_2024,0.0,0.47000596,0
img_09404_2024,0.0,0.5629096,0
img_09401_2024,0.0,0.7992893,1
img_09405_2024,0.0,0.31040567,0
img_09409_2024,0.0,0.6438627,0
img_09410_2024,0.0,0.08897619,0
img_09411_2024,0.0,0.07100726,0
img_09408_2024,0.0,0.26005855,0
img_09406_2024,0.0,0.47163093,0
img_09413_2024,0.0,0.04683597,0
img_09407_2024,0.0,0.14964758,0
img_09415_2024,0.0,0.02709585,0
img_09416_2024,0.0,0.48578432,0
img_09417_2024,0.0,0.035163518,0
img_09412_2024,0.0,0.0055909194,0
img_09375_p01_2024,0.0,0.048418798,0
img_09375_p02_2024,0.0,0.09411114,0
img_09414_2024,0.0,0.1353135,0
img_09389_p01_2024,0.0,0.007202109,0
img_09389_p02_2024,0.0,0.019283205,0
img_09418_2024,0.0,0.085611,0
img_09419_2024,0.0,0.022702137,0
img_09420_2024,0.0,0.46956444,0
img_09425_2024,0.0,0.30289572,0
img_09423_2024,0.0,0.014804828,0
img_09424_2024,0.0,0.2037561,0
img_09428_2024,0.0,0.22349253,0
img_09429_2024,0.0,0.0076773237,0
img_09426_2024,0.0,0.0046885246,0
img_09431_2024,0.0,0.41287908,0
img_09422_2024,0.0,0.3914304,0
img_09432_2024,0.0,0.30646375,0
img_09421_2024,0.0,0.49534404,0
img_09435_2024,0.0,0.32394654,0
img_09433_2024,0.0,0.11719694,0
img_09427_2024,0.0,0.050699823,0
img_09437_2024,0.0,0.5000505,0
img_09436_2024,0.0,0.0128813675,0
img_09441_2024,0.0,0.23480837,0
img_09440_2024,0.0,0.549244,0
img_09438_2024,0.0,0.3919232,0
img_09439_2024,0.0,0.44774565,0
img_09442_2024,0.0,0.05277108,0
img_09446_2024,0.0,0.33015114,0
img_09444_2024,0.0,0.8298195,1
img_09443_2024,0.0,0.20574199,0
img_09449_2024,0.0,0.31354856,0
img_09445_2024,0.0,0.39992982,0
img_09434_2024,0.0,0.02100868,0
img_09448_2024,0.0,0.5355888,0
img_09447_2024,0.0,0.033099007,0
img_09451_2024,0.0,0.5438702,0
img_09450_2024,0.0,0.19262724,0
img_09454_2024,0.0,0.4111681,0
img_09452_2024,0.0,0.1982719,0
img_09455_2024,0.0,0.5313038,0
img_09393_p01_2024,0.0,0.0031526603,0
img_09393_p02_2024,0.0,0.012168268,0
img_09393_p03_2024,0.0,0.028909551,0
img_09393_p04_2024,0.0,0.0025465423,0
img_09456_2024,0.0,0.49216837,0
img_09459_2024,0.0,0.10877343,0
img_09460_2024,0.0,0.2847679,0
img_09458_2024,0.0,0.026215896,0
img_09453_2024,0.0,0.005142355,0
img_09463_2024,0.0,0.30998605,0
img_09461_2024,0.0,0.7097009,0
img_09462_2024,0.0,0.47757247,0
img_09464_2024,0.0,0.90597194,1
img_09467_2024,0.0,0.05160677,0
img_09469_2024,0.0,0.09889104,0
img_09466_2024,0.0,0.06467943,0
img_09465_2024,0.0,0.38299605,0
img_09468_2024,0.0,0.5578516,0
img_09474_2024,0.0,0.18042782,0
img_09471_2024,0.0,0.31970292,0
img_09470_2024,0.0,0.24652295,0
img_09472_2024,0.0,0.07985064,0
img_09475_2024,0.0,0.73621315,0
img_09479_2024,0.0,0.2668759,0
img_09478_2024,0.0,0.66179764,0
img_09477_2024,0.0,0.59974265,0
img_09481_2024,0.0,0.42862698,0
img_09476_2024,0.0,0.8378488,1
img_09473_2024,0.0,0.005667075,0
img_09484_2024,0.0,0.060183354,0
img_09457_p01_2024,0.0,0.017361334,0
img_09457_p02_2024,0.0,0.1509345,0
img_09483_2024,0.0,0.8793218,1
img_09486_2024,0.0,0.5475495,0
img_09487_2024,0.0,0.08150412,0
img_09489_2024,0.0,0.53600454,0
img_09480_2024,0.0,0.09330195,0
img_09495_2024,0.0,0.30633867,0
img_09490_2024,0.0,0.23804958,0
img_09494_2024,0.0,0.02299699,0
img_09496_2024,0.0,0.22839803,0
img_09492_2024,0.0,0.29472578,0
img_09497_2024,0.0,0.47813103,0
img_09499_2024,0.0,0.14430708,0
img_09498_2024,0.0,0.07624394,0
img_09491_2024,0.0,0.04835561,0
img_09488_2024,0.0,0.22794466,0
img_09500_2024,0.0,0.9289961,1
img_09501_2024,0.0,0.39577046,0
img_09504_2024,0.0,0.21725544,0
img_09503_2024,0.0,0.1259971,0
img_09509_2024,0.0,0.8802012,1
img_09506_2024,0.0,0.0662948,0
img_09513_2024,0.0,0.14261465,0
img_09502_2024,0.0,0.025576215,0
img_09511_2024,0.0,0.056491792,0
img_09517_2024,0.0,0.35887372,0
img_09482_p01_2024,0.0,0.22265448,0
img_09482_p02_2024,0.0,0.056721397,0
img_09510_2024,0.0,0.038031552,0
img_09508_2024,0.0,0.010911793,0
img_09519_2024,0.0,0.27932584,0
img_09516_2024,0.0,0.0018175824,0
img_09522_2024,0.0,0.0055464893,0
img_09514_2024,0.0,0.4586406,0
img_09520_2024,0.0,0.008463451,0
img_09507_2024,0.0,0.4997592,0
img_09515_2024,0.0,0.644137,0
img_09521_2024,0.0,0.018211996,0
img_09523_2024,0.0,0.19023323,0
img_09525_2024,0.0,0.19530769,0
img_09524_2024,0.0,0.02147761,0
img_09505_p01_2024,0.0,0.0080852015,0
img_09505_p02_2024,0.0,0.07180824,0
img_09526_2024,0.0,0.124380544,0
img_09527_2024,0.0,0.08445884,0
img_09528_2024,0.0,0.3271853,0
img_09383_p01_2024,0.0,0.13442823,0
img_09383_p02_2024,0.0,0.039341774,0
img_09383_p03_2024,0.0,0.801195,1
img_09383_p04_2024,0.0,0.014706943,0
img_09383_p05_2024,0.0,0.002539829,0
img_09383_p06_2024,0.0,0.0075534186,0
img_09512_p01_2024,0.0,0.20925596,0
img_09512_p02_2024,0.0,0.1349227,0
img_09532_2024,0.0,0.36829913,0
img_09531_2024,0.0,0.2172641,0
img_09533_2024,0.0,0.3387266,0
img_09325_p01_2024,0.0,0.30814257,0
img_09325_p02_2024,0.0,0.11691788,0
img_09325_p03_2024,0.0,0.08215553,0
img_09325_p04_2024,0.0,0.26281166,0
img_09325_p05_2024,0.0,0.17108329,0
img_09325_p06_2024,0.0,0.112831466,0
img_09325_p07_2024,0.0,0.10273478,0
img_09325_p08_2024,0.0,0.09856342,0
img_09325_p09_2024,0.0,0.03489053,0
img_09529_2024,0.0,0.45455465,0
img_09538_2024,0.0,0.06839831,0
img_09536_2024,0.0,0.4409674,0
img_09537_2024,0.0,0.42265075,0
img_09493_p01_2024,0.0,0.016064277,0
img_09493_p02_2024,0.0,0.00422603,0
img_09493_p03_2024,0.0,0.021546079,0
img_09493_p04_2024,0.0,0.047519572,0
img_09541_2024,0.0,0.4761943,0
img_09542_2024,0.0,0.2959363,0
img_09539_2024,0.0,0.6470154,0
img_09430_p01_2024,0.0,0.9341603,1
img_09430_p02_2024,0.0,0.003998867,0
img_09430_p03_2024,0.0,0.0085586095,0
img_09430_p04_2024,0.0,0.97382396,1
img_09430_p05_2024,0.0,0.0028236678,0
img_09430_p06_2024,0.0,0.025658956,0
img_09535_2024,0.0,0.9028336,1
img_09540_2024,0.0,0.5519171,0
img_09543_2024,0.0,0.13074708,0
img_09544_2024,0.0,0.7104885,0
img_09534_2024,0.0,0.52529484,0
img_09548_2024,0.0,0.7940356,0
img_09546_2024,0.0,0.40043184,0
img_09552_2024,0.0,0.6379226,0
img_09553_2024,0.0,0.14963585,0
img_09551_2024,0.0,0.050422598,0
img_09547_2024,0.0,0.39944017,0
img_09556_2024,0.0,0.047055516,0
img_09550_2024,0.0,0.42215958,0
img_09557_2024,0.0,0.119537674,0
img_09545_2024,0.0,0.38508093,0
img_09554_2024,0.0,0.22928193,0
img_09558_2024,0.0,0.78287935,0
img_09559_2024,0.0,0.49984306,0
img_09560_2024,0.0,0.27061722,0
img_09555_2024,0.0,0.08891612,0
img_09561_2024,0.0,0.4776176,0
img_09562_2024,0.0,0.16331,0
img_09565_2024,0.0,0.3388682,0
img_09485_p01_2024,0.0,0.080319546,0
img_09485_p02_2024,0.0,0.13937323,0
img_09485_p03_2024,0.0,0.040554356,0
img_09485_p04_2024,0.0,0.13192949,0
img_09485_p05_2024,0.0,0.00587378,0
img_09485_p06_2024,0.0,0.15048163,0
img_09563_2024,0.0,0.33107176,0
img_09564_2024,0.0,0.65395504,0
img_09568_2024,0.0,0.40475637,0
img_09566_2024,0.0,0.17077714,0
img_09572_2024,0.0,0.40098447,0
img_09569_2024,0.0,0.22740479,0
img_09575_2024,0.0,0.5069134,0
img_09574_2024,0.0,0.14073883,0
img_09573_2024,0.0,0.11747198,0
img_09571_2024,0.0,0.11920204,0
img_09567_2024,0.0,0.23538962,0
img_09576_2024,0.0,0.53410643,0
img_09570_2024,0.0,0.24612582,0
img_09577_2024,0.0,0.48253626,0
img_09580_2024,0.0,0.60901386,0
img_09579_2024,0.0,0.56875,0
img_09578_2024,0.0,0.009328494,0
img_09583_2024,0.0,0.5294968,0
img_09581_2024,0.0,0.1344853,0
img_09585_2024,0.0,0.017061543,0
img_09582_2024,0.0,0.12754281,0
img_09530_p01_2024,0.0,0.58590657,0
img_09530_p02_2024,0.0,0.30757865,0
img_09530_p03_2024,0.0,0.74195325,0
img_09530_p04_2024,0.0,0.2893703,0
img_09586_2024,0.0,0.016467512,0
img_09590_2024,0.0,0.2059819,0
img_09584_2024,0.0,0.34149727,0
img_09587_2024,0.0,0.64900726,0
img_09589_2024,0.0,0.011685105,0
img_09588_2024,0.0,0.1347014,0
img_09592_2024,0.0,0.804178,1
img_09591_2024,0.0,0.54984766,0
img_09594_2024,0.0,0.01830872,0
img_09593_2024,0.0,0.17834432,0
img_09595_2024,0.0,0.21042173,0
img_09549_p01_2024,0.0,0.66991776,0
img_09549_p02_2024,0.0,0.2551423,0
img_09549_p03_2024,0.0,0.7483955,0
img_09602_2024,0.0,0.014929755,0
img_09598_2024,0.0,0.47865856,0
img_09596_2024,0.0,0.1549816,0
img_09604_2024,0.0,0.043791354,0
img_09601_2024,0.0,0.35650486,0
img_09605_2024,0.0,0.07294217,0
img_09597_2024,0.0,0.4882843,0
img_09603_2024,0.0,0.7047115,0
img_09608_2024,0.0,0.0051710294,0
img_09600_2024,0.0,0.12018717,0
img_09599_2024,0.0,0.529061,0
img_09609_2024,0.0,0.6945057,0
img_09607_2024,0.0,0.047395714,0
img_09610_2024,0.0,0.0018945201,0
img_09606_2024,0.0,0.8451499,1
img_09612_2024,0.0,0.19726168,0
img_09615_2024,0.0,0.09455481,0
img_09611_2024,0.0,0.19168171,0
img_09613_2024,0.0,0.36242995,0
img_09618_2024,0.0,0.078343414,0
img_09621_2024,0.0,0.6776275,0
img_09614_2024,0.0,0.60325205,0
img_09620_2024,0.0,0.13834953,0
img_09617_2024,0.0,0.15736605,0
img_09623_2024,0.0,0.007304818,0
img_09616_2024,0.0,0.19979735,0
img_09622_2024,0.0,0.7298874,0
img_09624_2024,0.0,0.4828586,0
img_09626_2024,0.0,0.4531233,0
img_09619_2024,0.0,0.3622581,0
img_09631_2024,0.0,0.34989843,0
img_09632_2024,0.0,0.2878034,0
img_09633_2024,0.0,0.07114369,0
img_09634_2024,0.0,0.4888819,0
img_09630_2024,0.0,0.8055103,1
img_09640_2024,0.0,0.050570656,0
img_09629_2024,0.0,0.029705167,0
img_09625_2024,0.0,0.07060469,0
img_09636_2024,0.0,0.59300786,0
img_09627_2024,0.0,0.5851124,0
img_09628_2024,0.0,0.09830431,0
img_09635_2024,0.0,0.32812408,0
img_09642_2024,0.0,0.19869539,0
img_09637_2024,0.0,0.3007088,0
img_09639_2024,0.0,0.38143998,0
img_09648_2024,0.0,0.66214365,0
img_09638_2024,0.0,0.5694464,0
img_09646_2024,0.0,0.17832728,0
img_09647_2024,0.0,0.63252306,0
img_09649_2024,0.0,0.7740631,0
img_09644_2024,0.0,0.45750776,0
img_09645_2024,0.0,0.67922366,0
img_09651_2024,0.0,0.39204082,0
img_09653_2024,0.0,0.53351766,0
img_09654_2024,0.0,0.9849631,1
img_09657_2024,0.0,0.34511772,0
img_09643_2024,0.0,0.6364712,0
img_09641_2024,0.0,0.8522113,1
img_09656_2024,0.0,0.7440248,0
img_09660_2024,0.0,0.09305545,0
img_09663_2024,0.0,0.31375653,0
img_09658_2024,0.0,0.38619158,0
img_09661_2024,0.0,0.6577317,0
img_09662_2024,0.0,0.06486876,0
img_09650_2024,0.0,0.113216184,0
img_09652_2024,0.0,0.21162768,0
img_09659_2024,0.0,0.61644405,0
img_09193_p01_2024,0.0,0.13465106,0
img_09193_p02_2024,0.0,0.0030892058,0
img_09193_p03_2024,0.0,0.029061494,0
img_09193_p04_2024,0.0,0.14010473,0
img_09193_p05_2024,0.0,0.13578987,0
img_09193_p06_2024,0.0,0.0019152939,0
img_09193_p07_2024,0.0,0.020132342,0
img_09193_p08_2024,0.0,0.03439627,0
img_09193_p09_2024,0.0,0.059787683,0
img_09193_p10_2024,0.0,0.013058538,0
img_09193_p11_2024,0.0,0.0043476196,0
img_09193_p12_2024,0.0,0.5091224,0
img_09193_p13_2024,0.0,0.009285986,0
img_09193_p14_2024,0.0,0.0008193096,0
img_09193_p15_2024,0.0,0.006122761,0
img_09193_p16_2024,0.0,0.015758226,0
img_09193_p17_2024,0.0,0.00655204,0
img_09193_p18_2024,0.0,0.008642621,0
img_09193_p19_2024,0.0,0.005295122,0
img_09667_2024,0.0,0.4414936,0
img_09666_2024,0.0,0.378414,0
img_09664_2024,0.0,0.48792723,0
img_09655_2024,0.0,0.33991992,0
img_09669_2024,0.0,0.32924408,0
img_09670_2024,0.0,0.6949743,0
img_09665_2024,0.0,0.45856848,0
img_09672_2024,0.0,0.5343291,0
img_09671_2024,0.0,0.17104276,0
img_09668_2024,0.0,0.060766358,0
img_09676_2024,0.0,0.6553254,0
img_09674_2024,0.0,0.727419,0
img_09675_2024,0.0,0.7017078,0
img_09678_2024,0.0,0.44745973,0
img_09673_2024,0.0,0.40220428,0
img_09681_2024,0.0,0.1352203,0
img_09680_2024,0.0,0.5247419,0
img_09682_2024,0.0,0.6521795,0
img_09683_2024,0.0,0.33510327,0
img_09679_2024,0.0,0.6130484,0
img_09688_2024,0.0,0.7199264,0
img_09677_2024,0.0,0.070020534,0
img_09686_2024,0.0,0.026141332,0
img_09685_2024,0.0,0.66605324,0
img_09689_2024,0.0,0.65646863,0
img_09687_2024,0.0,0.6040381,0
img_09691_2024,0.0,0.100041606,0
img_09684_2024,0.0,0.91544133,1
img_09695_2024,0.0,0.30209318,0
img_09690_2024,0.0,0.33737558,0
img_09693_2024,0.0,0.86926186,1
img_09696_2024,0.0,0.24497493,0
img_09692_2024,0.0,0.6066219,0
img_09694_2024,0.0,0.060276553,0
img_09698_2024,0.0,0.3612189,0
img_09697_2024,0.0,0.4646725,0
img_09700_2024,0.0,0.12604178,0
img_09706_2024,0.0,0.22810234,0
img_09704_2024,0.0,0.58173484,0
img_09707_2024,0.0,0.18215127,0
img_09701_2024,0.0,0.26152918,0
img_09705_2024,0.0,0.046680916,0
img_09703_2024,0.0,0.29099527,0
img_09709_2024,0.0,0.61328787,0
img_09699_2024,0.0,0.5895231,0
img_09711_2024,0.0,0.001045105,0
img_09710_2024,0.0,0.30119327,0
img_09702_2024,0.0,0.44662794,0
img_09712_2024,0.0,0.32803845,0
img_09708_2024,0.0,0.8750631,1
img_09722_2024,0.0,0.33176303,0
img_09721_2024,0.0,0.23068984,0
img_09713_2024,0.0,0.23650602,0
img_09727_2024,0.0,0.41635412,0
img_09714_2024,0.0,0.7858962,0
img_09718_2024,0.0,0.43563914,0
img_09725_2024,0.0,0.6131553,0
img_09716_2024,0.0,0.29080406,0
img_09726_2024,0.0,0.03621512,0
img_09720_2024,0.0,0.009413337,0
img_09728_2024,0.0,0.3979873,0
img_09723_2024,0.0,0.8398724,1
img_09729_2024,0.0,0.13387717,0
img_09724_2024,0.0,0.3181986,0
img_09719_2024,0.0,0.12783416,0
img_09732_2024,0.0,0.63983476,0
img_09733_2024,0.0,0.8422927,1
img_09730_2024,0.0,0.7006625,0
img_09736_2024,0.0,0.61066556,0
img_09738_2024,0.0,0.7591955,0
img_09734_2024,0.0,0.5940121,0
img_09739_2024,0.0,0.5892437,0
img_09715_2024,0.0,0.83961606,1
img_09731_2024,0.0,0.65823126,0
img_09735_2024,0.0,0.6312002,0
img_09740_2024,0.0,0.3401851,0
img_09717_2024,0.0,0.30313897,0
img_09743_2024,0.0,0.08272659,0
img_09737_2024,0.0,0.31964722,0
img_09745_2024,0.0,0.30143014,0
img_09742_2024,0.0,0.8453121,1
img_09744_2024,0.0,0.3501236,0
img_09754_2024,0.0,0.55733156,0
img_09741_2024,0.0,0.045251753,0
img_09748_2024,0.0,0.07505681,0
img_09759_2024,0.0,0.26300478,0
img_09747_2024,0.0,0.13484153,0
img_09751_2024,0.0,0.29951414,0
img_09757_2024,0.0,0.33642602,0
img_09753_2024,0.0,0.9485355,1
img_09746_2024,0.0,0.693539,0
img_09756_2024,0.0,0.36336815,0
img_09749_2024,0.0,0.026351713,0
img_09763_2024,0.0,0.112032495,0
img_09755_2024,0.0,0.9645147,1
img_09750_2024,0.0,0.039877746,0
img_09764_2024,0.0,0.327889,0
img_09758_2024,0.0,0.68867886,0
img_09752_2024,0.0,0.015846366,0
img_09765_2024,0.0,0.11315147,0
img_09761_2024,0.0,0.16835836,0
img_09766_2024,0.0,0.095748484,0
img_09767_2024,0.0,0.5243662,0
img_09768_2024,0.0,0.11633583,0
img_09762_2024,0.0,0.72313833,0
img_09769_2024,0.0,0.5302571,0
img_09760_2024,0.0,0.8767256,1
img_09771_2024,0.0,0.039653018,0
img_09770_2024,0.0,0.14540552,0
img_09518_p01_2024,0.0,0.0085142255,0
img_09518_p02_2024,0.0,0.018955026,0
img_09518_p03_2024,0.0,0.6082146,0
img_09518_p04_2024,0.0,0.87737656,1
img_09518_p05_2024,0.0,0.020881662,0
img_09518_p06_2024,0.0,0.006263984,0
img_09518_p07_2024,0.0,0.16416672,0
img_09518_p08_2024,0.0,0.245214,0
img_09518_p09_2024,0.0,0.021276759,0
img_09518_p10_2024,0.0,0.023241535,0
img_09518_p11_2024,0.0,0.121543854,0
img_09773_2024,0.0,0.6752337,0
img_09775_2024,0.0,0.4473579,0
img_09772_2024,0.0,0.11676782,0
img_09774_2024,0.0,0.055456065,0
img_09779_2024,0.0,0.56492954,0
img_09783_2024,0.0,0.8414111,1
img_09777_2024,0.0,0.99382836,1
img_09785_2024,0.0,0.4867746,0
img_09782_2024,0.0,0.25084856,0
img_09780_2024,0.0,0.53428084,0
img_09776_2024,0.0,0.3086531,0
img_09784_2024,0.0,0.56329,0
img_09778_2024,0.0,0.1797106,0
img_09790_2024,0.0,0.017647026,0
img_09786_2024,0.0,0.11637567,0
img_09793_2024,0.0,0.7702149,0
img_09792_2024,0.0,0.061776776,0
img_09794_2024,0.0,0.8617024,1
img_09781_2024,0.0,0.16691165,0
img_09788_2024,0.0,0.019531198,0
img_09797_2024,0.0,0.8510557,1
img_09789_2024,0.0,0.3146045,0
img_09787_2024,0.0,0.65193677,0
img_09804_2024,0.0,0.762229,0
img_09807_2024,0.0,0.4754136,0
img_09806_2024,0.0,0.3557766,0
img_09799_2024,0.0,0.09184663,0
img_09796_2024,0.0,0.07459811,0
img_09801_2024,0.0,0.44556123,0
img_09812_2024,0.0,0.04260433,0
img_09795_2024,0.0,0.4256249,0
img_09803_2024,0.0,0.027440356,0
img_09813_2024,0.0,0.45602486,0
img_09814_2024,0.0,0.14758822,0
img_09798_2024,0.0,0.2256962,0
img_09811_2024,0.0,0.32869115,0
img_09805_2024,0.0,0.3110906,0
img_09819_2024,0.0,0.41976917,0
img_09800_2024,0.0,0.62735045,0
img_09808_2024,0.0,0.7518684,0
img_09818_2024,0.0,0.28840005,0
img_09816_2024,0.0,0.24576949,0
img_09809_2024,0.0,0.75186455,0
img_09820_2024,0.0,0.8432167,1
img_09810_2024,0.0,0.2890752,0
img_09802_2024,0.0,0.011365491,0
img_09822_2024,0.0,0.60327643,0
img_09815_2024,0.0,0.46559477,0
img_09823_2024,0.0,0.07237732,0
img_09817_2024,0.0,0.50483173,0
img_09824_2024,0.0,0.30997685,0
img_09825_2024,0.0,0.10796554,0
img_09828_2024,0.0,0.64039123,0
img_09821_2024,0.0,0.34637645,0
img_09829_2024,0.0,0.095080726,0
img_09833_2024,0.0,0.720469,0
img_09831_2024,0.0,0.7015716,0
img_09835_2024,0.0,0.56255245,0
img_09830_2024,0.0,0.8646372,1
img_09836_2024,0.0,0.56588185,0
img_09826_2024,0.0,0.7038543,0
img_09834_2024,0.0,0.17621705,0
img_09827_2024,0.0,0.7492333,0
img_09839_2024,0.0,0.7253891,0
img_09842_2024,0.0,0.5215805,0
img_09838_2024,0.0,0.4388294,0
img_09841_2024,0.0,0.7613232,0
img_09847_2024,0.0,0.80144364,1
img_09844_2024,0.0,0.63101465,0
img_09850_2024,0.0,0.029519945,0
img_09837_2024,0.0,0.21458043,0
img_09840_2024,0.0,0.4343675,0
img_09832_2024,0.0,0.615517,0
img_09843_2024,0.0,0.84289247,1
img_09848_2024,0.0,0.00347351,0
img_09851_2024,0.0,0.12592693,0
img_09852_2024,0.0,0.444752,0
img_09849_2024,0.0,0.5139532,0
img_09845_2024,0.0,0.5913418,0
img_09854_2024,0.0,0.4365717,0
img_09853_2024,0.0,0.04014394,0
img_09855_2024,0.0,0.59663874,0
img_09856_2024,0.0,0.68726,0
img_09846_2024,0.0,0.29042912,0
img_09857_2024,0.0,0.055777006,0
img_09858_2024,0.0,0.075064115,0
img_09859_2024,0.0,0.14108668,0
img_09863_2024,0.0,0.56996274,0
img_09865_2024,0.0,0.2525518,0
img_09862_2024,0.0,0.202802,0
img_09867_2024,0.0,0.6119093,0
img_09864_2024,0.0,0.8483874,1
img_09869_2024,0.0,0.7195365,0
img_09868_2024,0.0,0.22012953,0
img_09870_2024,0.0,0.2592392,0
img_09860_2024,0.0,0.6197802,0
img_09866_2024,0.0,0.8078905,1
img_09872_2024,0.0,0.086024426,0
img_09878_2024,0.0,0.8228261,1
img_09876_2024,0.0,0.011597985,0
img_09883_2024,0.0,0.35465303,0
img_09880_2024,0.0,0.7647407,0
img_09881_2024,0.0,0.7533412,0
img_09861_2024,0.0,0.76735675,0
img_09871_2024,0.0,0.0073059867,0
img_09877_2024,0.0,0.30538496,0
img_09874_2024,0.0,0.35125184,0
img_09891_2024,0.0,0.29347315,0
img_09892_2024,0.0,0.8217077,1
img_09895_2024,0.0,0.5942185,0
img_09894_2024,0.0,0.053827893,0
img_09893_2024,0.0,0.026857942,0
img_09886_2024,0.0,0.20023866,0
img_09896_2024,0.0,0.07108444,0
img_09889_2024,0.0,0.9094966,1
img_09875_2024,0.0,0.8343101,1
img_09898_2024,0.0,0.51000637,0
img_09900_2024,0.0,0.03079193,0
img_09884_2024,0.0,0.553002,0
img_09885_2024,0.0,0.43754193,0
img_09890_2024,0.0,0.41260505,0
img_09882_2024,0.0,0.40972805,0
img_09873_2024,0.0,0.12029729,0
img_09903_2024,0.0,0.8830251,1
img_09897_2024,0.0,0.5890629,0
img_09888_2024,0.0,0.8827406,1
img_09887_2024,0.0,0.49873233,0
img_09907_2024,0.0,0.20468853,0
img_09901_2024,0.0,0.40591717,0
img_09908_2024,0.0,0.023976628,0
img_09899_2024,0.0,0.017012376,0
img_09911_2024,0.0,0.32320085,0
img_09913_2024,0.0,0.018529998,0
img_09902_2024,0.0,0.54891086,0
img_09906_2024,0.0,0.5073451,0
img_09904_2024,0.0,0.29846603,0
img_09909_2024,0.0,0.060194664,0
img_09915_2024,0.0,0.84604347,1
img_09918_2024,0.0,0.39426598,0
img_09917_2024,0.0,0.7805064,0
img_09912_2024,0.0,0.7774996,0
img_09879_p01_2024,0.0,0.23278739,0
img_09879_p02_2024,0.0,0.31768858,0
img_09905_2024,0.0,0.4168855,0
img_09924_2024,0.0,0.746067,0
img_09916_2024,0.0,0.11940126,0
img_09923_2024,0.0,0.35460186,0
img_09926_2024,0.0,0.32202807,0
img_09919_2024,0.0,0.30219206,0
img_09925_2024,0.0,0.39359522,0
img_09928_2024,0.0,0.51465183,0
img_09922_2024,0.0,0.10285604,0
img_09914_2024,0.0,0.040253405,0
img_09927_2024,0.0,0.83910346,1
img_09920_2024,0.0,0.61535543,0
img_09930_2024,0.0,0.52142876,0
img_09910_2024,0.0,0.90794194,1
img_09937_2024,0.0,0.7434773,0
img_09932_2024,0.0,0.066430286,0
img_09938_2024,0.0,0.33429784,0
img_09921_2024,0.0,0.2972798,0
img_09936_2024,0.0,0.5590575,0
img_09934_2024,0.0,0.77035314,0
img_09931_2024,0.0,0.23408327,0
img_09940_2024,0.0,0.48782963,0
img_09944_2024,0.0,0.38752487,0
img_09948_2024,0.0,0.03746541,0
img_09941_2024,0.0,0.016323926,0
img_09935_2024,0.0,0.032854453,0
img_09939_2024,0.0,0.6729568,0
img_09946_2024,0.0,0.554955,0
img_09947_2024,0.0,0.5858383,0
img_09950_2024,0.0,0.046757232,0
img_09956_2024,0.0,0.6058958,0
img_09945_2024,0.0,0.21467277,0
img_09951_2024,0.0,0.74769026,0
img_09954_2024,0.0,0.6660175,0
img_09952_2024,0.0,0.4081034,0
img_09949_2024,0.0,0.09990401,0
img_09929_2024,0.0,0.64804167,0
img_09943_2024,0.0,0.67185694,0
img_09953_2024,0.0,0.9393756,1
img_09961_2024,0.0,0.7920447,0
img_09963_2024,0.0,0.76581746,0
img_09958_2024,0.0,0.20108274,0
img_09933_2024,0.0,0.9317636,1
img_09962_2024,0.0,0.60602975,0
img_09955_2024,0.0,0.29600555,0
img_09964_2024,0.0,0.03933813,0
img_09965_2024,0.0,0.10704521,0
img_09960_2024,0.0,0.6953609,0
img_09973_2024,0.0,0.2743308,0
img_09957_2024,0.0,0.05156489,0
img_09967_2024,0.0,0.012780871,0
img_09970_2024,0.0,0.64912957,0
img_09968_2024,0.0,0.4790694,0
img_09969_2024,0.0,0.5572826,0
img_09959_2024,0.0,0.019361783,0
img_09974_2024,0.0,0.89185244,1
img_09977_2024,0.0,0.3596454,0
img_09975_2024,0.0,0.8182528,1
img_09976_2024,0.0,0.15804787,0
img_09972_2024,0.0,0.9291019,1
img_09966_2024,0.0,0.049688317,0
img_09971_2024,0.0,0.30226085,0
img_09982_2024,0.0,0.81146276,1
img_09984_2024,0.0,0.01722782,0
img_09980_2024,0.0,0.4802918,0
img_09981_2024,0.0,0.34589928,0
img_09985_2024,0.0,0.066334374,0
img_09979_2024,0.0,0.3261738,0
img_09990_2024,0.0,0.02274967,0
img_09991_2024,0.0,0.371256,0
img_09986_2024,0.0,0.791765,0
img_09978_2024,0.0,0.7568751,0
img_09994_2024,0.0,0.25845268,0
img_09987_2024,0.0,0.5159558,0
img_09988_2024,0.0,0.21544443,0
img_09983_2024,0.0,0.88792646,1
img_10001_2024,0.0,0.06531696,0
img_09989_2024,0.0,0.030717835,0
img_09992_2024,0.0,0.5699366,0
img_09999_2024,0.0,0.093438126,0
img_09997_2024,0.0,0.21035461,0
img_09993_2024,0.0,0.79865676,1
img_10010_2024,0.0,0.3436421,0
img_09995_2024,0.0,0.019363942,0
img_09998_2024,0.0,0.71968776,0
img_09996_2024,0.0,0.30254334,0
img_10011_2024,0.0,0.09362643,0
img_10005_2024,0.0,0.14120668,0
img_10004_2024,0.0,0.27441695,0
img_10003_2024,0.0,0.41639826,0
img_10002_2024,0.0,0.5761058,0
img_10015_2024,0.0,0.73354053,0
img_10008_2024,0.0,0.56433,0
img_10000_2024,0.0,0.21260251,0
img_10016_2024,0.0,0.053347737,0
img_10012_2024,0.0,0.022907,0
img_10019_2024,0.0,0.7490483,0
img_10009_2024,0.0,0.4198141,0
img_10013_2024,0.0,0.37935838,0
img_10007_2024,0.0,0.05394977,0
img_10020_2024,0.0,0.086901106,0
img_10018_2024,0.0,0.51544076,0
img_10006_2024,0.0,0.37079403,0
img_10021_2024,0.0,0.02635676,0
img_10017_2024,0.0,0.79408866,0
img_10014_p01_2024,0.0,0.5712759,0
img_10014_p02_2024,0.0,0.820353,1
img_10014_p03_2024,0.0,0.9432942,1
img_10014_p04_2024,0.0,0.6269713,0
