id_sample,y_true,model_probability,final_threshold_prediction
img_00007_2023,1.0,0.25747156,0
img_00009_2023,1.0,0.14435743,0
img_00016_2023,1.0,0.9727739,1
img_00001_2023,1.0,0.9985936,1
img_00013_2023,1.0,0.98813653,1
img_00022_2023,1.0,0.25874096,0
img_00024_2023,1.0,0.61018074,0
img_00025_2023,1.0,0.98776776,1
img_00023_2023,1.0,0.3758532,0
img_00021_2023,1.0,0.971439,1
img_00027_2023,1.0,0.9412244,1
img_00028_2023,1.0,0.9972517,1
img_00030_2023,1.0,0.57078266,0
img_00034_2023,1.0,0.3794356,0
img_00038_2023,1.0,0.83969367,1
img_00037_2023,1.0,0.4740767,0
img_00046_2023,1.0,0.6883766,0
img_00047_2023,1.0,0.7449818,0
img_00048_2023,1.0,0.67755884,0
img_00045_2023,1.0,0.9832424,1
img_00052_2023,1.0,0.7885503,0
img_00057_2023,1.0,0.7605448,0
img_00029_p01_2023,1.0,0.52362627,0
img_00029_p02_2023,1.0,0.97061,1
img_00029_p03_2023,1.0,0.993982,1
img_00060_2023,1.0,0.9943815,1
img_00061_2023,1.0,0.97343826,1
img_00050_2023,1.0,0.697871,0
img_00059_2023,1.0,0.99965274,1
img_00054_2023,1.0,0.99701667,1
img_00056_2023,1.0,0.99775463,1
img_00062_2023,1.0,0.94417596,1
img_00049_p01_2023,1.0,0.23331346,0
img_00049_p02_2023,1.0,0.74568546,0
img_00064_2023,1.0,0.99719006,1
img_00078_2023,1.0,0.9535856,1
img_00073_2023,1.0,0.99616784,1
img_00072_2023,1.0,0.95905143,1
img_00080_2023,1.0,0.5347945,0
img_00082_2023,1.0,0.98964125,1
img_00096_2023,1.0,0.79243624,0
img_00000_p02_2023,1.0,0.98271734,1
img_00000_p03_2023,1.0,0.3864925,0
img_00000_p04_2023,1.0,0.8203123,1
img_00089_2023,1.0,0.9280785,1
img_00102_2023,1.0,0.8596241,1
img_00090_2023,1.0,0.6233823,0
img_00099_2023,1.0,0.8556535,1
img_00036_p01_2023,1.0,0.9753904,1
img_00036_p02_2023,1.0,0.9889797,1
img_00036_p03_2023,1.0,0.9819619,1
img_00036_p04_2023,1.0,0.98710024,1
img_00105_2023,1.0,0.9680816,1
img_00100_2023,1.0,0.96042955,1
img_00110_2023,1.0,0.89199823,1
img_00115_2023,1.0,0.99088836,1
img_00116_2023,1.0,0.87617224,1
img_00108_2023,1.0,0.6648257,0
img_00107_2023,1.0,0.9501887,1
img_00104_p01_2023,1.0,0.52143073,0
img_00104_p02_2023,1.0,0.833207,1
img_00126_2023,1.0,0.22306459,0
img_00125_2023,1.0,0.9653179,1
img_00124_2023,1.0,0.9951814,1
img_00133_2023,1.0,0.9906058,1
img_00134_2023,1.0,0.98889416,1
img_00119_p01_2023,1.0,0.9942747,1
img_00130_p01_2023,1.0,0.9782696,1
img_00130_p02_2023,1.0,0.9210566,1
img_00137_2023,1.0,0.96378386,1
img_00142_2023,1.0,0.9811307,1
img_00139_2023,1.0,0.9805008,1
img_00147_2023,1.0,0.9975358,1
img_00012_p01_2023,1.0,0.9703776,1
img_00012_p02_2023,1.0,0.9913089,1
img_00012_p03_2023,1.0,0.4406536,0
img_00012_p05_2023,1.0,0.9297721,1
img_00012_p06_2023,1.0,0.07308251,0
img_00113_p01_2023,1.0,0.68585896,0
img_00113_p02_2023,1.0,0.99443156,1
img_00113_p03_2023,1.0,0.9162513,1
img_00113_p04_2023,1.0,0.8561419,1
img_00065_p01_2023,1.0,0.99989665,1
img_00065_p02_2023,1.0,0.7248102,0
img_00065_p03_2023,1.0,0.9990753,1
img_00065_p04_2023,1.0,0.99889684,1
img_00065_p05_2023,1.0,0.99767977,1
img_00065_p06_2023,1.0,0.99254405,1
img_00190_2023,1.0,0.06949116,0
img_00204_2023,1.0,0.21553575,0
img_00192_2023,1.0,0.62154984,0
img_00205_2023,1.0,0.7149466,0
img_00151_p03_2023,1.0,0.99508446,1
img_00151_p06_2023,1.0,0.9772588,1
img_00152_p01_2023,1.0,0.97339094,1
img_00152_p02_2023,1.0,0.5364833,0
img_00152_p03_2023,1.0,0.9315945,1
img_00152_p04_2023,1.0,0.95541656,1
img_00208_2023,1.0,0.70579684,0
img_00194_p01_2023,1.0,0.9399658,1
img_00194_p02_2023,1.0,0.9840949,1
img_00228_2023,1.0,0.6933753,0
img_00231_2023,1.0,0.7725251,0
img_00229_2023,1.0,0.5618072,0
img_00230_2023,1.0,0.9262537,1
img_00227_2023,1.0,0.92824566,1
img_00240_2023,1.0,0.8087355,1
img_00239_2023,1.0,0.17739792,0
img_00242_2023,1.0,0.7338828,0
img_00238_2023,1.0,0.79604554,0
img_00244_2023,1.0,0.9605936,1
img_00241_2023,1.0,0.35317796,0
img_00243_2023,1.0,0.74924576,0
img_00247_2023,1.0,0.047580168,0
img_00246_2023,1.0,0.81728655,1
img_00245_2023,1.0,0.2651521,0
img_00253_2023,1.0,0.89922553,1
img_00252_2023,1.0,0.6149518,0
img_00251_2023,1.0,0.44585913,0
img_00248_2023,1.0,0.6038677,0
img_00258_2023,1.0,0.79276425,0
img_00257_2023,1.0,0.9944613,1
img_00261_2023,1.0,0.5142421,0
img_00267_2023,1.0,0.831279,1
img_00263_2023,1.0,0.62020606,0
img_00265_2023,1.0,0.7988819,0
img_00266_2023,1.0,0.98944026,1
img_00259_2023,1.0,0.12127473,0
img_00268_2023,1.0,0.13962092,0
img_00269_2023,1.0,0.051510528,0
img_00256_p01_2023,1.0,0.9992374,1
img_00262_2023,1.0,0.9220344,1
img_00274_2023,1.0,0.5549889,0
img_00278_2023,1.0,0.9128852,1
img_00275_2023,1.0,0.7862464,0
img_00279_2023,1.0,0.8472684,1
img_00281_2023,1.0,0.9607211,1
img_00280_2023,1.0,0.9143814,1
img_00283_2023,1.0,0.6117871,0
img_00271_p01_2023,1.0,0.7943635,0
img_00271_p02_2023,1.0,0.99297583,1
img_00284_2023,1.0,0.99591064,1
img_00282_2023,1.0,0.7463368,0
img_00272_2023,1.0,0.74394804,0
img_00277_2023,1.0,0.9839139,1
img_00287_2023,1.0,0.9898341,1
img_00276_2023,1.0,0.8744839,1
img_00292_2023,1.0,0.9962914,1
img_00300_2023,1.0,0.9979954,1
img_00302_2023,1.0,0.7236138,0
img_00097_p04_2023,1.0,0.96903515,1
img_00097_p05_2023,1.0,0.7284419,0
img_00097_p07_2023,1.0,0.99770015,1
img_00097_p08_2023,1.0,0.9253336,1
img_00097_p09_2023,1.0,0.7506522,0
img_00310_2023,1.0,0.10129337,0
img_00316_2023,1.0,0.28791085,0
img_00318_2023,1.0,0.9065403,1
img_00294_p01_2023,1.0,0.9807869,1
img_00294_p02_2023,1.0,0.99148715,1
img_00288_p01_2023,1.0,0.986725,1
img_00288_p02_2023,1.0,0.94115305,1
img_00322_2023,1.0,0.417406,0
img_00326_2023,1.0,0.24388942,0
img_00320_2023,1.0,0.9982829,1
img_00286_p01_2023,1.0,0.9332883,1
img_00286_p02_2023,1.0,0.076881744,0
img_00286_p03_2023,1.0,0.8843102,1
img_00286_p04_2023,1.0,0.9796544,1
img_00333_2023,1.0,0.96228105,1
img_00327_2023,1.0,0.1394168,0
img_00330_2023,1.0,0.5661821,0
img_00331_2023,1.0,0.34038243,0
img_00339_2023,1.0,0.3951489,0
img_00335_2023,1.0,0.8413727,1
img_00342_2023,1.0,0.96751976,1
img_00340_2023,1.0,0.02255664,0
img_00315_p01_2023,1.0,0.467273,0
img_00315_p02_2023,1.0,0.9956589,1
img_00336_2023,1.0,0.625938,0
img_00350_2023,1.0,0.82505465,1
img_00347_2023,1.0,0.6240792,0
img_00344_2023,1.0,0.9822337,1
img_00353_2023,1.0,0.99212295,1
img_00352_2023,1.0,0.9680704,1
img_00354_2023,1.0,0.9861015,1
img_00360_2023,1.0,0.93326026,1
img_00351_2023,1.0,0.99199533,1
img_00355_2023,1.0,0.9872843,1
img_00359_2023,1.0,0.97781,1
img_00362_2023,1.0,0.7642078,0
img_00357_2023,1.0,0.7459509,0
img_00364_2023,1.0,0.9672499,1
img_00358_2023,1.0,0.32194117,0
img_00374_2023,1.0,0.9214554,1
img_00375_2023,1.0,0.09498817,0
img_00363_2023,1.0,0.9461405,1
img_00377_2023,1.0,0.1844694,0
img_00385_2023,1.0,0.8631231,1
img_00381_2023,1.0,0.97844523,1
img_00383_2023,1.0,0.74542636,0
img_00389_2023,1.0,0.8386125,1
img_00372_2023,1.0,0.28089362,0
img_00390_2023,1.0,0.71830267,0
img_00348_p01_2023,1.0,0.4885569,0
img_00348_p02_2023,1.0,0.87521374,1
img_00395_2023,1.0,0.044829644,0
img_00397_2023,1.0,0.9707,1
img_00396_2023,1.0,0.96766526,1
img_00388_p01_2023,1.0,0.53984636,0
img_00388_p02_2023,1.0,0.9432569,1
img_00401_2023,1.0,0.6653966,0
img_00407_2023,1.0,0.884459,1
img_00405_2023,1.0,0.9634009,1
img_00403_2023,1.0,0.51192206,0
img_00409_2023,1.0,0.47148085,0
img_00410_2023,1.0,0.9432533,1
img_00412_2023,1.0,0.6794707,0
img_00408_2023,1.0,0.98181146,1
img_00411_2023,1.0,0.99516606,1
img_00413_2023,1.0,0.41441023,0
img_00414_2023,1.0,0.18243319,0
img_00406_2023,1.0,0.9924886,1
img_00416_2023,1.0,0.78535664,0
img_00417_2023,1.0,0.55589926,0
img_00418_2023,1.0,0.8689123,1
img_00402_p01_2023,1.0,0.90479803,1
img_00402_p02_2023,1.0,0.9967715,1
img_00420_2023,1.0,0.9841919,1
img_00380_p01_2023,1.0,0.99802715,1
img_00380_p02_2023,1.0,0.9880751,1
img_00380_p03_2023,1.0,0.9956391,1
img_00380_p04_2023,1.0,0.992694,1
img_00424_2023,1.0,0.9185056,1
img_00426_2023,1.0,0.3255473,0
img_00425_2023,1.0,0.7450712,0
img_00432_2023,1.0,0.83974177,1
img_00429_2023,1.0,0.5536751,0
img_00433_2023,1.0,0.69369507,0
img_00438_2023,1.0,0.6744089,0
img_00428_2023,1.0,0.9955401,1
img_00437_2023,1.0,0.7896325,0
img_00440_2023,1.0,0.9778902,1
img_00441_2023,1.0,0.9064199,1
img_00436_2023,1.0,0.71732265,0
img_00442_2023,1.0,0.48352078,0
img_00446_2023,1.0,0.099973924,0
img_00321_p01_2023,1.0,0.87072676,1
img_00321_p02_2023,1.0,0.93405104,1
img_00321_p03_2023,1.0,0.9887088,1
img_00321_p04_2023,1.0,0.90778327,1
img_00321_p05_2023,1.0,0.9388168,1
img_00321_p06_2023,1.0,0.9605819,1
img_00439_2023,1.0,0.9962962,1
img_00445_2023,1.0,0.42542753,0
img_00443_2023,1.0,0.756568,0
img_00450_2023,1.0,0.77448565,0
img_00452_2023,1.0,0.60176474,0
img_00447_2023,1.0,0.43892312,0
img_00451_2023,1.0,0.13522846,0
img_00456_2023,1.0,0.96729136,1
img_00458_2023,1.0,0.87248224,1
img_00455_2023,1.0,0.74058855,0
img_00457_2023,1.0,0.9983273,1
img_00463_2023,1.0,0.22320668,0
img_00349_p01_2023,1.0,0.9822066,1
img_00349_p02_2023,1.0,0.9753652,1
img_00349_p03_2023,1.0,0.96429086,1
img_00349_p04_2023,1.0,0.9951302,1
img_00349_p05_2023,1.0,0.9792286,1
img_00467_2023,1.0,0.90587294,1
img_00464_2023,1.0,0.9963743,1
img_00466_2023,1.0,0.998453,1
img_00468_2023,1.0,0.81239074,1
img_00475_2023,1.0,0.2203112,0
img_00478_2023,1.0,0.5257907,0
img_00477_2023,1.0,0.9588321,1
img_00473_2023,1.0,0.9544505,1
img_00479_2023,1.0,0.9246186,1
img_00435_p01_2023,1.0,0.99464464,1
img_00435_p02_2023,1.0,0.97442734,1
img_00435_p03_2023,1.0,0.98804605,1
img_00435_p04_2023,1.0,0.98989993,1
img_00482_2023,1.0,0.4534953,0
img_00483_2023,1.0,0.6713143,0
img_00481_2023,1.0,0.13520627,0
img_00487_2023,1.0,0.59114677,0
img_00491_2023,1.0,0.732367,0
img_00490_2023,1.0,0.802563,1
img_00488_2023,1.0,0.7025684,0
img_00489_2023,1.0,0.85517544,1
img_00497_2023,1.0,0.5257186,0
img_00419_p01_2023,1.0,0.9950047,1
img_00419_p02_2023,1.0,0.9832198,1
img_00419_p03_2023,1.0,0.98226213,1
img_00419_p04_2023,1.0,0.92713416,1
img_00419_p05_2023,1.0,0.9670261,1
img_00419_p06_2023,1.0,0.9958702,1
img_00501_2023,1.0,0.85236776,1
img_00508_2023,1.0,0.042808466,0
img_00449_p01_2023,1.0,0.9944971,1
img_00449_p02_2023,1.0,0.9940363,1
img_00449_p03_2023,1.0,0.9969892,1
img_00449_p04_2023,1.0,0.99463284,1
img_00511_2023,1.0,0.33603892,0
img_00513_2023,1.0,0.082829684,0
img_00516_2023,1.0,0.6441496,0
img_00518_2023,1.0,0.51971257,0
img_00517_2023,1.0,0.931055,1
img_00404_p01_2023,1.0,0.9628544,1
img_00404_p02_2023,1.0,0.9601366,1
img_00404_p03_2023,1.0,0.651528,0
img_00404_p04_2023,1.0,0.9612314,1
img_00404_p05_2023,1.0,0.97506624,1
img_00404_p06_2023,1.0,0.9893182,1
img_00404_p07_2023,1.0,0.99068016,1
img_00404_p08_2023,1.0,0.9856603,1
img_00519_2023,1.0,0.7621469,0
img_00521_2023,1.0,0.42523804,0
img_00485_p01_2023,1.0,0.9949267,1
img_00485_p02_2023,1.0,0.9728333,1
img_00485_p03_2023,1.0,0.9701502,1
img_00485_p04_2023,1.0,0.5165391,0
img_00522_2023,1.0,0.45434114,0
img_00524_2023,1.0,0.35248372,0
img_00528_2023,1.0,0.025058407,0
img_00529_2023,1.0,0.014589343,0
img_00532_2023,1.0,0.94159967,1
img_00534_2023,1.0,0.99898165,1
img_00539_2023,1.0,0.6157714,0
img_00535_2023,1.0,0.41163483,0
img_00540_2023,1.0,0.5973759,0
img_00537_2023,1.0,0.99691355,1
img_00474_p01_2023,1.0,0.5867809,0
img_00474_p03_2023,1.0,0.6776728,0
img_00474_p04_2023,1.0,0.9897832,1
img_00474_p05_2023,1.0,0.94473135,1
img_00474_p06_2023,1.0,0.99257666,1
img_00474_p07_2023,1.0,0.9948894,1
img_00541_2023,1.0,0.24867988,0
img_00544_2023,1.0,0.21011439,0
img_00546_2023,1.0,0.97533876,1
img_00543_2023,1.0,0.9919418,1
img_00545_2023,1.0,0.16778448,0
img_00533_p01_2023,1.0,0.91944826,1
img_00533_p02_2023,1.0,0.99228364,1
img_00549_2023,1.0,0.3952355,0
img_00552_2023,1.0,0.11655333,0
img_00551_2023,1.0,0.59673965,0
img_00550_2023,1.0,0.8448093,1
img_00555_2023,1.0,0.7422316,0
img_00556_2023,1.0,0.655336,0
img_00559_2023,1.0,0.6636997,0
img_00558_2023,1.0,0.15044273,0
img_00557_2023,1.0,0.8740138,1
img_00553_2023,1.0,0.99839777,1
img_00560_2023,1.0,0.8756306,1
img_00566_2023,1.0,0.37427837,0
img_00526_p01_2023,1.0,0.96415794,1
img_00526_p02_2023,1.0,0.9158088,1
img_00526_p03_2023,1.0,0.08954667,0
img_00526_p04_2023,1.0,0.98807806,1
img_00568_2023,1.0,0.11285466,0
img_00567_2023,1.0,0.18702157,0
img_00570_2023,1.0,0.73336846,0
img_00538_p01_2023,1.0,0.9931083,1
img_00538_p02_2023,1.0,0.9995179,1
img_00538_p03_2023,1.0,0.9883498,1
img_00538_p04_2023,1.0,0.98303866,1
img_00573_2023,1.0,0.52330077,0
img_00572_2023,1.0,0.5175502,0
img_00580_2023,1.0,0.41152152,0
img_00564_2023,1.0,0.98977166,1
img_00575_2023,1.0,0.86887646,1
img_00578_2023,1.0,0.9960517,1
img_00581_2023,1.0,0.5976992,0
img_00589_2023,1.0,0.9679854,1
img_00591_2023,1.0,0.97237295,1
img_00592_2023,1.0,0.96378964,1
img_00585_2023,1.0,0.9986773,1
img_00542_p01_2023,1.0,0.8580248,1
img_00542_p03_2023,1.0,0.6636764,0
img_00542_p04_2023,1.0,0.96857977,1
img_00598_2023,1.0,0.5164033,0
img_00599_2023,1.0,0.89601177,1
img_00596_2023,1.0,0.97533745,1
img_00604_2023,1.0,0.72936815,0
img_00606_2023,1.0,0.90291464,1
img_00609_2023,1.0,0.9829129,1
img_00615_2023,1.0,0.87010634,1
img_00619_2023,1.0,0.9682272,1
img_00616_2023,1.0,0.9846675,1
img_00515_p01_2023,1.0,0.96115357,1
img_00515_p02_2023,1.0,0.8138632,1
img_00515_p04_2023,1.0,0.9883641,1
img_00515_p05_2023,1.0,0.9746268,1
img_00515_p06_2023,1.0,0.98979914,1
img_00515_p07_2023,1.0,0.87177855,1
img_00515_p08_2023,1.0,0.973166,1
img_00515_p09_2023,1.0,0.40056008,0
img_00621_2023,1.0,0.9855063,1
img_00620_2023,1.0,0.5748462,0
img_00622_2023,1.0,0.9794922,1
img_00626_2023,1.0,0.8950516,1
img_00623_2023,1.0,0.11438108,0
img_00624_2023,1.0,0.4089149,0
img_00631_2023,1.0,0.040364053,0
img_00625_2023,1.0,0.9867534,1
img_00628_2023,1.0,0.38684258,0
img_00634_2023,1.0,0.96316946,1
img_00636_2023,1.0,0.9839588,1
img_00618_p01_2023,1.0,0.99462754,1
img_00618_p02_2023,1.0,0.9666044,1
img_00640_2023,1.0,0.9535962,1
img_00644_2023,1.0,0.8544973,1
img_00642_2023,1.0,0.9101921,1
img_00629_p01_2023,1.0,0.9912043,1
img_00629_p02_2023,1.0,0.9723837,1
img_00641_2023,1.0,0.94988734,1
img_00643_2023,1.0,0.9288451,1
img_00639_2023,1.0,0.987452,1
img_00645_2023,1.0,0.53254986,0
img_00648_2023,1.0,0.23116088,0
img_00584_p01_2023,1.0,0.9017573,1
img_00584_p02_2023,1.0,0.99109334,1
img_00584_p03_2023,1.0,0.99101526,1
img_00584_p04_2023,1.0,0.97720987,1
img_00584_p05_2023,1.0,0.97842944,1
img_00584_p06_2023,1.0,0.95044655,1
img_00627_p01_2023,1.0,0.9973303,1
img_00627_p02_2023,1.0,0.9978381,1
img_00652_2023,1.0,0.99429494,1
img_00647_2023,1.0,0.59159076,0
img_00649_2023,1.0,0.78157,0
img_00655_2023,1.0,0.98981196,1
img_00657_2023,1.0,0.45670623,0
img_00656_2023,1.0,0.8086203,1
img_00661_2023,1.0,0.98281014,1
img_00646_2023,1.0,0.71897316,0
img_00593_p01_2023,1.0,0.9819697,1
img_00593_p02_2023,1.0,0.9985071,1
img_00593_p03_2023,1.0,0.9979977,1
img_00593_p04_2023,1.0,0.9672133,1
img_00593_p05_2023,1.0,0.9991466,1
img_00593_p06_2023,1.0,0.9950295,1
img_00660_2023,1.0,0.35621646,0
img_00659_2023,1.0,0.98289776,1
img_00662_2023,1.0,0.99842274,1
img_00664_2023,1.0,0.98596406,1
img_00666_2023,1.0,0.8670544,1
img_00663_2023,1.0,0.16330124,0
img_00667_2023,1.0,0.24332117,0
img_00669_2023,1.0,0.94881016,1
img_00671_2023,1.0,0.9650221,1
img_00668_2023,1.0,0.78806734,0
img_00672_2023,1.0,0.48533174,0
img_00675_2023,1.0,0.807893,1
img_00674_2023,1.0,0.86831653,1
img_00594_p02_2023,1.0,0.68779063,0
img_00594_p03_2023,1.0,0.9975255,1
img_00594_p04_2023,1.0,0.4205943,0
img_00594_p05_2023,1.0,0.99566853,1
img_00594_p06_2023,1.0,0.99871016,1
img_00594_p07_2023,1.0,0.9981331,1
img_00594_p08_2023,1.0,0.9927764,1
img_00676_2023,1.0,0.7813759,0
img_00665_2023,1.0,0.71950835,0
img_00679_2023,1.0,0.8669788,1
img_00677_2023,1.0,0.8721908,1
img_00658_p01_2023,1.0,0.7226126,0
img_00658_p02_2023,1.0,0.6478828,0
img_00680_2023,1.0,0.5368876,0
img_00678_2023,1.0,0.27003202,0
img_00683_2023,1.0,0.4738632,0
img_00681_2023,1.0,0.98025346,1
img_00689_2023,1.0,0.94067675,1
img_00686_2023,1.0,0.989734,1
img_00687_2023,1.0,0.25020736,0
img_00691_2023,1.0,0.96926403,1
img_00692_2023,1.0,0.92527,1
img_00684_2023,1.0,0.77064055,0
img_00638_p01_2023,1.0,0.9969837,1
img_00638_p02_2023,1.0,0.99237895,1
img_00638_p03_2023,1.0,0.9957781,1
img_00638_p04_2023,1.0,0.99669576,1
img_00685_2023,1.0,0.9388495,1
img_00695_2023,1.0,0.98341537,1
img_00693_2023,1.0,0.9266261,1
img_00682_p01_2023,1.0,0.87602574,1
img_00682_p02_2023,1.0,0.89306724,1
img_00699_2023,1.0,0.99788123,1
img_00696_2023,1.0,0.8553342,1
img_00702_2023,1.0,0.2099049,0
img_00701_2023,1.0,0.98833686,1
img_00706_2023,1.0,0.96299267,1
img_00704_2023,1.0,0.9336179,1
img_00705_2023,1.0,0.9459289,1
img_00700_2023,1.0,0.43623123,0
img_00697_2023,1.0,0.9756056,1
img_00707_2023,1.0,0.98101735,1
img_00635_p01_2023,1.0,0.9302736,1
img_00635_p02_2023,1.0,0.94016844,1
img_00635_p03_2023,1.0,0.86691314,1
img_00635_p04_2023,1.0,0.76679367,0
img_00635_p05_2023,1.0,0.9311999,1
img_00635_p06_2023,1.0,0.9904171,1
img_00486_p01_2023,1.0,0.75099766,0
img_00486_p02_2023,1.0,0.9982528,1
img_00486_p04_2023,1.0,0.7618809,0
img_00486_p05_2023,1.0,0.99396354,1
img_00486_p06_2023,1.0,0.9990202,1
img_00486_p07_2023,1.0,0.9994622,1
img_00486_p08_2023,1.0,0.9513013,1
img_00486_p09_2023,1.0,0.86308163,1
img_00486_p10_2023,1.0,0.99714786,1
img_00486_p11_2023,1.0,0.9996203,1
img_00486_p12_2023,1.0,0.9800095,1
img_00486_p13_2023,1.0,0.93300617,1
img_00486_p14_2023,1.0,0.99141663,1
img_00486_p15_2023,1.0,0.8848293,1
img_00713_2023,1.0,0.34430796,0
img_00711_2023,1.0,0.41746166,0
img_00714_2023,1.0,0.5940218,0
img_00712_2023,1.0,0.06107442,0
img_00715_2023,1.0,0.81561816,1
img_00716_2023,1.0,0.80102444,1
img_00708_2023,1.0,0.30624062,0
img_00710_2023,1.0,0.698948,0
img_00718_2023,1.0,0.97843516,1
img_00688_p01_2023,1.0,0.9712323,1
img_00688_p02_2023,1.0,0.8611272,1
img_00726_2023,1.0,0.9810486,1
img_00722_2023,1.0,0.48441485,0
img_00723_2023,1.0,0.055030487,0
img_00721_2023,1.0,0.9099065,1
img_00720_2023,1.0,0.99274933,1
img_00725_2023,1.0,0.3476938,0
img_00728_2023,1.0,0.95707715,1
img_00730_2023,1.0,0.8642746,1
img_00612_p04_2023,1.0,0.9770722,1
img_00612_p05_2023,1.0,0.9953431,1
img_00612_p06_2023,1.0,0.17876595,0
img_00612_p07_2023,1.0,0.99747866,1
img_00612_p08_2023,1.0,0.9927988,1
img_00612_p09_2023,1.0,0.023164446,0
img_00719_2023,1.0,0.9493083,1
img_00729_2023,1.0,0.17431556,0
img_00734_2023,1.0,0.43539873,0
img_00731_2023,1.0,0.8386072,1
img_00735_2023,1.0,0.92967105,1
img_00733_2023,1.0,0.6111545,0
img_00737_2023,1.0,0.7539294,0
img_00732_2023,1.0,0.999126,1
img_00736_2023,1.0,0.9776103,1
img_00026_p01_2023,1.0,0.9528598,1
img_00026_p02_2023,1.0,0.9677259,1
img_00026_p03_2023,1.0,0.98894125,1
img_00026_p04_2023,1.0,0.92680687,1
img_00026_p05_2023,1.0,0.99987304,1
img_00026_p06_2023,1.0,0.119602606,0
img_00026_p07_2023,1.0,0.9810265,1
img_00026_p08_2023,1.0,0.99113643,1
img_00026_p09_2023,1.0,0.9974251,1
img_00026_p10_2023,1.0,0.99884254,1
img_00026_p11_2023,1.0,0.9981943,1
img_00026_p12_2023,1.0,0.9994641,1
img_00026_p13_2023,1.0,0.9961163,1
img_00026_p14_2023,1.0,0.99197376,1
img_00026_p15_2023,1.0,0.9949151,1
img_00026_p16_2023,1.0,0.99904186,1
img_00026_p17_2023,1.0,0.59531945,0
img_00026_p18_2023,1.0,0.9991425,1
img_00026_p19_2023,1.0,0.9691759,1
img_00026_p20_2023,1.0,0.95368135,1
img_00026_p21_2023,1.0,0.9038555,1
img_00026_p24_2023,1.0,0.94624215,1
img_00026_p25_2023,1.0,0.99939394,1
img_00738_2023,1.0,0.4664206,0
img_00717_p01_2023,1.0,0.05925097,0
img_00717_p02_2023,1.0,0.85473216,1
img_00743_2023,1.0,0.53977764,0
img_00739_2023,1.0,0.07575792,0
img_00740_2023,1.0,0.7516893,0
img_00744_2023,1.0,0.9901258,1
img_00741_2023,1.0,0.9666186,1
img_00742_2023,1.0,0.96730465,1
img_00746_2023,1.0,0.9745461,1
img_00747_2023,1.0,0.871367,1
img_00745_2023,1.0,0.34625453,0
img_00749_2023,1.0,0.9684817,1
img_00670_p01_2023,1.0,0.8748431,1
img_00670_p02_2023,1.0,0.40527394,0
img_00670_p03_2023,1.0,0.99013114,1
img_00670_p04_2023,1.0,0.98966765,1
img_00670_p05_2023,1.0,0.99581665,1
img_00670_p06_2023,1.0,0.79099053,0
img_00752_2023,1.0,0.09608066,0
img_00750_2023,1.0,0.8795881,1
img_00748_2023,1.0,0.6812505,0
img_00751_2023,1.0,0.9590046,1
img_00727_p01_2023,1.0,0.9836596,1
img_00727_p02_2023,1.0,0.987392,1
img_00754_2023,1.0,0.12774861,0
img_00758_2023,1.0,0.20375118,0
img_00756_2023,1.0,0.87035674,1
img_00764_2023,1.0,0.59723336,0
img_00690_p01_2023,1.0,0.9991879,1
img_00690_p02_2023,1.0,0.996067,1
img_00690_p03_2023,1.0,0.98364776,1
img_00690_p04_2023,1.0,0.99743736,1
img_00765_2023,1.0,0.9040174,1
img_00759_2023,1.0,0.25183865,0
img_00762_2023,1.0,0.80298936,1
img_00770_2023,1.0,0.9237613,1
img_00773_2023,1.0,0.035562612,0
img_00769_2023,1.0,0.9115898,1
img_00771_2023,1.0,0.84532124,1
img_00772_2023,1.0,0.71136296,0
img_00775_2023,1.0,0.9098227,1
img_00776_2023,1.0,0.9879799,1
img_00784_2023,1.0,0.89637,1
img_00761_2023,1.0,0.03462014,0
img_00777_2023,1.0,0.55772656,0
img_00787_2023,1.0,0.902484,1
img_00778_2023,1.0,0.97119653,1
img_00768_p01_2023,1.0,0.9838334,1
img_00768_p02_2023,1.0,0.9831424,1
img_00798_2023,0.0,0.004665765,0
img_00799_2023,0.0,0.004517939,0
img_00802_2023,0.0,0.001926986,0
img_00800_2023,0.0,0.0033898123,0
img_00811_2023,0.0,0.011611976,0
img_00803_2023,0.0,0.0014741324,0
img_00724_p01_2023,1.0,0.99743736,1
img_00724_p02_2023,1.0,0.6770438,0
img_00724_p03_2023,1.0,0.7333535,0
img_00724_p04_2023,1.0,0.8354823,1
img_00805_2023,0.0,0.021616453,0
img_00809_2023,0.0,0.045337677,0
img_00804_2023,0.0,0.008147443,0
img_00808_2023,0.0,0.053558897,0
img_00806_2023,0.0,0.0056884284,0
img_00816_2023,0.0,0.019503308,0
img_00810_2023,0.0,0.0012494476,0
img_00820_2023,0.0,0.0028968786,0
img_00821_2023,0.0,0.23518611,0
img_00822_2023,0.0,0.003022695,0
img_00826_2023,0.0,0.0056885467,0
img_00825_2023,0.0,0.0029558716,0
img_00830_2023,0.0,0.0032433283,0
img_00833_2023,0.0,0.009100255,0
img_00831_2023,0.0,0.0071999687,0
img_00827_2023,0.0,0.003105363,0
img_00837_2023,0.0,0.004297835,0
img_00836_2023,0.0,0.008601345,0
img_00842_2023,0.0,0.008750669,0
img_00840_2023,0.0,0.0013647894,0
img_00841_2023,0.0,0.0046083666,0
img_00847_2023,0.0,0.0012012183,0
img_00852_2023,0.0,0.009446775,0
img_00849_2023,0.0,0.0047521703,0
img_00853_2023,0.0,0.0070135817,0
img_00851_2023,0.0,0.00093804055,0
img_00855_2023,0.0,0.0010806472,0
img_00786_p01_2023,1.0,0.96570563,1
img_00786_p02_2023,1.0,0.9596224,1
img_00786_p03_2023,1.0,0.9979938,1
img_00786_p04_2023,1.0,0.9944159,1
img_00857_2023,0.0,0.003846278,0
img_00863_2023,0.0,0.0020180438,0
img_00864_2023,0.0,0.010995511,0
img_00866_2023,0.0,0.007783614,0
img_00870_2023,0.0,0.00087803905,0
img_00869_2023,0.0,0.03923904,0
img_00873_2023,0.0,0.0047776024,0
img_00861_2023,0.0,0.009386354,0
img_00871_2023,0.0,0.010753717,0
img_00876_2023,0.0,0.001903965,0
img_00813_p01_2023,0.0,0.0009107527,0
img_00813_p02_2023,0.0,0.012484655,0
img_00813_p03_2023,0.0,0.00085556303,0
img_00813_p04_2023,0.0,0.0031296664,0
img_00874_2023,0.0,0.01700034,0
img_00880_2023,0.0,0.0057537095,0
img_00834_p01_2023,0.0,0.0005477066,0
img_00834_p04_2023,0.0,0.0014054198,0
img_00883_2023,0.0,0.013974377,0
img_00848_p01_2023,0.0,0.00469994,0
img_00848_p02_2023,0.0,0.0026399624,0
img_00848_p03_2023,0.0,0.0020671112,0
img_00848_p04_2023,0.0,0.002139115,0
img_00885_2023,0.0,0.0054428023,0
img_00879_2023,0.0,0.008220451,0
img_00884_2023,0.0,0.001984366,0
img_00881_2023,0.0,0.33601427,0
img_00889_2023,0.0,0.00650304,0
img_00818_p01_2023,0.0,0.0005069649,0
img_00818_p02_2023,0.0,0.009162291,0
img_00818_p03_2023,0.0,0.00492309,0
img_00818_p04_2023,0.0,0.0025621916,0
img_00896_2023,0.0,0.005798333,0
img_00878_p01_2023,0.0,0.009197504,0
img_00878_p02_2023,0.0,0.0074774483,0
img_00824_p04_2023,0.0,0.00069760816,0
img_00824_p05_2023,0.0,0.00049311074,0
img_00891_2023,0.0,0.005330003,0
img_00900_2023,0.0,0.0025670219,0
img_00914_2023,0.0,0.006282926,0
img_00911_2023,0.0,0.001287858,0
img_00902_2023,0.0,0.0038034823,0
img_00906_2023,0.0,0.006678813,0
img_00903_2023,0.0,0.001537685,0
img_00913_2023,0.0,0.0020896571,0
img_00908_2023,0.0,0.0039501204,0
img_00910_2023,0.0,0.0155192735,0
img_00916_2023,0.0,0.0090034455,0
img_00918_2023,0.0,0.0068126856,0
img_00922_2023,0.0,0.015296081,0
img_00872_p02_2023,0.0,0.011958259,0
img_00872_p04_2023,0.0,0.0053155096,0
img_00905_p01_2023,0.0,0.008225705,0
img_00905_p02_2023,0.0,0.021283135,0
img_00928_2023,0.0,0.006544561,0
img_00931_2023,0.0,0.009754129,0
img_00926_2023,0.0,0.013041231,0
img_00909_p03_2023,0.0,0.0041514584,0
img_00886_p01_2023,0.0,0.021582881,0
img_00886_p02_2023,0.0,0.0028274083,0
img_00886_p03_2023,0.0,0.013566188,0
img_00886_p04_2023,0.0,0.0049424013,0
img_00925_2023,0.0,0.002696056,0
img_00935_2023,0.0,0.0034952527,0
img_00934_2023,0.0,0.011444107,0
img_00936_2023,0.0,0.002499652,0
img_00939_2023,0.0,0.020010857,0
img_00930_2023,0.0,0.005713801,0
img_00941_2023,0.0,0.009690032,0
img_00944_2023,0.0,0.0018497162,0
img_00940_2023,0.0,0.004763089,0
img_00953_2023,0.0,0.0024486575,0
img_00955_2023,0.0,0.006947722,0
img_00952_2023,0.0,0.0015220245,0
img_00958_2023,0.0,0.012461137,0
img_00959_2023,0.0,0.015975604,0
img_00957_2023,0.0,0.007264659,0
img_00961_2023,0.0,0.0325003,0
img_00962_2023,0.0,0.0029588507,0
img_00956_2023,0.0,0.005058762,0
img_00964_2023,0.0,0.483827,0
img_00965_2023,0.0,0.0022776958,0
img_00975_2023,0.0,0.0074000712,0
img_00976_2023,0.0,0.6153145,0
img_00972_2023,0.0,0.005757874,0
img_00978_2023,0.0,0.014154742,0
img_00632_p02_2023,1.0,0.55402166,0
img_00632_p09_2023,1.0,0.24277358,0
img_00632_p10_2023,1.0,0.97562224,1
img_00632_p11_2023,1.0,0.99880755,1
img_00632_p12_2023,1.0,0.92523825,1
img_00632_p14_2023,1.0,0.9986474,1
img_00632_p15_2023,1.0,0.99554306,1
img_00632_p16_2023,1.0,0.99792,1
img_00632_p17_2023,1.0,0.99583024,1
img_00632_p18_2023,1.0,0.013757386,0
img_00963_p01_2023,0.0,0.012015018,0
img_00963_p02_2023,0.0,0.025738705,0
img_00981_2023,0.0,0.049751848,0
img_00971_2023,0.0,0.003646285,0
img_00973_2023,0.0,0.0037091412,0
img_00984_2023,0.0,0.07763198,0
img_00983_2023,0.0,0.009971423,0
img_00988_2023,0.0,0.056836184,0
img_00990_2023,0.0,0.013882939,0
img_00991_2023,0.0,0.0045748977,0
img_00992_2023,0.0,0.014118179,0
img_00995_2023,0.0,0.01096134,0
img_00993_2023,0.0,0.0070279757,0
img_00998_2023,0.0,0.56396425,0
img_00985_2023,0.0,0.01589579,0
img_00996_2023,0.0,0.019695932,0
img_00949_p03_2023,0.0,0.0045316014,0
img_00949_p04_2023,0.0,0.005707834,0
img_01002_2023,0.0,0.001110653,0
img_01005_2023,0.0,0.034372274,0
img_01003_2023,0.0,0.4826958,0
img_01014_2023,0.0,0.03522074,0
img_01009_2023,0.0,0.008067389,0
img_01015_2023,0.0,0.0018596435,0
img_01013_2023,0.0,0.0075283176,0
img_01020_2023,0.0,0.0038691096,0
img_01016_2023,0.0,0.0033509312,0
img_01019_2023,0.0,0.0021194133,0
img_01021_2023,0.0,0.00076345634,0
img_01018_2023,0.0,0.018639194,0
img_00967_p01_2023,0.0,0.0027229607,0
img_00967_p02_2023,0.0,0.0021756855,0
img_00967_p03_2023,0.0,0.0021613315,0
img_00967_p04_2023,0.0,0.011117168,0
img_01025_2023,0.0,0.010183149,0
img_01023_2023,0.0,0.0056341505,0
img_01031_2023,0.0,0.011696862,0
img_01028_2023,0.0,0.06528265,0
img_01034_2023,0.0,0.0019879125,0
img_01033_2023,0.0,0.0034710746,0
img_01035_2023,0.0,0.0013432231,0
img_01038_2023,0.0,0.0048645632,0
img_00954_p01_2023,0.0,0.0020759522,0
img_00954_p02_2023,0.0,0.004341329,0
img_00954_p03_2023,0.0,0.0019413567,0
img_00954_p04_2023,0.0,0.004714989,0
img_01027_2023,0.0,0.017810645,0
img_01041_2023,0.0,0.00057476974,0
img_01044_2023,0.0,0.006193888,0
img_01045_2023,0.0,0.0050268588,0
img_01051_2023,0.0,0.0035920765,0
img_01053_2023,0.0,0.0050925366,0
img_01043_2023,0.0,0.0033707332,0
img_01054_2023,0.0,0.008448343,0
img_01049_2023,0.0,0.029781172,0
img_01030_p01_2023,0.0,0.010326369,0
img_01030_p02_2023,0.0,0.0051877387,0
img_01055_2023,0.0,0.0019314325,0
img_01062_2023,0.0,0.014466889,0
img_01064_2023,0.0,0.017775377,0
img_01065_2023,0.0,0.0066865487,0
img_01066_2023,0.0,0.05988366,0
img_01071_2023,0.0,0.0024762661,0
img_01075_2023,0.0,0.003439372,0
img_01077_2023,0.0,0.32331413,0
img_01073_2023,0.0,0.020865103,0
img_01074_2023,0.0,0.012953463,0
img_01079_2023,0.0,0.0052324864,0
img_01080_2023,0.0,0.0011710196,0
img_01082_2023,0.0,0.020434624,0
img_01084_2023,0.0,0.0011623142,0
img_01085_2023,0.0,0.018137326,0
img_01088_2023,0.0,0.006616264,0
img_01063_2023,0.0,0.002820489,0
img_01081_2023,0.0,0.0017259717,0
img_01089_2023,0.0,0.0057165786,0
img_01086_2023,0.0,0.0067389994,0
img_01094_2023,0.0,0.010873816,0
img_01092_2023,0.0,0.06548705,0
img_01087_2023,0.0,0.020503316,0
img_01098_2023,0.0,0.0026178914,0
img_01100_2023,0.0,0.0021184476,0
img_01069_p01_2023,0.0,0.0005304918,0
img_01069_p02_2023,0.0,0.0026033833,0
img_01102_2023,0.0,0.0036915021,0
img_01101_2023,0.0,0.0052994685,0
img_01108_2023,0.0,0.0036637331,0
img_01107_2023,0.0,0.017530397,0
img_01103_2023,0.0,0.007869801,0
img_01112_2023,0.0,0.0042888615,0
img_01117_2023,0.0,0.02909873,0
img_01119_2023,0.0,0.0070183654,0
img_01118_2023,0.0,0.025886692,0
img_01122_2023,0.0,0.0075122337,0
img_01124_2023,0.0,0.002635439,0
img_01039_p01_2023,0.0,0.006490996,0
img_01039_p02_2023,0.0,0.0059892572,0
img_01039_p04_2023,0.0,0.026443094,0
img_01128_2023,0.0,0.018473234,0
img_01127_2023,0.0,0.030027032,0
img_01123_2023,0.0,0.0036646903,0
img_01125_2023,0.0,0.0029189012,0
img_01126_2023,0.0,0.001879759,0
img_01133_2023,0.0,0.014709873,0
img_01137_2023,0.0,0.008093569,0
img_01141_2023,0.0,0.0044505238,0
img_01143_2023,0.0,0.006283155,0
img_01142_2023,0.0,0.0017436882,0
img_01145_2023,0.0,0.010631997,0
img_01140_2023,0.0,0.016465018,0
img_01152_2023,0.0,0.0020000488,0
img_01148_2023,0.0,0.004225327,0
img_01144_2023,0.0,0.011859836,0
img_01155_2023,0.0,0.001271083,0
img_01159_2023,0.0,0.0024902723,0
img_01156_2023,0.0,0.0021021962,0
img_01160_2023,0.0,0.0018588207,0
img_01134_p01_2023,0.0,0.0015646688,0
img_01134_p02_2023,0.0,0.00047364997,0
img_01161_2023,0.0,0.027120406,0
img_01164_2023,0.0,0.018070275,0
img_01170_2023,0.0,0.0049269972,0
img_01136_2023,0.0,0.0037121451,0
img_01173_2023,0.0,0.009716062,0
img_01167_2023,0.0,0.04507319,0
img_01178_2023,0.0,0.01283764,0
img_01177_2023,0.0,0.012264122,0
img_01179_2023,0.0,0.012072873,0
img_01168_2023,0.0,0.017833272,0
img_01183_2023,0.0,0.005069268,0
img_01186_2023,0.0,0.0033473691,0
img_01175_2023,0.0,0.004375512,0
img_01182_2023,0.0,0.033372436,0
img_01181_2023,0.0,0.0056986995,0
img_01192_2023,0.0,0.006510062,0
img_01190_2023,0.0,0.043613516,0
img_01197_2023,0.0,0.0028796103,0
img_01198_2023,0.0,0.00770632,0
img_01201_2023,0.0,0.070031755,0
img_01193_2023,0.0,0.0023228973,0
img_01165_p01_2023,0.0,0.0046825428,0
img_01165_p02_2023,0.0,0.007831721,0
img_01196_2023,0.0,0.0059318957,0
img_01200_2023,0.0,0.00203734,0
img_01204_2023,0.0,0.0011899866,0
img_01209_2023,0.0,0.005024257,0
img_01212_2023,0.0,0.0017746844,0
img_01205_2023,0.0,0.0023715228,0
img_01210_2023,0.0,0.0008252445,0
img_01220_2023,0.0,0.01729982,0
img_01213_2023,0.0,0.007617313,0
img_01218_2023,0.0,0.014098342,0
img_01215_2023,0.0,0.0077320584,0
img_01216_2023,0.0,0.0005610743,0
img_01217_2023,0.0,0.0005075376,0
img_01219_2023,0.0,0.0060114632,0
img_01222_2023,0.0,0.033429384,0
img_01221_2023,0.0,0.0076102116,0
img_01229_2023,0.0,0.0030993035,0
img_01224_2023,0.0,0.004671014,0
img_01195_p02_2023,0.0,0.001713142,0
img_01233_2023,0.0,0.0025923883,0
img_01231_2023,0.0,0.017157126,0
img_01236_2023,0.0,0.0030720353,0
img_01238_2023,0.0,0.15754913,0
img_01214_p01_2023,0.0,0.0014639525,0
img_01214_p02_2023,0.0,0.011166079,0
img_01243_2023,0.0,0.040417828,0
img_01246_2023,0.0,0.0042256545,0
img_01244_2023,0.0,0.02568016,0
img_01248_2023,0.0,0.0008774482,0
img_01254_2023,0.0,0.0040982007,0
img_01257_2023,0.0,0.004455523,0
img_01258_2023,0.0,0.014583394,0
img_01249_2023,0.0,0.0033785338,0
img_01253_2023,0.0,0.002908315,0
img_01247_2023,0.0,0.01120302,0
img_01263_2023,0.0,0.0062449337,0
img_01255_2023,0.0,0.0057523325,0
img_01267_2023,0.0,0.078403056,0
img_01268_2023,0.0,0.0076852147,0
img_01269_2023,0.0,0.034050602,0
img_01271_2023,0.0,0.0018380161,0
img_01273_2023,0.0,0.0054381713,0
img_01275_2023,0.0,0.0028271757,0
img_01262_2023,0.0,0.004432231,0
img_01276_2023,0.0,0.0073420554,0
img_01282_2023,0.0,0.008566548,0
img_01281_2023,0.0,0.011177382,0
img_01280_2023,0.0,0.0015703817,0
img_01286_2023,0.0,0.0186086,0
img_01279_2023,0.0,0.0008629313,0
img_01291_2023,0.0,0.0078115445,0
img_01290_2023,0.0,0.0014120007,0
img_01076_p01_2023,0.0,0.001319083,0
img_01076_p02_2023,0.0,0.008881709,0
img_01076_p03_2023,0.0,0.018849041,0
img_01076_p04_2023,0.0,0.0001050285,0
img_01076_p05_2023,0.0,0.0011647891,0
img_01076_p06_2023,0.0,0.0038467878,0
img_01076_p07_2023,0.0,0.008569529,0
img_01076_p08_2023,0.0,0.0022308421,0
img_01076_p09_2023,0.0,0.021787882,0
img_01076_p10_2023,0.0,0.0018131722,0
img_01301_2023,0.0,0.0022660086,0
img_01295_2023,0.0,0.07030307,0
img_01298_2023,0.0,0.0063729635,0
img_01299_2023,0.0,0.0029434955,0
img_01304_2023,0.0,0.0019007139,0
img_01311_2023,0.0,0.08657292,0
img_01312_2023,0.0,0.0014819956,0
img_01308_2023,0.0,0.001045722,0
img_01316_2023,0.0,0.0010545242,0
img_01292_p01_2023,0.0,0.0024332718,0
img_01292_p02_2023,0.0,0.0011876567,0
img_01313_2023,0.0,0.0034073892,0
img_01315_2023,0.0,0.008457982,0
img_01310_2023,0.0,0.0036613024,0
img_01321_2023,0.0,0.04249124,0
img_01317_2023,0.0,0.00054569024,0
img_01302_p01_2023,0.0,0.010507795,0
img_01322_2023,0.0,0.0024611321,0
img_01289_p01_2023,0.0,0.032403223,0
img_01289_p02_2023,0.0,0.0018122689,0
img_01319_2023,0.0,0.01301965,0
img_01320_2023,0.0,0.0025048926,0
img_01328_2023,0.0,0.01543726,0
img_01323_2023,0.0,0.27742323,0
img_01327_2023,0.0,0.0009654519,0
img_01339_2023,0.0,0.0049476596,0
img_01337_2023,0.0,0.011826966,0
img_01338_2023,0.0,0.0035819444,0
img_01341_2023,0.0,0.029239902,0
img_01332_2023,0.0,0.0133408485,0
img_01343_2023,0.0,0.0038844526,0
img_01334_2023,0.0,0.003466415,0
img_01335_2023,0.0,0.0031256806,0
img_01318_p01_2023,0.0,0.006349996,0
img_01345_2023,0.0,0.01738467,0
img_01350_2023,0.0,0.0074488665,0
img_01347_2023,0.0,0.002784973,0
img_01352_2023,0.0,0.0032806138,0
img_01355_2023,0.0,0.018345123,0
img_01358_2023,0.0,0.0044684224,0
img_01348_2023,0.0,0.003899854,0
img_01359_2023,0.0,0.026226407,0
img_01364_2023,0.0,0.0029140909,0
img_01360_2023,0.0,0.00817336,0
img_01363_2023,0.0,0.0018994206,0
img_01368_2023,0.0,0.0027711552,0
img_01354_2023,0.0,0.21914665,0
img_01353_2023,0.0,0.0037993004,0
img_01351_2023,0.0,0.0025429658,0
img_01366_2023,0.0,0.0015760236,0
img_01372_2023,0.0,0.0018052591,0
img_01374_2023,0.0,0.0067708795,0
img_01367_2023,0.0,0.0008781014,0
img_01370_2023,0.0,0.020541517,0
img_01369_2023,0.0,0.014140145,0
img_01356_2023,0.0,0.0018300383,0
img_01375_2023,0.0,0.0027893612,0
img_01380_2023,0.0,0.0033490132,0
img_01390_2023,0.0,0.012595999,0
img_01389_2023,0.0,0.009146007,0
img_01392_2023,0.0,0.019537961,0
img_01386_2023,0.0,0.0030461955,0
img_01393_2023,0.0,0.012480099,0
img_01396_2023,0.0,0.0057648416,0
img_01397_2023,0.0,0.007314936,0
img_01399_2023,0.0,0.028492568,0
img_01384_2023,0.0,0.00370483,0
img_01398_2023,0.0,0.0031829118,0
img_01378_p02_2023,0.0,0.0021361632,0
img_01388_2023,0.0,0.0084203435,0
img_01394_2023,0.0,0.013368732,0
img_01405_2023,0.0,0.005496899,0
img_01402_2023,0.0,0.0013076693,0
img_01404_2023,0.0,0.008460638,0
img_01412_2023,0.0,0.00791472,0
img_01413_2023,0.0,0.007349673,0
img_01414_2023,0.0,0.0042359675,0
img_01408_2023,0.0,0.0011813771,0
img_01379_2023,0.0,0.0034093214,0
img_01416_2023,0.0,0.18201992,0
img_01423_2023,0.0,0.00034984908,0
img_01418_2023,0.0,0.016319212,0
img_01417_2023,0.0,0.0035623396,0
img_01419_2023,0.0,0.006343819,0
img_01426_2023,0.0,0.009946111,0
img_01422_2023,0.0,0.025133306,0
img_01421_2023,0.0,0.0039986423,0
img_01420_2023,0.0,0.0069011874,0
img_01431_2023,0.0,0.6529932,0
img_01427_2023,0.0,0.014366446,0
img_01429_2023,0.0,0.01481662,0
img_01435_2023,0.0,0.0038945023,0
img_01433_2023,0.0,0.0019362018,0
img_01442_2023,0.0,0.006118912,0
img_01425_2023,0.0,0.0067266296,0
img_01440_2023,0.0,0.007067649,0
img_01436_2023,0.0,0.004497114,0
img_01376_p01_2023,0.0,0.02392805,0
img_01376_p03_2023,0.0,0.080664344,0
img_01376_p04_2023,0.0,0.00081189844,0
img_01445_2023,0.0,0.0054778014,0
img_01443_2023,0.0,0.014445054,0
img_01441_2023,0.0,0.0025806502,0
img_01446_2023,0.0,0.0031146116,0
img_01349_p01_2023,0.0,0.0047744135,0
img_01349_p02_2023,0.0,0.0047520576,0
img_01349_p03_2023,0.0,0.016539264,0
img_01349_p04_2023,0.0,0.008943862,0
img_01377_p01_2023,0.0,0.009983542,0
img_01377_p02_2023,0.0,0.018383168,0
img_01377_p03_2023,0.0,0.003259635,0
img_01377_p04_2023,0.0,0.010283427,0
img_01377_p05_2023,0.0,0.0060503976,0
img_01377_p06_2023,0.0,0.005775346,0
img_01452_2023,0.0,0.00083882257,0
img_01453_2023,0.0,0.012328051,0
img_01455_2023,0.0,0.002549549,0
img_01449_2023,0.0,0.04327684,0
img_01448_2023,0.0,0.009288913,0
img_01460_2023,0.0,0.013284115,0
img_01458_2023,0.0,0.0024567929,0
img_01462_2023,0.0,0.004594978,0
img_01461_2023,0.0,0.0035152696,0
img_01464_2023,0.0,0.025848284,0
img_01463_2023,0.0,0.0018180462,0
img_01471_2023,0.0,0.12449882,0
img_01472_2023,0.0,0.0022801189,0
img_01465_2023,0.0,0.0060321703,0
img_01469_2023,0.0,0.001742281,0
img_01475_2023,0.0,0.14726914,0
img_01473_2023,0.0,0.037583247,0
img_01476_2023,0.0,0.007992073,0
img_01480_2023,0.0,0.018648041,0
img_01482_2023,0.0,0.005809496,0
img_01468_2023,0.0,0.0706057,0
img_01486_2023,0.0,0.00063270255,0
img_01478_2023,0.0,0.009988289,0
img_01474_2023,0.0,0.005033235,0
img_01479_2023,0.0,0.0046494864,0
img_01487_2023,0.0,0.0012240019,0
img_01495_2023,0.0,0.004939457,0
img_01481_2023,0.0,0.0004854232,0
img_01501_2023,0.0,0.008946449,0
img_01496_2023,0.0,0.00022723526,0
img_01503_2023,0.0,0.0006163762,0
img_01505_2023,0.0,0.001795397,0
img_01508_2023,0.0,0.0073867873,0
img_01498_2023,0.0,0.00318247,0
img_01499_2023,0.0,0.005786824,0
img_01507_2023,0.0,0.023517473,0
img_01504_2023,0.0,0.00037436173,0
img_01511_2023,0.0,0.0048220158,0
img_01510_2023,0.0,0.0007104946,0
img_01502_2023,0.0,0.018133735,0
img_01489_p01_2023,0.0,0.015975237,0
img_01489_p02_2023,0.0,0.0017304552,0
img_01515_2023,0.0,0.0054406454,0
img_01516_2023,0.0,0.012339035,0
img_01522_2023,0.0,0.020935232,0
img_01527_2023,0.0,0.016752187,0
img_01529_2023,0.0,0.0006245197,0
img_01521_2023,0.0,0.018512182,0
img_01526_2023,0.0,0.010304492,0
img_01533_2023,0.0,0.004916134,0
img_01537_2023,0.0,0.011328309,0
img_01540_2023,0.0,0.0016389429,0
img_01546_2023,0.0,0.0016022873,0
img_01534_2023,0.0,0.0075056884,0
img_01544_2023,0.0,0.011150826,0
img_01542_2023,0.0,0.0018869054,0
img_01545_2023,0.0,0.016428247,0
img_01518_2023,0.0,0.0018615219,0
img_01553_2023,0.0,0.013337798,0
img_01555_2023,0.0,0.9426137,1
img_01547_2023,0.0,0.002905128,0
img_01557_2023,0.0,0.0068575656,0
img_01558_2023,0.0,0.49672297,0
img_01556_2023,0.0,0.0016664007,0
img_01562_2023,0.0,0.009343736,0
img_01568_2023,0.0,0.0060264664,0
img_01561_2023,0.0,0.00020147294,0
img_01565_2023,0.0,0.008706683,0
img_01569_2023,0.0,0.015434925,0
img_01578_2023,0.0,0.0057697166,0
img_01567_2023,0.0,0.004069838,0
img_01571_2023,0.0,0.0067146006,0
img_01583_2023,0.0,0.044533145,0
img_01579_2023,0.0,0.0017434682,0
img_01582_2023,0.0,0.36762458,0
img_01586_2023,0.0,0.004758457,0
img_01590_2023,0.0,0.0014611996,0
img_01594_2023,0.0,0.0009445907,0
img_01595_2023,0.0,0.00218564,0
img_01604_2023,0.0,0.022749724,0
img_01603_2023,0.0,0.0004943445,0
img_01601_2023,0.0,0.0025187547,0
img_01600_2023,0.0,0.004837564,0
img_01605_2023,0.0,0.005958204,0
img_01598_2023,0.0,0.022349648,0
img_01607_2023,0.0,0.018702248,0
img_01608_2023,0.0,0.023954151,0
img_01596_2023,0.0,0.004308608,0
img_01609_2023,0.0,0.0066229803,0
img_01618_2023,0.0,0.0033464069,0
img_01549_p01_2023,0.0,0.0053639216,0
img_01549_p02_2023,0.0,0.001217894,0
img_01610_2023,0.0,0.0009794426,0
img_01613_2023,0.0,0.0013390152,0
img_01615_2023,0.0,0.11216245,0
img_01626_2023,0.0,0.008170777,0
img_01627_2023,0.0,0.0026773596,0
img_01606_p01_2023,0.0,0.003463343,0
img_01606_p02_2023,0.0,0.0006185607,0
img_01622_2023,0.0,0.0051089404,0
img_01636_2023,0.0,0.0031399198,0
img_01632_2023,0.0,0.0014732764,0
img_01635_2023,0.0,0.0011253936,0
img_01633_2023,0.0,0.0032109441,0
img_01638_2023,0.0,0.0055117956,0
img_01640_2023,0.0,0.007030582,0
img_01631_2023,0.0,0.0046476065,0
img_01643_2023,0.0,0.02324572,0
img_01642_2023,0.0,0.015086495,0
img_01645_2023,0.0,0.00091278634,0
img_01652_2023,0.0,0.002869443,0
img_01648_2023,0.0,0.00984821,0
img_01543_p01_2023,0.0,0.07897573,0
img_01543_p02_2023,0.0,0.025217202,0
img_01543_p03_2023,0.0,0.026305813,0
img_01543_p04_2023,0.0,0.013778689,0
img_01543_p05_2023,0.0,0.081846766,0
img_01543_p06_2023,0.0,0.008475003,0
img_01653_2023,0.0,0.0035369347,0
img_01634_2023,0.0,0.0026225036,0
img_01655_2023,0.0,0.0032017482,0
img_01663_2023,0.0,0.006491535,0
img_01657_2023,0.0,0.0042823018,0
img_01660_2023,0.0,0.009087163,0
img_01668_2023,0.0,0.008549802,0
img_01665_2023,0.0,0.0063496353,0
img_01672_2023,0.0,0.30165747,0
img_01678_2023,0.0,0.006835262,0
img_01675_2023,0.0,0.00397014,0
img_01681_2023,0.0,0.0033519554,0
img_01682_2023,0.0,0.0028328637,0
img_01680_2023,0.0,0.005284704,0
img_01685_2023,0.0,0.005909038,0
img_01624_p01_2023,0.0,0.00037833466,0
img_01624_p02_2023,0.0,0.0038803238,0
img_01624_p03_2023,0.0,0.0021099548,0
img_01624_p04_2023,0.0,0.0007035053,0
img_01688_2023,0.0,0.01343891,0
img_01686_2023,0.0,0.04148557,0
img_01687_2023,0.0,0.11247719,0
img_01674_p02_2023,0.0,0.005021243,0
img_01692_2023,0.0,0.005071854,0
img_01679_p01_2023,0.0,0.0015399071,0
img_01679_p02_2023,0.0,0.0025780543,0
img_01695_2023,0.0,0.0017074414,0
img_01694_2023,0.0,0.0015591127,0
img_01690_2023,0.0,0.002060997,0
img_01697_2023,0.0,0.0068636932,0
img_01699_2023,0.0,0.055690967,0
img_01700_2023,0.0,0.01666179,0
img_01704_2023,0.0,0.006631164,0
img_01708_2023,0.0,0.0069110636,0
img_01702_2023,0.0,0.0037177594,0
img_01703_2023,0.0,0.0056205187,0
img_01707_2023,0.0,0.009239022,0
img_01711_2023,0.0,0.010439971,0
img_01705_2023,0.0,0.0011217693,0
img_01709_2023,0.0,0.0013522472,0
img_01710_2023,0.0,0.012583895,0
img_01712_2023,0.0,0.0029562495,0
img_01715_2023,0.0,0.06571066,0
img_01714_2023,0.0,0.0053024734,0
img_01717_2023,0.0,0.013884818,0
img_01723_2023,0.0,0.0071215974,0
img_01719_2023,0.0,0.007310681,0
img_01722_2023,0.0,0.007253384,0
img_01725_2023,0.0,0.014091192,0
img_01718_2023,0.0,0.0051736403,0
img_01724_2023,0.0,0.0044491207,0
img_01728_2023,0.0,0.0038703983,0
img_01727_2023,0.0,0.03360688,0
img_01730_2023,0.0,0.340484,0
img_01732_2023,0.0,0.12495257,0
img_01735_2023,0.0,0.007618041,0
img_01720_2023,0.0,0.009308122,0
img_01741_2023,0.0,0.75693953,0
img_01733_2023,0.0,0.002585225,0
img_01736_2023,0.0,0.0025005012,0
img_01742_2023,0.0,0.004253488,0
img_01740_2023,0.0,0.0058361306,0
img_01738_2023,0.0,0.005489251,0
img_01739_2023,0.0,0.0153704565,0
img_01746_2023,0.0,0.012328457,0
img_01745_2023,0.0,0.006527352,0
img_01755_2023,0.0,0.04509314,0
img_01752_2023,0.0,0.00093520276,0
img_01760_2023,0.0,0.0044664987,0
img_01750_2023,0.0,0.0039308006,0
img_01753_2023,0.0,0.002234897,0
img_01761_2023,0.0,0.0007922941,0
img_01759_2023,0.0,0.0038477494,0
img_01769_2023,0.0,0.090567626,0
img_01767_2023,0.0,0.004873676,0
img_01773_2023,0.0,0.0066152923,0
img_01774_2023,0.0,0.0021784843,0
img_01779_2023,0.0,0.0024045648,0
img_01768_2023,0.0,0.0040545324,0
img_01780_2023,0.0,0.01580689,0
img_01734_p01_2023,0.0,0.075229384,0
img_01734_p02_2023,0.0,0.14288194,0
img_01734_p03_2023,0.0,0.044140015,0
img_01777_2023,0.0,0.005568734,0
img_01782_2023,0.0,0.013934781,0
img_01787_2023,0.0,0.015514095,0
img_01776_2023,0.0,0.009790632,0
img_01786_2023,0.0,0.0059249657,0
img_01784_2023,0.0,0.0013788162,0
img_01788_2023,0.0,0.001172465,0
img_01791_2023,0.0,0.008400445,0
img_01790_2023,0.0,0.003616534,0
img_01792_2023,0.0,0.009410541,0
img_01785_2023,0.0,0.004317655,0
img_01794_2023,0.0,0.0005367847,0
img_01795_2023,0.0,0.004715864,0
img_01799_2023,0.0,0.005043679,0
img_01666_p01_2023,0.0,0.06268331,0
img_01666_p02_2023,0.0,0.00451845,0
img_01666_p03_2023,0.0,0.0101418225,0
img_01666_p04_2023,0.0,0.0027956672,0
img_01666_p05_2023,0.0,0.00040359102,0
img_01666_p06_2023,0.0,0.0027872187,0
img_01666_p07_2023,0.0,0.009146663,0
img_01798_2023,0.0,0.0018793322,0
img_01800_2023,0.0,0.0038300885,0
img_01802_2023,0.0,0.01057023,0
img_01813_2023,0.0,0.0018377634,0
img_01806_2023,0.0,0.004546887,0
img_01805_2023,0.0,0.0052404474,0
img_01812_2023,0.0,0.005317055,0
img_01815_2023,0.0,0.003323195,0
img_01818_2023,0.0,0.0043648225,0
img_01572_p06_2023,0.0,0.00093286176,0
img_01572_p07_2023,0.0,0.0074619185,0
img_01572_p08_2023,0.0,0.007793029,0
img_01572_p09_2023,0.0,0.004059646,0
img_01572_p10_2023,0.0,0.008137842,0
img_01572_p12_2023,0.0,0.013048825,0
img_01821_2023,0.0,0.051408138,0
img_01826_2023,0.0,0.0056775995,0
img_01822_2023,0.0,0.004591285,0
img_01827_2023,0.0,0.0010547271,0
img_01823_2023,0.0,0.013495591,0
img_01834_2023,0.0,0.8174241,1
img_01829_2023,0.0,0.014744878,0
img_01831_2023,0.0,0.007920574,0
img_01808_p01_2023,0.0,0.02321584,0
img_01808_p02_2023,0.0,0.0043949587,0
img_01830_2023,0.0,0.0007449133,0
img_01824_2023,0.0,0.0010265983,0
img_01840_2023,0.0,0.0012571365,0
img_01838_2023,0.0,0.0006261623,0
img_01837_2023,0.0,0.0069756727,0
img_01839_2023,0.0,0.0016473376,0
img_01847_2023,0.0,0.021046216,0
img_01843_2023,0.0,0.002088634,0
img_01850_2023,0.0,0.010793769,0
img_01848_2023,0.0,0.0050516534,0
img_01849_2023,0.0,0.079608895,0
img_01856_2023,0.0,0.0021511693,0
img_01858_2023,0.0,0.0021613087,0
img_01871_2023,0.0,0.035682414,0
img_01868_2023,0.0,0.019706298,0
img_01870_2023,0.0,0.0059525617,0
img_01873_2023,0.0,0.01630215,0
img_01859_2023,0.0,0.002367421,0
img_01874_2023,0.0,0.0008142762,0
img_01875_2023,0.0,0.015935723,0
img_01883_2023,0.0,0.0024296574,0
img_01872_2023,0.0,0.0020634974,0
img_01881_2023,0.0,0.035466034,0
img_01854_p01_2023,0.0,0.0039761392,0
img_01854_p02_2023,0.0,0.0021250744,0
img_01880_2023,0.0,0.0015077853,0
img_01887_2023,0.0,0.0089036925,0
img_01884_2023,0.0,0.013791219,0
img_01885_2023,0.0,0.044374082,0
img_01888_2023,0.0,0.00025885474,0
img_01894_2023,0.0,0.0048197373,0
img_01891_2023,0.0,0.01957611,0
img_01895_2023,0.0,0.007532412,0
img_01897_2023,0.0,0.0022256847,0
img_01899_2023,0.0,0.0012330854,0
img_01892_2023,0.0,0.009678189,0
img_01903_2023,0.0,0.0045323693,0
img_01904_2023,0.0,0.0021590826,0
img_01905_2023,0.0,0.002900648,0
img_01906_2023,0.0,0.0031749262,0
img_01909_2023,0.0,0.0017187053,0
img_01908_2023,0.0,0.0074209194,0
img_01917_2023,0.0,0.0019771568,0
img_01918_2023,0.0,0.0011698189,0
img_01913_2023,0.0,0.014414662,0
img_01910_2023,0.0,0.0018084843,0
img_01920_2023,0.0,0.0028678854,0
img_01921_2023,0.0,0.008610585,0
img_01923_2023,0.0,0.002563792,0
img_01926_2023,0.0,0.009146102,0
img_01929_2023,0.0,0.0050862418,0
img_01934_2023,0.0,0.0053387997,0
img_01931_2023,0.0,0.002065591,0
img_01938_2023,0.0,0.18157127,0
img_01932_2023,0.0,0.022501254,0
img_01936_2023,0.0,0.002226571,0
img_01939_2023,0.0,0.0025241012,0
img_01940_2023,0.0,0.004024628,0
img_01935_2023,0.0,0.0019575423,0
img_01941_2023,0.0,0.00072057155,0
img_01944_2023,0.0,0.0030350422,0
img_01948_2023,0.0,0.008413952,0
img_01945_2023,0.0,0.0016887576,0
img_01946_2023,0.0,0.019411568,0
img_01950_2023,0.0,0.0039407793,0
img_01952_2023,0.0,0.0037477948,0
img_01953_2023,0.0,0.0035086912,0
img_01957_2023,0.0,0.020585893,0
img_01912_p01_2023,0.0,0.0010517145,0
img_01912_p02_2023,0.0,0.004394105,0
img_01961_2023,0.0,0.004285674,0
img_01960_2023,0.0,0.008021379,0
img_01819_p01_2023,0.0,0.0030722516,0
img_01819_p02_2023,0.0,0.0004858699,0
img_01819_p04_2023,0.0,0.0013103785,0
img_01819_p05_2023,0.0,0.00052705145,0
img_01962_2023,0.0,0.0030689205,0
img_01963_2023,0.0,0.82855433,1
img_01959_2023,0.0,0.0020978376,0
img_01966_2023,0.0,0.0034519844,0
img_01971_2023,0.0,0.00203093,0
img_01955_2023,0.0,0.0018719488,0
img_01964_2023,0.0,0.004916131,0
img_01975_2023,0.0,0.01956712,0
img_01979_2023,0.0,0.12169899,0
img_01972_2023,0.0,0.014757879,0
img_01978_2023,0.0,0.02846733,0
img_01980_2023,0.0,0.0061405273,0
img_01981_2023,0.0,0.0012527024,0
img_01985_2023,0.0,0.0051211677,0
img_01984_2023,0.0,0.011023283,0
img_01982_2023,0.0,0.0024278297,0
img_01988_2023,0.0,0.06456073,0
img_01990_2023,0.0,0.0034290664,0
img_01862_p04_2023,0.0,0.007286511,0
img_01989_2023,0.0,0.005313543,0
img_01987_2023,0.0,0.001771537,0
img_01997_2023,0.0,0.0023709666,0
img_01995_2023,0.0,0.01383934,0
img_01998_2023,0.0,0.0019464496,0
img_01991_2023,0.0,0.00019335435,0
img_01999_2023,0.0,0.003184287,0
img_01996_2023,0.0,0.0021971515,0
img_02010_2023,0.0,0.010281657,0
img_02007_2023,0.0,0.005793464,0
img_02011_2023,0.0,0.007958256,0
img_02003_2023,0.0,0.0026686317,0
img_02014_2023,0.0,0.019338086,0
img_02001_2023,0.0,0.15173134,0
img_02019_2023,0.0,0.0015000728,0
img_02021_2023,0.0,0.0047265473,0
img_02016_2023,0.0,0.0031396197,0
img_02020_2023,0.0,0.030105168,0
img_02022_2023,0.0,0.013821162,0
img_02025_2023,0.0,0.0013600121,0
img_02027_2023,0.0,0.0060453643,0
img_02030_2023,0.0,0.007848564,0
img_02029_2023,0.0,0.0055750906,0
img_01983_p01_2023,0.0,0.0028045066,0
img_01983_p02_2023,0.0,0.0028484925,0
img_02032_2023,0.0,0.0064946604,0
img_02013_p02_2023,0.0,0.009366131,0
img_02040_2023,0.0,0.013474169,0
img_02037_2023,0.0,0.013032101,0
img_02038_2023,0.0,0.0027672523,0
img_02043_2023,0.0,0.0046721115,0
img_02036_2023,0.0,0.004464432,0
img_02044_2023,0.0,0.02602456,0
img_02042_2023,0.0,0.0107312035,0
img_02051_2023,0.0,0.0205931,0
img_02046_2023,0.0,0.004664804,0
img_02057_2023,0.0,0.05523731,0
img_02047_2023,0.0,0.0063663907,0
img_02055_2023,0.0,0.008098061,0
img_02059_2023,0.0,0.007703564,0
img_02056_2023,0.0,0.0020729406,0
img_02063_2023,0.0,0.007750948,0
img_02058_2023,0.0,0.028616045,0
img_02064_2023,0.0,0.011710021,0
img_02062_2023,0.0,0.0005131987,0
img_02073_2023,0.0,0.0047339713,0
img_02077_2023,0.0,0.0010290433,0
img_02069_2023,0.0,0.0016283272,0
img_02078_2023,0.0,0.011794115,0
img_02052_p01_2023,0.0,0.001961316,0
img_02052_p02_2023,0.0,0.0026354955,0
img_02079_2023,0.0,0.007273378,0
img_02050_p02_2023,0.0,0.22188634,0
img_02088_2023,0.0,0.041771695,0
img_02085_2023,0.0,0.0025393835,0
img_02090_2023,0.0,0.0029968184,0
img_02091_2023,0.0,0.13454038,0
img_02089_2023,0.0,0.0043729222,0
img_02096_2023,0.0,0.008847021,0
img_02086_2023,0.0,0.00081340387,0
img_02100_2023,0.0,0.00302634,0
img_02097_2023,0.0,0.008330139,0
img_02099_2023,0.0,0.003842133,0
img_02101_2023,0.0,0.00034792908,0
img_02102_2023,0.0,0.0035340823,0
img_02106_2023,0.0,0.009275192,0
img_02103_2023,0.0,0.0069754026,0
img_02084_p02_2023,0.0,0.030399615,0
img_02108_2023,0.0,0.011462928,0
img_02107_2023,0.0,0.00030776332,0
img_02111_2023,0.0,0.016907057,0
img_02109_2023,0.0,0.06178704,0
img_02110_2023,0.0,0.0068177204,0
img_02113_2023,0.0,0.007114342,0
img_02114_2023,0.0,0.017064886,0
img_02112_2023,0.0,0.0010502057,0
img_02116_2023,0.0,0.0042429487,0
img_02035_p01_2023,0.0,0.0013301217,0
img_02035_p02_2023,0.0,0.00608426,0
img_02035_p03_2023,0.0,0.0012514396,0
img_02035_p04_2023,0.0,0.0009898447,0
img_02118_2023,0.0,0.011581079,0
img_02122_2023,0.0,0.00911894,0
img_02124_2023,0.0,0.0011172855,0
img_02127_2023,0.0,0.0034487513,0
img_02125_2023,0.0,0.004862295,0
img_02129_2023,0.0,0.01012092,0
img_02128_2023,0.0,0.0014039762,0
img_02134_2023,0.0,0.029947223,0
img_02131_2023,0.0,0.07534897,0
img_02123_2023,0.0,0.005527789,0
img_02105_p01_2023,0.0,0.00043606598,0
img_02105_p02_2023,0.0,0.0028994994,0
img_02133_2023,0.0,0.012060612,0
img_02136_2023,0.0,0.015086863,0
img_02137_2023,0.0,0.0032844439,0
img_02141_2023,0.0,0.0062275515,0
img_02138_2023,0.0,0.0057815453,0
img_02142_2023,0.0,0.01289191,0
img_02145_2023,0.0,0.057955083,0
img_02135_p01_2023,0.0,0.058414817,0
img_02135_p02_2023,0.0,0.23801972,0
img_02146_2023,0.0,0.004652764,0
img_02158_2023,0.0,0.0013052424,0
img_02152_2023,0.0,0.0044161743,0
img_02143_p01_2023,0.0,0.022762677,0
img_02143_p02_2023,0.0,0.009062995,0
img_02156_2023,0.0,0.021581788,0
img_02164_2023,0.0,0.025570184,0
img_02167_2023,0.0,0.03375148,0
img_02159_2023,0.0,0.048297767,0
img_02173_2023,0.0,0.0009520303,0
img_02169_2023,0.0,0.07973086,0
img_02176_2023,0.0,0.08948123,0
img_02179_2023,0.0,0.035439406,0
img_02180_2023,0.0,0.01310287,0
img_02177_2023,0.0,0.0024819036,0
img_01563_p01_2023,0.0,0.005297619,0
img_01563_p02_2023,0.0,0.0051533417,0
img_01563_p03_2023,0.0,0.0053034266,0
img_01563_p04_2023,0.0,0.0064450605,0
img_01563_p06_2023,0.0,0.18147331,0
img_02175_2023,0.0,0.0030933425,0
img_02187_2023,0.0,0.01778941,0
img_02189_2023,0.0,0.019076794,0
img_02098_p01_2023,0.0,0.017771408,0
img_02098_p02_2023,0.0,0.004713269,0
img_02098_p03_2023,0.0,0.0023059247,0
img_02098_p04_2023,0.0,0.025011929,0
img_02098_p05_2023,0.0,0.0013279319,0
img_02098_p06_2023,0.0,0.0016100254,0
img_02195_2023,0.0,0.024370156,0
img_02193_2023,0.0,0.0068078153,0
img_02197_2023,0.0,0.001969942,0
img_02194_2023,0.0,0.010919232,0
img_02192_2023,0.0,0.03221441,0
img_02198_2023,0.0,0.015188785,0
img_02199_2023,0.0,0.014273076,0
img_02202_2023,0.0,0.78325576,0
img_02188_2023,0.0,0.0009893379,0
img_02213_2023,0.0,0.0019015463,0
img_02209_2023,0.0,0.0048218877,0
img_02201_2023,0.0,0.2748845,0
img_02210_2023,0.0,0.0015017134,0
img_02215_2023,0.0,0.018141076,0
img_02207_2023,0.0,0.0041174013,0
img_02216_2023,0.0,0.0034089522,0
img_02208_p01_2023,0.0,0.003265495,0
img_02208_p02_2023,0.0,0.0010235753,0
img_02225_2023,0.0,0.008921311,0
img_02219_2023,0.0,0.012650094,0
img_02220_2023,0.0,0.002570027,0
img_02218_2023,0.0,0.013430737,0
img_02226_2023,0.0,0.018298352,0
img_02231_2023,0.0,0.010213922,0
img_02236_2023,0.0,0.0014473206,0
img_02239_2023,0.0,0.01773379,0
img_02240_2023,0.0,0.0040484252,0
img_02243_2023,0.0,0.0043845656,0
img_02227_2023,0.0,0.011986078,0
img_02217_p01_2023,0.0,0.005692896,0
img_02217_p02_2023,0.0,0.02243685,0
img_02221_p01_2023,0.0,0.0028407571,0
img_02221_p02_2023,0.0,0.02021416,0
img_02246_2023,0.0,0.94604963,1
img_02245_2023,0.0,0.001087056,0
img_02244_2023,0.0,0.014084668,0
img_02235_2023,0.0,0.0039657587,0
img_02257_2023,0.0,0.0047494085,0
img_02252_2023,0.0,0.0042835376,0
img_02255_2023,0.0,0.0049850526,0
img_02256_2023,0.0,0.0014899182,0
img_02258_2023,0.0,0.0063191117,0
img_02263_2023,0.0,0.01715211,0
img_02259_2023,0.0,0.0005113646,0
img_02266_2023,0.0,0.1844302,0
img_02267_2023,0.0,0.0029824306,0
img_02270_2023,0.0,0.05368356,0
img_02272_2023,0.0,3.2517233e-05,0
img_02269_2023,0.0,0.005845536,0
img_02279_2023,0.0,0.011024322,0
img_02288_2023,0.0,0.0017022216,0
img_02284_2023,0.0,0.15734196,0
img_02273_2023,0.0,0.003984073,0
img_02274_2023,0.0,0.0017475495,0
img_02289_2023,0.0,0.0018041615,0
img_02281_2023,0.0,0.0046498766,0
img_02285_2023,0.0,0.0034656245,0
img_02287_2023,0.0,0.0014895415,0
img_02282_2023,0.0,0.0035751164,0
img_02290_2023,0.0,0.02655953,0
img_02292_2023,0.0,0.09844869,0
img_02301_2023,0.0,0.11301225,0
img_02298_2023,0.0,0.034864463,0
img_02297_2023,0.0,0.010095637,0
img_02295_2023,0.0,0.011512229,0
img_02302_2023,0.0,0.39893577,0
img_02306_2023,0.0,0.007449473,0
img_02304_2023,0.0,0.027277483,0
img_02311_2023,0.0,0.26174355,0
img_02313_2023,0.0,0.03716636,0
img_02280_p01_2023,0.0,0.0019001919,0
img_02280_p02_2023,0.0,0.005932961,0
img_02316_2023,0.0,0.03494191,0
img_02320_2023,0.0,0.0012258786,0
img_02319_2023,0.0,0.0053921626,0
img_02294_2023,0.0,0.008693655,0
img_02329_2023,0.0,0.0014317026,0
img_02324_2023,0.0,0.0056391405,0
img_02327_2023,0.0,0.0056331567,0
img_02328_2023,0.0,0.00075272244,0
img_02314_2023,0.0,0.00268847,0
img_02332_2023,0.0,0.0051803393,0
img_02307_p01_2023,0.0,0.0059621343,0
img_02307_p02_2023,0.0,0.0043761246,0
img_02331_2023,0.0,0.0027929512,0
img_02337_2023,0.0,0.0005046675,0
img_02338_2023,0.0,0.0033624072,0
img_02339_2023,0.0,0.01347287,0
img_02341_2023,0.0,0.007950174,0
img_02343_2023,0.0,0.8410718,1
img_02310_p02_2023,0.0,0.1700227,0
img_02310_p03_2023,0.0,0.25993854,0
img_02342_2023,0.0,0.0035019708,0
img_02340_2023,0.0,0.0060889046,0
img_02308_p01_2023,0.0,0.0063042124,0
img_02308_p02_2023,0.0,0.001835446,0
img_02308_p03_2023,0.0,0.014929032,0
img_02348_2023,0.0,0.0067642126,0
img_02296_p02_2023,0.0,0.00039195453,0
img_02353_2023,0.0,0.0011527482,0
img_02350_2023,0.0,0.0059895185,0
img_02354_2023,0.0,0.021924911,0
img_02355_2023,0.0,0.0015275439,0
img_02359_2023,0.0,0.016423685,0
img_02360_2023,0.0,0.08812548,0
img_02356_2023,0.0,0.013627557,0
img_02358_2023,0.0,0.006375591,0
img_02367_2023,0.0,0.00754822,0
img_02368_2023,0.0,0.058925793,0
img_02361_2023,0.0,0.0038613384,0
img_02371_2023,0.0,0.0047668065,0
img_02372_2023,0.0,0.06690239,0
img_02370_2023,0.0,0.023030654,0
img_02365_2023,0.0,0.020280568,0
img_02362_2023,0.0,0.010367809,0
img_02363_2023,0.0,0.0042209057,0
img_02376_2023,0.0,0.108435206,0
img_02375_2023,0.0,0.0019928964,0
img_02379_2023,0.0,0.008858702,0
img_02384_2023,0.0,0.0021901326,0
img_02382_2023,0.0,0.0006243879,0
img_02388_2023,0.0,0.014694905,0
img_02383_2023,0.0,0.011464575,0
img_02381_2023,0.0,0.001777727,0
img_02390_2023,0.0,0.0028125353,0
img_02397_2023,0.0,0.013571389,0
img_02389_2023,0.0,0.0026768402,0
img_02393_2023,0.0,0.0045167296,0
img_02387_2023,0.0,0.0029716457,0
img_02394_2023,0.0,0.010072756,0
img_02398_2023,0.0,0.0038224983,0
img_02403_2023,0.0,0.010902749,0
img_02404_2023,0.0,0.010912652,0
img_02399_2023,0.0,0.00879327,0
img_02392_2023,0.0,0.0028944253,0
img_02373_p01_2023,0.0,0.023965493,0
img_02373_p02_2023,0.0,0.006350366,0
img_02374_p01_2023,0.0,0.0024994928,0
img_02374_p02_2023,0.0,0.0057467744,0
img_02405_2023,0.0,0.16306478,0
img_02406_2023,0.0,0.00046068887,0
img_02411_2023,0.0,0.049005147,0
img_02412_2023,0.0,0.0028265102,0
img_02415_2023,0.0,0.0043054875,0
img_02413_2023,0.0,0.003277902,0
img_02418_2023,0.0,0.0035821896,0
img_02416_2023,0.0,0.04309013,0
img_02427_2023,0.0,0.00412795,0
img_02420_2023,0.0,0.00228577,0
img_02421_2023,0.0,0.0022024214,0
img_02426_2023,0.0,0.0025589508,0
img_02433_2023,0.0,0.09075404,0
img_02434_2023,0.0,0.004216635,0
img_02424_2023,0.0,0.18620867,0
img_02429_2023,0.0,0.010262609,0
img_02432_2023,0.0,0.003992809,0
img_02437_2023,0.0,0.13910125,0
img_02436_2023,0.0,0.0024657394,0
img_02441_2023,0.0,0.0016000911,0
img_02442_2023,0.0,0.004137727,0
img_02443_2023,0.0,0.019987235,0
img_02439_2023,0.0,0.0035205132,0
img_02451_2023,0.0,0.0035014548,0
img_02447_2023,0.0,0.005037167,0
img_02449_2023,0.0,0.002714913,0
img_02448_2023,0.0,0.035015196,0
img_02446_2023,0.0,0.009890263,0
img_02450_2023,0.0,0.011962395,0
img_02408_p01_2023,0.0,0.007213772,0
img_02408_p02_2023,0.0,0.0013242458,0
img_02408_p03_2023,0.0,0.003648359,0
img_02456_2023,0.0,0.0015741565,0
img_02453_2023,0.0,0.0026412986,0
img_02457_2023,0.0,0.018426219,0
img_02455_2023,0.0,0.008692969,0
img_02464_2023,0.0,0.004358511,0
img_02435_p01_2023,0.0,0.0037929043,0
img_02435_p02_2023,0.0,0.005196978,0
img_02460_2023,0.0,0.004378101,0
img_02470_2023,0.0,0.013137749,0
img_02467_2023,0.0,0.08863939,0
img_02475_2023,0.0,0.0046991482,0
img_02468_2023,0.0,0.013750744,0
img_02473_2023,0.0,0.0008752904,0
img_02476_2023,0.0,9.3248666e-05,0
img_02474_2023,0.0,0.0032914649,0
img_02472_2023,0.0,0.00071687053,0
img_02479_2023,0.0,0.015031032,0
img_02481_2023,0.0,0.0065121166,0
img_02487_2023,0.0,0.0067462325,0
img_02414_p01_2023,0.0,0.0032900323,0
img_02414_p02_2023,0.0,0.0031237304,0
img_02414_p03_2023,0.0,0.0057447474,0
img_02414_p04_2023,0.0,0.00087423564,0
img_02491_2023,0.0,0.0069781737,0
img_02489_2023,0.0,0.061521154,0
img_02494_2023,0.0,0.006398159,0
img_02498_2023,0.0,0.0018755989,0
img_02500_2023,0.0,0.0074283658,0
img_02502_2023,0.0,0.0070553115,0
img_02506_2023,0.0,0.036449663,0
img_02504_2023,0.0,0.004587451,0
img_02503_2023,0.0,0.00391962,0
img_02072_p01_2023,0.0,0.0041973162,0
img_02072_p02_2023,0.0,0.01616651,0
img_02072_p03_2023,0.0,0.0016074453,0
img_02072_p04_2023,0.0,0.003680596,0
img_02072_p05_2023,0.0,0.0040248972,0
img_02072_p06_2023,0.0,0.0014158997,0
img_02072_p07_2023,0.0,0.013823106,0
img_02072_p08_2023,0.0,0.004371191,0
img_02072_p10_2023,0.0,0.0007338263,0
img_02072_p11_2023,0.0,0.030647876,0
img_02072_p12_2023,0.0,0.0031875886,0
img_02072_p13_2023,0.0,0.014276893,0
img_02072_p14_2023,0.0,0.020556413,0
img_02072_p16_2023,0.0,0.0019497056,0
img_02072_p17_2023,0.0,0.012751705,0
img_02072_p18_2023,0.0,0.027228145,0
img_02505_2023,0.0,0.0006420714,0
img_02497_2023,0.0,0.00016675133,0
img_02507_2023,0.0,0.009544914,0
img_02510_2023,0.0,0.0032598611,0
img_02515_2023,0.0,0.02641529,0
img_02513_2023,0.0,0.0030013851,0
img_02509_2023,0.0,0.013868968,0
img_02523_2023,0.0,0.008499457,0
img_02520_2023,0.0,0.0057374584,0
img_02522_2023,0.0,0.0021693646,0
img_02521_2023,0.0,0.0013546692,0
img_02519_2023,0.0,0.0012930613,0
img_02512_2023,0.0,0.0035387806,0
img_02532_2023,0.0,0.008759533,0
img_02528_2023,0.0,0.0012543657,0
img_02534_2023,0.0,0.002029759,0
img_02536_2023,0.0,0.005964531,0
img_02537_2023,0.0,0.00265364,0
img_02540_2023,0.0,0.0042186757,0
img_02535_2023,0.0,0.0015302344,0
img_02542_2023,0.0,0.0027369459,0
img_02546_2023,0.0,0.048735283,0
img_02539_2023,0.0,0.0017028691,0
img_02541_2023,0.0,0.058668703,0
img_02547_2023,0.0,0.008493897,0
img_02548_2023,0.0,0.23544997,0
img_02549_2023,0.0,0.0031826939,0
img_02550_2023,0.0,0.010358293,0
img_02553_2023,0.0,0.008053024,0
img_02557_2023,0.0,0.0063036415,0
img_02552_2023,0.0,0.0031926986,0
img_02559_2023,0.0,0.026196057,0
img_02561_2023,0.0,0.002551348,0
img_02558_2023,0.0,0.0039797686,0
img_02554_2023,0.0,0.0027357424,0
img_02564_2023,0.0,0.009851219,0
img_02569_2023,0.0,0.002771005,0
img_02544_p01_2023,0.0,0.0020517274,0
img_02544_p02_2023,0.0,0.006444169,0
img_02572_2023,0.0,0.0015215991,0
img_02576_2023,0.0,0.014225254,0
img_02578_2023,0.0,0.005608366,0
img_02580_2023,0.0,0.013375559,0
img_02579_2023,0.0,0.0066125295,0
img_02584_2023,0.0,0.0053348364,0
img_02581_2023,0.0,0.0045344825,0
img_02587_2023,0.0,0.0022559725,0
img_02585_2023,0.0,0.0065999,0
img_02588_2023,0.0,0.004915308,0
img_02582_2023,0.0,0.0043068533,0
img_02590_2023,0.0,0.012371013,0
img_02480_p01_2023,0.0,0.0024219977,0
img_02480_p02_2023,0.0,0.0037360855,0
img_02480_p03_2023,0.0,0.002885092,0
img_02480_p04_2023,0.0,0.027001208,0
img_02480_p05_2023,0.0,0.028144535,0
img_02480_p06_2023,0.0,0.0011700635,0
img_02593_2023,0.0,0.0028513353,0
img_02599_2023,0.0,0.010181794,0
img_02591_2023,0.0,0.0028316544,0
img_02594_2023,0.0,0.021911152,0
img_02603_2023,0.0,0.003541359,0
img_02592_2023,0.0,0.00867412,0
img_02595_2023,0.0,0.0030769915,0
img_02598_2023,0.0,0.0012572261,0
img_02600_2023,0.0,0.007847884,0
img_02604_2023,0.0,0.009363681,0
img_02601_2023,0.0,0.005086367,0
img_02602_2023,0.0,0.0062942547,0
img_02607_2023,0.0,0.0066631245,0
img_02610_2023,0.0,0.014730551,0
img_02616_2023,0.0,0.006394171,0
img_02605_2023,0.0,0.015014347,0
img_02613_2023,0.0,0.0070090005,0
img_02614_2023,0.0,0.0142746465,0
img_02617_2023,0.0,0.0027833406,0
img_02615_2023,0.0,0.0047712084,0
img_02618_2023,0.0,0.0077659283,0
img_02619_2023,0.0,0.0060242186,0
img_02622_2023,0.0,0.012920066,0
img_02627_2023,0.0,0.015161947,0
img_02630_2023,0.0,0.012008923,0
img_02633_2023,0.0,0.0012525158,0
img_02632_2023,0.0,0.0023722686,0
img_02634_2023,0.0,0.0008869928,0
img_02638_2023,0.0,0.0030731177,0
img_02637_2023,0.0,0.004345457,0
img_02625_2023,0.0,0.0044130054,0
img_02639_2023,0.0,0.008911944,0
img_02635_2023,0.0,0.0006653113,0
img_02640_2023,0.0,0.0034738537,0
img_02641_2023,0.0,0.018135043,0
img_02631_2023,0.0,0.0012356574,0
img_02649_2023,0.0,0.007539972,0
img_02646_2023,0.0,0.10055683,0
img_02648_2023,0.0,0.0015088086,0
img_02643_2023,0.0,0.029927718,0
img_02636_2023,0.0,0.003565957,0
img_02644_2023,0.0,0.004334415,0
img_02652_2023,0.0,0.006731802,0
img_02653_2023,0.0,0.008701701,0
img_02651_2023,0.0,0.043733448,0
img_02654_2023,0.0,0.042523332,0
img_02657_2023,0.0,0.0029199172,0
img_02661_2023,0.0,0.0028326886,0
img_02662_2023,0.0,0.0018435725,0
img_02668_2023,0.0,0.003933884,0
img_02675_2023,0.0,0.062499955,0
img_02663_2023,0.0,0.099061556,0
img_02676_2023,0.0,0.013919654,0
img_02671_2023,0.0,0.00490596,0
img_02620_p04_2023,0.0,0.17571776,0
img_02664_2023,0.0,0.0034822326,0
img_02655_p01_2023,0.0,0.010944676,0
img_02655_p02_2023,0.0,0.0030985451,0
img_02681_2023,0.0,0.0020068828,0
img_02685_2023,0.0,0.0064789597,0
img_02682_2023,0.0,0.006753563,0
img_02691_2023,0.0,0.009844152,0
img_02687_2023,0.0,0.0013601092,0
img_02684_2023,0.0,0.0019524419,0
img_02683_2023,0.0,0.02097356,0
img_02699_2023,0.0,0.0018470831,0
img_02707_2023,0.0,0.0011413966,0
img_02697_2023,0.0,0.0015286847,0
img_02700_2023,0.0,0.0028797812,0
img_02708_2023,0.0,0.0034328667,0
img_02688_p01_2023,0.0,0.032647494,0
img_02688_p02_2023,0.0,0.003548848,0
img_02692_2023,0.0,0.0005676905,0
img_02713_2023,0.0,0.594941,0
img_02716_2023,0.0,0.010834381,0
img_02721_2023,0.0,0.0009000988,0
img_02717_2023,0.0,0.00043819615,0
img_02718_2023,0.0,0.011411914,0
img_02724_2023,0.0,0.0041221594,0
img_02488_p01_2023,0.0,0.0024609787,0
img_02488_p02_2023,0.0,0.006992387,0
img_02488_p03_2023,0.0,0.0039879745,0
img_02488_p04_2023,0.0,0.013376804,0
img_02488_p05_2023,0.0,0.00073767774,0
img_02488_p06_2023,0.0,0.004379348,0
img_02488_p07_2023,0.0,0.00032676177,0
img_02488_p08_2023,0.0,0.002662614,0
img_02488_p09_2023,0.0,0.0015046822,0
img_02488_p10_2023,0.0,0.0014376855,0
img_02488_p11_2023,0.0,0.0028953557,0
img_02488_p12_2023,0.0,0.0007355788,0
img_02488_p13_2023,0.0,0.0015630666,0
img_02722_2023,0.0,0.00048693514,0
img_02732_2023,0.0,0.025766246,0
img_02729_2023,0.0,0.0011871414,0
img_02731_2023,0.0,0.005109425,0
img_02735_2023,0.0,0.081525825,0
img_02734_2023,0.0,0.008496375,0
img_02741_2023,0.0,0.0018095459,0
img_02738_2023,0.0,0.003623658,0
img_02744_2023,0.0,0.006280113,0
img_02745_2023,0.0,0.006369993,0
img_02747_2023,0.0,0.0036451642,0
img_02743_2023,0.0,0.002176575,0
img_02742_2023,0.0,0.0077392426,0
img_02748_2023,0.0,0.0023233716,0
img_02740_2023,0.0,0.1043303,0
img_02752_2023,0.0,0.007851709,0
img_02753_2023,0.0,0.01806292,0
img_02749_2023,0.0,0.0035116451,0
img_02754_2023,0.0,0.3483183,0
img_02750_2023,0.0,0.008165663,0
img_02758_2023,0.0,0.0013148048,0
img_02759_2023,0.0,0.0063905763,0
img_02757_2023,0.0,0.005920786,0
img_02761_2023,0.0,0.02700268,0
img_02762_2023,0.0,0.011061259,0
img_02767_2023,0.0,0.0075921007,0
img_02772_2023,0.0,0.0055000465,0
img_02770_2023,0.0,0.0031400495,0
img_02773_2023,0.0,0.0018077829,0
img_02778_2023,0.0,0.0023168328,0
img_02777_2023,0.0,0.037427064,0
img_02771_2023,0.0,0.0037277925,0
img_02779_2023,0.0,0.0027793823,0
img_02783_2023,0.0,0.0031366588,0
img_02784_2023,0.0,0.008843175,0
img_02787_2023,0.0,0.00030857715,0
img_02791_2023,0.0,0.101629406,0
img_02695_p01_2023,0.0,0.0011889691,0
img_02695_p03_2023,0.0,0.006517832,0
img_02695_p04_2023,0.0,0.003547351,0
img_02695_p05_2023,0.0,0.0065899715,0
img_02695_p06_2023,0.0,0.02896553,0
img_02695_p07_2023,0.0,0.013599666,0
img_02756_p01_2023,0.0,0.011625682,0
img_02756_p02_2023,0.0,0.0010863821,0
img_02756_p03_2023,0.0,0.05738434,0
img_02775_p01_2023,0.0,0.008172084,0
img_02792_2023,0.0,0.0110324565,0
img_02785_2023,0.0,0.33575475,0
img_02794_2023,0.0,0.0031840513,0
img_02795_2023,0.0,0.013711882,0
img_02798_2023,0.0,0.007403848,0
img_02782_2023,0.0,0.00062518934,0
img_02799_2023,0.0,0.0013497671,0
img_02801_2023,0.0,0.0097432835,0
img_02808_2023,0.0,0.0103841135,0
img_02802_2023,0.0,0.010086496,0
img_02809_2023,0.0,0.012217251,0
img_02805_2023,0.0,0.0010216531,0
img_02806_2023,0.0,0.9647415,1
img_02803_2023,0.0,0.0040186117,0
img_02812_2023,0.0,0.017927181,0
img_02813_2023,0.0,0.02695342,0
img_02816_2023,0.0,0.24751319,0
img_02820_2023,0.0,0.0042249905,0
img_02819_2023,0.0,0.006788549,0
img_02822_2023,0.0,0.008103528,0
img_02825_2023,0.0,0.20044544,0
img_02814_2023,0.0,0.013006073,0
img_02823_2023,0.0,0.0064737317,0
img_02828_2023,0.0,0.002897701,0
img_02824_2023,0.0,0.0066521727,0
img_02829_2023,0.0,0.0019373639,0
img_02832_2023,0.0,0.01348786,0
img_02833_2023,0.0,0.00048697693,0
img_02817_2023,0.0,0.0066592502,0
img_02837_2023,0.0,0.0020865342,0
img_02840_2023,0.0,0.002267965,0
img_02835_2023,0.0,0.0149925435,0
img_02843_2023,0.0,0.05899762,0
img_02844_2023,0.0,0.0029287084,0
img_02848_2023,0.0,0.024815839,0
img_02831_2023,0.0,0.0009370548,0
img_02846_2023,0.0,0.0058558313,0
img_02852_2023,0.0,0.0027188149,0
img_02849_2023,0.0,0.019471673,0
img_02856_2023,0.0,0.0024737713,0
img_02855_2023,0.0,0.0006093285,0
img_02858_2023,0.0,0.0172981,0
img_02850_2023,0.0,0.010602009,0
img_02868_2023,0.0,0.0027588329,0
img_02872_2023,0.0,0.0012480018,0
img_02865_2023,0.0,0.004827596,0
img_02864_2023,0.0,0.00861444,0
img_02869_2023,0.0,0.018293101,0
img_02867_2023,0.0,0.0014879905,0
img_02874_2023,0.0,0.0063723507,0
img_02873_2023,0.0,0.1958555,0
img_02857_p01_2023,0.0,0.0029433863,0
img_02857_p02_2023,0.0,0.0038784794,0
img_02883_2023,0.0,0.027525874,0
img_02815_p01_2023,0.0,0.004173392,0
img_02815_p02_2023,0.0,0.005970315,0
img_02815_p03_2023,0.0,0.0034995868,0
img_02815_p04_2023,0.0,0.0007610088,0
img_02876_2023,0.0,0.003272247,0
img_02881_2023,0.0,0.0045382595,0
img_02877_2023,0.0,0.0016512555,0
img_02878_2023,0.0,0.010449138,0
img_02892_2023,0.0,0.00023962311,0
img_02891_2023,0.0,0.0026326855,0
img_02886_2023,0.0,0.005946284,0
img_02836_p01_2023,0.0,0.032293182,0
img_02836_p02_2023,0.0,0.010689975,0
img_02836_p03_2023,0.0,0.0055227736,0
img_02836_p04_2023,0.0,0.00960986,0
img_02889_2023,0.0,0.001824025,0
img_02902_2023,0.0,0.0131445145,0
img_02893_2023,0.0,0.026274337,0
img_02900_2023,0.0,0.0021505654,0
img_02904_2023,0.0,0.18975675,0
img_02896_2023,0.0,0.00641091,0
img_02903_2023,0.0,0.003110052,0
img_02907_2023,0.0,0.004389316,0
img_02909_2023,0.0,0.0032187095,0
img_02920_2023,0.0,0.0015547223,0
img_02921_2023,0.0,0.0022892447,0
img_02922_2023,0.0,0.0067746835,0
img_02925_2023,0.0,0.03675618,0
img_02919_2023,0.0,0.0015526135,0
img_02931_2023,0.0,0.0033827717,0
img_02933_2023,0.0,0.0014144435,0
img_02913_2023,0.0,0.002307695,0
img_02937_2023,0.0,0.010152273,0
img_02936_2023,0.0,0.024974536,0
img_02940_2023,0.0,0.0064266957,0
img_02934_2023,0.0,0.08311883,0
img_02939_2023,0.0,0.0062038726,0
img_02943_2023,0.0,0.006616812,0
img_02942_2023,0.0,0.0013423446,0
img_02941_2023,0.0,0.001731575,0
img_02938_2023,0.0,0.0023476244,0
img_02947_2023,0.0,0.0036250872,0
img_02946_2023,0.0,0.009558163,0
img_02949_2023,0.0,0.0017896411,0
img_02950_2023,0.0,0.0024425082,0
img_02954_2023,0.0,0.00171606,0
img_02953_2023,0.0,0.16288064,0
img_02948_2023,0.0,0.0012511774,0
img_02962_2023,0.0,0.05171372,0
img_02952_2023,0.0,0.0071525886,0
img_02960_2023,0.0,0.0005060399,0
img_02944_2023,0.0,0.0017533387,0
img_02959_2023,0.0,0.002780613,0
img_02961_2023,0.0,0.00401088,0
img_02930_p01_2023,0.0,0.0062160497,0
img_02930_p02_2023,0.0,0.0033684676,0
img_02958_2023,0.0,0.0007364682,0
img_02955_2023,0.0,0.0033722683,0
img_02966_2023,0.0,0.015613631,0
img_02967_2023,0.0,0.013743252,0
img_02965_2023,0.0,0.0027916222,0
img_02971_2023,0.0,0.014479241,0
img_02972_2023,0.0,0.0061943876,0
img_02970_2023,0.0,0.051770497,0
img_02977_2023,0.0,0.012995586,0
img_02981_2023,0.0,0.0395425,0
img_02973_2023,0.0,0.0004318881,0
img_02983_2023,0.0,0.0010512477,0
img_02978_2023,0.0,0.008710112,0
img_02986_2023,0.0,0.00811614,0
img_02984_2023,0.0,0.0061703487,0
img_02990_2023,0.0,0.007927873,0
img_02985_2023,0.0,0.0062363846,0
img_02991_2023,0.0,0.0042484705,0
img_02988_2023,0.0,0.0008009632,0
img_02994_2023,0.0,0.0031469276,0
img_02993_2023,0.0,0.0009092561,0
img_02996_2023,0.0,0.0016572737,0
img_02999_2023,0.0,0.0007346929,0
img_02796_p01_2023,0.0,0.0076524722,0
img_02796_p02_2023,0.0,0.0005838007,0
img_02796_p03_2023,0.0,0.0010370106,0
img_02796_p04_2023,0.0,0.011341288,0
img_02796_p05_2023,0.0,0.0009449386,0
img_02796_p06_2023,0.0,0.00078964623,0
img_02796_p07_2023,0.0,0.0009426784,0
img_02796_p08_2023,0.0,0.0011917691,0
img_02796_p09_2023,0.0,0.00028934068,0
img_02995_2023,0.0,0.0070211873,0
img_03007_2023,0.0,0.004351072,0
img_02998_2023,0.0,0.0044771065,0
img_03006_2023,0.0,0.008418075,0
img_03014_2023,0.0,0.026463343,0
img_03004_2023,0.0,0.011333448,0
img_03012_2023,0.0,0.0014321711,0
img_03018_2023,0.0,0.006520936,0
img_03023_2023,0.0,0.0066102464,0
img_03020_2023,0.0,0.0037809701,0
img_03029_2023,0.0,0.006451721,0
img_03028_2023,0.0,0.025633745,0
img_03030_2023,0.0,0.0007838006,0
img_03026_2023,0.0,0.015052077,0
img_03031_2023,0.0,0.06474402,0
img_03033_2023,0.0,0.002848907,0
img_03034_2023,0.0,0.0015827466,0
img_03025_2023,0.0,0.009125223,0
img_02976_p01_2023,0.0,0.0002571393,0
img_02976_p02_2023,0.0,0.0018151565,0
img_02976_p03_2023,0.0,0.0057457257,0
img_02976_p04_2023,0.0,0.0020003791,0
img_03036_2023,0.0,0.0105208475,0
img_03037_2023,0.0,0.0022594603,0
img_03040_2023,0.0,0.059677307,0
img_03046_2023,0.0,0.0023510198,0
img_03044_2023,0.0,0.004741893,0
img_03047_2023,0.0,0.010130685,0
img_03051_2023,0.0,0.0057830974,0
img_03056_2023,0.0,0.037678596,0
img_03054_2023,0.0,0.0891376,0
img_03057_2023,0.0,0.0029547194,0
img_03052_2023,0.0,0.0032471272,0
img_03053_2023,0.0,0.004291031,0
img_03061_2023,0.0,0.0005061371,0
img_03060_2023,0.0,0.005682137,0
img_03066_2023,0.0,0.006193257,0
img_03059_2023,0.0,0.002376598,0
img_03068_2023,0.0,0.005202651,0
img_03070_2023,0.0,0.0021342176,0
img_03072_2023,0.0,0.002388252,0
img_03062_2023,0.0,0.008830036,0
img_03069_2023,0.0,0.0053775134,0
img_03039_p01_2023,0.0,0.007879003,0
img_03039_p02_2023,0.0,0.001191655,0
img_03074_2023,0.0,0.010947478,0
img_03063_2023,0.0,0.004902276,0
img_03076_2023,0.0,0.04477815,0
img_03078_2023,0.0,0.09065781,0
img_03080_2023,0.0,0.028414562,0
img_03086_2023,0.0,0.007095289,0
img_03084_2023,0.0,0.0013457136,0
img_03093_2023,0.0,0.009940951,0
img_03096_2023,0.0,0.0034887632,0
img_03091_2023,0.0,0.0036035585,0
img_03095_2023,0.0,0.007705889,0
img_03087_2023,0.0,0.00029975292,0
img_03081_2023,0.0,0.010383442,0
img_03100_2023,0.0,0.0025640114,0
img_03111_2023,0.0,0.0030992918,0
img_03110_2023,0.0,0.006238264,0
img_03107_2023,0.0,0.008032576,0
img_03106_2023,0.0,0.0012662484,0
img_03117_2023,0.0,0.016087122,0
img_03114_2023,0.0,0.0010602368,0
img_03118_2023,0.0,0.0011692335,0
img_03121_2023,0.0,0.0027282918,0
img_03122_2023,0.0,0.024854807,0
img_03123_2023,0.0,0.0039463365,0
img_03124_2023,0.0,0.0022173696,0
img_03127_2023,0.0,0.0035455565,0
img_03125_2023,0.0,0.027987653,0
img_02987_p01_2023,0.0,0.007698164,0
img_02987_p02_2023,0.0,0.0025541647,0
img_02987_p03_2023,0.0,0.0070947018,0
img_02987_p04_2023,0.0,0.0021801756,0
img_03137_2023,0.0,0.022712443,0
img_03134_2023,0.0,0.24259987,0
img_03132_2023,0.0,0.056785263,0
img_03138_2023,0.0,0.001985266,0
img_03130_2023,0.0,0.004686242,0
img_03136_2023,0.0,0.003333428,0
img_03141_2023,0.0,0.0039938143,0
img_03129_2023,0.0,0.0013499702,0
img_03139_2023,0.0,0.0034227169,0
img_03126_2023,0.0,0.02751038,0
img_03112_2023,0.0,0.020599876,0
img_03108_p01_2023,0.0,0.01808375,0
img_03108_p02_2023,0.0,0.0039660204,0
img_03143_2023,0.0,0.006054342,0
img_03147_2023,0.0,0.009000531,0
img_03142_2023,0.0,0.0010866335,0
img_03144_2023,0.0,0.0012765779,0
img_03103_p01_2023,0.0,0.0036863165,0
img_03103_p02_2023,0.0,0.02828294,0
img_03103_p03_2023,0.0,0.004408943,0
img_03103_p04_2023,0.0,0.18303643,0
img_03008_p01_2023,0.0,0.00556125,0
img_03008_p02_2023,0.0,0.0005742799,0
img_03008_p03_2023,0.0,0.002172759,0
img_03008_p04_2023,0.0,0.0073944805,0
img_03008_p05_2023,0.0,0.042648807,0
img_03008_p06_2023,0.0,0.09964413,0
img_03008_p07_2023,0.0,0.15435848,0
img_03008_p08_2023,0.0,0.07514504,0
img_03149_2023,0.0,0.0026716664,0
img_03131_p01_2023,0.0,0.023750804,0
img_03131_p02_2023,0.0,0.028620424,0
img_03153_2023,0.0,0.023277353,0
img_03151_2023,0.0,0.0032609163,0
img_03156_2023,0.0,0.005466363,0
img_03158_2023,0.0,0.0023900976,0
img_03154_2023,0.0,0.007571546,0
img_03152_2023,0.0,0.0008019258,0
img_03159_2023,0.0,0.013966273,0
img_03155_2023,0.0,0.007440044,0
img_03157_2023,0.0,0.002212384,0
img_03167_2023,0.0,0.044040646,0
img_03170_2023,0.0,0.0063729244,0
img_03162_2023,0.0,0.0104991775,0
img_03169_2023,0.0,0.0010106595,0
img_03177_2023,0.0,0.013863199,0
img_03179_2023,0.0,0.0010251651,0
img_03174_2023,0.0,0.0072101364,0
img_03182_2023,0.0,0.0067836093,0
img_03181_2023,0.0,0.0029952629,0
img_03176_2023,0.0,0.001898921,0
img_03184_2023,0.0,0.0030323206,0
img_03173_2023,0.0,0.014916905,0
img_03178_2023,0.0,0.0018916307,0
img_03185_2023,0.0,0.007484848,0
img_03188_2023,0.0,0.0099738045,0
img_03187_2023,0.0,0.012097023,0
img_03183_2023,0.0,0.009335883,0
img_03190_2023,0.0,0.003284155,0
img_03199_2023,0.0,0.0007779103,0
img_03191_2023,0.0,0.00056025136,0
img_03203_2023,0.0,0.008033762,0
img_03204_2023,0.0,0.0028763588,0
img_03206_2023,0.0,0.0052906587,0
img_03198_2023,0.0,0.001935052,0
img_03201_2023,0.0,0.0063282535,0
img_03207_2023,0.0,0.14520167,0
img_03213_2023,0.0,0.003708745,0
img_03200_p01_2023,0.0,0.04644799,0
img_03200_p02_2023,0.0,0.0012785334,0
img_03219_2023,0.0,0.007223303,0
img_03217_2023,0.0,0.0068596676,0
img_03221_2023,0.0,0.003508088,0
img_03215_2023,0.0,0.14174096,0
img_03225_2023,0.0,0.014669326,0
img_03226_2023,0.0,0.0053876024,0
img_03224_2023,0.0,0.0034640091,0
img_03229_2023,0.0,0.010926088,0
img_03223_2023,0.0,0.007136694,0
img_03233_2023,0.0,0.0044819782,0
img_03237_2023,0.0,0.0016986359,0
img_03220_p02_2023,0.0,0.009297645,0
img_03241_2023,0.0,0.0025265838,0
img_03250_2023,0.0,0.021654146,0
img_03247_2023,0.0,0.0046454496,0
img_03186_p01_2023,0.0,0.009131133,0
img_03186_p02_2023,0.0,0.0022779158,0
img_03186_p03_2023,0.0,0.008768257,0
img_03186_p04_2023,0.0,0.0056957877,0
img_03253_2023,0.0,0.007559484,0
img_03252_2023,0.0,0.21467201,0
img_03251_2023,0.0,0.14634465,0
img_03257_2023,0.0,0.049775064,0
img_03249_2023,0.0,0.007854157,0
img_03265_2023,0.0,0.006881271,0
img_03261_2023,0.0,0.0030044916,0
img_03262_2023,0.0,0.012743449,0
img_03263_2023,0.0,0.011893977,0
img_03260_2023,0.0,0.0019187771,0
img_03266_2023,0.0,0.008812454,0
img_03269_2023,0.0,0.018008593,0
img_03275_2023,0.0,0.007579651,0
img_03272_2023,0.0,0.0010539673,0
img_03273_2023,0.0,0.0030621851,0
img_03279_2023,0.0,0.0013204444,0
img_03277_2023,0.0,0.0041352347,0
img_03276_2023,0.0,0.0005602457,0
img_03285_2023,0.0,0.0025866467,0
img_03282_2023,0.0,0.006613547,0
img_03281_2023,0.0,0.0037105705,0
img_03286_2023,0.0,0.0015123715,0
img_03287_2023,0.0,0.026805101,0
img_03284_2023,0.0,0.0034662748,0
img_03290_2023,0.0,0.0048715416,0
img_03291_2023,0.0,0.0025008973,0
img_03254_p01_2023,0.0,0.0050934376,0
img_03254_p02_2023,0.0,0.0026004568,0
img_03289_2023,0.0,0.00036985907,0
img_03296_2023,0.0,0.005193444,0
img_03298_2023,0.0,0.0337311,0
img_03297_2023,0.0,0.0010654128,0
img_03301_2023,0.0,0.025630577,0
img_03303_2023,0.0,0.0024202978,0
img_03299_2023,0.0,0.0031560806,0
img_03278_p01_2023,0.0,0.0011008562,0
img_03278_p02_2023,0.0,0.0010623665,0
img_03300_2023,0.0,0.043150485,0
img_03306_2023,0.0,0.0055803326,0
img_03309_2023,0.0,0.013468408,0
img_03310_2023,0.0,0.0029971872,0
img_03311_2023,0.0,0.022268005,0
img_03313_2023,0.0,0.014515178,0
img_03312_2023,0.0,0.1204601,0
img_03319_2023,0.0,0.0054524103,0
img_03321_2023,0.0,0.98736066,1
img_03316_2023,0.0,0.008438447,0
img_03317_2023,0.0,0.0020439648,0
img_03308_2023,0.0,0.0013179459,0
img_03314_2023,0.0,0.020351002,0
img_03323_2023,0.0,0.0013928621,0
img_03326_2023,0.0,0.0016386432,0
img_03336_2023,0.0,0.0017293921,0
img_03328_2023,0.0,0.0013656456,0
img_03327_2023,0.0,0.0020617004,0
img_03335_2023,0.0,0.005542571,0
img_03325_2023,0.0,0.0023401224,0
img_03332_2023,0.0,0.004605028,0
img_03330_2023,0.0,0.0037086497,0
img_03337_2023,0.0,0.0033501256,0
img_03324_2023,0.0,0.0040477584,0
img_03333_2023,0.0,0.0039466624,0
img_03334_2023,0.0,0.006612673,0
img_03339_2023,0.0,0.014530246,0
img_03338_2023,0.0,0.0019193087,0
img_03258_p01_2023,0.0,0.018976865,0
img_03258_p02_2023,0.0,0.0051239408,0
img_03343_2023,0.0,0.024000881,0
img_03345_2023,0.0,0.015920393,0
img_03344_2023,0.0,0.001758037,0
img_03347_2023,0.0,0.010919839,0
img_03342_2023,0.0,0.0037573983,0
img_03346_2023,0.0,0.0046069277,0
img_03352_2023,0.0,0.00063319266,0
img_03353_2023,0.0,0.004934135,0
img_03351_2023,0.0,0.0015934146,0
img_03350_2023,0.0,0.0016866054,0
img_03348_2023,0.0,0.0013169396,0
img_03349_2023,0.0,0.008868128,0
img_03354_2023,0.0,0.00038877578,0
img_03357_2023,0.0,0.0040442785,0
img_03359_2023,0.0,0.004369048,0
img_03365_2023,0.0,0.0034155904,0
img_03364_2023,0.0,0.006179215,0
img_03366_2023,0.0,0.01046709,0
img_03360_2023,0.0,0.01384316,0
img_03368_2023,0.0,0.0045092213,0
img_03373_2023,0.0,0.0030356974,0
img_03362_2023,0.0,0.005960526,0
img_03372_2023,0.0,0.0044610975,0
img_03375_2023,0.0,0.0014692057,0
img_03376_2023,0.0,0.065520644,0
img_03379_2023,0.0,0.013101644,0
img_03380_2023,0.0,0.004470661,0
img_03378_2023,0.0,0.029956298,0
img_03374_2023,0.0,0.0013108255,0
img_03377_2023,0.0,0.064416155,0
img_03381_2023,0.0,0.0035904793,0
img_03363_2023,0.0,0.0050330274,0
img_03386_2023,0.0,0.0063573057,0
img_03384_2023,0.0,0.011069597,0
img_03388_2023,0.0,0.0075584394,0
img_03389_2023,0.0,0.003794638,0
img_03395_2023,0.0,0.009748805,0
img_03387_2023,0.0,0.9801446,1
img_03391_2023,0.0,0.0019534207,0
img_03385_2023,0.0,0.0014976391,0
img_03396_2023,0.0,0.006027675,0
img_03398_2023,0.0,0.07890079,0
img_03280_p01_2023,0.0,0.0028120098,0
img_03280_p02_2023,0.0,0.0072887014,0
img_03280_p03_2023,0.0,0.0034448302,0
img_03280_p04_2023,0.0,0.12068192,0
img_03280_p05_2023,0.0,0.0038081266,0
img_03280_p06_2023,0.0,0.0058131046,0
img_03399_2023,0.0,0.007656971,0
img_03401_2023,0.0,0.0013657367,0
img_03404_2023,0.0,0.0005696866,0
img_03400_2023,0.0,0.010119696,0
img_03407_2023,0.0,0.015665796,0
img_03402_2023,0.0,0.014519912,0
img_03414_2023,0.0,0.00331455,0
img_03409_2023,0.0,0.0018419526,0
img_03410_2023,0.0,0.0075181983,0
img_03415_2023,0.0,0.003302303,0
img_03416_2023,0.0,0.0012653399,0
img_03420_2023,0.0,0.0010144028,0
img_03418_2023,0.0,0.0018110184,0
img_03423_2023,0.0,0.036494303,0
img_03406_p01_2023,0.0,0.011508448,0
img_03425_2023,0.0,0.032252178,0
img_03419_2023,0.0,0.008690052,0
img_03413_2023,0.0,0.004821954,0
img_03422_2023,0.0,0.0075630196,0
img_03370_p01_2023,0.0,0.0012994151,0
img_03370_p02_2023,0.0,0.0067702094,0
img_03370_p03_2023,0.0,0.0016393157,0
img_03370_p04_2023,0.0,0.0030511257,0
img_03426_2023,0.0,0.0128633,0
img_03427_2023,0.0,0.027536523,0
img_03438_2023,0.0,0.0018798852,0
img_03437_2023,0.0,0.00371172,0
img_03434_2023,0.0,0.0064318376,0
img_03443_2023,0.0,0.011093059,0
img_03442_2023,0.0,0.0028496264,0
img_03433_2023,0.0,0.007180172,0
img_03429_p01_2023,0.0,0.01542306,0
img_03429_p02_2023,0.0,0.0048792246,0
img_03446_2023,0.0,0.019423526,0
img_03382_p01_2023,0.0,0.0018271428,0
img_03382_p02_2023,0.0,0.009547564,0
img_03382_p03_2023,0.0,0.0024110556,0
img_03382_p04_2023,0.0,0.0037356988,0
img_03382_p05_2023,0.0,0.0006721613,0
img_03430_p01_2023,0.0,0.0006669667,0
img_03430_p02_2023,0.0,0.002087394,0
img_03450_2023,0.0,0.030706968,0
img_03448_2023,0.0,0.0067787664,0
img_03451_2023,0.0,0.0027172135,0
img_03455_2023,0.0,0.015721953,0
img_03454_2023,0.0,0.015566561,0
img_03459_2023,0.0,0.0011844656,0
img_03460_2023,0.0,0.003199807,0
img_03458_2023,0.0,0.0621894,0
img_03283_p01_2023,0.0,0.0049491785,0
img_03283_p02_2023,0.0,0.0032699972,0
img_03283_p03_2023,0.0,0.0043071704,0
img_03283_p04_2023,0.0,0.0018244506,0
img_03283_p05_2023,0.0,0.00919846,0
img_03283_p06_2023,0.0,0.0022545327,0
img_03457_2023,0.0,0.00129811,0
img_03453_2023,0.0,0.0060187215,0
img_03465_2023,0.0,0.005595807,0
img_03468_2023,0.0,0.011226084,0
img_03462_2023,0.0,0.0037733281,0
img_03467_2023,0.0,0.00085467333,0
img_03478_2023,0.0,0.089579724,0
img_03475_2023,0.0,0.0008628182,0
img_03469_2023,0.0,0.004319917,0
img_03479_2023,0.0,0.0052276235,0
img_03483_2023,0.0,0.034189906,0
img_03487_2023,0.0,0.011311284,0
img_03484_2023,0.0,0.007243355,0
img_03488_2023,0.0,0.07804344,0
img_03490_2023,0.0,0.011526824,0
img_03489_2023,0.0,0.0053358558,0
img_03491_2023,0.0,0.01914963,0
img_03493_2023,0.0,0.025223283,0
img_03421_p01_2023,0.0,0.0052500134,0
img_03421_p02_2023,0.0,0.009699422,0
img_03421_p03_2023,0.0,0.0033855992,0
img_03421_p04_2023,0.0,0.0698937,0
img_03421_p05_2023,0.0,0.0044746464,0
img_03499_2023,0.0,0.0020609451,0
img_03495_2023,0.0,0.0028053347,0
img_03498_2023,0.0,0.011787076,0
img_03500_2023,0.0,0.004915555,0
img_03503_2023,0.0,0.0037179056,0
img_03505_2023,0.0,0.0019150841,0
img_03504_2023,0.0,0.009487178,0
img_03502_2023,0.0,0.020573873,0
img_03501_2023,0.0,0.007856231,0
img_03514_2023,0.0,0.0027957535,0
img_03511_2023,0.0,0.00041534702,0
img_03482_p01_2023,0.0,0.00070947804,0
img_03482_p02_2023,0.0,0.0027112593,0
img_03482_p03_2023,0.0,0.005717652,0
img_03519_2023,0.0,0.005332625,0
img_03515_2023,0.0,0.010537574,0
img_03512_2023,0.0,0.004921775,0
img_03516_2023,0.0,0.0033073276,0
img_03520_2023,0.0,0.0022590903,0
img_03524_2023,0.0,0.0073190914,0
img_03525_2023,0.0,0.0059608286,0
img_03510_2023,0.0,0.0027030755,0
img_03527_2023,0.0,0.037311025,0
img_03526_2023,0.0,0.002582644,0
img_03535_2023,0.0,0.030929333,0
img_03509_p01_2023,0.0,0.0033527156,0
img_03509_p02_2023,0.0,0.001078749,0
img_03536_2023,0.0,0.029606506,0
img_03537_2023,0.0,0.000592331,0
img_03538_2023,0.0,0.0028724938,0
img_03544_2023,0.0,0.03257797,0
img_03547_2023,0.0,0.19943085,0
img_03543_2023,0.0,0.47916704,0
img_03546_2023,0.0,0.034022063,0
img_03553_2023,0.0,0.0041597364,0
img_03552_2023,0.0,0.113622755,0
img_03550_2023,0.0,0.032739073,0
img_03530_p01_2023,0.0,0.0002238044,0
img_03530_p02_2023,0.0,0.0050867726,0
img_03554_2023,0.0,0.04125022,0
img_03555_2023,0.0,0.030681651,0
img_03560_2023,0.0,0.032454558,0
img_03559_2023,0.0,0.009649183,0
img_03558_2023,0.0,0.17261072,0
img_03507_p01_2023,0.0,0.004500174,0
img_03507_p02_2023,0.0,0.008116842,0
img_03507_p04_2023,0.0,0.000420822,0
img_03566_2023,0.0,0.0038159383,0
img_03571_2023,0.0,0.06013909,0
img_03565_2023,0.0,0.23757906,0
img_03568_2023,0.0,0.016412314,0
img_03570_2023,0.0,0.03096024,0
img_03572_2023,0.0,0.007510098,0
img_03564_2023,0.0,0.0075321766,0
img_03575_2023,0.0,0.03763975,0
img_03574_2023,0.0,0.0014267708,0
img_03576_2023,0.0,0.0014872156,0
img_03506_p01_2023,0.0,0.0042623775,0
img_03506_p02_2023,0.0,0.003611534,0
img_03506_p03_2023,0.0,0.000962423,0
img_03506_p04_2023,0.0,0.006226935,0
img_03577_2023,0.0,0.00019899975,0
img_03585_2023,0.0,0.00073231314,0
img_03587_2023,0.0,0.0012981718,0
img_03529_p01_2023,0.0,0.002276712,0
img_03592_2023,0.0,0.068293,0
img_03580_2023,0.0,0.33931565,0
img_03591_2023,0.0,0.032682292,0
img_03590_2023,0.0,0.0010468569,0
img_03579_2023,0.0,0.01376931,0
img_03594_2023,0.0,0.19765389,0
img_03599_2023,0.0,0.6852059,0
img_03607_2023,0.0,0.014544557,0
img_03606_2023,0.0,0.38476437,0
img_03608_2023,0.0,0.018488163,0
img_03610_2023,0.0,0.0025748597,0
img_03602_2023,0.0,0.040156938,0
img_03603_2023,0.0,0.0058501135,0
img_03619_2023,0.0,0.13406606,0
img_03597_2023,0.0,0.052020997,0
img_03620_2023,0.0,0.0045176367,0
img_03611_2023,0.0,0.03206234,0
img_03623_2023,0.0,0.9627586,1
img_03614_2023,0.0,0.1316477,0
img_03621_2023,0.0,0.002435144,0
img_03617_2023,0.0,0.037937596,0
img_03628_2023,0.0,0.00013616482,0
img_03545_p01_2023,0.0,0.007104264,0
img_03545_p02_2023,0.0,0.0027013973,0
img_03545_p03_2023,0.0,8.9925365e-05,0
img_03545_p04_2023,0.0,0.0010930232,0
img_03630_2023,0.0,0.205328,0
img_03627_2023,0.0,0.040507995,0
img_03636_2023,0.0,0.025295421,0
img_03637_2023,0.0,0.028849978,0
img_03631_2023,0.0,0.007855562,0
img_03640_2023,0.0,0.17713568,0
img_03629_2023,0.0,0.0014294091,0
img_03638_2023,0.0,0.0014707904,0
img_03643_2023,0.0,0.0011668003,0
img_03648_2023,0.0,0.09143177,0
img_03649_2023,0.0,0.007661944,0
img_03647_2023,0.0,0.0118636135,0
img_03655_2023,0.0,0.024098923,0
img_03659_2023,0.0,0.0372977,0
img_03661_2023,0.0,0.010407877,0
img_03653_2023,0.0,0.23066373,0
img_03665_2023,0.0,0.09824296,0
img_03645_2023,0.0,0.002656097,0
img_03662_2023,0.0,0.3272537,0
img_03664_2023,0.0,0.0186575,0
img_03654_2023,0.0,0.0062889275,0
img_03658_2023,0.0,0.027930833,0
img_03667_2023,0.0,0.012197717,0
img_03672_2023,0.0,0.055877514,0
img_03668_2023,0.0,0.0010474625,0
img_03676_2023,0.0,0.12579353,0
img_03674_2023,0.0,0.015481676,0
img_03671_2023,0.0,0.017372953,0
img_03684_2023,0.0,0.01170055,0
img_03680_2023,0.0,0.008273041,0
img_03666_2023,0.0,0.27247852,0
img_03681_2023,0.0,0.0054891184,0
img_03687_2023,0.0,0.0039004341,0
img_03682_2023,0.0,0.1488629,0
img_03689_2023,0.0,0.01391697,0
img_03686_2023,0.0,0.024497107,0
img_03683_2023,0.0,0.029483803,0
img_03696_2023,0.0,0.0005200516,0
img_03700_2023,0.0,0.001528358,0
img_03694_2023,0.0,0.0050862804,0
img_03698_2023,0.0,0.008798504,0
img_03703_2023,0.0,0.029045483,0
img_03693_2023,0.0,0.035949033,0
img_03710_2023,0.0,0.61176693,0
img_03690_2023,0.0,0.019171309,0
img_03706_2023,0.0,0.008346286,0
img_03709_2023,0.0,0.030801348,0
img_03702_2023,0.0,0.019773126,0
img_03715_2023,0.0,0.003000415,0
img_03714_2023,0.0,0.5981937,0
img_03719_2023,0.0,0.4982622,0
img_03720_2023,0.0,0.012879847,0
img_03723_2023,0.0,0.020850735,0
img_03727_2023,0.0,0.0062661124,0
img_03721_2023,0.0,0.01566734,0
img_03726_2023,0.0,0.013120604,0
img_03713_2023,0.0,0.0030358762,0
img_03733_2023,0.0,0.15595591,0
img_03728_2023,0.0,0.0065293657,0
img_03722_2023,0.0,0.019475283,0
img_03736_2023,0.0,0.079965785,0
img_03740_2023,0.0,0.14224117,0
img_03743_2023,0.0,0.0010928509,0
img_03746_2023,0.0,0.007897404,0
img_03745_2023,0.0,0.0012917338,0
img_03738_2023,0.0,0.022816628,0
img_03718_2023,0.0,0.005560591,0
img_03750_2023,0.0,0.3203713,0
img_03752_2023,0.0,0.026294932,0
img_03754_2023,0.0,0.023474127,0
img_03758_2023,0.0,0.021019261,0
img_03734_2023,0.0,0.00061193435,0
img_03753_2023,0.0,0.41884953,0
img_03756_2023,0.0,0.010125694,0
img_03760_2023,0.0,0.0022992853,0
img_03764_2023,0.0,0.0012305586,0
img_03768_2023,0.0,0.4041027,0
img_03769_2023,0.0,0.59292215,0
img_03765_2023,0.0,0.0007823842,0
img_03772_2023,0.0,0.031699747,0
img_03771_2023,0.0,0.051596116,0
img_03774_2023,0.0,0.007660316,0
img_03775_2023,0.0,0.18771121,0
img_03776_2023,0.0,0.0069728363,0
img_03779_2023,0.0,0.007680227,0
img_03778_2023,0.0,0.018928364,0
img_03773_2023,0.0,0.06362587,0
img_03786_2023,0.0,0.06752993,0
img_03783_2023,0.0,0.0032246646,0
img_03749_p01_2023,0.0,0.028460138,0
img_03749_p02_2023,0.0,0.027725413,0
img_03796_2023,0.0,0.018392093,0
img_03784_2023,0.0,0.004496512,0
img_03800_2023,0.0,0.0018288175,0
img_03785_2023,0.0,0.03234357,0
img_03804_2023,0.0,0.06317565,0
img_03807_2023,0.0,0.0063207257,0
img_03808_2023,0.0,0.000792802,0
img_03810_2023,0.0,0.019524332,0
img_03813_2023,0.0,0.017795486,0
img_03811_2023,0.0,0.0034936736,0
img_03819_2023,0.0,0.04900656,0
img_03817_2023,0.0,0.0204322,0
img_03787_p01_2023,0.0,0.0034656972,0
img_03787_p02_2023,0.0,0.067642994,0
img_03814_2023,0.0,0.0017768583,0
img_03820_2023,0.0,0.0023234764,0
img_03821_2023,0.0,0.0008688126,0
img_03797_2023,0.0,0.05440123,0
img_03826_2023,0.0,0.019908458,0
img_03829_2023,0.0,0.0011003987,0
img_03822_2023,0.0,0.0011936567,0
img_03830_2023,0.0,0.0052984986,0
img_03824_2023,0.0,0.022232391,0
img_03818_2023,0.0,0.1444021,0
img_03836_2023,0.0,0.0027032322,0
img_03832_2023,0.0,0.016683029,0
img_03834_2023,0.0,0.008251286,0
img_03831_2023,0.0,0.0007355844,0
img_03835_2023,0.0,0.03268799,0
img_03838_2023,0.0,0.00490643,0
img_03827_2023,0.0,0.00062109146,0
img_03854_2023,0.0,0.0060246154,0
img_03849_2023,0.0,0.01975912,0
img_03848_2023,0.0,0.0031107736,0
img_03847_2023,0.0,0.005784191,0
img_03853_2023,0.0,0.004026704,0
img_03858_2023,0.0,0.008761748,0
img_03851_2023,0.0,0.013536421,0
img_03857_2023,0.0,0.0023662748,0
img_03861_2023,0.0,0.03137983,0
img_03860_2023,0.0,0.05105017,0
img_03844_2023,0.0,0.18589981,0
img_03862_2023,0.0,0.005638705,0
img_03875_2023,0.0,0.010438425,0
img_03871_2023,0.0,0.11459584,0
img_03876_2023,0.0,0.01777676,0
img_03882_2023,0.0,0.007610816,0
img_03877_2023,0.0,0.011006022,0
img_03879_2023,0.0,0.86574066,1
img_03883_2023,0.0,0.12940636,0
img_03886_2023,0.0,0.060940124,0
img_03865_2023,0.0,0.008659965,0
img_03890_2023,0.0,0.001112022,0
img_03887_2023,0.0,0.03577101,0
img_03893_2023,0.0,0.020855505,0
img_03889_2023,0.0,0.010640055,0
img_03888_2023,0.0,0.028173447,0
img_03885_2023,0.0,0.006436416,0
img_03892_2023,0.0,0.0052468167,0
img_03894_2023,0.0,0.0390479,0
img_03899_2023,0.0,0.029015444,0
img_03903_2023,0.0,0.07908111,0
img_03905_2023,0.0,0.0027360779,0
img_03900_2023,0.0,0.71362525,0
img_03806_p01_2023,0.0,0.00833784,0
img_03806_p02_2023,0.0,0.23212309,0
img_03806_p03_2023,0.0,0.05978746,0
img_03806_p04_2023,0.0,0.012033134,0
img_03904_2023,0.0,0.5020924,0
img_03912_2023,0.0,0.002970719,0
img_03902_2023,0.0,0.0017788394,0
img_03911_2023,0.0,0.030838279,0
img_03908_2023,0.0,0.011526872,0
img_03919_2023,0.0,0.018286161,0
img_03922_2023,0.0,0.06984986,0
img_03901_p01_2023,0.0,0.13026865,0
img_03901_p02_2023,0.0,0.3606694,0
img_03920_2023,0.0,0.018585932,0
img_03921_2023,0.0,0.004746668,0
img_03930_2023,0.0,0.012719253,0
img_03931_2023,0.0,0.40524277,0
img_03941_2023,0.0,0.008026218,0
img_03938_2023,0.0,0.65324086,0
img_03933_2023,0.0,0.21174398,0
img_03936_2023,0.0,0.0012867122,0
img_03949_2023,0.0,0.19227706,0
img_03946_2023,0.0,0.29767513,0
img_03872_p01_2023,0.0,0.004955453,0
img_03872_p02_2023,0.0,0.003082842,0
img_03872_p03_2023,0.0,0.009507943,0
img_03872_p04_2023,0.0,0.0032598192,0
img_03872_p05_2023,0.0,0.0046929726,0
img_03956_2023,0.0,0.0046912488,0
img_03945_2023,0.0,0.0268066,0
img_03961_2023,0.0,0.009397986,0
img_03960_2023,0.0,0.0033631441,0
img_03959_2023,0.0,0.0013086045,0
img_03967_2023,0.0,0.021072296,0
img_03962_2023,0.0,0.0015400377,0
img_03965_2023,0.0,0.03323773,0
img_03970_2023,0.0,0.023277538,0
img_03963_2023,0.0,0.013321298,0
img_03968_2023,0.0,0.028020198,0
img_03972_2023,0.0,0.006846241,0
img_03973_2023,0.0,0.046564102,0
img_03950_p01_2023,0.0,0.007916671,0
img_03950_p02_2023,0.0,0.0032091087,0
img_03974_2023,0.0,0.07695914,0
img_03977_2023,0.0,0.00828972,0
img_03976_2023,0.0,0.010536591,0
img_03983_2023,0.0,0.02177975,0
img_03978_2023,0.0,0.016285183,0
img_03985_2023,0.0,0.009452121,0
img_03984_2023,0.0,0.0011156269,0
img_03980_2023,0.0,0.015927894,0
img_03987_2023,0.0,0.07300634,0
img_03991_2023,0.0,0.0085316645,0
img_03992_2023,0.0,0.009488751,0
img_03999_2023,0.0,0.046574477,0
img_03986_2023,0.0,0.06612768,0
img_04000_2023,0.0,0.045918345,0
img_04002_2023,0.0,0.03559167,0
img_04006_2023,0.0,0.000106202184,0
img_04005_2023,0.0,0.005817168,0
img_04007_2023,0.0,0.0016641937,0
img_04003_2023,0.0,0.038571756,0
img_04009_2023,0.0,0.16059469,0
img_04012_2023,0.0,0.12264351,0
img_04011_2023,0.0,0.0065623713,0
img_04010_2023,0.0,0.039675396,0
img_03971_p01_2023,0.0,0.0132788345,0
img_03971_p02_2023,0.0,0.020063711,0
img_03997_p01_2023,0.0,0.0035747562,0
img_03997_p02_2023,0.0,0.021332711,0
img_04017_2023,0.0,0.03222927,0
img_04018_2023,0.0,0.001979421,0
img_04023_2023,0.0,0.0037476898,0
img_04020_2023,0.0,0.05856452,0
img_04027_2023,0.0,0.01900218,0
img_04025_2023,0.0,0.038279682,0
img_04022_2023,0.0,0.0034612254,0
img_04015_2023,0.0,0.00091075175,0
img_04031_2023,0.0,0.14594704,0
img_04019_2023,0.0,0.08271454,0
img_03926_p01_2023,0.0,0.018128265,0
img_03926_p02_2023,0.0,0.048624676,0
img_03926_p03_2023,0.0,0.0024096225,0
img_03926_p04_2023,0.0,0.0077675013,0
img_03926_p05_2023,0.0,0.0049263006,0
img_03926_p06_2023,0.0,0.051818844,0
img_03937_p01_2023,0.0,0.013771543,0
img_03937_p02_2023,0.0,0.056316577,0
img_03937_p03_2023,0.0,0.013395578,0
img_03937_p04_2023,0.0,0.051252518,0
img_03937_p05_2023,0.0,0.026832854,0
img_04035_2023,0.0,0.0007640124,0
img_04038_2023,0.0,0.14855316,0
img_04036_2023,0.0,0.0036200823,0
img_04042_2023,0.0,0.01820708,0
img_04033_2023,0.0,0.043592338,0
img_04044_2023,0.0,0.010593034,0
img_04041_2023,0.0,0.016714692,0
img_04046_2023,0.0,0.09685854,0
img_04048_2023,0.0,0.065830685,0
img_04054_2023,0.0,0.011204785,0
img_04047_2023,0.0,0.09498798,0
img_03998_p01_2023,0.0,0.014915602,0
img_03998_p02_2023,0.0,0.16356264,0
img_03998_p03_2023,0.0,0.023904942,0
img_03998_p04_2023,0.0,0.0026599257,0
img_04061_2023,0.0,0.004672386,0
img_04056_2023,0.0,0.06553552,0
img_04052_2023,0.0,0.008659646,0
img_04059_2023,0.0,0.008399924,0
img_04063_2023,0.0,0.0009122212,0
img_04067_2023,0.0,0.050307676,0
img_04064_2023,0.0,0.11202984,0
img_04065_2023,0.0,0.0061431644,0
img_04072_2023,0.0,0.0038981189,0
img_04074_2023,0.0,0.009751733,0
img_04075_2023,0.0,0.21958742,0
img_04050_p01_2023,0.0,0.028584812,0
img_04050_p02_2023,0.0,0.03594841,0
img_04073_2023,0.0,0.06115966,0
img_04078_2023,0.0,0.026357934,0
img_04081_2023,0.0,0.0040855506,0
img_03825_p05_2023,0.0,0.027789515,0
img_03825_p06_2023,0.0,0.117189154,0
img_03825_p07_2023,0.0,0.34138107,0
img_03825_p08_2023,0.0,0.058762815,0
img_03825_p09_2023,0.0,0.13894828,0
img_03825_p11_2023,0.0,0.06402797,0
img_03825_p12_2023,0.0,0.014343568,0
img_03825_p13_2023,0.0,0.08373856,0
img_03825_p14_2023,0.0,0.023073733,0
img_04091_2023,0.0,0.0013314411,0
img_04095_2023,0.0,0.0086687505,0
img_04096_2023,0.0,0.0033391153,0
img_04094_2023,0.0,0.03067752,0
img_04093_2023,0.0,0.005580534,0
img_04099_2023,0.0,0.00088878337,0
img_03969_p01_2023,0.0,0.002904696,0
img_03969_p02_2023,0.0,0.0017741125,0
img_03969_p03_2023,0.0,0.025435546,0
img_03969_p04_2023,0.0,0.006224816,0
img_03969_p05_2023,0.0,0.0019784698,0
img_03969_p06_2023,0.0,0.0045831436,0
img_03969_p07_2023,0.0,0.016671527,0
img_03969_p08_2023,0.0,0.017779632,0
img_04106_2023,0.0,0.092681706,0
img_04030_p01_2023,0.0,0.08453768,0
img_04030_p02_2023,0.0,0.058111235,0
img_04030_p03_2023,0.0,0.034372773,0
img_04030_p04_2023,0.0,0.031171756,0
img_04097_2023,0.0,0.0006572993,0
img_04102_2023,0.0,0.10268466,0
img_04107_2023,0.0,0.0023195767,0
img_04108_2023,0.0,0.0035875414,0
img_04103_2023,0.0,0.0053118975,0
img_04112_2023,0.0,0.013218753,0
img_04100_2023,0.0,0.07674154,0
img_04115_2023,0.0,0.025013812,0
img_04116_2023,0.0,0.003212165,0
img_04117_2023,0.0,0.010386353,0
img_04122_2023,0.0,0.6648305,0
img_04123_2023,0.0,0.0025760075,0
img_04126_2023,0.0,0.006717384,0
img_04087_p01_2023,0.0,0.001483413,0
img_04087_p02_2023,0.0,0.039501745,0
img_04125_2023,0.0,0.004637103,0
img_04130_2023,0.0,0.22431453,0
img_04135_2023,0.0,0.011128313,0
img_04131_2023,0.0,0.004491211,0
img_04129_2023,0.0,0.06822061,0
img_04133_2023,0.0,0.002859056,0
img_04143_2023,0.0,0.003170432,0
img_04141_2023,0.0,0.0076384027,0
img_04128_2023,0.0,0.0028846695,0
img_04139_2023,0.0,0.0060616834,0
img_04142_2023,0.0,0.046627462,0
img_04132_2023,0.0,0.014289011,0
img_04147_2023,0.0,0.022324396,0
img_04136_2023,0.0,0.07268842,0
img_04155_2023,0.0,0.00083402224,0
img_04146_2023,0.0,0.0059894277,0
img_04157_2023,0.0,0.07736633,0
img_04154_2023,0.0,0.013908728,0
img_04162_2023,0.0,0.0030177946,0
img_04159_2023,0.0,0.013139004,0
img_04165_2023,0.0,0.0075502163,0
img_04167_2023,0.0,0.12592834,0
img_04163_2023,0.0,0.020963727,0
img_04150_2023,0.0,0.032660212,0
img_04153_2023,0.0,0.0038153403,0
img_04151_2023,0.0,0.8559377,1
img_04169_2023,0.0,0.0027104176,0
img_04172_2023,0.0,0.023835756,0
img_04175_2023,0.0,0.0203213,0
img_04180_2023,0.0,0.013764376,0
img_04182_2023,0.0,0.61474395,0
img_04177_2023,0.0,0.022185279,0
img_04184_2023,0.0,0.10847134,0
img_04152_p01_2023,0.0,0.06866606,0
img_04152_p02_2023,0.0,0.36532262,0
img_04185_2023,0.0,0.12680443,0
img_04201_2023,0.0,0.0005874915,0
img_04190_2023,0.0,0.009048823,0
img_04197_2023,0.0,0.061579213,0
img_04111_p01_2023,0.0,0.03542791,0
img_04111_p02_2023,0.0,0.0015547185,0
img_04111_p03_2023,0.0,0.011552534,0
img_04111_p04_2023,0.0,0.0018135373,0
img_04204_2023,0.0,0.7007584,0
img_04198_2023,0.0,0.0044464143,0
img_04199_2023,0.0,0.39707872,0
img_04208_2023,0.0,0.008399996,0
img_04214_2023,0.0,0.16541521,0
img_04211_2023,0.0,0.009140625,0
img_04216_2023,0.0,0.00038778892,0
img_04218_2023,0.0,0.18996295,0
img_04215_2023,0.0,0.0871621,0
img_04220_2023,0.0,0.03549433,0
img_04210_2023,0.0,0.00898221,0
img_04224_2023,0.0,0.11151069,0
img_04228_2023,0.0,0.0037046454,0
img_04225_2023,0.0,0.08972095,0
img_04235_2023,0.0,0.008353594,0
img_04234_2023,0.0,0.0916931,0
img_04232_2023,0.0,0.003924825,0
img_04229_2023,0.0,0.042747527,0
img_04239_2023,0.0,0.061837777,0
img_04236_2023,0.0,0.112681285,0
img_04227_2023,0.0,0.016961768,0
img_04213_2023,0.0,0.008006311,0
img_04242_2023,0.0,0.046037663,0
img_04245_2023,0.0,0.0115848845,0
img_04243_2023,0.0,0.051131874,0
img_04209_p01_2023,0.0,0.03937151,0
img_04209_p02_2023,0.0,0.048736434,0
img_04247_2023,0.0,0.0130277835,0
img_04249_2023,0.0,0.0059361486,0
img_04248_2023,0.0,0.27168393,0
img_04244_2023,0.0,0.0025176709,0
img_04251_2023,0.0,0.02019938,0
img_04255_2023,0.0,0.0046817535,0
img_04246_2023,0.0,0.9308465,1
img_04254_2023,0.0,0.0031594636,0
img_04262_2023,0.0,0.00021838173,0
img_04259_2023,0.0,0.0016735283,0
img_04261_2023,0.0,0.0031480421,0
img_04266_2023,0.0,0.116959974,0
img_04263_2023,0.0,0.017022388,0
img_04270_2023,0.0,0.002462357,0
img_04280_2023,0.0,0.037881434,0
img_04275_2023,0.0,0.0013978034,0
img_04276_2023,0.0,0.26357803,0
img_04278_2023,0.0,0.0027643957,0
img_04274_2023,0.0,0.24701501,0
img_04283_2023,0.0,0.123014376,0
img_04279_2023,0.0,0.0039410843,0
img_04281_2023,0.0,0.0029098892,0
img_04290_2023,0.0,0.04306678,0
img_04288_2023,0.0,0.016217662,0
img_04287_2023,0.0,0.11077049,0
img_04292_2023,0.0,0.11849717,0
img_04286_2023,0.0,0.1991052,0
img_04291_2023,0.0,0.1417144,0
img_04296_2023,0.0,0.0048121656,0
img_04295_2023,0.0,0.014059647,0
img_04289_2023,0.0,0.0041490896,0
img_04297_2023,0.0,0.0039005042,0
img_04302_2023,0.0,0.0010113949,0
img_04299_2023,0.0,0.018498354,0
img_04294_2023,0.0,0.008602151,0
img_04298_2023,0.0,0.0009809106,0
img_04310_2023,0.0,0.05548058,0
img_04320_2023,0.0,0.004837284,0
img_04315_2023,0.0,0.0061986716,0
img_04317_2023,0.0,0.0016760995,0
img_04323_2023,0.0,0.046944264,0
img_04324_2023,0.0,0.009012129,0
img_04322_2023,0.0,0.065535374,0
img_04326_2023,0.0,0.0008897756,0
img_04312_2023,0.0,0.0045860945,0
img_04332_2023,0.0,0.0062802946,0
img_04335_2023,0.0,0.0016097333,0
img_04340_2023,0.0,0.012670401,0
img_04342_2023,0.0,0.004585927,0
img_04300_p01_2023,0.0,0.0005768817,0
img_04300_p02_2023,0.0,0.04045161,0
img_04343_2023,0.0,0.0029366687,0
img_04344_2023,0.0,0.0010118238,0
img_04352_2023,0.0,0.017442567,0
img_04354_2023,0.0,0.015760593,0
img_04357_2023,0.0,0.0018534616,0
img_04358_2023,0.0,0.37305608,0
img_04363_2023,0.0,0.11094201,0
img_04360_2023,0.0,0.012063375,0
img_04381_2023,0.0,0.10999013,0
img_04378_2023,0.0,0.005334457,0
img_04383_2023,0.0,0.0029457454,0
img_04371_2023,0.0,0.0021490178,0
img_04385_2023,0.0,0.46720824,0
img_04379_2023,0.0,0.0013858065,0
img_04388_2023,0.0,0.012540013,0
img_04386_2023,0.0,0.0019620396,0
img_04390_2023,0.0,0.13957547,0
img_04389_2023,0.0,0.0045069526,0
img_04336_p01_2023,0.0,0.0018939234,0
img_04336_p02_2023,0.0,0.0013612793,0
img_04394_2023,0.0,0.005723065,0
img_04392_2023,0.0,0.0047983313,0
img_04400_2023,0.0,0.007433863,0
img_04384_p01_2023,0.0,0.014901324,0
img_04405_2023,0.0,0.682691,0
img_04399_2023,0.0,0.009197078,0
img_04407_2023,0.0,0.056528598,0
img_04403_2023,0.0,0.0035776717,0
img_04408_2023,0.0,0.02978691,0
img_04409_2023,0.0,0.019293474,0
img_04413_2023,0.0,0.015734598,0
img_04418_2023,0.0,0.00063494703,0
img_04424_2023,0.0,0.015071658,0
img_04421_2023,0.0,0.0037369838,0
img_04425_2023,0.0,0.0097579155,0
img_04430_2023,0.0,0.0043086796,0
img_04428_2023,0.0,0.007534408,0
img_04436_2023,0.0,0.0021091015,0
img_04432_2023,0.0,0.04398859,0
img_04434_2023,0.0,0.001586743,0
img_04438_2023,0.0,0.00013554405,0
img_04449_2023,0.0,0.018778332,0
img_04450_2023,0.0,0.005664273,0
img_04447_2023,0.0,0.43488753,0
img_04451_2023,0.0,0.015977861,0
img_04453_2023,0.0,0.016261572,0
img_04439_2023,0.0,0.0076724575,0
img_04458_2023,0.0,0.07787802,0
img_04474_2023,0.0,0.00689247,0
img_04461_2023,0.0,0.029902643,0
img_04480_2023,0.0,0.1562308,0
img_04481_2023,0.0,0.0058161644,0
img_04475_2023,0.0,0.008797897,0
img_04482_2023,0.0,0.0014183322,0
img_04462_2023,0.0,0.0029854279,0
img_04479_2023,0.0,0.15125792,0
img_04486_2023,0.0,0.005153004,0
img_04492_2023,0.0,0.0017300089,0
img_04491_2023,0.0,0.023576386,0
img_04490_2023,0.0,0.005098507,0
img_04505_2023,0.0,0.016352763,0
img_04500_2023,0.0,0.0053257123,0
img_04502_2023,0.0,0.36696973,0
img_04495_2023,0.0,0.0030991298,0
img_04513_2023,0.0,0.010642163,0
img_04503_2023,0.0,0.003850757,0
img_04509_2023,0.0,0.037127603,0
img_04512_2023,0.0,0.60189027,0
img_04520_2023,0.0,0.0038869109,0
img_04521_2023,0.0,0.0016803968,0
img_04530_2023,0.0,0.013579449,0
img_04525_2023,0.0,0.010283709,0
img_04529_2023,0.0,0.02784616,0
img_04528_2023,0.0,0.00936618,0
img_04522_2023,0.0,0.004435875,0
img_04533_2023,0.0,0.76126933,0
img_04527_2023,0.0,0.017875005,0
img_04553_2023,0.0,0.029479586,0
img_04544_2023,0.0,0.026836492,0
img_04560_2023,0.0,0.06537996,0
img_04546_2023,0.0,0.02273679,0
img_04551_2023,0.0,0.0046032667,0
img_04555_2023,0.0,0.026704084,0
img_04561_2023,0.0,0.0069296677,0
img_04549_2023,0.0,0.005358864,0
img_04563_2023,0.0,0.007069865,0
img_04576_2023,0.0,0.43310624,0
img_04570_2023,0.0,0.020400861,0
img_04573_2023,0.0,0.11049503,0
img_04569_2023,0.0,0.0053297654,0
img_04577_2023,0.0,0.019620605,0
img_04562_2023,0.0,0.0018565818,0
img_04565_2023,0.0,0.09205898,0
img_04580_2023,0.0,0.0004646965,0
img_04584_2023,0.0,0.01691049,0
img_04582_2023,0.0,0.033666972,0
img_04581_2023,0.0,0.001462564,0
img_04594_2023,0.0,0.05906775,0
img_04588_2023,0.0,0.028153492,0
img_04599_2023,0.0,0.002430322,0
img_04596_2023,0.0,0.06908712,0
img_04593_2023,0.0,0.0034132085,0
img_04587_2023,0.0,0.009385565,0
img_04597_2023,0.0,0.02723355,0
img_04601_2023,0.0,0.30733958,0
img_04603_2023,0.0,0.102779776,0
img_04605_2023,0.0,0.02882598,0
img_04602_2023,0.0,0.2386728,0
img_04613_2023,0.0,0.00096089375,0
img_04614_2023,0.0,0.013258407,0
img_04606_2023,0.0,0.0061727995,0
img_04608_2023,0.0,0.0076419967,0
img_04619_2023,0.0,0.07123694,0
img_04624_2023,0.0,0.006241966,0
img_04611_2023,0.0,0.0016185812,0
img_04620_2023,0.0,0.0010898198,0
img_04623_2023,0.0,0.15365046,0
img_04609_2023,0.0,0.00065688853,0
img_04630_2023,0.0,0.0016781298,0
img_04636_2023,0.0,0.0017673293,0
img_04635_2023,0.0,0.0060385205,0
img_04632_2023,0.0,0.008347813,0
img_04642_2023,0.0,0.015401129,0
img_04649_2023,0.0,0.0015009829,0
img_04648_2023,0.0,0.047334556,0
img_04645_2023,0.0,0.002056562,0
img_04654_2023,0.0,0.08930018,0
img_04657_2023,0.0,0.0683384,0
img_04661_2023,0.0,0.041110698,0
img_04653_2023,0.0,0.016427338,0
img_04663_2023,0.0,0.0076758275,0
img_04669_2023,0.0,0.19855534,0
img_04675_2023,0.0,0.48240167,0
img_04666_2023,0.0,0.003659379,0
img_04671_2023,0.0,0.026639193,0
img_04685_2023,0.0,0.021652322,0
img_04686_2023,0.0,0.0010304879,0
img_04676_2023,0.0,8.2656145e-05,0
img_04691_2023,0.0,0.005881286,0
img_04690_2023,0.0,0.0015968644,0
img_04695_2023,0.0,0.08265785,0
img_04681_2023,0.0,0.010166673,0
img_04692_2023,0.0,0.009339662,0
img_04699_2023,0.0,0.016361417,0
img_04700_2023,0.0,0.0077502914,0
img_04696_2023,0.0,0.0005610543,0
img_04703_2023,0.0,0.066312544,0
img_04698_2023,0.0,0.02251357,0
img_04704_2023,0.0,0.0022118683,0
img_04711_2023,0.0,0.050894547,0
img_04710_2023,0.0,0.0050054966,0
img_04708_2023,0.0,0.0011622455,0
img_04706_2023,0.0,0.03189599,0
img_04709_2023,0.0,0.0071254214,0
img_04718_2023,0.0,0.0031027456,0
img_04712_2023,0.0,0.00082653324,0
img_04721_2023,0.0,0.019333994,0
img_04719_2023,0.0,0.005947719,0
img_04716_2023,0.0,0.014843163,0
img_04723_2023,0.0,0.88168734,1
img_04725_2023,0.0,0.00290688,0
img_04726_2023,0.0,0.66588324,0
img_04720_2023,0.0,0.008721665,0
img_04722_2023,0.0,0.0031393077,0
img_04730_2023,0.0,0.0671371,0
img_04715_2023,0.0,0.006973467,0
img_04735_2023,0.0,0.043780625,0
img_04739_2023,0.0,0.043753453,0
img_04738_2023,0.0,0.34716457,0
img_04736_2023,0.0,0.001484528,0
img_04743_2023,0.0,0.0003252333,0
img_04741_2023,0.0,0.0043609743,0
img_04746_2023,0.0,0.012253723,0
img_04742_2023,0.0,0.44672093,0
img_04753_2023,0.0,0.010577263,0
img_04750_2023,0.0,0.02041671,0
img_04751_2023,0.0,0.006361545,0
img_04756_2023,0.0,0.0011807127,0
img_04754_2023,0.0,0.08012606,0
img_04758_2023,0.0,0.008133029,0
img_04728_2023,0.0,0.014609711,0
img_04764_2023,0.0,0.00348755,0
img_04761_2023,0.0,0.026285568,0
img_04770_2023,0.0,0.005378677,0
img_04771_2023,0.0,0.0035915985,0
img_04694_p03_2023,0.0,0.0032577934,0
img_04765_2023,0.0,0.06377296,0
img_04773_2023,0.0,0.013134121,0
img_04780_2023,0.0,0.006632955,0
img_04768_2023,0.0,0.008127077,0
img_04774_2023,0.0,0.3035163,0
img_04779_2023,0.0,0.022235397,0
img_04782_2023,0.0,0.014393933,0
img_04783_2023,0.0,0.0067857397,0
img_04784_2023,0.0,0.013523978,0
img_04781_2023,0.0,0.0005300152,0
img_04778_2023,0.0,0.011566771,0
img_04786_2023,0.0,0.0017119045,0
img_04789_2023,0.0,0.00800053,0
img_04787_2023,0.0,0.0027836026,0
img_04788_2023,0.0,0.00032873903,0
img_04793_2023,0.0,0.026566125,0
img_04792_2023,0.0,0.0033150527,0
img_04797_2023,0.0,0.009493364,0
img_04791_2023,0.0,0.0005400461,0
img_04799_2023,0.0,0.22611262,0
img_04796_2023,0.0,0.046120513,0
img_04795_2023,0.0,0.27357897,0
img_04798_2023,0.0,0.023218911,0
img_04804_2023,0.0,0.045268495,0
img_04785_2023,0.0,0.0027016734,0
img_04803_2023,0.0,0.0018405854,0
img_04811_2023,0.0,0.34416723,0
img_04812_2023,0.0,0.048698887,0
img_04814_2023,0.0,0.3837307,0
img_04702_p01_2023,0.0,0.0013307952,0
img_04702_p02_2023,0.0,0.0055510593,0
img_04702_p03_2023,0.0,0.002027148,0
img_04702_p04_2023,0.0,0.006501722,0
img_04702_p05_2023,0.0,0.0025480036,0
img_04702_p06_2023,0.0,0.020245982,0
img_04763_p01_2023,0.0,0.0111585,0
img_04763_p02_2023,0.0,0.023952842,0
img_04816_2023,0.0,0.014531618,0
img_04818_2023,0.0,0.0055248197,0
img_04809_2023,0.0,0.030676758,0
img_04820_2023,0.0,0.37799546,0
img_04805_2023,0.0,0.02066836,0
img_04822_2023,0.0,0.22709334,0
img_04825_2023,0.0,0.016646748,0
img_04824_2023,0.0,0.038169328,0
img_04828_2023,0.0,0.0014947427,0
img_04833_2023,0.0,0.3717043,0
img_04836_2023,0.0,0.0019485496,0
img_04835_2023,0.0,0.005269006,0
img_04829_2023,0.0,0.014393202,0
img_04841_2023,0.0,0.0006210533,0
img_04839_2023,0.0,0.021666165,0
img_04838_2023,0.0,0.008855512,0
img_04840_2023,0.0,0.012868708,0
img_04827_2023,0.0,0.029617703,0
img_04843_2023,0.0,0.021599345,0
img_04845_2023,0.0,0.001974307,0
img_04848_2023,0.0,0.034119822,0
img_04844_2023,0.0,0.007861428,0
img_04846_2023,0.0,0.005683465,0
img_04849_2023,0.0,0.04218608,0
img_04850_2023,0.0,0.009471271,0
img_04853_2023,0.0,0.00041129783,0
img_04852_2023,0.0,0.049720444,0
img_04856_2023,0.0,0.16389152,0
img_04863_2023,0.0,0.06489307,0
img_04868_2023,0.0,0.0022325465,0
img_04864_2023,0.0,0.261064,0
img_04867_2023,0.0,0.015376434,0
img_04861_2023,0.0,0.028690437,0
img_04865_2023,0.0,0.13206446,0
img_04871_2023,0.0,0.00247757,0
img_04869_2023,0.0,0.0012428707,0
img_04876_2023,0.0,0.0029599594,0
img_04872_2023,0.0,0.032600004,0
img_04870_2023,0.0,0.00976512,0
img_04875_2023,0.0,0.36744127,0
img_04873_2023,0.0,0.0009169967,0
img_04880_2023,0.0,0.0034238836,0
img_04883_2023,0.0,0.011813337,0
img_04878_2023,0.0,0.23923272,0
img_04882_2023,0.0,0.0046880194,0
img_04748_p01_2023,0.0,0.0043108957,0
img_04748_p02_2023,0.0,0.011815135,0
img_04748_p03_2023,0.0,0.0061210464,0
img_04748_p04_2023,0.0,0.0001854546,0
img_04748_p05_2023,0.0,0.0001264665,0
img_04748_p06_2023,0.0,0.006819965,0
img_04748_p07_2023,0.0,0.10343411,0
img_04892_2023,0.0,0.06743243,0
img_04888_2023,0.0,0.0001599281,0
img_04891_2023,0.0,0.025409851,0
img_04895_2023,0.0,0.48136315,0
img_04899_2023,0.0,0.00036091093,0
img_04900_2023,0.0,0.0012459779,0
img_04902_2023,0.0,0.5995767,0
img_04903_2023,0.0,0.040579826,0
img_04906_2023,0.0,0.24678984,0
img_04898_2023,0.0,0.18991575,0
img_04909_2023,0.0,0.031777315,0
img_04908_2023,0.0,0.031024681,0
img_04904_2023,0.0,0.015201793,0
img_04831_p02_2023,0.0,0.0031606923,0
img_04831_p03_2023,0.0,0.0075379033,0
img_04831_p04_2023,0.0,0.01643496,0
img_04907_2023,0.0,0.007628293,0
img_04912_2023,0.0,0.83142,1
img_04914_2023,0.0,0.011610974,0
img_04916_2023,0.0,0.0007419399,0
img_04913_2023,0.0,0.00085963914,0
img_04919_2023,0.0,0.038450092,0
img_04924_2023,0.0,0.0011883,0
img_04922_2023,0.0,0.007655692,0
img_04917_2023,0.0,0.0014014649,0
img_04921_2023,0.0,0.53321236,0
img_04926_2023,0.0,0.33351907,0
img_04910_2023,0.0,0.018256752,0
img_04929_2023,0.0,0.01123595,0
img_04911_p01_2023,0.0,0.014319818,0
img_04911_p02_2023,0.0,0.021356726,0
img_04930_2023,0.0,0.100213125,0
img_04935_2023,0.0,0.01087752,0
img_04937_2023,0.0,0.048809614,0
img_04932_2023,0.0,0.76862293,0
img_04933_2023,0.0,0.045900907,0
img_04874_p01_2023,0.0,0.0061741304,0
img_04874_p02_2023,0.0,0.020014808,0
img_04874_p03_2023,0.0,0.0025503484,0
img_04874_p04_2023,0.0,0.033188764,0
img_04938_2023,0.0,0.0005282696,0
img_04943_2023,0.0,0.0005843485,0
img_04947_2023,0.0,0.004365446,0
img_04945_2023,0.0,0.07266411,0
img_04941_2023,0.0,0.07516716,0
img_04944_2023,0.0,0.028702231,0
img_04948_2023,0.0,0.011939872,0
img_04949_2023,0.0,0.0096106725,0
img_04953_2023,0.0,0.25749388,0
img_04952_2023,0.0,0.12136956,0
img_04956_2023,0.0,0.0019288926,0
img_04955_2023,0.0,0.013939126,0
img_04939_2023,0.0,0.015667744,0
img_04794_p01_2023,0.0,0.011441129,0
img_04794_p02_2023,0.0,0.09626299,0
img_04794_p03_2023,0.0,0.002301287,0
img_04794_p04_2023,0.0,0.0134026,0
img_04794_p05_2023,0.0,0.013867241,0
img_04794_p06_2023,0.0,0.008210357,0
img_04794_p07_2023,0.0,0.012111946,0
img_04794_p08_2023,0.0,0.017336939,0
img_04957_2023,0.0,0.001989844,0
img_04958_2023,0.0,0.031831667,0
img_04964_2023,0.0,0.009663935,0
img_04963_2023,0.0,0.0034211446,0
img_04886_p01_2023,0.0,0.0037467855,0
img_04886_p02_2023,0.0,0.005454813,0
img_04886_p03_2023,0.0,0.00063666736,0
img_04886_p04_2023,0.0,0.0032703718,0
img_04961_2023,0.0,0.043498848,0
img_04967_2023,0.0,0.0092799915,0
img_04966_2023,0.0,0.07670833,0
img_04973_2023,0.0,0.003383542,0
img_04968_2023,0.0,0.0020079194,0
img_04969_2023,0.0,0.18456821,0
img_04975_2023,0.0,0.01797848,0
img_04974_2023,0.0,0.0053998604,0
img_04979_2023,0.0,0.004350374,0
img_04744_p01_2023,0.0,0.00950305,0
img_04744_p02_2023,0.0,0.0012888047,0
img_04744_p03_2023,0.0,0.020122003,0
img_04744_p04_2023,0.0,0.0073669488,0
img_04744_p05_2023,0.0,0.0022730227,0
img_04744_p06_2023,0.0,0.0013771862,0
img_04744_p07_2023,0.0,0.00030492188,0
img_04744_p08_2023,0.0,0.003507666,0
img_04744_p09_2023,0.0,0.026618743,0
img_04744_p10_2023,0.0,0.0005342445,0
img_04744_p11_2023,0.0,0.0041908617,0
img_04744_p12_2023,0.0,0.00045833518,0
img_04978_2023,0.0,0.013632128,0
img_04977_2023,0.0,0.0056028827,0
img_04982_2023,0.0,0.004051289,0
img_04981_2023,0.0,0.178954,0
img_04970_2023,0.0,0.0035119357,0
img_04986_2023,0.0,0.0034845117,0
img_04976_2023,0.0,0.033164132,0
img_04983_2023,0.0,0.0038591782,0
img_04931_p01_2023,0.0,0.0069086878,0
img_04931_p02_2023,0.0,0.018224986,0
img_04990_2023,0.0,0.002843644,0
img_04993_2023,0.0,0.4694448,0
img_04994_2023,0.0,0.1283952,0
img_04988_2023,0.0,0.008881898,0
img_04996_2023,0.0,0.028483827,0
img_04995_2023,0.0,0.0019623206,0
img_04998_2023,0.0,0.02782741,0
img_04999_2023,0.0,0.0063158753,0
img_05000_2023,0.0,0.0013994657,0
img_05003_2023,0.0,0.0062746434,0
img_05004_2023,0.0,0.010966639,0
img_05009_2023,0.0,0.006392563,0
img_05010_2023,0.0,0.00068116235,0
img_04984_p01_2023,0.0,0.038016707,0
img_04984_p02_2023,0.0,0.032880038,0
img_05006_2023,0.0,0.08385435,0
img_05012_2023,0.0,0.06812507,0
img_04896_p01_2023,0.0,0.0020707261,0
img_04896_p02_2023,0.0,0.0043364014,0
img_04896_p03_2023,0.0,0.0039903317,0
img_04896_p04_2023,0.0,0.00030309273,0
img_04896_p05_2023,0.0,0.00018526053,0
img_04896_p06_2023,0.0,0.0009283946,0
img_04940_p01_2023,0.0,0.0021495179,0
img_04940_p02_2023,0.0,0.00226622,0
img_04940_p03_2023,0.0,0.0013889987,0
img_04940_p04_2023,0.0,0.00024260982,0
img_05016_2023,0.0,0.043011922,0
img_05019_2023,0.0,0.006384445,0
img_05017_2023,0.0,0.06825933,0
img_05025_2023,0.0,0.0019242796,0
img_05028_2023,0.0,0.0084111,0
img_05024_2023,0.0,0.0021539673,0
img_05027_2023,0.0,0.0004629514,0
img_05032_2023,0.0,0.0080970265,0
img_05037_2023,0.0,0.159978,0
img_05039_2023,0.0,0.031814925,0
img_05033_2023,0.0,0.39660433,0
img_05036_2023,0.0,0.70021605,0
img_05040_2023,0.0,0.20487618,0
img_05029_2023,0.0,0.045714565,0
img_05026_2023,0.0,0.8363047,1
img_05038_2023,0.0,0.5473667,0
img_05043_2023,0.0,0.015568014,0
img_05049_2023,0.0,0.010717175,0
img_05042_2023,0.0,0.0011365853,0
img_05052_2023,0.0,0.38660032,0
img_05051_2023,0.0,0.021298496,0
img_05055_2023,0.0,0.007031671,0
img_05057_2023,0.0,0.096553825,0
img_05046_2023,0.0,0.7543379,0
img_05056_2023,0.0,0.0006421262,0
img_05059_2023,0.0,0.046817064,0
img_05048_2023,0.0,0.021846723,0
img_05060_2023,0.0,0.86988914,1
img_05063_2023,0.0,0.005342394,0
img_05066_2023,0.0,0.06609885,0
img_05062_2023,0.0,0.0011785137,0
img_05068_2023,0.0,0.0019743247,0
img_05064_2023,0.0,0.008936958,0
img_05069_2023,0.0,0.008868065,0
img_05067_2023,0.0,0.021020139,0
img_05070_2023,0.0,0.0009537725,0
img_05074_2023,0.0,0.0061101317,0
img_05072_2023,0.0,0.0060380907,0
img_05076_2023,0.0,0.009556339,0
img_05075_2023,0.0,0.0038019342,0
img_05077_2023,0.0,0.0014028924,0
img_05078_2023,0.0,0.0098236855,0
img_05081_2023,0.0,0.006945318,0
img_05079_2023,0.0,0.03604637,0
img_05071_2023,0.0,0.10484448,0
img_05082_2023,0.0,0.00721114,0
img_05080_2023,0.0,0.04180191,0
img_05088_2023,0.0,0.00092245615,0
img_05087_2023,0.0,0.0023478668,0
img_05085_2023,0.0,0.0013946294,0
img_05089_2023,0.0,0.0009781435,0
img_05053_p01_2023,0.0,0.0021497214,0
img_05053_p02_2023,0.0,0.006454943,0
img_05090_2023,0.0,0.013806553,0
img_05094_2023,0.0,0.0020964334,0
img_05096_2023,0.0,0.04348157,0
img_05097_2023,0.0,0.0063508116,0
img_05099_2023,0.0,0.0007318053,0
img_05095_2023,0.0,0.09579785,0
img_05110_2023,0.0,0.09385341,0
img_05104_2023,0.0,0.0070721474,0
img_05108_2023,0.0,0.6514504,0
img_05100_2023,0.0,0.12756029,0
img_05098_2023,0.0,0.0012174138,0
img_05107_2023,0.0,0.00043432816,0
img_05112_2023,0.0,0.038284544,0
img_05113_2023,0.0,0.004650338,0
img_05115_2023,0.0,0.21510121,0
img_05111_2023,0.0,0.027467035,0
img_05105_2023,0.0,0.027859276,0
img_05114_2023,0.0,0.0047172653,0
img_05120_2023,0.0,0.0026050294,0
img_05124_2023,0.0,0.061298568,0
img_05123_2023,0.0,0.026595619,0
img_05122_2023,0.0,0.07562868,0
img_05116_2023,0.0,0.0064245127,0
img_05121_2023,0.0,0.069746785,0
img_05130_2023,0.0,0.05953356,0
img_05103_p01_2023,0.0,0.003491783,0
img_05103_p02_2023,0.0,0.0055510513,0
img_05128_2023,0.0,0.038540617,0
img_05131_2023,0.0,0.011725561,0
img_05129_2023,0.0,0.00081738393,0
img_05127_2023,0.0,8.405397e-05,0
img_05126_2023,0.0,0.026504492,0
img_05134_2023,0.0,0.013645421,0
img_05133_2023,0.0,0.006785971,0
img_05135_2023,0.0,0.08639254,0
img_05137_2023,0.0,0.014208714,0
img_05142_2023,0.0,0.010084768,0
img_05138_2023,0.0,0.087629415,0
img_05145_2023,0.0,0.011994054,0
img_05151_2023,0.0,0.006508169,0
img_05150_2023,0.0,0.02533356,0
img_05147_2023,0.0,0.0016087551,0
img_05143_2023,0.0,0.153873,0
img_05149_2023,0.0,0.0023446723,0
img_05148_2023,0.0,0.0033507466,0
img_05154_2023,0.0,0.0043608644,0
img_05155_2023,0.0,0.36482856,0
img_05159_2023,0.0,0.029007029,0
img_05160_2023,0.0,0.025719723,0
img_05162_2023,0.0,0.0033122685,0
img_05158_2023,0.0,0.0029257038,0
img_05163_2023,0.0,0.70813197,0
img_05165_2023,0.0,0.0034915924,0
img_05174_2023,0.0,0.033605073,0
img_05172_2023,0.0,0.1107477,0
img_05164_2023,0.0,0.23523167,0
img_05175_2023,0.0,0.13123707,0
img_05170_2023,0.0,0.008467738,0
img_04936_p01_2023,0.0,0.00081332325,0
img_04936_p02_2023,0.0,0.00047418868,0
img_04936_p03_2023,0.0,0.0069184997,0
img_04936_p04_2023,0.0,0.0008701489,0
img_04936_p05_2023,0.0,0.000270283,0
img_04936_p06_2023,0.0,0.000710321,0
img_04936_p07_2023,0.0,0.0008454448,0
img_04936_p08_2023,0.0,0.0069371136,0
img_04936_p09_2023,0.0,0.0023549271,0
img_04936_p10_2023,0.0,0.0020788913,0
img_05176_2023,0.0,0.055934437,0
img_05179_2023,0.0,0.1383329,0
img_05181_2023,0.0,0.0005049916,0
img_05180_2023,0.0,0.0007451334,0
img_05184_2023,0.0,0.5612582,0
img_05186_2023,0.0,0.012343265,0
img_05189_2023,0.0,0.023650473,0
img_05173_2023,0.0,0.0032932158,0
img_05188_2023,0.0,0.017882474,0
img_05194_2023,0.0,0.0010428404,0
img_05193_2023,0.0,0.027766638,0
img_05191_2023,0.0,0.031564873,0
img_05195_2023,0.0,0.005086922,0
img_05199_2023,0.0,0.02009048,0
img_05187_2023,0.0,0.7976001,0
img_05202_2023,0.0,0.014175771,0
img_05209_2023,0.0,0.0074358652,0
img_05200_2023,0.0,0.060015325,0
img_05214_2023,0.0,0.0014750698,0
img_05203_2023,0.0,0.007709821,0
img_05204_2023,0.0,0.27642542,0
img_05208_2023,0.0,0.0035818864,0
img_05201_2023,0.0,0.0025483111,0
img_05210_2023,0.0,0.0023828435,0
img_05220_2023,0.0,0.00078907644,0
img_05218_2023,0.0,0.007404952,0
img_05217_2023,0.0,0.016433256,0
img_05207_2023,0.0,0.0065973112,0
img_05206_2023,0.0,0.166937,0
img_05215_2023,0.0,0.00056052295,0
img_05223_2023,0.0,0.0014632577,0
img_05222_2023,0.0,0.00018463364,0
img_05229_2023,0.0,0.075892255,0
img_05226_2023,0.0,0.032705862,0
img_05219_2023,0.0,0.04149525,0
img_05227_2023,0.0,0.24638999,0
img_05211_2023,0.0,0.019961998,0
img_05224_2023,0.0,0.0002601656,0
img_05225_2023,0.0,0.009707707,0
img_05231_2023,0.0,0.022412656,0
img_05235_2023,0.0,0.02423379,0
img_05233_2023,0.0,0.004241575,0
img_05238_2023,0.0,0.91127044,1
img_05241_2023,0.0,0.01155938,0
img_05244_2023,0.0,0.011782084,0
img_05240_2023,0.0,0.0014883548,0
img_05232_2023,0.0,0.045099344,0
img_05243_2023,0.0,0.00045759592,0
img_05242_2023,0.0,0.0018423541,0
img_05245_2023,0.0,0.00046376922,0
img_05246_2023,0.0,0.009983689,0
img_05250_2023,0.0,0.0014640208,0
img_05249_2023,0.0,0.0077517326,0
img_05247_2023,0.0,0.27611473,0
img_05256_2023,0.0,0.019876588,0
img_05258_2023,0.0,0.19822104,0
img_05260_2023,0.0,0.0015622787,0
img_05263_2023,0.0,0.00260762,0
img_05254_2023,0.0,0.0029744683,0
img_05264_2023,0.0,0.0025140643,0
img_05267_2023,0.0,0.013672703,0
img_05266_2023,0.0,0.015945058,0
img_05265_2023,0.0,0.0010785942,0
img_05268_2023,0.0,0.064933196,0
img_05275_2023,0.0,0.05011193,0
img_05270_2023,0.0,0.00082930113,0
img_05276_2023,0.0,0.09862341,0
img_05273_2023,0.0,0.0048462767,0
img_05278_2023,0.0,0.0056639244,0
img_05269_2023,0.0,0.012973629,0
img_05280_2023,0.0,0.36886045,0
img_05277_2023,0.0,0.004419914,0
img_05284_2023,0.0,0.03868638,0
img_05281_2023,0.0,0.0079756025,0
img_05283_2023,0.0,0.025882872,0
img_05282_2023,0.0,0.3053375,0
img_05286_2023,0.0,0.0018692618,0
img_05289_2023,0.0,0.10279737,0
img_05287_2023,0.0,0.0036501777,0
img_05291_2023,0.0,0.23993683,0
img_05293_2023,0.0,0.012623399,0
img_05292_2023,0.0,0.031104345,0
img_05297_2023,0.0,0.0042212023,0
img_05301_2023,0.0,0.00087882124,0
img_05294_2023,0.0,0.00139826,0
img_05298_2023,0.0,0.022083396,0
img_05300_2023,0.0,0.0043384894,0
img_05306_2023,0.0,0.015732864,0
img_05309_2023,0.0,0.05455465,0
img_05303_2023,0.0,0.001269547,0
img_05252_p01_2023,0.0,0.0019873807,0
img_05252_p02_2023,0.0,0.00090285135,0
img_05305_2023,0.0,0.0010396165,0
img_05310_2023,0.0,0.04420837,0
img_05314_2023,0.0,0.1882236,0
img_05311_2023,0.0,0.024668584,0
img_05316_2023,0.0,0.08799861,0
img_05315_2023,0.0,0.0063127344,0
img_05317_2023,0.0,0.0011948319,0
img_05320_2023,0.0,0.46640193,0
img_05319_2023,0.0,0.002913055,0
img_05312_2023,0.0,0.0039918176,0
img_05323_2023,0.0,0.005822852,0
img_05324_2023,0.0,0.01514969,0
img_05318_2023,0.0,0.00061309664,0
img_05325_2023,0.0,0.016522566,0
img_05328_2023,0.0,0.037997592,0
img_05333_2023,0.0,0.02752126,0
img_05322_2023,0.0,0.020312682,0
img_05327_2023,0.0,0.0065878616,0
img_05334_2023,0.0,0.8830478,1
img_05336_2023,0.0,0.013321494,0
img_05330_2023,0.0,0.075111136,0
img_05339_2023,0.0,0.0050707906,0
img_05299_p01_2023,0.0,0.0010036941,0
img_05299_p02_2023,0.0,0.00020673742,0
img_05341_2023,0.0,0.01756034,0
img_05346_2023,0.0,0.026202079,0
img_05345_2023,0.0,0.0016936281,0
img_05343_2023,0.0,0.46555436,0
img_05352_2023,0.0,0.015733395,0
img_05349_2023,0.0,0.2963928,0
img_05355_2023,0.0,0.0025911985,0
img_05356_2023,0.0,0.009930969,0
img_05353_2023,0.0,0.023692146,0
img_05360_2023,0.0,0.016638236,0
img_05361_2023,0.0,0.021580847,0
img_05364_2023,0.0,0.022682281,0
img_05363_2023,0.0,0.016599217,0
img_05365_2023,0.0,0.046946917,0
img_05366_2023,0.0,0.01199203,0
img_05369_2023,0.0,0.10721328,0
img_05362_2023,0.0,0.006431204,0
img_05261_p01_2023,0.0,0.0026311008,0
img_05261_p02_2023,0.0,0.0031752686,0
img_05261_p03_2023,0.0,0.0019360009,0
img_05261_p04_2023,0.0,0.015560184,0
img_05261_p05_2023,0.0,0.0008400897,0
img_05261_p06_2023,0.0,0.00049184397,0
img_05371_2023,0.0,0.12141923,0
img_05372_2023,0.0,0.009608935,0
img_05370_2023,0.0,0.00010561321,0
img_05376_2023,0.0,0.45643333,0
img_05381_2023,0.0,0.041031286,0
img_05377_2023,0.0,0.0015449654,0
img_05384_2023,0.0,0.00041450394,0
img_05374_2023,0.0,0.026157403,0
img_05386_2023,0.0,0.0025375457,0
img_05385_2023,0.0,0.21408589,0
img_05388_2023,0.0,0.0026451703,0
img_05387_2023,0.0,0.044661265,0
img_05392_2023,0.0,0.0019269887,0
img_05390_2023,0.0,0.0021559668,0
img_05395_2023,0.0,0.007760301,0
img_05393_2023,0.0,0.5105687,0
img_05397_2023,0.0,0.024405504,0
img_05399_2023,0.0,0.0021604195,0
img_05402_2023,0.0,0.00021470402,0
img_05398_2023,0.0,0.4788011,0
img_05401_2023,0.0,0.003156823,0
img_05409_2023,0.0,0.0165445,0
img_05406_2023,0.0,0.04312177,0
img_05404_2023,0.0,0.010163472,0
img_05389_2023,0.0,0.006117813,0
img_05416_2023,0.0,0.00019833223,0
img_05426_2023,0.0,0.009223208,0
img_05415_2023,0.0,0.022336164,0
img_05424_2023,0.0,0.019772014,0
img_05425_2023,0.0,0.03532892,0
img_05430_2023,0.0,0.08783989,0
img_05429_2023,0.0,0.0035239372,0
img_05433_2023,0.0,0.37573692,0
img_05428_2023,0.0,0.65753376,0
img_05436_2023,0.0,0.026822641,0
img_05441_2023,0.0,0.07478126,0
img_05434_2023,0.0,0.07336166,0
img_05439_2023,0.0,0.014279189,0
img_05442_2023,0.0,0.02996764,0
img_05432_2023,0.0,0.050909255,0
img_05438_2023,0.0,0.0011296426,0
img_05431_2023,0.0,0.032362755,0
img_05435_2023,0.0,0.059433986,0
img_05449_2023,0.0,0.005265463,0
img_05446_2023,0.0,0.23319022,0
img_05453_2023,0.0,0.03531218,0
img_05456_2023,0.0,0.0014552417,0
img_05455_2023,0.0,0.01431391,0
img_05460_2023,0.0,0.013587996,0
img_05454_2023,0.0,0.0142739685,0
img_05462_2023,0.0,0.0031139678,0
img_05458_2023,0.0,0.0018824358,0
img_05461_2023,0.0,0.011226021,0
img_05464_2023,0.0,0.55610883,0
img_05447_p01_2023,0.0,0.008982983,0
img_05447_p02_2023,0.0,0.0035780224,0
img_05467_2023,0.0,0.032404672,0
img_05471_2023,0.0,0.10312209,0
img_05470_2023,0.0,0.00029626314,0
img_05474_2023,0.0,0.052407715,0
img_05476_2023,0.0,0.017759634,0
img_05477_2023,0.0,0.0059987665,0
img_05472_2023,0.0,0.8571199,1
img_05480_2023,0.0,0.0033215075,0
img_05479_2023,0.0,0.0204187,0
img_05478_2023,0.0,0.6030423,0
img_05475_2023,0.0,0.0015417081,0
img_05459_p02_2023,0.0,0.0014029485,0
img_05468_p01_2023,0.0,0.0030383018,0
img_05468_p02_2023,0.0,0.001711889,0
img_05482_2023,0.0,0.023349611,0
img_05487_2023,0.0,0.0034611796,0
img_05490_2023,0.0,0.104616866,0
img_05486_2023,0.0,0.16917782,0
img_05489_2023,0.0,0.0054141697,0
img_05493_2023,0.0,0.002465512,0
img_05494_2023,0.0,0.003413874,0
img_05497_2023,0.0,0.019387336,0
img_05496_2023,0.0,0.01946917,0
img_05427_p01_2023,0.0,0.005863423,0
img_05427_p02_2023,0.0,0.002702105,0
img_05427_p03_2023,0.0,0.011175712,0
img_05427_p05_2023,0.0,0.005212547,0
img_05427_p06_2023,0.0,0.0032661918,0
img_05500_2023,0.0,0.00042743378,0
img_05504_2023,0.0,0.02541694,0
img_05501_2023,0.0,0.009243431,0
img_05498_2023,0.0,0.00013354603,0
img_05332_p01_2023,0.0,0.0021242474,0
img_05332_p02_2023,0.0,0.0017605098,0
img_05332_p03_2023,0.0,0.00462186,0
img_05332_p04_2023,0.0,0.0007299219,0
img_05332_p05_2023,0.0,0.00033815007,0
img_05332_p06_2023,0.0,0.013438575,0
img_05332_p07_2023,0.0,0.011151351,0
img_05332_p08_2023,0.0,0.004730275,0
img_05332_p09_2023,0.0,0.004156899,0
img_05332_p10_2023,0.0,0.0023606352,0
img_05499_2023,0.0,0.02478107,0
img_05503_2023,0.0,0.004503559,0
img_05506_2023,0.0,0.030173264,0
img_05512_2023,0.0,0.047334768,0
img_05510_2023,0.0,0.00813086,0
img_05515_2023,0.0,0.0103984075,0
img_05513_2023,0.0,0.014959005,0
img_05517_2023,0.0,0.011402208,0
img_05518_2023,0.0,0.0034866983,0
img_05514_2023,0.0,0.016935598,0
img_05522_2023,0.0,0.019020572,0
img_05511_2023,0.0,0.07402075,0
img_05520_2023,0.0,0.011679159,0
img_05521_2023,0.0,0.0189758,0
img_05523_2023,0.0,0.02884521,0
img_05495_p01_2023,0.0,0.011060794,0
img_05519_2023,0.0,0.011498183,0
img_05526_2023,0.0,0.001960772,0
img_05524_2023,0.0,0.002142138,0
img_05528_2023,0.0,0.10892929,0
img_05531_2023,0.0,0.015832866,0
img_05527_2023,0.0,0.00250666,0
img_05537_2023,0.0,0.014196243,0
img_05538_2023,0.0,0.04895689,0
img_05321_p01_2023,0.0,0.009877813,0
img_05321_p02_2023,0.0,0.0014728247,0
img_05321_p03_2023,0.0,0.0035228678,0
img_05321_p04_2023,0.0,0.00092794275,0
img_05321_p05_2023,0.0,0.010539906,0
img_05321_p06_2023,0.0,0.0025098298,0
img_05321_p07_2023,0.0,0.0002691397,0
img_05321_p08_2023,0.0,0.0033165435,0
img_05321_p09_2023,0.0,0.0013562888,0
img_05321_p10_2023,0.0,0.004525976,0
img_05321_p11_2023,0.0,0.0011175276,0
img_05448_p01_2023,0.0,0.017367786,0
img_05448_p02_2023,0.0,0.006484183,0
img_05448_p03_2023,0.0,0.009409972,0
img_05448_p04_2023,0.0,0.10069247,0
img_05543_2023,0.0,0.061424505,0
img_05539_2023,0.0,0.0018499268,0
img_05551_2023,0.0,0.0035045776,0
img_05548_2023,0.0,0.001179783,0
img_05550_2023,0.0,0.686614,0
img_05546_2023,0.0,0.029340241,0
img_05547_2023,0.0,0.100627445,0
img_05545_2023,0.0,0.016840959,0
img_05552_2023,0.0,0.044575322,0
img_05553_2023,0.0,0.0015156666,0
img_05556_2023,0.0,0.008601496,0
img_05383_p01_2023,0.0,0.0016586911,0
img_05383_p02_2023,0.0,0.0034761156,0
img_05383_p03_2023,0.0,0.00053093594,0
img_05383_p04_2023,0.0,0.0009664872,0
img_05383_p05_2023,0.0,0.0023619786,0
img_05383_p06_2023,0.0,0.005416088,0
img_05383_p07_2023,0.0,0.0019819075,0
img_05383_p08_2023,0.0,0.0012293872,0
img_05383_p09_2023,0.0,0.001050671,0
img_05466_p01_2023,0.0,0.00065736665,0
img_05466_p02_2023,0.0,0.00091234467,0
img_05466_p03_2023,0.0,0.0040955665,0
img_05466_p05_2023,0.0,0.009093764,0
img_05466_p06_2023,0.0,0.0021105753,0
img_05559_2023,0.0,0.013109668,0
img_05549_2023,0.0,0.0031241744,0
img_05564_2023,0.0,0.013264777,0
img_05568_2023,0.0,0.008756747,0
img_05562_2023,0.0,0.851716,1
img_05569_2023,0.0,0.7471103,0
img_05571_2023,0.0,0.008001401,0
img_05561_2023,0.0,0.0038244836,0
img_05567_2023,0.0,0.002880207,0
img_05570_2023,0.0,0.06576375,0
img_05572_2023,0.0,0.0079047065,0
img_05573_2023,0.0,0.01568006,0
img_05574_2023,0.0,0.004367341,0
img_05575_2023,0.0,0.0070192995,0
img_05580_2023,0.0,0.032264963,0
img_05577_2023,0.0,0.16763368,0
img_05582_2023,0.0,0.020473262,0
img_05578_2023,0.0,0.0055828765,0
img_05576_2023,0.0,0.0056262407,0
img_05586_2023,0.0,0.008613984,0
img_05585_2023,0.0,0.106720164,0
img_05590_2023,0.0,0.0001431378,0
img_05593_2023,0.0,0.042543195,0
img_05451_p03_2023,0.0,0.010093873,0
img_05451_p04_2023,0.0,0.000657611,0
img_05451_p05_2023,0.0,0.004628176,0
img_05451_p07_2023,0.0,0.011177489,0
img_05451_p08_2023,0.0,0.0056412104,0
img_05451_p09_2023,0.0,0.0144997025,0
img_05592_2023,0.0,0.78099966,0
img_05595_2023,0.0,0.0038784018,0
img_05587_2023,0.0,0.000778155,0
img_05597_2023,0.0,0.39966702,0
img_05598_2023,0.0,0.025066903,0
img_05589_2023,0.0,0.5234507,0
img_05602_2023,0.0,0.0040708007,0
img_05605_2023,0.0,0.0040719705,0
img_05604_2023,0.0,0.023920517,0
img_05607_2023,0.0,0.0020991068,0
img_05603_2023,0.0,0.0008788045,0
img_05608_2023,0.0,0.028603932,0
img_05606_2023,0.0,0.0120413955,0
img_05610_2023,0.0,0.0008520375,0
img_05600_2023,0.0,0.05572287,0
img_05599_2023,0.0,0.35648772,0
img_05612_2023,0.0,0.00906093,0
img_05613_2023,0.0,0.94015115,1
img_05611_2023,0.0,0.0023027894,0
img_05619_2023,0.0,0.047001556,0
img_05617_2023,0.0,5.1691924e-05,0
img_05583_p01_2023,0.0,0.005628434,0
img_05616_2023,0.0,0.05876754,0
img_05622_2023,0.0,0.003312353,0
img_05623_2023,0.0,0.74276835,0
img_05624_2023,0.0,0.008980297,0
img_05625_2023,0.0,0.15460731,0
img_05621_2023,0.0,0.09257063,0
img_05630_2023,0.0,0.004962113,0
img_05633_2023,0.0,0.9300231,1
img_05615_2023,0.0,0.004358333,0
img_05631_2023,0.0,0.89811754,1
img_05638_2023,0.0,0.009778334,0
img_05637_2023,0.0,0.0031877083,0
img_05639_2023,0.0,0.0019099623,0
img_05640_2023,0.0,0.04582701,0
img_05634_2023,0.0,0.036316067,0
img_05642_2023,0.0,0.012155624,0
img_05645_2023,0.0,0.0029411805,0
img_05566_p01_2023,0.0,0.004576933,0
img_05566_p02_2023,0.0,0.0043403106,0
img_05566_p03_2023,0.0,0.0018010648,0
img_05566_p04_2023,0.0,0.0042178123,0
img_05646_2023,0.0,0.018473247,0
img_05644_2023,0.0,0.023815682,0
img_05641_2023,0.0,0.08129337,0
img_05635_2023,0.0,0.0006597187,0
img_05650_2023,0.0,0.06967274,0
img_05651_2023,0.0,0.19777039,0
img_05653_2023,0.0,0.043098956,0
img_05652_2023,0.0,0.003232984,0
img_05654_2023,0.0,0.01155774,0
img_05620_p01_2023,0.0,0.0053607733,0
img_05620_p02_2023,0.0,0.006961478,0
img_05658_2023,0.0,0.019586492,0
img_05664_2023,0.0,0.006537103,0
img_05655_2023,0.0,0.023486026,0
img_05662_2023,0.0,0.012709353,0
img_05659_2023,0.0,0.023330456,0
img_05661_2023,0.0,0.00021627787,0
img_05663_2023,0.0,0.01307767,0
img_05668_2023,0.0,0.009614159,0
img_05673_2023,0.0,0.03892537,0
img_05670_2023,0.0,0.00083940034,0
img_05676_2023,0.0,0.0033865937,0
img_05669_2023,0.0,0.3066732,0
img_05678_2023,0.0,0.030529983,0
img_05681_2023,0.0,0.0021268062,0
img_05675_2023,0.0,0.014223088,0
img_05680_2023,0.0,0.00046849065,0
img_05684_2023,0.0,0.0064162756,0
img_05686_2023,0.0,0.061574996,0
img_05685_2023,0.0,0.0055949874,0
img_05687_2023,0.0,0.13343401,0
img_05689_2023,0.0,0.16072118,0
img_05694_2023,0.0,0.10925859,0
img_05693_2023,0.0,0.2921127,0
img_05692_2023,0.0,0.0009006719,0
img_05698_2023,0.0,0.0025093919,0
img_05699_2023,0.0,0.09954781,0
img_05700_2023,0.0,0.0011743825,0
img_05697_2023,0.0,0.026571922,0
img_05704_2023,0.0,0.23090987,0
img_05701_2023,0.0,0.0030163575,0
img_05707_2023,0.0,0.21889865,0
img_05709_2023,0.0,0.012975399,0
img_05708_2023,0.0,0.04281391,0
img_05688_2023,0.0,0.0007578803,0
img_05696_2023,0.0,0.026720578,0
img_05705_2023,0.0,0.0060526608,0
img_05712_2023,0.0,0.026345955,0
img_05719_2023,0.0,0.004752452,0
img_05714_2023,0.0,0.86985755,1
img_05717_2023,0.0,0.0032140987,0
img_05720_2023,0.0,0.007943711,0
img_05723_2023,0.0,1.9122022e-05,0
img_05725_2023,0.0,0.00031945566,0
img_05718_2023,0.0,0.0059406916,0
img_05724_2023,0.0,0.013928033,0
img_05721_2023,0.0,0.001958365,0
img_05726_2023,0.0,0.004044624,0
img_05722_2023,0.0,0.008636858,0
img_05728_2023,0.0,0.040435888,0
img_05731_2023,0.0,0.015894685,0
img_05735_2023,0.0,0.00304959,0
img_05727_2023,0.0,0.0021132524,0
img_05716_2023,0.0,0.027799623,0
img_05733_2023,0.0,0.017677289,0
img_05729_2023,0.0,0.008590569,0
img_05738_2023,0.0,0.06236456,0
img_05732_2023,0.0,0.0048917523,0
img_05742_2023,0.0,0.0025935327,0
img_05730_2023,0.0,0.009807446,0
img_05741_2023,0.0,0.0008775523,0
img_05749_2023,0.0,0.004304384,0
img_05744_2023,0.0,0.0039736624,0
img_05747_2023,0.0,0.039128102,0
img_05752_2023,0.0,0.004607094,0
img_05751_2023,0.0,0.0200221,0
img_05748_2023,0.0,0.0022942778,0
img_05745_2023,0.0,0.23217605,0
img_05746_2023,0.0,0.56510556,0
img_05750_2023,0.0,0.0110879075,0
img_05755_2023,0.0,0.020666752,0
img_05758_2023,0.0,0.0010691697,0
img_05754_2023,0.0,0.005168626,0
img_05757_2023,0.0,0.0028467146,0
img_05759_2023,0.0,0.0072150975,0
img_05762_2023,0.0,0.87162864,1
img_05760_2023,0.0,0.0053541264,0
img_05765_2023,0.0,0.008254717,0
img_05768_2023,0.0,0.00761274,0
img_05769_2023,0.0,0.014292914,0
img_05771_2023,0.0,0.05488457,0
img_05772_2023,0.0,0.0071087633,0
img_05770_2023,0.0,0.0009574403,0
img_05773_2023,0.0,0.003625518,0
img_05775_2023,0.0,0.005767512,0
img_05774_2023,0.0,0.057940092,0
img_05779_2023,0.0,0.44604564,0
img_05784_2023,0.0,0.0830399,0
img_05780_2023,0.0,0.00046290443,0
img_05782_2023,0.0,0.045111522,0
img_05781_2023,0.0,0.060668,0
img_05785_2023,0.0,0.032371573,0
img_05788_2023,0.0,0.030010335,0
img_05787_2023,0.0,0.004803015,0
img_05789_2023,0.0,0.010269804,0
img_05786_2023,0.0,0.013463797,0
img_05791_2023,0.0,0.009659053,0
img_05795_2023,0.0,0.76905173,0
img_05790_2023,0.0,0.028023083,0
img_05778_2023,0.0,0.002639272,0
img_05793_2023,0.0,0.07699899,0
img_05797_2023,0.0,0.00075568317,0
img_05800_2023,0.0,0.0041638473,0
img_05802_2023,0.0,0.0031010513,0
img_05808_2023,0.0,0.0029612924,0
img_05806_2023,0.0,0.013310467,0
img_05803_2023,0.0,0.0011094571,0
img_05810_2023,0.0,0.010473241,0
img_05813_2023,0.0,0.004147559,0
img_05812_2023,0.0,0.021125572,0
img_05811_2023,0.0,0.013036395,0
img_05804_2023,0.0,0.002233697,0
img_05815_2023,0.0,0.009923213,0
img_05817_2023,0.0,0.004595148,0
img_05703_p01_2023,0.0,0.000840671,0
img_05703_p02_2023,0.0,0.0057694763,0
img_05703_p03_2023,0.0,0.032117125,0
img_05703_p04_2023,0.0,0.09097269,0
img_05703_p05_2023,0.0,0.0002973818,0
img_05703_p06_2023,0.0,0.00030673604,0
img_05821_2023,0.0,0.8829146,1
img_05822_2023,0.0,0.15551965,0
img_05819_2023,0.0,0.03375605,0
img_05814_2023,0.0,0.0056173587,0
img_05823_2023,0.0,0.0015653312,0
img_05828_2023,0.0,0.043819755,0
img_05827_2023,0.0,0.0017383297,0
img_05829_2023,0.0,0.00440579,0
img_05826_2023,0.0,0.02863637,0
img_05836_2023,0.0,0.0018044766,0
img_05839_2023,0.0,0.0011335496,0
img_05838_2023,0.0,0.9391198,1
img_05831_2023,0.0,0.0016417885,0
img_05834_2023,0.0,0.00046901833,0
img_05846_2023,0.0,0.009636178,0
img_05843_2023,0.0,0.0071317432,0
img_05850_2023,0.0,0.39638796,0
img_05848_2023,0.0,0.0035514862,0
img_05847_2023,0.0,0.009175404,0
img_05825_p01_2023,0.0,0.06730398,0
img_05825_p02_2023,0.0,0.0027056937,0
img_05844_2023,0.0,0.007960458,0
img_05854_2023,0.0,0.0034437382,0
img_05851_2023,0.0,0.0047775027,0
img_05855_2023,0.0,0.0007880132,0
img_05858_2023,0.0,0.020371327,0
img_05861_2023,0.0,0.003369665,0
img_05863_2023,0.0,0.017035414,0
img_05867_2023,0.0,0.011734979,0
img_05862_2023,0.0,0.0065949177,0
img_05870_2023,0.0,0.16945788,0
img_05871_2023,0.0,0.0018412197,0
img_05869_2023,0.0,0.005290899,0
img_05873_2023,0.0,0.0049276566,0
img_05878_2023,0.0,0.091886975,0
img_05875_2023,0.0,0.01161387,0
img_05866_2023,0.0,0.0011193611,0
img_05877_2023,0.0,0.0015560174,0
img_05876_2023,0.0,0.0010012024,0
img_05885_2023,0.0,0.001163505,0
img_05799_p01_2023,0.0,0.0011951296,0
img_05799_p02_2023,0.0,0.05668596,0
img_05799_p03_2023,0.0,0.0008703185,0
img_05799_p04_2023,0.0,0.0021559258,0
img_05881_2023,0.0,0.0016757102,0
img_05890_2023,0.0,0.036817476,0
img_05891_2023,0.0,0.3679879,0
img_05887_2023,0.0,0.1252768,0
img_05892_2023,0.0,0.20681618,0
img_05888_2023,0.0,0.033476345,0
img_05886_2023,0.0,4.63793e-05,0
img_05893_2023,0.0,0.00056950876,0
img_05889_2023,0.0,0.009497979,0
img_05868_p01_2023,0.0,0.04491901,0
img_05868_p02_2023,0.0,0.04535824,0
img_05897_2023,0.0,0.08257224,0
img_05896_2023,0.0,0.008766284,0
img_05883_2023,0.0,0.061630514,0
img_05900_2023,0.0,0.01592877,0
img_05901_2023,0.0,0.04836662,0
img_05903_2023,0.0,0.010287971,0
img_05908_2023,0.0,0.00080758677,0
img_05906_2023,0.0,0.009281421,0
img_05912_2023,0.0,0.85689867,1
img_05911_2023,0.0,0.00019015242,0
img_05914_2023,0.0,0.08072278,0
img_05915_2023,0.0,0.0017010964,0
img_05902_2023,0.0,0.16266352,0
img_05919_2023,0.0,0.1387788,0
img_05682_p01_2023,0.0,0.009221369,0
img_05682_p02_2023,0.0,0.0011637189,0
img_05682_p03_2023,0.0,0.0022986347,0
img_05682_p04_2023,0.0,0.00086959155,0
img_05682_p05_2023,0.0,0.0022682513,0
img_05682_p06_2023,0.0,0.0033595099,0
img_05682_p08_2023,0.0,0.042660315,0
img_05682_p09_2023,0.0,0.0045060758,0
img_05682_p10_2023,0.0,0.010894858,0
img_05682_p11_2023,0.0,0.0031567104,0
img_05920_2023,0.0,0.005677777,0
img_05922_2023,0.0,0.0026425135,0
img_05926_2023,0.0,0.72497547,0
img_05923_2023,0.0,0.0067649884,0
img_05928_2023,0.0,0.00062269834,0
img_05927_2023,0.0,0.0043723364,0
img_05930_2023,0.0,0.0092340205,0
img_05924_2023,0.0,0.025656728,0
img_05934_2023,0.0,0.030872868,0
img_05938_2023,0.0,0.53064317,0
img_05936_2023,0.0,0.0010078317,0
img_05929_2023,0.0,0.05163024,0
img_05944_2023,0.0,0.00835651,0
img_05946_2023,0.0,0.021887477,0
img_05947_2023,0.0,0.03394758,0
img_05895_p01_2023,0.0,7.755556e-05,0
img_05895_p02_2023,0.0,0.0006177742,0
img_05895_p03_2023,0.0,0.0047651804,0
img_05895_p04_2023,0.0,0.0022011506,0
img_05943_2023,0.0,0.08926767,0
img_05942_2023,0.0,0.012508804,0
img_05949_2023,0.0,0.017247878,0
img_05951_2023,0.0,0.00046196728,0
img_05953_2023,0.0,0.0015840267,0
img_05948_2023,0.0,0.002613924,0
img_05957_2023,0.0,0.064609155,0
img_05959_2023,0.0,0.020379495,0
img_05960_2023,0.0,0.2717351,0
img_05961_2023,0.0,0.69611204,0
img_05962_2023,0.0,0.020696841,0
img_05952_2023,0.0,0.00064196007,0
img_05945_2023,0.0,0.0008905101,0
img_05964_2023,0.0,0.058587875,0
img_05907_p01_2023,0.0,0.23726945,0
img_05907_p02_2023,0.0,0.0031714377,0
img_05907_p03_2023,0.0,0.038088296,0
img_05907_p04_2023,0.0,0.0024464047,0
img_05955_2023,0.0,0.008138011,0
img_05963_2023,0.0,0.0021573296,0
img_05966_2023,0.0,0.00075032504,0
img_05965_2023,0.0,0.035673317,0
img_05970_2023,0.0,0.11270246,0
img_05976_2023,0.0,0.1031174,0
img_05971_2023,0.0,0.20357777,0
img_05975_2023,0.0,0.0021048547,0
img_05972_2023,0.0,0.39849022,0
img_05979_2023,0.0,0.8025514,1
img_05967_2023,0.0,0.023911957,0
img_05981_2023,0.0,0.010399894,0
img_05985_2023,0.0,0.10228481,0
img_05983_2023,0.0,0.0155123845,0
img_05982_2023,0.0,0.0011489262,0
img_05980_2023,0.0,0.015081904,0
img_05925_p01_2023,0.0,0.00022228407,0
img_05925_p02_2023,0.0,0.0008869649,0
img_05925_p03_2023,0.0,0.0053612767,0
img_05984_2023,0.0,0.0047693704,0
img_05978_2023,0.0,0.0007295096,0
img_05988_2023,0.0,0.55332905,0
img_05987_2023,0.0,0.013158346,0
img_05991_2023,0.0,0.80654466,1
img_05994_2023,0.0,0.0025661283,0
img_05993_2023,0.0,0.0035198124,0
img_05990_2023,0.0,0.00279424,0
img_05995_2023,0.0,0.012234065,0
img_05992_2023,0.0,0.0011924494,0
img_05997_2023,0.0,0.019768456,0
img_05996_2023,0.0,0.0020941512,0
img_05999_2023,0.0,0.20615664,0
img_06003_2023,0.0,0.009784394,0
img_06002_2023,0.0,0.019816745,0
img_06001_2023,0.0,0.10308422,0
img_06007_2023,0.0,0.033966206,0
img_06008_2023,0.0,0.0077555003,0
img_06006_2023,0.0,0.00028921023,0
img_06005_2023,0.0,0.004903097,0
img_06009_2023,0.0,0.3754189,0
img_05998_2023,0.0,0.0021044752,0
img_06013_2023,0.0,0.25713593,0
img_06010_2023,0.0,0.100765735,0
img_06012_2023,0.0,0.057250887,0
img_06011_2023,0.0,0.0060462896,0
img_06016_2023,0.0,0.13381557,0
img_06017_2023,0.0,0.3080643,0
img_06021_2023,0.0,0.004142241,0
img_06014_2023,0.0,0.04425801,0
img_06018_2023,0.0,0.019032547,0
img_06020_2023,0.0,0.5936239,0
img_06023_2023,0.0,0.0074774944,0
img_06022_2023,0.0,0.036399774,0
img_06026_2023,0.0,0.021772422,0
img_06024_2023,0.0,0.033176992,0
img_06029_2023,0.0,0.008977378,0
img_06028_2023,0.0,0.009545347,0
img_06030_2023,0.0,0.023470988,0
img_06031_2023,0.0,0.011946523,0
img_06032_2023,0.0,0.010277596,0
img_06034_2023,0.0,0.03785158,0
img_06033_2023,0.0,0.0003403599,0
img_06039_2023,0.0,0.0013756249,0
img_05989_p01_2023,0.0,0.020179167,0
img_05989_p02_2023,0.0,0.009842777,0
img_05974_p01_2023,0.0,0.00055689324,0
img_05974_p02_2023,0.0,0.0036786452,0
img_05974_p03_2023,0.0,0.0027031333,0
img_05974_p04_2023,0.0,0.0003667822,0
img_06041_2023,0.0,0.002563791,0
img_06040_2023,0.0,0.0054646623,0
img_06037_2023,0.0,0.0028976419,0
img_06042_2023,0.0,0.26605493,0
img_06036_2023,0.0,0.0015476238,0
img_06043_2023,0.0,0.020639235,0
img_06045_2023,0.0,0.09703663,0
img_06050_2023,0.0,0.036356695,0
img_06004_p01_2023,0.0,0.008217886,0
img_06004_p02_2023,0.0,0.035460807,0
img_06004_p03_2023,0.0,0.007868648,0
img_06004_p04_2023,0.0,0.005791742,0
img_06054_2023,0.0,0.011310006,0
img_06053_2023,0.0,0.002198757,0
img_06051_2023,0.0,0.0006013162,0
img_06060_2023,0.0,0.0057413527,0
img_06058_2023,0.0,0.003531737,0
img_06061_2023,0.0,0.14314589,0
img_06063_2023,0.0,0.00076555123,0
img_06062_2023,0.0,0.20750235,0
img_06052_2023,0.0,0.0035194093,0
img_06065_2023,0.0,0.0049618827,0
img_06069_2023,0.0,0.0114415875,0
img_06057_2023,0.0,0.015627928,0
img_06070_2023,0.0,0.0027000485,0
img_06072_2023,0.0,0.0047693043,0
img_06071_2023,0.0,0.001733476,0
img_06073_2023,0.0,0.018106425,0
img_06077_2023,0.0,0.15085566,0
img_06074_2023,0.0,0.014165819,0
img_06078_2023,0.0,0.07167247,0
img_06080_2023,0.0,0.021997968,0
img_06076_2023,0.0,0.6138526,0
img_06085_2023,0.0,0.16903043,0
img_06087_2023,0.0,0.012304616,0
img_06066_p01_2023,0.0,0.0008456716,0
img_06066_p02_2023,0.0,0.0022492635,0
img_06092_2023,0.0,0.34003446,0
img_06081_2023,0.0,0.0031816245,0
img_06094_2023,0.0,0.10840067,0
img_06083_2023,0.0,0.0016574583,0
img_06088_2023,0.0,0.0027911111,0
img_06095_2023,0.0,0.42151183,0
img_06097_2023,0.0,0.008314481,0
img_06101_2023,0.0,0.13448477,0
img_06098_2023,0.0,0.0072628814,0
img_06099_2023,0.0,0.0019361187,0
img_06106_2023,0.0,0.08073901,0
img_06109_2023,0.0,0.028293267,0
img_06102_2023,0.0,0.0007686715,0
img_06111_2023,0.0,0.0038622443,0
img_05933_p01_2023,0.0,0.014188792,0
img_05933_p02_2023,0.0,0.0032686747,0
img_05933_p03_2023,0.0,0.001857723,0
img_05933_p04_2023,0.0,0.0138791,0
img_05933_p05_2023,0.0,0.0034765734,0
img_05933_p06_2023,0.0,0.00065234385,0
img_05933_p07_2023,0.0,0.0121691385,0
img_05933_p08_2023,0.0,0.0069468603,0
img_05933_p09_2023,0.0,0.0027048269,0
img_06103_2023,0.0,0.9867279,1
img_06107_2023,0.0,0.00039335166,0
img_06104_2023,0.0,0.003520801,0
img_06113_2023,0.0,0.029801222,0
img_06114_2023,0.0,0.0046064425,0
img_06108_2023,0.0,0.032439593,0
img_06116_2023,0.0,0.061748743,0
img_06110_2023,0.0,0.009534835,0
img_06121_2023,0.0,0.024241615,0
img_06128_2023,0.0,0.14889055,0
img_06124_2023,0.0,0.32651833,0
img_06068_p02_2023,0.0,0.006241951,0
img_06131_2023,0.0,0.016339485,0
img_06136_2023,0.0,0.007913159,0
img_06135_2023,0.0,0.0024804284,0
img_06140_2023,0.0,0.011277802,0
img_06142_2023,0.0,0.0029582065,0
img_06137_2023,0.0,0.9345335,1
img_06118_p01_2023,0.0,0.015794743,0
img_06118_p02_2023,0.0,0.0021953576,0
img_06149_2023,0.0,0.20113634,0
img_06151_2023,0.0,0.2535676,0
img_06153_2023,0.0,0.26800814,0
img_06150_2023,0.0,0.24538597,0
img_06157_2023,0.0,0.42162153,0
img_06154_2023,0.0,0.093568206,0
img_06158_2023,0.0,0.7076501,0
img_06156_2023,0.0,0.00692619,0
img_06161_2023,0.0,0.043353558,0
img_06148_p01_2023,0.0,0.018965874,0
img_06148_p02_2023,0.0,0.021365806,0
img_06152_p01_2023,0.0,0.07883097,0
img_06152_p02_2023,0.0,0.48214862,0
img_06163_2023,0.0,0.052168068,0
img_06139_p01_2023,0.0,0.091335714,0
img_06139_p02_2023,0.0,0.3299318,0
img_06139_p03_2023,0.0,0.04564226,0
img_06164_2023,0.0,0.14613774,0
img_06166_2023,0.0,0.07888351,0
img_06162_2023,0.0,0.6921028,0
img_06160_2023,0.0,0.2974418,0
img_06174_2023,0.0,0.013656534,0
img_06179_2023,0.0,0.19272098,0
img_06173_2023,0.0,0.042619273,0
img_06168_p01_2023,0.0,0.26147178,0
img_06168_p02_2023,0.0,0.025008913,0
img_06182_2023,0.0,0.67598164,0
img_06187_2023,0.0,0.013420311,0
img_06181_2023,0.0,0.0076337783,0
img_06185_2023,0.0,0.033890266,0
img_06186_2023,0.0,0.29345337,0
img_05674_p02_2023,0.0,0.034615286,0
img_05674_p03_2023,0.0,0.00094786874,0
img_05674_p04_2023,0.0,0.010657649,0
img_05674_p06_2023,0.0,0.0003815657,0
img_05674_p08_2023,0.0,0.001550238,0
img_05674_p09_2023,0.0,0.003489191,0
img_05674_p10_2023,0.0,0.0063927537,0
img_05674_p11_2023,0.0,0.00064482767,0
img_05674_p12_2023,0.0,0.0005267956,0
img_05674_p13_2023,0.0,0.0022149128,0
img_05674_p14_2023,0.0,0.5970356,0
img_05674_p15_2023,0.0,0.0008713619,0
img_05674_p16_2023,0.0,0.0026293346,0
img_05674_p17_2023,0.0,0.0026760178,0
img_05674_p18_2023,0.0,0.011349267,0
img_05674_p19_2023,0.0,0.0020171297,0
img_05674_p20_2023,0.0,0.00012974003,0
img_05674_p21_2023,0.0,0.0028535856,0
img_05674_p22_2023,0.0,0.004627673,0
img_05674_p23_2023,0.0,0.0023952445,0
img_05674_p24_2023,0.0,0.00572408,0
img_05674_p25_2023,0.0,0.009902789,0
img_06189_2023,0.0,0.03355134,0
img_06199_2023,0.0,0.02347986,0
img_06196_2023,0.0,0.015648607,0
img_06197_2023,0.0,0.3851006,0
img_06202_2023,0.0,0.21506582,0
img_06193_2023,0.0,0.0012376127,0
img_06204_2023,0.0,0.0033966396,0
img_06207_2023,0.0,0.24076547,0
img_06214_2023,0.0,0.09226908,0
img_06212_2023,0.0,0.02817216,0
img_06218_2023,0.0,0.0014676019,0
img_06192_p01_2023,0.0,0.012216612,0
img_06192_p02_2023,0.0,0.37391347,0
img_06226_2023,0.0,0.29749438,0
img_06220_2023,0.0,0.44313058,0
img_06195_p01_2023,0.0,0.01873241,0
img_06195_p02_2023,0.0,0.11562193,0
img_06223_2023,0.0,0.044822674,0
img_06127_p01_2023,0.0,0.010080461,0
img_06127_p02_2023,0.0,0.0034634117,0
img_06127_p03_2023,0.0,0.016817966,0
img_06238_2023,0.0,0.0003682286,0
img_06240_2023,0.0,0.08973649,0
img_06235_2023,0.0,0.18253379,0
img_06236_2023,0.0,0.03481234,0
img_06241_2023,0.0,0.012583338,0
img_06231_2023,0.0,0.082554504,0
img_06234_2023,0.0,0.14376043,0
img_06245_2023,0.0,0.12228277,0
img_06244_2023,0.0,0.00047536514,0
img_06217_p01_2023,0.0,0.0143534485,0
img_06217_p02_2023,0.0,0.1161722,0
img_06228_p01_2023,0.0,0.0098303715,0
img_06228_p02_2023,0.0,0.17319763,0
img_06249_2023,0.0,0.12662262,0
img_06246_2023,0.0,0.021735534,0
img_06229_p01_2023,0.0,0.14508794,0
img_06229_p02_2023,0.0,0.2279035,0
img_06253_2023,0.0,0.0018674594,0
img_06255_2023,0.0,0.10352636,0
img_06256_2023,0.0,0.3721294,0
img_06251_2023,0.0,0.045068562,0
img_06252_2023,0.0,0.034815837,0
img_06260_2023,0.0,0.33413497,0
img_06259_2023,0.0,0.017644918,0
img_06257_2023,0.0,0.075372234,0
img_06263_2023,0.0,0.33601862,0
img_06269_2023,0.0,0.013026791,0
img_06272_2023,0.0,0.16088817,0
img_06270_2023,0.0,0.062465977,0
img_06266_2023,0.0,0.025425263,0
img_06273_2023,0.0,0.35948202,0
img_06211_p01_2023,0.0,0.015782643,0
img_06211_p02_2023,0.0,0.012575787,0
img_06211_p03_2023,0.0,0.029091034,0
img_06211_p04_2023,0.0,0.010901885,0
img_06277_2023,0.0,0.023106355,0
img_06278_2023,0.0,0.006180594,0
img_06282_2023,0.0,0.02675485,0
img_06283_2023,0.0,0.0077858167,0
img_06248_p01_2023,0.0,0.031310584,0
img_06248_p02_2023,0.0,0.055534683,0
img_06248_p03_2023,0.0,0.14971954,0
img_06248_p04_2023,0.0,0.11077438,0
img_06280_2023,0.0,0.0025668764,0
img_06284_2023,0.0,0.106244475,0
img_06286_2023,0.0,0.8034229,1
img_06291_2023,0.0,0.00469348,0
img_06289_2023,0.0,0.03850864,0
img_06294_2023,0.0,1.4627105e-06,0
img_06295_2023,0.0,0.3701237,0
img_06301_2023,0.0,0.13812949,0
img_06297_2023,0.0,0.26988775,0
img_06296_2023,0.0,0.041506775,0
img_06302_2023,0.0,0.00028928192,0
img_06307_2023,0.0,0.014872044,0
img_05065_p01_2023,0.0,0.00059877493,0
img_05065_p02_2023,0.0,0.004884689,0
img_05065_p03_2023,0.0,0.009437894,0
img_05065_p05_2023,0.0,0.0012414881,0
img_05065_p06_2023,0.0,0.0010727717,0
img_05065_p07_2023,0.0,0.0056105843,0
img_05065_p08_2023,0.0,0.0021725947,0
img_05065_p10_2023,0.0,0.0110106375,0
img_05065_p11_2023,0.0,0.004315389,0
img_05065_p12_2023,0.0,0.0022872647,0
img_05065_p13_2023,0.0,0.019705363,0
img_05065_p14_2023,0.0,0.005824031,0
img_05065_p16_2023,0.0,9.936627e-05,0
img_05065_p19_2023,0.0,0.005343854,0
img_05065_p20_2023,0.0,0.00066532457,0
img_05065_p21_2023,0.0,0.0021941264,0
img_05065_p24_2023,0.0,0.0002828775,0
img_05065_p28_2023,0.0,0.008781304,0
img_05065_p29_2023,0.0,0.004406083,0
img_05065_p37_2023,0.0,0.0027000243,0
img_05065_p39_2023,0.0,0.0044997977,0
img_05065_p48_2023,0.0,0.012525496,0
img_05065_p51_2023,0.0,0.018608317,0
img_05065_p52_2023,0.0,0.010197121,0
img_06312_2023,0.0,0.0100705875,0
img_06311_2023,0.0,0.0125497235,0
img_06309_2023,0.0,0.009626639,0
img_06320_2023,0.0,0.004499939,0
img_06322_2023,0.0,0.006512644,0
img_06323_2023,0.0,0.0654094,0
img_06325_2023,0.0,0.10211048,0
img_06328_2023,0.0,0.34029225,0
img_06327_2023,0.0,0.016314603,0
img_06331_2023,0.0,0.15808146,0
img_06329_2023,0.0,0.049893733,0
img_06338_2023,0.0,0.06316458,0
img_06340_2023,0.0,0.006497328,0
img_06339_2023,0.0,0.27955076,0
img_06347_2023,0.0,0.031294797,0
img_06341_2023,0.0,0.01135165,0
img_06254_p01_2023,0.0,0.0022512623,0
img_06254_p02_2023,0.0,0.11050816,0
img_06254_p03_2023,0.0,0.010748433,0
img_06254_p04_2023,0.0,0.13661402,0
img_06352_2023,0.0,0.0067127342,0
img_06353_2023,0.0,0.632249,0
img_06349_2023,0.0,0.021030217,0
img_06358_2023,0.0,0.09141927,0
img_06354_2023,0.0,0.020936675,0
img_06350_2023,0.0,0.07420539,0
img_06355_2023,0.0,0.03588287,0
img_06367_2023,0.0,0.78720295,0
img_06368_2023,0.0,0.06259972,0
img_06363_2023,0.0,0.049314886,0
img_06271_p01_2023,0.0,0.107563585,0
img_06271_p02_2023,0.0,0.46963462,0
img_06271_p03_2023,0.0,0.28776267,0
img_06271_p04_2023,0.0,0.53939164,0
img_06271_p05_2023,0.0,0.44951308,0
img_06271_p06_2023,0.0,0.17459664,0
img_06370_2023,0.0,0.31338042,0
img_06366_2023,0.0,0.13746321,0
img_06372_2023,0.0,0.03695815,0
img_06364_2023,0.0,0.045692347,0
img_06365_2023,0.0,0.064146064,0
img_06375_2023,0.0,0.087648876,0
img_06382_2023,0.0,0.1903673,0
img_06380_2023,0.0,0.038089905,0
img_06369_2023,0.0,0.18297891,0
img_06048_p01_2023,0.0,0.050080936,0
img_06048_p02_2023,0.0,0.00016488628,0
img_06048_p03_2023,0.0,0.0018015656,0
img_06048_p04_2023,0.0,0.0062853885,0
img_06048_p05_2023,0.0,0.00536325,0
img_06048_p06_2023,0.0,0.00036476387,0
img_06048_p07_2023,0.0,0.0038409089,0
img_06048_p09_2023,0.0,0.001044682,0
img_06048_p10_2023,0.0,0.00043295659,0
img_06048_p11_2023,0.0,0.0005055315,0
img_06048_p12_2023,0.0,0.0055179573,0
img_06048_p14_2023,0.0,0.0032050598,0
img_06048_p15_2023,0.0,0.00052933214,0
img_06048_p16_2023,0.0,0.0021338095,0
img_06048_p17_2023,0.0,0.0009496803,0
img_06048_p19_2023,0.0,0.019147983,0
img_06048_p20_2023,0.0,0.00038035781,0
img_06048_p21_2023,0.0,0.00029518528,0
img_06385_2023,0.0,0.12066864,0
img_06387_2023,0.0,0.007844655,0
img_06390_2023,0.0,0.0015325878,0
img_06392_2023,0.0,0.030921493,0
img_06391_2023,0.0,0.0096919,0
img_06356_p01_2023,0.0,0.092536055,0
img_06356_p02_2023,0.0,0.15469067,0
img_06356_p03_2023,0.0,0.043724995,0
img_06356_p04_2023,0.0,0.03029243,0
img_06395_2023,0.0,0.94091666,1
img_06400_2023,0.0,0.00023224553,0
img_06398_2023,0.0,0.0790255,0
img_06396_2023,0.0,0.21781066,0
img_06393_p01_2023,0.0,0.014757352,0
img_06393_p02_2023,0.0,0.02960891,0
img_06268_p03_2023,0.0,0.03262015,0
img_06268_p05_2023,0.0,0.1409562,0
img_06268_p08_2023,0.0,0.022366636,0
img_06412_2023,0.0,0.020757172,0
img_06410_2023,0.0,0.3296017,0
img_06408_2023,0.0,0.1390448,0
img_06404_2023,0.0,0.02938532,0
img_06419_2023,0.0,0.06640239,0
img_06422_2023,0.0,0.007428616,0
img_06427_2023,0.0,0.0075504063,0
img_06429_2023,0.0,0.04035358,0
img_06420_2023,0.0,0.00084632856,0
img_06426_2023,0.0,0.27101317,0
img_06428_2023,0.0,0.01836395,0
img_06432_2023,0.0,0.0055147633,0
img_06431_2023,0.0,0.02891125,0
img_06439_2023,0.0,0.15064488,0
img_06440_2023,0.0,0.7170529,0
img_06445_2023,0.0,0.033776075,0
img_06451_2023,0.0,0.65904075,0
img_06453_2023,0.0,0.008413018,0
img_06455_2023,0.0,0.55013525,0
img_06454_2023,0.0,0.17941993,0
img_06456_2023,0.0,0.22829856,0
img_06459_2023,0.0,0.15239038,0
img_06384_p01_2023,0.0,0.3461615,0
img_06384_p02_2023,0.0,0.16759461,0
img_06384_p03_2023,0.0,0.16758698,0
img_06463_2023,0.0,0.09305839,0
img_06457_2023,0.0,0.06716506,0
img_06465_2023,0.0,0.004135902,0
img_06461_2023,0.0,0.06910471,0
img_06466_2023,0.0,0.0005600549,0
img_06467_2023,0.0,0.21352334,0
img_06460_2023,0.0,0.16829842,0
img_06470_2023,0.0,0.05715814,0
img_06476_2023,0.0,0.019930527,0
img_06475_2023,0.0,0.004780394,0
img_06478_2023,0.0,0.004105053,0
img_06481_2023,0.0,0.0852573,0
img_06477_2023,0.0,0.0011177943,0
img_06482_2023,0.0,0.0051804255,0
img_06485_2023,0.0,0.0024888136,0
img_06474_2023,0.0,0.31617102,0
img_06496_2023,0.0,0.36725944,0
img_06490_2023,0.0,0.0079764705,0
img_06498_2023,0.0,0.052826867,0
img_06494_2023,0.0,0.006900661,0
img_06462_p01_2023,0.0,0.005253125,0
img_06462_p02_2023,0.0,0.02563506,0
img_06462_p03_2023,0.0,0.013683067,0
img_06462_p04_2023,0.0,0.08095445,0
img_06505_2023,0.0,0.018580973,0
img_06509_2023,0.0,0.2831036,0
img_06504_2023,0.0,0.014568587,0
img_06510_2023,0.0,0.23953031,0
img_06508_2023,0.0,0.022151891,0
img_06513_2023,0.0,0.15759732,0
img_06519_2023,0.0,0.04846221,0
img_06517_2023,0.0,0.0047291615,0
img_06521_2023,0.0,0.2913125,0
img_06526_2023,0.0,0.011655691,0
img_06522_2023,0.0,0.028770886,0
img_06528_2023,0.0,0.15365782,0
img_06511_p01_2023,0.0,0.025653314,0
img_06511_p02_2023,0.0,0.30138776,0
img_06530_2023,0.0,0.036809217,0
img_06529_2023,0.0,0.47686264,0
img_06531_2023,0.0,0.17646602,0
img_06535_2023,0.0,0.006812827,0
img_06376_p02_2023,0.0,0.0635038,0
img_06376_p03_2023,0.0,0.13056216,0
img_06376_p04_2023,0.0,0.13311286,0
img_06376_p05_2023,0.0,0.20899811,0
img_06376_p06_2023,0.0,0.07529295,0
img_06376_p07_2023,0.0,0.03467146,0
img_06376_p08_2023,0.0,0.057341084,0
img_06376_p09_2023,0.0,0.017544981,0
img_06540_2023,0.0,0.3958004,0
img_06538_2023,0.0,0.026836796,0
img_06545_2023,0.0,0.011553846,0
img_06542_2023,0.0,0.0040028454,0
img_06546_2023,0.0,0.211271,0
img_06514_p01_2023,0.0,0.38524213,0
img_06514_p02_2023,0.0,0.0042585824,0
img_06550_2023,0.0,0.010571864,0
img_06552_2023,0.0,0.005101357,0
img_06551_2023,0.0,0.028436916,0
img_06555_2023,0.0,0.010502641,0
img_06554_2023,0.0,0.02295898,0
img_06560_2023,0.0,0.004372077,0
img_06562_2023,0.0,0.015069421,0
img_06568_2023,0.0,0.00749715,0
img_06574_2023,0.0,0.3648412,0
img_06564_2023,0.0,0.05159518,0
img_06575_2023,0.0,0.10259622,0
img_06580_2023,0.0,0.006777116,0
img_06581_2023,0.0,0.031223156,0
img_06582_2023,0.0,0.49108702,0
img_06576_2023,0.0,0.13363305,0
img_06586_2023,0.0,0.22410823,0
img_06584_2023,0.0,0.025723577,0
img_06589_2023,0.0,0.11726048,0
img_06588_2023,0.0,0.0055051995,0
img_06593_2023,0.0,0.12219766,0
img_06597_2023,0.0,0.33833507,0
img_06598_2023,0.0,0.00153103,0
img_06600_2023,0.0,0.059735116,0
img_06603_2023,0.0,0.0056455582,0
img_06265_p03_2023,0.0,0.068669744,0
img_06265_p04_2023,0.0,0.15828374,0
img_06265_p05_2023,0.0,0.006156253,0
img_06265_p08_2023,0.0,0.0023817148,0
img_06265_p09_2023,0.0,0.04049577,0
img_06265_p10_2023,0.0,0.032177057,0
img_06265_p13_2023,0.0,0.105810806,0
img_06265_p14_2023,0.0,0.34898978,0
img_06605_2023,0.0,0.026276149,0
img_06608_2023,0.0,0.026857328,0
img_06607_2023,0.0,0.41652066,0
img_06609_2023,0.0,0.48049465,0
img_06614_2023,0.0,0.13739534,0
img_06616_2023,0.0,0.078780904,0
img_06618_2023,0.0,0.22317697,0
img_06613_2023,0.0,0.11047162,0
img_06615_2023,0.0,0.23256572,0
img_06611_p01_2023,0.0,0.091324314,0
img_06611_p02_2023,0.0,0.005234018,0
img_06590_p01_2023,0.0,0.071188614,0
img_06590_p02_2023,0.0,0.05231628,0
img_06590_p03_2023,0.0,0.0795752,0
img_06590_p04_2023,0.0,0.006426239,0
img_06628_2023,0.0,0.14872605,0
img_06630_2023,0.0,0.019474154,0
img_06632_2023,0.0,0.08462122,0
img_06635_2023,0.0,0.049716253,0
img_06622_p01_2023,0.0,0.19776559,0
img_06622_p02_2023,0.0,0.14540268,0
img_06636_2023,0.0,0.14340036,0
img_06640_2023,0.0,0.56170493,0
img_06637_2023,0.0,0.0032311312,0
img_06596_p01_2023,0.0,0.7429254,0
img_06596_p02_2023,0.0,0.21819441,0
img_06596_p03_2023,0.0,0.36389115,0
img_06596_p04_2023,0.0,0.024949381,0
img_06645_2023,0.0,0.016586792,0
img_06648_2023,0.0,0.15103146,0
img_06646_2023,0.0,0.20376535,0
img_06651_2023,0.0,0.13370797,0
img_06650_2023,0.0,0.027397942,0
img_06647_2023,0.0,0.053208932,0
img_06652_2023,0.0,0.2334836,0
img_06655_2023,0.0,0.68264,0
img_06660_2023,0.0,0.039176974,0
img_06659_2023,0.0,0.2811081,0
img_06656_2023,0.0,0.31568196,0
img_06661_2023,0.0,0.26353902,0
img_06663_2023,0.0,0.24924478,0
img_06672_2023,0.0,0.041073926,0
img_06670_2023,0.0,0.14670251,0
img_06674_2023,0.0,0.005221579,0
img_06592_p01_2023,0.0,0.018260373,0
img_06592_p02_2023,0.0,0.23373795,0
img_06592_p03_2023,0.0,0.09262266,0
img_06592_p04_2023,0.0,0.03021238,0
img_06592_p05_2023,0.0,0.007663184,0
img_06592_p06_2023,0.0,0.012893063,0
img_06679_2023,0.0,0.0021019012,0
img_06666_p01_2023,0.0,0.0071910773,0
img_06666_p02_2023,0.0,0.021934204,0
img_06683_2023,0.0,0.23179574,0
img_06685_2023,0.0,0.856728,1
img_06680_2023,0.0,0.00038428532,0
img_06676_2023,0.0,0.0011179199,0
img_06690_2023,0.0,0.6488691,0
img_06691_2023,0.0,0.012007736,0
img_06688_2023,0.0,0.25260237,0
img_06654_p01_2023,0.0,0.09147689,0
img_06654_p02_2023,0.0,0.022123128,0
img_06654_p03_2023,0.0,0.05175689,0
img_06654_p04_2023,0.0,0.029357398,0
img_06692_2023,0.0,0.5401489,0
img_06697_2023,0.0,0.1725509,0
img_06693_2023,0.0,0.20717834,0
img_06687_p02_2023,0.0,0.020691112,0
img_06617_p01_2023,0.0,0.08302651,0
img_06617_p02_2023,0.0,0.003917286,0
img_06617_p03_2023,0.0,0.007756164,0
img_06617_p04_2023,0.0,0.20982882,0
img_06617_p05_2023,0.0,0.19679499,0
img_06617_p06_2023,0.0,0.37276167,0
img_06698_2023,0.0,0.050658174,0
img_06699_2023,0.0,0.0013188682,0
img_06700_2023,0.0,0.39876336,0
img_06702_2023,0.0,0.11119537,0
img_06701_2023,0.0,0.12445158,0
img_06705_2023,0.0,0.09655385,0
img_06708_2023,0.0,0.09661357,0
img_06703_2023,0.0,0.21043043,0
img_06709_2023,0.0,0.040550634,0
img_06664_p01_2023,0.0,0.07512258,0
img_06664_p02_2023,0.0,0.021579815,0
img_06664_p03_2023,0.0,0.37726608,0
img_06664_p05_2023,0.0,0.020814667,0
img_06664_p06_2023,0.0,0.0077746636,0
img_06720_2023,0.0,0.0019060966,0
img_06682_p01_2023,0.0,0.07165842,0
img_06682_p02_2023,0.0,0.18582119,0
img_06682_p04_2023,0.0,0.17608699,0
img_06682_p05_2023,0.0,0.09063384,0
img_06682_p06_2023,0.0,0.30663618,0
img_06717_2023,0.0,0.5926486,0
img_06696_p01_2023,0.0,0.04577864,0
img_06696_p02_2023,0.0,0.01074709,0
img_06696_p03_2023,0.0,0.01023173,0
img_06696_p04_2023,0.0,0.0055814628,0
img_06480_p01_2023,0.0,0.17370965,0
img_06480_p02_2023,0.0,0.006222068,0
img_06480_p03_2023,0.0,0.024280356,0
img_06480_p04_2023,0.0,0.091090426,0
img_06480_p06_2023,0.0,0.025603224,0
img_06480_p07_2023,0.0,0.022936272,0
img_06480_p08_2023,0.0,0.0635751,0
img_06480_p09_2023,0.0,0.063094914,0
img_06480_p10_2023,0.0,0.026561905,0
img_06480_p11_2023,0.0,0.04917273,0
img_06480_p12_2023,0.0,0.012536607,0
img_06480_p13_2023,0.0,0.6291551,0
img_06480_p14_2023,0.0,0.6788522,0
img_06480_p15_2023,0.0,0.07385088,0
img_06480_p16_2023,0.0,0.0697632,0
img_06721_2023,0.0,0.0749254,0
img_06728_2023,0.0,0.2196369,0
img_06723_2023,0.0,0.058647137,0
img_06726_2023,0.0,0.03226993,0
img_06725_2023,0.0,0.020677404,0
img_06730_2023,0.0,0.198684,0
img_06735_2023,0.0,0.276832,0
img_06722_p01_2023,0.0,0.0005373639,0
img_06739_2023,0.0,0.017177096,0
img_06684_p01_2023,0.0,0.07420827,0
img_06684_p02_2023,0.0,0.25375217,0
img_06684_p03_2023,0.0,0.16193277,0
img_06684_p04_2023,0.0,0.39610115,0
img_06684_p05_2023,0.0,0.48454478,0
img_06746_2023,0.0,0.27504447,0
img_06734_2023,0.0,0.17698018,0
img_06750_2023,0.0,0.1338116,0
img_06631_p01_2023,0.0,0.02295614,0
img_06631_p02_2023,0.0,0.0011432214,0
img_06631_p03_2023,0.0,0.013304525,0
img_06631_p04_2023,0.0,0.02224595,0
img_06631_p05_2023,0.0,0.036934253,0
img_06631_p06_2023,0.0,0.046362128,0
img_06631_p07_2023,0.0,0.012273906,0
img_06631_p08_2023,0.0,0.00831147,0
img_06631_p09_2023,0.0,0.031514235,0
img_06752_2023,0.0,0.121527955,0
img_06743_p01_2023,0.0,0.5159507,0
img_06743_p02_2023,0.0,0.3077373,0
img_06623_p01_2023,0.0,0.0057769916,0
img_06623_p02_2023,0.0,0.10693683,0
img_06623_p03_2023,0.0,0.007925203,0
img_06623_p04_2023,0.0,0.13314533,0
img_06673_p01_2023,0.0,0.5122158,0
img_06673_p02_2023,0.0,0.01795125,0
img_06673_p03_2023,0.0,0.054888997,0
img_06673_p04_2023,0.0,0.06533229,0
img_06673_p05_2023,0.0,0.047551945,0
img_06673_p06_2023,0.0,0.009757967,0
img_06673_p07_2023,0.0,0.048098855,0
img_06673_p08_2023,0.0,0.0062908167,0
img_06673_p09_2023,0.0,0.03405581,0
img_06763_2023,0.0,0.0124028465,0
img_06729_p01_2023,0.0,0.018075047,0
img_06729_p02_2023,0.0,0.04717181,0
img_06729_p03_2023,0.0,0.034696426,0
img_06729_p04_2023,0.0,0.033587858,0
img_06767_2023,0.0,0.40673396,0
img_06765_2023,0.0,0.056769393,0
img_06768_2023,0.0,0.086211845,0
img_06732_p01_2023,0.0,0.0137155,0
img_06732_p02_2023,0.0,0.0039325077,0
img_06732_p03_2023,0.0,0.03799862,0
img_06732_p04_2023,0.0,0.06680822,0
img_06771_2023,0.0,0.477467,0
img_06777_2023,0.0,0.24909,0
img_06776_2023,0.0,0.010789233,0
img_06781_2023,0.0,0.005710172,0
img_06784_2023,0.0,0.04428094,0
img_06755_p01_2023,0.0,0.057472028,0
img_06755_p02_2023,0.0,0.0022967611,0
img_06755_p03_2023,0.0,0.005019173,0
img_06755_p04_2023,0.0,0.1079883,0
img_06790_2023,0.0,0.11196225,0
img_06789_2023,0.0,0.12512302,0
img_06792_2023,0.0,0.00019210309,0
img_06795_2023,0.0,0.01623357,0
img_06796_2023,0.0,0.36378953,0
img_06797_2023,0.0,0.060030952,0
img_06800_2023,0.0,0.019148745,0
img_06801_2023,0.0,0.17826107,0
img_06780_p02_2023,0.0,0.03798749,0
img_06779_p01_2023,0.0,0.007444267,0
img_06779_p02_2023,0.0,0.008453177,0
img_06779_p03_2023,0.0,0.15502183,0
img_06779_p04_2023,0.0,0.03131161,0
img_06806_2023,0.0,0.017408218,0
img_06798_p01_2023,0.0,0.24742185,0
img_06798_p02_2023,0.0,0.31462428,0
img_06811_2023,0.0,0.0052986443,0
img_06808_2023,0.0,0.0132938,0
img_06594_p01_2023,0.0,0.115684435,0
img_06594_p02_2023,0.0,0.32176766,0
img_06594_p03_2023,0.0,0.17145558,0
img_06594_p06_2023,0.0,0.34242907,0
img_06594_p07_2023,0.0,0.11478903,0
img_06594_p08_2023,0.0,0.07511256,0
img_06594_p09_2023,0.0,0.2793557,0
img_06594_p10_2023,0.0,0.4798316,0
img_06594_p11_2023,0.0,0.07566161,0
img_06594_p12_2023,0.0,0.0033825934,0
img_06594_p13_2023,0.0,0.073624186,0
img_06594_p14_2023,0.0,0.02048644,0
img_06594_p15_2023,0.0,0.002813612,0
img_06751_p02_2023,0.0,0.96830934,1
img_06751_p03_2023,0.0,0.45307198,0
img_06751_p04_2023,0.0,0.011987156,0
img_06751_p05_2023,0.0,0.05858627,0
img_06751_p06_2023,0.0,0.016307402,0
img_06751_p07_2023,0.0,0.32665864,0
img_06817_2023,0.0,0.09153939,0
img_06816_2023,0.0,0.18364502,0
img_06812_2023,0.0,0.50483716,0
img_06782_p01_2023,0.0,0.061761595,0
img_06782_p02_2023,0.0,0.0116655445,0
img_06782_p03_2023,0.0,0.016548015,0
img_06782_p04_2023,0.0,0.15622123,0
img_06756_p01_2023,0.0,0.06385412,0
img_06756_p02_2023,0.0,0.20540176,0
img_06756_p03_2023,0.0,0.4021453,0
img_06756_p04_2023,0.0,0.14880438,0
img_06756_p05_2023,0.0,0.02894329,0
img_06756_p06_2023,0.0,0.24264061,0
img_06818_2023,0.0,0.081023134,0
img_06823_2023,0.0,0.106506094,0
img_06824_2023,0.0,0.82508487,1
img_06821_2023,0.0,0.0043904413,0
img_06827_2023,0.0,0.17923954,0
img_06831_2023,0.0,0.07593346,0
img_06814_p02_2023,0.0,0.22297643,0
img_06834_2023,0.0,0.07796912,0
img_06830_2023,0.0,0.08732473,0
img_06836_2023,0.0,0.0045402525,0
img_06841_2023,0.0,0.16526425,0
img_06839_2023,0.0,0.06425835,0
img_06838_2023,0.0,0.040761854,0
img_06845_2023,0.0,0.22039093,0
img_06840_2023,0.0,0.17035617,0
img_06842_2023,0.0,0.044661254,0
img_06843_2023,0.0,0.046975557,0
img_06848_2023,0.0,0.009518282,0
img_06850_2023,0.0,0.047568426,0
img_06849_2023,0.0,0.0008964997,0
img_06835_2023,0.0,0.031115407,0
img_06854_2023,0.0,0.43761766,0
img_06851_2023,0.0,0.048400167,0
img_06855_2023,0.0,0.077188194,0
img_06846_p01_2023,0.0,0.027836118,0
img_06846_p02_2023,0.0,0.02551487,0
img_06861_2023,0.0,0.12355233,0
img_06867_2023,0.0,0.24979801,0
img_06866_2023,0.0,0.012699191,0
img_06802_p01_2023,0.0,0.011405106,0
img_06802_p02_2023,0.0,0.05034813,0
img_06802_p03_2023,0.0,0.09981847,0
img_06802_p04_2023,0.0,0.06395958,0
img_06802_p05_2023,0.0,0.013151803,0
img_06802_p06_2023,0.0,0.06762703,0
img_06807_p01_2023,0.0,0.8738734,1
img_06807_p02_2023,0.0,0.25918293,0
img_06807_p03_2023,0.0,0.050369635,0
img_06807_p04_2023,0.0,0.14428897,0
img_06807_p05_2023,0.0,0.050770808,0
img_06807_p06_2023,0.0,0.013531474,0
img_06873_2023,0.0,0.0065753567,0
img_06874_2023,0.0,0.046513055,0
img_06876_2023,0.0,0.021619534,0
img_06879_2023,0.0,0.0036977262,0
img_06872_2023,0.0,0.03921479,0
img_06883_2023,0.0,0.06298966,0
img_06882_2023,0.0,0.013694849,0
img_06865_p02_2023,0.0,0.41976213,0
img_06889_2023,0.0,0.30714697,0
img_06888_2023,0.0,0.24084283,0
img_06885_2023,0.0,0.18665807,0
img_06898_2023,0.0,0.00911775,0
img_06890_2023,0.0,0.08811329,0
img_06897_2023,0.0,0.015613704,0
img_06906_2023,0.0,0.23609443,0
img_06904_2023,0.0,0.013821962,0
img_06908_2023,0.0,0.1857763,0
img_06911_2023,0.0,0.40195107,0
img_06903_2023,0.0,0.037165586,0
img_06915_2023,0.0,0.27473482,0
img_06913_2023,0.0,0.8138445,1
img_06916_2023,0.0,0.2146521,0
img_06912_2023,0.0,0.055223677,0
img_06922_2023,0.0,0.0091646025,0
img_06920_2023,0.0,0.36126173,0
img_06928_2023,0.0,0.23425704,0
img_06926_2023,0.0,0.9102183,1
img_06927_2023,0.0,0.039752826,0
img_06748_p02_2023,0.0,0.0048249043,0
img_06748_p03_2023,0.0,0.0018912787,0
img_06748_p06_2023,0.0,0.010724271,0
img_06748_p07_2023,0.0,0.003611263,0
img_06931_2023,0.0,0.17049384,0
img_06929_2023,0.0,0.09105948,0
img_06936_2023,0.0,0.0024506452,0
img_06938_2023,0.0,0.19224364,0
img_06941_2023,0.0,0.00814371,0
img_06942_2023,0.0,0.00650337,0
img_06940_2023,0.0,0.15116842,0
img_05307_p01_2023,0.0,0.0013459335,0
img_05307_p02_2023,0.0,0.0011794234,0
img_05307_p03_2023,0.0,0.0041653817,0
img_05307_p04_2023,0.0,0.00039806488,0
img_05307_p05_2023,0.0,0.02094299,0
img_05307_p06_2023,0.0,0.003520821,0
img_05307_p07_2023,0.0,0.0015524649,0
img_05307_p08_2023,0.0,0.0027352832,0
img_05307_p09_2023,0.0,0.00017793183,0
img_05307_p10_2023,0.0,0.006847911,0
img_05307_p11_2023,0.0,0.0033635148,0
img_05307_p12_2023,0.0,0.0043218248,0
img_05307_p13_2023,0.0,0.0050948947,0
img_05307_p14_2023,0.0,0.00086925767,0
img_05307_p15_2023,0.0,0.0044128024,0
img_05307_p16_2023,0.0,0.0044848197,0
img_05307_p17_2023,0.0,0.00058635394,0
img_05307_p18_2023,0.0,0.006056882,0
img_05307_p19_2023,0.0,0.0011164417,0
img_05307_p20_2023,0.0,0.0030235744,0
img_05307_p21_2023,0.0,0.0010761614,0
img_05307_p22_2023,0.0,0.0013018021,0
img_05307_p23_2023,0.0,0.016131766,0
img_05307_p24_2023,0.0,0.0018185586,0
img_05307_p25_2023,0.0,0.0036628314,0
img_05307_p26_2023,0.0,0.0020180466,0
img_05307_p27_2023,0.0,0.031173691,0
img_05307_p28_2023,0.0,0.0018673217,0
img_05307_p29_2023,0.0,0.0014187794,0
img_05307_p30_2023,0.0,0.002440649,0
img_05307_p31_2023,0.0,0.0006519939,0
img_05307_p32_2023,0.0,0.00936534,0
img_05307_p33_2023,0.0,0.000569644,0
img_05307_p34_2023,0.0,0.00886496,0
img_05307_p35_2023,0.0,0.0018338242,0
img_05307_p36_2023,0.0,0.020623188,0
img_05307_p37_2023,0.0,0.00042900557,0
img_05307_p38_2023,0.0,0.0029460997,0
img_05307_p39_2023,0.0,0.0006681061,0
img_05307_p40_2023,0.0,0.0068708383,0
img_05307_p41_2023,0.0,0.00073630817,0
img_05307_p42_2023,0.0,0.0008659063,0
img_05307_p43_2023,0.0,0.0012412417,0
img_05307_p44_2023,0.0,0.002132623,0
img_05307_p45_2023,0.0,0.0015491365,0
img_05307_p47_2023,0.0,0.0002019915,0
img_05307_p48_2023,0.0,0.004290157,0
img_05307_p49_2023,0.0,0.0028765176,0
img_05307_p50_2023,0.0,0.0031543977,0
img_05307_p51_2023,0.0,0.0024500976,0
img_05307_p52_2023,0.0,0.009742736,0
img_05307_p53_2023,0.0,0.0016796468,0
img_05307_p54_2023,0.0,0.32897174,0
img_05307_p55_2023,0.0,0.005307798,0
img_05307_p56_2023,0.0,0.00055978325,0
img_05307_p57_2023,0.0,0.0008169829,0
img_05307_p58_2023,0.0,0.0035758228,0
img_05307_p59_2023,0.0,0.00056230003,0
img_05307_p60_2023,0.0,0.018735973,0
img_05307_p61_2023,0.0,0.00068092154,0
img_05307_p62_2023,0.0,0.00050862634,0
img_05307_p63_2023,0.0,0.0019556605,0
img_05307_p64_2023,0.0,0.013665208,0
img_05307_p65_2023,0.0,0.0014315404,0
img_05307_p66_2023,0.0,0.0016452536,0
img_05307_p67_2023,0.0,0.00026606608,0
img_05307_p68_2023,0.0,0.0012169494,0
img_05307_p69_2023,0.0,0.0018756775,0
img_05307_p70_2023,0.0,0.00027468713,0
img_05307_p71_2023,0.0,0.014248167,0
img_05307_p72_2023,0.0,0.0012563176,0
img_05307_p73_2023,0.0,0.0020842745,0
img_05307_p74_2023,0.0,0.0015481655,0
img_05307_p75_2023,0.0,0.000943719,0
img_05307_p76_2023,0.0,0.001090231,0
img_05307_p77_2023,0.0,0.005803877,0
img_05307_p78_2023,0.0,0.0032143828,0
img_05307_p79_2023,0.0,0.00039782835,0
img_05307_p80_2023,0.0,0.0014758362,0
img_05307_p81_2023,0.0,0.000717858,0
img_05307_p82_2023,0.0,0.0008302345,0
img_05307_p84_2023,0.0,0.00034158587,0
img_06944_2023,0.0,0.15485306,0
img_06934_2023,0.0,0.15460184,0
img_06945_2023,0.0,0.02406159,0
img_06946_2023,0.0,0.028820781,0
img_06950_2023,0.0,0.058559265,0
img_06794_p08_2023,0.0,0.23046908,0
img_06955_2023,0.0,0.016135786,0
img_06951_2023,0.0,0.6548802,0
img_06943_p01_2023,0.0,0.11958846,0
img_06943_p02_2023,0.0,0.0063976534,0
img_06923_p01_2023,0.0,0.0072378945,0
img_06923_p02_2023,0.0,0.07305791,0
img_06923_p03_2023,0.0,0.0072159786,0
img_06923_p04_2023,0.0,0.00796646,0
img_06956_2023,0.0,0.03289333,0
img_06957_2023,0.0,0.004413498,0
img_06959_2023,0.0,0.53506905,0
img_06961_2023,0.0,0.04040514,0
img_06963_2023,0.0,0.32862225,0
img_06969_2023,0.0,0.11113971,0
img_06964_2023,0.0,0.32129517,0
img_06970_2023,0.0,0.45029962,0
img_06966_2023,0.0,0.4874275,0
img_06965_2023,0.0,0.44754758,0
img_06932_p01_2023,0.0,0.80295575,1
img_06932_p02_2023,0.0,0.09016268,0
img_06932_p03_2023,0.0,0.73645055,0
img_06932_p04_2023,0.0,0.7709262,0
img_06967_2023,0.0,0.28584522,0
img_06958_2023,0.0,0.27809766,0
img_06968_2023,0.0,0.21938668,0
img_06971_2023,0.0,0.11905314,0
img_06974_2023,0.0,0.045382258,0
img_06973_2023,0.0,0.013300213,0
img_06979_2023,0.0,0.04822096,0
img_06985_2023,0.0,0.59231204,0
img_06984_2023,0.0,0.3203433,0
img_06988_2023,0.0,0.00072017265,0
img_06989_2023,0.0,0.33080623,0
img_06981_2023,0.0,0.6512512,0
img_06992_2023,0.0,0.026655797,0
img_06996_2023,0.0,0.7840025,0
img_06994_2023,0.0,0.2877124,0
img_07000_2023,0.0,0.046481177,0
img_07001_2023,0.0,0.09037283,0
img_07004_2023,0.0,0.36601678,0
img_06995_2023,0.0,0.96749026,1
img_06891_p01_2023,0.0,0.15856314,0
img_06891_p02_2023,0.0,0.008458238,0
img_06891_p03_2023,0.0,0.000816029,0
img_06891_p06_2023,0.0,0.11965336,0
img_06891_p07_2023,0.0,0.045775823,0
img_07002_2023,0.0,0.027821276,0
img_07006_2023,0.0,0.06404702,0
img_07007_2023,0.0,0.3600686,0
img_07015_2023,0.0,0.016679183,0
img_07014_2023,0.0,0.061527975,0
img_07010_2023,0.0,0.18629234,0
img_07019_2023,0.0,0.14728335,0
img_07017_2023,0.0,0.18794312,0
img_07020_2023,0.0,0.83280206,1
img_07023_2023,0.0,0.73703206,0
img_07026_2023,0.0,0.06037095,0
img_06993_p01_2023,0.0,0.37357968,0
img_06993_p02_2023,0.0,0.36958337,0
img_07030_2023,0.0,0.25259677,0
img_07028_2023,0.0,0.15981,0
img_07029_2023,0.0,0.74469554,0
img_07031_2023,0.0,0.39349854,0
img_07033_2023,0.0,0.32965896,0
img_07024_2023,0.0,0.2142203,0
img_06986_p01_2023,0.0,0.33026454,0
img_06986_p02_2023,0.0,0.008237165,0
img_06986_p03_2023,0.0,0.34180447,0
img_06986_p04_2023,0.0,0.020244775,0
img_07038_2023,0.0,0.1548804,0
img_07035_2023,0.0,0.22182773,0
img_07044_2023,0.0,0.2110041,0
img_07037_2023,0.0,0.4956038,0
img_07041_2023,0.0,0.60719377,0
img_07009_p01_2023,0.0,0.29242387,0
img_07009_p02_2023,0.0,0.01679352,0
img_07039_2023,0.0,0.012191049,0
img_07045_2023,0.0,0.43832904,0
img_07048_2023,0.0,0.015367463,0
img_07032_2023,0.0,0.44248086,0
img_07049_2023,0.0,0.057164527,0
img_07054_2023,0.0,0.016532859,0
img_07052_2023,0.0,0.30319425,0
img_07051_2023,0.0,0.2766185,0
img_07053_2023,0.0,0.5840525,0
img_07055_2023,0.0,0.9304575,1
img_07058_2023,0.0,0.12534754,0
img_06982_p01_2023,0.0,0.030931361,0
img_06982_p02_2023,0.0,0.007505596,0
img_06982_p03_2023,0.0,0.017190263,0
img_06982_p04_2023,0.0,0.020716837,0
img_07060_2023,0.0,0.264617,0
img_07059_2023,0.0,0.30381507,0
img_06896_p02_2023,0.0,0.022678018,0
img_06896_p03_2023,0.0,0.052175954,0
img_07062_2023,0.0,0.03410955,0
img_07057_2023,0.0,0.075952016,0
img_07065_2023,0.0,0.008772634,0
img_07073_2023,0.0,0.0969084,0
img_07076_2023,0.0,0.17433165,0
img_07071_2023,0.0,0.116078965,0
img_07068_2023,0.0,0.0043900413,0
img_07069_2023,0.0,0.088555165,0
img_07079_2023,0.0,0.37897915,0
img_07086_2023,0.0,0.107179195,0
img_07081_2023,0.0,0.42719442,0
img_07082_2023,0.0,0.17662777,0
img_07085_2023,0.0,0.6058403,0
img_07087_2023,0.0,0.1224108,0
img_07091_2023,0.0,0.14023936,0
img_07089_2023,0.0,0.13719736,0
img_07083_2023,0.0,0.21204334,0
img_07090_2023,0.0,0.056115914,0
img_07063_p02_2023,0.0,0.34865218,0
img_07088_2023,0.0,0.07236102,0
img_07092_2023,0.0,0.3937837,0
img_07094_2023,0.0,0.06452622,0
img_07095_2023,0.0,0.11591642,0
img_07099_2023,0.0,0.6791354,0
img_07098_2023,0.0,0.783754,0
img_07093_2023,0.0,0.72614604,0
img_07102_2023,0.0,0.43731555,0
img_07103_2023,0.0,0.1779808,0
img_07105_2023,0.0,0.00090858707,0
img_07066_p01_2023,0.0,0.020503633,0
img_07066_p02_2023,0.0,0.0044997446,0
img_07106_2023,0.0,0.037446715,0
img_07107_2023,0.0,0.2796028,0
img_07104_2023,0.0,0.704258,0
img_07113_2023,0.0,0.40979785,0
img_07111_2023,0.0,0.06736243,0
img_07115_2023,0.0,0.20873576,0
img_07110_2023,0.0,0.0515337,0
img_07119_2023,0.0,0.24365588,0
img_07118_2023,0.0,0.5065445,0
img_07120_2023,0.0,0.29271466,0
img_07127_2023,0.0,0.45761633,0
img_07116_2023,0.0,0.31857786,0
img_07096_p01_2023,0.0,0.07006187,0
img_07096_p02_2023,0.0,0.17679694,0
img_07126_2023,0.0,0.023697369,0
img_07129_2023,0.0,0.20630515,0
img_07125_2023,0.0,0.52279526,0
img_07122_2023,0.0,0.055752136,0
img_07123_2023,0.0,0.08872969,0
img_07130_2023,0.0,0.2824411,0
img_07133_2023,0.0,0.04587223,0
img_07134_2023,0.0,0.2902419,0
img_07137_2023,0.0,0.059402533,0
img_07140_2023,0.0,0.012209571,0
img_07138_2023,0.0,0.06626465,0
img_07144_2023,0.0,0.12848352,0
img_07142_2023,0.0,0.07865165,0
img_07145_2023,0.0,0.7380942,0
img_07149_2023,0.0,0.6771561,0
img_07148_2023,0.0,0.0009824052,0
img_07156_2023,0.0,0.4630338,0
img_07162_2023,0.0,0.16032453,0
img_07150_2023,0.0,0.4706613,0
img_07151_2023,0.0,0.22527364,0
img_07158_2023,0.0,0.19134751,0
img_07147_2023,0.0,0.050504576,0
img_07157_2023,0.0,0.11910918,0
img_07143_p01_2023,0.0,0.06485977,0
img_07143_p02_2023,0.0,0.008325084,0
img_07161_2023,0.0,0.34102473,0
img_07160_2023,0.0,0.14223607,0
img_07164_2023,0.0,0.33664784,0
img_07168_2023,0.0,0.12246924,0
img_07173_2023,0.0,0.21978459,0
img_07172_2023,0.0,0.42307603,0
img_07167_2023,0.0,0.13029191,0
img_07178_2023,0.0,0.01384891,0
img_07180_2023,0.0,0.16548751,0
img_07185_2023,0.0,0.2768608,0
img_07186_2023,0.0,0.08292064,0
img_07183_2023,0.0,0.46990147,0
img_07184_2023,0.0,0.15088348,0
img_07136_p01_2023,0.0,0.17595613,0
img_07136_p02_2023,0.0,0.3519837,0
img_07188_2023,0.0,0.044612672,0
img_07190_2023,0.0,0.011351087,0
img_07189_2023,0.0,0.03683675,0
img_07193_2023,0.0,0.31722802,0
img_07199_2023,0.0,0.9730434,1
img_07198_2023,0.0,0.36719546,0
img_07194_2023,0.0,0.8314275,1
img_07204_2023,0.0,0.39974526,0
img_07203_2023,0.0,0.022045527,0
img_07205_2023,0.0,0.0008434528,0
img_07210_2023,0.0,0.16417576,0
img_07209_2023,0.0,0.32528162,0
img_07192_p01_2023,0.0,0.17555024,0
img_07192_p02_2023,0.0,0.034209587,0
img_07212_2023,0.0,0.00015216414,0
img_07211_2023,0.0,0.08351158,0
img_07218_2023,0.0,0.22870803,0
img_07220_2023,0.0,0.0019508721,0
img_07223_2023,0.0,0.72076416,0
img_07219_2023,0.0,0.010011264,0
img_07176_p01_2023,0.0,0.07008407,0
img_07176_p02_2023,0.0,0.37929833,0
img_07176_p03_2023,0.0,0.4073713,0
img_07176_p04_2023,0.0,0.2987126,0
img_07225_2023,0.0,0.8100054,1
img_07228_2023,0.0,0.014627047,0
img_07232_2023,0.0,0.07028615,0
img_07235_2023,0.0,0.38845074,0
img_07234_2023,0.0,0.22425,0
img_07237_2023,0.0,0.2329437,0
img_07236_2023,0.0,0.019077927,0
img_07231_2023,0.0,0.19167617,0
img_07240_2023,0.0,0.08668953,0
img_07241_2023,0.0,0.06162937,0
img_07245_2023,0.0,0.06092375,0
img_07243_2023,0.0,0.9434179,1
img_07244_2023,0.0,0.18152112,0
img_07248_2023,0.0,0.21980084,0
img_07252_2023,0.0,0.3317532,0
img_07254_2023,0.0,0.33828524,0
img_07257_2023,0.0,0.3841953,0
img_07251_2023,0.0,0.317926,0
img_07262_2023,0.0,0.17838718,0
img_07261_2023,0.0,0.35878783,0
img_07259_2023,0.0,0.3736058,0
img_07265_2023,0.0,0.081827365,0
img_07266_2023,0.0,0.33006015,0
img_07264_2023,0.0,0.12621407,0
img_07222_p01_2023,0.0,0.009771393,0
img_07222_p02_2023,0.0,0.7990015,0
img_07222_p03_2023,0.0,0.70257527,0
img_07222_p04_2023,0.0,0.04588771,0
img_07269_2023,0.0,0.26556733,0
img_07260_2023,0.0,0.07757544,0
img_07250_p01_2023,0.0,0.10333415,0
img_07250_p02_2023,0.0,0.0034188384,0
img_07263_2023,0.0,0.008262008,0
img_07274_2023,0.0,0.8566437,1
img_07276_2023,0.0,0.15675546,0
img_07239_p01_2023,0.0,0.006891416,0
img_07239_p02_2023,0.0,0.45147875,0
img_07239_p03_2023,0.0,0.55666596,0
img_07239_p04_2023,0.0,0.28912732,0
img_07267_2023,0.0,0.2467194,0
img_07278_2023,0.0,0.035514724,0
img_07280_2023,0.0,0.030861452,0
img_07283_2023,0.0,0.30176213,0
img_07277_2023,0.0,0.949707,1
img_07112_p01_2023,0.0,0.040352613,0
img_07112_p02_2023,0.0,0.025650239,0
img_07112_p03_2023,0.0,0.02842711,0
img_07112_p04_2023,0.0,0.51831365,0
img_07112_p05_2023,0.0,0.48368278,0
img_07112_p06_2023,0.0,0.017758245,0
img_07112_p07_2023,0.0,0.2698709,0
img_07112_p08_2023,0.0,0.13613403,0
img_07233_p01_2023,0.0,0.0019484968,0
img_07233_p02_2023,0.0,0.0046781045,0
img_07233_p03_2023,0.0,0.002430505,0
img_07233_p04_2023,0.0,0.0042683743,0
img_07282_2023,0.0,0.095336184,0
img_07288_2023,0.0,0.05794786,0
img_07284_2023,0.0,0.016298005,0
img_07289_2023,0.0,0.2671787,0
img_07275_2023,0.0,0.055737514,0
img_07290_2023,0.0,0.18266395,0
img_07271_2023,0.0,0.05415339,0
img_07281_2023,0.0,0.2310953,0
img_07291_2023,0.0,0.47638142,0
img_07292_2023,0.0,0.070112,0
img_07295_2023,0.0,0.021226153,0
img_07300_2023,0.0,0.11252946,0
img_07246_p01_2023,0.0,0.028502638,0
img_07246_p02_2023,0.0,0.13911745,0
img_07246_p03_2023,0.0,0.06837019,0
img_07301_2023,0.0,0.1322563,0
img_07298_2023,0.0,0.089845575,0
img_07302_2023,0.0,0.15993233,0
img_07305_2023,0.0,0.54630685,0
img_07306_2023,0.0,0.38548285,0
img_07310_2023,0.0,0.32101637,0
img_07311_2023,0.0,0.042074073,0
img_07316_2023,0.0,0.0011291568,0
img_07314_2023,0.0,0.085120246,0
img_07317_2023,0.0,0.010477783,0
img_07319_2023,0.0,0.025233394,0
img_07323_2023,0.0,0.12926382,0
img_07329_2023,0.0,0.7217025,0
img_07326_2023,0.0,0.09791903,0
img_07330_2023,0.0,0.88836247,1
img_07334_2023,0.0,0.28659108,0
img_07338_2023,0.0,0.23588201,0
img_07333_2023,0.0,0.73265207,0
img_07346_2023,0.0,0.04444204,0
img_07348_2023,0.0,0.22626472,0
img_07353_2023,0.0,0.4096792,0
img_07354_2023,0.0,0.07011268,0
img_07355_2023,0.0,0.07122899,0
img_07297_p01_2023,0.0,0.20391016,0
img_07297_p03_2023,0.0,0.026582727,0
img_07297_p04_2023,0.0,0.43414763,0
img_07356_2023,0.0,0.18710904,0
img_07335_p01_2023,0.0,0.32314712,0
img_07335_p02_2023,0.0,0.13925685,0
img_07359_2023,0.0,0.20683405,0
img_07365_2023,0.0,0.06354667,0
img_07363_2023,0.0,0.014563925,0
img_07360_2023,0.0,0.020726025,0
img_07374_2023,0.0,0.21222168,0
img_07367_2023,0.0,0.061399974,0
img_07376_2023,0.0,0.11055763,0
img_07378_2023,0.0,0.28066444,0
img_07381_2023,0.0,0.14627966,0
img_07370_2023,0.0,0.6917486,0
img_07373_2023,0.0,0.29916027,0
img_07385_2023,0.0,0.2990573,0
img_07380_2023,0.0,0.90290105,1
img_07384_2023,0.0,0.0099252695,0
img_07383_2023,0.0,0.18689251,0
img_07386_2023,0.0,0.016421167,0
img_07387_2023,0.0,0.12890266,0
img_07390_2023,0.0,0.1465414,0
img_07393_2023,0.0,0.21051943,0
img_07397_2023,0.0,0.33094522,0
img_07379_2023,0.0,0.038376365,0
img_07401_2023,0.0,0.32839262,0
img_07398_2023,0.0,0.8179243,1
img_07406_2023,0.0,0.28315574,0
img_07403_2023,0.0,0.4188436,0
img_07407_2023,0.0,0.7662528,0
img_07405_2023,0.0,0.04815149,0
img_07377_p01_2023,0.0,0.26643682,0
img_07377_p02_2023,0.0,0.070252396,0
img_07409_2023,0.0,0.1934838,0
img_07410_2023,0.0,0.060709476,0
img_07412_2023,0.0,0.31801632,0
img_07411_2023,0.0,0.026484314,0
img_07415_2023,0.0,0.12610053,0
img_07420_2023,0.0,0.14891444,0
img_07419_2023,0.0,0.13609318,0
img_07417_2023,0.0,0.09688578,0
img_07423_2023,0.0,0.009510894,0
img_07425_2023,0.0,0.09551851,0
img_07428_2023,0.0,0.9371917,1
img_07416_2023,0.0,0.96039283,1
img_07432_2023,0.0,0.3098185,0
img_07436_2023,0.0,0.49570504,0
img_07433_2023,0.0,0.08047419,0
img_07430_2023,0.0,0.063592605,0
img_07322_p02_2023,0.0,0.09887188,0
img_07322_p03_2023,0.0,0.0013562843,0
img_07322_p04_2023,0.0,0.011194287,0
img_07322_p05_2023,0.0,0.26355106,0
img_07322_p06_2023,0.0,0.017662821,0
img_07322_p07_2023,0.0,0.005821955,0
img_07322_p08_2023,0.0,0.0018492717,0
img_06495_p01_2023,0.0,0.03941387,0
img_06495_p02_2023,0.0,0.050492655,0
img_06495_p03_2023,0.0,0.010574564,0
img_06495_p04_2023,0.0,0.14538507,0
img_06495_p05_2023,0.0,0.0070088548,0
img_06495_p06_2023,0.0,0.01104072,0
img_07441_2023,0.0,0.28201857,0
img_07442_2023,0.0,0.0214317,0
img_07394_p01_2023,0.0,0.09568319,0
img_07394_p02_2023,0.0,0.2019142,0
img_07443_2023,0.0,0.23184094,0
img_07437_2023,0.0,0.5501453,0
img_07448_2023,0.0,0.89497787,1
img_07446_2023,0.0,0.2121052,0
img_07447_2023,0.0,0.008687078,0
img_07440_2023,0.0,0.011913479,0
img_07451_2023,0.0,0.2334239,0
img_07449_2023,0.0,0.01486423,0
img_07453_2023,0.0,0.3209969,0
img_07455_2023,0.0,0.17217082,0
img_07461_2023,0.0,0.47331986,0
img_07460_2023,0.0,0.19073623,0
img_07439_p01_2023,0.0,0.07963802,0
img_07439_p02_2023,0.0,0.008897484,0
img_07456_2023,0.0,0.3690711,0
img_07464_2023,0.0,0.5680616,0
img_07472_2023,0.0,0.009406545,0
img_07467_2023,0.0,0.120122775,0
img_07475_2023,0.0,0.12560052,0
img_07476_2023,0.0,0.037043035,0
img_07471_2023,0.0,0.67558306,0
img_07465_2023,0.0,0.1151681,0
img_07339_p01_2023,0.0,0.062402386,0
img_07339_p02_2023,0.0,0.009319575,0
img_07339_p03_2023,0.0,0.31262887,0
img_07339_p04_2023,0.0,0.0004038735,0
img_07339_p05_2023,0.0,0.08195313,0
img_07339_p06_2023,0.0,0.36553094,0
img_07477_2023,0.0,0.25095415,0
img_07473_2023,0.0,0.88603,1
img_07478_2023,0.0,0.51328,0
img_07468_2023,0.0,0.040758453,0
img_07470_2023,0.0,0.13593705,0
img_07481_2023,0.0,0.02103419,0
img_07482_2023,0.0,0.859842,1
img_07479_2023,0.0,0.023029447,0
img_07489_2023,0.0,0.22802703,0
img_07486_2023,0.0,0.72951967,0
img_07484_2023,0.0,0.09346843,0
img_07495_2023,0.0,0.13310786,0
img_07499_2023,0.0,0.0058277673,0
img_07490_2023,0.0,0.8654928,1
img_07502_2023,0.0,0.2540926,0
img_07494_2023,0.0,0.019965978,0
img_07493_2023,0.0,0.23121119,0
img_07501_2023,0.0,0.74793154,0
img_07505_2023,0.0,0.08490027,0
img_07510_2023,0.0,0.971031,1
img_07503_2023,0.0,0.003922753,0
img_07508_2023,0.0,0.077206664,0
img_07513_2023,0.0,0.4205486,0
img_07514_2023,0.0,0.46039426,0
img_07469_p01_2023,0.0,0.011606866,0
img_07469_p02_2023,0.0,0.02962683,0
img_07469_p03_2023,0.0,0.02888444,0
img_07469_p04_2023,0.0,0.041647878,0
img_07515_2023,0.0,0.327399,0
img_07491_p01_2023,0.0,0.6334487,0
img_07491_p02_2023,0.0,0.19153573,0
img_07516_2023,0.0,0.6014578,0
img_07509_2023,0.0,0.052340183,0
img_07520_2023,0.0,0.017604703,0
img_07524_2023,0.0,0.06600407,0
img_07518_2023,0.0,0.5208066,0
img_07506_2023,0.0,0.12145031,0
img_07521_2023,0.0,0.04857386,0
img_07529_2023,0.0,0.20795181,0
img_07530_2023,0.0,0.11532881,0
img_07531_2023,0.0,0.008529261,0
img_07522_2023,0.0,0.02958988,0
img_07536_2023,0.0,0.4866193,0
img_07532_2023,0.0,5.350505e-05,0
img_07534_2023,0.0,0.006725738,0
img_07539_2023,0.0,0.102975994,0
img_07542_2023,0.0,0.69819295,0
img_07543_2023,0.0,0.05276357,0
img_07540_2023,0.0,0.36871356,0
img_07547_2023,0.0,0.17901945,0
img_07545_2023,0.0,0.22811326,0
img_07544_2023,0.0,0.10237707,0
img_07533_2023,0.0,0.4480247,0
img_07551_2023,0.0,0.106805585,0
img_07556_2023,0.0,0.1303055,0
img_07557_2023,0.0,0.15773436,0
img_07554_2023,0.0,0.038348097,0
img_07553_2023,0.0,0.034688756,0
img_07561_2023,0.0,0.16014174,0
img_07562_2023,0.0,0.37078607,0
img_07555_2023,0.0,0.025017144,0
img_07565_2023,0.0,0.7037642,0
img_07566_2023,0.0,0.06550699,0
img_07570_2023,0.0,0.6236325,0
img_07559_2023,0.0,0.49654493,0
img_07576_2023,0.0,0.03243616,0
img_07577_2023,0.0,0.6561168,0
img_07588_2023,0.0,0.1512137,0
img_07581_2023,0.0,0.042273328,0
img_07578_2023,0.0,0.670735,0
img_07590_2023,0.0,0.038457725,0
img_07585_2023,0.0,0.396411,0
img_07580_2023,0.0,0.21316592,0
img_07586_2023,0.0,0.982241,1
img_07584_2023,0.0,0.11346882,0
img_07591_2023,0.0,0.005997802,0
img_07599_2023,0.0,0.20596877,0
img_07596_2023,0.0,0.7661829,0
img_07593_2023,0.0,0.0010516308,0
img_07604_2023,0.0,0.2718274,0
img_07607_2023,0.0,0.04628825,0
img_07608_2023,0.0,0.0057866843,0
img_07609_2023,0.0,0.4786058,0
img_07597_p01_2023,0.0,0.03295371,0
img_07597_p02_2023,0.0,0.09117924,0
img_07603_2023,0.0,0.03419048,0
img_07610_2023,0.0,0.20425485,0
img_07615_2023,0.0,0.08836933,0
img_07606_2023,0.0,0.04895476,0
img_07617_2023,0.0,0.19685382,0
img_07574_p01_2023,0.0,0.1981898,0
img_07574_p02_2023,0.0,0.0037796895,0
img_07574_p03_2023,0.0,0.027106682,0
img_07621_2023,0.0,0.51412225,0
img_07620_2023,0.0,0.18582962,0
img_07622_2023,0.0,0.014047874,0
img_07619_2023,0.0,0.035790574,0
img_07618_2023,0.0,0.013475202,0
img_07625_2023,0.0,0.632288,0
img_07611_p01_2023,0.0,0.007943787,0
img_07611_p02_2023,0.0,0.03370261,0
img_07517_p01_2023,0.0,0.008767432,0
img_07517_p02_2023,0.0,0.023842374,0
img_07517_p03_2023,0.0,0.20786,0
img_07517_p04_2023,0.0,0.029325157,0
img_07634_2023,0.0,0.8619819,1
img_07631_2023,0.0,0.22223343,0
img_07640_2023,0.0,0.032552265,0
img_07638_2023,0.0,0.15185788,0
img_07632_2023,0.0,0.3102441,0
img_07642_2023,0.0,0.053676285,0
img_07635_2023,0.0,0.0034426781,0
img_07637_2023,0.0,0.2709094,0
img_07646_2023,0.0,0.0077522793,0
img_07647_2023,0.0,0.17122741,0
img_07650_2023,0.0,0.09223843,0
img_07651_2023,0.0,0.20157318,0
img_07645_2023,0.0,0.6879407,0
img_07652_2023,0.0,0.6012961,0
img_07655_2023,0.0,0.034969904,0
img_07653_2023,0.0,0.72454,0
img_07665_2023,0.0,0.016813977,0
img_07526_p01_2023,0.0,0.0150408,0
img_07526_p02_2023,0.0,0.06277125,0
img_07526_p03_2023,0.0,0.008536372,0
img_07526_p04_2023,0.0,0.049648363,0
img_07528_p01_2023,0.0,0.5574849,0
img_07528_p03_2023,0.0,0.30983466,0
img_07528_p04_2023,0.0,0.5709365,0
img_07671_2023,0.0,0.2316477,0
img_07672_2023,0.0,0.20647822,0
img_07670_2023,0.0,0.017945182,0
img_07667_2023,0.0,0.023027156,0
img_07677_2023,0.0,0.1313092,0
img_07675_2023,0.0,0.0077195927,0
img_07679_2023,0.0,0.16200994,0
img_07669_2023,0.0,0.75335413,0
img_07683_2023,0.0,0.53015137,0
img_07689_2023,0.0,0.015025577,0
img_07676_2023,0.0,0.93434495,1
img_07686_2023,0.0,0.008294414,0
img_07685_2023,0.0,0.32099506,0
img_07682_2023,0.0,0.8335136,1
img_07680_2023,0.0,0.6405941,0
img_07693_2023,0.0,0.028845016,0
img_07695_2023,0.0,0.3095951,0
img_07696_2023,0.0,0.3969503,0
img_07699_2023,0.0,0.014413713,0
img_07706_2023,0.0,0.054656964,0
img_07702_2023,0.0,0.6763629,0
img_07704_2023,0.0,0.18191873,0
img_07700_2023,0.0,0.33850372,0
img_07717_2023,0.0,0.5546837,0
img_07713_2023,0.0,0.13377671,0
img_07715_2023,0.0,0.6637357,0
img_07711_2023,0.0,0.12817866,0
img_07710_2023,0.0,0.59875166,0
img_07708_2023,0.0,0.013419085,0
img_07714_2023,0.0,0.41939074,0
img_07716_2023,0.0,0.046198994,0
img_07726_2023,0.0,0.119978465,0
img_07721_2023,0.0,0.15014395,0
img_07731_2023,0.0,0.57238394,0
img_07728_2023,0.0,0.3743247,0
img_07727_2023,0.0,0.079648346,0
img_07729_2023,0.0,0.02203462,0
img_07734_2023,0.0,0.045756586,0
img_07735_2023,0.0,0.33993107,0
img_07741_2023,0.0,0.8774092,1
img_07730_2023,0.0,0.33961034,0
img_07732_2023,0.0,0.24115817,0
img_07740_2023,0.0,0.0148842605,0
img_07747_2023,0.0,0.8142133,1
img_07745_2023,0.0,0.09753255,0
img_07736_2023,0.0,0.5376434,0
img_07752_2023,0.0,0.3756567,0
img_07749_2023,0.0,0.12954757,0
img_07755_2023,0.0,0.014680392,0
img_07748_2023,0.0,0.8088689,1
img_07756_2023,0.0,0.08361657,0
img_07751_2023,0.0,0.2362136,0
img_07759_2023,0.0,0.17977864,0
img_07743_2023,0.0,0.10288546,0
img_07762_2023,0.0,0.5649575,0
img_07754_2023,0.0,0.36138502,0
img_07765_2023,0.0,0.01426063,0
img_07656_p01_2023,0.0,0.23196788,0
img_07656_p02_2023,0.0,0.035089776,0
img_07656_p03_2023,0.0,0.08513785,0
img_07656_p04_2023,0.0,0.2948738,0
img_07656_p05_2023,0.0,0.005617945,0
img_07761_2023,0.0,0.032340877,0
img_07768_2023,0.0,0.5384905,0
img_07764_2023,0.0,0.14569789,0
img_07737_p01_2023,0.0,0.03931052,0
img_07737_p02_2023,0.0,0.01695048,0
img_07771_2023,0.0,0.89114,1
img_07780_2023,0.0,0.16512835,0
img_07766_2023,0.0,0.35185808,0
img_07778_2023,0.0,0.0045022205,0
img_07781_2023,0.0,0.22019878,0
img_07775_2023,0.0,0.33202988,0
img_07779_2023,0.0,0.3003888,0
img_07784_2023,0.0,0.31276205,0
img_07795_2023,0.0,0.539389,0
img_07770_2023,0.0,0.028171951,0
img_07796_2023,0.0,0.13973902,0
img_07783_2023,0.0,0.048675746,0
img_07797_2023,0.0,0.1598261,0
img_07760_p01_2023,0.0,0.09247865,0
img_07760_p02_2023,0.0,0.076875195,0
img_07794_2023,0.0,0.34224448,0
img_07791_2023,0.0,0.43057373,0
img_07787_2023,0.0,0.04363515,0
img_07792_2023,0.0,0.68971694,0
img_07808_2023,0.0,0.99068415,1
img_07785_2023,0.0,0.06255726,0
img_07802_2023,0.0,0.19553246,0
img_07814_2023,0.0,0.19702172,0
img_07803_2023,0.0,0.12991545,0
img_07805_2023,0.0,0.060450427,0
img_07806_2023,0.0,0.0044635613,0
img_07819_2023,0.0,0.94715834,1
img_07813_2023,0.0,0.42634556,0
img_07820_2023,0.0,0.01979197,0
img_07800_2023,0.0,0.2688085,0
img_07823_2023,0.0,0.07552204,0
img_07810_2023,0.0,0.02773746,0
img_07821_2023,0.0,0.50258666,0
img_07817_2023,0.0,0.14463829,0
img_07831_2023,0.0,0.07148287,0
img_07829_2023,0.0,0.6461006,0
img_07833_2023,0.0,0.16309288,0
img_07837_2023,0.0,0.78726405,0
img_07836_2023,0.0,0.9087282,1
img_07839_2023,0.0,0.022023574,0
img_07822_2023,0.0,0.40093488,0
img_07838_2023,0.0,0.17500871,0
img_07842_2023,0.0,0.14125119,0
img_07844_2023,0.0,0.5925903,0
img_07828_2023,0.0,0.054785468,0
img_07841_2023,0.0,0.39583743,0
img_07843_2023,0.0,0.20666716,0
img_07834_2023,0.0,0.1788012,0
img_07840_2023,0.0,0.06012797,0
img_07846_2023,0.0,0.021196837,0
img_07848_2023,0.0,0.099309415,0
img_07858_2023,0.0,0.48902273,0
img_07855_2023,0.0,0.005108814,0
img_07854_2023,0.0,0.059190203,0
img_07807_p02_2023,0.0,0.02710526,0
img_07856_2023,0.0,0.3934836,0
img_07859_2023,0.0,0.17745331,0
img_07863_2023,0.0,0.25018218,0
img_07865_2023,0.0,0.04545511,0
img_07866_2023,0.0,0.013010903,0
img_07860_2023,0.0,0.35808024,0
img_07868_2023,0.0,0.88855934,1
img_07873_2023,0.0,0.48265713,0
img_07871_2023,0.0,0.6611392,0
img_07870_2023,0.0,0.12324586,0
img_07869_2023,0.0,0.04689477,0
img_07872_2023,0.0,0.22430316,0
img_07876_2023,0.0,0.44288638,0
img_07883_2023,0.0,0.30095515,0
img_07875_2023,0.0,0.68247545,0
img_07880_2023,0.0,0.027441826,0
img_07879_2023,0.0,0.42145008,0
img_07877_2023,0.0,0.12895726,0
img_07890_2023,0.0,0.016024305,0
img_07893_2023,0.0,0.67678237,0
img_07891_2023,0.0,0.10685863,0
img_07889_2023,0.0,0.4752516,0
img_07896_2023,0.0,0.10400434,0
img_07888_2023,0.0,0.9069553,1
img_07903_2023,0.0,0.21613537,0
img_07902_2023,0.0,0.15309015,0
img_07899_2023,0.0,0.0131911775,0
img_07906_2023,0.0,0.15076843,0
img_07885_p01_2023,0.0,0.33055964,0
img_07885_p02_2023,0.0,0.3635646,0
img_07897_2023,0.0,0.45061213,0
img_07915_2023,0.0,0.26611528,0
img_07912_2023,0.0,0.109378055,0
img_07914_2023,0.0,0.009606299,0
img_07918_2023,0.0,0.35436508,0
img_07917_2023,0.0,0.27250832,0
img_07928_2023,0.0,0.4204698,0
img_07923_2023,0.0,0.0066785184,0
img_07913_2023,0.0,0.034439445,0
img_07929_2023,0.0,0.0013716415,0
img_07932_2023,0.0,0.074999526,0
img_07931_2023,0.0,0.0014921557,0
img_07935_2023,0.0,0.05123316,0
img_07937_2023,0.0,0.5656105,0
img_07942_2023,0.0,0.25399625,0
img_07940_2023,0.0,0.04765102,0
img_07936_2023,0.0,0.47893566,0
img_07938_2023,0.0,0.23519585,0
img_07939_2023,0.0,0.67445034,0
img_07916_2023,0.0,0.92438936,1
img_07943_2023,0.0,0.59142375,0
img_07946_2023,0.0,0.034898844,0
img_07949_2023,0.0,0.026034737,0
img_07947_2023,0.0,0.55372643,0
img_07952_2023,0.0,0.30745834,0
img_07933_2023,0.0,0.0030358112,0
img_07954_2023,0.0,0.15235661,0
img_07955_2023,0.0,0.9325157,1
img_07956_2023,0.0,0.18138953,0
img_07963_2023,0.0,0.07060361,0
img_07958_2023,0.0,0.13355875,0
img_07960_2023,0.0,0.8976294,1
img_07948_p01_2023,0.0,0.015384962,0
img_07948_p02_2023,0.0,0.15816575,0
img_07959_2023,0.0,0.57743794,0
img_07966_2023,0.0,0.38067976,0
img_07967_2023,0.0,0.054391067,0
img_07969_2023,0.0,0.2605788,0
img_07922_p01_2023,0.0,0.035307005,0
img_07922_p02_2023,0.0,0.011110984,0
img_07922_p03_2023,0.0,0.26968613,0
img_07922_p04_2023,0.0,0.11498063,0
img_07968_2023,0.0,0.028878849,0
img_07962_2023,0.0,0.32804257,0
img_07975_2023,0.0,0.21615058,0
img_07977_2023,0.0,0.8052575,1
img_07974_2023,0.0,0.003539162,0
img_07980_2023,0.0,0.6132796,0
img_07987_2023,0.0,0.15815413,0
img_07983_2023,0.0,0.03753346,0
img_07886_p01_2023,0.0,0.034421783,0
img_07886_p02_2023,0.0,0.08216468,0
img_07886_p03_2023,0.0,0.021563057,0
img_07886_p04_2023,0.0,0.15115544,0
img_07986_2023,0.0,0.0077824136,0
img_07989_2023,0.0,0.048061613,0
img_07990_2023,0.0,0.19554651,0
img_07991_2023,0.0,0.07727005,0
img_07994_2023,0.0,0.5713439,0
img_07996_2023,0.0,0.92100215,1
img_07978_2023,0.0,0.0060050646,0
img_07997_2023,0.0,0.03322585,0
img_08000_2023,0.0,0.12107521,0
img_07982_2023,0.0,0.03358962,0
img_08003_2023,0.0,0.2875006,0
img_08001_2023,0.0,0.010023366,0
img_07953_p02_2023,0.0,0.15857546,0
img_07953_p03_2023,0.0,0.34372878,0
img_07953_p04_2023,0.0,0.04974681,0
img_08010_2023,0.0,0.047429986,0
img_08007_2023,0.0,0.02983425,0
img_08009_2023,0.0,0.24336803,0
img_08012_2023,0.0,0.36849862,0
img_08016_2023,0.0,0.017330343,0
img_08017_2023,0.0,0.03681657,0
img_08008_2023,0.0,0.9253286,1
img_08018_2023,0.0,0.060392868,0
img_08011_2023,0.0,0.29664287,0
img_08020_2023,0.0,0.02651004,0
img_08021_2023,0.0,0.06457229,0
img_07961_p01_2023,0.0,0.014796393,0
img_07961_p02_2023,0.0,0.41778195,0
img_07961_p03_2023,0.0,0.21195763,0
img_07961_p04_2023,0.0,0.2916544,0
img_08019_2023,0.0,0.15787348,0
img_08013_2023,0.0,0.11251018,0
img_08025_2023,0.0,0.23962303,0
img_08023_2023,0.0,0.47912607,0
img_08026_2023,0.0,0.015266612,0
img_08022_2023,0.0,0.060370713,0
img_08024_2023,0.0,0.8709528,1
img_08030_2023,0.0,0.33571693,0
img_08032_2023,0.0,0.83522904,1
img_08028_2023,0.0,0.54115945,0
img_08029_2023,0.0,0.6246204,0
img_08034_2023,0.0,0.05551054,0
img_08033_2023,0.0,0.23876894,0
img_08036_2023,0.0,0.052625526,0
img_08038_2023,0.0,0.38739643,0
img_08046_2023,0.0,0.20821923,0
img_08044_2023,0.0,0.04427978,0
img_08047_2023,0.0,0.6092875,0
img_08042_2023,0.0,0.57617897,0
img_08043_2023,0.0,0.6763437,0
img_08045_2023,0.0,0.29743505,0
img_08039_2023,0.0,0.5677662,0
img_08049_2023,0.0,0.6322866,0
img_08041_2023,0.0,0.08569463,0
img_08052_2023,0.0,0.24743551,0
img_08053_2023,0.0,0.101791605,0
img_08055_2023,0.0,0.15241182,0
img_08054_2023,0.0,0.66110253,0
img_08051_2023,0.0,0.3024894,0
img_08050_2023,0.0,0.1131778,0
img_08057_2023,0.0,0.5677989,0
img_08048_2023,0.0,0.061528806,0
img_08063_2023,0.0,0.012806701,0
img_08059_2023,0.0,0.13951488,0
img_08056_2023,0.0,0.010596894,0
img_08065_2023,0.0,0.46525082,0
img_08058_2023,0.0,0.47464898,0
img_08067_2023,0.0,0.29738563,0
img_08062_2023,0.0,0.28278133,0
img_08073_2023,0.0,0.05855641,0
img_08071_2023,0.0,0.23718116,0
img_08070_2023,0.0,0.0879079,0
img_08061_2023,0.0,0.17136046,0
img_08072_2023,0.0,0.3546551,0
img_07965_p01_2023,0.0,0.027707743,0
img_07965_p02_2023,0.0,0.005889044,0
img_07965_p03_2023,0.0,0.080562994,0
img_07965_p04_2023,0.0,0.02531927,0
img_07965_p05_2023,0.0,0.069973886,0
img_08066_2023,0.0,0.3742242,0
img_08078_2023,0.0,0.85720664,1
img_08069_2023,0.0,0.96604866,1
img_08077_2023,0.0,0.011654236,0
img_08083_2023,0.0,0.6646332,0
img_08075_2023,0.0,0.023721728,0
img_08074_2023,0.0,0.7466408,0
img_08006_p01_2023,0.0,0.80322325,1
img_08006_p02_2023,0.0,0.56152534,0
img_08006_p03_2023,0.0,0.7110019,0
img_08006_p04_2023,0.0,0.51019776,0
img_08081_2023,0.0,0.7783835,0
img_08086_2023,0.0,0.7478571,0
img_08084_2023,0.0,0.19267522,0
img_08076_2023,0.0,0.026302196,0
img_08088_2023,0.0,0.07633999,0
img_08085_2023,0.0,0.90912664,1
img_08093_2023,0.0,0.008754628,0
img_08096_2023,0.0,0.795372,0
img_08097_2023,0.0,0.0075999727,0
img_08099_2023,0.0,0.22309677,0
img_08098_2023,0.0,0.11914569,0
img_08094_2023,0.0,0.63855666,0
img_08100_2023,0.0,0.23055987,0
img_08102_2023,0.0,0.87783456,1
img_08103_2023,0.0,0.6163293,0
img_08095_2023,0.0,0.7324653,0
img_08101_2023,0.0,0.057356935,0
img_08104_2023,0.0,0.61452484,0
img_08106_2023,0.0,0.22948365,0
img_08109_2023,0.0,0.018950908,0
img_08111_2023,0.0,0.030738289,0
img_08110_2023,0.0,0.5625539,0
img_08107_2023,0.0,0.45779604,0
img_08115_2023,0.0,0.11164485,0
img_08122_2023,0.0,0.09387417,0
img_08112_2023,0.0,0.059119634,0
img_08114_2023,0.0,0.0068713035,0
img_08116_2023,0.0,0.8879486,1
img_08120_2023,0.0,0.8416139,1
img_08108_2023,0.0,0.856203,1
img_08123_2023,0.0,0.141055,0
img_08126_2023,0.0,0.1368902,0
img_08124_2023,0.0,0.26611078,0
img_08127_2023,0.0,0.10110219,0
img_08117_2023,0.0,0.9228578,1
img_08128_2023,0.0,0.50233454,0
img_08131_2023,0.0,0.1222905,0
img_08140_2023,0.0,0.0331218,0
img_08134_2023,0.0,0.015453298,0
img_08135_2023,0.0,0.108740844,0
img_08137_2023,0.0,0.26072723,0
img_08138_2023,0.0,0.03444339,0
img_08125_2023,0.0,0.9292793,1
img_08142_2023,0.0,0.59492844,0
img_08145_2023,0.0,0.10633822,0
img_08139_2023,0.0,0.033004507,0
img_08143_2023,0.0,0.6658712,0
img_08146_2023,0.0,0.6786816,0
img_08087_p01_2023,0.0,0.41782588,0
img_08087_p02_2023,0.0,0.23157293,0
img_08087_p03_2023,0.0,0.5880378,0
img_08087_p04_2023,0.0,0.6201936,0
img_08154_2023,0.0,0.16593674,0
img_08151_2023,0.0,0.075316556,0
img_08147_2023,0.0,0.024785535,0
img_08148_2023,0.0,0.8305804,1
img_08156_2023,0.0,0.055597704,0
img_08141_2023,0.0,0.011313706,0
img_08152_2023,0.0,0.45054495,0
img_08155_2023,0.0,0.0049920827,0
img_08150_2023,0.0,0.026937785,0
img_08149_2023,0.0,0.71492803,0
img_08157_2023,0.0,0.16139042,0
img_08132_2023,0.0,0.37508634,0
img_08144_2023,0.0,0.5646488,0
img_08160_2023,0.0,0.5241243,0
img_08164_2023,0.0,0.3346926,0
img_08165_2023,0.0,0.07314507,0
img_08169_2023,0.0,0.26286215,0
img_08166_2023,0.0,0.007823499,0
img_08176_2023,0.0,0.6350304,0
img_08173_2023,0.0,0.31713867,0
img_08170_2023,0.0,0.23547837,0
img_08171_2023,0.0,0.61094326,0
img_08163_2023,0.0,0.49124503,0
img_08175_2023,0.0,0.56067246,0
img_08179_2023,0.0,0.011040653,0
img_08181_2023,0.0,0.00569991,0
img_08178_2023,0.0,0.4889777,0
img_08184_2023,0.0,0.40191633,0
img_08182_2023,0.0,0.4785856,0
img_08180_2023,0.0,0.33716092,0
img_08185_2023,0.0,0.24381395,0
img_08193_2023,0.0,0.10300282,0
img_08187_2023,0.0,0.17696561,0
img_08191_2023,0.0,0.43794337,0
img_08192_2023,0.0,0.58108443,0
img_08190_2023,0.0,0.20415224,0
img_08197_2023,0.0,0.18860021,0
img_08198_2023,0.0,0.585627,0
img_08188_2023,0.0,0.0055060876,0
img_08196_2023,0.0,0.06717128,0
img_08199_2023,0.0,0.6606257,0
img_08205_2023,0.0,0.23118207,0
img_08194_2023,0.0,0.39007515,0
img_08204_2023,0.0,0.8429629,1
img_08207_2023,0.0,0.015439637,0
img_08203_2023,0.0,0.047773253,0
img_08208_2023,0.0,0.4099157,0
img_08211_2023,0.0,0.5506743,0
img_08200_2023,0.0,0.5220098,0
img_08210_2023,0.0,0.021297358,0
img_08206_2023,0.0,0.37468338,0
img_08209_2023,0.0,0.636549,0
img_08212_2023,0.0,0.11274967,0
img_08215_2023,0.0,0.6126371,0
img_08219_2023,0.0,0.20815374,0
img_08221_2023,0.0,0.5969994,0
img_08220_2023,0.0,0.6445311,0
img_08218_2023,0.0,0.32113895,0
img_08223_2023,0.0,0.234654,0
img_08214_2023,0.0,0.075172506,0
img_08225_2023,0.0,0.020453043,0
img_08224_2023,0.0,0.020007541,0
img_08217_2023,0.0,0.5896556,0
img_08216_2023,0.0,0.25311726,0
img_08228_2023,0.0,0.1724808,0
img_08229_2023,0.0,0.055366777,0
img_08230_2023,0.0,0.5759329,0
img_08233_2023,0.0,0.48719096,0
img_08239_2023,0.0,0.7482503,0
img_08234_2023,0.0,0.2817006,0
img_08231_2023,0.0,0.06870865,0
img_08240_2023,0.0,0.20130275,0
img_08237_2023,0.0,0.6408312,0
img_08232_2023,0.0,0.8147184,1
img_08244_2023,0.0,0.0006695856,0
img_08241_2023,0.0,0.07096015,0
img_08242_2023,0.0,0.5661767,0
img_08243_2023,0.0,0.3025192,0
img_08246_2023,0.0,0.120209314,0
img_08236_2023,0.0,0.15681079,0
img_08189_p01_2023,0.0,0.8322974,1
img_08189_p02_2023,0.0,0.5397967,0
img_08189_p03_2023,0.0,0.6113636,0
img_08245_2023,0.0,0.58463115,0
img_08248_2023,0.0,0.56565064,0
img_08253_2023,0.0,0.784088,0
img_08202_p01_2023,0.0,0.35764372,0
img_08202_p02_2023,0.0,0.39210272,0
img_08254_2023,0.0,0.0039059548,0
img_08251_2023,0.0,0.2564369,0
img_08252_2023,0.0,0.03358176,0
img_08250_2023,0.0,0.6620286,0
img_08257_2023,0.0,0.14452864,0
img_08256_2023,0.0,0.18723178,0
img_08258_2023,0.0,0.8389868,1
img_08249_2023,0.0,0.8290022,1
img_08255_2023,0.0,0.96877205,1
img_08261_2023,0.0,0.006627085,0
img_08263_2023,0.0,0.56239736,0
img_08259_2023,0.0,0.49841753,0
img_08262_2023,0.0,0.7807413,0
img_08267_2023,0.0,0.5427315,0
img_08268_2023,0.0,0.5075518,0
img_08264_2023,0.0,0.9274241,1
img_08276_2023,0.0,0.049447287,0
img_08275_2023,0.0,0.016146963,0
img_08271_2023,0.0,0.4948925,0
img_08272_2023,0.0,0.24496628,0
img_08277_2023,0.0,0.27006206,0
img_08279_2023,0.0,0.29771873,0
img_08278_2023,0.0,0.8260307,1
img_08274_2023,0.0,0.043270215,0
img_08283_2023,0.0,0.24296524,0
img_08282_2023,0.0,0.32630298,0
img_08281_2023,0.0,0.32202882,0
img_08280_2023,0.0,0.99217707,1
img_08288_2023,0.0,0.07597573,0
img_08290_2023,0.0,0.007504676,0
img_08295_2023,0.0,0.72148836,0
img_08294_2023,0.0,0.08530364,0
img_08297_2023,0.0,0.013679907,0
img_08292_2023,0.0,0.60177636,0
img_08304_2023,0.0,0.024826596,0
img_08300_2023,0.0,0.078725725,0
img_08299_2023,0.0,0.7414672,0
img_08298_2023,0.0,0.5901843,0
img_08308_2023,0.0,0.6294563,0
img_08302_2023,0.0,0.8390443,1
img_08310_2023,0.0,0.015052713,0
img_08303_2023,0.0,0.47160202,0
img_08309_2023,0.0,0.07565992,0
img_08311_2023,0.0,0.066521384,0
img_08314_2023,0.0,0.18275546,0
img_08312_2023,0.0,0.44622922,0
img_08315_2023,0.0,0.2385317,0
img_08318_2023,0.0,0.39494157,0
img_08317_2023,0.0,0.02236618,0
img_08322_2023,0.0,0.140454,0
img_08325_2023,0.0,0.030885352,0
img_08324_2023,0.0,0.24264967,0
img_08320_2023,0.0,0.8936471,1
img_08321_2023,0.0,0.16352865,0
img_08319_2023,0.0,0.851109,1
img_08313_2023,0.0,0.8035336,1
img_08326_2023,0.0,0.13993387,0
img_08323_2023,0.0,0.2562108,0
img_08328_2023,0.0,0.17271417,0
img_08332_2023,0.0,0.23560104,0
img_08331_2023,0.0,0.7734419,0
img_08334_2023,0.0,0.36862957,0
img_08337_2023,0.0,0.69794774,0
img_08333_2023,0.0,0.04867348,0
img_08336_2023,0.0,0.019881338,0
img_08329_2023,0.0,0.18922572,0
img_08341_2023,0.0,0.0383438,0
img_08338_2023,0.0,0.4398751,0
img_08335_2023,0.0,0.059922025,0
img_08342_2023,0.0,0.5687129,0
img_08340_2023,0.0,0.4044556,0
img_08343_2023,0.0,0.3672643,0
img_08344_2023,0.0,0.26034737,0
img_08349_2023,0.0,0.26417392,0
img_08339_2023,0.0,0.57127124,0
img_08348_2023,0.0,0.04044304,0
img_08351_2023,0.0,0.81233054,1
img_08347_2023,0.0,0.12006687,0
img_08350_2023,0.0,0.21736537,0
img_08356_2023,0.0,0.79040337,0
img_08355_2023,0.0,0.99012357,1
img_08358_2023,0.0,0.086877815,0
img_08359_2023,0.0,0.19803277,0
img_08368_2023,0.0,0.8983144,1
img_08367_2023,0.0,0.020247448,0
img_08361_2023,0.0,0.061512426,0
img_08366_2023,0.0,0.23953077,0
img_08364_2023,0.0,0.80542165,1
img_08363_2023,0.0,0.39090112,0
img_08362_2023,0.0,0.57314426,0
img_08357_2023,0.0,0.5240339,0
img_08371_2023,0.0,0.5906671,0
img_08373_2023,0.0,0.015564465,0
img_08370_2023,0.0,0.01181606,0
img_08374_2023,0.0,0.2961356,0
img_08372_2023,0.0,0.28844848,0
img_08365_2023,0.0,0.4882116,0
img_08375_2023,0.0,0.18417622,0
img_08376_2023,0.0,0.2971993,0
img_08378_2023,0.0,0.8695044,1
img_08379_2023,0.0,0.8282484,1
img_08383_2023,0.0,0.0075714705,0
img_08381_2023,0.0,0.37051404,0
img_08388_2023,0.0,0.6445541,0
img_08382_2023,0.0,0.67691237,0
img_08390_2023,0.0,0.0072526946,0
img_08380_2023,0.0,0.1364504,0
img_08386_2023,0.0,0.0014953833,0
img_08392_2023,0.0,0.021239903,0
img_08391_2023,0.0,0.6759733,0
img_08393_2023,0.0,0.56424445,0
img_08394_2023,0.0,0.40385646,0
img_08389_2023,0.0,0.18832776,0
img_08354_p01_2023,0.0,0.64612824,0
img_08354_p02_2023,0.0,0.26970807,0
img_08397_2023,0.0,0.45677426,0
img_08399_2023,0.0,0.2711952,0
img_08395_2023,0.0,0.07286647,0
img_08396_2023,0.0,0.82463276,1
img_08406_2023,0.0,0.19579905,0
img_08402_2023,0.0,0.024795376,0
img_08401_2023,0.0,0.23577116,0
img_08398_2023,0.0,0.40841806,0
img_08410_2023,0.0,0.08973409,0
img_08400_2023,0.0,0.80650043,1
img_08407_2023,0.0,0.25299296,0
img_08404_2023,0.0,0.17982262,0
img_08408_2023,0.0,0.035000417,0
img_08409_2023,0.0,0.8250265,1
img_08405_2023,0.0,0.45098287,0
img_08412_2023,0.0,0.54986686,0
img_08418_2023,0.0,0.09385443,0
img_08414_2023,0.0,0.048972044,0
img_08420_2023,0.0,0.42888474,0
img_08424_2023,0.0,0.025496785,0
img_08416_2023,0.0,0.6210853,0
img_08425_2023,0.0,0.012719414,0
img_08415_2023,0.0,0.020239754,0
img_08427_2023,0.0,0.76466906,0
img_08426_2023,0.0,0.43013844,0
img_08422_2023,0.0,0.2623991,0
img_08428_2023,0.0,0.10759,0
img_08430_2023,0.0,0.4911355,0
img_08429_2023,0.0,0.1242323,0
img_08419_2023,0.0,0.040729806,0
img_08432_2023,0.0,0.32736737,0
img_08431_2023,0.0,0.16084369,0
img_08433_2023,0.0,0.13522126,0
img_08435_2023,0.0,0.008037981,0
img_08436_2023,0.0,0.19397806,0
img_08439_2023,0.0,0.65683275,0
img_08434_2023,0.0,0.11011519,0
img_08438_2023,0.0,0.050424743,0
img_08441_2023,0.0,0.6597357,0
img_08444_2023,0.0,0.28541172,0
img_08440_2023,0.0,0.7140713,0
img_08442_2023,0.0,0.15805049,0
img_08449_2023,0.0,0.6844109,0
img_08448_2023,0.0,0.053217694,0
img_08450_2023,0.0,0.93371296,1
img_08454_2023,0.0,0.15172327,0
img_08452_2023,0.0,0.20377658,0
img_08447_2023,0.0,0.14294921,0
img_08445_2023,0.0,0.3618569,0
img_08455_2023,0.0,0.065603465,0
img_08446_2023,0.0,0.14923999,0
img_08453_2023,0.0,0.018931955,0
img_08457_2023,0.0,0.6128405,0
img_08460_2023,0.0,0.19515522,0
img_08458_2023,0.0,0.050357,0
img_08462_2023,0.0,0.41912654,0
img_08459_2023,0.0,0.054938182,0
img_08468_2023,0.0,0.0895994,0
img_08463_2023,0.0,0.6417562,0
img_08464_2023,0.0,0.30216172,0
img_08469_2023,0.0,0.041473124,0
img_08470_2023,0.0,0.469683,0
img_08471_2023,0.0,0.08785886,0
img_08474_2023,0.0,0.47819337,0
img_08461_2023,0.0,0.058897104,0
img_08473_2023,0.0,0.85781217,1
img_08466_2023,0.0,0.016129557,0
img_08476_2023,0.0,0.12501672,0
img_08477_2023,0.0,0.007547123,0
img_08475_2023,0.0,0.056117848,0
img_08478_2023,0.0,0.76549166,0
img_08482_2023,0.0,0.19735433,0
img_08487_2023,0.0,0.41314644,0
img_08484_2023,0.0,0.020443363,0
img_08488_2023,0.0,0.62593627,0
img_08483_2023,0.0,0.15605018,0
img_08479_2023,0.0,0.12538783,0
img_08490_2023,0.0,0.33055943,0
img_08485_2023,0.0,0.8893163,1
img_08492_2023,0.0,0.5654604,0
img_08486_2023,0.0,0.1077726,0
img_08481_2023,0.0,0.31538808,0
img_08489_2023,0.0,0.23291472,0
img_08493_2023,0.0,0.036455896,0
img_06799_p01_2023,0.0,0.062395673,0
img_06799_p02_2023,0.0,0.06159565,0
img_06799_p06_2023,0.0,0.2612199,0
img_06799_p07_2023,0.0,0.07025234,0
img_06799_p08_2023,0.0,0.014513008,0
img_06799_p09_2023,0.0,0.053285856,0
img_06799_p10_2023,0.0,0.027978836,0
img_06799_p11_2023,0.0,0.0015838548,0
img_06799_p12_2023,0.0,0.09286699,0
img_06799_p13_2023,0.0,0.022007737,0
img_06799_p15_2023,0.0,0.100583546,0
img_06799_p16_2023,0.0,0.03991027,0
img_06799_p17_2023,0.0,0.018187782,0
img_06799_p18_2023,0.0,0.005271446,0
img_06799_p19_2023,0.0,0.037991446,0
img_06799_p20_2023,0.0,0.009261133,0
img_06799_p21_2023,0.0,0.023072267,0
img_06799_p22_2023,0.0,0.0052372566,0
img_06799_p23_2023,0.0,0.20575039,0
img_06799_p24_2023,0.0,0.06702181,0
img_06799_p25_2023,0.0,0.124102555,0
img_06799_p26_2023,0.0,0.016375598,0
img_06799_p27_2023,0.0,0.08688734,0
img_06799_p28_2023,0.0,0.026726319,0
img_06799_p29_2023,0.0,0.005502144,0
img_06799_p30_2023,0.0,0.0582564,0
img_06799_p31_2023,0.0,0.030174324,0
img_06799_p32_2023,0.0,0.0041296654,0
img_06799_p33_2023,0.0,0.02361263,0
img_06799_p34_2023,0.0,0.009544476,0
img_06799_p35_2023,0.0,0.046613082,0
img_06799_p36_2023,0.0,0.022482602,0
img_06799_p37_2023,0.0,0.011705437,0
img_06799_p38_2023,0.0,0.0047988733,0
img_06799_p39_2023,0.0,0.023293503,0
img_06799_p40_2023,0.0,0.0004357616,0
img_06799_p41_2023,0.0,0.08705009,0
img_06799_p42_2023,0.0,0.0499875,0
img_06799_p43_2023,0.0,0.13133413,0
img_06799_p44_2023,0.0,0.14033644,0
img_06799_p45_2023,0.0,0.0039300164,0
