id_sample,y_true,model_probability,final_threshold_prediction
img_00019_2024,1.0,0.22209993,0
img_00004_2024,1.0,0.0838527,0
img_00018_2024,1.0,0.1862506,0
img_00005_2024,1.0,0.99523675,1
img_00008_2024,1.0,0.9970497,1
img_00016_2024,1.0,0.99114776,1
img_00007_2024,1.0,0.32502317,0
img_00003_2024,1.0,0.9976199,1
img_00009_2024,1.0,0.27775243,0
img_00017_2024,1.0,0.003742852,0
img_00006_2024,1.0,0.07361028,0
img_00010_2024,1.0,0.1924214,0
img_00002_2024,1.0,0.15210587,0
img_00015_2024,1.0,0.20296684,0
img_00001_2024,1.0,0.99493045,1
img_00014_2024,1.0,0.7005055,0
img_00020_2024,1.0,0.028074054,0
img_00021_2024,1.0,0.095397666,0
img_00024_2024,1.0,0.092856474,0
img_00013_2024,1.0,0.9400883,1
img_00022_2024,1.0,0.97682583,1
img_00026_2024,1.0,0.003787652,0
img_00023_2024,1.0,0.19811387,0
img_00034_2024,1.0,0.91742295,1
img_00025_2024,1.0,0.4925407,0
img_00028_2024,1.0,0.14233033,0
img_00032_2024,1.0,0.07505325,0
img_00033_2024,1.0,0.42927498,0
img_00031_2024,1.0,0.64826035,0
img_00036_2024,1.0,0.02115082,0
img_00029_2024,1.0,0.997841,1
img_00037_2024,1.0,0.63790995,0
img_00035_2024,1.0,0.95433843,1
img_00041_2024,1.0,0.029908936,0
img_00040_2024,1.0,0.93669087,1
img_00042_2024,1.0,0.060275238,0
img_00039_2024,1.0,0.009269186,0
img_00044_2024,1.0,0.9918467,1
img_00045_2024,1.0,0.9542075,1
img_00049_2024,1.0,0.78989714,1
img_00048_2024,1.0,0.0087230615,0
img_00043_2024,1.0,0.13303955,0
img_00050_2024,1.0,0.62585133,0
img_00046_2024,1.0,0.9254608,1
img_00047_2024,1.0,0.99596834,1
img_00052_2024,1.0,0.29682437,0
img_00053_2024,1.0,0.011361253,0
img_00056_2024,1.0,0.954539,1
img_00058_2024,1.0,0.6420346,0
img_00055_2024,1.0,0.96757734,1
img_00054_2024,1.0,0.9454986,1
img_00061_2024,1.0,0.9990823,1
img_00060_2024,1.0,0.9950153,1
img_00063_2024,1.0,0.95435417,1
img_00062_2024,1.0,0.97582924,1
img_00059_2024,1.0,0.4068924,0
img_00011_p01_2024,1.0,0.99832314,1
img_00011_p02_2024,1.0,0.97490376,1
img_00011_p03_2024,1.0,0.9733166,1
img_00057_2024,1.0,0.9630011,1
img_00030_p01_2024,1.0,0.029435137,0
img_00030_p02_2024,1.0,0.017021662,0
img_00030_p03_2024,1.0,0.0026595134,0
img_00067_2024,1.0,0.9916716,1
img_00065_2024,1.0,0.9990201,1
img_00070_2024,1.0,0.5073466,0
img_00068_2024,1.0,0.0030122504,0
img_00071_2024,1.0,0.18074,0
img_00069_2024,1.0,0.91319925,1
img_00051_p01_2024,1.0,0.12290834,0
img_00051_p02_2024,1.0,0.20546785,0
img_00077_2024,1.0,0.98875767,1
img_00064_2024,1.0,0.9945181,1
img_00075_2024,1.0,0.99663794,1
img_00078_2024,1.0,0.87963235,1
img_00076_2024,1.0,0.99819225,1
img_00073_2024,1.0,0.24257387,0
img_00072_2024,1.0,0.94240606,1
img_00079_2024,1.0,0.97651744,1
img_00080_2024,1.0,0.89628744,1
img_00074_2024,1.0,0.8770935,1
img_00081_2024,1.0,0.9918824,1
img_00084_2024,1.0,0.9901177,1
img_00085_2024,1.0,0.9048845,1
img_00083_2024,1.0,0.994113,1
img_00082_2024,1.0,0.9920489,1
img_00038_p01_2024,1.0,0.9937356,1
img_00038_p02_2024,1.0,0.99856657,1
img_00038_p03_2024,1.0,0.99768865,1
img_00038_p04_2024,1.0,0.9952743,1
img_00092_2024,1.0,0.23483093,0
img_00086_2024,1.0,0.9570349,1
img_00000_p01_2024,1.0,0.99658644,1
img_00000_p02_2024,1.0,0.95434994,1
img_00000_p03_2024,1.0,0.98772556,1
img_00000_p04_2024,1.0,0.97923684,1
img_00091_2024,1.0,0.10308768,0
img_00088_2024,1.0,0.7756193,1
img_00089_2024,1.0,0.8711761,1
img_00095_2024,1.0,0.8009043,1
img_00096_2024,1.0,0.8942284,1
img_00097_2024,1.0,0.96189916,1
img_00093_2024,1.0,0.9776033,1
img_00094_2024,1.0,0.9988427,1
img_00099_2024,1.0,0.80570656,1
img_00103_2024,1.0,0.90192705,1
img_00102_2024,1.0,0.95343345,1
img_00104_2024,1.0,0.59965795,0
img_00090_2024,1.0,0.92760056,1
img_00100_2024,1.0,0.94871336,1
img_00106_2024,1.0,0.97279054,1
img_00111_2024,1.0,0.94033074,1
img_00107_2024,1.0,0.58399254,0
img_00101_2024,1.0,0.6848946,0
img_00113_2024,1.0,0.99689794,1
img_00117_2024,1.0,0.9939381,1
img_00108_2024,1.0,0.6482538,0
img_00109_2024,1.0,0.9788842,1
img_00116_2024,1.0,0.99583435,1
img_00110_2024,1.0,0.9765738,1
img_00112_2024,1.0,0.9540174,1
img_00118_2024,1.0,0.81956065,1
img_00012_p01_2024,1.0,0.55243826,0
img_00012_p02_2024,1.0,0.11977225,0
img_00012_p03_2024,1.0,0.23724145,0
img_00012_p04_2024,1.0,0.65737104,0
img_00012_p05_2024,1.0,0.16144386,0
img_00012_p06_2024,1.0,0.7659811,1
img_00115_2024,1.0,0.99774534,1
img_00119_2024,1.0,0.93460584,1
img_00122_2024,1.0,0.8969264,1
img_00123_2024,1.0,0.7570734,1
img_00105_p01_2024,1.0,0.4738062,0
img_00105_p02_2024,1.0,0.48083836,0
img_00121_2024,1.0,0.5084148,0
img_00126_2024,1.0,0.85183716,1
img_00132_2024,1.0,0.9990821,1
img_00125_2024,1.0,0.90682995,1
img_00129_2024,1.0,0.8351952,1
img_00127_2024,1.0,0.095997825,0
img_00124_2024,1.0,0.99914217,1
img_00135_2024,1.0,0.99530727,1
img_00134_2024,1.0,0.99477565,1
img_00137_2024,1.0,0.6860259,0
img_00133_2024,1.0,0.9952493,1
img_00138_2024,1.0,0.9383074,1
img_00120_p01_2024,1.0,0.9986015,1
img_00120_p02_2024,1.0,0.99563545,1
img_00142_2024,1.0,0.75745535,1
img_00141_2024,1.0,0.1473237,0
img_00087_p01_2024,1.0,0.99041045,1
img_00087_p02_2024,1.0,0.9940911,1
img_00087_p03_2024,1.0,0.9922593,1
img_00087_p04_2024,1.0,0.9981482,1
img_00131_p01_2024,1.0,0.9525547,1
img_00131_p02_2024,1.0,0.993107,1
img_00139_2024,1.0,0.93472904,1
img_00140_2024,1.0,0.42882386,0
img_00143_2024,1.0,0.010101576,0
img_00147_2024,1.0,0.9991917,1
img_00144_2024,1.0,0.97087955,1
img_00150_2024,1.0,0.99478143,1
img_00148_2024,1.0,0.84243196,1
img_00128_p01_2024,1.0,0.9981667,1
img_00128_p02_2024,1.0,0.9957041,1
img_00114_p01_2024,1.0,0.95352244,1
img_00114_p02_2024,1.0,0.97669023,1
img_00114_p03_2024,1.0,0.95239276,1
img_00114_p04_2024,1.0,0.3689729,0
img_00152_2024,1.0,0.99832195,1
img_00145_2024,1.0,0.8663496,1
img_00155_2024,1.0,0.057879604,0
img_00149_2024,1.0,0.99521977,1
img_00151_2024,1.0,0.77455163,1
img_00156_2024,1.0,0.0012233398,0
img_00136_p01_2024,1.0,0.9974687,1
img_00136_p02_2024,1.0,0.9999486,1
img_00157_2024,1.0,0.0065957117,0
img_00158_2024,1.0,0.25330198,0
img_00159_2024,1.0,0.28744268,0
img_00162_2024,1.0,0.7997725,1
img_00163_2024,1.0,0.99351054,1
img_00160_2024,1.0,0.9661306,1
img_00146_p01_2024,1.0,0.98956233,1
img_00146_p02_2024,1.0,0.27938658,0
img_00167_2024,1.0,0.98707217,1
img_00165_2024,1.0,0.9989454,1
img_00172_2024,1.0,0.9380455,1
img_00164_2024,1.0,0.87852126,1
img_00170_2024,1.0,0.99266946,1
img_00171_2024,1.0,0.34018248,0
img_00174_2024,1.0,0.9960866,1
img_00166_2024,1.0,0.5265843,0
img_00130_p01_2024,1.0,0.9990439,1
img_00130_p02_2024,1.0,0.98859453,1
img_00130_p03_2024,1.0,0.9898559,1
img_00130_p04_2024,1.0,0.97792566,1
img_00169_2024,1.0,0.99684864,1
img_00178_2024,1.0,0.99125284,1
img_00179_2024,1.0,0.997905,1
img_00175_2024,1.0,0.9886664,1
img_00176_2024,1.0,0.03903502,0
img_00182_2024,1.0,0.996473,1
img_00180_2024,1.0,0.991884,1
img_00181_2024,1.0,0.81108636,1
img_00183_2024,1.0,0.86080134,1
img_00185_2024,1.0,0.34299028,0
img_00173_p01_2024,1.0,0.96665615,1
img_00173_p02_2024,1.0,0.896292,1
img_00168_p01_2024,1.0,0.99136776,1
img_00168_p02_2024,1.0,0.9737726,1
img_00066_p01_2024,1.0,0.9612714,1
img_00066_p02_2024,1.0,0.6256245,0
img_00066_p03_2024,1.0,0.9839363,1
img_00066_p04_2024,1.0,0.05712553,0
img_00066_p05_2024,1.0,0.9993849,1
img_00066_p06_2024,1.0,0.551024,0
img_00187_2024,1.0,0.9187294,1
img_00189_2024,1.0,0.70553976,0
img_00190_2024,1.0,0.9147519,1
img_00191_2024,1.0,0.37036532,0
img_00194_2024,1.0,0.75308335,1
img_00196_2024,1.0,0.97567433,1
img_00192_2024,1.0,0.6926189,0
img_00198_2024,1.0,0.64352596,0
img_00193_2024,1.0,0.75608283,1
img_00195_2024,1.0,0.6258845,0
img_00199_2024,1.0,0.5010633,0
img_00201_2024,1.0,0.7914099,1
img_00202_2024,1.0,0.59769607,0
img_00203_2024,1.0,0.8250862,1
img_00200_2024,1.0,0.88196445,1
img_00204_2024,1.0,0.7685606,1
img_00177_p01_2024,1.0,0.7995054,1
img_00177_p02_2024,1.0,0.89298457,1
img_00206_2024,1.0,0.9843051,1
img_00186_2024,1.0,0.38203114,0
img_00207_2024,1.0,0.47536325,0
img_00208_2024,1.0,0.62517333,0
img_00211_2024,1.0,0.7139259,0
img_00197_p01_2024,1.0,0.7281931,1
img_00197_p02_2024,1.0,0.950348,1
img_00212_2024,1.0,0.9928859,1
img_00213_2024,1.0,0.9976743,1
img_00215_2024,1.0,0.9987204,1
img_00209_2024,1.0,0.99930406,1
img_00154_p01_2024,1.0,0.92423975,1
img_00154_p02_2024,1.0,0.9530487,1
img_00154_p03_2024,1.0,0.94621044,1
img_00154_p04_2024,1.0,0.96243054,1
img_00216_2024,1.0,0.98851985,1
img_00217_2024,1.0,0.99685884,1
img_00220_2024,1.0,0.9716612,1
img_00223_2024,1.0,0.9856527,1
img_00221_2024,1.0,0.989184,1
img_00153_p01_2024,1.0,0.95761424,1
img_00153_p02_2024,1.0,0.99023926,1
img_00153_p03_2024,1.0,0.85910237,1
img_00153_p04_2024,1.0,0.9913625,1
img_00153_p06_2024,1.0,0.9991295,1
img_00222_2024,1.0,0.68538386,0
img_00218_2024,1.0,0.9836879,1
img_00224_2024,1.0,0.32591835,0
img_00210_p01_2024,1.0,0.9765381,1
img_00210_p02_2024,1.0,0.9971294,1
img_00184_p01_2024,1.0,0.9939219,1
img_00184_p02_2024,1.0,0.999288,1
img_00184_p03_2024,1.0,0.99578047,1
img_00184_p04_2024,1.0,0.9976801,1
img_00225_2024,1.0,0.9474983,1
img_00226_2024,1.0,0.9923751,1
img_00232_2024,1.0,0.53624386,0
img_00231_2024,1.0,0.949696,1
img_00229_2024,1.0,0.9293568,1
img_00234_2024,1.0,0.99206936,1
img_00235_2024,1.0,0.523659,0
img_00228_2024,1.0,0.9946131,1
img_00233_2024,1.0,0.10819494,0
img_00214_p01_2024,1.0,0.98574716,1
img_00214_p02_2024,1.0,0.99846375,1
img_00227_2024,1.0,0.99603987,1
img_00239_2024,1.0,0.9837818,1
img_00188_p01_2024,1.0,0.9111679,1
img_00188_p03_2024,1.0,0.9963671,1
img_00188_p04_2024,1.0,0.9940439,1
img_00219_p01_2024,1.0,0.9960006,1
img_00219_p02_2024,1.0,0.9979601,1
img_00242_2024,1.0,0.10770495,0
img_00240_2024,1.0,0.09716853,0
img_00244_2024,1.0,0.02693632,0
img_00205_p01_2024,1.0,0.46833602,0
img_00205_p02_2024,1.0,0.083865985,0
img_00205_p03_2024,1.0,0.99462974,1
img_00205_p04_2024,1.0,0.13234489,0
img_00243_2024,1.0,0.866176,1
img_00246_2024,1.0,0.42487028,0
img_00245_2024,1.0,0.81766176,1
img_00247_2024,1.0,0.5744556,0
img_00250_2024,1.0,0.21799158,0
img_00248_2024,1.0,0.06031376,0
img_00251_2024,1.0,0.2902087,0
img_00249_2024,1.0,0.99956554,1
img_00237_p01_2024,1.0,0.9830573,1
img_00237_p02_2024,1.0,0.17201613,0
img_00253_2024,1.0,0.59028906,0
img_00252_2024,1.0,0.1637207,0
img_00256_2024,1.0,0.0059828875,0
img_00260_2024,1.0,0.9356632,1
img_00258_2024,1.0,0.9099711,1
img_00261_2024,1.0,0.9872169,1
img_00254_2024,1.0,0.9922525,1
img_00241_p01_2024,1.0,0.99141675,1
img_00241_p02_2024,1.0,0.9995602,1
img_00259_2024,1.0,0.96834004,1
img_00257_2024,1.0,0.124274746,0
img_00264_2024,1.0,0.83710814,1
img_00263_2024,1.0,0.99970406,1
img_00255_2024,1.0,0.9676275,1
img_00265_2024,1.0,0.74349797,1
img_00268_2024,1.0,0.9200088,1
img_00270_2024,1.0,0.99290127,1
img_00230_p01_2024,1.0,0.9911958,1
img_00230_p02_2024,1.0,0.983114,1
img_00230_p03_2024,1.0,0.99139625,1
img_00230_p04_2024,1.0,0.9089798,1
img_00267_2024,1.0,0.7963594,1
img_00269_2024,1.0,0.51836747,0
img_00272_2024,1.0,0.99912745,1
img_00271_2024,1.0,0.91125786,1
img_00266_2024,1.0,0.99523985,1
img_00273_2024,1.0,0.92694616,1
img_00236_p01_2024,1.0,0.9952702,1
img_00236_p02_2024,1.0,0.9572259,1
img_00098_p01_2024,1.0,0.88306665,1
img_00098_p02_2024,1.0,0.9903526,1
img_00098_p03_2024,1.0,0.9146097,1
img_00098_p04_2024,1.0,0.6810488,0
img_00098_p05_2024,1.0,0.59184647,0
img_00098_p06_2024,1.0,0.98981434,1
img_00098_p07_2024,1.0,0.9994696,1
img_00098_p08_2024,1.0,0.64649206,0
img_00098_p09_2024,1.0,0.739208,1
img_00238_p01_2024,1.0,0.8740404,1
img_00238_p02_2024,1.0,0.92201746,1
img_00275_2024,1.0,0.007418532,0
img_00276_2024,1.0,0.7226583,1
img_00281_2024,1.0,0.8238845,1
img_00274_2024,1.0,0.6077272,0
img_00280_2024,1.0,0.33251134,0
img_00288_2024,1.0,0.27332392,0
img_00285_2024,1.0,0.56005937,0
img_00278_2024,1.0,0.95087695,1
img_00279_2024,1.0,0.88715637,1
img_00284_2024,1.0,0.6217668,0
img_00286_2024,1.0,0.704824,0
img_00291_2024,1.0,0.91232157,1
img_00287_2024,1.0,0.9438101,1
img_00289_2024,1.0,0.9855516,1
img_00283_2024,1.0,0.9862331,1
img_00262_p01_2024,1.0,0.99970007,1
img_00262_p02_2024,1.0,0.99938345,1
img_00282_2024,1.0,0.7315664,1
img_00292_2024,1.0,0.71943045,1
img_00296_2024,1.0,0.9579515,1
img_00297_2024,1.0,0.9806563,1
img_00298_2024,1.0,0.9881682,1
img_00290_2024,1.0,0.9982634,1
img_00277_p01_2024,1.0,0.30018255,0
img_00277_p02_2024,1.0,0.9954863,1
img_00305_2024,1.0,0.9860486,1
img_00309_2024,1.0,0.99663275,1
img_00307_2024,1.0,0.99015117,1
img_00301_2024,1.0,0.9430002,1
img_00306_2024,1.0,0.99877614,1
img_00294_2024,1.0,0.9976494,1
img_00300_2024,1.0,0.9888677,1
img_00304_2024,1.0,0.9991812,1
img_00312_2024,1.0,0.9966742,1
img_00303_2024,1.0,0.9954621,1
img_00302_2024,1.0,0.9710613,1
img_00313_2024,1.0,0.9486523,1
img_00295_p01_2024,1.0,0.9759938,1
img_00295_p02_2024,1.0,0.9257208,1
img_00299_2024,1.0,0.9739987,1
img_00310_2024,1.0,0.9918926,1
img_00319_2024,1.0,0.9918692,1
img_00316_2024,1.0,0.8580907,1
img_00311_2024,1.0,0.99860066,1
img_00321_2024,1.0,0.9967476,1
img_00315_2024,1.0,0.99929667,1
img_00317_2024,1.0,0.9990532,1
img_00325_2024,1.0,0.9832261,1
img_00318_2024,1.0,0.053828888,0
img_00322_2024,1.0,0.99842876,1
img_00324_2024,1.0,0.96049994,1
img_00333_2024,1.0,0.99877757,1
img_00336_2024,1.0,0.3304778,0
img_00337_2024,1.0,0.9277895,1
img_00339_2024,1.0,0.15112981,0
img_00326_2024,1.0,0.9743611,1
img_00308_2024,1.0,0.97903824,1
img_00338_2024,1.0,0.991778,1
img_00331_2024,1.0,0.9886953,1
img_00320_2024,1.0,0.99957854,1
img_00341_2024,1.0,0.99922717,1
img_00340_2024,1.0,0.8041144,1
img_00327_2024,1.0,0.8627289,1
img_00342_2024,1.0,0.95347875,1
img_00335_2024,1.0,0.43525723,0
img_00334_2024,1.0,0.56716114,0
img_00349_2024,1.0,0.23732045,0
img_00330_2024,1.0,0.26538357,0
img_00323_p01_2024,1.0,0.013815899,0
img_00323_p02_2024,1.0,0.24130039,0
img_00346_2024,1.0,0.99566597,1
img_00347_2024,1.0,0.9832471,1
img_00350_2024,1.0,0.98968834,1
img_00348_2024,1.0,0.0142604355,0
img_00352_2024,1.0,0.9959615,1
img_00343_2024,1.0,0.92842644,1
img_00328_2024,1.0,0.97296923,1
img_00345_p01_2024,1.0,0.9925209,1
img_00345_p02_2024,1.0,0.9619446,1
img_00359_2024,1.0,0.9077591,1
img_00355_2024,1.0,0.93262494,1
img_00354_2024,1.0,0.6088014,0
img_00363_2024,1.0,0.9941901,1
img_00332_p01_2024,1.0,0.9990783,1
img_00332_p02_2024,1.0,0.9948487,1
img_00344_2024,1.0,0.8499957,1
img_00360_2024,1.0,0.989012,1
img_00362_2024,1.0,0.9595352,1
img_00366_2024,1.0,0.9852527,1
img_00365_2024,1.0,0.91655296,1
img_00361_2024,1.0,0.99592894,1
img_00368_2024,1.0,0.9897432,1
img_00367_2024,1.0,0.98476785,1
img_00358_2024,1.0,0.9946707,1
img_00371_2024,1.0,0.68552995,0
img_00293_p01_2024,1.0,0.23160523,0
img_00293_p02_2024,1.0,0.65713024,0
img_00293_p03_2024,1.0,0.71318454,0
img_00293_p04_2024,1.0,0.797088,1
img_00353_p01_2024,1.0,0.9990785,1
img_00353_p02_2024,1.0,0.9977254,1
img_00372_2024,1.0,0.9722978,1
img_00370_2024,1.0,0.7626412,1
img_00377_2024,1.0,0.99179244,1
img_00374_2024,1.0,0.9863577,1
img_00376_2024,1.0,0.9969382,1
img_00375_2024,1.0,0.9987581,1
img_00369_2024,1.0,0.9711981,1
img_00364_2024,1.0,0.85196,1
img_00373_2024,1.0,0.026180426,0
img_00378_2024,1.0,0.99875474,1
img_00356_p01_2024,1.0,0.96974295,1
img_00356_p02_2024,1.0,0.61149925,0
img_00314_p01_2024,1.0,0.9946727,1
img_00314_p02_2024,1.0,0.7200925,1
img_00314_p03_2024,1.0,0.98612356,1
img_00314_p04_2024,1.0,0.98729324,1
img_00381_2024,1.0,0.99552757,1
img_00385_2024,1.0,0.973155,1
img_00384_2024,1.0,0.32838693,0
img_00382_2024,1.0,0.42291924,0
img_00383_2024,1.0,0.96423453,1
img_00392_2024,1.0,0.30693257,0
img_00391_2024,1.0,0.8097886,1
img_00386_2024,1.0,0.93218833,1
img_00379_2024,1.0,0.7258906,1
img_00390_2024,1.0,0.43101537,0
img_00393_2024,1.0,0.99661285,1
img_00396_2024,1.0,0.871626,1
img_00397_2024,1.0,0.9202463,1
img_00388_2024,1.0,0.9812397,1
img_00398_2024,1.0,0.9881153,1
img_00401_2024,1.0,0.030263184,0
img_00402_2024,1.0,0.44326007,0
img_00389_p01_2024,1.0,0.99885666,1
img_00389_p02_2024,1.0,0.8597891,1
img_00400_2024,1.0,0.96397847,1
img_00404_2024,1.0,0.96365213,1
img_00405_2024,1.0,0.97344625,1
img_00407_2024,1.0,0.40912735,0
img_00394_p01_2024,1.0,0.9610989,1
img_00394_p02_2024,1.0,0.99820805,1
img_00403_2024,1.0,0.95698804,1
img_00408_2024,1.0,0.741779,1
img_00406_2024,1.0,0.93899685,1
img_00412_2024,1.0,0.90150815,1
img_00411_2024,1.0,0.65936536,0
img_00413_2024,1.0,0.93543875,1
img_00395_p01_2024,1.0,0.011648349,0
img_00395_p02_2024,1.0,0.7322045,1
img_00415_2024,1.0,0.8986515,1
img_00418_2024,1.0,0.9130586,1
img_00416_2024,1.0,0.5382451,0
img_00329_p01_2024,1.0,0.9748257,1
img_00329_p02_2024,1.0,0.9752422,1
img_00329_p03_2024,1.0,0.9986659,1
img_00329_p04_2024,1.0,0.89631706,1
img_00329_p05_2024,1.0,0.5978895,0
img_00329_p06_2024,1.0,0.60013217,0
img_00417_2024,1.0,0.75479025,1
img_00419_2024,1.0,0.93172884,1
img_00414_2024,1.0,0.8238712,1
img_00423_2024,1.0,0.926772,1
img_00420_2024,1.0,0.3555072,0
img_00421_2024,1.0,0.7271033,1
img_00387_p01_2024,1.0,0.95384055,1
img_00387_p02_2024,1.0,0.97563136,1
img_00387_p03_2024,1.0,0.98200583,1
img_00387_p04_2024,1.0,0.9975434,1
img_00424_2024,1.0,0.41514027,0
img_00409_p01_2024,1.0,0.9124739,1
img_00409_p02_2024,1.0,0.7586535,1
img_00422_2024,1.0,0.997764,1
img_00426_2024,1.0,0.8898174,1
img_00428_2024,1.0,0.9900838,1
img_00425_2024,1.0,0.97789055,1
img_00351_p01_2024,1.0,0.9927892,1
img_00351_p02_2024,1.0,0.9813477,1
img_00351_p03_2024,1.0,0.99925476,1
img_00351_p04_2024,1.0,0.9989672,1
img_00351_p05_2024,1.0,0.9996172,1
img_00351_p06_2024,1.0,0.9978321,1
img_00380_p01_2024,1.0,0.9987154,1
img_00380_p02_2024,1.0,0.9151019,1
img_00380_p03_2024,1.0,0.9948974,1
img_00380_p04_2024,1.0,0.99274915,1
img_00429_2024,1.0,0.99097204,1
img_00430_2024,1.0,0.9768163,1
img_00431_2024,1.0,0.7208416,1
img_00433_2024,1.0,0.93499535,1
img_00432_2024,1.0,0.99892884,1
img_00434_2024,1.0,0.75371164,1
img_00435_2024,1.0,0.9858333,1
img_00437_2024,1.0,0.7952844,1
img_00440_2024,1.0,0.77890795,1
img_00446_2024,1.0,0.9757002,1
img_00441_2024,1.0,0.99300295,1
img_00438_2024,1.0,0.9888216,1
img_00436_2024,1.0,0.99503905,1
img_00442_2024,1.0,0.95186454,1
img_00445_2024,1.0,0.95247424,1
img_00447_2024,1.0,0.75936496,1
img_00399_p01_2024,1.0,0.8957717,1
img_00399_p02_2024,1.0,0.9955693,1
img_00399_p03_2024,1.0,0.98250926,1
img_00399_p04_2024,1.0,0.9496395,1
img_00444_2024,1.0,0.8883877,1
img_00448_2024,1.0,0.9944819,1
img_00450_2024,1.0,0.9996966,1
img_00357_p01_2024,1.0,0.9910618,1
img_00357_p02_2024,1.0,0.9968568,1
img_00357_p03_2024,1.0,0.994385,1
img_00357_p04_2024,1.0,0.8972458,1
img_00357_p05_2024,1.0,0.7700217,1
img_00454_2024,1.0,0.8063613,1
img_00457_2024,1.0,0.61731064,0
img_00453_2024,1.0,0.6918498,0
img_00451_2024,1.0,0.8027985,1
img_00456_2024,1.0,0.745594,1
img_00452_2024,1.0,0.20088097,0
img_00455_2024,1.0,0.82058585,1
img_00449_2024,1.0,0.9915952,1
img_00459_2024,1.0,0.037113883,0
img_00460_2024,1.0,0.21635492,0
img_00463_2024,1.0,0.6903544,0
img_00462_2024,1.0,0.44749153,0
img_00461_2024,1.0,0.952967,1
img_00466_2024,1.0,0.89324486,1
img_00465_2024,1.0,0.84555215,1
img_00464_2024,1.0,0.98793566,1
img_00468_2024,1.0,0.99028254,1
img_00469_2024,1.0,0.97659725,1
img_00467_2024,1.0,0.99323577,1
img_00473_2024,1.0,0.64144367,0
img_00474_2024,1.0,0.19427091,0
img_00477_2024,1.0,0.99016285,1
img_00479_2024,1.0,0.7655652,1
img_00481_2024,1.0,0.70248145,0
img_00478_2024,1.0,0.9778612,1
img_00475_2024,1.0,0.99841285,1
img_00480_2024,1.0,0.9322344,1
img_00482_2024,1.0,0.83968353,1
img_00484_2024,1.0,0.9846528,1
img_00470_p01_2024,1.0,0.9490507,1
img_00470_p02_2024,1.0,0.9952113,1
img_00487_2024,1.0,0.99876153,1
img_00486_2024,1.0,0.93113655,1
img_00483_2024,1.0,0.8440185,1
img_00489_2024,1.0,0.9513908,1
img_00488_2024,1.0,0.9951421,1
img_00490_2024,1.0,0.8298995,1
img_00491_2024,1.0,0.7803513,1
img_00476_p01_2024,1.0,0.40286523,0
img_00476_p02_2024,1.0,0.24930243,0
img_00493_2024,1.0,0.83029217,1
img_00492_2024,1.0,0.41678858,0
img_00494_2024,1.0,0.88594943,1
img_00495_2024,1.0,0.86261106,1
img_00498_2024,1.0,0.8404426,1
img_00501_2024,1.0,0.92399454,1
img_00502_2024,1.0,0.9266332,1
img_00443_p01_2024,1.0,0.9936684,1
img_00443_p02_2024,1.0,0.85237795,1
img_00443_p03_2024,1.0,0.9007348,1
img_00443_p04_2024,1.0,0.9987286,1
img_00500_2024,1.0,0.95656747,1
img_00472_p01_2024,1.0,0.99592173,1
img_00472_p02_2024,1.0,0.99779284,1
img_00504_2024,1.0,0.9419527,1
img_00505_2024,1.0,0.85963744,1
img_00499_2024,1.0,0.07316315,0
img_00506_2024,1.0,0.995837,1
img_00509_2024,1.0,0.9921818,1
img_00510_2024,1.0,0.6505393,0
img_00514_2024,1.0,0.5919325,0
img_00503_p01_2024,1.0,0.24035609,0
img_00503_p02_2024,1.0,0.97341037,1
img_00458_p01_2024,1.0,0.64633864,0
img_00458_p02_2024,1.0,0.9382588,1
img_00458_p03_2024,1.0,0.967388,1
img_00458_p04_2024,1.0,0.98845494,1
img_00515_2024,1.0,0.68389446,0
img_00507_2024,1.0,0.7301002,1
img_00517_2024,1.0,0.47135162,0
img_00518_2024,1.0,0.34618005,0
img_00519_2024,1.0,0.97587514,1
img_00513_2024,1.0,0.95486075,1
img_00427_p01_2024,1.0,0.9951984,1
img_00427_p02_2024,1.0,0.9803155,1
img_00427_p03_2024,1.0,0.92195046,1
img_00427_p04_2024,1.0,0.9874143,1
img_00427_p05_2024,1.0,0.98546207,1
img_00427_p06_2024,1.0,0.98246175,1
img_00522_2024,1.0,0.79894006,1
img_00511_2024,1.0,0.92805755,1
img_00523_2024,1.0,0.29340145,0
img_00410_p01_2024,1.0,0.98987436,1
img_00410_p02_2024,1.0,0.5788573,0
img_00410_p03_2024,1.0,0.16146444,0
img_00410_p04_2024,1.0,0.9787266,1
img_00410_p05_2024,1.0,0.58427167,0
img_00410_p06_2024,1.0,0.98162204,1
img_00410_p07_2024,1.0,0.94191694,1
img_00410_p08_2024,1.0,0.9933495,1
img_00410_p09_2024,1.0,0.6827672,0
img_00524_2024,1.0,0.66004014,0
img_00526_2024,1.0,0.88326037,1
img_00525_2024,1.0,0.19121435,0
img_00527_2024,1.0,0.51350206,0
img_00529_2024,1.0,0.6940083,0
img_00439_p01_2024,1.0,0.8495558,1
img_00439_p02_2024,1.0,0.973313,1
img_00439_p03_2024,1.0,0.98759216,1
img_00439_p04_2024,1.0,0.9847403,1
img_00439_p05_2024,1.0,0.99788886,1
img_00439_p06_2024,1.0,0.99435115,1
img_00439_p07_2024,1.0,0.9972958,1
img_00439_p08_2024,1.0,0.9987161,1
img_00530_2024,1.0,0.9641646,1
img_00533_2024,1.0,0.99770004,1
img_00531_2024,1.0,0.74038756,1
img_00535_2024,1.0,0.80522215,1
img_00520_p01_2024,1.0,0.5627469,0
img_00520_p02_2024,1.0,0.8004013,1
img_00496_p01_2024,1.0,0.9938804,1
img_00496_p02_2024,1.0,0.997165,1
img_00496_p03_2024,1.0,0.97453755,1
img_00496_p04_2024,1.0,0.9517717,1
img_00534_2024,1.0,0.5688076,0
img_00532_2024,1.0,0.9832307,1
img_00537_2024,1.0,0.8318318,1
img_00541_2024,1.0,0.47986805,0
img_00543_2024,1.0,0.99736637,1
img_00538_2024,1.0,0.9892784,1
img_00544_2024,1.0,0.9392215,1
img_00542_2024,1.0,0.16977979,0
img_00540_2024,1.0,0.68101454,0
img_00546_2024,1.0,0.99862015,1
img_00547_2024,1.0,0.43698484,0
img_00548_2024,1.0,0.55878067,0
img_00536_p01_2024,1.0,0.7345197,1
img_00536_p02_2024,1.0,0.9527496,1
img_00549_2024,1.0,0.9853255,1
img_00552_2024,1.0,0.71159226,0
img_00554_2024,1.0,0.5009386,0
img_00550_2024,1.0,0.41810033,0
img_00553_2024,1.0,0.9413653,1
img_00508_p01_2024,1.0,0.9977913,1
img_00508_p02_2024,1.0,0.99957377,1
img_00508_p03_2024,1.0,0.9953876,1
img_00508_p04_2024,1.0,0.9993304,1
img_00508_p05_2024,1.0,0.9965287,1
img_00516_p01_2024,1.0,0.9987544,1
img_00516_p02_2024,1.0,0.99669826,1
img_00516_p03_2024,1.0,0.9982685,1
img_00516_p04_2024,1.0,0.99148726,1
img_00556_2024,1.0,0.08422499,0
img_00512_p01_2024,1.0,0.9510761,1
img_00512_p02_2024,1.0,0.55973583,0
img_00512_p03_2024,1.0,0.94329345,1
img_00512_p04_2024,1.0,0.4115957,0
img_00512_p05_2024,1.0,0.97414577,1
img_00512_p06_2024,1.0,0.9911452,1
img_00555_2024,1.0,0.15892039,0
img_00559_2024,1.0,0.10916393,0
img_00485_p01_2024,1.0,0.55050397,0
img_00485_p02_2024,1.0,0.8538644,1
img_00485_p03_2024,1.0,0.724295,1
img_00485_p04_2024,1.0,0.99494725,1
img_00485_p05_2024,1.0,0.9865088,1
img_00485_p06_2024,1.0,0.9943697,1
img_00485_p07_2024,1.0,0.98356897,1
img_00563_2024,1.0,0.9781129,1
img_00558_2024,1.0,0.85430104,1
img_00562_2024,1.0,0.9983833,1
img_00564_2024,1.0,0.9780604,1
img_00561_2024,1.0,0.86157393,1
img_00521_p01_2024,1.0,0.9043636,1
img_00521_p02_2024,1.0,0.9545325,1
img_00521_p03_2024,1.0,0.89394724,1
img_00521_p04_2024,1.0,0.89019835,1
img_00560_2024,1.0,0.6185574,0
img_00566_2024,1.0,0.5494393,0
img_00567_2024,1.0,0.14412297,0
img_00565_2024,1.0,0.12170115,0
img_00571_2024,1.0,0.6485916,0
img_00570_2024,1.0,0.6528423,0
img_00572_2024,1.0,0.4333099,0
img_00574_2024,1.0,0.54485726,0
img_00573_2024,1.0,0.08238378,0
img_00569_2024,1.0,0.0035031238,0
img_00545_p01_2024,1.0,0.82086986,1
img_00545_p02_2024,1.0,0.9942853,1
img_00575_2024,1.0,0.4472039,0
img_00578_2024,1.0,0.96707773,1
img_00539_p01_2024,1.0,0.93488216,1
img_00539_p02_2024,1.0,0.9568739,1
img_00539_p03_2024,1.0,0.7587649,1
img_00539_p04_2024,1.0,0.6794069,0
img_00577_2024,1.0,0.9295556,1
img_00576_2024,1.0,0.6558895,0
img_00568_2024,1.0,0.9887108,1
img_00583_2024,1.0,0.6051537,0
img_00581_2024,1.0,0.3740814,0
img_00580_2024,1.0,0.95427907,1
img_00585_2024,1.0,0.72355354,1
img_00579_2024,1.0,0.99689937,1
img_00584_2024,1.0,0.03360451,0
img_00586_2024,1.0,0.11300812,0
img_00587_2024,1.0,0.8415565,1
img_00582_2024,1.0,0.18291102,0
img_00588_2024,1.0,0.43384793,0
img_00590_2024,1.0,0.99055463,1
img_00589_2024,1.0,0.7098319,0
img_00551_p01_2024,1.0,0.9031156,1
img_00551_p02_2024,1.0,0.88194317,1
img_00551_p03_2024,1.0,0.99410677,1
img_00551_p04_2024,1.0,0.99932575,1
img_00591_2024,1.0,0.72721845,1
img_00592_2024,1.0,0.40510702,0
img_00595_2024,1.0,0.9854952,1
img_00597_2024,1.0,0.22024727,0
img_00596_2024,1.0,0.16905975,0
img_00599_2024,1.0,0.9550087,1
img_00603_2024,1.0,0.8811627,1
img_00604_2024,1.0,0.98451567,1
img_00606_2024,1.0,0.6221598,0
img_00594_2024,1.0,0.9949581,1
img_00601_2024,1.0,0.9993284,1
img_00607_2024,1.0,0.9963653,1
img_00608_2024,1.0,0.99601173,1
img_00598_p01_2024,1.0,0.9037493,1
img_00598_p02_2024,1.0,0.97144,1
img_00613_2024,1.0,0.99489945,1
img_00615_2024,1.0,0.96311253,1
img_00557_p01_2024,1.0,0.99560094,1
img_00557_p02_2024,1.0,0.99098045,1
img_00557_p03_2024,1.0,0.9850017,1
img_00557_p04_2024,1.0,0.9969644,1
img_00605_2024,1.0,0.9446005,1
img_00614_2024,1.0,0.3801707,0
img_00616_2024,1.0,0.9914989,1
img_00617_2024,1.0,0.58398294,0
img_00612_2024,1.0,0.9377998,1
img_00618_2024,1.0,0.944872,1
img_00619_2024,1.0,0.96033996,1
img_00621_2024,1.0,0.9842622,1
img_00622_2024,1.0,0.9899158,1
img_00623_2024,1.0,0.4731054,0
img_00625_2024,1.0,0.8652715,1
img_00611_2024,1.0,0.99824667,1
img_00471_p01_2024,1.0,0.9905323,1
img_00471_p02_2024,1.0,0.98779094,1
img_00471_p03_2024,1.0,0.9903072,1
img_00471_p04_2024,1.0,0.99831593,1
img_00471_p05_2024,1.0,0.99918014,1
img_00471_p06_2024,1.0,0.99808335,1
img_00471_p07_2024,1.0,0.99631727,1
img_00471_p08_2024,1.0,0.9965612,1
img_00471_p09_2024,1.0,0.99934965,1
img_00471_p10_2024,1.0,0.9907884,1
img_00471_p11_2024,1.0,0.9955688,1
img_00620_2024,1.0,0.98101074,1
img_00629_2024,1.0,0.22964504,0
img_00627_2024,1.0,0.9899492,1
img_00624_2024,1.0,0.9958182,1
img_00631_2024,1.0,0.18880942,0
img_00626_2024,1.0,0.094355024,0
img_00161_p01_2024,1.0,0.9995474,1
img_00161_p02_2024,1.0,0.99698716,1
img_00161_p03_2024,1.0,0.98245215,1
img_00161_p04_2024,1.0,0.9417831,1
img_00161_p05_2024,1.0,0.9853754,1
img_00161_p06_2024,1.0,0.99430543,1
img_00161_p07_2024,1.0,0.995024,1
img_00161_p08_2024,1.0,0.98886,1
img_00161_p09_2024,1.0,0.9903751,1
img_00161_p10_2024,1.0,0.7722981,1
img_00161_p11_2024,1.0,0.9986437,1
img_00161_p12_2024,1.0,0.9868795,1
img_00161_p13_2024,1.0,0.9102092,1
img_00161_p15_2024,1.0,0.9724334,1
img_00161_p16_2024,1.0,0.9954601,1
img_00161_p17_2024,1.0,0.46313128,0
img_00161_p18_2024,1.0,0.99526525,1
img_00161_p19_2024,1.0,0.9993924,1
img_00630_2024,1.0,0.93005866,1
img_00632_2024,1.0,0.9073006,1
img_00636_2024,1.0,0.084654324,0
img_00635_2024,1.0,0.9935923,1
img_00634_2024,1.0,0.7062592,0
img_00638_2024,1.0,0.99555016,1
img_00639_2024,1.0,0.023491753,0
img_00640_2024,1.0,0.9965481,1
img_00641_2024,1.0,0.9963387,1
img_00633_2024,1.0,0.951135,1
img_00645_2024,1.0,0.87551457,1
img_00643_2024,1.0,0.02506074,0
img_00528_p01_2024,1.0,0.9981729,1
img_00528_p02_2024,1.0,0.94865304,1
img_00528_p03_2024,1.0,0.99452966,1
img_00528_p04_2024,1.0,0.91432196,1
img_00528_p05_2024,1.0,0.99304503,1
img_00528_p06_2024,1.0,0.96247303,1
img_00528_p07_2024,1.0,0.12359309,0
img_00528_p08_2024,1.0,0.9178017,1
img_00528_p09_2024,1.0,0.9035758,1
img_00647_2024,1.0,0.84459764,1
img_00649_2024,1.0,0.60771596,0
img_00650_2024,1.0,0.10522194,0
img_00642_2024,1.0,0.0062009366,0
img_00652_2024,1.0,0.88091886,1
img_00637_p01_2024,1.0,0.99435186,1
img_00637_p02_2024,1.0,0.95414346,1
img_00644_2024,1.0,0.94349337,1
img_00653_2024,1.0,0.9854021,1
img_00655_2024,1.0,0.98987025,1
img_00646_p01_2024,1.0,0.9995492,1
img_00646_p02_2024,1.0,0.99975485,1
img_00602_p01_2024,1.0,0.9943587,1
img_00602_p02_2024,1.0,0.9977602,1
img_00602_p03_2024,1.0,0.9935916,1
img_00602_p04_2024,1.0,0.9980142,1
img_00602_p05_2024,1.0,0.99815696,1
img_00602_p06_2024,1.0,0.9990484,1
img_00656_2024,1.0,0.98299336,1
img_00648_p01_2024,1.0,0.99453425,1
img_00648_p02_2024,1.0,0.92639697,1
img_00662_2024,1.0,0.99832386,1
img_00659_2024,1.0,0.89956075,1
img_00658_2024,1.0,0.95741796,1
img_00660_2024,1.0,0.57438576,0
img_00661_2024,1.0,0.6410109,0
img_00663_2024,1.0,0.8324894,1
img_00664_2024,1.0,0.7704004,1
img_00665_2024,1.0,0.47599432,0
img_00669_2024,1.0,0.5841017,0
img_00668_2024,1.0,0.5905939,0
img_00667_2024,1.0,0.6673103,0
img_00672_2024,1.0,0.9739742,1
img_00670_2024,1.0,0.68094033,0
img_00671_2024,1.0,0.8998809,1
img_00673_2024,1.0,0.9882583,1
img_00674_2024,1.0,0.65162003,0
img_00675_2024,1.0,0.9655727,1
img_00666_2024,1.0,0.80537397,1
img_00676_2024,1.0,0.94029987,1
img_00600_p01_2024,1.0,0.9231761,1
img_00600_p02_2024,1.0,0.12870719,0
img_00600_p03_2024,1.0,0.096533336,0
img_00600_p04_2024,1.0,0.96404815,1
img_00600_p05_2024,1.0,0.92850393,1
img_00600_p06_2024,1.0,0.10273645,0
img_00677_2024,1.0,0.6796767,0
img_00609_p01_2024,1.0,0.99771094,1
img_00609_p02_2024,1.0,0.9997143,1
img_00609_p03_2024,1.0,0.98946404,1
img_00609_p04_2024,1.0,0.9989318,1
img_00609_p05_2024,1.0,0.99993753,1
img_00609_p06_2024,1.0,0.98817796,1
img_00681_2024,1.0,0.98264056,1
img_00679_2024,1.0,0.6305471,0
img_00682_2024,1.0,0.99756694,1
img_00497_p01_2024,1.0,0.9762649,1
img_00497_p02_2024,1.0,0.9978417,1
img_00497_p03_2024,1.0,0.994239,1
img_00497_p04_2024,1.0,0.84707046,1
img_00497_p05_2024,1.0,0.95613146,1
img_00497_p06_2024,1.0,0.9992336,1
img_00497_p07_2024,1.0,0.99815124,1
img_00497_p08_2024,1.0,0.9943099,1
img_00497_p09_2024,1.0,0.9754583,1
img_00497_p10_2024,1.0,0.47076914,0
img_00497_p11_2024,1.0,0.9858688,1
img_00497_p12_2024,1.0,0.7852405,1
img_00497_p13_2024,1.0,0.9826256,1
img_00497_p14_2024,1.0,0.91408986,1
img_00497_p15_2024,1.0,0.8267933,1
img_00687_2024,1.0,0.60113657,0
img_00684_2024,1.0,0.58869165,0
img_00680_2024,1.0,0.30578676,0
img_00683_2024,1.0,0.5774613,0
img_00686_2024,1.0,0.9582081,1
img_00688_2024,1.0,0.53900945,0
img_00690_2024,1.0,0.9740525,1
img_00691_2024,1.0,0.21072736,0
img_00685_2024,1.0,0.26105195,0
img_00697_2024,1.0,0.25503904,0
img_00695_2024,1.0,0.7393043,1
img_00693_2024,1.0,0.5712268,0
img_00692_2024,1.0,0.82276946,1
img_00027_p01_2024,1.0,0.8950851,1
img_00027_p02_2024,1.0,0.24013777,0
img_00027_p03_2024,1.0,0.9722421,1
img_00027_p04_2024,1.0,0.9931085,1
img_00027_p05_2024,1.0,0.99815255,1
img_00027_p06_2024,1.0,0.99172115,1
img_00027_p07_2024,1.0,0.99842143,1
img_00027_p08_2024,1.0,0.9920054,1
img_00027_p09_2024,1.0,0.83072954,1
img_00027_p10_2024,1.0,0.862629,1
img_00027_p11_2024,1.0,0.99956256,1
img_00027_p12_2024,1.0,0.997922,1
img_00027_p13_2024,1.0,0.995771,1
img_00027_p14_2024,1.0,0.98758566,1
img_00027_p15_2024,1.0,0.91796297,1
img_00027_p16_2024,1.0,0.9977303,1
img_00027_p17_2024,1.0,0.0063282265,0
img_00027_p18_2024,1.0,0.9971937,1
img_00027_p19_2024,1.0,0.99975616,1
img_00027_p20_2024,1.0,0.9997992,1
img_00027_p21_2024,1.0,0.9984321,1
img_00027_p22_2024,1.0,0.99481934,1
img_00027_p23_2024,1.0,0.9628416,1
img_00027_p24_2024,1.0,0.9972626,1
img_00027_p25_2024,1.0,0.9623677,1
img_00698_2024,1.0,0.8883241,1
img_00699_2024,1.0,0.89618415,1
img_00694_2024,1.0,0.42302394,0
img_00700_2024,1.0,0.9271028,1
img_00678_p01_2024,1.0,0.922509,1
img_00678_p02_2024,1.0,0.8463006,1
img_00703_2024,1.0,0.96385795,1
img_00701_2024,1.0,0.9075063,1
img_00704_2024,1.0,0.97550213,1
img_00707_2024,1.0,0.9100976,1
img_00710_2024,1.0,0.9362927,1
img_00702_2024,1.0,0.038650583,0
img_00708_2024,1.0,0.9230662,1
img_00709_2024,1.0,0.9849585,1
img_00715_2024,1.0,0.9922254,1
img_00711_2024,1.0,0.1035935,0
img_00716_2024,1.0,0.9784188,1
img_00717_2024,1.0,0.38843715,0
img_00719_2024,1.0,0.9244508,1
img_00722_2024,1.0,0.22347696,0
img_00610_p01_2024,1.0,0.9924952,1
img_00610_p02_2024,1.0,0.99964905,1
img_00610_p03_2024,1.0,0.9987087,1
img_00610_p04_2024,1.0,0.9986217,1
img_00610_p05_2024,1.0,0.99936885,1
img_00610_p06_2024,1.0,0.99367565,1
img_00610_p07_2024,1.0,0.9964342,1
img_00610_p08_2024,1.0,0.9955401,1
img_00720_2024,1.0,0.4841283,0
img_00657_p01_2024,1.0,0.99881554,1
img_00657_p02_2024,1.0,0.83015186,1
img_00657_p03_2024,1.0,0.9951466,1
img_00657_p04_2024,1.0,0.9700248,1
img_00723_2024,1.0,0.9981133,1
img_00724_2024,1.0,0.74405885,1
img_00706_p01_2024,1.0,0.8872624,1
img_00706_p02_2024,1.0,0.9727323,1
img_00654_p01_2024,1.0,0.9622602,1
img_00654_p02_2024,1.0,0.99099267,1
img_00654_p03_2024,1.0,0.8325911,1
img_00654_p04_2024,1.0,0.90400934,1
img_00654_p05_2024,1.0,0.9960937,1
img_00654_p06_2024,1.0,0.9991535,1
img_00725_2024,1.0,0.49059913,0
img_00726_2024,1.0,0.1367636,0
img_00730_2024,1.0,0.9982755,1
img_00696_2024,1.0,0.6159432,0
img_00731_2024,1.0,0.9928099,1
img_00728_2024,1.0,0.986155,1
img_00729_2024,1.0,0.8585247,1
img_00735_2024,1.0,0.90271544,1
img_00727_2024,1.0,0.9430194,1
img_00705_2024,1.0,0.9154888,1
img_00738_2024,1.0,0.77870536,1
img_00732_2024,1.0,0.7634647,1
img_00736_2024,1.0,0.69497406,0
img_00733_2024,1.0,0.8742591,1
img_00737_2024,1.0,0.4516096,0
img_00739_2024,1.0,0.25035936,0
img_00713_2024,1.0,0.98106766,1
img_00721_2024,1.0,0.97727853,1
img_00740_2024,1.0,0.97084045,1
img_00744_2024,1.0,0.8787462,1
img_00734_2024,1.0,0.98384285,1
img_00745_2024,1.0,0.44677272,0
img_00743_2024,1.0,0.9952205,1
img_00748_2024,1.0,0.15297452,0
img_00742_2024,1.0,0.9612736,1
img_00718_2024,1.0,0.83735883,1
img_00749_2024,1.0,0.93212223,1
img_00746_2024,1.0,0.24499469,0
img_00751_2024,1.0,0.89258325,1
img_00752_2024,1.0,0.97888434,1
img_00754_2024,1.0,0.92657226,1
img_00753_2024,1.0,0.6332469,0
img_00756_2024,1.0,0.9976478,1
img_00762_2024,1.0,0.27385324,0
img_00758_2024,1.0,0.9454894,1
img_00759_2024,1.0,0.7124557,0
img_00741_p01_2024,1.0,0.7521088,1
img_00741_p02_2024,1.0,0.2508319,0
img_00755_2024,1.0,0.33151487,0
img_00760_2024,1.0,0.9659503,1
img_00712_p01_2024,1.0,0.6346096,0
img_00712_p02_2024,1.0,0.80907446,1
img_00761_2024,1.0,0.87503445,1
img_00764_2024,1.0,0.5869121,0
img_00757_2024,1.0,0.42756787,0
img_00766_2024,1.0,0.57847875,0
img_00763_2024,1.0,0.93298155,1
img_00768_2024,1.0,0.9753838,1
img_00767_2024,1.0,0.71063375,0
img_00765_2024,1.0,0.1751099,0
img_00689_p01_2024,1.0,0.8924353,1
img_00689_p02_2024,1.0,0.61759806,0
img_00689_p03_2024,1.0,0.54998714,0
img_00689_p04_2024,1.0,0.9918903,1
img_00689_p05_2024,1.0,0.99281377,1
img_00689_p06_2024,1.0,0.8479437,1
img_00750_p01_2024,1.0,0.9594797,1
img_00750_p02_2024,1.0,0.9922042,1
img_00628_p01_2024,1.0,0.9980236,1
img_00628_p02_2024,1.0,0.9988304,1
img_00628_p03_2024,1.0,0.6700374,0
img_00628_p04_2024,1.0,0.994132,1
img_00628_p05_2024,1.0,0.9949949,1
img_00628_p06_2024,1.0,0.14776722,0
img_00628_p07_2024,1.0,0.97379464,1
img_00628_p08_2024,1.0,0.96874815,1
img_00628_p09_2024,1.0,0.96245027,1
img_00769_2024,1.0,0.24570349,0
img_00771_2024,1.0,0.9487639,1
img_00770_2024,1.0,0.9961832,1
img_00776_2024,1.0,0.23591226,0
img_00774_2024,1.0,0.98809683,1
img_00775_2024,1.0,0.9804827,1
img_00777_2024,1.0,0.003624116,0
img_00778_2024,1.0,0.017610107,0
img_00773_2024,1.0,0.99308264,1
img_00781_2024,1.0,0.55081433,0
img_00782_2024,1.0,0.9941624,1
img_00779_2024,1.0,0.94200605,1
img_00785_2024,1.0,0.1549229,0
img_00787_2024,1.0,0.8863471,1
img_00780_2024,1.0,0.9199042,1
img_00714_p01_2024,1.0,0.9899094,1
img_00714_p02_2024,1.0,0.9634684,1
img_00714_p03_2024,1.0,0.91262805,1
img_00714_p04_2024,1.0,0.7256535,1
img_00786_2024,1.0,0.8873183,1
img_00783_2024,1.0,0.30056375,0
img_00772_2024,1.0,0.6701503,0
img_00784_2024,1.0,0.99036133,1
img_00788_2024,1.0,0.95992744,1
img_00789_2024,1.0,0.9860027,1
img_00792_2024,1.0,0.97701925,1
img_00796_2024,1.0,0.29300627,0
img_00790_2024,1.0,0.3034663,0
img_00793_2024,1.0,0.059484467,0
img_00803_2024,1.0,0.8762722,1
img_00800_2024,1.0,0.97947276,1
img_00802_2024,1.0,0.005697927,0
img_00799_2024,1.0,0.95429176,1
img_00795_2024,1.0,0.89889944,1
img_00794_2024,1.0,0.9273203,1
img_00798_2024,1.0,0.8363016,1
img_00791_2024,1.0,0.45422435,0
img_00805_2024,1.0,0.09941282,0
img_00809_2024,1.0,0.99838173,1
img_00806_2024,1.0,0.99688196,1
img_00810_2024,1.0,0.19731374,0
img_00812_2024,1.0,0.97767,1
img_00808_2024,1.0,0.9120118,1
img_00801_2024,1.0,0.92908764,1
img_00804_2024,1.0,0.8764683,1
img_00816_2024,1.0,0.7931775,1
img_00807_2024,1.0,0.3912673,0
img_00813_2024,1.0,0.9869077,1
img_00811_2024,1.0,0.28146848,0
img_00819_2024,1.0,0.6982866,0
img_00814_2024,1.0,0.24524772,0
img_00818_2024,1.0,0.9903701,1
img_00815_2024,1.0,0.8993098,1
img_00821_2024,1.0,0.6944996,0
img_00822_2024,1.0,0.9059527,1
img_00820_2024,1.0,0.52637476,0
img_00826_2024,1.0,0.7354376,1
img_00823_2024,1.0,0.25365925,0
img_00829_2024,0.0,0.0013887772,0
img_00830_2024,0.0,0.003219161,0
img_00824_2024,1.0,0.9141221,1
img_00827_2024,1.0,0.5439753,0
img_00797_p01_2024,1.0,0.98537457,1
img_00797_p02_2024,1.0,0.45816535,0
img_00828_2024,0.0,0.0034952527,0
img_00833_2024,0.0,0.0047255694,0
img_00835_2024,0.0,0.118549444,0
img_00834_2024,0.0,0.028784767,0
img_00825_2024,1.0,0.32057524,0
img_00832_2024,0.0,0.04870547,0
img_00836_2024,0.0,0.032413285,0
img_00837_2024,0.0,0.0015735308,0
img_00839_2024,0.0,0.0015051006,0
img_00838_2024,0.0,0.0021182883,0
img_00844_2024,0.0,0.0019389902,0
img_00842_2024,0.0,0.33900788,0
img_00841_2024,0.0,0.020952623,0
img_00843_2024,0.0,0.0069955196,0
img_00846_2024,0.0,0.0119599495,0
img_00847_2024,0.0,0.0023681566,0
img_00831_2024,0.0,0.0017648729,0
img_00848_2024,0.0,0.004600324,0
img_00850_2024,0.0,0.017557297,0
img_00849_2024,0.0,0.00716481,0
img_00851_2024,0.0,0.010959702,0
img_00840_2024,0.0,0.029907737,0
img_00845_2024,0.0,0.005124935,0
img_00852_2024,0.0,0.0034966483,0
img_00854_2024,0.0,0.0025563766,0
img_00856_2024,0.0,0.008902948,0
img_00858_2024,0.0,0.0024947666,0
img_00853_2024,0.0,0.00049724476,0
img_00857_2024,0.0,0.019107612,0
img_00855_2024,0.0,0.0048085432,0
img_00747_p01_2024,1.0,0.9919475,1
img_00747_p02_2024,1.0,0.3151518,0
img_00747_p03_2024,1.0,0.925824,1
img_00747_p04_2024,1.0,0.5521667,0
img_00747_p05_2024,1.0,0.76774126,1
img_00747_p06_2024,1.0,0.99935275,1
img_00860_2024,0.0,0.006188883,0
img_00859_2024,0.0,0.0014131038,0
img_00865_2024,0.0,0.054038554,0
img_00863_2024,0.0,0.0006931045,0
img_00862_2024,0.0,0.0045630764,0
img_00864_2024,0.0,0.0068768766,0
img_00866_2024,0.0,0.0021432023,0
img_00861_2024,0.0,0.00062761264,0
img_00868_2024,0.0,0.0047480874,0
img_00870_2024,0.0,0.008718231,0
img_00877_2024,0.0,0.0038245255,0
img_00874_2024,0.0,0.0006743576,0
img_00871_2024,0.0,0.0017461841,0
img_00875_2024,0.0,0.021884728,0
img_00869_2024,0.0,0.007946704,0
img_00872_2024,0.0,0.0011089351,0
img_00867_2024,0.0,0.35245252,0
img_00878_2024,0.0,0.006308892,0
img_00876_2024,0.0,0.0044704108,0
img_00879_2024,0.0,0.0055238684,0
img_00883_2024,0.0,0.12625128,0
img_00873_2024,0.0,0.005079432,0
img_00881_2024,0.0,0.011380224,0
img_00882_2024,0.0,0.0006646306,0
img_00884_2024,0.0,0.017770633,0
img_00890_2024,0.0,0.012835791,0
img_00892_2024,0.0,0.024370916,0
img_00886_2024,0.0,0.01248315,0
img_00887_2024,0.0,0.0919192,0
img_00888_2024,0.0,0.00073970616,0
img_00889_2024,0.0,0.0023252014,0
img_00891_2024,0.0,0.026284885,0
img_00894_2024,0.0,0.0073525715,0
img_00895_2024,0.0,0.009252243,0
img_00893_2024,0.0,0.025358727,0
img_00896_2024,0.0,0.0032489963,0
img_00900_2024,0.0,0.029083418,0
img_00898_2024,0.0,0.008754416,0
img_00885_2024,0.0,0.011573789,0
img_00817_p01_2024,1.0,0.9732853,1
img_00817_p02_2024,1.0,0.8837633,1
img_00817_p03_2024,1.0,0.99079823,1
img_00817_p04_2024,1.0,0.9495253,1
img_00897_2024,0.0,0.0029189985,0
img_00899_2024,0.0,0.94600075,1
img_00901_2024,0.0,0.0057686446,0
img_00903_2024,0.0,0.03175061,0
img_00905_2024,0.0,0.0012156849,0
img_00904_2024,0.0,0.011304194,0
img_00907_2024,0.0,0.008756792,0
img_00908_2024,0.0,0.009096914,0
img_00902_2024,0.0,0.00470951,0
img_00910_2024,0.0,0.0012604696,0
img_00909_2024,0.0,0.0012462906,0
img_00911_2024,0.0,0.0022244332,0
img_00913_2024,0.0,0.0023209301,0
img_00912_2024,0.0,0.023213413,0
img_00906_2024,0.0,0.0038392309,0
img_00917_2024,0.0,0.16534264,0
img_00914_2024,0.0,0.003345095,0
img_00916_2024,0.0,0.02291554,0
img_00923_2024,0.0,0.0073758354,0
img_00919_2024,0.0,0.0039899885,0
img_00915_2024,0.0,0.0026609835,0
img_00918_2024,0.0,0.0017618429,0
img_00927_2024,0.0,0.0020775096,0
img_00924_2024,0.0,0.009502452,0
img_00928_2024,0.0,0.0017169929,0
img_00932_2024,0.0,0.01776426,0
img_00921_2024,0.0,0.0026003874,0
img_00920_2024,0.0,0.015125891,0
img_00926_2024,0.0,0.0010864079,0
img_00930_2024,0.0,0.0007303057,0
img_00922_2024,0.0,0.0021962298,0
img_00925_2024,0.0,0.0020134577,0
img_00931_2024,0.0,0.0009793008,0
img_00934_2024,0.0,0.36149833,0
img_00935_2024,0.0,0.011903856,0
img_00933_2024,0.0,0.040689018,0
img_00938_2024,0.0,0.009136384,0
img_00941_2024,0.0,0.005130885,0
img_00939_2024,0.0,0.008904593,0
img_00937_2024,0.0,0.090922035,0
img_00936_2024,0.0,0.006600219,0
img_00929_2024,0.0,0.3156822,0
img_00946_2024,0.0,0.0017678164,0
img_00945_2024,0.0,0.002857125,0
img_00950_2024,0.0,0.023889985,0
img_00948_2024,0.0,0.09506884,0
img_00942_2024,0.0,0.0021328907,0
img_00940_2024,0.0,0.0013692831,0
img_00943_2024,0.0,0.0066540698,0
img_00947_2024,0.0,0.021676522,0
img_00944_2024,0.0,0.01037214,0
img_00953_2024,0.0,0.64636016,0
img_00951_2024,0.0,0.003690929,0
img_00949_2024,0.0,0.0037421768,0
img_00952_2024,0.0,0.010218483,0
img_00954_2024,0.0,0.08670601,0
img_00955_2024,0.0,0.0029719833,0
img_00957_2024,0.0,0.0077506765,0
img_00880_p01_2024,0.0,0.002035928,0
img_00880_p02_2024,0.0,0.0006135713,0
img_00880_p03_2024,0.0,0.0005047878,0
img_00880_p04_2024,0.0,0.0077925758,0
img_00958_2024,0.0,0.0005925044,0
img_00960_2024,0.0,0.015394919,0
img_00964_2024,0.0,0.008935336,0
img_00967_2024,0.0,0.01938699,0
img_00959_2024,0.0,0.0034408104,0
img_00962_2024,0.0,0.020945279,0
img_00965_2024,0.0,0.0059108757,0
img_00963_2024,0.0,0.0031052378,0
img_00961_2024,0.0,0.7550044,1
img_00971_2024,0.0,0.0043822555,0
img_00968_2024,0.0,0.12182836,0
img_00978_2024,0.0,0.00053545483,0
img_00969_2024,0.0,0.008069236,0
img_00973_2024,0.0,0.011112556,0
img_00976_2024,0.0,0.0037293278,0
img_00966_2024,0.0,0.0011028243,0
img_00970_2024,0.0,0.048581105,0
img_00975_2024,0.0,0.006745296,0
img_00982_2024,0.0,0.069848925,0
img_00972_2024,0.0,0.003644901,0
img_00981_2024,0.0,0.0013611971,0
img_00977_2024,0.0,0.0014043207,0
img_00979_2024,0.0,0.69813424,0
img_00980_2024,0.0,0.21417582,0
img_00974_2024,0.0,0.0015424613,0
img_00984_2024,0.0,0.0038533479,0
img_00983_2024,0.0,0.25214306,0
img_00986_2024,0.0,0.0010528945,0
img_00987_2024,0.0,0.010451426,0
img_00990_2024,0.0,0.0016783511,0
img_00991_2024,0.0,0.004243656,0
img_00992_2024,0.0,0.0011767297,0
img_00985_2024,0.0,0.0077211414,0
img_00996_2024,0.0,0.0046102265,0
img_00994_2024,0.0,0.006154095,0
img_00993_2024,0.0,0.0037949837,0
img_00956_p01_2024,0.0,0.0062131225,0
img_00956_p02_2024,0.0,0.0029022938,0
img_00998_2024,0.0,0.002525863,0
img_00593_p01_2024,1.0,0.9995596,1
img_00593_p02_2024,1.0,0.99878055,1
img_00593_p03_2024,1.0,0.999882,1
img_00593_p04_2024,1.0,0.99889755,1
img_00593_p05_2024,1.0,0.9934482,1
img_00593_p06_2024,1.0,0.99984026,1
img_00593_p07_2024,1.0,0.9999291,1
img_00593_p08_2024,1.0,0.9992318,1
img_00593_p09_2024,1.0,0.99862504,1
img_00593_p10_2024,1.0,0.9837863,1
img_00593_p11_2024,1.0,0.9973116,1
img_00593_p12_2024,1.0,0.9986507,1
img_00593_p13_2024,1.0,0.99980813,1
img_00593_p14_2024,1.0,0.9939447,1
img_00593_p15_2024,1.0,0.9825758,1
img_00593_p16_2024,1.0,0.9988109,1
img_00593_p17_2024,1.0,0.9996916,1
img_00593_p18_2024,1.0,0.9946709,1
img_00593_p19_2024,1.0,0.99880135,1
img_00593_p20_2024,1.0,0.9995777,1
img_00593_p21_2024,1.0,0.9995993,1
img_00593_p22_2024,1.0,0.9995598,1
img_00989_2024,0.0,0.014840563,0
img_00997_2024,0.0,0.024923349,0
img_00999_2024,0.0,0.0006432848,0
img_00995_2024,0.0,0.01070822,0
img_01000_2024,0.0,0.013266302,0
img_01001_2024,0.0,0.016642746,0
img_01003_2024,0.0,0.5327713,0
img_01004_2024,0.0,0.0054521104,0
img_01002_2024,0.0,0.01870875,0
img_01005_2024,0.0,0.0004884483,0
img_01006_2024,0.0,0.0059645423,0
img_01008_2024,0.0,0.005402343,0
img_01009_2024,0.0,0.004188542,0
img_01007_2024,0.0,0.006825005,0
img_01013_2024,0.0,0.00135509,0
img_01014_2024,0.0,0.0063652922,0
img_01012_2024,0.0,0.0033505778,0
img_01011_2024,0.0,0.029718734,0
img_01018_2024,0.0,0.074431114,0
img_01015_2024,0.0,0.01007666,0
img_01020_2024,0.0,0.002003034,0
img_01016_2024,0.0,0.0024732396,0
img_01017_2024,0.0,0.008479677,0
img_01024_2024,0.0,0.0066201733,0
img_01021_2024,0.0,0.0017827614,0
img_00988_p01_2024,0.0,0.00019835605,0
img_00988_p02_2024,0.0,0.0019091326,0
img_01022_2024,0.0,0.047731332,0
img_01025_2024,0.0,0.0034098737,0
img_01023_2024,0.0,0.0035600485,0
img_01032_2024,0.0,0.011307147,0
img_01027_2024,0.0,0.00041369986,0
img_01033_2024,0.0,0.0077120685,0
img_01029_2024,0.0,0.012845112,0
img_01028_2024,0.0,0.007926823,0
img_01035_2024,0.0,0.0013676657,0
img_01031_2024,0.0,0.0044917436,0
img_01026_2024,0.0,0.049991556,0
img_01030_2024,0.0,0.0013705153,0
img_01037_2024,0.0,0.21933676,0
img_01036_2024,0.0,0.0037197128,0
img_01040_2024,0.0,0.006726582,0
img_01043_2024,0.0,0.005879778,0
img_01047_2024,0.0,0.013039015,0
img_01046_2024,0.0,0.0013322352,0
img_01042_2024,0.0,0.13183022,0
img_01049_2024,0.0,0.002585333,0
img_01041_2024,0.0,0.0011170742,0
img_01045_2024,0.0,0.0024791711,0
img_01048_2024,0.0,0.00877849,0
img_01038_2024,0.0,0.012702995,0
img_01034_p01_2024,0.0,0.006611148,0
img_01034_p02_2024,0.0,0.10811205,0
img_01051_2024,0.0,0.005881205,0
img_01054_2024,0.0,0.040665116,0
img_01050_2024,0.0,0.0135759795,0
img_01052_2024,0.0,0.014982287,0
img_01055_2024,0.0,0.006307977,0
img_01039_p01_2024,0.0,0.005653702,0
img_01039_p02_2024,0.0,0.0036531151,0
img_01058_2024,0.0,0.03046315,0
img_01057_2024,0.0,0.0028019862,0
img_01056_2024,0.0,0.005988851,0
img_01044_2024,0.0,0.0023039554,0
img_01062_2024,0.0,0.0057876664,0
img_01059_2024,0.0,0.008138577,0
img_01010_p01_2024,0.0,0.0028737548,0
img_01010_p02_2024,0.0,0.0042062984,0
img_01010_p03_2024,0.0,0.000601655,0
img_01065_2024,0.0,0.0050948225,0
img_01053_2024,0.0,0.0017937876,0
img_01064_2024,0.0,0.000590845,0
img_01060_2024,0.0,0.005611867,0
img_01068_2024,0.0,0.009634981,0
img_01067_2024,0.0,0.0015884074,0
img_01061_2024,0.0,0.03290272,0
img_01066_2024,0.0,0.0017301826,0
img_01076_2024,0.0,0.060511712,0
img_01070_2024,0.0,0.003984264,0
img_01072_2024,0.0,0.016841488,0
img_01081_2024,0.0,0.0033429991,0
img_01073_2024,0.0,0.01597194,0
img_01069_2024,0.0,0.0030201238,0
img_01078_2024,0.0,0.005884158,0
img_01074_2024,0.0,0.03463915,0
img_01071_2024,0.0,0.011905735,0
img_01019_p01_2024,0.0,0.0012476958,0
img_01019_p02_2024,0.0,0.00054234674,0
img_01019_p03_2024,0.0,0.0040368773,0
img_01019_p04_2024,0.0,0.002138773,0
img_01083_2024,0.0,0.006975175,0
img_01080_2024,0.0,0.06416864,0
img_01077_2024,0.0,0.0024825695,0
img_01082_2024,0.0,0.050014444,0
img_01085_2024,0.0,0.006812627,0
img_01090_2024,0.0,0.002463363,0
img_01094_2024,0.0,0.01602508,0
img_01089_2024,0.0,0.0070197885,0
img_01088_2024,0.0,0.0012523321,0
img_01091_2024,0.0,0.1946704,0
img_01084_2024,0.0,0.008581607,0
img_01095_2024,0.0,0.019565035,0
img_01086_2024,0.0,0.004288088,0
img_01097_2024,0.0,0.013117555,0
img_01099_2024,0.0,0.013522419,0
img_01096_2024,0.0,0.0052280705,0
img_01098_2024,0.0,0.006438606,0
img_01092_2024,0.0,0.0026434574,0
img_01102_2024,0.0,0.040293157,0
img_01101_2024,0.0,0.0037055186,0
img_01106_2024,0.0,0.028815668,0
img_01107_2024,0.0,0.0038681158,0
img_01104_2024,0.0,0.0071429037,0
img_01087_p01_2024,0.0,0.0015439396,0
img_01087_p02_2024,0.0,0.003799235,0
img_01109_2024,0.0,0.05796115,0
img_01100_2024,0.0,0.0028854362,0
img_01075_p01_2024,0.0,0.0026100408,0
img_01075_p02_2024,0.0,0.0024171018,0
img_01075_p03_2024,0.0,0.0034335307,0
img_01110_2024,0.0,0.02824652,0
img_01093_2024,0.0,0.039404195,0
img_01111_2024,0.0,0.0012106046,0
img_01114_2024,0.0,0.0051005925,0
img_01116_2024,0.0,0.012080879,0
img_01115_2024,0.0,0.53913164,0
img_01108_2024,0.0,0.020378115,0
img_01113_2024,0.0,0.0169518,0
img_01119_2024,0.0,0.002073418,0
img_01118_2024,0.0,0.0015773968,0
img_01120_2024,0.0,0.0016097082,0
img_01124_2024,0.0,0.003224119,0
img_01123_2024,0.0,0.002675593,0
img_01121_2024,0.0,0.01696505,0
img_01127_2024,0.0,0.14643912,0
img_01122_2024,0.0,0.0048270226,0
img_01130_2024,0.0,0.03608985,0
img_01132_2024,0.0,0.07369998,0
img_01126_2024,0.0,0.01191496,0
img_01128_2024,0.0,0.022688333,0
img_01129_2024,0.0,0.05666568,0
img_01131_2024,0.0,0.0013110059,0
img_01125_2024,0.0,0.0034107554,0
img_01135_2024,0.0,0.0021444529,0
img_01103_2024,0.0,0.038038548,0
img_01138_2024,0.0,0.04799355,0
img_01141_2024,0.0,0.020510552,0
img_01140_2024,0.0,0.006357646,0
img_01139_2024,0.0,0.0032501533,0
img_01134_2024,0.0,0.016703036,0
img_01145_2024,0.0,0.011017046,0
img_01142_2024,0.0,0.006644898,0
img_01144_2024,0.0,0.12538087,0
img_01143_2024,0.0,0.0064811823,0
img_01146_2024,0.0,0.0031855605,0
img_01112_2024,0.0,0.09627782,0
img_01136_2024,0.0,0.0018276898,0
img_01150_2024,0.0,0.349254,0
img_01151_2024,0.0,0.03591886,0
img_01154_2024,0.0,0.0009467171,0
img_01152_2024,0.0,0.43220425,0
img_01149_2024,0.0,0.01468082,0
img_01079_p01_2024,0.0,0.0048756604,0
img_01079_p02_2024,0.0,0.0018917513,0
img_01117_2024,0.0,0.007901499,0
img_01133_p01_2024,0.0,0.0027444097,0
img_01133_p02_2024,0.0,0.004937702,0
img_01156_2024,0.0,0.024124915,0
img_01155_2024,0.0,0.094467744,0
img_01157_2024,0.0,0.005987449,0
img_01063_p01_2024,0.0,0.022230495,0
img_01063_p02_2024,0.0,0.0010790101,0
img_01063_p03_2024,0.0,0.00077377044,0
img_01063_p04_2024,0.0,0.0012548328,0
img_01063_p05_2024,0.0,0.0064766547,0
img_01063_p06_2024,0.0,0.003984709,0
img_01159_2024,0.0,0.009050802,0
img_01153_2024,0.0,0.0041656867,0
img_01158_2024,0.0,0.0014014263,0
img_01148_2024,0.0,0.0057473388,0
img_01161_2024,0.0,0.007614761,0
img_01165_2024,0.0,0.11452367,0
img_00651_p01_2024,1.0,0.9851039,1
img_00651_p02_2024,1.0,0.9554362,1
img_00651_p03_2024,1.0,0.99232095,1
img_00651_p04_2024,1.0,0.9704273,1
img_00651_p05_2024,1.0,0.9173065,1
img_00651_p06_2024,1.0,0.73785067,1
img_00651_p07_2024,1.0,0.929452,1
img_00651_p08_2024,1.0,0.9649959,1
img_00651_p09_2024,1.0,0.9568679,1
img_00651_p10_2024,1.0,0.9983753,1
img_00651_p11_2024,1.0,0.86735535,1
img_00651_p12_2024,1.0,0.93988407,1
img_00651_p13_2024,1.0,0.9996296,1
img_00651_p14_2024,1.0,0.914903,1
img_00651_p15_2024,1.0,0.99595875,1
img_00651_p16_2024,1.0,0.9837601,1
img_00651_p17_2024,1.0,0.99034697,1
img_00651_p18_2024,1.0,0.037487824,0
img_01164_2024,0.0,0.0024121283,0
img_01166_2024,0.0,0.009767914,0
img_01167_2024,0.0,0.011485968,0
img_01162_2024,0.0,0.00094033615,0
img_01137_p01_2024,0.0,0.010277072,0
img_01137_p02_2024,0.0,0.0016266652,0
img_01168_2024,0.0,0.0030475017,0
img_01163_2024,0.0,0.0017451879,0
img_01105_2024,0.0,0.0007370239,0
img_01171_2024,0.0,0.1742752,0
img_01169_2024,0.0,0.0074834595,0
img_01174_2024,0.0,0.0055288533,0
img_01173_2024,0.0,0.121901825,0
img_01170_2024,0.0,0.002401597,0
img_01172_2024,0.0,0.0040800096,0
img_01147_p01_2024,0.0,0.0036034335,0
img_01147_p02_2024,0.0,0.0021111108,0
img_01176_2024,0.0,0.03114378,0
img_01179_2024,0.0,0.0028491644,0
img_01178_2024,0.0,0.0006169028,0
img_01175_2024,0.0,0.010032625,0
img_01184_2024,0.0,0.0055905744,0
img_01181_2024,0.0,0.009963005,0
img_01183_2024,0.0,0.0043396326,0
img_01185_2024,0.0,0.0012564906,0
img_01186_2024,0.0,0.003136052,0
img_01187_2024,0.0,0.05301384,0
img_01177_2024,0.0,0.0057103643,0
img_01188_2024,0.0,0.046726838,0
img_01182_2024,0.0,0.0027610443,0
img_01180_2024,0.0,0.009035103,0
img_01160_2024,0.0,0.007890156,0
img_01190_2024,0.0,0.001550041,0
img_01189_2024,0.0,0.0024573444,0
img_01197_2024,0.0,0.004602965,0
img_01196_2024,0.0,0.018298758,0
img_01193_2024,0.0,0.703354,0
img_01191_2024,0.0,0.0019721142,0
img_01202_2024,0.0,0.015285397,0
img_01195_2024,0.0,0.0018637637,0
img_01198_2024,0.0,0.008186206,0
img_01203_2024,0.0,0.0030782088,0
img_01201_2024,0.0,0.007945429,0
img_01200_2024,0.0,0.0011276992,0
img_01199_2024,0.0,0.0034043675,0
img_01194_2024,0.0,0.022396633,0
img_01204_2024,0.0,0.012163339,0
img_01192_2024,0.0,0.0033202164,0
img_01206_2024,0.0,0.0069727274,0
img_01209_2024,0.0,0.01201474,0
img_01210_2024,0.0,0.004386762,0
img_01208_2024,0.0,0.00065276894,0
img_01207_2024,0.0,0.0035259458,0
img_01213_2024,0.0,0.009808284,0
img_01212_2024,0.0,0.011828499,0
img_01217_2024,0.0,0.0023042546,0
img_01211_2024,0.0,0.0010621161,0
img_01214_2024,0.0,0.0049592843,0
img_01216_2024,0.0,0.003273474,0
img_01218_2024,0.0,0.00043052158,0
img_01223_2024,0.0,0.013331312,0
img_01224_2024,0.0,0.03569067,0
img_01220_2024,0.0,0.011970569,0
img_01215_2024,0.0,0.0019665968,0
img_01222_2024,0.0,0.05807373,0
img_01225_2024,0.0,0.000887112,0
img_01226_2024,0.0,0.0025853282,0
img_01219_2024,0.0,0.0009143784,0
img_01227_2024,0.0,0.03871877,0
img_01228_2024,0.0,0.0020559398,0
img_01205_p01_2024,0.0,0.008360869,0
img_01205_p02_2024,0.0,0.008659875,0
img_01229_2024,0.0,0.012237879,0
img_01231_2024,0.0,0.010090486,0
img_01230_2024,0.0,0.0069550164,0
img_01233_2024,0.0,0.0028879712,0
img_01232_2024,0.0,0.0019453603,0
img_01234_2024,0.0,0.010066628,0
img_01236_2024,0.0,0.0021496834,0
img_01235_2024,0.0,0.003725489,0
img_01237_2024,0.0,0.007091676,0
img_01238_2024,0.0,0.0039052928,0
img_01240_2024,0.0,0.0032188732,0
img_01245_2024,0.0,0.0057487446,0
img_01243_2024,0.0,0.020231282,0
img_01239_2024,0.0,0.0005939847,0
img_01241_2024,0.0,0.005453401,0
img_01246_2024,0.0,0.09299607,0
img_01244_2024,0.0,0.0035845137,0
img_01248_2024,0.0,0.006940288,0
img_01247_2024,0.0,0.0041521466,0
img_01250_2024,0.0,0.01172356,0
img_01252_2024,0.0,0.0063196924,0
img_01251_2024,0.0,0.0025317036,0
img_01242_2024,0.0,0.0006469116,0
img_01249_2024,0.0,0.03121539,0
img_01253_2024,0.0,0.005169533,0
img_01258_2024,0.0,0.015620499,0
img_01255_2024,0.0,0.0079510575,0
img_01259_2024,0.0,0.0084183095,0
img_01254_2024,0.0,0.008423948,0
img_01256_2024,0.0,0.0022229964,0
img_01261_2024,0.0,0.003841376,0
img_01263_2024,0.0,0.002714717,0
img_01265_2024,0.0,0.0010171274,0
img_01266_2024,0.0,0.0010118841,0
img_01262_2024,0.0,0.02219623,0
img_01269_2024,0.0,0.0010549186,0
img_01271_2024,0.0,0.0023789667,0
img_01273_2024,0.0,0.037694566,0
img_01274_2024,0.0,0.002544772,0
img_01270_2024,0.0,0.1263176,0
img_01275_2024,0.0,0.005540007,0
img_01272_2024,0.0,0.009263562,0
img_01260_2024,0.0,0.0013958719,0
img_01264_2024,0.0,0.03987049,0
img_01268_2024,0.0,0.023448294,0
img_01277_2024,0.0,0.002663541,0
img_01281_2024,0.0,0.004424694,0
img_01276_2024,0.0,0.017332958,0
img_01284_2024,0.0,0.0058330465,0
img_01280_2024,0.0,0.0065588686,0
img_01282_2024,0.0,0.010360694,0
img_01285_2024,0.0,0.032251872,0
img_01267_2024,0.0,0.003564043,0
img_01278_2024,0.0,0.02294571,0
img_01286_2024,0.0,0.0072743767,0
img_01289_2024,0.0,0.008239335,0
img_01279_2024,0.0,0.0054972116,0
img_01292_2024,0.0,0.060837448,0
img_01291_2024,0.0,0.9533582,1
img_01293_2024,0.0,0.0029974382,0
img_01290_2024,0.0,0.0024321864,0
img_01287_2024,0.0,0.019243868,0
img_01297_2024,0.0,0.047883537,0
img_01299_2024,0.0,0.01781792,0
img_01294_2024,0.0,0.002491277,0
img_01298_2024,0.0,0.012148217,0
img_01300_2024,0.0,0.01042946,0
img_01288_2024,0.0,0.00414685,0
img_01296_2024,0.0,0.0051237214,0
img_01304_2024,0.0,0.02382067,0
img_01301_2024,0.0,0.032251008,0
img_01303_2024,0.0,0.0063105663,0
img_01302_2024,0.0,0.00192144,0
img_01305_2024,0.0,0.015966985,0
img_01309_2024,0.0,0.022538679,0
img_01307_2024,0.0,0.002593661,0
img_01306_2024,0.0,0.0037592708,0
img_01311_2024,0.0,0.0018869791,0
img_01310_2024,0.0,0.009339535,0
img_01316_2024,0.0,0.0073582777,0
img_01283_2024,0.0,0.00116869,0
img_01315_2024,0.0,0.0030475946,0
img_01295_p01_2024,0.0,0.007204933,0
img_01295_p02_2024,0.0,0.014992761,0
img_01321_2024,0.0,0.03602985,0
img_01323_2024,0.0,0.0026854875,0
img_01317_2024,0.0,0.15592794,0
img_01312_2024,0.0,0.9856409,1
img_01322_2024,0.0,0.002684342,0
img_01319_2024,0.0,0.0027301863,0
img_01313_2024,0.0,0.004963043,0
img_01324_2024,0.0,0.0023726164,0
img_01320_2024,0.0,0.0026136592,0
img_01318_2024,0.0,0.006863547,0
img_01327_2024,0.0,0.009501721,0
img_01314_2024,0.0,0.0022695973,0
img_01325_2024,0.0,0.002095785,0
img_01331_2024,0.0,0.11259526,0
img_01328_2024,0.0,0.0027267002,0
img_01334_2024,0.0,0.0035363783,0
img_01330_2024,0.0,0.0011868096,0
img_01336_2024,0.0,0.009159201,0
img_01335_2024,0.0,0.0035678956,0
img_01329_2024,0.0,0.006231927,0
img_01333_2024,0.0,0.007316168,0
img_01326_2024,0.0,0.0047215098,0
img_01308_p01_2024,0.0,0.0028951534,0
img_01308_p02_2024,0.0,0.0018046775,0
img_01332_2024,0.0,0.0035530578,0
img_01338_2024,0.0,0.01463703,0
img_01340_2024,0.0,0.004398582,0
img_01339_2024,0.0,0.0016059193,0
img_01337_2024,0.0,0.002938821,0
img_01341_2024,0.0,0.0020865619,0
img_01350_2024,0.0,0.002154359,0
img_01348_2024,0.0,0.020111296,0
img_01346_2024,0.0,0.0048513017,0
img_01342_2024,0.0,0.33449012,0
img_01343_2024,0.0,0.13687694,0
img_01349_2024,0.0,0.0034921435,0
img_01345_2024,0.0,0.0016045414,0
img_01352_2024,0.0,0.062018298,0
img_01353_2024,0.0,0.0061286194,0
img_01354_2024,0.0,0.06608345,0
img_01357_2024,0.0,0.0006285102,0
img_01356_2024,0.0,0.10707163,0
img_01351_2024,0.0,0.0043031415,0
img_01347_2024,0.0,0.00039438647,0
img_01361_2024,0.0,0.012220974,0
img_01363_2024,0.0,0.015354415,0
img_01362_2024,0.0,0.0012322353,0
img_01359_2024,0.0,0.010728222,0
img_01364_2024,0.0,0.018747387,0
img_01360_2024,0.0,0.001902697,0
img_01366_2024,0.0,0.004836414,0
img_01365_2024,0.0,0.0031423878,0
img_01367_2024,0.0,0.0018718392,0
img_01358_2024,0.0,0.007867966,0
img_01355_2024,0.0,0.08565106,0
img_01375_2024,0.0,0.013620484,0
img_01370_2024,0.0,0.014344964,0
img_01344_p01_2024,0.0,0.0021546541,0
img_01344_p02_2024,0.0,0.0035963405,0
img_01368_2024,0.0,0.01465353,0
img_01374_2024,0.0,0.010323397,0
img_01376_2024,0.0,0.03386172,0
img_01380_2024,0.0,0.68463254,0
img_01371_2024,0.0,0.008671443,0
img_01379_2024,0.0,0.0027991042,0
img_01377_2024,0.0,0.0031529528,0
img_01382_2024,0.0,0.0061564455,0
img_01257_p01_2024,0.0,0.04179496,0
img_01257_p02_2024,0.0,0.0069599645,0
img_01257_p03_2024,0.0,0.006578927,0
img_01257_p04_2024,0.0,0.07777823,0
img_01257_p05_2024,0.0,0.041832462,0
img_01257_p06_2024,0.0,0.03915543,0
img_01369_2024,0.0,0.07183996,0
img_01384_2024,0.0,0.001847346,0
img_01387_2024,0.0,0.0068058004,0
img_01381_2024,0.0,0.00927659,0
img_01386_2024,0.0,0.0010064198,0
img_01383_2024,0.0,0.0013447918,0
img_01385_2024,0.0,0.0057995897,0
img_01388_2024,0.0,0.0072725965,0
img_01389_2024,0.0,0.003595042,0
img_01392_2024,0.0,0.0016701523,0
img_01393_2024,0.0,0.027138691,0
img_01378_2024,0.0,0.0029495163,0
img_01395_2024,0.0,0.0075076,0
img_01394_2024,0.0,0.005581611,0
img_01397_2024,0.0,0.0076976866,0
img_01390_2024,0.0,0.0032179416,0
img_01391_2024,0.0,0.00062830147,0
img_01402_2024,0.0,0.004930863,0
img_01399_2024,0.0,0.0017952287,0
img_01401_2024,0.0,0.0002525691,0
img_01403_2024,0.0,0.057690654,0
img_01409_2024,0.0,0.06357589,0
img_01406_2024,0.0,0.0028081695,0
img_01404_2024,0.0,0.74235,1
img_01398_2024,0.0,0.027706586,0
img_01408_2024,0.0,0.0038670024,0
img_01407_2024,0.0,0.009653468,0
img_01400_2024,0.0,0.0018944461,0
img_01411_2024,0.0,0.0016725073,0
img_01412_2024,0.0,0.015831016,0
img_01410_2024,0.0,0.005917988,0
img_01415_2024,0.0,0.014682338,0
img_01417_2024,0.0,0.0028880786,0
img_01414_2024,0.0,0.0027589523,0
img_01419_2024,0.0,0.0056620524,0
img_01373_p01_2024,0.0,0.0015446652,0
img_01373_p02_2024,0.0,0.007436062,0
img_01418_2024,0.0,0.0027042646,0
img_01422_2024,0.0,0.025258856,0
img_01421_2024,0.0,0.0065746,0
img_01416_2024,0.0,0.0010287248,0
img_01424_2024,0.0,0.008030327,0
img_01420_2024,0.0,0.019679721,0
img_01426_2024,0.0,0.013137267,0
img_01423_2024,0.0,0.010996983,0
img_01396_p01_2024,0.0,0.0051841275,0
img_01396_p02_2024,0.0,0.002389933,0
img_01432_2024,0.0,0.007236898,0
img_01437_2024,0.0,0.005814502,0
img_01433_2024,0.0,0.0009857307,0
img_01436_2024,0.0,0.028127337,0
img_01434_2024,0.0,0.0040541687,0
img_01435_2024,0.0,0.016967604,0
img_01413_p01_2024,0.0,0.015184106,0
img_01413_p02_2024,0.0,0.0038993591,0
img_01438_2024,0.0,0.004622742,0
img_01431_2024,0.0,0.003666268,0
img_01440_2024,0.0,0.013478213,0
img_01430_2024,0.0,0.013432102,0
img_01443_2024,0.0,0.0053233155,0
img_01444_2024,0.0,0.00216857,0
img_01445_2024,0.0,0.0059237415,0
img_01446_2024,0.0,0.025489204,0
img_01441_2024,0.0,0.013310048,0
img_01372_p01_2024,0.0,0.0009620063,0
img_01372_p02_2024,0.0,0.0025882453,0
img_01372_p03_2024,0.0,0.00052973337,0
img_01372_p04_2024,0.0,0.0002853133,0
img_01449_2024,0.0,0.0036539065,0
img_01448_2024,0.0,0.0011542075,0
img_01450_2024,0.0,0.015555618,0
img_01453_2024,0.0,0.003910785,0
img_01442_2024,0.0,0.003364316,0
img_01452_2024,0.0,0.008263505,0
img_01447_2024,0.0,0.009870973,0
img_01451_2024,0.0,0.024072988,0
img_01456_2024,0.0,0.6887558,0
img_01455_2024,0.0,0.019228315,0
img_01425_p01_2024,0.0,0.038710006,0
img_01425_p02_2024,0.0,0.02248207,0
img_01461_2024,0.0,0.003254969,0
img_01462_2024,0.0,0.042440545,0
img_01466_2024,0.0,0.008905443,0
img_01458_2024,0.0,0.0015556782,0
img_01463_2024,0.0,0.00413084,0
img_01460_2024,0.0,0.0012489823,0
img_01457_2024,0.0,0.005886756,0
img_01465_2024,0.0,0.027204322,0
img_01469_2024,0.0,0.08952646,0
img_01405_p01_2024,0.0,0.008786739,0
img_01405_p02_2024,0.0,0.006522033,0
img_01405_p03_2024,0.0,0.010546976,0
img_01405_p04_2024,0.0,0.0060264836,0
img_01467_2024,0.0,0.0031873945,0
img_01221_p01_2024,0.0,0.0039202925,0
img_01221_p02_2024,0.0,0.003331673,0
img_01221_p03_2024,0.0,0.0012810548,0
img_01221_p04_2024,0.0,0.0019652862,0
img_01221_p05_2024,0.0,0.0011292165,0
img_01221_p06_2024,0.0,0.0024638216,0
img_01221_p07_2024,0.0,0.007952347,0
img_01221_p08_2024,0.0,0.0050836364,0
img_01221_p09_2024,0.0,0.004678333,0
img_01221_p10_2024,0.0,0.001850491,0
img_01221_p11_2024,0.0,0.008266342,0
img_01221_p12_2024,0.0,0.0033398864,0
img_01221_p13_2024,0.0,0.009362858,0
img_01470_2024,0.0,0.0046541444,0
img_01427_p01_2024,0.0,0.038850952,0
img_01427_p02_2024,0.0,0.0044949176,0
img_01427_p03_2024,0.0,0.010022954,0
img_01427_p04_2024,0.0,0.01531885,0
img_01468_2024,0.0,0.0036402442,0
img_01472_2024,0.0,0.002967241,0
img_01471_2024,0.0,0.004631437,0
img_01473_2024,0.0,0.0012034946,0
img_01477_2024,0.0,0.0054416126,0
img_01476_2024,0.0,0.002931991,0
img_01478_2024,0.0,0.005530893,0
img_01479_2024,0.0,0.28672704,0
img_01464_2024,0.0,0.0027872848,0
img_01481_2024,0.0,0.0027563204,0
img_01439_p01_2024,0.0,0.00069347426,0
img_01439_p02_2024,0.0,0.0010808315,0
img_01439_p03_2024,0.0,0.0060851052,0
img_01439_p04_2024,0.0,0.019417029,0
img_01480_2024,0.0,0.0021597133,0
img_01484_2024,0.0,0.057064474,0
img_01483_2024,0.0,0.0051046037,0
img_01474_2024,0.0,0.017140105,0
img_01482_2024,0.0,0.08137743,0
img_01485_2024,0.0,0.00626856,0
img_01486_2024,0.0,0.0166963,0
img_01487_2024,0.0,0.002433883,0
img_01489_2024,0.0,0.00956112,0
img_01488_2024,0.0,0.058603622,0
img_01491_2024,0.0,0.0016895472,0
img_01490_2024,0.0,0.011269951,0
img_01492_2024,0.0,0.006673927,0
img_01493_2024,0.0,0.022587907,0
img_01494_2024,0.0,0.009355046,0
img_01495_2024,0.0,0.0025682233,0
img_01496_2024,0.0,0.0013688508,0
img_01497_2024,0.0,0.0077150688,0
img_01498_2024,0.0,0.0018730861,0
img_01499_2024,0.0,0.0012287585,0
img_01500_2024,0.0,0.030805388,0
img_01502_2024,0.0,0.07814064,0
img_01505_2024,0.0,0.004724448,0
img_01506_2024,0.0,0.0039851475,0
img_01503_2024,0.0,0.003305035,0
img_01509_2024,0.0,0.011520094,0
img_01508_2024,0.0,0.123579875,0
img_01454_p01_2024,0.0,0.0056635616,0
img_01454_p02_2024,0.0,0.0014499603,0
img_01454_p03_2024,0.0,0.003208003,0
img_01454_p04_2024,0.0,0.0034121885,0
img_01510_2024,0.0,0.014454691,0
img_01501_2024,0.0,0.0034361505,0
img_01512_2024,0.0,0.05812073,0
img_01511_2024,0.0,0.0025437013,0
img_01428_p01_2024,0.0,0.00048030406,0
img_01428_p02_2024,0.0,0.00097230484,0
img_01428_p03_2024,0.0,0.004117321,0
img_01428_p04_2024,0.0,0.000990827,0
img_01428_p05_2024,0.0,0.0021868215,0
img_01515_2024,0.0,0.0036277906,0
img_01514_2024,0.0,0.010241702,0
img_01513_2024,0.0,0.10431165,0
img_01517_2024,0.0,0.0010159545,0
img_01507_2024,0.0,0.0042650234,0
img_01516_2024,0.0,0.0060652182,0
img_01504_p01_2024,0.0,0.00064943975,0
img_01504_p02_2024,0.0,0.005861658,0
img_01524_2024,0.0,0.005252031,0
img_01519_2024,0.0,0.002824968,0
img_01523_2024,0.0,0.0031996444,0
img_01520_2024,0.0,0.00076031405,0
img_01525_2024,0.0,0.00084934715,0
img_01518_2024,0.0,0.0039579575,0
img_01521_2024,0.0,0.005627041,0
img_01530_2024,0.0,0.023863807,0
img_01527_2024,0.0,0.019879535,0
img_01526_2024,0.0,0.0046170717,0
img_01531_2024,0.0,0.017828422,0
img_01533_2024,0.0,0.01259597,0
img_01532_2024,0.0,0.0005306013,0
img_01529_2024,0.0,0.05045699,0
img_01528_2024,0.0,0.0027555919,0
img_01537_2024,0.0,0.004619961,0
img_01538_2024,0.0,0.003772952,0
img_01536_2024,0.0,0.016571537,0
img_01535_2024,0.0,0.0011197659,0
img_01539_2024,0.0,0.009036043,0
img_01540_2024,0.0,0.0067041684,0
img_01541_2024,0.0,0.010607688,0
img_01544_2024,0.0,0.019920185,0
img_01543_2024,0.0,0.8749423,1
img_01542_2024,0.0,0.0009795518,0
img_01546_2024,0.0,0.005980687,0
img_01548_2024,0.0,0.03297119,0
img_01549_2024,0.0,0.0027881095,0
img_01555_2024,0.0,0.014176703,0
img_01553_2024,0.0,0.0031888585,0
img_01552_2024,0.0,0.0017409339,0
img_01551_2024,0.0,0.076703034,0
img_01554_2024,0.0,0.003913948,0
img_01556_2024,0.0,0.0038090672,0
img_01545_2024,0.0,0.0014739991,0
img_01534_p01_2024,0.0,0.00064908207,0
img_01534_p02_2024,0.0,0.00181335,0
img_01550_2024,0.0,0.003705057,0
img_01559_2024,0.0,0.032358587,0
img_01561_2024,0.0,0.025883663,0
img_01558_2024,0.0,0.01953569,0
img_01557_2024,0.0,0.006511731,0
img_01562_2024,0.0,0.0037341036,0
img_01564_2024,0.0,0.0026262752,0
img_01560_2024,0.0,0.012890726,0
img_01563_2024,0.0,0.00644718,0
img_01569_2024,0.0,0.0073981667,0
img_01568_2024,0.0,0.0051206183,0
img_01566_2024,0.0,0.0062406887,0
img_01567_2024,0.0,0.039242774,0
img_01572_2024,0.0,0.004425394,0
img_01570_2024,0.0,0.21427009,0
img_01547_p01_2024,0.0,0.0036121327,0
img_01547_p02_2024,0.0,0.012297323,0
img_01574_2024,0.0,0.0019005528,0
img_01571_2024,0.0,0.0031955405,0
img_01576_2024,0.0,0.0070668794,0
img_01579_2024,0.0,0.028280955,0
img_01577_2024,0.0,0.001704569,0
img_01565_2024,0.0,0.009166426,0
img_01522_p01_2024,0.0,0.006422131,0
img_01522_p02_2024,0.0,0.0013134442,0
img_01522_p03_2024,0.0,0.0031436519,0
img_01522_p04_2024,0.0,0.013926391,0
img_01580_2024,0.0,0.0021645012,0
img_01578_2024,0.0,0.007872337,0
img_01582_2024,0.0,0.0061311903,0
img_01586_2024,0.0,0.0047194106,0
img_01584_2024,0.0,0.0043783644,0
img_01587_2024,0.0,0.015032487,0
img_01583_2024,0.0,0.0018023435,0
img_01585_2024,0.0,0.05953249,0
img_01588_2024,0.0,0.023881631,0
img_01589_2024,0.0,0.0007637507,0
img_01597_2024,0.0,0.008744938,0
img_01595_2024,0.0,0.019563165,0
img_01591_2024,0.0,0.014465829,0
img_01594_2024,0.0,0.0029577145,0
img_01596_2024,0.0,0.003953811,0
img_01581_2024,0.0,0.00064373465,0
img_01592_2024,0.0,0.0031867097,0
img_01598_2024,0.0,0.01805339,0
img_01603_2024,0.0,0.013335051,0
img_01599_2024,0.0,0.004105562,0
img_01602_2024,0.0,0.45757493,0
img_01475_p01_2024,0.0,0.008616269,0
img_01475_p02_2024,0.0,0.009652241,0
img_01475_p03_2024,0.0,0.2761067,0
img_01475_p04_2024,0.0,0.0045871832,0
img_01475_p05_2024,0.0,0.012213494,0
img_01475_p06_2024,0.0,0.0015588009,0
img_01475_p07_2024,0.0,0.012750703,0
img_01605_2024,0.0,0.0054982626,0
img_01600_2024,0.0,0.0011017575,0
img_01606_2024,0.0,0.0004913454,0
img_01601_2024,0.0,0.078609355,0
img_01614_2024,0.0,0.0121911755,0
img_01615_2024,0.0,0.003708146,0
img_01610_2024,0.0,0.006175023,0
img_01616_2024,0.0,0.008034814,0
img_01609_2024,0.0,0.004035716,0
img_01618_2024,0.0,0.049285326,0
img_01617_2024,0.0,0.016806593,0
img_01613_2024,0.0,0.0012149059,0
img_01604_2024,0.0,0.019919427,0
img_01612_2024,0.0,0.0070966566,0
img_01620_2024,0.0,0.0052507706,0
img_01621_2024,0.0,0.00554352,0
img_01622_2024,0.0,0.0015093209,0
img_01619_2024,0.0,0.0011474579,0
img_01623_2024,0.0,0.00096828217,0
img_01624_2024,0.0,0.0043762596,0
img_01625_2024,0.0,0.0038858014,0
img_01628_2024,0.0,0.006421856,0
img_01607_2024,0.0,0.00023301096,0
img_01629_2024,0.0,0.0031858268,0
img_01573_p01_2024,0.0,0.003996892,0
img_01573_p02_2024,0.0,0.00889923,0
img_01573_p03_2024,0.0,0.0018305192,0
img_01573_p04_2024,0.0,0.014326091,0
img_01631_2024,0.0,0.002978174,0
img_01611_2024,0.0,0.0015454127,0
img_01633_2024,0.0,0.0014516466,0
img_01635_2024,0.0,0.021693345,0
img_01630_2024,0.0,0.0028035198,0
img_01608_p01_2024,0.0,0.0019064732,0
img_01608_p02_2024,0.0,0.0014092186,0
img_01627_2024,0.0,0.0065667843,0
img_01639_2024,0.0,0.045020163,0
img_01626_2024,0.0,0.024978403,0
img_01637_2024,0.0,0.004921847,0
img_01642_2024,0.0,0.067175604,0
img_01636_2024,0.0,0.0035616052,0
img_01638_2024,0.0,0.0014489167,0
img_01632_2024,0.0,0.058510505,0
img_01643_2024,0.0,0.94408196,1
img_01641_2024,0.0,0.006224398,0
img_01646_2024,0.0,0.0031845719,0
img_01648_2024,0.0,0.0014462838,0
img_01647_2024,0.0,0.0027082982,0
img_01644_2024,0.0,0.028857328,0
img_01645_2024,0.0,0.0028214292,0
img_01593_p01_2024,0.0,0.004370674,0
img_01593_p02_2024,0.0,0.0070013152,0
img_01593_p03_2024,0.0,0.008598402,0
img_01590_p01_2024,0.0,0.007834262,0
img_01590_p02_2024,0.0,0.010851964,0
img_01590_p03_2024,0.0,0.007926313,0
img_01590_p04_2024,0.0,0.0039530243,0
img_01590_p05_2024,0.0,0.0028840592,0
img_01640_2024,0.0,0.007002485,0
img_01649_2024,0.0,0.009927416,0
img_01650_2024,0.0,0.03607159,0
img_01654_2024,0.0,0.008671221,0
img_01651_2024,0.0,0.006665426,0
img_01653_2024,0.0,0.02774589,0
img_01652_2024,0.0,0.013782408,0
img_01655_2024,0.0,0.008180382,0
img_01656_2024,0.0,0.007097762,0
img_01658_2024,0.0,0.015885007,0
img_01659_2024,0.0,0.029624932,0
img_01662_2024,0.0,0.99135274,1
img_01634_p01_2024,0.0,0.0030135538,0
img_01634_p02_2024,0.0,0.0014302288,0
img_01657_2024,0.0,0.01651981,0
img_01664_2024,0.0,0.007282849,0
img_01663_2024,0.0,0.0001812554,0
img_01665_2024,0.0,0.011847676,0
img_01667_2024,0.0,0.0018500243,0
img_01666_2024,0.0,0.057158537,0
img_01671_2024,0.0,0.0033485626,0
img_01672_2024,0.0,0.0068732495,0
img_01673_2024,0.0,0.005758974,0
img_01668_2024,0.0,0.0006963862,0
img_01669_2024,0.0,0.7329446,1
img_01674_2024,0.0,0.0010159895,0
img_01678_2024,0.0,0.0022331786,0
img_01677_2024,0.0,0.13812977,0
img_01670_2024,0.0,0.28880847,0
img_01679_2024,0.0,0.0007964779,0
img_01676_2024,0.0,0.0077434923,0
img_01682_2024,0.0,0.036089625,0
img_01675_2024,0.0,0.006520711,0
img_01681_2024,0.0,0.002259888,0
img_01661_p01_2024,0.0,0.46396983,0
img_01661_p02_2024,0.0,0.06035991,0
img_01680_2024,0.0,0.0038220757,0
img_01684_2024,0.0,0.0050642253,0
img_01685_2024,0.0,0.013671411,0
img_01683_2024,0.0,0.0020300054,0
img_01660_p01_2024,0.0,0.001367583,0
img_01660_p02_2024,0.0,0.00822371,0
img_01689_2024,0.0,0.0003853536,0
img_01688_2024,0.0,0.003266434,0
img_01687_2024,0.0,0.014480432,0
img_01691_2024,0.0,0.019229727,0
img_01690_2024,0.0,0.0012088899,0
img_01692_2024,0.0,0.0047653634,0
img_01694_2024,0.0,0.0009944466,0
img_01696_2024,0.0,0.007837418,0
img_01695_2024,0.0,0.016164107,0
img_01703_2024,0.0,0.0038851942,0
img_01697_2024,0.0,0.00085721386,0
img_01701_2024,0.0,0.0075741257,0
img_01699_2024,0.0,0.010390966,0
img_01700_2024,0.0,0.0015329126,0
img_01704_2024,0.0,0.009473955,0
img_01705_2024,0.0,0.012118251,0
img_01706_2024,0.0,0.0007667099,0
img_01707_2024,0.0,0.0031661387,0
img_01709_2024,0.0,0.2849183,0
img_01712_2024,0.0,0.009031975,0
img_01714_2024,0.0,0.0064637903,0
img_01715_2024,0.0,0.0011924993,0
img_01711_2024,0.0,0.033330895,0
img_01708_2024,0.0,0.005141625,0
img_01710_2024,0.0,0.0017108634,0
img_01720_2024,0.0,0.003798569,0
img_01713_2024,0.0,0.0075050634,0
img_01722_2024,0.0,0.0012797505,0
img_01721_2024,0.0,0.0036923655,0
img_01716_2024,0.0,0.06990316,0
img_01726_2024,0.0,0.0038514906,0
img_01729_2024,0.0,0.004163598,0
img_01724_2024,0.0,0.21246639,0
img_01725_2024,0.0,0.0015277702,0
img_01730_2024,0.0,0.0025868951,0
img_01731_2024,0.0,0.0030917549,0
img_01727_2024,0.0,0.0051125577,0
img_01732_2024,0.0,0.06691272,0
img_01728_2024,0.0,0.002594026,0
img_01718_2024,0.0,0.019231336,0
img_01733_2024,0.0,0.0016012837,0
img_01698_p01_2024,0.0,0.0016576018,0
img_01698_p02_2024,0.0,0.0014076888,0
img_01735_2024,0.0,0.0023718805,0
img_01734_2024,0.0,0.0062833335,0
img_01737_2024,0.0,0.019383205,0
img_01738_2024,0.0,0.69232976,0
img_01693_p01_2024,0.0,0.001745118,0
img_01693_p02_2024,0.0,0.009803303,0
img_01693_p03_2024,0.0,0.003546692,0
img_01723_2024,0.0,0.014558766,0
img_01741_2024,0.0,0.037294343,0
img_01740_2024,0.0,0.0023050834,0
img_01743_2024,0.0,0.013933837,0
img_01744_2024,0.0,0.05173547,0
img_01739_2024,0.0,0.005338772,0
img_01746_2024,0.0,0.032287788,0
img_01429_p01_2024,0.0,0.01785296,0
img_01429_p02_2024,0.0,0.0012936434,0
img_01429_p03_2024,0.0,0.06515114,0
img_01429_p04_2024,0.0,0.008118697,0
img_01429_p05_2024,0.0,0.013225964,0
img_01429_p06_2024,0.0,0.0017709377,0
img_01429_p07_2024,0.0,0.001445704,0
img_01429_p08_2024,0.0,0.004045458,0
img_01429_p09_2024,0.0,0.0011404728,0
img_01429_p10_2024,0.0,0.0036447519,0
img_01429_p11_2024,0.0,0.00253309,0
img_01429_p12_2024,0.0,0.0025271082,0
img_01429_p14_2024,0.0,0.0043454343,0
img_01429_p15_2024,0.0,0.022807306,0
img_01429_p16_2024,0.0,0.00515485,0
img_01429_p17_2024,0.0,0.010785432,0
img_01429_p18_2024,0.0,0.0068465136,0
img_01429_p19_2024,0.0,0.0047212094,0
img_01742_2024,0.0,0.0015873497,0
img_01745_2024,0.0,0.0034495937,0
img_01736_2024,0.0,0.00046753616,0
img_01749_2024,0.0,0.021468382,0
img_01748_2024,0.0,0.0054315603,0
img_01747_2024,0.0,0.004857556,0
img_01719_2024,0.0,0.029039454,0
img_01751_2024,0.0,0.007942411,0
img_01753_2024,0.0,0.0016491541,0
img_01750_2024,0.0,0.0024325855,0
img_01755_2024,0.0,0.0674524,0
img_01752_2024,0.0,0.018929439,0
img_01756_2024,0.0,0.0065817977,0
img_01717_2024,0.0,0.0018240234,0
img_01762_2024,0.0,0.020003077,0
img_01760_2024,0.0,0.0026216505,0
img_01759_2024,0.0,0.0027601714,0
img_01754_2024,0.0,0.0021110333,0
img_01758_2024,0.0,0.0026703125,0
img_01765_2024,0.0,0.0023674334,0
img_01764_2024,0.0,0.0047729067,0
img_01763_2024,0.0,0.023186216,0
img_01767_2024,0.0,0.003784091,0
img_01769_2024,0.0,0.0009127655,0
img_01766_2024,0.0,0.0044935285,0
img_01771_2024,0.0,0.0026000957,0
img_01770_2024,0.0,0.0054136585,0
img_01761_2024,0.0,0.0012943712,0
img_01768_2024,0.0,0.011096522,0
img_01702_p01_2024,0.0,0.00282248,0
img_01702_p02_2024,0.0,0.024906417,0
img_01702_p03_2024,0.0,0.0027148514,0
img_01702_p04_2024,0.0,0.006402672,0
img_01702_p05_2024,0.0,0.0068924506,0
img_01774_2024,0.0,0.0025337553,0
img_01773_2024,0.0,0.009311785,0
img_01775_2024,0.0,0.009079866,0
img_01776_2024,0.0,0.0060862326,0
img_01778_2024,0.0,0.011669119,0
img_01757_p01_2024,0.0,0.0019113709,0
img_01757_p02_2024,0.0,0.004157229,0
img_01777_2024,0.0,0.0037094834,0
img_01781_2024,0.0,0.0065247216,0
img_01784_2024,0.0,0.14317203,0
img_01779_2024,0.0,0.0077492716,0
img_01780_2024,0.0,0.0012443662,0
img_01782_2024,0.0,0.027693668,0
img_01772_2024,0.0,0.006255095,0
img_01783_2024,0.0,0.028558707,0
img_01575_p01_2024,0.0,0.00052488246,0
img_01575_p02_2024,0.0,0.0018655015,0
img_01575_p03_2024,0.0,0.006700355,0
img_01575_p04_2024,0.0,0.009875215,0
img_01575_p05_2024,0.0,0.0013162036,0
img_01575_p06_2024,0.0,0.0036817521,0
img_01575_p07_2024,0.0,0.0050351867,0
img_01575_p08_2024,0.0,0.00743583,0
img_01575_p09_2024,0.0,0.0045843665,0
img_01575_p10_2024,0.0,0.000691357,0
img_01575_p11_2024,0.0,0.0074034035,0
img_01575_p12_2024,0.0,0.014813217,0
img_01785_2024,0.0,0.0021330835,0
img_01792_2024,0.0,0.0015373235,0
img_01789_2024,0.0,0.012651802,0
img_01790_2024,0.0,0.005620079,0
img_01791_2024,0.0,0.0033070666,0
img_01794_2024,0.0,0.0007465563,0
img_01786_2024,0.0,0.0012822364,0
img_01796_2024,0.0,0.0132092405,0
img_01795_2024,0.0,0.0050151907,0
img_01787_2024,0.0,0.0035811192,0
img_01788_2024,0.0,0.0067891637,0
img_01800_2024,0.0,0.007353215,0
img_01798_2024,0.0,0.01123695,0
img_01801_2024,0.0,0.9671408,1
img_01793_2024,0.0,0.094380654,0
img_01803_2024,0.0,0.016398694,0
img_01797_2024,0.0,0.005401661,0
img_01802_2024,0.0,0.02861053,0
img_01804_2024,0.0,0.0032847482,0
img_01805_2024,0.0,0.0012861211,0
img_01810_2024,0.0,0.020542921,0
img_01809_2024,0.0,0.73843205,1
img_01807_2024,0.0,0.0039363997,0
img_01811_2024,0.0,0.0054802876,0
img_01799_2024,0.0,0.051311262,0
img_01812_2024,0.0,0.1261093,0
img_01814_2024,0.0,0.000719023,0
img_01813_2024,0.0,0.0029167219,0
img_01816_2024,0.0,0.010594158,0
img_01818_2024,0.0,0.0038917845,0
img_01808_2024,0.0,0.109178774,0
img_01819_2024,0.0,0.0031404914,0
img_01815_2024,0.0,0.0099070165,0
img_01821_2024,0.0,0.04693945,0
img_01822_2024,0.0,0.00351256,0
img_01817_2024,0.0,0.008268183,0
img_01825_2024,0.0,0.031529006,0
img_01820_2024,0.0,0.0013238878,0
img_01823_2024,0.0,0.003690487,0
img_01824_2024,0.0,0.0039232876,0
img_01828_2024,0.0,0.026860574,0
img_01830_2024,0.0,0.010849308,0
img_01837_2024,0.0,0.0017647351,0
img_01827_2024,0.0,0.0062692105,0
img_01832_2024,0.0,0.004367322,0
img_01829_2024,0.0,0.037047483,0
img_01826_2024,0.0,0.0053198575,0
img_01833_2024,0.0,0.0007569268,0
img_01836_2024,0.0,0.62836534,0
img_01834_2024,0.0,0.022194652,0
img_01838_2024,0.0,0.009497154,0
img_01831_2024,0.0,0.0022013916,0
img_01842_2024,0.0,0.0036961597,0
img_01843_2024,0.0,0.002837103,0
img_01835_2024,0.0,0.0026267061,0
img_01846_2024,0.0,0.0071827965,0
img_01841_2024,0.0,0.0051806592,0
img_01850_2024,0.0,0.0013747076,0
img_01851_2024,0.0,0.19384955,0
img_01839_2024,0.0,0.3096999,0
img_01848_2024,0.0,0.0036844364,0
img_01845_2024,0.0,0.0055707516,0
img_01854_2024,0.0,0.015217785,0
img_01853_2024,0.0,0.0028878422,0
img_01847_2024,0.0,0.0027774242,0
img_01855_2024,0.0,0.002785826,0
img_01856_2024,0.0,0.016303457,0
img_01857_2024,0.0,0.01289356,0
img_01858_2024,0.0,0.7242463,1
img_01862_2024,0.0,0.0013899396,0
img_01860_2024,0.0,0.023692422,0
img_01861_2024,0.0,0.0032349299,0
img_01806_p01_2024,0.0,0.02264254,0
img_01806_p02_2024,0.0,0.028331876,0
img_01806_p03_2024,0.0,0.0018507632,0
img_01806_p04_2024,0.0,0.0041368133,0
img_01844_p01_2024,0.0,0.020643014,0
img_01844_p02_2024,0.0,0.078796804,0
img_01859_2024,0.0,0.007957258,0
img_01866_2024,0.0,0.0052136276,0
img_01864_2024,0.0,0.14548165,0
img_01863_2024,0.0,0.100578934,0
img_01865_2024,0.0,0.006447281,0
img_01867_2024,0.0,0.03464666,0
img_01871_2024,0.0,0.0016808057,0
img_01868_2024,0.0,0.0037784332,0
img_01870_2024,0.0,0.015549084,0
img_01873_2024,0.0,0.0016877587,0
img_01869_2024,0.0,0.03096988,0
img_01876_2024,0.0,0.82367307,1
img_01877_2024,0.0,0.066429295,0
img_01883_2024,0.0,0.023577271,0
img_01880_2024,0.0,0.0009786413,0
img_01874_2024,0.0,0.0010391185,0
img_01881_2024,0.0,0.0072588874,0
img_01885_2024,0.0,0.09756265,0
img_01882_2024,0.0,2.7415346e-05,0
img_01879_2024,0.0,0.0010198875,0
img_01888_2024,0.0,0.005163367,0
img_01872_2024,0.0,0.00075992435,0
img_01889_2024,0.0,0.043613426,0
img_01886_2024,0.0,0.008611895,0
img_01878_2024,0.0,0.004839293,0
img_01884_2024,0.0,0.0071826195,0
img_01890_2024,0.0,0.0104726385,0
img_01887_2024,0.0,0.023727942,0
img_01895_2024,0.0,0.025201704,0
img_01894_2024,0.0,0.05159705,0
img_01892_2024,0.0,0.89672655,1
img_01896_2024,0.0,0.0025832362,0
img_01897_2024,0.0,0.0038164551,0
img_01900_2024,0.0,0.0030424108,0
img_01902_2024,0.0,0.0034470505,0
img_01901_2024,0.0,0.070402935,0
img_01893_2024,0.0,0.00042114832,0
img_01898_2024,0.0,0.003392605,0
img_01903_2024,0.0,0.0035364237,0
img_01899_2024,0.0,0.0022398182,0
img_01904_2024,0.0,0.011119014,0
img_01907_2024,0.0,0.005601403,0
img_01905_2024,0.0,0.0064040762,0
img_01906_2024,0.0,0.004711057,0
img_01852_p01_2024,0.0,0.0018830666,0
img_01852_p02_2024,0.0,0.0037972345,0
img_01852_p03_2024,0.0,0.052277297,0
img_01852_p04_2024,0.0,0.004116887,0
img_01908_2024,0.0,0.4531836,0
img_01910_2024,0.0,0.0092808595,0
img_01912_2024,0.0,0.011903777,0
img_01918_2024,0.0,0.002309316,0
img_01915_2024,0.0,0.023186434,0
img_01909_2024,0.0,0.000634422,0
img_01916_2024,0.0,0.017414557,0
img_01911_2024,0.0,0.0017020546,0
img_01917_2024,0.0,0.008703951,0
img_01919_2024,0.0,0.02088854,0
img_01913_2024,0.0,0.002894483,0
img_01922_2024,0.0,0.0067699887,0
img_01921_2024,0.0,0.0011276992,0
img_01924_2024,0.0,0.0052520134,0
img_01914_2024,0.0,0.011709261,0
img_01923_2024,0.0,0.0018233289,0
img_01925_2024,0.0,0.0042677154,0
img_01930_2024,0.0,0.0038099145,0
img_01927_2024,0.0,0.0012154458,0
img_01891_p01_2024,0.0,0.01666915,0
img_01891_p02_2024,0.0,0.014646942,0
img_01928_2024,0.0,0.0012229868,0
img_01933_2024,0.0,0.0003589092,0
img_01929_2024,0.0,0.002055346,0
img_01931_2024,0.0,0.0012983327,0
img_01849_p01_2024,0.0,0.0061591156,0
img_01849_p02_2024,0.0,0.004691287,0
img_01849_p03_2024,0.0,0.0025623634,0
img_01849_p04_2024,0.0,0.0018821806,0
img_01849_p05_2024,0.0,0.00543173,0
img_01935_2024,0.0,0.0032595266,0
img_01920_2024,0.0,0.015769938,0
img_01932_2024,0.0,0.006138174,0
img_01937_2024,0.0,0.0021626418,0
img_01940_2024,0.0,0.016515726,0
img_01939_2024,0.0,0.0048629525,0
img_01945_2024,0.0,0.2935794,0
img_01936_2024,0.0,0.0029359257,0
img_01934_2024,0.0,0.028796148,0
img_01944_2024,0.0,0.0050544823,0
img_01943_2024,0.0,0.0044743977,0
img_01946_2024,0.0,0.0017743768,0
img_01938_2024,0.0,0.0016309122,0
img_01942_2024,0.0,0.005779441,0
img_01948_2024,0.0,0.004076097,0
img_01947_2024,0.0,0.0027970101,0
img_01950_2024,0.0,0.0089739505,0
img_01951_2024,0.0,0.20013191,0
img_01949_2024,0.0,0.011717192,0
img_01958_2024,0.0,0.012588404,0
img_01954_2024,0.0,0.010369991,0
img_01952_2024,0.0,0.0041273343,0
img_01953_2024,0.0,0.0020236408,0
img_01959_2024,0.0,0.029574098,0
img_01961_2024,0.0,0.0010345372,0
img_01956_2024,0.0,0.0034946532,0
img_01955_2024,0.0,0.013200386,0
img_01963_2024,0.0,0.04058508,0
img_01967_2024,0.0,0.0063509773,0
img_01957_2024,0.0,0.010445111,0
img_01966_2024,0.0,0.00027006122,0
img_01968_2024,0.0,0.0043837456,0
img_01965_2024,0.0,0.0075444914,0
img_01964_2024,0.0,0.028173182,0
img_01969_2024,0.0,0.0033203773,0
img_01972_2024,0.0,0.008138735,0
img_01926_p01_2024,0.0,0.009128346,0
img_01926_p02_2024,0.0,0.00023841643,0
img_01926_p03_2024,0.0,0.20562011,0
img_01926_p04_2024,0.0,0.0047110906,0
img_01974_2024,0.0,0.00090871437,0
img_01970_2024,0.0,0.035367593,0
img_01960_2024,0.0,0.0012333844,0
img_01962_2024,0.0,0.00046140264,0
img_01973_2024,0.0,0.021954108,0
img_01980_2024,0.0,0.023681406,0
img_01976_2024,0.0,0.011832368,0
img_01979_2024,0.0,0.17521304,0
img_01977_2024,0.0,0.5362689,0
img_01982_2024,0.0,0.13129266,0
img_01978_2024,0.0,0.0011324158,0
img_01981_2024,0.0,0.0015233178,0
img_01983_2024,0.0,0.00393611,0
img_01975_2024,0.0,0.004385313,0
img_01984_2024,0.0,0.65533614,0
img_01989_2024,0.0,0.0017721266,0
img_01941_p01_2024,0.0,0.019713668,0
img_01941_p02_2024,0.0,0.004331611,0
img_01941_p03_2024,0.0,0.012264642,0
img_01985_2024,0.0,0.5005736,0
img_01992_2024,0.0,0.012986335,0
img_01993_2024,0.0,0.04321328,0
img_01991_2024,0.0,0.0023133084,0
img_01990_2024,0.0,0.0037422106,0
img_01994_2024,0.0,0.0012900026,0
img_01986_2024,0.0,0.020476764,0
img_01995_2024,0.0,0.010125885,0
img_01997_2024,0.0,0.00068644586,0
img_02002_2024,0.0,0.013760778,0
img_01996_2024,0.0,0.045348566,0
img_02003_2024,0.0,0.001397824,0
img_01998_2024,0.0,0.0022909467,0
img_01999_2024,0.0,0.005218774,0
img_02005_2024,0.0,0.029022533,0
img_02007_2024,0.0,0.0161317,0
img_02006_2024,0.0,0.009328402,0
img_02000_2024,0.0,0.006524316,0
img_02010_2024,0.0,0.0074827014,0
img_02011_2024,0.0,0.00304153,0
img_02001_2024,0.0,0.1446085,0
img_02013_2024,0.0,0.0036540055,0
img_02009_2024,0.0,0.0015870476,0
img_02008_2024,0.0,0.004782972,0
img_02004_2024,0.0,0.0063355556,0
img_01988_p01_2024,0.0,0.0011049124,0
img_01988_p02_2024,0.0,0.0029027339,0
img_02015_2024,0.0,0.008390763,0
img_02012_2024,0.0,0.0025091842,0
img_02016_2024,0.0,0.0027609866,0
img_02020_2024,0.0,0.009600638,0
img_02014_2024,0.0,0.0029742718,0
img_02019_2024,0.0,0.036848858,0
img_02018_2024,0.0,0.043417588,0
img_02017_2024,0.0,0.002016718,0
img_02025_2024,0.0,0.96017265,1
img_02026_2024,0.0,0.023460949,0
img_02028_2024,0.0,0.08420141,0
img_02023_2024,0.0,0.07879237,0
img_02021_2024,0.0,0.0056638326,0
img_02027_2024,0.0,0.010968895,0
img_02031_2024,0.0,0.072579056,0
img_02030_2024,0.0,0.003034214,0
img_02029_2024,0.0,0.04527412,0
img_02032_2024,0.0,0.00885296,0
img_02033_2024,0.0,0.020418828,0
img_02036_2024,0.0,0.0008654737,0
img_02035_2024,0.0,0.0021734848,0
img_02038_2024,0.0,0.886662,1
img_02037_2024,0.0,0.0012505561,0
img_02040_2024,0.0,0.0041024317,0
img_02041_2024,0.0,0.03836818,0
img_02042_2024,0.0,0.002866669,0
img_02045_2024,0.0,0.009255282,0
img_02034_2024,0.0,0.00075312133,0
img_02043_2024,0.0,0.0056431256,0
img_02044_2024,0.0,0.020972528,0
img_01971_p01_2024,0.0,0.0044555105,0
img_01971_p02_2024,0.0,0.024902236,0
img_01971_p03_2024,0.0,0.004149017,0
img_01971_p04_2024,0.0,0.004239733,0
img_02048_2024,0.0,0.0046340334,0
img_02039_2024,0.0,0.0056452025,0
img_02049_2024,0.0,0.018282311,0
img_02052_2024,0.0,0.005771829,0
img_02051_2024,0.0,0.00045458146,0
img_02050_2024,0.0,0.0010562405,0
img_02047_2024,0.0,0.17602792,0
img_02053_2024,0.0,0.008791915,0
img_02058_2024,0.0,0.014720948,0
img_02055_2024,0.0,0.0015577327,0
img_02056_2024,0.0,0.07987063,0
img_02054_2024,0.0,0.007803434,0
img_02059_2024,0.0,0.011719776,0
img_02060_2024,0.0,0.05870258,0
img_02066_2024,0.0,0.009458945,0
img_02064_2024,0.0,0.9994562,1
img_02062_2024,0.0,0.29173374,0
img_02061_2024,0.0,0.0018214397,0
img_02046_2024,0.0,0.00084380334,0
img_02063_2024,0.0,0.002579851,0
img_02067_2024,0.0,0.03358299,0
img_02069_2024,0.0,0.0013532818,0
img_02072_2024,0.0,0.020631233,0
img_02071_2024,0.0,0.009616893,0
img_02068_2024,0.0,0.0013881155,0
img_02073_2024,0.0,0.0029731449,0
img_02070_2024,0.0,0.0042179166,0
img_02074_2024,0.0,0.0075698765,0
img_02076_2024,0.0,0.035960015,0
img_02079_2024,0.0,0.015648393,0
img_02078_2024,0.0,0.0076498985,0
img_02075_2024,0.0,0.0024833952,0
img_01987_p01_2024,0.0,0.0024550965,0
img_01987_p02_2024,0.0,0.0041834633,0
img_01987_p03_2024,0.0,0.0007415713,0
img_01987_p04_2024,0.0,0.00095149304,0
img_02077_2024,0.0,0.029460307,0
img_02080_2024,0.0,0.17235227,0
img_02083_2024,0.0,0.023386786,0
img_02081_2024,0.0,0.003566233,0
img_02085_2024,0.0,0.01733818,0
img_02086_2024,0.0,0.004448386,0
img_02087_2024,0.0,0.02006252,0
img_02090_2024,0.0,0.004568156,0
img_02057_p01_2024,0.0,0.004005434,0
img_02057_p02_2024,0.0,0.0076137306,0
img_02057_p03_2024,0.0,0.0035947827,0
img_02089_2024,0.0,0.0031002157,0
img_02094_2024,0.0,0.007075253,0
img_02091_2024,0.0,0.2712225,0
img_02096_2024,0.0,0.011796011,0
img_02092_2024,0.0,0.003689113,0
img_02097_2024,0.0,0.01159986,0
img_02095_2024,0.0,0.2920155,0
img_02099_2024,0.0,0.036345813,0
img_02098_2024,0.0,0.002276657,0
img_02093_2024,0.0,0.006377355,0
img_02102_2024,0.0,0.0035190198,0
img_02082_p01_2024,0.0,0.0014787876,0
img_02082_p02_2024,0.0,0.004338201,0
img_02105_2024,0.0,0.009926625,0
img_02104_2024,0.0,0.06292529,0
img_02100_2024,0.0,0.00365429,0
img_02101_2024,0.0,0.021565914,0
img_02084_p01_2024,0.0,0.007054594,0
img_02084_p02_2024,0.0,0.0028676249,0
img_02107_2024,0.0,0.0006456726,0
img_02110_2024,0.0,0.02614183,0
img_02022_p01_2024,0.0,0.012155017,0
img_02022_p02_2024,0.0,0.007809557,0
img_02022_p03_2024,0.0,0.004751336,0
img_02022_p04_2024,0.0,0.008936713,0
img_02022_p05_2024,0.0,0.0010446123,0
img_02022_p06_2024,0.0,0.04902633,0
img_02111_2024,0.0,0.011748055,0
img_02109_2024,0.0,0.0018955078,0
img_02115_2024,0.0,0.001099389,0
img_02116_2024,0.0,0.060139522,0
img_02108_2024,0.0,0.00073407777,0
img_02088_p01_2024,0.0,0.00079691026,0
img_02088_p02_2024,0.0,0.0037333197,0
img_02113_2024,0.0,0.00048392353,0
img_02117_2024,0.0,0.049690858,0
img_02114_2024,0.0,0.011798412,0
img_02119_2024,0.0,0.011799385,0
img_02118_2024,0.0,0.82766163,1
img_02106_p01_2024,0.0,0.0044825035,0
img_02106_p02_2024,0.0,0.0010071929,0
img_02112_2024,0.0,0.008797207,0
img_02120_2024,0.0,0.009015618,0
img_02123_2024,0.0,0.0010472015,0
img_02122_2024,0.0,0.0015403338,0
img_02121_2024,0.0,0.0010016474,0
img_02128_2024,0.0,0.0029122392,0
img_02129_2024,0.0,0.0008262769,0
img_02125_2024,0.0,0.006028154,0
img_02103_p01_2024,0.0,0.001004981,0
img_02103_p02_2024,0.0,0.0016475783,0
img_02127_2024,0.0,0.028252764,0
img_02124_2024,0.0,0.001772541,0
img_02131_2024,0.0,0.0005681856,0
img_02134_2024,0.0,0.00838062,0
img_02130_2024,0.0,0.014193454,0
img_02065_p01_2024,0.0,0.00078268105,0
img_02065_p02_2024,0.0,0.0022106606,0
img_02065_p03_2024,0.0,0.0001702426,0
img_02065_p04_2024,0.0,0.0022037767,0
img_02065_p05_2024,0.0,0.0013256617,0
img_02133_2024,0.0,0.005640266,0
img_02135_2024,0.0,0.017766362,0
img_02132_2024,0.0,0.0037515624,0
img_02137_2024,0.0,0.004238362,0
img_02138_2024,0.0,0.008610088,0
img_02136_2024,0.0,0.041526716,0
img_02139_2024,0.0,0.0018273845,0
img_02141_2024,0.0,0.021742936,0
img_02126_p01_2024,0.0,0.13764645,0
img_02126_p02_2024,0.0,0.06433558,0
img_02143_2024,0.0,0.012415147,0
img_02142_2024,0.0,0.032604083,0
img_02146_2024,0.0,0.026647968,0
img_02145_2024,0.0,0.066538855,0
img_02140_2024,0.0,0.00954416,0
img_02148_2024,0.0,0.0021986167,0
img_02147_2024,0.0,0.0018138266,0
img_02150_2024,0.0,0.007961189,0
img_02151_2024,0.0,0.0024640628,0
img_02149_2024,0.0,0.0028916837,0
img_02157_2024,0.0,0.0011494063,0
img_02144_2024,0.0,0.0012890722,0
img_02161_2024,0.0,0.004868152,0
img_02153_2024,0.0,0.0026045525,0
img_02156_2024,0.0,0.00095302856,0
img_02158_2024,0.0,0.009877253,0
img_02159_2024,0.0,0.08969356,0
img_02152_2024,0.0,0.12990673,0
img_02160_2024,0.0,0.0043152617,0
img_02163_2024,0.0,0.0030558782,0
img_02162_2024,0.0,0.005617202,0
img_02164_2024,0.0,0.007987295,0
img_02155_2024,0.0,8.5420266e-05,0
img_02167_2024,0.0,0.026788073,0
img_02165_2024,0.0,0.009194115,0
img_02154_2024,0.0,0.00037182294,0
img_02170_2024,0.0,0.0073808045,0
img_02169_2024,0.0,0.004808139,0
img_02171_2024,0.0,0.007741623,0
img_02173_2024,0.0,0.015491963,0
img_02176_2024,0.0,0.012302362,0
img_02174_2024,0.0,0.0014272832,0
img_02180_2024,0.0,0.030670943,0
img_02179_2024,0.0,0.0069311247,0
img_02178_2024,0.0,0.0029716343,0
img_02168_2024,0.0,0.00040354716,0
img_02177_2024,0.0,0.002582148,0
img_02181_2024,0.0,0.009829614,0
img_02183_2024,0.0,0.004812168,0
img_02175_2024,0.0,0.0015681889,0
img_02185_2024,0.0,0.0685855,0
img_02182_2024,0.0,0.006062207,0
img_02186_2024,0.0,0.0045150104,0
img_02166_p01_2024,0.0,0.0032358603,0
img_02166_p02_2024,0.0,0.0031356437,0
img_02184_2024,0.0,0.0060342057,0
img_02189_2024,0.0,0.017713783,0
img_02192_2024,0.0,0.0016909512,0
img_02191_2024,0.0,0.018228745,0
img_02193_2024,0.0,0.04182994,0
img_02194_2024,0.0,0.011909056,0
img_02195_2024,0.0,0.00045742624,0
img_02197_2024,0.0,0.8787985,1
img_02187_2024,0.0,0.0047131344,0
img_02196_2024,0.0,0.00027188566,0
img_02172_p01_2024,0.0,0.0010797421,0
img_02172_p02_2024,0.0,0.001887043,0
img_02188_2024,0.0,0.001435008,0
img_02199_2024,0.0,0.010759213,0
img_02203_2024,0.0,0.0046852436,0
img_02198_2024,0.0,0.011166273,0
img_02190_2024,0.0,0.007437717,0
img_02200_2024,0.0,0.008424342,0
img_02201_2024,0.0,0.0020097117,0
img_02204_2024,0.0,0.02121098,0
img_02024_p01_2024,0.0,0.0011658547,0
img_02024_p02_2024,0.0,0.002889772,0
img_02024_p03_2024,0.0,0.0129215615,0
img_02024_p04_2024,0.0,0.0061299787,0
img_02024_p05_2024,0.0,0.001589234,0
img_02024_p06_2024,0.0,0.0018345811,0
img_02024_p07_2024,0.0,0.0049199723,0
img_02024_p08_2024,0.0,0.0060601956,0
img_02206_2024,0.0,0.0070064724,0
img_02207_2024,0.0,0.0013603845,0
img_02205_2024,0.0,0.0013630624,0
img_02209_2024,0.0,0.0042513357,0
img_02211_2024,0.0,0.0059546833,0
img_02202_2024,0.0,0.011228466,0
img_02208_2024,0.0,0.010810308,0
img_02212_2024,0.0,0.009731664,0
img_02213_2024,0.0,0.019891696,0
img_02214_2024,0.0,0.0058136946,0
img_02210_2024,0.0,0.20113452,0
img_02216_2024,0.0,0.006936368,0
img_02215_2024,0.0,0.0042421347,0
img_02218_2024,0.0,0.013000523,0
img_02219_2024,0.0,0.013812429,0
img_02220_2024,0.0,0.0016005909,0
img_02221_2024,0.0,0.011304919,0
img_02223_2024,0.0,0.004434201,0
img_02224_2024,0.0,0.019489694,0
img_02222_2024,0.0,0.0031895663,0
img_02227_2024,0.0,0.0051742783,0
img_02217_2024,0.0,0.0025358277,0
img_02228_2024,0.0,0.0019953097,0
img_02229_2024,0.0,0.01022476,0
img_02225_2024,0.0,0.0011792689,0
img_02230_2024,0.0,0.09192652,0
img_02226_2024,0.0,0.0022643437,0
img_02232_2024,0.0,0.012251693,0
img_02233_2024,0.0,0.0013431497,0
img_02235_2024,0.0,0.005338643,0
img_02237_2024,0.0,0.18294184,0
img_02231_2024,0.0,0.008529744,0
img_02242_2024,0.0,0.015584541,0
img_02241_2024,0.0,0.004552298,0
img_02244_2024,0.0,0.024811229,0
img_02245_2024,0.0,0.086493716,0
img_02239_2024,0.0,0.71108943,0
img_02238_2024,0.0,0.0038484675,0
img_02236_2024,0.0,0.00069312536,0
img_02243_2024,0.0,0.0012799778,0
img_02250_2024,0.0,0.16374192,0
img_02246_2024,0.0,0.0017345794,0
img_02248_2024,0.0,0.006733467,0
img_02251_2024,0.0,0.00541922,0
img_02247_2024,0.0,0.016912859,0
img_02252_2024,0.0,0.0021905329,0
img_02254_2024,0.0,0.008812063,0
img_02253_2024,0.0,0.0065119592,0
img_02249_2024,0.0,0.0069536134,0
img_02256_2024,0.0,0.00092453754,0
img_02258_2024,0.0,0.0019527717,0
img_02257_2024,0.0,0.007852935,0
img_02255_2024,0.0,0.0027022066,0
img_02259_2024,0.0,0.001194973,0
img_02260_2024,0.0,0.080693826,0
img_02263_2024,0.0,0.007122609,0
img_02262_2024,0.0,0.0100714285,0
img_02264_2024,0.0,0.0011100274,0
img_02261_2024,0.0,0.014681917,0
img_02268_2024,0.0,0.002378927,0
img_02271_2024,0.0,0.006271231,0
img_02265_2024,0.0,0.02413451,0
img_02269_2024,0.0,0.0022002344,0
img_02270_2024,0.0,0.0011552696,0
img_02267_2024,0.0,0.0017343013,0
img_02275_2024,0.0,0.0048454534,0
img_02273_2024,0.0,0.0023963023,0
img_02274_2024,0.0,0.0044295997,0
img_02276_2024,0.0,0.0014781936,0
img_02277_2024,0.0,0.0062299245,0
img_02272_2024,0.0,0.003114893,0
img_02278_2024,0.0,0.016303755,0
img_02280_2024,0.0,0.07417043,0
img_02279_2024,0.0,0.0060387207,0
img_02281_2024,0.0,0.002692244,0
img_02234_p01_2024,0.0,0.006005739,0
img_02234_p02_2024,0.0,0.0030243623,0
img_02234_p03_2024,0.0,0.0012212372,0
img_02234_p04_2024,0.0,0.0041550635,0
img_02284_2024,0.0,0.001572284,0
img_02282_2024,0.0,0.009713943,0
img_02285_2024,0.0,0.0015508588,0
img_02286_2024,0.0,0.011295629,0
img_02288_2024,0.0,0.0017320489,0
img_02289_2024,0.0,0.0039697443,0
img_02292_2024,0.0,0.003912595,0
img_02290_2024,0.0,0.0027456642,0
img_02291_2024,0.0,0.00080492656,0
img_02294_2024,0.0,0.004585013,0
img_02293_2024,0.0,0.5308215,0
img_02295_2024,0.0,0.31269008,0
img_02266_p01_2024,0.0,0.0006890925,0
img_02266_p02_2024,0.0,0.0016631101,0
img_02283_2024,0.0,0.0015804012,0
img_02240_p01_2024,0.0,0.0014363171,0
img_02240_p02_2024,0.0,0.0075181094,0
img_02240_p03_2024,0.0,0.004965804,0
img_02240_p04_2024,0.0,0.01717221,0
img_02297_2024,0.0,0.052640934,0
img_02296_2024,0.0,0.008214055,0
img_02298_2024,0.0,0.0072012637,0
img_02299_2024,0.0,0.31274712,0
img_02300_2024,0.0,0.0016239927,0
img_02287_p01_2024,0.0,0.0006959855,0
img_02287_p02_2024,0.0,0.008042799,0
img_02301_2024,0.0,0.0041845203,0
img_02302_2024,0.0,0.0047183805,0
img_02306_2024,0.0,0.0037741761,0
img_02308_2024,0.0,0.011715106,0
img_02303_2024,0.0,0.0036063283,0
img_01686_p01_2024,0.0,0.02534741,0
img_01686_p02_2024,0.0,0.025361758,0
img_01686_p03_2024,0.0,0.1926772,0
img_01686_p04_2024,0.0,0.018469438,0
img_01686_p05_2024,0.0,0.009806413,0
img_01686_p06_2024,0.0,0.057829496,0
img_01686_p07_2024,0.0,0.0010300243,0
img_01686_p08_2024,0.0,0.0020459527,0
img_01686_p09_2024,0.0,0.0015546697,0
img_01686_p10_2024,0.0,9.459531e-05,0
img_01686_p11_2024,0.0,0.2161127,0
img_01686_p12_2024,0.0,0.007467748,0
img_01686_p13_2024,0.0,0.0025435537,0
img_01686_p14_2024,0.0,0.0032516492,0
img_01686_p15_2024,0.0,0.0073958975,0
img_01686_p16_2024,0.0,0.0030415056,0
img_01686_p17_2024,0.0,0.003428628,0
img_01686_p18_2024,0.0,0.0014124041,0
img_01686_p19_2024,0.0,0.013610268,0
img_01686_p20_2024,0.0,0.0014877447,0
img_01686_p21_2024,0.0,0.0037451766,0
img_01686_p22_2024,0.0,0.0010967348,0
img_01686_p23_2024,0.0,0.039620657,0
img_01686_p25_2024,0.0,0.0013191389,0
img_01686_p26_2024,0.0,0.0025581426,0
img_01686_p27_2024,0.0,0.005825701,0
img_01686_p28_2024,0.0,0.002153578,0
img_01686_p29_2024,0.0,0.0066303723,0
img_01686_p30_2024,0.0,0.0018649988,0
img_01686_p31_2024,0.0,0.18296294,0
img_01686_p32_2024,0.0,0.007893545,0
img_01686_p33_2024,0.0,0.002376172,0
img_02307_2024,0.0,0.058603268,0
img_02311_2024,0.0,0.0018935484,0
img_02305_2024,0.0,0.0047508646,0
img_02309_2024,0.0,0.002004822,0
img_02312_2024,0.0,0.16520548,0
img_02316_2024,0.0,0.012367088,0
img_02310_2024,0.0,0.00082360505,0
img_02317_2024,0.0,0.002420337,0
img_01875_p01_2024,0.0,0.0023383019,0
img_01875_p02_2024,0.0,0.00818376,0
img_01875_p03_2024,0.0,0.10735465,0
img_01875_p04_2024,0.0,0.017535932,0
img_01875_p05_2024,0.0,0.6953094,0
img_01875_p06_2024,0.0,0.03527641,0
img_01875_p07_2024,0.0,0.028389422,0
img_01875_p08_2024,0.0,0.030956155,0
img_01875_p09_2024,0.0,0.007441287,0
img_01875_p10_2024,0.0,0.03303627,0
img_01875_p11_2024,0.0,0.0015061788,0
img_01875_p12_2024,0.0,0.041003853,0
img_01875_p13_2024,0.0,0.17493616,0
img_01875_p14_2024,0.0,0.032926917,0
img_01875_p15_2024,0.0,0.19879001,0
img_01875_p16_2024,0.0,0.006417598,0
img_01875_p17_2024,0.0,0.00051680603,0
img_01875_p18_2024,0.0,0.0002669483,0
img_01875_p19_2024,0.0,0.010421131,0
img_01875_p20_2024,0.0,0.013439909,0
img_01875_p21_2024,0.0,0.0076835454,0
img_01875_p22_2024,0.0,0.03565004,0
img_01875_p23_2024,0.0,0.00058621116,0
img_01875_p24_2024,0.0,0.0031430973,0
img_01875_p25_2024,0.0,0.0073662647,0
img_02315_2024,0.0,0.019275347,0
img_02314_2024,0.0,0.0032893568,0
img_02319_2024,0.0,0.0015861139,0
img_02321_2024,0.0,0.037453916,0
img_02318_2024,0.0,0.005918746,0
img_02323_2024,0.0,0.0021689879,0
img_02304_p01_2024,0.0,0.001818961,0
img_02304_p02_2024,0.0,0.0023679347,0
img_02325_2024,0.0,0.014249902,0
img_02328_2024,0.0,0.08002146,0
img_02322_2024,0.0,0.013704932,0
img_02329_2024,0.0,0.0051341867,0
img_02324_2024,0.0,0.006890359,0
img_02327_2024,0.0,0.001597825,0
img_02326_2024,0.0,0.014286533,0
img_02313_2024,0.0,0.007225372,0
img_02332_2024,0.0,0.0030433496,0
img_02333_2024,0.0,0.0020113478,0
img_02331_2024,0.0,0.005239428,0
img_02334_2024,0.0,0.024028737,0
img_02337_2024,0.0,0.028318942,0
img_02336_2024,0.0,0.0021265491,0
img_02330_2024,0.0,0.019234296,0
img_02340_2024,0.0,0.0037507836,0
img_02335_2024,0.0,0.005144846,0
img_02339_2024,0.0,0.0075432817,0
img_02320_p01_2024,0.0,0.007474374,0
img_02320_p02_2024,0.0,0.019362489,0
img_02342_2024,0.0,0.0054679494,0
img_02348_2024,0.0,0.054258022,0
img_02347_2024,0.0,0.009033089,0
img_02345_2024,0.0,0.38684058,0
img_02343_2024,0.0,0.027211303,0
img_02341_2024,0.0,0.005157017,0
img_02346_2024,0.0,0.001207892,0
img_02338_2024,0.0,0.00043974086,0
img_02349_2024,0.0,0.0014022433,0
img_02344_2024,0.0,0.0022322948,0
img_02350_2024,0.0,0.005953247,0
img_02353_2024,0.0,0.019855883,0
img_02355_2024,0.0,0.007678279,0
img_02352_2024,0.0,0.005783563,0
img_02358_2024,0.0,0.026838616,0
img_02357_2024,0.0,0.0035490321,0
img_02354_2024,0.0,0.029693734,0
img_02360_2024,0.0,0.0005875004,0
img_02356_2024,0.0,0.0024105248,0
img_02366_2024,0.0,0.02428335,0
img_02361_2024,0.0,0.004469103,0
img_02362_2024,0.0,0.020569915,0
img_02368_2024,0.0,0.0045461007,0
img_02364_2024,0.0,0.0016422848,0
img_02365_2024,0.0,0.01077726,0
img_02376_2024,0.0,0.75854087,1
img_02370_2024,0.0,0.0114255585,0
img_02369_2024,0.0,0.0048209424,0
img_02375_2024,0.0,0.011008092,0
img_02373_2024,0.0,0.06398452,0
img_02372_2024,0.0,0.006653934,0
img_02351_p01_2024,0.0,0.004167501,0
img_02351_p02_2024,0.0,0.0020149874,0
img_02384_2024,0.0,0.0006523777,0
img_02371_2024,0.0,0.012092306,0
img_02380_2024,0.0,0.0022717945,0
img_02377_2024,0.0,0.0040207515,0
img_02379_2024,0.0,0.013662476,0
img_02387_2024,0.0,0.0028327075,0
img_02389_2024,0.0,0.0064327214,0
img_02363_2024,0.0,0.12274765,0
img_02385_2024,0.0,0.0019799552,0
img_02381_2024,0.0,0.0029039404,0
img_02383_2024,0.0,0.0012602451,0
img_02367_2024,0.0,0.051508952,0
img_02374_2024,0.0,0.001310406,0
img_02378_p01_2024,0.0,0.0042120884,0
img_02378_p02_2024,0.0,0.0057216706,0
img_02390_2024,0.0,0.003669295,0
img_02391_2024,0.0,0.004408447,0
img_02394_2024,0.0,0.014224826,0
img_02392_2024,0.0,0.013590477,0
img_02382_2024,0.0,0.009620572,0
img_02396_2024,0.0,0.11036478,0
img_02398_2024,0.0,0.003118923,0
img_02397_2024,0.0,0.6517616,0
img_02393_2024,0.0,0.021158867,0
img_02359_2024,0.0,0.0021422377,0
img_02400_2024,0.0,0.008985132,0
img_02386_2024,0.0,0.0026588608,0
img_02403_2024,0.0,0.0009133693,0
img_02404_2024,0.0,0.01830766,0
img_02388_p01_2024,0.0,0.012810048,0
img_02388_p02_2024,0.0,0.008227786,0
img_02401_2024,0.0,0.040136434,0
img_02395_2024,0.0,0.0021953417,0
img_02411_2024,0.0,0.023476323,0
img_02402_2024,0.0,0.0050509996,0
img_02409_2024,0.0,0.010551714,0
img_02405_2024,0.0,0.009088172,0
img_02413_2024,0.0,0.0011062847,0
img_02414_2024,0.0,0.008310948,0
img_02417_2024,0.0,0.017731283,0
img_02406_2024,0.0,0.002704063,0
img_02407_2024,0.0,0.0009151808,0
img_02412_2024,0.0,0.028549526,0
img_02420_2024,0.0,0.011220216,0
img_02418_2024,0.0,0.019705856,0
img_02416_2024,0.0,0.009453519,0
img_02410_2024,0.0,0.016582398,0
img_02419_2024,0.0,0.016341278,0
img_02423_2024,0.0,0.0036883245,0
img_02424_2024,0.0,0.0057932194,0
img_02415_2024,0.0,0.007683066,0
img_02428_2024,0.0,0.039746385,0
img_02422_2024,0.0,0.0008084029,0
img_02430_2024,0.0,0.0019354278,0
img_02426_2024,0.0,0.019250233,0
img_02435_2024,0.0,0.08202957,0
img_02433_2024,0.0,0.26535293,0
img_02431_2024,0.0,0.0021900847,0
img_02434_2024,0.0,0.07359139,0
img_02437_2024,0.0,0.05069528,0
img_02438_2024,0.0,0.008391318,0
img_02432_2024,0.0,0.0023797376,0
img_02408_p01_2024,0.0,0.015195898,0
img_02408_p02_2024,0.0,0.003774845,0
img_02439_2024,0.0,0.034939043,0
img_02429_2024,0.0,0.000691444,0
img_02441_2024,0.0,0.013079362,0
img_02443_2024,0.0,0.0098746,0
img_02448_2024,0.0,0.0028004036,0
img_02447_2024,0.0,0.84881306,1
img_02442_2024,0.0,0.05792507,0
img_02436_2024,0.0,0.09260773,0
img_02421_p01_2024,0.0,0.0010717027,0
img_02421_p02_2024,0.0,0.0010030268,0
img_02440_2024,0.0,0.0030378194,0
img_02445_2024,0.0,0.008581991,0
img_02451_2024,0.0,0.024870414,0
img_02444_2024,0.0,0.0063102283,0
img_02446_2024,0.0,0.0038748516,0
img_02449_2024,0.0,0.006169349,0
img_02427_p01_2024,0.0,0.0034878282,0
img_02427_p02_2024,0.0,0.0011942544,0
img_02450_2024,0.0,0.020983465,0
img_02452_2024,0.0,0.18778232,0
img_02453_2024,0.0,0.009191509,0
img_02456_2024,0.0,0.002172854,0
img_02459_2024,0.0,0.007710974,0
img_02465_2024,0.0,0.0075473986,0
img_02460_2024,0.0,0.00056363986,0
img_02467_2024,0.0,0.0035917778,0
img_02461_2024,0.0,0.004777065,0
img_02462_2024,0.0,0.0026711356,0
img_02454_2024,0.0,0.0011872544,0
img_02464_2024,0.0,0.004841576,0
img_02468_2024,0.0,0.0020962409,0
img_02463_2024,0.0,0.0027915093,0
img_02469_2024,0.0,0.009584091,0
img_02455_2024,0.0,0.008713163,0
img_02470_2024,0.0,0.02120402,0
img_02457_2024,0.0,0.002743597,0
img_02466_2024,0.0,0.019722722,0
img_02474_2024,0.0,0.0008912316,0
img_02475_2024,0.0,0.002047143,0
img_02480_2024,0.0,0.0030718122,0
img_02472_2024,0.0,0.00036859998,0
img_02476_2024,0.0,0.0061134277,0
img_02479_2024,0.0,0.031087054,0
img_02481_2024,0.0,0.004684294,0
img_02477_2024,0.0,0.010568784,0
img_02473_2024,0.0,0.0035436803,0
img_02478_2024,0.0,0.017565137,0
img_02483_2024,0.0,0.008657496,0
img_02487_2024,0.0,0.0028036546,0
img_02484_2024,0.0,0.014571263,0
img_02485_2024,0.0,0.009067201,0
img_02482_2024,0.0,0.0056357696,0
img_02486_2024,0.0,0.005893901,0
img_02488_2024,0.0,0.020408181,0
img_02493_2024,0.0,0.0065961424,0
img_02489_2024,0.0,0.03275389,0
img_02490_2024,0.0,0.24470721,0
img_02495_2024,0.0,0.34056804,0
img_02491_2024,0.0,0.0051291715,0
img_02496_2024,0.0,0.00015185078,0
img_02497_2024,0.0,0.0023333305,0
img_02471_p01_2024,0.0,0.0030258736,0
img_02471_p02_2024,0.0,0.0011043029,0
img_02492_2024,0.0,0.0742729,0
img_02502_2024,0.0,0.006061551,0
img_02499_2024,0.0,0.01059147,0
img_02504_2024,0.0,0.014470983,0
img_02494_2024,0.0,0.00017730401,0
img_02506_2024,0.0,0.009813185,0
img_02509_2024,0.0,0.0155405635,0
img_02503_2024,0.0,0.004700208,0
img_02505_2024,0.0,0.030930242,0
img_02511_2024,0.0,0.004205883,0
img_02510_2024,0.0,0.029494056,0
img_02507_2024,0.0,0.0004411768,0
img_02514_2024,0.0,0.010140382,0
img_02425_p01_2024,0.0,0.010843758,0
img_02425_p02_2024,0.0,0.000511063,0
img_02425_p03_2024,0.0,0.0008890857,0
img_02425_p04_2024,0.0,0.0020523905,0
img_02508_2024,0.0,0.0019757864,0
img_02513_2024,0.0,0.004501112,0
img_02512_2024,0.0,0.01335719,0
img_02500_2024,0.0,0.0017971403,0
img_02515_2024,0.0,0.013911082,0
img_02520_2024,0.0,0.37839553,0
img_02517_2024,0.0,0.014948153,0
img_02521_2024,0.0,0.03561831,0
img_02519_2024,0.0,0.00066449004,0
img_02518_2024,0.0,0.0027347861,0
img_02522_2024,0.0,0.029767431,0
img_02516_2024,0.0,0.0009905065,0
img_02525_2024,0.0,0.0066338186,0
img_02524_2024,0.0,0.0019983288,0
img_02528_2024,0.0,0.036711633,0
img_02498_2024,0.0,0.00073941436,0
img_02523_2024,0.0,0.0013874427,0
img_02527_2024,0.0,0.0023996683,0
img_02526_2024,0.0,0.0054175854,0
img_02530_2024,0.0,0.006319684,0
img_02533_2024,0.0,0.0634494,0
img_02536_2024,0.0,0.2287409,0
img_02501_2024,0.0,0.0011223343,0
img_02534_2024,0.0,0.042938497,0
img_02531_2024,0.0,0.003458774,0
img_02535_2024,0.0,0.006967361,0
img_02539_2024,0.0,0.0025419367,0
img_02532_2024,0.0,0.00084447983,0
img_02543_2024,0.0,0.027327452,0
img_02399_p01_2024,0.0,0.003099809,0
img_02399_p02_2024,0.0,0.010022197,0
img_02399_p03_2024,0.0,0.001252313,0
img_02399_p04_2024,0.0,0.004911165,0
img_02399_p05_2024,0.0,0.010342922,0
img_02399_p06_2024,0.0,0.0053041033,0
img_02537_2024,0.0,0.002328623,0
img_02538_2024,0.0,0.006536131,0
img_02540_2024,0.0,0.0020443625,0
img_02541_2024,0.0,0.7857534,1
img_02542_2024,0.0,0.0038092718,0
img_02546_2024,0.0,0.018832918,0
img_02545_2024,0.0,0.0022566328,0
img_02549_2024,0.0,0.002128595,0
img_02552_2024,0.0,0.0069378302,0
img_02554_2024,0.0,0.16771103,0
img_02557_2024,0.0,0.005388768,0
img_02553_2024,0.0,0.0046112486,0
img_02551_2024,0.0,0.00092688453,0
img_02556_2024,0.0,0.054542866,0
img_02548_2024,0.0,0.0052027176,0
img_02555_2024,0.0,0.027810173,0
img_02560_2024,0.0,0.0032525843,0
img_02550_2024,0.0,0.008717728,0
img_02562_2024,0.0,0.0058273114,0
img_02565_2024,0.0,0.0102092475,0
img_02544_2024,0.0,0.00046109594,0
img_02559_2024,0.0,0.010011226,0
img_02529_p01_2024,0.0,0.045867547,0
img_02529_p02_2024,0.0,0.0032058326,0
img_02564_2024,0.0,0.009571846,0
img_02558_2024,0.0,0.013799063,0
img_02561_2024,0.0,0.0019634585,0
img_02563_2024,0.0,0.001754571,0
img_02566_2024,0.0,0.0060290745,0
img_02568_2024,0.0,0.008988457,0
img_02567_2024,0.0,0.004026379,0
img_02573_2024,0.0,0.32320473,0
img_02572_2024,0.0,0.004267144,0
img_02570_2024,0.0,0.006768555,0
img_02571_2024,0.0,0.002377909,0
img_02579_2024,0.0,0.002185952,0
img_02547_p01_2024,0.0,0.008121935,0
img_02547_p02_2024,0.0,0.025502848,0
img_02576_2024,0.0,0.009226241,0
img_02577_2024,0.0,0.020912144,0
img_02580_2024,0.0,0.004205184,0
img_02581_2024,0.0,0.02584427,0
img_02578_2024,0.0,0.035460506,0
img_02569_2024,0.0,0.011068052,0
img_02585_2024,0.0,0.0023766737,0
img_02586_2024,0.0,0.026788078,0
img_02575_2024,0.0,0.0069087273,0
img_02584_2024,0.0,0.0104886405,0
img_02583_2024,0.0,0.02023738,0
img_02588_2024,0.0,0.0020048984,0
img_02587_2024,0.0,0.0004467016,0
img_02593_2024,0.0,0.044818275,0
img_02589_2024,0.0,0.0054196413,0
img_02590_2024,0.0,0.011172008,0
img_02596_2024,0.0,0.0027224466,0
img_02595_2024,0.0,0.0021098172,0
img_02602_2024,0.0,0.0036882435,0
img_02599_2024,0.0,0.00315223,0
img_02594_2024,0.0,0.0010708118,0
img_02601_2024,0.0,0.002702772,0
img_02597_2024,0.0,0.0031189288,0
img_02603_2024,0.0,0.0017859513,0
img_02591_2024,0.0,0.002104929,0
img_02604_2024,0.0,0.0025219363,0
img_02574_2024,0.0,0.003943114,0
img_02605_2024,0.0,0.014822726,0
img_02600_2024,0.0,0.00051661785,0
img_02592_2024,0.0,0.048912663,0
img_02598_2024,0.0,0.003496706,0
img_02607_2024,0.0,0.004312724,0
img_02608_2024,0.0,0.0025848327,0
img_02609_2024,0.0,0.0019721687,0
img_02613_2024,0.0,0.015903302,0
img_02612_2024,0.0,0.0046277144,0
img_02614_2024,0.0,0.0017452078,0
img_02606_2024,0.0,0.021367284,0
img_02615_2024,0.0,0.031513188,0
img_02621_2024,0.0,0.0064507215,0
img_02619_2024,0.0,0.0904222,0
img_02618_2024,0.0,0.017317688,0
img_02622_2024,0.0,0.0037981812,0
img_02610_2024,0.0,0.0035894678,0
img_02624_2024,0.0,0.0038657167,0
img_02616_2024,0.0,0.012946831,0
img_02623_2024,0.0,0.0015831279,0
img_02625_2024,0.0,0.00542141,0
img_02611_2024,0.0,0.012442064,0
img_02627_2024,0.0,0.0042470526,0
img_02620_2024,0.0,0.0005446964,0
img_02630_2024,0.0,0.04425071,0
img_02626_2024,0.0,0.002751631,0
img_02628_2024,0.0,0.25977463,0
img_02629_2024,0.0,0.016053028,0
img_02640_2024,0.0,0.0020671042,0
img_02635_2024,0.0,0.0026648687,0
img_02633_2024,0.0,0.07097305,0
img_02634_2024,0.0,0.0016798513,0
img_02642_2024,0.0,0.029115327,0
img_02638_2024,0.0,0.002146126,0
img_02641_2024,0.0,0.004530752,0
img_02639_2024,0.0,0.008634169,0
img_02632_2024,0.0,0.003619453,0
img_02636_2024,0.0,0.0010646497,0
img_02631_2024,0.0,0.014882974,0
img_02643_2024,0.0,0.23490724,0
img_02645_2024,0.0,0.010288573,0
img_02644_2024,0.0,0.0114553375,0
img_02647_2024,0.0,0.0008493597,0
img_02646_2024,0.0,0.0011124691,0
img_02648_2024,0.0,0.0034508395,0
img_02650_2024,0.0,0.01182252,0
img_02651_2024,0.0,0.014063104,0
img_02617_p01_2024,0.0,0.020360716,0
img_02617_p02_2024,0.0,0.004779185,0
img_02617_p03_2024,0.0,0.039536245,0
img_02657_2024,0.0,0.86084586,1
img_02655_2024,0.0,0.004660327,0
img_02652_2024,0.0,0.0006264536,0
img_02637_2024,0.0,0.0033081574,0
img_02656_2024,0.0,0.004678577,0
img_02653_2024,0.0,0.0071885316,0
img_02660_2024,0.0,0.0010673795,0
img_02649_2024,0.0,0.02864756,0
img_02665_2024,0.0,0.004341933,0
img_02659_2024,0.0,0.0007669646,0
img_02667_2024,0.0,0.003084028,0
img_02669_2024,0.0,0.007712915,0
img_02664_2024,0.0,0.010239082,0
img_02670_2024,0.0,0.006243537,0
img_02671_2024,0.0,0.016693804,0
img_02663_2024,0.0,0.04105133,0
img_02661_2024,0.0,0.0029112992,0
img_02666_2024,0.0,0.0026085167,0
img_02673_2024,0.0,0.03298104,0
img_02674_2024,0.0,0.005539497,0
img_02675_2024,0.0,0.008337528,0
img_02668_2024,0.0,0.00257643,0
img_02682_2024,0.0,0.0032987297,0
img_02683_2024,0.0,0.011109653,0
img_02680_2024,0.0,0.009048626,0
img_02679_2024,0.0,0.008762204,0
img_02686_2024,0.0,0.0023472894,0
img_02681_2024,0.0,0.977368,1
img_02678_2024,0.0,0.0019458929,0
img_02687_2024,0.0,0.34147936,0
img_02685_2024,0.0,0.0049606017,0
img_02684_2024,0.0,0.0013597453,0
img_02688_2024,0.0,0.0009517664,0
img_02689_2024,0.0,0.0031041368,0
img_02691_2024,0.0,0.0021539642,0
img_02692_2024,0.0,0.12266978,0
img_02696_2024,0.0,0.005196921,0
img_02698_2024,0.0,0.0053029032,0
img_02694_2024,0.0,0.0017376048,0
img_02699_2024,0.0,0.0030018874,0
img_02704_2024,0.0,0.0029203326,0
img_02695_2024,0.0,0.0011985856,0
img_02700_2024,0.0,0.0011303185,0
img_02705_2024,0.0,0.0020469762,0
img_02703_2024,0.0,0.0131509295,0
img_02693_2024,0.0,0.0021170075,0
img_02701_2024,0.0,0.006951665,0
img_02707_2024,0.0,0.016897645,0
img_02677_p01_2024,0.0,0.00048009376,0
img_02677_p02_2024,0.0,0.002326899,0
img_02676_p01_2024,0.0,0.06441439,0
img_02676_p02_2024,0.0,0.032165647,0
img_02676_p03_2024,0.0,0.28395495,0
img_02710_2024,0.0,0.005397651,0
img_02708_2024,0.0,0.0023686578,0
img_02706_2024,0.0,0.0044359737,0
img_02690_2024,0.0,0.0011854002,0
img_02697_2024,0.0,0.003938083,0
img_02712_2024,0.0,0.008770644,0
img_02702_2024,0.0,0.7060199,0
img_02716_2024,0.0,0.0011442892,0
img_02709_2024,0.0,0.0052514034,0
img_02654_p01_2024,0.0,0.00063989207,0
img_02654_p02_2024,0.0,0.00069255783,0
img_02654_p03_2024,0.0,0.005110288,0
img_02654_p04_2024,0.0,0.02588325,0
img_02711_2024,0.0,0.0017830778,0
img_02720_2024,0.0,0.007819735,0
img_02723_2024,0.0,0.018188935,0
img_02717_2024,0.0,0.012745704,0
img_02714_2024,0.0,0.012770947,0
img_02672_p01_2024,0.0,0.011723975,0
img_02672_p02_2024,0.0,0.015679808,0
img_02715_2024,0.0,0.0029045565,0
img_02721_2024,0.0,0.02332481,0
img_02713_2024,0.0,0.00050241716,0
img_02722_2024,0.0,0.0042284983,0
img_02729_2024,0.0,0.0016712395,0
img_02730_2024,0.0,0.006421756,0
img_02733_2024,0.0,0.009241365,0
img_02719_2024,0.0,0.011626202,0
img_02732_2024,0.0,0.029645603,0
img_02734_2024,0.0,0.00086925476,0
img_02725_2024,0.0,0.0014501233,0
img_02726_2024,0.0,0.024431914,0
img_02731_2024,0.0,0.0063567,0
img_02718_p01_2024,0.0,0.07240062,0
img_02718_p02_2024,0.0,0.001634181,0
img_02735_2024,0.0,0.008325134,0
img_02737_2024,0.0,0.023890648,0
img_02738_2024,0.0,0.004086796,0
img_02739_2024,0.0,0.018386645,0
img_02742_2024,0.0,0.0051148767,0
img_02728_2024,0.0,0.041274525,0
img_02743_2024,0.0,0.0018679287,0
img_02736_2024,0.0,0.0019805697,0
img_02746_2024,0.0,0.0017911982,0
img_02741_2024,0.0,0.030991966,0
img_02745_2024,0.0,0.00043012243,0
img_02727_2024,0.0,0.012186892,0
img_02751_2024,0.0,0.00073467125,0
img_02724_p01_2024,0.0,0.0025818802,0
img_02724_p02_2024,0.0,0.006426528,0
img_02752_2024,0.0,0.000782054,0
img_02750_2024,0.0,0.0026147247,0
img_02753_2024,0.0,0.018334666,0
img_02740_2024,0.0,0.008978905,0
img_02747_2024,0.0,0.003765804,0
img_02744_2024,0.0,0.027652256,0
img_02757_2024,0.0,0.0075714346,0
img_02759_2024,0.0,0.002159328,0
img_02754_2024,0.0,0.021321146,0
img_02760_2024,0.0,0.0030562894,0
img_02748_2024,0.0,0.07114707,0
img_02756_2024,0.0,0.05063977,0
img_02749_2024,0.0,0.009450317,0
img_02767_2024,0.0,0.001348393,0
img_02762_2024,0.0,0.002953031,0
img_02768_2024,0.0,0.0017526578,0
img_02758_2024,0.0,0.0041703675,0
img_02765_2024,0.0,0.16134802,0
img_02766_2024,0.0,0.008376365,0
img_02763_2024,0.0,0.006762352,0
img_02755_2024,0.0,0.0014173533,0
img_02771_2024,0.0,0.019270597,0
img_02773_2024,0.0,0.017023288,0
img_02774_2024,0.0,0.0071523045,0
img_02772_2024,0.0,0.0023023172,0
img_02761_2024,0.0,0.1066099,0
img_02769_2024,0.0,0.0019109607,0
img_02775_2024,0.0,0.008696409,0
img_02777_2024,0.0,0.02358014,0
img_02770_2024,0.0,0.015494088,0
img_02778_2024,0.0,0.00284361,0
img_02779_2024,0.0,0.18925214,0
img_02764_2024,0.0,0.0005788995,0
img_02782_2024,0.0,0.005232543,0
img_02781_2024,0.0,0.0032133716,0
img_02776_2024,0.0,0.0009890542,0
img_02780_2024,0.0,0.007803666,0
img_02788_2024,0.0,0.010742001,0
img_02785_2024,0.0,0.0016321603,0
img_02786_2024,0.0,0.0049837856,0
img_02783_2024,0.0,0.0008179364,0
img_02784_2024,0.0,0.047720995,0
img_02790_2024,0.0,0.0014553594,0
img_02787_2024,0.0,0.0008227641,0
img_02792_2024,0.0,0.004865563,0
img_02791_2024,0.0,0.0028746675,0
img_02789_2024,0.0,0.0033679807,0
img_02801_2024,0.0,0.0075560967,0
img_02802_2024,0.0,0.24305962,0
img_02803_2024,0.0,0.0059311395,0
img_02796_2024,0.0,0.008134452,0
img_02800_2024,0.0,0.00021545192,0
img_02798_2024,0.0,0.010170066,0
img_02794_2024,0.0,0.0013940678,0
img_02793_2024,0.0,0.0046903207,0
img_02809_2024,0.0,0.008777615,0
img_02799_2024,0.0,0.006358956,0
img_02811_2024,0.0,0.0011777293,0
img_02797_2024,0.0,0.03291656,0
img_02805_2024,0.0,0.0014078873,0
img_02806_2024,0.0,0.004755369,0
img_02808_2024,0.0,0.014789708,0
img_02804_2024,0.0,0.0098484475,0
img_02812_2024,0.0,0.0026216118,0
img_02813_2024,0.0,0.0038494496,0
img_02795_p01_2024,0.0,0.09642351,0
img_02795_p02_2024,0.0,0.0040899822,0
img_02817_2024,0.0,0.018169735,0
img_02814_2024,0.0,0.004033014,0
img_02820_2024,0.0,0.009298563,0
img_02818_2024,0.0,0.0064341994,0
img_02821_2024,0.0,0.0034728632,0
img_02822_2024,0.0,0.006320079,0
img_02815_2024,0.0,0.0022252114,0
img_02823_2024,0.0,0.02277621,0
img_02807_2024,0.0,0.0007647332,0
img_02826_2024,0.0,0.022035629,0
img_02816_2024,0.0,0.062666,0
img_02819_2024,0.0,0.0006191836,0
img_02829_2024,0.0,0.010845133,0
img_02827_2024,0.0,0.005845614,0
img_02825_2024,0.0,0.0057585263,0
img_02832_2024,0.0,0.021590257,0
img_02835_2024,0.0,0.11531732,0
img_02836_2024,0.0,0.0019280611,0
img_02833_2024,0.0,0.0032630544,0
img_02830_2024,0.0,0.003363748,0
img_02831_2024,0.0,0.0076808482,0
img_02840_2024,0.0,0.0070759496,0
img_02828_2024,0.0,0.008030658,0
img_02841_2024,0.0,0.0055671707,0
img_02842_2024,0.0,0.0044889576,0
img_02838_2024,0.0,0.053766616,0
img_02837_2024,0.0,0.0020401457,0
img_02843_2024,0.0,0.0015545794,0
img_02845_2024,0.0,0.0043277135,0
img_02847_2024,0.0,0.0038612578,0
img_02834_2024,0.0,0.005895851,0
img_02824_p01_2024,0.0,0.001196656,0
img_02824_p02_2024,0.0,0.0007016874,0
img_02850_2024,0.0,0.00066070654,0
img_02849_2024,0.0,0.031858854,0
img_02856_2024,0.0,0.025473652,0
img_02855_2024,0.0,0.0033771482,0
img_02851_2024,0.0,0.009122124,0
img_02854_2024,0.0,0.0012666133,0
img_02859_2024,0.0,0.0012553553,0
img_02848_2024,0.0,0.021556579,0
img_02852_2024,0.0,0.004690501,0
img_02858_2024,0.0,0.0008180502,0
img_02844_2024,0.0,0.0040520476,0
img_02861_2024,0.0,0.17855269,0
img_02839_2024,0.0,0.010015906,0
img_02857_2024,0.0,0.027535085,0
img_02863_2024,0.0,0.44173017,0
img_02853_2024,0.0,0.004415181,0
img_02862_2024,0.0,0.0064821523,0
img_02865_2024,0.0,0.002660609,0
img_02846_2024,0.0,0.0058731423,0
img_02868_2024,0.0,0.0052443286,0
img_02860_2024,0.0,0.0010491847,0
img_02870_2024,0.0,0.002520719,0
img_02873_2024,0.0,0.045669343,0
img_02871_2024,0.0,0.004290974,0
img_02874_2024,0.0,0.009825852,0
img_02867_2024,0.0,0.0075419075,0
img_02872_2024,0.0,0.0156649,0
img_02866_2024,0.0,0.0030298724,0
img_02869_2024,0.0,0.0020361866,0
img_02878_2024,0.0,0.06908328,0
img_02881_2024,0.0,0.0058534862,0
img_02879_2024,0.0,0.06607574,0
img_02882_2024,0.0,0.0026323611,0
img_02875_2024,0.0,0.0040412163,0
img_02877_2024,0.0,0.0054698195,0
img_02883_2024,0.0,0.0013211797,0
img_02864_2024,0.0,0.015452303,0
img_02880_2024,0.0,0.020021271,0
img_02888_2024,0.0,0.0069002593,0
img_02891_2024,0.0,0.0013708966,0
img_02887_2024,0.0,0.030437376,0
img_02884_2024,0.0,0.014834687,0
img_02899_2024,0.0,0.008301559,0
img_02893_2024,0.0,0.0039795665,0
img_02900_2024,0.0,0.00500204,0
img_02892_2024,0.0,0.008371815,0
img_02886_2024,0.0,0.00872234,0
img_02889_2024,0.0,0.03981354,0
img_02896_2024,0.0,0.0025127886,0
img_02901_2024,0.0,0.0035682365,0
img_02890_2024,0.0,0.0029755842,0
img_02904_2024,0.0,0.003316575,0
img_02908_2024,0.0,0.79713374,1
img_02910_2024,0.0,0.0012786606,0
img_02906_2024,0.0,0.010869781,0
img_02898_2024,0.0,0.0034403657,0
img_02902_2024,0.0,0.014344869,0
img_02913_2024,0.0,0.012910418,0
img_02897_p01_2024,0.0,0.00549886,0
img_02897_p02_2024,0.0,0.0035126065,0
img_02909_2024,0.0,0.021152684,0
img_02914_2024,0.0,0.018355962,0
img_02907_2024,0.0,0.0010216326,0
img_02911_2024,0.0,0.0030630848,0
img_02919_2024,0.0,0.0113859875,0
img_02920_2024,0.0,0.0050189802,0
img_02921_2024,0.0,0.013555408,0
img_02905_2024,0.0,0.00576138,0
img_02915_2024,0.0,0.0026425864,0
img_02917_2024,0.0,0.024293158,0
img_02916_2024,0.0,0.004256551,0
img_02923_2024,0.0,0.0036119646,0
img_02885_2024,0.0,0.009910446,0
img_02918_2024,0.0,0.036979653,0
img_02903_p01_2024,0.0,0.013467491,0
img_02903_p02_2024,0.0,0.0039607105,0
img_02925_2024,0.0,0.0036196453,0
img_02929_2024,0.0,0.0063711004,0
img_02924_2024,0.0,0.006023513,0
img_02927_2024,0.0,0.005328259,0
img_02931_2024,0.0,0.0020499192,0
img_02926_2024,0.0,0.022682821,0
img_02928_2024,0.0,0.0023101226,0
img_02922_2024,0.0,0.003281487,0
img_02932_2024,0.0,0.020706514,0
img_02894_2024,0.0,0.02806167,0
img_02930_2024,0.0,0.0047576716,0
img_02933_2024,0.0,0.0021419646,0
img_02912_p01_2024,0.0,0.0005492954,0
img_02912_p02_2024,0.0,0.0040948004,0
img_02934_2024,0.0,0.0011779739,0
img_02895_2024,0.0,0.0063891597,0
img_02937_2024,0.0,0.039292406,0
img_02936_2024,0.0,0.11548382,0
img_02938_2024,0.0,0.0057951426,0
img_02810_p01_2024,0.0,0.00252455,0
img_02810_p02_2024,0.0,0.021179399,0
img_02810_p03_2024,0.0,0.01129818,0
img_02810_p04_2024,0.0,0.006930271,0
img_02810_p05_2024,0.0,0.010456023,0
img_02810_p06_2024,0.0,0.009362217,0
img_02810_p07_2024,0.0,0.2308662,0
img_02935_2024,0.0,0.00423633,0
img_02876_2024,0.0,0.0140079,0
img_02940_2024,0.0,0.0018724933,0
img_02948_2024,0.0,0.013817556,0
img_02943_2024,0.0,0.0018552709,0
img_02945_2024,0.0,0.0015365332,0
img_02939_2024,0.0,0.0012074877,0
img_02941_2024,0.0,0.0051622577,0
img_02950_2024,0.0,0.0151713,0
img_02957_2024,0.0,0.052073635,0
img_02947_2024,0.0,0.01979167,0
img_02942_2024,0.0,0.0027502105,0
img_02946_2024,0.0,0.012182077,0
img_02955_2024,0.0,0.00417213,0
img_02949_2024,0.0,0.0028795977,0
img_02951_2024,0.0,0.0017940643,0
img_02958_2024,0.0,0.0005845541,0
img_02944_2024,0.0,0.0035103925,0
img_02954_2024,0.0,0.00044637106,0
img_02952_2024,0.0,0.011662736,0
img_02956_2024,0.0,0.0037828116,0
img_02961_2024,0.0,0.03173135,0
img_02963_2024,0.0,0.03158562,0
img_02959_2024,0.0,0.0037057209,0
img_02962_2024,0.0,0.005482817,0
img_02968_2024,0.0,0.0029959194,0
img_02969_2024,0.0,0.003111612,0
img_02960_2024,0.0,0.0015773455,0
img_02966_2024,0.0,0.0067984234,0
img_02972_2024,0.0,0.00297014,0
img_02971_2024,0.0,0.0011964486,0
img_02967_2024,0.0,0.032208465,0
img_02970_2024,0.0,0.30169463,0
img_02976_2024,0.0,0.0033373367,0
img_02953_p01_2024,0.0,0.006298745,0
img_02953_p02_2024,0.0,0.013803729,0
img_02964_2024,0.0,0.013487556,0
img_02978_2024,0.0,0.6077181,0
img_02977_2024,0.0,0.0013125213,0
img_02975_2024,0.0,0.0026917616,0
img_02980_2024,0.0,0.2756902,0
img_02983_2024,0.0,0.0004993251,0
img_02974_2024,0.0,0.010915143,0
img_02979_2024,0.0,0.00091301725,0
img_02987_2024,0.0,0.0012456671,0
img_02988_2024,0.0,0.042661846,0
img_02985_2024,0.0,0.0033150464,0
img_02984_2024,0.0,0.0021336025,0
img_02986_2024,0.0,0.019139705,0
img_02990_2024,0.0,0.047170162,0
img_02992_2024,0.0,0.0008932856,0
img_02989_2024,0.0,0.002624471,0
img_02965_2024,0.0,0.0012671067,0
img_02973_2024,0.0,0.0012902577,0
img_02993_2024,0.0,0.47509602,0
img_02981_2024,0.0,0.0016358427,0
img_02991_2024,0.0,0.0032570765,0
img_02995_2024,0.0,0.0022700194,0
img_02994_2024,0.0,0.0009548773,0
img_03003_2024,0.0,0.0050645424,0
img_03001_2024,0.0,0.0073897876,0
img_02996_2024,0.0,0.012793439,0
img_03008_2024,0.0,0.0018523866,0
img_03000_2024,0.0,0.06411474,0
img_02999_2024,0.0,0.004805194,0
img_02998_2024,0.0,0.00830452,0
img_03004_2024,0.0,0.53250027,0
img_03006_2024,0.0,0.002421295,0
img_03007_2024,0.0,0.004052738,0
img_03009_2024,0.0,0.0034612452,0
img_03002_2024,0.0,0.008554755,0
img_02982_p01_2024,0.0,0.0012121178,0
img_02982_p02_2024,0.0,0.03601122,0
img_03012_2024,0.0,0.004057331,0
img_03016_2024,0.0,0.026250906,0
img_03014_2024,0.0,0.07064893,0
img_03017_2024,0.0,0.009999282,0
img_03013_2024,0.0,0.0025772855,0
img_03023_2024,0.0,0.00786102,0
img_03020_2024,0.0,0.024047883,0
img_03022_2024,0.0,0.0020521716,0
img_03005_2024,0.0,0.011313823,0
img_03015_2024,0.0,0.008017404,0
img_03011_2024,0.0,0.018290836,0
img_03010_2024,0.0,0.003746978,0
img_03025_2024,0.0,0.0011451659,0
img_03021_2024,0.0,0.0012471029,0
img_03024_2024,0.0,0.006364117,0
img_03028_2024,0.0,0.0011212544,0
img_03018_2024,0.0,0.001291321,0
img_03026_2024,0.0,0.0035050604,0
img_03027_2024,0.0,0.006428273,0
img_03019_2024,0.0,0.0006439086,0
img_03030_2024,0.0,0.026379364,0
img_03034_2024,0.0,0.0037228174,0
img_03033_2024,0.0,0.017255185,0
img_03031_2024,0.0,0.092836134,0
img_03032_2024,0.0,0.015645932,0
img_03042_2024,0.0,0.006396207,0
img_03035_2024,0.0,0.0029588817,0
img_03036_2024,0.0,0.05213958,0
img_03037_2024,0.0,0.003699902,0
img_03045_2024,0.0,0.0011174115,0
img_03038_2024,0.0,0.0069844685,0
img_03044_2024,0.0,0.0027172666,0
img_03041_2024,0.0,0.006360038,0
img_03039_2024,0.0,0.0064181276,0
img_03043_2024,0.0,0.0015916661,0
img_03040_2024,0.0,0.0010717838,0
img_03049_2024,0.0,0.35981217,0
img_02997_p01_2024,0.0,0.0052719456,0
img_02997_p02_2024,0.0,0.0860729,0
img_02997_p03_2024,0.0,0.014365629,0
img_02997_p04_2024,0.0,0.36615604,0
img_03051_2024,0.0,0.0012805655,0
img_03055_2024,0.0,0.018741896,0
img_03054_2024,0.0,0.014601983,0
img_03057_2024,0.0,0.07359614,0
img_03060_2024,0.0,0.0031227176,0
img_03053_2024,0.0,0.0022833135,0
img_03052_2024,0.0,0.007499755,0
img_03059_2024,0.0,0.007995654,0
img_03056_2024,0.0,0.003980077,0
img_03048_2024,0.0,0.007048444,0
img_03058_2024,0.0,0.0023250156,0
img_03061_2024,0.0,0.6051003,0
img_03063_2024,0.0,0.023537986,0
img_03064_2024,0.0,0.0027414176,0
img_03065_2024,0.0,0.0018026584,0
img_03062_2024,0.0,0.00045679268,0
img_03066_2024,0.0,0.003562316,0
img_03068_2024,0.0,0.015240861,0
img_03067_2024,0.0,0.0028126102,0
img_03069_2024,0.0,0.021419048,0
img_03075_2024,0.0,0.021286497,0
img_03029_p01_2024,0.0,0.00084221887,0
img_03029_p02_2024,0.0,0.002060704,0
img_03073_2024,0.0,0.010064974,0
img_03074_2024,0.0,0.008793132,0
img_03072_2024,0.0,0.009409212,0
img_03071_2024,0.0,0.015853886,0
img_03070_2024,0.0,0.0038133129,0
img_03080_2024,0.0,0.0019602831,0
img_03077_2024,0.0,0.0123703955,0
img_03078_2024,0.0,0.0015436177,0
img_03076_2024,0.0,0.0070733703,0
img_03082_2024,0.0,0.0015289694,0
img_03081_2024,0.0,0.002824483,0
img_03083_2024,0.0,0.0051119756,0
img_03084_2024,0.0,0.0014215594,0
img_03090_2024,0.0,0.00700046,0
img_03079_2024,0.0,0.003904378,0
img_03086_2024,0.0,0.00896377,0
img_03088_2024,0.0,0.0044583012,0
img_03087_2024,0.0,0.0135291265,0
img_03092_2024,0.0,0.008022476,0
img_03046_p01_2024,0.0,0.001373641,0
img_03046_p02_2024,0.0,0.007888173,0
img_03093_2024,0.0,0.0049393377,0
img_03089_2024,0.0,0.00061648106,0
img_03099_2024,0.0,0.0093366895,0
img_03096_2024,0.0,0.0036389749,0
img_03091_2024,0.0,0.0030956813,0
img_03101_2024,0.0,0.37385777,0
img_03102_2024,0.0,0.0004015243,0
img_03104_2024,0.0,0.013834311,0
img_03095_2024,0.0,0.002204858,0
img_03106_2024,0.0,0.038684145,0
img_03094_2024,0.0,0.0029127917,0
img_03107_2024,0.0,0.01721723,0
img_03097_2024,0.0,0.15479313,0
img_03110_2024,0.0,0.0012674604,0
img_03105_2024,0.0,0.7937355,1
img_03112_2024,0.0,0.27799946,0
img_03103_2024,0.0,0.009742308,0
img_03113_2024,0.0,0.0008460463,0
img_03114_2024,0.0,0.0048570605,0
img_03108_2024,0.0,0.0062183426,0
img_03100_p01_2024,0.0,0.015602114,0
img_03100_p02_2024,0.0,0.001537431,0
img_03111_2024,0.0,0.0045726965,0
img_03098_p01_2024,0.0,0.004791819,0
img_03098_p02_2024,0.0,0.0020467103,0
img_03116_2024,0.0,0.015887855,0
img_03118_2024,0.0,0.0058536693,0
img_03121_2024,0.0,0.05247289,0
img_03119_2024,0.0,0.0052822083,0
img_03124_2024,0.0,0.0054474245,0
img_03109_2024,0.0,0.0058097793,0
img_03120_2024,0.0,0.00089781696,0
img_03123_2024,0.0,0.00497145,0
img_03117_2024,0.0,0.0019292919,0
img_03122_2024,0.0,0.02877757,0
img_03127_2024,0.0,0.08315524,0
img_03130_2024,0.0,0.003387482,0
img_03128_2024,0.0,0.030515634,0
img_03125_2024,0.0,0.0013726805,0
img_03129_2024,0.0,0.0034144497,0
img_03131_2024,0.0,0.0011278448,0
img_03134_2024,0.0,0.0024219148,0
img_03132_2024,0.0,0.006245975,0
img_03133_2024,0.0,0.006197708,0
img_03135_2024,0.0,0.023955869,0
img_03137_2024,0.0,0.0014324636,0
img_03115_p01_2024,0.0,0.019080168,0
img_03115_p02_2024,0.0,0.009355515,0
img_03136_2024,0.0,0.007204967,0
img_03126_2024,0.0,0.17417069,0
img_03139_2024,0.0,0.017317208,0
img_03141_2024,0.0,0.0039532003,0
img_03138_2024,0.0,0.0030182924,0
img_03140_2024,0.0,0.053558547,0
img_03143_2024,0.0,0.0038985743,0
img_03142_2024,0.0,0.026372585,0
img_03149_2024,0.0,0.0147765335,0
img_03146_2024,0.0,0.005833367,0
img_03145_2024,0.0,0.0037401167,0
img_03150_2024,0.0,0.01893874,0
img_03151_2024,0.0,0.0024726586,0
img_03154_2024,0.0,0.45402277,0
img_03152_2024,0.0,0.0029410196,0
img_03155_2024,0.0,0.0019971612,0
img_03156_2024,0.0,0.019956436,0
img_03147_2024,0.0,0.0040461747,0
img_03148_2024,0.0,0.0043643955,0
img_03160_2024,0.0,0.011490858,0
img_03144_2024,0.0,0.012127074,0
img_03157_2024,0.0,0.003419181,0
img_03159_2024,0.0,0.006086184,0
img_03162_2024,0.0,0.042547088,0
img_03163_2024,0.0,0.0040791547,0
img_03161_2024,0.0,0.32100892,0
img_03164_2024,0.0,0.0053167953,0
img_03166_2024,0.0,0.007881135,0
img_03158_2024,0.0,0.00074223086,0
img_03165_2024,0.0,0.0014832972,0
img_03153_2024,0.0,0.11942828,0
img_03170_2024,0.0,0.41899586,0
img_03172_2024,0.0,0.007171281,0
img_03173_2024,0.0,0.008503697,0
img_03171_2024,0.0,0.004174603,0
img_03168_2024,0.0,0.0194493,0
img_03175_2024,0.0,0.200284,0
img_03176_2024,0.0,0.012297241,0
img_03169_2024,0.0,0.0008583295,0
img_03178_2024,0.0,0.007738053,0
img_03179_2024,0.0,0.002562802,0
img_03174_2024,0.0,0.0029677053,0
img_03177_2024,0.0,0.013960783,0
img_03181_2024,0.0,0.000992755,0
img_03180_2024,0.0,0.025803825,0
img_03167_2024,0.0,0.0109496005,0
img_03183_2024,0.0,0.002400173,0
img_03182_2024,0.0,0.036161467,0
img_03186_2024,0.0,0.0016946581,0
img_03192_2024,0.0,0.0057161828,0
img_03185_2024,0.0,0.017942358,0
img_03187_2024,0.0,0.002945527,0
img_03196_2024,0.0,0.013912679,0
img_03191_2024,0.0,0.03729123,0
img_03195_2024,0.0,0.045347463,0
img_03190_2024,0.0,0.029722432,0
img_03189_2024,0.0,0.0007337721,0
img_03194_2024,0.0,0.0012418169,0
img_03193_2024,0.0,0.0021655054,0
img_03199_2024,0.0,0.0018968541,0
img_03184_2024,0.0,0.0042431764,0
img_03188_2024,0.0,0.023914339,0
img_03200_2024,0.0,0.004456143,0
img_03197_2024,0.0,0.0036405225,0
img_03211_2024,0.0,0.00053648214,0
img_03204_2024,0.0,0.0037323677,0
img_03201_2024,0.0,0.004149259,0
img_03202_2024,0.0,0.001657579,0
img_03198_2024,0.0,0.0016660342,0
img_03208_2024,0.0,0.0030348084,0
img_03213_2024,0.0,0.0026008945,0
img_03207_2024,0.0,0.007294552,0
img_03209_2024,0.0,0.029474538,0
img_03203_2024,0.0,0.038426556,0
img_03214_2024,0.0,0.002145009,0
img_03212_2024,0.0,0.0004109224,0
img_03205_2024,0.0,0.031089664,0
img_03210_2024,0.0,0.0019468146,0
img_03216_2024,0.0,0.0020846277,0
img_03215_2024,0.0,0.006379039,0
img_03218_2024,0.0,0.07889742,0
img_03221_2024,0.0,0.01086647,0
img_03217_2024,0.0,0.014945506,0
img_03223_2024,0.0,0.99283856,1
img_03219_2024,0.0,0.003526428,0
img_03222_2024,0.0,0.0076082307,0
img_03220_2024,0.0,0.0025226464,0
img_03225_2024,0.0,0.01122593,0
img_03227_2024,0.0,0.005827389,0
img_03226_2024,0.0,0.025793454,0
img_03230_2024,0.0,0.0023541185,0
img_03233_2024,0.0,0.005675279,0
img_03231_2024,0.0,0.014345739,0
img_03237_2024,0.0,0.0019043703,0
img_03229_2024,0.0,0.025808437,0
img_03228_2024,0.0,0.04233733,0
img_03235_2024,0.0,0.0004896015,0
img_03239_2024,0.0,0.0026951854,0
img_03238_2024,0.0,0.028308269,0
img_03224_2024,0.0,0.0006246527,0
img_03236_2024,0.0,0.015344608,0
img_03234_2024,0.0,0.008872555,0
img_03240_2024,0.0,0.038113095,0
img_03232_2024,0.0,0.0077921515,0
img_03242_2024,0.0,0.0024688765,0
img_03245_2024,0.0,0.01649031,0
img_03249_2024,0.0,0.0080904765,0
img_03247_2024,0.0,0.012262552,0
img_03254_2024,0.0,0.0039402028,0
img_03243_2024,0.0,0.003922811,0
img_03256_2024,0.0,0.01291933,0
img_03250_2024,0.0,0.009740822,0
img_03251_2024,0.0,0.00983742,0
img_03244_2024,0.0,0.006255219,0
img_03241_2024,0.0,0.018958649,0
img_03255_2024,0.0,0.003892814,0
img_03258_2024,0.0,0.011053113,0
img_03257_2024,0.0,0.0021113649,0
img_03261_2024,0.0,0.0134239085,0
img_03265_2024,0.0,0.0015508013,0
img_03264_2024,0.0,0.0032099492,0
img_03259_2024,0.0,0.009844445,0
img_03263_2024,0.0,0.0012107533,0
img_03266_2024,0.0,0.046546873,0
img_03267_2024,0.0,0.0033377553,0
img_03268_2024,0.0,0.087743446,0
img_03269_2024,0.0,0.025809262,0
img_03260_2024,0.0,0.002371543,0
img_03253_2024,0.0,0.010030821,0
img_03270_2024,0.0,0.00084737065,0
img_03271_2024,0.0,0.005655917,0
img_03246_2024,0.0,0.0003517282,0
img_03206_p01_2024,0.0,0.0024574483,0
img_03206_p02_2024,0.0,0.0050594364,0
img_03206_p03_2024,0.0,0.0028804413,0
img_03206_p04_2024,0.0,0.0008556593,0
img_03274_2024,0.0,0.0030754297,0
img_03248_p01_2024,0.0,0.0016478222,0
img_03248_p02_2024,0.0,0.0047783777,0
img_03273_2024,0.0,0.053413168,0
img_03275_2024,0.0,0.005958461,0
img_03272_2024,0.0,0.000445093,0
img_03276_2024,0.0,0.018615693,0
img_03277_2024,0.0,0.0031156482,0
img_03252_p01_2024,0.0,0.008148101,0
img_03252_p02_2024,0.0,0.013399857,0
img_03262_p01_2024,0.0,0.0014204875,0
img_03262_p02_2024,0.0,0.0041312347,0
img_03279_2024,0.0,0.028152112,0
img_03280_2024,0.0,0.07078808,0
img_03284_2024,0.0,0.010211285,0
img_03282_2024,0.0,0.0017227967,0
img_03281_2024,0.0,0.18420936,0
img_03285_2024,0.0,0.013090447,0
img_03292_2024,0.0,0.062301464,0
img_03289_2024,0.0,0.0042804433,0
img_03283_2024,0.0,0.11127699,0
img_03286_2024,0.0,0.01080627,0
img_03291_2024,0.0,0.0045479313,0
img_03290_2024,0.0,0.011295128,0
img_03293_2024,0.0,0.0023242724,0
img_03288_2024,0.0,0.0031309566,0
img_03294_2024,0.0,0.0014115605,0
img_03287_2024,0.0,0.16189376,0
img_03085_p01_2024,0.0,0.0038701557,0
img_03085_p02_2024,0.0,0.0009804724,0
img_03085_p03_2024,0.0,0.006081101,0
img_03085_p04_2024,0.0,0.0034385074,0
img_03085_p05_2024,0.0,0.008876346,0
img_03085_p06_2024,0.0,0.00265244,0
img_03085_p07_2024,0.0,0.0033851534,0
img_03085_p08_2024,0.0,0.001854991,0
img_03085_p09_2024,0.0,0.0023832496,0
img_03085_p10_2024,0.0,0.00219565,0
img_03047_p01_2024,0.0,0.010746887,0
img_03047_p02_2024,0.0,0.0055556046,0
img_03047_p03_2024,0.0,0.0041032657,0
img_03047_p04_2024,0.0,0.0029211852,0
img_03047_p05_2024,0.0,0.0018270062,0
img_03047_p06_2024,0.0,0.007129491,0
img_03047_p07_2024,0.0,0.0010209739,0
img_03047_p08_2024,0.0,0.0047905613,0
img_03047_p09_2024,0.0,0.0021881245,0
img_03047_p10_2024,0.0,0.003228982,0
img_03296_2024,0.0,0.002855369,0
img_03295_2024,0.0,0.008052551,0
img_03297_2024,0.0,0.0022118147,0
img_03300_2024,0.0,0.027982218,0
img_03305_2024,0.0,0.010438272,0
img_03308_2024,0.0,0.0040567783,0
img_03304_2024,0.0,0.006728366,0
img_03306_2024,0.0,0.021214748,0
img_03310_2024,0.0,0.0043049827,0
img_03301_2024,0.0,0.0013482338,0
img_03313_2024,0.0,0.006054012,0
img_03309_2024,0.0,0.0025819563,0
img_03307_2024,0.0,0.0024365946,0
img_03303_2024,0.0,0.0017438948,0
img_03312_2024,0.0,0.00026333396,0
img_03311_2024,0.0,0.005593653,0
img_03299_2024,0.0,0.017081419,0
img_03302_2024,0.0,0.006475425,0
img_03316_2024,0.0,0.0063608005,0
img_03314_2024,0.0,0.015031719,0
img_03315_2024,0.0,0.0054763937,0
img_03317_2024,0.0,0.07111201,0
img_03320_2024,0.0,0.0028212173,0
img_03319_2024,0.0,0.003274176,0
img_03323_2024,0.0,0.0021791996,0
img_03318_2024,0.0,0.006521869,0
img_03324_2024,0.0,0.01690312,0
img_03325_2024,0.0,0.004677609,0
img_03322_2024,0.0,0.007873417,0
img_03321_2024,0.0,0.013821326,0
img_03327_2024,0.0,0.011176081,0
img_03329_2024,0.0,0.023143291,0
img_03328_2024,0.0,0.0015816543,0
img_03331_2024,0.0,0.0042699715,0
img_03333_2024,0.0,0.0028084207,0
img_03326_2024,0.0,0.0056810756,0
img_03330_2024,0.0,0.00088470324,0
img_03334_2024,0.0,0.0039814305,0
img_03336_2024,0.0,0.008780234,0
img_03342_2024,0.0,0.007889073,0
img_03335_2024,0.0,0.05982659,0
img_03332_2024,0.0,0.0044944207,0
img_03339_2024,0.0,0.0071098264,0
img_03343_2024,0.0,0.00044175566,0
img_03344_2024,0.0,0.020537023,0
img_03340_2024,0.0,0.0028731264,0
img_03347_2024,0.0,0.023540951,0
img_03346_2024,0.0,0.020870311,0
img_03345_2024,0.0,0.004228376,0
img_03349_2024,0.0,0.017228102,0
img_03348_2024,0.0,0.0038599682,0
img_03337_2024,0.0,0.02393778,0
img_03341_2024,0.0,0.019565223,0
img_03352_2024,0.0,0.051320765,0
img_03351_2024,0.0,0.0023696576,0
img_03353_2024,0.0,0.0009378877,0
img_03355_2024,0.0,0.0019735338,0
img_03357_2024,0.0,0.0042579537,0
img_03361_2024,0.0,0.013438163,0
img_03356_2024,0.0,0.011842804,0
img_03359_2024,0.0,0.020332003,0
img_03354_2024,0.0,0.0017964869,0
img_03358_2024,0.0,0.005697311,0
img_03360_2024,0.0,0.002693567,0
img_03338_p01_2024,0.0,0.008966465,0
img_03338_p02_2024,0.0,0.018482868,0
img_03362_2024,0.0,0.0068815122,0
img_03368_2024,0.0,0.0036818064,0
img_03365_2024,0.0,0.0041100034,0
img_03369_2024,0.0,0.0012476845,0
img_03278_p01_2024,0.0,0.0020895118,0
img_03278_p02_2024,0.0,0.008719599,0
img_03278_p03_2024,0.0,0.030132983,0
img_03278_p04_2024,0.0,0.015478806,0
img_03278_p05_2024,0.0,0.0022177652,0
img_03278_p06_2024,0.0,0.054485504,0
img_03370_2024,0.0,0.0008825803,0
img_03366_2024,0.0,0.0059999665,0
img_03371_2024,0.0,0.005957467,0
img_03298_p01_2024,0.0,0.0059428886,0
img_03298_p02_2024,0.0,0.020374838,0
img_03298_p03_2024,0.0,0.0057483413,0
img_03298_p04_2024,0.0,0.00377044,0
img_03374_2024,0.0,0.0046132603,0
img_03364_2024,0.0,0.010993287,0
img_03380_2024,0.0,0.0014934017,0
img_03350_p01_2024,0.0,0.06982044,0
img_03350_p02_2024,0.0,0.010295591,0
img_03376_2024,0.0,0.0023434814,0
img_03382_2024,0.0,0.0019948627,0
img_03373_2024,0.0,0.020047048,0
img_03372_2024,0.0,0.0047463328,0
img_03379_2024,0.0,0.003378887,0
img_03377_2024,0.0,0.001892823,0
img_03375_2024,0.0,0.008997912,0
img_03387_2024,0.0,0.0002975528,0
img_03383_2024,0.0,0.014495246,0
img_03386_2024,0.0,0.0011048691,0
img_03381_2024,0.0,0.005516021,0
img_03389_2024,0.0,0.0021782387,0
img_03367_p01_2024,0.0,0.00053826184,0
img_03367_p02_2024,0.0,0.00083888415,0
img_03395_2024,0.0,0.004801935,0
img_03388_2024,0.0,0.06863175,0
img_03378_2024,0.0,0.0026005954,0
img_03385_2024,0.0,0.0040999157,0
img_03384_2024,0.0,0.003199678,0
img_03391_2024,0.0,0.0029286472,0
img_03393_2024,0.0,0.0016123051,0
img_03390_2024,0.0,0.03430115,0
img_03392_2024,0.0,0.002934861,0
img_03394_2024,0.0,0.010193253,0
img_03398_2024,0.0,0.008940954,0
img_03397_2024,0.0,0.0048951725,0
img_03400_2024,0.0,0.00044203555,0
img_03403_2024,0.0,0.010231073,0
img_03399_2024,0.0,0.00073966035,0
img_03363_p01_2024,0.0,0.0008280831,0
img_03363_p02_2024,0.0,0.005302946,0
img_03363_p03_2024,0.0,0.00063343986,0
img_03396_2024,0.0,0.0014002442,0
img_03401_2024,0.0,0.006402395,0
img_03407_2024,0.0,0.0031502815,0
img_03402_2024,0.0,0.0057141343,0
img_03406_2024,0.0,0.019353691,0
img_03408_2024,0.0,0.0054151397,0
img_03410_2024,0.0,0.05536047,0
img_03404_2024,0.0,0.00043751078,0
img_03409_2024,0.0,0.0029441435,0
img_03405_2024,0.0,0.0045369044,0
img_03416_2024,0.0,0.08659585,0
img_03412_2024,0.0,0.0027482584,0
img_03414_2024,0.0,0.0010770782,0
img_03413_2024,0.0,0.0017631374,0
img_03415_2024,0.0,0.0001479479,0
img_03419_2024,0.0,0.0008484618,0
img_03418_2024,0.0,0.0039062425,0
img_03424_2024,0.0,0.15559222,0
img_03421_2024,0.0,0.005488613,0
img_03420_2024,0.0,0.0031300115,0
img_03422_2024,0.0,0.107191674,0
img_03423_2024,0.0,0.048404258,0
img_03411_2024,0.0,0.0026466025,0
img_03426_2024,0.0,0.00814163,0
img_03428_2024,0.0,0.0065777833,0
img_03434_2024,0.0,0.0014356804,0
img_03431_2024,0.0,0.008083592,0
img_03435_2024,0.0,0.002132636,0
img_03427_2024,0.0,0.66045564,0
img_03433_2024,0.0,0.0020833018,0
img_03432_2024,0.0,0.010380856,0
img_03429_2024,0.0,0.0059582493,0
img_03438_2024,0.0,0.0007907185,0
img_03439_2024,0.0,0.0007728327,0
img_03417_2024,0.0,0.0063830116,0
img_03436_2024,0.0,0.0010175606,0
img_03440_2024,0.0,0.0019858235,0
img_03430_2024,0.0,0.00837121,0
img_03442_2024,0.0,0.004808625,0
img_03444_2024,0.0,0.0024192827,0
img_03441_2024,0.0,0.012154869,0
img_03425_p01_2024,0.0,0.002023915,0
img_03425_p02_2024,0.0,0.025298057,0
img_03437_2024,0.0,0.0018542373,0
img_03448_2024,0.0,0.011452374,0
img_03450_2024,0.0,0.002230232,0
img_03449_2024,0.0,0.0009431676,0
img_03445_2024,0.0,0.0012375019,0
img_03454_2024,0.0,0.024057023,0
img_03456_2024,0.0,0.0009682623,0
img_03452_2024,0.0,0.0022999572,0
img_03451_2024,0.0,0.0010407071,0
img_03453_2024,0.0,0.0070042065,0
img_03443_2024,0.0,0.0041617854,0
img_03458_2024,0.0,0.006330184,0
img_03457_2024,0.0,0.0034706658,0
img_03460_2024,0.0,0.002150368,0
img_03461_2024,0.0,0.0027142921,0
img_03459_2024,0.0,0.009347537,0
img_03447_2024,0.0,0.000700084,0
img_03462_2024,0.0,0.010587919,0
img_03446_2024,0.0,0.0061484654,0
img_03465_2024,0.0,0.0020671014,0
img_03468_2024,0.0,0.33095402,0
img_03470_2024,0.0,0.034100592,0
img_03463_2024,0.0,0.024820182,0
img_03471_2024,0.0,0.0076505826,0
img_03466_2024,0.0,0.011795988,0
img_03469_2024,0.0,0.002512845,0
img_03473_2024,0.0,0.019849727,0
img_03464_2024,0.0,0.012807281,0
img_03474_2024,0.0,0.00690876,0
img_03476_2024,0.0,0.0007210998,0
img_03475_2024,0.0,0.00037677403,0
img_03472_2024,0.0,0.010116764,0
img_03479_2024,0.0,0.0010906726,0
img_03467_2024,0.0,0.0020795264,0
img_03477_2024,0.0,0.0012554444,0
img_03480_2024,0.0,0.00092809874,0
img_03482_2024,0.0,0.0037793505,0
img_03481_2024,0.0,0.0035014995,0
img_03478_2024,0.0,0.023940487,0
img_03484_2024,0.0,0.0024794387,0
img_03488_2024,0.0,0.07380003,0
img_03490_2024,0.0,0.0072985725,0
img_03489_2024,0.0,0.006010814,0
img_03485_2024,0.0,0.004148743,0
img_03492_2024,0.0,0.005570334,0
img_03493_2024,0.0,0.0019662085,0
img_03494_2024,0.0,0.024557777,0
img_03486_2024,0.0,0.11882203,0
img_03491_2024,0.0,0.032132417,0
img_03483_2024,0.0,0.0011738748,0
img_03497_2024,0.0,0.013574257,0
img_03501_2024,0.0,0.003691848,0
img_03499_2024,0.0,0.0047252444,0
img_03487_2024,0.0,0.0017048515,0
img_03500_2024,0.0,0.0019843546,0
img_03504_2024,0.0,0.0014274489,0
img_03502_2024,0.0,0.050312303,0
img_03507_2024,0.0,0.001480795,0
img_03505_2024,0.0,0.40899977,0
img_03510_2024,0.0,0.012356359,0
img_03503_2024,0.0,0.00091462984,0
img_03509_2024,0.0,0.0039187246,0
img_03511_2024,0.0,0.017259706,0
img_03496_2024,0.0,0.00193179,0
img_03513_2024,0.0,0.00055313756,0
img_03498_2024,0.0,0.0041892384,0
img_03515_2024,0.0,0.0005936445,0
img_03514_2024,0.0,0.0017424478,0
img_03508_2024,0.0,0.0044549583,0
img_03518_2024,0.0,0.003887042,0
img_03516_2024,0.0,0.00740721,0
img_03522_2024,0.0,0.0020313747,0
img_03517_2024,0.0,0.0017485971,0
img_03521_2024,0.0,0.05509151,0
img_03512_2024,0.0,0.004536302,0
img_03524_2024,0.0,0.010025656,0
img_03527_2024,0.0,0.0018764866,0
img_03525_2024,0.0,0.0020119231,0
img_03526_2024,0.0,0.026408572,0
img_03519_2024,0.0,0.0053892196,0
img_03528_2024,0.0,0.014099164,0
img_03523_2024,0.0,0.010336075,0
img_03530_2024,0.0,0.0015995693,0
img_03050_p01_2024,0.0,0.0036287697,0
img_03050_p02_2024,0.0,0.006675116,0
img_03050_p03_2024,0.0,0.031292334,0
img_03050_p04_2024,0.0,0.21759984,0
img_03050_p05_2024,0.0,0.015288577,0
img_03050_p06_2024,0.0,0.003685105,0
img_03050_p07_2024,0.0,0.0029395015,0
img_03050_p08_2024,0.0,0.0021777807,0
img_03050_p09_2024,0.0,0.004406315,0
img_03050_p10_2024,0.0,0.058628134,0
img_03050_p11_2024,0.0,0.10878256,0
img_03050_p12_2024,0.0,0.02545821,0
img_03050_p13_2024,0.0,0.0036046647,0
img_03050_p14_2024,0.0,0.0066176616,0
img_03050_p15_2024,0.0,0.013057751,0
img_03050_p16_2024,0.0,0.011314192,0
img_03050_p17_2024,0.0,0.0035767744,0
img_03050_p18_2024,0.0,0.0033203047,0
img_03050_p19_2024,0.0,0.006106785,0
img_03050_p20_2024,0.0,0.005693879,0
img_03050_p21_2024,0.0,0.0018735495,0
img_03050_p22_2024,0.0,0.0028348458,0
img_03050_p23_2024,0.0,0.004465265,0
img_03050_p24_2024,0.0,0.0009821866,0
img_03050_p26_2024,0.0,0.003547513,0
img_03050_p27_2024,0.0,0.0014782118,0
img_03529_2024,0.0,0.0020545656,0
img_03533_2024,0.0,0.056110714,0
img_03531_2024,0.0,0.00528498,0
img_03532_2024,0.0,0.00097448984,0
img_03535_2024,0.0,0.0004493045,0
img_03534_2024,0.0,0.006022554,0
img_03536_2024,0.0,0.0017887759,0
img_03539_2024,0.0,0.01871996,0
img_03538_2024,0.0,0.00069540803,0
img_03541_2024,0.0,0.017774612,0
img_03542_2024,0.0,0.019495124,0
img_03543_2024,0.0,0.0028305573,0
img_03544_2024,0.0,0.004632648,0
img_03455_p01_2024,0.0,0.006590365,0
img_03455_p02_2024,0.0,0.0023176433,0
img_03455_p03_2024,0.0,0.03197878,0
img_03455_p04_2024,0.0,0.01950735,0
img_03520_p01_2024,0.0,0.0019803056,0
img_03520_p02_2024,0.0,0.0013300603,0
img_03546_2024,0.0,0.00084611325,0
img_03547_2024,0.0,0.0013565149,0
img_03545_2024,0.0,0.08404665,0
img_03554_2024,0.0,0.00709001,0
img_03548_2024,0.0,0.0054254537,0
img_03551_2024,0.0,0.015802912,0
img_03550_2024,0.0,0.017454224,0
img_03549_2024,0.0,0.011236293,0
img_03555_2024,0.0,0.01449785,0
img_03552_2024,0.0,0.047195543,0
img_03558_2024,0.0,0.07718697,0
img_03540_2024,0.0,0.0060287314,0
img_03556_2024,0.0,0.0070622433,0
img_03560_2024,0.0,0.01243548,0
img_03563_2024,0.0,0.0060195005,0
img_03559_2024,0.0,0.0026699023,0
img_03561_2024,0.0,0.0008427788,0
img_03566_2024,0.0,0.006318444,0
img_03567_2024,0.0,0.018168407,0
img_03568_2024,0.0,0.018417643,0
img_03571_2024,0.0,0.0020279682,0
img_03570_2024,0.0,0.011112697,0
img_03562_2024,0.0,0.0014077787,0
img_03569_2024,0.0,0.0015153324,0
img_03564_2024,0.0,0.0028511526,0
img_03572_2024,0.0,0.0032269338,0
img_03575_2024,0.0,0.021481745,0
img_03553_p01_2024,0.0,0.02389529,0
img_03553_p02_2024,0.0,0.0029538681,0
img_03576_2024,0.0,0.009431932,0
img_03580_2024,0.0,0.0044883913,0
img_03574_2024,0.0,0.0033841948,0
img_03573_2024,0.0,0.0021253626,0
img_03577_2024,0.0,0.00460098,0
img_03578_2024,0.0,0.009089121,0
img_03581_2024,0.0,0.05681794,0
img_03583_2024,0.0,0.006885512,0
img_03584_2024,0.0,0.036251754,0
img_03495_p01_2024,0.0,0.001072102,0
img_03495_p02_2024,0.0,0.0029637825,0
img_03495_p03_2024,0.0,0.0036907326,0
img_03495_p04_2024,0.0,0.012870822,0
img_03495_p05_2024,0.0,0.0017500551,0
img_03582_2024,0.0,0.032845292,0
img_03585_2024,0.0,0.99007016,1
img_03588_2024,0.0,0.10314391,0
img_03579_2024,0.0,0.0034595844,0
img_03587_2024,0.0,0.01655997,0
img_03589_2024,0.0,0.01796462,0
img_03593_2024,0.0,0.003296349,0
img_03591_2024,0.0,0.018101348,0
img_03590_2024,0.0,0.0042598667,0
img_03598_2024,0.0,0.0013476086,0
img_03596_2024,0.0,0.0008999938,0
img_03597_2024,0.0,0.0013175237,0
img_03595_2024,0.0,0.0022001362,0
img_03594_2024,0.0,0.045588527,0
img_03599_2024,0.0,0.066959746,0
img_03586_2024,0.0,0.0019578303,0
img_03602_2024,0.0,0.9256999,1
img_03537_p01_2024,0.0,0.0064994125,0
img_03537_p02_2024,0.0,0.005983259,0
img_03537_p03_2024,0.0,0.010364312,0
img_03537_p04_2024,0.0,0.02755154,0
img_03600_2024,0.0,0.006899354,0
img_03592_2024,0.0,0.008277194,0
img_03608_2024,0.0,0.012429801,0
img_03604_2024,0.0,0.05620666,0
img_03603_2024,0.0,0.005719048,0
img_03601_2024,0.0,0.018020436,0
img_03605_2024,0.0,0.005277357,0
img_03607_2024,0.0,0.0020792542,0
img_03609_2024,0.0,0.016305981,0
img_03606_2024,0.0,0.011469743,0
img_03614_2024,0.0,0.0063128537,0
img_03613_2024,0.0,0.011175138,0
img_03616_2024,0.0,0.9851341,1
img_03620_2024,0.0,0.012240415,0
img_03612_2024,0.0,0.013035457,0
img_03621_2024,0.0,0.01161681,0
img_03619_2024,0.0,0.018854298,0
img_03624_2024,0.0,0.0024870997,0
img_03610_2024,0.0,0.017412568,0
img_03618_2024,0.0,0.011533715,0
img_03615_2024,0.0,0.0050370432,0
img_03623_2024,0.0,0.0016694686,0
img_03622_2024,0.0,0.20843603,0
img_03625_2024,0.0,0.0060291,0
img_03627_2024,0.0,0.0013570085,0
img_03565_p01_2024,0.0,0.0052565094,0
img_03565_p02_2024,0.0,0.0012488051,0
img_03565_p03_2024,0.0,0.0015823089,0
img_03565_p04_2024,0.0,0.0013457726,0
img_03629_2024,0.0,0.28515118,0
img_03626_2024,0.0,0.008796242,0
img_03628_2024,0.0,0.005239115,0
img_03631_2024,0.0,0.010932887,0
img_03632_2024,0.0,0.008100298,0
img_03557_p01_2024,0.0,0.0014400053,0
img_03557_p02_2024,0.0,0.0003868478,0
img_03557_p03_2024,0.0,0.0022359747,0
img_03557_p04_2024,0.0,0.0025201677,0
img_03635_2024,0.0,0.006010851,0
img_03637_2024,0.0,0.0025210548,0
img_03634_2024,0.0,0.004746702,0
img_03638_2024,0.0,0.011684648,0
img_03640_2024,0.0,0.6816998,0
img_03641_2024,0.0,0.0012386705,0
img_03630_2024,0.0,0.0005703434,0
img_03633_2024,0.0,0.028966585,0
img_03642_2024,0.0,0.0030303218,0
img_03645_2024,0.0,0.0074693635,0
img_03639_2024,0.0,0.008805452,0
img_03646_2024,0.0,0.005510967,0
img_03617_p01_2024,0.0,0.0058973134,0
img_03617_p02_2024,0.0,0.00328755,0
img_03648_2024,0.0,0.0055049574,0
img_03649_2024,0.0,0.031951644,0
img_03650_2024,0.0,0.011571635,0
img_03651_2024,0.0,0.005386624,0
img_03653_2024,0.0,0.00083058584,0
img_03652_2024,0.0,0.0033770986,0
img_03647_2024,0.0,0.10110964,0
img_03657_2024,0.0,0.011792859,0
img_03654_2024,0.0,0.01001889,0
img_03636_p01_2024,0.0,0.016010491,0
img_03636_p02_2024,0.0,0.0029075022,0
img_03643_2024,0.0,0.075755306,0
img_03656_2024,0.0,0.0016523941,0
img_03611_p01_2024,0.0,0.02412318,0
img_03611_p02_2024,0.0,0.011935209,0
img_03611_p03_2024,0.0,0.0029985982,0
img_03660_2024,0.0,0.0037796625,0
img_03665_2024,0.0,0.010161505,0
img_03661_2024,0.0,0.05166495,0
img_03662_2024,0.0,0.0016430488,0
img_03658_2024,0.0,0.011756478,0
img_03668_2024,0.0,0.01655119,0
img_03667_2024,0.0,0.0054754904,0
img_03664_2024,0.0,0.0008072667,0
img_03669_2024,0.0,0.02271338,0
img_03666_2024,0.0,0.06930707,0
img_03670_2024,0.0,0.008371008,0
img_03672_2024,0.0,0.0016088126,0
img_03663_2024,0.0,0.0044268817,0
img_03673_2024,0.0,0.0020320863,0
img_03671_2024,0.0,0.0024308078,0
img_03655_p01_2024,0.0,0.022567056,0
img_03655_p02_2024,0.0,0.00523787,0
img_03659_2024,0.0,0.0076970896,0
img_03675_2024,0.0,0.017418165,0
img_03677_2024,0.0,0.20336467,0
img_03679_2024,0.0,0.04004897,0
img_03681_2024,0.0,0.0045097885,0
img_03685_2024,0.0,0.0014106177,0
img_03689_2024,0.0,0.0053058397,0
img_03691_2024,0.0,0.0032111472,0
img_03690_2024,0.0,0.008551451,0
img_03687_2024,0.0,0.0024649363,0
img_03683_2024,0.0,0.0046645007,0
img_03684_2024,0.0,0.006608737,0
img_03688_2024,0.0,0.003927809,0
img_03692_2024,0.0,0.011668498,0
img_03680_2024,0.0,0.002582337,0
img_03686_2024,0.0,0.0042221723,0
img_03676_2024,0.0,0.0018606758,0
img_03693_2024,0.0,0.010467545,0
img_03695_2024,0.0,0.22445041,0
img_03678_p01_2024,0.0,0.0035966567,0
img_03678_p02_2024,0.0,0.035092093,0
img_03694_2024,0.0,0.006080311,0
img_03696_2024,0.0,0.028975725,0
img_03697_2024,0.0,0.0068902024,0
img_03701_2024,0.0,0.049520995,0
img_03644_p01_2024,0.0,0.0013705441,0
img_03644_p02_2024,0.0,0.0016656504,0
img_03644_p03_2024,0.0,0.0017266127,0
img_03644_p04_2024,0.0,0.0021027715,0
img_03674_p01_2024,0.0,0.0041469582,0
img_03674_p02_2024,0.0,0.00089678855,0
img_03705_2024,0.0,0.0053283274,0
img_03703_2024,0.0,0.0038664662,0
img_03698_2024,0.0,0.012614438,0
img_03707_2024,0.0,0.013512608,0
img_03699_2024,0.0,0.15891674,0
img_03706_2024,0.0,0.004488732,0
img_03700_2024,0.0,0.008706321,0
img_03710_2024,0.0,0.027967405,0
img_03704_2024,0.0,0.010136913,0
img_03712_2024,0.0,0.025627606,0
img_03506_p01_2024,0.0,0.00097374734,0
img_03506_p02_2024,0.0,0.0010910342,0
img_03506_p03_2024,0.0,0.00039194536,0
img_03506_p04_2024,0.0,0.0018962919,0
img_03506_p05_2024,0.0,0.00518309,0
img_03506_p06_2024,0.0,0.005013169,0
img_03506_p07_2024,0.0,0.0034023523,0
img_03506_p08_2024,0.0,0.005798861,0
img_03506_p09_2024,0.0,0.0012077908,0
img_03708_2024,0.0,0.005004402,0
img_03702_2024,0.0,0.29803118,0
img_03711_2024,0.0,0.0086398395,0
img_03682_p01_2024,0.0,0.009448627,0
img_03682_p02_2024,0.0,0.008719257,0
img_03713_2024,0.0,0.04329486,0
img_03709_2024,0.0,0.010781388,0
img_03715_2024,0.0,0.0019228442,0
img_03720_2024,0.0,0.056492005,0
img_03718_2024,0.0,0.0012645104,0
img_03717_2024,0.0,0.01895933,0
img_03723_2024,0.0,0.0149399545,0
img_03726_2024,0.0,0.67462325,0
img_03721_2024,0.0,0.0077856844,0
img_03729_2024,0.0,0.004996324,0
img_03728_2024,0.0,0.003688764,0
img_03731_2024,0.0,0.00042193555,0
img_03725_2024,0.0,0.016761174,0
img_03733_2024,0.0,0.0039235856,0
img_03738_2024,0.0,0.012562275,0
img_03735_2024,0.0,0.015227385,0
img_03732_2024,0.0,0.0007754021,0
img_03724_2024,0.0,0.00066787755,0
img_03739_2024,0.0,0.0005106036,0
img_03737_2024,0.0,0.19590247,0
img_03740_2024,0.0,0.031472314,0
img_03727_2024,0.0,0.00032732674,0
img_03716_2024,0.0,0.2212694,0
img_03741_2024,0.0,0.0017853428,0
img_03736_2024,0.0,0.0016337399,0
img_03745_2024,0.0,0.00035677975,0
img_03719_2024,0.0,0.04193995,0
img_03742_2024,0.0,0.0014339971,0
img_03744_2024,0.0,0.00072864,0
img_03722_2024,0.0,0.0011417494,0
img_03747_2024,0.0,0.0020687191,0
img_03743_2024,0.0,0.030806663,0
img_03746_2024,0.0,0.003947345,0
img_03749_2024,0.0,0.0038898252,0
img_03748_2024,0.0,0.008355336,0
img_03734_p01_2024,0.0,0.013093249,0
img_03734_p02_2024,0.0,0.017434511,0
img_03758_2024,0.0,0.010416638,0
img_03752_2024,0.0,0.0025282658,0
img_03751_2024,0.0,0.002507701,0
img_03756_2024,0.0,0.0052387123,0
img_03750_2024,0.0,0.0031459974,0
img_03757_2024,0.0,0.002005285,0
img_03759_2024,0.0,0.007875827,0
img_03760_2024,0.0,0.007938027,0
img_03753_2024,0.0,0.011133435,0
img_03754_2024,0.0,0.0033418809,0
img_03764_2024,0.0,0.01624842,0
img_03761_2024,0.0,0.003208111,0
img_03765_2024,0.0,0.0053503895,0
img_03768_2024,0.0,0.14199291,0
img_03769_2024,0.0,0.0036691504,0
img_03755_2024,0.0,0.0031975463,0
img_03774_2024,0.0,0.000851945,0
img_03766_2024,0.0,0.0063779266,0
img_03762_2024,0.0,0.7256111,1
img_03773_2024,0.0,0.0022936163,0
img_03772_2024,0.0,0.008089111,0
img_03776_2024,0.0,0.8441646,1
img_03763_2024,0.0,0.0016720488,0
img_03775_2024,0.0,0.003191682,0
img_03770_2024,0.0,0.045955367,0
img_03777_2024,0.0,0.11394715,0
img_03767_2024,0.0,0.0023102148,0
img_03771_2024,0.0,0.0012916998,0
img_03781_2024,0.0,0.008237952,0
img_03780_2024,0.0,0.0066431263,0
img_03779_2024,0.0,0.005857211,0
img_03784_2024,0.0,0.13723762,0
img_03782_2024,0.0,0.009409055,0
img_03786_2024,0.0,0.0007889892,0
img_03788_2024,0.0,0.037915234,0
img_03789_2024,0.0,0.3952449,0
img_03787_2024,0.0,0.9683848,1
img_03785_2024,0.0,0.0002136676,0
img_03790_2024,0.0,0.009841619,0
img_03791_2024,0.0,0.0016158705,0
img_03793_2024,0.0,0.008758345,0
img_03792_2024,0.0,0.0027259598,0
img_03797_2024,0.0,0.0023673195,0
img_03796_2024,0.0,0.005181384,0
img_03794_2024,0.0,0.0055080857,0
img_03799_2024,0.0,0.032850597,0
img_03783_2024,0.0,0.0073179244,0
img_03798_2024,0.0,0.00013515106,0
img_03730_p01_2024,0.0,0.018423326,0
img_03730_p02_2024,0.0,0.0014875365,0
img_03730_p03_2024,0.0,0.013038463,0
img_03730_p04_2024,0.0,0.0023425794,0
img_03778_p01_2024,0.0,0.0045883697,0
img_03778_p02_2024,0.0,0.0028569484,0
img_03801_2024,0.0,0.6897513,0
img_03795_2024,0.0,0.0019521762,0
img_03802_2024,0.0,0.048347257,0
img_03803_2024,0.0,0.003147321,0
img_03804_2024,0.0,0.07997654,0
img_03806_2024,0.0,0.001628721,0
img_03805_2024,0.0,0.0054525966,0
img_03808_2024,0.0,0.0011761278,0
img_03809_2024,0.0,0.07549354,0
img_03807_2024,0.0,0.003032087,0
img_03810_2024,0.0,0.011968777,0
img_03812_2024,0.0,0.005132056,0
img_03815_2024,0.0,0.01145421,0
img_03811_2024,0.0,0.04054455,0
img_03816_2024,0.0,0.036284696,0
img_03817_2024,0.0,0.9803059,1
img_03814_2024,0.0,0.0040191156,0
img_03818_2024,0.0,0.010662949,0
img_03819_2024,0.0,0.002941569,0
img_03813_2024,0.0,0.056928977,0
img_03824_2024,0.0,0.0043044984,0
img_03823_2024,0.0,0.0033183803,0
img_03822_2024,0.0,0.004040147,0
img_03826_2024,0.0,0.0018855276,0
img_03825_2024,0.0,0.0052543585,0
img_03828_2024,0.0,0.0022474376,0
img_03830_2024,0.0,0.00059550046,0
img_03829_2024,0.0,0.0008535075,0
img_03833_2024,0.0,0.026115805,0
img_03831_2024,0.0,0.0016836902,0
img_03827_2024,0.0,0.0027067992,0
img_03838_2024,0.0,0.07497143,0
img_03840_2024,0.0,0.9916176,1
img_03837_2024,0.0,0.0012268621,0
img_03836_2024,0.0,0.003069386,0
img_03832_2024,0.0,0.003180495,0
img_03839_2024,0.0,0.009194707,0
img_03820_p01_2024,0.0,0.012223472,0
img_03820_p02_2024,0.0,0.0079943,0
img_03835_2024,0.0,0.27444318,0
img_03841_2024,0.0,0.007612459,0
img_03842_2024,0.0,0.0046377103,0
img_03846_2024,0.0,0.0007633091,0
img_03847_2024,0.0,0.00983357,0
img_03849_2024,0.0,0.0024433264,0
img_03845_2024,0.0,0.049639963,0
img_03848_2024,0.0,0.012025489,0
img_03850_2024,0.0,0.0026495238,0
img_03852_2024,0.0,0.00923023,0
img_03858_2024,0.0,0.18457082,0
img_03853_2024,0.0,0.005809229,0
img_03855_2024,0.0,0.0017453938,0
img_03854_2024,0.0,0.0009762667,0
img_03800_p01_2024,0.0,0.0009149837,0
img_03800_p02_2024,0.0,0.00024502652,0
img_03800_p03_2024,0.0,0.0015424335,0
img_03800_p04_2024,0.0,0.0011174132,0
img_03860_2024,0.0,0.004730953,0
img_03851_2024,0.0,0.0066694585,0
img_03857_2024,0.0,0.002876918,0
img_03843_2024,0.0,0.0053680474,0
img_03844_p01_2024,0.0,0.007942501,0
img_03844_p02_2024,0.0,0.005519946,0
img_03856_2024,0.0,0.012715422,0
img_03861_2024,0.0,0.012582011,0
img_03863_2024,0.0,0.0010164643,0
img_03862_2024,0.0,0.10345012,0
img_03859_2024,0.0,0.0045638126,0
img_03865_2024,0.0,0.0014754414,0
img_03871_2024,0.0,0.0024961696,0
img_03870_2024,0.0,0.002411628,0
img_03868_2024,0.0,0.056905035,0
img_03864_2024,0.0,0.00134662,0
img_03867_2024,0.0,0.024321193,0
img_03872_2024,0.0,0.0026717847,0
img_03869_2024,0.0,0.17776293,0
img_03866_2024,0.0,0.013496491,0
img_03875_2024,0.0,0.0045430786,0
img_03874_2024,0.0,0.002585397,0
img_03873_2024,0.0,0.0041572764,0
img_03876_2024,0.0,0.0038262226,0
img_03877_2024,0.0,0.0036983748,0
img_03821_p01_2024,0.0,0.0024923224,0
img_03821_p02_2024,0.0,0.021472024,0
img_03821_p03_2024,0.0,0.009701625,0
img_03821_p04_2024,0.0,0.007933245,0
img_03883_2024,0.0,0.5514436,0
img_03885_2024,0.0,0.008514632,0
img_03878_2024,0.0,0.0063001392,0
img_03714_p01_2024,0.0,0.006735821,0
img_03714_p02_2024,0.0,0.00088389695,0
img_03714_p03_2024,0.0,0.028658623,0
img_03714_p04_2024,0.0,0.0016509828,0
img_03714_p05_2024,0.0,0.0028027347,0
img_03714_p06_2024,0.0,0.007807285,0
img_03887_2024,0.0,0.0021237745,0
img_03886_2024,0.0,0.009624899,0
img_03881_2024,0.0,0.0019244435,0
img_03890_2024,0.0,0.0029331117,0
img_03888_2024,0.0,0.0068528517,0
img_03882_2024,0.0,0.0019434403,0
img_03891_2024,0.0,0.034059457,0
img_03880_2024,0.0,0.010085982,0
img_03892_2024,0.0,0.0024167048,0
img_03893_2024,0.0,0.0036893405,0
img_03884_2024,0.0,0.00066929625,0
img_03834_p01_2024,0.0,0.0015158895,0
img_03834_p02_2024,0.0,0.02710081,0
img_03834_p03_2024,0.0,0.050277386,0
img_03834_p04_2024,0.0,0.010226497,0
img_03889_2024,0.0,0.00467387,0
img_03900_2024,0.0,0.0116241975,0
img_03894_2024,0.0,0.0013824116,0
img_03902_2024,0.0,0.049607296,0
img_03901_2024,0.0,0.020783614,0
img_03897_2024,0.0,0.034334887,0
img_03899_2024,0.0,0.0103343595,0
img_03898_2024,0.0,0.0028350009,0
img_03903_2024,0.0,0.017447643,0
img_03904_2024,0.0,0.11523865,0
img_03895_2024,0.0,0.012188413,0
img_03905_2024,0.0,0.0016822201,0
img_03908_2024,0.0,0.0018033492,0
img_03907_2024,0.0,0.020483833,0
img_03909_2024,0.0,0.013527331,0
img_03906_2024,0.0,0.0027586047,0
img_03913_2024,0.0,0.007983503,0
img_03911_2024,0.0,0.016660329,0
img_03919_2024,0.0,0.009273138,0
img_03912_2024,0.0,0.019765813,0
img_03916_2024,0.0,0.009740202,0
img_03910_2024,0.0,0.010513552,0
img_03920_2024,0.0,0.0062429663,0
img_03915_2024,0.0,0.008790133,0
img_03914_2024,0.0,0.0045703747,0
img_03923_2024,0.0,0.0058782506,0
img_03925_2024,0.0,0.05292794,0
img_03922_2024,0.0,0.004569448,0
img_03896_2024,0.0,0.0015681194,0
img_03924_2024,0.0,0.0072931363,0
img_03928_2024,0.0,0.0053206575,0
img_03926_2024,0.0,0.80841666,1
img_03929_2024,0.0,0.012730228,0
img_03927_2024,0.0,0.0031623153,0
img_03931_2024,0.0,0.0046328725,0
img_03921_2024,0.0,0.006353556,0
img_03918_2024,0.0,0.006840955,0
img_03932_2024,0.0,0.009406896,0
img_03937_2024,0.0,0.6801947,0
img_03936_2024,0.0,0.00231804,0
img_03939_2024,0.0,0.14856671,0
img_03934_2024,0.0,0.011848318,0
img_03933_2024,0.0,0.003661589,0
img_03941_2024,0.0,0.024270242,0
img_03935_2024,0.0,0.0031544487,0
img_03942_2024,0.0,0.27682987,0
img_03930_2024,0.0,0.006034495,0
img_03938_2024,0.0,0.04591539,0
img_03947_2024,0.0,0.0037342845,0
img_03945_2024,0.0,0.0037479782,0
img_03943_2024,0.0,0.0020143613,0
img_03952_2024,0.0,0.013868917,0
img_03944_2024,0.0,0.001526138,0
img_03946_2024,0.0,0.0023281346,0
img_03950_2024,0.0,0.01640491,0
img_03954_2024,0.0,0.03560457,0
img_03948_2024,0.0,0.0008912294,0
img_03951_2024,0.0,0.015885506,0
img_03949_2024,0.0,0.0027009153,0
img_03940_2024,0.0,0.0015920186,0
img_03953_2024,0.0,0.0500742,0
img_03957_2024,0.0,0.9857551,1
img_03917_p01_2024,0.0,0.02023774,0
img_03917_p02_2024,0.0,0.076384485,0
img_03963_2024,0.0,0.0018354363,0
img_03964_2024,0.0,0.004377648,0
img_03961_2024,0.0,0.031539116,0
img_03965_2024,0.0,0.0077570598,0
img_03962_2024,0.0,0.0010968957,0
img_03956_2024,0.0,0.0069745206,0
img_03967_2024,0.0,0.23330323,0
img_03969_2024,0.0,0.0071973884,0
img_03960_2024,0.0,0.011488794,0
img_03966_2024,0.0,0.012389157,0
img_03955_2024,0.0,0.008381135,0
img_03968_2024,0.0,0.033865966,0
img_03959_2024,0.0,0.0077637164,0
img_03971_2024,0.0,0.0024639128,0
img_03974_2024,0.0,0.0031880643,0
img_03972_2024,0.0,0.027457567,0
img_03975_2024,0.0,0.0018456666,0
img_03973_2024,0.0,0.023658782,0
img_03980_2024,0.0,0.03787072,0
img_03978_2024,0.0,0.012026542,0
img_03976_2024,0.0,0.0019895658,0
img_03984_2024,0.0,0.004233949,0
img_03977_2024,0.0,0.0020336884,0
img_03981_2024,0.0,0.039993536,0
img_03982_2024,0.0,0.033739157,0
img_03979_2024,0.0,0.004488176,0
img_03970_2024,0.0,0.0030253716,0
img_03986_2024,0.0,0.00094549876,0
img_03987_2024,0.0,0.0043621296,0
img_03988_2024,0.0,0.002532649,0
img_03985_2024,0.0,0.3194942,0
img_03958_p01_2024,0.0,0.0066479202,0
img_03958_p02_2024,0.0,0.008980713,0
img_03994_2024,0.0,0.014300103,0
img_03992_2024,0.0,0.03603069,0
img_03995_2024,0.0,0.027114047,0
img_03997_2024,0.0,0.013646871,0
img_04003_2024,0.0,0.001696957,0
img_03993_2024,0.0,0.020972092,0
img_04000_2024,0.0,0.013871832,0
img_04001_2024,0.0,0.0037019467,0
img_03998_2024,0.0,0.018461505,0
img_03991_2024,0.0,0.0078793345,0
img_04002_2024,0.0,0.06768323,0
img_03999_2024,0.0,0.022800129,0
img_04004_2024,0.0,0.00052969425,0
img_04006_2024,0.0,0.0025409046,0
img_04007_2024,0.0,0.00016152408,0
img_04005_2024,0.0,0.0023640008,0
img_04010_2024,0.0,0.8451613,1
img_04013_2024,0.0,0.010963237,0
img_04014_2024,0.0,0.002053132,0
img_04015_2024,0.0,0.0025043755,0
img_04008_2024,0.0,0.008766151,0
img_03990_p01_2024,0.0,0.010593729,0
img_03990_p02_2024,0.0,0.009595862,0
img_04018_2024,0.0,0.029156446,0
img_04016_2024,0.0,0.00086294813,0
img_04011_2024,0.0,0.014738284,0
img_04009_2024,0.0,0.0056862063,0
img_04020_2024,0.0,0.019747294,0
img_04022_2024,0.0,0.03858854,0
img_04019_2024,0.0,0.0033638922,0
img_04025_2024,0.0,0.0070092925,0
img_04017_2024,0.0,0.005086621,0
img_04024_2024,0.0,0.008816274,0
img_04021_2024,0.0,0.002239209,0
img_04029_2024,0.0,0.009874749,0
img_04028_2024,0.0,0.0043696472,0
img_04026_2024,0.0,0.005355297,0
img_04030_2024,0.0,0.010422911,0
img_04023_2024,0.0,0.011432504,0
img_04031_2024,0.0,0.0050246767,0
img_04012_p01_2024,0.0,0.010259849,0
img_04012_p02_2024,0.0,0.01066241,0
img_04032_2024,0.0,0.039143305,0
img_04036_2024,0.0,0.004022337,0
img_04033_2024,0.0,0.0040985043,0
img_04037_2024,0.0,0.017072935,0
img_04035_2024,0.0,0.007068964,0
img_04027_2024,0.0,0.00061810954,0
img_04039_2024,0.0,0.0021861983,0
img_04038_2024,0.0,0.006597558,0
img_04043_2024,0.0,0.0023473708,0
img_04040_2024,0.0,0.0037175012,0
img_04042_2024,0.0,0.001881911,0
img_04044_2024,0.0,0.035049774,0
img_04046_2024,0.0,0.051162213,0
img_03879_p01_2024,0.0,0.00047981998,0
img_03879_p02_2024,0.0,0.0024857812,0
img_03879_p03_2024,0.0,0.0026087675,0
img_03879_p04_2024,0.0,0.0071168006,0
img_03879_p05_2024,0.0,0.004934423,0
img_03879_p06_2024,0.0,0.008065897,0
img_04045_2024,0.0,0.029906942,0
img_04047_2024,0.0,0.0003423326,0
img_04048_2024,0.0,0.05466958,0
img_04050_2024,0.0,0.0055230227,0
img_04054_2024,0.0,0.0013509471,0
img_04049_2024,0.0,0.0009257716,0
img_04051_2024,0.0,0.01360232,0
img_04053_2024,0.0,0.0022752027,0
img_04057_2024,0.0,0.0019787871,0
img_04052_2024,0.0,0.0045024175,0
img_04056_2024,0.0,0.0056795427,0
img_04055_2024,0.0,0.0010197486,0
img_04058_2024,0.0,0.0030065477,0
img_04059_2024,0.0,0.0047879457,0
img_03996_p01_2024,0.0,0.0026821957,0
img_03996_p02_2024,0.0,0.012467711,0
img_03996_p03_2024,0.0,0.022935802,0
img_03996_p04_2024,0.0,0.004724343,0
img_04062_2024,0.0,0.0010870493,0
img_04061_2024,0.0,0.010245599,0
img_04063_2024,0.0,0.004851817,0
img_04066_2024,0.0,0.0005586058,0
img_04065_2024,0.0,0.0048640645,0
img_04067_2024,0.0,0.011630916,0
img_04064_2024,0.0,0.002131435,0
img_04070_2024,0.0,0.007373437,0
img_04072_2024,0.0,0.009706629,0
img_04073_2024,0.0,0.008655725,0
img_04075_2024,0.0,0.025834564,0
img_03983_p01_2024,0.0,0.0047270204,0
img_03983_p02_2024,0.0,0.03898559,0
img_03983_p03_2024,0.0,0.0050831567,0
img_03983_p04_2024,0.0,0.0071017356,0
img_04071_2024,0.0,0.0010310988,0
img_04074_2024,0.0,0.0023854885,0
img_04077_2024,0.0,0.025379265,0
img_04068_2024,0.0,0.0008779638,0
img_04069_2024,0.0,0.033715475,0
img_04076_2024,0.0,0.00036353202,0
img_04082_2024,0.0,0.024349278,0
img_04078_2024,0.0,0.0064426884,0
img_04086_2024,0.0,0.0011347547,0
img_04081_2024,0.0,0.005269788,0
img_04087_2024,0.0,0.008432048,0
img_04079_2024,0.0,0.0061179516,0
img_04085_2024,0.0,0.0081848595,0
img_04080_2024,0.0,0.10308051,0
img_04089_2024,0.0,0.020587018,0
img_04088_2024,0.0,0.0028967464,0
img_04083_2024,0.0,0.0021850285,0
img_04084_2024,0.0,0.07118206,0
img_04090_2024,0.0,0.06791102,0
img_04092_2024,0.0,0.0020885745,0
img_04091_2024,0.0,0.00013584968,0
img_04094_2024,0.0,0.0048146346,0
img_04093_2024,0.0,0.010726785,0
img_04096_2024,0.0,0.0032408717,0
img_04095_2024,0.0,0.0035354057,0
img_04098_2024,0.0,0.015112335,0
img_04097_2024,0.0,0.0014684811,0
img_04099_2024,0.0,0.004644349,0
img_04101_2024,0.0,0.013390235,0
img_04104_2024,0.0,0.0019520685,0
img_04103_2024,0.0,0.0056969384,0
img_04105_2024,0.0,0.04763698,0
img_04107_2024,0.0,0.01844059,0
img_04102_2024,0.0,0.0058181887,0
img_04106_2024,0.0,0.02007047,0
img_04109_2024,0.0,0.009117229,0
img_04111_2024,0.0,0.0016033845,0
img_04108_2024,0.0,0.00055255473,0
img_04113_2024,0.0,0.004366097,0
img_04112_2024,0.0,0.023132753,0
img_04110_2024,0.0,0.005454699,0
img_04115_2024,0.0,0.00455615,0
img_04116_2024,0.0,0.0017504133,0
img_03989_p01_2024,0.0,0.01139576,0
img_03989_p02_2024,0.0,0.006406886,0
img_03989_p03_2024,0.0,0.014499396,0
img_03989_p04_2024,0.0,0.0031598196,0
img_03989_p05_2024,0.0,0.013236374,0
img_03989_p06_2024,0.0,0.0019868398,0
img_03989_p07_2024,0.0,0.0022465556,0
img_04121_2024,0.0,0.0037768593,0
img_04120_2024,0.0,0.018133353,0
img_04123_2024,0.0,0.016653018,0
img_04124_2024,0.0,0.0033020251,0
img_04118_2024,0.0,0.0130248545,0
img_04114_2024,0.0,0.0038266587,0
img_04117_2024,0.0,0.000985242,0
img_04128_2024,0.0,0.006720022,0
img_04125_2024,0.0,0.00803408,0
img_04132_2024,0.0,0.03012934,0
img_04126_2024,0.0,0.018233482,0
img_04119_2024,0.0,0.00093322445,0
img_04041_p01_2024,0.0,0.0033884014,0
img_04041_p02_2024,0.0,0.0010378081,0
img_04041_p03_2024,0.0,0.026546286,0
img_04041_p04_2024,0.0,0.028439404,0
img_04041_p05_2024,0.0,0.00044474885,0
img_04138_2024,0.0,0.030548442,0
img_04133_2024,0.0,0.0026544768,0
img_04127_2024,0.0,0.9331112,1
img_04131_2024,0.0,0.014866045,0
img_04139_2024,0.0,0.0009492456,0
img_04135_2024,0.0,0.0033468301,0
img_04146_2024,0.0,0.0036800557,0
img_04147_2024,0.0,0.00084311696,0
img_04136_2024,0.0,0.0015279069,0
img_04141_2024,0.0,0.0035672633,0
img_04143_2024,0.0,0.0016867346,0
img_04129_2024,0.0,0.005469264,0
img_04144_2024,0.0,0.004782518,0
img_04134_2024,0.0,0.039735068,0
img_04145_2024,0.0,0.005137361,0
img_04152_2024,0.0,0.02381438,0
img_04137_2024,0.0,0.0021016903,0
img_04150_2024,0.0,0.011788237,0
img_04151_2024,0.0,0.0046547833,0
img_04130_2024,0.0,0.003274582,0
img_04149_2024,0.0,0.006494891,0
img_04157_2024,0.0,0.0028851097,0
img_04155_2024,0.0,0.0073454925,0
img_04100_p01_2024,0.0,0.0020930155,0
img_04100_p02_2024,0.0,0.0012887089,0
img_04148_2024,0.0,0.0081924535,0
img_04142_2024,0.0,0.2667312,0
img_04153_2024,0.0,0.0008464318,0
img_04159_2024,0.0,0.0036408752,0
img_04122_p01_2024,0.0,0.011392757,0
img_04122_p02_2024,0.0,0.005203653,0
img_04122_p03_2024,0.0,0.003086009,0
img_04154_2024,0.0,0.0052261115,0
img_04158_2024,0.0,0.0028865847,0
img_04140_2024,0.0,0.008475464,0
img_04160_2024,0.0,0.0019900126,0
img_04156_2024,0.0,0.0116279395,0
img_04165_2024,0.0,0.028949328,0
img_04162_2024,0.0,0.00740586,0
img_04168_2024,0.0,0.0021950097,0
img_04169_2024,0.0,0.020560233,0
img_04166_2024,0.0,0.0021348342,0
img_04161_2024,0.0,0.0027418036,0
img_04167_2024,0.0,0.0032247426,0
img_04170_2024,0.0,0.010673024,0
img_04171_2024,0.0,0.008062632,0
img_04163_2024,0.0,0.0033922954,0
img_04164_2024,0.0,0.014064373,0
img_04172_2024,0.0,0.006031281,0
img_04179_2024,0.0,0.12818955,0
img_04175_2024,0.0,0.0066726343,0
img_04185_2024,0.0,0.003115706,0
img_04180_2024,0.0,0.0027116074,0
img_04184_2024,0.0,0.20256487,0
img_04186_2024,0.0,0.003278371,0
img_04181_2024,0.0,0.004705837,0
img_04187_2024,0.0,0.0007689148,0
img_04178_2024,0.0,0.0011895786,0
img_04188_2024,0.0,0.022219175,0
img_04173_2024,0.0,0.0031536482,0
img_04183_2024,0.0,0.06389283,0
img_04174_2024,0.0,0.006651744,0
img_04182_2024,0.0,0.006689127,0
img_04191_2024,0.0,0.023629721,0
img_04189_2024,0.0,0.009157751,0
img_04193_2024,0.0,0.033457786,0
img_04177_2024,0.0,0.0008081171,0
img_04190_2024,0.0,0.18788595,0
img_04196_2024,0.0,0.011567927,0
img_04034_p01_2024,0.0,0.0026970278,0
img_04034_p02_2024,0.0,0.0016494658,0
img_04034_p03_2024,0.0,0.0043592416,0
img_04034_p04_2024,0.0,0.000742626,0
img_04034_p05_2024,0.0,0.0013827486,0
img_04034_p06_2024,0.0,0.0070079416,0
img_04192_2024,0.0,0.010013382,0
img_04195_2024,0.0,0.0029700198,0
img_04197_2024,0.0,0.5622863,0
img_04204_2024,0.0,0.009911817,0
img_04203_2024,0.0,0.0031755662,0
img_04211_2024,0.0,0.0061477367,0
img_04205_2024,0.0,0.12809768,0
img_04208_2024,0.0,0.0062011248,0
img_04207_2024,0.0,0.048281964,0
img_04212_2024,0.0,0.0758972,0
img_04206_2024,0.0,0.01163952,0
img_04198_2024,0.0,0.0053735217,0
img_04214_2024,0.0,0.013961072,0
img_04209_2024,0.0,0.007737325,0
img_04200_2024,0.0,0.046281703,0
img_04213_2024,0.0,0.016384019,0
img_04194_2024,0.0,0.06268717,0
img_04210_2024,0.0,0.14970185,0
img_04216_2024,0.0,0.15821156,0
img_04199_2024,0.0,0.0033903215,0
img_04215_2024,0.0,0.013746452,0
img_04217_2024,0.0,0.047298294,0
img_04218_2024,0.0,0.003070371,0
img_04201_2024,0.0,0.0043437327,0
img_04223_2024,0.0,0.044403847,0
img_04219_2024,0.0,0.0130968485,0
img_04176_2024,0.0,0.011975404,0
img_04221_2024,0.0,0.0048113805,0
img_04222_2024,0.0,0.003539954,0
img_04220_2024,0.0,0.21289694,0
img_04227_2024,0.0,0.008646766,0
img_04225_2024,0.0,0.0027669852,0
img_04228_2024,0.0,0.0040666657,0
img_04202_2024,0.0,0.0052891476,0
img_04231_2024,0.0,0.010583368,0
img_04226_2024,0.0,0.0031677734,0
img_04232_2024,0.0,0.0038765026,0
img_04230_2024,0.0,0.013498441,0
img_04234_2024,0.0,0.0014037357,0
img_04229_2024,0.0,0.03737281,0
img_04224_2024,0.0,0.00092966564,0
img_04233_2024,0.0,0.023278775,0
img_04235_2024,0.0,0.0045119254,0
img_04238_2024,0.0,0.007374166,0
img_04242_2024,0.0,0.010798607,0
img_04236_2024,0.0,0.0032174399,0
img_04254_2024,0.0,0.006108316,0
img_04250_2024,0.0,0.007291248,0
img_04246_2024,0.0,0.0013873224,0
img_04249_2024,0.0,0.0042938045,0
img_04247_2024,0.0,0.101113304,0
img_04243_2024,0.0,0.054744225,0
img_04240_2024,0.0,0.026100544,0
img_04252_2024,0.0,0.038453214,0
img_04245_2024,0.0,0.006271183,0
img_04239_2024,0.0,0.021068612,0
img_04241_2024,0.0,0.0064270217,0
img_04251_2024,0.0,0.013929272,0
img_04257_2024,0.0,0.0046864646,0
img_04256_2024,0.0,0.9123961,1
img_04244_2024,0.0,0.94249964,1
img_04253_2024,0.0,0.07953507,0
img_04255_2024,0.0,0.39721406,0
img_04248_2024,0.0,0.009518285,0
img_04259_2024,0.0,0.0026346995,0
img_04258_2024,0.0,0.0018731306,0
img_04266_2024,0.0,0.003759512,0
img_04260_2024,0.0,0.27804482,0
img_04267_2024,0.0,0.026888639,0
img_04268_2024,0.0,0.026276687,0
img_04265_2024,0.0,0.0009610124,0
img_04271_2024,0.0,0.035843823,0
img_04264_2024,0.0,0.09152037,0
img_04272_2024,0.0,0.0044648475,0
img_04276_2024,0.0,0.017695988,0
img_04274_2024,0.0,0.023612592,0
img_04262_2024,0.0,0.0044852495,0
img_04275_2024,0.0,0.021983534,0
img_04270_2024,0.0,0.0024122188,0
img_04277_2024,0.0,0.01085839,0
img_04261_2024,0.0,0.026548382,0
img_04278_2024,0.0,0.02086849,0
img_04263_2024,0.0,0.080065034,0
img_04281_2024,0.0,0.014377646,0
img_04282_2024,0.0,0.021293044,0
img_04283_2024,0.0,0.00036170054,0
img_04292_2024,0.0,0.024133993,0
img_04273_2024,0.0,0.0060965107,0
img_04279_2024,0.0,0.00810441,0
img_04289_2024,0.0,0.6752062,0
img_04287_2024,0.0,0.11479157,0
img_04290_2024,0.0,0.0063125878,0
img_04288_2024,0.0,0.0072487886,0
img_04284_2024,0.0,0.006999161,0
img_04285_2024,0.0,0.15929702,0
img_04291_2024,0.0,0.007175907,0
img_04293_2024,0.0,0.112954445,0
img_04286_2024,0.0,0.005116964,0
img_04294_2024,0.0,0.015744556,0
img_04299_2024,0.0,0.006972645,0
img_04280_2024,0.0,0.0019494412,0
img_04295_2024,0.0,0.080729455,0
img_04307_2024,0.0,0.0077270335,0
img_04302_2024,0.0,0.0014516728,0
img_04309_2024,0.0,0.21243376,0
img_04305_2024,0.0,0.64223844,0
img_04297_2024,0.0,0.016407235,0
img_04306_2024,0.0,0.00026515647,0
img_04303_2024,0.0,0.008792073,0
img_04301_2024,0.0,0.0011669897,0
img_04304_2024,0.0,0.11684324,0
img_04300_2024,0.0,0.0022800495,0
img_04298_2024,0.0,0.001008589,0
img_04313_2024,0.0,1.2639727e-05,0
img_04311_2024,0.0,0.014363564,0
img_04296_p01_2024,0.0,0.0007234452,0
img_04296_p02_2024,0.0,0.0044720173,0
img_04317_2024,0.0,0.012066443,0
img_04320_2024,0.0,0.0091643995,0
img_04318_2024,0.0,0.0020891689,0
img_04314_2024,0.0,0.0051418156,0
img_04312_2024,0.0,0.37676615,0
img_04237_p01_2024,0.0,0.0032233926,0
img_04237_p02_2024,0.0,0.0015783213,0
img_04237_p03_2024,0.0,7.880181e-05,0
img_04237_p04_2024,0.0,0.042463038,0
img_04322_2024,0.0,0.01937146,0
img_04315_2024,0.0,0.0021250753,0
img_04323_2024,0.0,0.001920556,0
img_04321_2024,0.0,0.07658342,0
img_04327_2024,0.0,0.2661647,0
img_04328_2024,0.0,0.20356053,0
img_04324_2024,0.0,0.42589527,0
img_04329_2024,0.0,0.013299062,0
img_04326_2024,0.0,0.4683609,0
img_04331_2024,0.0,0.00096304447,0
img_04330_2024,0.0,0.05404247,0
img_04325_2024,0.0,0.2308603,0
img_04333_2024,0.0,0.6082762,0
img_04332_2024,0.0,0.0017274275,0
img_04334_2024,0.0,0.0011096194,0
img_04316_p01_2024,0.0,0.002507861,0
img_04316_p02_2024,0.0,0.0014966726,0
img_04338_2024,0.0,0.0054812366,0
img_04336_2024,0.0,0.010924496,0
img_04342_2024,0.0,0.010472371,0
img_04341_2024,0.0,0.007901458,0
img_04345_2024,0.0,0.030859081,0
img_04339_2024,0.0,0.7859568,1
img_04344_2024,0.0,0.011005316,0
img_04335_2024,0.0,0.00056248304,0
img_04348_2024,0.0,0.0009498775,0
img_04349_2024,0.0,0.0057575163,0
img_04343_2024,0.0,0.0022889562,0
img_04350_2024,0.0,0.06020558,0
img_04352_2024,0.0,0.0030325789,0
img_04346_2024,0.0,0.057100352,0
img_04353_2024,0.0,0.0036972135,0
img_04358_2024,0.0,0.018485792,0
img_04355_2024,0.0,0.0036135882,0
img_04308_p01_2024,0.0,0.0006716739,0
img_04308_p02_2024,0.0,0.00608649,0
img_04308_p03_2024,0.0,0.001663336,0
img_04308_p04_2024,0.0,0.0012437867,0
img_04354_2024,0.0,0.074485585,0
img_04356_2024,0.0,0.03537354,0
img_04359_2024,0.0,0.49698526,0
img_04357_2024,0.0,0.3194194,0
img_04351_2024,0.0,0.010521066,0
img_04362_2024,0.0,0.59007925,0
img_04360_2024,0.0,0.016842049,0
img_04361_2024,0.0,0.0040329834,0
img_04364_2024,0.0,0.21475072,0
img_04363_2024,0.0,0.0580384,0
img_04366_2024,0.0,0.007835133,0
img_04369_2024,0.0,0.00021595477,0
img_04368_2024,0.0,0.00047896407,0
img_04371_2024,0.0,0.17352992,0
img_04367_2024,0.0,0.0075104744,0
img_04319_p01_2024,0.0,0.008602846,0
img_04319_p02_2024,0.0,0.0024361962,0
img_04319_p03_2024,0.0,0.0011493679,0
img_04319_p04_2024,0.0,0.027573185,0
img_04372_2024,0.0,0.039948743,0
img_04374_2024,0.0,0.064610064,0
img_04370_2024,0.0,0.0009992622,0
img_04375_2024,0.0,0.064536475,0
img_04380_2024,0.0,0.0035366223,0
img_04379_2024,0.0,0.0033085225,0
img_04377_2024,0.0,0.03278624,0
img_04376_2024,0.0,0.0011237427,0
img_04373_2024,0.0,0.0028722219,0
img_04381_2024,0.0,0.15864569,0
img_04385_2024,0.0,0.0073144645,0
img_04382_2024,0.0,0.5242185,0
img_04387_2024,0.0,0.07584451,0
img_04386_2024,0.0,0.006503065,0
img_04388_2024,0.0,0.0051224264,0
img_04393_2024,0.0,0.004663491,0
img_04389_2024,0.0,0.0038720476,0
img_04390_2024,0.0,0.16892418,0
img_04392_2024,0.0,0.009643402,0
img_04391_2024,0.0,0.002573977,0
img_04394_2024,0.0,0.83028996,1
img_04384_2024,0.0,0.011191024,0
img_04397_2024,0.0,0.0033364138,0
img_04395_2024,0.0,0.08000776,0
img_04398_2024,0.0,0.0052705253,0
img_04400_2024,0.0,0.0032287994,0
img_04378_p01_2024,0.0,0.0003834802,0
img_04378_p02_2024,0.0,0.000220468,0
img_04399_2024,0.0,0.0059154443,0
img_04401_2024,0.0,0.012702468,0
img_04402_2024,0.0,0.019949932,0
img_04404_2024,0.0,0.0012294076,0
img_04347_p01_2024,0.0,0.14820787,0
img_04347_p02_2024,0.0,0.10924715,0
img_04347_p03_2024,0.0,0.005219128,0
img_04347_p04_2024,0.0,0.0025786282,0
img_04383_p01_2024,0.0,0.1018939,0
img_04383_p02_2024,0.0,0.024439782,0
img_04406_2024,0.0,0.0019012892,0
img_04403_2024,0.0,0.013697148,0
img_04405_2024,0.0,0.0046909885,0
img_04409_2024,0.0,0.17874649,0
img_04410_2024,0.0,0.0038716376,0
img_04412_2024,0.0,0.018301345,0
img_04408_2024,0.0,0.10509029,0
img_04413_2024,0.0,0.010031009,0
img_04415_2024,0.0,0.4660866,0
img_04414_2024,0.0,0.009941515,0
img_04407_2024,0.0,0.00018485295,0
img_04416_2024,0.0,0.0015030617,0
img_04365_p01_2024,0.0,0.930193,1
img_04365_p02_2024,0.0,0.90080804,1
img_04365_p03_2024,0.0,0.8755841,1
img_04365_p04_2024,0.0,0.01192321,0
img_04419_2024,0.0,0.029181704,0
img_04411_2024,0.0,0.0034224552,0
img_04418_2024,0.0,0.004819417,0
img_04417_2024,0.0,0.0013396153,0
img_04269_p01_2024,0.0,0.0043153865,0
img_04269_p02_2024,0.0,0.0007833261,0
img_04269_p03_2024,0.0,0.024487684,0
img_04269_p04_2024,0.0,0.0023055451,0
img_04269_p05_2024,0.0,0.011248718,0
img_04269_p06_2024,0.0,0.0024854797,0
img_04269_p07_2024,0.0,0.00041723423,0
img_04269_p08_2024,0.0,0.008956368,0
img_04420_2024,0.0,0.0009759909,0
img_04421_2024,0.0,0.017673424,0
img_04426_2024,0.0,0.00058700005,0
img_04423_2024,0.0,0.0046595954,0
img_04396_p01_2024,0.0,0.002793893,0
img_04396_p02_2024,0.0,0.0051424573,0
img_04429_2024,0.0,0.027892642,0
img_04340_p01_2024,0.0,0.0059016924,0
img_04340_p02_2024,0.0,0.058482073,0
img_04340_p03_2024,0.0,0.09180881,0
img_04340_p04_2024,0.0,0.014485618,0
img_04340_p05_2024,0.0,0.021795811,0
img_04340_p06_2024,0.0,0.010072466,0
img_04425_2024,0.0,0.36773434,0
img_04430_2024,0.0,0.0034031088,0
img_04432_2024,0.0,0.05524413,0
img_04433_2024,0.0,0.005363708,0
img_04427_2024,0.0,0.14577913,0
img_04435_2024,0.0,0.0036005278,0
img_04434_2024,0.0,0.12315394,0
img_04422_2024,0.0,0.005903542,0
img_04436_2024,0.0,0.1040995,0
img_04438_2024,0.0,0.013071714,0
img_04441_2024,0.0,0.001923615,0
img_04437_2024,0.0,0.061567187,0
img_04439_2024,0.0,0.0047194464,0
img_04440_2024,0.0,0.013627179,0
img_04442_2024,0.0,0.061952073,0
img_04446_2024,0.0,0.012510854,0
img_04445_2024,0.0,0.022405682,0
img_04444_2024,0.0,0.0005946675,0
img_04431_2024,0.0,0.001684576,0
img_04447_2024,0.0,0.98774624,1
img_04448_2024,0.0,0.032442305,0
img_04451_2024,0.0,0.0006445555,0
img_04443_2024,0.0,0.003549354,0
img_04449_2024,0.0,0.0081423735,0
img_04454_2024,0.0,0.09939476,0
img_04450_2024,0.0,0.011106563,0
img_04457_2024,0.0,0.07323992,0
img_04458_2024,0.0,0.126214,0
img_04453_2024,0.0,0.0027115198,0
img_04455_2024,0.0,0.009531768,0
img_04459_2024,0.0,0.0025419174,0
img_04452_2024,0.0,0.0096081905,0
img_04456_2024,0.0,0.008926887,0
img_04463_2024,0.0,0.0021789945,0
img_04465_2024,0.0,0.003837854,0
img_04460_2024,0.0,0.033643156,0
img_04462_2024,0.0,0.0043383925,0
img_04428_p01_2024,0.0,0.009138686,0
img_04428_p02_2024,0.0,0.00627547,0
img_04428_p03_2024,0.0,0.031958222,0
img_04467_2024,0.0,0.00620784,0
img_04468_2024,0.0,0.005617114,0
img_04466_2024,0.0,0.041699287,0
img_04471_2024,0.0,0.588918,0
img_04469_2024,0.0,0.007796293,0
img_04475_2024,0.0,0.010446299,0
img_04461_2024,0.0,0.00038801561,0
img_04474_2024,0.0,0.0031912148,0
img_04476_2024,0.0,0.015159527,0
img_04473_2024,0.0,0.04530941,0
img_04470_2024,0.0,0.0012598322,0
img_04479_2024,0.0,0.00970354,0
img_04480_2024,0.0,0.0852208,0
img_04482_2024,0.0,0.008288862,0
img_04483_2024,0.0,0.061957095,0
img_04478_2024,0.0,0.004031526,0
img_04477_2024,0.0,0.11918483,0
img_04481_2024,0.0,0.0014626224,0
img_04484_2024,0.0,0.010036764,0
img_04485_2024,0.0,0.027702823,0
img_04486_2024,0.0,0.022985432,0
img_04487_2024,0.0,0.0158289,0
img_04489_2024,0.0,0.0026078918,0
img_04464_p01_2024,0.0,0.0055006123,0
img_04464_p02_2024,0.0,0.31998745,0
img_04488_2024,0.0,0.007971808,0
img_04490_2024,0.0,0.011654241,0
img_04491_2024,0.0,0.0035991028,0
img_04493_2024,0.0,0.004046913,0
img_04496_2024,0.0,0.0022132979,0
img_04495_2024,0.0,0.009893756,0
img_04492_2024,0.0,0.07086099,0
img_04505_2024,0.0,0.14101274,0
img_04497_2024,0.0,0.00433509,0
img_04500_2024,0.0,0.003302785,0
img_04498_2024,0.0,0.001856907,0
img_04494_2024,0.0,0.18638068,0
img_04502_2024,0.0,0.11986786,0
img_04504_2024,0.0,0.0069507137,0
img_04506_2024,0.0,0.009968637,0
img_04508_2024,0.0,0.91374844,1
img_04503_2024,0.0,0.016697327,0
img_04515_2024,0.0,0.41413343,0
img_04507_2024,0.0,0.031397767,0
img_04516_2024,0.0,0.0017568609,0
img_04511_2024,0.0,0.017690293,0
img_04518_2024,0.0,0.00498752,0
img_04512_2024,0.0,0.021577006,0
img_04514_2024,0.0,0.0065199817,0
img_04513_2024,0.0,0.028008897,0
img_04509_2024,0.0,0.0053120186,0
img_04424_p01_2024,0.0,0.00150192,0
img_04424_p02_2024,0.0,0.064685605,0
img_04424_p03_2024,0.0,0.03749046,0
img_04424_p04_2024,0.0,0.023122685,0
img_04510_2024,0.0,0.08664424,0
img_04517_2024,0.0,0.046022188,0
img_04521_2024,0.0,0.06002952,0
img_04519_2024,0.0,0.012131051,0
img_04523_2024,0.0,0.011220893,0
img_04526_2024,0.0,0.9979978,1
img_04524_2024,0.0,0.034725655,0
img_04527_2024,0.0,0.008505864,0
img_04499_2024,0.0,0.001626011,0
img_04529_2024,0.0,0.0014338004,0
img_04534_2024,0.0,0.052905004,0
img_04531_2024,0.0,0.03816144,0
img_04537_2024,0.0,0.4454189,0
img_04501_2024,0.0,0.014081186,0
img_04532_2024,0.0,0.085125536,0
img_04536_2024,0.0,0.0029221573,0
img_04535_2024,0.0,0.028775418,0
img_04540_2024,0.0,0.044758696,0
img_04530_2024,0.0,0.017799662,0
img_04538_2024,0.0,0.013123952,0
img_04539_2024,0.0,0.011280168,0
img_04310_p01_2024,0.0,0.00092771504,0
img_04310_p02_2024,0.0,0.0022883727,0
img_04310_p03_2024,0.0,0.00018585556,0
img_04310_p04_2024,0.0,0.0006518513,0
img_04310_p05_2024,0.0,0.0018191593,0
img_04310_p06_2024,0.0,0.20234963,0
img_04310_p07_2024,0.0,0.0070753735,0
img_04310_p08_2024,0.0,0.09976918,0
img_04310_p09_2024,0.0,0.002129526,0
img_04310_p10_2024,0.0,0.0021603403,0
img_04310_p11_2024,0.0,0.002611235,0
img_04310_p12_2024,0.0,0.048000228,0
img_04310_p14_2024,0.0,0.06371254,0
img_04543_2024,0.0,0.0032112324,0
img_04545_2024,0.0,0.0022058643,0
img_04541_2024,0.0,0.08306885,0
img_04546_2024,0.0,0.018016623,0
img_04544_2024,0.0,0.009604638,0
img_04542_2024,0.0,0.07210768,0
img_04548_2024,0.0,0.0055517647,0
img_04528_p01_2024,0.0,0.045346014,0
img_04528_p02_2024,0.0,0.20157371,0
img_04547_2024,0.0,0.13027517,0
img_04550_2024,0.0,0.10168329,0
img_04549_2024,0.0,0.0028045867,0
img_04553_2024,0.0,0.4097587,0
img_04552_2024,0.0,0.46170962,0
img_04554_2024,0.0,0.022954848,0
img_04551_2024,0.0,0.83775276,1
img_04555_2024,0.0,0.008404465,0
img_04556_2024,0.0,0.011284732,0
img_04557_2024,0.0,0.050159346,0
img_04560_2024,0.0,0.00482397,0
img_04558_2024,0.0,0.011241699,0
img_04561_2024,0.0,0.046773132,0
img_04564_2024,0.0,0.49345037,0
img_04563_2024,0.0,0.006505062,0
img_04562_2024,0.0,0.007899167,0
img_04567_2024,0.0,0.15292424,0
img_04565_2024,0.0,0.022485234,0
img_04568_2024,0.0,0.0010331578,0
img_04566_2024,0.0,0.0029994608,0
img_04569_2024,0.0,0.020641534,0
img_04570_2024,0.0,0.29789317,0
img_04571_2024,0.0,0.020723289,0
img_04573_2024,0.0,0.020795442,0
img_04559_2024,0.0,0.0022887678,0
img_04520_p01_2024,0.0,0.013719847,0
img_04520_p02_2024,0.0,0.0076480997,0
img_04520_p03_2024,0.0,0.0039580795,0
img_04520_p04_2024,0.0,0.0009751595,0
img_04572_2024,0.0,0.0038579833,0
img_04577_2024,0.0,0.029029077,0
img_04533_p01_2024,0.0,3.8246395e-05,0
img_04533_p02_2024,0.0,0.11243471,0
img_04533_p03_2024,0.0,0.008485143,0
img_04575_2024,0.0,0.26479545,0
img_04576_2024,0.0,0.6719121,0
img_04337_p01_2024,0.0,0.024855703,0
img_04337_p02_2024,0.0,0.0068039442,0
img_04337_p03_2024,0.0,0.01194824,0
img_04337_p04_2024,0.0,0.01599822,0
img_04337_p05_2024,0.0,0.010322447,0
img_04337_p06_2024,0.0,0.005030048,0
img_04337_p07_2024,0.0,0.0010602736,0
img_04337_p08_2024,0.0,0.0059554623,0
img_04337_p09_2024,0.0,0.002962995,0
img_04337_p10_2024,0.0,0.0009405871,0
img_04337_p11_2024,0.0,0.000314542,0
img_04574_2024,0.0,0.0057280054,0
img_04581_2024,0.0,0.33337244,0
img_04578_2024,0.0,0.213159,0
img_04580_2024,0.0,0.014562015,0
img_04582_2024,0.0,0.016200105,0
img_04584_2024,0.0,0.20010312,0
img_04585_2024,0.0,0.004019583,0
img_04579_2024,0.0,0.009833788,0
img_04583_2024,0.0,0.03145088,0
img_04586_2024,0.0,0.0013751083,0
img_04522_p01_2024,0.0,0.011130223,0
img_04522_p02_2024,0.0,0.03465634,0
img_04522_p03_2024,0.0,0.0379311,0
img_04522_p04_2024,0.0,0.00765093,0
img_04589_2024,0.0,0.007568694,0
img_04588_2024,0.0,0.0076643587,0
img_04590_2024,0.0,0.95906764,1
img_04594_2024,0.0,0.0067635207,0
img_04595_2024,0.0,0.96100503,1
img_04591_2024,0.0,0.0037948668,0
img_04596_2024,0.0,0.013858559,0
img_04525_p01_2024,0.0,0.025890343,0
img_04525_p02_2024,0.0,0.02676302,0
img_04525_p03_2024,0.0,0.014296421,0
img_04525_p04_2024,0.0,0.03723313,0
img_04525_p05_2024,0.0,0.011253105,0
img_04593_2024,0.0,0.19320105,0
img_04597_2024,0.0,0.7399567,1
img_04604_2024,0.0,0.6010732,0
img_04602_2024,0.0,0.011392908,0
img_04599_2024,0.0,0.0049746023,0
img_04603_2024,0.0,0.8858863,1
img_04592_2024,0.0,0.0028274432,0
img_04606_2024,0.0,0.34503287,0
img_04598_2024,0.0,0.0068289624,0
img_04601_2024,0.0,0.005072124,0
img_04607_2024,0.0,0.0048065973,0
img_04610_2024,0.0,0.045462903,0
img_04613_2024,0.0,0.7009644,0
img_04608_2024,0.0,0.07140453,0
img_04609_2024,0.0,0.12010784,0
img_04611_2024,0.0,0.007847442,0
img_04612_2024,0.0,0.00028322294,0
img_04600_2024,0.0,0.0013778408,0
img_04615_2024,0.0,0.007149809,0
img_04614_2024,0.0,0.0070362394,0
img_04617_2024,0.0,0.0018106478,0
img_04618_2024,0.0,0.010260323,0
img_04621_2024,0.0,0.0039161663,0
img_04616_2024,0.0,0.004089584,0
img_04587_p01_2024,0.0,0.00057977857,0
img_04587_p02_2024,0.0,0.0029746718,0
img_04619_2024,0.0,0.036650352,0
img_04620_2024,0.0,0.33049494,0
img_04622_2024,0.0,0.015654027,0
img_04627_2024,0.0,0.6897623,0
img_04625_2024,0.0,0.0068558254,0
img_04630_2024,0.0,0.05903244,0
img_04632_2024,0.0,0.01871437,0
img_04629_2024,0.0,0.004247661,0
img_04633_2024,0.0,0.004297051,0
img_04626_2024,0.0,0.016242916,0
img_04624_2024,0.0,0.0028668218,0
img_04605_p01_2024,0.0,0.0018375946,0
img_04605_p02_2024,0.0,0.0043095797,0
img_04636_2024,0.0,0.0059317523,0
img_04637_2024,0.0,0.0030965863,0
img_04635_2024,0.0,0.00072008825,0
img_04628_2024,0.0,0.0119113345,0
img_04639_2024,0.0,0.00026216157,0
img_04634_2024,0.0,0.04502205,0
img_04638_2024,0.0,0.013103463,0
img_04640_2024,0.0,0.16858312,0
img_04643_2024,0.0,0.4691811,0
img_04644_2024,0.0,0.06533982,0
img_04641_2024,0.0,0.107164346,0
img_04646_2024,0.0,0.8034218,1
img_04648_2024,0.0,0.03296503,0
img_04647_2024,0.0,0.08356894,0
img_04642_2024,0.0,0.012331424,0
img_04649_2024,0.0,0.022060994,0
img_04645_2024,0.0,0.19561411,0
img_04653_2024,0.0,0.0033992783,0
img_04655_2024,0.0,0.014320228,0
img_04657_2024,0.0,0.014033905,0
img_04652_2024,0.0,0.0021724892,0
img_04651_2024,0.0,0.008027483,0
img_04650_2024,0.0,0.013374803,0
img_04658_2024,0.0,0.0020621978,0
img_04654_2024,0.0,0.009462351,0
img_04660_2024,0.0,0.0053658634,0
img_04661_2024,0.0,0.0056202468,0
img_04662_2024,0.0,0.023923032,0
img_04663_2024,0.0,0.034137346,0
img_04656_2024,0.0,0.008559657,0
img_04659_2024,0.0,0.0068275947,0
img_04664_2024,0.0,0.024818892,0
img_04665_2024,0.0,0.010087272,0
img_04669_2024,0.0,0.005642449,0
img_04670_2024,0.0,0.026702223,0
img_04666_2024,0.0,0.12670298,0
img_04672_2024,0.0,0.00093779387,0
img_04677_2024,0.0,0.019687897,0
img_04667_2024,0.0,0.15162802,0
img_04671_2024,0.0,0.010392997,0
img_04673_2024,0.0,0.050281186,0
img_04680_2024,0.0,0.00037976218,0
img_04676_2024,0.0,0.005908744,0
img_04678_2024,0.0,0.049137726,0
img_04674_2024,0.0,0.020997165,0
img_04682_2024,0.0,0.04256771,0
img_04679_2024,0.0,0.005648769,0
img_04683_2024,0.0,0.0061378186,0
img_04684_2024,0.0,0.104072995,0
img_04681_2024,0.0,0.07050174,0
img_04690_2024,0.0,0.01706004,0
img_04675_2024,0.0,0.0027389303,0
img_04688_2024,0.0,0.1266552,0
img_04687_2024,0.0,0.3735572,0
img_04691_2024,0.0,0.0043176636,0
img_04686_2024,0.0,0.5699556,0
img_04689_2024,0.0,0.0042473064,0
img_04696_2024,0.0,0.010067503,0
img_04693_2024,0.0,0.0034351333,0
img_04694_2024,0.0,0.32404327,0
img_04692_2024,0.0,0.01418479,0
img_04699_2024,0.0,0.03735949,0
img_04697_2024,0.0,0.020373516,0
img_04695_2024,0.0,0.0016670314,0
img_04702_2024,0.0,0.0023754362,0
img_04703_2024,0.0,0.012582235,0
img_04706_2024,0.0,0.0007158881,0
img_04701_2024,0.0,0.078026116,0
img_04698_2024,0.0,0.012198378,0
img_04704_2024,0.0,0.00085290545,0
img_04707_2024,0.0,0.018947698,0
img_04708_2024,0.0,0.025560224,0
img_04709_2024,0.0,0.09969165,0
img_04700_2024,0.0,0.010826086,0
img_04711_2024,0.0,0.025982125,0
img_04631_p01_2024,0.0,0.0011269742,0
img_04631_p02_2024,0.0,0.0037500907,0
img_04631_p03_2024,0.0,0.0028371557,0
img_04631_p04_2024,0.0,0.0008777911,0
img_04710_2024,0.0,0.42817307,0
img_04712_2024,0.0,0.09731604,0
img_04705_2024,0.0,0.019849343,0
img_04713_2024,0.0,0.0040138355,0
img_04715_2024,0.0,0.004646667,0
img_04714_2024,0.0,0.04941333,0
img_04718_2024,0.0,0.0039629573,0
img_04716_2024,0.0,0.0057221535,0
img_04719_2024,0.0,0.029619187,0
img_04723_2024,0.0,0.13041666,0
img_04724_2024,0.0,0.0037810956,0
img_04722_2024,0.0,0.733048,1
img_04717_2024,0.0,0.48147887,0
img_04668_p01_2024,0.0,0.0077642747,0
img_04668_p02_2024,0.0,0.029209856,0
img_04668_p03_2024,0.0,0.011450517,0
img_04668_p04_2024,0.0,0.0031645093,0
img_04727_2024,0.0,0.95356816,1
img_04728_2024,0.0,0.012778482,0
img_04720_2024,0.0,0.20027393,0
img_04726_2024,0.0,0.13376291,0
img_04731_2024,0.0,0.005934517,0
img_04729_2024,0.0,0.4600134,0
img_04721_2024,0.0,0.0050950353,0
img_04734_2024,0.0,0.87880945,1
img_04736_2024,0.0,0.015284428,0
img_04733_2024,0.0,0.077901155,0
img_04737_2024,0.0,0.08907712,0
img_04739_2024,0.0,0.03222362,0
img_04730_2024,0.0,0.0298735,0
img_04725_2024,0.0,0.010634099,0
img_04738_2024,0.0,0.0035226298,0
img_04732_2024,0.0,0.023445014,0
img_04735_2024,0.0,0.0075703496,0
img_04742_2024,0.0,0.040237546,0
img_04740_2024,0.0,0.07961422,0
img_04744_2024,0.0,0.05683993,0
img_04743_2024,0.0,0.6684806,0
img_04745_2024,0.0,0.010837555,0
img_04756_2024,0.0,0.026642388,0
img_04757_2024,0.0,0.0023313088,0
img_04747_2024,0.0,0.048155904,0
img_04750_2024,0.0,0.0065673627,0
img_04751_2024,0.0,0.01131657,0
img_04755_2024,0.0,0.0052095163,0
img_04748_2024,0.0,0.00423987,0
img_04749_2024,0.0,0.22261097,0
img_04741_2024,0.0,0.02127452,0
img_04752_2024,0.0,0.15712254,0
img_04746_2024,0.0,0.013709096,0
img_04758_2024,0.0,0.0033624456,0
img_04685_p01_2024,0.0,0.011362844,0
img_04685_p02_2024,0.0,0.041958574,0
img_04685_p03_2024,0.0,0.04459136,0
img_04685_p04_2024,0.0,0.029258674,0
img_04759_2024,0.0,0.05749779,0
img_04760_2024,0.0,0.0032479912,0
img_04761_2024,0.0,0.5241209,0
img_04762_2024,0.0,0.033533044,0
img_04767_2024,0.0,0.018456493,0
img_04766_2024,0.0,0.0018804015,0
img_04771_2024,0.0,0.013203759,0
img_04769_2024,0.0,0.30515403,0
img_04763_2024,0.0,0.005610398,0
img_04623_p01_2024,0.0,0.011281359,0
img_04623_p02_2024,0.0,0.0030144937,0
img_04623_p03_2024,0.0,0.0046153013,0
img_04623_p04_2024,0.0,0.000897767,0
img_04623_p05_2024,0.0,0.009230082,0
img_04623_p06_2024,0.0,0.007829086,0
img_04623_p07_2024,0.0,0.0025096282,0
img_04623_p08_2024,0.0,0.00047345858,0
img_04772_2024,0.0,0.0028144552,0
img_04773_2024,0.0,0.38699254,0
img_04764_2024,0.0,0.04020619,0
img_04774_2024,0.0,0.20754096,0
img_04765_2024,0.0,0.028467767,0
img_04768_2024,0.0,0.0033289525,0
img_04754_2024,0.0,0.019384583,0
img_04776_2024,0.0,0.00014556343,0
img_04780_2024,0.0,0.033520438,0
img_04777_2024,0.0,0.019041546,0
img_04781_2024,0.0,0.41383183,0
img_04779_2024,0.0,0.08709832,0
img_04783_2024,0.0,0.0010246631,0
img_04778_2024,0.0,0.009060691,0
img_04784_2024,0.0,0.13431808,0
img_04787_2024,0.0,0.0029472471,0
img_04785_2024,0.0,0.020506889,0
img_04782_2024,0.0,0.004334742,0
img_04786_2024,0.0,0.06916366,0
img_04788_2024,0.0,0.006300718,0
img_04775_2024,0.0,0.018900769,0
img_04770_2024,0.0,0.02727759,0
img_04789_2024,0.0,0.0006754967,0
img_04790_2024,0.0,0.0056172176,0
img_04792_2024,0.0,0.4466099,0
img_04753_p01_2024,0.0,0.024427243,0
img_04753_p02_2024,0.0,0.012763879,0
img_04796_2024,0.0,0.0066008656,0
img_04795_2024,0.0,0.0026374275,0
img_04791_2024,0.0,0.00820663,0
img_04794_2024,0.0,0.00052598276,0
img_04797_2024,0.0,0.13855527,0
img_04793_2024,0.0,0.0016501278,0
img_04798_2024,0.0,0.05345605,0
img_04799_2024,0.0,0.0054652146,0
img_04801_2024,0.0,0.4304175,0
img_04805_2024,0.0,0.022090537,0
img_04808_2024,0.0,0.28509003,0
img_04802_2024,0.0,0.024874832,0
img_04806_2024,0.0,0.00279433,0
img_04804_2024,0.0,0.0025053427,0
img_04800_2024,0.0,0.0021039646,0
img_04807_2024,0.0,0.0072418535,0
img_04809_2024,0.0,0.003653224,0
img_04810_2024,0.0,0.0026352545,0
img_04812_2024,0.0,0.006458479,0
img_04816_2024,0.0,0.06322415,0
img_04822_2024,0.0,0.014608426,0
img_04815_2024,0.0,0.0004916581,0
img_04814_2024,0.0,0.026660943,0
img_04818_2024,0.0,0.008948525,0
img_04819_2024,0.0,0.012474553,0
img_04813_2024,0.0,0.0254679,0
img_04811_2024,0.0,0.017052645,0
img_04821_2024,0.0,0.033056974,0
img_04820_2024,0.0,0.0060137226,0
img_04824_2024,0.0,0.00637776,0
img_04825_2024,0.0,0.1381741,0
img_04817_2024,0.0,0.011920783,0
img_04826_2024,0.0,0.014125182,0
img_04823_2024,0.0,0.015762493,0
img_04828_2024,0.0,0.03981294,0
img_04827_2024,0.0,0.036100492,0
img_04803_p01_2024,0.0,0.00011917576,0
img_04803_p02_2024,0.0,0.00347749,0
img_04832_2024,0.0,0.21378215,0
img_04838_2024,0.0,0.006955893,0
img_04831_2024,0.0,0.004658476,0
img_04830_2024,0.0,0.005762847,0
img_04839_2024,0.0,0.0019356424,0
img_04834_2024,0.0,0.007451698,0
img_04833_2024,0.0,0.010007248,0
img_04836_2024,0.0,0.0072742593,0
img_04837_2024,0.0,0.0038988725,0
img_04841_2024,0.0,0.004943783,0
img_04835_2024,0.0,0.041669562,0
img_04829_2024,0.0,0.0035709739,0
img_04840_2024,0.0,0.00883095,0
img_04844_2024,0.0,0.0039834636,0
img_04846_2024,0.0,0.020587848,0
img_04847_2024,0.0,0.01960679,0
img_04851_2024,0.0,0.006833941,0
img_04849_2024,0.0,0.0063306526,0
img_04855_2024,0.0,0.011481335,0
img_04853_2024,0.0,0.009288294,0
img_04857_2024,0.0,0.05256343,0
img_04850_2024,0.0,0.0017936083,0
img_04843_2024,0.0,0.00062035996,0
img_04848_2024,0.0,0.00095755124,0
img_04845_2024,0.0,0.0018982838,0
img_04859_2024,0.0,0.9386709,1
img_04858_2024,0.0,0.003336899,0
img_04852_2024,0.0,0.0012516136,0
img_04860_2024,0.0,0.00067544135,0
img_04856_2024,0.0,0.05740028,0
img_04842_2024,0.0,0.00039757282,0
img_04863_2024,0.0,0.038667418,0
img_04861_2024,0.0,0.00023829007,0
img_04862_2024,0.0,0.013572947,0
img_04864_2024,0.0,0.013791219,0
img_04869_2024,0.0,0.039025746,0
img_04870_2024,0.0,0.019652922,0
img_04865_2024,0.0,0.015599954,0
img_04866_2024,0.0,0.011560307,0
img_04854_2024,0.0,0.005068381,0
img_04868_2024,0.0,0.0021469698,0
img_04873_2024,0.0,0.048982043,0
img_04878_2024,0.0,0.20517156,0
img_04874_2024,0.0,0.044016987,0
img_04871_2024,0.0,0.007037939,0
img_04872_2024,0.0,0.04426374,0
img_04867_2024,0.0,0.1783124,0
img_04876_2024,0.0,0.004675319,0
img_04880_2024,0.0,0.009047497,0
img_04875_2024,0.0,0.054745886,0
img_04877_2024,0.0,0.012756287,0
img_04882_2024,0.0,0.0013280109,0
img_04879_2024,0.0,0.027126526,0
img_04885_2024,0.0,0.038123183,0
img_04883_2024,0.0,0.008580734,0
img_04886_2024,0.0,0.027954996,0
img_04881_2024,0.0,0.02271258,0
img_04884_2024,0.0,0.0018729201,0
img_04887_2024,0.0,0.0012292648,0
img_04888_2024,0.0,0.014436912,0
img_04892_2024,0.0,0.004399148,0
img_04889_2024,0.0,0.015635632,0
img_04898_2024,0.0,0.19916433,0
img_04895_2024,0.0,0.011492131,0
img_04899_2024,0.0,0.020494547,0
img_04896_2024,0.0,0.0037005574,0
img_04893_2024,0.0,0.00094871933,0
img_04900_2024,0.0,0.00040707746,0
img_04894_2024,0.0,0.0049661975,0
img_04897_2024,0.0,0.0056782933,0
img_04902_2024,0.0,0.005602997,0
img_04890_2024,0.0,0.102423206,0
img_04903_2024,0.0,0.0023426018,0
img_04906_2024,0.0,0.002526978,0
img_04904_2024,0.0,0.0007118735,0
img_04891_2024,0.0,0.11655287,0
img_04907_2024,0.0,0.036052138,0
img_04901_2024,0.0,0.1749051,0
img_04909_2024,0.0,0.021044604,0
img_04911_2024,0.0,0.32672063,0
img_04910_2024,0.0,0.9441848,1
img_04908_2024,0.0,0.03468456,0
img_04915_2024,0.0,0.0009957132,0
img_04918_2024,0.0,0.028985132,0
img_04913_2024,0.0,0.022604378,0
img_04919_2024,0.0,0.009733719,0
img_04905_2024,0.0,0.0025581014,0
img_04922_2024,0.0,0.17923838,0
img_04912_2024,0.0,0.013253748,0
img_04921_2024,0.0,0.0016649051,0
img_04914_2024,0.0,0.00088585546,0
img_04924_2024,0.0,0.007178904,0
img_04923_2024,0.0,0.01787292,0
img_04927_2024,0.0,0.04885492,0
img_04920_2024,0.0,0.0049501276,0
img_04926_2024,0.0,0.009096038,0
img_04916_2024,0.0,0.0026058399,0
img_04928_2024,0.0,0.27770734,0
img_04930_2024,0.0,0.04696316,0
img_04917_2024,0.0,0.004469405,0
img_04929_2024,0.0,0.02835686,0
img_04934_2024,0.0,0.003171406,0
img_04933_2024,0.0,0.017790744,0
img_04932_2024,0.0,0.009071598,0
img_04925_2024,0.0,0.00019683187,0
img_04936_2024,0.0,0.09509343,0
img_04935_2024,0.0,0.02324703,0
img_04931_2024,0.0,0.04081198,0
img_04937_2024,0.0,0.07310425,0
img_04941_2024,0.0,0.014114157,0
img_04946_2024,0.0,0.032474417,0
img_04944_2024,0.0,0.0060999324,0
img_04939_2024,0.0,0.019303644,0
img_04938_2024,0.0,0.021471577,0
img_04940_2024,0.0,0.004392835,0
img_04945_2024,0.0,0.0037622796,0
img_04950_2024,0.0,0.004569633,0
img_04952_2024,0.0,0.008647959,0
img_04943_2024,0.0,0.040672146,0
img_04942_2024,0.0,0.008581777,0
img_04948_2024,0.0,0.0024100787,0
img_04949_2024,0.0,0.01428744,0
img_04947_2024,0.0,0.5728724,0
img_04953_2024,0.0,0.06641442,0
img_04957_2024,0.0,0.005523952,0
img_04951_2024,0.0,0.0035629154,0
img_04958_2024,0.0,0.005182674,0
img_04955_2024,0.0,0.010303432,0
img_04956_2024,0.0,0.005634565,0
img_04954_2024,0.0,0.02724461,0
img_04966_2024,0.0,0.0021575687,0
img_04959_2024,0.0,0.043258213,0
img_04967_2024,0.0,0.023521874,0
img_04962_2024,0.0,0.0030567003,0
img_04960_2024,0.0,0.0025082212,0
img_04963_2024,0.0,0.0003868592,0
img_04970_2024,0.0,0.005923854,0
img_04964_2024,0.0,0.1182579,0
img_04973_2024,0.0,0.06258424,0
img_04961_2024,0.0,0.009080256,0
img_04968_2024,0.0,0.0010159217,0
img_04974_2024,0.0,0.0044387374,0
img_04975_2024,0.0,0.009046424,0
img_04965_2024,0.0,0.008488128,0
img_04971_2024,0.0,0.021301627,0
img_04972_2024,0.0,0.008545244,0
img_04983_2024,0.0,0.025639717,0
img_04982_2024,0.0,0.0053525087,0
img_04984_2024,0.0,0.0048116134,0
img_04987_2024,0.0,0.017806366,0
img_04986_2024,0.0,0.003439478,0
img_04978_2024,0.0,0.00083319534,0
img_04980_2024,0.0,0.028854353,0
img_04989_2024,0.0,0.0030607893,0
img_04969_2024,0.0,0.04625559,0
img_04981_2024,0.0,0.06758633,0
img_04979_2024,0.0,0.012947666,0
img_04977_2024,0.0,0.0006110613,0
img_04976_2024,0.0,0.17152312,0
img_04985_2024,0.0,0.0018585764,0
img_04988_2024,0.0,0.015814086,0
img_04995_2024,0.0,0.12634903,0
img_04992_2024,0.0,0.0052939267,0
img_04991_2024,0.0,0.0034462004,0
img_04990_2024,0.0,0.0022095216,0
img_04993_2024,0.0,0.014760811,0
img_04998_2024,0.0,0.005500448,0
img_04996_2024,0.0,0.002405273,0
img_04999_2024,0.0,0.1384946,0
img_04997_2024,0.0,0.011370882,0
img_05001_2024,0.0,0.007917342,0
img_04994_2024,0.0,0.018085277,0
img_05003_2024,0.0,0.032864653,0
img_05002_2024,0.0,0.023454677,0
img_05000_2024,0.0,0.069536455,0
img_05007_2024,0.0,0.0016627753,0
img_05005_2024,0.0,0.004342386,0
img_05004_2024,0.0,0.011601795,0
img_05008_2024,0.0,0.0006815406,0
img_05006_2024,0.0,0.00070968026,0
img_05009_2024,0.0,0.004608402,0
img_05010_2024,0.0,0.0047866413,0
img_05015_2024,0.0,0.15160237,0
img_05013_2024,0.0,0.009147925,0
img_04472_p01_2024,0.0,0.036071733,0
img_04472_p02_2024,0.0,0.0018171016,0
img_04472_p03_2024,0.0,0.025042977,0
img_04472_p04_2024,0.0,0.0007901694,0
img_04472_p05_2024,0.0,0.0024724044,0
img_04472_p06_2024,0.0,0.30441043,0
img_04472_p08_2024,0.0,0.006380786,0
img_04472_p09_2024,0.0,0.016460177,0
img_04472_p10_2024,0.0,0.011093718,0
img_04472_p11_2024,0.0,0.0064125927,0
img_04472_p12_2024,0.0,0.023586685,0
img_04472_p13_2024,0.0,0.008154678,0
img_04472_p14_2024,0.0,0.012392109,0
img_04472_p15_2024,0.0,0.00775942,0
img_04472_p16_2024,0.0,0.00824054,0
img_04472_p17_2024,0.0,0.0062245717,0
img_04472_p18_2024,0.0,0.0077399174,0
img_04472_p19_2024,0.0,0.019266713,0
img_04472_p20_2024,0.0,0.011786443,0
img_04472_p21_2024,0.0,0.049797527,0
img_05011_2024,0.0,0.24490398,0
img_05018_2024,0.0,0.049595878,0
img_05012_2024,0.0,0.10355107,0
img_05017_2024,0.0,0.017278668,0
img_05021_2024,0.0,0.0023015102,0
img_05019_2024,0.0,0.032650568,0
img_05016_2024,0.0,0.0053716027,0
img_05023_2024,0.0,0.0102069825,0
img_05026_2024,0.0,0.07862889,0
img_05028_2024,0.0,0.029315384,0
img_05022_2024,0.0,0.039482094,0
img_05027_2024,0.0,0.00313545,0
img_05031_2024,0.0,0.005589509,0
img_05030_2024,0.0,0.0020280743,0
img_05032_2024,0.0,0.0018839003,0
img_05029_2024,0.0,0.006537363,0
img_05034_2024,0.0,0.008242659,0
img_05020_2024,0.0,0.015520461,0
img_05014_p01_2024,0.0,0.001883834,0
img_05014_p02_2024,0.0,0.0015358814,0
img_05038_2024,0.0,0.004877766,0
img_05039_2024,0.0,0.002150106,0
img_05036_2024,0.0,0.004459779,0
img_05040_2024,0.0,0.1504554,0
img_05025_2024,0.0,0.021848924,0
img_05033_2024,0.0,0.040370796,0
img_05041_2024,0.0,0.059949677,0
img_05024_2024,0.0,0.053411648,0
img_05035_2024,0.0,0.0038746714,0
img_05052_2024,0.0,0.0049686935,0
img_05047_2024,0.0,0.15101805,0
img_05037_2024,0.0,0.4187282,0
img_05051_2024,0.0,0.012079126,0
img_05043_2024,0.0,0.0056474567,0
img_05045_2024,0.0,0.016055552,0
img_05044_2024,0.0,0.003880875,0
img_05056_2024,0.0,0.030078622,0
img_05046_2024,0.0,0.0110217435,0
img_05049_2024,0.0,0.015210297,0
img_05054_2024,0.0,0.00567222,0
img_05055_2024,0.0,0.0029177496,0
img_05060_2024,0.0,0.0050571715,0
img_05064_2024,0.0,0.0021936127,0
img_05059_2024,0.0,0.100065865,0
img_05063_2024,0.0,0.28118148,0
img_05042_2024,0.0,0.0050501795,0
img_05057_2024,0.0,0.022759765,0
img_05050_2024,0.0,0.009293118,0
img_05066_2024,0.0,0.009280403,0
img_05053_2024,0.0,0.022196308,0
img_05062_2024,0.0,0.0027125129,0
img_05058_2024,0.0,0.0072922558,0
img_05068_2024,0.0,0.016731637,0
img_05069_2024,0.0,0.0044792895,0
img_05067_2024,0.0,0.00380948,0
img_05061_2024,0.0,0.0037875136,0
img_05070_2024,0.0,0.00984655,0
img_05072_2024,0.0,0.004743097,0
img_05071_2024,0.0,0.016280591,0
img_05073_2024,0.0,0.0285556,0
img_05048_2024,0.0,0.0011222996,0
img_05077_2024,0.0,0.02254357,0
img_05074_2024,0.0,0.28927723,0
img_05065_2024,0.0,0.0047960137,0
img_05075_2024,0.0,0.008858326,0
img_05080_2024,0.0,0.0048234756,0
img_05085_2024,0.0,0.047392882,0
img_05082_2024,0.0,0.027505254,0
img_05079_2024,0.0,0.009597625,0
img_05078_2024,0.0,0.004681796,0
img_05081_2024,0.0,0.005274497,0
img_05086_2024,0.0,0.041128296,0
img_05076_2024,0.0,0.0029558574,0
img_05088_2024,0.0,0.90839696,1
img_05084_2024,0.0,0.03548625,0
img_05083_2024,0.0,0.00069129013,0
img_05090_2024,0.0,0.059549958,0
img_05091_2024,0.0,0.67713034,0
img_05094_2024,0.0,0.038295932,0
img_05087_2024,0.0,0.0039776014,0
img_05095_2024,0.0,0.1649236,0
img_05093_2024,0.0,0.006045897,0
img_05097_2024,0.0,0.0018875244,0
img_05089_2024,0.0,0.020681065,0
img_05098_2024,0.0,0.036824282,0
img_05092_2024,0.0,0.0020672872,0
img_05096_2024,0.0,0.010708806,0
img_05100_2024,0.0,0.043974165,0
img_05099_2024,0.0,0.05839607,0
img_05105_2024,0.0,0.01976374,0
img_05101_2024,0.0,0.03959699,0
img_05102_2024,0.0,0.0074974024,0
img_05103_2024,0.0,0.09209905,0
img_05104_2024,0.0,0.013239737,0
img_05107_2024,0.0,0.106864624,0
img_05108_2024,0.0,0.0060440553,0
img_05106_2024,0.0,0.010791962,0
img_05110_2024,0.0,0.017802196,0
img_05109_2024,0.0,0.0049698083,0
img_05111_2024,0.0,0.0026791093,0
img_05117_2024,0.0,0.034981996,0
img_05114_2024,0.0,0.09895285,0
img_05118_2024,0.0,0.0036230711,0
img_05112_2024,0.0,0.0026206444,0
img_05113_2024,0.0,0.031494733,0
img_05115_2024,0.0,0.014763439,0
img_05116_2024,0.0,0.011841772,0
img_05122_2024,0.0,0.0027577379,0
img_05121_2024,0.0,0.38080558,0
img_05126_2024,0.0,0.23498815,0
img_05120_2024,0.0,0.0016891764,0
img_05123_2024,0.0,0.00013139739,0
img_05124_2024,0.0,0.0030966278,0
img_05127_2024,0.0,0.005309356,0
img_05119_2024,0.0,0.030843573,0
img_05125_2024,0.0,0.0043526012,0
img_05128_2024,0.0,0.02854103,0
img_05130_2024,0.0,0.05927542,0
img_05129_2024,0.0,0.01869858,0
img_05131_2024,0.0,0.0317753,0
img_05138_2024,0.0,0.0016620402,0
img_05134_2024,0.0,0.10952883,0
img_05142_2024,0.0,0.007448937,0
img_05141_2024,0.0,0.06347352,0
img_05140_2024,0.0,0.0077327173,0
img_05136_2024,0.0,0.015788088,0
img_05146_2024,0.0,0.07292685,0
img_05135_2024,0.0,0.0018820678,0
img_05133_2024,0.0,0.004788827,0
img_05144_2024,0.0,0.042695187,0
img_05132_2024,0.0,0.0060524167,0
img_05145_2024,0.0,0.012698594,0
img_05147_2024,0.0,0.005605242,0
img_05137_2024,0.0,0.00298788,0
img_05148_2024,0.0,0.06960092,0
img_05143_2024,0.0,0.0025668899,0
img_05139_2024,0.0,0.027716864,0
img_05151_2024,0.0,0.008459527,0
img_05152_2024,0.0,0.01663418,0
img_05158_2024,0.0,0.17048295,0
img_05154_2024,0.0,0.055771764,0
img_05155_2024,0.0,0.0006498558,0
img_05153_2024,0.0,0.014674786,0
img_05157_2024,0.0,0.022373086,0
img_05156_2024,0.0,0.0040698634,0
img_05159_2024,0.0,0.23579848,0
img_05164_2024,0.0,0.1596233,0
img_05161_2024,0.0,0.042735722,0
img_05165_2024,0.0,0.010755417,0
img_05168_2024,0.0,0.516852,0
img_05160_2024,0.0,0.0077150655,0
img_05166_2024,0.0,0.0032532613,0
img_05162_2024,0.0,0.029069746,0
img_05167_2024,0.0,0.00889278,0
img_05163_2024,0.0,0.022113146,0
img_05173_2024,0.0,0.19628376,0
img_05171_2024,0.0,0.0020704563,0
img_05170_2024,0.0,0.008628317,0
img_05176_2024,0.0,0.39192736,0
img_05150_p01_2024,0.0,0.016034052,0
img_05150_p02_2024,0.0,0.0053660288,0
img_05169_2024,0.0,0.0019532263,0
img_05174_2024,0.0,0.007843868,0
img_05149_p01_2024,0.0,0.0007136957,0
img_05149_p02_2024,0.0,0.0037293793,0
img_05177_2024,0.0,0.031633034,0
img_05180_2024,0.0,0.3520787,0
img_05179_2024,0.0,0.011194424,0
img_05172_2024,0.0,0.031467155,0
img_05178_2024,0.0,0.015407688,0
img_05183_2024,0.0,0.70882016,0
img_05185_2024,0.0,0.0009613682,0
img_05188_2024,0.0,0.054599557,0
img_05190_2024,0.0,0.03931722,0
img_05184_2024,0.0,0.05667186,0
img_05194_2024,0.0,0.070865184,0
img_05181_2024,0.0,0.0051044,0
img_05182_2024,0.0,0.013201461,0
img_05192_2024,0.0,0.01384512,0
img_05187_2024,0.0,0.12752758,0
img_05193_2024,0.0,0.085256085,0
img_05191_2024,0.0,0.21694139,0
img_05186_2024,0.0,0.026429169,0
img_05195_2024,0.0,0.4063166,0
img_05198_2024,0.0,0.04887847,0
img_05189_2024,0.0,0.0046075555,0
img_05199_2024,0.0,0.0023350338,0
img_05200_2024,0.0,0.5241501,0
img_05202_2024,0.0,0.03724979,0
img_05203_2024,0.0,0.024454996,0
img_05196_2024,0.0,0.0040617497,0
img_05204_2024,0.0,0.350854,0
img_05205_2024,0.0,0.055285204,0
img_05206_2024,0.0,0.22380756,0
img_05207_2024,0.0,0.0492269,0
img_05211_2024,0.0,0.029381981,0
img_05201_2024,0.0,0.974097,1
img_05210_2024,0.0,0.00632045,0
img_05214_2024,0.0,0.0046933107,0
img_05212_2024,0.0,0.2689562,0
img_05208_2024,0.0,0.004740786,0
img_05213_2024,0.0,0.0907615,0
img_05209_2024,0.0,0.0029264798,0
img_05217_2024,0.0,0.017486194,0
img_05221_2024,0.0,0.009324362,0
img_05218_2024,0.0,0.004407164,0
img_05215_2024,0.0,0.671846,0
img_05220_2024,0.0,0.021378528,0
img_05216_2024,0.0,0.004514843,0
img_05224_2024,0.0,0.038136162,0
img_05197_p01_2024,0.0,0.12298355,0
img_05197_p02_2024,0.0,0.015183166,0
img_05225_2024,0.0,0.1229837,0
img_05226_2024,0.0,0.017762503,0
img_05228_2024,0.0,0.008846213,0
img_05227_2024,0.0,0.016787363,0
img_05230_2024,0.0,0.4062239,0
img_05232_2024,0.0,0.0023012825,0
img_05223_2024,0.0,0.01027278,0
img_05219_2024,0.0,0.095299646,0
img_05234_2024,0.0,0.008204772,0
img_05235_2024,0.0,0.13062653,0
img_05233_2024,0.0,0.034335107,0
img_05231_2024,0.0,0.09555715,0
img_05237_2024,0.0,0.059029464,0
img_05222_2024,0.0,0.0041831317,0
img_05238_2024,0.0,0.10664214,0
img_05236_2024,0.0,0.049727395,0
img_05244_2024,0.0,0.13052015,0
img_05243_2024,0.0,0.0029306572,0
img_05242_2024,0.0,0.006742396,0
img_05241_2024,0.0,0.05557924,0
img_05246_2024,0.0,0.01771858,0
img_05247_2024,0.0,0.0067332243,0
img_05245_2024,0.0,0.030630995,0
img_05248_2024,0.0,0.012084806,0
img_05250_2024,0.0,0.08909266,0
img_05251_2024,0.0,0.007988033,0
img_05260_2024,0.0,0.0028916372,0
img_05258_2024,0.0,0.01952668,0
img_05257_2024,0.0,0.0022797708,0
img_05253_2024,0.0,0.0014452746,0
img_05259_2024,0.0,0.8265065,1
img_05256_2024,0.0,0.003137561,0
img_05261_2024,0.0,0.004264768,0
img_05252_2024,0.0,0.0021557268,0
img_05249_2024,0.0,0.028806409,0
img_05240_2024,0.0,0.0034961547,0
img_05263_2024,0.0,0.35103762,0
img_05239_2024,0.0,0.022701465,0
img_05255_2024,0.0,0.14973433,0
img_05254_2024,0.0,0.022090573,0
img_05269_2024,0.0,0.0282251,0
img_05264_2024,0.0,0.10030664,0
img_05265_2024,0.0,0.6610779,0
img_05268_2024,0.0,0.008828292,0
img_05270_2024,0.0,0.004924482,0
img_05262_2024,0.0,0.023755604,0
img_05266_2024,0.0,0.014417932,0
img_05271_2024,0.0,0.39315668,0
img_05267_2024,0.0,0.008865588,0
img_05272_2024,0.0,0.032557897,0
img_05274_2024,0.0,0.015916158,0
img_05273_2024,0.0,0.04998909,0
img_05275_2024,0.0,0.0035275226,0
img_05283_2024,0.0,0.22917092,0
img_05278_2024,0.0,0.018124882,0
img_05280_2024,0.0,0.07761791,0
img_05279_2024,0.0,0.0027297423,0
img_05282_2024,0.0,0.01429368,0
img_05277_2024,0.0,0.020938458,0
img_05281_2024,0.0,0.08902494,0
img_05286_2024,0.0,0.5530748,0
img_05287_2024,0.0,0.020109305,0
img_05288_2024,0.0,0.0052580605,0
img_05291_2024,0.0,0.010689914,0
img_05285_2024,0.0,0.048193205,0
img_05292_2024,0.0,0.024346903,0
img_05293_2024,0.0,0.025047425,0
img_05290_2024,0.0,0.2925138,0
img_05289_2024,0.0,0.030542862,0
img_05300_2024,0.0,0.21231478,0
img_05301_2024,0.0,0.3976695,0
img_05296_2024,0.0,0.8619767,1
img_05298_2024,0.0,0.037811603,0
img_05297_2024,0.0,0.012753772,0
img_05294_2024,0.0,0.11712856,0
img_05284_2024,0.0,0.023246547,0
img_05299_2024,0.0,0.0029339863,0
img_05276_2024,0.0,0.23609406,0
img_05302_2024,0.0,0.006610337,0
img_05295_2024,0.0,0.21718714,0
img_05303_2024,0.0,0.038456466,0
img_05309_2024,0.0,0.013125619,0
img_05306_2024,0.0,0.026943427,0
img_05305_2024,0.0,0.022204049,0
img_05304_2024,0.0,0.07486768,0
img_05310_2024,0.0,0.08670269,0
img_05312_2024,0.0,0.049679566,0
img_05308_2024,0.0,0.05309975,0
img_05315_2024,0.0,0.0050103012,0
img_05318_2024,0.0,0.054904114,0
img_05320_2024,0.0,0.45293832,0
img_05319_2024,0.0,0.027544413,0
img_05307_2024,0.0,0.25658986,0
img_05313_2024,0.0,0.016804686,0
img_05325_2024,0.0,0.61688507,0
img_05317_2024,0.0,0.017007034,0
img_05323_2024,0.0,0.0030509676,0
img_05327_2024,0.0,0.75051606,1
img_05328_2024,0.0,0.32907924,0
img_05321_2024,0.0,0.012193668,0
img_05314_2024,0.0,0.043216534,0
img_05326_2024,0.0,0.026699444,0
img_05330_2024,0.0,0.022100316,0
img_05322_2024,0.0,0.015119014,0
img_05331_2024,0.0,0.2860648,0
img_05329_2024,0.0,0.038979348,0
img_05333_2024,0.0,0.006896049,0
img_05316_2024,0.0,0.020639736,0
img_05337_2024,0.0,0.03544719,0
img_05332_2024,0.0,0.068877876,0
img_05338_2024,0.0,0.014393838,0
img_05347_2024,0.0,0.023282152,0
img_05339_2024,0.0,0.039969403,0
img_05346_2024,0.0,0.041574076,0
img_05341_2024,0.0,0.024885256,0
img_05344_2024,0.0,0.027348792,0
img_05345_2024,0.0,0.0020928693,0
img_05343_2024,0.0,0.011598608,0
img_05348_2024,0.0,0.0048668217,0
img_05351_2024,0.0,0.009098793,0
img_05349_2024,0.0,0.3584123,0
img_05350_2024,0.0,0.023358466,0
img_05335_2024,0.0,0.21677105,0
img_05353_2024,0.0,0.019738913,0
img_05352_2024,0.0,0.0050235777,0
img_05334_2024,0.0,0.0225268,0
img_05311_2024,0.0,0.019509358,0
img_05336_2024,0.0,0.017088465,0
img_05342_p01_2024,0.0,0.004553029,0
img_05342_p02_2024,0.0,0.006374298,0
img_05355_2024,0.0,0.070646256,0
img_05340_2024,0.0,0.008107631,0
img_05324_2024,0.0,0.0131496,0
img_05358_2024,0.0,0.16016743,0
img_05357_2024,0.0,0.0028112838,0
img_05356_2024,0.0,0.035330772,0
img_05354_2024,0.0,0.09946014,0
img_05359_2024,0.0,0.049399044,0
img_05362_2024,0.0,0.32423443,0
img_05360_2024,0.0,0.002159773,0
img_05364_2024,0.0,0.07908831,0
img_05365_2024,0.0,0.008234544,0
img_05361_2024,0.0,0.011851763,0
img_05366_2024,0.0,0.016893446,0
img_05363_2024,0.0,0.002374957,0
img_05368_2024,0.0,0.0030311793,0
img_05370_2024,0.0,0.748776,1
img_05369_2024,0.0,0.32286382,0
img_05372_2024,0.0,0.006601641,0
img_05376_2024,0.0,0.019092765,0
img_05373_2024,0.0,0.006662131,0
img_05377_2024,0.0,0.004355863,0
img_05380_2024,0.0,0.0057007936,0
img_05378_2024,0.0,0.014167963,0
img_05375_2024,0.0,0.0043466557,0
img_05383_2024,0.0,0.017578473,0
img_05381_2024,0.0,0.33547476,0
img_05374_2024,0.0,0.00133824,0
img_05379_2024,0.0,0.1515749,0
img_05384_2024,0.0,0.045506656,0
img_05385_2024,0.0,0.011660592,0
img_05388_2024,0.0,0.014825811,0
img_05386_2024,0.0,0.40683183,0
img_05387_2024,0.0,0.019732457,0
img_05371_2024,0.0,0.106840454,0
img_05382_2024,0.0,0.010079476,0
img_05389_2024,0.0,0.085682236,0
img_05390_2024,0.0,0.06615974,0
img_05393_2024,0.0,0.02625803,0
img_05392_2024,0.0,0.40002587,0
img_05391_2024,0.0,0.053101107,0
img_05229_p01_2024,0.0,0.006835722,0
img_05229_p02_2024,0.0,0.0036624384,0
img_05229_p03_2024,0.0,0.0020992644,0
img_05229_p04_2024,0.0,0.009454296,0
img_05229_p05_2024,0.0,0.0012434645,0
img_05229_p06_2024,0.0,0.01256531,0
img_05229_p07_2024,0.0,0.009737397,0
img_05229_p08_2024,0.0,0.010258513,0
img_05395_2024,0.0,0.0020460412,0
img_05397_2024,0.0,0.018989688,0
img_05394_2024,0.0,0.29945254,0
img_05396_2024,0.0,0.071724,0
img_05399_2024,0.0,0.0017931423,0
img_05398_2024,0.0,0.08559676,0
img_05402_2024,0.0,0.022282694,0
img_05401_2024,0.0,0.47678334,0
img_05406_2024,0.0,0.027893327,0
img_05405_2024,0.0,0.036233418,0
img_05404_2024,0.0,0.07785326,0
img_05408_2024,0.0,0.13839081,0
img_05409_2024,0.0,0.08720413,0
img_05410_2024,0.0,0.22824308,0
img_05411_2024,0.0,0.011470408,0
img_05414_2024,0.0,0.023929536,0
img_05413_2024,0.0,0.006889925,0
img_05412_2024,0.0,0.10165229,0
img_05416_2024,0.0,0.045400064,0
img_05419_2024,0.0,0.06499863,0
img_05417_2024,0.0,0.47404948,0
img_05422_2024,0.0,0.028623806,0
img_05415_2024,0.0,0.23003407,0
img_05420_2024,0.0,0.08439662,0
img_05418_2024,0.0,0.0063211448,0
img_05421_2024,0.0,0.18878572,0
img_05400_2024,0.0,0.007259506,0
img_05425_2024,0.0,0.5829092,0
img_05426_2024,0.0,0.026495067,0
img_05423_2024,0.0,0.016840769,0
img_05430_2024,0.0,0.013429752,0
img_05424_2024,0.0,0.049665622,0
img_05428_2024,0.0,0.187349,0
img_05429_2024,0.0,0.016918609,0
img_05435_2024,0.0,0.21884567,0
img_05407_p01_2024,0.0,0.7575907,1
img_05407_p02_2024,0.0,0.74857676,1
img_05432_2024,0.0,0.0036274889,0
img_05434_2024,0.0,0.17448166,0
img_05431_2024,0.0,0.04538701,0
img_05436_2024,0.0,0.4847158,0
img_05433_2024,0.0,0.005781641,0
img_05438_2024,0.0,0.00728288,0
img_05427_2024,0.0,0.016456023,0
img_05439_2024,0.0,0.029571032,0
img_05441_2024,0.0,0.12756766,0
img_05440_2024,0.0,0.05693304,0
img_05442_2024,0.0,0.05032856,0
img_05437_2024,0.0,0.038046863,0
img_05446_2024,0.0,0.012932848,0
img_05445_2024,0.0,0.019207561,0
img_05444_2024,0.0,0.1848724,0
img_05447_2024,0.0,0.0058949795,0
img_05449_2024,0.0,0.15777443,0
img_05448_2024,0.0,0.0070390557,0
img_05451_2024,0.0,0.09529683,0
img_05453_2024,0.0,0.0015501945,0
img_05450_2024,0.0,0.00017596473,0
img_05454_2024,0.0,0.024181092,0
img_05452_2024,0.0,0.86224407,1
img_05443_2024,0.0,0.0054535274,0
img_05455_2024,0.0,0.091549255,0
img_05459_2024,0.0,0.0028545868,0
img_05461_2024,0.0,0.0119649535,0
img_05457_2024,0.0,0.00081952434,0
img_05462_2024,0.0,0.7221486,1
img_05463_2024,0.0,0.1669708,0
img_05456_2024,0.0,0.009962497,0
img_05458_2024,0.0,0.01418279,0
img_05464_2024,0.0,0.01257761,0
img_05465_2024,0.0,0.0047449926,0
img_05466_2024,0.0,0.003719911,0
img_05469_2024,0.0,0.003944174,0
img_05403_p01_2024,0.0,0.01248596,0
img_05403_p02_2024,0.0,0.039412785,0
img_05403_p03_2024,0.0,0.00091175456,0
img_05403_p04_2024,0.0,0.01558266,0
img_05460_2024,0.0,0.0025182865,0
img_05468_2024,0.0,0.090957664,0
img_05472_2024,0.0,0.0050191632,0
img_05467_2024,0.0,0.009429077,0
img_05470_2024,0.0,0.07519946,0
img_05471_2024,0.0,0.059590384,0
img_05474_2024,0.0,0.0028207197,0
img_05479_2024,0.0,0.187594,0
img_05475_2024,0.0,0.048395514,0
img_05476_2024,0.0,0.009484827,0
img_05477_2024,0.0,0.0021428617,0
img_05473_2024,0.0,0.9418256,1
img_05478_2024,0.0,0.0022206984,0
img_05480_2024,0.0,0.028143747,0
img_05175_p01_2024,0.0,0.023578126,0
img_05175_p02_2024,0.0,0.0067534605,0
img_05175_p03_2024,0.0,0.013055361,0
img_05175_p04_2024,0.0,0.008329817,0
img_05175_p05_2024,0.0,0.0055856537,0
img_05175_p06_2024,0.0,0.0042709773,0
img_05175_p07_2024,0.0,0.018041223,0
img_05175_p08_2024,0.0,0.005822087,0
img_05175_p09_2024,0.0,0.0023565926,0
img_05175_p10_2024,0.0,0.0017742359,0
img_05175_p11_2024,0.0,0.015999565,0
img_05175_p12_2024,0.0,0.0011737831,0
img_05175_p13_2024,0.0,0.0144275455,0
img_05175_p14_2024,0.0,0.002442277,0
img_05481_2024,0.0,0.04461314,0
img_05488_2024,0.0,0.036512397,0
img_05490_2024,0.0,0.015423988,0
img_05483_2024,0.0,0.1569302,0
img_05491_2024,0.0,0.05804903,0
img_05484_2024,0.0,0.028937683,0
img_05485_2024,0.0,0.017578365,0
img_05487_2024,0.0,0.041842908,0
img_05492_2024,0.0,0.0055192863,0
img_05482_2024,0.0,0.12369302,0
img_05497_2024,0.0,0.001921216,0
img_05500_2024,0.0,0.048003335,0
img_05499_2024,0.0,0.0766417,0
img_05498_2024,0.0,0.055309642,0
img_05494_2024,0.0,0.006938297,0
img_05489_2024,0.0,0.044769023,0
img_05501_2024,0.0,0.04163509,0
img_05495_2024,0.0,0.0066618025,0
img_05486_2024,0.0,0.049125876,0
img_05503_2024,0.0,0.010113217,0
img_05504_2024,0.0,0.0024543281,0
img_05493_2024,0.0,0.00791502,0
img_05496_2024,0.0,0.31604815,0
img_05506_2024,0.0,0.3962102,0
img_05502_2024,0.0,0.03539147,0
img_05511_2024,0.0,0.01565762,0
img_05515_2024,0.0,0.010143536,0
img_05519_2024,0.0,0.4930601,0
img_05507_2024,0.0,0.020116001,0
img_05508_2024,0.0,0.06742072,0
img_05509_2024,0.0,0.054958805,0
img_05512_2024,0.0,0.008707474,0
img_05523_2024,0.0,0.12892152,0
img_05514_2024,0.0,0.0024717164,0
img_05522_2024,0.0,0.0036292938,0
img_05520_2024,0.0,0.028107213,0
img_05516_2024,0.0,0.0123956995,0
img_05518_2024,0.0,0.019500773,0
img_05510_2024,0.0,0.048795197,0
img_05525_2024,0.0,0.5230491,0
img_05521_2024,0.0,0.00018177461,0
img_05527_2024,0.0,0.0068523358,0
img_05529_2024,0.0,0.286485,0
img_05517_2024,0.0,0.05297988,0
img_05528_2024,0.0,0.020091875,0
img_05526_2024,0.0,0.04026643,0
img_05533_2024,0.0,0.013433341,0
img_05532_2024,0.0,0.25432003,0
img_05513_2024,0.0,0.0010765617,0
img_05531_2024,0.0,0.023303013,0
img_05530_2024,0.0,0.0123347,0
img_05505_2024,0.0,0.012222742,0
img_05541_2024,0.0,0.012806021,0
img_05535_2024,0.0,0.07706913,0
img_05540_2024,0.0,0.023478583,0
img_05524_2024,0.0,0.006051651,0
img_05534_2024,0.0,0.1486385,0
img_05543_2024,0.0,0.0017107975,0
img_05537_2024,0.0,0.5454717,0
img_05545_2024,0.0,0.03552673,0
img_05536_2024,0.0,0.0042071454,0
img_05544_2024,0.0,0.043965574,0
img_05542_2024,0.0,0.035297602,0
img_05550_2024,0.0,0.01734916,0
img_05546_2024,0.0,0.035449043,0
img_05552_2024,0.0,0.09360704,0
img_05551_2024,0.0,0.07856015,0
img_05553_2024,0.0,0.0016380722,0
img_05554_2024,0.0,0.17496568,0
img_05556_2024,0.0,0.009856318,0
img_05548_2024,0.0,0.009994765,0
img_05547_2024,0.0,0.08524461,0
img_05549_2024,0.0,0.031554706,0
img_05558_2024,0.0,0.08890004,0
img_05557_2024,0.0,0.024625203,0
img_05559_2024,0.0,0.015049547,0
img_05561_2024,0.0,0.020319445,0
img_05560_2024,0.0,0.016661415,0
img_05555_2024,0.0,0.03879297,0
img_05562_2024,0.0,0.6980542,0
img_05566_2024,0.0,0.01272323,0
img_05564_2024,0.0,0.29060936,0
img_05569_2024,0.0,0.11937285,0
img_05565_2024,0.0,0.0748166,0
img_05563_2024,0.0,0.025127232,0
img_05571_2024,0.0,0.0132323755,0
img_05574_2024,0.0,0.009091878,0
img_05576_2024,0.0,0.002846256,0
img_05567_2024,0.0,0.11482443,0
img_05568_2024,0.0,0.0007208243,0
img_05577_2024,0.0,0.023620466,0
img_05538_p01_2024,0.0,0.0011233595,0
img_05538_p02_2024,0.0,0.0013716291,0
img_05570_2024,0.0,0.0042619705,0
img_05580_2024,0.0,0.59217197,0
img_05579_2024,0.0,0.0053977636,0
img_05581_2024,0.0,0.0026127521,0
img_05572_2024,0.0,0.031942323,0
img_05575_2024,0.0,0.010470256,0
img_05582_2024,0.0,0.010413158,0
img_05584_2024,0.0,0.06327131,0
img_05583_2024,0.0,0.0025372948,0
img_05585_2024,0.0,0.81097496,1
img_05588_2024,0.0,0.16164404,0
img_05578_2024,0.0,0.005813576,0
img_05595_2024,0.0,0.10723316,0
img_05596_2024,0.0,0.18792203,0
img_05598_2024,0.0,0.0007675875,0
img_05593_2024,0.0,0.06842198,0
img_05589_2024,0.0,0.0032287869,0
img_05573_2024,0.0,0.011311951,0
img_05586_2024,0.0,0.01054825,0
img_05590_2024,0.0,0.024940167,0
img_05587_2024,0.0,0.43449378,0
img_05597_2024,0.0,0.7394555,1
img_05602_2024,0.0,0.01845956,0
img_05603_2024,0.0,0.007380088,0
img_05607_2024,0.0,0.34142417,0
img_05604_2024,0.0,0.9474724,1
img_05601_2024,0.0,0.018928535,0
img_05594_2024,0.0,0.060968287,0
img_05591_2024,0.0,0.68164694,0
img_05600_2024,0.0,0.0021944365,0
img_05592_2024,0.0,0.041558165,0
img_05613_2024,0.0,0.5152864,0
img_05611_2024,0.0,0.42249313,0
img_05599_2024,0.0,0.023521978,0
img_05612_2024,0.0,0.028364135,0
img_05608_2024,0.0,0.019054892,0
img_05605_2024,0.0,0.04404134,0
img_05610_2024,0.0,0.012171226,0
img_05609_2024,0.0,0.762292,1
img_05620_2024,0.0,0.0029174874,0
img_05615_2024,0.0,0.1763303,0
img_05616_2024,0.0,0.041118048,0
img_05622_2024,0.0,0.8882309,1
img_05623_2024,0.0,0.01789044,0
img_05624_2024,0.0,0.66718775,0
img_05606_2024,0.0,0.0039495747,0
img_05618_2024,0.0,0.009499917,0
img_05625_2024,0.0,0.030656151,0
img_05617_2024,0.0,0.04995952,0
img_05626_2024,0.0,0.01091727,0
img_05621_2024,0.0,0.018941566,0
img_05628_2024,0.0,0.19261968,0
img_05630_2024,0.0,0.637548,0
img_05619_2024,0.0,0.022938117,0
img_05614_2024,0.0,0.015023954,0
img_05636_2024,0.0,0.19661555,0
img_05633_2024,0.0,0.038993206,0
img_05632_2024,0.0,0.020248782,0
img_05634_2024,0.0,0.37097004,0
img_05631_2024,0.0,0.9801159,1
img_05629_2024,0.0,0.0073144506,0
img_05643_2024,0.0,0.013957089,0
img_05642_2024,0.0,0.09931832,0
img_05627_2024,0.0,0.0055652307,0
img_05635_2024,0.0,0.007838878,0
img_05640_2024,0.0,0.18746714,0
img_05644_2024,0.0,0.1514651,0
img_05637_2024,0.0,0.008118275,0
img_05646_2024,0.0,0.013594389,0
img_05639_2024,0.0,0.02431172,0
img_05641_2024,0.0,0.078896254,0
img_05649_2024,0.0,0.04672364,0
img_05648_2024,0.0,0.022907551,0
img_05638_2024,0.0,0.001150414,0
img_05650_2024,0.0,0.020100832,0
img_05645_2024,0.0,0.052709434,0
img_05651_2024,0.0,5.7142563e-05,0
img_05652_2024,0.0,0.053897053,0
img_05647_2024,0.0,0.031128937,0
img_05654_2024,0.0,0.12603065,0
img_05661_2024,0.0,0.09582778,0
img_05653_2024,0.0,0.13941893,0
img_05658_2024,0.0,0.036340915,0
img_05666_2024,0.0,0.24826537,0
img_05655_2024,0.0,0.35428184,0
img_05659_2024,0.0,0.59249526,0
img_05663_2024,0.0,0.014985722,0
img_05665_2024,0.0,0.1751483,0
img_05656_2024,0.0,0.047758803,0
img_05667_2024,0.0,0.027440198,0
img_05668_2024,0.0,0.017786803,0
img_05657_2024,0.0,0.0027292804,0
img_05670_2024,0.0,0.052267965,0
img_05662_2024,0.0,0.78280026,1
img_05660_2024,0.0,0.005608911,0
img_05664_2024,0.0,0.0022622333,0
img_05671_2024,0.0,0.028472917,0
img_05673_2024,0.0,0.045528296,0
img_05675_2024,0.0,0.4186365,0
img_05676_2024,0.0,0.5888913,0
img_05672_2024,0.0,0.071027875,0
img_05679_2024,0.0,0.19059953,0
img_05674_2024,0.0,0.071623564,0
img_05677_2024,0.0,0.9662585,1
img_05684_2024,0.0,0.007650847,0
img_05680_2024,0.0,0.0020219176,0
img_05681_2024,0.0,0.005861953,0
img_05688_2024,0.0,0.016559994,0
img_05686_2024,0.0,0.048546515,0
img_05683_2024,0.0,0.07189723,0
img_05685_2024,0.0,0.06582313,0
img_05691_2024,0.0,0.0049274648,0
img_05678_2024,0.0,0.40296704,0
img_05693_2024,0.0,0.017228175,0
img_05692_2024,0.0,0.02017116,0
img_05689_2024,0.0,0.1101337,0
img_05694_2024,0.0,0.13120694,0
img_05690_2024,0.0,0.028252395,0
img_05669_p01_2024,0.0,0.009907256,0
img_05669_p02_2024,0.0,0.07818788,0
img_05687_2024,0.0,0.33467054,0
img_05696_2024,0.0,0.046195798,0
img_05697_2024,0.0,0.010303212,0
img_05701_2024,0.0,0.0026591707,0
img_05698_2024,0.0,0.029098563,0
img_05700_2024,0.0,0.5179695,0
img_05702_2024,0.0,0.05259408,0
img_05699_2024,0.0,0.29915425,0
img_05705_2024,0.0,0.012913415,0
img_05707_2024,0.0,0.18510303,0
img_05703_2024,0.0,0.386319,0
img_05695_2024,0.0,0.14434886,0
img_05709_2024,0.0,0.013296202,0
img_05710_2024,0.0,0.47279853,0
img_05708_2024,0.0,0.06997258,0
img_05704_2024,0.0,0.0025279098,0
img_05711_2024,0.0,0.032433737,0
img_05713_2024,0.0,0.04176246,0
img_05714_2024,0.0,0.11918082,0
img_05706_2024,0.0,0.0081992205,0
img_05712_2024,0.0,0.0010711148,0
img_05716_2024,0.0,0.007847739,0
img_05718_2024,0.0,0.8494124,1
img_05715_2024,0.0,0.02483708,0
img_05722_2024,0.0,0.7334615,1
img_05717_2024,0.0,0.0046412246,0
img_05721_2024,0.0,0.0026000673,0
img_05726_2024,0.0,0.03293366,0
img_05720_2024,0.0,0.1085312,0
img_05731_2024,0.0,0.0099441195,0
img_05728_2024,0.0,0.16440114,0
img_05723_2024,0.0,0.0038085843,0
img_05735_2024,0.0,0.81867987,1
img_05725_2024,0.0,0.04286532,0
img_05733_2024,0.0,0.029072374,0
img_05729_2024,0.0,0.00050685403,0
img_05739_2024,0.0,0.06661884,0
img_05734_2024,0.0,0.02644734,0
img_05741_2024,0.0,0.04502402,0
img_05738_2024,0.0,0.048530165,0
img_05737_2024,0.0,0.0079516405,0
img_05682_p01_2024,0.0,0.022062436,0
img_05682_p02_2024,0.0,0.002945143,0
img_05682_p03_2024,0.0,0.024523903,0
img_05744_2024,0.0,0.006203032,0
img_05732_2024,0.0,0.011973615,0
img_05367_p01_2024,0.0,0.0012833965,0
img_05367_p02_2024,0.0,0.0322542,0
img_05367_p03_2024,0.0,0.0027918732,0
img_05367_p04_2024,0.0,0.012693167,0
img_05367_p05_2024,0.0,0.0043973313,0
img_05367_p06_2024,0.0,0.013803126,0
img_05367_p07_2024,0.0,0.0012121305,0
img_05367_p08_2024,0.0,0.0063826274,0
img_05367_p09_2024,0.0,0.005823617,0
img_05367_p10_2024,0.0,0.00012435846,0
img_05367_p11_2024,0.0,0.0016527765,0
img_05367_p12_2024,0.0,0.005732972,0
img_05367_p13_2024,0.0,0.0738541,0
img_05367_p14_2024,0.0,0.06292966,0
img_05367_p15_2024,0.0,0.001895911,0
img_05367_p16_2024,0.0,0.0011336186,0
img_05367_p17_2024,0.0,0.16138701,0
img_05743_2024,0.0,0.0053665913,0
img_05745_2024,0.0,0.12685561,0
img_05742_2024,0.0,0.17368576,0
img_05748_2024,0.0,0.22030997,0
img_05740_2024,0.0,0.0035069596,0
img_05746_2024,0.0,0.55124664,0
img_05747_2024,0.0,0.10903617,0
img_05749_2024,0.0,0.11802136,0
img_05750_2024,0.0,0.02998983,0
img_05719_p01_2024,0.0,0.065856524,0
img_05719_p02_2024,0.0,0.0033575532,0
img_05736_2024,0.0,0.0007663874,0
img_05751_2024,0.0,0.016867284,0
img_05753_2024,0.0,0.008872898,0
img_05754_2024,0.0,0.04850001,0
img_05756_2024,0.0,0.034878448,0
img_05755_2024,0.0,0.016583992,0
img_05757_2024,0.0,0.09138749,0
img_05763_2024,0.0,0.017892862,0
img_05762_2024,0.0,0.003912996,0
img_05758_2024,0.0,0.016953152,0
img_05760_2024,0.0,0.014623982,0
img_05759_2024,0.0,0.10485825,0
img_05764_2024,0.0,0.040671125,0
img_05766_2024,0.0,0.050135408,0
img_05761_2024,0.0,0.00858368,0
img_05767_2024,0.0,0.08576323,0
img_05752_2024,0.0,0.017670047,0
img_05765_2024,0.0,0.37857923,0
img_05771_2024,0.0,0.062296517,0
img_05770_2024,0.0,0.012983157,0
img_05773_2024,0.0,0.02446786,0
img_05777_2024,0.0,0.0034356785,0
img_05772_2024,0.0,0.10468525,0
img_05769_2024,0.0,0.00035175536,0
img_05780_2024,0.0,0.0032876784,0
img_05779_2024,0.0,0.009573829,0
img_05774_2024,0.0,0.002793634,0
img_05730_p02_2024,0.0,0.0028474971,0
img_05730_p03_2024,0.0,0.008109728,0
img_05730_p04_2024,0.0,0.006608784,0
img_05775_2024,0.0,0.24155505,0
img_05786_2024,0.0,0.2365284,0
img_05787_2024,0.0,0.03793806,0
img_05776_2024,0.0,0.009516708,0
img_05781_2024,0.0,0.032781675,0
img_05783_2024,0.0,0.7405104,1
img_05784_2024,0.0,0.033673704,0
img_05782_2024,0.0,0.009363141,0
img_05788_2024,0.0,0.14632712,0
img_05785_2024,0.0,0.0033021367,0
img_05791_2024,0.0,0.008293363,0
img_05778_2024,0.0,0.022515288,0
img_05790_2024,0.0,0.035827328,0
img_05793_2024,0.0,0.014162463,0
img_05794_2024,0.0,0.0037072473,0
img_05792_2024,0.0,0.0023867097,0
img_05797_2024,0.0,0.00020925146,0
img_05789_2024,0.0,0.12469782,0
img_05795_2024,0.0,0.18177977,0
img_05796_2024,0.0,0.0020820503,0
img_05800_2024,0.0,0.16566774,0
img_05801_2024,0.0,0.0052094595,0
img_05798_2024,0.0,0.0073388102,0
img_05802_2024,0.0,0.56408244,0
img_05803_2024,0.0,0.0033705842,0
img_05799_2024,0.0,0.023552036,0
img_05804_2024,0.0,0.0073741074,0
img_05807_2024,0.0,0.019686958,0
img_05805_2024,0.0,0.05839055,0
img_05813_2024,0.0,0.004366775,0
img_05808_2024,0.0,0.012808378,0
img_05806_2024,0.0,0.06942595,0
img_05810_2024,0.0,0.0056429706,0
img_05811_2024,0.0,0.5238997,0
img_05724_p01_2024,0.0,0.0053539257,0
img_05724_p02_2024,0.0,0.0037475654,0
img_05724_p03_2024,0.0,0.011793282,0
img_05724_p04_2024,0.0,0.018636491,0
img_05724_p05_2024,0.0,0.0013905095,0
img_05724_p06_2024,0.0,0.0028687608,0
img_05809_2024,0.0,0.37269068,0
img_05814_2024,0.0,0.7073389,0
img_05816_2024,0.0,0.003125856,0
img_05812_2024,0.0,0.014583949,0
img_05815_2024,0.0,0.070611864,0
img_05820_2024,0.0,0.0018479431,0
img_05819_2024,0.0,0.008186059,0
img_05818_2024,0.0,0.01898482,0
img_05822_2024,0.0,0.0055718506,0
img_05821_2024,0.0,0.08276092,0
img_05823_2024,0.0,0.15310524,0
img_05817_2024,0.0,0.005915489,0
img_05827_2024,0.0,0.0018656303,0
img_05831_2024,0.0,0.0009134815,0
img_05825_2024,0.0,0.008189564,0
img_05826_2024,0.0,0.58433825,0
img_05824_2024,0.0,0.0071428227,0
img_05830_2024,0.0,0.014289051,0
img_05828_2024,0.0,0.011105227,0
img_05834_2024,0.0,0.036957193,0
img_05829_2024,0.0,0.03780805,0
img_05833_2024,0.0,0.03675352,0
img_05832_2024,0.0,0.020430338,0
img_05838_2024,0.0,0.011681956,0
img_05836_2024,0.0,0.058632508,0
img_05839_2024,0.0,0.0034934743,0
img_05840_2024,0.0,0.0025332395,0
img_05841_2024,0.0,0.004388916,0
img_05842_2024,0.0,0.022380916,0
img_05848_2024,0.0,0.0008252135,0
img_05844_2024,0.0,0.054707132,0
img_05846_2024,0.0,0.031182198,0
img_05837_2024,0.0,0.16166036,0
img_05843_2024,0.0,0.010559109,0
img_05835_2024,0.0,0.824638,1
img_05847_2024,0.0,0.0023314108,0
img_05845_2024,0.0,0.084825255,0
img_05855_2024,0.0,0.028635103,0
img_05852_2024,0.0,0.0012362901,0
img_05854_2024,0.0,0.009665327,0
img_05859_2024,0.0,0.26257968,0
img_05853_2024,0.0,0.01137203,0
img_05860_2024,0.0,0.015774349,0
img_05851_2024,0.0,0.0443001,0
img_05862_2024,0.0,0.6189802,0
img_05857_2024,0.0,0.64769953,0
img_05861_2024,0.0,0.7486154,1
img_05856_2024,0.0,0.0037712802,0
img_05865_2024,0.0,0.031463455,0
img_05850_2024,0.0,0.07256743,0
img_05849_2024,0.0,0.5233936,0
img_05868_2024,0.0,0.7834356,1
img_05768_p01_2024,0.0,0.002195041,0
img_05768_p02_2024,0.0,0.0020639866,0
img_05768_p03_2024,0.0,0.009242571,0
img_05768_p04_2024,0.0,0.015696162,0
img_05768_p05_2024,0.0,0.016831439,0
img_05768_p06_2024,0.0,0.01063472,0
img_05866_2024,0.0,0.9122502,1
img_05867_2024,0.0,0.049689565,0
img_05863_2024,0.0,0.004406627,0
img_05870_2024,0.0,0.009564786,0
img_05873_2024,0.0,0.0037942324,0
img_05869_2024,0.0,0.010519404,0
img_05864_2024,0.0,0.04954642,0
img_05872_2024,0.0,0.005031029,0
img_05871_2024,0.0,0.12808019,0
img_05876_2024,0.0,0.03419302,0
img_05878_2024,0.0,0.025846815,0
img_05874_2024,0.0,0.033980448,0
img_05881_2024,0.0,0.025781138,0
img_05885_2024,0.0,0.005494874,0
img_05877_2024,0.0,0.2065252,0
img_05883_2024,0.0,0.009215577,0
img_05882_2024,0.0,0.077458516,0
img_05887_2024,0.0,0.0821817,0
img_05879_2024,0.0,0.021737233,0
img_05888_2024,0.0,0.8141013,1
img_05891_2024,0.0,0.5271243,0
img_05890_2024,0.0,0.014088581,0
img_05886_2024,0.0,0.07851167,0
img_05893_2024,0.0,0.30540517,0
img_05884_2024,0.0,0.7435634,1
img_05889_2024,0.0,0.42056474,0
img_05875_p01_2024,0.0,0.022815863,0
img_05875_p02_2024,0.0,0.021247992,0
img_05892_2024,0.0,0.019190215,0
img_05898_2024,0.0,0.014071748,0
img_05880_2024,0.0,0.0015537012,0
img_05895_2024,0.0,0.035254728,0
img_05896_2024,0.0,0.20152333,0
img_05894_2024,0.0,0.0015175071,0
img_05897_2024,0.0,0.010728874,0
img_05901_2024,0.0,0.013983047,0
img_05900_2024,0.0,0.013102163,0
img_05899_2024,0.0,0.019893577,0
img_05902_2024,0.0,0.017756788,0
img_05903_2024,0.0,0.03576279,0
img_05904_2024,0.0,0.17116007,0
img_05910_2024,0.0,0.051578995,0
img_05908_2024,0.0,0.02226418,0
img_05912_2024,0.0,0.8116178,1
img_05914_2024,0.0,0.010994053,0
img_05907_2024,0.0,0.011171903,0
img_05913_2024,0.0,0.037570857,0
img_05906_2024,0.0,0.78183997,1
img_05915_2024,0.0,0.037583966,0
img_05911_2024,0.0,0.037412405,0
img_05909_2024,0.0,0.25321305,0
img_05916_2024,0.0,0.012611285,0
img_05905_2024,0.0,0.004512287,0
img_05918_2024,0.0,0.01328469,0
img_05917_2024,0.0,0.002117891,0
img_05923_2024,0.0,0.0069934195,0
img_05919_2024,0.0,0.100022376,0
img_05921_2024,0.0,0.004178772,0
img_05922_2024,0.0,0.33504426,0
img_05925_2024,0.0,0.12516323,0
img_05920_2024,0.0,0.012101281,0
img_05929_2024,0.0,0.017587548,0
img_05926_2024,0.0,0.6729028,0
img_05931_2024,0.0,0.017426254,0
img_05928_2024,0.0,0.13713683,0
img_05927_2024,0.0,0.3384085,0
img_05932_2024,0.0,0.0022338957,0
img_05924_2024,0.0,0.008202777,0
img_05933_2024,0.0,0.084614255,0
img_05930_2024,0.0,0.017686523,0
img_05943_2024,0.0,0.0026037039,0
img_05942_2024,0.0,0.04122063,0
img_05944_2024,0.0,0.004238014,0
img_05934_2024,0.0,0.020030014,0
img_05939_2024,0.0,0.019783549,0
img_05935_2024,0.0,0.01311384,0
img_05937_2024,0.0,0.00258294,0
img_05940_2024,0.0,0.03139626,0
img_05946_2024,0.0,0.018298468,0
img_05941_2024,0.0,0.03908684,0
img_05949_2024,0.0,0.21214372,0
img_05947_2024,0.0,0.008505776,0
img_05936_2024,0.0,0.0020787062,0
img_05948_2024,0.0,0.0020923892,0
img_05858_p01_2024,0.0,0.0033579713,0
img_05858_p02_2024,0.0,0.024948481,0
img_05858_p03_2024,0.0,0.0071605616,0
img_05858_p04_2024,0.0,0.0073521263,0
img_05951_2024,0.0,0.062551185,0
img_05950_2024,0.0,0.03427931,0
img_05954_2024,0.0,0.009460031,0
img_05956_2024,0.0,0.033432882,0
img_05955_2024,0.0,0.047774103,0
img_05953_2024,0.0,0.013949399,0
img_05952_2024,0.0,0.0036706778,0
img_05957_2024,0.0,0.009450264,0
img_05959_2024,0.0,0.050362516,0
img_05938_p01_2024,0.0,0.0065627536,0
img_05938_p02_2024,0.0,0.03408229,0
img_05961_2024,0.0,0.009129614,0
img_05962_2024,0.0,0.5143519,0
img_05963_2024,0.0,0.0775964,0
img_05727_p01_2024,0.0,0.027183793,0
img_05727_p02_2024,0.0,0.00840551,0
img_05727_p03_2024,0.0,0.07307433,0
img_05727_p04_2024,0.0,0.0040892134,0
img_05727_p05_2024,0.0,0.007823503,0
img_05727_p06_2024,0.0,0.0016685693,0
img_05727_p07_2024,0.0,0.0070432024,0
img_05727_p08_2024,0.0,0.0039131693,0
img_05727_p09_2024,0.0,0.008551536,0
img_05727_p10_2024,0.0,0.032712,0
img_05727_p11_2024,0.0,0.0077915983,0
img_05965_2024,0.0,0.0028378519,0
img_05966_2024,0.0,0.5732927,0
img_05964_2024,0.0,0.0049241106,0
img_05958_2024,0.0,0.0013083054,0
img_05971_2024,0.0,0.007433448,0
img_05973_2024,0.0,0.026078984,0
img_05960_2024,0.0,0.04472082,0
img_05967_2024,0.0,0.33906907,0
img_05970_2024,0.0,0.07729615,0
img_05976_2024,0.0,0.4224744,0
img_05981_2024,0.0,0.0030466472,0
img_05977_2024,0.0,0.002795166,0
img_05978_2024,0.0,0.009489656,0
img_05972_2024,0.0,0.025957298,0
img_05979_2024,0.0,0.00432537,0
img_05982_2024,0.0,0.0040285,0
img_05985_2024,0.0,0.062242802,0
img_05968_2024,0.0,0.005402258,0
img_05987_2024,0.0,0.013015717,0
img_05983_2024,0.0,0.58876646,0
img_05993_2024,0.0,0.4768009,0
img_05991_2024,0.0,0.4785573,0
img_05992_2024,0.0,0.008385674,0
img_05984_2024,0.0,0.0644475,0
img_05989_2024,0.0,0.00933102,0
img_05986_2024,0.0,0.102166764,0
img_05990_2024,0.0,0.05773312,0
img_05969_2024,0.0,0.008599581,0
img_05980_2024,0.0,0.06564655,0
img_05996_2024,0.0,0.0022769503,0
img_05998_2024,0.0,0.06964712,0
img_05995_2024,0.0,0.0030670436,0
img_05997_2024,0.0,0.6797683,0
img_05994_2024,0.0,0.004398795,0
img_05988_2024,0.0,0.0019266008,0
img_06000_2024,0.0,0.012766938,0
img_06002_2024,0.0,0.07652069,0
img_05999_2024,0.0,0.0013883368,0
img_06006_2024,0.0,0.049716137,0
img_05945_p01_2024,0.0,0.0029925872,0
img_05945_p02_2024,0.0,0.008511802,0
img_05945_p03_2024,0.0,0.004162137,0
img_05945_p04_2024,0.0,0.0058554625,0
img_06001_2024,0.0,0.00094908953,0
img_06004_2024,0.0,0.98128843,1
img_06003_2024,0.0,0.02606342,0
img_06007_2024,0.0,0.7785212,1
img_06008_2024,0.0,0.6403104,0
img_06005_2024,0.0,0.010064965,0
img_06010_2024,0.0,0.005017259,0
img_06012_2024,0.0,0.0106876055,0
img_06014_2024,0.0,0.2867449,0
img_06009_2024,0.0,0.67582285,0
img_06017_2024,0.0,0.014831043,0
img_05975_p01_2024,0.0,0.012732912,0
img_05975_p02_2024,0.0,0.0010429254,0
img_06013_2024,0.0,0.035324924,0
img_06011_2024,0.0,0.04214311,0
img_06015_2024,0.0,0.013205413,0
img_06020_2024,0.0,0.012873518,0
img_06019_2024,0.0,0.07369106,0
img_06021_2024,0.0,0.028907262,0
img_06022_2024,0.0,0.0052976063,0
img_06018_2024,0.0,0.0069801337,0
img_06023_2024,0.0,0.0072075427,0
img_06016_2024,0.0,0.02574131,0
img_06024_2024,0.0,0.014899994,0
img_06034_2024,0.0,0.007543285,0
img_06032_2024,0.0,0.05086864,0
img_06029_2024,0.0,0.009340007,0
img_06031_2024,0.0,0.0074650627,0
img_06025_2024,0.0,0.02313654,0
img_06030_2024,0.0,0.08971683,0
img_06036_2024,0.0,0.04248245,0
img_06028_2024,0.0,0.03324481,0
img_05974_p01_2024,0.0,0.13986556,0
img_05974_p02_2024,0.0,0.027288556,0
img_05974_p03_2024,0.0,0.51834613,0
img_06040_2024,0.0,0.13931148,0
img_06039_2024,0.0,0.029519571,0
img_06033_2024,0.0,0.006743431,0
img_06027_2024,0.0,0.039730053,0
img_06042_2024,0.0,0.025427923,0
img_06038_2024,0.0,0.0003208646,0
img_06037_2024,0.0,0.0042680684,0
img_06043_2024,0.0,0.081524074,0
img_06041_2024,0.0,0.00093693164,0
img_06026_2024,0.0,0.83466375,1
img_06045_2024,0.0,0.046024546,0
img_06049_2024,0.0,0.10872909,0
img_06048_2024,0.0,0.2285135,0
img_06044_2024,0.0,0.013394261,0
img_06052_2024,0.0,0.030263016,0
img_06056_2024,0.0,0.024792368,0
img_06047_2024,0.0,0.004054103,0
img_06046_2024,0.0,0.07295189,0
img_06053_2024,0.0,0.009738187,0
img_06057_2024,0.0,0.005583766,0
img_06051_2024,0.0,0.25978503,0
img_06054_2024,0.0,0.07066405,0
img_06062_2024,0.0,0.09140525,0
img_06060_2024,0.0,0.042018354,0
img_06058_2024,0.0,0.0040129567,0
img_06050_2024,0.0,0.29311502,0
img_06059_2024,0.0,0.0072808564,0
img_06066_2024,0.0,0.035242874,0
img_06065_2024,0.0,0.8759417,1
img_06055_2024,0.0,0.03510036,0
img_06073_2024,0.0,0.0017805888,0
img_06071_2024,0.0,0.0008955854,0
img_06072_2024,0.0,0.017845303,0
img_06067_2024,0.0,0.116115585,0
img_06070_2024,0.0,0.10791659,0
img_06064_2024,0.0,0.12783176,0
img_06063_2024,0.0,0.24521177,0
img_06074_2024,0.0,0.17425708,0
img_06075_2024,0.0,0.0021308823,0
img_06069_2024,0.0,0.45187163,0
img_06077_2024,0.0,0.10799078,0
img_06076_2024,0.0,0.014662937,0
img_06080_2024,0.0,0.045664407,0
img_06079_2024,0.0,0.45327127,0
img_06078_2024,0.0,0.38266113,0
img_06068_2024,0.0,0.024741666,0
img_06085_2024,0.0,0.015551217,0
img_06084_2024,0.0,0.5851795,0
img_06082_2024,0.0,0.2054139,0
img_06088_2024,0.0,0.18709655,0
img_06081_2024,0.0,0.0028163132,0
img_06089_2024,0.0,0.10176414,0
img_06083_2024,0.0,0.0051397528,0
img_06086_2024,0.0,0.082498215,0
img_06090_2024,0.0,0.028247016,0
img_06092_2024,0.0,0.005668231,0
img_06091_2024,0.0,0.31609347,0
img_06094_2024,0.0,0.011797473,0
img_06096_2024,0.0,0.12719232,0
img_06095_2024,0.0,0.0041591735,0
img_06097_2024,0.0,0.44522122,0
img_06098_2024,0.0,0.09619815,0
img_06101_2024,0.0,0.06305189,0
img_06099_2024,0.0,0.05740523,0
img_06102_2024,0.0,0.97820413,1
img_06105_2024,0.0,0.048506267,0
img_06104_2024,0.0,0.0031057943,0
img_06100_2024,0.0,0.78178865,1
img_06103_2024,0.0,0.0660601,0
img_06106_2024,0.0,0.050598558,0
img_06107_2024,0.0,0.61483455,0
img_06108_2024,0.0,0.023916041,0
img_06110_2024,0.0,0.11576424,0
img_06112_2024,0.0,0.016185308,0
img_06109_2024,0.0,0.07962623,0
img_06111_2024,0.0,0.13668518,0
img_06113_2024,0.0,0.019743796,0
img_06115_2024,0.0,0.03315438,0
img_06116_2024,0.0,0.05700652,0
img_06114_2024,0.0,0.015656909,0
img_06120_2024,0.0,0.0038283353,0
img_06121_2024,0.0,0.019261632,0
img_06122_2024,0.0,0.0033143738,0
img_06119_2024,0.0,0.037337426,0
img_06117_2024,0.0,0.0012587773,0
img_06126_2024,0.0,0.0077968016,0
img_06118_2024,0.0,0.055935126,0
img_06123_2024,0.0,0.006187308,0
img_06061_p01_2024,0.0,0.007353153,0
img_06061_p02_2024,0.0,0.006223106,0
img_06061_p03_2024,0.0,0.0014280846,0
img_06061_p04_2024,0.0,0.0019429614,0
img_06127_2024,0.0,0.045858063,0
img_06129_2024,0.0,0.029282484,0
img_06128_2024,0.0,0.12784114,0
img_06133_2024,0.0,0.014467094,0
img_06131_2024,0.0,0.019840717,0
img_06132_2024,0.0,0.043247715,0
img_06138_2024,0.0,0.025245288,0
img_06136_2024,0.0,0.02958956,0
img_06035_p01_2024,0.0,0.016569875,0
img_06035_p02_2024,0.0,0.022640219,0
img_06035_p03_2024,0.0,0.0071855104,0
img_06035_p04_2024,0.0,0.0036322193,0
img_06141_2024,0.0,0.005248144,0
img_06134_2024,0.0,0.035869375,0
img_06139_2024,0.0,0.15902074,0
img_06124_2024,0.0,0.033396795,0
img_06135_2024,0.0,0.004794951,0
img_06137_2024,0.0,0.012878955,0
img_06140_2024,0.0,0.007404665,0
img_06142_2024,0.0,0.0063847713,0
img_06145_2024,0.0,0.018155983,0
img_06144_2024,0.0,0.07707372,0
img_06125_p01_2024,0.0,0.0023759878,0
img_06125_p02_2024,0.0,0.011608124,0
img_06146_2024,0.0,0.0017739165,0
img_06150_2024,0.0,0.18400069,0
img_06143_2024,0.0,0.023901358,0
img_06149_2024,0.0,0.0015867944,0
img_06151_2024,0.0,0.08460597,0
img_06148_2024,0.0,0.025245642,0
img_06153_2024,0.0,0.00045272004,0
img_06155_2024,0.0,0.03824125,0
img_06154_2024,0.0,0.0067598377,0
img_06156_2024,0.0,0.25013575,0
img_06093_p01_2024,0.0,0.0077603087,0
img_06093_p02_2024,0.0,0.00034206052,0
img_06093_p03_2024,0.0,0.004537482,0
img_06093_p04_2024,0.0,0.0052646613,0
img_06152_2024,0.0,0.008165581,0
img_06158_2024,0.0,0.07748628,0
img_06157_2024,0.0,0.0064951153,0
img_06161_2024,0.0,0.044851907,0
img_06160_2024,0.0,0.015304494,0
img_06166_2024,0.0,0.0025354286,0
img_06165_2024,0.0,0.47870257,0
img_06167_2024,0.0,0.030462757,0
img_06162_2024,0.0,0.10272032,0
img_06168_2024,0.0,0.01713526,0
img_06164_2024,0.0,0.7907819,1
img_06159_2024,0.0,0.006172914,0
img_06171_2024,0.0,0.0139827505,0
img_06163_2024,0.0,0.11002745,0
img_06170_2024,0.0,0.00670252,0
img_06172_2024,0.0,0.00817861,0
img_06173_2024,0.0,0.010148162,0
img_06174_2024,0.0,0.19899042,0
img_06175_2024,0.0,0.02294361,0
img_06178_2024,0.0,0.01579329,0
img_06181_2024,0.0,0.0353652,0
img_06179_2024,0.0,0.06533078,0
img_06180_2024,0.0,0.0010685739,0
img_06184_2024,0.0,0.08128888,0
img_06183_2024,0.0,0.87786615,1
img_06185_2024,0.0,0.0052104057,0
img_06182_2024,0.0,0.054922353,0
img_06188_2024,0.0,0.11033237,0
img_06177_2024,0.0,0.017603375,0
img_06191_2024,0.0,0.008770167,0
img_06187_2024,0.0,0.01981619,0
img_06189_2024,0.0,0.06500324,0
img_06194_2024,0.0,0.19421127,0
img_06197_2024,0.0,0.016960893,0
img_06196_2024,0.0,0.007875719,0
img_06192_2024,0.0,0.69255054,0
img_06190_2024,0.0,0.0036088496,0
img_06176_p01_2024,0.0,0.0014125339,0
img_06176_p02_2024,0.0,0.024627509,0
img_06202_2024,0.0,0.064039536,0
img_06200_2024,0.0,0.5628072,0
img_06195_2024,0.0,0.075640835,0
img_06193_2024,0.0,0.019809783,0
img_06203_2024,0.0,0.018893812,0
img_06201_2024,0.0,0.030534394,0
img_06204_2024,0.0,0.019275267,0
img_06206_2024,0.0,0.0040970272,0
img_06207_2024,0.0,0.005265293,0
img_06209_2024,0.0,0.023815915,0
img_06205_2024,0.0,0.0068873772,0
img_06212_2024,0.0,0.04593621,0
img_06210_2024,0.0,0.09003135,0
img_06211_2024,0.0,0.0020747278,0
img_06215_2024,0.0,0.1468916,0
img_06214_2024,0.0,0.007058526,0
img_06087_p01_2024,0.0,0.00097653735,0
img_06087_p02_2024,0.0,0.0055195536,0
img_06087_p03_2024,0.0,0.0031525241,0
img_06087_p04_2024,0.0,0.0009924703,0
img_06087_p05_2024,0.0,0.003808078,0
img_06087_p06_2024,0.0,0.0014647647,0
img_06216_2024,0.0,0.007492419,0
img_06213_2024,0.0,0.099514365,0
img_06208_2024,0.0,0.00090460194,0
img_06147_p01_2024,0.0,0.0019371371,0
img_06147_p02_2024,0.0,0.0054090647,0
img_06147_p03_2024,0.0,0.0027347498,0
img_06147_p04_2024,0.0,0.0064073447,0
img_06130_p01_2024,0.0,0.0017099361,0
img_06130_p02_2024,0.0,0.00058601197,0
img_06130_p03_2024,0.0,0.00097068143,0
img_06130_p04_2024,0.0,0.006245481,0
img_06217_2024,0.0,0.18375799,0
img_06219_2024,0.0,0.46322966,0
img_06218_2024,0.0,0.0044969795,0
img_06225_2024,0.0,0.0016668321,0
img_06224_2024,0.0,0.98675495,1
img_06223_2024,0.0,0.027071914,0
img_06221_2024,0.0,0.024166312,0
img_06231_2024,0.0,0.001368534,0
img_06228_2024,0.0,0.036168374,0
img_06229_2024,0.0,0.7396784,1
img_06222_2024,0.0,0.033213638,0
img_06234_2024,0.0,0.80349946,1
img_06226_2024,0.0,0.02007804,0
img_06235_2024,0.0,0.9607652,1
img_06230_2024,0.0,0.031166665,0
img_06237_2024,0.0,0.4836785,0
img_06169_p01_2024,0.0,0.0048609637,0
img_06169_p02_2024,0.0,0.0037630643,0
img_06169_p03_2024,0.0,0.00726165,0
img_06169_p04_2024,0.0,0.0045803036,0
img_06241_2024,0.0,0.015315053,0
img_06236_2024,0.0,0.014582482,0
img_06233_2024,0.0,0.4261962,0
img_06240_2024,0.0,0.004545857,0
img_06227_2024,0.0,0.0005507688,0
img_06232_2024,0.0,0.11243227,0
img_06245_2024,0.0,0.0071130153,0
img_06238_2024,0.0,0.015666716,0
img_06246_2024,0.0,0.008729394,0
img_06242_2024,0.0,0.023564879,0
img_06247_2024,0.0,0.37007993,0
img_06239_2024,0.0,0.9379567,1
img_06251_2024,0.0,0.04689977,0
img_06250_2024,0.0,0.0004511263,0
img_06249_2024,0.0,0.01877503,0
img_06252_2024,0.0,0.0071977125,0
img_06244_2024,0.0,0.005939484,0
img_06243_2024,0.0,0.0034625677,0
img_06255_2024,0.0,0.0709577,0
img_06248_2024,0.0,0.028953295,0
img_06260_2024,0.0,0.1261974,0
img_06253_2024,0.0,0.041516475,0
img_06263_2024,0.0,0.09946614,0
img_06259_2024,0.0,0.07010507,0
img_06254_2024,0.0,0.038431402,0
img_06257_2024,0.0,0.8415707,1
img_06258_2024,0.0,0.025968127,0
img_06256_2024,0.0,0.1238098,0
img_06266_2024,0.0,0.9940521,1
img_06261_2024,0.0,0.32420832,0
img_06262_2024,0.0,0.016926382,0
img_06268_2024,0.0,0.038797826,0
img_06269_2024,0.0,0.004560952,0
img_06264_2024,0.0,0.015215983,0
img_06270_2024,0.0,0.009806223,0
img_06272_2024,0.0,0.03233103,0
img_06273_2024,0.0,0.30231792,0
img_06267_2024,0.0,0.0050629927,0
img_06274_2024,0.0,0.32438704,0
img_06271_2024,0.0,0.042336114,0
img_06275_2024,0.0,0.14182852,0
img_06276_2024,0.0,0.044760123,0
img_06278_2024,0.0,0.16386278,0
img_06281_2024,0.0,0.0020381294,0
img_06199_p01_2024,0.0,0.0023092576,0
img_06199_p02_2024,0.0,0.0041713,0
img_06199_p03_2024,0.0,0.0013917714,0
img_06199_p04_2024,0.0,0.022246903,0
img_06279_2024,0.0,0.0018107176,0
img_06280_2024,0.0,0.0037149661,0
img_06277_2024,0.0,0.0061443695,0
img_06284_2024,0.0,0.049465455,0
img_06289_2024,0.0,0.0031602012,0
img_06290_2024,0.0,0.04923566,0
img_06283_2024,0.0,0.9826613,1
img_06288_2024,0.0,0.033640716,0
img_06285_2024,0.0,0.055585735,0
img_06286_2024,0.0,0.0055833366,0
img_06282_2024,0.0,0.0065477523,0
img_06287_2024,0.0,0.35694027,0
img_06291_2024,0.0,0.01767104,0
img_06292_2024,0.0,0.02603184,0
img_06293_2024,0.0,0.07094835,0
img_06295_2024,0.0,0.047414035,0
img_06298_2024,0.0,0.72356045,1
img_06297_2024,0.0,0.20633563,0
img_06294_2024,0.0,0.010605476,0
img_06299_2024,0.0,0.01493237,0
img_06300_2024,0.0,0.008979172,0
img_06303_2024,0.0,0.10790276,0
img_06301_2024,0.0,0.009004173,0
img_06302_2024,0.0,0.015333703,0
img_06304_2024,0.0,0.14100736,0
img_06305_2024,0.0,0.0038215653,0
img_06306_2024,0.0,0.017361855,0
img_06296_2024,0.0,0.003654415,0
img_06310_2024,0.0,0.0028490059,0
img_06311_2024,0.0,0.08691543,0
img_06308_2024,0.0,0.019555304,0
img_06313_2024,0.0,0.51037085,0
img_06312_2024,0.0,0.00439834,0
img_06307_2024,0.0,0.1261539,0
img_06314_2024,0.0,0.053376555,0
img_06317_2024,0.0,0.15081403,0
img_06316_2024,0.0,0.012098379,0
img_06319_2024,0.0,0.007905059,0
img_06320_2024,0.0,0.008126154,0
img_06322_2024,0.0,0.025556728,0
img_06318_2024,0.0,0.01782549,0
img_06315_2024,0.0,0.0076844255,0
img_06321_2024,0.0,0.014374274,0
img_06323_2024,0.0,0.02423282,0
img_06324_2024,0.0,0.002305577,0
img_06325_2024,0.0,0.4066792,0
img_06328_2024,0.0,0.0017712074,0
img_06329_2024,0.0,0.009097946,0
img_06326_2024,0.0,0.014199194,0
img_06330_2024,0.0,0.021350125,0
img_06333_2024,0.0,0.57459223,0
img_06327_2024,0.0,0.0040773945,0
img_06334_2024,0.0,0.0084845815,0
img_06265_p01_2024,0.0,0.011436923,0
img_06265_p02_2024,0.0,0.0026873068,0
img_06265_p03_2024,0.0,0.039475333,0
img_06265_p04_2024,0.0,0.01423199,0
img_06335_2024,0.0,0.0023372888,0
img_06337_2024,0.0,0.046526182,0
img_06331_2024,0.0,0.29742458,0
img_06336_2024,0.0,0.9224726,1
img_06332_2024,0.0,0.1282288,0
img_06338_2024,0.0,0.0049174144,0
img_06341_2024,0.0,0.0044440483,0
img_06344_2024,0.0,0.012294948,0
img_06342_2024,0.0,0.98011094,1
img_06343_2024,0.0,0.5893228,0
img_06339_2024,0.0,0.029220754,0
img_06346_2024,0.0,0.012202015,0
img_06345_2024,0.0,0.022550406,0
img_06350_2024,0.0,0.041951448,0
img_06347_2024,0.0,0.03517712,0
img_06349_2024,0.0,0.002000578,0
img_06340_2024,0.0,0.063303605,0
img_06348_2024,0.0,0.0013321456,0
img_06351_2024,0.0,0.94417894,1
img_06353_2024,0.0,0.0076937615,0
img_06352_2024,0.0,0.0025970591,0
img_06354_2024,0.0,0.020029824,0
img_06360_2024,0.0,0.022475505,0
img_06355_2024,0.0,0.0246327,0
img_06356_2024,0.0,0.019798823,0
img_06359_2024,0.0,0.068061285,0
img_06358_2024,0.0,0.00051030755,0
img_06365_2024,0.0,0.0031102693,0
img_06363_2024,0.0,0.040754665,0
img_06357_2024,0.0,0.37060276,0
img_06220_p01_2024,0.0,0.001070361,0
img_06220_p02_2024,0.0,0.00032554724,0
img_06220_p03_2024,0.0,0.00065864064,0
img_06220_p04_2024,0.0,0.0014798646,0
img_06220_p05_2024,0.0,0.117457636,0
img_06220_p06_2024,0.0,0.010001859,0
img_06220_p07_2024,0.0,0.014277719,0
img_06364_2024,0.0,0.0049451767,0
img_06362_2024,0.0,0.025045943,0
img_06366_2024,0.0,0.022462513,0
img_06375_2024,0.0,0.1346974,0
img_06367_2024,0.0,0.086786546,0
img_06373_2024,0.0,0.039187986,0
img_06372_2024,0.0,0.0020874268,0
img_06376_2024,0.0,0.018760197,0
img_06361_2024,0.0,0.003869674,0
img_06370_2024,0.0,0.75883985,1
img_06369_2024,0.0,0.019023828,0
img_06377_2024,0.0,0.0961653,0
img_06378_2024,0.0,0.18420339,0
img_06371_2024,0.0,0.034041084,0
img_06382_2024,0.0,0.0046668523,0
img_06374_2024,0.0,0.07922292,0
img_06384_2024,0.0,0.0074632177,0
img_06385_2024,0.0,0.0021306654,0
img_06368_2024,0.0,0.009904523,0
img_06381_2024,0.0,0.1686263,0
img_06386_2024,0.0,0.014533039,0
img_06380_2024,0.0,0.018353086,0
img_06388_2024,0.0,0.00566209,0
img_06379_2024,0.0,0.031789687,0
img_06383_2024,0.0,0.02740509,0
img_06389_2024,0.0,0.0025541526,0
img_06393_2024,0.0,0.0018533752,0
img_06390_2024,0.0,0.0018980202,0
img_06394_2024,0.0,0.10326363,0
img_06392_2024,0.0,0.29012224,0
img_06387_2024,0.0,0.34558305,0
img_06391_2024,0.0,0.005727742,0
img_06399_2024,0.0,0.007171682,0
img_06397_2024,0.0,0.11287133,0
img_06402_2024,0.0,0.018259406,0
img_06395_2024,0.0,0.029097047,0
img_06400_2024,0.0,0.49631822,0
img_06401_2024,0.0,0.0089857895,0
img_06398_2024,0.0,0.91287756,1
img_06403_2024,0.0,0.11734331,0
img_06396_2024,0.0,0.54267824,0
img_06409_2024,0.0,0.0856348,0
img_06405_2024,0.0,0.05595079,0
img_06407_2024,0.0,0.0057464093,0
img_06406_2024,0.0,0.010251568,0
img_06411_2024,0.0,0.1556769,0
img_06419_2024,0.0,0.005523172,0
img_06412_2024,0.0,0.030953126,0
img_06408_2024,0.0,0.010998224,0
img_06414_2024,0.0,0.003494205,0
img_06417_2024,0.0,0.030501192,0
img_06413_2024,0.0,0.049747013,0
img_06415_2024,0.0,0.010318346,0
img_06420_2024,0.0,0.0038850468,0
img_06416_2024,0.0,0.015248357,0
img_06418_2024,0.0,0.0011288498,0
img_06422_2024,0.0,0.11022212,0
img_06410_2024,0.0,0.005105875,0
img_06424_2024,0.0,0.8002958,1
img_06423_2024,0.0,0.0034749743,0
img_06425_2024,0.0,0.0033706035,0
img_06421_2024,0.0,0.028688923,0
img_06427_2024,0.0,0.0068024104,0
img_06198_p01_2024,0.0,0.016843129,0
img_06198_p02_2024,0.0,0.000959939,0
img_06198_p03_2024,0.0,0.0014795399,0
img_06198_p04_2024,0.0,0.0035974055,0
img_06198_p05_2024,0.0,0.014049135,0
img_06198_p06_2024,0.0,0.0047735386,0
img_06198_p07_2024,0.0,0.005891479,0
img_06198_p08_2024,0.0,0.0981182,0
img_06198_p09_2024,0.0,0.017923564,0
img_06198_p10_2024,0.0,0.014473383,0
img_06426_2024,0.0,0.0107497005,0
img_06435_2024,0.0,0.004373115,0
img_06431_2024,0.0,0.011297097,0
img_06428_2024,0.0,0.012966675,0
img_06432_2024,0.0,0.0004538904,0
img_06430_2024,0.0,0.008917927,0
img_06434_2024,0.0,0.0049687806,0
img_06438_2024,0.0,0.45852807,0
img_06433_2024,0.0,0.15178896,0
img_06439_2024,0.0,0.0065404046,0
img_06437_2024,0.0,0.024158621,0
img_06441_2024,0.0,0.020189652,0
img_06436_2024,0.0,0.16733427,0
img_06440_2024,0.0,0.22016503,0
img_06444_2024,0.0,0.12618749,0
img_06447_2024,0.0,0.013520734,0
img_06443_2024,0.0,0.010212264,0
img_06446_2024,0.0,0.14944841,0
img_06448_2024,0.0,0.045407694,0
img_06445_2024,0.0,0.07002924,0
img_06459_2024,0.0,0.031974107,0
img_06451_2024,0.0,0.84208006,1
img_06455_2024,0.0,0.014110031,0
img_06454_2024,0.0,0.0024887484,0
img_06429_p01_2024,0.0,0.000675228,0
img_06429_p02_2024,0.0,0.0035407112,0
img_06442_2024,0.0,0.03473313,0
img_06449_2024,0.0,0.92757314,1
img_06460_2024,0.0,0.0744095,0
img_06453_2024,0.0,0.2454602,0
img_06452_2024,0.0,0.012269716,0
img_06450_2024,0.0,0.0032635306,0
img_06457_2024,0.0,0.045506667,0
img_06462_2024,0.0,0.011774813,0
img_06461_2024,0.0,0.016877877,0
img_06470_2024,0.0,0.23879053,0
img_06469_2024,0.0,0.0057428307,0
img_06456_2024,0.0,0.02131927,0
img_06468_2024,0.0,0.0024011564,0
img_06466_2024,0.0,0.00717064,0
img_06464_2024,0.0,0.7663958,1
img_06458_2024,0.0,0.04091677,0
img_06471_2024,0.0,0.79501796,1
img_06465_2024,0.0,0.11311453,0
img_06474_2024,0.0,0.02407209,0
img_06475_2024,0.0,0.0010780817,0
img_06463_2024,0.0,0.011644387,0
img_06476_2024,0.0,0.02482487,0
img_06472_2024,0.0,0.043949176,0
img_06473_2024,0.0,0.0035723774,0
img_06478_2024,0.0,0.012590592,0
img_06477_2024,0.0,0.0054285806,0
img_06482_2024,0.0,0.65083337,0
img_06483_2024,0.0,0.0049856063,0
img_06486_2024,0.0,0.0044422788,0
img_06484_2024,0.0,0.019592801,0
img_06481_2024,0.0,0.006163694,0
img_06489_2024,0.0,0.073322445,0
img_06479_2024,0.0,0.7378339,1
img_06490_2024,0.0,0.029878663,0
img_06488_2024,0.0,0.0045075756,0
img_06491_2024,0.0,0.19284582,0
img_06487_2024,0.0,0.005781981,0
img_06493_2024,0.0,0.007576072,0
img_06492_2024,0.0,0.27890337,0
img_06494_2024,0.0,0.013700099,0
img_06498_2024,0.0,0.0252277,0
img_06497_2024,0.0,0.011281344,0
img_06501_2024,0.0,0.0015858172,0
img_06499_2024,0.0,0.0048441268,0
img_06495_2024,0.0,0.013850774,0
img_06496_2024,0.0,0.038298484,0
img_06500_2024,0.0,0.0031669557,0
img_06503_2024,0.0,0.009749529,0
img_06502_2024,0.0,0.0057662902,0
img_06504_2024,0.0,0.06415143,0
img_06480_p01_2024,0.0,0.04921204,0
img_06480_p02_2024,0.0,0.0070155584,0
img_06506_2024,0.0,0.013748281,0
img_06507_2024,0.0,0.08794549,0
img_06508_2024,0.0,0.0046353075,0
img_06505_2024,0.0,0.0045282017,0
img_06509_2024,0.0,0.014712409,0
img_06516_2024,0.0,0.0048770164,0
img_06517_2024,0.0,0.01193931,0
img_06510_2024,0.0,0.008207779,0
img_06519_2024,0.0,0.05172514,0
img_06511_2024,0.0,0.006043044,0
img_06513_2024,0.0,0.10495151,0
img_06521_2024,0.0,0.08819898,0
img_06514_2024,0.0,0.028749349,0
img_06485_p01_2024,0.0,0.0045823893,0
img_06485_p02_2024,0.0,0.007204271,0
img_06518_2024,0.0,0.2822216,0
img_06523_2024,0.0,0.5918275,0
img_06515_2024,0.0,0.00086451264,0
img_06512_2024,0.0,0.017017115,0
img_06524_2024,0.0,0.34473512,0
img_06525_2024,0.0,0.0031808096,0
img_06520_2024,0.0,0.027045906,0
img_06526_2024,0.0,0.010279041,0
img_06529_2024,0.0,0.0066115176,0
img_06528_2024,0.0,0.022310995,0
img_06527_2024,0.0,0.07658593,0
img_06530_2024,0.0,0.22200674,0
img_06522_2024,0.0,0.027009219,0
img_06531_2024,0.0,0.0903071,0
img_06532_2024,0.0,0.04831935,0
img_06536_2024,0.0,0.002426615,0
img_06533_2024,0.0,0.08439676,0
img_06534_2024,0.0,0.014095439,0
img_06309_p01_2024,0.0,0.07008648,0
img_06309_p02_2024,0.0,0.017006597,0
img_06309_p03_2024,0.0,0.0017251676,0
img_06309_p04_2024,0.0,0.009209827,0
img_06309_p05_2024,0.0,0.0035612008,0
img_06309_p06_2024,0.0,0.0036300682,0
img_06309_p07_2024,0.0,0.020954384,0
img_06309_p08_2024,0.0,0.00852298,0
img_06309_p09_2024,0.0,0.08336869,0
img_06309_p10_2024,0.0,0.008360383,0
img_06309_p11_2024,0.0,0.0032985366,0
img_06309_p12_2024,0.0,0.043908432,0
img_06541_2024,0.0,0.4009522,0
img_06538_2024,0.0,0.043567322,0
img_06539_2024,0.0,0.0007719392,0
img_06540_2024,0.0,0.12873355,0
img_06537_2024,0.0,0.17464416,0
img_06542_2024,0.0,0.029421238,0
img_06535_2024,0.0,0.08908707,0
img_06545_2024,0.0,0.19583969,0
img_06548_2024,0.0,0.0069402615,0
img_06546_2024,0.0,0.21462338,0
img_06544_2024,0.0,0.14596847,0
img_06551_2024,0.0,0.65360284,0
img_06547_2024,0.0,0.006405205,0
img_06550_2024,0.0,0.3250722,0
img_06543_2024,0.0,0.026200801,0
img_06553_2024,0.0,0.5027386,0
img_06404_p01_2024,0.0,0.005212547,0
img_06404_p02_2024,0.0,0.0048282067,0
img_06404_p03_2024,0.0,0.0035264133,0
img_06404_p04_2024,0.0,0.008338503,0
img_06404_p05_2024,0.0,0.0022203024,0
img_06404_p06_2024,0.0,0.0055118087,0
img_06404_p07_2024,0.0,0.008994508,0
img_06404_p08_2024,0.0,0.007369951,0
img_06554_2024,0.0,0.01222979,0
img_06552_2024,0.0,0.02293115,0
img_06556_2024,0.0,0.036088254,0
img_06559_2024,0.0,0.044349663,0
img_06555_2024,0.0,0.25869775,0
img_06557_2024,0.0,0.08886439,0
img_06560_2024,0.0,0.0063297227,0
img_06561_2024,0.0,0.021309434,0
img_06549_2024,0.0,0.006771588,0
img_06558_2024,0.0,0.0066714333,0
img_06562_2024,0.0,0.15309632,0
img_06566_2024,0.0,0.013511497,0
img_06565_2024,0.0,0.0035790778,0
img_06563_2024,0.0,0.051860224,0
img_06569_2024,0.0,0.055156644,0
img_06467_p01_2024,0.0,0.009414124,0
img_06467_p02_2024,0.0,0.0061836853,0
img_06467_p03_2024,0.0,0.047178786,0
img_06467_p04_2024,0.0,0.008057592,0
img_06467_p05_2024,0.0,0.0073398836,0
img_06564_2024,0.0,0.10306412,0
img_06571_2024,0.0,0.13259159,0
img_06572_2024,0.0,0.0009889959,0
img_06567_2024,0.0,0.003531774,0
img_06570_2024,0.0,0.007936278,0
img_06576_2024,0.0,0.019814184,0
img_06577_2024,0.0,0.01492702,0
img_06580_2024,0.0,0.017798712,0
img_06578_2024,0.0,0.1337206,0
img_06574_2024,0.0,0.05107056,0
img_06573_2024,0.0,0.14319168,0
img_06583_2024,0.0,0.3558542,0
img_06582_2024,0.0,0.00031882405,0
img_06581_2024,0.0,0.0039455397,0
img_06575_2024,0.0,0.001637299,0
img_06586_2024,0.0,0.03715951,0
img_06588_2024,0.0,0.0055545033,0
img_06587_2024,0.0,0.04717239,0
img_06590_2024,0.0,0.01964945,0
img_06568_2024,0.0,0.033613313,0
img_06579_2024,0.0,0.021525655,0
img_06585_2024,0.0,0.0059061423,0
img_06589_2024,0.0,0.0040218593,0
img_06584_2024,0.0,0.013990562,0
img_06591_2024,0.0,0.002987961,0
img_06594_2024,0.0,0.6349132,0
img_06599_2024,0.0,0.0060525434,0
img_06597_2024,0.0,0.04634715,0
img_06592_2024,0.0,0.22343753,0
img_06600_2024,0.0,0.39040124,0
img_06593_2024,0.0,0.11716229,0
img_06598_2024,0.0,0.030556183,0
img_06601_2024,0.0,0.09687625,0
img_06595_2024,0.0,0.0024302574,0
img_06607_2024,0.0,0.04024077,0
img_06603_2024,0.0,0.17294443,0
img_06609_2024,0.0,0.0029751486,0
img_06596_2024,0.0,0.006107161,0
img_06604_2024,0.0,0.003515821,0
img_06610_2024,0.0,0.3548738,0
img_05539_p01_2024,0.0,0.010262004,0
img_05539_p02_2024,0.0,0.015339111,0
img_05539_p03_2024,0.0,0.0070334016,0
img_05539_p04_2024,0.0,0.009526332,0
img_05539_p05_2024,0.0,0.005305034,0
img_05539_p06_2024,0.0,0.040032007,0
img_05539_p07_2024,0.0,0.101897895,0
img_05539_p08_2024,0.0,8.741593e-05,0
img_05539_p09_2024,0.0,0.00433487,0
img_05539_p10_2024,0.0,0.007921298,0
img_05539_p11_2024,0.0,0.011459632,0
img_05539_p12_2024,0.0,0.20687534,0
img_05539_p13_2024,0.0,0.0025279603,0
img_05539_p14_2024,0.0,0.0007003366,0
img_05539_p15_2024,0.0,0.0076249903,0
img_05539_p16_2024,0.0,0.0675467,0
img_05539_p17_2024,0.0,0.009148267,0
img_05539_p18_2024,0.0,0.008096085,0
img_05539_p20_2024,0.0,0.006255403,0
img_05539_p21_2024,0.0,0.00041395234,0
img_05539_p22_2024,0.0,0.021474374,0
img_05539_p23_2024,0.0,0.0034536712,0
img_05539_p24_2024,0.0,0.007733324,0
img_05539_p25_2024,0.0,0.0021768215,0
img_05539_p26_2024,0.0,0.0007858176,0
img_05539_p27_2024,0.0,0.0058291596,0
img_05539_p28_2024,0.0,0.0061358386,0
img_05539_p29_2024,0.0,0.07038234,0
img_05539_p30_2024,0.0,0.0038400914,0
img_05539_p31_2024,0.0,0.0028403006,0
img_05539_p32_2024,0.0,0.008639546,0
img_05539_p33_2024,0.0,0.005326248,0
img_05539_p34_2024,0.0,0.010907209,0
img_05539_p35_2024,0.0,0.0014671226,0
img_05539_p36_2024,0.0,0.009115053,0
img_05539_p37_2024,0.0,0.0049757073,0
img_05539_p38_2024,0.0,0.007262475,0
img_05539_p39_2024,0.0,0.023697864,0
img_05539_p40_2024,0.0,0.00805233,0
img_05539_p41_2024,0.0,0.008136383,0
img_05539_p42_2024,0.0,0.0016050487,0
img_05539_p43_2024,0.0,0.019506915,0
img_06612_2024,0.0,0.009411238,0
img_06614_2024,0.0,0.009110344,0
img_06608_2024,0.0,0.022860834,0
img_06611_2024,0.0,0.015225726,0
img_06618_2024,0.0,0.04453621,0
img_06619_2024,0.0,0.0161783,0
img_06620_2024,0.0,0.28055698,0
img_06622_2024,0.0,0.005870003,0
img_06625_2024,0.0,0.018961504,0
img_06621_2024,0.0,0.0023832754,0
img_06613_2024,0.0,0.06927364,0
img_06606_2024,0.0,0.1589554,0
img_06628_2024,0.0,0.0025698694,0
img_06629_2024,0.0,0.015635377,0
img_06632_2024,0.0,0.068318866,0
img_06630_2024,0.0,0.11307338,0
img_06623_2024,0.0,0.0014144974,0
img_06615_2024,0.0,0.08911414,0
img_06627_2024,0.0,0.71740764,1
img_06616_2024,0.0,0.03224405,0
img_06626_2024,0.0,0.0100793755,0
img_06635_2024,0.0,0.02499966,0
img_06639_2024,0.0,0.51185536,0
img_06637_2024,0.0,0.31367698,0
img_06634_2024,0.0,0.94517714,1
img_06617_2024,0.0,0.0036781002,0
img_06636_2024,0.0,0.0020530273,0
img_06633_2024,0.0,0.010920751,0
img_06631_2024,0.0,0.006951299,0
img_06638_2024,0.0,0.013797369,0
img_06641_2024,0.0,0.022401916,0
img_06642_2024,0.0,0.109243326,0
img_06640_2024,0.0,0.0030634752,0
img_06645_2024,0.0,0.008318303,0
img_06643_2024,0.0,0.15736048,0
img_06624_2024,0.0,0.007291994,0
img_06644_2024,0.0,0.060629133,0
img_06646_2024,0.0,0.081912026,0
img_06648_2024,0.0,0.009287013,0
img_06655_2024,0.0,0.61556107,0
img_06650_2024,0.0,0.2984264,0
img_06649_2024,0.0,0.0023271758,0
img_06654_2024,0.0,0.015627159,0
img_06652_2024,0.0,0.017222015,0
img_06653_2024,0.0,0.058083065,0
img_06662_2024,0.0,0.45924038,0
img_06661_2024,0.0,0.93703884,1
img_06657_2024,0.0,0.32440013,0
img_06660_2024,0.0,0.007118203,0
img_06658_2024,0.0,0.49104315,0
img_06659_2024,0.0,0.26763344,0
img_06664_2024,0.0,0.0008664436,0
img_06663_2024,0.0,0.020965943,0
img_06656_2024,0.0,0.083500944,0
img_06665_2024,0.0,0.19433504,0
img_06666_2024,0.0,0.024996225,0
img_06667_2024,0.0,0.00694888,0
img_06668_2024,0.0,0.0027752472,0
img_06670_2024,0.0,0.0041851224,0
img_06673_2024,0.0,0.03535891,0
img_06671_2024,0.0,0.005987214,0
img_06674_2024,0.0,0.062180337,0
img_06675_2024,0.0,0.018982546,0
img_06676_2024,0.0,0.34077534,0
img_06602_p01_2024,0.0,0.12777892,0
img_06602_p02_2024,0.0,0.035097074,0
img_06602_p03_2024,0.0,0.012637456,0
img_06602_p04_2024,0.0,0.0021143479,0
img_06672_2024,0.0,0.7696425,1
img_06680_2024,0.0,0.004159079,0
img_06679_2024,0.0,0.006483759,0
img_06682_2024,0.0,0.098923355,0
img_06681_2024,0.0,0.05585678,0
img_06678_2024,0.0,0.0014898586,0
img_06683_2024,0.0,0.011462609,0
img_06684_2024,0.0,0.03371532,0
img_06688_2024,0.0,0.08155675,0
img_06687_2024,0.0,0.007991638,0
img_06686_2024,0.0,0.060430333,0
img_06677_2024,0.0,0.036218908,0
img_06690_2024,0.0,0.11624671,0
img_06691_2024,0.0,0.020262511,0
img_06685_2024,0.0,0.00036229205,0
img_06689_2024,0.0,0.007337722,0
img_06695_2024,0.0,0.018254671,0
img_06700_2024,0.0,0.11995672,0
img_06697_2024,0.0,0.022991307,0
img_06699_2024,0.0,0.025422994,0
img_06693_2024,0.0,0.008217214,0
img_06692_2024,0.0,0.060704343,0
img_06694_2024,0.0,0.012873458,0
img_06706_2024,0.0,0.7092694,0
img_06696_2024,0.0,0.003671288,0
img_06703_2024,0.0,0.015808789,0
img_06705_2024,0.0,0.003870301,0
img_06701_2024,0.0,0.03440229,0
img_06704_2024,0.0,0.09136154,0
img_06707_2024,0.0,0.04134982,0
img_06708_2024,0.0,0.23758112,0
img_06702_2024,0.0,0.8139764,1
img_06709_2024,0.0,0.019984653,0
img_06711_2024,0.0,0.028698822,0
img_06713_2024,0.0,0.039654482,0
img_06698_2024,0.0,0.07070175,0
img_06712_2024,0.0,0.23811093,0
img_06710_2024,0.0,0.03465579,0
img_06716_2024,0.0,0.002448088,0
img_06714_2024,0.0,0.14634797,0
img_06718_2024,0.0,0.44470626,0
img_06717_2024,0.0,0.85831934,1
img_06715_2024,0.0,0.036038153,0
img_06719_2024,0.0,0.03843043,0
img_06720_2024,0.0,0.07416914,0
img_06721_2024,0.0,0.048178244,0
img_06722_2024,0.0,0.0017032169,0
img_06723_2024,0.0,0.2810011,0
img_06647_p01_2024,0.0,0.0008292746,0
img_06647_p02_2024,0.0,0.0068246434,0
img_06647_p03_2024,0.0,0.004757568,0
img_06647_p04_2024,0.0,0.005805889,0
img_06725_2024,0.0,0.0023165892,0
img_06730_2024,0.0,0.007949233,0
img_06728_2024,0.0,0.39649048,0
img_06734_2024,0.0,0.22912842,0
img_06733_2024,0.0,0.88451666,1
img_06736_2024,0.0,0.008671447,0
img_06726_2024,0.0,0.9507776,1
img_06731_2024,0.0,0.0008153683,0
img_06729_2024,0.0,0.48009056,0
img_06732_2024,0.0,0.28874117,0
img_06737_2024,0.0,0.0051697246,0
img_06735_2024,0.0,0.120369196,0
img_06739_2024,0.0,0.0022591806,0
img_06605_p01_2024,0.0,0.00046127793,0
img_06605_p02_2024,0.0,0.01778413,0
img_06605_p03_2024,0.0,0.0032091697,0
img_06605_p04_2024,0.0,0.0039379406,0
img_06605_p05_2024,0.0,0.0022382298,0
img_06605_p06_2024,0.0,0.0020819195,0
img_06744_2024,0.0,0.09633058,0
img_06727_2024,0.0,0.06616497,0
img_06742_2024,0.0,0.46828392,0
img_06748_2024,0.0,0.12035148,0
img_06738_2024,0.0,0.9117775,1
img_06746_2024,0.0,0.83027,1
img_06750_2024,0.0,0.0075722765,0
img_06747_2024,0.0,0.06180296,0
img_06753_2024,0.0,0.02000341,0
img_06749_2024,0.0,0.013991287,0
img_06751_2024,0.0,0.020890027,0
img_06745_2024,0.0,0.0014502855,0
img_06740_2024,0.0,0.07874603,0
img_06741_2024,0.0,0.008372421,0
img_06752_2024,0.0,0.0066830525,0
img_06755_2024,0.0,0.0069956784,0
img_06758_2024,0.0,0.103031896,0
img_06759_2024,0.0,0.015560146,0
img_06754_2024,0.0,0.007949812,0
img_06766_2024,0.0,0.009193528,0
img_06743_2024,0.0,0.008164817,0
img_06760_2024,0.0,0.002049918,0
img_06765_2024,0.0,0.19545327,0
img_06767_2024,0.0,0.0018583235,0
img_06761_2024,0.0,0.8662789,1
img_06768_2024,0.0,0.03531005,0
img_06762_2024,0.0,0.10912585,0
img_06764_2024,0.0,0.021151373,0
img_06769_2024,0.0,0.0005615355,0
img_06763_2024,0.0,0.19407912,0
img_06771_2024,0.0,0.02917915,0
img_06757_2024,0.0,0.00080224953,0
img_06770_2024,0.0,0.05967419,0
img_06756_2024,0.0,0.005048108,0
img_06724_p01_2024,0.0,0.14478964,0
img_06724_p02_2024,0.0,0.059448414,0
img_06776_2024,0.0,0.034526616,0
img_06773_2024,0.0,0.0015501591,0
img_06772_2024,0.0,0.050702002,0
img_06774_2024,0.0,0.08431431,0
img_06777_2024,0.0,0.97261804,1
img_06780_2024,0.0,0.006210279,0
img_06779_2024,0.0,0.06033446,0
img_06775_2024,0.0,0.11888683,0
img_06782_2024,0.0,0.024094809,0
img_06787_2024,0.0,0.0065050097,0
img_06786_2024,0.0,0.19985528,0
img_06785_2024,0.0,0.17573132,0
img_06778_2024,0.0,0.00789073,0
img_06783_2024,0.0,0.8786483,1
img_06791_2024,0.0,0.008301968,0
img_06792_2024,0.0,0.0070445403,0
img_06784_2024,0.0,0.013059207,0
img_06789_2024,0.0,0.12801836,0
img_06788_2024,0.0,0.006525346,0
img_06795_2024,0.0,0.24768999,0
img_06781_2024,0.0,0.0007448845,0
img_06797_2024,0.0,0.028790439,0
img_06799_2024,0.0,0.0021646114,0
img_06793_2024,0.0,0.03265714,0
img_06801_2024,0.0,0.004233195,0
img_06798_2024,0.0,0.0013480573,0
img_06802_2024,0.0,0.46291098,0
img_06794_2024,0.0,0.002242407,0
img_06805_2024,0.0,0.24398708,0
img_06804_2024,0.0,0.28989783,0
img_06803_2024,0.0,0.014420631,0
img_06809_2024,0.0,0.021822754,0
img_06806_2024,0.0,0.116552085,0
img_06808_2024,0.0,0.0026615278,0
img_06807_2024,0.0,0.0071871164,0
img_06818_2024,0.0,0.060210377,0
img_06814_2024,0.0,0.105347775,0
img_06800_p01_2024,0.0,0.02052309,0
img_06800_p02_2024,0.0,0.0010864234,0
img_06819_2024,0.0,0.002478768,0
img_06813_2024,0.0,0.22711645,0
img_06810_2024,0.0,0.0046654902,0
img_06790_p01_2024,0.0,0.9699364,1
img_06790_p02_2024,0.0,0.013295646,0
img_06790_p03_2024,0.0,0.06268992,0
img_06815_2024,0.0,0.040742375,0
img_06820_2024,0.0,0.21028697,0
img_06812_2024,0.0,0.09375189,0
img_06816_2024,0.0,0.57589126,0
img_06822_2024,0.0,0.06005851,0
img_06817_2024,0.0,0.035453763,0
img_06825_2024,0.0,0.002851833,0
img_06826_2024,0.0,0.055864513,0
img_06824_2024,0.0,0.005286236,0
img_06823_2024,0.0,0.090394706,0
img_06651_p01_2024,0.0,0.0036711937,0
img_06651_p02_2024,0.0,0.0051699136,0
img_06651_p04_2024,0.0,0.009169077,0
img_06651_p05_2024,0.0,0.0053713964,0
img_06651_p06_2024,0.0,0.0032179814,0
img_06651_p07_2024,0.0,0.0028178147,0
img_06651_p08_2024,0.0,0.014808549,0
img_06821_2024,0.0,0.0073181214,0
img_06828_2024,0.0,0.018779105,0
img_06827_2024,0.0,0.33644277,0
img_06830_2024,0.0,0.051033564,0
img_06832_2024,0.0,0.07658214,0
img_06831_2024,0.0,0.12429309,0
img_06829_2024,0.0,0.00095726154,0
img_06833_2024,0.0,0.00467592,0
img_06836_2024,0.0,0.04483477,0
img_06838_2024,0.0,0.01031466,0
img_06839_2024,0.0,0.020119088,0
img_06843_2024,0.0,0.0060601956,0
img_06841_2024,0.0,0.059332103,0
img_06796_p01_2024,0.0,0.0009330617,0
img_06796_p02_2024,0.0,0.019088961,0
img_06845_2024,0.0,0.008560783,0
img_06834_2024,0.0,0.008557149,0
img_06849_2024,0.0,0.17490941,0
img_06844_2024,0.0,0.01362502,0
img_06846_2024,0.0,0.027472816,0
img_06842_2024,0.0,0.011453718,0
img_06847_2024,0.0,0.0015221173,0
img_06848_2024,0.0,0.029659824,0
img_06851_2024,0.0,0.02289506,0
img_06850_2024,0.0,0.0075618885,0
img_06853_2024,0.0,0.17333442,0
img_06837_2024,0.0,0.026828716,0
img_06852_2024,0.0,0.06797707,0
img_06858_2024,0.0,0.018981446,0
img_06840_p01_2024,0.0,0.0089568,0
img_06840_p02_2024,0.0,0.016029846,0
img_06859_2024,0.0,0.015071311,0
img_06863_2024,0.0,0.09022908,0
img_06862_2024,0.0,0.7820027,1
img_06860_2024,0.0,0.0104631595,0
img_06856_2024,0.0,0.05937017,0
img_06854_2024,0.0,0.003027511,0
img_06864_2024,0.0,0.034485623,0
img_06861_2024,0.0,0.29870227,0
img_06865_2024,0.0,0.2675286,0
img_06867_2024,0.0,0.0847622,0
img_06868_2024,0.0,0.013186734,0
img_06866_2024,0.0,0.0047572516,0
img_06869_2024,0.0,0.2483025,0
img_06870_2024,0.0,0.018418713,0
img_06877_2024,0.0,0.054617975,0
img_06875_2024,0.0,0.38636327,0
img_06872_2024,0.0,0.0007732471,0
img_06876_2024,0.0,0.030487554,0
img_06873_2024,0.0,0.009770428,0
img_06878_2024,0.0,0.05946648,0
img_06874_2024,0.0,0.60905796,0
img_06879_2024,0.0,0.02205039,0
img_06882_2024,0.0,0.0073097157,0
img_06881_2024,0.0,0.0048961085,0
img_06880_2024,0.0,0.026442146,0
img_06884_2024,0.0,0.020361261,0
img_06871_2024,0.0,0.0010742925,0
img_06883_2024,0.0,0.0156301,0
img_06887_2024,0.0,0.6514133,0
img_06886_2024,0.0,0.002372701,0
img_06885_2024,0.0,0.0042698374,0
img_06889_2024,0.0,0.0048002056,0
img_06893_2024,0.0,0.001375105,0
img_06891_2024,0.0,0.013106003,0
img_06896_2024,0.0,0.34757903,0
img_06895_2024,0.0,0.0065434882,0
img_06897_2024,0.0,0.0013149562,0
img_06669_p01_2024,0.0,0.018995196,0
img_06669_p02_2024,0.0,0.0072384053,0
img_06669_p03_2024,0.0,0.00027161388,0
img_06669_p04_2024,0.0,0.0013119208,0
img_06669_p05_2024,0.0,0.0018490129,0
img_06669_p06_2024,0.0,0.0019858445,0
img_06669_p07_2024,0.0,0.014742384,0
img_06669_p08_2024,0.0,0.001208029,0
img_06669_p09_2024,0.0,0.011888185,0
img_06894_2024,0.0,0.0058805337,0
img_06888_2024,0.0,0.9554162,1
img_06890_2024,0.0,0.0031862739,0
img_06898_2024,0.0,0.0035523435,0
img_06902_2024,0.0,0.0056937197,0
img_06900_2024,0.0,0.007372435,0
img_06899_2024,0.0,0.002942369,0
img_06901_2024,0.0,0.0020193348,0
img_06855_p01_2024,0.0,0.033488724,0
img_06855_p02_2024,0.0,0.10006561,0
img_06855_p03_2024,0.0,0.013958709,0
img_06855_p04_2024,0.0,0.0016006868,0
img_06906_2024,0.0,0.005057186,0
img_06905_2024,0.0,0.043765645,0
img_06910_2024,0.0,0.004476078,0
img_06911_2024,0.0,0.011503366,0
img_06904_2024,0.0,0.10249071,0
img_06909_2024,0.0,0.056043398,0
img_06907_2024,0.0,0.36460528,0
img_06903_2024,0.0,0.0022847643,0
img_06915_2024,0.0,0.0055881096,0
img_06914_2024,0.0,0.34398544,0
img_06908_2024,0.0,0.044052433,0
img_06835_p01_2024,0.0,0.0046154,0
img_06835_p02_2024,0.0,0.03649992,0
img_06835_p03_2024,0.0,0.008222107,0
img_06835_p04_2024,0.0,0.019827928,0
img_06917_2024,0.0,0.0043790694,0
img_06912_2024,0.0,0.108491614,0
img_06913_2024,0.0,0.011583219,0
img_06916_2024,0.0,0.04359881,0
img_06919_2024,0.0,0.09321159,0
img_06892_p01_2024,0.0,0.02022353,0
img_06892_p02_2024,0.0,0.018055791,0
img_06918_2024,0.0,0.07016592,0
img_06924_2024,0.0,0.6387885,0
img_06922_2024,0.0,0.023628628,0
img_06929_2024,0.0,0.7424295,1
img_06928_2024,0.0,0.009209035,0
img_06925_2024,0.0,0.10888905,0
img_06933_2024,0.0,0.0066823694,0
img_06923_2024,0.0,0.04890803,0
img_06927_2024,0.0,0.01677855,0
img_06930_2024,0.0,0.96068794,1
img_06932_2024,0.0,0.019154651,0
img_06934_2024,0.0,0.08162366,0
img_06931_2024,0.0,0.017714364,0
img_06921_2024,0.0,0.016396478,0
img_06936_2024,0.0,0.026471464,0
img_06935_2024,0.0,0.07571543,0
img_06926_2024,0.0,0.030846924,0
img_06938_2024,0.0,0.020715527,0
img_06937_2024,0.0,0.41833904,0
img_06940_2024,0.0,0.18730763,0
img_06941_2024,0.0,0.096217014,0
img_06943_2024,0.0,0.20105991,0
img_06939_2024,0.0,0.023327054,0
img_06942_2024,0.0,0.0072257654,0
img_06944_2024,0.0,0.4081618,0
img_06946_2024,0.0,0.004454578,0
img_06949_2024,0.0,0.10771709,0
img_06945_2024,0.0,0.301777,0
img_06947_2024,0.0,0.06548944,0
img_06951_2024,0.0,0.91762614,1
img_06952_2024,0.0,0.021508105,0
img_06948_2024,0.0,0.007035294,0
img_06953_2024,0.0,0.004046922,0
img_06955_2024,0.0,0.0032661934,0
img_06954_2024,0.0,0.0032222823,0
img_06956_2024,0.0,0.012125315,0
img_06957_2024,0.0,0.31097052,0
img_06950_2024,0.0,0.010458865,0
img_06959_2024,0.0,0.026459062,0
img_06958_2024,0.0,0.018414792,0
img_06960_2024,0.0,0.0024842268,0
img_06963_2024,0.0,0.12785834,0
img_06964_2024,0.0,0.009136095,0
img_06962_2024,0.0,0.019913679,0
img_06961_2024,0.0,0.026353635,0
img_06966_2024,0.0,0.25234523,0
img_06811_p01_2024,0.0,0.007371891,0
img_06811_p02_2024,0.0,0.16996986,0
img_06811_p03_2024,0.0,0.0613419,0
img_06811_p04_2024,0.0,0.0062077637,0
img_06811_p05_2024,0.0,0.08224606,0
img_06811_p06_2024,0.0,0.03829031,0
img_06811_p07_2024,0.0,0.021416275,0
img_06811_p08_2024,0.0,0.0036476192,0
img_06965_2024,0.0,0.0030042501,0
img_06967_2024,0.0,0.23699243,0
img_06971_2024,0.0,0.56622225,0
img_06972_2024,0.0,0.25798622,0
img_06970_2024,0.0,0.014816216,0
img_06974_2024,0.0,0.205596,0
img_06969_2024,0.0,0.0052785263,0
img_06968_2024,0.0,0.0051007476,0
img_06975_2024,0.0,0.0052807876,0
img_06976_2024,0.0,0.0012467235,0
img_06977_2024,0.0,0.0039575608,0
img_06979_2024,0.0,0.22359866,0
img_06981_2024,0.0,0.033168253,0
img_06980_2024,0.0,0.011678856,0
img_06984_2024,0.0,0.04910095,0
img_06978_2024,0.0,0.0040340023,0
img_06985_2024,0.0,0.0026192302,0
img_06986_2024,0.0,0.011618365,0
img_06989_2024,0.0,0.051689368,0
img_06983_2024,0.0,0.07460182,0
img_06988_2024,0.0,0.0044018263,0
img_06982_2024,0.0,0.14231458,0
img_06987_2024,0.0,0.013243276,0
img_06990_2024,0.0,0.18931577,0
img_06992_2024,0.0,0.005172698,0
img_06994_2024,0.0,0.011646988,0
img_06996_2024,0.0,0.8470384,1
img_06999_2024,0.0,0.039613742,0
img_06997_2024,0.0,0.24784519,0
img_07001_2024,0.0,0.021991082,0
img_07000_2024,0.0,0.006884247,0
img_07006_2024,0.0,0.5038676,0
img_07004_2024,0.0,0.023419447,0
img_06995_2024,0.0,0.0059580347,0
img_06991_2024,0.0,0.028059978,0
img_06993_2024,0.0,0.0021268618,0
img_07005_2024,0.0,0.02892036,0
img_06998_2024,0.0,0.018161526,0
img_07003_2024,0.0,0.2528858,0
img_07002_2024,0.0,0.042504918,0
img_07011_2024,0.0,0.042528853,0
img_07015_2024,0.0,0.0032400554,0
img_07016_2024,0.0,0.027102696,0
img_07013_2024,0.0,0.052397355,0
img_07007_2024,0.0,0.004965625,0
img_07009_2024,0.0,0.012771091,0
img_07018_2024,0.0,0.017949779,0
img_07020_2024,0.0,0.013659283,0
img_07010_2024,0.0,0.036182955,0
img_07012_2024,0.0,0.0016861197,0
img_07021_2024,0.0,0.0053323316,0
img_07014_2024,0.0,0.015005562,0
img_07008_2024,0.0,0.012730059,0
img_07023_2024,0.0,0.6076001,0
img_07017_2024,0.0,0.02654044,0
img_07026_2024,0.0,0.002845432,0
img_07025_2024,0.0,0.0032723572,0
img_07022_2024,0.0,0.017980315,0
img_07027_2024,0.0,0.47389004,0
img_07033_2024,0.0,0.00060355203,0
img_07029_2024,0.0,0.007091817,0
img_07032_2024,0.0,0.0059428858,0
img_07030_2024,0.0,0.027940124,0
img_07024_2024,0.0,0.027624078,0
img_07031_2024,0.0,0.012861889,0
img_07037_2024,0.0,0.3518162,0
img_07028_2024,0.0,0.003287483,0
img_07035_2024,0.0,0.0041728592,0
img_07034_2024,0.0,0.0200517,0
img_07039_2024,0.0,0.033531286,0
img_07036_2024,0.0,0.018367352,0
img_07038_2024,0.0,0.071344525,0
img_07042_2024,0.0,0.04081352,0
img_07043_2024,0.0,0.033888813,0
img_07045_2024,0.0,0.0013513853,0
img_07044_2024,0.0,0.034385666,0
img_07048_2024,0.0,0.11745805,0
img_07051_2024,0.0,0.011079227,0
img_07049_2024,0.0,0.11798511,0
img_07050_2024,0.0,0.29392314,0
img_07046_2024,0.0,0.0064075696,0
img_07047_2024,0.0,0.03644824,0
img_07054_2024,0.0,0.008156658,0
img_07040_2024,0.0,0.18173723,0
img_07052_2024,0.0,0.0065501714,0
img_07055_2024,0.0,0.0034811753,0
img_07057_2024,0.0,0.04014224,0
img_07060_2024,0.0,0.12598395,0
img_07058_2024,0.0,0.005583064,0
img_07053_2024,0.0,0.027092677,0
img_07041_2024,0.0,0.08372937,0
img_07064_2024,0.0,0.003949659,0
img_07065_2024,0.0,0.022440866,0
img_07059_2024,0.0,0.017842738,0
img_07061_2024,0.0,0.0311123,0
img_07056_2024,0.0,0.0007993151,0
img_07062_2024,0.0,0.0021359874,0
img_07069_2024,0.0,0.0017502301,0
img_07072_2024,0.0,0.0423795,0
img_07073_2024,0.0,0.41148773,0
img_07068_2024,0.0,0.009916797,0
img_07070_2024,0.0,0.005436101,0
img_07071_2024,0.0,0.0007488182,0
img_07067_2024,0.0,0.015462115,0
img_07076_2024,0.0,0.02539661,0
img_07078_2024,0.0,0.0306449,0
img_07079_2024,0.0,0.072967574,0
img_07077_2024,0.0,0.014616886,0
img_07085_2024,0.0,0.0045455834,0
img_07075_2024,0.0,0.01569248,0
img_07074_2024,0.0,0.19946264,0
img_07081_2024,0.0,0.0038224787,0
img_07083_2024,0.0,0.13233528,0
img_06857_p01_2024,0.0,0.006401704,0
img_06857_p02_2024,0.0,0.0059134485,0
img_06857_p03_2024,0.0,0.0026366774,0
img_06857_p04_2024,0.0,0.021062914,0
img_06857_p05_2024,0.0,0.0060465136,0
img_06857_p07_2024,0.0,0.008864356,0
img_06857_p08_2024,0.0,0.10611543,0
img_06857_p09_2024,0.0,0.16916174,0
img_06857_p10_2024,0.0,0.0073392647,0
img_06857_p11_2024,0.0,0.05613998,0
img_07088_2024,0.0,0.111146964,0
img_07089_2024,0.0,0.4400148,0
img_07080_2024,0.0,0.30673653,0
img_07086_2024,0.0,0.026875116,0
img_07063_2024,0.0,0.008819638,0
img_07084_2024,0.0,0.5807802,0
img_07090_2024,0.0,0.01067938,0
img_07087_2024,0.0,0.072904,0
img_06973_p01_2024,0.0,0.022208916,0
img_06973_p02_2024,0.0,0.05297005,0
img_06973_p03_2024,0.0,0.033305436,0
img_06973_p04_2024,0.0,0.006366065,0
img_06973_p05_2024,0.0,0.0018158971,0
img_07093_2024,0.0,0.011534851,0
img_07095_2024,0.0,0.03601379,0
img_07097_2024,0.0,0.004793968,0
img_07092_2024,0.0,0.00961732,0
img_07101_2024,0.0,0.025800444,0
img_07082_2024,0.0,0.0009010247,0
img_07102_2024,0.0,0.13203591,0
img_07096_2024,0.0,0.1106636,0
img_07019_p01_2024,0.0,0.024678918,0
img_07019_p02_2024,0.0,0.0027587072,0
img_07019_p03_2024,0.0,0.027168324,0
img_07019_p04_2024,0.0,0.07173074,0
img_07091_2024,0.0,0.0056897714,0
img_07100_2024,0.0,0.009321463,0
img_07066_p01_2024,0.0,0.022916976,0
img_07066_p02_2024,0.0,0.012088166,0
img_07105_2024,0.0,0.009475267,0
img_07108_2024,0.0,0.0019751424,0
img_07103_2024,0.0,0.008259516,0
img_07104_2024,0.0,0.049418636,0
img_07099_2024,0.0,0.0034190381,0
img_07098_2024,0.0,0.0008458525,0
img_07107_2024,0.0,0.034126453,0
img_07094_2024,0.0,0.007880154,0
img_07106_2024,0.0,0.0017808701,0
img_07112_2024,0.0,0.22284119,0
img_07113_2024,0.0,0.009687662,0
img_07109_2024,0.0,0.008689859,0
img_07111_2024,0.0,0.005853098,0
img_07114_2024,0.0,0.030512383,0
img_07115_2024,0.0,0.0054292604,0
img_07118_2024,0.0,0.15263738,0
img_07120_2024,0.0,0.003174244,0
img_07110_2024,0.0,0.15384997,0
img_07121_2024,0.0,0.11773646,0
img_07116_2024,0.0,0.13520643,0
img_07119_2024,0.0,0.15344332,0
img_07124_2024,0.0,0.013291961,0
img_07117_2024,0.0,0.03600753,0
img_07126_2024,0.0,0.028896628,0
img_07127_2024,0.0,0.0066648386,0
img_07132_2024,0.0,0.09620172,0
img_07125_2024,0.0,0.59372795,0
img_07129_2024,0.0,0.044661265,0
img_07128_2024,0.0,0.023194969,0
img_07134_2024,0.0,0.00263028,0
img_07130_2024,0.0,0.017539335,0
img_07122_2024,0.0,0.2954075,0
img_07139_2024,0.0,0.08439333,0
img_07131_2024,0.0,0.0041267504,0
img_07135_2024,0.0,0.18387395,0
img_07136_2024,0.0,0.056284864,0
img_07137_2024,0.0,0.050435293,0
img_07141_2024,0.0,0.033819377,0
img_07140_2024,0.0,0.6566249,0
img_07142_2024,0.0,0.021812415,0
img_07143_2024,0.0,0.14791754,0
img_07144_2024,0.0,0.008437984,0
img_07147_2024,0.0,0.018007025,0
img_07138_2024,0.0,0.00044750376,0
img_07148_2024,0.0,0.009777397,0
img_07146_2024,0.0,0.052610006,0
img_07150_2024,0.0,0.042515155,0
img_07145_2024,0.0,0.039644167,0
img_07151_2024,0.0,0.010584507,0
img_07149_2024,0.0,0.033961248,0
img_07152_2024,0.0,0.003457696,0
img_07153_2024,0.0,0.18621998,0
img_07156_2024,0.0,0.054019485,0
img_07160_2024,0.0,0.4159877,0
img_07155_2024,0.0,0.019128403,0
img_07157_2024,0.0,0.04627815,0
img_07159_2024,0.0,0.0093913255,0
img_07154_2024,0.0,0.006934164,0
img_07158_2024,0.0,0.003376861,0
img_07161_2024,0.0,0.0358557,0
img_07162_2024,0.0,0.019090425,0
img_07163_2024,0.0,0.0022013695,0
img_07167_2024,0.0,0.0036847931,0
img_07166_2024,0.0,0.03810607,0
img_07165_2024,0.0,0.019239891,0
img_07168_2024,0.0,0.00013395758,0
img_07169_2024,0.0,0.0068604825,0
img_07164_2024,0.0,0.013019467,0
img_07173_2024,0.0,0.49377888,0
img_07170_2024,0.0,0.0030452614,0
img_07171_2024,0.0,0.0020149355,0
img_07175_2024,0.0,0.0840563,0
img_07172_2024,0.0,0.005129965,0
img_07180_2024,0.0,0.1005407,0
img_07178_2024,0.0,0.112777196,0
img_07176_2024,0.0,0.015801474,0
img_07179_2024,0.0,0.85918367,1
img_07174_2024,0.0,0.009285096,0
img_07183_2024,0.0,0.008862937,0
img_07182_2024,0.0,0.020470604,0
img_07177_2024,0.0,0.011529345,0
img_07185_2024,0.0,0.003444909,0
img_07187_2024,0.0,0.0057694265,0
img_07181_2024,0.0,0.0048157247,0
img_07190_2024,0.0,0.042233024,0
img_07184_2024,0.0,0.0015944883,0
img_07189_2024,0.0,0.064778015,0
img_07188_2024,0.0,0.3691686,0
img_07193_2024,0.0,0.013550531,0
img_07123_p01_2024,0.0,0.0011335177,0
img_07123_p02_2024,0.0,0.0036872448,0
img_07123_p03_2024,0.0,0.003313841,0
img_07123_p04_2024,0.0,0.001139274,0
img_07186_2024,0.0,0.30393097,0
img_07196_2024,0.0,0.043748263,0
img_07195_2024,0.0,0.0064393873,0
img_07199_2024,0.0,0.46731436,0
img_07198_2024,0.0,0.012297507,0
img_07202_2024,0.0,0.041837834,0
img_07197_2024,0.0,0.006853881,0
img_07204_2024,0.0,0.4169091,0
img_07200_2024,0.0,0.00452488,0
img_07201_2024,0.0,0.14609306,0
img_07192_2024,0.0,0.09570832,0
img_07194_2024,0.0,0.3927212,0
img_07206_2024,0.0,0.2922933,0
img_07203_2024,0.0,0.005123741,0
img_07205_2024,0.0,0.004874402,0
img_07133_p01_2024,0.0,0.0043941448,0
img_07133_p02_2024,0.0,0.02889272,0
img_07133_p03_2024,0.0,0.004406658,0
img_07133_p04_2024,0.0,0.037381552,0
img_07212_2024,0.0,0.006970291,0
img_07207_2024,0.0,0.02492202,0
img_07210_2024,0.0,0.055693675,0
img_07209_2024,0.0,0.16956559,0
img_07208_2024,0.0,0.0063073076,0
img_07214_2024,0.0,0.034629133,0
img_07221_2024,0.0,0.04107821,0
img_07218_2024,0.0,0.022459257,0
img_07220_2024,0.0,0.05500721,0
img_07224_2024,0.0,0.08819875,0
img_07216_2024,0.0,0.039271254,0
img_07219_2024,0.0,0.010612193,0
img_07215_2024,0.0,0.9356511,1
img_07229_2024,0.0,0.0012629493,0
img_07222_2024,0.0,0.28343123,0
img_07231_2024,0.0,0.024528103,0
img_07211_2024,0.0,0.058451638,0
img_07225_2024,0.0,0.016619062,0
img_07191_p01_2024,0.0,0.0024101532,0
img_07191_p02_2024,0.0,0.0036062545,0
img_07228_2024,0.0,0.93100923,1
img_07217_2024,0.0,0.04615526,0
img_07232_2024,0.0,0.0055628405,0
img_07227_2024,0.0,0.15135412,0
img_07226_2024,0.0,0.02397455,0
img_07230_2024,0.0,0.088461086,0
img_07233_2024,0.0,0.011248734,0
img_07236_2024,0.0,0.023896959,0
img_07234_2024,0.0,0.004752973,0
img_07223_2024,0.0,0.10015477,0
img_07239_2024,0.0,0.001578622,0
img_07235_2024,0.0,0.10911138,0
img_07241_2024,0.0,0.24087755,0
img_07243_2024,0.0,0.034821093,0
img_07238_2024,0.0,0.13705964,0
img_07237_2024,0.0,0.11702131,0
img_07245_2024,0.0,0.05767291,0
img_07242_2024,0.0,0.41608053,0
img_07249_2024,0.0,0.17352319,0
img_07248_2024,0.0,0.0022308072,0
img_07240_2024,0.0,0.00055316923,0
img_07247_2024,0.0,0.0077469144,0
img_07255_2024,0.0,0.01089456,0
img_07256_2024,0.0,0.0012066995,0
img_07250_2024,0.0,0.018208692,0
img_07259_2024,0.0,0.2908428,0
img_07251_2024,0.0,0.5450886,0
img_07253_2024,0.0,0.1398677,0
img_07246_2024,0.0,0.007162796,0
img_07258_2024,0.0,0.092616364,0
img_07244_2024,0.0,0.0017380061,0
img_07213_p01_2024,0.0,0.06778021,0
img_07213_p02_2024,0.0,0.004770027,0
img_07261_2024,0.0,0.0054032216,0
img_07252_2024,0.0,0.11681583,0
img_07260_2024,0.0,0.13195115,0
img_07264_2024,0.0,0.029301474,0
img_07257_2024,0.0,0.107894905,0
img_07254_2024,0.0,0.17470641,0
img_07265_2024,0.0,0.33749095,0
img_07266_2024,0.0,0.03163222,0
img_07270_2024,0.0,0.037880138,0
img_07268_2024,0.0,0.00744653,0
img_07267_2024,0.0,0.007869574,0
img_07272_2024,0.0,0.30920526,0
img_07269_2024,0.0,0.04766913,0
img_07281_2024,0.0,0.017627042,0
img_07279_2024,0.0,0.025122311,0
img_07280_2024,0.0,0.06652662,0
img_07273_2024,0.0,0.010408766,0
img_07275_2024,0.0,0.01438295,0
img_07262_p01_2024,0.0,0.00511296,0
img_07262_p02_2024,0.0,0.001983249,0
img_07274_2024,0.0,0.0050589326,0
img_07277_2024,0.0,0.0023453124,0
img_07276_2024,0.0,0.0022542248,0
img_07278_2024,0.0,0.0012836771,0
img_07282_2024,0.0,0.0020582646,0
img_07284_2024,0.0,0.017174488,0
img_07283_2024,0.0,0.013284683,0
img_07288_2024,0.0,0.018882483,0
img_07271_2024,0.0,0.011301349,0
img_07289_2024,0.0,0.044582877,0
img_07290_2024,0.0,0.022625197,0
img_07285_2024,0.0,0.048921924,0
img_07286_2024,0.0,0.0017924707,0
img_07263_p01_2024,0.0,0.0023955489,0
img_07263_p02_2024,0.0,0.0041073677,0
img_07293_2024,0.0,0.0071763014,0
img_07292_2024,0.0,0.03786232,0
img_07297_2024,0.0,0.010019562,0
img_07291_2024,0.0,0.09382359,0
img_07294_2024,0.0,0.67403173,0
img_07295_2024,0.0,0.99461466,1
img_07287_2024,0.0,0.011851133,0
img_07298_2024,0.0,0.67900884,0
img_07303_2024,0.0,0.07123587,0
img_07304_2024,0.0,0.0038636406,0
img_07300_2024,0.0,0.5688552,0
img_07301_2024,0.0,0.038647797,0
img_07299_2024,0.0,0.010848791,0
img_07311_2024,0.0,0.01305745,0
img_07312_2024,0.0,0.00472648,0
img_07310_2024,0.0,0.20559838,0
img_07296_2024,0.0,0.0090110265,0
img_07302_2024,0.0,0.05806688,0
img_07313_2024,0.0,0.11991803,0
img_07307_2024,0.0,0.010790032,0
img_07315_2024,0.0,0.03436349,0
img_07306_2024,0.0,0.0054859305,0
img_07316_2024,0.0,0.024062756,0
img_07308_2024,0.0,0.3406902,0
img_07317_2024,0.0,0.0060737445,0
img_07314_2024,0.0,0.0050678784,0
img_07323_2024,0.0,0.018296454,0
img_07309_2024,0.0,0.0030801627,0
img_07322_2024,0.0,0.09337685,0
img_07325_2024,0.0,0.0008833892,0
img_07329_2024,0.0,0.16057247,0
img_07326_2024,0.0,0.7843417,1
img_07330_2024,0.0,0.044199176,0
img_07331_2024,0.0,0.0050914274,0
img_07327_2024,0.0,0.6533774,0
img_07324_2024,0.0,0.409105,0
img_07305_2024,0.0,0.54703367,0
img_07319_2024,0.0,0.7974176,1
img_07318_2024,0.0,0.087223336,0
img_07333_2024,0.0,0.004882312,0
img_07320_2024,0.0,0.042623717,0
img_07321_2024,0.0,0.046179805,0
img_07332_2024,0.0,0.024555385,0
img_07337_2024,0.0,0.009520835,0
img_07334_2024,0.0,0.02860323,0
img_07328_2024,0.0,0.06476241,0
img_07336_2024,0.0,0.3819105,0
img_07339_2024,0.0,0.031515807,0
img_07340_2024,0.0,0.16990364,0
img_07347_2024,0.0,0.009327048,0
img_07342_2024,0.0,0.0042016474,0
img_07345_2024,0.0,0.0019432618,0
img_07338_2024,0.0,0.034667093,0
img_07343_2024,0.0,0.038019516,0
img_07350_2024,0.0,0.002322662,0
img_07349_2024,0.0,0.086258516,0
img_07346_2024,0.0,0.0048404643,0
img_07351_2024,0.0,0.016314818,0
img_07344_2024,0.0,0.0055392794,0
img_07348_2024,0.0,0.044399444,0
img_07352_2024,0.0,0.02953113,0
img_07341_2024,0.0,0.02347454,0
img_07356_2024,0.0,0.044103533,0
img_07354_2024,0.0,0.004447277,0
img_07353_2024,0.0,0.013467135,0
img_07359_2024,0.0,0.030260721,0
img_07358_2024,0.0,0.009759606,0
img_07361_2024,0.0,0.026432764,0
img_07365_2024,0.0,0.39454433,0
img_07367_2024,0.0,0.011100034,0
img_07369_2024,0.0,0.5402005,0
img_07363_2024,0.0,0.17054023,0
img_07368_2024,0.0,0.024035638,0
img_07364_2024,0.0,0.031449217,0
img_07360_2024,0.0,0.024001807,0
img_07370_2024,0.0,0.9569943,1
img_07371_2024,0.0,0.018677488,0
img_07372_2024,0.0,0.17045996,0
img_07375_2024,0.0,0.4694634,0
img_07377_2024,0.0,0.31221038,0
img_07376_2024,0.0,0.51472586,0
img_07381_2024,0.0,0.022108287,0
img_07378_2024,0.0,0.04979365,0
img_07384_2024,0.0,0.022709686,0
img_07383_2024,0.0,0.08660713,0
img_07385_2024,0.0,0.0051192027,0
img_07357_p01_2024,0.0,0.0004579175,0
img_07357_p02_2024,0.0,0.008870576,0
img_07389_2024,0.0,0.7124986,0
img_07388_2024,0.0,0.010912946,0
img_07387_2024,0.0,0.8828858,1
img_07386_2024,0.0,0.0036963318,0
img_07380_2024,0.0,0.010052947,0
img_07393_2024,0.0,0.004564363,0
img_07394_2024,0.0,0.5143941,0
img_07379_p01_2024,0.0,0.0053006224,0
img_07379_p02_2024,0.0,0.039813586,0
img_07391_2024,0.0,0.0070055234,0
img_07382_2024,0.0,0.005375392,0
img_07395_2024,0.0,0.0010583234,0
img_07366_p01_2024,0.0,0.0030639952,0
img_07366_p02_2024,0.0,0.0007250869,0
img_07392_2024,0.0,0.60641605,0
img_07373_p01_2024,0.0,0.016447112,0
img_07373_p02_2024,0.0,0.0013202357,0
img_07362_p01_2024,0.0,0.011229471,0
img_07362_p02_2024,0.0,0.1873866,0
img_07396_2024,0.0,0.017061943,0
img_07400_2024,0.0,0.0016306831,0
img_07401_2024,0.0,0.63382596,0
img_07399_2024,0.0,0.0026600244,0
img_07403_2024,0.0,0.3069767,0
img_07402_2024,0.0,0.029604008,0
img_07406_2024,0.0,0.6764294,0
img_07405_2024,0.0,0.02085042,0
img_07408_2024,0.0,0.1477737,0
img_07390_p01_2024,0.0,0.14190434,0
img_07390_p02_2024,0.0,0.38624656,0
img_07409_2024,0.0,0.10237568,0
img_07407_2024,0.0,0.006715275,0
img_07412_2024,0.0,0.58038133,0
img_07355_p01_2024,0.0,0.034650303,0
img_07355_p02_2024,0.0,0.03033209,0
img_07355_p03_2024,0.0,0.14963792,0
img_07355_p04_2024,0.0,0.05439021,0
img_07410_2024,0.0,0.24269345,0
img_07411_2024,0.0,0.4513483,0
img_07418_2024,0.0,0.34784982,0
img_07417_2024,0.0,0.31237713,0
img_07419_2024,0.0,0.638906,0
img_07420_2024,0.0,0.010861842,0
img_07422_2024,0.0,0.24085478,0
img_07423_2024,0.0,0.08281705,0
img_07421_2024,0.0,0.008526358,0
img_07424_2024,0.0,0.07235195,0
img_07426_2024,0.0,0.06854189,0
img_07425_2024,0.0,0.044086903,0
img_07428_2024,0.0,0.0114588,0
img_07431_2024,0.0,0.45910206,0
img_07430_2024,0.0,0.0519648,0
img_07429_2024,0.0,0.0012985806,0
img_07434_2024,0.0,0.0598598,0
img_07435_2024,0.0,0.0038078032,0
img_07436_2024,0.0,0.6723551,0
img_07439_2024,0.0,0.056637228,0
img_07413_p01_2024,0.0,0.0021736575,0
img_07413_p02_2024,0.0,0.022563864,0
img_07440_2024,0.0,0.037285667,0
img_07438_2024,0.0,0.06928219,0
img_07441_2024,0.0,0.17100437,0
img_07437_2024,0.0,0.3392958,0
img_07442_2024,0.0,0.34658337,0
img_07427_p01_2024,0.0,0.473338,0
img_07427_p02_2024,0.0,0.81921434,1
img_07397_p01_2024,0.0,0.010350445,0
img_07397_p02_2024,0.0,0.10810407,0
img_07397_p03_2024,0.0,0.04964119,0
img_07397_p04_2024,0.0,0.0008918462,0
img_07444_2024,0.0,0.0052757356,0
img_07404_p01_2024,0.0,0.003068458,0
img_07404_p03_2024,0.0,0.009056736,0
img_07404_p04_2024,0.0,0.026351033,0
img_07448_2024,0.0,0.28976265,0
img_07450_2024,0.0,0.1256917,0
img_07433_p01_2024,0.0,0.00980408,0
img_07433_p02_2024,0.0,0.015882501,0
img_07447_2024,0.0,0.6926244,0
img_07446_2024,0.0,0.0016174305,0
img_07445_2024,0.0,0.0063888687,0
img_07451_2024,0.0,0.06815995,0
img_07452_2024,0.0,0.037935186,0
img_07398_p01_2024,0.0,0.0070197983,0
img_07398_p02_2024,0.0,0.011131405,0
img_07398_p03_2024,0.0,0.011553923,0
img_07398_p04_2024,0.0,0.12929869,0
img_07454_2024,0.0,0.0691566,0
img_07456_2024,0.0,0.009349909,0
img_07455_2024,0.0,0.08973807,0
img_07416_p01_2024,0.0,0.0026539706,0
img_07416_p02_2024,0.0,0.042732634,0
img_07416_p03_2024,0.0,0.00082339754,0
img_07416_p04_2024,0.0,0.0013594299,0
img_07457_2024,0.0,0.08413183,0
img_07459_2024,0.0,0.23208602,0
img_07463_2024,0.0,0.0101785995,0
img_07458_2024,0.0,0.40140268,0
img_07415_p01_2024,0.0,0.0026348147,0
img_07415_p02_2024,0.0,0.008839242,0
img_07415_p03_2024,0.0,0.012146232,0
img_07415_p04_2024,0.0,0.003273191,0
img_07464_2024,0.0,0.18667956,0
img_07461_2024,0.0,0.15508656,0
img_07443_p01_2024,0.0,0.0017916118,0
img_07443_p02_2024,0.0,0.0073267766,0
img_07467_2024,0.0,0.0043885116,0
img_07468_2024,0.0,0.3196911,0
img_07466_2024,0.0,0.0006414607,0
img_07465_2024,0.0,0.016180996,0
img_07462_2024,0.0,0.41102147,0
img_07470_2024,0.0,0.07633468,0
img_07453_p01_2024,0.0,0.00027782508,0
img_07453_p02_2024,0.0,0.00022208937,0
img_07449_p01_2024,0.0,0.061847426,0
img_07449_p02_2024,0.0,0.08874244,0
img_07476_2024,0.0,0.6459389,0
img_07460_2024,0.0,0.033267483,0
img_07473_2024,0.0,0.04569327,0
img_07479_2024,0.0,0.0058309813,0
img_07472_2024,0.0,0.0032816431,0
img_07475_2024,0.0,0.50279665,0
img_07471_2024,0.0,0.12704416,0
img_07481_2024,0.0,0.0050494373,0
img_07474_2024,0.0,0.04038967,0
img_07477_2024,0.0,0.021177456,0
img_07483_2024,0.0,0.10743928,0
img_07487_2024,0.0,0.757592,1
img_07484_2024,0.0,0.3186033,0
img_07486_2024,0.0,0.00033567703,0
img_07485_2024,0.0,0.05911145,0
img_07489_2024,0.0,0.003333927,0
img_07469_p01_2024,0.0,0.0015207061,0
img_07469_p02_2024,0.0,0.0012494327,0
img_07480_2024,0.0,0.040760707,0
img_07490_2024,0.0,0.54243827,0
img_07493_2024,0.0,0.049431633,0
img_07491_2024,0.0,0.009935167,0
img_07497_2024,0.0,0.006961557,0
img_07492_2024,0.0,0.007128901,0
img_07495_2024,0.0,0.010918196,0
img_07499_2024,0.0,0.72191787,1
img_07502_2024,0.0,0.5400907,0
img_07500_2024,0.0,0.014410252,0
img_07503_2024,0.0,0.028493587,0
img_07498_2024,0.0,0.02157983,0
img_07496_2024,0.0,0.30423173,0
img_07504_2024,0.0,0.46048635,0
img_07505_2024,0.0,0.07600088,0
img_07501_2024,0.0,0.47370914,0
img_07506_2024,0.0,0.10098297,0
img_07482_p01_2024,0.0,0.07497416,0
img_07482_p02_2024,0.0,0.004797607,0
img_07507_2024,0.0,0.021518992,0
img_07508_2024,0.0,0.09180303,0
img_07512_2024,0.0,0.0010156168,0
img_07513_2024,0.0,0.86681515,1
img_07511_2024,0.0,0.7331016,1
img_07514_2024,0.0,0.07787471,0
img_07516_2024,0.0,0.0019918175,0
img_07510_2024,0.0,0.039240457,0
img_07519_2024,0.0,0.13911009,0
img_07494_p01_2024,0.0,0.0036560665,0
img_07494_p02_2024,0.0,0.00245535,0
img_07518_2024,0.0,0.17967711,0
img_07521_2024,0.0,0.0015114897,0
img_07523_2024,0.0,0.43421787,0
img_07526_2024,0.0,0.011650034,0
img_07520_2024,0.0,0.25434864,0
img_07527_2024,0.0,0.09085549,0
img_07524_2024,0.0,0.076315954,0
img_07432_p01_2024,0.0,0.06997012,0
img_07432_p02_2024,0.0,0.022889266,0
img_07432_p03_2024,0.0,0.11105807,0
img_07432_p04_2024,0.0,0.0036045297,0
img_07432_p05_2024,0.0,0.015522036,0
img_07432_p06_2024,0.0,0.004150398,0
img_07488_p01_2024,0.0,0.020733528,0
img_07488_p02_2024,0.0,0.0009300148,0
img_07488_p03_2024,0.0,0.015102849,0
img_07488_p04_2024,0.0,0.4992533,0
img_07531_2024,0.0,0.66662365,0
img_07530_2024,0.0,0.07477946,0
img_07478_p01_2024,0.0,0.0014703772,0
img_07478_p02_2024,0.0,0.057820205,0
img_07478_p03_2024,0.0,0.001904904,0
img_07478_p04_2024,0.0,0.0004939411,0
img_07517_p01_2024,0.0,0.08268259,0
img_07517_p02_2024,0.0,0.01183974,0
img_07532_2024,0.0,0.22166854,0
img_07529_2024,0.0,0.31131908,0
img_07534_2024,0.0,0.01779962,0
img_07528_2024,0.0,0.099961765,0
img_07536_2024,0.0,0.693887,0
img_07522_p01_2024,0.0,0.0072526904,0
img_07522_p02_2024,0.0,0.0022801938,0
img_07539_2024,0.0,0.66198033,0
img_07543_2024,0.0,0.205169,0
img_07541_2024,0.0,0.015582975,0
img_07540_2024,0.0,0.31064868,0
img_07545_2024,0.0,0.5038939,0
img_07546_2024,0.0,0.0019472889,0
img_07542_2024,0.0,0.00452002,0
img_07537_2024,0.0,0.22007498,0
img_07538_2024,0.0,0.0047091655,0
img_07544_2024,0.0,0.045909125,0
img_07547_2024,0.0,0.17375171,0
img_07548_2024,0.0,0.38228786,0
img_07550_2024,0.0,0.04224166,0
img_07553_2024,0.0,0.06021422,0
img_07554_2024,0.0,0.6759581,0
img_07556_2024,0.0,0.14383964,0
img_07535_p01_2024,0.0,0.0091143,0
img_07535_p02_2024,0.0,0.113741145,0
img_07557_2024,0.0,0.0012545682,0
img_07552_2024,0.0,0.13081387,0
img_07509_p01_2024,0.0,0.00085731025,0
img_07509_p02_2024,0.0,8.064454e-05,0
img_07509_p03_2024,0.0,0.009569436,0
img_07509_p04_2024,0.0,0.00036759113,0
img_07555_2024,0.0,0.0013856667,0
img_07515_p01_2024,0.0,0.007472333,0
img_07515_p02_2024,0.0,0.0024978397,0
img_07515_p03_2024,0.0,0.0012095384,0
img_07515_p04_2024,0.0,0.00020634278,0
img_07564_2024,0.0,0.02704616,0
img_07562_2024,0.0,0.33175576,0
img_07565_2024,0.0,0.3292116,0
img_07567_2024,0.0,0.34916553,0
img_07525_p01_2024,0.0,0.022759555,0
img_07525_p02_2024,0.0,0.038770355,0
img_07525_p03_2024,0.0,0.0012343386,0
img_07525_p04_2024,0.0,0.0021270642,0
img_07568_2024,0.0,0.5106292,0
img_07563_2024,0.0,0.04551229,0
img_07560_2024,0.0,0.05569914,0
img_07569_2024,0.0,0.06799549,0
img_07572_2024,0.0,0.19173408,0
img_07578_2024,0.0,0.1547571,0
img_07561_p01_2024,0.0,0.00597702,0
img_07561_p02_2024,0.0,0.005821596,0
img_07575_2024,0.0,0.20111242,0
img_07571_2024,0.0,0.002494724,0
img_07579_2024,0.0,0.014731395,0
img_07566_p01_2024,0.0,0.010428745,0
img_07566_p02_2024,0.0,0.005943232,0
img_07335_p02_2024,0.0,0.01732039,0
img_07335_p03_2024,0.0,0.0011710994,0
img_07335_p04_2024,0.0,0.00054900884,0
img_07335_p05_2024,0.0,0.0029263198,0
img_07335_p06_2024,0.0,0.0029143253,0
img_07335_p07_2024,0.0,0.0037885318,0
img_07335_p08_2024,0.0,0.00516906,0
img_07335_p09_2024,0.0,0.00032033309,0
img_07335_p10_2024,0.0,0.008360399,0
img_07335_p11_2024,0.0,0.0023920748,0
img_07335_p12_2024,0.0,0.0029121048,0
img_07335_p13_2024,0.0,0.016373808,0
img_07335_p14_2024,0.0,0.0027486035,0
img_07335_p15_2024,0.0,0.007094164,0
img_07573_2024,0.0,0.0043555507,0
img_07580_2024,0.0,0.001292162,0
img_07549_p01_2024,0.0,0.62087,0
img_07549_p02_2024,0.0,0.030564064,0
img_07549_p03_2024,0.0,0.05241675,0
img_07549_p04_2024,0.0,0.0049822223,0
img_07576_2024,0.0,0.06686673,0
img_07570_p01_2024,0.0,0.54204977,0
img_07570_p02_2024,0.0,0.0061162794,0
img_07582_2024,0.0,0.8874043,1
img_07583_2024,0.0,0.13442378,0
img_07586_2024,0.0,0.08156586,0
img_07584_2024,0.0,0.0046986397,0
img_07585_2024,0.0,0.2236765,0
img_07581_2024,0.0,0.016036317,0
img_07590_2024,0.0,0.01078529,0
img_07589_2024,0.0,0.0069630705,0
img_07591_2024,0.0,0.4696745,0
img_07558_p01_2024,0.0,0.044850588,0
img_07558_p02_2024,0.0,0.34361184,0
img_07558_p03_2024,0.0,0.18847276,0
img_07558_p04_2024,0.0,0.034216706,0
img_07588_2024,0.0,0.09103843,0
img_07592_2024,0.0,0.14165924,0
img_07596_2024,0.0,0.00070010807,0
img_07587_2024,0.0,0.0025143225,0
img_07599_2024,0.0,0.02704956,0
img_07597_2024,0.0,0.00048885285,0
img_07594_2024,0.0,0.06384929,0
img_07593_2024,0.0,0.74954635,1
img_07595_2024,0.0,0.030079149,0
img_07577_p01_2024,0.0,0.036408044,0
img_07577_p02_2024,0.0,0.11060367,0
img_07574_p01_2024,0.0,0.008504502,0
img_07574_p02_2024,0.0,0.16347322,0
img_07574_p03_2024,0.0,0.022967694,0
img_07574_p04_2024,0.0,0.17713296,0
img_07603_2024,0.0,0.0211675,0
img_07600_2024,0.0,0.7498622,1
img_07601_2024,0.0,0.19879606,0
img_07602_2024,0.0,0.35594434,0
img_07606_2024,0.0,0.37637118,0
img_07604_2024,0.0,0.008242348,0
img_07605_2024,0.0,0.023117771,0
img_07607_2024,0.0,0.001781361,0
img_07610_2024,0.0,0.01976924,0
img_07612_2024,0.0,0.05983459,0
img_07608_2024,0.0,0.015469151,0
img_07611_2024,0.0,0.28296444,0
img_07613_2024,0.0,0.14034197,0
img_07615_2024,0.0,0.09182539,0
img_07617_2024,0.0,0.7845495,1
img_07614_2024,0.0,0.026712196,0
img_07619_2024,0.0,0.561415,0
img_07620_2024,0.0,0.044766005,0
img_07616_2024,0.0,0.033846475,0
img_07609_p01_2024,0.0,0.95514035,1
img_07609_p02_2024,0.0,0.86900556,1
img_07625_2024,0.0,0.5172153,0
img_07626_2024,0.0,0.5603241,0
img_07624_2024,0.0,0.007336941,0
img_07629_2024,0.0,0.55386436,0
img_07622_2024,0.0,0.47472128,0
img_07630_2024,0.0,0.053835273,0
img_07623_2024,0.0,0.039655987,0
img_07631_2024,0.0,0.07813925,0
img_07634_2024,0.0,0.64097196,0
img_07627_2024,0.0,0.012878465,0
img_07633_2024,0.0,0.007823692,0
img_07636_2024,0.0,0.026749222,0
img_07559_p01_2024,0.0,0.047581885,0
img_07559_p02_2024,0.0,0.72982216,1
img_07559_p03_2024,0.0,0.0018736235,0
img_07559_p04_2024,0.0,0.007689336,0
img_07559_p05_2024,0.0,0.016643284,0
img_07559_p06_2024,0.0,0.044715025,0
img_07635_2024,0.0,0.03073626,0
img_07638_2024,0.0,0.045139868,0
img_07639_2024,0.0,0.49425095,0
img_07551_p01_2024,0.0,0.012832064,0
img_07551_p02_2024,0.0,0.0006883269,0
img_07551_p03_2024,0.0,0.022153514,0
img_07551_p04_2024,0.0,0.021396521,0
img_07551_p05_2024,0.0,0.02223257,0
img_07551_p06_2024,0.0,0.0027236587,0
img_07640_2024,0.0,0.2598277,0
img_07621_p01_2024,0.0,0.11408745,0
img_07621_p02_2024,0.0,0.0014284872,0
img_07374_p01_2024,0.0,0.507091,0
img_07374_p02_2024,0.0,0.06881538,0
img_07374_p03_2024,0.0,0.020362023,0
img_07374_p04_2024,0.0,0.043971006,0
img_07374_p05_2024,0.0,0.5510958,0
img_07374_p06_2024,0.0,0.0009605158,0
img_07374_p07_2024,0.0,0.021464916,0
img_07374_p08_2024,0.0,0.08921325,0
img_07374_p09_2024,0.0,0.2136247,0
img_07374_p10_2024,0.0,0.038728688,0
img_07374_p11_2024,0.0,0.2703307,0
img_07374_p12_2024,0.0,0.017875666,0
img_07374_p13_2024,0.0,0.0025244458,0
img_07374_p14_2024,0.0,0.05935843,0
img_07374_p15_2024,0.0,0.00065557886,0
img_07374_p16_2024,0.0,0.0051003527,0
img_07641_2024,0.0,0.9959611,1
img_07646_2024,0.0,0.17307532,0
img_07643_2024,0.0,0.24984287,0
img_07642_2024,0.0,0.018007582,0
img_07647_2024,0.0,0.17960523,0
img_07649_2024,0.0,0.12222664,0
img_07644_2024,0.0,0.021034263,0
img_07645_2024,0.0,0.1512204,0
img_07652_2024,0.0,0.13675185,0
img_07651_2024,0.0,0.36202273,0
img_07632_p01_2024,0.0,0.023093814,0
img_07632_p02_2024,0.0,0.13906963,0
img_07653_2024,0.0,0.69068784,0
img_07656_2024,0.0,0.123931006,0
img_07658_2024,0.0,0.037333503,0
img_07414_p01_2024,0.0,0.0013046793,0
img_07414_p02_2024,0.0,0.02909935,0
img_07414_p03_2024,0.0,0.005769788,0
img_07414_p04_2024,0.0,0.0016940725,0
img_07414_p05_2024,0.0,0.4037129,0
img_07414_p06_2024,0.0,0.0040026153,0
img_07414_p07_2024,0.0,0.004823595,0
img_07414_p08_2024,0.0,0.015176088,0
img_07414_p09_2024,0.0,0.034279652,0
img_07414_p10_2024,0.0,0.02695385,0
img_07414_p11_2024,0.0,0.0054773,0
img_07414_p12_2024,0.0,0.004685479,0
img_07414_p13_2024,0.0,0.24733162,0
img_07414_p14_2024,0.0,0.095318064,0
img_07414_p15_2024,0.0,0.043617602,0
img_07414_p16_2024,0.0,0.00292626,0
img_07660_2024,0.0,0.50752074,0
img_07661_2024,0.0,0.38482055,0
img_07662_2024,0.0,0.010470987,0
img_07657_2024,0.0,0.10160579,0
img_07654_2024,0.0,0.0016225098,0
img_07637_p01_2024,0.0,0.016153956,0
img_07637_p02_2024,0.0,0.035256077,0
img_07659_2024,0.0,0.15763858,0
img_07666_2024,0.0,0.012945064,0
img_07664_2024,0.0,0.61407024,0
img_07663_2024,0.0,0.0004913702,0
img_07670_2024,0.0,0.35955462,0
img_07533_p01_2024,0.0,0.000382048,0
img_07533_p02_2024,0.0,0.013769833,0
img_07533_p03_2024,0.0,0.01313563,0
img_07533_p04_2024,0.0,0.014549658,0
img_07533_p05_2024,0.0,0.00033277363,0
img_07533_p06_2024,0.0,0.06885395,0
img_07533_p07_2024,0.0,0.0423785,0
img_07533_p08_2024,0.0,0.1697738,0
img_07598_p01_2024,0.0,0.027256407,0
img_07598_p02_2024,0.0,0.013590342,0
img_07598_p03_2024,0.0,0.0016766485,0
img_07598_p04_2024,0.0,0.001158984,0
img_07598_p05_2024,0.0,0.0005317266,0
img_07667_2024,0.0,0.002658192,0
img_07668_2024,0.0,0.013905622,0
img_07671_2024,0.0,0.5439453,0
img_07665_2024,0.0,0.08281967,0
img_07675_2024,0.0,0.0016051251,0
img_07676_2024,0.0,0.4461359,0
img_07628_p01_2024,0.0,0.008684475,0
img_07628_p02_2024,0.0,0.04670902,0
img_07628_p03_2024,0.0,0.023243846,0
img_07628_p04_2024,0.0,0.0007675396,0
img_07678_2024,0.0,0.006591888,0
img_07669_2024,0.0,0.21834643,0
img_07679_2024,0.0,0.6995051,0
img_07684_2024,0.0,0.024299528,0
img_07685_2024,0.0,0.48654214,0
img_07673_2024,0.0,0.6184919,0
img_07686_2024,0.0,0.0032941832,0
img_07682_2024,0.0,0.37578726,0
img_07677_2024,0.0,0.24857669,0
img_07683_2024,0.0,0.69178665,0
img_07689_2024,0.0,0.044090994,0
img_07691_2024,0.0,0.33743623,0
img_07687_2024,0.0,0.70650727,0
img_07648_p01_2024,0.0,0.014358333,0
img_07648_p02_2024,0.0,0.00038276124,0
img_07648_p03_2024,0.0,0.00035396378,0
img_07648_p04_2024,0.0,0.0036268581,0
img_07692_2024,0.0,0.18727049,0
img_07680_2024,0.0,0.080990925,0
img_07693_2024,0.0,0.009095488,0
img_07697_2024,0.0,0.023301596,0
img_07650_p01_2024,0.0,0.019573675,0
img_07650_p02_2024,0.0,0.004550613,0
img_07650_p03_2024,0.0,0.004146862,0
img_07650_p04_2024,0.0,0.21550347,0
img_07696_2024,0.0,0.27192518,0
img_07690_2024,0.0,0.006281366,0
img_07698_2024,0.0,0.0033666107,0
img_07702_2024,0.0,0.060699284,0
img_07701_2024,0.0,0.008123921,0
img_07699_2024,0.0,0.06703868,0
img_07704_2024,0.0,0.17205858,0
img_07703_2024,0.0,0.028571993,0
img_07705_2024,0.0,0.01056316,0
img_07708_2024,0.0,0.014433166,0
img_07707_2024,0.0,0.12489062,0
img_07706_2024,0.0,0.7958783,1
img_07688_p01_2024,0.0,0.0007751184,0
img_07688_p02_2024,0.0,0.0078284675,0
img_07710_2024,0.0,0.6200098,0
img_07712_2024,0.0,0.010250944,0
img_07681_p01_2024,0.0,0.019461824,0
img_07681_p02_2024,0.0,0.0060878596,0
img_07709_2024,0.0,0.24492818,0
img_07716_2024,0.0,0.9875284,1
img_07713_2024,0.0,0.009249271,0
img_07718_2024,0.0,0.7754005,1
img_07715_2024,0.0,0.3245438,0
img_07717_2024,0.0,0.03401683,0
img_07618_p01_2024,0.0,0.29365626,0
img_07618_p02_2024,0.0,0.12722057,0
img_07618_p03_2024,0.0,0.014562371,0
img_07618_p04_2024,0.0,0.004165906,0
img_07618_p05_2024,0.0,0.033716463,0
img_07618_p06_2024,0.0,0.013936634,0
img_07694_p01_2024,0.0,0.1765452,0
img_07694_p02_2024,0.0,0.0048599974,0
img_07719_2024,0.0,0.3834554,0
img_07700_p01_2024,0.0,0.42196327,0
img_07700_p02_2024,0.0,0.20331493,0
img_07723_2024,0.0,0.0025578958,0
img_07722_2024,0.0,0.00013987062,0
img_07720_2024,0.0,0.036244884,0
img_07725_2024,0.0,0.3745426,0
img_07728_2024,0.0,0.079869084,0
img_07729_2024,0.0,0.04533811,0
img_07730_2024,0.0,0.1810426,0
img_07726_2024,0.0,0.23178062,0
img_07733_2024,0.0,0.014597833,0
img_07727_2024,0.0,0.025200492,0
img_07731_2024,0.0,0.0033506432,0
img_07732_2024,0.0,0.651991,0
img_07734_2024,0.0,0.009383224,0
img_07724_p01_2024,0.0,0.08420583,0
img_07724_p02_2024,0.0,0.3402255,0
img_07736_2024,0.0,0.0058153453,0
img_07737_2024,0.0,0.8929561,1
img_07674_p01_2024,0.0,0.086170904,0
img_07674_p02_2024,0.0,0.16262528,0
img_07674_p03_2024,0.0,0.027355647,0
img_07674_p04_2024,0.0,0.002877553,0
img_07740_2024,0.0,0.011961589,0
img_07735_2024,0.0,0.03690168,0
img_07743_2024,0.0,0.004589483,0
img_07742_2024,0.0,0.22606874,0
img_07746_2024,0.0,0.041775513,0
img_07745_2024,0.0,0.011643816,0
img_07747_2024,0.0,0.00051079417,0
img_07748_2024,0.0,0.34886843,0
img_07738_2024,0.0,0.2452939,0
img_07749_2024,0.0,0.016788362,0
img_07751_2024,0.0,0.007132445,0
img_07752_2024,0.0,0.05907081,0
img_07750_2024,0.0,0.11889131,0
img_07753_2024,0.0,0.014923297,0
img_07754_2024,0.0,0.26631564,0
img_07756_2024,0.0,0.095658645,0
img_07759_2024,0.0,0.010698606,0
img_07757_2024,0.0,0.006152266,0
img_07755_2024,0.0,0.003691869,0
img_07761_2024,0.0,0.026377747,0
img_07763_2024,0.0,0.203266,0
img_07741_p01_2024,0.0,0.0023852808,0
img_07741_p02_2024,0.0,0.013851274,0
img_07765_2024,0.0,0.0027961975,0
img_07766_2024,0.0,0.0992278,0
img_07764_2024,0.0,0.68056923,0
img_07768_2024,0.0,0.7111864,0
img_07767_2024,0.0,0.0065801926,0
img_07721_p01_2024,0.0,0.030248353,0
img_07721_p02_2024,0.0,0.09019424,0
img_07721_p03_2024,0.0,0.16638625,0
img_07721_p04_2024,0.0,0.07625215,0
img_07771_2024,0.0,0.07329816,0
img_07770_2024,0.0,0.499053,0
img_07769_2024,0.0,0.0016678561,0
img_07760_p01_2024,0.0,0.38785022,0
img_07760_p02_2024,0.0,0.1403454,0
img_07711_p01_2024,0.0,0.32577574,0
img_07711_p02_2024,0.0,0.01454803,0
img_07711_p03_2024,0.0,0.008201172,0
img_07711_p04_2024,0.0,0.013251865,0
img_07772_2024,0.0,0.0024837921,0
img_07775_2024,0.0,0.28284705,0
img_07773_2024,0.0,0.694849,0
img_07777_2024,0.0,0.035276566,0
img_07774_2024,0.0,0.021414258,0
img_07782_2024,0.0,0.045424998,0
img_07783_2024,0.0,0.953253,1
img_07780_2024,0.0,0.0024595594,0
img_07781_2024,0.0,0.08599978,0
img_07784_2024,0.0,0.8228439,1
img_07778_2024,0.0,0.001598483,0
img_07785_2024,0.0,0.07611743,0
img_07787_2024,0.0,0.021750946,0
img_07744_p01_2024,0.0,0.003361797,0
img_07744_p02_2024,0.0,0.011261783,0
img_07744_p03_2024,0.0,0.05343875,0
img_07744_p04_2024,0.0,0.0039489237,0
img_07776_p01_2024,0.0,0.110044956,0
img_07776_p02_2024,0.0,0.032965634,0
img_07695_p01_2024,0.0,0.02046033,0
img_07695_p02_2024,0.0,0.083561614,0
img_07695_p03_2024,0.0,0.0036852383,0
img_07695_p04_2024,0.0,0.07030221,0
img_07695_p05_2024,0.0,0.0957176,0
img_07695_p06_2024,0.0,0.012232043,0
img_07786_2024,0.0,0.9853806,1
img_07789_2024,0.0,0.104275055,0
img_07790_2024,0.0,0.3083004,0
img_07793_2024,0.0,0.6616661,0
img_07794_2024,0.0,0.002562244,0
img_07800_2024,0.0,0.11105004,0
img_07796_2024,0.0,0.0011453812,0
img_07797_2024,0.0,0.007776826,0
img_07798_2024,0.0,0.0010822203,0
img_07799_2024,0.0,0.0075967438,0
img_07739_p01_2024,0.0,0.0043853,0
img_07739_p02_2024,0.0,0.01171696,0
img_07739_p03_2024,0.0,0.562082,0
img_07739_p04_2024,0.0,0.007604628,0
img_07739_p05_2024,0.0,0.002423978,0
img_07739_p06_2024,0.0,0.01710809,0
img_07801_2024,0.0,0.014512169,0
img_07803_2024,0.0,0.78039455,1
img_07806_2024,0.0,0.17779373,0
img_07804_2024,0.0,0.014781589,0
img_07802_2024,0.0,0.07264297,0
img_07808_2024,0.0,0.09516419,0
img_07779_p01_2024,0.0,0.0009396632,0
img_07779_p02_2024,0.0,0.0003591221,0
img_07807_2024,0.0,0.006794966,0
img_07811_2024,0.0,0.0028356048,0
img_07810_2024,0.0,0.016272942,0
img_07805_2024,0.0,0.5859949,0
img_07809_2024,0.0,0.77264035,1
img_07791_p01_2024,0.0,0.008068145,0
img_07791_p02_2024,0.0,0.074826375,0
img_07812_2024,0.0,0.042424697,0
img_07814_2024,0.0,0.0027448027,0
img_07813_2024,0.0,0.00055565365,0
img_07795_p01_2024,0.0,0.07693486,0
img_07795_p02_2024,0.0,0.06394595,0
img_07815_2024,0.0,0.14351201,0
img_07816_2024,0.0,0.031474296,0
img_07819_2024,0.0,0.009142209,0
img_07818_2024,0.0,0.02226154,0
img_07817_2024,0.0,0.44338438,0
img_07821_2024,0.0,0.0006088371,0
img_07822_2024,0.0,0.0063520065,0
img_07825_2024,0.0,0.63960004,0
img_07823_2024,0.0,0.5414387,0
img_07826_2024,0.0,0.3761773,0
img_07824_2024,0.0,0.002234439,0
img_07829_2024,0.0,0.031585917,0
img_07828_2024,0.0,0.09221145,0
img_07831_2024,0.0,0.013863016,0
img_07830_2024,0.0,0.00277577,0
img_07762_p01_2024,0.0,0.031307634,0
img_07762_p02_2024,0.0,0.0006214595,0
img_07762_p03_2024,0.0,0.0091367895,0
img_07762_p04_2024,0.0,0.0026480122,0
img_07762_p05_2024,0.0,0.0030555178,0
img_07762_p06_2024,0.0,0.019521356,0
img_07836_2024,0.0,0.050987173,0
img_07832_2024,0.0,0.0073403553,0
img_07834_2024,0.0,0.10078859,0
img_07838_2024,0.0,0.12194576,0
img_07792_p01_2024,0.0,0.0022051372,0
img_07792_p02_2024,0.0,0.0006117935,0
img_07792_p03_2024,0.0,0.0028191213,0
img_07792_p04_2024,0.0,0.0018273463,0
img_07820_p01_2024,0.0,0.024896597,0
img_07820_p02_2024,0.0,0.0009888127,0
img_07835_2024,0.0,0.037834685,0
img_07840_2024,0.0,0.34896913,0
img_07841_2024,0.0,0.94585925,1
img_07842_2024,0.0,0.0514132,0
img_07843_2024,0.0,0.92125314,1
img_07827_2024,0.0,0.0039654686,0
img_07839_2024,0.0,0.08583172,0
img_07846_2024,0.0,0.11408445,0
img_07845_2024,0.0,0.00037482078,0
img_07847_2024,0.0,0.0065158503,0
img_07848_2024,0.0,0.008270276,0
img_07850_2024,0.0,0.0031619517,0
img_07849_2024,0.0,0.0025918114,0
img_07852_2024,0.0,0.47281638,0
img_07844_2024,0.0,0.0025234758,0
img_07851_2024,0.0,0.0019482475,0
img_07855_2024,0.0,0.47901148,0
img_07853_2024,0.0,0.79336,1
img_07714_p01_2024,0.0,0.24440286,0
img_07714_p02_2024,0.0,0.26431566,0
img_07714_p03_2024,0.0,0.004600794,0
img_07714_p04_2024,0.0,0.3894527,0
img_07714_p05_2024,0.0,0.064686626,0
img_07714_p06_2024,0.0,0.017077057,0
img_07714_p07_2024,0.0,0.007296082,0
img_07714_p08_2024,0.0,0.0036585827,0
img_07714_p09_2024,0.0,0.03265348,0
img_07856_2024,0.0,0.030296627,0
img_07860_2024,0.0,0.011430273,0
img_07863_2024,0.0,0.9714475,1
img_07861_2024,0.0,0.16604275,0
img_07854_2024,0.0,0.002678493,0
img_07858_2024,0.0,0.043965947,0
img_07864_2024,0.0,0.0031387229,0
img_07862_2024,0.0,0.00010120393,0
img_07867_2024,0.0,0.050428193,0
img_07866_2024,0.0,0.27591673,0
img_07869_2024,0.0,0.04975265,0
img_07871_2024,0.0,0.022231122,0
img_07870_2024,0.0,0.019054731,0
img_07875_2024,0.0,0.1845048,0
img_07868_2024,0.0,0.37968853,0
img_07874_2024,0.0,0.77469003,1
img_07876_2024,0.0,0.021458784,0
img_07857_p01_2024,0.0,0.003945225,0
img_07857_p02_2024,0.0,0.010526841,0
img_07872_2024,0.0,0.008639697,0
img_07877_2024,0.0,0.0013106132,0
img_07879_2024,0.0,0.33095434,0
img_07880_2024,0.0,0.5183226,0
img_07882_2024,0.0,0.006527591,0
img_07881_2024,0.0,0.079582594,0
img_07888_2024,0.0,0.004269586,0
img_07672_p01_2024,0.0,0.0865096,0
img_07672_p02_2024,0.0,0.023016695,0
img_07672_p03_2024,0.0,0.0020162333,0
img_07672_p04_2024,0.0,0.0047177915,0
img_07672_p05_2024,0.0,0.0011979395,0
img_07672_p06_2024,0.0,0.0109204985,0
img_07672_p07_2024,0.0,0.015979497,0
img_07672_p08_2024,0.0,0.09198167,0
img_07672_p09_2024,0.0,0.00036982205,0
img_07672_p10_2024,0.0,0.0007864933,0
img_07672_p11_2024,0.0,0.00036914172,0
img_07672_p12_2024,0.0,0.0010122322,0
img_07672_p13_2024,0.0,0.05069622,0
img_07885_2024,0.0,0.061651487,0
img_07887_2024,0.0,0.0019212974,0
img_07883_2024,0.0,0.02529089,0
img_07889_2024,0.0,0.17653954,0
img_07837_p01_2024,0.0,0.2118254,0
img_07837_p02_2024,0.0,0.17827041,0
img_07837_p03_2024,0.0,0.014716474,0
img_07837_p04_2024,0.0,0.06225186,0
img_07886_2024,0.0,0.01593763,0
img_07890_2024,0.0,0.05622567,0
img_07833_p01_2024,0.0,0.00031448354,0
img_07833_p02_2024,0.0,0.00047697013,0
img_07833_p03_2024,0.0,0.7522159,1
img_07833_p04_2024,0.0,0.010051439,0
img_07894_2024,0.0,0.8274973,1
img_07896_2024,0.0,0.008430315,0
img_07895_2024,0.0,0.6957288,0
img_07892_2024,0.0,0.12189178,0
img_07859_p01_2024,0.0,0.025797024,0
img_07859_p02_2024,0.0,0.0180564,0
img_07859_p03_2024,0.0,0.0062550353,0
img_07859_p04_2024,0.0,0.020201864,0
img_07897_2024,0.0,0.42088202,0
img_07893_2024,0.0,0.03618367,0
img_07899_2024,0.0,0.016077586,0
img_07900_2024,0.0,0.006147221,0
img_07901_2024,0.0,0.40616435,0
img_07891_2024,0.0,0.39748305,0
img_07898_2024,0.0,0.0048993533,0
img_07903_2024,0.0,0.022813492,0
img_07902_2024,0.0,0.03259796,0
img_07906_2024,0.0,0.7928236,1
img_07905_2024,0.0,0.054049857,0
img_07904_2024,0.0,0.6016017,0
img_07912_2024,0.0,0.6255918,0
img_07910_2024,0.0,0.6373921,0
img_07908_2024,0.0,0.9838266,1
img_07913_2024,0.0,0.048555184,0
img_07916_2024,0.0,0.0005408502,0
img_07907_2024,0.0,0.26764068,0
img_07918_2024,0.0,0.0040443325,0
img_07915_2024,0.0,0.5236531,0
img_07914_2024,0.0,0.19648476,0
img_07920_2024,0.0,0.24069603,0
img_07921_2024,0.0,0.040091973,0
img_07919_2024,0.0,0.9198054,1
img_07926_2024,0.0,0.3567239,0
img_07922_2024,0.0,0.022200188,0
img_07865_p01_2024,0.0,0.01024234,0
img_07865_p02_2024,0.0,0.005127092,0
img_07865_p03_2024,0.0,0.00036334235,0
img_07865_p04_2024,0.0,0.00037987044,0
img_07923_2024,0.0,0.028054357,0
img_07927_2024,0.0,0.21312486,0
img_07911_p01_2024,0.0,0.033985637,0
img_07911_p02_2024,0.0,0.007753097,0
img_07925_2024,0.0,0.94034845,1
img_07924_2024,0.0,0.3518791,0
img_07909_p01_2024,0.0,0.0070459847,0
img_07909_p02_2024,0.0,0.0005988346,0
img_07936_2024,0.0,7.1927934e-05,0
img_07938_2024,0.0,0.68056303,0
img_07933_2024,0.0,0.99697924,1
img_07939_2024,0.0,0.35854894,0
img_07932_2024,0.0,0.24792492,0
img_07934_2024,0.0,0.0062743663,0
img_07940_2024,0.0,0.06398592,0
img_07942_2024,0.0,0.0335924,0
img_07943_2024,0.0,0.090446986,0
img_07945_2024,0.0,0.023266142,0
img_07884_p01_2024,0.0,0.005689637,0
img_07884_p02_2024,0.0,0.015731145,0
img_07884_p03_2024,0.0,0.0053658863,0
img_07884_p04_2024,0.0,0.10359824,0
img_07884_p05_2024,0.0,0.03195107,0
img_07944_2024,0.0,0.10366187,0
img_07947_2024,0.0,0.28573135,0
img_07948_2024,0.0,0.294277,0
img_07950_2024,0.0,0.007814816,0
img_07929_p01_2024,0.0,0.0021689443,0
img_07929_p02_2024,0.0,0.0023470805,0
img_07929_p03_2024,0.0,0.0074106776,0
img_07929_p04_2024,0.0,0.0015879711,0
img_07949_2024,0.0,0.007471311,0
img_07952_2024,0.0,0.22519651,0
img_07946_p01_2024,0.0,0.0065591824,0
img_07946_p02_2024,0.0,0.2843143,0
img_07954_2024,0.0,0.7282881,1
img_07953_2024,0.0,0.0025732548,0
img_07956_2024,0.0,0.0012125445,0
img_07951_2024,0.0,0.007052964,0
img_07957_2024,0.0,0.23017052,0
img_07958_2024,0.0,0.010000763,0
img_07931_p01_2024,0.0,0.05803975,0
img_07931_p02_2024,0.0,0.0530273,0
img_07931_p03_2024,0.0,0.014635667,0
img_07931_p04_2024,0.0,0.098745294,0
img_07959_2024,0.0,0.061334725,0
img_07758_p01_2024,0.0,0.0012810505,0
img_07758_p02_2024,0.0,0.00068247784,0
img_07758_p03_2024,0.0,0.00028434276,0
img_07758_p04_2024,0.0,0.024519866,0
img_07758_p05_2024,0.0,0.009555951,0
img_07758_p06_2024,0.0,0.00041410484,0
img_07758_p07_2024,0.0,0.00031556925,0
img_07758_p08_2024,0.0,0.0054919277,0
img_07758_p09_2024,0.0,0.0032168897,0
img_07758_p10_2024,0.0,0.00089171535,0
img_07758_p11_2024,0.0,0.00088956783,0
img_07758_p12_2024,0.0,0.056103464,0
img_07758_p13_2024,0.0,0.021056248,0
img_07758_p14_2024,0.0,0.002546787,0
img_07758_p15_2024,0.0,0.002597431,0
img_07961_2024,0.0,0.022802062,0
img_07960_2024,0.0,0.30915168,0
img_07963_2024,0.0,0.01897547,0
img_07965_2024,0.0,0.02696121,0
img_07964_2024,0.0,0.017799327,0
img_07962_2024,0.0,0.5524508,0
img_07966_2024,0.0,0.0014576294,0
img_07970_2024,0.0,0.37838787,0
img_07968_2024,0.0,0.041684225,0
img_07969_2024,0.0,0.91041595,1
img_07967_2024,0.0,0.0018459943,0
img_07937_p01_2024,0.0,0.009012831,0
img_07937_p02_2024,0.0,0.548082,0
img_07937_p03_2024,0.0,0.06430698,0
img_07937_p04_2024,0.0,0.7341488,1
img_07972_2024,0.0,0.005957196,0
img_07973_2024,0.0,0.07090942,0
img_07974_2024,0.0,0.0010069491,0
img_07971_2024,0.0,0.5722529,0
img_07788_p01_2024,0.0,0.0028279377,0
img_07788_p02_2024,0.0,0.0040291795,0
img_07788_p03_2024,0.0,0.0084946,0
img_07788_p04_2024,0.0,0.07226008,0
img_07788_p05_2024,0.0,0.1456733,0
img_07788_p06_2024,0.0,0.08368872,0
img_07788_p07_2024,0.0,0.0034577157,0
img_07788_p08_2024,0.0,0.013120635,0
img_07788_p09_2024,0.0,0.033421975,0
img_07788_p10_2024,0.0,0.016872805,0
img_07788_p11_2024,0.0,0.014066345,0
img_07788_p12_2024,0.0,0.004691988,0
img_07788_p13_2024,0.0,0.005923186,0
img_07788_p14_2024,0.0,0.0048784283,0
img_07977_2024,0.0,0.59835684,0
img_07978_2024,0.0,0.076860614,0
img_07982_2024,0.0,0.0070082503,0
img_07980_2024,0.0,0.09582996,0
img_07979_2024,0.0,0.001476,0
img_07930_p01_2024,0.0,0.0010113005,0
img_07930_p02_2024,0.0,0.00010510134,0
img_07930_p03_2024,0.0,0.0024350365,0
img_07930_p04_2024,0.0,0.005351938,0
img_07930_p05_2024,0.0,0.0053652986,0
img_07930_p06_2024,0.0,0.0016641176,0
img_07983_2024,0.0,0.08276966,0
img_07981_2024,0.0,0.056603428,0
img_07976_2024,0.0,0.010468296,0
img_07985_2024,0.0,0.0026947279,0
img_07986_2024,0.0,0.14204411,0
img_07984_2024,0.0,0.0032953764,0
img_07989_2024,0.0,0.015832746,0
img_07917_p01_2024,0.0,0.06531731,0
img_07917_p02_2024,0.0,0.0070087947,0
img_07917_p03_2024,0.0,0.030890182,0
img_07917_p04_2024,0.0,0.0082613565,0
img_07917_p05_2024,0.0,0.0008163934,0
img_07917_p06_2024,0.0,0.0027371217,0
img_07917_p07_2024,0.0,0.02565044,0
img_07917_p08_2024,0.0,0.01960672,0
img_07988_2024,0.0,0.05073947,0
img_07991_2024,0.0,0.28685915,0
img_07941_p01_2024,0.0,0.19622043,0
img_07941_p02_2024,0.0,0.1383985,0
img_07941_p03_2024,0.0,0.10534081,0
img_07941_p04_2024,0.0,0.10733519,0
img_07941_p05_2024,0.0,0.050967347,0
img_07941_p06_2024,0.0,0.04800086,0
img_07975_p01_2024,0.0,0.2696147,0
img_07975_p02_2024,0.0,0.04802719,0
img_07992_2024,0.0,0.016347779,0
img_07996_2024,0.0,0.013919851,0
img_07995_2024,0.0,0.053693075,0
img_07994_2024,0.0,0.016218811,0
img_07928_p01_2024,0.0,0.034660112,0
img_07928_p02_2024,0.0,0.048077837,0
img_07928_p03_2024,0.0,0.020558486,0
img_07928_p04_2024,0.0,0.05681933,0
img_07928_p05_2024,0.0,0.0010468857,0
img_07928_p06_2024,0.0,0.013922939,0
img_07935_p01_2024,0.0,0.0055227634,0
img_07935_p02_2024,0.0,0.020240823,0
img_07935_p03_2024,0.0,0.00044237045,0
img_07935_p04_2024,0.0,0.0125319315,0
img_07935_p05_2024,0.0,0.0021499905,0
img_07935_p06_2024,0.0,0.0033735374,0
img_08004_2024,0.0,0.08733788,0
img_07999_2024,0.0,0.010889265,0
img_08003_2024,0.0,0.0052947653,0
img_08002_2024,0.0,0.0027501006,0
img_08007_2024,0.0,0.00017030949,0
img_08001_2024,0.0,0.0019350565,0
img_08000_2024,0.0,0.0033474392,0
img_07993_p01_2024,0.0,0.27482402,0
img_07993_p02_2024,0.0,0.24831714,0
img_08008_2024,0.0,0.0021468266,0
img_08005_2024,0.0,0.0030120714,0
img_07987_p01_2024,0.0,0.0061082407,0
img_07987_p02_2024,0.0,0.013459452,0
img_08006_2024,0.0,0.008246332,0
img_08009_2024,0.0,0.10002815,0
img_07990_p01_2024,0.0,0.030317802,0
img_07990_p02_2024,0.0,0.6534137,0
img_08011_2024,0.0,0.7910338,1
img_08013_2024,0.0,0.09535023,0
img_08010_2024,0.0,0.050007034,0
img_08015_2024,0.0,0.00059389014,0
img_08014_2024,0.0,0.010625258,0
img_07998_p01_2024,0.0,0.005875061,0
img_07998_p02_2024,0.0,0.062125776,0
img_08021_2024,0.0,0.069298655,0
img_08018_2024,0.0,0.039737653,0
img_07997_p01_2024,0.0,0.0014130304,0
img_07997_p02_2024,0.0,0.0073794564,0
img_08017_2024,0.0,0.43940276,0
img_08016_2024,0.0,0.045037553,0
img_08012_2024,0.0,0.12785685,0
img_08023_2024,0.0,0.18480875,0
img_07655_p02_2024,0.0,0.006358224,0
img_07655_p03_2024,0.0,0.0051716203,0
img_07655_p04_2024,0.0,0.014765084,0
img_07655_p05_2024,0.0,0.0014410369,0
img_07655_p06_2024,0.0,0.008066115,0
img_07655_p07_2024,0.0,0.026201045,0
img_07655_p08_2024,0.0,0.089216046,0
img_07655_p09_2024,0.0,0.022747107,0
img_07655_p10_2024,0.0,0.047823593,0
img_07655_p11_2024,0.0,0.0029144944,0
img_07655_p12_2024,0.0,0.0018338137,0
img_07655_p13_2024,0.0,0.0038463494,0
img_07655_p14_2024,0.0,0.0018018589,0
img_07655_p15_2024,0.0,0.0018407396,0
img_07655_p16_2024,0.0,0.0010655959,0
img_07655_p17_2024,0.0,0.0070419023,0
img_07655_p19_2024,0.0,0.00068605476,0
img_07655_p20_2024,0.0,0.03339512,0
img_07655_p21_2024,0.0,0.0018967874,0
img_08024_2024,0.0,0.9463708,1
img_08025_2024,0.0,0.0037413607,0
img_08029_2024,0.0,0.00069095194,0
img_08028_2024,0.0,0.1406726,0
img_08033_2024,0.0,0.062070716,0
img_08031_2024,0.0,0.0031524505,0
img_08026_2024,0.0,0.0060034906,0
img_08032_2024,0.0,0.40270394,0
img_08030_2024,0.0,0.021492386,0
img_08034_2024,0.0,0.07206916,0
img_08035_2024,0.0,0.045542385,0
img_08036_2024,0.0,0.22878332,0
img_08041_2024,0.0,0.42808557,0
img_08042_2024,0.0,0.24927084,0
img_08044_2024,0.0,0.010113078,0
img_08046_2024,0.0,0.0037007018,0
img_08020_p01_2024,0.0,0.07260981,0
img_08020_p02_2024,0.0,0.08955292,0
img_08040_2024,0.0,0.21014492,0
img_08047_2024,0.0,0.0068344786,0
img_08050_2024,0.0,0.27795175,0
img_07955_p01_2024,0.0,0.010947004,0
img_07955_p02_2024,0.0,0.017186444,0
img_07955_p03_2024,0.0,0.0076020374,0
img_07955_p04_2024,0.0,0.00035575745,0
img_07955_p05_2024,0.0,0.00036653818,0
img_07955_p06_2024,0.0,0.003806206,0
img_07955_p07_2024,0.0,0.017206334,0
img_07955_p08_2024,0.0,0.00069272285,0
img_08052_2024,0.0,0.014010626,0
img_08051_2024,0.0,0.008657202,0
img_08038_p01_2024,0.0,0.089768454,0
img_08038_p02_2024,0.0,0.36919656,0
img_08053_2024,0.0,0.008236336,0
img_08048_2024,0.0,0.002131437,0
img_08054_2024,0.0,0.4170745,0
img_08056_2024,0.0,0.0030402134,0
img_08058_2024,0.0,0.081174076,0
img_08060_2024,0.0,0.2792022,0
img_08059_2024,0.0,0.00531558,0
img_08064_2024,0.0,0.019139124,0
img_08061_2024,0.0,0.0451337,0
img_08063_2024,0.0,0.08523705,0
img_08062_2024,0.0,0.16239884,0
img_08057_p01_2024,0.0,0.005964938,0
img_08057_p02_2024,0.0,0.004101818,0
img_08066_2024,0.0,0.017558316,0
img_08065_2024,0.0,0.6366354,0
img_08067_2024,0.0,0.48442098,0
img_08068_2024,0.0,0.013063454,0
img_08055_p01_2024,0.0,0.0077311327,0
img_08055_p02_2024,0.0,0.030643014,0
img_08070_2024,0.0,0.062635206,0
img_08069_2024,0.0,0.020390758,0
img_08072_2024,0.0,0.17772667,0
img_08037_p01_2024,0.0,0.038856536,0
img_08037_p02_2024,0.0,0.048050273,0
img_08071_2024,0.0,0.97327447,1
img_08039_p01_2024,0.0,0.16920641,0
img_08039_p02_2024,0.0,0.0010178186,0
img_08039_p03_2024,0.0,0.0026305602,0
img_08039_p04_2024,0.0,0.0029960917,0
img_08074_2024,0.0,0.47084582,0
img_08075_2024,0.0,0.0993571,0
img_08073_2024,0.0,0.013596634,0
img_08080_2024,0.0,0.4798075,0
img_08076_2024,0.0,0.0007407424,0
img_08078_2024,0.0,0.006767321,0
img_08077_2024,0.0,0.64810336,0
img_08079_2024,0.0,0.037717465,0
img_08082_2024,0.0,0.0918967,0
img_08084_2024,0.0,0.37660256,0
img_08081_2024,0.0,0.00016495389,0
img_08083_2024,0.0,0.0011332274,0
img_08085_2024,0.0,0.8917058,1
img_08090_2024,0.0,0.30578864,0
img_08087_2024,0.0,0.012511567,0
img_08022_p01_2024,0.0,0.0053889696,0
img_08022_p02_2024,0.0,0.12264338,0
img_08022_p03_2024,0.0,0.09366873,0
img_08022_p04_2024,0.0,0.2510186,0
img_08022_p05_2024,0.0,0.07212519,0
img_08022_p06_2024,0.0,0.4816725,0
img_08093_2024,0.0,0.0031962807,0
img_08089_2024,0.0,0.0502252,0
img_08086_2024,0.0,0.17831478,0
img_08088_2024,0.0,0.5445127,0
img_08092_2024,0.0,0.1351251,0
img_08091_2024,0.0,0.116392024,0
img_08095_2024,0.0,0.019491188,0
img_08096_2024,0.0,0.439229,0
img_07873_p01_2024,0.0,0.11122935,0
img_07873_p02_2024,0.0,0.06620818,0
img_07873_p03_2024,0.0,0.03234505,0
img_07873_p04_2024,0.0,0.10436837,0
img_07873_p05_2024,0.0,0.22003943,0
img_07873_p06_2024,0.0,0.013581479,0
img_07873_p07_2024,0.0,0.051920716,0
img_07873_p08_2024,0.0,0.028527284,0
img_07873_p09_2024,0.0,0.015479597,0
img_07873_p10_2024,0.0,0.047127552,0
img_07873_p11_2024,0.0,0.050185148,0
img_07873_p12_2024,0.0,0.038915444,0
img_07873_p13_2024,0.0,0.008926178,0
img_07873_p14_2024,0.0,0.010050647,0
img_07873_p15_2024,0.0,0.037183274,0
img_07873_p16_2024,0.0,0.051042233,0
img_08098_2024,0.0,0.3753131,0
img_08043_p01_2024,0.0,0.02288657,0
img_08043_p02_2024,0.0,0.0023274524,0
img_08043_p03_2024,0.0,0.002202257,0
img_08043_p04_2024,0.0,0.007220014,0
img_08094_2024,0.0,0.0030566745,0
img_08097_2024,0.0,0.659514,0
img_08099_2024,0.0,0.0011490739,0
img_08102_2024,0.0,0.021376269,0
img_08104_2024,0.0,0.6356519,0
img_08100_2024,0.0,0.030764803,0
img_08101_2024,0.0,0.66091955,0
img_08103_2024,0.0,0.4642007,0
img_08106_2024,0.0,0.00063142244,0
img_08105_2024,0.0,0.2769638,0
img_08109_2024,0.0,0.98827225,1
img_08112_2024,0.0,0.7035986,0
img_08108_2024,0.0,0.34986767,0
img_08110_2024,0.0,0.078828186,0
img_08027_p01_2024,0.0,0.014027593,0
img_08027_p02_2024,0.0,0.010064324,0
img_08027_p03_2024,0.0,0.033761464,0
img_08027_p04_2024,0.0,0.00823118,0
img_08027_p05_2024,0.0,0.095234014,0
img_08027_p06_2024,0.0,0.0097531015,0
img_08111_2024,0.0,0.013800763,0
img_08113_2024,0.0,0.04172374,0
img_08107_2024,0.0,0.027683,0
img_08118_2024,0.0,0.40052617,0
img_08115_2024,0.0,0.03307646,0
img_08117_2024,0.0,0.18752205,0
img_08119_2024,0.0,0.0028128242,0
img_08120_2024,0.0,0.0021580523,0
img_08116_2024,0.0,0.27545866,0
img_08121_2024,0.0,0.40566772,0
img_08124_2024,0.0,0.33352315,0
img_08045_p01_2024,0.0,0.00400641,0
img_08045_p02_2024,0.0,0.011037832,0
img_08045_p03_2024,0.0,0.055653136,0
img_08045_p04_2024,0.0,0.0133909965,0
img_08045_p05_2024,0.0,0.10575702,0
img_08045_p06_2024,0.0,0.025015937,0
img_08122_2024,0.0,0.07294387,0
img_08126_2024,0.0,0.0013927845,0
img_08125_2024,0.0,0.10685517,0
img_08127_2024,0.0,0.5646004,0
img_08128_2024,0.0,0.37339056,0
img_08130_2024,0.0,0.14226489,0
img_08133_2024,0.0,0.015276542,0
img_08134_2024,0.0,0.04088674,0
img_08132_2024,0.0,0.13000439,0
img_08137_2024,0.0,0.39838597,0
img_08136_2024,0.0,0.09417617,0
img_08049_p01_2024,0.0,0.00037739697,0
img_08049_p02_2024,0.0,0.0046858992,0
img_08049_p03_2024,0.0,0.14933658,0
img_08049_p05_2024,0.0,0.02437713,0
img_08049_p06_2024,0.0,0.0041237804,0
img_08129_2024,0.0,0.091928095,0
img_08142_2024,0.0,0.7964774,1
img_08135_2024,0.0,0.016636152,0
img_08139_2024,0.0,0.1916306,0
img_08140_2024,0.0,0.037430726,0
img_08145_2024,0.0,0.0026645318,0
img_08146_2024,0.0,0.0009854978,0
img_08141_2024,0.0,0.4300729,0
img_08138_2024,0.0,0.11207091,0
img_08148_2024,0.0,0.7622958,1
img_08143_2024,0.0,0.031773455,0
img_08147_2024,0.0,0.038537286,0
img_08154_2024,0.0,0.01757461,0
img_08152_2024,0.0,0.016690087,0
img_08144_2024,0.0,0.03780615,0
img_08153_2024,0.0,0.035174828,0
img_08151_2024,0.0,0.023227673,0
img_08156_2024,0.0,0.5855518,0
img_08150_2024,0.0,0.0064687743,0
img_08159_2024,0.0,0.31700918,0
img_08155_2024,0.0,0.0017722785,0
img_07878_p01_2024,0.0,0.015289488,0
img_07878_p02_2024,0.0,0.0007143275,0
img_07878_p03_2024,0.0,0.0016660183,0
img_07878_p04_2024,0.0,0.0051179496,0
img_07878_p05_2024,0.0,0.008948741,0
img_07878_p06_2024,0.0,1.7927405e-05,0
img_07878_p07_2024,0.0,0.00085182604,0
img_07878_p08_2024,0.0,0.0011414923,0
img_07878_p09_2024,0.0,0.03467157,0
img_07878_p10_2024,0.0,0.17505966,0
img_07878_p11_2024,0.0,0.0005181491,0
img_07878_p12_2024,0.0,0.001033979,0
img_07878_p13_2024,0.0,0.0047098207,0
img_07878_p14_2024,0.0,0.04598977,0
img_07878_p15_2024,0.0,0.0040511587,0
img_07878_p16_2024,0.0,0.0018719212,0
img_07878_p17_2024,0.0,0.051110353,0
img_07878_p18_2024,0.0,0.01737994,0
img_07878_p19_2024,0.0,0.0065491726,0
img_07878_p20_2024,0.0,0.0019353061,0
img_08162_2024,0.0,0.0048522158,0
img_08165_2024,0.0,0.45387188,0
img_08149_p01_2024,0.0,0.058887843,0
img_08149_p02_2024,0.0,0.0032849151,0
img_08168_2024,0.0,0.30647635,0
img_08163_2024,0.0,0.03409919,0
img_08161_2024,0.0,0.95076346,1
img_08164_2024,0.0,0.93154526,1
img_08167_2024,0.0,0.19379951,0
img_08169_2024,0.0,0.9771095,1
img_08114_p01_2024,0.0,0.048854712,0
img_08114_p02_2024,0.0,0.098746486,0
img_08114_p03_2024,0.0,0.04208511,0
img_08114_p04_2024,0.0,0.6811957,0
img_08171_2024,0.0,0.76675063,1
img_08170_2024,0.0,0.7844384,1
img_08174_2024,0.0,0.002993764,0
img_08173_2024,0.0,0.035952922,0
img_08178_2024,0.0,0.08293284,0
img_08176_2024,0.0,0.025978873,0
img_08166_2024,0.0,0.027548296,0
img_08179_2024,0.0,0.081848346,0
img_08180_2024,0.0,0.039923895,0
img_08182_2024,0.0,0.07412592,0
img_08172_2024,0.0,0.0037389835,0
img_08184_2024,0.0,0.46001786,0
img_08157_p01_2024,0.0,0.13395709,0
img_08157_p02_2024,0.0,0.028582005,0
img_08183_2024,0.0,0.5544676,0
img_08186_2024,0.0,0.13225572,0
img_08185_2024,0.0,0.7824099,1
img_08193_2024,0.0,0.13351373,0
img_08189_2024,0.0,0.052107178,0
img_08191_2024,0.0,0.13011149,0
img_08195_2024,0.0,0.0033056757,0
img_08187_2024,0.0,0.05721088,0
img_08194_2024,0.0,0.040442318,0
img_08196_2024,0.0,0.0029259499,0
img_08192_2024,0.0,0.052725952,0
img_08197_2024,0.0,0.18320431,0
img_08190_p01_2024,0.0,0.0013975725,0
img_08190_p02_2024,0.0,0.054408062,0
img_08200_2024,0.0,0.03953025,0
img_08199_2024,0.0,0.06119576,0
img_08201_2024,0.0,0.055265896,0
img_08198_2024,0.0,0.011705652,0
img_08203_2024,0.0,0.31135702,0
img_08202_2024,0.0,0.06131342,0
img_08204_2024,0.0,0.0020288783,0
img_08206_2024,0.0,0.13473523,0
img_08207_2024,0.0,0.20678511,0
img_08205_2024,0.0,0.0025768063,0
img_08160_p01_2024,0.0,0.012606126,0
img_08160_p02_2024,0.0,0.041250117,0
img_08160_p03_2024,0.0,0.53506166,0
img_08160_p04_2024,0.0,0.17196533,0
img_08175_p01_2024,0.0,0.2736366,0
img_08175_p02_2024,0.0,0.4222961,0
img_08175_p03_2024,0.0,0.24592598,0
img_08158_p01_2024,0.0,0.0006661802,0
img_08158_p02_2024,0.0,0.00012159429,0
img_08158_p03_2024,0.0,0.0012881929,0
img_08158_p04_2024,0.0,0.00015632945,0
img_08209_2024,0.0,0.030059338,0
img_08208_2024,0.0,0.028916946,0
img_08210_2024,0.0,0.08685878,0
img_08214_2024,0.0,0.6366867,0
img_08211_2024,0.0,0.027583307,0
img_08212_2024,0.0,0.0069023184,0
img_08218_2024,0.0,0.38756388,0
img_08213_2024,0.0,0.09388624,0
img_08216_2024,0.0,0.860534,1
img_08217_2024,0.0,0.79501736,1
img_08221_2024,0.0,0.17688683,0
img_08215_2024,0.0,0.10300372,0
img_08219_2024,0.0,0.55120873,0
img_08223_2024,0.0,0.02052091,0
img_08226_2024,0.0,0.0120060835,0
img_08227_2024,0.0,0.99622416,1
img_08222_2024,0.0,0.083698995,0
img_08228_2024,0.0,0.015582702,0
img_08131_p01_2024,0.0,0.058288373,0
img_08131_p02_2024,0.0,0.06585669,0
img_08131_p03_2024,0.0,0.026891751,0
img_08131_p04_2024,0.0,0.026984256,0
img_08131_p05_2024,0.0,0.026649062,0
img_08131_p06_2024,0.0,0.16600251,0
img_08225_2024,0.0,0.0026133684,0
img_08224_2024,0.0,0.042120777,0
img_08231_2024,0.0,0.90632117,1
img_08229_2024,0.0,0.9903922,1
img_08220_2024,0.0,0.44851258,0
img_08233_2024,0.0,0.26973265,0
img_08234_2024,0.0,0.031200413,0
img_08237_2024,0.0,0.042900395,0
img_08239_2024,0.0,0.24851848,0
img_08241_2024,0.0,0.7483105,1
img_08235_2024,0.0,0.30893087,0
img_08236_2024,0.0,0.0019972506,0
img_08238_2024,0.0,0.025243392,0
img_08242_2024,0.0,0.3564063,0
img_08240_2024,0.0,0.016410451,0
img_08123_p01_2024,0.0,0.0015344257,0
img_08123_p02_2024,0.0,0.0013325587,0
img_08123_p03_2024,0.0,0.003459568,0
img_08123_p04_2024,0.0,0.00014749335,0
img_08123_p05_2024,0.0,0.0031110737,0
img_08123_p06_2024,0.0,0.0022760364,0
img_08123_p07_2024,0.0,0.0034042154,0
img_08243_2024,0.0,0.010531535,0
img_08246_2024,0.0,0.048410967,0
img_08249_2024,0.0,0.0031014155,0
img_08244_2024,0.0,0.3332273,0
img_08252_2024,0.0,0.30195403,0
img_08254_2024,0.0,0.2929208,0
img_08251_2024,0.0,0.0056437254,0
img_08232_p01_2024,0.0,0.06321317,0
img_08232_p02_2024,0.0,0.092070825,0
img_08250_2024,0.0,0.038341194,0
img_08255_2024,0.0,0.14685868,0
img_08181_p01_2024,0.0,0.11874642,0
img_08181_p02_2024,0.0,0.061501212,0
img_08181_p03_2024,0.0,0.06958184,0
img_08181_p04_2024,0.0,0.1720868,0
img_08181_p05_2024,0.0,0.6544748,0
img_08253_2024,0.0,0.002514039,0
img_08258_2024,0.0,0.21844257,0
img_08248_2024,0.0,0.37398887,0
img_08259_2024,0.0,0.009728126,0
img_08260_2024,0.0,0.064644076,0
img_08263_2024,0.0,0.04360201,0
img_08230_p01_2024,0.0,0.013459244,0
img_08230_p02_2024,0.0,0.15708363,0
img_08262_2024,0.0,0.32228333,0
img_08261_2024,0.0,0.07994454,0
img_08264_2024,0.0,0.110256985,0
img_08265_2024,0.0,0.0019942513,0
img_08247_p01_2024,0.0,0.0034669074,0
img_08247_p02_2024,0.0,0.0056146937,0
img_08266_2024,0.0,0.14035319,0
img_08267_2024,0.0,0.2566505,0
img_08269_2024,0.0,0.3473394,0
img_08268_2024,0.0,0.26092312,0
img_08270_2024,0.0,0.114606924,0
img_08245_p01_2024,0.0,0.19140217,0
img_08245_p02_2024,0.0,0.01436802,0
img_08273_2024,0.0,0.012324579,0
img_08271_2024,0.0,0.9918087,1
img_08275_2024,0.0,0.068517834,0
img_08274_2024,0.0,0.6172791,0
img_08272_2024,0.0,0.022470672,0
img_08276_2024,0.0,0.00028376403,0
img_08278_2024,0.0,0.020404406,0
img_08281_2024,0.0,0.7808467,1
img_08277_2024,0.0,0.20209323,0
img_08256_p01_2024,0.0,0.002470018,0
img_08256_p02_2024,0.0,0.0068482514,0
img_08279_2024,0.0,0.29940885,0
img_08280_2024,0.0,0.35241786,0
img_08257_p01_2024,0.0,0.0011042398,0
img_08257_p02_2024,0.0,0.005903486,0
img_08285_2024,0.0,0.20841594,0
img_08286_2024,0.0,0.19367893,0
img_08290_2024,0.0,0.54079974,0
img_08283_2024,0.0,0.0014102013,0
img_08284_2024,0.0,0.24039575,0
img_08288_2024,0.0,0.03382564,0
img_08289_2024,0.0,0.01915543,0
img_08292_2024,0.0,0.13170698,0
img_08293_2024,0.0,0.013420089,0
img_08295_2024,0.0,0.11573473,0
img_08297_2024,0.0,0.08010257,0
img_08296_2024,0.0,0.5077981,0
img_08298_2024,0.0,0.0050159614,0
img_08291_2024,0.0,0.055631038,0
img_08294_2024,0.0,0.019768141,0
img_08301_2024,0.0,0.049962543,0
img_08302_2024,0.0,0.00718043,0
img_08299_2024,0.0,0.009996383,0
img_08282_p01_2024,0.0,0.0055957064,0
img_08282_p02_2024,0.0,0.00334448,0
img_08303_2024,0.0,0.07264153,0
img_08304_2024,0.0,0.2494068,0
img_08188_p01_2024,0.0,0.5756754,0
img_08188_p02_2024,0.0,0.0102474075,0
img_08188_p03_2024,0.0,0.3599031,0
img_08188_p04_2024,0.0,0.32709798,0
img_08188_p05_2024,0.0,0.17480226,0
img_08188_p06_2024,0.0,0.12646876,0
img_08188_p07_2024,0.0,0.032024287,0
img_08188_p08_2024,0.0,0.23880097,0
img_08305_2024,0.0,0.19493456,0
img_08309_2024,0.0,0.3694024,0
img_08300_2024,0.0,0.3275518,0
img_08310_2024,0.0,0.034711897,0
img_08311_2024,0.0,0.01711802,0
img_08306_2024,0.0,0.3566474,0
img_08314_2024,0.0,0.00037911994,0
img_08313_2024,0.0,0.0012076602,0
img_08316_2024,0.0,0.36604762,0
img_08307_2024,0.0,0.1405505,0
img_08317_2024,0.0,0.5217908,0
img_08318_2024,0.0,0.20694542,0
img_08322_2024,0.0,0.1873921,0
img_08324_2024,0.0,0.08012972,0
img_08325_2024,0.0,0.9471092,1
img_08323_2024,0.0,0.2580128,0
img_08321_2024,0.0,0.17028913,0
img_08329_2024,0.0,0.18972388,0
img_08330_2024,0.0,0.061590135,0
img_08331_2024,0.0,0.1579516,0
img_08328_2024,0.0,0.0063017095,0
img_08308_p01_2024,0.0,0.0066986764,0
img_08308_p02_2024,0.0,0.00920938,0
img_08332_2024,0.0,0.12189326,0
img_08326_2024,0.0,0.05939896,0
img_08327_2024,0.0,0.13759501,0
img_08334_2024,0.0,0.5586618,0
img_08019_p01_2024,0.0,0.03418115,0
img_08019_p02_2024,0.0,0.011668981,0
img_08019_p03_2024,0.0,0.0010355558,0
img_08019_p04_2024,0.0,0.0050546695,0
img_08019_p05_2024,0.0,0.020065486,0
img_08019_p06_2024,0.0,0.00042810393,0
img_08019_p07_2024,0.0,0.008804685,0
img_08019_p08_2024,0.0,0.0014974845,0
img_08019_p09_2024,0.0,0.0005529209,0
img_08019_p10_2024,0.0,0.02260235,0
img_08019_p11_2024,0.0,0.0039869025,0
img_08019_p12_2024,0.0,0.02307607,0
img_08019_p13_2024,0.0,0.36630222,0
img_08019_p14_2024,0.0,0.06423697,0
img_08019_p15_2024,0.0,0.7580062,1
img_08019_p16_2024,0.0,0.26593435,0
img_08019_p17_2024,0.0,0.044278823,0
img_08336_2024,0.0,0.3867617,0
img_08342_2024,0.0,0.7630195,1
img_08337_2024,0.0,0.1962405,0
img_08320_p01_2024,0.0,0.0058972347,0
img_08320_p02_2024,0.0,0.18193762,0
img_08341_2024,0.0,0.00053498114,0
img_08343_2024,0.0,0.003961555,0
img_08344_2024,0.0,0.8375428,1
img_08346_2024,0.0,0.15872817,0
img_08340_2024,0.0,0.37298244,0
img_08345_2024,0.0,0.2790757,0
img_08339_2024,0.0,0.028424595,0
img_08338_2024,0.0,0.014519952,0
img_08347_2024,0.0,0.3684072,0
img_08350_2024,0.0,0.019367827,0
img_08319_p01_2024,0.0,0.0042462843,0
img_08319_p02_2024,0.0,0.0024577968,0
img_08333_p01_2024,0.0,3.6269754e-05,0
img_08333_p02_2024,0.0,0.002875135,0
img_08355_2024,0.0,0.07049597,0
img_08353_2024,0.0,0.03192264,0
img_08348_2024,0.0,0.10480728,0
img_08354_2024,0.0,0.0035682041,0
img_08358_2024,0.0,0.24647926,0
img_08360_2024,0.0,0.07990059,0
img_08364_2024,0.0,0.12423158,0
img_08361_2024,0.0,0.0038564077,0
img_08357_2024,0.0,0.035545576,0
img_08363_2024,0.0,0.024072936,0
img_08351_2024,0.0,0.9556594,1
img_08367_2024,0.0,0.24414235,0
img_08365_2024,0.0,0.0023519257,0
img_08368_2024,0.0,0.084303156,0
img_08312_p01_2024,0.0,0.35393405,0
img_08312_p02_2024,0.0,0.042721055,0
img_08312_p03_2024,0.0,0.47406766,0
img_08312_p04_2024,0.0,0.27448708,0
img_08372_2024,0.0,0.008807628,0
img_08370_2024,0.0,0.30693996,0
img_08356_2024,0.0,0.001441054,0
img_08371_2024,0.0,0.32967946,0
img_08373_2024,0.0,0.001046315,0
img_08362_2024,0.0,0.8087178,1
img_08376_2024,0.0,0.04533218,0
img_08369_2024,0.0,0.14922425,0
img_08375_2024,0.0,0.06707186,0
img_08379_2024,0.0,0.011120639,0
img_08377_2024,0.0,0.0064866995,0
img_08374_2024,0.0,0.009348729,0
img_08383_2024,0.0,0.88459617,1
img_08385_2024,0.0,0.4142705,0
img_08380_2024,0.0,0.15521356,0
img_08382_2024,0.0,0.015461085,0
img_08378_2024,0.0,0.004716755,0
img_08359_p01_2024,0.0,0.0022604226,0
img_08359_p02_2024,0.0,0.12973438,0
img_08352_2024,0.0,0.003049361,0
img_08381_2024,0.0,0.00037688142,0
img_08177_p01_2024,0.0,0.041365277,0
img_08177_p02_2024,0.0,0.15607733,0
img_08177_p03_2024,0.0,0.06425487,0
img_08177_p04_2024,0.0,0.28547958,0
img_08177_p05_2024,0.0,0.015669951,0
img_08177_p06_2024,0.0,0.18060136,0
img_08177_p07_2024,0.0,0.03799365,0
img_08177_p08_2024,0.0,0.35379595,0
img_08177_p09_2024,0.0,0.08236437,0
img_08177_p10_2024,0.0,0.009770557,0
img_08177_p11_2024,0.0,0.0023810647,0
img_08177_p12_2024,0.0,0.2975383,0
img_08384_2024,0.0,0.6815395,0
img_08386_2024,0.0,0.052719798,0
img_08388_2024,0.0,0.062356193,0
img_08389_2024,0.0,0.007973608,0
img_08390_2024,0.0,0.8275416,1
img_08395_2024,0.0,0.23444209,0
img_08393_2024,0.0,0.030754711,0
img_08394_2024,0.0,0.08369984,0
img_08392_2024,0.0,0.07962593,0
img_08391_2024,0.0,0.002831902,0
img_08398_2024,0.0,0.027358934,0
img_08349_p01_2024,0.0,0.002302499,0
img_08349_p02_2024,0.0,0.005159486,0
img_08349_p03_2024,0.0,0.0013024849,0
img_08349_p04_2024,0.0,0.0030186926,0
img_08402_2024,0.0,0.051374376,0
img_08403_2024,0.0,0.36587736,0
img_08397_2024,0.0,0.0001012243,0
img_08400_2024,0.0,0.00812886,0
img_08387_2024,0.0,0.033485778,0
img_08407_2024,0.0,0.0015921217,0
img_08404_2024,0.0,0.3199959,0
img_08405_2024,0.0,0.0070189605,0
img_08406_2024,0.0,0.73362726,1
img_08410_2024,0.0,0.021673348,0
img_08411_2024,0.0,0.029291864,0
img_08414_2024,0.0,0.02634249,0
img_08413_2024,0.0,0.092492655,0
img_08416_2024,0.0,0.6276537,0
img_08399_p01_2024,0.0,0.0040157554,0
img_08399_p02_2024,0.0,0.04066388,0
img_08418_2024,0.0,0.07056435,0
img_08415_2024,0.0,0.001047693,0
img_08419_2024,0.0,0.00071656966,0
img_08396_p01_2024,0.0,0.3596153,0
img_08396_p02_2024,0.0,0.28493592,0
img_08421_2024,0.0,0.32391253,0
img_08417_2024,0.0,0.03576035,0
img_08423_2024,0.0,0.05891165,0
img_08426_2024,0.0,0.23739316,0
img_08428_2024,0.0,0.5269726,0
img_08422_2024,0.0,0.012698414,0
img_08420_2024,0.0,0.054315627,0
img_08425_2024,0.0,0.108147755,0
img_08424_2024,0.0,0.2291016,0
img_08429_2024,0.0,0.0025793163,0
img_08430_2024,0.0,0.078285284,0
img_08431_2024,0.0,0.40490687,0
img_08427_2024,0.0,0.18983455,0
img_08433_2024,0.0,0.3473242,0
img_08432_2024,0.0,0.28762558,0
img_08437_2024,0.0,0.78681725,1
img_08438_2024,0.0,0.004251473,0
img_08435_2024,0.0,0.7198772,1
img_08335_p01_2024,0.0,0.007268766,0
img_08335_p02_2024,0.0,0.00929083,0
img_08335_p03_2024,0.0,0.024935199,0
img_08335_p04_2024,0.0,0.0018596213,0
img_08335_p05_2024,0.0,0.008813866,0
img_08335_p06_2024,0.0,0.076540805,0
img_08441_2024,0.0,0.6150082,0
img_08434_2024,0.0,0.42972398,0
img_08436_2024,0.0,0.15698294,0
img_08442_2024,0.0,0.71846324,1
img_08443_2024,0.0,0.5132584,0
img_08439_2024,0.0,0.03827762,0
img_08408_p01_2024,0.0,0.0027075203,0
img_08408_p02_2024,0.0,0.0017210648,0
img_08445_2024,0.0,0.034917813,0
img_08440_2024,0.0,0.36061463,0
img_08447_2024,0.0,0.5066724,0
img_08450_2024,0.0,0.34276882,0
img_08446_2024,0.0,0.076790474,0
img_08452_2024,0.0,0.11728965,0
img_08453_2024,0.0,0.4605263,0
img_08449_2024,0.0,0.0025244108,0
img_08454_2024,0.0,0.93077224,1
img_08456_2024,0.0,0.6122441,0
img_08459_2024,0.0,0.13733517,0
img_08458_2024,0.0,0.45350116,0
img_08457_2024,0.0,0.51404524,0
img_08451_2024,0.0,0.010588527,0
img_08460_2024,0.0,0.3410513,0
img_08409_p01_2024,0.0,0.043719947,0
img_08409_p02_2024,0.0,0.095502816,0
img_08409_p03_2024,0.0,0.07529044,0
img_08409_p04_2024,0.0,0.026224129,0
img_08465_2024,0.0,0.5400522,0
img_08462_2024,0.0,0.39701954,0
img_08464_2024,0.0,0.025326805,0
img_08455_2024,0.0,0.05092555,0
img_08466_2024,0.0,0.0020424002,0
img_08461_2024,0.0,0.17375007,0
img_08470_2024,0.0,0.14224485,0
img_08467_2024,0.0,0.56361866,0
img_08444_p01_2024,0.0,0.20986903,0
img_08444_p02_2024,0.0,0.5151135,0
img_08468_2024,0.0,0.031025844,0
img_08471_2024,0.0,0.5409082,0
img_08463_2024,0.0,0.007990701,0
img_08469_2024,0.0,0.2918779,0
img_08412_p01_2024,0.0,0.0021187882,0
img_08412_p02_2024,0.0,0.0022487468,0
img_08412_p03_2024,0.0,0.0031285882,0
img_08412_p04_2024,0.0,0.0004217982,0
img_08472_2024,0.0,0.00805021,0
img_08475_2024,0.0,0.9933602,1
img_08478_2024,0.0,0.10184733,0
img_08476_2024,0.0,0.2815197,0
img_08474_2024,0.0,0.030100483,0
img_08477_2024,0.0,0.013362583,0
img_08473_2024,0.0,0.0042521614,0
img_08448_p01_2024,0.0,0.17814699,0
img_08448_p02_2024,0.0,0.22654764,0
img_08479_2024,0.0,0.05852426,0
img_08480_2024,0.0,0.16236041,0
img_08482_2024,0.0,0.5704562,0
img_08483_2024,0.0,0.0034824228,0
img_08481_2024,0.0,0.52686954,0
img_08487_2024,0.0,0.29701635,0
img_08485_2024,0.0,0.79965776,1
img_08489_2024,0.0,0.14636469,0
img_08287_p01_2024,0.0,0.0030166712,0
img_08287_p02_2024,0.0,0.0038112553,0
img_08287_p03_2024,0.0,0.0016421324,0
img_08287_p04_2024,0.0,0.003377922,0
img_08287_p05_2024,0.0,0.017499585,0
img_08287_p06_2024,0.0,0.018552963,0
img_08287_p07_2024,0.0,0.0017617557,0
img_08287_p08_2024,0.0,0.11498728,0
img_08287_p09_2024,0.0,0.0019711216,0
img_08287_p10_2024,0.0,0.00504455,0
img_08484_2024,0.0,0.15336299,0
img_08488_2024,0.0,0.1074983,0
img_08492_2024,0.0,0.05225805,0
img_08496_2024,0.0,0.5393009,0
img_08494_2024,0.0,0.03190814,0
img_08497_2024,0.0,0.11360673,0
img_08490_2024,0.0,0.99670416,1
img_08493_2024,0.0,0.6795696,0
img_08498_2024,0.0,0.3105398,0
img_08499_2024,0.0,0.33262426,0
img_08495_2024,0.0,0.06026648,0
img_08491_2024,0.0,0.011394815,0
img_08501_2024,0.0,0.9472845,1
img_08510_2024,0.0,0.2858914,0
img_08504_2024,0.0,0.0018134994,0
img_08508_2024,0.0,0.45561597,0
img_08511_2024,0.0,0.3229068,0
img_08507_2024,0.0,0.08574721,0
img_08505_2024,0.0,0.18063085,0
img_08512_2024,0.0,0.49807593,0
img_08509_2024,0.0,0.750879,1
img_08506_2024,0.0,0.77234375,1
img_08514_2024,0.0,0.044651378,0
img_08516_2024,0.0,0.05524356,0
img_08500_2024,0.0,0.0038733392,0
img_08503_2024,0.0,0.060009018,0
img_08515_2024,0.0,0.051863775,0
img_08517_2024,0.0,0.061504893,0
img_08486_p01_2024,0.0,0.0130629195,0
img_08486_p02_2024,0.0,0.0006987842,0
img_08513_2024,0.0,0.021560457,0
img_08520_2024,0.0,0.21486855,0
img_08518_2024,0.0,0.16354688,0
img_08524_2024,0.0,0.8319911,1
img_08401_p01_2024,0.0,0.058001336,0
img_08401_p02_2024,0.0,0.0022770402,0
img_08401_p03_2024,0.0,0.015482084,0
img_08401_p04_2024,0.0,0.0039913342,0
img_08401_p05_2024,0.0,0.0003701113,0
img_08401_p06_2024,0.0,0.027688114,0
img_08519_2024,0.0,0.013838377,0
img_08525_2024,0.0,0.20358504,0
img_08521_2024,0.0,0.30054116,0
img_08526_2024,0.0,0.26006833,0
img_08529_2024,0.0,0.16717996,0
img_08523_2024,0.0,0.045478545,0
img_08528_2024,0.0,0.018785749,0
img_08532_2024,0.0,0.5901832,0
img_08315_p01_2024,0.0,0.53206384,0
img_08315_p02_2024,0.0,0.021651192,0
img_08315_p03_2024,0.0,0.0075835404,0
img_08315_p04_2024,0.0,0.0011543735,0
img_08315_p05_2024,0.0,0.0017503427,0
img_08315_p06_2024,0.0,0.039050665,0
img_08315_p07_2024,0.0,0.11199201,0
img_08315_p08_2024,0.0,0.0074655283,0
img_08315_p09_2024,0.0,0.029559623,0
img_08315_p10_2024,0.0,0.24260782,0
img_08535_2024,0.0,0.16704546,0
img_08527_2024,0.0,0.0025223815,0
img_08530_2024,0.0,0.3825434,0
img_08539_2024,0.0,0.11750852,0
img_08537_2024,0.0,0.091423646,0
img_08531_2024,0.0,0.48589817,0
img_08534_2024,0.0,0.87254596,1
img_08536_2024,0.0,0.050981257,0
img_08540_2024,0.0,0.6609249,0
img_08542_2024,0.0,0.5597485,0
img_08544_2024,0.0,0.45608672,0
img_08543_2024,0.0,0.2562823,0
img_08547_2024,0.0,0.5644235,0
img_08545_2024,0.0,0.015174968,0
img_08533_2024,0.0,0.9964328,1
img_08541_2024,0.0,0.0854586,0
img_08549_2024,0.0,0.7311362,1
img_08552_2024,0.0,0.018953072,0
img_08548_2024,0.0,0.008790739,0
img_08546_2024,0.0,0.3997982,0
img_08522_p01_2024,0.0,0.013435092,0
img_08522_p02_2024,0.0,0.2520882,0
img_08560_2024,0.0,0.22987261,0
img_08556_2024,0.0,0.085483,0
img_08559_2024,0.0,0.27577674,0
img_08551_2024,0.0,0.09105808,0
img_08561_2024,0.0,0.829006,1
img_08554_2024,0.0,0.044291444,0
img_08557_2024,0.0,0.06831516,0
img_08564_2024,0.0,0.70238376,0
img_08555_2024,0.0,0.005799892,0
img_08562_2024,0.0,0.588147,0
img_08550_2024,0.0,0.334387,0
img_08565_2024,0.0,0.33969304,0
img_08567_2024,0.0,0.6337182,0
img_08566_2024,0.0,0.3690298,0
img_08538_p01_2024,0.0,0.37934068,0
img_08538_p02_2024,0.0,0.13578886,0
img_08570_2024,0.0,0.1929463,0
img_08563_2024,0.0,0.20753999,0
img_08558_2024,0.0,0.028088784,0
img_08574_2024,0.0,0.30844724,0
img_08572_2024,0.0,0.03039216,0
img_08575_2024,0.0,0.048891064,0
img_08568_2024,0.0,0.7251894,1
img_08569_2024,0.0,0.6010942,0
img_08502_p01_2024,0.0,0.0036503302,0
img_08502_p02_2024,0.0,0.2589321,0
img_08502_p03_2024,0.0,0.017852508,0
img_08502_p04_2024,0.0,0.0088275485,0
img_08553_2024,0.0,0.00082645094,0
img_08579_2024,0.0,0.45404074,0
img_08580_2024,0.0,0.27048668,0
img_08571_2024,0.0,0.29032636,0
img_08586_2024,0.0,0.0049864342,0
img_08587_2024,0.0,0.42479566,0
img_08573_2024,0.0,0.4081219,0
img_08577_2024,0.0,0.25779998,0
img_08576_2024,0.0,0.006699578,0
img_08578_2024,0.0,0.023835646,0
img_08590_2024,0.0,0.02072349,0
img_08588_2024,0.0,0.034832653,0
img_08582_2024,0.0,0.99199367,1
img_08583_2024,0.0,0.0045549157,0
img_08589_2024,0.0,0.86709625,1
img_08585_2024,0.0,0.18767565,0
img_08584_2024,0.0,0.0018067927,0
img_08593_2024,0.0,0.47272024,0
img_08591_2024,0.0,0.18192215,0
img_08594_2024,0.0,0.11589141,0
img_08596_2024,0.0,0.0060263313,0
img_08595_2024,0.0,0.58436567,0
img_08600_2024,0.0,0.015791452,0
img_08598_2024,0.0,0.52608526,0
img_08599_2024,0.0,0.017819304,0
img_08601_2024,0.0,0.7903998,1
img_08602_2024,0.0,0.10672071,0
img_08597_2024,0.0,0.010628806,0
img_08608_2024,0.0,0.021563139,0
img_08605_2024,0.0,0.206209,0
img_08607_2024,0.0,0.00366553,0
img_08592_2024,0.0,0.047389373,0
img_08611_2024,0.0,0.02707515,0
img_08610_2024,0.0,0.053389475,0
img_08606_2024,0.0,0.039693702,0
img_08609_2024,0.0,0.17452301,0
img_08613_2024,0.0,0.029976645,0
img_08614_2024,0.0,0.1597137,0
img_08616_2024,0.0,0.012552537,0
img_08612_2024,0.0,0.37766162,0
img_08619_2024,0.0,0.710446,0
img_08617_2024,0.0,0.49064094,0
img_08621_2024,0.0,0.044925332,0
img_08618_2024,0.0,0.013351442,0
img_08620_2024,0.0,0.10852063,0
img_08615_2024,0.0,0.43952122,0
img_08622_2024,0.0,0.008667443,0
img_08623_2024,0.0,0.08633595,0
img_08624_2024,0.0,0.018599845,0
img_08625_2024,0.0,0.101104654,0
img_08628_2024,0.0,0.88011354,1
img_08629_2024,0.0,0.18243328,0
img_08634_2024,0.0,0.07297998,0
img_08627_2024,0.0,0.043555845,0
img_08631_2024,0.0,0.001829771,0
img_08638_2024,0.0,0.009915907,0
img_08630_2024,0.0,0.31844962,0
img_08641_2024,0.0,0.43561637,0
img_08642_2024,0.0,0.32541615,0
img_08632_2024,0.0,0.40295944,0
img_08637_2024,0.0,0.053556856,0
img_08636_2024,0.0,0.44591925,0
img_08643_2024,0.0,0.5058614,0
img_08635_2024,0.0,0.0040356545,0
img_08640_2024,0.0,0.3080862,0
img_08644_2024,0.0,0.41033918,0
img_08645_2024,0.0,0.21577108,0
img_08646_2024,0.0,0.95577043,1
img_08650_2024,0.0,0.55361223,0
img_08649_2024,0.0,0.4897878,0
img_08648_2024,0.0,0.6595149,0
img_08656_2024,0.0,0.058559302,0
img_08651_2024,0.0,0.022311693,0
img_08653_2024,0.0,0.0069301864,0
img_08654_2024,0.0,0.3959184,0
img_08647_2024,0.0,0.2188231,0
img_08655_2024,0.0,0.35181412,0
img_08652_2024,0.0,0.04140594,0
img_08657_2024,0.0,0.00026343993,0
img_08603_p01_2024,0.0,0.0030402911,0
img_08603_p02_2024,0.0,0.4403748,0
img_08660_2024,0.0,0.793496,1
img_08633_p01_2024,0.0,0.10149726,0
img_08633_p02_2024,0.0,0.09656289,0
img_08665_2024,0.0,0.27295843,0
img_08663_2024,0.0,0.4900971,0
img_08669_2024,0.0,0.001293387,0
img_08666_2024,0.0,0.08620862,0
img_08670_2024,0.0,0.76925725,1
img_08659_2024,0.0,0.08418571,0
img_08667_2024,0.0,0.021795867,0
img_08661_2024,0.0,0.024065847,0
img_08671_2024,0.0,0.74935365,1
img_08658_2024,0.0,0.50005144,0
img_08639_p01_2024,0.0,0.0063272757,0
img_08639_p02_2024,0.0,0.0014877723,0
img_08604_p01_2024,0.0,0.004373038,0
img_08604_p02_2024,0.0,0.03249929,0
img_08604_p03_2024,0.0,0.015733713,0
img_08604_p04_2024,0.0,0.0024396565,0
img_08673_2024,0.0,0.31540388,0
img_08672_2024,0.0,0.4290234,0
img_08664_2024,0.0,0.52270496,0
img_08674_2024,0.0,0.44387317,0
img_08662_2024,0.0,0.4022744,0
img_08668_2024,0.0,0.0134033635,0
img_08678_2024,0.0,0.03434065,0
img_08680_2024,0.0,0.08631258,0
img_08682_2024,0.0,0.97165686,1
img_08677_2024,0.0,0.25656217,0
img_08679_2024,0.0,0.004030268,0
img_08683_2024,0.0,0.10576548,0
img_08675_2024,0.0,0.06160054,0
img_08686_2024,0.0,0.04703444,0
img_08684_2024,0.0,0.0670681,0
img_08691_2024,0.0,0.31342453,0
img_08689_2024,0.0,0.0099394545,0
img_08692_2024,0.0,0.057734262,0
img_08687_2024,0.0,0.021313893,0
img_08688_2024,0.0,0.027224697,0
img_08690_2024,0.0,0.18124993,0
img_08695_2024,0.0,0.61539716,0
img_08696_2024,0.0,0.09218919,0
img_08698_2024,0.0,0.46057555,0
img_08699_2024,0.0,0.36989677,0
img_08697_2024,0.0,0.7249626,1
img_08702_2024,0.0,0.52935714,0
img_08694_2024,0.0,0.028802335,0
img_08693_2024,0.0,0.29756513,0
img_08707_2024,0.0,0.87792945,1
img_08700_2024,0.0,0.12559333,0
img_08704_2024,0.0,0.0042533064,0
img_08706_2024,0.0,0.84126073,1
img_08703_2024,0.0,0.2939902,0
img_08705_2024,0.0,0.30959305,0
img_08681_p01_2024,0.0,0.68080246,0
img_08681_p02_2024,0.0,0.17118114,0
img_08710_2024,0.0,0.040171433,0
img_08709_2024,0.0,0.016154418,0
img_08711_2024,0.0,0.9028653,1
img_08626_p01_2024,0.0,0.20208965,0
img_08626_p02_2024,0.0,0.0020419299,0
img_08626_p03_2024,0.0,0.00510128,0
img_08626_p04_2024,0.0,0.001279801,0
img_08685_p01_2024,0.0,0.006301166,0
img_08685_p02_2024,0.0,0.08200233,0
img_08712_2024,0.0,0.10489954,0
img_08713_2024,0.0,0.17113394,0
img_08715_2024,0.0,0.48207632,0
img_08708_2024,0.0,0.35025972,0
img_08721_2024,0.0,0.52028126,0
img_08717_2024,0.0,0.5026643,0
img_08720_2024,0.0,0.9120107,1
img_08718_2024,0.0,0.22302847,0
img_08722_2024,0.0,0.7500128,1
img_08723_2024,0.0,0.012859528,0
img_08714_2024,0.0,0.8338322,1
img_08726_2024,0.0,0.022062007,0
img_08724_2024,0.0,0.0029189803,0
img_08729_2024,0.0,0.15473558,0
img_08719_2024,0.0,0.35835657,0
img_08728_2024,0.0,0.9553478,1
img_08727_2024,0.0,0.2666233,0
img_08725_2024,0.0,0.13693213,0
img_08733_2024,0.0,0.69651896,0
img_08734_2024,0.0,0.97285706,1
img_08731_2024,0.0,0.026230626,0
img_08732_2024,0.0,0.042814564,0
img_08736_2024,0.0,0.04838437,0
img_08738_2024,0.0,0.3789196,0
img_08581_p01_2024,0.0,0.036994625,0
img_08581_p02_2024,0.0,0.007632488,0
img_08581_p03_2024,0.0,0.019721359,0
img_08581_p04_2024,0.0,0.050595757,0
img_08581_p05_2024,0.0,0.011781513,0
img_08581_p06_2024,0.0,0.12758687,0
img_08676_p01_2024,0.0,0.03315671,0
img_08676_p02_2024,0.0,0.034982223,0
img_08676_p03_2024,0.0,0.08545305,0
img_08676_p04_2024,0.0,0.26369897,0
img_08730_2024,0.0,0.17464718,0
img_08735_2024,0.0,0.074864365,0
img_08743_2024,0.0,0.33856258,0
img_08739_2024,0.0,0.96847814,1
img_08744_2024,0.0,0.27359554,0
img_08741_2024,0.0,0.17458437,0
img_08740_2024,0.0,0.67438215,0
img_08746_2024,0.0,0.08084482,0
img_08748_2024,0.0,0.16386883,0
img_08754_2024,0.0,0.00048600216,0
img_08747_2024,0.0,0.84571517,1
img_08750_2024,0.0,0.5779841,0
img_08752_2024,0.0,0.7169763,1
img_08753_2024,0.0,0.31260857,0
img_08755_2024,0.0,0.0016569322,0
img_08757_2024,0.0,0.9733949,1
img_08742_2024,0.0,0.80990046,1
img_08751_2024,0.0,0.61368173,0
img_08749_2024,0.0,0.98338366,1
img_08701_p01_2024,0.0,0.2352834,0
img_08701_p02_2024,0.0,0.26542127,0
img_08701_p03_2024,0.0,0.42881468,0
img_08701_p04_2024,0.0,0.04103658,0
img_08756_2024,0.0,0.011625413,0
img_08759_2024,0.0,0.07932611,0
img_08758_2024,0.0,0.5741332,0
img_08760_2024,0.0,0.40935954,0
img_08767_2024,0.0,0.3297962,0
img_08761_2024,0.0,0.7040512,0
img_08762_2024,0.0,0.041947592,0
img_08765_2024,0.0,0.58602875,0
img_08773_2024,0.0,0.17968203,0
img_08745_p01_2024,0.0,0.062101655,0
img_08745_p02_2024,0.0,0.26009002,0
img_08768_2024,0.0,0.7024094,0
img_08769_2024,0.0,0.129018,0
img_08766_2024,0.0,0.5357788,0
img_08771_2024,0.0,0.64911896,0
img_08737_p01_2024,0.0,0.45281294,0
img_08737_p02_2024,0.0,0.09748095,0
img_08763_2024,0.0,0.6493184,0
img_08778_2024,0.0,0.0041091954,0
img_08776_2024,0.0,0.72497505,1
img_08772_2024,0.0,0.44591698,0
img_08779_2024,0.0,0.009572741,0
img_08777_2024,0.0,0.67571235,0
img_08770_2024,0.0,0.61685765,0
img_08774_2024,0.0,0.80183685,1
img_08775_2024,0.0,0.1834842,0
img_08781_2024,0.0,0.4446007,0
img_08764_2024,0.0,0.011378969,0
img_08785_2024,0.0,0.23447612,0
img_08782_2024,0.0,0.5308113,0
img_08784_2024,0.0,0.37875438,0
img_08783_2024,0.0,0.2256052,0
img_08780_2024,0.0,0.08473156,0
img_08786_2024,0.0,0.5309568,0
img_08790_2024,0.0,0.52516854,0
img_08791_2024,0.0,0.015917912,0
img_08787_2024,0.0,0.38448226,0
img_08794_2024,0.0,0.39016438,0
img_08789_2024,0.0,0.2587125,0
img_08792_2024,0.0,0.41532212,0
img_08798_2024,0.0,0.10498451,0
img_08795_2024,0.0,0.05462616,0
img_08799_2024,0.0,0.5024778,0
img_08801_2024,0.0,0.3257072,0
img_08797_2024,0.0,0.7273594,1
img_08793_2024,0.0,0.32339555,0
img_08803_2024,0.0,0.25441757,0
img_08796_2024,0.0,0.122240536,0
img_08805_2024,0.0,0.008462515,0
img_08804_2024,0.0,0.07597921,0
img_08800_2024,0.0,0.78009635,1
img_08716_p01_2024,0.0,0.36039892,0
img_08716_p02_2024,0.0,0.052529648,0
img_08716_p03_2024,0.0,0.06439989,0
img_08716_p04_2024,0.0,0.7353558,1
img_08806_2024,0.0,0.1743972,0
img_08802_2024,0.0,0.40330535,0
img_08810_2024,0.0,0.099940725,0
img_08812_2024,0.0,0.0044784583,0
img_08808_2024,0.0,0.41550267,0
img_08809_2024,0.0,0.003048458,0
img_08818_2024,0.0,0.26974672,0
img_08814_2024,0.0,0.9123041,1
img_08815_2024,0.0,0.07049508,0
img_08817_2024,0.0,0.5530017,0
img_08811_2024,0.0,0.17274651,0
img_08821_2024,0.0,0.37561113,0
img_08807_2024,0.0,0.18781301,0
img_08819_2024,0.0,0.012783368,0
img_08813_2024,0.0,0.7598119,1
img_08820_2024,0.0,0.07231976,0
img_08822_2024,0.0,0.45083052,0
img_08823_2024,0.0,0.28741616,0
img_08825_2024,0.0,0.07362823,0
img_08816_2024,0.0,0.3243724,0
img_08824_2024,0.0,0.5442204,0
img_08827_2024,0.0,0.6759849,0
img_08829_2024,0.0,0.43229604,0
img_08826_2024,0.0,0.57666284,0
img_08828_2024,0.0,0.016033284,0
img_08841_2024,0.0,0.72506416,1
img_08835_2024,0.0,0.928172,1
img_08833_2024,0.0,0.38070107,0
img_08839_2024,0.0,0.9852415,1
img_08837_2024,0.0,0.27153674,0
img_08845_2024,0.0,0.3183553,0
img_08846_2024,0.0,0.3686569,0
img_08842_2024,0.0,0.9969021,1
img_08840_2024,0.0,0.15779139,0
img_08831_2024,0.0,0.06300807,0
img_08847_2024,0.0,0.11980494,0
img_08836_2024,0.0,0.14286011,0
img_08832_2024,0.0,0.30203384,0
img_08843_2024,0.0,0.13420843,0
img_08844_2024,0.0,0.6930603,0
img_08834_2024,0.0,0.104584314,0
img_08848_2024,0.0,0.53331035,0
img_08852_2024,0.0,0.23123637,0
img_08853_2024,0.0,0.9976052,1
img_08850_2024,0.0,0.011908933,0
img_08849_2024,0.0,0.035306077,0
img_08851_2024,0.0,0.18307795,0
img_08857_2024,0.0,0.5032731,0
img_08854_2024,0.0,0.90691966,1
img_08860_2024,0.0,0.8129165,1
img_08859_2024,0.0,0.8467533,1
img_08856_2024,0.0,0.026315792,0
img_08855_2024,0.0,0.009135719,0
img_08861_2024,0.0,0.6340932,0
img_08830_p01_2024,0.0,0.07208968,0
img_08830_p02_2024,0.0,0.32958797,0
img_08866_2024,0.0,0.8416532,1
img_08864_2024,0.0,0.02566903,0
img_08865_2024,0.0,0.76427734,1
img_08858_2024,0.0,0.63671595,0
img_08871_2024,0.0,0.6577646,0
img_08868_2024,0.0,0.9671842,1
img_08863_2024,0.0,0.008795518,0
img_08867_2024,0.0,0.9769354,1
img_08872_2024,0.0,0.19180983,0
img_08873_2024,0.0,0.4687062,0
img_08875_2024,0.0,0.04166814,0
img_08862_2024,0.0,0.9369236,1
img_08874_2024,0.0,0.85494506,1
img_08876_2024,0.0,0.15648416,0
img_08869_2024,0.0,0.47259465,0
img_08879_2024,0.0,0.37158048,0
img_08880_2024,0.0,0.3465155,0
img_08788_p01_2024,0.0,0.0043810345,0
img_08788_p02_2024,0.0,0.17853658,0
img_08788_p03_2024,0.0,0.082387045,0
img_08788_p04_2024,0.0,0.23076914,0
img_08878_2024,0.0,0.83069664,1
img_08877_2024,0.0,0.050920177,0
img_08885_2024,0.0,0.009914273,0
img_08882_2024,0.0,0.00044645002,0
img_08883_2024,0.0,0.08458047,0
img_08894_2024,0.0,0.106021844,0
img_08886_2024,0.0,0.44451067,0
img_08881_2024,0.0,0.012090324,0
img_08893_2024,0.0,0.33980823,0
img_08884_2024,0.0,0.025968235,0
img_08888_2024,0.0,0.652808,0
img_08895_2024,0.0,0.9159683,1
img_08889_2024,0.0,0.7947541,1
img_08887_2024,0.0,0.017817412,0
img_08890_2024,0.0,0.17104925,0
img_08891_2024,0.0,0.120110504,0
img_08897_2024,0.0,0.047660206,0
img_08896_2024,0.0,0.34061718,0
img_08892_2024,0.0,0.18378639,0
img_08900_2024,0.0,0.6968291,0
img_08898_2024,0.0,0.04957281,0
img_08901_2024,0.0,0.120154105,0
img_08899_2024,0.0,0.27976754,0
img_08902_2024,0.0,0.5925972,0
img_08903_2024,0.0,0.21231847,0
img_08905_2024,0.0,0.3264931,0
img_08904_2024,0.0,0.082189225,0
img_08909_2024,0.0,0.5406103,0
img_08914_2024,0.0,0.29229385,0
img_08910_2024,0.0,0.0016537334,0
img_08838_p01_2024,0.0,0.02723518,0
img_08838_p02_2024,0.0,0.08487934,0
img_08838_p03_2024,0.0,0.003253702,0
img_08838_p04_2024,0.0,0.17447324,0
img_08908_2024,0.0,0.72476023,1
img_08906_2024,0.0,0.6679679,0
img_08918_2024,0.0,0.13741854,0
img_08915_2024,0.0,0.06585669,0
img_08913_2024,0.0,0.854362,1
img_08912_2024,0.0,0.06610434,0
img_08907_2024,0.0,0.076075375,0
img_08916_2024,0.0,0.32312655,0
img_08911_2024,0.0,0.29206255,0
img_08921_2024,0.0,0.011070202,0
img_08926_2024,0.0,0.0012608141,0
img_08924_2024,0.0,0.0939001,0
img_08927_2024,0.0,0.01221029,0
img_08928_2024,0.0,0.03392133,0
img_08930_2024,0.0,0.51449037,0
img_08929_2024,0.0,0.98082995,1
img_08923_2024,0.0,0.5445944,0
img_08925_2024,0.0,0.9985359,1
img_08870_p01_2024,0.0,0.40333205,0
img_08870_p02_2024,0.0,0.008814596,0
img_08870_p03_2024,0.0,0.11532617,0
img_08922_2024,0.0,0.015806125,0
img_08934_2024,0.0,0.70835537,0
img_08920_2024,0.0,0.008708313,0
img_08941_2024,0.0,0.7039521,0
img_08939_2024,0.0,0.22596283,0
img_08933_2024,0.0,0.11505789,0
img_08938_2024,0.0,0.66123766,0
img_08940_2024,0.0,0.96914107,1
img_08937_2024,0.0,0.763487,1
img_08936_2024,0.0,0.4078704,0
img_08943_2024,0.0,0.022290347,0
img_08945_2024,0.0,0.72218406,1
img_08935_2024,0.0,0.03505299,0
img_08942_2024,0.0,0.30564046,0
img_08946_2024,0.0,0.066304155,0
img_08931_2024,0.0,0.27731416,0
img_08944_2024,0.0,0.7344158,1
img_08947_2024,0.0,0.050271783,0
img_08948_2024,0.0,0.87096906,1
img_08919_p01_2024,0.0,0.071283,0
img_08919_p02_2024,0.0,0.08671313,0
img_08949_2024,0.0,0.010171107,0
img_08950_2024,0.0,0.33621487,0
img_08917_p01_2024,0.0,0.29100212,0
img_08917_p02_2024,0.0,0.19592665,0
img_08954_2024,0.0,0.99564207,1
img_08951_2024,0.0,0.38748756,0
img_08953_2024,0.0,0.8941,1
img_08952_2024,0.0,0.0055805393,0
img_08956_2024,0.0,0.017887969,0
img_08959_2024,0.0,0.03618996,0
img_08958_2024,0.0,0.0010984428,0
img_08957_2024,0.0,0.10470284,0
img_08961_2024,0.0,0.22878428,0
img_08960_2024,0.0,0.75774974,1
img_08965_2024,0.0,0.00699701,0
img_08964_2024,0.0,0.16035473,0
img_08955_2024,0.0,0.5902887,0
img_08963_2024,0.0,0.19977298,0
img_08968_2024,0.0,0.00655552,0
img_08967_2024,0.0,0.8106723,1
img_08962_2024,0.0,0.016795212,0
img_08969_2024,0.0,0.53248966,0
img_08966_2024,0.0,0.17009401,0
img_08971_2024,0.0,0.5672073,0
img_08972_2024,0.0,0.9920195,1
img_08977_2024,0.0,0.027513655,0
img_08970_2024,0.0,0.7997523,1
img_08932_p01_2024,0.0,0.0208831,0
img_08932_p02_2024,0.0,0.01550838,0
img_08978_2024,0.0,0.5890751,0
img_08979_2024,0.0,0.035938095,0
img_08976_2024,0.0,0.38141292,0
img_08981_2024,0.0,0.18468079,0
img_08980_2024,0.0,0.0064862752,0
img_08975_2024,0.0,0.071978904,0
img_08985_2024,0.0,0.07259177,0
img_08983_2024,0.0,0.45295593,0
img_08973_2024,0.0,0.06309624,0
img_08982_2024,0.0,0.013287977,0
img_08991_2024,0.0,0.0644244,0
img_08989_2024,0.0,0.2737506,0
img_08990_2024,0.0,0.06749328,0
img_08987_2024,0.0,0.2162985,0
img_08997_2024,0.0,0.061697904,0
img_08998_2024,0.0,0.33029014,0
img_08993_2024,0.0,0.1565476,0
img_08999_2024,0.0,0.7581903,1
img_09002_2024,0.0,0.32759082,0
img_08996_2024,0.0,0.051476732,0
img_09001_2024,0.0,0.13452391,0
img_08994_2024,0.0,0.22637348,0
img_09000_2024,0.0,0.68021405,0
img_08984_p01_2024,0.0,0.9771163,1
img_08984_p02_2024,0.0,0.99708134,1
img_09006_2024,0.0,0.20477892,0
img_09008_2024,0.0,0.0025872963,0
img_09004_2024,0.0,0.32620886,0
img_08974_p01_2024,0.0,0.012327505,0
img_08974_p02_2024,0.0,0.4196143,0
img_08974_p03_2024,0.0,0.40834767,0
img_09009_2024,0.0,0.20413457,0
img_09012_2024,0.0,0.78518933,1
img_09013_2024,0.0,0.0055067507,0
img_09011_2024,0.0,0.0039212625,0
img_09010_2024,0.0,0.57614475,0
img_09014_2024,0.0,0.055446275,0
img_09016_2024,0.0,0.48017657,0
img_08988_p01_2024,0.0,0.009846271,0
img_08988_p02_2024,0.0,0.016563488,0
img_09017_2024,0.0,0.06651699,0
img_09015_2024,0.0,0.26882213,0
img_08995_p01_2024,0.0,0.23058082,0
img_08995_p02_2024,0.0,0.099100925,0
img_09007_2024,0.0,0.046638645,0
img_09021_2024,0.0,0.5630789,0
img_09020_2024,0.0,0.36001113,0
img_09024_2024,0.0,0.4681577,0
img_09023_2024,0.0,0.0052722436,0
img_09022_2024,0.0,0.6696562,0
img_09019_2024,0.0,0.07302735,0
img_09026_2024,0.0,0.4322611,0
img_09025_2024,0.0,0.7776826,1
img_09003_p01_2024,0.0,0.04919273,0
img_09003_p02_2024,0.0,0.16025275,0
img_09028_2024,0.0,0.0058078244,0
img_09029_2024,0.0,0.2167396,0
img_09034_2024,0.0,0.730271,1
img_09037_2024,0.0,0.013011266,0
img_09032_2024,0.0,0.64127713,0
img_09035_2024,0.0,0.5070584,0
img_09031_2024,0.0,0.4944283,0
img_09033_2024,0.0,0.50430113,0
img_09040_2024,0.0,0.02578793,0
img_09030_2024,0.0,0.040267177,0
img_09041_2024,0.0,0.41869953,0
img_09038_2024,0.0,0.33250576,0
img_09043_2024,0.0,0.9767677,1
img_09036_2024,0.0,0.11021976,0
img_09045_2024,0.0,0.013271359,0
img_09042_2024,0.0,0.43818265,0
img_09039_2024,0.0,0.50373006,0
img_09046_2024,0.0,0.9136907,1
img_09047_2024,0.0,0.75044125,1
img_09049_2024,0.0,0.5589329,0
img_09044_2024,0.0,0.009607084,0
img_09053_2024,0.0,0.42851195,0
img_09048_2024,0.0,0.3909853,0
img_09054_2024,0.0,0.7679602,1
img_09050_2024,0.0,0.123850934,0
img_09051_2024,0.0,0.08269,0
img_08992_p01_2024,0.0,0.01491694,0
img_08992_p02_2024,0.0,0.0039327354,0
img_08992_p03_2024,0.0,0.0062097847,0
img_08992_p04_2024,0.0,0.019607022,0
img_09057_2024,0.0,0.29078588,0
img_09055_2024,0.0,0.34512043,0
img_09052_2024,0.0,0.01861694,0
img_09018_p01_2024,0.0,0.056599136,0
img_09018_p02_2024,0.0,0.11043984,0
img_09018_p03_2024,0.0,0.19479856,0
img_09058_2024,0.0,0.24830703,0
img_09062_2024,0.0,0.043067545,0
img_09063_2024,0.0,0.9554976,1
img_09064_2024,0.0,0.33885288,0
img_09056_2024,0.0,0.21363012,0
img_09065_2024,0.0,0.0036678049,0
img_09069_2024,0.0,0.34814367,0
img_09066_2024,0.0,0.15617304,0
img_09061_2024,0.0,0.869385,1
img_09074_2024,0.0,0.0085539585,0
img_09068_2024,0.0,0.38840443,0
img_09067_2024,0.0,0.14531945,0
img_09070_2024,0.0,0.97385955,1
img_09075_2024,0.0,0.12758496,0
img_09072_2024,0.0,0.048654374,0
img_09076_2024,0.0,0.49833602,0
img_09071_2024,0.0,0.9950511,1
img_09079_2024,0.0,0.99440175,1
img_09081_2024,0.0,0.4155374,0
img_09080_2024,0.0,0.5919107,0
img_09082_2024,0.0,0.008442513,0
img_09086_2024,0.0,0.1493332,0
img_09084_2024,0.0,0.062484283,0
img_09087_2024,0.0,0.7083324,0
img_09088_2024,0.0,0.19374432,0
img_09094_2024,0.0,0.012011622,0
img_09027_p01_2024,0.0,0.008555908,0
img_09027_p02_2024,0.0,0.0016545777,0
img_09027_p03_2024,0.0,0.0026973279,0
img_09027_p04_2024,0.0,0.0055847797,0
img_09092_2024,0.0,0.277238,0
img_09089_2024,0.0,0.059059586,0
img_09095_2024,0.0,0.51287043,0
img_09098_2024,0.0,0.63285667,0
img_09090_2024,0.0,0.20402499,0
img_09005_p01_2024,0.0,0.027573703,0
img_09005_p02_2024,0.0,0.15528724,0
img_09005_p03_2024,0.0,0.7978135,1
img_09005_p04_2024,0.0,0.013793561,0
img_09005_p05_2024,0.0,0.021958169,0
img_09005_p06_2024,0.0,0.057667755,0
img_09097_2024,0.0,0.14925693,0
img_09101_2024,0.0,0.29738134,0
img_09102_2024,0.0,0.0049639833,0
img_09099_2024,0.0,0.9183554,1
img_09106_2024,0.0,0.31552806,0
img_09105_2024,0.0,0.62374556,0
img_09104_2024,0.0,0.018932007,0
img_09103_2024,0.0,0.02206392,0
img_09100_2024,0.0,0.98695785,1
img_09111_2024,0.0,0.026578287,0
img_09091_2024,0.0,0.7591463,1
img_09109_2024,0.0,0.7900826,1
img_09085_2024,0.0,0.37140644,0
img_09108_2024,0.0,0.6864282,0
img_09059_p01_2024,0.0,0.86797595,1
img_09059_p02_2024,0.0,0.92812806,1
img_09113_2024,0.0,0.40465736,0
img_09073_p01_2024,0.0,0.40074104,0
img_09073_p02_2024,0.0,0.040674094,0
img_09073_p03_2024,0.0,0.31924477,0
img_09073_p04_2024,0.0,0.1486738,0
img_09114_2024,0.0,0.22735736,0
img_09083_p01_2024,0.0,0.025812428,0
img_09083_p02_2024,0.0,0.0294356,0
img_09118_2024,0.0,0.14223123,0
img_09110_2024,0.0,0.019581882,0
img_09112_2024,0.0,0.45199922,0
img_09107_2024,0.0,0.22782035,0
img_09120_2024,0.0,0.26080865,0
img_09115_2024,0.0,0.010458372,0
img_09119_2024,0.0,0.60866946,0
img_09116_2024,0.0,0.097305775,0
img_09121_2024,0.0,0.18133587,0
img_08986_p01_2024,0.0,0.0038476542,0
img_08986_p02_2024,0.0,0.0017989452,0
img_08986_p03_2024,0.0,0.012882368,0
img_08986_p04_2024,0.0,0.033670895,0
img_08986_p05_2024,0.0,0.026390696,0
img_08986_p06_2024,0.0,0.0044644005,0
img_09077_2024,0.0,0.3437962,0
img_09122_2024,0.0,0.391358,0
img_09096_2024,0.0,0.008587787,0
img_09117_2024,0.0,0.03326974,0
img_09125_2024,0.0,0.47021866,0
img_09124_2024,0.0,0.19730327,0
img_09123_2024,0.0,0.041196395,0
img_09126_2024,0.0,0.16894333,0
img_09132_2024,0.0,0.33170357,0
img_09130_2024,0.0,0.58922267,0
img_09129_2024,0.0,0.20830159,0
img_09131_2024,0.0,0.8265601,1
img_09128_2024,0.0,0.006193956,0
img_09135_2024,0.0,0.0014388339,0
img_09133_2024,0.0,0.35912135,0
img_09138_2024,0.0,0.0035661655,0
img_09137_2024,0.0,0.7712664,1
img_09127_2024,0.0,0.27840883,0
img_09142_2024,0.0,0.24851571,0
img_09141_2024,0.0,0.0014697178,0
img_09140_2024,0.0,0.043833166,0
img_09139_2024,0.0,0.4738819,0
img_09144_2024,0.0,0.9975641,1
img_09143_2024,0.0,0.26962656,0
img_09146_2024,0.0,0.6678375,0
img_09134_2024,0.0,0.552927,0
img_09145_2024,0.0,0.01914798,0
img_09147_2024,0.0,0.10287422,0
img_09148_2024,0.0,0.106560454,0
img_09150_2024,0.0,0.2887541,0
img_09149_2024,0.0,0.0057899137,0
img_09154_2024,0.0,0.8424367,1
img_09153_2024,0.0,0.0023232277,0
img_09152_2024,0.0,0.3985477,0
img_09156_2024,0.0,0.44198242,0
img_09157_2024,0.0,0.02440443,0
img_09159_2024,0.0,0.014316446,0
img_09158_2024,0.0,0.08528378,0
img_09163_2024,0.0,0.013174057,0
img_09078_p01_2024,0.0,0.030266311,0
img_09078_p02_2024,0.0,0.004701669,0
img_09078_p03_2024,0.0,0.019260352,0
img_09078_p04_2024,0.0,0.0018790765,0
img_09078_p05_2024,0.0,0.014189399,0
img_09078_p06_2024,0.0,0.3349028,0
img_09165_2024,0.0,0.40571293,0
img_09164_2024,0.0,0.1142138,0
img_09161_2024,0.0,0.76244307,1
img_09162_2024,0.0,0.56883425,0
img_09160_2024,0.0,0.73589957,1
img_09166_2024,0.0,0.03538892,0
img_09093_p01_2024,0.0,0.3259422,0
img_09093_p02_2024,0.0,0.02874857,0
img_09093_p03_2024,0.0,0.00762345,0
img_09169_2024,0.0,0.46404222,0
img_09168_2024,0.0,0.8292051,1
img_09172_2024,0.0,0.69083595,0
img_09171_2024,0.0,0.6130012,0
img_09167_2024,0.0,0.0038886652,0
img_09173_2024,0.0,0.9316469,1
img_09060_p01_2024,0.0,0.1797516,0
img_09060_p02_2024,0.0,0.047307737,0
img_09060_p03_2024,0.0,0.005302081,0
img_09060_p04_2024,0.0,0.0030304631,0
img_09060_p05_2024,0.0,0.14137696,0
img_09060_p06_2024,0.0,0.004763186,0
img_09060_p07_2024,0.0,0.00046989878,0
img_09060_p08_2024,0.0,0.0032025063,0
img_09170_2024,0.0,0.32480142,0
img_09176_2024,0.0,0.32490394,0
img_09177_2024,0.0,0.017638076,0
img_09178_2024,0.0,0.0750809,0
img_09174_2024,0.0,0.33513147,0
img_09179_2024,0.0,0.12291618,0
img_09183_2024,0.0,0.71101063,0
img_09175_2024,0.0,0.9516342,1
img_09181_2024,0.0,0.42256925,0
img_09182_2024,0.0,0.06418891,0
img_09184_2024,0.0,0.0015811018,0
img_09187_2024,0.0,0.42940497,0
img_09188_2024,0.0,0.81467927,1
img_09190_2024,0.0,0.96717805,1
img_09189_2024,0.0,0.002878088,0
img_09194_2024,0.0,0.019731972,0
img_09155_p01_2024,0.0,0.014938032,0
img_09155_p02_2024,0.0,0.0054504843,0
img_09185_2024,0.0,0.3941835,0
img_09186_2024,0.0,0.5724055,0
img_09192_2024,0.0,0.030414807,0
img_09191_2024,0.0,0.004591788,0
img_09195_2024,0.0,0.04562629,0
img_09198_2024,0.0,0.962187,1
img_09197_2024,0.0,0.20618413,0
img_09136_p01_2024,0.0,0.7975419,1
img_09136_p02_2024,0.0,0.7312496,1
img_09136_p03_2024,0.0,0.594272,0
img_09136_p04_2024,0.0,0.5656524,0
img_09199_2024,0.0,0.93386495,1
img_09196_2024,0.0,0.045033,0
img_09200_2024,0.0,0.27564427,0
img_09201_2024,0.0,0.03889772,0
img_09203_2024,0.0,0.5640602,0
img_09202_2024,0.0,0.1552366,0
img_09204_2024,0.0,0.12401056,0
img_09207_2024,0.0,0.19871618,0
img_09210_2024,0.0,0.65219235,0
img_09208_2024,0.0,0.7391751,1
img_09180_p01_2024,0.0,0.80638725,1
img_09180_p02_2024,0.0,0.6212126,0
img_09209_2024,0.0,0.28124613,0
img_09212_2024,0.0,0.435929,0
img_09206_2024,0.0,0.00863103,0
img_09211_2024,0.0,0.5491475,0
img_09214_2024,0.0,0.8498129,1
img_09217_2024,0.0,0.028472912,0
img_09216_2024,0.0,0.9627102,1
img_09221_2024,0.0,0.09027647,0
img_09215_2024,0.0,0.32627463,0
img_09222_2024,0.0,0.15064901,0
img_09220_2024,0.0,0.22125988,0
img_09213_2024,0.0,0.6904789,0
img_09219_2024,0.0,0.004732374,0
img_09151_p01_2024,0.0,0.019451909,0
img_09151_p02_2024,0.0,0.07172978,0
img_09151_p03_2024,0.0,0.09913322,0
img_09151_p04_2024,0.0,0.29225945,0
img_09225_2024,0.0,0.587633,0
img_09218_2024,0.0,0.13822511,0
img_09223_2024,0.0,0.04442045,0
img_09227_2024,0.0,0.12631874,0
img_09226_2024,0.0,0.034541957,0
img_09228_2024,0.0,0.24571028,0
img_09230_2024,0.0,0.5991002,0
img_09232_2024,0.0,0.7292117,1
img_09231_2024,0.0,0.9258142,1
img_09234_2024,0.0,0.99698156,1
img_09233_2024,0.0,0.4303819,0
img_09241_2024,0.0,0.092808634,0
img_09238_2024,0.0,0.7649269,1
img_09239_2024,0.0,0.079787575,0
img_09229_2024,0.0,0.394306,0
img_09235_2024,0.0,0.41335303,0
img_09237_2024,0.0,0.12046721,0
img_09243_2024,0.0,0.61866266,0
img_09236_2024,0.0,0.9826377,1
img_09245_2024,0.0,0.53119445,0
img_09246_2024,0.0,0.6469971,0
img_09247_2024,0.0,0.6181294,0
img_09244_2024,0.0,0.05918487,0
img_09250_2024,0.0,0.63307756,0
img_09249_2024,0.0,0.22490108,0
img_09251_2024,0.0,0.052857645,0
img_09248_2024,0.0,0.13858637,0
img_09254_2024,0.0,0.16856638,0
img_09257_2024,0.0,0.7604635,1
img_09255_2024,0.0,0.9567984,1
img_09259_2024,0.0,0.87150854,1
img_09224_p01_2024,0.0,0.15455544,0
img_09224_p02_2024,0.0,0.09601618,0
img_09253_2024,0.0,0.1706015,0
img_09256_2024,0.0,0.22396265,0
img_09260_2024,0.0,0.052252624,0
img_09252_2024,0.0,0.21181338,0
img_09261_2024,0.0,0.35943514,0
img_09262_2024,0.0,0.35522938,0
img_09263_2024,0.0,0.029292509,0
img_09266_2024,0.0,0.058149103,0
img_09265_2024,0.0,0.0011070078,0
img_09242_p01_2024,0.0,0.076276,0
img_09242_p02_2024,0.0,0.18481873,0
img_09272_2024,0.0,0.15920638,0
img_09275_2024,0.0,0.29774404,0
img_09274_2024,0.0,0.5926993,0
img_09267_2024,0.0,0.13395406,0
img_09269_2024,0.0,0.16302945,0
img_09271_2024,0.0,0.19664754,0
img_09276_2024,0.0,0.012003081,0
img_09273_2024,0.0,0.0020368088,0
img_09268_2024,0.0,0.23610012,0
img_09277_2024,0.0,0.42736155,0
img_09278_2024,0.0,0.46211454,0
img_09279_2024,0.0,0.19617045,0
img_09240_p01_2024,0.0,0.4653983,0
img_09240_p02_2024,0.0,0.7010833,0
img_09280_2024,0.0,0.22656453,0
img_09284_2024,0.0,0.75126296,1
img_09288_2024,0.0,0.11767547,0
img_09285_2024,0.0,0.60108054,0
img_09287_2024,0.0,0.8009237,1
img_09286_2024,0.0,0.9244191,1
img_09258_p01_2024,0.0,0.0052243094,0
img_09258_p02_2024,0.0,0.019230833,0
img_09289_2024,0.0,0.2989017,0
img_09281_2024,0.0,0.004563249,0
img_09270_2024,0.0,0.047041323,0
img_09282_2024,0.0,0.01257915,0
img_09290_2024,0.0,0.26250845,0
img_09292_2024,0.0,0.7273486,1
img_09291_2024,0.0,0.026540963,0
img_09293_2024,0.0,0.98849094,1
img_09283_2024,0.0,0.23349983,0
img_09294_2024,0.0,0.03393825,0
img_09295_2024,0.0,0.024177616,0
img_09298_2024,0.0,0.7429984,1
img_09297_2024,0.0,0.88759434,1
img_09302_2024,0.0,0.29522222,0
img_09296_2024,0.0,0.49955598,0
img_09303_2024,0.0,0.7584369,1
img_09299_2024,0.0,0.036961842,0
img_09304_2024,0.0,0.76197577,1
img_09309_2024,0.0,0.34435683,0
img_09305_2024,0.0,0.16385168,0
img_09307_2024,0.0,0.381719,0
img_09306_2024,0.0,0.5183784,0
img_09310_2024,0.0,0.27365392,0
img_09308_2024,0.0,0.36608383,0
img_09311_2024,0.0,0.012348132,0
img_09300_2024,0.0,0.58528495,0
img_09313_2024,0.0,0.2287192,0
img_09317_2024,0.0,0.3441173,0
img_09314_2024,0.0,0.40838212,0
img_09301_2024,0.0,0.003453356,0
img_09320_2024,0.0,0.85858953,1
img_09315_2024,0.0,0.21983834,0
img_09316_2024,0.0,0.08536218,0
img_09323_2024,0.0,0.18441375,0
img_09264_p01_2024,0.0,0.016369632,0
img_09264_p02_2024,0.0,0.0343914,0
img_09264_p03_2024,0.0,0.025136918,0
img_09264_p04_2024,0.0,0.1085425,0
img_09322_2024,0.0,0.106032535,0
img_09312_2024,0.0,0.28556475,0
img_09328_2024,0.0,0.7243177,1
img_09319_2024,0.0,0.007976101,0
img_09318_2024,0.0,0.053504117,0
img_09333_2024,0.0,0.33124313,0
img_09330_2024,0.0,0.7584505,1
img_09321_2024,0.0,0.049981978,0
img_09332_2024,0.0,0.6490932,0
img_09331_2024,0.0,0.008681291,0
img_09329_2024,0.0,0.31230956,0
img_09338_2024,0.0,0.5433674,0
img_09326_2024,0.0,0.19734837,0
img_09337_2024,0.0,0.61401576,0
img_09335_2024,0.0,0.96150243,1
img_09340_2024,0.0,0.3123064,0
img_09341_2024,0.0,0.21820483,0
img_09345_2024,0.0,0.10049487,0
img_09336_2024,0.0,0.18043695,0
img_09342_2024,0.0,0.056335606,0
img_09346_2024,0.0,0.50348276,0
img_09339_2024,0.0,0.38249916,0
img_09205_p01_2024,0.0,0.17725748,0
img_09205_p02_2024,0.0,0.16608047,0
img_09205_p03_2024,0.0,0.016786307,0
img_09205_p04_2024,0.0,0.018370962,0
img_09205_p05_2024,0.0,0.013699009,0
img_09205_p06_2024,0.0,0.011518651,0
img_09348_2024,0.0,0.7715991,1
img_09349_2024,0.0,0.023045331,0
img_09347_2024,0.0,0.0015164288,0
img_09343_2024,0.0,0.0052716634,0
img_09344_2024,0.0,0.42451566,0
img_09351_2024,0.0,0.4253749,0
img_09324_p01_2024,0.0,0.16028622,0
img_09324_p02_2024,0.0,0.05911135,0
img_09334_p01_2024,0.0,0.005660676,0
img_09334_p02_2024,0.0,0.04528008,0
img_09357_2024,0.0,0.26453245,0
img_09350_2024,0.0,0.030723386,0
img_09353_2024,0.0,0.39173806,0
img_09355_2024,0.0,0.24531364,0
img_09362_2024,0.0,0.4533964,0
img_09358_2024,0.0,0.0051486893,0
img_09352_2024,0.0,0.1159717,0
img_09354_2024,0.0,0.5940214,0
img_09327_p01_2024,0.0,0.18905306,0
img_09327_p02_2024,0.0,0.12675393,0
img_09359_2024,0.0,0.0013198132,0
img_09360_2024,0.0,0.6185029,0
img_09361_2024,0.0,0.18875936,0
img_09356_2024,0.0,0.63167393,0
img_09364_2024,0.0,0.45527077,0
img_09365_2024,0.0,0.94782805,1
img_09366_2024,0.0,0.3154701,0
img_09372_2024,0.0,0.25444537,0
img_09367_2024,0.0,0.53623146,0
img_09369_2024,0.0,0.0098751215,0
img_09376_2024,0.0,0.930623,1
img_09370_2024,0.0,0.027339855,0
img_09373_2024,0.0,0.018111106,0
img_09363_2024,0.0,0.7193067,1
img_09377_2024,0.0,0.017850945,0
img_09378_2024,0.0,0.021544987,0
img_09379_2024,0.0,0.44230095,0
img_09374_2024,0.0,0.26215264,0
img_09380_2024,0.0,0.061217688,0
img_09381_2024,0.0,0.95613515,1
img_09388_2024,0.0,0.38012618,0
img_09387_2024,0.0,0.7237032,1
img_09385_2024,0.0,0.24615124,0
img_09390_2024,0.0,0.17645252,0
img_09386_2024,0.0,0.920867,1
img_09384_2024,0.0,0.12728702,0
img_09382_2024,0.0,0.10637314,0
img_09371_2024,0.0,0.006750237,0
img_09394_2024,0.0,0.5544537,0
img_09392_2024,0.0,0.07359926,0
img_09391_2024,0.0,0.44494143,0
img_09395_2024,0.0,0.625541,0
img_09368_p01_2024,0.0,0.0324061,0
img_09368_p02_2024,0.0,0.43695122,0
img_09397_2024,0.0,0.6674784,0
img_09400_2024,0.0,0.78063196,1
img_09403_2024,0.0,0.24899507,0
img_09402_2024,0.0,0.9856961,1
img_09399_2024,0.0,0.25273636,0
img_09398_2024,0.0,0.9742303,1
img_09396_2024,0.0,0.6457038,0
img_09404_2024,0.0,0.7934897,1
img_09401_2024,0.0,0.8973836,1
img_09405_2024,0.0,0.41600853,0
img_09409_2024,0.0,0.7814348,1
img_09410_2024,0.0,0.1487672,0
img_09411_2024,0.0,0.04400211,0
img_09408_2024,0.0,0.59115624,0
img_09406_2024,0.0,0.29671246,0
img_09413_2024,0.0,0.0058991723,0
img_09407_2024,0.0,0.24649218,0
img_09415_2024,0.0,0.004137786,0
img_09416_2024,0.0,0.71806675,1
img_09417_2024,0.0,0.06940885,0
img_09412_2024,0.0,0.01091416,0
img_09375_p01_2024,0.0,0.4630319,0
img_09375_p02_2024,0.0,0.674569,0
img_09414_2024,0.0,0.19456588,0
img_09389_p01_2024,0.0,0.0042864145,0
img_09389_p02_2024,0.0,0.021903226,0
img_09418_2024,0.0,0.023928674,0
img_09419_2024,0.0,0.13032548,0
img_09420_2024,0.0,0.47709104,0
img_09425_2024,0.0,0.2895127,0
img_09423_2024,0.0,0.072332464,0
img_09424_2024,0.0,0.22358355,0
img_09428_2024,0.0,0.21139273,0
img_09429_2024,0.0,0.0017672167,0
img_09426_2024,0.0,0.034879114,0
img_09431_2024,0.0,0.6708342,0
img_09422_2024,0.0,0.20393606,0
img_09432_2024,0.0,0.7226627,1
img_09421_2024,0.0,0.58010316,0
img_09435_2024,0.0,0.47355083,0
img_09433_2024,0.0,0.037892148,0
img_09427_2024,0.0,0.02206545,0
img_09437_2024,0.0,0.70402294,0
img_09436_2024,0.0,0.007983991,0
img_09441_2024,0.0,0.24291213,0
img_09440_2024,0.0,0.7834086,1
img_09438_2024,0.0,0.7200816,1
img_09439_2024,0.0,0.5644782,0
img_09442_2024,0.0,0.07899151,0
img_09446_2024,0.0,0.46792492,0
img_09444_2024,0.0,0.86660963,1
img_09443_2024,0.0,0.122769125,0
img_09449_2024,0.0,0.51740307,0
img_09445_2024,0.0,0.7225512,1
img_09434_2024,0.0,0.38719472,0
img_09448_2024,0.0,0.6239259,0
img_09447_2024,0.0,0.0096361,0
img_09451_2024,0.0,0.728478,1
img_09450_2024,0.0,0.055986226,0
img_09454_2024,0.0,0.5499506,0
img_09452_2024,0.0,0.32921603,0
img_09455_2024,0.0,0.13645257,0
img_09393_p01_2024,0.0,0.0028635468,0
img_09393_p02_2024,0.0,0.00986087,0
img_09393_p03_2024,0.0,0.028477652,0
img_09393_p04_2024,0.0,0.008239963,0
img_09456_2024,0.0,0.78111696,1
img_09459_2024,0.0,0.2023601,0
img_09460_2024,0.0,0.5080735,0
img_09458_2024,0.0,0.019577712,0
img_09453_2024,0.0,0.00096131506,0
img_09463_2024,0.0,0.7079516,0
img_09461_2024,0.0,0.85605997,1
img_09462_2024,0.0,0.29245508,0
img_09464_2024,0.0,0.9863754,1
img_09467_2024,0.0,0.024570921,0
img_09469_2024,0.0,0.5591339,0
img_09466_2024,0.0,0.1527093,0
img_09465_2024,0.0,0.51782656,0
img_09468_2024,0.0,0.74909776,1
img_09474_2024,0.0,0.28446567,0
img_09471_2024,0.0,0.41558373,0
img_09470_2024,0.0,0.38665026,0
img_09472_2024,0.0,0.06590132,0
img_09475_2024,0.0,0.8662329,1
img_09479_2024,0.0,0.23615637,0
img_09478_2024,0.0,0.89046586,1
img_09477_2024,0.0,0.40513888,0
img_09481_2024,0.0,0.64967513,0
img_09476_2024,0.0,0.9406255,1
img_09473_2024,0.0,0.00097419514,0
img_09484_2024,0.0,0.10403391,0
img_09457_p01_2024,0.0,0.002681914,0
img_09457_p02_2024,0.0,0.44263613,0
img_09483_2024,0.0,0.97447455,1
img_09486_2024,0.0,0.4744709,0
img_09487_2024,0.0,0.22940122,0
img_09489_2024,0.0,0.7390682,1
img_09480_2024,0.0,0.074497774,0
img_09495_2024,0.0,0.7253906,1
img_09490_2024,0.0,0.36208844,0
img_09494_2024,0.0,0.048211765,0
img_09496_2024,0.0,0.26760274,0
img_09492_2024,0.0,0.870718,1
img_09497_2024,0.0,0.7494321,1
img_09499_2024,0.0,0.11152095,0
img_09498_2024,0.0,0.019915037,0
img_09491_2024,0.0,0.036722656,0
img_09488_2024,0.0,0.32165143,0
img_09500_2024,0.0,0.98046726,1
img_09501_2024,0.0,0.9366514,1
img_09504_2024,0.0,0.55579114,0
img_09503_2024,0.0,0.06692232,0
img_09509_2024,0.0,0.90207815,1
img_09506_2024,0.0,0.3279887,0
img_09513_2024,0.0,0.15809551,0
img_09502_2024,0.0,0.3723216,0
img_09511_2024,0.0,0.08342336,0
img_09517_2024,0.0,0.2708577,0
img_09482_p01_2024,0.0,0.39017123,0
img_09482_p02_2024,0.0,0.30774084,0
img_09510_2024,0.0,0.015524921,0
img_09508_2024,0.0,0.11732984,0
img_09519_2024,0.0,0.35533246,0
img_09516_2024,0.0,0.018848626,0
img_09522_2024,0.0,0.0032225288,0
img_09514_2024,0.0,0.2087485,0
img_09520_2024,0.0,0.00717158,0
img_09507_2024,0.0,0.8181432,1
img_09515_2024,0.0,0.7713019,1
img_09521_2024,0.0,0.18881407,0
img_09523_2024,0.0,0.4385956,0
img_09525_2024,0.0,0.09429746,0
img_09524_2024,0.0,0.015014904,0
img_09505_p01_2024,0.0,4.0240746e-05,0
img_09505_p02_2024,0.0,0.035085432,0
img_09526_2024,0.0,0.02483812,0
img_09527_2024,0.0,0.050045345,0
img_09528_2024,0.0,0.53822815,0
img_09383_p01_2024,0.0,0.00012711731,0
img_09383_p02_2024,0.0,0.015318433,0
img_09383_p03_2024,0.0,0.83813345,1
img_09383_p04_2024,0.0,0.015663002,0
img_09383_p05_2024,0.0,0.035668537,0
img_09383_p06_2024,0.0,0.0085995365,0
img_09512_p01_2024,0.0,0.29655635,0
img_09512_p02_2024,0.0,0.42600566,0
img_09532_2024,0.0,0.04880604,0
img_09531_2024,0.0,0.117484994,0
img_09533_2024,0.0,0.34629628,0
img_09325_p01_2024,0.0,0.12971352,0
img_09325_p02_2024,0.0,0.25083002,0
img_09325_p03_2024,0.0,0.13285412,0
img_09325_p04_2024,0.0,0.46791083,0
img_09325_p05_2024,0.0,0.080653496,0
img_09325_p06_2024,0.0,0.13077548,0
img_09325_p07_2024,0.0,0.077162035,0
img_09325_p08_2024,0.0,0.4530943,0
img_09325_p09_2024,0.0,0.02839258,0
img_09529_2024,0.0,0.24037735,0
img_09538_2024,0.0,0.04130621,0
img_09536_2024,0.0,0.55274016,0
img_09537_2024,0.0,0.70063555,0
img_09493_p01_2024,0.0,0.039144393,0
img_09493_p02_2024,0.0,0.0022157591,0
img_09493_p03_2024,0.0,0.04574752,0
img_09493_p04_2024,0.0,0.012606945,0
img_09541_2024,0.0,0.6308755,0
img_09542_2024,0.0,0.02716053,0
img_09539_2024,0.0,0.6947051,0
img_09430_p01_2024,0.0,0.8214308,1
img_09430_p02_2024,0.0,0.0059476173,0
img_09430_p03_2024,0.0,0.036793135,0
img_09430_p04_2024,0.0,0.9964085,1
img_09430_p05_2024,0.0,0.0071940916,0
img_09430_p06_2024,0.0,0.001845361,0
img_09535_2024,0.0,0.83472383,1
img_09540_2024,0.0,0.5927343,0
img_09543_2024,0.0,0.18574402,0
img_09544_2024,0.0,0.7903886,1
img_09534_2024,0.0,0.56539917,0
img_09548_2024,0.0,0.5359937,0
img_09546_2024,0.0,0.2621765,0
img_09552_2024,0.0,0.39573783,0
img_09553_2024,0.0,0.06558432,0
img_09551_2024,0.0,0.013698115,0
img_09547_2024,0.0,0.19384588,0
img_09556_2024,0.0,0.18163379,0
img_09550_2024,0.0,0.9170376,1
img_09557_2024,0.0,0.09074111,0
img_09545_2024,0.0,0.08325328,0
img_09554_2024,0.0,0.104509294,0
img_09558_2024,0.0,0.93202335,1
img_09559_2024,0.0,0.7195159,1
img_09560_2024,0.0,0.14610112,0
img_09555_2024,0.0,0.054538492,0
img_09561_2024,0.0,0.4664624,0
img_09562_2024,0.0,0.06558831,0
img_09565_2024,0.0,0.33535329,0
img_09485_p01_2024,0.0,0.5595173,0
img_09485_p02_2024,0.0,0.03012165,0
img_09485_p03_2024,0.0,0.10110791,0
img_09485_p04_2024,0.0,0.17942844,0
img_09485_p05_2024,0.0,0.006745862,0
img_09485_p06_2024,0.0,0.002299037,0
img_09563_2024,0.0,0.43151054,0
img_09564_2024,0.0,0.85024035,1
img_09568_2024,0.0,0.53669655,0
img_09566_2024,0.0,0.17242737,0
img_09572_2024,0.0,0.23157193,0
img_09569_2024,0.0,0.104123294,0
img_09575_2024,0.0,0.6896607,0
img_09574_2024,0.0,0.17129509,0
img_09573_2024,0.0,0.031290974,0
img_09571_2024,0.0,0.090699755,0
img_09567_2024,0.0,0.25418404,0
img_09576_2024,0.0,0.59681785,0
img_09570_2024,0.0,0.040660672,0
img_09577_2024,0.0,0.4888758,0
img_09580_2024,0.0,0.37931034,0
img_09579_2024,0.0,0.7156896,1
img_09578_2024,0.0,0.009179393,0
img_09583_2024,0.0,0.77975696,1
img_09581_2024,0.0,0.033247873,0
img_09585_2024,0.0,0.00742191,0
img_09582_2024,0.0,0.058675986,0
img_09530_p01_2024,0.0,0.7184813,1
img_09530_p02_2024,0.0,0.21381733,0
img_09530_p03_2024,0.0,0.7473154,1
img_09530_p04_2024,0.0,0.24052007,0
img_09586_2024,0.0,0.0075168507,0
img_09590_2024,0.0,0.16395488,0
img_09584_2024,0.0,0.0830691,0
img_09587_2024,0.0,0.863906,1
img_09589_2024,0.0,0.008692595,0
img_09588_2024,0.0,0.021839356,0
img_09592_2024,0.0,0.91203046,1
img_09591_2024,0.0,0.66404784,0
img_09594_2024,0.0,0.005433588,0
img_09593_2024,0.0,0.044028625,0
img_09595_2024,0.0,0.09406059,0
img_09549_p01_2024,0.0,0.68849194,0
img_09549_p02_2024,0.0,0.63850635,0
img_09549_p03_2024,0.0,0.74828297,1
img_09602_2024,0.0,0.018327177,0
img_09598_2024,0.0,0.50604194,0
img_09596_2024,0.0,0.020854518,0
img_09604_2024,0.0,0.020186884,0
img_09601_2024,0.0,0.2732177,0
img_09605_2024,0.0,0.08023114,0
img_09597_2024,0.0,0.34762132,0
img_09603_2024,0.0,0.8564516,1
img_09608_2024,0.0,0.0027623088,0
img_09600_2024,0.0,0.407356,0
img_09599_2024,0.0,0.57034177,0
img_09609_2024,0.0,0.67950124,0
img_09607_2024,0.0,0.014418651,0
img_09610_2024,0.0,0.0047950144,0
img_09606_2024,0.0,0.61435765,0
img_09612_2024,0.0,0.37927523,0
img_09615_2024,0.0,0.027024882,0
img_09611_2024,0.0,0.2811109,0
img_09613_2024,0.0,0.2387004,0
img_09618_2024,0.0,0.03743746,0
img_09621_2024,0.0,0.5762695,0
img_09614_2024,0.0,0.7786793,1
img_09620_2024,0.0,0.08937067,0
img_09617_2024,0.0,0.2375123,0
img_09623_2024,0.0,0.0042962413,0
img_09616_2024,0.0,0.20438589,0
img_09622_2024,0.0,0.7122266,0
img_09624_2024,0.0,0.13281031,0
img_09626_2024,0.0,0.58002675,0
img_09619_2024,0.0,0.6978414,0
img_09631_2024,0.0,0.47125888,0
img_09632_2024,0.0,0.12397257,0
img_09633_2024,0.0,0.070935115,0
img_09634_2024,0.0,0.6445114,0
img_09630_2024,0.0,0.7734536,1
img_09640_2024,0.0,0.04888654,0
img_09629_2024,0.0,0.0134353,0
img_09625_2024,0.0,0.030183312,0
img_09636_2024,0.0,0.606401,0
img_09627_2024,0.0,0.7198774,1
img_09628_2024,0.0,0.046416022,0
img_09635_2024,0.0,0.44324544,0
img_09642_2024,0.0,0.06225205,0
img_09637_2024,0.0,0.072916344,0
img_09639_2024,0.0,0.2688483,0
img_09648_2024,0.0,0.83100396,1
img_09638_2024,0.0,0.6019135,0
img_09646_2024,0.0,0.049417965,0
img_09647_2024,0.0,0.59704494,0
img_09649_2024,0.0,0.62603074,0
img_09644_2024,0.0,0.1431353,0
img_09645_2024,0.0,0.8982259,1
img_09651_2024,0.0,0.36718774,0
img_09653_2024,0.0,0.55720806,0
img_09654_2024,0.0,0.92504597,1
img_09657_2024,0.0,0.46627346,0
img_09643_2024,0.0,0.7172031,1
img_09641_2024,0.0,0.7778088,1
img_09656_2024,0.0,0.68607473,0
img_09660_2024,0.0,0.12946342,0
img_09663_2024,0.0,0.2760143,0
img_09658_2024,0.0,0.52317226,0
img_09661_2024,0.0,0.8044558,1
img_09662_2024,0.0,0.0054230355,0
img_09650_2024,0.0,0.036171272,0
img_09652_2024,0.0,0.028744474,0
img_09659_2024,0.0,0.5782916,0
img_09193_p01_2024,0.0,0.035143334,0
img_09193_p02_2024,0.0,0.00050741696,0
img_09193_p03_2024,0.0,0.0028941764,0
img_09193_p04_2024,0.0,0.059561655,0
img_09193_p05_2024,0.0,0.050773155,0
img_09193_p06_2024,0.0,0.04286481,0
img_09193_p07_2024,0.0,0.00785451,0
img_09193_p08_2024,0.0,0.062443398,0
img_09193_p09_2024,0.0,0.0660002,0
img_09193_p10_2024,0.0,0.0086868275,0
img_09193_p11_2024,0.0,0.017265983,0
img_09193_p12_2024,0.0,0.8383618,1
img_09193_p13_2024,0.0,0.017165411,0
img_09193_p14_2024,0.0,0.0008017425,0
img_09193_p15_2024,0.0,0.0030508647,0
img_09193_p16_2024,0.0,0.0048487377,0
img_09193_p17_2024,0.0,0.0018538454,0
img_09193_p18_2024,0.0,0.06047719,0
img_09193_p19_2024,0.0,0.019228099,0
img_09667_2024,0.0,0.5213646,0
img_09666_2024,0.0,0.36303067,0
img_09664_2024,0.0,0.5489338,0
img_09655_2024,0.0,0.18272202,0
img_09669_2024,0.0,0.36134174,0
img_09670_2024,0.0,0.3251855,0
img_09665_2024,0.0,0.19164234,0
img_09672_2024,0.0,0.08446503,0
img_09671_2024,0.0,0.3869856,0
img_09668_2024,0.0,0.012013473,0
img_09676_2024,0.0,0.72263396,1
img_09674_2024,0.0,0.68051153,0
img_09675_2024,0.0,0.9338584,1
img_09678_2024,0.0,0.42909086,0
img_09673_2024,0.0,0.5829665,0
img_09681_2024,0.0,0.07968283,0
img_09680_2024,0.0,0.260056,0
img_09682_2024,0.0,0.59687454,0
img_09683_2024,0.0,0.3214598,0
img_09679_2024,0.0,0.08937495,0
img_09688_2024,0.0,0.7968712,1
img_09677_2024,0.0,0.006237478,0
img_09686_2024,0.0,0.016197134,0
img_09685_2024,0.0,0.35065496,0
img_09689_2024,0.0,0.6252983,0
img_09687_2024,0.0,0.8393104,1
img_09691_2024,0.0,0.041389678,0
img_09684_2024,0.0,0.9725123,1
img_09695_2024,0.0,0.14216937,0
img_09690_2024,0.0,0.05385187,0
img_09693_2024,0.0,0.94300556,1
img_09696_2024,0.0,0.013215133,0
img_09692_2024,0.0,0.58620006,0
img_09694_2024,0.0,0.029226856,0
img_09698_2024,0.0,0.40072542,0
img_09697_2024,0.0,0.24797311,0
img_09700_2024,0.0,0.033082724,0
img_09706_2024,0.0,0.13512672,0
img_09704_2024,0.0,0.39227068,0
img_09707_2024,0.0,0.11471634,0
img_09701_2024,0.0,0.089801535,0
img_09705_2024,0.0,0.008562892,0
img_09703_2024,0.0,0.35241118,0
img_09709_2024,0.0,0.66001755,0
img_09699_2024,0.0,0.81735307,1
img_09711_2024,0.0,0.00031484864,0
img_09710_2024,0.0,0.24694444,0
img_09702_2024,0.0,0.47927487,0
img_09712_2024,0.0,0.29048398,0
img_09708_2024,0.0,0.94178075,1
img_09722_2024,0.0,0.23971416,0
img_09721_2024,0.0,0.030035285,0
img_09713_2024,0.0,0.394487,0
img_09727_2024,0.0,0.44090638,0
img_09714_2024,0.0,0.5452668,0
img_09718_2024,0.0,0.20725894,0
img_09725_2024,0.0,0.329522,0
img_09716_2024,0.0,0.30845532,0
img_09726_2024,0.0,0.25632945,0
img_09720_2024,0.0,0.002936328,0
img_09728_2024,0.0,0.021592107,0
img_09723_2024,0.0,0.96747655,1
img_09729_2024,0.0,0.20832951,0
img_09724_2024,0.0,0.26568305,0
img_09719_2024,0.0,0.39776778,0
img_09732_2024,0.0,0.5527953,0
img_09733_2024,0.0,0.645975,0
img_09730_2024,0.0,0.7175248,1
img_09736_2024,0.0,0.46112484,0
img_09738_2024,0.0,0.7792452,1
img_09734_2024,0.0,0.40834072,0
img_09739_2024,0.0,0.55291617,0
img_09715_2024,0.0,0.5869588,0
img_09731_2024,0.0,0.37717184,0
img_09735_2024,0.0,0.6467173,0
img_09740_2024,0.0,0.08259171,0
img_09717_2024,0.0,0.28983197,0
img_09743_2024,0.0,0.050712895,0
img_09737_2024,0.0,0.19778538,0
img_09745_2024,0.0,0.32029748,0
img_09742_2024,0.0,0.085820735,0
img_09744_2024,0.0,0.114201725,0
img_09754_2024,0.0,0.6204837,0
img_09741_2024,0.0,0.016692497,0
img_09748_2024,0.0,0.010261703,0
img_09759_2024,0.0,0.18559352,0
img_09747_2024,0.0,0.029610941,0
img_09751_2024,0.0,0.13549964,0
img_09757_2024,0.0,0.08035964,0
img_09753_2024,0.0,0.9729019,1
img_09746_2024,0.0,0.7232326,1
img_09756_2024,0.0,0.049214136,0
img_09749_2024,0.0,0.008337998,0
img_09763_2024,0.0,0.055220388,0
img_09755_2024,0.0,0.9396138,1
img_09750_2024,0.0,0.08271749,0
img_09764_2024,0.0,0.12007696,0
img_09758_2024,0.0,0.6318902,0
img_09752_2024,0.0,0.041508462,0
img_09765_2024,0.0,0.14965892,0
img_09761_2024,0.0,0.029845659,0
img_09766_2024,0.0,0.07062011,0
img_09767_2024,0.0,0.6208037,0
img_09768_2024,0.0,0.09343968,0
img_09762_2024,0.0,0.4461693,0
img_09769_2024,0.0,0.27262715,0
img_09760_2024,0.0,0.9123886,1
img_09771_2024,0.0,0.04366206,0
img_09770_2024,0.0,0.2175738,0
img_09518_p01_2024,0.0,0.0014916486,0
img_09518_p02_2024,0.0,0.114314035,0
img_09518_p03_2024,0.0,0.5561447,0
img_09518_p04_2024,0.0,0.9497988,1
img_09518_p05_2024,0.0,0.036881,0
img_09518_p06_2024,0.0,0.002140957,0
img_09518_p07_2024,0.0,0.16740914,0
img_09518_p08_2024,0.0,0.07319034,0
img_09518_p09_2024,0.0,0.021608043,0
img_09518_p10_2024,0.0,0.010501179,0
img_09518_p11_2024,0.0,0.025505252,0
img_09773_2024,0.0,0.60614246,0
img_09775_2024,0.0,0.18443756,0
img_09772_2024,0.0,0.06511439,0
img_09774_2024,0.0,0.21302731,0
img_09779_2024,0.0,0.33554962,0
img_09783_2024,0.0,0.9075073,1
img_09777_2024,0.0,0.9764741,1
img_09785_2024,0.0,0.4861382,0
img_09782_2024,0.0,0.14074163,0
img_09780_2024,0.0,0.2035809,0
img_09776_2024,0.0,0.180118,0
img_09784_2024,0.0,0.43673134,0
img_09778_2024,0.0,0.15338086,0
img_09790_2024,0.0,0.005012983,0
img_09786_2024,0.0,0.024923671,0
img_09793_2024,0.0,0.9152902,1
img_09792_2024,0.0,0.09610452,0
img_09794_2024,0.0,0.54759264,0
img_09781_2024,0.0,0.31896123,0
img_09788_2024,0.0,0.009134861,0
img_09797_2024,0.0,0.602527,0
img_09789_2024,0.0,0.35054123,0
img_09787_2024,0.0,0.72205985,1
img_09804_2024,0.0,0.69198453,0
img_09807_2024,0.0,0.26919356,0
img_09806_2024,0.0,0.119961604,0
img_09799_2024,0.0,0.03625102,0
img_09796_2024,0.0,0.029661993,0
img_09801_2024,0.0,0.3482098,0
img_09812_2024,0.0,0.024149222,0
img_09795_2024,0.0,0.40703282,0
img_09803_2024,0.0,0.0059235115,0
img_09813_2024,0.0,0.19971365,0
img_09814_2024,0.0,0.09628041,0
img_09798_2024,0.0,0.46842027,0
img_09811_2024,0.0,0.62758726,0
img_09805_2024,0.0,0.23605558,0
img_09819_2024,0.0,0.5022825,0
img_09800_2024,0.0,0.44188026,0
img_09808_2024,0.0,0.57180506,0
img_09818_2024,0.0,0.094831124,0
img_09816_2024,0.0,0.04298781,0
img_09809_2024,0.0,0.67906,0
img_09820_2024,0.0,0.8565905,1
img_09810_2024,0.0,0.35680985,0
img_09802_2024,0.0,0.0087340735,0
img_09822_2024,0.0,0.7449222,1
img_09815_2024,0.0,0.18843724,0
img_09823_2024,0.0,0.042776454,0
img_09817_2024,0.0,0.12362368,0
img_09824_2024,0.0,0.5265256,0
img_09825_2024,0.0,0.080224,0
img_09828_2024,0.0,0.6003924,0
img_09821_2024,0.0,0.24058059,0
img_09829_2024,0.0,0.025624247,0
img_09833_2024,0.0,0.2909958,0
img_09831_2024,0.0,0.6344847,0
img_09835_2024,0.0,0.40126306,0
img_09830_2024,0.0,0.98040754,1
img_09836_2024,0.0,0.76222056,1
img_09826_2024,0.0,0.92439884,1
img_09834_2024,0.0,0.050643254,0
img_09827_2024,0.0,0.7959612,1
img_09839_2024,0.0,0.8067242,1
img_09842_2024,0.0,0.71919066,1
img_09838_2024,0.0,0.59614885,0
img_09841_2024,0.0,0.5655953,0
img_09847_2024,0.0,0.62625504,0
img_09844_2024,0.0,0.88981235,1
img_09850_2024,0.0,0.0017236982,0
img_09837_2024,0.0,0.04524164,0
img_09840_2024,0.0,0.18070829,0
img_09832_2024,0.0,0.48780337,0
img_09843_2024,0.0,0.9361342,1
img_09848_2024,0.0,0.00095990556,0
img_09851_2024,0.0,0.12705682,0
img_09852_2024,0.0,0.4572745,0
img_09849_2024,0.0,0.18590143,0
img_09845_2024,0.0,0.37087905,0
img_09854_2024,0.0,0.55333483,0
img_09853_2024,0.0,0.027850213,0
img_09855_2024,0.0,0.85834235,1
img_09856_2024,0.0,0.46782348,0
img_09846_2024,0.0,0.20659442,0
img_09857_2024,0.0,0.03643313,0
img_09858_2024,0.0,0.020347632,0
img_09859_2024,0.0,0.08717906,0
img_09863_2024,0.0,0.55510575,0
img_09865_2024,0.0,0.0375934,0
img_09862_2024,0.0,0.10847508,0
img_09867_2024,0.0,0.6675162,0
img_09864_2024,0.0,0.6400039,0
img_09869_2024,0.0,0.6998841,0
img_09868_2024,0.0,0.25130147,0
img_09870_2024,0.0,0.082653455,0
img_09860_2024,0.0,0.8897735,1
img_09866_2024,0.0,0.8381756,1
img_09872_2024,0.0,0.08191247,0
img_09878_2024,0.0,0.9157469,1
img_09876_2024,0.0,0.0065082707,0
img_09883_2024,0.0,0.020338181,0
img_09880_2024,0.0,0.8317425,1
img_09881_2024,0.0,0.66751003,0
img_09861_2024,0.0,0.3247415,0
img_09871_2024,0.0,0.005341883,0
img_09877_2024,0.0,0.33342868,0
img_09874_2024,0.0,0.21466927,0
img_09891_2024,0.0,0.09216996,0
img_09892_2024,0.0,0.9602274,1
img_09895_2024,0.0,0.60716426,0
img_09894_2024,0.0,0.05350825,0
img_09893_2024,0.0,0.02038056,0
img_09886_2024,0.0,0.2299285,0
img_09896_2024,0.0,0.03756778,0
img_09889_2024,0.0,0.9174397,1
img_09875_2024,0.0,0.9622422,1
img_09898_2024,0.0,0.75516224,1
img_09900_2024,0.0,0.021105539,0
img_09884_2024,0.0,0.5180314,0
img_09885_2024,0.0,0.56490535,0
img_09890_2024,0.0,0.1793639,0
img_09882_2024,0.0,0.13610125,0
img_09873_2024,0.0,0.033115707,0
img_09903_2024,0.0,0.72988474,1
img_09897_2024,0.0,0.4073824,0
img_09888_2024,0.0,0.8370713,1
img_09887_2024,0.0,0.5302366,0
img_09907_2024,0.0,0.012642526,0
img_09901_2024,0.0,0.60509175,0
img_09908_2024,0.0,0.013910722,0
img_09899_2024,0.0,0.05448301,0
img_09911_2024,0.0,0.49778008,0
img_09913_2024,0.0,0.0008131907,0
img_09902_2024,0.0,0.5541676,0
img_09906_2024,0.0,0.43878964,0
img_09904_2024,0.0,0.07469775,0
img_09909_2024,0.0,0.008883543,0
img_09915_2024,0.0,0.9388247,1
img_09918_2024,0.0,0.36697304,0
img_09917_2024,0.0,0.691372,0
img_09912_2024,0.0,0.37693354,0
img_09879_p01_2024,0.0,0.016422369,0
img_09879_p02_2024,0.0,0.28901392,0
img_09905_2024,0.0,0.35282868,0
img_09924_2024,0.0,0.87534153,1
img_09916_2024,0.0,0.04865146,0
img_09923_2024,0.0,0.06283079,0
img_09926_2024,0.0,0.1736314,0
img_09919_2024,0.0,0.28154495,0
img_09925_2024,0.0,0.32201257,0
img_09928_2024,0.0,0.35121933,0
img_09922_2024,0.0,0.12916495,0
img_09914_2024,0.0,0.0135474475,0
img_09927_2024,0.0,0.8095972,1
img_09920_2024,0.0,0.7609897,1
img_09930_2024,0.0,0.3171366,0
img_09910_2024,0.0,0.6428512,0
img_09937_2024,0.0,0.8902456,1
img_09932_2024,0.0,0.23507631,0
img_09938_2024,0.0,0.09406824,0
img_09921_2024,0.0,0.13654311,0
img_09936_2024,0.0,0.7345734,1
img_09934_2024,0.0,0.8879664,1
img_09931_2024,0.0,0.09857664,0
img_09940_2024,0.0,0.20412329,0
img_09944_2024,0.0,0.35971367,0
img_09948_2024,0.0,0.02652685,0
img_09941_2024,0.0,0.04222982,0
img_09935_2024,0.0,0.0089766355,0
img_09939_2024,0.0,0.5478768,0
img_09946_2024,0.0,0.42870983,0
img_09947_2024,0.0,0.76706815,1
img_09950_2024,0.0,0.0070487075,0
img_09956_2024,0.0,0.7556821,1
img_09945_2024,0.0,0.07185521,0
img_09951_2024,0.0,0.84505886,1
img_09954_2024,0.0,0.6898681,0
img_09952_2024,0.0,0.5817733,0
img_09949_2024,0.0,0.11445347,0
img_09929_2024,0.0,0.8631278,1
img_09943_2024,0.0,0.7113826,0
img_09953_2024,0.0,0.90466064,1
img_09961_2024,0.0,0.94674015,1
img_09963_2024,0.0,0.8400678,1
img_09958_2024,0.0,0.080439314,0
img_09933_2024,0.0,0.7554775,1
img_09962_2024,0.0,0.49524668,0
img_09955_2024,0.0,0.22134852,0
img_09964_2024,0.0,0.05854253,0
img_09965_2024,0.0,0.044034895,0
img_09960_2024,0.0,0.34005344,0
img_09973_2024,0.0,0.15123995,0
img_09957_2024,0.0,0.057597913,0
img_09967_2024,0.0,0.021820616,0
img_09970_2024,0.0,0.85558057,1
img_09968_2024,0.0,0.04023925,0
img_09969_2024,0.0,0.23160017,0
img_09959_2024,0.0,0.023694573,0
img_09974_2024,0.0,0.95511585,1
img_09977_2024,0.0,0.1251634,0
img_09975_2024,0.0,0.84610045,1
img_09976_2024,0.0,0.08057381,0
img_09972_2024,0.0,0.84867555,1
img_09966_2024,0.0,0.03539469,0
img_09971_2024,0.0,0.24622971,0
img_09982_2024,0.0,0.24494731,0
img_09984_2024,0.0,0.0038757925,0
img_09980_2024,0.0,0.35367006,0
img_09981_2024,0.0,0.58668834,0
img_09985_2024,0.0,0.027092332,0
img_09979_2024,0.0,0.17682314,0
img_09990_2024,0.0,0.0063707386,0
img_09991_2024,0.0,0.20515867,0
img_09986_2024,0.0,0.4303226,0
img_09978_2024,0.0,0.95994323,1
img_09994_2024,0.0,0.1841038,0
img_09987_2024,0.0,0.34282246,0
img_09988_2024,0.0,0.0035194997,0
img_09983_2024,0.0,0.8623154,1
img_10001_2024,0.0,0.08109029,0
img_09989_2024,0.0,0.012957554,0
img_09992_2024,0.0,0.4516655,0
img_09999_2024,0.0,0.037615202,0
img_09997_2024,0.0,0.15406238,0
img_09993_2024,0.0,0.86564356,1
img_10010_2024,0.0,0.27671865,0
img_09995_2024,0.0,0.014217666,0
img_09998_2024,0.0,0.85389864,1
img_09996_2024,0.0,0.23537107,0
img_10011_2024,0.0,0.030761532,0
img_10005_2024,0.0,0.052307688,0
img_10004_2024,0.0,0.13185425,0
img_10003_2024,0.0,0.33870226,0
img_10002_2024,0.0,0.53301615,0
img_10015_2024,0.0,0.8995745,1
img_10008_2024,0.0,0.5237194,0
img_10000_2024,0.0,0.036853697,0
img_10016_2024,0.0,0.03363147,0
img_10012_2024,0.0,0.002360196,0
img_10019_2024,0.0,0.9393616,1
img_10009_2024,0.0,0.50476474,0
img_10013_2024,0.0,0.057232115,0
img_10007_2024,0.0,0.06383916,0
img_10020_2024,0.0,0.06411564,0
img_10018_2024,0.0,0.38091785,0
img_10006_2024,0.0,0.54708815,0
img_10021_2024,0.0,0.08445587,0
img_10017_2024,0.0,0.5789393,0
img_10014_p01_2024,0.0,0.15399627,0
img_10014_p02_2024,0.0,0.8396456,1
img_10014_p03_2024,0.0,0.86775255,1
img_10014_p04_2024,0.0,0.26323247,0
