id_sample,y_true,model_probability,final_threshold_prediction
img_00007_2023,1.0,0.28928727,0
img_00009_2023,1.0,0.07898153,0
img_00016_2023,1.0,0.970535,1
img_00001_2023,1.0,0.99945754,1
img_00013_2023,1.0,0.9891502,1
img_00022_2023,1.0,0.5708758,0
img_00024_2023,1.0,0.65989053,0
img_00025_2023,1.0,0.9313549,1
img_00023_2023,1.0,0.33076206,0
img_00021_2023,1.0,0.86832076,1
img_00027_2023,1.0,0.8181428,1
img_00028_2023,1.0,0.9966439,1
img_00030_2023,1.0,0.6490268,0
img_00034_2023,1.0,0.4812829,0
img_00038_2023,1.0,0.8440374,1
img_00037_2023,1.0,0.38596445,0
img_00046_2023,1.0,0.4435633,0
img_00047_2023,1.0,0.72633433,1
img_00048_2023,1.0,0.74287724,1
img_00045_2023,1.0,0.98355615,1
img_00052_2023,1.0,0.42272216,0
img_00057_2023,1.0,0.83679897,1
img_00029_p01_2023,1.0,0.7409705,1
img_00029_p02_2023,1.0,0.8212412,1
img_00029_p03_2023,1.0,0.997468,1
img_00060_2023,1.0,0.9952488,1
img_00061_2023,1.0,0.9616216,1
img_00050_2023,1.0,0.8693576,1
img_00059_2023,1.0,0.9997468,1
img_00054_2023,1.0,0.9964632,1
img_00056_2023,1.0,0.99832284,1
img_00062_2023,1.0,0.9218339,1
img_00049_p01_2023,1.0,0.64805037,0
img_00049_p02_2023,1.0,0.90229875,1
img_00064_2023,1.0,0.9981508,1
img_00078_2023,1.0,0.9580816,1
img_00073_2023,1.0,0.999279,1
img_00072_2023,1.0,0.7903418,1
img_00080_2023,1.0,0.88254386,1
img_00082_2023,1.0,0.99320936,1
img_00096_2023,1.0,0.6684907,0
img_00000_p02_2023,1.0,0.9623164,1
img_00000_p03_2023,1.0,0.27138746,0
img_00000_p04_2023,1.0,0.9441142,1
img_00089_2023,1.0,0.9491083,1
img_00102_2023,1.0,0.9914961,1
img_00090_2023,1.0,0.5292493,0
img_00099_2023,1.0,0.84690607,1
img_00036_p01_2023,1.0,0.99140894,1
img_00036_p02_2023,1.0,0.9929949,1
img_00036_p03_2023,1.0,0.99102175,1
img_00036_p04_2023,1.0,0.9946553,1
img_00105_2023,1.0,0.9748009,1
img_00100_2023,1.0,0.9912516,1
img_00110_2023,1.0,0.8364309,1
img_00115_2023,1.0,0.979179,1
img_00116_2023,1.0,0.97004,1
img_00108_2023,1.0,0.6972659,0
img_00107_2023,1.0,0.9910902,1
img_00104_p01_2023,1.0,0.70528924,0
img_00104_p02_2023,1.0,0.89822245,1
img_00126_2023,1.0,0.25192538,0
img_00125_2023,1.0,0.9540488,1
img_00124_2023,1.0,0.9767801,1
img_00133_2023,1.0,0.9979671,1
img_00134_2023,1.0,0.9934227,1
img_00119_p01_2023,1.0,0.99723196,1
img_00130_p01_2023,1.0,0.9561717,1
img_00130_p02_2023,1.0,0.96893394,1
img_00137_2023,1.0,0.9787564,1
img_00142_2023,1.0,0.9235762,1
img_00139_2023,1.0,0.9670495,1
img_00147_2023,1.0,0.99121046,1
img_00012_p01_2023,1.0,0.9819342,1
img_00012_p02_2023,1.0,0.9798352,1
img_00012_p03_2023,1.0,0.3303843,0
img_00012_p05_2023,1.0,0.9151971,1
img_00012_p06_2023,1.0,0.14195938,0
img_00113_p01_2023,1.0,0.63682425,0
img_00113_p02_2023,1.0,0.9778263,1
img_00113_p03_2023,1.0,0.885493,1
img_00113_p04_2023,1.0,0.79696953,1
img_00065_p01_2023,1.0,0.99854946,1
img_00065_p02_2023,1.0,0.7908875,1
img_00065_p03_2023,1.0,0.99891883,1
img_00065_p04_2023,1.0,0.92565095,1
img_00065_p05_2023,1.0,0.99695367,1
img_00065_p06_2023,1.0,0.9714303,1
img_00190_2023,1.0,0.32388002,0
img_00204_2023,1.0,0.15546033,0
img_00192_2023,1.0,0.7189918,0
img_00205_2023,1.0,0.72590363,1
img_00151_p03_2023,1.0,0.9910196,1
img_00151_p06_2023,1.0,0.9919294,1
img_00152_p01_2023,1.0,0.6204333,0
img_00152_p02_2023,1.0,0.9613472,1
img_00152_p03_2023,1.0,0.9931103,1
img_00152_p04_2023,1.0,0.99114,1
img_00208_2023,1.0,0.7990385,1
img_00194_p01_2023,1.0,0.97097576,1
img_00194_p02_2023,1.0,0.9567016,1
img_00228_2023,1.0,0.65069646,0
img_00231_2023,1.0,0.72913134,1
img_00229_2023,1.0,0.6485518,0
img_00230_2023,1.0,0.98797226,1
img_00227_2023,1.0,0.8918066,1
img_00240_2023,1.0,0.8393482,1
img_00239_2023,1.0,0.184552,0
img_00242_2023,1.0,0.6715797,0
img_00238_2023,1.0,0.7985403,1
img_00244_2023,1.0,0.98682386,1
img_00241_2023,1.0,0.58798677,0
img_00243_2023,1.0,0.7405904,1
img_00247_2023,1.0,0.09201831,0
img_00246_2023,1.0,0.6840672,0
img_00245_2023,1.0,0.32933307,0
img_00253_2023,1.0,0.8414998,1
img_00252_2023,1.0,0.843801,1
img_00251_2023,1.0,0.42469397,0
img_00248_2023,1.0,0.6731616,0
img_00258_2023,1.0,0.82956755,1
img_00257_2023,1.0,0.9956862,1
img_00261_2023,1.0,0.5037643,0
img_00267_2023,1.0,0.75111485,1
img_00263_2023,1.0,0.7177511,0
img_00265_2023,1.0,0.8135637,1
img_00266_2023,1.0,0.9960186,1
img_00259_2023,1.0,0.105753325,0
img_00268_2023,1.0,0.25851673,0
img_00269_2023,1.0,0.07011143,0
img_00256_p01_2023,1.0,0.9991026,1
img_00262_2023,1.0,0.8770153,1
img_00274_2023,1.0,0.7587539,1
img_00278_2023,1.0,0.9236428,1
img_00275_2023,1.0,0.5957982,0
img_00279_2023,1.0,0.7636918,1
img_00281_2023,1.0,0.82278425,1
img_00280_2023,1.0,0.9421361,1
img_00283_2023,1.0,0.71624136,0
img_00271_p01_2023,1.0,0.79148597,1
img_00271_p02_2023,1.0,0.99908525,1
img_00284_2023,1.0,0.97147036,1
img_00282_2023,1.0,0.91050017,1
img_00272_2023,1.0,0.92949945,1
img_00277_2023,1.0,0.9874443,1
img_00287_2023,1.0,0.9944919,1
img_00276_2023,1.0,0.93313724,1
img_00292_2023,1.0,0.99910355,1
img_00300_2023,1.0,0.99188554,1
img_00302_2023,1.0,0.66617477,0
img_00097_p04_2023,1.0,0.8542062,1
img_00097_p05_2023,1.0,0.64336544,0
img_00097_p07_2023,1.0,0.99328643,1
img_00097_p08_2023,1.0,0.94917405,1
img_00097_p09_2023,1.0,0.7736937,1
img_00310_2023,1.0,0.026888484,0
img_00316_2023,1.0,0.48083448,0
img_00318_2023,1.0,0.9459572,1
img_00294_p01_2023,1.0,0.9506524,1
img_00294_p02_2023,1.0,0.99148035,1
img_00288_p01_2023,1.0,0.95324916,1
img_00288_p02_2023,1.0,0.9581987,1
img_00322_2023,1.0,0.53807986,0
img_00326_2023,1.0,0.21089132,0
img_00320_2023,1.0,0.9959156,1
img_00286_p01_2023,1.0,0.8872057,1
img_00286_p02_2023,1.0,0.36960995,0
img_00286_p03_2023,1.0,0.87805206,1
img_00286_p04_2023,1.0,0.98746014,1
img_00333_2023,1.0,0.99611187,1
img_00327_2023,1.0,0.33116293,0
img_00330_2023,1.0,0.8707474,1
img_00331_2023,1.0,0.5706809,0
img_00339_2023,1.0,0.34663808,0
img_00335_2023,1.0,0.6631352,0
img_00342_2023,1.0,0.9689146,1
img_00340_2023,1.0,0.024616668,0
img_00315_p01_2023,1.0,0.19431494,0
img_00315_p02_2023,1.0,0.99675035,1
img_00336_2023,1.0,0.6228808,0
img_00350_2023,1.0,0.77766514,1
img_00347_2023,1.0,0.61634743,0
img_00344_2023,1.0,0.9915082,1
img_00353_2023,1.0,0.9925388,1
img_00352_2023,1.0,0.9471483,1
img_00354_2023,1.0,0.9962114,1
img_00360_2023,1.0,0.9552048,1
img_00351_2023,1.0,0.99777746,1
img_00355_2023,1.0,0.9795691,1
img_00359_2023,1.0,0.99257165,1
img_00362_2023,1.0,0.769884,1
img_00357_2023,1.0,0.56228864,0
img_00364_2023,1.0,0.953304,1
img_00358_2023,1.0,0.25031894,0
img_00374_2023,1.0,0.8976121,1
img_00375_2023,1.0,0.59543467,0
img_00363_2023,1.0,0.9104845,1
img_00377_2023,1.0,0.13436434,0
img_00385_2023,1.0,0.8457309,1
img_00381_2023,1.0,0.9549171,1
img_00383_2023,1.0,0.9460139,1
img_00389_2023,1.0,0.82100993,1
img_00372_2023,1.0,0.20719223,0
img_00390_2023,1.0,0.737068,1
img_00348_p01_2023,1.0,0.51407886,0
img_00348_p02_2023,1.0,0.89885986,1
img_00395_2023,1.0,0.035157986,0
img_00397_2023,1.0,0.95888615,1
img_00396_2023,1.0,0.9548294,1
img_00388_p01_2023,1.0,0.44723582,0
img_00388_p02_2023,1.0,0.8412341,1
img_00401_2023,1.0,0.5967724,0
img_00407_2023,1.0,0.7252947,1
img_00405_2023,1.0,0.95077646,1
img_00403_2023,1.0,0.5388359,0
img_00409_2023,1.0,0.57241476,0
img_00410_2023,1.0,0.9089017,1
img_00412_2023,1.0,0.7155722,0
img_00408_2023,1.0,0.97624195,1
img_00411_2023,1.0,0.98294353,1
img_00413_2023,1.0,0.431629,0
img_00414_2023,1.0,0.34041438,0
img_00406_2023,1.0,0.96324193,1
img_00416_2023,1.0,0.7339629,1
img_00417_2023,1.0,0.6183219,0
img_00418_2023,1.0,0.8499876,1
img_00402_p01_2023,1.0,0.9809486,1
img_00402_p02_2023,1.0,0.9898823,1
img_00420_2023,1.0,0.9904133,1
img_00380_p01_2023,1.0,0.99449795,1
img_00380_p02_2023,1.0,0.97757876,1
img_00380_p03_2023,1.0,0.9963676,1
img_00380_p04_2023,1.0,0.9962099,1
img_00424_2023,1.0,0.8825693,1
img_00426_2023,1.0,0.7537331,1
img_00425_2023,1.0,0.7628834,1
img_00432_2023,1.0,0.8828198,1
img_00429_2023,1.0,0.5526508,0
img_00433_2023,1.0,0.7235614,1
img_00438_2023,1.0,0.59237397,0
img_00428_2023,1.0,0.9808197,1
img_00437_2023,1.0,0.8834842,1
img_00440_2023,1.0,0.96359617,1
img_00441_2023,1.0,0.88489926,1
img_00436_2023,1.0,0.41250882,0
img_00442_2023,1.0,0.41218695,0
img_00446_2023,1.0,0.19315365,0
img_00321_p01_2023,1.0,0.96751773,1
img_00321_p02_2023,1.0,0.9741222,1
img_00321_p03_2023,1.0,0.99640256,1
img_00321_p04_2023,1.0,0.8516518,1
img_00321_p05_2023,1.0,0.990411,1
img_00321_p06_2023,1.0,0.951577,1
img_00439_2023,1.0,0.99526185,1
img_00445_2023,1.0,0.25962678,0
img_00443_2023,1.0,0.7980444,1
img_00450_2023,1.0,0.887296,1
img_00452_2023,1.0,0.468398,0
img_00447_2023,1.0,0.5602897,0
img_00451_2023,1.0,0.14175378,0
img_00456_2023,1.0,0.950457,1
img_00458_2023,1.0,0.9601014,1
img_00455_2023,1.0,0.67738354,0
img_00457_2023,1.0,0.9931024,1
img_00463_2023,1.0,0.3127784,0
img_00349_p01_2023,1.0,0.9912096,1
img_00349_p02_2023,1.0,0.9870105,1
img_00349_p03_2023,1.0,0.95851266,1
img_00349_p04_2023,1.0,0.9776775,1
img_00349_p05_2023,1.0,0.9789626,1
img_00467_2023,1.0,0.8922585,1
img_00464_2023,1.0,0.99762535,1
img_00466_2023,1.0,0.9963913,1
img_00468_2023,1.0,0.8835778,1
img_00475_2023,1.0,0.30741718,0
img_00478_2023,1.0,0.3566246,0
img_00477_2023,1.0,0.95222604,1
img_00473_2023,1.0,0.9369079,1
img_00479_2023,1.0,0.3363607,0
img_00435_p01_2023,1.0,0.97391665,1
img_00435_p02_2023,1.0,0.9952866,1
img_00435_p03_2023,1.0,0.973046,1
img_00435_p04_2023,1.0,0.9863545,1
img_00482_2023,1.0,0.5546075,0
img_00483_2023,1.0,0.611483,0
img_00481_2023,1.0,0.19781141,0
img_00487_2023,1.0,0.38587418,0
img_00491_2023,1.0,0.7819296,1
img_00490_2023,1.0,0.90442914,1
img_00488_2023,1.0,0.8993548,1
img_00489_2023,1.0,0.8364563,1
img_00497_2023,1.0,0.5594013,0
img_00419_p01_2023,1.0,0.9977617,1
img_00419_p02_2023,1.0,0.9879734,1
img_00419_p03_2023,1.0,0.9781109,1
img_00419_p04_2023,1.0,0.92702407,1
img_00419_p05_2023,1.0,0.96932256,1
img_00419_p06_2023,1.0,0.9942257,1
img_00501_2023,1.0,0.8791133,1
img_00508_2023,1.0,0.08530478,0
img_00449_p01_2023,1.0,0.9966248,1
img_00449_p02_2023,1.0,0.9971384,1
img_00449_p03_2023,1.0,0.99883157,1
img_00449_p04_2023,1.0,0.9974782,1
img_00511_2023,1.0,0.42460257,0
img_00513_2023,1.0,0.08396385,0
img_00516_2023,1.0,0.7673372,1
img_00518_2023,1.0,0.5407178,0
img_00517_2023,1.0,0.91142195,1
img_00404_p01_2023,1.0,0.9864751,1
img_00404_p02_2023,1.0,0.9949583,1
img_00404_p03_2023,1.0,0.977533,1
img_00404_p04_2023,1.0,0.97471046,1
img_00404_p05_2023,1.0,0.9853449,1
img_00404_p06_2023,1.0,0.9925397,1
img_00404_p07_2023,1.0,0.9941314,1
img_00404_p08_2023,1.0,0.99679023,1
img_00519_2023,1.0,0.9171521,1
img_00521_2023,1.0,0.38827646,0
img_00485_p01_2023,1.0,0.98297375,1
img_00485_p02_2023,1.0,0.9636102,1
img_00485_p03_2023,1.0,0.94384605,1
img_00485_p04_2023,1.0,0.9966033,1
img_00522_2023,1.0,0.4501373,0
img_00524_2023,1.0,0.15006915,0
img_00528_2023,1.0,0.08369939,0
img_00529_2023,1.0,0.11784303,0
img_00532_2023,1.0,0.8996245,1
img_00534_2023,1.0,0.9904953,1
img_00539_2023,1.0,0.5645013,0
img_00535_2023,1.0,0.476813,0
img_00540_2023,1.0,0.57969916,0
img_00537_2023,1.0,0.9919697,1
img_00474_p01_2023,1.0,0.8749987,1
img_00474_p03_2023,1.0,0.5796551,0
img_00474_p04_2023,1.0,0.99033004,1
img_00474_p05_2023,1.0,0.98475724,1
img_00474_p06_2023,1.0,0.9974042,1
img_00474_p07_2023,1.0,0.9960295,1
img_00541_2023,1.0,0.19693296,0
img_00544_2023,1.0,0.3184634,0
img_00546_2023,1.0,0.9777058,1
img_00543_2023,1.0,0.9912214,1
img_00545_2023,1.0,0.3955911,0
img_00533_p01_2023,1.0,0.94278926,1
img_00533_p02_2023,1.0,0.9986764,1
img_00549_2023,1.0,0.85346377,1
img_00552_2023,1.0,0.09263177,0
img_00551_2023,1.0,0.501104,0
img_00550_2023,1.0,0.85411566,1
img_00555_2023,1.0,0.61054087,0
img_00556_2023,1.0,0.47358075,0
img_00559_2023,1.0,0.71182144,0
img_00558_2023,1.0,0.14400926,0
img_00557_2023,1.0,0.80719966,1
img_00553_2023,1.0,0.99840325,1
img_00560_2023,1.0,0.81211823,1
img_00566_2023,1.0,0.37266508,0
img_00526_p01_2023,1.0,0.9721817,1
img_00526_p02_2023,1.0,0.9210831,1
img_00526_p03_2023,1.0,0.41596717,0
img_00526_p04_2023,1.0,0.96241605,1
img_00568_2023,1.0,0.16571274,0
img_00567_2023,1.0,0.22791767,0
img_00570_2023,1.0,0.59666276,0
img_00538_p01_2023,1.0,0.9973364,1
img_00538_p02_2023,1.0,0.9996275,1
img_00538_p03_2023,1.0,0.99823856,1
img_00538_p04_2023,1.0,0.99687576,1
img_00573_2023,1.0,0.45774245,0
img_00572_2023,1.0,0.65783405,0
img_00580_2023,1.0,0.30959943,0
img_00564_2023,1.0,0.9967822,1
img_00575_2023,1.0,0.8987833,1
img_00578_2023,1.0,0.9817274,1
img_00581_2023,1.0,0.5803231,0
img_00589_2023,1.0,0.9403448,1
img_00591_2023,1.0,0.9810383,1
img_00592_2023,1.0,0.9898547,1
img_00585_2023,1.0,0.9986264,1
img_00542_p01_2023,1.0,0.8685193,1
img_00542_p03_2023,1.0,0.8064829,1
img_00542_p04_2023,1.0,0.86789405,1
img_00598_2023,1.0,0.30542722,0
img_00599_2023,1.0,0.90351456,1
img_00596_2023,1.0,0.90301883,1
img_00604_2023,1.0,0.8022639,1
img_00606_2023,1.0,0.9091635,1
img_00609_2023,1.0,0.90116674,1
img_00615_2023,1.0,0.78769124,1
img_00619_2023,1.0,0.96677554,1
img_00616_2023,1.0,0.97435445,1
img_00515_p01_2023,1.0,0.9350995,1
img_00515_p02_2023,1.0,0.94300747,1
img_00515_p04_2023,1.0,0.9764972,1
img_00515_p05_2023,1.0,0.9975438,1
img_00515_p06_2023,1.0,0.97976524,1
img_00515_p07_2023,1.0,0.9156324,1
img_00515_p08_2023,1.0,0.9821636,1
img_00515_p09_2023,1.0,0.34106383,0
img_00621_2023,1.0,0.9934719,1
img_00620_2023,1.0,0.9293728,1
img_00622_2023,1.0,0.9858316,1
img_00626_2023,1.0,0.90911615,1
img_00623_2023,1.0,0.18311451,0
img_00624_2023,1.0,0.390359,0
img_00631_2023,1.0,0.058453143,0
img_00625_2023,1.0,0.94701254,1
img_00628_2023,1.0,0.66664135,0
img_00634_2023,1.0,0.9924676,1
img_00636_2023,1.0,0.96350974,1
img_00618_p01_2023,1.0,0.9955392,1
img_00618_p02_2023,1.0,0.8448013,1
img_00640_2023,1.0,0.9414447,1
img_00644_2023,1.0,0.8074889,1
img_00642_2023,1.0,0.85476434,1
img_00629_p01_2023,1.0,0.9838344,1
img_00629_p02_2023,1.0,0.85196495,1
img_00641_2023,1.0,0.7708386,1
img_00643_2023,1.0,0.8859023,1
img_00639_2023,1.0,0.96010286,1
img_00645_2023,1.0,0.58321536,0
img_00648_2023,1.0,0.32154936,0
img_00584_p01_2023,1.0,0.95123845,1
img_00584_p02_2023,1.0,0.9760386,1
img_00584_p03_2023,1.0,0.9966504,1
img_00584_p04_2023,1.0,0.8226272,1
img_00584_p05_2023,1.0,0.9755114,1
img_00584_p06_2023,1.0,0.94343024,1
img_00627_p01_2023,1.0,0.9986681,1
img_00627_p02_2023,1.0,0.9989611,1
img_00652_2023,1.0,0.97315425,1
img_00647_2023,1.0,0.75630206,1
img_00649_2023,1.0,0.33826828,0
img_00655_2023,1.0,0.98678815,1
img_00657_2023,1.0,0.43733478,0
img_00656_2023,1.0,0.5061899,0
img_00661_2023,1.0,0.9820102,1
img_00646_2023,1.0,0.5747105,0
img_00593_p01_2023,1.0,0.99343854,1
img_00593_p02_2023,1.0,0.9978569,1
img_00593_p03_2023,1.0,0.9985903,1
img_00593_p04_2023,1.0,0.9950474,1
img_00593_p05_2023,1.0,0.9996873,1
img_00593_p06_2023,1.0,0.99809885,1
img_00660_2023,1.0,0.46452036,0
img_00659_2023,1.0,0.94576967,1
img_00662_2023,1.0,0.99022883,1
img_00664_2023,1.0,0.95614415,1
img_00666_2023,1.0,0.83533764,1
img_00663_2023,1.0,0.21313408,0
img_00667_2023,1.0,0.4183777,0
img_00669_2023,1.0,0.9544137,1
img_00671_2023,1.0,0.9820615,1
img_00668_2023,1.0,0.73112404,1
img_00672_2023,1.0,0.35830522,0
img_00675_2023,1.0,0.90850765,1
img_00674_2023,1.0,0.88094676,1
img_00594_p02_2023,1.0,0.6595301,0
img_00594_p03_2023,1.0,0.99683017,1
img_00594_p04_2023,1.0,0.19657233,0
img_00594_p05_2023,1.0,0.99749625,1
img_00594_p06_2023,1.0,0.99745715,1
img_00594_p07_2023,1.0,0.98970985,1
img_00594_p08_2023,1.0,0.9957609,1
img_00676_2023,1.0,0.6938507,0
img_00665_2023,1.0,0.8162575,1
img_00679_2023,1.0,0.8414253,1
img_00677_2023,1.0,0.933673,1
img_00658_p01_2023,1.0,0.6266044,0
img_00658_p02_2023,1.0,0.66945094,0
img_00680_2023,1.0,0.6292129,0
img_00678_2023,1.0,0.4373704,0
img_00683_2023,1.0,0.46021643,0
img_00681_2023,1.0,0.9555092,1
img_00689_2023,1.0,0.886271,1
img_00686_2023,1.0,0.9588928,1
img_00687_2023,1.0,0.3660697,0
img_00691_2023,1.0,0.95705795,1
img_00692_2023,1.0,0.9307895,1
img_00684_2023,1.0,0.82110965,1
img_00638_p01_2023,1.0,0.9981635,1
img_00638_p02_2023,1.0,0.9900776,1
img_00638_p03_2023,1.0,0.99726135,1
img_00638_p04_2023,1.0,0.9963344,1
img_00685_2023,1.0,0.895017,1
img_00695_2023,1.0,0.90640867,1
img_00693_2023,1.0,0.9841033,1
img_00682_p01_2023,1.0,0.69517124,0
img_00682_p02_2023,1.0,0.95871556,1
img_00699_2023,1.0,0.9951418,1
img_00696_2023,1.0,0.8401365,1
img_00702_2023,1.0,0.090884335,0
img_00701_2023,1.0,0.9618642,1
img_00706_2023,1.0,0.9632697,1
img_00704_2023,1.0,0.96636546,1
img_00705_2023,1.0,0.9827441,1
img_00700_2023,1.0,0.47547874,0
img_00697_2023,1.0,0.9754969,1
img_00707_2023,1.0,0.9713539,1
img_00635_p01_2023,1.0,0.8898624,1
img_00635_p02_2023,1.0,0.9963358,1
img_00635_p03_2023,1.0,0.7362806,1
img_00635_p04_2023,1.0,0.7330006,1
img_00635_p05_2023,1.0,0.9564459,1
img_00635_p06_2023,1.0,0.9917866,1
img_00486_p01_2023,1.0,0.7572425,1
img_00486_p02_2023,1.0,0.99692124,1
img_00486_p04_2023,1.0,0.7559598,1
img_00486_p05_2023,1.0,0.9967321,1
img_00486_p06_2023,1.0,0.9993981,1
img_00486_p07_2023,1.0,0.99960595,1
img_00486_p08_2023,1.0,0.9640974,1
img_00486_p09_2023,1.0,0.98909533,1
img_00486_p10_2023,1.0,0.98972046,1
img_00486_p11_2023,1.0,0.999333,1
img_00486_p12_2023,1.0,0.9174448,1
img_00486_p13_2023,1.0,0.9060453,1
img_00486_p14_2023,1.0,0.98941785,1
img_00486_p15_2023,1.0,0.90700626,1
img_00713_2023,1.0,0.3799576,0
img_00711_2023,1.0,0.5048846,0
img_00714_2023,1.0,0.6904765,0
img_00712_2023,1.0,0.09558782,0
img_00715_2023,1.0,0.8481967,1
img_00716_2023,1.0,0.70555186,0
img_00708_2023,1.0,0.9261799,1
img_00710_2023,1.0,0.6837119,0
img_00718_2023,1.0,0.95949477,1
img_00688_p01_2023,1.0,0.96589434,1
img_00688_p02_2023,1.0,0.9479353,1
img_00726_2023,1.0,0.9751356,1
img_00722_2023,1.0,0.60535973,0
img_00723_2023,1.0,0.14399628,0
img_00721_2023,1.0,0.92692167,1
img_00720_2023,1.0,0.9933712,1
img_00725_2023,1.0,0.3327518,0
img_00728_2023,1.0,0.9535073,1
img_00730_2023,1.0,0.7478042,1
img_00612_p04_2023,1.0,0.99636155,1
img_00612_p05_2023,1.0,0.9979986,1
img_00612_p06_2023,1.0,0.3759448,0
img_00612_p07_2023,1.0,0.998625,1
img_00612_p08_2023,1.0,0.99824256,1
img_00612_p09_2023,1.0,0.028585622,0
img_00719_2023,1.0,0.96898,1
img_00729_2023,1.0,0.22553892,0
img_00734_2023,1.0,0.7252998,1
img_00731_2023,1.0,0.7406199,1
img_00735_2023,1.0,0.78937376,1
img_00733_2023,1.0,0.56151456,0
img_00737_2023,1.0,0.611995,0
img_00732_2023,1.0,0.99951255,1
img_00736_2023,1.0,0.93308926,1
img_00026_p01_2023,1.0,0.97316325,1
img_00026_p02_2023,1.0,0.99143726,1
img_00026_p03_2023,1.0,0.9398796,1
img_00026_p04_2023,1.0,0.91722167,1
img_00026_p05_2023,1.0,0.9998781,1
img_00026_p06_2023,1.0,0.6992663,0
img_00026_p07_2023,1.0,0.99499017,1
img_00026_p08_2023,1.0,0.9982888,1
img_00026_p09_2023,1.0,0.9992677,1
img_00026_p10_2023,1.0,0.9993246,1
img_00026_p11_2023,1.0,0.998223,1
img_00026_p12_2023,1.0,0.9965868,1
img_00026_p13_2023,1.0,0.9992975,1
img_00026_p14_2023,1.0,0.9994787,1
img_00026_p15_2023,1.0,0.99466115,1
img_00026_p16_2023,1.0,0.9996606,1
img_00026_p17_2023,1.0,0.62624663,0
img_00026_p18_2023,1.0,0.8621253,1
img_00026_p19_2023,1.0,0.9874052,1
img_00026_p20_2023,1.0,0.99864006,1
img_00026_p21_2023,1.0,0.9544114,1
img_00026_p24_2023,1.0,0.98773956,1
img_00026_p25_2023,1.0,0.99934256,1
img_00738_2023,1.0,0.5241184,0
img_00717_p01_2023,1.0,0.24052286,0
img_00717_p02_2023,1.0,0.50736994,0
img_00743_2023,1.0,0.46407494,0
img_00739_2023,1.0,0.43902856,0
img_00740_2023,1.0,0.73726916,1
img_00744_2023,1.0,0.9954766,1
img_00741_2023,1.0,0.9629059,1
img_00742_2023,1.0,0.8885937,1
img_00746_2023,1.0,0.92796314,1
img_00747_2023,1.0,0.9132864,1
img_00745_2023,1.0,0.30414778,0
img_00749_2023,1.0,0.9844122,1
img_00670_p01_2023,1.0,0.7884467,1
img_00670_p02_2023,1.0,0.8015815,1
img_00670_p03_2023,1.0,0.97986954,1
img_00670_p04_2023,1.0,0.98721915,1
img_00670_p05_2023,1.0,0.99757195,1
img_00670_p06_2023,1.0,0.91877997,1
img_00752_2023,1.0,0.19085827,0
img_00750_2023,1.0,0.907194,1
img_00748_2023,1.0,0.59565175,0
img_00751_2023,1.0,0.9484213,1
img_00727_p01_2023,1.0,0.9750158,1
img_00727_p02_2023,1.0,0.9949808,1
img_00754_2023,1.0,0.14566018,0
img_00758_2023,1.0,0.17746022,0
img_00756_2023,1.0,0.9566425,1
img_00764_2023,1.0,0.187281,0
img_00690_p01_2023,1.0,0.99848604,1
img_00690_p02_2023,1.0,0.9977368,1
img_00690_p03_2023,1.0,0.994685,1
img_00690_p04_2023,1.0,0.9987407,1
img_00765_2023,1.0,0.84658164,1
img_00759_2023,1.0,0.3894854,0
img_00762_2023,1.0,0.5993631,0
img_00770_2023,1.0,0.9056719,1
img_00773_2023,1.0,0.17443201,0
img_00769_2023,1.0,0.5603544,0
img_00771_2023,1.0,0.811041,1
img_00772_2023,1.0,0.70520306,0
img_00775_2023,1.0,0.8880507,1
img_00776_2023,1.0,0.9964541,1
img_00784_2023,1.0,0.77761227,1
img_00761_2023,1.0,0.025715986,0
img_00777_2023,1.0,0.8307439,1
img_00787_2023,1.0,0.8135306,1
img_00778_2023,1.0,0.88045967,1
img_00768_p01_2023,1.0,0.95185614,1
img_00768_p02_2023,1.0,0.92855054,1
img_00798_2023,0.0,0.0057222666,0
img_00799_2023,0.0,0.003978722,0
img_00802_2023,0.0,0.0044466048,0
img_00800_2023,0.0,0.008032185,0
img_00811_2023,0.0,0.016902953,0
img_00803_2023,0.0,0.0038472065,0
img_00724_p01_2023,1.0,0.9822594,1
img_00724_p02_2023,1.0,0.7213793,0
img_00724_p03_2023,1.0,0.6971835,0
img_00724_p04_2023,1.0,0.99534684,1
img_00805_2023,0.0,0.035461597,0
img_00809_2023,0.0,0.10471133,0
img_00804_2023,0.0,0.010167448,0
img_00808_2023,0.0,0.078317985,0
img_00806_2023,0.0,0.0724212,0
img_00816_2023,0.0,0.01501776,0
img_00810_2023,0.0,0.005332817,0
img_00820_2023,0.0,0.0025208318,0
img_00821_2023,0.0,0.3492863,0
img_00822_2023,0.0,0.0019314326,0
img_00826_2023,0.0,0.010593189,0
img_00825_2023,0.0,0.0063493266,0
img_00830_2023,0.0,0.15509817,0
img_00833_2023,0.0,0.024485497,0
img_00831_2023,0.0,0.0055214213,0
img_00827_2023,0.0,0.003193833,0
img_00837_2023,0.0,0.0054055834,0
img_00836_2023,0.0,0.0068314164,0
img_00842_2023,0.0,0.023497831,0
img_00840_2023,0.0,0.0018039007,0
img_00841_2023,0.0,0.014827339,0
img_00847_2023,0.0,0.003300447,0
img_00852_2023,0.0,0.023320036,0
img_00849_2023,0.0,0.015102546,0
img_00853_2023,0.0,0.022311635,0
img_00851_2023,0.0,0.0016748712,0
img_00855_2023,0.0,0.0020412584,0
img_00786_p01_2023,1.0,0.9824524,1
img_00786_p02_2023,1.0,0.980163,1
img_00786_p03_2023,1.0,0.98771363,1
img_00786_p04_2023,1.0,0.9938842,1
img_00857_2023,0.0,0.003383803,0
img_00863_2023,0.0,0.0024101306,0
img_00864_2023,0.0,0.006888997,0
img_00866_2023,0.0,0.014295464,0
img_00870_2023,0.0,0.0013276363,0
img_00869_2023,0.0,0.052158516,0
img_00873_2023,0.0,0.013884085,0
img_00861_2023,0.0,0.017590255,0
img_00871_2023,0.0,0.004389039,0
img_00876_2023,0.0,0.0018127386,0
img_00813_p01_2023,0.0,0.005141984,0
img_00813_p02_2023,0.0,0.007867607,0
img_00813_p03_2023,0.0,0.0066146054,0
img_00813_p04_2023,0.0,0.0036561512,0
img_00874_2023,0.0,0.017539749,0
img_00880_2023,0.0,0.0021500313,0
img_00834_p01_2023,0.0,0.0018169505,0
img_00834_p04_2023,0.0,0.004754859,0
img_00883_2023,0.0,0.016212706,0
img_00848_p01_2023,0.0,0.0055602244,0
img_00848_p02_2023,0.0,0.002257861,0
img_00848_p03_2023,0.0,0.002380977,0
img_00848_p04_2023,0.0,0.002599755,0
img_00885_2023,0.0,0.003803264,0
img_00879_2023,0.0,0.008742748,0
img_00884_2023,0.0,0.0022502884,0
img_00881_2023,0.0,0.3864557,0
img_00889_2023,0.0,0.013419984,0
img_00818_p01_2023,0.0,0.018584715,0
img_00818_p02_2023,0.0,0.08660715,0
img_00818_p03_2023,0.0,0.025110686,0
img_00818_p04_2023,0.0,0.0055271983,0
img_00896_2023,0.0,0.0064019314,0
img_00878_p01_2023,0.0,0.0773114,0
img_00878_p02_2023,0.0,0.030546587,0
img_00824_p04_2023,0.0,0.0031737466,0
img_00824_p05_2023,0.0,0.023911765,0
img_00891_2023,0.0,0.002269182,0
img_00900_2023,0.0,0.0028025773,0
img_00914_2023,0.0,0.012653617,0
img_00911_2023,0.0,0.0012654423,0
img_00902_2023,0.0,0.002850608,0
img_00906_2023,0.0,0.009332808,0
img_00903_2023,0.0,0.0013247364,0
img_00913_2023,0.0,0.0042197057,0
img_00908_2023,0.0,0.0028133844,0
img_00910_2023,0.0,0.01348258,0
img_00916_2023,0.0,0.019037021,0
img_00918_2023,0.0,0.009416756,0
img_00922_2023,0.0,0.022170551,0
img_00872_p02_2023,0.0,0.0074931765,0
img_00872_p04_2023,0.0,0.005870665,0
img_00905_p01_2023,0.0,0.018885622,0
img_00905_p02_2023,0.0,0.08773675,0
img_00928_2023,0.0,0.0152636245,0
img_00931_2023,0.0,0.0074723824,0
img_00926_2023,0.0,0.008796222,0
img_00909_p03_2023,0.0,0.05294124,0
img_00886_p01_2023,0.0,0.039991967,0
img_00886_p02_2023,0.0,0.009835223,0
img_00886_p03_2023,0.0,0.039463922,0
img_00886_p04_2023,0.0,0.00822808,0
img_00925_2023,0.0,0.0022404795,0
img_00935_2023,0.0,0.0038197231,0
img_00934_2023,0.0,0.0056744036,0
img_00936_2023,0.0,0.002231207,0
img_00939_2023,0.0,0.04430574,0
img_00930_2023,0.0,0.009286687,0
img_00941_2023,0.0,0.019846395,0
img_00944_2023,0.0,0.0017551966,0
img_00940_2023,0.0,0.008851175,0
img_00953_2023,0.0,0.002650148,0
img_00955_2023,0.0,0.009336591,0
img_00952_2023,0.0,0.010367153,0
img_00958_2023,0.0,0.009136962,0
img_00959_2023,0.0,0.02612871,0
img_00957_2023,0.0,0.006760508,0
img_00961_2023,0.0,0.009389974,0
img_00962_2023,0.0,0.0041393535,0
img_00956_2023,0.0,0.0066229342,0
img_00964_2023,0.0,0.30797416,0
img_00965_2023,0.0,0.0058675287,0
img_00975_2023,0.0,0.01064117,0
img_00976_2023,0.0,0.7266005,1
img_00972_2023,0.0,0.001093873,0
img_00978_2023,0.0,0.19139513,0
img_00632_p02_2023,1.0,0.50551283,0
img_00632_p09_2023,1.0,0.5964132,0
img_00632_p10_2023,1.0,0.9837406,1
img_00632_p11_2023,1.0,0.99901026,1
img_00632_p12_2023,1.0,0.92074645,1
img_00632_p14_2023,1.0,0.997472,1
img_00632_p15_2023,1.0,0.99082154,1
img_00632_p16_2023,1.0,0.9965869,1
img_00632_p17_2023,1.0,0.9946809,1
img_00632_p18_2023,1.0,0.0099327285,0
img_00963_p01_2023,0.0,0.032723337,0
img_00963_p02_2023,0.0,0.0077033704,0
img_00981_2023,0.0,0.016860208,0
img_00971_2023,0.0,0.016977686,0
img_00973_2023,0.0,0.004488579,0
img_00984_2023,0.0,0.054622672,0
img_00983_2023,0.0,0.010964565,0
img_00988_2023,0.0,0.24504001,0
img_00990_2023,0.0,0.044273652,0
img_00991_2023,0.0,0.004919852,0
img_00992_2023,0.0,0.04430165,0
img_00995_2023,0.0,0.045655914,0
img_00993_2023,0.0,0.01286184,0
img_00998_2023,0.0,0.5834832,0
img_00985_2023,0.0,0.0069784275,0
img_00996_2023,0.0,0.011807668,0
img_00949_p03_2023,0.0,0.0032977697,0
img_00949_p04_2023,0.0,0.012403878,0
img_01002_2023,0.0,0.0009596657,0
img_01005_2023,0.0,0.033772193,0
img_01003_2023,0.0,0.45468765,0
img_01014_2023,0.0,0.050345875,0
img_01009_2023,0.0,0.016344976,0
img_01015_2023,0.0,0.00196907,0
img_01013_2023,0.0,0.0018472936,0
img_01020_2023,0.0,0.0023988152,0
img_01016_2023,0.0,0.0056765596,0
img_01019_2023,0.0,0.007556041,0
img_01021_2023,0.0,0.001627214,0
img_01018_2023,0.0,0.006634023,0
img_00967_p01_2023,0.0,0.0016294218,0
img_00967_p02_2023,0.0,0.0029207687,0
img_00967_p03_2023,0.0,0.0016617548,0
img_00967_p04_2023,0.0,0.11962433,0
img_01025_2023,0.0,0.00832158,0
img_01023_2023,0.0,0.0036685008,0
img_01031_2023,0.0,0.006530361,0
img_01028_2023,0.0,0.09606209,0
img_01034_2023,0.0,0.0047364603,0
img_01033_2023,0.0,0.006975594,0
img_01035_2023,0.0,0.00133213,0
img_01038_2023,0.0,0.0028644367,0
img_00954_p01_2023,0.0,0.002262975,0
img_00954_p02_2023,0.0,0.004717148,0
img_00954_p03_2023,0.0,0.0020794962,0
img_00954_p04_2023,0.0,0.0018756647,0
img_01027_2023,0.0,0.021822646,0
img_01041_2023,0.0,0.0065425774,0
img_01044_2023,0.0,0.018120274,0
img_01045_2023,0.0,0.0043805325,0
img_01051_2023,0.0,0.0021897368,0
img_01053_2023,0.0,0.0036204183,0
img_01043_2023,0.0,0.002191391,0
img_01054_2023,0.0,0.017028617,0
img_01049_2023,0.0,0.0070701065,0
img_01030_p01_2023,0.0,0.076839104,0
img_01030_p02_2023,0.0,0.08022632,0
img_01055_2023,0.0,0.0013293704,0
img_01062_2023,0.0,0.0058946805,0
img_01064_2023,0.0,0.011694749,0
img_01065_2023,0.0,0.0045742965,0
img_01066_2023,0.0,0.09288885,0
img_01071_2023,0.0,0.005346476,0
img_01075_2023,0.0,0.0008528158,0
img_01077_2023,0.0,0.3244752,0
img_01073_2023,0.0,0.019829087,0
img_01074_2023,0.0,0.007813309,0
img_01079_2023,0.0,0.002419503,0
img_01080_2023,0.0,0.0041538207,0
img_01082_2023,0.0,0.02399518,0
img_01084_2023,0.0,0.001020436,0
img_01085_2023,0.0,0.006328763,0
img_01088_2023,0.0,0.020510528,0
img_01063_2023,0.0,0.0017128056,0
img_01081_2023,0.0,0.0029115546,0
img_01089_2023,0.0,0.0055723162,0
img_01086_2023,0.0,0.0049498915,0
img_01094_2023,0.0,0.01807258,0
img_01092_2023,0.0,0.05557487,0
img_01087_2023,0.0,0.03962974,0
img_01098_2023,0.0,0.0045769247,0
img_01100_2023,0.0,0.0015508769,0
img_01069_p01_2023,0.0,0.0012343063,0
img_01069_p02_2023,0.0,0.0025686226,0
img_01102_2023,0.0,0.011453305,0
img_01101_2023,0.0,0.0062524034,0
img_01108_2023,0.0,0.0028496634,0
img_01107_2023,0.0,0.022262031,0
img_01103_2023,0.0,0.0065893778,0
img_01112_2023,0.0,0.0037261725,0
img_01117_2023,0.0,0.13410845,0
img_01119_2023,0.0,0.012212989,0
img_01118_2023,0.0,0.109358385,0
img_01122_2023,0.0,0.012988712,0
img_01124_2023,0.0,0.0030157864,0
img_01039_p01_2023,0.0,0.017156666,0
img_01039_p02_2023,0.0,0.021208184,0
img_01039_p04_2023,0.0,0.05563321,0
img_01128_2023,0.0,0.009020744,0
img_01127_2023,0.0,0.025278633,0
img_01123_2023,0.0,0.0027443778,0
img_01125_2023,0.0,0.005567315,0
img_01126_2023,0.0,0.0030478148,0
img_01133_2023,0.0,0.016769938,0
img_01137_2023,0.0,0.0077775293,0
img_01141_2023,0.0,0.010272275,0
img_01143_2023,0.0,0.020417204,0
img_01142_2023,0.0,0.004507193,0
img_01145_2023,0.0,0.0037387349,0
img_01140_2023,0.0,0.03289835,0
img_01152_2023,0.0,0.0055455575,0
img_01148_2023,0.0,0.00083679694,0
img_01144_2023,0.0,0.009798917,0
img_01155_2023,0.0,0.001991168,0
img_01159_2023,0.0,0.002417356,0
img_01156_2023,0.0,0.012064693,0
img_01160_2023,0.0,0.0030456681,0
img_01134_p01_2023,0.0,0.00876125,0
img_01134_p02_2023,0.0,0.007495478,0
img_01161_2023,0.0,0.017022321,0
img_01164_2023,0.0,0.011177769,0
img_01170_2023,0.0,0.00986195,0
img_01136_2023,0.0,0.0038714302,0
img_01173_2023,0.0,0.012139811,0
img_01167_2023,0.0,0.10508597,0
img_01178_2023,0.0,0.018580664,0
img_01177_2023,0.0,0.014759047,0
img_01179_2023,0.0,0.011398186,0
img_01168_2023,0.0,0.027163317,0
img_01183_2023,0.0,0.0075403154,0
img_01186_2023,0.0,0.0024078444,0
img_01175_2023,0.0,0.012166775,0
img_01182_2023,0.0,0.061471235,0
img_01181_2023,0.0,0.0021968968,0
img_01192_2023,0.0,0.0016856944,0
img_01190_2023,0.0,0.046024073,0
img_01197_2023,0.0,0.0015097993,0
img_01198_2023,0.0,0.007930001,0
img_01201_2023,0.0,0.017142609,0
img_01193_2023,0.0,0.00211548,0
img_01165_p01_2023,0.0,0.010292972,0
img_01165_p02_2023,0.0,0.0011207128,0
img_01196_2023,0.0,0.0077161617,0
img_01200_2023,0.0,0.003617507,0
img_01204_2023,0.0,0.008445764,0
img_01209_2023,0.0,0.0078062313,0
img_01212_2023,0.0,0.004313789,0
img_01205_2023,0.0,0.013725376,0
img_01210_2023,0.0,0.00214477,0
img_01220_2023,0.0,0.008413317,0
img_01213_2023,0.0,0.014049148,0
img_01218_2023,0.0,0.015126829,0
img_01215_2023,0.0,0.008594317,0
img_01216_2023,0.0,0.004608835,0
img_01217_2023,0.0,0.0010887615,0
img_01219_2023,0.0,0.0068777017,0
img_01222_2023,0.0,0.017008543,0
img_01221_2023,0.0,0.0055738892,0
img_01229_2023,0.0,0.009466521,0
img_01224_2023,0.0,0.0033494714,0
img_01195_p02_2023,0.0,0.005929963,0
img_01233_2023,0.0,0.0022482781,0
img_01231_2023,0.0,0.10047467,0
img_01236_2023,0.0,0.002979812,0
img_01238_2023,0.0,0.31314075,0
img_01214_p01_2023,0.0,0.0014794879,0
img_01214_p02_2023,0.0,0.008933228,0
img_01243_2023,0.0,0.07211523,0
img_01246_2023,0.0,0.0025843927,0
img_01244_2023,0.0,0.026412737,0
img_01248_2023,0.0,0.004442493,0
img_01254_2023,0.0,0.009076016,0
img_01257_2023,0.0,0.006513921,0
img_01258_2023,0.0,0.014262768,0
img_01249_2023,0.0,0.0061745313,0
img_01253_2023,0.0,0.0054427334,0
img_01247_2023,0.0,0.0026187138,0
img_01263_2023,0.0,0.012259102,0
img_01255_2023,0.0,0.004479018,0
img_01267_2023,0.0,0.026152143,0
img_01268_2023,0.0,0.0049159806,0
img_01269_2023,0.0,0.09657324,0
img_01271_2023,0.0,0.00329124,0
img_01273_2023,0.0,0.009266471,0
img_01275_2023,0.0,0.0041065835,0
img_01262_2023,0.0,0.023455588,0
img_01276_2023,0.0,0.008301834,0
img_01282_2023,0.0,0.02082618,0
img_01281_2023,0.0,0.03603462,0
img_01280_2023,0.0,0.010181355,0
img_01286_2023,0.0,0.011887533,0
img_01279_2023,0.0,0.00529704,0
img_01291_2023,0.0,0.008923184,0
img_01290_2023,0.0,0.002661761,0
img_01076_p01_2023,0.0,0.0035975396,0
img_01076_p02_2023,0.0,0.02768797,0
img_01076_p03_2023,0.0,0.019735103,0
img_01076_p04_2023,0.0,0.0003068593,0
img_01076_p05_2023,0.0,0.00024167362,0
img_01076_p06_2023,0.0,0.0034356355,0
img_01076_p07_2023,0.0,0.003219183,0
img_01076_p08_2023,0.0,0.0022523447,0
img_01076_p09_2023,0.0,0.009001958,0
img_01076_p10_2023,0.0,0.0062775784,0
img_01301_2023,0.0,0.004027775,0
img_01295_2023,0.0,0.3777453,0
img_01298_2023,0.0,0.018843595,0
img_01299_2023,0.0,0.007817986,0
img_01304_2023,0.0,0.001529138,0
img_01311_2023,0.0,0.100121036,0
img_01312_2023,0.0,0.009251114,0
img_01308_2023,0.0,0.0006124434,0
img_01316_2023,0.0,0.0014553827,0
img_01292_p01_2023,0.0,0.0067974245,0
img_01292_p02_2023,0.0,0.0011207642,0
img_01313_2023,0.0,0.019456591,0
img_01315_2023,0.0,0.0061518117,0
img_01310_2023,0.0,0.004677365,0
img_01321_2023,0.0,0.15977316,0
img_01317_2023,0.0,0.001074855,0
img_01302_p01_2023,0.0,0.011745386,0
img_01322_2023,0.0,0.0041256202,0
img_01289_p01_2023,0.0,0.036558904,0
img_01289_p02_2023,0.0,0.00071310776,0
img_01319_2023,0.0,0.011692864,0
img_01320_2023,0.0,0.0012936434,0
img_01328_2023,0.0,0.022275431,0
img_01323_2023,0.0,0.10672202,0
img_01327_2023,0.0,0.0019516761,0
img_01339_2023,0.0,0.021914534,0
img_01337_2023,0.0,0.012620082,0
img_01338_2023,0.0,0.0051013227,0
img_01341_2023,0.0,0.009184189,0
img_01332_2023,0.0,0.013548819,0
img_01343_2023,0.0,0.010623634,0
img_01334_2023,0.0,0.0024471493,0
img_01335_2023,0.0,0.0148336785,0
img_01318_p01_2023,0.0,0.025175458,0
img_01345_2023,0.0,0.06516963,0
img_01350_2023,0.0,0.024098158,0
img_01347_2023,0.0,0.0022295,0
img_01352_2023,0.0,0.0060845516,0
img_01355_2023,0.0,0.013960386,0
img_01358_2023,0.0,0.0066615306,0
img_01348_2023,0.0,0.013814253,0
img_01359_2023,0.0,0.01755364,0
img_01364_2023,0.0,0.0028291314,0
img_01360_2023,0.0,0.0074744164,0
img_01363_2023,0.0,0.0014982016,0
img_01368_2023,0.0,0.00844185,0
img_01354_2023,0.0,0.46302024,0
img_01353_2023,0.0,0.008137627,0
img_01351_2023,0.0,0.0037861012,0
img_01366_2023,0.0,0.002995989,0
img_01372_2023,0.0,0.0012917237,0
img_01374_2023,0.0,0.007733567,0
img_01367_2023,0.0,0.020058101,0
img_01370_2023,0.0,0.0452291,0
img_01369_2023,0.0,0.008105738,0
img_01356_2023,0.0,0.0031430884,0
img_01375_2023,0.0,0.0048243143,0
img_01380_2023,0.0,0.0024938672,0
img_01390_2023,0.0,0.020386722,0
img_01389_2023,0.0,0.013898629,0
img_01392_2023,0.0,0.028044531,0
img_01386_2023,0.0,0.0013095409,0
img_01393_2023,0.0,0.015697088,0
img_01396_2023,0.0,0.0047963983,0
img_01397_2023,0.0,0.005464112,0
img_01399_2023,0.0,0.07046801,0
img_01384_2023,0.0,0.0051792013,0
img_01398_2023,0.0,0.0021478976,0
img_01378_p02_2023,0.0,0.0023358776,0
img_01388_2023,0.0,0.015312383,0
img_01394_2023,0.0,0.12181263,0
img_01405_2023,0.0,0.0028333687,0
img_01402_2023,0.0,0.034312375,0
img_01404_2023,0.0,0.016072713,0
img_01412_2023,0.0,0.00307686,0
img_01413_2023,0.0,0.0076637305,0
img_01414_2023,0.0,0.0023807508,0
img_01408_2023,0.0,0.0045743207,0
img_01379_2023,0.0,0.009160089,0
img_01416_2023,0.0,0.06590639,0
img_01423_2023,0.0,0.0006019442,0
img_01418_2023,0.0,0.011909423,0
img_01417_2023,0.0,0.0021130787,0
img_01419_2023,0.0,0.012657029,0
img_01426_2023,0.0,0.008892317,0
img_01422_2023,0.0,0.018812016,0
img_01421_2023,0.0,0.007962627,0
img_01420_2023,0.0,0.04080014,0
img_01431_2023,0.0,0.6105393,0
img_01427_2023,0.0,0.011526417,0
img_01429_2023,0.0,0.05355214,0
img_01435_2023,0.0,0.006258263,0
img_01433_2023,0.0,0.0053218557,0
img_01442_2023,0.0,0.013669504,0
img_01425_2023,0.0,0.0075671775,0
img_01440_2023,0.0,0.019716319,0
img_01436_2023,0.0,0.008545351,0
img_01376_p01_2023,0.0,0.0057824496,0
img_01376_p03_2023,0.0,0.15810366,0
img_01376_p04_2023,0.0,0.06142322,0
img_01445_2023,0.0,0.0058394955,0
img_01443_2023,0.0,0.011179699,0
img_01441_2023,0.0,0.0026282717,0
img_01446_2023,0.0,0.016293863,0
img_01349_p01_2023,0.0,0.014348948,0
img_01349_p02_2023,0.0,0.0022166232,0
img_01349_p03_2023,0.0,0.012385572,0
img_01349_p04_2023,0.0,0.016016036,0
img_01377_p01_2023,0.0,0.1763321,0
img_01377_p02_2023,0.0,0.012785293,0
img_01377_p03_2023,0.0,0.020011727,0
img_01377_p04_2023,0.0,0.07349452,0
img_01377_p05_2023,0.0,0.030685645,0
img_01377_p06_2023,0.0,0.009473872,0
img_01452_2023,0.0,0.0008459297,0
img_01453_2023,0.0,0.014228526,0
img_01455_2023,0.0,0.0019848484,0
img_01449_2023,0.0,0.09644069,0
img_01448_2023,0.0,0.0046498785,0
img_01460_2023,0.0,0.007722798,0
img_01458_2023,0.0,0.006542823,0
img_01462_2023,0.0,0.014754986,0
img_01461_2023,0.0,0.0074231527,0
img_01464_2023,0.0,0.030897161,0
img_01463_2023,0.0,0.0014748343,0
img_01471_2023,0.0,0.14006975,0
img_01472_2023,0.0,0.0027414355,0
img_01465_2023,0.0,0.010951681,0
img_01469_2023,0.0,0.002636714,0
img_01475_2023,0.0,0.0154994745,0
img_01473_2023,0.0,0.035990246,0
img_01476_2023,0.0,0.003960865,0
img_01480_2023,0.0,0.042658783,0
img_01482_2023,0.0,0.0131055,0
img_01468_2023,0.0,0.2030901,0
img_01486_2023,0.0,0.0011609979,0
img_01478_2023,0.0,0.018507611,0
img_01474_2023,0.0,0.012743622,0
img_01479_2023,0.0,0.013798217,0
img_01487_2023,0.0,0.0036534176,0
img_01495_2023,0.0,0.0047799707,0
img_01481_2023,0.0,0.0031254229,0
img_01501_2023,0.0,0.009924734,0
img_01496_2023,0.0,0.00042063836,0
img_01503_2023,0.0,0.0012059251,0
img_01505_2023,0.0,0.009557566,0
img_01508_2023,0.0,0.01707916,0
img_01498_2023,0.0,0.0015776869,0
img_01499_2023,0.0,0.0055912724,0
img_01507_2023,0.0,0.03413652,0
img_01504_2023,0.0,0.004889048,0
img_01511_2023,0.0,0.019226935,0
img_01510_2023,0.0,0.0007971885,0
img_01502_2023,0.0,0.017423075,0
img_01489_p01_2023,0.0,0.015276146,0
img_01489_p02_2023,0.0,0.019295052,0
img_01515_2023,0.0,0.0023551602,0
img_01516_2023,0.0,0.023951853,0
img_01522_2023,0.0,0.04925073,0
img_01527_2023,0.0,0.008048027,0
img_01529_2023,0.0,0.0013473185,0
img_01521_2023,0.0,0.016400833,0
img_01526_2023,0.0,0.02905519,0
img_01533_2023,0.0,0.001670562,0
img_01537_2023,0.0,0.015795691,0
img_01540_2023,0.0,0.0008115166,0
img_01546_2023,0.0,0.010420745,0
img_01534_2023,0.0,0.0067214286,0
img_01544_2023,0.0,0.018218156,0
img_01542_2023,0.0,0.0044573154,0
img_01545_2023,0.0,0.017473074,0
img_01518_2023,0.0,0.0012737596,0
img_01553_2023,0.0,0.017851789,0
img_01555_2023,0.0,0.90939677,1
img_01547_2023,0.0,0.010890998,0
img_01557_2023,0.0,0.007419637,0
img_01558_2023,0.0,0.5226101,0
img_01556_2023,0.0,0.0014758573,0
img_01562_2023,0.0,0.011299724,0
img_01568_2023,0.0,0.011220679,0
img_01561_2023,0.0,0.00013061648,0
img_01565_2023,0.0,0.034217697,0
img_01569_2023,0.0,0.0162011,0
img_01578_2023,0.0,0.00441709,0
img_01567_2023,0.0,0.02379724,0
img_01571_2023,0.0,0.005846373,0
img_01583_2023,0.0,0.03146918,0
img_01579_2023,0.0,0.0035280518,0
img_01582_2023,0.0,0.94971865,1
img_01586_2023,0.0,0.0018175881,0
img_01590_2023,0.0,0.002108255,0
img_01594_2023,0.0,0.00043562433,0
img_01595_2023,0.0,0.0039849887,0
img_01604_2023,0.0,0.04521509,0
img_01603_2023,0.0,0.002203123,0
img_01601_2023,0.0,0.006303739,0
img_01600_2023,0.0,0.013725942,0
img_01605_2023,0.0,0.0041147275,0
img_01598_2023,0.0,0.054170676,0
img_01607_2023,0.0,0.03523469,0
img_01608_2023,0.0,0.05638107,0
img_01596_2023,0.0,0.003945411,0
img_01609_2023,0.0,0.014043739,0
img_01618_2023,0.0,0.0048042024,0
img_01549_p01_2023,0.0,0.012829386,0
img_01549_p02_2023,0.0,0.021197122,0
img_01610_2023,0.0,0.00059150095,0
img_01613_2023,0.0,0.0045659016,0
img_01615_2023,0.0,0.35485023,0
img_01626_2023,0.0,0.008434957,0
img_01627_2023,0.0,0.008347007,0
img_01606_p01_2023,0.0,0.0075076916,0
img_01606_p02_2023,0.0,0.00993056,0
img_01622_2023,0.0,0.014748077,0
img_01636_2023,0.0,0.002556576,0
img_01632_2023,0.0,0.02328003,0
img_01635_2023,0.0,0.0007875438,0
img_01633_2023,0.0,0.003341692,0
img_01638_2023,0.0,0.008100877,0
img_01640_2023,0.0,0.0069553787,0
img_01631_2023,0.0,0.0046048276,0
img_01643_2023,0.0,0.1582959,0
img_01642_2023,0.0,0.012775773,0
img_01645_2023,0.0,0.0023338008,0
img_01652_2023,0.0,0.0030327062,0
img_01648_2023,0.0,0.011859893,0
img_01543_p01_2023,0.0,0.12857589,0
img_01543_p02_2023,0.0,0.3748502,0
img_01543_p03_2023,0.0,0.1279181,0
img_01543_p04_2023,0.0,0.025513053,0
img_01543_p05_2023,0.0,0.25146756,0
img_01543_p06_2023,0.0,0.019368147,0
img_01653_2023,0.0,0.003251175,0
img_01634_2023,0.0,0.0040454282,0
img_01655_2023,0.0,0.0077992626,0
img_01663_2023,0.0,0.012654443,0
img_01657_2023,0.0,0.020572925,0
img_01660_2023,0.0,0.018907484,0
img_01668_2023,0.0,0.0058495053,0
img_01665_2023,0.0,0.013955678,0
img_01672_2023,0.0,0.48611593,0
img_01678_2023,0.0,0.027961966,0
img_01675_2023,0.0,0.0037663928,0
img_01681_2023,0.0,0.011525137,0
img_01682_2023,0.0,0.00899553,0
img_01680_2023,0.0,0.0050667776,0
img_01685_2023,0.0,0.0023731967,0
img_01624_p01_2023,0.0,0.0032227978,0
img_01624_p02_2023,0.0,0.020368319,0
img_01624_p03_2023,0.0,0.0039759604,0
img_01624_p04_2023,0.0,0.005316021,0
img_01688_2023,0.0,0.01470917,0
img_01686_2023,0.0,0.14872262,0
img_01687_2023,0.0,0.13015167,0
img_01674_p02_2023,0.0,0.01335381,0
img_01692_2023,0.0,0.0039393962,0
img_01679_p01_2023,0.0,0.0048659625,0
img_01679_p02_2023,0.0,0.0026995118,0
img_01695_2023,0.0,0.0039554364,0
img_01694_2023,0.0,0.0016267179,0
img_01690_2023,0.0,0.0013442419,0
img_01697_2023,0.0,0.017332764,0
img_01699_2023,0.0,0.0662566,0
img_01700_2023,0.0,0.013102387,0
img_01704_2023,0.0,0.006935856,0
img_01708_2023,0.0,0.0049523404,0
img_01702_2023,0.0,0.0017248833,0
img_01703_2023,0.0,0.0065665953,0
img_01707_2023,0.0,0.031611856,0
img_01711_2023,0.0,0.02001695,0
img_01705_2023,0.0,0.000754401,0
img_01709_2023,0.0,0.001046947,0
img_01710_2023,0.0,0.028195387,0
img_01712_2023,0.0,0.012044952,0
img_01715_2023,0.0,0.09728359,0
img_01714_2023,0.0,0.0034248107,0
img_01717_2023,0.0,0.008284291,0
img_01723_2023,0.0,0.004417655,0
img_01719_2023,0.0,0.016887229,0
img_01722_2023,0.0,0.02182095,0
img_01725_2023,0.0,0.03234414,0
img_01718_2023,0.0,0.013105256,0
img_01724_2023,0.0,0.0072042197,0
img_01728_2023,0.0,0.0033332668,0
img_01727_2023,0.0,0.052140556,0
img_01730_2023,0.0,0.26628762,0
img_01732_2023,0.0,0.15775886,0
img_01735_2023,0.0,0.0042474153,0
img_01720_2023,0.0,0.0075585037,0
img_01741_2023,0.0,0.83287346,1
img_01733_2023,0.0,0.0009182522,0
img_01736_2023,0.0,0.0076944404,0
img_01742_2023,0.0,0.0038279574,0
img_01740_2023,0.0,0.034786128,0
img_01738_2023,0.0,0.069049165,0
img_01739_2023,0.0,0.04259003,0
img_01746_2023,0.0,0.016395366,0
img_01745_2023,0.0,0.0071106567,0
img_01755_2023,0.0,0.083088934,0
img_01752_2023,0.0,0.0042552063,0
img_01760_2023,0.0,0.012852144,0
img_01750_2023,0.0,0.015021083,0
img_01753_2023,0.0,0.0014045581,0
img_01761_2023,0.0,0.0030897942,0
img_01759_2023,0.0,0.0052404837,0
img_01769_2023,0.0,0.1345168,0
img_01767_2023,0.0,0.0054687886,0
img_01773_2023,0.0,0.018922476,0
img_01774_2023,0.0,0.016402131,0
img_01779_2023,0.0,0.0045838845,0
img_01768_2023,0.0,0.0052369647,0
img_01780_2023,0.0,0.013294761,0
img_01734_p01_2023,0.0,0.3042025,0
img_01734_p02_2023,0.0,0.21744862,0
img_01734_p03_2023,0.0,0.0056117238,0
img_01777_2023,0.0,0.001161704,0
img_01782_2023,0.0,0.044143993,0
img_01787_2023,0.0,0.017194077,0
img_01776_2023,0.0,0.017015662,0
img_01786_2023,0.0,0.027660698,0
img_01784_2023,0.0,0.03588726,0
img_01788_2023,0.0,0.0026499084,0
img_01791_2023,0.0,0.024899652,0
img_01790_2023,0.0,0.0020594057,0
img_01792_2023,0.0,0.0042318404,0
img_01785_2023,0.0,0.0021609007,0
img_01794_2023,0.0,0.0010850134,0
img_01795_2023,0.0,0.0016039772,0
img_01799_2023,0.0,0.0053344416,0
img_01666_p01_2023,0.0,0.060812093,0
img_01666_p02_2023,0.0,0.015857333,0
img_01666_p03_2023,0.0,0.005368086,0
img_01666_p04_2023,0.0,0.0034762141,0
img_01666_p05_2023,0.0,0.01949384,0
img_01666_p06_2023,0.0,0.0318873,0
img_01666_p07_2023,0.0,0.01843491,0
img_01798_2023,0.0,0.0010833674,0
img_01800_2023,0.0,0.0059603066,0
img_01802_2023,0.0,0.00845929,0
img_01813_2023,0.0,0.001165368,0
img_01806_2023,0.0,0.00068534544,0
img_01805_2023,0.0,0.0061618113,0
img_01812_2023,0.0,0.008852577,0
img_01815_2023,0.0,0.010809688,0
img_01818_2023,0.0,0.0010023158,0
img_01572_p06_2023,0.0,0.0036567536,0
img_01572_p07_2023,0.0,0.011466171,0
img_01572_p08_2023,0.0,0.013775486,0
img_01572_p09_2023,0.0,0.0026805275,0
img_01572_p10_2023,0.0,0.010667208,0
img_01572_p12_2023,0.0,0.009306326,0
img_01821_2023,0.0,0.02591928,0
img_01826_2023,0.0,0.0044934796,0
img_01822_2023,0.0,0.005171483,0
img_01827_2023,0.0,0.0069343047,0
img_01823_2023,0.0,0.007294482,0
img_01834_2023,0.0,0.7842717,1
img_01829_2023,0.0,0.023806158,0
img_01831_2023,0.0,0.005889491,0
img_01808_p01_2023,0.0,0.01432683,0
img_01808_p02_2023,0.0,0.006466052,0
img_01830_2023,0.0,0.0035720854,0
img_01824_2023,0.0,0.0063197636,0
img_01840_2023,0.0,0.0011821243,0
img_01838_2023,0.0,0.0030724923,0
img_01837_2023,0.0,0.005683978,0
img_01839_2023,0.0,0.0022048422,0
img_01847_2023,0.0,0.015217563,0
img_01843_2023,0.0,0.0068238326,0
img_01850_2023,0.0,0.08629038,0
img_01848_2023,0.0,0.006512314,0
img_01849_2023,0.0,0.14426273,0
img_01856_2023,0.0,0.0049573416,0
img_01858_2023,0.0,0.0026794667,0
img_01871_2023,0.0,0.00960692,0
img_01868_2023,0.0,0.008794749,0
img_01870_2023,0.0,0.003574354,0
img_01873_2023,0.0,0.0043998472,0
img_01859_2023,0.0,0.0033297625,0
img_01874_2023,0.0,0.0020816326,0
img_01875_2023,0.0,0.027484337,0
img_01883_2023,0.0,0.0019789094,0
img_01872_2023,0.0,0.010443909,0
img_01881_2023,0.0,0.13502356,0
img_01854_p01_2023,0.0,0.002011438,0
img_01854_p02_2023,0.0,0.0016671146,0
img_01880_2023,0.0,0.001519347,0
img_01887_2023,0.0,0.010416083,0
img_01884_2023,0.0,0.03535255,0
img_01885_2023,0.0,0.054169834,0
img_01888_2023,0.0,0.00032517538,0
img_01894_2023,0.0,0.0047227135,0
img_01891_2023,0.0,0.029245516,0
img_01895_2023,0.0,0.019800602,0
img_01897_2023,0.0,0.01926179,0
img_01899_2023,0.0,0.006967122,0
img_01892_2023,0.0,0.0047794846,0
img_01903_2023,0.0,0.00488658,0
img_01904_2023,0.0,0.005456024,0
img_01905_2023,0.0,0.015033645,0
img_01906_2023,0.0,0.0029059448,0
img_01909_2023,0.0,0.0027492882,0
img_01908_2023,0.0,0.0048072683,0
img_01917_2023,0.0,0.0042135525,0
img_01918_2023,0.0,0.0043176883,0
img_01913_2023,0.0,0.043381013,0
img_01910_2023,0.0,0.053358506,0
img_01920_2023,0.0,0.0026193298,0
img_01921_2023,0.0,0.028511312,0
img_01923_2023,0.0,0.0023614594,0
img_01926_2023,0.0,0.012271208,0
img_01929_2023,0.0,0.0046224925,0
img_01934_2023,0.0,0.005582077,0
img_01931_2023,0.0,0.0031511108,0
img_01938_2023,0.0,0.15038955,0
img_01932_2023,0.0,0.0075413003,0
img_01936_2023,0.0,0.0042261872,0
img_01939_2023,0.0,0.00353302,0
img_01940_2023,0.0,0.00524315,0
img_01935_2023,0.0,0.0028454955,0
img_01941_2023,0.0,0.0018033001,0
img_01944_2023,0.0,0.004973447,0
img_01948_2023,0.0,0.008093639,0
img_01945_2023,0.0,0.002593847,0
img_01946_2023,0.0,0.0788885,0
img_01950_2023,0.0,0.0016005961,0
img_01952_2023,0.0,0.005268327,0
img_01953_2023,0.0,0.012049666,0
img_01957_2023,0.0,0.020401303,0
img_01912_p01_2023,0.0,0.0054510916,0
img_01912_p02_2023,0.0,0.082242444,0
img_01961_2023,0.0,0.0037509024,0
img_01960_2023,0.0,0.009191629,0
img_01819_p01_2023,0.0,0.0024013943,0
img_01819_p02_2023,0.0,0.0006009029,0
img_01819_p04_2023,0.0,0.0031047077,0
img_01819_p05_2023,0.0,0.00024954206,0
img_01962_2023,0.0,0.0007389792,0
img_01963_2023,0.0,0.59496766,0
img_01959_2023,0.0,0.005691613,0
img_01966_2023,0.0,0.0056044525,0
img_01971_2023,0.0,0.0021413567,0
img_01955_2023,0.0,0.0042548003,0
img_01964_2023,0.0,0.00933613,0
img_01975_2023,0.0,0.008072114,0
img_01979_2023,0.0,0.10038046,0
img_01972_2023,0.0,0.025555557,0
img_01978_2023,0.0,0.037435334,0
img_01980_2023,0.0,0.0048867045,0
img_01981_2023,0.0,0.0008124768,0
img_01985_2023,0.0,0.008073634,0
img_01984_2023,0.0,0.011021597,0
img_01982_2023,0.0,0.004557058,0
img_01988_2023,0.0,0.035983764,0
img_01990_2023,0.0,0.0068096616,0
img_01862_p04_2023,0.0,0.0058792704,0
img_01989_2023,0.0,0.0025479707,0
img_01987_2023,0.0,0.002076424,0
img_01997_2023,0.0,0.0026470388,0
img_01995_2023,0.0,0.020092476,0
img_01998_2023,0.0,0.021669513,0
img_01991_2023,0.0,0.0026373793,0
img_01999_2023,0.0,0.0074445596,0
img_01996_2023,0.0,0.0016735777,0
img_02010_2023,0.0,0.02296325,0
img_02007_2023,0.0,0.0093116015,0
img_02011_2023,0.0,0.028480237,0
img_02003_2023,0.0,0.0054816096,0
img_02014_2023,0.0,0.023563487,0
img_02001_2023,0.0,0.104901865,0
img_02019_2023,0.0,0.0020700414,0
img_02021_2023,0.0,0.003934505,0
img_02016_2023,0.0,0.003143895,0
img_02020_2023,0.0,0.03514777,0
img_02022_2023,0.0,0.056668736,0
img_02025_2023,0.0,0.0022001106,0
img_02027_2023,0.0,0.044216093,0
img_02030_2023,0.0,0.010071172,0
img_02029_2023,0.0,0.0037500667,0
img_01983_p01_2023,0.0,0.0013201267,0
img_01983_p02_2023,0.0,0.002101048,0
img_02032_2023,0.0,0.028250873,0
img_02013_p02_2023,0.0,0.013319065,0
img_02040_2023,0.0,0.02469547,0
img_02037_2023,0.0,0.019246496,0
img_02038_2023,0.0,0.0072553135,0
img_02043_2023,0.0,0.004788385,0
img_02036_2023,0.0,0.008128019,0
img_02044_2023,0.0,0.061203897,0
img_02042_2023,0.0,0.007424091,0
img_02051_2023,0.0,0.031463046,0
img_02046_2023,0.0,0.004001497,0
img_02057_2023,0.0,0.03935688,0
img_02047_2023,0.0,0.01639828,0
img_02055_2023,0.0,0.009657381,0
img_02059_2023,0.0,0.0019610492,0
img_02056_2023,0.0,0.0008265471,0
img_02063_2023,0.0,0.007144958,0
img_02058_2023,0.0,0.026435107,0
img_02064_2023,0.0,0.016498914,0
img_02062_2023,0.0,0.0045835315,0
img_02073_2023,0.0,0.0048211915,0
img_02077_2023,0.0,0.0038540666,0
img_02069_2023,0.0,0.0032417872,0
img_02078_2023,0.0,0.013857355,0
img_02052_p01_2023,0.0,0.0060005044,0
img_02052_p02_2023,0.0,0.0059073465,0
img_02079_2023,0.0,0.00932177,0
img_02050_p02_2023,0.0,0.29775095,0
img_02088_2023,0.0,0.07025361,0
img_02085_2023,0.0,0.013639227,0
img_02090_2023,0.0,0.015654767,0
img_02091_2023,0.0,0.14414999,0
img_02089_2023,0.0,0.0067143887,0
img_02096_2023,0.0,0.01593883,0
img_02086_2023,0.0,0.0014256064,0
img_02100_2023,0.0,0.002483562,0
img_02097_2023,0.0,0.02368182,0
img_02099_2023,0.0,0.0036660065,0
img_02101_2023,0.0,0.00043975102,0
img_02102_2023,0.0,0.003999618,0
img_02106_2023,0.0,0.023890931,0
img_02103_2023,0.0,0.021136152,0
img_02084_p02_2023,0.0,0.026648393,0
img_02108_2023,0.0,0.039352104,0
img_02107_2023,0.0,0.0023073244,0
img_02111_2023,0.0,0.011413355,0
img_02109_2023,0.0,0.040302962,0
img_02110_2023,0.0,0.005189392,0
img_02113_2023,0.0,0.0052004517,0
img_02114_2023,0.0,0.063557096,0
img_02112_2023,0.0,0.0026012645,0
img_02116_2023,0.0,0.011945511,0
img_02035_p01_2023,0.0,0.00092560437,0
img_02035_p02_2023,0.0,0.0057189823,0
img_02035_p03_2023,0.0,0.0044191172,0
img_02035_p04_2023,0.0,0.004815286,0
img_02118_2023,0.0,0.03344841,0
img_02122_2023,0.0,0.016191144,0
img_02124_2023,0.0,0.00092142087,0
img_02127_2023,0.0,0.00879346,0
img_02125_2023,0.0,0.0009966543,0
img_02129_2023,0.0,0.013691289,0
img_02128_2023,0.0,0.0028987806,0
img_02134_2023,0.0,0.050656877,0
img_02131_2023,0.0,0.10291247,0
img_02123_2023,0.0,0.014354164,0
img_02105_p01_2023,0.0,0.0050094696,0
img_02105_p02_2023,0.0,0.01274813,0
img_02133_2023,0.0,0.022992242,0
img_02136_2023,0.0,0.014428866,0
img_02137_2023,0.0,0.005073181,0
img_02141_2023,0.0,0.0036467654,0
img_02138_2023,0.0,0.008191807,0
img_02142_2023,0.0,0.011063173,0
img_02145_2023,0.0,0.0101016145,0
img_02135_p01_2023,0.0,0.022961304,0
img_02135_p02_2023,0.0,0.07630809,0
img_02146_2023,0.0,0.0050051757,0
img_02158_2023,0.0,0.007264641,0
img_02152_2023,0.0,0.010743828,0
img_02143_p01_2023,0.0,0.023937428,0
img_02143_p02_2023,0.0,0.006876384,0
img_02156_2023,0.0,0.04938314,0
img_02164_2023,0.0,0.049502183,0
img_02167_2023,0.0,0.110704854,0
img_02159_2023,0.0,0.019726558,0
img_02173_2023,0.0,0.009364881,0
img_02169_2023,0.0,0.036026955,0
img_02176_2023,0.0,0.07963775,0
img_02179_2023,0.0,0.03440772,0
img_02180_2023,0.0,0.011610425,0
img_02177_2023,0.0,0.007463068,0
img_01563_p01_2023,0.0,0.020282518,0
img_01563_p02_2023,0.0,0.04001115,0
img_01563_p03_2023,0.0,0.012693402,0
img_01563_p04_2023,0.0,0.007398111,0
img_01563_p06_2023,0.0,0.19603813,0
img_02175_2023,0.0,0.0043862266,0
img_02187_2023,0.0,0.034324817,0
img_02189_2023,0.0,0.035768054,0
img_02098_p01_2023,0.0,0.008220131,0
img_02098_p02_2023,0.0,0.0063757203,0
img_02098_p03_2023,0.0,0.0027507567,0
img_02098_p04_2023,0.0,0.031617127,0
img_02098_p05_2023,0.0,0.026251,0
img_02098_p06_2023,0.0,0.0050575216,0
img_02195_2023,0.0,0.068725094,0
img_02193_2023,0.0,0.019721122,0
img_02197_2023,0.0,0.0029633504,0
img_02194_2023,0.0,0.012636015,0
img_02192_2023,0.0,0.0760875,0
img_02198_2023,0.0,0.062555574,0
img_02199_2023,0.0,0.009235098,0
img_02202_2023,0.0,0.80361956,1
img_02188_2023,0.0,0.004887887,0
img_02213_2023,0.0,0.0022757598,0
img_02209_2023,0.0,0.019324798,0
img_02201_2023,0.0,0.07515542,0
img_02210_2023,0.0,0.0020077822,0
img_02215_2023,0.0,0.036783937,0
img_02207_2023,0.0,0.011076155,0
img_02216_2023,0.0,0.0035529037,0
img_02208_p01_2023,0.0,0.0069401944,0
img_02208_p02_2023,0.0,0.0038354234,0
img_02225_2023,0.0,0.009095382,0
img_02219_2023,0.0,0.0052510677,0
img_02220_2023,0.0,0.0041489364,0
img_02218_2023,0.0,0.028648758,0
img_02226_2023,0.0,0.020275962,0
img_02231_2023,0.0,0.012402549,0
img_02236_2023,0.0,0.0047838325,0
img_02239_2023,0.0,0.048743613,0
img_02240_2023,0.0,0.012419468,0
img_02243_2023,0.0,0.057822388,0
img_02227_2023,0.0,0.011358133,0
img_02217_p01_2023,0.0,0.025193503,0
img_02217_p02_2023,0.0,0.012732981,0
img_02221_p01_2023,0.0,0.006459596,0
img_02221_p02_2023,0.0,0.018696655,0
img_02246_2023,0.0,0.96533793,1
img_02245_2023,0.0,0.0022423102,0
img_02244_2023,0.0,0.033023834,0
img_02235_2023,0.0,0.008506946,0
img_02257_2023,0.0,0.0047685904,0
img_02252_2023,0.0,0.004261945,0
img_02255_2023,0.0,0.0040458553,0
img_02256_2023,0.0,0.0031628893,0
img_02258_2023,0.0,0.009910638,0
img_02263_2023,0.0,0.009356827,0
img_02259_2023,0.0,0.001432155,0
img_02266_2023,0.0,0.18162075,0
img_02267_2023,0.0,0.010932813,0
img_02270_2023,0.0,0.01475888,0
img_02272_2023,0.0,8.8338875e-06,0
img_02269_2023,0.0,0.020540714,0
img_02279_2023,0.0,0.0023204251,0
img_02288_2023,0.0,0.0020583118,0
img_02284_2023,0.0,0.10878445,0
img_02273_2023,0.0,0.023909597,0
img_02274_2023,0.0,0.0016237784,0
img_02289_2023,0.0,0.0016585505,0
img_02281_2023,0.0,0.0035897437,0
img_02285_2023,0.0,0.00227588,0
img_02287_2023,0.0,0.002341405,0
img_02282_2023,0.0,0.011158848,0
img_02290_2023,0.0,0.020192577,0
img_02292_2023,0.0,0.08213625,0
img_02301_2023,0.0,0.10599704,0
img_02298_2023,0.0,0.055580586,0
img_02297_2023,0.0,0.011480472,0
img_02295_2023,0.0,0.023419684,0
img_02302_2023,0.0,0.489547,0
img_02306_2023,0.0,0.018014794,0
img_02304_2023,0.0,0.013199625,0
img_02311_2023,0.0,0.3014268,0
img_02313_2023,0.0,0.062083136,0
img_02280_p01_2023,0.0,0.014493739,0
img_02280_p02_2023,0.0,0.011091015,0
img_02316_2023,0.0,0.016201498,0
img_02320_2023,0.0,0.0022771286,0
img_02319_2023,0.0,0.029787391,0
img_02294_2023,0.0,0.014625001,0
img_02329_2023,0.0,0.0012495347,0
img_02324_2023,0.0,0.012531939,0
img_02327_2023,0.0,0.0031441636,0
img_02328_2023,0.0,0.002816846,0
img_02314_2023,0.0,0.003391007,0
img_02332_2023,0.0,0.009933312,0
img_02307_p01_2023,0.0,0.011447626,0
img_02307_p02_2023,0.0,0.004897583,0
img_02331_2023,0.0,0.003475584,0
img_02337_2023,0.0,0.0011845604,0
img_02338_2023,0.0,0.00330308,0
img_02339_2023,0.0,0.024748454,0
img_02341_2023,0.0,0.00885165,0
img_02343_2023,0.0,0.8234078,1
img_02310_p02_2023,0.0,0.07666467,0
img_02310_p03_2023,0.0,0.018845985,0
img_02342_2023,0.0,0.0038745578,0
img_02340_2023,0.0,0.00212515,0
img_02308_p01_2023,0.0,0.0078024156,0
img_02308_p02_2023,0.0,0.0016641231,0
img_02308_p03_2023,0.0,0.010269398,0
img_02348_2023,0.0,0.007958509,0
img_02296_p02_2023,0.0,0.00041950968,0
img_02353_2023,0.0,0.049000584,0
img_02350_2023,0.0,0.009418469,0
img_02354_2023,0.0,0.023111638,0
img_02355_2023,0.0,0.003628473,0
img_02359_2023,0.0,0.0068675466,0
img_02360_2023,0.0,0.08397231,0
img_02356_2023,0.0,0.018231632,0
img_02358_2023,0.0,0.0076543884,0
img_02367_2023,0.0,0.0065697245,0
img_02368_2023,0.0,0.069070466,0
img_02361_2023,0.0,0.006041604,0
img_02371_2023,0.0,0.041398145,0
img_02372_2023,0.0,0.1315071,0
img_02370_2023,0.0,0.013839448,0
img_02365_2023,0.0,0.026227709,0
img_02362_2023,0.0,0.058695197,0
img_02363_2023,0.0,0.006408897,0
img_02376_2023,0.0,0.37917933,0
img_02375_2023,0.0,0.0022224574,0
img_02379_2023,0.0,0.017581796,0
img_02384_2023,0.0,0.0024218133,0
img_02382_2023,0.0,0.00063592143,0
img_02388_2023,0.0,0.018782536,0
img_02383_2023,0.0,0.0317057,0
img_02381_2023,0.0,0.027309582,0
img_02390_2023,0.0,0.0028148354,0
img_02397_2023,0.0,0.022164036,0
img_02389_2023,0.0,0.00786626,0
img_02393_2023,0.0,0.032585543,0
img_02387_2023,0.0,0.106026016,0
img_02394_2023,0.0,0.025073191,0
img_02398_2023,0.0,0.0049940622,0
img_02403_2023,0.0,0.031700037,0
img_02404_2023,0.0,0.013879655,0
img_02399_2023,0.0,0.023527553,0
img_02392_2023,0.0,0.0034213732,0
img_02373_p01_2023,0.0,0.036696114,0
img_02373_p02_2023,0.0,0.1974086,0
img_02374_p01_2023,0.0,0.003918065,0
img_02374_p02_2023,0.0,0.009774862,0
img_02405_2023,0.0,0.32896334,0
img_02406_2023,0.0,0.0013931023,0
img_02411_2023,0.0,0.11325656,0
img_02412_2023,0.0,0.013151529,0
img_02415_2023,0.0,0.0026221832,0
img_02413_2023,0.0,0.0028325338,0
img_02418_2023,0.0,0.0061727497,0
img_02416_2023,0.0,0.057256162,0
img_02427_2023,0.0,0.006154908,0
img_02420_2023,0.0,0.0049310564,0
img_02421_2023,0.0,0.012740945,0
img_02426_2023,0.0,0.0033740879,0
img_02433_2023,0.0,0.06617202,0
img_02434_2023,0.0,0.009296347,0
img_02424_2023,0.0,0.28195468,0
img_02429_2023,0.0,0.007814632,0
img_02432_2023,0.0,0.004299133,0
img_02437_2023,0.0,0.013014287,0
img_02436_2023,0.0,0.0034405112,0
img_02441_2023,0.0,0.0014742264,0
img_02442_2023,0.0,0.0032088659,0
img_02443_2023,0.0,0.045990624,0
img_02439_2023,0.0,0.008631865,0
img_02451_2023,0.0,0.00578347,0
img_02447_2023,0.0,0.0071470747,0
img_02449_2023,0.0,0.008052528,0
img_02448_2023,0.0,0.07531501,0
img_02446_2023,0.0,0.011688102,0
img_02450_2023,0.0,0.01167241,0
img_02408_p01_2023,0.0,0.0273032,0
img_02408_p02_2023,0.0,0.005026274,0
img_02408_p03_2023,0.0,0.0072082914,0
img_02456_2023,0.0,0.0011526418,0
img_02453_2023,0.0,0.010585668,0
img_02457_2023,0.0,0.026226535,0
img_02455_2023,0.0,0.0024675028,0
img_02464_2023,0.0,0.0074480884,0
img_02435_p01_2023,0.0,0.0032320465,0
img_02435_p02_2023,0.0,0.0033910093,0
img_02460_2023,0.0,0.0031612304,0
img_02470_2023,0.0,0.005559735,0
img_02467_2023,0.0,0.18721487,0
img_02475_2023,0.0,0.0074573047,0
img_02468_2023,0.0,0.042601537,0
img_02473_2023,0.0,0.005375433,0
img_02476_2023,0.0,0.00043533408,0
img_02474_2023,0.0,0.0027801713,0
img_02472_2023,0.0,0.0016761128,0
img_02479_2023,0.0,0.012247003,0
img_02481_2023,0.0,0.0065406426,0
img_02487_2023,0.0,0.009131675,0
img_02414_p01_2023,0.0,0.006802345,0
img_02414_p02_2023,0.0,0.02765275,0
img_02414_p03_2023,0.0,0.007608384,0
img_02414_p04_2023,0.0,0.015049323,0
img_02491_2023,0.0,0.006014338,0
img_02489_2023,0.0,0.12097742,0
img_02494_2023,0.0,0.01395762,0
img_02498_2023,0.0,0.004258705,0
img_02500_2023,0.0,0.0073578367,0
img_02502_2023,0.0,0.00378327,0
img_02506_2023,0.0,0.014567336,0
img_02504_2023,0.0,0.008910874,0
img_02503_2023,0.0,0.0067749,0
img_02072_p01_2023,0.0,0.007630051,0
img_02072_p02_2023,0.0,0.034344852,0
img_02072_p03_2023,0.0,0.0071846796,0
img_02072_p04_2023,0.0,0.0026035395,0
img_02072_p05_2023,0.0,0.004695623,0
img_02072_p06_2023,0.0,0.0014057574,0
img_02072_p07_2023,0.0,0.0238428,0
img_02072_p08_2023,0.0,0.016377585,0
img_02072_p10_2023,0.0,0.0046210075,0
img_02072_p11_2023,0.0,0.11391473,0
img_02072_p12_2023,0.0,0.002544037,0
img_02072_p13_2023,0.0,0.06058403,0
img_02072_p14_2023,0.0,0.039499726,0
img_02072_p16_2023,0.0,0.0017738845,0
img_02072_p17_2023,0.0,0.06256257,0
img_02072_p18_2023,0.0,0.004048825,0
img_02505_2023,0.0,0.0024951305,0
img_02497_2023,0.0,0.00043010182,0
img_02507_2023,0.0,0.015659073,0
img_02510_2023,0.0,0.0036069578,0
img_02515_2023,0.0,0.038472604,0
img_02513_2023,0.0,0.010168292,0
img_02509_2023,0.0,0.015778353,0
img_02523_2023,0.0,0.033798713,0
img_02520_2023,0.0,0.013565458,0
img_02522_2023,0.0,0.0033618796,0
img_02521_2023,0.0,0.00423159,0
img_02519_2023,0.0,0.0006746255,0
img_02512_2023,0.0,0.011168353,0
img_02532_2023,0.0,0.012815592,0
img_02528_2023,0.0,0.0024760154,0
img_02534_2023,0.0,0.011494004,0
img_02536_2023,0.0,0.017049827,0
img_02537_2023,0.0,0.0054361247,0
img_02540_2023,0.0,0.008660351,0
img_02535_2023,0.0,0.0036041406,0
img_02542_2023,0.0,0.0031893812,0
img_02546_2023,0.0,0.09106107,0
img_02539_2023,0.0,0.0007486736,0
img_02541_2023,0.0,0.13929772,0
img_02547_2023,0.0,0.008424593,0
img_02548_2023,0.0,0.5444973,0
img_02549_2023,0.0,0.020039544,0
img_02550_2023,0.0,0.006211283,0
img_02553_2023,0.0,0.0047977716,0
img_02557_2023,0.0,0.004271512,0
img_02552_2023,0.0,0.00297461,0
img_02559_2023,0.0,0.07592756,0
img_02561_2023,0.0,0.00339451,0
img_02558_2023,0.0,0.011859933,0
img_02554_2023,0.0,0.003138552,0
img_02564_2023,0.0,0.0038212985,0
img_02569_2023,0.0,0.0047589815,0
img_02544_p01_2023,0.0,0.012187933,0
img_02544_p02_2023,0.0,0.0132411625,0
img_02572_2023,0.0,0.0010268957,0
img_02576_2023,0.0,0.027442819,0
img_02578_2023,0.0,0.003350808,0
img_02580_2023,0.0,0.008855511,0
img_02579_2023,0.0,0.0046541183,0
img_02584_2023,0.0,0.0058199223,0
img_02581_2023,0.0,0.006184028,0
img_02587_2023,0.0,0.0018147703,0
img_02585_2023,0.0,0.0073053194,0
img_02588_2023,0.0,0.003624775,0
img_02582_2023,0.0,0.010435659,0
img_02590_2023,0.0,0.019230202,0
img_02480_p01_2023,0.0,0.003588102,0
img_02480_p02_2023,0.0,0.0072958143,0
img_02480_p03_2023,0.0,0.008835663,0
img_02480_p04_2023,0.0,0.016667405,0
img_02480_p05_2023,0.0,0.009461151,0
img_02480_p06_2023,0.0,0.012520598,0
img_02593_2023,0.0,0.0024608474,0
img_02599_2023,0.0,0.015836705,0
img_02591_2023,0.0,0.0019078,0
img_02594_2023,0.0,0.023336828,0
img_02603_2023,0.0,0.00634434,0
img_02592_2023,0.0,0.018613834,0
img_02595_2023,0.0,0.0056522656,0
img_02598_2023,0.0,0.0029718198,0
img_02600_2023,0.0,0.020440158,0
img_02604_2023,0.0,0.0025064016,0
img_02601_2023,0.0,0.014526541,0
img_02602_2023,0.0,0.055025596,0
img_02607_2023,0.0,0.010514816,0
img_02610_2023,0.0,0.030406862,0
img_02616_2023,0.0,0.012398658,0
img_02605_2023,0.0,0.017553633,0
img_02613_2023,0.0,0.020002043,0
img_02614_2023,0.0,0.007151088,0
img_02617_2023,0.0,0.009653013,0
img_02615_2023,0.0,0.062466472,0
img_02618_2023,0.0,0.016741093,0
img_02619_2023,0.0,0.004095862,0
img_02622_2023,0.0,0.051949143,0
img_02627_2023,0.0,0.03463556,0
img_02630_2023,0.0,0.032951433,0
img_02633_2023,0.0,0.0018826403,0
img_02632_2023,0.0,0.004161208,0
img_02634_2023,0.0,0.0010255837,0
img_02638_2023,0.0,0.0018824039,0
img_02637_2023,0.0,0.007425092,0
img_02625_2023,0.0,0.049913503,0
img_02639_2023,0.0,0.09723306,0
img_02635_2023,0.0,0.0010439673,0
img_02640_2023,0.0,0.0068023354,0
img_02641_2023,0.0,0.040398568,0
img_02631_2023,0.0,0.006751667,0
img_02649_2023,0.0,0.007370118,0
img_02646_2023,0.0,0.6557881,0
img_02648_2023,0.0,0.024320764,0
img_02643_2023,0.0,0.027273694,0
img_02636_2023,0.0,0.00771318,0
img_02644_2023,0.0,0.0050165653,0
img_02652_2023,0.0,0.009082317,0
img_02653_2023,0.0,0.009602841,0
img_02651_2023,0.0,0.014193091,0
img_02654_2023,0.0,0.012093686,0
img_02657_2023,0.0,0.0033353672,0
img_02661_2023,0.0,0.007393374,0
img_02662_2023,0.0,0.008332966,0
img_02668_2023,0.0,0.0028440887,0
img_02675_2023,0.0,0.049019486,0
img_02663_2023,0.0,0.107144155,0
img_02676_2023,0.0,0.021580378,0
img_02671_2023,0.0,0.0025980456,0
img_02620_p04_2023,0.0,0.6746301,0
img_02664_2023,0.0,0.007620597,0
img_02655_p01_2023,0.0,0.026103284,0
img_02655_p02_2023,0.0,0.007854768,0
img_02681_2023,0.0,0.002971985,0
img_02685_2023,0.0,0.0048426194,0
img_02682_2023,0.0,0.0026671577,0
img_02691_2023,0.0,0.0014165938,0
img_02687_2023,0.0,0.013638206,0
img_02684_2023,0.0,0.0024699755,0
img_02683_2023,0.0,0.045904253,0
img_02699_2023,0.0,0.008258519,0
img_02707_2023,0.0,0.0019196353,0
img_02697_2023,0.0,0.0061002076,0
img_02700_2023,0.0,0.0036359518,0
img_02708_2023,0.0,0.006132047,0
img_02688_p01_2023,0.0,0.068479344,0
img_02688_p02_2023,0.0,0.008619499,0
img_02692_2023,0.0,0.0011414699,0
img_02713_2023,0.0,0.40906048,0
img_02716_2023,0.0,0.034662638,0
img_02721_2023,0.0,0.0044275858,0
img_02717_2023,0.0,0.0009205268,0
img_02718_2023,0.0,0.018246707,0
img_02724_2023,0.0,0.009041615,0
img_02488_p01_2023,0.0,0.0063798786,0
img_02488_p02_2023,0.0,0.0055327173,0
img_02488_p03_2023,0.0,0.013390787,0
img_02488_p04_2023,0.0,0.0035264012,0
img_02488_p05_2023,0.0,0.0009910704,0
img_02488_p06_2023,0.0,0.004127028,0
img_02488_p07_2023,0.0,0.0005144808,0
img_02488_p08_2023,0.0,0.0026977558,0
img_02488_p09_2023,0.0,0.0056648636,0
img_02488_p10_2023,0.0,0.0009851812,0
img_02488_p11_2023,0.0,0.013742623,0
img_02488_p12_2023,0.0,0.00057884003,0
img_02488_p13_2023,0.0,0.001140654,0
img_02722_2023,0.0,0.010306234,0
img_02732_2023,0.0,0.050279994,0
img_02729_2023,0.0,0.0057638334,0
img_02731_2023,0.0,0.014176229,0
img_02735_2023,0.0,0.11237286,0
img_02734_2023,0.0,0.022327665,0
img_02741_2023,0.0,0.0018247433,0
img_02738_2023,0.0,0.00542513,0
img_02744_2023,0.0,0.003619718,0
img_02745_2023,0.0,0.0020672835,0
img_02747_2023,0.0,0.0025350805,0
img_02743_2023,0.0,0.005961961,0
img_02742_2023,0.0,0.0057664188,0
img_02748_2023,0.0,0.0036799528,0
img_02740_2023,0.0,0.05137496,0
img_02752_2023,0.0,0.014272323,0
img_02753_2023,0.0,0.018294176,0
img_02749_2023,0.0,0.008122759,0
img_02754_2023,0.0,0.57657623,0
img_02750_2023,0.0,0.018289905,0
img_02758_2023,0.0,0.070568904,0
img_02759_2023,0.0,0.003663062,0
img_02757_2023,0.0,0.0087515395,0
img_02761_2023,0.0,0.054378193,0
img_02762_2023,0.0,0.009552584,0
img_02767_2023,0.0,0.008654325,0
img_02772_2023,0.0,0.007099404,0
img_02770_2023,0.0,0.00092432974,0
img_02773_2023,0.0,0.0076846657,0
img_02778_2023,0.0,0.0025615871,0
img_02777_2023,0.0,0.10949433,0
img_02771_2023,0.0,0.004042146,0
img_02779_2023,0.0,0.43148056,0
img_02783_2023,0.0,0.004025461,0
img_02784_2023,0.0,0.022103852,0
img_02787_2023,0.0,0.008947562,0
img_02791_2023,0.0,0.030198881,0
img_02695_p01_2023,0.0,0.0005830863,0
img_02695_p03_2023,0.0,0.0018666269,0
img_02695_p04_2023,0.0,0.009581871,0
img_02695_p05_2023,0.0,0.011905344,0
img_02695_p06_2023,0.0,0.012154615,0
img_02695_p07_2023,0.0,0.0030003027,0
img_02756_p01_2023,0.0,0.039429963,0
img_02756_p02_2023,0.0,0.007037224,0
img_02756_p03_2023,0.0,0.18135288,0
img_02775_p01_2023,0.0,0.039836966,0
img_02792_2023,0.0,0.010487204,0
img_02785_2023,0.0,0.19776289,0
img_02794_2023,0.0,0.0027292178,0
img_02795_2023,0.0,0.012411954,0
img_02798_2023,0.0,0.0085712895,0
img_02782_2023,0.0,0.0014675338,0
img_02799_2023,0.0,0.0014142144,0
img_02801_2023,0.0,0.018466067,0
img_02808_2023,0.0,0.0055752457,0
img_02802_2023,0.0,0.0018907156,0
img_02809_2023,0.0,0.018043676,0
img_02805_2023,0.0,0.01603586,0
img_02806_2023,0.0,0.88325155,1
img_02803_2023,0.0,0.0060760714,0
img_02812_2023,0.0,0.009975131,0
img_02813_2023,0.0,0.036158353,0
img_02816_2023,0.0,0.56790835,0
img_02820_2023,0.0,0.004255333,0
img_02819_2023,0.0,0.0070004696,0
img_02822_2023,0.0,0.02188606,0
img_02825_2023,0.0,0.07099805,0
img_02814_2023,0.0,0.0048059872,0
img_02823_2023,0.0,0.008463443,0
img_02828_2023,0.0,0.0030918235,0
img_02824_2023,0.0,0.014449894,0
img_02829_2023,0.0,0.0042838575,0
img_02832_2023,0.0,0.029827613,0
img_02833_2023,0.0,0.00070713164,0
img_02817_2023,0.0,0.008753705,0
img_02837_2023,0.0,0.0015454892,0
img_02840_2023,0.0,0.0040144064,0
img_02835_2023,0.0,0.016466258,0
img_02843_2023,0.0,0.1513403,0
img_02844_2023,0.0,0.0048129084,0
img_02848_2023,0.0,0.023382612,0
img_02831_2023,0.0,0.0034455594,0
img_02846_2023,0.0,0.010879879,0
img_02852_2023,0.0,0.004351497,0
img_02849_2023,0.0,0.044217996,0
img_02856_2023,0.0,0.0032406815,0
img_02855_2023,0.0,0.0010987736,0
img_02858_2023,0.0,0.013210269,0
img_02850_2023,0.0,0.0072767,0
img_02868_2023,0.0,0.0017333636,0
img_02872_2023,0.0,0.0028307554,0
img_02865_2023,0.0,0.003524314,0
img_02864_2023,0.0,0.016408604,0
img_02869_2023,0.0,0.03290879,0
img_02867_2023,0.0,0.0012906387,0
img_02874_2023,0.0,0.011536777,0
img_02873_2023,0.0,0.013439377,0
img_02857_p01_2023,0.0,0.00088450854,0
img_02857_p02_2023,0.0,0.025231998,0
img_02883_2023,0.0,0.05171577,0
img_02815_p01_2023,0.0,0.01290293,0
img_02815_p02_2023,0.0,0.014327978,0
img_02815_p03_2023,0.0,0.0032421171,0
img_02815_p04_2023,0.0,0.01026625,0
img_02876_2023,0.0,0.002804783,0
img_02881_2023,0.0,0.009996815,0
img_02877_2023,0.0,0.0035181479,0
img_02878_2023,0.0,0.008983427,0
img_02892_2023,0.0,0.0022059022,0
img_02891_2023,0.0,0.0016234223,0
img_02886_2023,0.0,0.008814467,0
img_02836_p01_2023,0.0,0.01692436,0
img_02836_p02_2023,0.0,0.024283852,0
img_02836_p03_2023,0.0,0.016187383,0
img_02836_p04_2023,0.0,0.011876012,0
img_02889_2023,0.0,0.0036970563,0
img_02902_2023,0.0,0.005589832,0
img_02893_2023,0.0,0.117919385,0
img_02900_2023,0.0,0.0046243346,0
img_02904_2023,0.0,0.2889393,0
img_02896_2023,0.0,0.008850738,0
img_02903_2023,0.0,0.004835899,0
img_02907_2023,0.0,0.022782853,0
img_02909_2023,0.0,0.0029171433,0
img_02920_2023,0.0,0.0034148537,0
img_02921_2023,0.0,0.033247612,0
img_02922_2023,0.0,0.0030516176,0
img_02925_2023,0.0,0.031071316,0
img_02919_2023,0.0,0.0052674795,0
img_02931_2023,0.0,0.0028897643,0
img_02933_2023,0.0,0.0019551846,0
img_02913_2023,0.0,0.005815947,0
img_02937_2023,0.0,0.009719108,0
img_02936_2023,0.0,0.077650756,0
img_02940_2023,0.0,0.0047163423,0
img_02934_2023,0.0,0.04162985,0
img_02939_2023,0.0,0.00265499,0
img_02943_2023,0.0,0.0047378214,0
img_02942_2023,0.0,0.0013941426,0
img_02941_2023,0.0,0.008901985,0
img_02938_2023,0.0,0.0057445974,0
img_02947_2023,0.0,0.00179519,0
img_02946_2023,0.0,0.0025351024,0
img_02949_2023,0.0,0.104431644,0
img_02950_2023,0.0,0.016443152,0
img_02954_2023,0.0,0.0015338359,0
img_02953_2023,0.0,0.1661819,0
img_02948_2023,0.0,0.014512524,0
img_02962_2023,0.0,0.12281523,0
img_02952_2023,0.0,0.0066257687,0
img_02960_2023,0.0,0.001092965,0
img_02944_2023,0.0,0.00053802703,0
img_02959_2023,0.0,0.009906894,0
img_02961_2023,0.0,0.0031954888,0
img_02930_p01_2023,0.0,0.0026209333,0
img_02930_p02_2023,0.0,0.0022542435,0
img_02958_2023,0.0,0.004782534,0
img_02955_2023,0.0,0.00108548,0
img_02966_2023,0.0,0.021630853,0
img_02967_2023,0.0,0.014859753,0
img_02965_2023,0.0,0.0026494307,0
img_02971_2023,0.0,0.036988698,0
img_02972_2023,0.0,0.012277643,0
img_02970_2023,0.0,0.06058181,0
img_02977_2023,0.0,0.014919855,0
img_02981_2023,0.0,0.040778704,0
img_02973_2023,0.0,0.00056020904,0
img_02983_2023,0.0,0.0029340321,0
img_02978_2023,0.0,0.0047541847,0
img_02986_2023,0.0,0.012435803,0
img_02984_2023,0.0,0.0069879456,0
img_02990_2023,0.0,0.00598559,0
img_02985_2023,0.0,0.040044643,0
img_02991_2023,0.0,0.013603236,0
img_02988_2023,0.0,0.00054196786,0
img_02994_2023,0.0,0.008788266,0
img_02993_2023,0.0,0.02005437,0
img_02996_2023,0.0,0.002196058,0
img_02999_2023,0.0,0.0028027322,0
img_02796_p01_2023,0.0,0.00495717,0
img_02796_p02_2023,0.0,0.0013899966,0
img_02796_p03_2023,0.0,0.0027719098,0
img_02796_p04_2023,0.0,0.010137413,0
img_02796_p05_2023,0.0,0.00331434,0
img_02796_p06_2023,0.0,0.001526417,0
img_02796_p07_2023,0.0,0.00069168175,0
img_02796_p08_2023,0.0,0.0010799195,0
img_02796_p09_2023,0.0,0.000387788,0
img_02995_2023,0.0,0.01095278,0
img_03007_2023,0.0,0.003331177,0
img_02998_2023,0.0,0.005144338,0
img_03006_2023,0.0,0.03029133,0
img_03014_2023,0.0,0.035800107,0
img_03004_2023,0.0,0.01093436,0
img_03012_2023,0.0,0.0037198816,0
img_03018_2023,0.0,0.0095644845,0
img_03023_2023,0.0,0.007084033,0
img_03020_2023,0.0,0.029182425,0
img_03029_2023,0.0,0.012808794,0
img_03028_2023,0.0,0.026080051,0
img_03030_2023,0.0,0.0068295994,0
img_03026_2023,0.0,0.0055789026,0
img_03031_2023,0.0,0.081557184,0
img_03033_2023,0.0,0.004944538,0
img_03034_2023,0.0,0.07339801,0
img_03025_2023,0.0,0.0058955224,0
img_02976_p01_2023,0.0,0.0009953527,0
img_02976_p02_2023,0.0,0.0034324888,0
img_02976_p03_2023,0.0,0.02272829,0
img_02976_p04_2023,0.0,0.0042720577,0
img_03036_2023,0.0,0.01072186,0
img_03037_2023,0.0,0.0026568423,0
img_03040_2023,0.0,0.021706784,0
img_03046_2023,0.0,0.000368696,0
img_03044_2023,0.0,0.0067021092,0
img_03047_2023,0.0,0.0115001425,0
img_03051_2023,0.0,0.009462479,0
img_03056_2023,0.0,0.01970681,0
img_03054_2023,0.0,0.40724334,0
img_03057_2023,0.0,0.004630171,0
img_03052_2023,0.0,0.0015248063,0
img_03053_2023,0.0,0.018297113,0
img_03061_2023,0.0,0.00046097656,0
img_03060_2023,0.0,0.0061783753,0
img_03066_2023,0.0,0.019215312,0
img_03059_2023,0.0,0.008975959,0
img_03068_2023,0.0,0.0030946792,0
img_03070_2023,0.0,0.0065178485,0
img_03072_2023,0.0,0.002330379,0
img_03062_2023,0.0,0.02694268,0
img_03069_2023,0.0,0.005806715,0
img_03039_p01_2023,0.0,0.00656394,0
img_03039_p02_2023,0.0,0.0011606602,0
img_03074_2023,0.0,0.001177783,0
img_03063_2023,0.0,0.008331151,0
img_03076_2023,0.0,0.081181705,0
img_03078_2023,0.0,0.10130529,0
img_03080_2023,0.0,0.018755006,0
img_03086_2023,0.0,0.049106322,0
img_03084_2023,0.0,0.0027038683,0
img_03093_2023,0.0,0.0061960467,0
img_03096_2023,0.0,0.0021805982,0
img_03091_2023,0.0,0.012175538,0
img_03095_2023,0.0,0.010584533,0
img_03087_2023,0.0,0.0010241128,0
img_03081_2023,0.0,0.006600766,0
img_03100_2023,0.0,0.0019301599,0
img_03111_2023,0.0,0.0052317595,0
img_03110_2023,0.0,0.009469723,0
img_03107_2023,0.0,0.018623328,0
img_03106_2023,0.0,0.002210992,0
img_03117_2023,0.0,0.016930614,0
img_03114_2023,0.0,0.0011491848,0
img_03118_2023,0.0,0.0048491117,0
img_03121_2023,0.0,0.0023665826,0
img_03122_2023,0.0,0.013997945,0
img_03123_2023,0.0,0.0022868202,0
img_03124_2023,0.0,0.0018862538,0
img_03127_2023,0.0,0.0053642793,0
img_03125_2023,0.0,0.029814605,0
img_02987_p01_2023,0.0,0.010251852,0
img_02987_p02_2023,0.0,0.0016037036,0
img_02987_p03_2023,0.0,0.011029515,0
img_02987_p04_2023,0.0,0.0023529348,0
img_03137_2023,0.0,0.25693646,0
img_03134_2023,0.0,0.18320969,0
img_03132_2023,0.0,0.011784645,0
img_03138_2023,0.0,0.009213285,0
img_03130_2023,0.0,0.00450937,0
img_03136_2023,0.0,0.0044339364,0
img_03141_2023,0.0,0.011422638,0
img_03129_2023,0.0,0.0037528842,0
img_03139_2023,0.0,0.005462666,0
img_03126_2023,0.0,0.0677696,0
img_03112_2023,0.0,0.01263001,0
img_03108_p01_2023,0.0,0.011944549,0
img_03108_p02_2023,0.0,0.0063716867,0
img_03143_2023,0.0,0.0057670223,0
img_03147_2023,0.0,0.03716721,0
img_03142_2023,0.0,0.01827316,0
img_03144_2023,0.0,0.014431353,0
img_03103_p01_2023,0.0,0.0041215885,0
img_03103_p02_2023,0.0,0.030711437,0
img_03103_p03_2023,0.0,0.00410571,0
img_03103_p04_2023,0.0,0.11930631,0
img_03008_p01_2023,0.0,0.0037161983,0
img_03008_p02_2023,0.0,0.00020774818,0
img_03008_p03_2023,0.0,0.017784381,0
img_03008_p04_2023,0.0,0.004598573,0
img_03008_p05_2023,0.0,0.032613643,0
img_03008_p06_2023,0.0,0.032952998,0
img_03008_p07_2023,0.0,0.032578547,0
img_03008_p08_2023,0.0,0.11339799,0
img_03149_2023,0.0,0.0059339446,0
img_03131_p01_2023,0.0,0.07193711,0
img_03131_p02_2023,0.0,0.040749457,0
img_03153_2023,0.0,0.06180358,0
img_03151_2023,0.0,0.0071672327,0
img_03156_2023,0.0,0.010592228,0
img_03158_2023,0.0,0.001100798,0
img_03154_2023,0.0,0.027914029,0
img_03152_2023,0.0,0.005407015,0
img_03159_2023,0.0,0.014871502,0
img_03155_2023,0.0,0.0039520836,0
img_03157_2023,0.0,0.0066485303,0
img_03167_2023,0.0,0.24980073,0
img_03170_2023,0.0,0.009428938,0
img_03162_2023,0.0,0.030993974,0
img_03169_2023,0.0,0.0014802369,0
img_03177_2023,0.0,0.009062323,0
img_03179_2023,0.0,0.0033336938,0
img_03174_2023,0.0,0.029642258,0
img_03182_2023,0.0,0.03488077,0
img_03181_2023,0.0,0.011563501,0
img_03176_2023,0.0,0.000590552,0
img_03184_2023,0.0,0.01268131,0
img_03173_2023,0.0,0.00604006,0
img_03178_2023,0.0,0.0025780997,0
img_03185_2023,0.0,0.01931481,0
img_03188_2023,0.0,0.09322472,0
img_03187_2023,0.0,0.024073813,0
img_03183_2023,0.0,0.019897599,0
img_03190_2023,0.0,0.0074140267,0
img_03199_2023,0.0,0.00040006026,0
img_03191_2023,0.0,0.009537948,0
img_03203_2023,0.0,0.01739815,0
img_03204_2023,0.0,0.002136364,0
img_03206_2023,0.0,0.011558036,0
img_03198_2023,0.0,0.0039237104,0
img_03201_2023,0.0,0.01071593,0
img_03207_2023,0.0,0.357601,0
img_03213_2023,0.0,0.0013395196,0
img_03200_p01_2023,0.0,0.11555232,0
img_03200_p02_2023,0.0,0.008116199,0
img_03219_2023,0.0,0.01392553,0
img_03217_2023,0.0,0.0142498985,0
img_03221_2023,0.0,0.004244511,0
img_03215_2023,0.0,0.15953743,0
img_03225_2023,0.0,0.031652804,0
img_03226_2023,0.0,0.0031341936,0
img_03224_2023,0.0,0.004105515,0
img_03229_2023,0.0,0.006442244,0
img_03223_2023,0.0,0.0073572407,0
img_03233_2023,0.0,0.0075780204,0
img_03237_2023,0.0,0.0032532036,0
img_03220_p02_2023,0.0,0.00411978,0
img_03241_2023,0.0,0.011745384,0
img_03250_2023,0.0,0.034945916,0
img_03247_2023,0.0,0.0054560117,0
img_03186_p01_2023,0.0,0.015166655,0
img_03186_p02_2023,0.0,0.011364742,0
img_03186_p03_2023,0.0,0.011238676,0
img_03186_p04_2023,0.0,0.0043114787,0
img_03253_2023,0.0,0.40932685,0
img_03252_2023,0.0,0.41990393,0
img_03251_2023,0.0,0.24826579,0
img_03257_2023,0.0,0.03853596,0
img_03249_2023,0.0,0.0094089955,0
img_03265_2023,0.0,0.005423189,0
img_03261_2023,0.0,0.007970569,0
img_03262_2023,0.0,0.06281982,0
img_03263_2023,0.0,0.0048103086,0
img_03260_2023,0.0,0.0027348108,0
img_03266_2023,0.0,0.009660447,0
img_03269_2023,0.0,0.012711605,0
img_03275_2023,0.0,0.004733305,0
img_03272_2023,0.0,0.0031771255,0
img_03273_2023,0.0,0.004485866,0
img_03279_2023,0.0,0.0009065575,0
img_03277_2023,0.0,0.0077759186,0
img_03276_2023,0.0,0.0005837388,0
img_03285_2023,0.0,0.0019070746,0
img_03282_2023,0.0,0.0048557376,0
img_03281_2023,0.0,0.007385737,0
img_03286_2023,0.0,0.0018975303,0
img_03287_2023,0.0,0.020555839,0
img_03284_2023,0.0,0.0058137695,0
img_03290_2023,0.0,0.00418263,0
img_03291_2023,0.0,0.0063495315,0
img_03254_p01_2023,0.0,0.0053447983,0
img_03254_p02_2023,0.0,0.05954193,0
img_03289_2023,0.0,0.002861168,0
img_03296_2023,0.0,0.0054409364,0
img_03298_2023,0.0,0.053438984,0
img_03297_2023,0.0,0.00103579,0
img_03301_2023,0.0,0.02205262,0
img_03303_2023,0.0,0.002869542,0
img_03299_2023,0.0,0.009080031,0
img_03278_p01_2023,0.0,0.0008101777,0
img_03278_p02_2023,0.0,0.0024709203,0
img_03300_2023,0.0,0.07058902,0
img_03306_2023,0.0,0.012746302,0
img_03309_2023,0.0,0.021885745,0
img_03310_2023,0.0,0.0037709929,0
img_03311_2023,0.0,0.032328416,0
img_03313_2023,0.0,0.011573797,0
img_03312_2023,0.0,0.17124304,0
img_03319_2023,0.0,0.0099776285,0
img_03321_2023,0.0,0.9822117,1
img_03316_2023,0.0,0.0053054253,0
img_03317_2023,0.0,0.0017987071,0
img_03308_2023,0.0,0.0018031804,0
img_03314_2023,0.0,0.00756394,0
img_03323_2023,0.0,0.011483912,0
img_03326_2023,0.0,0.0028683722,0
img_03336_2023,0.0,0.0019404937,0
img_03328_2023,0.0,0.0029108382,0
img_03327_2023,0.0,0.004184657,0
img_03335_2023,0.0,0.02240011,0
img_03325_2023,0.0,0.01654201,0
img_03332_2023,0.0,0.017055359,0
img_03330_2023,0.0,0.0075800978,0
img_03337_2023,0.0,0.0045205215,0
img_03324_2023,0.0,0.009756969,0
img_03333_2023,0.0,0.004974912,0
img_03334_2023,0.0,0.020180264,0
img_03339_2023,0.0,0.04161189,0
img_03338_2023,0.0,0.002841518,0
img_03258_p01_2023,0.0,0.009695444,0
img_03258_p02_2023,0.0,0.009520879,0
img_03343_2023,0.0,0.015440844,0
img_03345_2023,0.0,0.0073253647,0
img_03344_2023,0.0,0.004683497,0
img_03347_2023,0.0,0.00477296,0
img_03342_2023,0.0,0.005253651,0
img_03346_2023,0.0,0.01605494,0
img_03352_2023,0.0,0.004558497,0
img_03353_2023,0.0,0.0017773004,0
img_03351_2023,0.0,0.0031967852,0
img_03350_2023,0.0,0.002509167,0
img_03348_2023,0.0,0.00409804,0
img_03349_2023,0.0,0.009052295,0
img_03354_2023,0.0,0.00072255865,0
img_03357_2023,0.0,0.0355789,0
img_03359_2023,0.0,0.005988084,0
img_03365_2023,0.0,0.0028436838,0
img_03364_2023,0.0,0.0072710374,0
img_03366_2023,0.0,0.014941986,0
img_03360_2023,0.0,0.020596307,0
img_03368_2023,0.0,0.0075850696,0
img_03373_2023,0.0,0.01040718,0
img_03362_2023,0.0,0.013806203,0
img_03372_2023,0.0,0.01264303,0
img_03375_2023,0.0,0.003025712,0
img_03376_2023,0.0,0.015324114,0
img_03379_2023,0.0,0.09690552,0
img_03380_2023,0.0,0.0072297743,0
img_03378_2023,0.0,0.079128765,0
img_03374_2023,0.0,0.0007998472,0
img_03377_2023,0.0,0.018426131,0
img_03381_2023,0.0,0.0015209926,0
img_03363_2023,0.0,0.013497561,0
img_03386_2023,0.0,0.005884778,0
img_03384_2023,0.0,0.09451451,0
img_03388_2023,0.0,0.016538402,0
img_03389_2023,0.0,0.008303124,0
img_03395_2023,0.0,0.022054773,0
img_03387_2023,0.0,0.9720009,1
img_03391_2023,0.0,0.002367184,0
img_03385_2023,0.0,0.0019613304,0
img_03396_2023,0.0,0.0027237618,0
img_03398_2023,0.0,0.12397442,0
img_03280_p01_2023,0.0,0.107464716,0
img_03280_p02_2023,0.0,0.046763327,0
img_03280_p03_2023,0.0,0.021784594,0
img_03280_p04_2023,0.0,0.4623395,0
img_03280_p05_2023,0.0,0.14229044,0
img_03280_p06_2023,0.0,0.06399982,0
img_03399_2023,0.0,0.010290002,0
img_03401_2023,0.0,0.0015316646,0
img_03404_2023,0.0,0.0033836327,0
img_03400_2023,0.0,0.019876959,0
img_03407_2023,0.0,0.010149483,0
img_03402_2023,0.0,0.009137856,0
img_03414_2023,0.0,0.00404272,0
img_03409_2023,0.0,0.008201415,0
img_03410_2023,0.0,0.018143047,0
img_03415_2023,0.0,0.0047994605,0
img_03416_2023,0.0,0.009445393,0
img_03420_2023,0.0,0.0035397236,0
img_03418_2023,0.0,0.0043234406,0
img_03423_2023,0.0,0.025290113,0
img_03406_p01_2023,0.0,0.020249946,0
img_03425_2023,0.0,0.02272499,0
img_03419_2023,0.0,0.019780666,0
img_03413_2023,0.0,0.013215403,0
img_03422_2023,0.0,0.057623483,0
img_03370_p01_2023,0.0,0.0047053294,0
img_03370_p02_2023,0.0,0.019637724,0
img_03370_p03_2023,0.0,0.001704501,0
img_03370_p04_2023,0.0,0.003921159,0
img_03426_2023,0.0,0.03309751,0
img_03427_2023,0.0,0.03530314,0
img_03438_2023,0.0,0.0040801237,0
img_03437_2023,0.0,0.0033415495,0
img_03434_2023,0.0,0.012445015,0
img_03443_2023,0.0,0.012389255,0
img_03442_2023,0.0,0.008844762,0
img_03433_2023,0.0,0.018925458,0
img_03429_p01_2023,0.0,0.004664144,0
img_03429_p02_2023,0.0,0.0111381905,0
img_03446_2023,0.0,0.012504751,0
img_03382_p01_2023,0.0,0.0023227339,0
img_03382_p02_2023,0.0,0.0051000128,0
img_03382_p03_2023,0.0,0.0018593611,0
img_03382_p04_2023,0.0,0.009401558,0
img_03382_p05_2023,0.0,0.017878402,0
img_03430_p01_2023,0.0,0.016427416,0
img_03430_p02_2023,0.0,0.0015936887,0
img_03450_2023,0.0,0.024347186,0
img_03448_2023,0.0,0.001506238,0
img_03451_2023,0.0,0.0023078448,0
img_03455_2023,0.0,0.01905099,0
img_03454_2023,0.0,0.022098742,0
img_03459_2023,0.0,0.0017690832,0
img_03460_2023,0.0,0.001232255,0
img_03458_2023,0.0,0.14077318,0
img_03283_p01_2023,0.0,0.0114372615,0
img_03283_p02_2023,0.0,0.008895365,0
img_03283_p03_2023,0.0,0.0690117,0
img_03283_p04_2023,0.0,0.005016499,0
img_03283_p05_2023,0.0,0.00942543,0
img_03283_p06_2023,0.0,0.0040945653,0
img_03457_2023,0.0,0.0012391645,0
img_03453_2023,0.0,0.006068047,0
img_03465_2023,0.0,0.00408345,0
img_03468_2023,0.0,0.0056625265,0
img_03462_2023,0.0,0.0070822374,0
img_03467_2023,0.0,0.00085455534,0
img_03478_2023,0.0,0.19825594,0
img_03475_2023,0.0,0.00054679706,0
img_03469_2023,0.0,0.009942028,0
img_03479_2023,0.0,0.0038040534,0
img_03483_2023,0.0,0.026662815,0
img_03487_2023,0.0,0.012998032,0
img_03484_2023,0.0,0.015118559,0
img_03488_2023,0.0,0.0342852,0
img_03490_2023,0.0,0.031142425,0
img_03489_2023,0.0,0.028773045,0
img_03491_2023,0.0,0.094743274,0
img_03493_2023,0.0,0.038775787,0
img_03421_p01_2023,0.0,0.008229708,0
img_03421_p02_2023,0.0,0.009383443,0
img_03421_p03_2023,0.0,0.0056316913,0
img_03421_p04_2023,0.0,0.023223013,0
img_03421_p05_2023,0.0,0.0015744346,0
img_03499_2023,0.0,0.00046491134,0
img_03495_2023,0.0,0.0071751922,0
img_03498_2023,0.0,0.045929894,0
img_03500_2023,0.0,0.011410619,0
img_03503_2023,0.0,0.0049912645,0
img_03505_2023,0.0,0.0015923146,0
img_03504_2023,0.0,0.009247621,0
img_03502_2023,0.0,0.023301143,0
img_03501_2023,0.0,0.0038472912,0
img_03514_2023,0.0,0.0042804116,0
img_03511_2023,0.0,0.00031669653,0
img_03482_p01_2023,0.0,0.0044827247,0
img_03482_p02_2023,0.0,0.0040738108,0
img_03482_p03_2023,0.0,0.0034762577,0
img_03519_2023,0.0,0.08389287,0
img_03515_2023,0.0,0.003725478,0
img_03512_2023,0.0,0.00535051,0
img_03516_2023,0.0,0.0051712343,0
img_03520_2023,0.0,0.0062689325,0
img_03524_2023,0.0,0.0059158457,0
img_03525_2023,0.0,0.009382774,0
img_03510_2023,0.0,0.0026175822,0
img_03527_2023,0.0,0.040055487,0
img_03526_2023,0.0,0.0013285013,0
img_03535_2023,0.0,0.11264123,0
img_03509_p01_2023,0.0,0.0019206677,0
img_03509_p02_2023,0.0,0.0044519254,0
img_03536_2023,0.0,0.03369643,0
img_03537_2023,0.0,0.0027522338,0
img_03538_2023,0.0,0.008068694,0
img_03544_2023,0.0,0.116174296,0
img_03547_2023,0.0,0.290551,0
img_03543_2023,0.0,0.89589345,1
img_03546_2023,0.0,0.013300736,0
img_03553_2023,0.0,0.00541685,0
img_03552_2023,0.0,0.0923591,0
img_03550_2023,0.0,0.15772827,0
img_03530_p01_2023,0.0,0.015260158,0
img_03530_p02_2023,0.0,0.009657867,0
img_03554_2023,0.0,0.036897026,0
img_03555_2023,0.0,0.031304263,0
img_03560_2023,0.0,0.04940983,0
img_03559_2023,0.0,0.007454369,0
img_03558_2023,0.0,0.14983617,0
img_03507_p01_2023,0.0,0.0011503366,0
img_03507_p02_2023,0.0,0.0135348365,0
img_03507_p04_2023,0.0,0.0019573015,0
img_03566_2023,0.0,0.0012755451,0
img_03571_2023,0.0,0.08753794,0
img_03565_2023,0.0,0.14587453,0
img_03568_2023,0.0,0.019843712,0
img_03570_2023,0.0,0.013226407,0
img_03572_2023,0.0,0.014239159,0
img_03564_2023,0.0,0.01098383,0
img_03575_2023,0.0,0.02030553,0
img_03574_2023,0.0,0.0018400295,0
img_03576_2023,0.0,0.0027181995,0
img_03506_p01_2023,0.0,0.0071850317,0
img_03506_p02_2023,0.0,0.0022829887,0
img_03506_p03_2023,0.0,0.0016520759,0
img_03506_p04_2023,0.0,0.0031912588,0
img_03577_2023,0.0,0.00016580094,0
img_03585_2023,0.0,0.00065651175,0
img_03587_2023,0.0,0.00801898,0
img_03529_p01_2023,0.0,0.037962142,0
img_03592_2023,0.0,0.051218666,0
img_03580_2023,0.0,0.47930703,0
img_03591_2023,0.0,0.035249107,0
img_03590_2023,0.0,0.00029812552,0
img_03579_2023,0.0,0.09091857,0
img_03594_2023,0.0,0.08516588,0
img_03599_2023,0.0,0.67164737,0
img_03607_2023,0.0,0.012303332,0
img_03606_2023,0.0,0.4041964,0
img_03608_2023,0.0,0.032203414,0
img_03610_2023,0.0,0.005717155,0
img_03602_2023,0.0,0.065710574,0
img_03603_2023,0.0,0.049216617,0
img_03619_2023,0.0,0.05223736,0
img_03597_2023,0.0,0.038422484,0
img_03620_2023,0.0,0.006965148,0
img_03611_2023,0.0,0.08504967,0
img_03623_2023,0.0,0.9145643,1
img_03614_2023,0.0,0.11739461,0
img_03621_2023,0.0,0.0047401786,0
img_03617_2023,0.0,0.077308804,0
img_03628_2023,0.0,0.00078598375,0
img_03545_p01_2023,0.0,0.0013669969,0
img_03545_p02_2023,0.0,0.0022126017,0
img_03545_p03_2023,0.0,0.001418995,0
img_03545_p04_2023,0.0,0.006502658,0
img_03630_2023,0.0,0.29119208,0
img_03627_2023,0.0,0.05635538,0
img_03636_2023,0.0,0.028349712,0
img_03637_2023,0.0,0.019391175,0
img_03631_2023,0.0,0.005166701,0
img_03640_2023,0.0,0.31753302,0
img_03629_2023,0.0,0.00052620226,0
img_03638_2023,0.0,0.00907587,0
img_03643_2023,0.0,0.0011699176,0
img_03648_2023,0.0,0.050517004,0
img_03649_2023,0.0,0.0103924265,0
img_03647_2023,0.0,0.01570322,0
img_03655_2023,0.0,0.05798183,0
img_03659_2023,0.0,0.027768254,0
img_03661_2023,0.0,0.06625674,0
img_03653_2023,0.0,0.35939354,0
img_03665_2023,0.0,0.064518645,0
img_03645_2023,0.0,0.009929979,0
img_03662_2023,0.0,0.28818843,0
img_03664_2023,0.0,0.017325466,0
img_03654_2023,0.0,0.0026963437,0
img_03658_2023,0.0,0.054190077,0
img_03667_2023,0.0,0.03437339,0
img_03672_2023,0.0,0.016121086,0
img_03668_2023,0.0,0.00064756034,0
img_03676_2023,0.0,0.17549261,0
img_03674_2023,0.0,0.020560272,0
img_03671_2023,0.0,0.07766944,0
img_03684_2023,0.0,0.025867114,0
img_03680_2023,0.0,0.010909455,0
img_03666_2023,0.0,0.2083081,0
img_03681_2023,0.0,0.002840984,0
img_03687_2023,0.0,0.0037518113,0
img_03682_2023,0.0,0.2597364,0
img_03689_2023,0.0,0.014921245,0
img_03686_2023,0.0,0.04915198,0
img_03683_2023,0.0,0.061756916,0
img_03696_2023,0.0,0.00069987605,0
img_03700_2023,0.0,0.0018525885,0
img_03694_2023,0.0,0.011923774,0
img_03698_2023,0.0,0.015006225,0
img_03703_2023,0.0,0.00947272,0
img_03693_2023,0.0,0.0021980458,0
img_03710_2023,0.0,0.95841694,1
img_03690_2023,0.0,0.022345657,0
img_03706_2023,0.0,0.012628568,0
img_03709_2023,0.0,0.011540577,0
img_03702_2023,0.0,0.010092902,0
img_03715_2023,0.0,0.00081219414,0
img_03714_2023,0.0,0.59261996,0
img_03719_2023,0.0,0.53602105,0
img_03720_2023,0.0,0.022066796,0
img_03723_2023,0.0,0.02099252,0
img_03727_2023,0.0,0.033156745,0
img_03721_2023,0.0,0.024352001,0
img_03726_2023,0.0,0.010286624,0
img_03713_2023,0.0,0.0053782454,0
img_03733_2023,0.0,0.11701665,0
img_03728_2023,0.0,0.007916972,0
img_03722_2023,0.0,0.014846316,0
img_03736_2023,0.0,0.049999107,0
img_03740_2023,0.0,0.095636114,0
img_03743_2023,0.0,0.0013850166,0
img_03746_2023,0.0,0.012558222,0
img_03745_2023,0.0,0.0005437543,0
img_03738_2023,0.0,0.0138292555,0
img_03718_2023,0.0,0.015723366,0
img_03750_2023,0.0,0.5629531,0
img_03752_2023,0.0,0.019467354,0
img_03754_2023,0.0,0.016158056,0
img_03758_2023,0.0,0.0154192075,0
img_03734_2023,0.0,0.0007495295,0
img_03753_2023,0.0,0.20789337,0
img_03756_2023,0.0,0.019829134,0
img_03760_2023,0.0,0.011084868,0
img_03764_2023,0.0,0.00068776513,0
img_03768_2023,0.0,0.56240433,0
img_03769_2023,0.0,0.6001918,0
img_03765_2023,0.0,0.000761214,0
img_03772_2023,0.0,0.01593427,0
img_03771_2023,0.0,0.062035285,0
img_03774_2023,0.0,0.015616295,0
img_03775_2023,0.0,0.35886234,0
img_03776_2023,0.0,0.022998014,0
img_03779_2023,0.0,0.010770264,0
img_03778_2023,0.0,0.018185088,0
img_03773_2023,0.0,0.116248846,0
img_03786_2023,0.0,0.031662144,0
img_03783_2023,0.0,0.0048689023,0
img_03749_p01_2023,0.0,0.05658265,0
img_03749_p02_2023,0.0,0.05982005,0
img_03796_2023,0.0,0.01274017,0
img_03784_2023,0.0,0.0014659354,0
img_03800_2023,0.0,0.0011721144,0
img_03785_2023,0.0,0.018093564,0
img_03804_2023,0.0,0.0800921,0
img_03807_2023,0.0,0.017060872,0
img_03808_2023,0.0,0.00078793464,0
img_03810_2023,0.0,0.06431061,0
img_03813_2023,0.0,0.023821551,0
img_03811_2023,0.0,0.0009402606,0
img_03819_2023,0.0,0.08791017,0
img_03817_2023,0.0,0.06347652,0
img_03787_p01_2023,0.0,0.006929548,0
img_03787_p02_2023,0.0,0.12499489,0
img_03814_2023,0.0,0.028671604,0
img_03820_2023,0.0,0.013236985,0
img_03821_2023,0.0,0.00075692043,0
img_03797_2023,0.0,0.12087425,0
img_03826_2023,0.0,0.028293848,0
img_03829_2023,0.0,0.0012281939,0
img_03822_2023,0.0,0.005352182,0
img_03830_2023,0.0,0.016764443,0
img_03824_2023,0.0,0.059445538,0
img_03818_2023,0.0,0.11414739,0
img_03836_2023,0.0,0.0020790098,0
img_03832_2023,0.0,0.0066914298,0
img_03834_2023,0.0,0.023102434,0
img_03831_2023,0.0,0.00028202613,0
img_03835_2023,0.0,0.012543487,0
img_03838_2023,0.0,0.010431194,0
img_03827_2023,0.0,0.0012506412,0
img_03854_2023,0.0,0.0064233365,0
img_03849_2023,0.0,0.031565845,0
img_03848_2023,0.0,0.0028973743,0
img_03847_2023,0.0,0.022477085,0
img_03853_2023,0.0,0.010676615,0
img_03858_2023,0.0,0.0065041706,0
img_03851_2023,0.0,0.060596693,0
img_03857_2023,0.0,0.03286469,0
img_03861_2023,0.0,0.06399329,0
img_03860_2023,0.0,0.0735782,0
img_03844_2023,0.0,0.15363891,0
img_03862_2023,0.0,0.007663208,0
img_03875_2023,0.0,0.0029551864,0
img_03871_2023,0.0,0.109727815,0
img_03876_2023,0.0,0.01777778,0
img_03882_2023,0.0,0.006995447,0
img_03877_2023,0.0,0.009047556,0
img_03879_2023,0.0,0.8667881,1
img_03883_2023,0.0,0.15944222,0
img_03886_2023,0.0,0.08111483,0
img_03865_2023,0.0,0.017135408,0
img_03890_2023,0.0,0.0023877602,0
img_03887_2023,0.0,0.02260293,0
img_03893_2023,0.0,0.011465078,0
img_03889_2023,0.0,0.021959081,0
img_03888_2023,0.0,0.023174655,0
img_03885_2023,0.0,0.0059353216,0
img_03892_2023,0.0,0.0015733376,0
img_03894_2023,0.0,0.020414395,0
img_03899_2023,0.0,0.02082941,0
img_03903_2023,0.0,0.057165254,0
img_03905_2023,0.0,0.0011777619,0
img_03900_2023,0.0,0.17318705,0
img_03806_p01_2023,0.0,0.0011816773,0
img_03806_p02_2023,0.0,0.45207006,0
img_03806_p03_2023,0.0,0.05959792,0
img_03806_p04_2023,0.0,0.013673104,0
img_03904_2023,0.0,0.5737039,0
img_03912_2023,0.0,0.0019344909,0
img_03902_2023,0.0,0.0013946168,0
img_03911_2023,0.0,0.006172682,0
img_03908_2023,0.0,0.013963327,0
img_03919_2023,0.0,0.009525364,0
img_03922_2023,0.0,0.052594997,0
img_03901_p01_2023,0.0,0.22776453,0
img_03901_p02_2023,0.0,0.49742895,0
img_03920_2023,0.0,0.023105351,0
img_03921_2023,0.0,0.0042735385,0
img_03930_2023,0.0,0.035484508,0
img_03931_2023,0.0,0.39338237,0
img_03941_2023,0.0,0.004302566,0
img_03938_2023,0.0,0.65723735,0
img_03933_2023,0.0,0.33795267,0
img_03936_2023,0.0,0.0021515011,0
img_03949_2023,0.0,0.24295275,0
img_03946_2023,0.0,0.30691734,0
img_03872_p01_2023,0.0,0.0037173945,0
img_03872_p02_2023,0.0,0.0073446156,0
img_03872_p03_2023,0.0,0.011050371,0
img_03872_p04_2023,0.0,0.016442586,0
img_03872_p05_2023,0.0,0.0068630353,0
img_03956_2023,0.0,0.015880832,0
img_03945_2023,0.0,0.06279183,0
img_03961_2023,0.0,0.0187403,0
img_03960_2023,0.0,0.0055341413,0
img_03959_2023,0.0,0.004000344,0
img_03967_2023,0.0,0.017859098,0
img_03962_2023,0.0,0.00078536023,0
img_03965_2023,0.0,0.0063572796,0
img_03970_2023,0.0,0.035620663,0
img_03963_2023,0.0,0.03710653,0
img_03968_2023,0.0,0.044862233,0
img_03972_2023,0.0,0.013203725,0
img_03973_2023,0.0,0.03697555,0
img_03950_p01_2023,0.0,0.0026766094,0
img_03950_p02_2023,0.0,0.06416315,0
img_03974_2023,0.0,0.028645063,0
img_03977_2023,0.0,0.016903063,0
img_03976_2023,0.0,0.017593633,0
img_03983_2023,0.0,0.0107977595,0
img_03978_2023,0.0,0.037728854,0
img_03985_2023,0.0,0.013642025,0
img_03984_2023,0.0,0.001735749,0
img_03980_2023,0.0,0.021344569,0
img_03987_2023,0.0,0.14303415,0
img_03991_2023,0.0,0.009837365,0
img_03992_2023,0.0,0.0159233,0
img_03999_2023,0.0,0.06733576,0
img_03986_2023,0.0,0.0483025,0
img_04000_2023,0.0,0.02765717,0
img_04002_2023,0.0,0.024223337,0
img_04006_2023,0.0,0.00055079174,0
img_04005_2023,0.0,0.02486172,0
img_04007_2023,0.0,0.0017949432,0
img_04003_2023,0.0,0.022738505,0
img_04009_2023,0.0,0.028075391,0
img_04012_2023,0.0,0.024029799,0
img_04011_2023,0.0,0.0045692525,0
img_04010_2023,0.0,0.049617026,0
img_03971_p01_2023,0.0,0.04858423,0
img_03971_p02_2023,0.0,0.039004438,0
img_03997_p01_2023,0.0,0.012799619,0
img_03997_p02_2023,0.0,0.11616204,0
img_04017_2023,0.0,0.04715704,0
img_04018_2023,0.0,0.018894989,0
img_04023_2023,0.0,0.019191077,0
img_04020_2023,0.0,0.13119002,0
img_04027_2023,0.0,0.06967248,0
img_04025_2023,0.0,0.053064354,0
img_04022_2023,0.0,0.0032004889,0
img_04015_2023,0.0,0.00042627798,0
img_04031_2023,0.0,0.17244606,0
img_04019_2023,0.0,0.16465959,0
img_03926_p01_2023,0.0,0.041335694,0
img_03926_p02_2023,0.0,0.106217384,0
img_03926_p03_2023,0.0,0.001514574,0
img_03926_p04_2023,0.0,0.062648654,0
img_03926_p05_2023,0.0,0.06894068,0
img_03926_p06_2023,0.0,0.018944237,0
img_03937_p01_2023,0.0,0.019011766,0
img_03937_p02_2023,0.0,0.14046352,0
img_03937_p03_2023,0.0,0.006512509,0
img_03937_p04_2023,0.0,0.060049605,0
img_03937_p05_2023,0.0,0.062176846,0
img_04035_2023,0.0,0.0018945553,0
img_04038_2023,0.0,0.17962228,0
img_04036_2023,0.0,0.005314131,0
img_04042_2023,0.0,0.014170605,0
img_04033_2023,0.0,0.07106362,0
img_04044_2023,0.0,0.010624961,0
img_04041_2023,0.0,0.0052530216,0
img_04046_2023,0.0,0.2081792,0
img_04048_2023,0.0,0.063894525,0
img_04054_2023,0.0,0.04778015,0
img_04047_2023,0.0,0.079180524,0
img_03998_p01_2023,0.0,0.006148211,0
img_03998_p02_2023,0.0,0.04788147,0
img_03998_p03_2023,0.0,0.054946255,0
img_03998_p04_2023,0.0,0.0024824725,0
img_04061_2023,0.0,0.0018594749,0
img_04056_2023,0.0,0.031534117,0
img_04052_2023,0.0,0.005804279,0
img_04059_2023,0.0,0.024348252,0
img_04063_2023,0.0,0.0048191356,0
img_04067_2023,0.0,0.035410527,0
img_04064_2023,0.0,0.12643889,0
img_04065_2023,0.0,0.0018934617,0
img_04072_2023,0.0,0.0031497974,0
img_04074_2023,0.0,0.007560289,0
img_04075_2023,0.0,0.41876164,0
img_04050_p01_2023,0.0,0.019628802,0
img_04050_p02_2023,0.0,0.027463516,0
img_04073_2023,0.0,0.04207764,0
img_04078_2023,0.0,0.02226469,0
img_04081_2023,0.0,0.0047862963,0
img_03825_p05_2023,0.0,0.039977435,0
img_03825_p06_2023,0.0,0.07677586,0
img_03825_p07_2023,0.0,0.41802853,0
img_03825_p08_2023,0.0,0.08272903,0
img_03825_p09_2023,0.0,0.13538279,0
img_03825_p11_2023,0.0,0.028547253,0
img_03825_p12_2023,0.0,0.011668039,0
img_03825_p13_2023,0.0,0.31002098,0
img_03825_p14_2023,0.0,0.1493315,0
img_04091_2023,0.0,0.012275658,0
img_04095_2023,0.0,0.008508844,0
img_04096_2023,0.0,0.0013212502,0
img_04094_2023,0.0,0.07886486,0
img_04093_2023,0.0,0.0062995837,0
img_04099_2023,0.0,0.0011132063,0
img_03969_p01_2023,0.0,0.007817902,0
img_03969_p02_2023,0.0,0.0013201004,0
img_03969_p03_2023,0.0,0.01090884,0
img_03969_p04_2023,0.0,0.009248362,0
img_03969_p05_2023,0.0,0.014893599,0
img_03969_p06_2023,0.0,0.0055399425,0
img_03969_p07_2023,0.0,0.025207132,0
img_03969_p08_2023,0.0,0.010128672,0
img_04106_2023,0.0,0.14925152,0
img_04030_p01_2023,0.0,0.009788832,0
img_04030_p02_2023,0.0,0.048818845,0
img_04030_p03_2023,0.0,0.05578641,0
img_04030_p04_2023,0.0,0.04502772,0
img_04097_2023,0.0,0.0006375258,0
img_04102_2023,0.0,0.1405482,0
img_04107_2023,0.0,0.0009777949,0
img_04108_2023,0.0,0.012081053,0
img_04103_2023,0.0,0.044619948,0
img_04112_2023,0.0,0.04200063,0
img_04100_2023,0.0,0.028561492,0
img_04115_2023,0.0,0.016007226,0
img_04116_2023,0.0,0.0062040254,0
img_04117_2023,0.0,0.03180777,0
img_04122_2023,0.0,0.61673194,0
img_04123_2023,0.0,0.0026731086,0
img_04126_2023,0.0,0.0034560864,0
img_04087_p01_2023,0.0,0.0016307672,0
img_04087_p02_2023,0.0,0.010202136,0
img_04125_2023,0.0,0.0077087344,0
img_04130_2023,0.0,0.20194688,0
img_04135_2023,0.0,0.013905441,0
img_04131_2023,0.0,0.005655758,0
img_04129_2023,0.0,0.05743953,0
img_04133_2023,0.0,0.0074913413,0
img_04143_2023,0.0,0.005682404,0
img_04141_2023,0.0,0.022199154,0
img_04128_2023,0.0,0.013277923,0
img_04139_2023,0.0,0.03852979,0
img_04142_2023,0.0,0.025509004,0
img_04132_2023,0.0,0.0376052,0
img_04147_2023,0.0,0.018627498,0
img_04136_2023,0.0,0.120720014,0
img_04155_2023,0.0,0.011004453,0
img_04146_2023,0.0,0.030020904,0
img_04157_2023,0.0,0.24872208,0
img_04154_2023,0.0,0.02779929,0
img_04162_2023,0.0,0.0033229582,0
img_04159_2023,0.0,0.013313018,0
img_04165_2023,0.0,0.0030996595,0
img_04167_2023,0.0,0.17856799,0
img_04163_2023,0.0,0.035946015,0
img_04150_2023,0.0,0.032650486,0
img_04153_2023,0.0,0.0035502277,0
img_04151_2023,0.0,0.91055983,1
img_04169_2023,0.0,0.004607396,0
img_04172_2023,0.0,0.06253943,0
img_04175_2023,0.0,0.012879493,0
img_04180_2023,0.0,0.01608124,0
img_04182_2023,0.0,0.490295,0
img_04177_2023,0.0,0.008850085,0
img_04184_2023,0.0,0.01408087,0
img_04152_p01_2023,0.0,0.01696328,0
img_04152_p02_2023,0.0,0.21494111,0
img_04185_2023,0.0,0.30363005,0
img_04201_2023,0.0,0.00023705245,0
img_04190_2023,0.0,0.009700099,0
img_04197_2023,0.0,0.21602297,0
img_04111_p01_2023,0.0,0.037138864,0
img_04111_p02_2023,0.0,0.0007715019,0
img_04111_p03_2023,0.0,0.01406618,0
img_04111_p04_2023,0.0,0.0033650629,0
img_04204_2023,0.0,0.633969,0
img_04198_2023,0.0,0.005405829,0
img_04199_2023,0.0,0.15483895,0
img_04208_2023,0.0,0.010202254,0
img_04214_2023,0.0,0.04769719,0
img_04211_2023,0.0,0.038184013,0
img_04216_2023,0.0,0.00022901417,0
img_04218_2023,0.0,0.07266647,0
img_04215_2023,0.0,0.049201835,0
img_04220_2023,0.0,0.08737506,0
img_04210_2023,0.0,0.015862802,0
img_04224_2023,0.0,0.065979294,0
img_04228_2023,0.0,0.0047460324,0
img_04225_2023,0.0,0.073723815,0
img_04235_2023,0.0,0.023749013,0
img_04234_2023,0.0,0.033625495,0
img_04232_2023,0.0,0.02542902,0
img_04229_2023,0.0,0.05578687,0
img_04239_2023,0.0,0.028773135,0
img_04236_2023,0.0,0.0553904,0
img_04227_2023,0.0,0.016500311,0
img_04213_2023,0.0,0.007908485,0
img_04242_2023,0.0,0.087135874,0
img_04245_2023,0.0,0.021710863,0
img_04243_2023,0.0,0.05200677,0
img_04209_p01_2023,0.0,0.037059106,0
img_04209_p02_2023,0.0,0.049913984,0
img_04247_2023,0.0,0.02586866,0
img_04249_2023,0.0,0.0117474375,0
img_04248_2023,0.0,0.31831187,0
img_04244_2023,0.0,0.0043155355,0
img_04251_2023,0.0,0.021132534,0
img_04255_2023,0.0,0.009253701,0
img_04246_2023,0.0,0.92617095,1
img_04254_2023,0.0,0.0036620037,0
img_04262_2023,0.0,0.0001863504,0
img_04259_2023,0.0,0.025564823,0
img_04261_2023,0.0,0.003749818,0
img_04266_2023,0.0,0.027644193,0
img_04263_2023,0.0,0.014118174,0
img_04270_2023,0.0,0.006395228,0
img_04280_2023,0.0,0.13169843,0
img_04275_2023,0.0,0.017012699,0
img_04276_2023,0.0,0.42367402,0
img_04278_2023,0.0,0.0008801175,0
img_04274_2023,0.0,0.12315277,0
img_04283_2023,0.0,0.19996095,0
img_04279_2023,0.0,0.0041606943,0
img_04281_2023,0.0,0.002570355,0
img_04290_2023,0.0,0.036082197,0
img_04288_2023,0.0,0.010805862,0
img_04287_2023,0.0,0.10242909,0
img_04292_2023,0.0,0.07795055,0
img_04286_2023,0.0,0.082811356,0
img_04291_2023,0.0,0.27407175,0
img_04296_2023,0.0,0.011455262,0
img_04295_2023,0.0,0.004684725,0
img_04289_2023,0.0,0.002015975,0
img_04297_2023,0.0,0.011622647,0
img_04302_2023,0.0,0.002416059,0
img_04299_2023,0.0,0.024393385,0
img_04294_2023,0.0,0.008134801,0
img_04298_2023,0.0,0.0012149622,0
img_04310_2023,0.0,0.047034375,0
img_04320_2023,0.0,0.0025620493,0
img_04315_2023,0.0,0.033314753,0
img_04317_2023,0.0,0.010253476,0
img_04323_2023,0.0,0.0532615,0
img_04324_2023,0.0,0.02404831,0
img_04322_2023,0.0,0.020048857,0
img_04326_2023,0.0,0.0009386435,0
img_04312_2023,0.0,0.0009673804,0
img_04332_2023,0.0,0.0096426355,0
img_04335_2023,0.0,0.0020143637,0
img_04340_2023,0.0,0.008920209,0
img_04342_2023,0.0,0.006130143,0
img_04300_p01_2023,0.0,0.008133506,0
img_04300_p02_2023,0.0,0.02860772,0
img_04343_2023,0.0,0.0031352497,0
img_04344_2023,0.0,0.011221668,0
img_04352_2023,0.0,0.0054226364,0
img_04354_2023,0.0,0.019259455,0
img_04357_2023,0.0,0.006206589,0
img_04358_2023,0.0,0.27307573,0
img_04363_2023,0.0,0.16484512,0
img_04360_2023,0.0,0.00075651566,0
img_04381_2023,0.0,0.058150064,0
img_04378_2023,0.0,0.02060222,0
img_04383_2023,0.0,0.0033407398,0
img_04371_2023,0.0,0.0033820956,0
img_04385_2023,0.0,0.4290402,0
img_04379_2023,0.0,0.0019228403,0
img_04388_2023,0.0,0.04966169,0
img_04386_2023,0.0,0.0010295983,0
img_04390_2023,0.0,0.071778275,0
img_04389_2023,0.0,0.02330242,0
img_04336_p01_2023,0.0,0.010494427,0
img_04336_p02_2023,0.0,0.009961889,0
img_04394_2023,0.0,0.003205423,0
img_04392_2023,0.0,0.007222435,0
img_04400_2023,0.0,0.0073165135,0
img_04384_p01_2023,0.0,0.0125051085,0
img_04405_2023,0.0,0.57144415,0
img_04399_2023,0.0,0.034629844,0
img_04407_2023,0.0,0.020641793,0
img_04403_2023,0.0,0.0077011297,0
img_04408_2023,0.0,0.03399267,0
img_04409_2023,0.0,0.03000487,0
img_04413_2023,0.0,0.00525089,0
img_04418_2023,0.0,0.0005174725,0
img_04424_2023,0.0,0.011671552,0
img_04421_2023,0.0,0.0010173278,0
img_04425_2023,0.0,0.006607469,0
img_04430_2023,0.0,0.014061901,0
img_04428_2023,0.0,0.0103911515,0
img_04436_2023,0.0,0.0035009193,0
img_04432_2023,0.0,0.055665445,0
img_04434_2023,0.0,0.0012240302,0
img_04438_2023,0.0,0.00036984347,0
img_04449_2023,0.0,0.031366207,0
img_04450_2023,0.0,0.017727513,0
img_04447_2023,0.0,0.22059307,0
img_04451_2023,0.0,0.012016595,0
img_04453_2023,0.0,0.015002005,0
img_04439_2023,0.0,0.02412298,0
img_04458_2023,0.0,0.09116518,0
img_04474_2023,0.0,0.005742344,0
img_04461_2023,0.0,0.006566106,0
img_04480_2023,0.0,0.103513524,0
img_04481_2023,0.0,0.017067775,0
img_04475_2023,0.0,0.014422248,0
img_04482_2023,0.0,0.0036030314,0
img_04462_2023,0.0,0.048549633,0
img_04479_2023,0.0,0.07047274,0
img_04486_2023,0.0,0.021777783,0
img_04492_2023,0.0,0.011018263,0
img_04491_2023,0.0,0.0030374615,0
img_04490_2023,0.0,0.0035702488,0
img_04505_2023,0.0,0.016168099,0
img_04500_2023,0.0,0.007713483,0
img_04502_2023,0.0,0.19745955,0
img_04495_2023,0.0,0.017293077,0
img_04513_2023,0.0,0.010959612,0
img_04503_2023,0.0,0.0054780683,0
img_04509_2023,0.0,0.020030433,0
img_04512_2023,0.0,0.45760435,0
img_04520_2023,0.0,0.017976433,0
img_04521_2023,0.0,0.002953114,0
img_04530_2023,0.0,0.025806632,0
img_04525_2023,0.0,0.0062829345,0
img_04529_2023,0.0,0.042612545,0
img_04528_2023,0.0,0.0038329768,0
img_04522_2023,0.0,0.0049010944,0
img_04533_2023,0.0,0.6390108,0
img_04527_2023,0.0,0.02574318,0
img_04553_2023,0.0,0.015978288,0
img_04544_2023,0.0,0.024321713,0
img_04560_2023,0.0,0.24914822,0
img_04546_2023,0.0,0.024958216,0
img_04551_2023,0.0,0.009653503,0
img_04555_2023,0.0,0.008603008,0
img_04561_2023,0.0,0.01379169,0
img_04549_2023,0.0,0.0019056725,0
img_04563_2023,0.0,0.034999706,0
img_04576_2023,0.0,0.124994874,0
img_04570_2023,0.0,0.03126224,0
img_04573_2023,0.0,0.07787368,0
img_04569_2023,0.0,0.0060046036,0
img_04577_2023,0.0,0.051585518,0
img_04562_2023,0.0,0.0080061145,0
img_04565_2023,0.0,0.14359155,0
img_04580_2023,0.0,0.001373859,0
img_04584_2023,0.0,0.014289444,0
img_04582_2023,0.0,0.035627306,0
img_04581_2023,0.0,0.001275328,0
img_04594_2023,0.0,0.04317138,0
img_04588_2023,0.0,0.0069878562,0
img_04599_2023,0.0,0.0027297693,0
img_04596_2023,0.0,0.10503892,0
img_04593_2023,0.0,0.006475462,0
img_04587_2023,0.0,0.0012827622,0
img_04597_2023,0.0,0.016138759,0
img_04601_2023,0.0,0.37097844,0
img_04603_2023,0.0,0.1376256,0
img_04605_2023,0.0,0.0039559053,0
img_04602_2023,0.0,0.1969017,0
img_04613_2023,0.0,0.00033306173,0
img_04614_2023,0.0,0.0065006115,0
img_04606_2023,0.0,0.0047453274,0
img_04608_2023,0.0,0.013676184,0
img_04619_2023,0.0,0.11843836,0
img_04624_2023,0.0,0.007891277,0
img_04611_2023,0.0,0.008421517,0
img_04620_2023,0.0,0.00081215985,0
img_04623_2023,0.0,0.21044473,0
img_04609_2023,0.0,0.0007158718,0
img_04630_2023,0.0,0.0010729238,0
img_04636_2023,0.0,0.02438407,0
img_04635_2023,0.0,0.0042612106,0
img_04632_2023,0.0,0.0023045545,0
img_04642_2023,0.0,0.011519702,0
img_04649_2023,0.0,0.0015013587,0
img_04648_2023,0.0,0.016840082,0
img_04645_2023,0.0,0.0033061318,0
img_04654_2023,0.0,0.10182381,0
img_04657_2023,0.0,0.1369648,0
img_04661_2023,0.0,0.07682155,0
img_04653_2023,0.0,0.008162343,0
img_04663_2023,0.0,0.004813836,0
img_04669_2023,0.0,0.21837947,0
img_04675_2023,0.0,0.28696132,0
img_04666_2023,0.0,0.01513735,0
img_04671_2023,0.0,0.048982974,0
img_04685_2023,0.0,0.14630221,0
img_04686_2023,0.0,0.0013951563,0
img_04676_2023,0.0,0.0021264397,0
img_04691_2023,0.0,0.012313634,0
img_04690_2023,0.0,0.002339601,0
img_04695_2023,0.0,0.037465148,0
img_04681_2023,0.0,0.0048958235,0
img_04692_2023,0.0,0.028073967,0
img_04699_2023,0.0,0.03234903,0
img_04700_2023,0.0,0.0059954496,0
img_04696_2023,0.0,0.0017739024,0
img_04703_2023,0.0,0.166711,0
img_04698_2023,0.0,0.13958035,0
img_04704_2023,0.0,0.0031524356,0
img_04711_2023,0.0,0.027387839,0
img_04710_2023,0.0,0.0022735572,0
img_04708_2023,0.0,0.0037183997,0
img_04706_2023,0.0,0.011293931,0
img_04709_2023,0.0,0.004683215,0
img_04718_2023,0.0,0.0018515002,0
img_04712_2023,0.0,0.0017138105,0
img_04721_2023,0.0,0.03148009,0
img_04719_2023,0.0,0.0057671275,0
img_04716_2023,0.0,0.05741468,0
img_04723_2023,0.0,0.826283,1
img_04725_2023,0.0,0.001345312,0
img_04726_2023,0.0,0.6001374,0
img_04720_2023,0.0,0.0018790452,0
img_04722_2023,0.0,0.043206103,0
img_04730_2023,0.0,0.08691894,0
img_04715_2023,0.0,0.03445599,0
img_04735_2023,0.0,0.282093,0
img_04739_2023,0.0,0.15575889,0
img_04738_2023,0.0,0.3592221,0
img_04736_2023,0.0,0.0061806957,0
img_04743_2023,0.0,0.0008993136,0
img_04741_2023,0.0,0.5346403,0
img_04746_2023,0.0,0.015486787,0
img_04742_2023,0.0,0.3173831,0
img_04753_2023,0.0,0.003298565,0
img_04750_2023,0.0,0.0114198,0
img_04751_2023,0.0,0.016849687,0
img_04756_2023,0.0,0.0047703967,0
img_04754_2023,0.0,0.55095774,0
img_04758_2023,0.0,0.008343281,0
img_04728_2023,0.0,0.070515044,0
img_04764_2023,0.0,0.0051363604,0
img_04761_2023,0.0,0.1603299,0
img_04770_2023,0.0,0.04030676,0
img_04771_2023,0.0,0.005896657,0
img_04694_p03_2023,0.0,0.0032491316,0
img_04765_2023,0.0,0.08761427,0
img_04773_2023,0.0,0.005870633,0
img_04780_2023,0.0,0.008380042,0
img_04768_2023,0.0,0.005519266,0
img_04774_2023,0.0,0.27421618,0
img_04779_2023,0.0,0.025847059,0
img_04782_2023,0.0,0.010637639,0
img_04783_2023,0.0,0.0066165985,0
img_04784_2023,0.0,0.058312785,0
img_04781_2023,0.0,0.0016447119,0
img_04778_2023,0.0,0.03504138,0
img_04786_2023,0.0,0.0010190494,0
img_04789_2023,0.0,0.016081493,0
img_04787_2023,0.0,0.023205725,0
img_04788_2023,0.0,0.03772553,0
img_04793_2023,0.0,0.043778498,0
img_04792_2023,0.0,0.009752353,0
img_04797_2023,0.0,0.021130297,0
img_04791_2023,0.0,0.0026954722,0
img_04799_2023,0.0,0.17532347,0
img_04796_2023,0.0,0.03827995,0
img_04795_2023,0.0,0.28503594,0
img_04798_2023,0.0,0.025844699,0
img_04804_2023,0.0,0.008832617,0
img_04785_2023,0.0,0.007189583,0
img_04803_2023,0.0,0.0028389667,0
img_04811_2023,0.0,0.3979223,0
img_04812_2023,0.0,0.0131188985,0
img_04814_2023,0.0,0.2753987,0
img_04702_p01_2023,0.0,0.0029608891,0
img_04702_p02_2023,0.0,0.021463677,0
img_04702_p03_2023,0.0,0.004474317,0
img_04702_p04_2023,0.0,0.13009566,0
img_04702_p05_2023,0.0,0.0040408857,0
img_04702_p06_2023,0.0,0.019300591,0
img_04763_p01_2023,0.0,0.0033183072,0
img_04763_p02_2023,0.0,0.030510366,0
img_04816_2023,0.0,0.0063338364,0
img_04818_2023,0.0,0.017011315,0
img_04809_2023,0.0,0.041725792,0
img_04820_2023,0.0,0.618674,0
img_04805_2023,0.0,0.004879537,0
img_04822_2023,0.0,0.21972354,0
img_04825_2023,0.0,0.015755832,0
img_04824_2023,0.0,0.058273543,0
img_04828_2023,0.0,0.00044818703,0
img_04833_2023,0.0,0.5925416,0
img_04836_2023,0.0,0.0006108731,0
img_04835_2023,0.0,0.03188624,0
img_04829_2023,0.0,0.017808905,0
img_04841_2023,0.0,0.000773894,0
img_04839_2023,0.0,0.016066741,0
img_04838_2023,0.0,0.032473877,0
img_04840_2023,0.0,0.0031960458,0
img_04827_2023,0.0,0.009497005,0
img_04843_2023,0.0,0.030966457,0
img_04845_2023,0.0,0.0034686879,0
img_04848_2023,0.0,0.05252897,0
img_04844_2023,0.0,0.0076552965,0
img_04846_2023,0.0,0.004355478,0
img_04849_2023,0.0,0.06791024,0
img_04850_2023,0.0,0.010106305,0
img_04853_2023,0.0,0.008517612,0
img_04852_2023,0.0,0.056327753,0
img_04856_2023,0.0,0.2544902,0
img_04863_2023,0.0,0.104812026,0
img_04868_2023,0.0,0.0014752562,0
img_04864_2023,0.0,0.09070193,0
img_04867_2023,0.0,0.0053042453,0
img_04861_2023,0.0,0.013632804,0
img_04865_2023,0.0,0.17826726,0
img_04871_2023,0.0,0.0031638194,0
img_04869_2023,0.0,0.00019402613,0
img_04876_2023,0.0,0.005567424,0
img_04872_2023,0.0,0.036907945,0
img_04870_2023,0.0,0.004739291,0
img_04875_2023,0.0,0.15525119,0
img_04873_2023,0.0,0.0035467737,0
img_04880_2023,0.0,0.0133798495,0
img_04883_2023,0.0,0.0064486936,0
img_04878_2023,0.0,0.20868576,0
img_04882_2023,0.0,0.012591699,0
img_04748_p01_2023,0.0,0.004621205,0
img_04748_p02_2023,0.0,0.00541018,0
img_04748_p03_2023,0.0,0.009842396,0
img_04748_p04_2023,0.0,0.0018188771,0
img_04748_p05_2023,0.0,0.015047653,0
img_04748_p06_2023,0.0,0.0033266612,0
img_04748_p07_2023,0.0,0.025893684,0
img_04892_2023,0.0,0.11060853,0
img_04888_2023,0.0,0.00032858766,0
img_04891_2023,0.0,0.0046318406,0
img_04895_2023,0.0,0.24907163,0
img_04899_2023,0.0,0.00055373966,0
img_04900_2023,0.0,0.0059351004,0
img_04902_2023,0.0,0.6584408,0
img_04903_2023,0.0,0.17837706,0
img_04906_2023,0.0,0.17360571,0
img_04898_2023,0.0,0.04326118,0
img_04909_2023,0.0,0.036453128,0
img_04908_2023,0.0,0.12046361,0
img_04904_2023,0.0,0.007229661,0
img_04831_p02_2023,0.0,0.009888661,0
img_04831_p03_2023,0.0,0.005274455,0
img_04831_p04_2023,0.0,0.028950322,0
img_04907_2023,0.0,0.037397735,0
img_04912_2023,0.0,0.8559333,1
img_04914_2023,0.0,0.00890939,0
img_04916_2023,0.0,0.00075715466,0
img_04913_2023,0.0,0.0011380829,0
img_04919_2023,0.0,0.11503488,0
img_04924_2023,0.0,0.0015239439,0
img_04922_2023,0.0,0.009682851,0
img_04917_2023,0.0,0.027332693,0
img_04921_2023,0.0,0.51855016,0
img_04926_2023,0.0,0.63337773,0
img_04910_2023,0.0,0.0027076155,0
img_04929_2023,0.0,0.0052381344,0
img_04911_p01_2023,0.0,0.034868605,0
img_04911_p02_2023,0.0,0.008131923,0
img_04930_2023,0.0,0.1278956,0
img_04935_2023,0.0,0.04161643,0
img_04937_2023,0.0,0.022355285,0
img_04932_2023,0.0,0.6758692,0
img_04933_2023,0.0,0.026006615,0
img_04874_p01_2023,0.0,0.05161313,0
img_04874_p02_2023,0.0,0.027392548,0
img_04874_p03_2023,0.0,0.011454712,0
img_04874_p04_2023,0.0,0.040595256,0
img_04938_2023,0.0,0.0005053288,0
img_04943_2023,0.0,0.0073084487,0
img_04947_2023,0.0,0.0022075297,0
img_04945_2023,0.0,0.10355385,0
img_04941_2023,0.0,0.213554,0
img_04944_2023,0.0,0.027761066,0
img_04948_2023,0.0,0.021960901,0
img_04949_2023,0.0,0.021045366,0
img_04953_2023,0.0,0.20140064,0
img_04952_2023,0.0,0.11541915,0
img_04956_2023,0.0,0.00062422745,0
img_04955_2023,0.0,0.101968035,0
img_04939_2023,0.0,0.011118097,0
img_04794_p01_2023,0.0,0.020960858,0
img_04794_p02_2023,0.0,0.0055928305,0
img_04794_p03_2023,0.0,0.004995151,0
img_04794_p04_2023,0.0,0.007940849,0
img_04794_p05_2023,0.0,0.01655086,0
img_04794_p06_2023,0.0,0.01798118,0
img_04794_p07_2023,0.0,0.116968095,0
img_04794_p08_2023,0.0,0.0030448297,0
img_04957_2023,0.0,0.00845314,0
img_04958_2023,0.0,0.016371999,0
img_04964_2023,0.0,0.03035399,0
img_04963_2023,0.0,0.01249399,0
img_04886_p01_2023,0.0,0.002276382,0
img_04886_p02_2023,0.0,0.0021881056,0
img_04886_p03_2023,0.0,0.0066099144,0
img_04886_p04_2023,0.0,0.004638026,0
img_04961_2023,0.0,0.06994398,0
img_04967_2023,0.0,0.014692714,0
img_04966_2023,0.0,0.07743622,0
img_04973_2023,0.0,0.020965781,0
img_04968_2023,0.0,0.0023926955,0
img_04969_2023,0.0,0.18710434,0
img_04975_2023,0.0,0.03193169,0
img_04974_2023,0.0,0.0035877884,0
img_04979_2023,0.0,0.0028052996,0
img_04744_p01_2023,0.0,0.0025030752,0
img_04744_p02_2023,0.0,0.00083587255,0
img_04744_p03_2023,0.0,0.0079190405,0
img_04744_p04_2023,0.0,0.0080760615,0
img_04744_p05_2023,0.0,0.0035075783,0
img_04744_p06_2023,0.0,0.008327785,0
img_04744_p07_2023,0.0,0.006406394,0
img_04744_p08_2023,0.0,0.0037739978,0
img_04744_p09_2023,0.0,0.02997781,0
img_04744_p10_2023,0.0,0.0006748759,0
img_04744_p11_2023,0.0,0.010317177,0
img_04744_p12_2023,0.0,0.002865299,0
img_04978_2023,0.0,0.026373943,0
img_04977_2023,0.0,0.0058067334,0
img_04982_2023,0.0,0.004512871,0
img_04981_2023,0.0,0.031342603,0
img_04970_2023,0.0,0.0036313266,0
img_04986_2023,0.0,0.0019889504,0
img_04976_2023,0.0,0.024200032,0
img_04983_2023,0.0,0.004553644,0
img_04931_p01_2023,0.0,0.012352152,0
img_04931_p02_2023,0.0,0.00611291,0
img_04990_2023,0.0,0.001907334,0
img_04993_2023,0.0,0.4064044,0
img_04994_2023,0.0,0.13104486,0
img_04988_2023,0.0,0.011241981,0
img_04996_2023,0.0,0.05096354,0
img_04995_2023,0.0,0.0037888505,0
img_04998_2023,0.0,0.05040847,0
img_04999_2023,0.0,0.027803723,0
img_05000_2023,0.0,0.004070279,0
img_05003_2023,0.0,0.0025501975,0
img_05004_2023,0.0,0.02369996,0
img_05009_2023,0.0,0.1686028,0
img_05010_2023,0.0,0.012711396,0
img_04984_p01_2023,0.0,0.016753074,0
img_04984_p02_2023,0.0,0.063655235,0
img_05006_2023,0.0,0.04731544,0
img_05012_2023,0.0,0.0595424,0
img_04896_p01_2023,0.0,0.0012248538,0
img_04896_p02_2023,0.0,0.03072685,0
img_04896_p03_2023,0.0,0.0051685343,0
img_04896_p04_2023,0.0,0.0025502858,0
img_04896_p05_2023,0.0,0.011712624,0
img_04896_p06_2023,0.0,0.03444721,0
img_04940_p01_2023,0.0,0.009492511,0
img_04940_p02_2023,0.0,0.0044436655,0
img_04940_p03_2023,0.0,0.007814233,0
img_04940_p04_2023,0.0,0.002400134,0
img_05016_2023,0.0,0.024761675,0
img_05019_2023,0.0,0.0042571896,0
img_05017_2023,0.0,0.035001434,0
img_05025_2023,0.0,0.0033386871,0
img_05028_2023,0.0,0.0021446757,0
img_05024_2023,0.0,0.0010955415,0
img_05027_2023,0.0,0.008629308,0
img_05032_2023,0.0,0.018877037,0
img_05037_2023,0.0,0.08465527,0
img_05039_2023,0.0,0.026144166,0
img_05033_2023,0.0,0.3991925,0
img_05036_2023,0.0,0.5611886,0
img_05040_2023,0.0,0.11096154,0
img_05029_2023,0.0,0.031986468,0
img_05026_2023,0.0,0.8600632,1
img_05038_2023,0.0,0.53142107,0
img_05043_2023,0.0,0.030751545,0
img_05049_2023,0.0,0.008496457,0
img_05042_2023,0.0,0.010955753,0
img_05052_2023,0.0,0.26706353,0
img_05051_2023,0.0,0.012413326,0
img_05055_2023,0.0,0.0010611068,0
img_05057_2023,0.0,0.2689996,0
img_05046_2023,0.0,0.4840029,0
img_05056_2023,0.0,0.00015948885,0
img_05059_2023,0.0,0.022518069,0
img_05048_2023,0.0,0.05599792,0
img_05060_2023,0.0,0.80205137,1
img_05063_2023,0.0,0.0060791583,0
img_05066_2023,0.0,0.093945995,0
img_05062_2023,0.0,0.0011878468,0
img_05068_2023,0.0,0.00042689213,0
img_05064_2023,0.0,0.012260361,0
img_05069_2023,0.0,0.0067552524,0
img_05067_2023,0.0,0.021693906,0
img_05070_2023,0.0,0.003759951,0
img_05074_2023,0.0,0.008157367,0
img_05072_2023,0.0,0.013236441,0
img_05076_2023,0.0,0.010463791,0
img_05075_2023,0.0,0.0043989164,0
img_05077_2023,0.0,0.0030046082,0
img_05078_2023,0.0,0.02136492,0
img_05081_2023,0.0,0.004867773,0
img_05079_2023,0.0,0.021668587,0
img_05071_2023,0.0,0.03550853,0
img_05082_2023,0.0,0.0024462407,0
img_05080_2023,0.0,0.0502975,0
img_05088_2023,0.0,0.0009974913,0
img_05087_2023,0.0,0.0061997585,0
img_05085_2023,0.0,0.00060196355,0
img_05089_2023,0.0,0.0039627953,0
img_05053_p01_2023,0.0,0.00406336,0
img_05053_p02_2023,0.0,0.008558439,0
img_05090_2023,0.0,0.014665079,0
img_05094_2023,0.0,0.0014480076,0
img_05096_2023,0.0,0.116016105,0
img_05097_2023,0.0,0.014572816,0
img_05099_2023,0.0,0.0056806942,0
img_05095_2023,0.0,0.04613293,0
img_05110_2023,0.0,0.17436275,0
img_05104_2023,0.0,0.033592395,0
img_05108_2023,0.0,0.64470184,0
img_05100_2023,0.0,0.16661009,0
img_05098_2023,0.0,0.002623561,0
img_05107_2023,0.0,0.00017180931,0
img_05112_2023,0.0,0.021666396,0
img_05113_2023,0.0,0.010481546,0
img_05115_2023,0.0,0.06584776,0
img_05111_2023,0.0,0.04404092,0
img_05105_2023,0.0,0.08981944,0
img_05114_2023,0.0,0.038978383,0
img_05120_2023,0.0,0.011720406,0
img_05124_2023,0.0,0.095711805,0
img_05123_2023,0.0,0.006745973,0
img_05122_2023,0.0,0.05535561,0
img_05116_2023,0.0,0.024127085,0
img_05121_2023,0.0,0.08909448,0
img_05130_2023,0.0,0.10433443,0
img_05103_p01_2023,0.0,0.002602094,0
img_05103_p02_2023,0.0,0.006505765,0
img_05128_2023,0.0,0.021738801,0
img_05131_2023,0.0,0.014289689,0
img_05129_2023,0.0,0.0009204629,0
img_05127_2023,0.0,0.0015195187,0
img_05126_2023,0.0,0.023637313,0
img_05134_2023,0.0,0.01575251,0
img_05133_2023,0.0,0.013988701,0
img_05135_2023,0.0,0.040765177,0
img_05137_2023,0.0,0.007638581,0
img_05142_2023,0.0,0.009765776,0
img_05138_2023,0.0,0.014917342,0
img_05145_2023,0.0,0.011306958,0
img_05151_2023,0.0,0.0012521237,0
img_05150_2023,0.0,0.037629608,0
img_05147_2023,0.0,0.002956756,0
img_05143_2023,0.0,0.1228688,0
img_05149_2023,0.0,0.0038789958,0
img_05148_2023,0.0,0.0038455583,0
img_05154_2023,0.0,0.003863506,0
img_05155_2023,0.0,0.33124268,0
img_05159_2023,0.0,0.025857493,0
img_05160_2023,0.0,0.029839402,0
img_05162_2023,0.0,0.009651228,0
img_05158_2023,0.0,0.0017394958,0
img_05163_2023,0.0,0.41295677,0
img_05165_2023,0.0,0.005276838,0
img_05174_2023,0.0,0.03436791,0
img_05172_2023,0.0,0.044777937,0
img_05164_2023,0.0,0.045909014,0
img_05175_2023,0.0,0.3078938,0
img_05170_2023,0.0,0.089907475,0
img_04936_p01_2023,0.0,0.0034597374,0
img_04936_p02_2023,0.0,0.0040844246,0
img_04936_p03_2023,0.0,0.0018358428,0
img_04936_p04_2023,0.0,0.00085833826,0
img_04936_p05_2023,0.0,0.021151274,0
img_04936_p06_2023,0.0,0.0046606027,0
img_04936_p07_2023,0.0,0.006928467,0
img_04936_p08_2023,0.0,0.007938071,0
img_04936_p09_2023,0.0,0.0041387104,0
img_04936_p10_2023,0.0,0.0024637752,0
img_05176_2023,0.0,0.010483484,0
img_05179_2023,0.0,0.10141207,0
img_05181_2023,0.0,0.0007872657,0
img_05180_2023,0.0,0.00050873717,0
img_05184_2023,0.0,0.61293817,0
img_05186_2023,0.0,0.01424617,0
img_05189_2023,0.0,0.060337745,0
img_05173_2023,0.0,0.0019526373,0
img_05188_2023,0.0,0.037383,0
img_05194_2023,0.0,0.0020658174,0
img_05193_2023,0.0,0.018432166,0
img_05191_2023,0.0,0.1376026,0
img_05195_2023,0.0,0.01957811,0
img_05199_2023,0.0,0.040366933,0
img_05187_2023,0.0,0.80841464,1
img_05202_2023,0.0,0.0064030797,0
img_05209_2023,0.0,0.015887903,0
img_05200_2023,0.0,0.13392265,0
img_05214_2023,0.0,0.0032830841,0
img_05203_2023,0.0,0.021411177,0
img_05204_2023,0.0,0.1937015,0
img_05208_2023,0.0,0.0015004807,0
img_05201_2023,0.0,0.009084628,0
img_05210_2023,0.0,0.0014471737,0
img_05220_2023,0.0,0.009497504,0
img_05218_2023,0.0,0.012256261,0
img_05217_2023,0.0,0.005435313,0
img_05207_2023,0.0,0.091136634,0
img_05206_2023,0.0,0.07540836,0
img_05215_2023,0.0,0.0043877815,0
img_05223_2023,0.0,0.00074793835,0
img_05222_2023,0.0,0.00044710343,0
img_05229_2023,0.0,0.1315149,0
img_05226_2023,0.0,0.033801123,0
img_05219_2023,0.0,0.0051089916,0
img_05227_2023,0.0,0.18940207,0
img_05211_2023,0.0,0.019484526,0
img_05224_2023,0.0,0.00052218756,0
img_05225_2023,0.0,0.032625806,0
img_05231_2023,0.0,0.021266356,0
img_05235_2023,0.0,0.046015225,0
img_05233_2023,0.0,0.035419244,0
img_05238_2023,0.0,0.88031244,1
img_05241_2023,0.0,0.005096891,0
img_05244_2023,0.0,0.020889474,0
img_05240_2023,0.0,0.001799125,0
img_05232_2023,0.0,0.035516504,0
img_05243_2023,0.0,0.00025643565,0
img_05242_2023,0.0,0.00095197104,0
img_05245_2023,0.0,0.00079330447,0
img_05246_2023,0.0,0.06169061,0
img_05250_2023,0.0,0.00074284914,0
img_05249_2023,0.0,0.076577514,0
img_05247_2023,0.0,0.19939181,0
img_05256_2023,0.0,0.004120744,0
img_05258_2023,0.0,0.14044133,0
img_05260_2023,0.0,0.0019729468,0
img_05263_2023,0.0,0.01986406,0
img_05254_2023,0.0,0.005804816,0
img_05264_2023,0.0,0.0034565448,0
img_05267_2023,0.0,0.006234666,0
img_05266_2023,0.0,0.15304933,0
img_05265_2023,0.0,0.008644098,0
img_05268_2023,0.0,0.10521953,0
img_05275_2023,0.0,0.061249375,0
img_05270_2023,0.0,0.00079564314,0
img_05276_2023,0.0,0.18098947,0
img_05273_2023,0.0,0.0017666344,0
img_05278_2023,0.0,0.00405649,0
img_05269_2023,0.0,0.00201436,0
img_05280_2023,0.0,0.472797,0
img_05277_2023,0.0,0.00369255,0
img_05284_2023,0.0,0.05084429,0
img_05281_2023,0.0,0.012631094,0
img_05283_2023,0.0,0.06997237,0
img_05282_2023,0.0,0.30580837,0
img_05286_2023,0.0,0.0018418159,0
img_05289_2023,0.0,0.04189446,0
img_05287_2023,0.0,0.001536809,0
img_05291_2023,0.0,0.099290155,0
img_05293_2023,0.0,0.069148645,0
img_05292_2023,0.0,0.058225453,0
img_05297_2023,0.0,0.0012342596,0
img_05301_2023,0.0,0.0006873674,0
img_05294_2023,0.0,0.007737641,0
img_05298_2023,0.0,0.021691328,0
img_05300_2023,0.0,0.009387206,0
img_05306_2023,0.0,0.034031965,0
img_05309_2023,0.0,0.054648153,0
img_05303_2023,0.0,0.013020339,0
img_05252_p01_2023,0.0,0.00073527073,0
img_05252_p02_2023,0.0,0.000469537,0
img_05305_2023,0.0,0.00086819025,0
img_05310_2023,0.0,0.049250983,0
img_05314_2023,0.0,0.28596443,0
img_05311_2023,0.0,0.0029618393,0
img_05316_2023,0.0,0.062068798,0
img_05315_2023,0.0,0.014497829,0
img_05317_2023,0.0,0.001395616,0
img_05320_2023,0.0,0.38332278,0
img_05319_2023,0.0,0.0057048686,0
img_05312_2023,0.0,0.0039485977,0
img_05323_2023,0.0,0.0051104403,0
img_05324_2023,0.0,0.015562644,0
img_05318_2023,0.0,0.000589872,0
img_05325_2023,0.0,0.030200083,0
img_05328_2023,0.0,0.013698526,0
img_05333_2023,0.0,0.02417116,0
img_05322_2023,0.0,0.00965108,0
img_05327_2023,0.0,0.006389346,0
img_05334_2023,0.0,0.72038305,0
img_05336_2023,0.0,0.017913511,0
img_05330_2023,0.0,0.088714615,0
img_05339_2023,0.0,0.0045621297,0
img_05299_p01_2023,0.0,0.0006853085,0
img_05299_p02_2023,0.0,0.0026283097,0
img_05341_2023,0.0,0.029439112,0
img_05346_2023,0.0,0.0057180575,0
img_05345_2023,0.0,0.0016061213,0
img_05343_2023,0.0,0.43345398,0
img_05352_2023,0.0,0.01206561,0
img_05349_2023,0.0,0.49367207,0
img_05355_2023,0.0,0.0020071007,0
img_05356_2023,0.0,0.0096273245,0
img_05353_2023,0.0,0.006992887,0
img_05360_2023,0.0,0.009925179,0
img_05361_2023,0.0,0.043415435,0
img_05364_2023,0.0,0.013794598,0
img_05363_2023,0.0,0.11129407,0
img_05365_2023,0.0,0.03792418,0
img_05366_2023,0.0,0.03814774,0
img_05369_2023,0.0,0.10558213,0
img_05362_2023,0.0,0.011986972,0
img_05261_p01_2023,0.0,0.0036861983,0
img_05261_p02_2023,0.0,0.017842818,0
img_05261_p03_2023,0.0,0.006341928,0
img_05261_p04_2023,0.0,0.0032596558,0
img_05261_p05_2023,0.0,0.018172758,0
img_05261_p06_2023,0.0,0.0003314291,0
img_05371_2023,0.0,0.053994346,0
img_05372_2023,0.0,0.011194599,0
img_05370_2023,0.0,0.0025666188,0
img_05376_2023,0.0,0.5346168,0
img_05381_2023,0.0,0.034407414,0
img_05377_2023,0.0,0.0058425837,0
img_05384_2023,0.0,0.00049872417,0
img_05374_2023,0.0,0.033707373,0
img_05386_2023,0.0,0.0067811916,0
img_05385_2023,0.0,0.48761368,0
img_05388_2023,0.0,0.0008397987,0
img_05387_2023,0.0,0.14259388,0
img_05392_2023,0.0,0.000263177,0
img_05390_2023,0.0,0.015707873,0
img_05395_2023,0.0,0.012333656,0
img_05393_2023,0.0,0.56432945,0
img_05397_2023,0.0,0.027841225,0
img_05399_2023,0.0,0.00073256175,0
img_05402_2023,0.0,0.0010580935,0
img_05398_2023,0.0,0.36205238,0
img_05401_2023,0.0,0.07369371,0
img_05409_2023,0.0,0.0769817,0
img_05406_2023,0.0,0.14856252,0
img_05404_2023,0.0,0.009428923,0
img_05389_2023,0.0,0.016176859,0
img_05416_2023,0.0,0.0001398219,0
img_05426_2023,0.0,0.007773812,0
img_05415_2023,0.0,0.076700546,0
img_05424_2023,0.0,0.01892613,0
img_05425_2023,0.0,0.061189033,0
img_05430_2023,0.0,0.03753087,0
img_05429_2023,0.0,0.0009295245,0
img_05433_2023,0.0,0.3689025,0
img_05428_2023,0.0,0.6204343,0
img_05436_2023,0.0,0.017477358,0
img_05441_2023,0.0,0.0519483,0
img_05434_2023,0.0,0.080187656,0
img_05439_2023,0.0,0.022442132,0
img_05442_2023,0.0,0.052248836,0
img_05432_2023,0.0,0.013759141,0
img_05438_2023,0.0,0.0008081432,0
img_05431_2023,0.0,0.050107174,0
img_05435_2023,0.0,0.056880467,0
img_05449_2023,0.0,0.04191249,0
img_05446_2023,0.0,0.071210824,0
img_05453_2023,0.0,0.08129917,0
img_05456_2023,0.0,0.0019245821,0
img_05455_2023,0.0,0.18023805,0
img_05460_2023,0.0,0.035580453,0
img_05454_2023,0.0,0.0015938936,0
img_05462_2023,0.0,0.0045049842,0
img_05458_2023,0.0,0.0013132052,0
img_05461_2023,0.0,0.017614791,0
img_05464_2023,0.0,0.43319827,0
img_05447_p01_2023,0.0,0.0041248137,0
img_05447_p02_2023,0.0,0.017961558,0
img_05467_2023,0.0,0.04313744,0
img_05471_2023,0.0,0.009607133,0
img_05470_2023,0.0,0.003475429,0
img_05474_2023,0.0,0.13245492,0
img_05476_2023,0.0,0.076731704,0
img_05477_2023,0.0,0.0065250034,0
img_05472_2023,0.0,0.1619637,0
img_05480_2023,0.0,0.003226677,0
img_05479_2023,0.0,0.02681087,0
img_05478_2023,0.0,0.6478751,0
img_05475_2023,0.0,0.0019450504,0
img_05459_p02_2023,0.0,0.0008701724,0
img_05468_p01_2023,0.0,0.0038387205,0
img_05468_p02_2023,0.0,0.0012900385,0
img_05482_2023,0.0,0.009243447,0
img_05487_2023,0.0,0.002048156,0
img_05490_2023,0.0,0.21322384,0
img_05486_2023,0.0,0.3639676,0
img_05489_2023,0.0,0.052509714,0
img_05493_2023,0.0,0.0038142938,0
img_05494_2023,0.0,0.008633105,0
img_05497_2023,0.0,0.05219684,0
img_05496_2023,0.0,0.01188097,0
img_05427_p01_2023,0.0,0.0034936871,0
img_05427_p02_2023,0.0,0.009497812,0
img_05427_p03_2023,0.0,0.018091116,0
img_05427_p05_2023,0.0,0.011847429,0
img_05427_p06_2023,0.0,0.0021615317,0
img_05500_2023,0.0,0.0006826753,0
img_05504_2023,0.0,0.05135424,0
img_05501_2023,0.0,0.0064400816,0
img_05498_2023,0.0,0.00016747686,0
img_05332_p01_2023,0.0,0.010863181,0
img_05332_p02_2023,0.0,0.0022632147,0
img_05332_p03_2023,0.0,0.07119314,0
img_05332_p04_2023,0.0,0.006257823,0
img_05332_p05_2023,0.0,0.0010865312,0
img_05332_p06_2023,0.0,0.0046703094,0
img_05332_p07_2023,0.0,0.17449152,0
img_05332_p08_2023,0.0,0.003120732,0
img_05332_p09_2023,0.0,0.009990025,0
img_05332_p10_2023,0.0,0.0041272007,0
img_05499_2023,0.0,0.04230914,0
img_05503_2023,0.0,0.013328539,0
img_05506_2023,0.0,0.06703294,0
img_05512_2023,0.0,0.039462805,0
img_05510_2023,0.0,0.0046471874,0
img_05515_2023,0.0,0.016352603,0
img_05513_2023,0.0,0.011865781,0
img_05517_2023,0.0,0.006131291,0
img_05518_2023,0.0,0.0072791316,0
img_05514_2023,0.0,0.13498558,0
img_05522_2023,0.0,0.09718211,0
img_05511_2023,0.0,0.025573993,0
img_05520_2023,0.0,0.009678508,0
img_05521_2023,0.0,0.032891214,0
img_05523_2023,0.0,0.020871887,0
img_05495_p01_2023,0.0,0.010136163,0
img_05519_2023,0.0,0.09042049,0
img_05526_2023,0.0,0.0064724265,0
img_05524_2023,0.0,0.003270714,0
img_05528_2023,0.0,0.26008463,0
img_05531_2023,0.0,0.082946606,0
img_05527_2023,0.0,0.0028602434,0
img_05537_2023,0.0,0.022508312,0
img_05538_2023,0.0,0.16805857,0
img_05321_p01_2023,0.0,0.002648802,0
img_05321_p02_2023,0.0,0.013744002,0
img_05321_p03_2023,0.0,0.004210688,0
img_05321_p04_2023,0.0,0.004770096,0
img_05321_p05_2023,0.0,0.0026908456,0
img_05321_p06_2023,0.0,0.011244065,0
img_05321_p07_2023,0.0,0.0003601658,0
img_05321_p08_2023,0.0,0.0069446824,0
img_05321_p09_2023,0.0,0.00647521,0
img_05321_p10_2023,0.0,0.007393261,0
img_05321_p11_2023,0.0,0.011281853,0
img_05448_p01_2023,0.0,0.039669145,0
img_05448_p02_2023,0.0,0.005598003,0
img_05448_p03_2023,0.0,0.018498544,0
img_05448_p04_2023,0.0,0.08559342,0
img_05543_2023,0.0,0.02164153,0
img_05539_2023,0.0,0.0052496153,0
img_05551_2023,0.0,0.0063944533,0
img_05548_2023,0.0,0.01483943,0
img_05550_2023,0.0,0.5537629,0
img_05546_2023,0.0,0.011410644,0
img_05547_2023,0.0,0.05059039,0
img_05545_2023,0.0,0.019576803,0
img_05552_2023,0.0,0.086326554,0
img_05553_2023,0.0,0.002756834,0
img_05556_2023,0.0,0.0043679057,0
img_05383_p01_2023,0.0,0.00022619395,0
img_05383_p02_2023,0.0,0.002508637,0
img_05383_p03_2023,0.0,0.011821072,0
img_05383_p04_2023,0.0,0.001046238,0
img_05383_p05_2023,0.0,0.01197131,0
img_05383_p06_2023,0.0,0.013483375,0
img_05383_p07_2023,0.0,0.0006591042,0
img_05383_p08_2023,0.0,0.0050452957,0
img_05383_p09_2023,0.0,0.0005855061,0
img_05466_p01_2023,0.0,0.0003259329,0
img_05466_p02_2023,0.0,0.016921371,0
img_05466_p03_2023,0.0,0.006019626,0
img_05466_p05_2023,0.0,0.032653578,0
img_05466_p06_2023,0.0,0.0006048275,0
img_05559_2023,0.0,0.04371547,0
img_05549_2023,0.0,0.0073598674,0
img_05564_2023,0.0,0.010593632,0
img_05568_2023,0.0,0.008341767,0
img_05562_2023,0.0,0.7584578,1
img_05569_2023,0.0,0.7539518,1
img_05571_2023,0.0,0.012519687,0
img_05561_2023,0.0,0.029496793,0
img_05567_2023,0.0,0.007903059,0
img_05570_2023,0.0,0.007082209,0
img_05572_2023,0.0,0.014329314,0
img_05573_2023,0.0,0.045045443,0
img_05574_2023,0.0,0.0021681252,0
img_05575_2023,0.0,0.008576496,0
img_05580_2023,0.0,0.16178544,0
img_05577_2023,0.0,0.6850614,0
img_05582_2023,0.0,0.07522452,0
img_05578_2023,0.0,0.016527489,0
img_05576_2023,0.0,0.008517372,0
img_05586_2023,0.0,0.010725922,0
img_05585_2023,0.0,0.14962918,0
img_05590_2023,0.0,8.141311e-05,0
img_05593_2023,0.0,0.022117998,0
img_05451_p03_2023,0.0,0.0059479554,0
img_05451_p04_2023,0.0,0.0046726903,0
img_05451_p05_2023,0.0,0.001394574,0
img_05451_p07_2023,0.0,0.022479292,0
img_05451_p08_2023,0.0,0.04106261,0
img_05451_p09_2023,0.0,0.028363984,0
img_05592_2023,0.0,0.8581241,1
img_05595_2023,0.0,0.0022572246,0
img_05587_2023,0.0,0.0021285014,0
img_05597_2023,0.0,0.43080416,0
img_05598_2023,0.0,0.046149474,0
img_05589_2023,0.0,0.06432857,0
img_05602_2023,0.0,0.0022400436,0
img_05605_2023,0.0,0.004586086,0
img_05604_2023,0.0,0.019679537,0
img_05607_2023,0.0,0.010605748,0
img_05603_2023,0.0,0.0012526431,0
img_05608_2023,0.0,0.05466203,0
img_05606_2023,0.0,0.011560766,0
img_05610_2023,0.0,0.00087091315,0
img_05600_2023,0.0,0.26846302,0
img_05599_2023,0.0,0.55521053,0
img_05612_2023,0.0,0.0029471882,0
img_05613_2023,0.0,0.8187755,1
img_05611_2023,0.0,0.0018011663,0
img_05619_2023,0.0,0.050634444,0
img_05617_2023,0.0,0.00078222575,0
img_05583_p01_2023,0.0,0.075104505,0
img_05616_2023,0.0,0.025931332,0
img_05622_2023,0.0,0.0013802915,0
img_05623_2023,0.0,0.6967126,0
img_05624_2023,0.0,0.0027485376,0
img_05625_2023,0.0,0.10021707,0
img_05621_2023,0.0,0.032483317,0
img_05630_2023,0.0,0.001458396,0
img_05633_2023,0.0,0.88243854,1
img_05615_2023,0.0,0.045681074,0
img_05631_2023,0.0,0.86746234,1
img_05638_2023,0.0,0.0046454957,0
img_05637_2023,0.0,0.0011521867,0
img_05639_2023,0.0,0.01817877,0
img_05640_2023,0.0,0.042138457,0
img_05634_2023,0.0,0.022673002,0
img_05642_2023,0.0,0.010025278,0
img_05645_2023,0.0,0.0011091249,0
img_05566_p01_2023,0.0,0.0031220368,0
img_05566_p02_2023,0.0,0.010900719,0
img_05566_p03_2023,0.0,0.0021789118,0
img_05566_p04_2023,0.0,0.0033122762,0
img_05646_2023,0.0,0.019706588,0
img_05644_2023,0.0,0.020646956,0
img_05641_2023,0.0,0.15519401,0
img_05635_2023,0.0,0.00073347986,0
img_05650_2023,0.0,0.11421722,0
img_05651_2023,0.0,0.11828122,0
img_05653_2023,0.0,0.04426838,0
img_05652_2023,0.0,0.028891364,0
img_05654_2023,0.0,0.09775052,0
img_05620_p01_2023,0.0,0.016192343,0
img_05620_p02_2023,0.0,0.017728772,0
img_05658_2023,0.0,0.018130714,0
img_05664_2023,0.0,0.025252303,0
img_05655_2023,0.0,0.007995393,0
img_05662_2023,0.0,0.009647059,0
img_05659_2023,0.0,0.046577323,0
img_05661_2023,0.0,0.01396132,0
img_05663_2023,0.0,0.012855353,0
img_05668_2023,0.0,0.0029868663,0
img_05673_2023,0.0,0.055726517,0
img_05670_2023,0.0,0.0013275056,0
img_05676_2023,0.0,0.0016941035,0
img_05669_2023,0.0,0.2804575,0
img_05678_2023,0.0,0.019806255,0
img_05681_2023,0.0,0.004438528,0
img_05675_2023,0.0,0.039297577,0
img_05680_2023,0.0,0.0020079904,0
img_05684_2023,0.0,0.008841361,0
img_05686_2023,0.0,0.34470907,0
img_05685_2023,0.0,0.034548234,0
img_05687_2023,0.0,0.067802265,0
img_05689_2023,0.0,0.23176949,0
img_05694_2023,0.0,0.2768156,0
img_05693_2023,0.0,0.10322821,0
img_05692_2023,0.0,0.00065600517,0
img_05698_2023,0.0,0.0021773144,0
img_05699_2023,0.0,0.19691077,0
img_05700_2023,0.0,0.0081609655,0
img_05697_2023,0.0,0.070093736,0
img_05704_2023,0.0,0.19917685,0
img_05701_2023,0.0,0.0027392283,0
img_05707_2023,0.0,0.17319907,0
img_05709_2023,0.0,0.023451995,0
img_05708_2023,0.0,0.07391719,0
img_05688_2023,0.0,0.0047153304,0
img_05696_2023,0.0,0.04853846,0
img_05705_2023,0.0,0.00489616,0
img_05712_2023,0.0,0.015818223,0
img_05719_2023,0.0,0.0057502007,0
img_05714_2023,0.0,0.73664695,1
img_05717_2023,0.0,0.023849683,0
img_05720_2023,0.0,0.012908569,0
img_05723_2023,0.0,3.7994465e-05,0
img_05725_2023,0.0,0.00055644277,0
img_05718_2023,0.0,0.015137108,0
img_05724_2023,0.0,0.003274294,0
img_05721_2023,0.0,0.00057353557,0
img_05726_2023,0.0,0.0021237154,0
img_05722_2023,0.0,0.025561858,0
img_05728_2023,0.0,0.01764606,0
img_05731_2023,0.0,0.0804369,0
img_05735_2023,0.0,0.0008150001,0
img_05727_2023,0.0,0.0017864347,0
img_05716_2023,0.0,0.07940672,0
img_05733_2023,0.0,0.02667908,0
img_05729_2023,0.0,0.010649128,0
img_05738_2023,0.0,0.25203186,0
img_05732_2023,0.0,0.010604944,0
img_05742_2023,0.0,0.0015005186,0
img_05730_2023,0.0,0.14352944,0
img_05741_2023,0.0,0.00022962014,0
img_05749_2023,0.0,0.012887776,0
img_05744_2023,0.0,0.0034400667,0
img_05747_2023,0.0,0.071228504,0
img_05752_2023,0.0,0.002936598,0
img_05751_2023,0.0,0.018125251,0
img_05748_2023,0.0,0.0008476561,0
img_05745_2023,0.0,0.44875425,0
img_05746_2023,0.0,0.41084528,0
img_05750_2023,0.0,0.03016438,0
img_05755_2023,0.0,0.0076672374,0
img_05758_2023,0.0,0.0006363215,0
img_05754_2023,0.0,0.0040422836,0
img_05757_2023,0.0,0.012903331,0
img_05759_2023,0.0,0.014935012,0
img_05762_2023,0.0,0.89666414,1
img_05760_2023,0.0,0.005369869,0
img_05765_2023,0.0,0.0162133,0
img_05768_2023,0.0,0.009526016,0
img_05769_2023,0.0,0.0063685426,0
img_05771_2023,0.0,0.0048245937,0
img_05772_2023,0.0,0.002929836,0
img_05770_2023,0.0,0.009812897,0
img_05773_2023,0.0,0.009441869,0
img_05775_2023,0.0,0.0029073362,0
img_05774_2023,0.0,0.033675186,0
img_05779_2023,0.0,0.28908905,0
img_05784_2023,0.0,0.010673827,0
img_05780_2023,0.0,0.00029070437,0
img_05782_2023,0.0,0.019890146,0
img_05781_2023,0.0,0.015724486,0
img_05785_2023,0.0,0.044881694,0
img_05788_2023,0.0,0.12691925,0
img_05787_2023,0.0,0.0021451996,0
img_05789_2023,0.0,0.0062192557,0
img_05786_2023,0.0,0.02825753,0
img_05791_2023,0.0,0.0068835085,0
img_05795_2023,0.0,0.7291352,1
img_05790_2023,0.0,0.01070779,0
img_05778_2023,0.0,0.0015518386,0
img_05793_2023,0.0,0.11713986,0
img_05797_2023,0.0,0.0018041119,0
img_05800_2023,0.0,0.0033681062,0
img_05802_2023,0.0,0.0065940903,0
img_05808_2023,0.0,0.005504404,0
img_05806_2023,0.0,0.016752418,0
img_05803_2023,0.0,0.0011474558,0
img_05810_2023,0.0,0.01900309,0
img_05813_2023,0.0,0.050038964,0
img_05812_2023,0.0,0.022511587,0
img_05811_2023,0.0,0.025128001,0
img_05804_2023,0.0,0.021443864,0
img_05815_2023,0.0,0.011143798,0
img_05817_2023,0.0,0.012141963,0
img_05703_p01_2023,0.0,0.0044591394,0
img_05703_p02_2023,0.0,0.01632846,0
img_05703_p03_2023,0.0,0.021822292,0
img_05703_p04_2023,0.0,0.22733247,0
img_05703_p05_2023,0.0,0.02291746,0
img_05703_p06_2023,0.0,0.003215536,0
img_05821_2023,0.0,0.79278374,1
img_05822_2023,0.0,0.059551448,0
img_05819_2023,0.0,0.030503448,0
img_05814_2023,0.0,0.015542527,0
img_05823_2023,0.0,0.0004246721,0
img_05828_2023,0.0,0.0148463175,0
img_05827_2023,0.0,0.0015281489,0
img_05829_2023,0.0,0.0069446876,0
img_05826_2023,0.0,0.096465096,0
img_05836_2023,0.0,0.00031599778,0
img_05839_2023,0.0,0.0006682755,0
img_05838_2023,0.0,0.48168772,0
img_05831_2023,0.0,0.004523182,0
img_05834_2023,0.0,0.0017082188,0
img_05846_2023,0.0,0.013715072,0
img_05843_2023,0.0,0.02184595,0
img_05850_2023,0.0,0.18773423,0
img_05848_2023,0.0,0.00596331,0
img_05847_2023,0.0,0.021909233,0
img_05825_p01_2023,0.0,0.076283425,0
img_05825_p02_2023,0.0,0.025185123,0
img_05844_2023,0.0,0.008026587,0
img_05854_2023,0.0,0.0010111565,0
img_05851_2023,0.0,0.01593763,0
img_05855_2023,0.0,0.0010808915,0
img_05858_2023,0.0,0.010118245,0
img_05861_2023,0.0,0.0036994522,0
img_05863_2023,0.0,0.010661499,0
img_05867_2023,0.0,0.003726914,0
img_05862_2023,0.0,0.0047612805,0
img_05870_2023,0.0,0.14794227,0
img_05871_2023,0.0,0.0048331516,0
img_05869_2023,0.0,0.039285235,0
img_05873_2023,0.0,0.023359325,0
img_05878_2023,0.0,0.09637622,0
img_05875_2023,0.0,0.021753628,0
img_05866_2023,0.0,0.001147816,0
img_05877_2023,0.0,0.0034856927,0
img_05876_2023,0.0,0.006009461,0
img_05885_2023,0.0,0.0012269985,0
img_05799_p01_2023,0.0,0.0029816132,0
img_05799_p02_2023,0.0,0.029193092,0
img_05799_p03_2023,0.0,8.8809385e-05,0
img_05799_p04_2023,0.0,0.003963194,0
img_05881_2023,0.0,0.0063233627,0
img_05890_2023,0.0,0.12546258,0
img_05891_2023,0.0,0.09486133,0
img_05887_2023,0.0,0.29754633,0
img_05892_2023,0.0,0.06668452,0
img_05888_2023,0.0,0.035657853,0
img_05886_2023,0.0,2.574524e-05,0
img_05893_2023,0.0,0.004373471,0
img_05889_2023,0.0,0.004202538,0
img_05868_p01_2023,0.0,0.190997,0
img_05868_p02_2023,0.0,0.024036951,0
img_05897_2023,0.0,0.14263749,0
img_05896_2023,0.0,0.0056893355,0
img_05883_2023,0.0,0.044841006,0
img_05900_2023,0.0,0.02727815,0
img_05901_2023,0.0,0.009523513,0
img_05903_2023,0.0,0.004974087,0
img_05908_2023,0.0,0.0005522316,0
img_05906_2023,0.0,0.03694586,0
img_05912_2023,0.0,0.006654606,0
img_05911_2023,0.0,0.00058068475,0
img_05914_2023,0.0,0.010953091,0
img_05915_2023,0.0,0.0091686975,0
img_05902_2023,0.0,0.06316859,0
img_05919_2023,0.0,0.16237171,0
img_05682_p01_2023,0.0,0.072030686,0
img_05682_p02_2023,0.0,0.010357953,0
img_05682_p03_2023,0.0,0.022658695,0
img_05682_p04_2023,0.0,0.0019704502,0
img_05682_p05_2023,0.0,0.024501015,0
img_05682_p06_2023,0.0,0.008022005,0
img_05682_p08_2023,0.0,0.009967176,0
img_05682_p09_2023,0.0,0.0030853397,0
img_05682_p10_2023,0.0,0.022426369,0
img_05682_p11_2023,0.0,0.011967653,0
img_05920_2023,0.0,0.009799054,0
img_05922_2023,0.0,0.0049130796,0
img_05926_2023,0.0,0.63801414,0
img_05923_2023,0.0,0.0048142597,0
img_05928_2023,0.0,0.00070756424,0
img_05927_2023,0.0,0.004488027,0
img_05930_2023,0.0,0.011323181,0
img_05924_2023,0.0,0.01718871,0
img_05934_2023,0.0,0.051508017,0
img_05938_2023,0.0,0.43387336,0
img_05936_2023,0.0,0.0038184773,0
img_05929_2023,0.0,0.10782399,0
img_05944_2023,0.0,0.0023545648,0
img_05946_2023,0.0,0.012125002,0
img_05947_2023,0.0,0.031461384,0
img_05895_p01_2023,0.0,9.866762e-05,0
img_05895_p02_2023,0.0,0.00035639264,0
img_05895_p03_2023,0.0,0.003204023,0
img_05895_p04_2023,0.0,0.0068448796,0
img_05943_2023,0.0,0.140714,0
img_05942_2023,0.0,0.0078625055,0
img_05949_2023,0.0,0.06561575,0
img_05951_2023,0.0,0.00021876744,0
img_05953_2023,0.0,0.010741554,0
img_05948_2023,0.0,0.001664375,0
img_05957_2023,0.0,0.06551842,0
img_05959_2023,0.0,0.008227248,0
img_05960_2023,0.0,0.30825168,0
img_05961_2023,0.0,0.64884937,0
img_05962_2023,0.0,0.0028830604,0
img_05952_2023,0.0,0.0018832037,0
img_05945_2023,0.0,0.0041935192,0
img_05964_2023,0.0,0.08195588,0
img_05907_p01_2023,0.0,0.23109822,0
img_05907_p02_2023,0.0,0.055718075,0
img_05907_p03_2023,0.0,0.004958426,0
img_05907_p04_2023,0.0,0.0013490604,0
img_05955_2023,0.0,0.0042373994,0
img_05963_2023,0.0,0.0029260577,0
img_05966_2023,0.0,0.0018199191,0
img_05965_2023,0.0,0.056081604,0
img_05970_2023,0.0,0.04392608,0
img_05976_2023,0.0,0.040375374,0
img_05971_2023,0.0,0.14104483,0
img_05975_2023,0.0,0.00214229,0
img_05972_2023,0.0,0.07924259,0
img_05979_2023,0.0,0.7607082,1
img_05967_2023,0.0,0.042122327,0
img_05981_2023,0.0,0.01380523,0
img_05985_2023,0.0,0.021266788,0
img_05983_2023,0.0,0.02803937,0
img_05982_2023,0.0,0.00027260208,0
img_05980_2023,0.0,0.035519592,0
img_05925_p01_2023,0.0,0.0034031575,0
img_05925_p02_2023,0.0,0.0051986496,0
img_05925_p03_2023,0.0,0.03663136,0
img_05984_2023,0.0,0.0050891754,0
img_05978_2023,0.0,0.0015374111,0
img_05988_2023,0.0,0.6208601,0
img_05987_2023,0.0,0.0261661,0
img_05991_2023,0.0,0.7041021,0
img_05994_2023,0.0,0.00876773,0
img_05993_2023,0.0,0.011703577,0
img_05990_2023,0.0,0.00261044,0
img_05995_2023,0.0,0.018464725,0
img_05992_2023,0.0,0.014494914,0
img_05997_2023,0.0,0.047444202,0
img_05996_2023,0.0,0.0015153041,0
img_05999_2023,0.0,0.10412921,0
img_06003_2023,0.0,0.0042703794,0
img_06002_2023,0.0,0.005033492,0
img_06001_2023,0.0,0.1908557,0
img_06007_2023,0.0,0.04764936,0
img_06008_2023,0.0,0.002068495,0
img_06006_2023,0.0,0.00040453533,0
img_06005_2023,0.0,0.0035105268,0
img_06009_2023,0.0,0.5046097,0
img_05998_2023,0.0,0.0028841419,0
img_06013_2023,0.0,0.13536672,0
img_06010_2023,0.0,0.3366344,0
img_06012_2023,0.0,0.13361268,0
img_06011_2023,0.0,0.040202595,0
img_06016_2023,0.0,0.2752492,0
img_06017_2023,0.0,0.27176577,0
img_06021_2023,0.0,0.0043172585,0
img_06014_2023,0.0,0.018948797,0
img_06018_2023,0.0,0.027844906,0
img_06020_2023,0.0,0.4309817,0
img_06023_2023,0.0,0.005578871,0
img_06022_2023,0.0,0.087785356,0
img_06026_2023,0.0,0.019769851,0
img_06024_2023,0.0,0.07051035,0
img_06029_2023,0.0,0.0031949524,0
img_06028_2023,0.0,0.0060042324,0
img_06030_2023,0.0,0.017978748,0
img_06031_2023,0.0,0.015070772,0
img_06032_2023,0.0,0.013284182,0
img_06034_2023,0.0,0.0128874015,0
img_06033_2023,0.0,0.0007153422,0
img_06039_2023,0.0,0.0022904319,0
img_05989_p01_2023,0.0,0.010338845,0
img_05989_p02_2023,0.0,0.005567332,0
img_05974_p01_2023,0.0,0.0075212168,0
img_05974_p02_2023,0.0,0.002345413,0
img_05974_p03_2023,0.0,0.0009923514,0
img_05974_p04_2023,0.0,0.0009245647,0
img_06041_2023,0.0,0.0032640963,0
img_06040_2023,0.0,0.0061860685,0
img_06037_2023,0.0,0.02577046,0
img_06042_2023,0.0,0.20495884,0
img_06036_2023,0.0,0.006733676,0
img_06043_2023,0.0,0.016768856,0
img_06045_2023,0.0,0.198742,0
img_06050_2023,0.0,0.26606494,0
img_06004_p01_2023,0.0,0.014900801,0
img_06004_p02_2023,0.0,0.025506994,0
img_06004_p03_2023,0.0,0.0067067803,0
img_06004_p04_2023,0.0,0.017277857,0
img_06054_2023,0.0,0.029038012,0
img_06053_2023,0.0,0.006822909,0
img_06051_2023,0.0,0.000702474,0
img_06060_2023,0.0,0.01268526,0
img_06058_2023,0.0,0.03407114,0
img_06061_2023,0.0,0.24754195,0
img_06063_2023,0.0,0.0015571592,0
img_06062_2023,0.0,0.27868506,0
img_06052_2023,0.0,0.010966515,0
img_06065_2023,0.0,0.014895944,0
img_06069_2023,0.0,0.0073847487,0
img_06057_2023,0.0,0.014825997,0
img_06070_2023,0.0,0.0047302125,0
img_06072_2023,0.0,0.002403158,0
img_06071_2023,0.0,0.028213933,0
img_06073_2023,0.0,0.025461158,0
img_06077_2023,0.0,0.1873501,0
img_06074_2023,0.0,0.016208157,0
img_06078_2023,0.0,0.028370265,0
img_06080_2023,0.0,0.0089414455,0
img_06076_2023,0.0,0.55332243,0
img_06085_2023,0.0,0.24242897,0
img_06087_2023,0.0,0.014663622,0
img_06066_p01_2023,0.0,0.0056216936,0
img_06066_p02_2023,0.0,0.006008404,0
img_06092_2023,0.0,0.34805432,0
img_06081_2023,0.0,0.014800442,0
img_06094_2023,0.0,0.09318331,0
img_06083_2023,0.0,0.0009402385,0
img_06088_2023,0.0,0.003820343,0
img_06095_2023,0.0,0.20357609,0
img_06097_2023,0.0,0.0011788285,0
img_06101_2023,0.0,0.09960396,0
img_06098_2023,0.0,0.0008334628,0
img_06099_2023,0.0,0.003969136,0
img_06106_2023,0.0,0.041903943,0
img_06109_2023,0.0,0.17940073,0
img_06102_2023,0.0,0.0017954733,0
img_06111_2023,0.0,0.0017120019,0
img_05933_p01_2023,0.0,0.016831046,0
img_05933_p02_2023,0.0,0.002189173,0
img_05933_p03_2023,0.0,0.0025946181,0
img_05933_p04_2023,0.0,0.006541329,0
img_05933_p05_2023,0.0,0.0010787372,0
img_05933_p06_2023,0.0,0.00025460153,0
img_05933_p07_2023,0.0,0.029875373,0
img_05933_p08_2023,0.0,0.011301123,0
img_05933_p09_2023,0.0,0.0041876347,0
img_06103_2023,0.0,0.95881623,1
img_06107_2023,0.0,0.00042689833,0
img_06104_2023,0.0,0.0036301415,0
img_06113_2023,0.0,0.03891188,0
img_06114_2023,0.0,0.0077475696,0
img_06108_2023,0.0,0.03541983,0
img_06116_2023,0.0,0.07498157,0
img_06110_2023,0.0,0.0016269872,0
img_06121_2023,0.0,0.17632596,0
img_06128_2023,0.0,0.19794914,0
img_06124_2023,0.0,0.17783311,0
img_06068_p02_2023,0.0,0.01670579,0
img_06131_2023,0.0,0.025345344,0
img_06136_2023,0.0,0.022733804,0
img_06135_2023,0.0,0.017041976,0
img_06140_2023,0.0,0.010128594,0
img_06142_2023,0.0,0.0060170456,0
img_06137_2023,0.0,0.9476471,1
img_06118_p01_2023,0.0,0.02417868,0
img_06118_p02_2023,0.0,0.029659469,0
img_06149_2023,0.0,0.20571533,0
img_06151_2023,0.0,0.16231035,0
img_06153_2023,0.0,0.11268705,0
img_06150_2023,0.0,0.11676252,0
img_06157_2023,0.0,0.17786136,0
img_06154_2023,0.0,0.020494422,0
img_06158_2023,0.0,0.8083464,1
img_06156_2023,0.0,0.016660722,0
img_06161_2023,0.0,0.061753392,0
img_06148_p01_2023,0.0,0.02205945,0
img_06148_p02_2023,0.0,0.04901616,0
img_06152_p01_2023,0.0,0.24680968,0
img_06152_p02_2023,0.0,0.17112353,0
img_06163_2023,0.0,0.08344334,0
img_06139_p01_2023,0.0,0.06459899,0
img_06139_p02_2023,0.0,0.44729042,0
img_06139_p03_2023,0.0,0.14395137,0
img_06164_2023,0.0,0.12183859,0
img_06166_2023,0.0,0.27553636,0
img_06162_2023,0.0,0.7665676,1
img_06160_2023,0.0,0.23644109,0
img_06174_2023,0.0,0.021859676,0
img_06179_2023,0.0,0.23077512,0
img_06173_2023,0.0,0.16369244,0
img_06168_p01_2023,0.0,0.26683384,0
img_06168_p02_2023,0.0,0.2900145,0
img_06182_2023,0.0,0.78801763,1
img_06187_2023,0.0,0.026077991,0
img_06181_2023,0.0,0.22563545,0
img_06185_2023,0.0,0.14844379,0
img_06186_2023,0.0,0.3154171,0
img_05674_p02_2023,0.0,0.017859602,0
img_05674_p03_2023,0.0,0.0025673336,0
img_05674_p04_2023,0.0,0.016964424,0
img_05674_p06_2023,0.0,0.00066517666,0
img_05674_p08_2023,0.0,0.0028425597,0
img_05674_p09_2023,0.0,0.000676804,0
img_05674_p10_2023,0.0,0.0066002756,0
img_05674_p11_2023,0.0,0.000674192,0
img_05674_p12_2023,0.0,0.00030721832,0
img_05674_p13_2023,0.0,0.00042731845,0
img_05674_p14_2023,0.0,0.55303067,0
img_05674_p15_2023,0.0,0.003448686,0
img_05674_p16_2023,0.0,0.0006764478,0
img_05674_p17_2023,0.0,0.0010870594,0
img_05674_p18_2023,0.0,0.008431489,0
img_05674_p19_2023,0.0,0.0027406227,0
img_05674_p20_2023,0.0,0.00036608288,0
img_05674_p21_2023,0.0,0.00080507994,0
img_05674_p22_2023,0.0,0.0025820273,0
img_05674_p23_2023,0.0,0.0030144216,0
img_05674_p24_2023,0.0,0.0079927575,0
img_05674_p25_2023,0.0,0.004546796,0
img_06189_2023,0.0,0.08014914,0
img_06199_2023,0.0,0.0301004,0
img_06196_2023,0.0,0.026427278,0
img_06197_2023,0.0,0.45852304,0
img_06202_2023,0.0,0.28067803,0
img_06193_2023,0.0,0.00063196,0
img_06204_2023,0.0,0.008596538,0
img_06207_2023,0.0,0.29255432,0
img_06214_2023,0.0,0.029991165,0
img_06212_2023,0.0,0.09839113,0
img_06218_2023,0.0,0.0023048841,0
img_06192_p01_2023,0.0,0.019994767,0
img_06192_p02_2023,0.0,0.017604029,0
img_06226_2023,0.0,0.43376914,0
img_06220_2023,0.0,0.5614011,0
img_06195_p01_2023,0.0,0.010661494,0
img_06195_p02_2023,0.0,0.29623622,0
img_06223_2023,0.0,0.15183957,0
img_06127_p01_2023,0.0,0.016492736,0
img_06127_p02_2023,0.0,0.0037596445,0
img_06127_p03_2023,0.0,0.06699925,0
img_06238_2023,0.0,0.00014541348,0
img_06240_2023,0.0,0.1886581,0
img_06235_2023,0.0,0.40024233,0
img_06236_2023,0.0,0.012186007,0
img_06241_2023,0.0,0.00024676145,0
img_06231_2023,0.0,0.077155516,0
img_06234_2023,0.0,0.13840935,0
img_06245_2023,0.0,0.19049475,0
img_06244_2023,0.0,0.00031261955,0
img_06217_p01_2023,0.0,0.039846323,0
img_06217_p02_2023,0.0,0.107001945,0
img_06228_p01_2023,0.0,0.09732647,0
img_06228_p02_2023,0.0,0.17263456,0
img_06249_2023,0.0,0.18363357,0
img_06246_2023,0.0,0.2605547,0
img_06229_p01_2023,0.0,0.05793252,0
img_06229_p02_2023,0.0,0.07480174,0
img_06253_2023,0.0,0.0017721525,0
img_06255_2023,0.0,0.09406388,0
img_06256_2023,0.0,0.4226449,0
img_06251_2023,0.0,0.06377923,0
img_06252_2023,0.0,0.052999098,0
img_06260_2023,0.0,0.29295006,0
img_06259_2023,0.0,0.06526311,0
img_06257_2023,0.0,0.07214459,0
img_06263_2023,0.0,0.40823856,0
img_06269_2023,0.0,0.036506206,0
img_06272_2023,0.0,0.041177142,0
img_06270_2023,0.0,0.007919815,0
img_06266_2023,0.0,0.01618663,0
img_06273_2023,0.0,0.27987856,0
img_06211_p01_2023,0.0,0.13411933,0
img_06211_p02_2023,0.0,0.10195522,0
img_06211_p03_2023,0.0,0.006809754,0
img_06211_p04_2023,0.0,0.011067768,0
img_06277_2023,0.0,0.18279466,0
img_06278_2023,0.0,0.009718257,0
img_06282_2023,0.0,0.026057992,0
img_06283_2023,0.0,0.005546575,0
img_06248_p01_2023,0.0,0.2483389,0
img_06248_p02_2023,0.0,0.33466485,0
img_06248_p03_2023,0.0,0.22582361,0
img_06248_p04_2023,0.0,0.027984977,0
img_06280_2023,0.0,0.0036042798,0
img_06284_2023,0.0,0.0883493,0
img_06286_2023,0.0,0.80404747,1
img_06291_2023,0.0,0.0031445199,0
img_06289_2023,0.0,0.017957572,0
img_06294_2023,0.0,2.1163882e-05,0
img_06295_2023,0.0,0.29363465,0
img_06301_2023,0.0,0.044330176,0
img_06297_2023,0.0,0.25215685,0
img_06296_2023,0.0,0.038671646,0
img_06302_2023,0.0,0.00040441751,0
img_06307_2023,0.0,0.014915729,0
img_05065_p01_2023,0.0,0.0044923006,0
img_05065_p02_2023,0.0,0.0035184617,0
img_05065_p03_2023,0.0,0.003113096,0
img_05065_p05_2023,0.0,0.00079499074,0
img_05065_p06_2023,0.0,0.00042784022,0
img_05065_p07_2023,0.0,0.0044145687,0
img_05065_p08_2023,0.0,0.005297626,0
img_05065_p10_2023,0.0,0.0035358083,0
img_05065_p11_2023,0.0,0.008737097,0
img_05065_p12_2023,0.0,0.0067865103,0
img_05065_p13_2023,0.0,0.04150347,0
img_05065_p14_2023,0.0,0.0036277273,0
img_05065_p16_2023,0.0,4.2380118e-05,0
img_05065_p19_2023,0.0,0.008534586,0
img_05065_p20_2023,0.0,0.004871891,0
img_05065_p21_2023,0.0,0.008712495,0
img_05065_p24_2023,0.0,0.00077368814,0
img_05065_p28_2023,0.0,0.006752266,0
img_05065_p29_2023,0.0,0.00078073214,0
img_05065_p37_2023,0.0,0.0013655291,0
img_05065_p39_2023,0.0,0.00093524234,0
img_05065_p48_2023,0.0,0.01698861,0
img_05065_p51_2023,0.0,0.026062718,0
img_05065_p52_2023,0.0,0.01472424,0
img_06312_2023,0.0,0.031668223,0
img_06311_2023,0.0,0.032207157,0
img_06309_2023,0.0,0.021791877,0
img_06320_2023,0.0,0.006383705,0
img_06322_2023,0.0,0.008825951,0
img_06323_2023,0.0,0.08532373,0
img_06325_2023,0.0,0.10678923,0
img_06328_2023,0.0,0.6637502,0
img_06327_2023,0.0,0.03824167,0
img_06331_2023,0.0,0.08477192,0
img_06329_2023,0.0,0.02022558,0
img_06338_2023,0.0,0.10403514,0
img_06340_2023,0.0,0.021776538,0
img_06339_2023,0.0,0.45130792,0
img_06347_2023,0.0,0.050260372,0
img_06341_2023,0.0,0.06737932,0
img_06254_p01_2023,0.0,0.028570408,0
img_06254_p02_2023,0.0,0.08609482,0
img_06254_p03_2023,0.0,0.073302865,0
img_06254_p04_2023,0.0,0.03217958,0
img_06352_2023,0.0,0.010725094,0
img_06353_2023,0.0,0.77186406,1
img_06349_2023,0.0,0.027323985,0
img_06358_2023,0.0,0.13700637,0
img_06354_2023,0.0,0.029104173,0
img_06350_2023,0.0,0.1419175,0
img_06355_2023,0.0,0.14311582,0
img_06367_2023,0.0,0.775353,1
img_06368_2023,0.0,0.09543223,0
img_06363_2023,0.0,0.063493945,0
img_06271_p01_2023,0.0,0.056434937,0
img_06271_p02_2023,0.0,0.42650157,0
img_06271_p03_2023,0.0,0.30281544,0
img_06271_p04_2023,0.0,0.22505383,0
img_06271_p05_2023,0.0,0.39607075,0
img_06271_p06_2023,0.0,0.18709533,0
img_06370_2023,0.0,0.18753964,0
img_06366_2023,0.0,0.20974025,0
img_06372_2023,0.0,0.07717578,0
img_06364_2023,0.0,0.044216696,0
img_06365_2023,0.0,0.22231384,0
img_06375_2023,0.0,0.042508345,0
img_06382_2023,0.0,0.31641936,0
img_06380_2023,0.0,0.038151972,0
img_06369_2023,0.0,0.37608552,0
img_06048_p01_2023,0.0,0.06965651,0
img_06048_p02_2023,0.0,0.0010422618,0
img_06048_p03_2023,0.0,0.017739782,0
img_06048_p04_2023,0.0,0.012152178,0
img_06048_p05_2023,0.0,0.029574037,0
img_06048_p06_2023,0.0,0.003997143,0
img_06048_p07_2023,0.0,0.024116073,0
img_06048_p09_2023,0.0,0.0007488948,0
img_06048_p10_2023,0.0,0.0010982377,0
img_06048_p11_2023,0.0,0.00054826116,0
img_06048_p12_2023,0.0,0.004997014,0
img_06048_p14_2023,0.0,0.0042925747,0
img_06048_p15_2023,0.0,0.0016736934,0
img_06048_p16_2023,0.0,0.0031500286,0
img_06048_p17_2023,0.0,0.0008228825,0
img_06048_p19_2023,0.0,0.011600973,0
img_06048_p20_2023,0.0,0.0010820439,0
img_06048_p21_2023,0.0,0.0005495384,0
img_06385_2023,0.0,0.07397519,0
img_06387_2023,0.0,0.023059297,0
img_06390_2023,0.0,0.0021480487,0
img_06392_2023,0.0,0.08302961,0
img_06391_2023,0.0,0.021064717,0
img_06356_p01_2023,0.0,0.1929545,0
img_06356_p02_2023,0.0,0.087222554,0
img_06356_p03_2023,0.0,0.050666105,0
img_06356_p04_2023,0.0,0.015089105,0
img_06395_2023,0.0,0.7654125,1
img_06400_2023,0.0,0.00013033806,0
img_06398_2023,0.0,0.12732548,0
img_06396_2023,0.0,0.3075462,0
img_06393_p01_2023,0.0,0.011228201,0
img_06393_p02_2023,0.0,0.056082077,0
img_06268_p03_2023,0.0,0.28318983,0
img_06268_p05_2023,0.0,0.1626778,0
img_06268_p08_2023,0.0,0.18741949,0
img_06412_2023,0.0,0.010086873,0
img_06410_2023,0.0,0.32086965,0
img_06408_2023,0.0,0.3928319,0
img_06404_2023,0.0,0.055654507,0
img_06419_2023,0.0,0.042181622,0
img_06422_2023,0.0,0.011684108,0
img_06427_2023,0.0,0.009323024,0
img_06429_2023,0.0,0.028448528,0
img_06420_2023,0.0,0.000195334,0
img_06426_2023,0.0,0.5666605,0
img_06428_2023,0.0,0.011366621,0
img_06432_2023,0.0,0.009854438,0
img_06431_2023,0.0,0.038697366,0
img_06439_2023,0.0,0.12525323,0
img_06440_2023,0.0,0.5233298,0
img_06445_2023,0.0,0.014796538,0
img_06451_2023,0.0,0.5988188,0
img_06453_2023,0.0,0.0021363683,0
img_06455_2023,0.0,0.40334925,0
img_06454_2023,0.0,0.34293088,0
img_06456_2023,0.0,0.14614467,0
img_06459_2023,0.0,0.05085387,0
img_06384_p01_2023,0.0,0.28672582,0
img_06384_p02_2023,0.0,0.32593757,0
img_06384_p03_2023,0.0,0.043667406,0
img_06463_2023,0.0,0.07987321,0
img_06457_2023,0.0,0.02566348,0
img_06465_2023,0.0,0.010607622,0
img_06461_2023,0.0,0.04569378,0
img_06466_2023,0.0,0.00029311216,0
img_06467_2023,0.0,0.10157521,0
img_06460_2023,0.0,0.13310418,0
img_06470_2023,0.0,0.20111246,0
img_06476_2023,0.0,0.020634923,0
img_06475_2023,0.0,0.020298798,0
img_06478_2023,0.0,0.01548551,0
img_06481_2023,0.0,0.17930113,0
img_06477_2023,0.0,0.0004097228,0
img_06482_2023,0.0,0.01323704,0
img_06485_2023,0.0,0.003998884,0
img_06474_2023,0.0,0.5018152,0
img_06496_2023,0.0,0.41699904,0
img_06490_2023,0.0,0.0032091725,0
img_06498_2023,0.0,0.104537666,0
img_06494_2023,0.0,0.014128765,0
img_06462_p01_2023,0.0,0.01800236,0
img_06462_p02_2023,0.0,0.017077873,0
img_06462_p03_2023,0.0,0.08970559,0
img_06462_p04_2023,0.0,0.031876635,0
img_06505_2023,0.0,0.005633074,0
img_06509_2023,0.0,0.42271447,0
img_06504_2023,0.0,0.039473508,0
img_06510_2023,0.0,0.24284093,0
img_06508_2023,0.0,0.026214758,0
img_06513_2023,0.0,0.05757323,0
img_06519_2023,0.0,0.0070825526,0
img_06517_2023,0.0,0.008117823,0
img_06521_2023,0.0,0.27535447,0
img_06526_2023,0.0,0.07762176,0
img_06522_2023,0.0,0.07552074,0
img_06528_2023,0.0,0.1161284,0
img_06511_p01_2023,0.0,0.043776095,0
img_06511_p02_2023,0.0,0.14324878,0
img_06530_2023,0.0,0.34053403,0
img_06529_2023,0.0,0.50053465,0
img_06531_2023,0.0,0.22898903,0
img_06535_2023,0.0,0.06740453,0
img_06376_p02_2023,0.0,0.2737911,0
img_06376_p03_2023,0.0,0.1998554,0
img_06376_p04_2023,0.0,0.18613283,0
img_06376_p05_2023,0.0,0.18364844,0
img_06376_p06_2023,0.0,0.09190972,0
img_06376_p07_2023,0.0,0.20576301,0
img_06376_p08_2023,0.0,0.09936687,0
img_06376_p09_2023,0.0,0.052017767,0
img_06540_2023,0.0,0.43388495,0
img_06538_2023,0.0,0.016513549,0
img_06545_2023,0.0,0.058475494,0
img_06542_2023,0.0,0.0048362454,0
img_06546_2023,0.0,0.07686033,0
img_06514_p01_2023,0.0,0.21606469,0
img_06514_p02_2023,0.0,0.04165193,0
img_06550_2023,0.0,0.053222813,0
img_06552_2023,0.0,0.0010787932,0
img_06551_2023,0.0,0.028034892,0
img_06555_2023,0.0,0.008717069,0
img_06554_2023,0.0,0.048393153,0
img_06560_2023,0.0,0.0009093551,0
img_06562_2023,0.0,0.033780657,0
img_06568_2023,0.0,0.05854739,0
img_06574_2023,0.0,0.262731,0
img_06564_2023,0.0,0.05400611,0
img_06575_2023,0.0,0.18095297,0
img_06580_2023,0.0,0.0046935505,0
img_06581_2023,0.0,0.018846834,0
img_06582_2023,0.0,0.41472754,0
img_06576_2023,0.0,0.22625598,0
img_06586_2023,0.0,0.09789793,0
img_06584_2023,0.0,0.022302577,0
img_06589_2023,0.0,0.0057335524,0
img_06588_2023,0.0,0.004580536,0
img_06593_2023,0.0,0.12032525,0
img_06597_2023,0.0,0.3684468,0
img_06598_2023,0.0,0.0007059549,0
img_06600_2023,0.0,0.09563461,0
img_06603_2023,0.0,0.00044638003,0
img_06265_p03_2023,0.0,0.024606042,0
img_06265_p04_2023,0.0,0.18412614,0
img_06265_p05_2023,0.0,0.0054545826,0
img_06265_p08_2023,0.0,0.015184109,0
img_06265_p09_2023,0.0,0.17802572,0
img_06265_p10_2023,0.0,0.17348693,0
img_06265_p13_2023,0.0,0.14294377,0
img_06265_p14_2023,0.0,0.5899704,0
img_06605_2023,0.0,0.06914878,0
img_06608_2023,0.0,0.037796326,0
img_06607_2023,0.0,0.39270407,0
img_06609_2023,0.0,0.4210574,0
img_06614_2023,0.0,0.0859731,0
img_06616_2023,0.0,0.114873014,0
img_06618_2023,0.0,0.1787056,0
img_06613_2023,0.0,0.1551872,0
img_06615_2023,0.0,0.16807134,0
img_06611_p01_2023,0.0,0.058618166,0
img_06611_p02_2023,0.0,0.0007232594,0
img_06590_p01_2023,0.0,0.100567505,0
img_06590_p02_2023,0.0,0.051977813,0
img_06590_p03_2023,0.0,0.036897548,0
img_06590_p04_2023,0.0,0.035376936,0
img_06628_2023,0.0,0.21056738,0
img_06630_2023,0.0,0.017134631,0
img_06632_2023,0.0,0.098438606,0
img_06635_2023,0.0,0.28241497,0
img_06622_p01_2023,0.0,0.30543518,0
img_06622_p02_2023,0.0,0.12962078,0
img_06636_2023,0.0,0.08204771,0
img_06640_2023,0.0,0.35921162,0
img_06637_2023,0.0,0.0058850325,0
img_06596_p01_2023,0.0,0.7510173,1
img_06596_p02_2023,0.0,0.40808073,0
img_06596_p03_2023,0.0,0.52360976,0
img_06596_p04_2023,0.0,0.18488903,0
img_06645_2023,0.0,0.024573762,0
img_06648_2023,0.0,0.032774314,0
img_06646_2023,0.0,0.28199872,0
img_06651_2023,0.0,0.44552308,0
img_06650_2023,0.0,0.022518847,0
img_06647_2023,0.0,0.11768744,0
img_06652_2023,0.0,0.3020012,0
img_06655_2023,0.0,0.3740509,0
img_06660_2023,0.0,0.09355756,0
img_06659_2023,0.0,0.289523,0
img_06656_2023,0.0,0.22791581,0
img_06661_2023,0.0,0.13988231,0
img_06663_2023,0.0,0.23016062,0
img_06672_2023,0.0,0.046381272,0
img_06670_2023,0.0,0.15107752,0
img_06674_2023,0.0,0.0030912661,0
img_06592_p01_2023,0.0,0.002896652,0
img_06592_p02_2023,0.0,0.43434635,0
img_06592_p03_2023,0.0,0.01602545,0
img_06592_p04_2023,0.0,0.013552022,0
img_06592_p05_2023,0.0,0.0049166223,0
img_06592_p06_2023,0.0,0.03533434,0
img_06679_2023,0.0,0.007873977,0
img_06666_p01_2023,0.0,0.00525857,0
img_06666_p02_2023,0.0,0.021259079,0
img_06683_2023,0.0,0.16431233,0
img_06685_2023,0.0,0.8537361,1
img_06680_2023,0.0,0.00055141014,0
img_06676_2023,0.0,0.0013746052,0
img_06690_2023,0.0,0.66463274,0
img_06691_2023,0.0,0.0033198777,0
img_06688_2023,0.0,0.2050354,0
img_06654_p01_2023,0.0,0.17358908,0
img_06654_p02_2023,0.0,0.031430844,0
img_06654_p03_2023,0.0,0.21644357,0
img_06654_p04_2023,0.0,0.041646697,0
img_06692_2023,0.0,0.5148767,0
img_06697_2023,0.0,0.11126715,0
img_06693_2023,0.0,0.1073995,0
img_06687_p02_2023,0.0,0.007143064,0
img_06617_p01_2023,0.0,0.13360381,0
img_06617_p02_2023,0.0,0.0070984242,0
img_06617_p03_2023,0.0,0.012878716,0
img_06617_p04_2023,0.0,0.15421088,0
img_06617_p05_2023,0.0,0.23991776,0
img_06617_p06_2023,0.0,0.44281498,0
img_06698_2023,0.0,0.06831299,0
img_06699_2023,0.0,0.00072467275,0
img_06700_2023,0.0,0.17781523,0
img_06702_2023,0.0,0.29513058,0
img_06701_2023,0.0,0.1821462,0
img_06705_2023,0.0,0.1468564,0
img_06708_2023,0.0,0.11153527,0
img_06703_2023,0.0,0.16050874,0
img_06709_2023,0.0,0.04105122,0
img_06664_p01_2023,0.0,0.018644981,0
img_06664_p02_2023,0.0,0.02296153,0
img_06664_p03_2023,0.0,0.46666735,0
img_06664_p05_2023,0.0,0.16438615,0
img_06664_p06_2023,0.0,0.0056271795,0
img_06720_2023,0.0,0.00046829606,0
img_06682_p01_2023,0.0,0.13026682,0
img_06682_p02_2023,0.0,0.08802795,0
img_06682_p04_2023,0.0,0.1294724,0
img_06682_p05_2023,0.0,0.03980859,0
img_06682_p06_2023,0.0,0.31624937,0
img_06717_2023,0.0,0.38779932,0
img_06696_p01_2023,0.0,0.022005785,0
img_06696_p02_2023,0.0,0.014446651,0
img_06696_p03_2023,0.0,0.055396758,0
img_06696_p04_2023,0.0,0.0064207604,0
img_06480_p01_2023,0.0,0.112323165,0
img_06480_p02_2023,0.0,0.006895362,0
img_06480_p03_2023,0.0,0.115110934,0
img_06480_p04_2023,0.0,0.18344852,0
img_06480_p06_2023,0.0,0.11069532,0
img_06480_p07_2023,0.0,0.11786016,0
img_06480_p08_2023,0.0,0.04483799,0
img_06480_p09_2023,0.0,0.114268064,0
img_06480_p10_2023,0.0,0.064120606,0
img_06480_p11_2023,0.0,0.051823627,0
img_06480_p12_2023,0.0,0.08302006,0
img_06480_p13_2023,0.0,0.5760435,0
img_06480_p14_2023,0.0,0.5174552,0
img_06480_p15_2023,0.0,0.078355454,0
img_06480_p16_2023,0.0,0.2819795,0
img_06721_2023,0.0,0.24125834,0
img_06728_2023,0.0,0.111259,0
img_06723_2023,0.0,0.17356573,0
img_06726_2023,0.0,0.01704984,0
img_06725_2023,0.0,0.014572223,0
img_06730_2023,0.0,0.18895097,0
img_06735_2023,0.0,0.15422632,0
img_06722_p01_2023,0.0,0.00071994227,0
img_06739_2023,0.0,0.042968582,0
img_06684_p01_2023,0.0,0.11504042,0
img_06684_p02_2023,0.0,0.26659787,0
img_06684_p03_2023,0.0,0.24726543,0
img_06684_p04_2023,0.0,0.53011364,0
img_06684_p05_2023,0.0,0.53764725,0
img_06746_2023,0.0,0.18181767,0
img_06734_2023,0.0,0.07478197,0
img_06750_2023,0.0,0.11534512,0
img_06631_p01_2023,0.0,0.049258094,0
img_06631_p02_2023,0.0,0.053259492,0
img_06631_p03_2023,0.0,0.07457308,0
img_06631_p04_2023,0.0,0.03386734,0
img_06631_p05_2023,0.0,0.07276232,0
img_06631_p06_2023,0.0,0.10985692,0
img_06631_p07_2023,0.0,0.017795375,0
img_06631_p08_2023,0.0,0.020386219,0
img_06631_p09_2023,0.0,0.048628762,0
img_06752_2023,0.0,0.5080366,0
img_06743_p01_2023,0.0,0.4666461,0
img_06743_p02_2023,0.0,0.5439626,0
img_06623_p01_2023,0.0,0.012897422,0
img_06623_p02_2023,0.0,0.068187036,0
img_06623_p03_2023,0.0,0.0047019264,0
img_06623_p04_2023,0.0,0.08624246,0
img_06673_p01_2023,0.0,0.46651158,0
img_06673_p02_2023,0.0,0.19833429,0
img_06673_p03_2023,0.0,0.105501056,0
img_06673_p04_2023,0.0,0.4807261,0
img_06673_p05_2023,0.0,0.5698085,0
img_06673_p06_2023,0.0,0.032737136,0
img_06673_p07_2023,0.0,0.05620975,0
img_06673_p08_2023,0.0,0.0089602545,0
img_06673_p09_2023,0.0,0.014103027,0
img_06763_2023,0.0,0.03872282,0
img_06729_p01_2023,0.0,0.040823363,0
img_06729_p02_2023,0.0,0.3104034,0
img_06729_p03_2023,0.0,0.13866071,0
img_06729_p04_2023,0.0,0.062127423,0
img_06767_2023,0.0,0.365602,0
img_06765_2023,0.0,0.095182575,0
img_06768_2023,0.0,0.08935728,0
img_06732_p01_2023,0.0,0.03278946,0
img_06732_p02_2023,0.0,0.0062888013,0
img_06732_p03_2023,0.0,0.07915766,0
img_06732_p04_2023,0.0,0.085821904,0
img_06771_2023,0.0,0.33682296,0
img_06777_2023,0.0,0.1769148,0
img_06776_2023,0.0,0.035124622,0
img_06781_2023,0.0,0.0014081601,0
img_06784_2023,0.0,0.049668375,0
img_06755_p01_2023,0.0,0.05646342,0
img_06755_p02_2023,0.0,0.0060605905,0
img_06755_p03_2023,0.0,0.001564179,0
img_06755_p04_2023,0.0,0.23975177,0
img_06790_2023,0.0,0.10296534,0
img_06789_2023,0.0,0.11325364,0
img_06792_2023,0.0,0.00022302521,0
img_06795_2023,0.0,0.098094344,0
img_06796_2023,0.0,0.41932064,0
img_06797_2023,0.0,0.086228885,0
img_06800_2023,0.0,0.012495505,0
img_06801_2023,0.0,0.13227585,0
img_06780_p02_2023,0.0,0.0515111,0
img_06779_p01_2023,0.0,0.013696194,0
img_06779_p02_2023,0.0,0.081185035,0
img_06779_p03_2023,0.0,0.13647684,0
img_06779_p04_2023,0.0,0.14148925,0
img_06806_2023,0.0,0.007127551,0
img_06798_p01_2023,0.0,0.68929,0
img_06798_p02_2023,0.0,0.18172567,0
img_06811_2023,0.0,0.0071424292,0
img_06808_2023,0.0,0.04094129,0
img_06594_p01_2023,0.0,0.42554617,0
img_06594_p02_2023,0.0,0.36767685,0
img_06594_p03_2023,0.0,0.127829,0
img_06594_p06_2023,0.0,0.36100498,0
img_06594_p07_2023,0.0,0.06432381,0
img_06594_p08_2023,0.0,0.058029283,0
img_06594_p09_2023,0.0,0.5293894,0
img_06594_p10_2023,0.0,0.30879673,0
img_06594_p11_2023,0.0,0.35605723,0
img_06594_p12_2023,0.0,0.0034215562,0
img_06594_p13_2023,0.0,0.11419543,0
img_06594_p14_2023,0.0,0.19016437,0
img_06594_p15_2023,0.0,0.041190363,0
img_06751_p02_2023,0.0,0.95754206,1
img_06751_p03_2023,0.0,0.80535203,1
img_06751_p04_2023,0.0,0.15133666,0
img_06751_p05_2023,0.0,0.07155108,0
img_06751_p06_2023,0.0,0.02655504,0
img_06751_p07_2023,0.0,0.21873322,0
img_06817_2023,0.0,0.07730885,0
img_06816_2023,0.0,0.13169734,0
img_06812_2023,0.0,0.7536677,1
img_06782_p01_2023,0.0,0.17689204,0
img_06782_p02_2023,0.0,0.03342443,0
img_06782_p03_2023,0.0,0.15009284,0
img_06782_p04_2023,0.0,0.024846086,0
img_06756_p01_2023,0.0,0.3067727,0
img_06756_p02_2023,0.0,0.371595,0
img_06756_p03_2023,0.0,0.44070974,0
img_06756_p04_2023,0.0,0.50318897,0
img_06756_p05_2023,0.0,0.042532098,0
img_06756_p06_2023,0.0,0.34190732,0
img_06818_2023,0.0,0.07660921,0
img_06823_2023,0.0,0.12897633,0
img_06824_2023,0.0,0.7500123,1
img_06821_2023,0.0,0.009416958,0
img_06827_2023,0.0,0.20686892,0
img_06831_2023,0.0,0.14120182,0
img_06814_p02_2023,0.0,0.49610263,0
img_06834_2023,0.0,0.073203996,0
img_06830_2023,0.0,0.13619578,0
img_06836_2023,0.0,0.0031369228,0
img_06841_2023,0.0,0.052593194,0
img_06839_2023,0.0,0.09198012,0
img_06838_2023,0.0,0.17119198,0
img_06845_2023,0.0,0.35438424,0
img_06840_2023,0.0,0.041742656,0
img_06842_2023,0.0,0.12132889,0
img_06843_2023,0.0,0.087689996,0
img_06848_2023,0.0,0.01770312,0
img_06850_2023,0.0,0.10789138,0
img_06849_2023,0.0,0.00039340314,0
img_06835_2023,0.0,0.022558495,0
img_06854_2023,0.0,0.348174,0
img_06851_2023,0.0,0.15417519,0
img_06855_2023,0.0,0.24806125,0
img_06846_p01_2023,0.0,0.13729745,0
img_06846_p02_2023,0.0,0.09212635,0
img_06861_2023,0.0,0.019973464,0
img_06867_2023,0.0,0.33674318,0
img_06866_2023,0.0,0.03861614,0
img_06802_p01_2023,0.0,0.06461781,0
img_06802_p02_2023,0.0,0.05887217,0
img_06802_p03_2023,0.0,0.033132304,0
img_06802_p04_2023,0.0,0.027050097,0
img_06802_p05_2023,0.0,0.12710162,0
img_06802_p06_2023,0.0,0.020256892,0
img_06807_p01_2023,0.0,0.760954,1
img_06807_p02_2023,0.0,0.23570433,0
img_06807_p03_2023,0.0,0.29129767,0
img_06807_p04_2023,0.0,0.52694434,0
img_06807_p05_2023,0.0,0.26933795,0
img_06807_p06_2023,0.0,0.013188615,0
img_06873_2023,0.0,0.0010608451,0
img_06874_2023,0.0,0.030530846,0
img_06876_2023,0.0,0.01962807,0
img_06879_2023,0.0,0.003468179,0
img_06872_2023,0.0,0.08132617,0
img_06883_2023,0.0,0.049497515,0
img_06882_2023,0.0,0.022907654,0
img_06865_p02_2023,0.0,0.38689756,0
img_06889_2023,0.0,0.21562855,0
img_06888_2023,0.0,0.13907918,0
img_06885_2023,0.0,0.104747675,0
img_06898_2023,0.0,0.065917335,0
img_06890_2023,0.0,0.12552077,0
img_06897_2023,0.0,0.064738385,0
img_06906_2023,0.0,0.25016135,0
img_06904_2023,0.0,0.0028741215,0
img_06908_2023,0.0,0.39290184,0
img_06911_2023,0.0,0.2683707,0
img_06903_2023,0.0,0.2111092,0
img_06915_2023,0.0,0.15306708,0
img_06913_2023,0.0,0.78735477,1
img_06916_2023,0.0,0.16863659,0
img_06912_2023,0.0,0.08994481,0
img_06922_2023,0.0,0.007722339,0
img_06920_2023,0.0,0.07274494,0
img_06928_2023,0.0,0.33652407,0
img_06926_2023,0.0,0.92337847,1
img_06927_2023,0.0,0.01590972,0
img_06748_p02_2023,0.0,0.004574927,0
img_06748_p03_2023,0.0,0.0018804247,0
img_06748_p06_2023,0.0,0.0026924289,0
img_06748_p07_2023,0.0,0.0036433307,0
img_06931_2023,0.0,0.24091008,0
img_06929_2023,0.0,0.04224754,0
img_06936_2023,0.0,0.0031683198,0
img_06938_2023,0.0,0.39937696,0
img_06941_2023,0.0,0.0038979154,0
img_06942_2023,0.0,0.0034045489,0
img_06940_2023,0.0,0.3284765,0
img_05307_p01_2023,0.0,0.0060978895,0
img_05307_p02_2023,0.0,0.0039964207,0
img_05307_p03_2023,0.0,0.0026185382,0
img_05307_p04_2023,0.0,0.0010546545,0
img_05307_p05_2023,0.0,0.119944766,0
img_05307_p06_2023,0.0,0.018179405,0
img_05307_p07_2023,0.0,0.008261986,0
img_05307_p08_2023,0.0,0.0055193,0
img_05307_p09_2023,0.0,0.013557935,0
img_05307_p10_2023,0.0,0.0054260553,0
img_05307_p11_2023,0.0,0.005297962,0
img_05307_p12_2023,0.0,0.0046062325,0
img_05307_p13_2023,0.0,0.012095324,0
img_05307_p14_2023,0.0,0.00062958366,0
img_05307_p15_2023,0.0,0.0059483377,0
img_05307_p16_2023,0.0,0.004412475,0
img_05307_p17_2023,0.0,0.0059899916,0
img_05307_p18_2023,0.0,0.0011703805,0
img_05307_p19_2023,0.0,0.0017927237,0
img_05307_p20_2023,0.0,0.0070245476,0
img_05307_p21_2023,0.0,0.019302271,0
img_05307_p22_2023,0.0,0.0036043818,0
img_05307_p23_2023,0.0,0.0018976977,0
img_05307_p24_2023,0.0,0.014936401,0
img_05307_p25_2023,0.0,0.004090971,0
img_05307_p26_2023,0.0,0.0035790284,0
img_05307_p27_2023,0.0,0.054376353,0
img_05307_p28_2023,0.0,0.0015273707,0
img_05307_p29_2023,0.0,0.0038333952,0
img_05307_p30_2023,0.0,0.0020234569,0
img_05307_p31_2023,0.0,0.0026870046,0
img_05307_p32_2023,0.0,0.027560879,0
img_05307_p33_2023,0.0,0.014767716,0
img_05307_p34_2023,0.0,0.025041452,0
img_05307_p35_2023,0.0,0.0029514371,0
img_05307_p36_2023,0.0,0.029430326,0
img_05307_p37_2023,0.0,0.001871974,0
img_05307_p38_2023,0.0,0.013293492,0
img_05307_p39_2023,0.0,0.004282278,0
img_05307_p40_2023,0.0,0.013643068,0
img_05307_p41_2023,0.0,0.0017992444,0
img_05307_p42_2023,0.0,0.009618283,0
img_05307_p43_2023,0.0,0.014769661,0
img_05307_p44_2023,0.0,0.002997654,0
img_05307_p45_2023,0.0,0.011405182,0
img_05307_p47_2023,0.0,0.004905249,0
img_05307_p48_2023,0.0,0.025056273,0
img_05307_p49_2023,0.0,0.0013834218,0
img_05307_p50_2023,0.0,0.01617137,0
img_05307_p51_2023,0.0,0.010331854,0
img_05307_p52_2023,0.0,0.003771986,0
img_05307_p53_2023,0.0,0.0023682634,0
img_05307_p54_2023,0.0,0.26548034,0
img_05307_p55_2023,0.0,0.016912078,0
img_05307_p56_2023,0.0,0.010528145,0
img_05307_p57_2023,0.0,0.0057393694,0
img_05307_p58_2023,0.0,0.004670053,0
img_05307_p59_2023,0.0,0.0006879725,0
img_05307_p60_2023,0.0,0.006053558,0
img_05307_p61_2023,0.0,0.0048282743,0
img_05307_p62_2023,0.0,0.0015969172,0
img_05307_p63_2023,0.0,0.002816678,0
img_05307_p64_2023,0.0,0.0044018445,0
img_05307_p65_2023,0.0,0.004013341,0
img_05307_p66_2023,0.0,0.0037405815,0
img_05307_p67_2023,0.0,0.0015531272,0
img_05307_p68_2023,0.0,0.003869792,0
img_05307_p69_2023,0.0,0.0013680947,0
img_05307_p70_2023,0.0,0.0058047473,0
img_05307_p71_2023,0.0,0.014361272,0
img_05307_p72_2023,0.0,0.0029022754,0
img_05307_p73_2023,0.0,0.0019633782,0
img_05307_p74_2023,0.0,0.0020352977,0
img_05307_p75_2023,0.0,0.0032635615,0
img_05307_p76_2023,0.0,0.0038073726,0
img_05307_p77_2023,0.0,0.007033886,0
img_05307_p78_2023,0.0,0.0015563403,0
img_05307_p79_2023,0.0,0.0012545338,0
img_05307_p80_2023,0.0,0.0017844392,0
img_05307_p81_2023,0.0,0.0018041481,0
img_05307_p82_2023,0.0,0.0006427236,0
img_05307_p84_2023,0.0,0.0019909488,0
img_06944_2023,0.0,0.16823459,0
img_06934_2023,0.0,0.20549345,0
img_06945_2023,0.0,0.07351149,0
img_06946_2023,0.0,0.024153395,0
img_06950_2023,0.0,0.3568527,0
img_06794_p08_2023,0.0,0.131491,0
img_06955_2023,0.0,0.081443824,0
img_06951_2023,0.0,0.55641663,0
img_06943_p01_2023,0.0,0.3460615,0
img_06943_p02_2023,0.0,0.02973268,0
img_06923_p01_2023,0.0,0.012272574,0
img_06923_p02_2023,0.0,0.15278074,0
img_06923_p03_2023,0.0,0.006603145,0
img_06923_p04_2023,0.0,0.0952727,0
img_06956_2023,0.0,0.027634958,0
img_06957_2023,0.0,0.00992846,0
img_06959_2023,0.0,0.6337899,0
img_06961_2023,0.0,0.08668576,0
img_06963_2023,0.0,0.20169953,0
img_06969_2023,0.0,0.18086931,0
img_06964_2023,0.0,0.15545736,0
img_06970_2023,0.0,0.29610068,0
img_06966_2023,0.0,0.2303355,0
img_06965_2023,0.0,0.531248,0
img_06932_p01_2023,0.0,0.6113494,0
img_06932_p02_2023,0.0,0.5311363,0
img_06932_p03_2023,0.0,0.7713851,1
img_06932_p04_2023,0.0,0.5890988,0
img_06967_2023,0.0,0.06863388,0
img_06958_2023,0.0,0.11791104,0
img_06968_2023,0.0,0.44936076,0
img_06971_2023,0.0,0.05187128,0
img_06974_2023,0.0,0.051154792,0
img_06973_2023,0.0,0.02514349,0
img_06979_2023,0.0,0.03703062,0
img_06985_2023,0.0,0.59368485,0
img_06984_2023,0.0,0.20997591,0
img_06988_2023,0.0,0.00016480304,0
img_06989_2023,0.0,0.13450101,0
img_06981_2023,0.0,0.6846798,0
img_06992_2023,0.0,0.02087883,0
img_06996_2023,0.0,0.74725646,1
img_06994_2023,0.0,0.3698234,0
img_07000_2023,0.0,0.21396358,0
img_07001_2023,0.0,0.06934148,0
img_07004_2023,0.0,0.35118684,0
img_06995_2023,0.0,0.96529406,1
img_06891_p01_2023,0.0,0.04598227,0
img_06891_p02_2023,0.0,0.009713011,0
img_06891_p03_2023,0.0,0.016349029,0
img_06891_p06_2023,0.0,0.20400345,0
img_06891_p07_2023,0.0,0.022171441,0
img_07002_2023,0.0,0.020911207,0
img_07006_2023,0.0,0.031909402,0
img_07007_2023,0.0,0.27559096,0
img_07015_2023,0.0,0.015059864,0
img_07014_2023,0.0,0.17229044,0
img_07010_2023,0.0,0.15878741,0
img_07019_2023,0.0,0.1507285,0
img_07017_2023,0.0,0.08878048,0
img_07020_2023,0.0,0.8288681,1
img_07023_2023,0.0,0.72208196,0
img_07026_2023,0.0,0.103998564,0
img_06993_p01_2023,0.0,0.21455543,0
img_06993_p02_2023,0.0,0.19341515,0
img_07030_2023,0.0,0.2667208,0
img_07028_2023,0.0,0.17873693,0
img_07029_2023,0.0,0.80521405,1
img_07031_2023,0.0,0.3878642,0
img_07033_2023,0.0,0.49578238,0
img_07024_2023,0.0,0.099998824,0
img_06986_p01_2023,0.0,0.4509717,0
img_06986_p02_2023,0.0,0.012538122,0
img_06986_p03_2023,0.0,0.563688,0
img_06986_p04_2023,0.0,0.020968994,0
img_07038_2023,0.0,0.0994069,0
img_07035_2023,0.0,0.19433948,0
img_07044_2023,0.0,0.25647917,0
img_07037_2023,0.0,0.5530962,0
img_07041_2023,0.0,0.8308398,1
img_07009_p01_2023,0.0,0.1650664,0
img_07009_p02_2023,0.0,0.039085787,0
img_07039_2023,0.0,0.0734659,0
img_07045_2023,0.0,0.42597342,0
img_07048_2023,0.0,0.02324919,0
img_07032_2023,0.0,0.73814124,1
img_07049_2023,0.0,0.08998828,0
img_07054_2023,0.0,0.0062220125,0
img_07052_2023,0.0,0.3700466,0
img_07051_2023,0.0,0.1976218,0
img_07053_2023,0.0,0.41905802,0
img_07055_2023,0.0,0.9035907,1
img_07058_2023,0.0,0.08585339,0
img_06982_p01_2023,0.0,0.016959723,0
img_06982_p02_2023,0.0,0.010264957,0
img_06982_p03_2023,0.0,0.011285072,0
img_06982_p04_2023,0.0,0.02095874,0
img_07060_2023,0.0,0.27982935,0
img_07059_2023,0.0,0.3894414,0
img_06896_p02_2023,0.0,0.088348866,0
img_06896_p03_2023,0.0,0.0067853155,0
img_07062_2023,0.0,0.007747248,0
img_07057_2023,0.0,0.13121983,0
img_07065_2023,0.0,0.047295813,0
img_07073_2023,0.0,0.06311762,0
img_07076_2023,0.0,0.21350725,0
img_07071_2023,0.0,0.1700622,0
img_07068_2023,0.0,0.0054695555,0
img_07069_2023,0.0,0.09837225,0
img_07079_2023,0.0,0.3492793,0
img_07086_2023,0.0,0.036093656,0
img_07081_2023,0.0,0.43631276,0
img_07082_2023,0.0,0.23582554,0
img_07085_2023,0.0,0.6898238,0
img_07087_2023,0.0,0.091244474,0
img_07091_2023,0.0,0.12902687,0
img_07089_2023,0.0,0.09420167,0
img_07083_2023,0.0,0.18278961,0
img_07090_2023,0.0,0.037546728,0
img_07063_p02_2023,0.0,0.34098163,0
img_07088_2023,0.0,0.13105479,0
img_07092_2023,0.0,0.42054492,0
img_07094_2023,0.0,0.075761475,0
img_07095_2023,0.0,0.010115467,0
img_07099_2023,0.0,0.85943586,1
img_07098_2023,0.0,0.78920853,1
img_07093_2023,0.0,0.694684,0
img_07102_2023,0.0,0.4226362,0
img_07103_2023,0.0,0.115009144,0
img_07105_2023,0.0,0.0011108704,0
img_07066_p01_2023,0.0,0.0118068755,0
img_07066_p02_2023,0.0,0.02249889,0
img_07106_2023,0.0,0.09254958,0
img_07107_2023,0.0,0.23515508,0
img_07104_2023,0.0,0.71377766,0
img_07113_2023,0.0,0.6946265,0
img_07111_2023,0.0,0.023426196,0
img_07115_2023,0.0,0.20834121,0
img_07110_2023,0.0,0.06057327,0
img_07119_2023,0.0,0.3390422,0
img_07118_2023,0.0,0.5544623,0
img_07120_2023,0.0,0.103064045,0
img_07127_2023,0.0,0.21973594,0
img_07116_2023,0.0,0.35826072,0
img_07096_p01_2023,0.0,0.07757096,0
img_07096_p02_2023,0.0,0.16245833,0
img_07126_2023,0.0,0.023982435,0
img_07129_2023,0.0,0.19507442,0
img_07125_2023,0.0,0.40383402,0
img_07122_2023,0.0,0.088599876,0
img_07123_2023,0.0,0.18475766,0
img_07130_2023,0.0,0.03559665,0
img_07133_2023,0.0,0.065902255,0
img_07134_2023,0.0,0.34534127,0
img_07137_2023,0.0,0.092106655,0
img_07140_2023,0.0,0.01858004,0
img_07138_2023,0.0,0.1058499,0
img_07144_2023,0.0,0.24390042,0
img_07142_2023,0.0,0.070924975,0
img_07145_2023,0.0,0.6919802,0
img_07149_2023,0.0,0.5195084,0
img_07148_2023,0.0,0.00067351,0
img_07156_2023,0.0,0.56680727,0
img_07162_2023,0.0,0.09819097,0
img_07150_2023,0.0,0.67360973,0
img_07151_2023,0.0,0.20105867,0
img_07158_2023,0.0,0.26975355,0
img_07147_2023,0.0,0.058632553,0
img_07157_2023,0.0,0.099816464,0
img_07143_p01_2023,0.0,0.21309058,0
img_07143_p02_2023,0.0,0.035340823,0
img_07161_2023,0.0,0.38897374,0
img_07160_2023,0.0,0.1682169,0
img_07164_2023,0.0,0.5217606,0
img_07168_2023,0.0,0.05733764,0
img_07173_2023,0.0,0.14162484,0
img_07172_2023,0.0,0.30855387,0
img_07167_2023,0.0,0.5113262,0
img_07178_2023,0.0,0.0030738283,0
img_07180_2023,0.0,0.08133398,0
img_07185_2023,0.0,0.68472767,0
img_07186_2023,0.0,0.13437541,0
img_07183_2023,0.0,0.2981237,0
img_07184_2023,0.0,0.22790694,0
img_07136_p01_2023,0.0,0.10805625,0
img_07136_p02_2023,0.0,0.6573043,0
img_07188_2023,0.0,0.08700052,0
img_07190_2023,0.0,0.007948952,0
img_07189_2023,0.0,0.2648365,0
img_07193_2023,0.0,0.38450733,0
img_07199_2023,0.0,0.9655193,1
img_07198_2023,0.0,0.3605293,0
img_07194_2023,0.0,0.66111386,0
img_07204_2023,0.0,0.21067183,0
img_07203_2023,0.0,0.050478406,0
img_07205_2023,0.0,0.0013997254,0
img_07210_2023,0.0,0.1998172,0
img_07209_2023,0.0,0.38436246,0
img_07192_p01_2023,0.0,0.27371928,0
img_07192_p02_2023,0.0,0.002697362,0
img_07212_2023,0.0,0.00028694887,0
img_07211_2023,0.0,0.08949213,0
img_07218_2023,0.0,0.40479332,0
img_07220_2023,0.0,0.000653301,0
img_07223_2023,0.0,0.5680782,0
img_07219_2023,0.0,0.017144145,0
img_07176_p01_2023,0.0,0.1550214,0
img_07176_p02_2023,0.0,0.326209,0
img_07176_p03_2023,0.0,0.5730608,0
img_07176_p04_2023,0.0,0.26536098,0
img_07225_2023,0.0,0.7655039,1
img_07228_2023,0.0,0.013163482,0
img_07232_2023,0.0,0.0822529,0
img_07235_2023,0.0,0.37567288,0
img_07234_2023,0.0,0.12623474,0
img_07237_2023,0.0,0.30950207,0
img_07236_2023,0.0,0.015576029,0
img_07231_2023,0.0,0.43516308,0
img_07240_2023,0.0,0.07199364,0
img_07241_2023,0.0,0.057065763,0
img_07245_2023,0.0,0.016027438,0
img_07243_2023,0.0,0.9238049,1
img_07244_2023,0.0,0.2091672,0
img_07248_2023,0.0,0.29803544,0
img_07252_2023,0.0,0.06449598,0
img_07254_2023,0.0,0.31855756,0
img_07257_2023,0.0,0.22545633,0
img_07251_2023,0.0,0.5324945,0
img_07262_2023,0.0,0.0984539,0
img_07261_2023,0.0,0.29986042,0
img_07259_2023,0.0,0.46678215,0
img_07265_2023,0.0,0.030788083,0
img_07266_2023,0.0,0.22813734,0
img_07264_2023,0.0,0.19093409,0
img_07222_p01_2023,0.0,0.0030767363,0
img_07222_p02_2023,0.0,0.46028,0
img_07222_p03_2023,0.0,0.70472336,0
img_07222_p04_2023,0.0,0.14613587,0
img_07269_2023,0.0,0.14363842,0
img_07260_2023,0.0,0.056259096,0
img_07250_p01_2023,0.0,0.059130393,0
img_07250_p02_2023,0.0,0.030131351,0
img_07263_2023,0.0,0.013726202,0
img_07274_2023,0.0,0.8180289,1
img_07276_2023,0.0,0.020760288,0
img_07239_p01_2023,0.0,0.079493605,0
img_07239_p02_2023,0.0,0.47761422,0
img_07239_p03_2023,0.0,0.68164736,0
img_07239_p04_2023,0.0,0.3996866,0
img_07267_2023,0.0,0.23145036,0
img_07278_2023,0.0,0.066213116,0
img_07280_2023,0.0,0.07118927,0
img_07283_2023,0.0,0.3317035,0
img_07277_2023,0.0,0.8398999,1
img_07112_p01_2023,0.0,0.1895149,0
img_07112_p02_2023,0.0,0.0049568517,0
img_07112_p03_2023,0.0,0.11371441,0
img_07112_p04_2023,0.0,0.55485773,0
img_07112_p05_2023,0.0,0.29765278,0
img_07112_p06_2023,0.0,0.04127684,0
img_07112_p07_2023,0.0,0.21614425,0
img_07112_p08_2023,0.0,0.20457463,0
img_07233_p01_2023,0.0,0.008375889,0
img_07233_p02_2023,0.0,0.00807142,0
img_07233_p03_2023,0.0,0.0037660815,0
img_07233_p04_2023,0.0,0.0018167074,0
img_07282_2023,0.0,0.06296395,0
img_07288_2023,0.0,0.1437986,0
img_07284_2023,0.0,0.0069785514,0
img_07289_2023,0.0,0.34663835,0
img_07275_2023,0.0,0.13148043,0
img_07290_2023,0.0,0.259819,0
img_07271_2023,0.0,0.032910876,0
img_07281_2023,0.0,0.15611564,0
img_07291_2023,0.0,0.18803246,0
img_07292_2023,0.0,0.05620443,0
img_07295_2023,0.0,0.01791809,0
img_07300_2023,0.0,0.118273,0
img_07246_p01_2023,0.0,0.032308266,0
img_07246_p02_2023,0.0,0.18181396,0
img_07246_p03_2023,0.0,0.058493428,0
img_07301_2023,0.0,0.28463498,0
img_07298_2023,0.0,0.4549036,0
img_07302_2023,0.0,0.28615737,0
img_07305_2023,0.0,0.43394965,0
img_07306_2023,0.0,0.31339473,0
img_07310_2023,0.0,0.28254002,0
img_07311_2023,0.0,0.06590553,0
img_07316_2023,0.0,0.03097399,0
img_07314_2023,0.0,0.015442813,0
img_07317_2023,0.0,0.0029963674,0
img_07319_2023,0.0,0.028734008,0
img_07323_2023,0.0,0.07377322,0
img_07329_2023,0.0,0.6156945,0
img_07326_2023,0.0,0.0832936,0
img_07330_2023,0.0,0.8435191,1
img_07334_2023,0.0,0.46937305,0
img_07338_2023,0.0,0.20761804,0
img_07333_2023,0.0,0.8288743,1
img_07346_2023,0.0,0.07093261,0
img_07348_2023,0.0,0.4737397,0
img_07353_2023,0.0,0.45610905,0
img_07354_2023,0.0,0.031388856,0
img_07355_2023,0.0,0.08096335,0
img_07297_p01_2023,0.0,0.24865083,0
img_07297_p03_2023,0.0,0.0254185,0
img_07297_p04_2023,0.0,0.46955815,0
img_07356_2023,0.0,0.1700494,0
img_07335_p01_2023,0.0,0.42323342,0
img_07335_p02_2023,0.0,0.48922,0
img_07359_2023,0.0,0.19063859,0
img_07365_2023,0.0,0.04003384,0
img_07363_2023,0.0,0.015864749,0
img_07360_2023,0.0,0.033067185,0
img_07374_2023,0.0,0.25603232,0
img_07367_2023,0.0,0.18316342,0
img_07376_2023,0.0,0.090758696,0
img_07378_2023,0.0,0.57769436,0
img_07381_2023,0.0,0.24221425,0
img_07370_2023,0.0,0.4716459,0
img_07373_2023,0.0,0.245365,0
img_07385_2023,0.0,0.4037296,0
img_07380_2023,0.0,0.8816627,1
img_07384_2023,0.0,0.026074331,0
img_07383_2023,0.0,0.24077913,0
img_07386_2023,0.0,0.035612714,0
img_07387_2023,0.0,0.25898182,0
img_07390_2023,0.0,0.1253163,0
img_07393_2023,0.0,0.08404766,0
img_07397_2023,0.0,0.38704368,0
img_07379_2023,0.0,0.138482,0
img_07401_2023,0.0,0.47676343,0
img_07398_2023,0.0,0.7332798,1
img_07406_2023,0.0,0.055659972,0
img_07403_2023,0.0,0.49885374,0
img_07407_2023,0.0,0.8272581,1
img_07405_2023,0.0,0.008758845,0
img_07377_p01_2023,0.0,0.4323266,0
img_07377_p02_2023,0.0,0.12135206,0
img_07409_2023,0.0,0.13073973,0
img_07410_2023,0.0,0.030948687,0
img_07412_2023,0.0,0.21630767,0
img_07411_2023,0.0,0.058936883,0
img_07415_2023,0.0,0.09409813,0
img_07420_2023,0.0,0.09782814,0
img_07419_2023,0.0,0.11569605,0
img_07417_2023,0.0,0.041276198,0
img_07423_2023,0.0,0.011737512,0
img_07425_2023,0.0,0.22737022,0
img_07428_2023,0.0,0.9230049,1
img_07416_2023,0.0,0.9383815,1
img_07432_2023,0.0,0.16482127,0
img_07436_2023,0.0,0.41695014,0
img_07433_2023,0.0,0.1070559,0
img_07430_2023,0.0,0.089216314,0
img_07322_p02_2023,0.0,0.11742189,0
img_07322_p03_2023,0.0,0.04723393,0
img_07322_p04_2023,0.0,0.014047317,0
img_07322_p05_2023,0.0,0.12829036,0
img_07322_p06_2023,0.0,0.04646543,0
img_07322_p07_2023,0.0,0.045073457,0
img_07322_p08_2023,0.0,0.014632662,0
img_06495_p01_2023,0.0,0.10175948,0
img_06495_p02_2023,0.0,0.10335884,0
img_06495_p03_2023,0.0,0.020233577,0
img_06495_p04_2023,0.0,0.11698449,0
img_06495_p05_2023,0.0,0.0057629026,0
img_06495_p06_2023,0.0,0.0025017415,0
img_07441_2023,0.0,0.26469335,0
img_07442_2023,0.0,0.05338334,0
img_07394_p01_2023,0.0,0.16261566,0
img_07394_p02_2023,0.0,0.3365397,0
img_07443_2023,0.0,0.24590477,0
img_07437_2023,0.0,0.33777595,0
img_07448_2023,0.0,0.83622485,1
img_07446_2023,0.0,0.23082109,0
img_07447_2023,0.0,0.008212464,0
img_07440_2023,0.0,0.10279628,0
img_07451_2023,0.0,0.22313435,0
img_07449_2023,0.0,0.06343387,0
img_07453_2023,0.0,0.37172288,0
img_07455_2023,0.0,0.05466593,0
img_07461_2023,0.0,0.630932,0
img_07460_2023,0.0,0.070273615,0
img_07439_p01_2023,0.0,0.039023604,0
img_07439_p02_2023,0.0,0.026770776,0
img_07456_2023,0.0,0.15265076,0
img_07464_2023,0.0,0.58987606,0
img_07472_2023,0.0,0.006213382,0
img_07467_2023,0.0,0.2277687,0
img_07475_2023,0.0,0.18463027,0
img_07476_2023,0.0,0.045702793,0
img_07471_2023,0.0,0.6670059,0
img_07465_2023,0.0,0.0759062,0
img_07339_p01_2023,0.0,0.040935334,0
img_07339_p02_2023,0.0,0.05630985,0
img_07339_p03_2023,0.0,0.48091263,0
img_07339_p04_2023,0.0,0.00090888113,0
img_07339_p05_2023,0.0,0.05612558,0
img_07339_p06_2023,0.0,0.5283777,0
img_07477_2023,0.0,0.26468438,0
img_07473_2023,0.0,0.84945476,1
img_07478_2023,0.0,0.5798755,0
img_07468_2023,0.0,0.04291814,0
img_07470_2023,0.0,0.19548523,0
img_07481_2023,0.0,0.023546314,0
img_07482_2023,0.0,0.65278137,0
img_07479_2023,0.0,0.058978975,0
img_07489_2023,0.0,0.16355702,0
img_07486_2023,0.0,0.45999017,0
img_07484_2023,0.0,0.09171301,0
img_07495_2023,0.0,0.06367239,0
img_07499_2023,0.0,0.010950515,0
img_07490_2023,0.0,0.96491253,1
img_07502_2023,0.0,0.19189712,0
img_07494_2023,0.0,0.04007927,0
img_07493_2023,0.0,0.27670702,0
img_07501_2023,0.0,0.7329331,1
img_07505_2023,0.0,0.15455258,0
img_07510_2023,0.0,0.8863095,1
img_07503_2023,0.0,0.003924947,0
img_07508_2023,0.0,0.11190641,0
img_07513_2023,0.0,0.45449656,0
img_07514_2023,0.0,0.6221113,0
img_07469_p01_2023,0.0,0.022612125,0
img_07469_p02_2023,0.0,0.07024671,0
img_07469_p03_2023,0.0,0.05276394,0
img_07469_p04_2023,0.0,0.0019188527,0
img_07515_2023,0.0,0.27150208,0
img_07491_p01_2023,0.0,0.61217713,0
img_07491_p02_2023,0.0,0.44075385,0
img_07516_2023,0.0,0.763378,1
img_07509_2023,0.0,0.045988537,0
img_07520_2023,0.0,0.084326245,0
img_07524_2023,0.0,0.11328658,0
img_07518_2023,0.0,0.50726664,0
img_07506_2023,0.0,0.20768507,0
img_07521_2023,0.0,0.11779108,0
img_07529_2023,0.0,0.3625453,0
img_07530_2023,0.0,0.20626688,0
img_07531_2023,0.0,0.008653198,0
img_07522_2023,0.0,0.090797484,0
img_07536_2023,0.0,0.52245283,0
img_07532_2023,0.0,0.00014000144,0
img_07534_2023,0.0,0.0035728067,0
img_07539_2023,0.0,0.06841556,0
img_07542_2023,0.0,0.5455963,0
img_07543_2023,0.0,0.096031055,0
img_07540_2023,0.0,0.30800045,0
img_07547_2023,0.0,0.20001253,0
img_07545_2023,0.0,0.43825024,0
img_07544_2023,0.0,0.12183306,0
img_07533_2023,0.0,0.52307147,0
img_07551_2023,0.0,0.13416679,0
img_07556_2023,0.0,0.037584692,0
img_07557_2023,0.0,0.3543969,0
img_07554_2023,0.0,0.07378726,0
img_07553_2023,0.0,0.007985287,0
img_07561_2023,0.0,0.085699335,0
img_07562_2023,0.0,0.33993754,0
img_07555_2023,0.0,0.007326758,0
img_07565_2023,0.0,0.85012686,1
img_07566_2023,0.0,0.12358189,0
img_07570_2023,0.0,0.5704187,0
img_07559_2023,0.0,0.47579226,0
img_07576_2023,0.0,0.019302517,0
img_07577_2023,0.0,0.64254564,0
img_07588_2023,0.0,0.05725307,0
img_07581_2023,0.0,0.040110298,0
img_07578_2023,0.0,0.4986949,0
img_07590_2023,0.0,0.004313708,0
img_07585_2023,0.0,0.43296075,0
img_07580_2023,0.0,0.284082,0
img_07586_2023,0.0,0.9592121,1
img_07584_2023,0.0,0.08392557,0
img_07591_2023,0.0,0.004899845,0
img_07599_2023,0.0,0.066774905,0
img_07596_2023,0.0,0.7830697,1
img_07593_2023,0.0,0.0012002119,0
img_07604_2023,0.0,0.16972029,0
img_07607_2023,0.0,0.041281067,0
img_07608_2023,0.0,0.006483446,0
img_07609_2023,0.0,0.42966628,0
img_07597_p01_2023,0.0,0.047659926,0
img_07597_p02_2023,0.0,0.08638344,0
img_07603_2023,0.0,0.08500353,0
img_07610_2023,0.0,0.28719282,0
img_07615_2023,0.0,0.1004342,0
img_07606_2023,0.0,0.062455077,0
img_07617_2023,0.0,0.19559482,0
img_07574_p01_2023,0.0,0.52012813,0
img_07574_p02_2023,0.0,0.00796076,0
img_07574_p03_2023,0.0,0.095316015,0
img_07621_2023,0.0,0.5432877,0
img_07620_2023,0.0,0.1216748,0
img_07622_2023,0.0,0.0045093205,0
img_07619_2023,0.0,0.11043315,0
img_07618_2023,0.0,0.022868384,0
img_07625_2023,0.0,0.5996187,0
img_07611_p01_2023,0.0,0.0687435,0
img_07611_p02_2023,0.0,0.1333768,0
img_07517_p01_2023,0.0,0.10688134,0
img_07517_p02_2023,0.0,0.12728931,0
img_07517_p03_2023,0.0,0.2547137,0
img_07517_p04_2023,0.0,0.018122569,0
img_07634_2023,0.0,0.58951485,0
img_07631_2023,0.0,0.63978684,0
img_07640_2023,0.0,0.08910288,0
img_07638_2023,0.0,0.20972018,0
img_07632_2023,0.0,0.4068265,0
img_07642_2023,0.0,0.051598273,0
img_07635_2023,0.0,0.0025055166,0
img_07637_2023,0.0,0.25298008,0
img_07646_2023,0.0,0.0035240375,0
img_07647_2023,0.0,0.07471797,0
img_07650_2023,0.0,0.0726797,0
img_07651_2023,0.0,0.38830414,0
img_07645_2023,0.0,0.724831,1
img_07652_2023,0.0,0.6849447,0
img_07655_2023,0.0,0.15026478,0
img_07653_2023,0.0,0.87316084,1
img_07665_2023,0.0,0.005604833,0
img_07526_p01_2023,0.0,0.035355538,0
img_07526_p02_2023,0.0,0.32218176,0
img_07526_p03_2023,0.0,0.013012792,0
img_07526_p04_2023,0.0,0.06513659,0
img_07528_p01_2023,0.0,0.6255844,0
img_07528_p03_2023,0.0,0.33470395,0
img_07528_p04_2023,0.0,0.43811336,0
img_07671_2023,0.0,0.33710587,0
img_07672_2023,0.0,0.2641554,0
img_07670_2023,0.0,0.030731007,0
img_07667_2023,0.0,0.00760803,0
img_07677_2023,0.0,0.2010077,0
img_07675_2023,0.0,0.006267539,0
img_07679_2023,0.0,0.07212797,0
img_07669_2023,0.0,0.71430784,0
img_07683_2023,0.0,0.5910905,0
img_07689_2023,0.0,0.025923276,0
img_07676_2023,0.0,0.9072512,1
img_07686_2023,0.0,0.006635773,0
img_07685_2023,0.0,0.35931253,0
img_07682_2023,0.0,0.8474199,1
img_07680_2023,0.0,0.611426,0
img_07693_2023,0.0,0.021412844,0
img_07695_2023,0.0,0.28597897,0
img_07696_2023,0.0,0.2233237,0
img_07699_2023,0.0,0.026145661,0
img_07706_2023,0.0,0.14768723,0
img_07702_2023,0.0,0.65365994,0
img_07704_2023,0.0,0.2548784,0
img_07700_2023,0.0,0.32186502,0
img_07717_2023,0.0,0.46808153,0
img_07713_2023,0.0,0.11364977,0
img_07715_2023,0.0,0.67116356,0
img_07711_2023,0.0,0.27094698,0
img_07710_2023,0.0,0.6752198,0
img_07708_2023,0.0,0.17676172,0
img_07714_2023,0.0,0.4631444,0
img_07716_2023,0.0,0.095164135,0
img_07726_2023,0.0,0.06691755,0
img_07721_2023,0.0,0.31004927,0
img_07731_2023,0.0,0.45531964,0
img_07728_2023,0.0,0.42399913,0
img_07727_2023,0.0,0.10204624,0
img_07729_2023,0.0,0.017674439,0
img_07734_2023,0.0,0.023950832,0
img_07735_2023,0.0,0.36440915,0
img_07741_2023,0.0,0.86162174,1
img_07730_2023,0.0,0.4799274,0
img_07732_2023,0.0,0.1714364,0
img_07740_2023,0.0,0.051497757,0
img_07747_2023,0.0,0.8336509,1
img_07745_2023,0.0,0.072009474,0
img_07736_2023,0.0,0.8114773,1
img_07752_2023,0.0,0.52720463,0
img_07749_2023,0.0,0.34938526,0
img_07755_2023,0.0,0.02767229,0
img_07748_2023,0.0,0.8345903,1
img_07756_2023,0.0,0.11095977,0
img_07751_2023,0.0,0.21452677,0
img_07759_2023,0.0,0.13526797,0
img_07743_2023,0.0,0.44313765,0
img_07762_2023,0.0,0.56873024,0
img_07754_2023,0.0,0.1916168,0
img_07765_2023,0.0,0.011238487,0
img_07656_p01_2023,0.0,0.12463824,0
img_07656_p02_2023,0.0,0.03664584,0
img_07656_p03_2023,0.0,0.14935338,0
img_07656_p04_2023,0.0,0.2583569,0
img_07656_p05_2023,0.0,0.013744553,0
img_07761_2023,0.0,0.042952448,0
img_07768_2023,0.0,0.21931832,0
img_07764_2023,0.0,0.188404,0
img_07737_p01_2023,0.0,0.02082262,0
img_07737_p02_2023,0.0,0.034901656,0
img_07771_2023,0.0,0.87302446,1
img_07780_2023,0.0,0.12919435,0
img_07766_2023,0.0,0.1479933,0
img_07778_2023,0.0,0.0382671,0
img_07781_2023,0.0,0.3775961,0
img_07775_2023,0.0,0.052140415,0
img_07779_2023,0.0,0.56783426,0
img_07784_2023,0.0,0.58311534,0
img_07795_2023,0.0,0.56406546,0
img_07770_2023,0.0,0.07418765,0
img_07796_2023,0.0,0.16948552,0
img_07783_2023,0.0,0.15090579,0
img_07797_2023,0.0,0.2125941,0
img_07760_p01_2023,0.0,0.5311715,0
img_07760_p02_2023,0.0,0.18305819,0
img_07794_2023,0.0,0.44881487,0
img_07791_2023,0.0,0.3250652,0
img_07787_2023,0.0,0.08855943,0
img_07792_2023,0.0,0.62463963,0
img_07808_2023,0.0,0.9606832,1
img_07785_2023,0.0,0.12259368,0
img_07802_2023,0.0,0.25370857,0
img_07814_2023,0.0,0.14686666,0
img_07803_2023,0.0,0.081490524,0
img_07805_2023,0.0,0.030298531,0
img_07806_2023,0.0,0.029974794,0
img_07819_2023,0.0,0.8976719,1
img_07813_2023,0.0,0.48676068,0
img_07820_2023,0.0,0.025299668,0
img_07800_2023,0.0,0.25522795,0
img_07823_2023,0.0,0.10833683,0
img_07810_2023,0.0,0.04511822,0
img_07821_2023,0.0,0.48707837,0
img_07817_2023,0.0,0.21596245,0
img_07831_2023,0.0,0.06533487,0
img_07829_2023,0.0,0.59662515,0
img_07833_2023,0.0,0.2088298,0
img_07837_2023,0.0,0.69824874,0
img_07836_2023,0.0,0.87830985,1
img_07839_2023,0.0,0.08253781,0
img_07822_2023,0.0,0.2698722,0
img_07838_2023,0.0,0.27951297,0
img_07842_2023,0.0,0.11616422,0
img_07844_2023,0.0,0.5935208,0
img_07828_2023,0.0,0.20159407,0
img_07841_2023,0.0,0.37870437,0
img_07843_2023,0.0,0.41624174,0
img_07834_2023,0.0,0.26803127,0
img_07840_2023,0.0,0.1400336,0
img_07846_2023,0.0,0.018039722,0
img_07848_2023,0.0,0.29010493,0
img_07858_2023,0.0,0.48016852,0
img_07855_2023,0.0,0.0020487714,0
img_07854_2023,0.0,0.12716517,0
img_07807_p02_2023,0.0,0.0078607695,0
img_07856_2023,0.0,0.31541902,0
img_07859_2023,0.0,0.25709412,0
img_07863_2023,0.0,0.19073753,0
img_07865_2023,0.0,0.053556822,0
img_07866_2023,0.0,0.023455553,0
img_07860_2023,0.0,0.3058118,0
img_07868_2023,0.0,0.8361449,1
img_07873_2023,0.0,0.06157571,0
img_07871_2023,0.0,0.4907337,0
img_07870_2023,0.0,0.15065435,0
img_07869_2023,0.0,0.11143853,0
img_07872_2023,0.0,0.27952248,0
img_07876_2023,0.0,0.35053992,0
img_07883_2023,0.0,0.48021808,0
img_07875_2023,0.0,0.60618466,0
img_07880_2023,0.0,0.0657846,0
img_07879_2023,0.0,0.5214647,0
img_07877_2023,0.0,0.07052354,0
img_07890_2023,0.0,0.0075518945,0
img_07893_2023,0.0,0.6615131,0
img_07891_2023,0.0,0.045860685,0
img_07889_2023,0.0,0.4764038,0
img_07896_2023,0.0,0.08996867,0
img_07888_2023,0.0,0.92873603,1
img_07903_2023,0.0,0.14598525,0
img_07902_2023,0.0,0.13197775,0
img_07899_2023,0.0,0.06777145,0
img_07906_2023,0.0,0.32427517,0
img_07885_p01_2023,0.0,0.1347833,0
img_07885_p02_2023,0.0,0.24207918,0
img_07897_2023,0.0,0.47054386,0
img_07915_2023,0.0,0.19771561,0
img_07912_2023,0.0,0.113556206,0
img_07914_2023,0.0,0.031881217,0
img_07918_2023,0.0,0.2192497,0
img_07917_2023,0.0,0.26866347,0
img_07928_2023,0.0,0.46122384,0
img_07923_2023,0.0,0.01906283,0
img_07913_2023,0.0,0.22640827,0
img_07929_2023,0.0,0.0010155607,0
img_07932_2023,0.0,0.109200455,0
img_07931_2023,0.0,0.01762811,0
img_07935_2023,0.0,0.048098795,0
img_07937_2023,0.0,0.52162915,0
img_07942_2023,0.0,0.2743393,0
img_07940_2023,0.0,0.045248833,0
img_07936_2023,0.0,0.543074,0
img_07938_2023,0.0,0.15236883,0
img_07939_2023,0.0,0.8350523,1
img_07916_2023,0.0,0.8975231,1
img_07943_2023,0.0,0.525087,0
img_07946_2023,0.0,0.03165061,0
img_07949_2023,0.0,0.017233727,0
img_07947_2023,0.0,0.34230718,0
img_07952_2023,0.0,0.15528312,0
img_07933_2023,0.0,0.014688084,0
img_07954_2023,0.0,0.16563833,0
img_07955_2023,0.0,0.62481725,0
img_07956_2023,0.0,0.10149591,0
img_07963_2023,0.0,0.08518181,0
img_07958_2023,0.0,0.14834848,0
img_07960_2023,0.0,0.7593792,1
img_07948_p01_2023,0.0,0.014427906,0
img_07948_p02_2023,0.0,0.112028345,0
img_07959_2023,0.0,0.5660945,0
img_07966_2023,0.0,0.46583468,0
img_07967_2023,0.0,0.10308667,0
img_07969_2023,0.0,0.16970216,0
img_07922_p01_2023,0.0,0.27587548,0
img_07922_p02_2023,0.0,0.08878331,0
img_07922_p03_2023,0.0,0.14396124,0
img_07922_p04_2023,0.0,0.24038129,0
img_07968_2023,0.0,0.018346755,0
img_07962_2023,0.0,0.43715796,0
img_07975_2023,0.0,0.5711268,0
img_07977_2023,0.0,0.86943865,1
img_07974_2023,0.0,0.026784133,0
img_07980_2023,0.0,0.6357876,0
img_07987_2023,0.0,0.10328376,0
img_07983_2023,0.0,0.010630308,0
img_07886_p01_2023,0.0,0.052488826,0
img_07886_p02_2023,0.0,0.105872296,0
img_07886_p03_2023,0.0,0.042274058,0
img_07886_p04_2023,0.0,0.10021357,0
img_07986_2023,0.0,0.017167594,0
img_07989_2023,0.0,0.037332863,0
img_07990_2023,0.0,0.24748008,0
img_07991_2023,0.0,0.16752194,0
img_07994_2023,0.0,0.51041365,0
img_07996_2023,0.0,0.8836538,1
img_07978_2023,0.0,0.0097099,0
img_07997_2023,0.0,0.009024461,0
img_08000_2023,0.0,0.092829846,0
img_07982_2023,0.0,0.054470427,0
img_08003_2023,0.0,0.32766768,0
img_08001_2023,0.0,0.0155212935,0
img_07953_p02_2023,0.0,0.16259268,0
img_07953_p03_2023,0.0,0.37279144,0
img_07953_p04_2023,0.0,0.09101851,0
img_08010_2023,0.0,0.03103081,0
img_08007_2023,0.0,0.014786352,0
img_08009_2023,0.0,0.45169798,0
img_08012_2023,0.0,0.31100446,0
img_08016_2023,0.0,0.033338815,0
img_08017_2023,0.0,0.04994605,0
img_08008_2023,0.0,0.85450685,1
img_08018_2023,0.0,0.038894705,0
img_08011_2023,0.0,0.27349314,0
img_08020_2023,0.0,0.019215772,0
img_08021_2023,0.0,0.05145511,0
img_07961_p01_2023,0.0,0.07393851,0
img_07961_p02_2023,0.0,0.43667167,0
img_07961_p03_2023,0.0,0.04526943,0
img_07961_p04_2023,0.0,0.32647517,0
img_08019_2023,0.0,0.112289086,0
img_08013_2023,0.0,0.05062436,0
img_08025_2023,0.0,0.2034479,0
img_08023_2023,0.0,0.18865386,0
img_08026_2023,0.0,0.0540648,0
img_08022_2023,0.0,0.039173506,0
img_08024_2023,0.0,0.8475665,1
img_08030_2023,0.0,0.43110067,0
img_08032_2023,0.0,0.7709548,1
img_08028_2023,0.0,0.21096452,0
img_08029_2023,0.0,0.662305,0
img_08034_2023,0.0,0.18477492,0
img_08033_2023,0.0,0.15530905,0
img_08036_2023,0.0,0.015131662,0
img_08038_2023,0.0,0.31721365,0
img_08046_2023,0.0,0.2127609,0
img_08044_2023,0.0,0.13918555,0
img_08047_2023,0.0,0.5361638,0
img_08042_2023,0.0,0.47059622,0
img_08043_2023,0.0,0.63733906,0
img_08045_2023,0.0,0.31868324,0
img_08039_2023,0.0,0.18571432,0
img_08049_2023,0.0,0.6343343,0
img_08041_2023,0.0,0.0290731,0
img_08052_2023,0.0,0.17754824,0
img_08053_2023,0.0,0.025120314,0
img_08055_2023,0.0,0.14236358,0
img_08054_2023,0.0,0.68875396,0
img_08051_2023,0.0,0.38671178,0
img_08050_2023,0.0,0.09512363,0
img_08057_2023,0.0,0.5118928,0
img_08048_2023,0.0,0.09676998,0
img_08063_2023,0.0,0.010700086,0
img_08059_2023,0.0,0.15939014,0
img_08056_2023,0.0,0.021980522,0
img_08065_2023,0.0,0.5914234,0
img_08058_2023,0.0,0.55763215,0
img_08067_2023,0.0,0.38060987,0
img_08062_2023,0.0,0.18034069,0
img_08073_2023,0.0,0.06493016,0
img_08071_2023,0.0,0.08246455,0
img_08070_2023,0.0,0.15320888,0
img_08061_2023,0.0,0.14399855,0
img_08072_2023,0.0,0.43390664,0
img_07965_p01_2023,0.0,0.24176452,0
img_07965_p02_2023,0.0,0.02705532,0
img_07965_p03_2023,0.0,0.086716056,0
img_07965_p04_2023,0.0,0.03544387,0
img_07965_p05_2023,0.0,0.10523621,0
img_08066_2023,0.0,0.31807625,0
img_08078_2023,0.0,0.84035987,1
img_08069_2023,0.0,0.9611317,1
img_08077_2023,0.0,0.0048097875,0
img_08083_2023,0.0,0.6207582,0
img_08075_2023,0.0,0.016670374,0
img_08074_2023,0.0,0.59023124,0
img_08006_p01_2023,0.0,0.29849482,0
img_08006_p02_2023,0.0,0.49936065,0
img_08006_p03_2023,0.0,0.68487746,0
img_08006_p04_2023,0.0,0.25576144,0
img_08081_2023,0.0,0.6904594,0
img_08086_2023,0.0,0.65950996,0
img_08084_2023,0.0,0.072210625,0
img_08076_2023,0.0,0.008418484,0
img_08088_2023,0.0,0.100318834,0
img_08085_2023,0.0,0.6214864,0
img_08093_2023,0.0,0.0035354935,0
img_08096_2023,0.0,0.7525442,1
img_08097_2023,0.0,0.011621242,0
img_08099_2023,0.0,0.30505025,0
img_08098_2023,0.0,0.085431285,0
img_08094_2023,0.0,0.37371692,0
img_08100_2023,0.0,0.18348475,0
img_08102_2023,0.0,0.93444425,1
img_08103_2023,0.0,0.566101,0
img_08095_2023,0.0,0.72975993,1
img_08101_2023,0.0,0.062383812,0
img_08104_2023,0.0,0.58024657,0
img_08106_2023,0.0,0.20352468,0
img_08109_2023,0.0,0.037623458,0
img_08111_2023,0.0,0.0680144,0
img_08110_2023,0.0,0.42504174,0
img_08107_2023,0.0,0.39467877,0
img_08115_2023,0.0,0.056981646,0
img_08122_2023,0.0,0.12569347,0
img_08112_2023,0.0,0.10463488,0
img_08114_2023,0.0,0.009487887,0
img_08116_2023,0.0,0.9105753,1
img_08120_2023,0.0,0.65515196,0
img_08108_2023,0.0,0.8328818,1
img_08123_2023,0.0,0.38539863,0
img_08126_2023,0.0,0.11477585,0
img_08124_2023,0.0,0.12518525,0
img_08127_2023,0.0,0.14026184,0
img_08117_2023,0.0,0.708814,0
img_08128_2023,0.0,0.2729184,0
img_08131_2023,0.0,0.11139133,0
img_08140_2023,0.0,0.033132546,0
img_08134_2023,0.0,0.01926424,0
img_08135_2023,0.0,0.18020426,0
img_08137_2023,0.0,0.32682338,0
img_08138_2023,0.0,0.033194914,0
img_08125_2023,0.0,0.964606,1
img_08142_2023,0.0,0.66906166,0
img_08145_2023,0.0,0.1439267,0
img_08139_2023,0.0,0.04303635,0
img_08143_2023,0.0,0.7203713,0
img_08146_2023,0.0,0.73399365,1
img_08087_p01_2023,0.0,0.5476955,0
img_08087_p02_2023,0.0,0.34958702,0
img_08087_p03_2023,0.0,0.5743289,0
img_08087_p04_2023,0.0,0.51280624,0
img_08154_2023,0.0,0.22550993,0
img_08151_2023,0.0,0.071375236,0
img_08147_2023,0.0,0.024115052,0
img_08148_2023,0.0,0.7776419,1
img_08156_2023,0.0,0.051766325,0
img_08141_2023,0.0,0.02452136,0
img_08152_2023,0.0,0.11197015,0
img_08155_2023,0.0,0.0035263107,0
img_08150_2023,0.0,0.082606,0
img_08149_2023,0.0,0.7175514,0
img_08157_2023,0.0,0.13559052,0
img_08132_2023,0.0,0.36631355,0
img_08144_2023,0.0,0.6591577,0
img_08160_2023,0.0,0.56041783,0
img_08164_2023,0.0,0.4004221,0
img_08165_2023,0.0,0.06314464,0
img_08169_2023,0.0,0.10696264,0
img_08166_2023,0.0,0.030081024,0
img_08176_2023,0.0,0.65350074,0
img_08173_2023,0.0,0.42319822,0
img_08170_2023,0.0,0.37596163,0
img_08171_2023,0.0,0.60372084,0
img_08163_2023,0.0,0.43597993,0
img_08175_2023,0.0,0.40298215,0
img_08179_2023,0.0,0.039494522,0
img_08181_2023,0.0,0.0060966522,0
img_08178_2023,0.0,0.3319219,0
img_08184_2023,0.0,0.3424742,0
img_08182_2023,0.0,0.50061715,0
img_08180_2023,0.0,0.27024865,0
img_08185_2023,0.0,0.23634417,0
img_08193_2023,0.0,0.04720644,0
img_08187_2023,0.0,0.36418158,0
img_08191_2023,0.0,0.45389146,0
img_08192_2023,0.0,0.57991534,0
img_08190_2023,0.0,0.18490885,0
img_08197_2023,0.0,0.20839207,0
img_08198_2023,0.0,0.5846195,0
img_08188_2023,0.0,0.0034465282,0
img_08196_2023,0.0,0.10473315,0
img_08199_2023,0.0,0.08041076,0
img_08205_2023,0.0,0.13664529,0
img_08194_2023,0.0,0.21943268,0
img_08204_2023,0.0,0.8516053,1
img_08207_2023,0.0,0.050878562,0
img_08203_2023,0.0,0.051626336,0
img_08208_2023,0.0,0.5570403,0
img_08211_2023,0.0,0.519167,0
img_08200_2023,0.0,0.49262697,0
img_08210_2023,0.0,0.02336508,0
img_08206_2023,0.0,0.42509073,0
img_08209_2023,0.0,0.7181098,0
img_08212_2023,0.0,0.048931364,0
img_08215_2023,0.0,0.52647823,0
img_08219_2023,0.0,0.25598067,0
img_08221_2023,0.0,0.6360342,0
img_08220_2023,0.0,0.67356956,0
img_08218_2023,0.0,0.3451724,0
img_08223_2023,0.0,0.20268054,0
img_08214_2023,0.0,0.0959384,0
img_08225_2023,0.0,0.0651854,0
img_08224_2023,0.0,0.016544199,0
img_08217_2023,0.0,0.59986687,0
img_08216_2023,0.0,0.21834055,0
img_08228_2023,0.0,0.19875804,0
img_08229_2023,0.0,0.042505432,0
img_08230_2023,0.0,0.5515738,0
img_08233_2023,0.0,0.50270104,0
img_08239_2023,0.0,0.633009,0
img_08234_2023,0.0,0.46732688,0
img_08231_2023,0.0,0.08074772,0
img_08240_2023,0.0,0.10614584,0
img_08237_2023,0.0,0.47403464,0
img_08232_2023,0.0,0.88827115,1
img_08244_2023,0.0,0.0020534254,0
img_08241_2023,0.0,0.32089442,0
img_08242_2023,0.0,0.37360623,0
img_08243_2023,0.0,0.31004563,0
img_08246_2023,0.0,0.10174596,0
img_08236_2023,0.0,0.28399625,0
img_08189_p01_2023,0.0,0.72309077,0
img_08189_p02_2023,0.0,0.5749449,0
img_08189_p03_2023,0.0,0.55015326,0
img_08245_2023,0.0,0.48454753,0
img_08248_2023,0.0,0.1579448,0
img_08253_2023,0.0,0.45235205,0
img_08202_p01_2023,0.0,0.25509915,0
img_08202_p02_2023,0.0,0.3692936,0
img_08254_2023,0.0,0.013590954,0
img_08251_2023,0.0,0.18992627,0
img_08252_2023,0.0,0.04335862,0
img_08250_2023,0.0,0.6538782,0
img_08257_2023,0.0,0.12902108,0
img_08256_2023,0.0,0.17926988,0
img_08258_2023,0.0,0.83454573,1
img_08249_2023,0.0,0.80469066,1
img_08255_2023,0.0,0.90950125,1
img_08261_2023,0.0,0.015373793,0
img_08263_2023,0.0,0.5000478,0
img_08259_2023,0.0,0.5540303,0
img_08262_2023,0.0,0.7991911,1
img_08267_2023,0.0,0.61292475,0
img_08268_2023,0.0,0.57907903,0
img_08264_2023,0.0,0.91112745,1
img_08276_2023,0.0,0.08997271,0
img_08275_2023,0.0,0.005334887,0
img_08271_2023,0.0,0.45607695,0
img_08272_2023,0.0,0.16104022,0
img_08277_2023,0.0,0.35670647,0
img_08279_2023,0.0,0.23326561,0
img_08278_2023,0.0,0.9115883,1
img_08274_2023,0.0,0.043943726,0
img_08283_2023,0.0,0.10989324,0
img_08282_2023,0.0,0.16576193,0
img_08281_2023,0.0,0.37696594,0
img_08280_2023,0.0,0.99511784,1
img_08288_2023,0.0,0.043844964,0
img_08290_2023,0.0,0.0025464583,0
img_08295_2023,0.0,0.74611723,1
img_08294_2023,0.0,0.07203938,0
img_08297_2023,0.0,0.17184612,0
img_08292_2023,0.0,0.24935992,0
img_08304_2023,0.0,0.061030846,0
img_08300_2023,0.0,0.079156384,0
img_08299_2023,0.0,0.75895965,1
img_08298_2023,0.0,0.41382504,0
img_08308_2023,0.0,0.57368875,0
img_08302_2023,0.0,0.75457376,1
img_08310_2023,0.0,0.018492162,0
img_08303_2023,0.0,0.42788967,0
img_08309_2023,0.0,0.28972486,0
img_08311_2023,0.0,0.054318715,0
img_08314_2023,0.0,0.11667867,0
img_08312_2023,0.0,0.1219058,0
img_08315_2023,0.0,0.14909767,0
img_08318_2023,0.0,0.43552995,0
img_08317_2023,0.0,0.027827507,0
img_08322_2023,0.0,0.1520162,0
img_08325_2023,0.0,0.0119239595,0
img_08324_2023,0.0,0.1105626,0
img_08320_2023,0.0,0.8271557,1
img_08321_2023,0.0,0.38298655,0
img_08319_2023,0.0,0.82166684,1
img_08313_2023,0.0,0.8382057,1
img_08326_2023,0.0,0.05820278,0
img_08323_2023,0.0,0.5772831,0
img_08328_2023,0.0,0.30622956,0
img_08332_2023,0.0,0.2253567,0
img_08331_2023,0.0,0.74340236,1
img_08334_2023,0.0,0.2795385,0
img_08337_2023,0.0,0.68451595,0
img_08333_2023,0.0,0.032756504,0
img_08336_2023,0.0,0.021186579,0
img_08329_2023,0.0,0.20317769,0
img_08341_2023,0.0,0.1288058,0
img_08338_2023,0.0,0.4242824,0
img_08335_2023,0.0,0.04933539,0
img_08342_2023,0.0,0.5426433,0
img_08340_2023,0.0,0.2536714,0
img_08343_2023,0.0,0.42554387,0
img_08344_2023,0.0,0.16379578,0
img_08349_2023,0.0,0.296223,0
img_08339_2023,0.0,0.5409961,0
img_08348_2023,0.0,0.053558253,0
img_08351_2023,0.0,0.8581036,1
img_08347_2023,0.0,0.116368786,0
img_08350_2023,0.0,0.12798503,0
img_08356_2023,0.0,0.75508225,1
img_08355_2023,0.0,0.9815072,1
img_08358_2023,0.0,0.11984579,0
img_08359_2023,0.0,0.09315102,0
img_08368_2023,0.0,0.7241401,1
img_08367_2023,0.0,0.006861096,0
img_08361_2023,0.0,0.014598398,0
img_08366_2023,0.0,0.2920627,0
img_08364_2023,0.0,0.7857485,1
img_08363_2023,0.0,0.2713775,0
img_08362_2023,0.0,0.5079506,0
img_08357_2023,0.0,0.5872513,0
img_08371_2023,0.0,0.47590762,0
img_08373_2023,0.0,0.023422753,0
img_08370_2023,0.0,0.020358508,0
img_08374_2023,0.0,0.23085137,0
img_08372_2023,0.0,0.045817394,0
img_08365_2023,0.0,0.41619667,0
img_08375_2023,0.0,0.09555952,0
img_08376_2023,0.0,0.09832327,0
img_08378_2023,0.0,0.6780584,0
img_08379_2023,0.0,0.54807484,0
img_08383_2023,0.0,0.0071117966,0
img_08381_2023,0.0,0.3898631,0
img_08388_2023,0.0,0.4769636,0
img_08382_2023,0.0,0.7214285,0
img_08390_2023,0.0,0.010729034,0
img_08380_2023,0.0,0.21977003,0
img_08386_2023,0.0,0.0045119077,0
img_08392_2023,0.0,0.0108327195,0
img_08391_2023,0.0,0.7193044,0
img_08393_2023,0.0,0.5955307,0
img_08394_2023,0.0,0.40568548,0
img_08389_2023,0.0,0.3499892,0
img_08354_p01_2023,0.0,0.6587352,0
img_08354_p02_2023,0.0,0.86243963,1
img_08397_2023,0.0,0.46720228,0
img_08399_2023,0.0,0.08110317,0
img_08395_2023,0.0,0.20583884,0
img_08396_2023,0.0,0.78740627,1
img_08406_2023,0.0,0.30721468,0
img_08402_2023,0.0,0.04078602,0
img_08401_2023,0.0,0.115923226,0
img_08398_2023,0.0,0.45606273,0
img_08410_2023,0.0,0.13128272,0
img_08400_2023,0.0,0.81801206,1
img_08407_2023,0.0,0.087506495,0
img_08404_2023,0.0,0.19491151,0
img_08408_2023,0.0,0.06316503,0
img_08409_2023,0.0,0.75323325,1
img_08405_2023,0.0,0.54015154,0
img_08412_2023,0.0,0.48026633,0
img_08418_2023,0.0,0.05156808,0
img_08414_2023,0.0,0.068695635,0
img_08420_2023,0.0,0.5387552,0
img_08424_2023,0.0,0.05038587,0
img_08416_2023,0.0,0.4202152,0
img_08425_2023,0.0,0.020931344,0
img_08415_2023,0.0,0.035210982,0
img_08427_2023,0.0,0.80647993,1
img_08426_2023,0.0,0.26441273,0
img_08422_2023,0.0,0.25159615,0
img_08428_2023,0.0,0.16968614,0
img_08430_2023,0.0,0.36849058,0
img_08429_2023,0.0,0.08169125,0
img_08419_2023,0.0,0.27677125,0
img_08432_2023,0.0,0.21744008,0
img_08431_2023,0.0,0.038436696,0
img_08433_2023,0.0,0.14662334,0
img_08435_2023,0.0,0.005145967,0
img_08436_2023,0.0,0.18934736,0
img_08439_2023,0.0,0.6050261,0
img_08434_2023,0.0,0.15814786,0
img_08438_2023,0.0,0.029483449,0
img_08441_2023,0.0,0.48084384,0
img_08444_2023,0.0,0.27485746,0
img_08440_2023,0.0,0.6769651,0
img_08442_2023,0.0,0.2864985,0
img_08449_2023,0.0,0.68503106,0
img_08448_2023,0.0,0.05724479,0
img_08450_2023,0.0,0.9020069,1
img_08454_2023,0.0,0.18419442,0
img_08452_2023,0.0,0.16681883,0
img_08447_2023,0.0,0.5056679,0
img_08445_2023,0.0,0.5117652,0
img_08455_2023,0.0,0.044080354,0
img_08446_2023,0.0,0.096371956,0
img_08453_2023,0.0,0.007461297,0
img_08457_2023,0.0,0.6646388,0
img_08460_2023,0.0,0.3024208,0
img_08458_2023,0.0,0.022998132,0
img_08462_2023,0.0,0.27108866,0
img_08459_2023,0.0,0.050902613,0
img_08468_2023,0.0,0.3371039,0
img_08463_2023,0.0,0.49577507,0
img_08464_2023,0.0,0.07180117,0
img_08469_2023,0.0,0.061300308,0
img_08470_2023,0.0,0.45377192,0
img_08471_2023,0.0,0.11597483,0
img_08474_2023,0.0,0.5616625,0
img_08461_2023,0.0,0.048319735,0
img_08473_2023,0.0,0.82689106,1
img_08466_2023,0.0,0.030228961,0
img_08476_2023,0.0,0.08773105,0
img_08477_2023,0.0,0.004231996,0
img_08475_2023,0.0,0.031550005,0
img_08478_2023,0.0,0.4504169,0
img_08482_2023,0.0,0.14253369,0
img_08487_2023,0.0,0.40277737,0
img_08484_2023,0.0,0.013333835,0
img_08488_2023,0.0,0.59035414,0
img_08483_2023,0.0,0.22576809,0
img_08479_2023,0.0,0.21561699,0
img_08490_2023,0.0,0.47593054,0
img_08485_2023,0.0,0.8423446,1
img_08492_2023,0.0,0.38699767,0
img_08486_2023,0.0,0.06425129,0
img_08481_2023,0.0,0.4457903,0
img_08489_2023,0.0,0.18710044,0
img_08493_2023,0.0,0.05462982,0
img_06799_p01_2023,0.0,0.009431599,0
img_06799_p02_2023,0.0,0.024682794,0
img_06799_p06_2023,0.0,0.21713516,0
img_06799_p07_2023,0.0,0.088101454,0
img_06799_p08_2023,0.0,0.008275808,0
img_06799_p09_2023,0.0,0.04942798,0
img_06799_p10_2023,0.0,0.046771035,0
img_06799_p11_2023,0.0,0.0020022928,0
img_06799_p12_2023,0.0,0.29868227,0
img_06799_p13_2023,0.0,0.028142959,0
img_06799_p15_2023,0.0,0.06878631,0
img_06799_p16_2023,0.0,0.0615484,0
img_06799_p17_2023,0.0,0.07495936,0
img_06799_p18_2023,0.0,0.020920157,0
img_06799_p19_2023,0.0,0.030647466,0
img_06799_p20_2023,0.0,0.036857337,0
img_06799_p21_2023,0.0,0.43427795,0
img_06799_p22_2023,0.0,0.09505944,0
img_06799_p23_2023,0.0,0.13919562,0
img_06799_p24_2023,0.0,0.08767177,0
img_06799_p25_2023,0.0,0.021453595,0
img_06799_p26_2023,0.0,0.049005914,0
img_06799_p27_2023,0.0,0.11591768,0
img_06799_p28_2023,0.0,0.03816043,0
img_06799_p29_2023,0.0,0.028184777,0
img_06799_p30_2023,0.0,0.08830838,0
img_06799_p31_2023,0.0,0.02651831,0
img_06799_p32_2023,0.0,0.055620592,0
img_06799_p33_2023,0.0,0.042885713,0
img_06799_p34_2023,0.0,0.023986548,0
img_06799_p35_2023,0.0,0.011028349,0
img_06799_p36_2023,0.0,0.035455786,0
img_06799_p37_2023,0.0,0.006609273,0
img_06799_p38_2023,0.0,0.004341861,0
img_06799_p39_2023,0.0,0.016478281,0
img_06799_p40_2023,0.0,0.00091417367,0
img_06799_p41_2023,0.0,0.013767285,0
img_06799_p42_2023,0.0,0.098756455,0
img_06799_p43_2023,0.0,0.075724564,0
img_06799_p44_2023,0.0,0.03882428,0
img_06799_p45_2023,0.0,0.022607476,0
