image_name,y_true,model_probability,final_threshold_prediction
img_00019_2024,1,3.6235906e-05,0
img_00004_2024,1,0.00010600539,0
img_00018_2024,1,0.0003584462,0
img_00005_2024,1,0.015173935,0
img_00008_2024,1,0.0060163517,0
img_00016_2024,1,0.00036033953,0
img_00007_2024,1,0.008690733,0
img_00003_2024,1,0.97877604,1
img_00009_2024,1,0.0033372068,0
img_00017_2024,1,0.00036626344,0
img_00006_2024,1,0.059092227,0
img_00010_2024,1,0.028046783,0
img_00002_2024,1,0.0065294835,0
img_00015_2024,1,7.2301746e-06,0
img_00001_2024,1,0.9963774,1
img_00014_2024,1,0.671913,1
img_00020_2024,1,5.5437198e-05,0
img_00021_2024,1,9.789446e-06,0
img_00024_2024,1,3.6681322e-06,0
img_00013_2024,1,0.62905955,1
img_00022_2024,1,0.005358285,0
img_00026_2024,1,0.0009783808,0
img_00023_2024,1,0.0003127637,0
img_00034_2024,1,0.56980574,1
img_00025_2024,1,0.00019845083,0
img_00028_2024,1,7.009467e-05,0
img_00032_2024,1,0.20692474,1
img_00033_2024,1,0.00010702371,0
img_00031_2024,1,0.014568861,0
img_00036_2024,1,0.0001980716,0
img_00029_2024,1,0.0015560071,0
img_00037_2024,1,0.00035775284,0
img_00035_2024,1,0.06564844,0
img_00041_2024,1,0.047426756,0
img_00040_2024,1,0.15689789,1
img_00042_2024,1,0.0013873593,0
img_00039_2024,1,0.003084302,0
img_00044_2024,1,0.15853791,1
img_00045_2024,1,0.9566074,1
img_00049_2024,1,0.001508718,0
img_00048_2024,1,0.001344078,0
img_00043_2024,1,0.022489259,0
img_00050_2024,1,0.02104759,0
img_00046_2024,1,0.0006078714,0
img_00047_2024,1,0.9999155,1
img_00052_2024,1,0.039737977,0
img_00053_2024,1,0.0006771252,0
img_00056_2024,1,0.10922481,0
img_00058_2024,1,0.0005190334,0
img_00055_2024,1,0.99154305,1
img_00054_2024,1,0.95364654,1
img_00061_2024,1,0.99961394,1
img_00060_2024,1,0.053950936,0
img_00063_2024,1,0.00012931219,0
img_00062_2024,1,0.003306573,0
img_00059_2024,1,0.0022910065,0
img_00011_p01_2024,1,0.7198173,1
img_00011_p02_2024,1,0.6247007,1
img_00011_p03_2024,1,0.6888309,1
img_00057_2024,1,0.99309045,1
img_00030_p01_2024,1,0.001376728,0
img_00030_p02_2024,1,0.0018082114,0
img_00030_p03_2024,1,0.0005947809,0
img_00067_2024,1,0.9690822,1
img_00065_2024,1,0.8591809,1
img_00070_2024,1,0.0026750038,0
img_00068_2024,1,0.00010772826,0
img_00071_2024,1,8.8087785e-05,0
img_00069_2024,1,0.19702762,1
img_00051_p01_2024,1,0.023443492,0
img_00051_p02_2024,1,0.0033631215,0
img_00077_2024,1,0.035783753,0
img_00064_2024,1,0.08107173,0
img_00075_2024,1,0.00677281,0
img_00078_2024,1,0.041245233,0
img_00076_2024,1,0.1810859,1
img_00073_2024,1,2.98024e-05,0
img_00072_2024,1,4.8518243e-05,0
img_00079_2024,1,0.12523209,0
img_00080_2024,1,0.00019913186,0
img_00074_2024,1,0.9717388,1
img_00081_2024,1,0.6305666,1
img_00084_2024,1,0.00053333637,0
img_00085_2024,1,0.004906407,0
img_00083_2024,1,0.9998611,1
img_00082_2024,1,0.019849882,0
img_00038_p01_2024,1,0.24040331,1
img_00038_p02_2024,1,0.7525449,1
img_00038_p03_2024,1,0.80201167,1
img_00038_p04_2024,1,0.84894943,1
img_00092_2024,1,0.004311565,0
img_00086_2024,1,0.0009535031,0
img_00000_p01_2024,1,0.9341212,1
img_00000_p02_2024,1,0.73835343,1
img_00000_p03_2024,1,0.97104913,1
img_00000_p04_2024,1,0.9773317,1
img_00091_2024,1,0.013162736,0
img_00088_2024,1,0.010213354,0
img_00089_2024,1,8.388742e-05,0
img_00095_2024,1,0.000824712,0
img_00096_2024,1,0.014336626,0
img_00097_2024,1,0.18877397,1
img_00093_2024,1,0.002662761,0
img_00094_2024,1,0.90437293,1
img_00099_2024,1,0.022637807,0
img_00103_2024,1,0.5687821,1
img_00102_2024,1,0.053456265,0
img_00104_2024,1,9.251416e-05,0
img_00090_2024,1,0.0150062535,0
img_00100_2024,1,0.00039078767,0
img_00106_2024,1,0.13879347,0
img_00111_2024,1,0.0045961277,0
img_00107_2024,1,0.19182779,1
img_00101_2024,1,0.18251173,1
img_00113_2024,1,0.98918486,1
img_00117_2024,1,0.9415012,1
img_00108_2024,1,0.20337473,1
img_00109_2024,1,0.71517587,1
img_00116_2024,1,0.9991196,1
img_00110_2024,1,0.028323364,0
img_00112_2024,1,0.007975659,0
img_00118_2024,1,0.00011531991,0
img_00012_p01_2024,1,0.7769893,1
img_00012_p02_2024,1,0.008828446,0
img_00012_p03_2024,1,0.013769517,0
img_00012_p04_2024,1,0.022724628,0
img_00012_p05_2024,1,0.08349568,0
img_00012_p06_2024,1,0.0646798,0
img_00115_2024,1,0.9995554,1
img_00119_2024,1,8.5222804e-05,0
img_00122_2024,1,0.055979267,0
img_00123_2024,1,0.068779044,0
img_00105_p01_2024,1,0.0146829095,0
img_00105_p02_2024,1,0.8243428,1
img_00121_2024,1,0.036201593,0
img_00126_2024,1,0.99232274,1
img_00132_2024,1,0.9876631,1
img_00125_2024,1,0.57650596,1
img_00129_2024,1,0.007320765,0
img_00127_2024,1,0.0005186924,0
img_00124_2024,1,0.60109437,1
img_00135_2024,1,0.8917444,1
img_00134_2024,1,0.026386403,0
img_00137_2024,1,0.0058160513,0
img_00133_2024,1,0.13858724,0
img_00138_2024,1,0.02804465,0
img_00120_p01_2024,1,0.9956098,1
img_00120_p02_2024,1,0.9119681,1
img_00142_2024,1,0.0007660694,0
img_00141_2024,1,0.0001276687,0
img_00087_p01_2024,1,0.0076829526,0
img_00087_p02_2024,1,0.8158302,1
img_00087_p03_2024,1,0.42529,1
img_00087_p04_2024,1,0.870192,1
img_00131_p01_2024,1,0.9843227,1
img_00131_p02_2024,1,0.47527686,1
img_00139_2024,1,0.5087212,1
img_00140_2024,1,0.8771669,1
img_00143_2024,1,0.00053734524,0
img_00147_2024,1,0.9849524,1
img_00144_2024,1,0.5887439,1
img_00150_2024,1,0.97880197,1
img_00148_2024,1,0.12788546,0
img_00128_p01_2024,1,0.99238306,1
img_00128_p02_2024,1,0.99977094,1
img_00114_p01_2024,1,0.6123638,1
img_00114_p02_2024,1,0.4853311,1
img_00114_p03_2024,1,0.95631665,1
img_00114_p04_2024,1,0.0011245083,0
img_00152_2024,1,0.01890543,0
img_00145_2024,1,0.00065056037,0
img_00155_2024,1,0.00011547473,0
img_00149_2024,1,0.88745236,1
img_00151_2024,1,0.01716352,0
img_00156_2024,1,0.00016533874,0
img_00136_p01_2024,1,0.7576962,1
img_00136_p02_2024,1,0.9997609,1
img_00157_2024,1,0.0004643916,0
img_00158_2024,1,0.005141023,0
img_00159_2024,1,2.7758744e-05,0
img_00162_2024,1,0.0028801234,0
img_00163_2024,1,0.8172628,1
img_00160_2024,1,0.9945035,1
img_00146_p01_2024,1,0.8543806,1
img_00146_p02_2024,1,0.0006265425,0
img_00167_2024,1,0.9585459,1
img_00165_2024,1,0.81926155,1
img_00172_2024,1,0.99031013,1
img_00164_2024,1,0.9946484,1
img_00170_2024,1,0.15880752,1
img_00171_2024,1,0.40618968,1
img_00174_2024,1,0.99220407,1
img_00166_2024,1,0.005752897,0
img_00130_p01_2024,1,0.99974924,1
img_00130_p02_2024,1,0.9993511,1
img_00130_p03_2024,1,0.5345081,1
img_00130_p04_2024,1,0.22939922,1
img_00169_2024,1,0.9950421,1
img_00178_2024,1,0.9335252,1
img_00179_2024,1,0.96973777,1
img_00175_2024,1,0.994611,1
img_00176_2024,1,0.000780156,0
img_00182_2024,1,0.9609297,1
img_00180_2024,1,0.17744042,1
img_00181_2024,1,0.056824468,0
img_00183_2024,1,0.050648555,0
img_00185_2024,1,7.223774e-05,0
img_00173_p01_2024,1,0.016678696,0
img_00173_p02_2024,1,0.020538736,0
img_00168_p01_2024,1,0.996732,1
img_00168_p02_2024,1,0.99969697,1
img_00066_p01_2024,1,0.9429706,1
img_00066_p02_2024,1,0.003820052,0
img_00066_p03_2024,1,0.22788341,1
img_00066_p04_2024,1,0.83530563,1
img_00066_p05_2024,1,0.03382513,0
img_00066_p06_2024,1,0.93734574,1
img_00187_2024,1,0.60954124,1
img_00189_2024,1,0.0026135796,0
img_00190_2024,1,0.40816927,1
img_00191_2024,1,0.0010334547,0
img_00194_2024,1,0.006061218,0
img_00196_2024,1,0.996292,1
img_00192_2024,1,3.3431937e-05,0
img_00198_2024,1,0.0021814716,0
img_00193_2024,1,0.008784671,0
img_00195_2024,1,0.1286198,0
img_00199_2024,1,7.4483745e-05,0
img_00201_2024,1,0.99101686,1
img_00202_2024,1,0.00048183894,0
img_00203_2024,1,0.020692734,0
img_00200_2024,1,0.0060348036,0
img_00204_2024,1,0.14024954,0
img_00177_p01_2024,1,0.022802444,0
img_00177_p02_2024,1,0.003087481,0
img_00206_2024,1,0.98164237,1
img_00186_2024,1,0.003934833,0
img_00207_2024,1,6.431783e-05,0
img_00208_2024,1,0.000528459,0
img_00211_2024,1,0.023263834,0
img_00197_p01_2024,1,0.91052276,1
img_00197_p02_2024,1,0.8600145,1
img_00212_2024,1,0.964793,1
img_00213_2024,1,0.9991473,1
img_00215_2024,1,0.7767158,1
img_00209_2024,1,0.74542123,1
img_00154_p01_2024,1,0.62934023,1
img_00154_p02_2024,1,0.9982291,1
img_00154_p03_2024,1,0.99960476,1
img_00154_p04_2024,1,0.9928162,1
img_00216_2024,1,0.82717454,1
img_00217_2024,1,0.9978842,1
img_00220_2024,1,0.0066349907,0
img_00223_2024,1,0.9443484,1
img_00221_2024,1,0.9919939,1
img_00153_p01_2024,1,0.7328085,1
img_00153_p02_2024,1,0.08060499,0
img_00153_p03_2024,1,0.8896666,1
img_00153_p04_2024,1,0.9978017,1
img_00153_p06_2024,1,0.8777084,1
img_00222_2024,1,0.0099333795,0
img_00218_2024,1,0.9754015,1
img_00224_2024,1,0.005707636,0
img_00210_p01_2024,1,0.9813587,1
img_00210_p02_2024,1,0.99959296,1
img_00184_p01_2024,1,0.40393606,1
img_00184_p02_2024,1,0.9998982,1
img_00184_p03_2024,1,0.99806553,1
img_00184_p04_2024,1,0.6790608,1
img_00225_2024,1,0.8462,1
img_00226_2024,1,0.5324387,1
img_00232_2024,1,0.08416603,0
img_00231_2024,1,0.2205305,1
img_00229_2024,1,0.6209973,1
img_00234_2024,1,0.89958125,1
img_00235_2024,1,0.005899754,0
img_00228_2024,1,0.99400914,1
img_00233_2024,1,0.0004955206,0
img_00214_p01_2024,1,0.99918145,1
img_00214_p02_2024,1,0.93733436,1
img_00227_2024,1,0.077260606,0
img_00239_2024,1,0.6092436,1
img_00188_p01_2024,1,0.1771749,1
img_00188_p03_2024,1,0.92421216,1
img_00188_p04_2024,1,0.0022472644,0
img_00219_p01_2024,1,0.36541316,1
img_00219_p02_2024,1,0.883114,1
img_00242_2024,1,7.81234e-05,0
img_00240_2024,1,0.003217131,0
img_00244_2024,1,0.09701785,0
img_00205_p01_2024,1,0.07983864,0
img_00205_p02_2024,1,0.058125094,0
img_00205_p03_2024,1,0.9968882,1
img_00205_p04_2024,1,0.027536418,0
img_00243_2024,1,0.023585735,0
img_00246_2024,1,0.30245447,1
img_00245_2024,1,0.0035497856,0
img_00247_2024,1,0.06051364,0
img_00250_2024,1,0.0011276165,0
img_00248_2024,1,0.013448389,0
img_00251_2024,1,0.00030617826,0
img_00249_2024,1,0.82096183,1
img_00237_p01_2024,1,0.2232605,1
img_00237_p02_2024,1,0.18393382,1
img_00253_2024,1,0.14390174,0
img_00252_2024,1,0.0007006924,0
img_00256_2024,1,0.0107606035,0
img_00260_2024,1,0.04345205,0
img_00258_2024,1,0.032235313,0
img_00261_2024,1,0.06726201,0
img_00254_2024,1,0.116563424,0
img_00241_p01_2024,1,0.99466187,1
img_00241_p02_2024,1,0.99982435,1
img_00259_2024,1,0.974163,1
img_00257_2024,1,0.96413225,1
img_00264_2024,1,0.08268063,0
img_00263_2024,1,0.86379415,1
img_00255_2024,1,0.61119485,1
img_00265_2024,1,0.9591215,1
img_00268_2024,1,0.0008885259,0
img_00270_2024,1,0.8473332,1
img_00230_p01_2024,1,0.3320835,1
img_00230_p02_2024,1,0.036940284,0
img_00230_p03_2024,1,0.16307847,1
img_00230_p04_2024,1,0.058163546,0
img_00267_2024,1,0.23023857,1
img_00269_2024,1,0.008363657,0
img_00272_2024,1,0.9996302,1
img_00271_2024,1,0.03884135,0
img_00266_2024,1,0.96059716,1
img_00273_2024,1,0.019115435,0
img_00236_p01_2024,1,0.073972434,0
img_00236_p02_2024,1,0.37843537,1
img_00098_p01_2024,1,0.0224462,0
img_00098_p02_2024,1,0.004871664,0
img_00098_p03_2024,1,0.7068616,1
img_00098_p04_2024,1,0.043316055,0
img_00098_p05_2024,1,0.25101256,1
img_00098_p06_2024,1,0.003657234,0
img_00098_p07_2024,1,0.6126053,1
img_00098_p08_2024,1,0.0510443,0
img_00098_p09_2024,1,0.08115126,0
img_00238_p01_2024,1,0.96771514,1
img_00238_p02_2024,1,0.98538357,1
img_00275_2024,1,0.0011429595,0
img_00276_2024,1,0.046271987,0
img_00281_2024,1,0.101699844,0
img_00274_2024,1,0.35696977,1
img_00280_2024,1,0.00019502148,0
img_00288_2024,1,0.026045432,0
img_00285_2024,1,0.035298303,0
img_00278_2024,1,0.9987684,1
img_00279_2024,1,0.9260508,1
img_00284_2024,1,0.06924354,0
img_00286_2024,1,0.2212963,1
img_00291_2024,1,0.023909664,0
img_00287_2024,1,0.99685943,1
img_00289_2024,1,0.02185324,0
img_00283_2024,1,0.5241869,1
img_00262_p01_2024,1,0.97397655,1
img_00262_p02_2024,1,0.8022414,1
img_00282_2024,1,0.25074816,1
img_00292_2024,1,0.8756069,1
img_00296_2024,1,0.026897723,0
img_00297_2024,1,0.000870078,0
img_00298_2024,1,0.6076598,1
img_00290_2024,1,0.999767,1
img_00277_p01_2024,1,0.9710803,1
img_00277_p02_2024,1,0.6714464,1
img_00305_2024,1,0.011039695,0
img_00309_2024,1,0.34659708,1
img_00307_2024,1,0.01319481,0
img_00301_2024,1,0.932547,1
img_00306_2024,1,0.98808306,1
img_00294_2024,1,0.9447721,1
img_00300_2024,1,0.9942569,1
img_00304_2024,1,0.99620503,1
img_00312_2024,1,0.97924334,1
img_00303_2024,1,0.0024326895,0
img_00302_2024,1,0.9974233,1
img_00313_2024,1,0.00046495526,0
img_00295_p01_2024,1,0.99963343,1
img_00295_p02_2024,1,0.99928623,1
img_00299_2024,1,0.80562705,1
img_00310_2024,1,0.51128745,1
img_00319_2024,1,0.0007997158,0
img_00316_2024,1,0.8947478,1
img_00311_2024,1,0.9925363,1
img_00321_2024,1,0.993012,1
img_00315_2024,1,0.9971981,1
img_00317_2024,1,0.99259585,1
img_00325_2024,1,0.0006485018,0
img_00318_2024,1,5.069207e-05,0
img_00322_2024,1,0.9199434,1
img_00324_2024,1,0.38684505,1
img_00333_2024,1,0.8219194,1
img_00336_2024,1,0.0065573435,0
img_00337_2024,1,0.059496623,0
img_00339_2024,1,0.0015165709,0
img_00326_2024,1,0.9925296,1
img_00308_2024,1,0.99838674,1
img_00338_2024,1,0.999608,1
img_00331_2024,1,0.26776177,1
img_00320_2024,1,0.945986,1
img_00341_2024,1,0.9725748,1
img_00340_2024,1,0.0038458912,0
img_00327_2024,1,0.005955285,0
img_00342_2024,1,0.9465201,1
img_00335_2024,1,0.00012113241,0
img_00334_2024,1,0.0027550743,0
img_00349_2024,1,0.009133708,0
img_00330_2024,1,0.0010122798,0
img_00323_p01_2024,1,0.00062322646,0
img_00323_p02_2024,1,0.8580825,1
img_00346_2024,1,0.9805958,1
img_00347_2024,1,0.12265865,0
img_00350_2024,1,0.9985227,1
img_00348_2024,1,0.0011957103,0
img_00352_2024,1,0.992687,1
img_00343_2024,1,0.9954098,1
img_00328_2024,1,0.8228906,1
img_00345_p01_2024,1,0.019243252,0
img_00345_p02_2024,1,0.017978067,0
img_00359_2024,1,0.32661507,1
img_00355_2024,1,0.6440404,1
img_00354_2024,1,0.1616141,1
img_00363_2024,1,0.8779416,1
img_00332_p01_2024,1,0.956158,1
img_00332_p02_2024,1,0.99877983,1
img_00344_2024,1,0.026393618,0
img_00360_2024,1,0.9987411,1
img_00362_2024,1,0.17168073,1
img_00366_2024,1,0.02290245,0
img_00365_2024,1,0.0005231792,0
img_00361_2024,1,0.9644201,1
img_00368_2024,1,0.9995732,1
img_00367_2024,1,0.23761241,1
img_00358_2024,1,0.91428214,1
img_00371_2024,1,0.9993086,1
img_00293_p01_2024,1,0.33395466,1
img_00293_p02_2024,1,0.010444317,0
img_00293_p03_2024,1,0.3347203,1
img_00293_p04_2024,1,0.27933636,1
img_00353_p01_2024,1,0.97864693,1
img_00353_p02_2024,1,0.120643206,0
img_00372_2024,1,0.7379382,1
img_00370_2024,1,0.97324955,1
img_00377_2024,1,0.99740076,1
img_00374_2024,1,0.9008527,1
img_00376_2024,1,0.81821126,1
img_00375_2024,1,0.97687006,1
img_00369_2024,1,0.0052541886,0
img_00364_2024,1,0.9996538,1
img_00373_2024,1,0.00017665855,0
img_00378_2024,1,0.038401026,0
img_00356_p01_2024,1,0.40568718,1
img_00356_p02_2024,1,0.0065368055,0
img_00314_p01_2024,1,0.99319094,1
img_00314_p02_2024,1,0.9909355,1
img_00314_p03_2024,1,0.9968606,1
img_00314_p04_2024,1,0.91355824,1
img_00381_2024,1,0.06301751,0
img_00385_2024,1,0.9878122,1
img_00384_2024,1,0.00070488313,0
img_00382_2024,1,0.32468072,1
img_00383_2024,1,0.00070232165,0
img_00392_2024,1,0.26718035,1
img_00391_2024,1,0.97785175,1
img_00386_2024,1,0.97394603,1
img_00379_2024,1,0.99942976,1
img_00390_2024,1,0.9111921,1
img_00393_2024,1,0.048570845,0
img_00396_2024,1,0.06496498,0
img_00397_2024,1,0.50921726,1
img_00388_2024,1,0.9990422,1
img_00398_2024,1,0.9982109,1
img_00401_2024,1,0.00011933257,0
img_00402_2024,1,0.010239575,0
img_00389_p01_2024,1,0.974502,1
img_00389_p02_2024,1,0.7981684,1
img_00400_2024,1,0.2652634,1
img_00404_2024,1,0.9771404,1
img_00405_2024,1,0.1117205,0
img_00407_2024,1,0.03701978,0
img_00394_p01_2024,1,0.7473854,1
img_00394_p02_2024,1,0.9998678,1
img_00403_2024,1,0.9589135,1
img_00408_2024,1,0.016158944,0
img_00406_2024,1,0.21500109,1
img_00412_2024,1,0.06272916,0
img_00411_2024,1,0.99952805,1
img_00413_2024,1,0.11263488,0
img_00395_p01_2024,1,0.0005450935,0
img_00395_p02_2024,1,0.07429638,0
img_00415_2024,1,0.5272322,1
img_00418_2024,1,0.24450094,1
img_00416_2024,1,0.92372316,1
img_00329_p01_2024,1,0.9952468,1
img_00329_p02_2024,1,0.99022853,1
img_00329_p03_2024,1,0.99897707,1
img_00329_p04_2024,1,0.17993274,1
img_00329_p05_2024,1,0.01642401,0
img_00329_p06_2024,1,0.963101,1
img_00417_2024,1,0.078318,0
img_00419_2024,1,0.96595687,1
img_00414_2024,1,0.9273533,1
img_00423_2024,1,0.22600089,1
img_00420_2024,1,0.001093194,0
img_00421_2024,1,0.03020444,0
img_00387_p01_2024,1,0.99490356,1
img_00387_p02_2024,1,0.99112755,1
img_00387_p03_2024,1,0.9961228,1
img_00387_p04_2024,1,0.9954112,1
img_00424_2024,1,0.0016511565,0
img_00409_p01_2024,1,0.9478863,1
img_00409_p02_2024,1,0.32079512,1
img_00422_2024,1,0.9623435,1
img_00426_2024,1,0.2769826,1
img_00428_2024,1,0.99616253,1
img_00425_2024,1,0.604008,1
img_00351_p01_2024,1,0.1355589,0
img_00351_p02_2024,1,0.9955979,1
img_00351_p03_2024,1,0.99467,1
img_00351_p04_2024,1,0.96417713,1
img_00351_p05_2024,1,0.9990602,1
img_00351_p06_2024,1,0.9428523,1
img_00380_p01_2024,1,0.99390703,1
img_00380_p02_2024,1,0.02511762,0
img_00380_p03_2024,1,0.9645603,1
img_00380_p04_2024,1,0.07481444,0
img_00429_2024,1,0.60015607,1
img_00430_2024,1,0.877675,1
img_00431_2024,1,0.018299747,0
img_00433_2024,1,0.07801445,0
img_00432_2024,1,0.13730517,0
img_00434_2024,1,0.5218008,1
img_00435_2024,1,0.30859596,1
img_00437_2024,1,0.0045432253,0
img_00440_2024,1,0.0040348894,0
img_00446_2024,1,0.6206059,1
img_00441_2024,1,0.852266,1
img_00438_2024,1,0.73077554,1
img_00436_2024,1,0.9938922,1
img_00442_2024,1,0.57148784,1
img_00445_2024,1,0.5130877,1
img_00447_2024,1,0.3172794,1
img_00399_p01_2024,1,0.9962452,1
img_00399_p02_2024,1,0.99431425,1
img_00399_p03_2024,1,0.9999659,1
img_00399_p04_2024,1,0.99997807,1
img_00444_2024,1,0.85274017,1
img_00448_2024,1,0.9966253,1
img_00450_2024,1,0.135007,0
img_00357_p01_2024,1,0.99865216,1
img_00357_p02_2024,1,0.99768,1
img_00357_p03_2024,1,0.9801988,1
img_00357_p04_2024,1,0.99908805,1
img_00357_p05_2024,1,0.9049529,1
img_00454_2024,1,0.9404407,1
img_00457_2024,1,0.0002727102,0
img_00453_2024,1,0.22648948,1
img_00451_2024,1,0.88152426,1
img_00456_2024,1,0.00024168885,0
img_00452_2024,1,0.026012111,0
img_00455_2024,1,0.0003332778,0
img_00449_2024,1,0.99971217,1
img_00459_2024,1,0.02540992,0
img_00460_2024,1,0.00036017623,0
img_00463_2024,1,0.001957599,0
img_00462_2024,1,0.18280756,1
img_00461_2024,1,0.39959738,1
img_00466_2024,1,0.97123116,1
img_00465_2024,1,0.07237744,0
img_00464_2024,1,0.46018595,1
img_00468_2024,1,0.9860649,1
img_00469_2024,1,0.8902887,1
img_00467_2024,1,0.99771523,1
img_00473_2024,1,0.004469203,0
img_00474_2024,1,0.0008906552,0
img_00477_2024,1,0.94387734,1
img_00479_2024,1,0.13377029,0
img_00481_2024,1,0.02290278,0
img_00478_2024,1,0.36727506,1
img_00475_2024,1,0.99201304,1
img_00480_2024,1,0.03303537,0
img_00482_2024,1,0.3123124,1
img_00484_2024,1,0.9978241,1
img_00470_p01_2024,1,0.99861324,1
img_00470_p02_2024,1,0.99990714,1
img_00487_2024,1,0.98265356,1
img_00486_2024,1,0.00475832,0
img_00483_2024,1,0.0009945347,0
img_00489_2024,1,0.2635282,1
img_00488_2024,1,0.9977714,1
img_00490_2024,1,0.032219302,0
img_00491_2024,1,0.71150094,1
img_00476_p01_2024,1,6.2374005e-05,0
img_00476_p02_2024,1,0.0030713344,0
img_00493_2024,1,0.036436025,0
img_00492_2024,1,0.10907465,0
img_00494_2024,1,0.4802892,1
img_00495_2024,1,0.16069868,1
img_00498_2024,1,0.0019250473,0
img_00501_2024,1,0.025927354,0
img_00502_2024,1,0.0011696077,0
img_00443_p01_2024,1,0.9964275,1
img_00443_p02_2024,1,0.99978894,1
img_00443_p03_2024,1,0.988177,1
img_00443_p04_2024,1,0.9987676,1
img_00500_2024,1,0.24864598,1
img_00472_p01_2024,1,0.9239406,1
img_00472_p02_2024,1,0.9985423,1
img_00504_2024,1,0.04328542,0
img_00505_2024,1,0.029517878,0
img_00499_2024,1,0.18374723,1
img_00506_2024,1,0.9902327,1
img_00509_2024,1,0.8214319,1
img_00510_2024,1,0.0010089461,0
img_00514_2024,1,0.004387135,0
img_00503_p01_2024,1,8.502871e-05,0
img_00503_p02_2024,1,0.24064694,1
img_00458_p01_2024,1,0.9733402,1
img_00458_p02_2024,1,0.78488195,1
img_00458_p03_2024,1,0.37267697,1
img_00458_p04_2024,1,0.9985447,1
img_00515_2024,1,0.0033545962,0
img_00507_2024,1,0.013513225,0
img_00517_2024,1,0.07312871,0
img_00518_2024,1,0.0022009194,0
img_00519_2024,1,0.024512466,0
img_00513_2024,1,0.04982994,0
img_00427_p01_2024,1,0.9964277,1
img_00427_p02_2024,1,0.9990711,1
img_00427_p03_2024,1,0.20576695,1
img_00427_p04_2024,1,0.9517883,1
img_00427_p05_2024,1,0.9710379,1
img_00427_p06_2024,1,0.99992037,1
img_00522_2024,1,0.0065721427,0
img_00511_2024,1,0.9992099,1
img_00523_2024,1,0.21799085,1
img_00410_p01_2024,1,0.8524861,1
img_00410_p02_2024,1,0.14201489,0
img_00410_p03_2024,1,0.9973355,1
img_00410_p04_2024,1,0.99737984,1
img_00410_p05_2024,1,0.9986545,1
img_00410_p06_2024,1,0.05650521,0
img_00410_p07_2024,1,0.999313,1
img_00410_p08_2024,1,0.99919075,1
img_00410_p09_2024,1,0.9952928,1
img_00524_2024,1,0.0008759004,0
img_00526_2024,1,0.29878822,1
img_00525_2024,1,0.014687194,0
img_00527_2024,1,0.024807543,0
img_00529_2024,1,0.87735,1
img_00439_p01_2024,1,0.794281,1
img_00439_p02_2024,1,0.8848668,1
img_00439_p03_2024,1,0.9678725,1
img_00439_p04_2024,1,0.28610846,1
img_00439_p05_2024,1,0.990234,1
img_00439_p06_2024,1,0.79562855,1
img_00439_p07_2024,1,0.9994887,1
img_00439_p08_2024,1,0.99955374,1
img_00530_2024,1,0.042378403,0
img_00533_2024,1,0.5839249,1
img_00531_2024,1,0.000725071,0
img_00535_2024,1,0.008451695,0
img_00520_p01_2024,1,0.9874084,1
img_00520_p02_2024,1,0.64542437,1
img_00496_p01_2024,1,0.994793,1
img_00496_p02_2024,1,0.9987596,1
img_00496_p03_2024,1,0.9964005,1
img_00496_p04_2024,1,0.97814125,1
img_00534_2024,1,0.0023080672,0
img_00532_2024,1,0.99255705,1
img_00537_2024,1,0.014695665,0
img_00541_2024,1,0.0002036422,0
img_00543_2024,1,0.14897303,1
img_00538_2024,1,0.9971692,1
img_00544_2024,1,0.10005486,0
img_00542_2024,1,0.00047620165,0
img_00540_2024,1,0.10279585,0
img_00546_2024,1,0.9971295,1
img_00547_2024,1,0.0010324636,0
img_00548_2024,1,0.0006983495,0
img_00536_p01_2024,1,0.95814455,1
img_00536_p02_2024,1,0.6917232,1
img_00549_2024,1,0.23391095,1
img_00552_2024,1,0.0037990476,0
img_00554_2024,1,0.00057125255,0
img_00550_2024,1,0.99818265,1
img_00553_2024,1,0.048088618,0
img_00508_p01_2024,1,0.71387357,1
img_00508_p02_2024,1,0.9904633,1
img_00508_p03_2024,1,0.45543328,1
img_00508_p04_2024,1,0.0021708007,0
img_00508_p05_2024,1,0.9982967,1
img_00516_p01_2024,1,0.99018973,1
img_00516_p02_2024,1,0.96412337,1
img_00516_p03_2024,1,0.99142164,1
img_00516_p04_2024,1,0.8387115,1
img_00556_2024,1,0.08599416,0
img_00512_p01_2024,1,0.9771855,1
img_00512_p02_2024,1,0.99799585,1
img_00512_p03_2024,1,0.1358835,0
img_00512_p04_2024,1,0.85208046,1
img_00512_p05_2024,1,0.9917938,1
img_00512_p06_2024,1,0.7827915,1
img_00555_2024,1,2.9676989e-05,0
img_00559_2024,1,0.028485587,0
img_00485_p01_2024,1,0.9990791,1
img_00485_p02_2024,1,0.012389566,0
img_00485_p03_2024,1,0.8895348,1
img_00485_p04_2024,1,0.9079459,1
img_00485_p05_2024,1,0.98888797,1
img_00485_p06_2024,1,0.99981433,1
img_00485_p07_2024,1,0.9992499,1
img_00563_2024,1,0.074801415,0
img_00558_2024,1,0.9332555,1
img_00562_2024,1,0.8595543,1
img_00564_2024,1,0.21113397,1
img_00561_2024,1,0.98518,1
img_00521_p01_2024,1,0.35202122,1
img_00521_p02_2024,1,0.1880038,1
img_00521_p03_2024,1,0.03928977,0
img_00521_p04_2024,1,0.96677876,1
img_00560_2024,1,0.009890814,0
img_00566_2024,1,0.0007405603,0
img_00567_2024,1,0.009776109,0
img_00565_2024,1,0.0113634495,0
img_00571_2024,1,0.0033021113,0
img_00570_2024,1,0.35004973,1
img_00572_2024,1,0.6647164,1
img_00574_2024,1,0.9516735,1
img_00573_2024,1,0.0033123,0
img_00569_2024,1,0.007126903,0
img_00545_p01_2024,1,0.45113188,1
img_00545_p02_2024,1,0.9987219,1
img_00575_2024,1,0.02676079,0
img_00578_2024,1,0.028632522,0
img_00539_p01_2024,1,0.49020776,1
img_00539_p02_2024,1,0.699379,1
img_00539_p03_2024,1,0.0012122507,0
img_00539_p04_2024,1,0.15846753,1
img_00577_2024,1,0.010975911,0
img_00576_2024,1,0.96377665,1
img_00568_2024,1,0.86905545,1
img_00583_2024,1,0.000371997,0
img_00581_2024,1,0.014790785,0
img_00580_2024,1,0.93583596,1
img_00585_2024,1,0.9188943,1
img_00579_2024,1,0.9999856,1
img_00584_2024,1,3.5126508e-05,0
img_00586_2024,1,0.39495808,1
img_00587_2024,1,0.46616077,1
img_00582_2024,1,0.0014504789,0
img_00588_2024,1,0.1543411,1
img_00590_2024,1,0.0008905418,0
img_00589_2024,1,0.0028131357,0
img_00551_p01_2024,1,0.42390344,1
img_00551_p02_2024,1,0.99427766,1
img_00551_p03_2024,1,0.9363866,1
img_00551_p04_2024,1,0.9085725,1
img_00591_2024,1,0.10327006,0
img_00592_2024,1,0.026618646,0
img_00595_2024,1,0.15743132,1
img_00597_2024,1,0.00042746394,0
img_00596_2024,1,0.0045014685,0
img_00599_2024,1,0.54461247,1
img_00603_2024,1,0.9883995,1
img_00604_2024,1,0.9997893,1
img_00606_2024,1,0.007989544,0
img_00594_2024,1,0.8405974,1
img_00601_2024,1,0.04071732,0
img_00607_2024,1,0.31682792,1
img_00608_2024,1,0.3911074,1
img_00598_p01_2024,1,0.3837414,1
img_00598_p02_2024,1,0.68866104,1
img_00613_2024,1,0.7750418,1
img_00615_2024,1,0.9955504,1
img_00557_p01_2024,1,0.0056454674,0
img_00557_p02_2024,1,0.999884,1
img_00557_p03_2024,1,0.015530498,0
img_00557_p04_2024,1,0.9999442,1
img_00605_2024,1,0.43747273,1
img_00614_2024,1,0.00117082,0
img_00616_2024,1,0.9999138,1
img_00617_2024,1,0.0008275562,0
img_00612_2024,1,0.9738756,1
img_00618_2024,1,0.998628,1
img_00619_2024,1,0.07199111,0
img_00621_2024,1,0.93368053,1
img_00622_2024,1,0.9577109,1
img_00623_2024,1,0.058993395,0
img_00625_2024,1,0.34934923,1
img_00611_2024,1,0.99918586,1
img_00471_p01_2024,1,0.986815,1
img_00471_p02_2024,1,0.99522483,1
img_00471_p03_2024,1,0.98117507,1
img_00471_p04_2024,1,0.99704415,1
img_00471_p05_2024,1,0.9966365,1
img_00471_p06_2024,1,0.999762,1
img_00471_p07_2024,1,0.9989145,1
img_00471_p08_2024,1,0.99865997,1
img_00471_p09_2024,1,0.9637029,1
img_00471_p10_2024,1,0.997408,1
img_00471_p11_2024,1,0.99547416,1
img_00620_2024,1,0.0047615995,0
img_00629_2024,1,0.0044110096,0
img_00627_2024,1,0.9984315,1
img_00624_2024,1,0.99980134,1
img_00631_2024,1,0.0021014102,0
img_00626_2024,1,4.247643e-05,0
img_00161_p01_2024,1,0.9955076,1
img_00161_p02_2024,1,0.99978834,1
img_00161_p03_2024,1,0.00230007,0
img_00161_p04_2024,1,0.012543863,0
img_00161_p05_2024,1,0.52311015,1
img_00161_p06_2024,1,0.8702671,1
img_00161_p07_2024,1,0.94927174,1
img_00161_p08_2024,1,0.9273032,1
img_00161_p09_2024,1,0.900856,1
img_00161_p10_2024,1,0.002982731,0
img_00161_p11_2024,1,0.9674617,1
img_00161_p12_2024,1,0.95960975,1
img_00161_p13_2024,1,0.11288902,0
img_00161_p15_2024,1,0.98440117,1
img_00161_p16_2024,1,0.3944082,1
img_00161_p17_2024,1,0.00028899414,0
img_00161_p18_2024,1,0.64052707,1
img_00161_p19_2024,1,0.6870761,1
img_00630_2024,1,0.041835107,0
img_00632_2024,1,0.011097339,0
img_00636_2024,1,0.017441357,0
img_00635_2024,1,0.9739885,1
img_00634_2024,1,0.0029263673,0
img_00638_2024,1,0.96416706,1
img_00639_2024,1,0.0038890329,0
img_00640_2024,1,0.9956558,1
img_00641_2024,1,0.45240942,1
img_00633_2024,1,0.8542007,1
img_00645_2024,1,0.086329885,0
img_00643_2024,1,6.923834e-05,0
img_00528_p01_2024,1,0.8128596,1
img_00528_p02_2024,1,0.9805078,1
img_00528_p03_2024,1,0.99901056,1
img_00528_p04_2024,1,0.7685352,1
img_00528_p05_2024,1,0.9998318,1
img_00528_p06_2024,1,0.9253212,1
img_00528_p07_2024,1,0.9884644,1
img_00528_p08_2024,1,0.17768985,1
img_00528_p09_2024,1,0.09237219,0
img_00647_2024,1,0.95603,1
img_00649_2024,1,0.30438265,1
img_00650_2024,1,0.0014078786,0
img_00642_2024,1,0.004725007,0
img_00652_2024,1,0.98051435,1
img_00637_p01_2024,1,0.98669356,1
img_00637_p02_2024,1,0.21931635,1
img_00644_2024,1,0.9933995,1
img_00653_2024,1,0.99733907,1
img_00655_2024,1,0.9997061,1
img_00646_p01_2024,1,0.9935567,1
img_00646_p02_2024,1,0.9992446,1
img_00602_p01_2024,1,0.0011164758,0
img_00602_p02_2024,1,0.34653965,1
img_00602_p03_2024,1,0.8642578,1
img_00602_p04_2024,1,0.9677587,1
img_00602_p05_2024,1,0.9828075,1
img_00602_p06_2024,1,0.72394973,1
img_00656_2024,1,0.7642141,1
img_00648_p01_2024,1,0.98757523,1
img_00648_p02_2024,1,0.104849115,0
img_00662_2024,1,0.9862621,1
img_00659_2024,1,0.934088,1
img_00658_2024,1,0.8452083,1
img_00660_2024,1,0.04427381,0
img_00661_2024,1,0.010252215,0
img_00663_2024,1,0.06338845,0
img_00664_2024,1,0.008014045,0
img_00665_2024,1,0.010626731,0
img_00669_2024,1,0.07919758,0
img_00668_2024,1,0.01162113,0
img_00667_2024,1,0.0087783,0
img_00672_2024,1,0.85854745,1
img_00670_2024,1,0.0122324,0
img_00671_2024,1,0.98878396,1
img_00673_2024,1,0.5262359,1
img_00674_2024,1,0.6116492,1
img_00675_2024,1,0.983043,1
img_00666_2024,1,0.9695571,1
img_00676_2024,1,0.023183106,0
img_00600_p01_2024,1,0.088341005,0
img_00600_p02_2024,1,0.047113527,0
img_00600_p03_2024,1,0.0035569833,0
img_00600_p04_2024,1,0.6493188,1
img_00600_p05_2024,1,0.9531984,1
img_00600_p06_2024,1,0.9979802,1
img_00677_2024,1,0.016410027,0
img_00609_p01_2024,1,0.999892,1
img_00609_p02_2024,1,0.99981326,1
img_00609_p03_2024,1,0.99566334,1
img_00609_p04_2024,1,0.9999552,1
img_00609_p05_2024,1,0.9994211,1
img_00609_p06_2024,1,0.9953472,1
img_00681_2024,1,0.9911016,1
img_00679_2024,1,0.0026453,0
img_00682_2024,1,0.99952686,1
img_00497_p01_2024,1,0.9784194,1
img_00497_p02_2024,1,0.98768765,1
img_00497_p03_2024,1,0.9973309,1
img_00497_p04_2024,1,0.005444767,0
img_00497_p05_2024,1,0.7371355,1
img_00497_p06_2024,1,0.99096984,1
img_00497_p07_2024,1,0.9854672,1
img_00497_p08_2024,1,0.99950993,1
img_00497_p09_2024,1,0.9816992,1
img_00497_p10_2024,1,0.35140792,1
img_00497_p11_2024,1,0.9994361,1
img_00497_p12_2024,1,0.9917514,1
img_00497_p13_2024,1,0.99593204,1
img_00497_p14_2024,1,0.98839056,1
img_00497_p15_2024,1,0.71601546,1
img_00687_2024,1,0.021083435,0
img_00684_2024,1,0.99788314,1
img_00680_2024,1,0.0008506001,0
img_00683_2024,1,0.00030302367,0
img_00686_2024,1,0.8693745,1
img_00688_2024,1,0.0035748496,0
img_00690_2024,1,0.9995505,1
img_00691_2024,1,0.0028875112,0
img_00685_2024,1,0.0011512296,0
img_00697_2024,1,0.2494847,1
img_00695_2024,1,0.18376924,1
img_00693_2024,1,0.013009446,0
img_00692_2024,1,0.97768426,1
img_00027_p01_2024,1,0.23797368,1
img_00027_p02_2024,1,0.061432768,0
img_00027_p03_2024,1,0.98101634,1
img_00027_p04_2024,1,0.24970804,1
img_00027_p05_2024,1,0.94932705,1
img_00027_p06_2024,1,0.0009884344,0
img_00027_p07_2024,1,0.7324501,1
img_00027_p08_2024,1,0.007385945,0
img_00027_p09_2024,1,0.40255287,1
img_00027_p10_2024,1,0.009502825,0
img_00027_p11_2024,1,0.987038,1
img_00027_p12_2024,1,0.42698434,1
img_00027_p13_2024,1,0.9898381,1
img_00027_p14_2024,1,0.0350265,0
img_00027_p15_2024,1,0.9949751,1
img_00027_p16_2024,1,0.32814643,1
img_00027_p17_2024,1,0.06225256,0
img_00027_p18_2024,1,0.009821626,0
img_00027_p19_2024,1,0.001390944,0
img_00027_p20_2024,1,0.0070820125,0
img_00027_p21_2024,1,0.021826256,0
img_00027_p22_2024,1,0.98912233,1
img_00027_p23_2024,1,0.008215613,0
img_00027_p24_2024,1,0.61971265,1
img_00027_p25_2024,1,0.0010455472,0
img_00698_2024,1,0.0038695582,0
img_00699_2024,1,0.124025784,0
img_00694_2024,1,0.003504832,0
img_00700_2024,1,0.010971176,0
img_00678_p01_2024,1,0.99736977,1
img_00678_p02_2024,1,0.93211746,1
img_00703_2024,1,0.9775904,1
img_00701_2024,1,0.2242036,1
img_00704_2024,1,0.42741016,1
img_00707_2024,1,0.09726906,0
img_00710_2024,1,0.9878648,1
img_00702_2024,1,2.9254823e-05,0
img_00708_2024,1,0.28246257,1
img_00709_2024,1,0.009483214,0
img_00715_2024,1,0.9979018,1
img_00711_2024,1,0.047759783,0
img_00716_2024,1,0.081698395,0
img_00717_2024,1,0.7434557,1
img_00719_2024,1,0.9979919,1
img_00722_2024,1,0.014499081,0
img_00610_p01_2024,1,0.901697,1
img_00610_p02_2024,1,0.9999188,1
img_00610_p03_2024,1,0.9995215,1
img_00610_p04_2024,1,0.21630025,1
img_00610_p05_2024,1,0.9830745,1
img_00610_p06_2024,1,0.8808199,1
img_00610_p07_2024,1,0.73255074,1
img_00610_p08_2024,1,0.78258663,1
img_00720_2024,1,0.005633865,0
img_00657_p01_2024,1,0.20079833,1
img_00657_p02_2024,1,0.9656132,1
img_00657_p03_2024,1,0.40886253,1
img_00657_p04_2024,1,0.047098152,0
img_00723_2024,1,0.9386628,1
img_00724_2024,1,0.01526209,0
img_00706_p01_2024,1,0.12708701,0
img_00706_p02_2024,1,0.026771748,0
img_00654_p01_2024,1,0.4844529,1
img_00654_p02_2024,1,0.98514056,1
img_00654_p03_2024,1,0.8696012,1
img_00654_p04_2024,1,0.051687624,0
img_00654_p05_2024,1,0.90484333,1
img_00654_p06_2024,1,0.99917275,1
img_00725_2024,1,0.14021482,0
img_00726_2024,1,0.0011320242,0
img_00730_2024,1,0.007974358,0
img_00696_2024,1,0.019585341,0
img_00731_2024,1,0.7514246,1
img_00728_2024,1,0.982927,1
img_00729_2024,1,0.9155714,1
img_00735_2024,1,0.0026293644,0
img_00727_2024,1,0.0838962,0
img_00705_2024,1,0.8150325,1
img_00738_2024,1,0.64739275,1
img_00732_2024,1,0.99887365,1
img_00736_2024,1,0.7144356,1
img_00733_2024,1,0.73873293,1
img_00737_2024,1,0.034956243,0
img_00739_2024,1,0.8269042,1
img_00713_2024,1,0.97820574,1
img_00721_2024,1,0.42732635,1
img_00740_2024,1,0.99982786,1
img_00744_2024,1,0.0046390113,0
img_00734_2024,1,0.9210271,1
img_00745_2024,1,0.02806005,0
img_00743_2024,1,0.99870026,1
img_00748_2024,1,0.0067591374,0
img_00742_2024,1,0.9793403,1
img_00718_2024,1,0.38092175,1
img_00749_2024,1,0.8770612,1
img_00746_2024,1,2.8291432e-05,0
img_00751_2024,1,0.014908037,0
img_00752_2024,1,0.6642875,1
img_00754_2024,1,0.0037690876,0
img_00753_2024,1,0.01628118,0
img_00756_2024,1,0.9213671,1
img_00762_2024,1,0.01212623,0
img_00758_2024,1,0.10492938,0
img_00759_2024,1,0.9990238,1
img_00741_p01_2024,1,0.013419565,0
img_00741_p02_2024,1,0.08888802,0
img_00755_2024,1,0.00031577874,0
img_00760_2024,1,0.9950545,1
img_00712_p01_2024,1,0.042900912,0
img_00712_p02_2024,1,0.120610975,0
img_00761_2024,1,0.0008532375,0
img_00764_2024,1,0.017678821,0
img_00757_2024,1,0.0021432207,0
img_00766_2024,1,0.85870856,1
img_00763_2024,1,0.99484456,1
img_00768_2024,1,0.99885,1
img_00767_2024,1,0.00023445752,0
img_00765_2024,1,0.016110605,0
img_00689_p01_2024,1,0.06496447,0
img_00689_p02_2024,1,0.00093441317,0
img_00689_p03_2024,1,0.035027873,0
img_00689_p04_2024,1,0.98211783,1
img_00689_p05_2024,1,0.904078,1
img_00689_p06_2024,1,0.00072247966,0
img_00750_p01_2024,1,0.00646734,0
img_00750_p02_2024,1,0.9961033,1
img_00628_p01_2024,1,0.96280193,1
img_00628_p02_2024,1,0.9607883,1
img_00628_p03_2024,1,0.04898761,0
img_00628_p04_2024,1,0.97627175,1
img_00628_p05_2024,1,0.99564785,1
img_00628_p06_2024,1,0.00031837146,0
img_00628_p07_2024,1,0.056236386,0
img_00628_p08_2024,1,0.9115012,1
img_00628_p09_2024,1,0.16120405,1
img_00769_2024,1,0.0005044292,0
img_00771_2024,1,0.99706906,1
img_00770_2024,1,0.99936455,1
img_00776_2024,1,0.00087913364,0
img_00774_2024,1,0.07224041,0
img_00775_2024,1,0.86530346,1
img_00777_2024,1,0.0005223906,0
img_00778_2024,1,0.003033735,0
img_00773_2024,1,0.97885865,1
img_00781_2024,1,0.0015420193,0
img_00782_2024,1,0.9969543,1
img_00779_2024,1,0.97176594,1
img_00785_2024,1,0.00062424986,0
img_00787_2024,1,0.22736199,1
img_00780_2024,1,0.6430179,1
img_00714_p01_2024,1,0.27197006,1
img_00714_p02_2024,1,0.1374637,0
img_00714_p03_2024,1,0.43915826,1
img_00714_p04_2024,1,0.8914287,1
img_00786_2024,1,0.047458313,0
img_00783_2024,1,0.027689783,0
img_00772_2024,1,0.0008693454,0
img_00784_2024,1,0.94567883,1
img_00788_2024,1,0.95213085,1
img_00789_2024,1,0.9725572,1
img_00792_2024,1,0.9843386,1
img_00796_2024,1,0.0009961653,0
img_00790_2024,1,0.001904305,0
img_00793_2024,1,3.1915148e-05,0
img_00803_2024,1,0.3839558,1
img_00800_2024,1,0.29185572,1
img_00802_2024,1,0.004143842,0
img_00799_2024,1,0.5979201,1
img_00795_2024,1,0.008005936,0
img_00794_2024,1,0.853738,1
img_00798_2024,1,0.5161212,1
img_00791_2024,1,0.11097661,0
img_00805_2024,1,0.9955161,1
img_00809_2024,1,0.9721066,1
img_00806_2024,1,0.99900395,1
img_00810_2024,1,0.057040494,0
img_00812_2024,1,0.9980198,1
img_00808_2024,1,0.9932231,1
img_00801_2024,1,0.9920374,1
img_00804_2024,1,0.96035856,1
img_00816_2024,1,0.9997601,1
img_00807_2024,1,0.061665047,0
img_00813_2024,1,0.89233345,1
img_00811_2024,1,0.0027342597,0
img_00819_2024,1,0.3021945,1
img_00814_2024,1,0.00042925368,0
img_00818_2024,1,0.5114979,1
img_00815_2024,1,0.08218968,0
img_00821_2024,1,0.001756702,0
img_00822_2024,1,0.008687928,0
img_00820_2024,1,0.00041004154,0
img_00826_2024,1,0.10842435,0
img_00823_2024,1,0.0008833408,0
img_00829_2024,0,0.0012387295,0
img_00830_2024,0,0.00021379783,0
img_00824_2024,1,0.70136213,1
img_00827_2024,1,0.97723573,1
img_00797_p01_2024,1,0.9983846,1
img_00797_p02_2024,1,0.0761195,0
img_00828_2024,0,0.0012821119,0
img_00833_2024,0,1.7422224e-06,0
img_00835_2024,0,0.0002880322,0
img_00834_2024,0,1.02515005e-05,0
img_00825_2024,1,0.0004611089,0
img_00832_2024,0,1.1753281e-06,0
img_00836_2024,0,0.00020276509,0
img_00837_2024,0,2.2965191e-06,0
img_00839_2024,0,3.0044012e-06,0
img_00838_2024,0,0.07022887,0
img_00844_2024,0,1.0829168e-06,0
img_00842_2024,0,0.015927993,0
img_00841_2024,0,7.717144e-06,0
img_00843_2024,0,0.002036239,0
img_00846_2024,0,6.476064e-05,0
img_00847_2024,0,6.585068e-06,0
img_00831_2024,0,0.0009118445,0
img_00848_2024,0,0.0006159692,0
img_00850_2024,0,3.5488738e-05,0
img_00849_2024,0,0.00021893712,0
img_00851_2024,0,9.8755285e-05,0
img_00840_2024,0,0.001783549,0
img_00845_2024,0,2.4384577e-05,0
img_00852_2024,0,0.00010831468,0
img_00854_2024,0,0.00016012447,0
img_00856_2024,0,2.63869e-06,0
img_00858_2024,0,6.8807963e-06,0
img_00853_2024,0,2.4700306e-05,0
img_00857_2024,0,5.3552067e-05,0
img_00855_2024,0,0.00077848387,0
img_00747_p01_2024,1,0.9645372,1
img_00747_p02_2024,1,0.03243658,0
img_00747_p03_2024,1,0.1260548,0
img_00747_p04_2024,1,0.017496027,0
img_00747_p05_2024,1,0.010997393,0
img_00747_p06_2024,1,0.9994929,1
img_00860_2024,0,7.365818e-05,0
img_00859_2024,0,4.504408e-06,0
img_00865_2024,0,0.00085851067,0
img_00863_2024,0,3.590671e-05,0
img_00862_2024,0,1.2899534e-05,0
img_00864_2024,0,0.0013703436,0
img_00866_2024,0,0.00017748009,0
img_00861_2024,0,1.1618462e-05,0
img_00868_2024,0,9.802067e-06,0
img_00870_2024,0,2.6106332e-05,0
img_00877_2024,0,0.0009883096,0
img_00874_2024,0,1.0138824e-05,0
img_00871_2024,0,4.4560165e-06,0
img_00875_2024,0,3.3292138e-06,0
img_00869_2024,0,0.00013188305,0
img_00872_2024,0,0.0016859623,0
img_00867_2024,0,8.3085644e-05,0
img_00878_2024,0,2.5840975e-05,0
img_00876_2024,0,8.242743e-06,0
img_00879_2024,0,6.663838e-05,0
img_00883_2024,0,0.3000601,1
img_00873_2024,0,1.7818242e-06,0
img_00881_2024,0,0.00010601903,0
img_00882_2024,0,0.0003560506,0
img_00884_2024,0,3.1993636e-06,0
img_00890_2024,0,0.001271387,0
img_00892_2024,0,4.05719e-05,0
img_00886_2024,0,0.0034332303,0
img_00887_2024,0,4.4336393e-06,0
img_00888_2024,0,0.0005612519,0
img_00889_2024,0,0.0007305016,0
img_00891_2024,0,0.00032869173,0
img_00894_2024,0,0.0005535339,0
img_00895_2024,0,2.641898e-07,0
img_00893_2024,0,5.0275826e-06,0
img_00896_2024,0,0.003365558,0
img_00900_2024,0,6.3291227e-06,0
img_00898_2024,0,1.0071098e-05,0
img_00885_2024,0,3.02055e-05,0
img_00817_p01_2024,1,0.9958442,1
img_00817_p02_2024,1,0.972079,1
img_00817_p03_2024,1,0.9982436,1
img_00817_p04_2024,1,0.99955064,1
img_00897_2024,0,0.0007490684,0
img_00899_2024,0,0.17492823,1
img_00901_2024,0,0.00053483737,0
img_00903_2024,0,4.4842513e-05,0
img_00905_2024,0,0.0020364784,0
img_00904_2024,0,7.078465e-05,0
img_00907_2024,0,6.1315836e-06,0
img_00908_2024,0,4.866515e-06,0
img_00902_2024,0,0.001776641,0
img_00910_2024,0,0.00032015113,0
img_00909_2024,0,3.6634544e-06,0
img_00911_2024,0,0.00021474292,0
img_00913_2024,0,0.96372265,1
img_00912_2024,0,3.3087729e-06,0
img_00906_2024,0,3.584011e-06,0
img_00917_2024,0,0.0058247787,0
img_00914_2024,0,0.011151483,0
img_00916_2024,0,0.00027643002,0
img_00923_2024,0,3.2689048e-05,0
img_00919_2024,0,4.2450956e-05,0
img_00915_2024,0,2.9657524e-05,0
img_00918_2024,0,1.5969024e-05,0
img_00927_2024,0,0.0006759598,0
img_00924_2024,0,0.0006043818,0
img_00928_2024,0,1.44273845e-05,0
img_00932_2024,0,5.9378573e-05,0
img_00921_2024,0,0.00041498235,0
img_00920_2024,0,0.00017298853,0
img_00926_2024,0,0.00014356851,0
img_00930_2024,0,0.0045419573,0
img_00922_2024,0,0.0004387828,0
img_00925_2024,0,1.0930771e-05,0
img_00931_2024,0,5.279597e-05,0
img_00934_2024,0,5.92169e-05,0
img_00935_2024,0,8.90986e-05,0
img_00933_2024,0,2.3552237e-05,0
img_00938_2024,0,5.0336803e-05,0
img_00941_2024,0,0.00018754153,0
img_00939_2024,0,5.0038205e-05,0
img_00937_2024,0,3.5908663e-05,0
img_00936_2024,0,0.122903466,0
img_00929_2024,0,2.0937661e-05,0
img_00946_2024,0,8.577234e-06,0
img_00945_2024,0,0.00010502819,0
img_00950_2024,0,5.487144e-06,0
img_00948_2024,0,0.00042368035,0
img_00942_2024,0,1.8417406e-05,0
img_00940_2024,0,6.2755107e-06,0
img_00943_2024,0,6.7123915e-06,0
img_00947_2024,0,0.023536691,0
img_00944_2024,0,1.6228836e-05,0
img_00953_2024,0,1.5477142e-05,0
img_00951_2024,0,1.9323343e-05,0
img_00949_2024,0,3.0745967e-05,0
img_00952_2024,0,0.0004895304,0
img_00954_2024,0,7.1823066e-05,0
img_00955_2024,0,0.102437824,0
img_00957_2024,0,0.00019107698,0
img_00880_p01_2024,0,1.2452757e-06,0
img_00880_p02_2024,0,3.1502968e-06,0
img_00880_p03_2024,0,1.8021401e-06,0
img_00880_p04_2024,0,7.4803097e-07,0
img_00958_2024,0,1.3947827e-05,0
img_00960_2024,0,2.9660863e-05,0
img_00964_2024,0,0.0013839429,0
img_00967_2024,0,6.0198167e-06,0
img_00959_2024,0,0.00035974418,0
img_00962_2024,0,0.00035215062,0
img_00965_2024,0,6.1442097e-06,0
img_00963_2024,0,0.03971961,0
img_00961_2024,0,0.22453405,1
img_00971_2024,0,3.537827e-06,0
img_00968_2024,0,0.007876185,0
img_00978_2024,0,1.0065049e-05,0
img_00969_2024,0,3.3484586e-05,0
img_00973_2024,0,0.00028960395,0
img_00976_2024,0,1.35308655e-05,0
img_00966_2024,0,3.1181085e-06,0
img_00970_2024,0,2.1658636e-05,0
img_00975_2024,0,0.00011960975,0
img_00982_2024,0,1.4381833e-06,0
img_00972_2024,0,2.0040914e-05,0
img_00981_2024,0,0.00070165464,0
img_00977_2024,0,1.7426692e-06,0
img_00979_2024,0,0.4394092,1
img_00980_2024,0,0.00045499502,0
img_00974_2024,0,3.476198e-05,0
img_00984_2024,0,0.0015122974,0
img_00983_2024,0,0.92523664,1
img_00986_2024,0,4.8438356e-05,0
img_00987_2024,0,1.40594575e-05,0
img_00990_2024,0,0.0005134497,0
img_00991_2024,0,2.746619e-05,0
img_00992_2024,0,3.9407285e-05,0
img_00985_2024,0,0.0015136921,0
img_00996_2024,0,3.3735003e-05,0
img_00994_2024,0,0.00036007768,0
img_00993_2024,0,6.497381e-05,0
img_00956_p01_2024,0,3.671569e-06,0
img_00956_p02_2024,0,2.1185826e-06,0
img_00998_2024,0,0.00019000979,0
img_00593_p01_2024,1,0.2741278,1
img_00593_p02_2024,1,0.92389023,1
img_00593_p03_2024,1,0.84042954,1
img_00593_p04_2024,1,0.61218846,1
img_00593_p05_2024,1,0.44346112,1
img_00593_p06_2024,1,0.8227051,1
img_00593_p07_2024,1,0.6321044,1
img_00593_p08_2024,1,0.95180124,1
img_00593_p09_2024,1,0.0017851841,0
img_00593_p10_2024,1,0.22515628,1
img_00593_p11_2024,1,0.21878491,1
img_00593_p12_2024,1,0.04939432,0
img_00593_p13_2024,1,0.008854784,0
img_00593_p14_2024,1,0.99768424,1
img_00593_p15_2024,1,0.8795465,1
img_00593_p16_2024,1,0.99942684,1
img_00593_p17_2024,1,0.87918,1
img_00593_p18_2024,1,0.99779034,1
img_00593_p19_2024,1,0.98292404,1
img_00593_p20_2024,1,0.88584656,1
img_00593_p21_2024,1,0.95445377,1
img_00593_p22_2024,1,0.98293835,1
img_00989_2024,0,0.00022902276,0
img_00997_2024,0,2.959709e-05,0
img_00999_2024,0,2.0905758e-05,0
img_00995_2024,0,4.2578454e-06,0
img_01000_2024,0,0.0007272543,0
img_01001_2024,0,0.0002939137,0
img_01003_2024,0,6.384065e-05,0
img_01004_2024,0,0.00011429249,0
img_01002_2024,0,4.90091e-06,0
img_01005_2024,0,0.0017471429,0
img_01006_2024,0,4.540233e-05,0
img_01008_2024,0,0.9975206,1
img_01009_2024,0,5.9652057e-06,0
img_01007_2024,0,1.147366e-06,0
img_01013_2024,0,6.128269e-06,0
img_01014_2024,0,5.2355015e-05,0
img_01012_2024,0,3.9194554e-05,0
img_01011_2024,0,6.826598e-07,0
img_01018_2024,0,0.00013113667,0
img_01015_2024,0,0.00010161676,0
img_01020_2024,0,2.8239112e-05,0
img_01016_2024,0,2.1175778e-05,0
img_01017_2024,0,0.47443584,1
img_01024_2024,0,0.000396452,0
img_01021_2024,0,9.173871e-05,0
img_00988_p01_2024,0,0.00013628627,0
img_00988_p02_2024,0,5.8347992e-05,0
img_01022_2024,0,7.205226e-05,0
img_01025_2024,0,0.00020332227,0
img_01023_2024,0,2.5441279e-05,0
img_01032_2024,0,1.943367e-05,0
img_01027_2024,0,1.2507647e-05,0
img_01033_2024,0,2.9910198e-05,0
img_01029_2024,0,1.3081104e-06,0
img_01028_2024,0,0.0010505769,0
img_01035_2024,0,0.00014186325,0
img_01031_2024,0,3.3334836e-06,0
img_01026_2024,0,7.307079e-05,0
img_01030_2024,0,7.251396e-07,0
img_01037_2024,0,0.00028634883,0
img_01036_2024,0,9.394304e-05,0
img_01040_2024,0,0.0003243307,0
img_01043_2024,0,1.1895956e-05,0
img_01047_2024,0,0.0010405519,0
img_01046_2024,0,2.9694015e-06,0
img_01042_2024,0,6.5669624e-06,0
img_01049_2024,0,4.095945e-06,0
img_01041_2024,0,1.26577725e-05,0
img_01045_2024,0,1.332371e-05,0
img_01048_2024,0,0.00367734,0
img_01038_2024,0,7.073441e-07,0
img_01034_p01_2024,0,0.00014095807,0
img_01034_p02_2024,0,0.0006631292,0
img_01051_2024,0,0.0010491502,0
img_01054_2024,0,3.4075201e-06,0
img_01050_2024,0,0.00015901498,0
img_01052_2024,0,1.5234853e-06,0
img_01055_2024,0,5.357247e-07,0
img_01039_p01_2024,0,4.5334014e-05,0
img_01039_p02_2024,0,3.1457394e-06,0
img_01058_2024,0,0.013642462,0
img_01057_2024,0,1.068074e-05,0
img_01056_2024,0,0.00025122703,0
img_01044_2024,0,6.692164e-05,0
img_01062_2024,0,6.9845184e-05,0
img_01059_2024,0,0.0007561154,0
img_01010_p01_2024,0,8.136868e-06,0
img_01010_p02_2024,0,2.40429e-05,0
img_01010_p03_2024,0,2.8274899e-05,0
img_01065_2024,0,0.0006306854,0
img_01053_2024,0,1.6777392e-05,0
img_01064_2024,0,1.4532706e-05,0
img_01060_2024,0,0.004189811,0
img_01068_2024,0,0.006917232,0
img_01067_2024,0,3.6886315e-05,0
img_01061_2024,0,0.00017966412,0
img_01066_2024,0,0.00013933814,0
img_01076_2024,0,0.0036823978,0
img_01070_2024,0,0.00077058683,0
img_01072_2024,0,9.0982185e-06,0
img_01081_2024,0,8.210514e-06,0
img_01073_2024,0,0.009340819,0
img_01069_2024,0,4.472467e-06,0
img_01078_2024,0,0.00014621111,0
img_01074_2024,0,6.267066e-06,0
img_01071_2024,0,5.215657e-06,0
img_01019_p01_2024,0,0.00028895363,0
img_01019_p02_2024,0,0.0005619665,0
img_01019_p03_2024,0,2.8562032e-05,0
img_01019_p04_2024,0,0.0019078283,0
img_01083_2024,0,0.048007056,0
img_01080_2024,0,3.484665e-05,0
img_01077_2024,0,0.001041064,0
img_01082_2024,0,0.00087999395,0
img_01085_2024,0,7.2084214e-05,0
img_01090_2024,0,4.8997197e-05,0
img_01094_2024,0,2.1015987e-06,0
img_01089_2024,0,6.14071e-05,0
img_01088_2024,0,0.0003283801,0
img_01091_2024,0,0.0012372927,0
img_01084_2024,0,5.5733562e-05,0
img_01095_2024,0,2.572156e-05,0
img_01086_2024,0,8.954261e-05,0
img_01097_2024,0,3.0350388e-05,0
img_01099_2024,0,2.1801457e-05,0
img_01096_2024,0,3.277224e-06,0
img_01098_2024,0,0.00014881109,0
img_01092_2024,0,3.7633538e-07,0
img_01102_2024,0,3.143802e-05,0
img_01101_2024,0,6.9669906e-05,0
img_01106_2024,0,0.081398785,0
img_01107_2024,0,0.00012510503,0
img_01104_2024,0,0.0011890801,0
img_01087_p01_2024,0,5.6441268e-06,0
img_01087_p02_2024,0,4.316367e-06,0
img_01109_2024,0,6.4036913e-06,0
img_01100_2024,0,6.611131e-06,0
img_01075_p01_2024,0,4.1603405e-05,0
img_01075_p02_2024,0,1.95842e-05,0
img_01075_p03_2024,0,2.0511132e-05,0
img_01110_2024,0,0.00026824413,0
img_01093_2024,0,0.8909893,1
img_01111_2024,0,2.8700819e-05,0
img_01114_2024,0,4.977989e-07,0
img_01116_2024,0,0.00023915885,0
img_01115_2024,0,0.0014921557,0
img_01108_2024,0,0.0006162813,0
img_01113_2024,0,6.627348e-05,0
img_01119_2024,0,0.00014691267,0
img_01118_2024,0,4.5212822e-05,0
img_01120_2024,0,2.2801128e-06,0
img_01124_2024,0,5.7936923e-05,0
img_01123_2024,0,8.802548e-05,0
img_01121_2024,0,8.623058e-05,0
img_01127_2024,0,0.0023889793,0
img_01122_2024,0,2.4900983e-06,0
img_01130_2024,0,0.00014056159,0
img_01132_2024,0,0.9302805,1
img_01126_2024,0,0.00014014203,0
img_01128_2024,0,0.0015731953,0
img_01129_2024,0,5.5568093e-05,0
img_01131_2024,0,0.00024552114,0
img_01125_2024,0,3.4949767e-06,0
img_01135_2024,0,3.1849124e-06,0
img_01103_2024,0,3.4533368e-06,0
img_01138_2024,0,3.905212e-06,0
img_01141_2024,0,7.869194e-05,0
img_01140_2024,0,2.7091693e-05,0
img_01139_2024,0,0.013617838,0
img_01134_2024,0,1.6829586e-05,0
img_01145_2024,0,0.0024440272,0
img_01142_2024,0,7.768458e-05,0
img_01144_2024,0,0.034942217,0
img_01143_2024,0,0.0037533038,0
img_01146_2024,0,0.0004537308,0
img_01112_2024,0,8.215284e-06,0
img_01136_2024,0,0.0003010176,0
img_01150_2024,0,0.008573731,0
img_01151_2024,0,0.010112711,0
img_01154_2024,0,0.00028014794,0
img_01152_2024,0,2.2270784e-05,0
img_01149_2024,0,3.1334544e-05,0
img_01079_p01_2024,0,5.3212163e-05,0
img_01079_p02_2024,0,0.00017401723,0
img_01117_2024,0,6.028978e-05,0
img_01133_p01_2024,0,0.0005462918,0
img_01133_p02_2024,0,0.00043191528,0
img_01156_2024,0,0.006351597,0
img_01155_2024,0,1.2661455e-05,0
img_01157_2024,0,4.322355e-05,0
img_01063_p01_2024,0,0.00073644426,0
img_01063_p02_2024,0,0.009153477,0
img_01063_p03_2024,0,0.00042476898,0
img_01063_p04_2024,0,0.00043468247,0
img_01063_p05_2024,0,0.0025403425,0
img_01063_p06_2024,0,0.00014299074,0
img_01159_2024,0,0.0015846293,0
img_01153_2024,0,2.7833179e-05,0
img_01158_2024,0,1.34075035e-05,0
img_01148_2024,0,1.7318327e-05,0
img_01161_2024,0,0.024617381,0
img_01165_2024,0,0.0009536335,0
img_00651_p01_2024,1,0.19674838,1
img_00651_p02_2024,1,0.9606752,1
img_00651_p03_2024,1,0.9927753,1
img_00651_p04_2024,1,0.9609414,1
img_00651_p05_2024,1,0.042281523,0
img_00651_p06_2024,1,0.014996134,0
img_00651_p07_2024,1,0.0018023049,0
img_00651_p08_2024,1,0.0027682933,0
img_00651_p09_2024,1,0.99854183,1
img_00651_p10_2024,1,0.9986002,1
img_00651_p11_2024,1,0.8869124,1
img_00651_p12_2024,1,0.009439281,0
img_00651_p13_2024,1,0.012579405,0
img_00651_p14_2024,1,0.99970067,1
img_00651_p15_2024,1,0.99930894,1
img_00651_p16_2024,1,0.20725922,1
img_00651_p17_2024,1,0.99133366,1
img_00651_p18_2024,1,0.00035553434,0
img_01164_2024,0,1.3034572e-05,0
img_01166_2024,0,4.8659193e-05,0
img_01167_2024,0,2.600381e-05,0
img_01162_2024,0,1.276693e-05,0
img_01137_p01_2024,0,2.3418318e-06,0
img_01137_p02_2024,0,4.4403037e-06,0
img_01168_2024,0,1.2618578e-05,0
img_01163_2024,0,1.5033433e-05,0
img_01105_2024,0,8.6585405e-06,0
img_01171_2024,0,0.0011259597,0
img_01169_2024,0,0.0003389562,0
img_01174_2024,0,1.5556383e-05,0
img_01173_2024,0,0.009664154,0
img_01170_2024,0,1.376256e-06,0
img_01172_2024,0,7.36237e-05,0
img_01147_p01_2024,0,0.0023338422,0
img_01147_p02_2024,0,2.3984068e-05,0
img_01176_2024,0,0.014124578,0
img_01179_2024,0,0.0009608443,0
img_01178_2024,0,2.1551106e-05,0
img_01175_2024,0,4.847991e-06,0
img_01184_2024,0,0.0002707808,0
img_01181_2024,0,9.36151e-06,0
img_01183_2024,0,8.163399e-05,0
img_01185_2024,0,1.5987203e-05,0
img_01186_2024,0,9.612863e-05,0
img_01187_2024,0,0.0001961716,0
img_01177_2024,0,0.008552785,0
img_01188_2024,0,0.00012455891,0
img_01182_2024,0,4.158179e-05,0
img_01180_2024,0,0.0016612745,0
img_01160_2024,0,6.2879594e-06,0
img_01190_2024,0,0.00010833647,0
img_01189_2024,0,0.00040065157,0
img_01197_2024,0,3.7883652e-05,0
img_01196_2024,0,1.4963006e-05,0
img_01193_2024,0,0.00013847997,0
img_01191_2024,0,4.371627e-05,0
img_01202_2024,0,0.002415767,0
img_01195_2024,0,0.00011351406,0
img_01198_2024,0,0.0005493805,0
img_01203_2024,0,8.141254e-06,0
img_01201_2024,0,8.368021e-06,0
img_01200_2024,0,0.000611516,0
img_01199_2024,0,5.6937506e-06,0
img_01194_2024,0,5.9423266e-05,0
img_01204_2024,0,4.5727305e-05,0
img_01192_2024,0,0.0039708004,0
img_01206_2024,0,0.00018118144,0
img_01209_2024,0,0.000562333,0
img_01210_2024,0,6.420507e-05,0
img_01208_2024,0,2.1461092e-05,0
img_01207_2024,0,7.093074e-05,0
img_01213_2024,0,1.3990109e-05,0
img_01212_2024,0,0.0002903053,0
img_01217_2024,0,3.999273e-05,0
img_01211_2024,0,7.9493075e-05,0
img_01214_2024,0,5.3228e-05,0
img_01216_2024,0,6.227724e-05,0
img_01218_2024,0,6.4515014e-05,0
img_01223_2024,0,0.00010673264,0
img_01224_2024,0,6.067061e-05,0
img_01220_2024,0,0.0008834919,0
img_01215_2024,0,2.0648475e-05,0
img_01222_2024,0,5.528688e-06,0
img_01225_2024,0,1.2232216e-05,0
img_01226_2024,0,0.00018935958,0
img_01219_2024,0,0.00015093338,0
img_01227_2024,0,7.158054e-05,0
img_01228_2024,0,0.00025214467,0
img_01205_p01_2024,0,1.672179e-05,0
img_01205_p02_2024,0,8.218026e-05,0
img_01229_2024,0,4.0793307e-06,0
img_01231_2024,0,9.036685e-06,0
img_01230_2024,0,0.00031142888,0
img_01233_2024,0,0.009066018,0
img_01232_2024,0,1.2322806e-06,0
img_01234_2024,0,1.793026e-05,0
img_01236_2024,0,1.7221383e-06,0
img_01235_2024,0,0.0117297005,0
img_01237_2024,0,0.00014009874,0
img_01238_2024,0,3.8843034e-05,0
img_01240_2024,0,3.1009335e-05,0
img_01245_2024,0,7.1714535e-06,0
img_01243_2024,0,0.8593886,1
img_01239_2024,0,2.1111535e-05,0
img_01241_2024,0,1.7266264e-05,0
img_01246_2024,0,4.8779526e-05,0
img_01244_2024,0,1.7754953e-06,0
img_01248_2024,0,1.2256539e-06,0
img_01247_2024,0,7.4197305e-06,0
img_01250_2024,0,6.6179878e-06,0
img_01252_2024,0,8.623518e-06,0
img_01251_2024,0,6.3401417e-06,0
img_01242_2024,0,1.8081713e-05,0
img_01249_2024,0,2.1271857e-05,0
img_01253_2024,0,3.411072e-05,0
img_01258_2024,0,8.703224e-05,0
img_01255_2024,0,0.00028443497,0
img_01259_2024,0,0.001579934,0
img_01254_2024,0,6.712301e-06,0
img_01256_2024,0,5.9768405e-05,0
img_01261_2024,0,7.949524e-06,0
img_01263_2024,0,1.55288e-05,0
img_01265_2024,0,0.62770873,1
img_01266_2024,0,0.0077646566,0
img_01262_2024,0,1.6651611e-05,0
img_01269_2024,0,6.6163534e-06,0
img_01271_2024,0,0.0020341887,0
img_01273_2024,0,6.190191e-06,0
img_01274_2024,0,7.3836665e-05,0
img_01270_2024,0,0.0019728718,0
img_01275_2024,0,0.030969353,0
img_01272_2024,0,6.86081e-05,0
img_01260_2024,0,1.740278e-05,0
img_01264_2024,0,1.7200247e-05,0
img_01268_2024,0,1.3260481e-05,0
img_01277_2024,0,0.0002105704,0
img_01281_2024,0,5.9734502e-05,0
img_01276_2024,0,4.7753772e-05,0
img_01284_2024,0,0.03133241,0
img_01280_2024,0,2.375172e-05,0
img_01282_2024,0,0.004594328,0
img_01285_2024,0,4.348605e-05,0
img_01267_2024,0,0.0001000808,0
img_01278_2024,0,0.00037358064,0
img_01286_2024,0,2.726309e-06,0
img_01289_2024,0,9.8331206e-05,0
img_01279_2024,0,2.612491e-05,0
img_01292_2024,0,0.010725454,0
img_01291_2024,0,0.00013313153,0
img_01293_2024,0,3.777708e-05,0
img_01290_2024,0,0.0010123479,0
img_01287_2024,0,0.0055615483,0
img_01297_2024,0,0.036958475,0
img_01299_2024,0,0.0029527603,0
img_01294_2024,0,8.682454e-06,0
img_01298_2024,0,0.00217514,0
img_01300_2024,0,5.30934e-05,0
img_01288_2024,0,0.00014041342,0
img_01296_2024,0,3.4451165e-05,0
img_01304_2024,0,0.018783873,0
img_01301_2024,0,0.0008116095,0
img_01303_2024,0,2.806292e-05,0
img_01302_2024,0,0.0069948467,0
img_01305_2024,0,0.00014263844,0
img_01309_2024,0,9.513865e-06,0
img_01307_2024,0,3.667971e-05,0
img_01306_2024,0,0.00016844735,0
img_01311_2024,0,0.00021758839,0
img_01310_2024,0,1.5210741e-05,0
img_01316_2024,0,7.154696e-05,0
img_01283_2024,0,1.9590289e-05,0
img_01315_2024,0,1.6178492e-05,0
img_01295_p01_2024,0,3.4748264e-06,0
img_01295_p02_2024,0,6.4065434e-06,0
img_01321_2024,0,0.0001569653,0
img_01323_2024,0,0.002685614,0
img_01317_2024,0,0.14361884,0
img_01312_2024,0,0.0026323525,0
img_01322_2024,0,5.429682e-05,0
img_01319_2024,0,1.0350661e-05,0
img_01313_2024,0,2.42898e-06,0
img_01324_2024,0,0.000101419755,0
img_01320_2024,0,1.6258049e-06,0
img_01318_2024,0,0.00023550018,0
img_01327_2024,0,0.0024477048,0
img_01314_2024,0,6.7660235e-06,0
img_01325_2024,0,1.5300506e-06,0
img_01331_2024,0,0.001200117,0
img_01328_2024,0,8.009595e-06,0
img_01334_2024,0,0.0012278056,0
img_01330_2024,0,1.5897183e-05,0
img_01336_2024,0,5.2603893e-05,0
img_01335_2024,0,0.000111803194,0
img_01329_2024,0,1.7683438e-05,0
img_01333_2024,0,2.427769e-06,0
img_01326_2024,0,4.8920258e-05,0
img_01308_p01_2024,0,0.0004493846,0
img_01308_p02_2024,0,8.050259e-06,0
img_01332_2024,0,1.3990892e-06,0
img_01338_2024,0,0.009980818,0
img_01340_2024,0,6.552522e-05,0
img_01339_2024,0,1.3348866e-05,0
img_01337_2024,0,0.00020854,0
img_01341_2024,0,0.018828483,0
img_01350_2024,0,0.00020362201,0
img_01348_2024,0,0.001683388,0
img_01346_2024,0,0.20226972,1
img_01342_2024,0,4.4322514e-05,0
img_01343_2024,0,2.8244635e-06,0
img_01349_2024,0,4.993698e-06,0
img_01345_2024,0,0.0007706214,0
img_01352_2024,0,4.6088785e-06,0
img_01353_2024,0,3.755603e-05,0
img_01354_2024,0,0.03410381,0
img_01357_2024,0,0.00014396964,0
img_01356_2024,0,0.0027394826,0
img_01351_2024,0,0.013660959,0
img_01347_2024,0,0.00013617118,0
img_01361_2024,0,0.0014145707,0
img_01363_2024,0,0.00018758373,0
img_01362_2024,0,0.00014157163,0
img_01359_2024,0,0.000372019,0
img_01364_2024,0,9.215311e-06,0
img_01360_2024,0,1.3045067e-05,0
img_01366_2024,0,1.8915982e-05,0
img_01365_2024,0,0.00044435114,0
img_01367_2024,0,0.00025410962,0
img_01358_2024,0,0.006577986,0
img_01355_2024,0,5.7410365e-05,0
img_01375_2024,0,0.00031217505,0
img_01370_2024,0,0.00013977608,0
img_01344_p01_2024,0,1.5414656e-05,0
img_01344_p02_2024,0,5.69381e-06,0
img_01368_2024,0,0.0032020237,0
img_01374_2024,0,5.0829494e-05,0
img_01376_2024,0,0.00016488784,0
img_01380_2024,0,0.00032435174,0
img_01371_2024,0,7.3902193e-06,0
img_01379_2024,0,5.4464267e-06,0
img_01377_2024,0,2.8720356e-06,0
img_01382_2024,0,0.0002139367,0
img_01257_p01_2024,0,3.0112255e-05,0
img_01257_p02_2024,0,2.351478e-05,0
img_01257_p03_2024,0,0.0013290073,0
img_01257_p04_2024,0,0.0015130767,0
img_01257_p05_2024,0,0.00087043707,0
img_01257_p06_2024,0,0.00027010113,0
img_01369_2024,0,3.7047191e-06,0
img_01384_2024,0,2.4011553e-05,0
img_01387_2024,0,3.2960663e-05,0
img_01381_2024,0,0.00014112012,0
img_01386_2024,0,6.908598e-05,0
img_01383_2024,0,6.914603e-05,0
img_01385_2024,0,4.5403076e-06,0
img_01388_2024,0,0.00048877246,0
img_01389_2024,0,0.00037150725,0
img_01392_2024,0,1.3450061e-06,0
img_01393_2024,0,2.4850004e-05,0
img_01378_2024,0,9.723905e-06,0
img_01395_2024,0,0.004279911,0
img_01394_2024,0,0.00037034653,0
img_01397_2024,0,0.0007665609,0
img_01390_2024,0,6.534926e-06,0
img_01391_2024,0,0.00010247618,0
img_01402_2024,0,0.0008695091,0
img_01399_2024,0,0.000641233,0
img_01401_2024,0,6.8468953e-06,0
img_01403_2024,0,0.007916836,0
img_01409_2024,0,0.01432105,0
img_01406_2024,0,7.5564585e-06,0
img_01404_2024,0,0.088797875,0
img_01398_2024,0,8.337328e-05,0
img_01408_2024,0,1.3751376e-05,0
img_01407_2024,0,7.710736e-06,0
img_01400_2024,0,0.00024139845,0
img_01411_2024,0,1.0218606e-05,0
img_01412_2024,0,7.660502e-05,0
img_01410_2024,0,3.874958e-06,0
img_01415_2024,0,0.00015553902,0
img_01417_2024,0,1.2273337e-06,0
img_01414_2024,0,0.0053491183,0
img_01419_2024,0,3.3737556e-06,0
img_01373_p01_2024,0,1.3084949e-05,0
img_01373_p02_2024,0,3.1030745e-06,0
img_01418_2024,0,4.143497e-05,0
img_01422_2024,0,1.930774e-05,0
img_01421_2024,0,1.2847615e-05,0
img_01416_2024,0,0.00028946484,0
img_01424_2024,0,0.0006237149,0
img_01420_2024,0,0.025069717,0
img_01426_2024,0,0.0018727455,0
img_01423_2024,0,0.00038638062,0
img_01396_p01_2024,0,1.763243e-05,0
img_01396_p02_2024,0,2.5673064e-05,0
img_01432_2024,0,0.0009146093,0
img_01437_2024,0,2.8246302e-05,0
img_01433_2024,0,4.9023278e-05,0
img_01436_2024,0,7.646824e-05,0
img_01434_2024,0,0.00012394445,0
img_01435_2024,0,3.1629207e-07,0
img_01413_p01_2024,0,5.1362458e-05,0
img_01413_p02_2024,0,0.009862784,0
img_01438_2024,0,0.00043622128,0
img_01431_2024,0,2.694688e-06,0
img_01440_2024,0,0.0016051342,0
img_01430_2024,0,0.00034505414,0
img_01443_2024,0,0.00011455522,0
img_01444_2024,0,1.6596632e-05,0
img_01445_2024,0,0.005446921,0
img_01446_2024,0,1.547537e-05,0
img_01441_2024,0,0.0654523,0
img_01372_p01_2024,0,2.1231628e-05,0
img_01372_p02_2024,0,2.2287464e-05,0
img_01372_p03_2024,0,1.264156e-05,0
img_01372_p04_2024,0,5.5253404e-06,0
img_01449_2024,0,0.0043138587,0
img_01448_2024,0,4.479349e-05,0
img_01450_2024,0,0.26201987,1
img_01453_2024,0,0.0015414783,0
img_01442_2024,0,1.4122806e-05,0
img_01452_2024,0,0.004219361,0
img_01447_2024,0,0.0011034387,0
img_01451_2024,0,4.3306485e-05,0
img_01456_2024,0,0.6158165,1
img_01455_2024,0,1.6155782e-05,0
img_01425_p01_2024,0,0.00019416353,0
img_01425_p02_2024,0,9.546087e-05,0
img_01461_2024,0,0.013090379,0
img_01462_2024,0,0.0010300595,0
img_01466_2024,0,1.464096e-05,0
img_01458_2024,0,1.8483686e-06,0
img_01463_2024,0,0.1804731,1
img_01460_2024,0,1.8515744e-05,0
img_01457_2024,0,3.553388e-05,0
img_01465_2024,0,1.766808e-05,0
img_01469_2024,0,0.014603484,0
img_01405_p01_2024,0,0.00012295858,0
img_01405_p02_2024,0,5.464115e-06,0
img_01405_p03_2024,0,3.99856e-05,0
img_01405_p04_2024,0,6.012208e-05,0
img_01467_2024,0,6.8398276e-06,0
img_01221_p01_2024,0,3.462864e-05,0
img_01221_p02_2024,0,4.3403146e-05,0
img_01221_p03_2024,0,5.8791127e-05,0
img_01221_p04_2024,0,1.0478178e-06,0
img_01221_p05_2024,0,0.007690078,0
img_01221_p06_2024,0,1.0179177e-05,0
img_01221_p07_2024,0,0.00056524284,0
img_01221_p08_2024,0,1.2836758e-06,0
img_01221_p09_2024,0,1.03194e-06,0
img_01221_p10_2024,0,2.7948267e-05,0
img_01221_p11_2024,0,5.4098204e-05,0
img_01221_p12_2024,0,1.8969436e-05,0
img_01221_p13_2024,0,0.00014105636,0
img_01470_2024,0,1.4668618e-05,0
img_01427_p01_2024,0,7.1502625e-05,0
img_01427_p02_2024,0,7.7207515e-06,0
img_01427_p03_2024,0,2.1673617e-05,0
img_01427_p04_2024,0,5.5917495e-05,0
img_01468_2024,0,5.4100856e-06,0
img_01472_2024,0,0.00013279427,0
img_01471_2024,0,0.00025000173,0
img_01473_2024,0,0.00019078734,0
img_01477_2024,0,1.5458245e-05,0
img_01476_2024,0,5.2867766e-05,0
img_01478_2024,0,0.03434662,0
img_01479_2024,0,0.7187082,1
img_01464_2024,0,3.1374642e-05,0
img_01481_2024,0,2.175311e-05,0
img_01439_p01_2024,0,2.2965889e-05,0
img_01439_p02_2024,0,2.8198718e-05,0
img_01439_p03_2024,0,6.7364585e-05,0
img_01439_p04_2024,0,5.4350337e-05,0
img_01480_2024,0,0.00010543771,0
img_01484_2024,0,0.0003290636,0
img_01483_2024,0,0.08427257,0
img_01474_2024,0,3.838041e-07,0
img_01482_2024,0,3.2715587e-05,0
img_01485_2024,0,1.5265936e-05,0
img_01486_2024,0,0.00066650246,0
img_01487_2024,0,3.363017e-06,0
img_01489_2024,0,2.1345024e-06,0
img_01488_2024,0,0.0005086176,0
img_01491_2024,0,4.5225413e-05,0
img_01490_2024,0,7.213655e-05,0
img_01492_2024,0,1.0137548e-05,0
img_01493_2024,0,1.5239679e-05,0
img_01494_2024,0,0.0012020499,0
img_01495_2024,0,0.000514017,0
img_01496_2024,0,5.439197e-05,0
img_01497_2024,0,1.2122566e-05,0
img_01498_2024,0,0.00045463955,0
img_01499_2024,0,4.5431316e-06,0
img_01500_2024,0,4.9186374e-06,0
img_01502_2024,0,0.00049047713,0
img_01505_2024,0,0.0035201134,0
img_01506_2024,0,0.010800155,0
img_01503_2024,0,0.00014604433,0
img_01509_2024,0,3.711585e-05,0
img_01508_2024,0,1.0107208e-05,0
img_01454_p01_2024,0,3.5407607e-05,0
img_01454_p02_2024,0,6.200536e-06,0
img_01454_p03_2024,0,4.4190878e-05,0
img_01454_p04_2024,0,1.033147e-05,0
img_01510_2024,0,7.589282e-06,0
img_01501_2024,0,3.147168e-06,0
img_01512_2024,0,0.07408527,0
img_01511_2024,0,5.539012e-05,0
img_01428_p01_2024,0,0.0010298863,0
img_01428_p02_2024,0,0.0022365085,0
img_01428_p03_2024,0,0.0005930487,0
img_01428_p04_2024,0,0.00011800683,0
img_01428_p05_2024,0,0.00017043199,0
img_01515_2024,0,0.00011685804,0
img_01514_2024,0,0.00011995012,0
img_01513_2024,0,3.877797e-05,0
img_01517_2024,0,1.9818506e-05,0
img_01507_2024,0,2.9681403e-05,0
img_01516_2024,0,7.4758915e-05,0
img_01504_p01_2024,0,0.0007893701,0
img_01504_p02_2024,0,0.00031663547,0
img_01524_2024,0,1.1543515e-05,0
img_01519_2024,0,0.0001288908,0
img_01523_2024,0,2.612566e-05,0
img_01520_2024,0,5.1547748e-05,0
img_01525_2024,0,1.2096373e-05,0
img_01518_2024,0,1.3594619e-05,0
img_01521_2024,0,0.002917758,0
img_01530_2024,0,1.1613288e-05,0
img_01527_2024,0,2.9431674e-05,0
img_01526_2024,0,5.2977786e-05,0
img_01531_2024,0,0.017911876,0
img_01533_2024,0,0.00092873786,0
img_01532_2024,0,1.1068913e-05,0
img_01529_2024,0,0.0017054189,0
img_01528_2024,0,1.562627e-06,0
img_01537_2024,0,0.00011836983,0
img_01538_2024,0,0.00089824916,0
img_01536_2024,0,0.0005703733,0
img_01535_2024,0,0.0002416711,0
img_01539_2024,0,0.00010896194,0
img_01540_2024,0,3.0010365e-06,0
img_01541_2024,0,6.837369e-05,0
img_01544_2024,0,4.175675e-05,0
img_01543_2024,0,0.06369713,0
img_01542_2024,0,7.4871285e-05,0
img_01546_2024,0,0.005332787,0
img_01548_2024,0,0.0023790991,0
img_01549_2024,0,1.4637752e-06,0
img_01555_2024,0,0.00030946423,0
img_01553_2024,0,0.0016203831,0
img_01552_2024,0,9.2550954e-07,0
img_01551_2024,0,0.00019756593,0
img_01554_2024,0,8.471308e-05,0
img_01556_2024,0,2.076447e-06,0
img_01545_2024,0,2.03282e-05,0
img_01534_p01_2024,0,5.489906e-05,0
img_01534_p02_2024,0,0.00034875565,0
img_01550_2024,0,9.653627e-06,0
img_01559_2024,0,0.00014075042,0
img_01561_2024,0,0.00029862733,0
img_01558_2024,0,6.1866617e-06,0
img_01557_2024,0,2.558954e-05,0
img_01562_2024,0,1.6964742e-06,0
img_01564_2024,0,6.3989115e-05,0
img_01560_2024,0,0.00262045,0
img_01563_2024,0,1.468949e-05,0
img_01569_2024,0,9.2442635e-05,0
img_01568_2024,0,0.0022867282,0
img_01566_2024,0,0.0004005034,0
img_01567_2024,0,0.0049529634,0
img_01572_2024,0,1.8878316e-05,0
img_01570_2024,0,1.6921222e-05,0
img_01547_p01_2024,0,0.00024481496,0
img_01547_p02_2024,0,3.335462e-05,0
img_01574_2024,0,7.6678545e-05,0
img_01571_2024,0,5.961107e-05,0
img_01576_2024,0,2.9598048e-05,0
img_01579_2024,0,0.00041817015,0
img_01577_2024,0,5.828957e-06,0
img_01565_2024,0,0.00018854362,0
img_01522_p01_2024,0,0.00019595663,0
img_01522_p02_2024,0,0.0002095116,0
img_01522_p03_2024,0,5.82507e-05,0
img_01522_p04_2024,0,3.5254066e-05,0
img_01580_2024,0,2.2011622e-05,0
img_01578_2024,0,9.041805e-06,0
img_01582_2024,0,0.00066375994,0
img_01586_2024,0,4.560189e-05,0
img_01584_2024,0,0.008946707,0
img_01587_2024,0,0.000578154,0
img_01583_2024,0,5.592165e-07,0
img_01585_2024,0,2.5341975e-05,0
img_01588_2024,0,4.341515e-05,0
img_01589_2024,0,8.231195e-06,0
img_01597_2024,0,2.5464085e-06,0
img_01595_2024,0,1.308097e-05,0
img_01591_2024,0,5.1865685e-05,0
img_01594_2024,0,7.521449e-05,0
img_01596_2024,0,1.1856316e-05,0
img_01581_2024,0,0.00013254506,0
img_01592_2024,0,3.5033074e-05,0
img_01598_2024,0,0.00046245125,0
img_01603_2024,0,0.0002415352,0
img_01599_2024,0,8.0437885e-06,0
img_01602_2024,0,4.2646694e-05,0
img_01475_p01_2024,0,2.3632289e-05,0
img_01475_p02_2024,0,9.200047e-05,0
img_01475_p03_2024,0,0.0014806645,0
img_01475_p04_2024,0,0.005367324,0
img_01475_p05_2024,0,0.06721465,0
img_01475_p06_2024,0,0.0013021313,0
img_01475_p07_2024,0,6.9308895e-05,0
img_01605_2024,0,0.0010108583,0
img_01600_2024,0,3.8394974e-06,0
img_01606_2024,0,2.3843517e-05,0
img_01601_2024,0,9.25116e-05,0
img_01614_2024,0,0.0012910222,0
img_01615_2024,0,2.922638e-05,0
img_01610_2024,0,1.3289434e-06,0
img_01616_2024,0,0.14393586,0
img_01609_2024,0,9.064512e-06,0
img_01618_2024,0,0.00024571104,0
img_01617_2024,0,0.9114832,1
img_01613_2024,0,9.148709e-06,0
img_01604_2024,0,0.00081508205,0
img_01612_2024,0,1.14332e-05,0
img_01620_2024,0,0.0001387271,0
img_01621_2024,0,0.0002698203,0
img_01622_2024,0,0.00024956517,0
img_01619_2024,0,0.014411992,0
img_01623_2024,0,1.4520531e-06,0
img_01624_2024,0,7.9914294e-05,0
img_01625_2024,0,0.0009740684,0
img_01628_2024,0,0.00028995954,0
img_01607_2024,0,1.4399248e-05,0
img_01629_2024,0,0.0021684368,0
img_01573_p01_2024,0,4.8164424e-07,0
img_01573_p02_2024,0,1.6664972e-05,0
img_01573_p03_2024,0,0.011715255,0
img_01573_p04_2024,0,4.440062e-06,0
img_01631_2024,0,0.0006398259,0
img_01611_2024,0,0.0001520803,0
img_01633_2024,0,0.00015843411,0
img_01635_2024,0,0.00012784253,0
img_01630_2024,0,0.02091508,0
img_01608_p01_2024,0,0.0021294947,0
img_01608_p02_2024,0,0.003725645,0
img_01627_2024,0,9.4499555e-05,0
img_01639_2024,0,0.02748435,0
img_01626_2024,0,1.4919817e-05,0
img_01637_2024,0,0.0013494792,0
img_01642_2024,0,0.00042134972,0
img_01636_2024,0,1.14818995e-05,0
img_01638_2024,0,5.1681825e-05,0
img_01632_2024,0,0.00029496892,0
img_01643_2024,0,0.00026519262,0
img_01641_2024,0,0.008216945,0
img_01646_2024,0,8.60565e-06,0
img_01648_2024,0,3.394985e-05,0
img_01647_2024,0,0.00089577783,0
img_01644_2024,0,0.0008845203,0
img_01645_2024,0,2.1901107e-05,0
img_01593_p01_2024,0,3.1857766e-05,0
img_01593_p02_2024,0,1.4637693e-05,0
img_01593_p03_2024,0,5.053743e-06,0
img_01590_p01_2024,0,0.00023180795,0
img_01590_p02_2024,0,0.0006401864,0
img_01590_p03_2024,0,7.4579966e-06,0
img_01590_p04_2024,0,0.000472998,0
img_01590_p05_2024,0,0.0057077142,0
img_01640_2024,0,4.002371e-05,0
img_01649_2024,0,0.0040214355,0
img_01650_2024,0,0.0016158597,0
img_01654_2024,0,5.116919e-06,0
img_01651_2024,0,1.7174136e-05,0
img_01653_2024,0,0.0014487478,0
img_01652_2024,0,1.2128046e-05,0
img_01655_2024,0,1.0772644e-05,0
img_01656_2024,0,9.831135e-06,0
img_01658_2024,0,0.00025999625,0
img_01659_2024,0,0.0003570038,0
img_01662_2024,0,0.04914048,0
img_01634_p01_2024,0,1.1669732e-05,0
img_01634_p02_2024,0,8.023288e-06,0
img_01657_2024,0,0.0010897793,0
img_01664_2024,0,0.0014658364,0
img_01663_2024,0,0.0002817809,0
img_01665_2024,0,9.894492e-06,0
img_01667_2024,0,0.00041327413,0
img_01666_2024,0,9.761497e-06,0
img_01671_2024,0,4.2538395e-06,0
img_01672_2024,0,6.5522427e-06,0
img_01673_2024,0,0.02689028,0
img_01668_2024,0,2.733361e-05,0
img_01669_2024,0,0.021187665,0
img_01674_2024,0,3.6007797e-05,0
img_01678_2024,0,7.80624e-05,0
img_01677_2024,0,0.96618026,1
img_01670_2024,0,0.0016085192,0
img_01679_2024,0,0.0010620782,0
img_01676_2024,0,0.001960325,0
img_01682_2024,0,1.2672895e-05,0
img_01675_2024,0,0.00029613776,0
img_01681_2024,0,8.8835935e-05,0
img_01661_p01_2024,0,0.0001044803,0
img_01661_p02_2024,0,1.671908e-05,0
img_01680_2024,0,2.22886e-06,0
img_01684_2024,0,8.4044495e-06,0
img_01685_2024,0,0.00019819119,0
img_01683_2024,0,0.11517921,0
img_01660_p01_2024,0,1.7066966e-05,0
img_01660_p02_2024,0,4.032999e-05,0
img_01689_2024,0,1.7998807e-05,0
img_01688_2024,0,1.648407e-06,0
img_01687_2024,0,2.4626781e-05,0
img_01691_2024,0,1.0955327e-05,0
img_01690_2024,0,0.00030179144,0
img_01692_2024,0,0.00014057633,0
img_01694_2024,0,3.31882e-05,0
img_01696_2024,0,3.0289986e-05,0
img_01695_2024,0,0.00033263184,0
img_01703_2024,0,4.7621e-06,0
img_01697_2024,0,1.4213821e-05,0
img_01701_2024,0,9.222859e-05,0
img_01699_2024,0,3.524421e-06,0
img_01700_2024,0,1.6459706e-05,0
img_01704_2024,0,6.9679605e-05,0
img_01705_2024,0,0.00012893604,0
img_01706_2024,0,9.818589e-06,0
img_01707_2024,0,0.00018947951,0
img_01709_2024,0,0.0011219142,0
img_01712_2024,0,0.00022085175,0
img_01714_2024,0,3.3097298e-05,0
img_01715_2024,0,0.0013142294,0
img_01711_2024,0,0.00060368923,0
img_01708_2024,0,2.7897699e-05,0
img_01710_2024,0,6.401426e-05,0
img_01720_2024,0,6.0520717e-05,0
img_01713_2024,0,5.1485647e-05,0
img_01722_2024,0,1.1706315e-05,0
img_01721_2024,0,3.402193e-05,0
img_01716_2024,0,9.767597e-06,0
img_01726_2024,0,3.6929996e-05,0
img_01729_2024,0,0.00989116,0
img_01724_2024,0,0.0010538042,0
img_01725_2024,0,2.1877142e-05,0
img_01730_2024,0,3.1151008e-06,0
img_01731_2024,0,0.00010523571,0
img_01727_2024,0,6.87349e-06,0
img_01732_2024,0,0.00056599785,0
img_01728_2024,0,1.1252983e-05,0
img_01718_2024,0,0.00023464154,0
img_01733_2024,0,1.2904677e-05,0
img_01698_p01_2024,0,6.512349e-05,0
img_01698_p02_2024,0,6.1463606e-06,0
img_01735_2024,0,4.635931e-05,0
img_01734_2024,0,0.0010601736,0
img_01737_2024,0,9.898862e-06,0
img_01738_2024,0,0.056478433,0
img_01693_p01_2024,0,0.00084481185,0
img_01693_p02_2024,0,0.00018045111,0
img_01693_p03_2024,0,0.0003343812,0
img_01723_2024,0,0.00052458636,0
img_01741_2024,0,0.001716863,0
img_01740_2024,0,8.294181e-05,0
img_01743_2024,0,0.005645141,0
img_01744_2024,0,3.148675e-06,0
img_01739_2024,0,1.22447855e-05,0
img_01746_2024,0,0.00096999685,0
img_01429_p01_2024,0,1.2416859e-05,0
img_01429_p02_2024,0,1.1473602e-05,0
img_01429_p03_2024,0,0.00096934324,0
img_01429_p04_2024,0,0.021527478,0
img_01429_p05_2024,0,0.006585356,0
img_01429_p06_2024,0,1.2731562e-05,0
img_01429_p07_2024,0,1.3889953e-05,0
img_01429_p08_2024,0,0.0012513949,0
img_01429_p09_2024,0,3.2803124e-05,0
img_01429_p10_2024,0,7.0388254e-05,0
img_01429_p11_2024,0,2.41731e-06,0
img_01429_p12_2024,0,1.9788745e-06,0
img_01429_p14_2024,0,6.142625e-05,0
img_01429_p15_2024,0,0.000116602925,0
img_01429_p16_2024,0,9.5601e-07,0
img_01429_p17_2024,0,1.2916936e-06,0
img_01429_p18_2024,0,9.461649e-06,0
img_01429_p19_2024,0,8.031977e-07,0
img_01742_2024,0,2.6674126e-05,0
img_01745_2024,0,5.9272065e-06,0
img_01736_2024,0,6.484705e-07,0
img_01749_2024,0,0.0009040323,0
img_01748_2024,0,3.258075e-06,0
img_01747_2024,0,0.00031519373,0
img_01719_2024,0,2.6981676e-05,0
img_01751_2024,0,0.00128727,0
img_01753_2024,0,3.4501436e-06,0
img_01750_2024,0,0.00025210716,0
img_01755_2024,0,0.0012115384,0
img_01752_2024,0,0.0007216198,0
img_01756_2024,0,9.262071e-07,0
img_01717_2024,0,0.009860675,0
img_01762_2024,0,5.323622e-05,0
img_01760_2024,0,2.4809277e-05,0
img_01759_2024,0,0.00038770447,0
img_01754_2024,0,2.6793846e-06,0
img_01758_2024,0,4.113187e-05,0
img_01765_2024,0,7.568323e-06,0
img_01764_2024,0,7.0766364e-05,0
img_01763_2024,0,0.00027095177,0
img_01767_2024,0,0.06697635,0
img_01769_2024,0,1.2046754e-06,0
img_01766_2024,0,0.00013133188,0
img_01771_2024,0,1.251668e-05,0
img_01770_2024,0,0.39811945,1
img_01761_2024,0,9.598913e-06,0
img_01768_2024,0,3.928577e-06,0
img_01702_p01_2024,0,0.0026823233,0
img_01702_p02_2024,0,0.00014943989,0
img_01702_p03_2024,0,0.00017087065,0
img_01702_p04_2024,0,6.3806925e-05,0
img_01702_p05_2024,0,0.0013758896,0
img_01774_2024,0,5.662307e-05,0
img_01773_2024,0,1.4532955e-05,0
img_01775_2024,0,3.864942e-05,0
img_01776_2024,0,9.553087e-06,0
img_01778_2024,0,0.00011698246,0
img_01757_p01_2024,0,1.0885073e-05,0
img_01757_p02_2024,0,2.0829699e-05,0
img_01777_2024,0,4.1887128e-05,0
img_01781_2024,0,7.196089e-06,0
img_01784_2024,0,0.53343475,1
img_01779_2024,0,0.00012479264,0
img_01780_2024,0,7.2438875e-06,0
img_01782_2024,0,6.421438e-06,0
img_01772_2024,0,5.843709e-05,0
img_01783_2024,0,0.00023805755,0
img_01575_p01_2024,0,8.392663e-05,0
img_01575_p02_2024,0,6.3089165e-06,0
img_01575_p03_2024,0,0.0005851224,0
img_01575_p04_2024,0,4.246187e-06,0
img_01575_p05_2024,0,3.2077784e-05,0
img_01575_p06_2024,0,5.6901463e-06,0
img_01575_p07_2024,0,3.9883885e-06,0
img_01575_p08_2024,0,7.076766e-06,0
img_01575_p09_2024,0,4.742974e-06,0
img_01575_p10_2024,0,2.4166202e-05,0
img_01575_p11_2024,0,4.1316474e-07,0
img_01575_p12_2024,0,2.5637112e-06,0
img_01785_2024,0,4.3859e-05,0
img_01792_2024,0,7.714752e-06,0
img_01789_2024,0,2.0475289e-05,0
img_01790_2024,0,0.00013217387,0
img_01791_2024,0,0.0069469525,0
img_01794_2024,0,9.38989e-06,0
img_01786_2024,0,0.8529533,1
img_01796_2024,0,0.0029859631,0
img_01795_2024,0,0.0006308228,0
img_01787_2024,0,3.4215027e-06,0
img_01788_2024,0,1.0942587e-06,0
img_01800_2024,0,7.336103e-05,0
img_01798_2024,0,1.86983e-05,0
img_01801_2024,0,0.08108304,0
img_01793_2024,0,1.3710364e-05,0
img_01803_2024,0,0.0008393047,0
img_01797_2024,0,2.7506532e-05,0
img_01802_2024,0,0.006484604,0
img_01804_2024,0,0.00021555835,0
img_01805_2024,0,1.7559769e-05,0
img_01810_2024,0,0.00068809703,0
img_01809_2024,0,7.126662e-05,0
img_01807_2024,0,0.0051175174,0
img_01811_2024,0,0.00026875176,0
img_01799_2024,0,0.001129798,0
img_01812_2024,0,0.00033324288,0
img_01814_2024,0,0.0024905626,0
img_01813_2024,0,0.00022162168,0
img_01816_2024,0,0.0005351678,0
img_01818_2024,0,0.001365407,0
img_01808_2024,0,0.00010679292,0
img_01819_2024,0,0.0017063405,0
img_01815_2024,0,0.00047487713,0
img_01821_2024,0,0.085884504,0
img_01822_2024,0,0.00015497617,0
img_01817_2024,0,2.9636576e-05,0
img_01825_2024,0,0.00030179977,0
img_01820_2024,0,0.000286139,0
img_01823_2024,0,0.00024736184,0
img_01824_2024,0,8.9966477e-07,0
img_01828_2024,0,0.0007814994,0
img_01830_2024,0,3.1100217e-06,0
img_01837_2024,0,0.0004730864,0
img_01827_2024,0,0.00020342795,0
img_01832_2024,0,2.3151756e-06,0
img_01829_2024,0,0.0005512042,0
img_01826_2024,0,0.3657273,1
img_01833_2024,0,0.03733363,0
img_01836_2024,0,0.006124235,0
img_01834_2024,0,0.20278084,1
img_01838_2024,0,3.0386102e-06,0
img_01831_2024,0,0.00010749646,0
img_01842_2024,0,1.9018615e-05,0
img_01843_2024,0,7.843999e-05,0
img_01835_2024,0,1.7240727e-05,0
img_01846_2024,0,4.7125127e-07,0
img_01841_2024,0,0.004715282,0
img_01850_2024,0,1.0737817e-06,0
img_01851_2024,0,4.1078333e-06,0
img_01839_2024,0,1.0336338e-05,0
img_01848_2024,0,8.0067315e-05,0
img_01845_2024,0,9.95233e-05,0
img_01854_2024,0,0.004782736,0
img_01853_2024,0,0.005426781,0
img_01847_2024,0,2.4239716e-05,0
img_01855_2024,0,2.9609455e-05,0
img_01856_2024,0,2.6703594e-06,0
img_01857_2024,0,2.2154638e-05,0
img_01858_2024,0,0.0011788843,0
img_01862_2024,0,1.0215168e-06,0
img_01860_2024,0,7.743484e-06,0
img_01861_2024,0,0.0028690882,0
img_01806_p01_2024,0,0.0077901315,0
img_01806_p02_2024,0,9.6214375e-05,0
img_01806_p03_2024,0,8.2623126e-05,0
img_01806_p04_2024,0,8.864216e-06,0
img_01844_p01_2024,0,0.0009877783,0
img_01844_p02_2024,0,0.058534846,0
img_01859_2024,0,1.448852e-05,0
img_01866_2024,0,0.016278561,0
img_01864_2024,0,2.10697e-05,0
img_01863_2024,0,0.00032935734,0
img_01865_2024,0,6.187235e-05,0
img_01867_2024,0,3.0952047e-05,0
img_01871_2024,0,0.00014004517,0
img_01868_2024,0,0.00013620092,0
img_01870_2024,0,2.6861779e-05,0
img_01873_2024,0,0.0424744,0
img_01869_2024,0,0.0014096112,0
img_01876_2024,0,0.0066959616,0
img_01877_2024,0,1.1338916e-05,0
img_01883_2024,0,1.6017802e-05,0
img_01880_2024,0,2.4053723e-05,0
img_01874_2024,0,6.315671e-06,0
img_01881_2024,0,0.015953379,0
img_01885_2024,0,0.0023581514,0
img_01882_2024,0,3.9866463e-05,0
img_01879_2024,0,0.00065282924,0
img_01888_2024,0,0.0017725965,0
img_01872_2024,0,0.00010310565,0
img_01889_2024,0,8.987453e-05,0
img_01886_2024,0,0.0012575106,0
img_01878_2024,0,6.6054336e-06,0
img_01884_2024,0,8.4831096e-05,0
img_01890_2024,0,0.005294642,0
img_01887_2024,0,7.619136e-05,0
img_01895_2024,0,7.68047e-06,0
img_01894_2024,0,9.025712e-06,0
img_01892_2024,0,0.014015495,0
img_01896_2024,0,4.0632412e-06,0
img_01897_2024,0,1.0527514e-05,0
img_01900_2024,0,0.0020502196,0
img_01902_2024,0,2.2473162e-06,0
img_01901_2024,0,0.00024310905,0
img_01893_2024,0,1.1438163e-06,0
img_01898_2024,0,2.8880877e-05,0
img_01903_2024,0,0.0017417629,0
img_01899_2024,0,0.0001976298,0
img_01904_2024,0,1.034623e-05,0
img_01907_2024,0,0.00011904503,0
img_01905_2024,0,5.857808e-05,0
img_01906_2024,0,1.2205053e-05,0
img_01852_p01_2024,0,1.359038e-05,0
img_01852_p02_2024,0,8.1632585e-05,0
img_01852_p03_2024,0,1.5307833e-05,0
img_01852_p04_2024,0,6.287731e-06,0
img_01908_2024,0,0.0007778732,0
img_01910_2024,0,3.147945e-05,0
img_01912_2024,0,2.0038333e-05,0
img_01918_2024,0,9.199867e-07,0
img_01915_2024,0,1.6711241e-06,0
img_01909_2024,0,4.1031935e-06,0
img_01916_2024,0,0.1647781,1
img_01911_2024,0,4.872931e-05,0
img_01917_2024,0,0.00097031065,0
img_01919_2024,0,6.2949375e-06,0
img_01913_2024,0,2.544975e-05,0
img_01922_2024,0,3.085144e-05,0
img_01921_2024,0,4.2015185e-05,0
img_01924_2024,0,9.241872e-06,0
img_01914_2024,0,3.595778e-06,0
img_01923_2024,0,3.6338268e-05,0
img_01925_2024,0,8.969482e-05,0
img_01930_2024,0,6.366835e-05,0
img_01927_2024,0,0.0052714804,0
img_01891_p01_2024,0,0.0012706697,0
img_01891_p02_2024,0,7.818742e-05,0
img_01928_2024,0,4.029424e-05,0
img_01933_2024,0,2.1895887e-05,0
img_01929_2024,0,0.00026258058,0
img_01931_2024,0,9.791528e-06,0
img_01849_p01_2024,0,0.00015486788,0
img_01849_p02_2024,0,2.2162267e-05,0
img_01849_p03_2024,0,8.8497814e-05,0
img_01849_p04_2024,0,0.0003054124,0
img_01849_p05_2024,0,1.1698167e-05,0
img_01935_2024,0,5.8309474e-06,0
img_01920_2024,0,3.375239e-06,0
img_01932_2024,0,2.3649105e-05,0
img_01937_2024,0,0.002238951,0
img_01940_2024,0,1.6531692e-06,0
img_01939_2024,0,0.0003883159,0
img_01945_2024,0,0.0685371,0
img_01936_2024,0,0.00010747298,0
img_01934_2024,0,0.00051391043,0
img_01944_2024,0,5.210876e-05,0
img_01943_2024,0,0.0004238987,0
img_01946_2024,0,2.3075285e-05,0
img_01938_2024,0,3.6074474e-05,0
img_01942_2024,0,0.06049395,0
img_01948_2024,0,8.879218e-06,0
img_01947_2024,0,2.1461276e-05,0
img_01950_2024,0,0.00023817626,0
img_01951_2024,0,0.0016196984,0
img_01949_2024,0,8.6097333e-07,0
img_01958_2024,0,3.947796e-05,0
img_01954_2024,0,0.015586047,0
img_01952_2024,0,2.0057623e-05,0
img_01953_2024,0,2.0889058e-05,0
img_01959_2024,0,1.898263e-05,0
img_01961_2024,0,8.022682e-05,0
img_01956_2024,0,5.3458175e-06,0
img_01955_2024,0,0.0003592743,0
img_01963_2024,0,0.00014422328,0
img_01967_2024,0,5.570535e-06,0
img_01957_2024,0,5.8531175e-05,0
img_01966_2024,0,2.6488873e-05,0
img_01968_2024,0,7.896768e-05,0
img_01965_2024,0,5.899826e-05,0
img_01964_2024,0,4.625629e-06,0
img_01969_2024,0,0.0004113227,0
img_01972_2024,0,2.1953028e-05,0
img_01926_p01_2024,0,0.003929673,0
img_01926_p02_2024,0,1.5542384e-05,0
img_01926_p03_2024,0,0.018125823,0
img_01926_p04_2024,0,0.00049995043,0
img_01974_2024,0,0.00035882604,0
img_01970_2024,0,9.133978e-05,0
img_01960_2024,0,3.2034975e-06,0
img_01962_2024,0,0.00034585968,0
img_01973_2024,0,5.2309047e-06,0
img_01980_2024,0,0.0001185907,0
img_01976_2024,0,5.826059e-05,0
img_01979_2024,0,0.0011488129,0
img_01977_2024,0,0.004725332,0
img_01982_2024,0,5.110815e-05,0
img_01978_2024,0,0.0006385941,0
img_01981_2024,0,0.0001715012,0
img_01983_2024,0,9.343826e-05,0
img_01975_2024,0,2.3706009e-05,0
img_01984_2024,0,2.8232731e-05,0
img_01989_2024,0,2.6002497e-05,0
img_01941_p01_2024,0,0.00669197,0
img_01941_p02_2024,0,7.6317956e-05,0
img_01941_p03_2024,0,0.0067314934,0
img_01985_2024,0,0.001114711,0
img_01992_2024,0,0.00010693343,0
img_01993_2024,0,0.0013024079,0
img_01991_2024,0,4.115393e-06,0
img_01990_2024,0,0.00043042432,0
img_01994_2024,0,0.00011941135,0
img_01986_2024,0,0.00016789045,0
img_01995_2024,0,0.00038101614,0
img_01997_2024,0,2.2261485e-05,0
img_02002_2024,0,1.5178471e-05,0
img_01996_2024,0,1.8547486e-05,0
img_02003_2024,0,7.206665e-06,0
img_01998_2024,0,0.012664639,0
img_01999_2024,0,3.5166718e-06,0
img_02005_2024,0,9.742414e-06,0
img_02007_2024,0,1.2320431e-05,0
img_02006_2024,0,0.021557953,0
img_02000_2024,0,3.2340093e-05,0
img_02010_2024,0,0.08793884,0
img_02011_2024,0,4.3510877e-06,0
img_02001_2024,0,1.7619688e-05,0
img_02013_2024,0,0.00041198474,0
img_02009_2024,0,5.8547306e-05,0
img_02008_2024,0,0.0010788877,0
img_02004_2024,0,8.177958e-06,0
img_01988_p01_2024,0,1.2797905e-05,0
img_01988_p02_2024,0,0.00034470446,0
img_02015_2024,0,4.3516622e-05,0
img_02012_2024,0,3.742696e-05,0
img_02016_2024,0,4.26305e-06,0
img_02020_2024,0,8.336303e-06,0
img_02014_2024,0,3.217217e-05,0
img_02019_2024,0,0.004898186,0
img_02018_2024,0,0.0090515,0
img_02017_2024,0,0.0016020028,0
img_02025_2024,0,0.00013139214,0
img_02026_2024,0,0.006392441,0
img_02028_2024,0,0.00025018604,0
img_02023_2024,0,4.4023138e-05,0
img_02021_2024,0,0.0009905447,0
img_02027_2024,0,3.467838e-06,0
img_02031_2024,0,0.0008430331,0
img_02030_2024,0,1.2907028e-05,0
img_02029_2024,0,5.714144e-06,0
img_02032_2024,0,6.4573054e-05,0
img_02033_2024,0,4.9691757e-06,0
img_02036_2024,0,5.2860913e-05,0
img_02035_2024,0,1.1589169e-05,0
img_02038_2024,0,0.9424932,1
img_02037_2024,0,0.00021629725,0
img_02040_2024,0,1.6134842e-05,0
img_02041_2024,0,2.5252448e-05,0
img_02042_2024,0,0.03356478,0
img_02045_2024,0,1.6108166e-05,0
img_02034_2024,0,6.52006e-06,0
img_02043_2024,0,1.5582204e-05,0
img_02044_2024,0,0.0008426957,0
img_01971_p01_2024,0,0.00014692346,0
img_01971_p02_2024,0,7.407963e-05,0
img_01971_p03_2024,0,6.5971566e-05,0
img_01971_p04_2024,0,0.00066397665,0
img_02048_2024,0,1.0950959e-06,0
img_02039_2024,0,3.007492e-05,0
img_02049_2024,0,0.030206779,0
img_02052_2024,0,1.5609616e-05,0
img_02051_2024,0,3.383569e-05,0
img_02050_2024,0,2.2759134e-05,0
img_02047_2024,0,0.0002508278,0
img_02053_2024,0,6.168789e-05,0
img_02058_2024,0,3.5646324e-05,0
img_02055_2024,0,0.004466115,0
img_02056_2024,0,0.018358625,0
img_02054_2024,0,5.4736065e-05,0
img_02059_2024,0,5.9757913e-05,0
img_02060_2024,0,0.0006856367,0
img_02066_2024,0,1.1484024e-05,0
img_02064_2024,0,0.9981242,1
img_02062_2024,0,4.0558396e-05,0
img_02061_2024,0,0.0002997375,0
img_02046_2024,0,3.5088076e-05,0
img_02063_2024,0,4.3507367e-05,0
img_02067_2024,0,0.00010630836,0
img_02069_2024,0,0.005684328,0
img_02072_2024,0,0.0009017972,0
img_02071_2024,0,0.000116475574,0
img_02068_2024,0,8.254729e-05,0
img_02073_2024,0,0.0004273201,0
img_02070_2024,0,0.011220692,0
img_02074_2024,0,1.2905785e-05,0
img_02076_2024,0,2.9122159e-05,0
img_02079_2024,0,0.0001911167,0
img_02078_2024,0,7.2958783e-06,0
img_02075_2024,0,9.781553e-05,0
img_01987_p01_2024,0,1.5802774e-05,0
img_01987_p02_2024,0,4.0718564e-06,0
img_01987_p03_2024,0,3.9032075e-05,0
img_01987_p04_2024,0,5.3535523e-06,0
img_02077_2024,0,1.35267765e-05,0
img_02080_2024,0,6.413837e-05,0
img_02083_2024,0,4.130854e-06,0
img_02081_2024,0,0.00019880309,0
img_02085_2024,0,2.5355368e-05,0
img_02086_2024,0,0.00014656875,0
img_02087_2024,0,0.0012862858,0
img_02090_2024,0,4.670445e-05,0
img_02057_p01_2024,0,8.483478e-06,0
img_02057_p02_2024,0,1.8962599e-05,0
img_02057_p03_2024,0,0.0022879285,0
img_02089_2024,0,1.2772117e-05,0
img_02094_2024,0,8.900251e-06,0
img_02091_2024,0,0.08312302,0
img_02096_2024,0,0.00030810887,0
img_02092_2024,0,0.025625812,0
img_02097_2024,0,0.0005740963,0
img_02095_2024,0,2.5037712e-05,0
img_02099_2024,0,5.0683466e-05,0
img_02098_2024,0,9.032035e-05,0
img_02093_2024,0,1.3914182e-06,0
img_02102_2024,0,3.7307298e-05,0
img_02082_p01_2024,0,6.3521344e-05,0
img_02082_p02_2024,0,1.0596076e-05,0
img_02105_2024,0,3.2802948e-06,0
img_02104_2024,0,0.20121631,1
img_02100_2024,0,0.00035226025,0
img_02101_2024,0,3.442069e-06,0
img_02084_p01_2024,0,6.2845484e-06,0
img_02084_p02_2024,0,2.3658508e-06,0
img_02107_2024,0,0.0008420455,0
img_02110_2024,0,0.005843165,0
img_02022_p01_2024,0,0.0027382881,0
img_02022_p02_2024,0,5.0423814e-06,0
img_02022_p03_2024,0,3.8133512e-06,0
img_02022_p04_2024,0,9.043403e-05,0
img_02022_p05_2024,0,1.31398465e-05,0
img_02022_p06_2024,0,5.681969e-05,0
img_02111_2024,0,0.0022274738,0
img_02109_2024,0,7.43353e-05,0
img_02115_2024,0,0.00012292751,0
img_02116_2024,0,1.0900728e-05,0
img_02108_2024,0,0.00017529822,0
img_02088_p01_2024,0,2.3410177e-05,0
img_02088_p02_2024,0,1.7712806e-05,0
img_02113_2024,0,0.00037955478,0
img_02117_2024,0,0.00020503583,0
img_02114_2024,0,2.6516916e-06,0
img_02119_2024,0,0.0056229765,0
img_02118_2024,0,0.007627755,0
img_02106_p01_2024,0,7.9535006e-05,0
img_02106_p02_2024,0,0.00022995815,0
img_02112_2024,0,2.5871623e-06,0
img_02120_2024,0,2.2371556e-05,0
img_02123_2024,0,6.076487e-05,0
img_02122_2024,0,3.729908e-05,0
img_02121_2024,0,4.0188647e-06,0
img_02128_2024,0,0.002425947,0
img_02129_2024,0,0.00031316798,0
img_02125_2024,0,0.0017433248,0
img_02103_p01_2024,0,6.6894177e-06,0
img_02103_p02_2024,0,4.4321794e-05,0
img_02127_2024,0,3.0137448e-06,0
img_02124_2024,0,3.6293998e-06,0
img_02131_2024,0,4.167082e-06,0
img_02134_2024,0,3.8358936e-05,0
img_02130_2024,0,2.2385877e-05,0
img_02065_p01_2024,0,2.5244335e-05,0
img_02065_p02_2024,0,0.00028429995,0
img_02065_p03_2024,0,0.030738669,0
img_02065_p04_2024,0,0.0007222043,0
img_02065_p05_2024,0,1.6986362e-05,0
img_02133_2024,0,1.6920205e-05,0
img_02135_2024,0,0.015091768,0
img_02132_2024,0,3.431067e-06,0
img_02137_2024,0,0.00046610774,0
img_02138_2024,0,2.012386e-05,0
img_02136_2024,0,0.0077094417,0
img_02139_2024,0,0.002792452,0
img_02141_2024,0,2.8896684e-06,0
img_02126_p01_2024,0,0.00020282077,0
img_02126_p02_2024,0,0.00016061579,0
img_02143_2024,0,9.720716e-06,0
img_02142_2024,0,0.0010050457,0
img_02146_2024,0,0.00040583796,0
img_02145_2024,0,0.03499816,0
img_02140_2024,0,0.47321016,1
img_02148_2024,0,0.06916428,0
img_02147_2024,0,2.712266e-05,0
img_02150_2024,0,3.3058682e-06,0
img_02151_2024,0,1.3834851e-05,0
img_02149_2024,0,0.0002913706,0
img_02157_2024,0,1.1245636e-06,0
img_02144_2024,0,3.434318e-05,0
img_02161_2024,0,0.00047489052,0
img_02153_2024,0,6.9282396e-05,0
img_02156_2024,0,2.0411785e-06,0
img_02158_2024,0,0.00033104027,0
img_02159_2024,0,0.018616866,0
img_02152_2024,0,0.00042806152,0
img_02160_2024,0,1.7416774e-05,0
img_02163_2024,0,7.719858e-05,0
img_02162_2024,0,1.6721535e-05,0
img_02164_2024,0,2.8765788e-05,0
img_02155_2024,0,4.6138524e-05,0
img_02167_2024,0,0.006678079,0
img_02165_2024,0,1.479278e-06,0
img_02154_2024,0,2.9546243e-05,0
img_02170_2024,0,6.6775794e-07,0
img_02169_2024,0,0.0020189495,0
img_02171_2024,0,1.4978095e-05,0
img_02173_2024,0,0.0001078405,0
img_02176_2024,0,0.00040022747,0
img_02174_2024,0,1.2433071e-06,0
img_02180_2024,0,2.619269e-05,0
img_02179_2024,0,0.3009851,1
img_02178_2024,0,1.8701958e-05,0
img_02168_2024,0,8.646542e-05,0
img_02177_2024,0,5.410643e-06,0
img_02181_2024,0,1.1342149e-05,0
img_02183_2024,0,0.0008419994,0
img_02175_2024,0,1.6984062e-05,0
img_02185_2024,0,2.408593e-05,0
img_02182_2024,0,0.00015634822,0
img_02186_2024,0,0.0009433545,0
img_02166_p01_2024,0,0.0003957555,0
img_02166_p02_2024,0,1.7954764e-05,0
img_02184_2024,0,8.166457e-07,0
img_02189_2024,0,0.0001644341,0
img_02192_2024,0,0.00016600158,0
img_02191_2024,0,9.46972e-05,0
img_02193_2024,0,0.00014194417,0
img_02194_2024,0,2.5007217e-05,0
img_02195_2024,0,0.00011210606,0
img_02197_2024,0,0.39086235,1
img_02187_2024,0,1.6619564e-05,0
img_02196_2024,0,2.6364127e-05,0
img_02172_p01_2024,0,6.360936e-05,0
img_02172_p02_2024,0,1.1069886e-05,0
img_02188_2024,0,1.8067132e-05,0
img_02199_2024,0,9.995107e-06,0
img_02203_2024,0,0.00032534648,0
img_02198_2024,0,0.00022179291,0
img_02190_2024,0,0.00015054471,0
img_02200_2024,0,0.00019273938,0
img_02201_2024,0,0.00019130395,0
img_02204_2024,0,0.000378534,0
img_02024_p01_2024,0,5.629967e-06,0
img_02024_p02_2024,0,0.00071859657,0
img_02024_p03_2024,0,0.0030897493,0
img_02024_p04_2024,0,9.374814e-05,0
img_02024_p05_2024,0,9.296597e-05,0
img_02024_p06_2024,0,0.01569413,0
img_02024_p07_2024,0,0.0027462216,0
img_02024_p08_2024,0,0.015238687,0
img_02206_2024,0,0.0017169382,0
img_02207_2024,0,1.8279535e-06,0
img_02205_2024,0,8.782788e-06,0
img_02209_2024,0,8.442703e-05,0
img_02211_2024,0,0.038545094,0
img_02202_2024,0,0.46891868,1
img_02208_2024,0,0.015080219,0
img_02212_2024,0,0.008129832,0
img_02213_2024,0,0.04293376,0
img_02214_2024,0,5.3480468e-05,0
img_02210_2024,0,9.155701e-05,0
img_02216_2024,0,8.778624e-05,0
img_02215_2024,0,1.1022365e-05,0
img_02218_2024,0,0.0004148643,0
img_02219_2024,0,0.00027686285,0
img_02220_2024,0,1.9268664e-06,0
img_02221_2024,0,8.2621154e-05,0
img_02223_2024,0,0.0001427296,0
img_02224_2024,0,1.08013655e-05,0
img_02222_2024,0,0.0023212172,0
img_02227_2024,0,0.0011870995,0
img_02217_2024,0,0.00010673183,0
img_02228_2024,0,0.046439976,0
img_02229_2024,0,1.33431e-05,0
img_02225_2024,0,0.0022838525,0
img_02230_2024,0,2.66304e-07,0
img_02226_2024,0,0.00012663243,0
img_02232_2024,0,3.3891236e-05,0
img_02233_2024,0,1.5001555e-05,0
img_02235_2024,0,1.112445e-06,0
img_02237_2024,0,0.0011137362,0
img_02231_2024,0,2.783362e-06,0
img_02242_2024,0,0.020739151,0
img_02241_2024,0,0.00056413084,0
img_02244_2024,0,0.00032094202,0
img_02245_2024,0,3.563205e-05,0
img_02239_2024,0,2.7814072e-05,0
img_02238_2024,0,6.0935705e-05,0
img_02236_2024,0,0.0007293355,0
img_02243_2024,0,9.312924e-05,0
img_02250_2024,0,8.892806e-05,0
img_02246_2024,0,0.00027140524,0
img_02248_2024,0,1.0550937e-06,0
img_02251_2024,0,0.0007025151,0
img_02247_2024,0,0.0002073939,0
img_02252_2024,0,0.0003559795,0
img_02254_2024,0,0.00036882196,0
img_02253_2024,0,8.769413e-05,0
img_02249_2024,0,2.3136658e-06,0
img_02256_2024,0,0.0004417514,0
img_02258_2024,0,0.30525973,1
img_02257_2024,0,0.17447747,1
img_02255_2024,0,6.981505e-06,0
img_02259_2024,0,3.7305555e-05,0
img_02260_2024,0,0.00010567052,0
img_02263_2024,0,0.0048619024,0
img_02262_2024,0,0.000109093555,0
img_02264_2024,0,8.791101e-06,0
img_02261_2024,0,4.9394894e-05,0
img_02268_2024,0,0.00013757485,0
img_02271_2024,0,1.1740066e-05,0
img_02265_2024,0,2.1247681e-06,0
img_02269_2024,0,5.6090157e-05,0
img_02270_2024,0,0.0003256152,0
img_02267_2024,0,6.640937e-05,0
img_02275_2024,0,9.15736e-05,0
img_02273_2024,0,1.6715396e-05,0
img_02274_2024,0,0.00067621557,0
img_02276_2024,0,0.010058839,0
img_02277_2024,0,8.58555e-06,0
img_02272_2024,0,0.007197971,0
img_02278_2024,0,2.4513015e-06,0
img_02280_2024,0,3.0548756e-06,0
img_02279_2024,0,0.0062145037,0
img_02281_2024,0,2.4418785e-05,0
img_02234_p01_2024,0,6.101607e-06,0
img_02234_p02_2024,0,1.2576342e-06,0
img_02234_p03_2024,0,2.9544835e-05,0
img_02234_p04_2024,0,1.9580133e-07,0
img_02284_2024,0,0.00028690987,0
img_02282_2024,0,3.8105503e-05,0
img_02285_2024,0,0.0029503047,0
img_02286_2024,0,5.451878e-06,0
img_02288_2024,0,3.4547036e-05,0
img_02289_2024,0,6.9257676e-06,0
img_02292_2024,0,1.189041e-05,0
img_02290_2024,0,1.41499e-06,0
img_02291_2024,0,2.9201526e-06,0
img_02294_2024,0,0.0048236335,0
img_02293_2024,0,0.61488986,1
img_02295_2024,0,0.006287816,0
img_02266_p01_2024,0,1.4401006e-06,0
img_02266_p02_2024,0,1.5665015e-05,0
img_02283_2024,0,0.00019449818,0
img_02240_p01_2024,0,1.4015214e-05,0
img_02240_p02_2024,0,6.70391e-05,0
img_02240_p03_2024,0,7.3598285e-06,0
img_02240_p04_2024,0,9.456732e-06,0
img_02297_2024,0,0.00012950765,0
img_02296_2024,0,6.553068e-06,0
img_02298_2024,0,0.00012762683,0
img_02299_2024,0,4.9318172e-05,0
img_02300_2024,0,1.6776177e-05,0
img_02287_p01_2024,0,1.9567547e-05,0
img_02287_p02_2024,0,3.980253e-05,0
img_02301_2024,0,7.384779e-05,0
img_02302_2024,0,0.0001328856,0
img_02306_2024,0,6.035049e-06,0
img_02308_2024,0,0.026866294,0
img_02303_2024,0,8.759192e-06,0
img_01686_p01_2024,0,0.00019910661,0
img_01686_p02_2024,0,0.0043227584,0
img_01686_p03_2024,0,0.11681524,0
img_01686_p04_2024,0,0.19075303,1
img_01686_p05_2024,0,0.053302374,0
img_01686_p06_2024,0,0.0024301338,0
img_01686_p07_2024,0,0.0046024057,0
img_01686_p08_2024,0,0.0035942413,0
img_01686_p09_2024,0,6.195714e-05,0
img_01686_p10_2024,0,0.009657197,0
img_01686_p11_2024,0,0.17707393,1
img_01686_p12_2024,0,0.491967,1
img_01686_p13_2024,0,0.025496265,0
img_01686_p14_2024,0,0.055980038,0
img_01686_p15_2024,0,0.00024651331,0
img_01686_p16_2024,0,0.0001314192,0
img_01686_p17_2024,0,1.6846334e-05,0
img_01686_p18_2024,0,5.284866e-05,0
img_01686_p19_2024,0,0.37450963,1
img_01686_p20_2024,0,5.391177e-05,0
img_01686_p21_2024,0,0.00018238157,0
img_01686_p22_2024,0,0.008102341,0
img_01686_p23_2024,0,6.096622e-05,0
img_01686_p25_2024,0,2.8422241e-06,0
img_01686_p26_2024,0,3.4034165e-05,0
img_01686_p27_2024,0,5.7953555e-05,0
img_01686_p28_2024,0,9.267337e-07,0
img_01686_p29_2024,0,4.3492855e-07,0
img_01686_p30_2024,0,2.365077e-06,0
img_01686_p31_2024,0,3.0687308e-06,0
img_01686_p32_2024,0,1.0473339e-05,0
img_01686_p33_2024,0,3.6512643e-07,0
img_02307_2024,0,9.439644e-05,0
img_02311_2024,0,0.0032919091,0
img_02305_2024,0,0.0062547214,0
img_02309_2024,0,0.021745691,0
img_02312_2024,0,0.0021994046,0
img_02316_2024,0,0.002225905,0
img_02310_2024,0,0.0008498135,0
img_02317_2024,0,0.0001601379,0
img_01875_p01_2024,0,2.7511884e-05,0
img_01875_p02_2024,0,5.5738456e-06,0
img_01875_p03_2024,0,7.629089e-05,0
img_01875_p04_2024,0,0.00025066454,0
img_01875_p05_2024,0,5.4731056e-05,0
img_01875_p06_2024,0,0.0016284247,0
img_01875_p07_2024,0,0.12021144,0
img_01875_p08_2024,0,7.155925e-06,0
img_01875_p09_2024,0,0.00020066064,0
img_01875_p10_2024,0,0.00062767306,0
img_01875_p11_2024,0,0.00042413213,0
img_01875_p12_2024,0,0.00023280576,0
img_01875_p13_2024,0,0.000371796,0
img_01875_p14_2024,0,0.004797204,0
img_01875_p15_2024,0,0.00031719412,0
img_01875_p16_2024,0,7.853879e-05,0
img_01875_p17_2024,0,0.00015211888,0
img_01875_p18_2024,0,2.7633853e-06,0
img_01875_p19_2024,0,2.7828984e-05,0
img_01875_p20_2024,0,0.00017449059,0
img_01875_p21_2024,0,3.043079e-06,0
img_01875_p22_2024,0,0.0005828997,0
img_01875_p23_2024,0,0.0001369602,0
img_01875_p24_2024,0,2.6610129e-05,0
img_01875_p25_2024,0,4.1856063e-05,0
img_02315_2024,0,2.017883e-06,0
img_02314_2024,0,2.976234e-06,0
img_02319_2024,0,1.5949681e-05,0
img_02321_2024,0,3.5271646e-06,0
img_02318_2024,0,0.00014676314,0
img_02323_2024,0,0.0004738245,0
img_02304_p01_2024,0,2.178078e-05,0
img_02304_p02_2024,0,0.0002051559,0
img_02325_2024,0,0.00028114248,0
img_02328_2024,0,5.5870228e-06,0
img_02322_2024,0,4.3990738e-05,0
img_02329_2024,0,0.00013910198,0
img_02324_2024,0,0.0033049,0
img_02327_2024,0,3.6053962e-06,0
img_02326_2024,0,1.381638e-05,0
img_02313_2024,0,7.1060116e-05,0
img_02332_2024,0,6.46776e-06,0
img_02333_2024,0,0.0012064518,0
img_02331_2024,0,0.0005240211,0
img_02334_2024,0,3.956804e-05,0
img_02337_2024,0,5.5655386e-05,0
img_02336_2024,0,8.77404e-06,0
img_02330_2024,0,8.670097e-05,0
img_02340_2024,0,0.0018151279,0
img_02335_2024,0,0.00021012076,0
img_02339_2024,0,0.00011243516,0
img_02320_p01_2024,0,1.11391755e-05,0
img_02320_p02_2024,0,4.7299422e-06,0
img_02342_2024,0,2.0587186e-06,0
img_02348_2024,0,0.00029138674,0
img_02347_2024,0,0.0014762087,0
img_02345_2024,0,0.00011442018,0
img_02343_2024,0,0.00018444359,0
img_02341_2024,0,2.463197e-05,0
img_02346_2024,0,3.24112e-05,0
img_02338_2024,0,1.3046348e-05,0
img_02349_2024,0,6.668907e-06,0
img_02344_2024,0,1.6012975e-05,0
img_02350_2024,0,0.00047495434,0
img_02353_2024,0,9.315579e-05,0
img_02355_2024,0,0.0005270962,0
img_02352_2024,0,4.5696816e-06,0
img_02358_2024,0,8.326324e-06,0
img_02357_2024,0,4.616194e-05,0
img_02354_2024,0,0.0007584413,0
img_02360_2024,0,1.8752517e-05,0
img_02356_2024,0,0.00029804086,0
img_02366_2024,0,0.0005125942,0
img_02361_2024,0,9.570029e-06,0
img_02362_2024,0,0.005145578,0
img_02368_2024,0,1.6765653e-05,0
img_02364_2024,0,9.123843e-07,0
img_02365_2024,0,0.00010673347,0
img_02376_2024,0,0.7442299,1
img_02370_2024,0,3.4090087e-06,0
img_02369_2024,0,2.7804897e-05,0
img_02375_2024,0,1.423748e-05,0
img_02373_2024,0,0.00021996303,0
img_02372_2024,0,5.659543e-05,0
img_02351_p01_2024,0,6.597213e-05,0
img_02351_p02_2024,0,1.7015822e-05,0
img_02384_2024,0,0.005383508,0
img_02371_2024,0,7.648017e-06,0
img_02380_2024,0,2.7686558e-06,0
img_02377_2024,0,0.00032593915,0
img_02379_2024,0,0.0015913722,0
img_02387_2024,0,0.001317845,0
img_02389_2024,0,2.6184298e-05,0
img_02363_2024,0,0.21227388,1
img_02385_2024,0,5.5691007e-06,0
img_02381_2024,0,3.038645e-06,0
img_02383_2024,0,0.00019276621,0
img_02367_2024,0,0.017275104,0
img_02374_2024,0,6.3016346e-06,0
img_02378_p01_2024,0,5.5516877e-05,0
img_02378_p02_2024,0,0.0007321174,0
img_02390_2024,0,0.001126051,0
img_02391_2024,0,6.0630067e-05,0
img_02394_2024,0,6.2187282e-06,0
img_02392_2024,0,0.0060442644,0
img_02382_2024,0,3.1345633e-05,0
img_02396_2024,0,3.682783e-05,0
img_02398_2024,0,3.8719107e-05,0
img_02397_2024,0,0.00016679888,0
img_02393_2024,0,5.831793e-06,0
img_02359_2024,0,4.0561183e-05,0
img_02400_2024,0,3.2510602e-06,0
img_02386_2024,0,0.00019287615,0
img_02403_2024,0,6.7198984e-05,0
img_02404_2024,0,1.8556597e-05,0
img_02388_p01_2024,0,1.0194176e-05,0
img_02388_p02_2024,0,1.2852087e-05,0
img_02401_2024,0,0.00072880706,0
img_02395_2024,0,5.406102e-07,0
img_02411_2024,0,5.0314822e-05,0
img_02402_2024,0,0.00018496136,0
img_02409_2024,0,9.195374e-06,0
img_02405_2024,0,0.0017507466,0
img_02413_2024,0,7.6769415e-05,0
img_02414_2024,0,6.0832294e-06,0
img_02417_2024,0,2.8983903e-05,0
img_02406_2024,0,0.0005185639,0
img_02407_2024,0,1.9486222e-06,0
img_02412_2024,0,0.00011206673,0
img_02420_2024,0,8.038398e-06,0
img_02418_2024,0,0.00048991153,0
img_02416_2024,0,3.152051e-05,0
img_02410_2024,0,0.015727364,0
img_02419_2024,0,6.957947e-05,0
img_02423_2024,0,0.0004745649,0
img_02424_2024,0,0.0009580056,0
img_02415_2024,0,0.0011241902,0
img_02428_2024,0,9.473666e-06,0
img_02422_2024,0,0.00019648929,0
img_02430_2024,0,7.5545366e-05,0
img_02426_2024,0,0.00041328635,0
img_02435_2024,0,0.021611834,0
img_02433_2024,0,7.25394e-05,0
img_02431_2024,0,0.0014259795,0
img_02434_2024,0,4.7799817e-06,0
img_02437_2024,0,8.838411e-06,0
img_02438_2024,0,5.1227064e-05,0
img_02432_2024,0,4.844062e-05,0
img_02408_p01_2024,0,0.0006786334,0
img_02408_p02_2024,0,0.0019445876,0
img_02439_2024,0,0.00080633984,0
img_02429_2024,0,1.2404609e-05,0
img_02441_2024,0,2.883579e-06,0
img_02443_2024,0,2.2454211e-05,0
img_02448_2024,0,2.451335e-05,0
img_02447_2024,0,0.016151926,0
img_02442_2024,0,1.4316108e-06,0
img_02436_2024,0,0.00019932106,0
img_02421_p01_2024,0,6.6514403e-06,0
img_02421_p02_2024,0,3.5929877e-06,0
img_02440_2024,0,1.1427912e-05,0
img_02445_2024,0,1.6236654e-05,0
img_02451_2024,0,2.7420758e-05,0
img_02444_2024,0,1.3728185e-05,0
img_02446_2024,0,4.2987394e-05,0
img_02449_2024,0,0.00074550486,0
img_02427_p01_2024,0,1.3638645e-06,0
img_02427_p02_2024,0,3.4427453e-06,0
img_02450_2024,0,0.26361796,1
img_02452_2024,0,0.0026822302,0
img_02453_2024,0,6.8324545e-05,0
img_02456_2024,0,3.5914393e-06,0
img_02459_2024,0,0.000101403406,0
img_02465_2024,0,0.00037982408,0
img_02460_2024,0,1.7984908e-05,0
img_02467_2024,0,2.14913e-05,0
img_02461_2024,0,1.2180507e-06,0
img_02462_2024,0,2.79408e-06,0
img_02454_2024,0,0.00056717265,0
img_02464_2024,0,4.892323e-07,0
img_02468_2024,0,3.0053128e-05,0
img_02463_2024,0,5.8780646e-05,0
img_02469_2024,0,0.0004381364,0
img_02455_2024,0,8.87385e-06,0
img_02470_2024,0,8.794603e-05,0
img_02457_2024,0,2.9650259e-05,0
img_02466_2024,0,1.9016856e-05,0
img_02474_2024,0,3.126607e-05,0
img_02475_2024,0,1.4868539e-05,0
img_02480_2024,0,5.39326e-05,0
img_02472_2024,0,1.3663818e-05,0
img_02476_2024,0,0.00024539544,0
img_02479_2024,0,0.009184217,0
img_02481_2024,0,6.1299816e-06,0
img_02477_2024,0,0.0030433903,0
img_02473_2024,0,1.0505089e-05,0
img_02478_2024,0,5.912036e-05,0
img_02483_2024,0,0.00059590215,0
img_02487_2024,0,1.9565981e-05,0
img_02484_2024,0,2.4583911e-05,0
img_02485_2024,0,0.00022508668,0
img_02482_2024,0,0.000102179845,0
img_02486_2024,0,0.19259106,1
img_02488_2024,0,0.019792017,0
img_02493_2024,0,0.3290137,1
img_02489_2024,0,0.00014101063,0
img_02490_2024,0,0.00040273834,0
img_02495_2024,0,0.10942293,0
img_02491_2024,0,4.0876293e-05,0
img_02496_2024,0,6.2259074e-05,0
img_02497_2024,0,1.5414023e-05,0
img_02471_p01_2024,0,0.42318755,1
img_02471_p02_2024,0,3.897996e-05,0
img_02492_2024,0,0.0002811827,0
img_02502_2024,0,0.00044349863,0
img_02499_2024,0,0.018571269,0
img_02504_2024,0,0.000820233,0
img_02494_2024,0,0.038675483,0
img_02506_2024,0,0.00023072923,0
img_02509_2024,0,0.00013047784,0
img_02503_2024,0,0.00066173717,0
img_02505_2024,0,8.499237e-06,0
img_02511_2024,0,3.947781e-05,0
img_02510_2024,0,2.7767262e-06,0
img_02507_2024,0,0.0006469881,0
img_02514_2024,0,1.4548697e-06,0
img_02425_p01_2024,0,0.003111229,0
img_02425_p02_2024,0,3.2811036e-05,0
img_02425_p03_2024,0,3.580123e-05,0
img_02425_p04_2024,0,4.432154e-05,0
img_02508_2024,0,9.134315e-06,0
img_02513_2024,0,0.00036983812,0
img_02512_2024,0,2.546842e-05,0
img_02500_2024,0,0.000109955174,0
img_02515_2024,0,0.0120267635,0
img_02520_2024,0,7.10146e-05,0
img_02517_2024,0,0.0007463927,0
img_02521_2024,0,2.7509628e-05,0
img_02519_2024,0,2.7134693e-05,0
img_02518_2024,0,9.9222816e-05,0
img_02522_2024,0,4.6963123e-06,0
img_02516_2024,0,1.0248735e-05,0
img_02525_2024,0,0.00041880368,0
img_02524_2024,0,1.3946665e-06,0
img_02528_2024,0,4.612128e-06,0
img_02498_2024,0,4.6579084e-06,0
img_02523_2024,0,1.1087889e-05,0
img_02527_2024,0,0.00018791815,0
img_02526_2024,0,8.052827e-05,0
img_02530_2024,0,5.7415677e-05,0
img_02533_2024,0,0.0010174284,0
img_02536_2024,0,9.594281e-06,0
img_02501_2024,0,7.0338388e-06,0
img_02534_2024,0,4.1898194e-05,0
img_02531_2024,0,0.0006905375,0
img_02535_2024,0,0.00045054895,0
img_02539_2024,0,5.0958233e-06,0
img_02532_2024,0,7.71217e-06,0
img_02543_2024,0,0.0003378662,0
img_02399_p01_2024,0,6.3878565e-06,0
img_02399_p02_2024,0,0.00014111864,0
img_02399_p03_2024,0,0.0009925294,0
img_02399_p04_2024,0,2.9697656e-05,0
img_02399_p05_2024,0,0.00047768056,0
img_02399_p06_2024,0,5.4567103e-05,0
img_02537_2024,0,0.00011910136,0
img_02538_2024,0,9.693785e-05,0
img_02540_2024,0,5.691893e-05,0
img_02541_2024,0,8.6324544e-05,0
img_02542_2024,0,0.00011387801,0
img_02546_2024,0,4.223107e-06,0
img_02545_2024,0,0.00077424693,0
img_02549_2024,0,7.001076e-05,0
img_02552_2024,0,6.1630067e-06,0
img_02554_2024,0,0.00019548634,0
img_02557_2024,0,7.797529e-06,0
img_02553_2024,0,1.6047128e-05,0
img_02551_2024,0,3.901135e-05,0
img_02556_2024,0,0.00016135952,0
img_02548_2024,0,0.60797966,1
img_02555_2024,0,4.5768343e-06,0
img_02560_2024,0,3.441101e-05,0
img_02550_2024,0,2.6228388e-06,0
img_02562_2024,0,1.39586045e-05,0
img_02565_2024,0,0.001274313,0
img_02544_2024,0,9.0870046e-05,0
img_02559_2024,0,4.5786386e-05,0
img_02529_p01_2024,0,0.0006629097,0
img_02529_p02_2024,0,0.00010974986,0
img_02564_2024,0,6.6034054e-06,0
img_02558_2024,0,8.382536e-05,0
img_02561_2024,0,3.7587304e-06,0
img_02563_2024,0,0.9137537,1
img_02566_2024,0,2.5497109e-06,0
img_02568_2024,0,2.274898e-05,0
img_02567_2024,0,1.9914733e-05,0
img_02573_2024,0,9.118766e-05,0
img_02572_2024,0,3.8353413e-05,0
img_02570_2024,0,0.000325645,0
img_02571_2024,0,1.7154167e-05,0
img_02579_2024,0,2.8355393e-05,0
img_02547_p01_2024,0,0.00031797317,0
img_02547_p02_2024,0,9.117253e-05,0
img_02576_2024,0,8.3338155e-06,0
img_02577_2024,0,0.00021963882,0
img_02580_2024,0,3.5654924e-05,0
img_02581_2024,0,0.02111181,0
img_02578_2024,0,1.158766e-06,0
img_02569_2024,0,4.065276e-06,0
img_02585_2024,0,0.00027860625,0
img_02586_2024,0,0.00078904,0
img_02575_2024,0,0.0008023623,0
img_02584_2024,0,1.8422765e-05,0
img_02583_2024,0,2.8541895e-06,0
img_02588_2024,0,5.414528e-07,0
img_02587_2024,0,7.756308e-06,0
img_02593_2024,0,0.14821923,1
img_02589_2024,0,4.5501063e-05,0
img_02590_2024,0,0.0008827207,0
img_02596_2024,0,0.911286,1
img_02595_2024,0,5.151895e-06,0
img_02602_2024,0,2.6980233e-05,0
img_02599_2024,0,0.00010976859,0
img_02594_2024,0,6.330165e-05,0
img_02601_2024,0,4.8469556e-06,0
img_02597_2024,0,3.9346774e-06,0
img_02603_2024,0,4.2249726e-06,0
img_02591_2024,0,0.00023887696,0
img_02604_2024,0,2.502213e-06,0
img_02574_2024,0,4.299994e-05,0
img_02605_2024,0,2.1339815e-06,0
img_02600_2024,0,1.0763346e-06,0
img_02592_2024,0,0.12150258,0
img_02598_2024,0,2.9407545e-05,0
img_02607_2024,0,3.2496093e-05,0
img_02608_2024,0,3.1526222e-05,0
img_02609_2024,0,0.0007692963,0
img_02613_2024,0,4.3841937e-05,0
img_02612_2024,0,2.348634e-05,0
img_02614_2024,0,8.3489695e-06,0
img_02606_2024,0,0.000103237886,0
img_02615_2024,0,7.4702264e-05,0
img_02621_2024,0,4.5014494e-05,0
img_02619_2024,0,2.517291e-05,0
img_02618_2024,0,4.809126e-06,0
img_02622_2024,0,6.404443e-05,0
img_02610_2024,0,1.0907248e-05,0
img_02624_2024,0,5.705207e-05,0
img_02616_2024,0,0.00081445434,0
img_02623_2024,0,7.3346105e-06,0
img_02625_2024,0,3.1969492e-05,0
img_02611_2024,0,0.0002820182,0
img_02627_2024,0,4.4900753e-05,0
img_02620_2024,0,2.1694335e-05,0
img_02630_2024,0,9.169594e-06,0
img_02626_2024,0,1.06646485e-05,0
img_02628_2024,0,0.00047383536,0
img_02629_2024,0,0.00053257844,0
img_02640_2024,0,4.2454154e-05,0
img_02635_2024,0,2.5218975e-05,0
img_02633_2024,0,9.181065e-06,0
img_02634_2024,0,1.4913521e-06,0
img_02642_2024,0,0.00017264199,0
img_02638_2024,0,3.6470708e-06,0
img_02641_2024,0,3.1154785e-05,0
img_02639_2024,0,0.0051263934,0
img_02632_2024,0,0.00020657683,0
img_02636_2024,0,5.328558e-06,0
img_02631_2024,0,5.025052e-05,0
img_02643_2024,0,0.00014857063,0
img_02645_2024,0,1.022859e-05,0
img_02644_2024,0,1.4687485e-05,0
img_02647_2024,0,4.247767e-06,0
img_02646_2024,0,1.4553815e-05,0
img_02648_2024,0,0.0015289715,0
img_02650_2024,0,6.6326524e-05,0
img_02651_2024,0,0.0002414148,0
img_02617_p01_2024,0,0.006821906,0
img_02617_p02_2024,0,0.00045695665,0
img_02617_p03_2024,0,0.00029358634,0
img_02657_2024,0,0.043636076,0
img_02655_2024,0,1.3495747e-05,0
img_02652_2024,0,6.179074e-05,0
img_02637_2024,0,6.3252475e-05,0
img_02656_2024,0,0.00021801224,0
img_02653_2024,0,0.00990134,0
img_02660_2024,0,1.5437385e-05,0
img_02649_2024,0,5.405612e-05,0
img_02665_2024,0,9.759865e-07,0
img_02659_2024,0,0.0008474377,0
img_02667_2024,0,2.0537223e-05,0
img_02669_2024,0,1.2685966e-05,0
img_02664_2024,0,0.00018518053,0
img_02670_2024,0,1.456345e-05,0
img_02671_2024,0,2.4607132e-05,0
img_02663_2024,0,3.9132257e-05,0
img_02661_2024,0,1.796672e-05,0
img_02666_2024,0,0.00014379759,0
img_02673_2024,0,0.0005775537,0
img_02674_2024,0,0.00085671496,0
img_02675_2024,0,3.799806e-05,0
img_02668_2024,0,0.00012604837,0
img_02682_2024,0,5.7225945e-05,0
img_02683_2024,0,3.229836e-06,0
img_02680_2024,0,5.550756e-05,0
img_02679_2024,0,8.021167e-05,0
img_02686_2024,0,0.0015922709,0
img_02681_2024,0,0.4470108,1
img_02678_2024,0,0.00015193623,0
img_02687_2024,0,8.806136e-07,0
img_02685_2024,0,0.0031824517,0
img_02684_2024,0,0.00018902459,0
img_02688_2024,0,1.4795271e-05,0
img_02689_2024,0,9.336376e-06,0
img_02691_2024,0,1.18517255e-05,0
img_02692_2024,0,0.00015925746,0
img_02696_2024,0,0.00025050924,0
img_02698_2024,0,0.0020385105,0
img_02694_2024,0,0.008312134,0
img_02699_2024,0,0.00062509044,0
img_02704_2024,0,3.0031126e-05,0
img_02695_2024,0,2.1312833e-05,0
img_02700_2024,0,4.079681e-06,0
img_02705_2024,0,0.00012077361,0
img_02703_2024,0,4.5815737e-05,0
img_02693_2024,0,9.324275e-06,0
img_02701_2024,0,3.1174786e-05,0
img_02707_2024,0,5.1086645e-06,0
img_02677_p01_2024,0,0.0011769785,0
img_02677_p02_2024,0,2.835907e-05,0
img_02676_p01_2024,0,0.0008052334,0
img_02676_p02_2024,0,4.6598478e-05,0
img_02676_p03_2024,0,0.018030303,0
img_02710_2024,0,1.5146544e-05,0
img_02708_2024,0,1.6200245e-05,0
img_02706_2024,0,1.1872496e-05,0
img_02690_2024,0,1.7688666e-05,0
img_02697_2024,0,0.079134054,0
img_02712_2024,0,1.0277373e-05,0
img_02702_2024,0,8.131515e-06,0
img_02716_2024,0,0.0014559091,0
img_02709_2024,0,3.7186564e-05,0
img_02654_p01_2024,0,0.007792763,0
img_02654_p02_2024,0,0.019290755,0
img_02654_p03_2024,0,7.796056e-05,0
img_02654_p04_2024,0,0.98699796,1
img_02711_2024,0,0.00092998333,0
img_02720_2024,0,2.2442007e-05,0
img_02723_2024,0,0.010215122,0
img_02717_2024,0,2.6287556e-05,0
img_02714_2024,0,0.00028612916,0
img_02672_p01_2024,0,7.68017e-06,0
img_02672_p02_2024,0,4.8335182e-06,0
img_02715_2024,0,9.5013245e-05,0
img_02721_2024,0,1.8139358e-06,0
img_02713_2024,0,1.1678549e-05,0
img_02722_2024,0,0.00030509636,0
img_02729_2024,0,7.9378915e-05,0
img_02730_2024,0,2.9341886e-06,0
img_02733_2024,0,7.7060155e-05,0
img_02719_2024,0,2.5145348e-06,0
img_02732_2024,0,6.40974e-05,0
img_02734_2024,0,0.0020704544,0
img_02725_2024,0,1.35628015e-05,0
img_02726_2024,0,4.818648e-05,0
img_02731_2024,0,2.1433314e-05,0
img_02718_p01_2024,0,0.015495571,0
img_02718_p02_2024,0,0.01663229,0
img_02735_2024,0,3.786942e-05,0
img_02737_2024,0,0.001358443,0
img_02738_2024,0,0.00033208402,0
img_02739_2024,0,1.0942203e-05,0
img_02742_2024,0,1.095703e-05,0
img_02728_2024,0,0.00022418775,0
img_02743_2024,0,2.4594368e-05,0
img_02736_2024,0,3.4072732e-06,0
img_02746_2024,0,0.00028818246,0
img_02741_2024,0,2.6217062e-06,0
img_02745_2024,0,0.00010482438,0
img_02727_2024,0,0.00016380032,0
img_02751_2024,0,8.653753e-06,0
img_02724_p01_2024,0,0.0003509419,0
img_02724_p02_2024,0,0.00415447,0
img_02752_2024,0,0.00045961095,0
img_02750_2024,0,0.00087492605,0
img_02753_2024,0,0.0022394634,0
img_02740_2024,0,7.265037e-05,0
img_02747_2024,0,0.040256776,0
img_02744_2024,0,1.2011493e-05,0
img_02757_2024,0,9.736428e-05,0
img_02759_2024,0,1.2979608e-05,0
img_02754_2024,0,0.000121266596,0
img_02760_2024,0,1.0436717e-05,0
img_02748_2024,0,6.877192e-05,0
img_02756_2024,0,8.911538e-06,0
img_02749_2024,0,0.0002245705,0
img_02767_2024,0,6.6107976e-05,0
img_02762_2024,0,0.0009428576,0
img_02768_2024,0,2.4061687e-06,0
img_02758_2024,0,7.798689e-06,0
img_02765_2024,0,0.00841741,0
img_02766_2024,0,0.19486333,1
img_02763_2024,0,0.00028950817,0
img_02755_2024,0,5.2355813e-06,0
img_02771_2024,0,1.5760787e-06,0
img_02773_2024,0,0.00019376831,0
img_02774_2024,0,0.0009060951,0
img_02772_2024,0,3.4418525e-05,0
img_02761_2024,0,6.034598e-05,0
img_02769_2024,0,1.6444956e-06,0
img_02775_2024,0,5.8081358e-05,0
img_02777_2024,0,0.0016538847,0
img_02770_2024,0,4.7370828e-05,0
img_02778_2024,0,6.6783745e-05,0
img_02779_2024,0,9.462893e-06,0
img_02764_2024,0,5.416954e-05,0
img_02782_2024,0,0.00030801783,0
img_02781_2024,0,2.128522e-06,0
img_02776_2024,0,0.00017747689,0
img_02780_2024,0,0.035988845,0
img_02788_2024,0,0.00014665193,0
img_02785_2024,0,4.6909823e-05,0
img_02786_2024,0,7.74979e-05,0
img_02783_2024,0,0.010800705,0
img_02784_2024,0,4.931173e-06,0
img_02790_2024,0,0.0004393824,0
img_02787_2024,0,9.894749e-05,0
img_02792_2024,0,3.3580487e-05,0
img_02791_2024,0,7.374611e-06,0
img_02789_2024,0,0.00026894605,0
img_02801_2024,0,0.001526718,0
img_02802_2024,0,0.002388552,0
img_02803_2024,0,0.00020934785,0
img_02796_2024,0,3.889475e-06,0
img_02800_2024,0,0.00043293263,0
img_02798_2024,0,0.00848094,0
img_02794_2024,0,1.0429355e-05,0
img_02793_2024,0,0.00014906558,0
img_02809_2024,0,6.2051563e-06,0
img_02799_2024,0,0.0027837933,0
img_02811_2024,0,1.9931374e-05,0
img_02797_2024,0,1.3082517e-05,0
img_02805_2024,0,6.402617e-05,0
img_02806_2024,0,0.0017947142,0
img_02808_2024,0,3.7577414e-07,0
img_02804_2024,0,0.052578107,0
img_02812_2024,0,0.0041992776,0
img_02813_2024,0,0.0003151312,0
img_02795_p01_2024,0,7.633837e-06,0
img_02795_p02_2024,0,0.00023045707,0
img_02817_2024,0,7.573399e-05,0
img_02814_2024,0,4.356261e-06,0
img_02820_2024,0,0.000109800414,0
img_02818_2024,0,1.1634162e-05,0
img_02821_2024,0,0.012113657,0
img_02822_2024,0,1.9892395e-06,0
img_02815_2024,0,8.8901106e-05,0
img_02823_2024,0,5.8191406e-05,0
img_02807_2024,0,1.9059431e-05,0
img_02826_2024,0,0.00013894899,0
img_02816_2024,0,3.9450669e-07,0
img_02819_2024,0,4.6588837e-05,0
img_02829_2024,0,0.04448782,0
img_02827_2024,0,8.724687e-05,0
img_02825_2024,0,1.233661e-05,0
img_02832_2024,0,1.0238389e-05,0
img_02835_2024,0,0.01809551,0
img_02836_2024,0,0.00023632884,0
img_02833_2024,0,1.4388431e-05,0
img_02830_2024,0,2.7903234e-05,0
img_02831_2024,0,0.01695176,0
img_02840_2024,0,6.21485e-05,0
img_02828_2024,0,6.584327e-06,0
img_02841_2024,0,8.105284e-06,0
img_02842_2024,0,2.8072478e-05,0
img_02838_2024,0,1.746839e-05,0
img_02837_2024,0,0.00026455495,0
img_02843_2024,0,2.550128e-05,0
img_02845_2024,0,0.00028527822,0
img_02847_2024,0,0.0050712577,0
img_02834_2024,0,0.02414603,0
img_02824_p01_2024,0,0.0008916868,0
img_02824_p02_2024,0,0.002510741,0
img_02850_2024,0,2.1079006e-05,0
img_02849_2024,0,7.690951e-05,0
img_02856_2024,0,0.000494923,0
img_02855_2024,0,0.1358341,0
img_02851_2024,0,4.1224716e-06,0
img_02854_2024,0,2.1999576e-05,0
img_02859_2024,0,2.0203506e-05,0
img_02848_2024,0,7.5071202e-06,0
img_02852_2024,0,0.00039966416,0
img_02858_2024,0,3.929448e-05,0
img_02844_2024,0,2.753057e-05,0
img_02861_2024,0,0.0006082452,0
img_02839_2024,0,7.059059e-06,0
img_02857_2024,0,9.159805e-06,0
img_02863_2024,0,0.0015728897,0
img_02853_2024,0,7.599081e-06,0
img_02862_2024,0,5.754903e-06,0
img_02865_2024,0,6.510355e-06,0
img_02846_2024,0,3.6334906e-05,0
img_02868_2024,0,4.7240137e-05,0
img_02860_2024,0,0.0051879873,0
img_02870_2024,0,6.541959e-06,0
img_02873_2024,0,1.8060447e-05,0
img_02871_2024,0,0.00032735203,0
img_02874_2024,0,6.0163948e-05,0
img_02867_2024,0,2.2123011e-05,0
img_02872_2024,0,3.2774867e-06,0
img_02866_2024,0,0.00024375705,0
img_02869_2024,0,0.0016867612,0
img_02878_2024,0,3.828727e-05,0
img_02881_2024,0,0.0004886094,0
img_02879_2024,0,0.0049501676,0
img_02882_2024,0,3.608669e-05,0
img_02875_2024,0,2.5845857e-05,0
img_02877_2024,0,1.0506214e-06,0
img_02883_2024,0,3.2573844e-05,0
img_02864_2024,0,2.7674057e-05,0
img_02880_2024,0,7.31116e-06,0
img_02888_2024,0,3.280969e-05,0
img_02891_2024,0,2.494517e-06,0
img_02887_2024,0,0.033716656,0
img_02884_2024,0,1.5934691e-05,0
img_02899_2024,0,2.6666778e-05,0
img_02893_2024,0,0.00020594358,0
img_02900_2024,0,7.748043e-06,0
img_02892_2024,0,8.7314875e-05,0
img_02886_2024,0,0.00015002783,0
img_02889_2024,0,0.056713283,0
img_02896_2024,0,1.3002875e-05,0
img_02901_2024,0,3.759505e-05,0
img_02890_2024,0,8.888969e-06,0
img_02904_2024,0,0.00032749498,0
img_02908_2024,0,3.473229e-05,0
img_02910_2024,0,0.00011465817,0
img_02906_2024,0,1.814087e-05,0
img_02898_2024,0,1.9192773e-06,0
img_02902_2024,0,1.7484324e-05,0
img_02913_2024,0,1.1952949e-06,0
img_02897_p01_2024,0,2.2456137e-05,0
img_02897_p02_2024,0,2.0243138e-05,0
img_02909_2024,0,0.00096958474,0
img_02914_2024,0,2.8516836e-06,0
img_02907_2024,0,0.0001441045,0
img_02911_2024,0,0.0041144597,0
img_02919_2024,0,3.688146e-05,0
img_02920_2024,0,0.018722206,0
img_02921_2024,0,0.0007642017,0
img_02905_2024,0,0.015039097,0
img_02915_2024,0,4.7255553e-06,0
img_02917_2024,0,0.00960005,0
img_02916_2024,0,6.75259e-06,0
img_02923_2024,0,0.0013818969,0
img_02885_2024,0,1.5861795e-05,0
img_02918_2024,0,4.3210043e-06,0
img_02903_p01_2024,0,4.312561e-06,0
img_02903_p02_2024,0,4.8439796e-07,0
img_02925_2024,0,0.00035827848,0
img_02929_2024,0,7.042921e-05,0
img_02924_2024,0,5.3920765e-05,0
img_02927_2024,0,1.3223342e-05,0
img_02931_2024,0,3.233155e-06,0
img_02926_2024,0,0.0013347982,0
img_02928_2024,0,0.10260226,0
img_02922_2024,0,3.035867e-05,0
img_02932_2024,0,0.00014901727,0
img_02894_2024,0,2.8843876e-06,0
img_02930_2024,0,6.936437e-05,0
img_02933_2024,0,0.0001362265,0
img_02912_p01_2024,0,7.415784e-06,0
img_02912_p02_2024,0,1.3686679e-05,0
img_02934_2024,0,3.6838013e-05,0
img_02895_2024,0,0.00093567243,0
img_02937_2024,0,0.00020029115,0
img_02936_2024,0,4.496442e-06,0
img_02938_2024,0,0.0008315464,0
img_02810_p01_2024,0,1.7194932e-05,0
img_02810_p02_2024,0,1.241474e-05,0
img_02810_p03_2024,0,7.5013144e-05,0
img_02810_p04_2024,0,1.4463865e-06,0
img_02810_p05_2024,0,0.00018852654,0
img_02810_p06_2024,0,1.5018526e-06,0
img_02810_p07_2024,0,5.4413076e-06,0
img_02935_2024,0,2.4723704e-06,0
img_02876_2024,0,3.1254116e-05,0
img_02940_2024,0,4.0653767e-06,0
img_02948_2024,0,8.607898e-06,0
img_02943_2024,0,0.0001880777,0
img_02945_2024,0,0.0014157722,0
img_02939_2024,0,4.6972178e-05,0
img_02941_2024,0,2.2013364e-05,0
img_02950_2024,0,5.62589e-05,0
img_02957_2024,0,0.00012155255,0
img_02947_2024,0,0.00013425529,0
img_02942_2024,0,0.0038281805,0
img_02946_2024,0,0.0007295106,0
img_02955_2024,0,5.0240073e-05,0
img_02949_2024,0,1.6134994e-05,0
img_02951_2024,0,0.00012514058,0
img_02958_2024,0,9.421711e-05,0
img_02944_2024,0,0.00069833215,0
img_02954_2024,0,7.155713e-06,0
img_02952_2024,0,0.25802943,1
img_02956_2024,0,7.0752617e-06,0
img_02961_2024,0,0.00039396583,0
img_02963_2024,0,0.0007183025,0
img_02959_2024,0,7.2296084e-06,0
img_02962_2024,0,2.0771063e-06,0
img_02968_2024,0,4.3660516e-06,0
img_02969_2024,0,8.479475e-06,0
img_02960_2024,0,9.409018e-06,0
img_02966_2024,0,3.3147207e-05,0
img_02972_2024,0,0.005127712,0
img_02971_2024,0,2.8220402e-05,0
img_02967_2024,0,0.07410063,0
img_02970_2024,0,2.1863107e-05,0
img_02976_2024,0,4.3786575e-05,0
img_02953_p01_2024,0,0.00015171313,0
img_02953_p02_2024,0,1.7841667e-05,0
img_02964_2024,0,0.00019921409,0
img_02978_2024,0,4.7778187e-05,0
img_02977_2024,0,0.019630231,0
img_02975_2024,0,1.1573884e-05,0
img_02980_2024,0,0.0009680437,0
img_02983_2024,0,0.0018462843,0
img_02974_2024,0,6.608068e-05,0
img_02979_2024,0,1.3062308e-05,0
img_02987_2024,0,1.4903576e-05,0
img_02988_2024,0,0.00095795456,0
img_02985_2024,0,4.1674793e-06,0
img_02984_2024,0,0.0008059742,0
img_02986_2024,0,6.7558416e-05,0
img_02990_2024,0,1.4924668e-05,0
img_02992_2024,0,0.024864195,0
img_02989_2024,0,2.251757e-06,0
img_02965_2024,0,0.00010163032,0
img_02973_2024,0,3.2243213e-05,0
img_02993_2024,0,0.0016388437,0
img_02981_2024,0,1.592793e-05,0
img_02991_2024,0,6.479066e-05,0
img_02995_2024,0,7.413164e-05,0
img_02994_2024,0,0.0001661807,0
img_03003_2024,0,6.053503e-05,0
img_03001_2024,0,4.2709444e-06,0
img_02996_2024,0,7.53478e-05,0
img_03008_2024,0,0.18397859,1
img_03000_2024,0,5.319561e-06,0
img_02999_2024,0,2.1204736e-05,0
img_02998_2024,0,6.357552e-05,0
img_03004_2024,0,0.50631285,1
img_03006_2024,0,2.7225e-06,0
img_03007_2024,0,0.0011421248,0
img_03009_2024,0,0.5064144,1
img_03002_2024,0,3.5639903e-06,0
img_02982_p01_2024,0,0.0001810488,0
img_02982_p02_2024,0,3.550228e-05,0
img_03012_2024,0,0.0032549333,0
img_03016_2024,0,0.00031284866,0
img_03014_2024,0,0.00033931376,0
img_03017_2024,0,0.013912803,0
img_03013_2024,0,5.855399e-06,0
img_03023_2024,0,9.319346e-05,0
img_03020_2024,0,3.363247e-05,0
img_03022_2024,0,0.00073923403,0
img_03005_2024,0,0.00022780338,0
img_03015_2024,0,2.8872387e-06,0
img_03011_2024,0,0.00036714372,0
img_03010_2024,0,6.4790265e-06,0
img_03025_2024,0,0.00056759774,0
img_03021_2024,0,1.8988532e-05,0
img_03024_2024,0,0.003041624,0
img_03028_2024,0,2.5641614e-06,0
img_03018_2024,0,4.6366473e-05,0
img_03026_2024,0,0.0049637826,0
img_03027_2024,0,2.6955568e-06,0
img_03019_2024,0,0.00032888138,0
img_03030_2024,0,3.0879284e-05,0
img_03034_2024,0,0.000112220405,0
img_03033_2024,0,0.00096594455,0
img_03031_2024,0,6.795054e-05,0
img_03032_2024,0,0.00025895966,0
img_03042_2024,0,0.0003513297,0
img_03035_2024,0,7.493094e-06,0
img_03036_2024,0,0.00014726246,0
img_03037_2024,0,0.0024228296,0
img_03045_2024,0,3.4400968e-05,0
img_03038_2024,0,0.00014813834,0
img_03044_2024,0,0.0033008235,0
img_03041_2024,0,4.023384e-05,0
img_03039_2024,0,3.088063e-06,0
img_03043_2024,0,7.909127e-05,0
img_03040_2024,0,0.019594528,0
img_03049_2024,0,0.0010311999,0
img_02997_p01_2024,0,0.0002839987,0
img_02997_p02_2024,0,2.8184362e-05,0
img_02997_p03_2024,0,0.00031307933,0
img_02997_p04_2024,0,9.280637e-06,0
img_03051_2024,0,6.5025674e-06,0
img_03055_2024,0,2.7828057e-05,0
img_03054_2024,0,2.6016609e-05,0
img_03057_2024,0,0.12673333,0
img_03060_2024,0,5.034789e-05,0
img_03053_2024,0,3.7837184e-05,0
img_03052_2024,0,0.00019429947,0
img_03059_2024,0,0.00020035036,0
img_03056_2024,0,0.0057644728,0
img_03048_2024,0,0.00023285484,0
img_03058_2024,0,0.0007282714,0
img_03061_2024,0,0.00058448804,0
img_03063_2024,0,1.9005307e-05,0
img_03064_2024,0,0.000579038,0
img_03065_2024,0,5.5657245e-05,0
img_03062_2024,0,9.4938616e-05,0
img_03066_2024,0,3.0251162e-05,0
img_03068_2024,0,1.2194328e-05,0
img_03067_2024,0,0.00037234847,0
img_03069_2024,0,0.036628455,0
img_03075_2024,0,7.527605e-05,0
img_03029_p01_2024,0,1.0792804e-06,0
img_03029_p02_2024,0,2.3889426e-05,0
img_03073_2024,0,0.00018179316,0
img_03074_2024,0,1.9561744e-06,0
img_03072_2024,0,1.67027e-06,0
img_03071_2024,0,0.00010576185,0
img_03070_2024,0,0.0004865758,0
img_03080_2024,0,0.000246487,0
img_03077_2024,0,0.20925137,1
img_03078_2024,0,6.930076e-05,0
img_03076_2024,0,8.2499155e-06,0
img_03082_2024,0,6.7774354e-06,0
img_03081_2024,0,2.2527669e-05,0
img_03083_2024,0,0.00011020321,0
img_03084_2024,0,6.7507103e-06,0
img_03090_2024,0,0.000316319,0
img_03079_2024,0,0.0018345088,0
img_03086_2024,0,2.0412841e-05,0
img_03088_2024,0,0.00014876116,0
img_03087_2024,0,0.00070848817,0
img_03092_2024,0,0.00013683827,0
img_03046_p01_2024,0,2.266202e-05,0
img_03046_p02_2024,0,4.958302e-06,0
img_03093_2024,0,0.056720007,0
img_03089_2024,0,4.8748016e-06,0
img_03099_2024,0,0.0069531132,0
img_03096_2024,0,1.1305238e-05,0
img_03091_2024,0,0.00011030919,0
img_03101_2024,0,1.8087862e-06,0
img_03102_2024,0,0.0041986657,0
img_03104_2024,0,2.0527747e-05,0
img_03095_2024,0,6.89725e-05,0
img_03106_2024,0,1.2697404e-05,0
img_03094_2024,0,1.1739338e-05,0
img_03107_2024,0,0.00019187629,0
img_03097_2024,0,1.1748791e-05,0
img_03110_2024,0,1.0287992e-05,0
img_03105_2024,0,0.0013772538,0
img_03112_2024,0,0.1304666,0
img_03103_2024,0,0.00011051945,0
img_03113_2024,0,1.7053413e-05,0
img_03114_2024,0,0.0050560893,0
img_03108_2024,0,0.0006645505,0
img_03100_p01_2024,0,0.0002624757,0
img_03100_p02_2024,0,3.136537e-05,0
img_03111_2024,0,0.0005942114,0
img_03098_p01_2024,0,6.1554674e-05,0
img_03098_p02_2024,0,1.8505489e-05,0
img_03116_2024,0,0.00012338081,0
img_03118_2024,0,0.00016478395,0
img_03121_2024,0,0.0001672169,0
img_03119_2024,0,1.0542041e-05,0
img_03124_2024,0,0.0005526917,0
img_03109_2024,0,9.598488e-07,0
img_03120_2024,0,0.0004445882,0
img_03123_2024,0,1.1256483e-05,0
img_03117_2024,0,0.0021647543,0
img_03122_2024,0,5.728565e-06,0
img_03127_2024,0,7.08278e-05,0
img_03130_2024,0,1.5311396e-05,0
img_03128_2024,0,0.00044505863,0
img_03125_2024,0,0.0010095874,0
img_03129_2024,0,0.00013378858,0
img_03131_2024,0,0.00014291645,0
img_03134_2024,0,8.170265e-06,0
img_03132_2024,0,0.00288733,0
img_03133_2024,0,0.0013404806,0
img_03135_2024,0,0.00010401725,0
img_03137_2024,0,0.0020969263,0
img_03115_p01_2024,0,0.00011912601,0
img_03115_p02_2024,0,2.175865e-06,0
img_03136_2024,0,0.0014256082,0
img_03126_2024,0,0.00019561799,0
img_03139_2024,0,1.1442613e-05,0
img_03141_2024,0,3.614772e-05,0
img_03138_2024,0,0.68250483,1
img_03140_2024,0,6.1832296e-05,0
img_03143_2024,0,0.0007910286,0
img_03142_2024,0,0.000112062895,0
img_03149_2024,0,0.0006221816,0
img_03146_2024,0,0.00052330235,0
img_03145_2024,0,0.00014558411,0
img_03150_2024,0,0.00025067193,0
img_03151_2024,0,6.0126324e-05,0
img_03154_2024,0,0.0016538759,0
img_03152_2024,0,0.00032633278,0
img_03155_2024,0,4.0667533e-06,0
img_03156_2024,0,8.053902e-05,0
img_03147_2024,0,0.00021642826,0
img_03148_2024,0,0.0018663779,0
img_03160_2024,0,1.4532058e-06,0
img_03144_2024,0,2.7874215e-05,0
img_03157_2024,0,8.602813e-05,0
img_03159_2024,0,1.5003667e-06,0
img_03162_2024,0,9.1413483e-07,0
img_03163_2024,0,5.4571633e-06,0
img_03161_2024,0,0.0028023832,0
img_03164_2024,0,0.0032637755,0
img_03166_2024,0,9.079668e-05,0
img_03158_2024,0,2.2326883e-05,0
img_03165_2024,0,5.9416347e-05,0
img_03153_2024,0,4.7524172e-05,0
img_03170_2024,0,0.0006860848,0
img_03172_2024,0,0.0003877734,0
img_03173_2024,0,0.0011520342,0
img_03171_2024,0,3.971877e-05,0
img_03168_2024,0,7.5100965e-05,0
img_03175_2024,0,0.008823673,0
img_03176_2024,0,0.00017038957,0
img_03169_2024,0,9.918953e-06,0
img_03178_2024,0,0.0032888362,0
img_03179_2024,0,0.0003558604,0
img_03174_2024,0,0.46300766,1
img_03177_2024,0,2.4178167e-05,0
img_03181_2024,0,2.1312488e-05,0
img_03180_2024,0,4.2933234e-06,0
img_03167_2024,0,0.0001335571,0
img_03183_2024,0,1.7375882e-05,0
img_03182_2024,0,0.8229758,1
img_03186_2024,0,8.461934e-05,0
img_03192_2024,0,0.00014031585,0
img_03185_2024,0,0.00019380823,0
img_03187_2024,0,0.0014810242,0
img_03196_2024,0,0.119187884,0
img_03191_2024,0,6.5413415e-06,0
img_03195_2024,0,0.00035272533,0
img_03190_2024,0,0.012136612,0
img_03189_2024,0,3.8976923e-06,0
img_03194_2024,0,8.449655e-06,0
img_03193_2024,0,0.00069865905,0
img_03199_2024,0,0.042919733,0
img_03184_2024,0,3.9675575e-05,0
img_03188_2024,0,1.8911678e-06,0
img_03200_2024,0,2.8318938e-05,0
img_03197_2024,0,2.8372035e-06,0
img_03211_2024,0,1.0677247e-05,0
img_03204_2024,0,0.00026876738,0
img_03201_2024,0,4.3975764e-05,0
img_03202_2024,0,0.00026293154,0
img_03198_2024,0,1.0422445e-05,0
img_03208_2024,0,0.0001448697,0
img_03213_2024,0,0.00012388172,0
img_03207_2024,0,0.00010182715,0
img_03209_2024,0,1.488883e-05,0
img_03203_2024,0,0.00041879228,0
img_03214_2024,0,5.3737716e-05,0
img_03212_2024,0,6.4731685e-05,0
img_03205_2024,0,0.0006884604,0
img_03210_2024,0,1.7035209e-05,0
img_03216_2024,0,1.121999e-05,0
img_03215_2024,0,1.7312019e-05,0
img_03218_2024,0,3.3528718e-06,0
img_03221_2024,0,0.00019082718,0
img_03217_2024,0,1.0147182e-06,0
img_03223_2024,0,0.2304829,1
img_03219_2024,0,8.282978e-06,0
img_03222_2024,0,2.5555435e-06,0
img_03220_2024,0,3.767419e-05,0
img_03225_2024,0,0.0002594824,0
img_03227_2024,0,0.0029214157,0
img_03226_2024,0,0.1252363,0
img_03230_2024,0,1.6218439e-05,0
img_03233_2024,0,2.8052593e-05,0
img_03231_2024,0,1.1260101e-06,0
img_03237_2024,0,0.46610492,1
img_03229_2024,0,0.0032914053,0
img_03228_2024,0,6.206435e-05,0
img_03235_2024,0,0.00023399791,0
img_03239_2024,0,0.00012512483,0
img_03238_2024,0,4.6024663e-05,0
img_03224_2024,0,6.7459287e-06,0
img_03236_2024,0,5.8905276e-05,0
img_03234_2024,0,1.2373406e-05,0
img_03240_2024,0,0.019217804,0
img_03232_2024,0,2.2843045e-05,0
img_03242_2024,0,0.02673457,0
img_03245_2024,0,1.7506465e-05,0
img_03249_2024,0,0.00025792082,0
img_03247_2024,0,0.004809536,0
img_03254_2024,0,0.0001224,0
img_03243_2024,0,1.3158693e-05,0
img_03256_2024,0,6.3348336e-05,0
img_03250_2024,0,4.9010127e-06,0
img_03251_2024,0,0.0016071682,0
img_03244_2024,0,2.633451e-06,0
img_03241_2024,0,0.07768111,0
img_03255_2024,0,6.87434e-05,0
img_03258_2024,0,0.0017121645,0
img_03257_2024,0,4.5260977e-06,0
img_03261_2024,0,1.20836685e-05,0
img_03265_2024,0,2.2638304e-05,0
img_03264_2024,0,0.0016680817,0
img_03259_2024,0,0.003608925,0
img_03263_2024,0,3.3405806e-06,0
img_03266_2024,0,0.00085343106,0
img_03267_2024,0,2.2279144e-06,0
img_03268_2024,0,0.011804396,0
img_03269_2024,0,9.129351e-06,0
img_03260_2024,0,8.124561e-05,0
img_03253_2024,0,2.254811e-05,0
img_03270_2024,0,5.7639277e-06,0
img_03271_2024,0,0.00014483159,0
img_03246_2024,0,3.552812e-05,0
img_03206_p01_2024,0,9.797525e-06,0
img_03206_p02_2024,0,3.6796482e-05,0
img_03206_p03_2024,0,1.3611457e-05,0
img_03206_p04_2024,0,1.7750073e-05,0
img_03274_2024,0,0.00027509546,0
img_03248_p01_2024,0,1.0409104e-05,0
img_03248_p02_2024,0,0.001847345,0
img_03273_2024,0,6.560865e-06,0
img_03275_2024,0,6.430188e-05,0
img_03272_2024,0,2.3579092e-05,0
img_03276_2024,0,0.0003482613,0
img_03277_2024,0,2.469873e-05,0
img_03252_p01_2024,0,0.001414428,0
img_03252_p02_2024,0,4.20785e-05,0
img_03262_p01_2024,0,0.003728233,0
img_03262_p02_2024,0,0.00015823783,0
img_03279_2024,0,1.50290325e-05,0
img_03280_2024,0,8.507162e-05,0
img_03284_2024,0,0.9032812,1
img_03282_2024,0,1.7381515e-05,0
img_03281_2024,0,0.0067869546,0
img_03285_2024,0,2.1905116e-05,0
img_03292_2024,0,0.02024331,0
img_03289_2024,0,0.043482184,0
img_03283_2024,0,5.44956e-05,0
img_03286_2024,0,0.00023754354,0
img_03291_2024,0,9.963425e-06,0
img_03290_2024,0,6.4322867e-06,0
img_03293_2024,0,9.650833e-05,0
img_03288_2024,0,0.023579026,0
img_03294_2024,0,4.512177e-06,0
img_03287_2024,0,0.019537115,0
img_03085_p01_2024,0,6.3005114e-05,0
img_03085_p02_2024,0,2.6366642e-05,0
img_03085_p03_2024,0,0.00014543552,0
img_03085_p04_2024,0,1.630499e-05,0
img_03085_p05_2024,0,1.2846486e-05,0
img_03085_p06_2024,0,3.411517e-05,0
img_03085_p07_2024,0,2.052015e-05,0
img_03085_p08_2024,0,1.4109007e-05,0
img_03085_p09_2024,0,7.204934e-06,0
img_03085_p10_2024,0,7.2965995e-05,0
img_03047_p01_2024,0,1.7415693e-06,0
img_03047_p02_2024,0,1.1490447e-06,0
img_03047_p03_2024,0,9.074527e-05,0
img_03047_p04_2024,0,1.3332518e-05,0
img_03047_p05_2024,0,7.756996e-06,0
img_03047_p06_2024,0,0.0014191138,0
img_03047_p07_2024,0,8.782141e-05,0
img_03047_p08_2024,0,0.00033223917,0
img_03047_p09_2024,0,9.941764e-05,0
img_03047_p10_2024,0,0.00010261661,0
img_03296_2024,0,0.0005716441,0
img_03295_2024,0,0.21719779,1
img_03297_2024,0,3.5405646e-05,0
img_03300_2024,0,3.2332568e-06,0
img_03305_2024,0,0.0001312231,0
img_03308_2024,0,0.0018706893,0
img_03304_2024,0,1.7428938e-05,0
img_03306_2024,0,5.6065364e-06,0
img_03310_2024,0,4.2253054e-05,0
img_03301_2024,0,3.4663074e-06,0
img_03313_2024,0,0.00012522498,0
img_03309_2024,0,6.697205e-06,0
img_03307_2024,0,0.00013710602,0
img_03303_2024,0,6.468525e-06,0
img_03312_2024,0,2.1092439e-05,0
img_03311_2024,0,5.0584335e-05,0
img_03299_2024,0,0.0051408447,0
img_03302_2024,0,9.018987e-05,0
img_03316_2024,0,0.0007443403,0
img_03314_2024,0,0.006128524,0
img_03315_2024,0,4.523072e-05,0
img_03317_2024,0,0.2220339,1
img_03320_2024,0,0.00014024336,0
img_03319_2024,0,0.037980054,0
img_03323_2024,0,1.0796593e-06,0
img_03318_2024,0,1.1694364e-05,0
img_03324_2024,0,0.0048203547,0
img_03325_2024,0,0.2740189,1
img_03322_2024,0,3.3721077e-05,0
img_03321_2024,0,0.0027149853,0
img_03327_2024,0,0.00017321779,0
img_03329_2024,0,0.0006383084,0
img_03328_2024,0,7.2299554e-05,0
img_03331_2024,0,0.00048329157,0
img_03333_2024,0,0.0009255682,0
img_03326_2024,0,6.197261e-06,0
img_03330_2024,0,0.015181933,0
img_03334_2024,0,0.00044983742,0
img_03336_2024,0,3.9577175e-05,0
img_03342_2024,0,2.6179982e-06,0
img_03335_2024,0,0.0057370835,0
img_03332_2024,0,0.00013671724,0
img_03339_2024,0,0.00011896617,0
img_03343_2024,0,4.8995503e-06,0
img_03344_2024,0,4.1054118e-05,0
img_03340_2024,0,4.6021854e-05,0
img_03347_2024,0,5.3503727e-06,0
img_03346_2024,0,0.00020031865,0
img_03345_2024,0,7.163434e-05,0
img_03349_2024,0,8.87963e-05,0
img_03348_2024,0,0.0019969,0
img_03337_2024,0,0.0017253179,0
img_03341_2024,0,0.0002862326,0
img_03352_2024,0,4.184864e-06,0
img_03351_2024,0,7.0659684e-05,0
img_03353_2024,0,1.736624e-05,0
img_03355_2024,0,6.340593e-05,0
img_03357_2024,0,0.00016402679,0
img_03361_2024,0,0.0012217212,0
img_03356_2024,0,2.9858444e-05,0
img_03359_2024,0,0.0018391144,0
img_03354_2024,0,3.4403856e-05,0
img_03358_2024,0,9.075712e-05,0
img_03360_2024,0,9.414027e-06,0
img_03338_p01_2024,0,0.0013527174,0
img_03338_p02_2024,0,0.0004985162,0
img_03362_2024,0,1.6913267e-05,0
img_03368_2024,0,2.6191092e-05,0
img_03365_2024,0,8.1877915e-06,0
img_03369_2024,0,5.1547748e-05,0
img_03278_p01_2024,0,7.111557e-05,0
img_03278_p02_2024,0,0.00043770307,0
img_03278_p03_2024,0,9.6923344e-05,0
img_03278_p04_2024,0,0.00027766565,0
img_03278_p05_2024,0,8.903456e-05,0
img_03278_p06_2024,0,0.00038539566,0
img_03370_2024,0,0.0005678851,0
img_03366_2024,0,2.9042534e-05,0
img_03371_2024,0,9.49704e-05,0
img_03298_p01_2024,0,1.0613907e-05,0
img_03298_p02_2024,0,3.318057e-05,0
img_03298_p03_2024,0,2.0702639e-05,0
img_03298_p04_2024,0,3.5758065e-05,0
img_03374_2024,0,4.519761e-06,0
img_03364_2024,0,0.033066023,0
img_03380_2024,0,1.2034241e-05,0
img_03350_p01_2024,0,0.24987894,1
img_03350_p02_2024,0,0.0072229137,0
img_03376_2024,0,1.6244647e-05,0
img_03382_2024,0,2.6981263e-05,0
img_03373_2024,0,0.00028534865,0
img_03372_2024,0,5.7594602e-06,0
img_03379_2024,0,0.00181697,0
img_03377_2024,0,1.160711e-05,0
img_03375_2024,0,1.18123235e-05,0
img_03387_2024,0,4.280041e-06,0
img_03383_2024,0,2.6290295e-06,0
img_03386_2024,0,4.1935087e-05,0
img_03381_2024,0,1.7534352e-06,0
img_03389_2024,0,0.0004232135,0
img_03367_p01_2024,0,1.2841612e-05,0
img_03367_p02_2024,0,1.5858119e-05,0
img_03395_2024,0,0.00018553171,0
img_03388_2024,0,5.376097e-07,0
img_03378_2024,0,0.0012937142,0
img_03385_2024,0,4.0822262e-05,0
img_03384_2024,0,1.4419242e-05,0
img_03391_2024,0,0.00030777065,0
img_03393_2024,0,5.8789225e-05,0
img_03390_2024,0,0.00015166569,0
img_03392_2024,0,1.1651417e-05,0
img_03394_2024,0,4.8675807e-05,0
img_03398_2024,0,0.0014511959,0
img_03397_2024,0,2.7172551e-05,0
img_03400_2024,0,0.00016770023,0
img_03403_2024,0,1.6003213e-06,0
img_03399_2024,0,0.0001935257,0
img_03363_p01_2024,0,4.1027273e-05,0
img_03363_p02_2024,0,4.80639e-05,0
img_03363_p03_2024,0,0.0010349661,0
img_03396_2024,0,7.1570025e-06,0
img_03401_2024,0,1.0493025e-05,0
img_03407_2024,0,6.9115686e-06,0
img_03402_2024,0,0.00011063333,0
img_03406_2024,0,0.002067602,0
img_03408_2024,0,3.0464532e-06,0
img_03410_2024,0,4.8386837e-06,0
img_03404_2024,0,0.00010217215,0
img_03409_2024,0,4.8386464e-05,0
img_03405_2024,0,2.1158216e-05,0
img_03416_2024,0,0.0001176022,0
img_03412_2024,0,0.00026236012,0
img_03414_2024,0,5.264831e-05,0
img_03413_2024,0,4.033499e-05,0
img_03415_2024,0,1.0650308e-05,0
img_03419_2024,0,6.4930064e-06,0
img_03418_2024,0,0.001028641,0
img_03424_2024,0,0.002144813,0
img_03421_2024,0,6.837643e-05,0
img_03420_2024,0,0.0025215824,0
img_03422_2024,0,4.949127e-05,0
img_03423_2024,0,0.0003145291,0
img_03411_2024,0,7.8256735e-06,0
img_03426_2024,0,1.2155744e-05,0
img_03428_2024,0,3.7399263e-06,0
img_03434_2024,0,5.3429845e-05,0
img_03431_2024,0,3.4694353e-05,0
img_03435_2024,0,4.8383513e-06,0
img_03427_2024,0,0.05726027,0
img_03433_2024,0,3.1543884e-06,0
img_03432_2024,0,1.247062e-06,0
img_03429_2024,0,0.007759582,0
img_03438_2024,0,2.601125e-05,0
img_03439_2024,0,0.0005741855,0
img_03417_2024,0,0.00021136417,0
img_03436_2024,0,1.9708681e-05,0
img_03440_2024,0,1.743271e-05,0
img_03430_2024,0,2.5375035e-05,0
img_03442_2024,0,4.618352e-06,0
img_03444_2024,0,0.0008227535,0
img_03441_2024,0,7.6010315e-06,0
img_03425_p01_2024,0,0.00042638322,0
img_03425_p02_2024,0,0.00011796013,0
img_03437_2024,0,5.4404576e-05,0
img_03448_2024,0,0.0009044774,0
img_03450_2024,0,1.9066249e-05,0
img_03449_2024,0,1.1323993e-06,0
img_03445_2024,0,4.262462e-05,0
img_03454_2024,0,6.438036e-05,0
img_03456_2024,0,3.2894408e-05,0
img_03452_2024,0,5.581084e-05,0
img_03451_2024,0,1.2449739e-05,0
img_03453_2024,0,0.00072725676,0
img_03443_2024,0,8.3586936e-05,0
img_03458_2024,0,0.0004817303,0
img_03457_2024,0,0.014517053,0
img_03460_2024,0,5.1890966e-05,0
img_03461_2024,0,4.704e-06,0
img_03459_2024,0,0.0108623495,0
img_03447_2024,0,3.452069e-05,0
img_03462_2024,0,0.00011163478,0
img_03446_2024,0,2.1462645e-05,0
img_03465_2024,0,8.4718326e-05,0
img_03468_2024,0,0.0087736575,0
img_03470_2024,0,0.00039932408,0
img_03463_2024,0,0.0004463015,0
img_03471_2024,0,0.033159047,0
img_03466_2024,0,4.7033678e-05,0
img_03469_2024,0,0.000135219,0
img_03473_2024,0,0.00057413656,0
img_03464_2024,0,2.1128455e-05,0
img_03474_2024,0,0.0016512091,0
img_03476_2024,0,0.0008640004,0
img_03475_2024,0,7.526095e-06,0
img_03472_2024,0,7.661247e-05,0
img_03479_2024,0,1.2020362e-05,0
img_03467_2024,0,0.00021484349,0
img_03477_2024,0,3.8776716e-06,0
img_03480_2024,0,0.0002360244,0
img_03482_2024,0,0.031044304,0
img_03481_2024,0,0.00013803213,0
img_03478_2024,0,3.4471675e-06,0
img_03484_2024,0,7.229225e-05,0
img_03488_2024,0,0.0032877594,0
img_03490_2024,0,5.615998e-06,0
img_03489_2024,0,4.8381433e-05,0
img_03485_2024,0,0.00020321934,0
img_03492_2024,0,0.0002502316,0
img_03493_2024,0,1.7616345e-05,0
img_03494_2024,0,0.0008685435,0
img_03486_2024,0,4.463515e-06,0
img_03491_2024,0,0.00039210852,0
img_03483_2024,0,0.0011937267,0
img_03497_2024,0,3.6247611e-06,0
img_03501_2024,0,5.2809887e-06,0
img_03499_2024,0,5.9544655e-05,0
img_03487_2024,0,2.5107822e-06,0
img_03500_2024,0,3.5793957e-05,0
img_03504_2024,0,9.3667084e-05,0
img_03502_2024,0,0.9920839,1
img_03507_2024,0,0.0031998646,0
img_03505_2024,0,0.0085392585,0
img_03510_2024,0,5.6992158e-06,0
img_03503_2024,0,1.9075069e-05,0
img_03509_2024,0,0.023021713,0
img_03511_2024,0,0.0005419592,0
img_03496_2024,0,8.733494e-05,0
img_03513_2024,0,0.0008637588,0
img_03498_2024,0,0.00038282838,0
img_03515_2024,0,1.7135724e-05,0
img_03514_2024,0,1.5603395e-05,0
img_03508_2024,0,2.3952685e-05,0
img_03518_2024,0,0.0003016985,0
img_03516_2024,0,0.00068266486,0
img_03522_2024,0,2.6674661e-05,0
img_03517_2024,0,0.00030104714,0
img_03521_2024,0,0.00019336227,0
img_03512_2024,0,7.3673705e-06,0
img_03524_2024,0,0.0012970923,0
img_03527_2024,0,0.002249651,0
img_03525_2024,0,0.00037200766,0
img_03526_2024,0,0.0048042485,0
img_03519_2024,0,0.00014891656,0
img_03528_2024,0,0.00022488889,0
img_03523_2024,0,1.2879534e-05,0
img_03530_2024,0,2.7110535e-05,0
img_03050_p01_2024,0,0.00014076063,0
img_03050_p02_2024,0,0.011096872,0
img_03050_p03_2024,0,1.3718295e-06,0
img_03050_p04_2024,0,0.24546468,1
img_03050_p05_2024,0,4.4338663e-05,0
img_03050_p06_2024,0,4.0213476e-05,0
img_03050_p07_2024,0,9.935226e-06,0
img_03050_p08_2024,0,7.162062e-06,0
img_03050_p09_2024,0,2.9266123e-05,0
img_03050_p10_2024,0,5.3651536e-05,0
img_03050_p11_2024,0,4.7263707e-06,0
img_03050_p12_2024,0,0.00020656266,0
img_03050_p13_2024,0,1.134057e-05,0
img_03050_p14_2024,0,1.7770839e-05,0
img_03050_p15_2024,0,0.00016714867,0
img_03050_p16_2024,0,2.9718081e-05,0
img_03050_p17_2024,0,1.5860009e-05,0
img_03050_p18_2024,0,0.0028385913,0
img_03050_p19_2024,0,7.594552e-05,0
img_03050_p20_2024,0,0.00017689115,0
img_03050_p21_2024,0,7.3935257e-06,0
img_03050_p22_2024,0,0.0044768876,0
img_03050_p23_2024,0,0.0012387654,0
img_03050_p24_2024,0,4.3100194e-05,0
img_03050_p26_2024,0,0.00016877196,0
img_03050_p27_2024,0,0.0002201189,0
img_03529_2024,0,1.9291818e-05,0
img_03533_2024,0,0.010492967,0
img_03531_2024,0,2.4069097e-05,0
img_03532_2024,0,5.3451704e-06,0
img_03535_2024,0,0.000120433666,0
img_03534_2024,0,0.0012128795,0
img_03536_2024,0,1.1096172e-06,0
img_03539_2024,0,0.9926242,1
img_03538_2024,0,6.7122004e-05,0
img_03541_2024,0,6.892542e-05,0
img_03542_2024,0,0.00027468242,0
img_03543_2024,0,5.4361053e-06,0
img_03544_2024,0,0.00013547983,0
img_03455_p01_2024,0,1.7224787e-05,0
img_03455_p02_2024,0,9.035254e-06,0
img_03455_p03_2024,0,0.0009681378,0
img_03455_p04_2024,0,0.00030036768,0
img_03520_p01_2024,0,0.00031203637,0
img_03520_p02_2024,0,6.8183435e-05,0
img_03546_2024,0,8.203674e-05,0
img_03547_2024,0,3.4496763e-05,0
img_03545_2024,0,0.019336756,0
img_03554_2024,0,0.00048754917,0
img_03548_2024,0,3.288365e-05,0
img_03551_2024,0,0.52341855,1
img_03550_2024,0,1.6872236e-05,0
img_03549_2024,0,0.00035077016,0
img_03555_2024,0,0.0008573687,0
img_03552_2024,0,0.0011177533,0
img_03558_2024,0,0.00014087502,0
img_03540_2024,0,0.0542907,0
img_03556_2024,0,3.6113164e-05,0
img_03560_2024,0,4.9071736e-05,0
img_03563_2024,0,1.9684674e-05,0
img_03559_2024,0,3.866162e-05,0
img_03561_2024,0,5.8462597e-06,0
img_03566_2024,0,0.056543164,0
img_03567_2024,0,6.5156964e-05,0
img_03568_2024,0,0.0006968915,0
img_03571_2024,0,1.7884733e-05,0
img_03570_2024,0,0.000805416,0
img_03562_2024,0,0.00016859279,0
img_03569_2024,0,0.00020015483,0
img_03564_2024,0,3.0279214e-05,0
img_03572_2024,0,7.603503e-06,0
img_03575_2024,0,0.0015482422,0
img_03553_p01_2024,0,7.4180116e-06,0
img_03553_p02_2024,0,5.155129e-06,0
img_03576_2024,0,8.533906e-07,0
img_03580_2024,0,2.284699e-06,0
img_03574_2024,0,0.025209436,0
img_03573_2024,0,0.00032506743,0
img_03577_2024,0,0.019265996,0
img_03578_2024,0,0.09652725,0
img_03581_2024,0,5.237594e-05,0
img_03583_2024,0,0.00023713485,0
img_03584_2024,0,4.614944e-06,0
img_03495_p01_2024,0,0.00048516854,0
img_03495_p02_2024,0,0.0153865805,0
img_03495_p03_2024,0,0.002597258,0
img_03495_p04_2024,0,0.026188698,0
img_03495_p05_2024,0,5.7930237e-07,0
img_03582_2024,0,0.0001662704,0
img_03585_2024,0,0.0024230902,0
img_03588_2024,0,1.6124688e-05,0
img_03579_2024,0,1.1483082e-05,0
img_03587_2024,0,0.00033177485,0
img_03589_2024,0,0.00089225156,0
img_03593_2024,0,1.820324e-05,0
img_03591_2024,0,5.075076e-06,0
img_03590_2024,0,0.00015874728,0
img_03598_2024,0,1.5991945e-05,0
img_03596_2024,0,1.02835e-05,0
img_03597_2024,0,0.000103481325,0
img_03595_2024,0,5.578983e-06,0
img_03594_2024,0,0.4687013,1
img_03599_2024,0,7.147182e-05,0
img_03586_2024,0,0.0005356243,0
img_03602_2024,0,0.00022745722,0
img_03537_p01_2024,0,1.14242075e-05,0
img_03537_p02_2024,0,3.2316817e-05,0
img_03537_p03_2024,0,3.419891e-06,0
img_03537_p04_2024,0,1.4740191e-05,0
img_03600_2024,0,0.08453596,0
img_03592_2024,0,2.5607871e-05,0
img_03608_2024,0,0.99683386,1
img_03604_2024,0,0.0027432772,0
img_03603_2024,0,4.7321388e-05,0
img_03601_2024,0,7.404672e-05,0
img_03605_2024,0,0.000170386,0
img_03607_2024,0,3.9625553e-05,0
img_03609_2024,0,4.2455857e-05,0
img_03606_2024,0,1.7862607e-05,0
img_03614_2024,0,0.0035464056,0
img_03613_2024,0,2.512919e-06,0
img_03616_2024,0,0.011038149,0
img_03620_2024,0,0.0005920934,0
img_03612_2024,0,1.085499e-05,0
img_03621_2024,0,0.000545187,0
img_03619_2024,0,0.0001742005,0
img_03624_2024,0,0.00047260616,0
img_03610_2024,0,2.6071102e-05,0
img_03618_2024,0,2.5261603e-05,0
img_03615_2024,0,9.808604e-06,0
img_03623_2024,0,0.25134724,1
img_03622_2024,0,8.985474e-05,0
img_03625_2024,0,6.0860388e-05,0
img_03627_2024,0,5.5957025e-05,0
img_03565_p01_2024,0,5.261017e-06,0
img_03565_p02_2024,0,1.899458e-05,0
img_03565_p03_2024,0,4.151794e-06,0
img_03565_p04_2024,0,5.5612354e-06,0
img_03629_2024,0,4.5573606e-06,0
img_03626_2024,0,1.998982e-06,0
img_03628_2024,0,0.00021132587,0
img_03631_2024,0,6.0651037e-06,0
img_03632_2024,0,0.0012233212,0
img_03557_p01_2024,0,0.0001052846,0
img_03557_p02_2024,0,0.0028453588,0
img_03557_p03_2024,0,2.1045062e-05,0
img_03557_p04_2024,0,2.2441507e-06,0
img_03635_2024,0,2.5693293e-05,0
img_03637_2024,0,1.6272696e-05,0
img_03634_2024,0,0.0004586083,0
img_03638_2024,0,6.692164e-05,0
img_03640_2024,0,0.28708312,1
img_03641_2024,0,9.654787e-06,0
img_03630_2024,0,4.1222105e-05,0
img_03633_2024,0,0.00027595682,0
img_03642_2024,0,8.476269e-05,0
img_03645_2024,0,2.509894e-06,0
img_03639_2024,0,7.894915e-05,0
img_03646_2024,0,2.0772352e-06,0
img_03617_p01_2024,0,2.6298212e-05,0
img_03617_p02_2024,0,8.390182e-05,0
img_03648_2024,0,0.0006132533,0
img_03649_2024,0,5.2770665e-06,0
img_03650_2024,0,0.011881986,0
img_03651_2024,0,0.0010623124,0
img_03653_2024,0,3.6052294e-05,0
img_03652_2024,0,0.00024178103,0
img_03647_2024,0,0.0010759123,0
img_03657_2024,0,6.373742e-05,0
img_03654_2024,0,6.258295e-05,0
img_03636_p01_2024,0,0.03406829,0
img_03636_p02_2024,0,0.0044678096,0
img_03643_2024,0,4.1370575e-05,0
img_03656_2024,0,0.0040464574,0
img_03611_p01_2024,0,1.0405848e-05,0
img_03611_p02_2024,0,0.00013684336,0
img_03611_p03_2024,0,7.692932e-05,0
img_03660_2024,0,0.00035406163,0
img_03665_2024,0,0.17042963,1
img_03661_2024,0,0.00021215402,0
img_03662_2024,0,0.00036205797,0
img_03658_2024,0,0.00086128264,0
img_03668_2024,0,0.004142259,0
img_03667_2024,0,1.3244038e-05,0
img_03664_2024,0,6.839384e-05,0
img_03669_2024,0,3.285691e-05,0
img_03666_2024,0,0.008070782,0
img_03670_2024,0,1.0569548e-06,0
img_03672_2024,0,6.778722e-06,0
img_03663_2024,0,2.0122803e-05,0
img_03673_2024,0,3.1854364e-05,0
img_03671_2024,0,6.644282e-06,0
img_03655_p01_2024,0,2.4457891e-05,0
img_03655_p02_2024,0,1.2497431e-06,0
img_03659_2024,0,0.0003569504,0
img_03675_2024,0,5.837337e-05,0
img_03677_2024,0,0.0011493197,0
img_03679_2024,0,1.5008952e-05,0
img_03681_2024,0,0.00010140544,0
img_03685_2024,0,0.06814106,0
img_03689_2024,0,0.0012295939,0
img_03691_2024,0,1.4614023e-05,0
img_03690_2024,0,0.03131556,0
img_03687_2024,0,7.620236e-06,0
img_03683_2024,0,8.309142e-06,0
img_03684_2024,0,0.0017911651,0
img_03688_2024,0,2.9493372e-05,0
img_03692_2024,0,8.448995e-06,0
img_03680_2024,0,1.0188606e-05,0
img_03686_2024,0,1.6024922e-05,0
img_03676_2024,0,1.3996101e-05,0
img_03693_2024,0,5.2511125e-05,0
img_03695_2024,0,0.019631794,0
img_03678_p01_2024,0,2.6563297e-05,0
img_03678_p02_2024,0,0.0026525853,0
img_03694_2024,0,2.4376475e-06,0
img_03696_2024,0,0.0057954886,0
img_03697_2024,0,0.0116362395,0
img_03701_2024,0,0.00012125758,0
img_03644_p01_2024,0,6.425346e-06,0
img_03644_p02_2024,0,1.6265943e-06,0
img_03644_p03_2024,0,4.4833228e-06,0
img_03644_p04_2024,0,2.520244e-06,0
img_03674_p01_2024,0,1.5318188e-05,0
img_03674_p02_2024,0,6.302951e-05,0
img_03705_2024,0,0.0003025168,0
img_03703_2024,0,3.0477806e-05,0
img_03698_2024,0,8.581841e-06,0
img_03707_2024,0,0.00071401236,0
img_03699_2024,0,0.032981027,0
img_03706_2024,0,0.00016736524,0
img_03700_2024,0,2.9682904e-05,0
img_03710_2024,0,0.00011689225,0
img_03704_2024,0,9.2447925e-05,0
img_03712_2024,0,0.0077402536,0
img_03506_p01_2024,0,0.022265041,0
img_03506_p02_2024,0,0.09617885,0
img_03506_p03_2024,0,0.038922362,0
img_03506_p04_2024,0,0.024603805,0
img_03506_p05_2024,0,0.03489597,0
img_03506_p06_2024,0,0.0014487596,0
img_03506_p07_2024,0,0.017121261,0
img_03506_p08_2024,0,0.00013797726,0
img_03506_p09_2024,0,0.007999395,0
img_03708_2024,0,0.0027991522,0
img_03702_2024,0,0.0059086597,0
img_03711_2024,0,0.008194635,0
img_03682_p01_2024,0,3.8825115e-06,0
img_03682_p02_2024,0,1.5179875e-05,0
img_03713_2024,0,0.0114224525,0
img_03709_2024,0,1.16631445e-05,0
img_03715_2024,0,2.2392389e-05,0
img_03720_2024,0,3.660549e-05,0
img_03718_2024,0,2.3453304e-05,0
img_03717_2024,0,8.023907e-06,0
img_03723_2024,0,1.643917e-05,0
img_03726_2024,0,0.0014937181,0
img_03721_2024,0,4.611512e-06,0
img_03729_2024,0,1.02121285e-05,0
img_03728_2024,0,3.559944e-05,0
img_03731_2024,0,3.106379e-06,0
img_03725_2024,0,0.0335024,0
img_03733_2024,0,5.601655e-05,0
img_03738_2024,0,0.24509764,1
img_03735_2024,0,8.394551e-05,0
img_03732_2024,0,1.2636954e-05,0
img_03724_2024,0,0.00010049738,0
img_03739_2024,0,6.353612e-07,0
img_03737_2024,0,3.0136041e-05,0
img_03740_2024,0,0.34097677,1
img_03727_2024,0,0.00014165779,0
img_03716_2024,0,6.2358263e-06,0
img_03741_2024,0,0.0013501272,0
img_03736_2024,0,0.00053878204,0
img_03745_2024,0,3.990153e-05,0
img_03719_2024,0,0.015468941,0
img_03742_2024,0,1.0614929e-05,0
img_03744_2024,0,6.744983e-06,0
img_03722_2024,0,6.744288e-06,0
img_03747_2024,0,0.00043961636,0
img_03743_2024,0,0.009011308,0
img_03746_2024,0,0.0032206713,0
img_03749_2024,0,0.0825268,0
img_03748_2024,0,0.00011997311,0
img_03734_p01_2024,0,2.4360523e-05,0
img_03734_p02_2024,0,2.8481278e-05,0
img_03758_2024,0,0.00028447944,0
img_03752_2024,0,1.3321524e-05,0
img_03751_2024,0,0.0025596737,0
img_03756_2024,0,4.128562e-06,0
img_03750_2024,0,0.0001346313,0
img_03757_2024,0,5.176642e-05,0
img_03759_2024,0,5.3179036e-05,0
img_03760_2024,0,2.2053373e-05,0
img_03753_2024,0,3.343296e-06,0
img_03754_2024,0,1.8898907e-05,0
img_03764_2024,0,7.2881434e-05,0
img_03761_2024,0,6.346763e-05,0
img_03765_2024,0,0.002928895,0
img_03768_2024,0,0.960857,1
img_03769_2024,0,2.2851784e-05,0
img_03755_2024,0,2.0290472e-05,0
img_03774_2024,0,1.9751112e-06,0
img_03766_2024,0,2.1426156e-06,0
img_03762_2024,0,0.0018182781,0
img_03773_2024,0,0.0005191962,0
img_03772_2024,0,1.2241937e-05,0
img_03776_2024,0,0.9046672,1
img_03763_2024,0,5.045888e-06,0
img_03775_2024,0,0.00055199466,0
img_03770_2024,0,5.8798138e-05,0
img_03777_2024,0,0.019053051,0
img_03767_2024,0,1.0163812e-05,0
img_03771_2024,0,0.029401638,0
img_03781_2024,0,0.00017700063,0
img_03780_2024,0,1.036454e-05,0
img_03779_2024,0,0.00018503123,0
img_03784_2024,0,3.2606073e-05,0
img_03782_2024,0,5.1372075e-07,0
img_03786_2024,0,0.00014315486,0
img_03788_2024,0,1.5158973e-05,0
img_03789_2024,0,2.4467434e-05,0
img_03787_2024,0,0.0027674339,0
img_03785_2024,0,1.2100447e-05,0
img_03790_2024,0,0.00029335634,0
img_03791_2024,0,0.5422056,1
img_03793_2024,0,0.0003065881,0
img_03792_2024,0,0.13268106,0
img_03797_2024,0,8.3100786e-05,0
img_03796_2024,0,0.00072402356,0
img_03794_2024,0,1.13304195e-05,0
img_03799_2024,0,1.463606e-05,0
img_03783_2024,0,3.0351925e-05,0
img_03798_2024,0,0.00010706169,0
img_03730_p01_2024,0,3.0217945e-05,0
img_03730_p02_2024,0,3.3344313e-05,0
img_03730_p03_2024,0,0.0007749596,0
img_03730_p04_2024,0,1.7807346e-05,0
img_03778_p01_2024,0,2.8475827e-06,0
img_03778_p02_2024,0,0.00028288935,0
img_03801_2024,0,0.056679852,0
img_03795_2024,0,1.1843953e-05,0
img_03802_2024,0,7.307553e-05,0
img_03803_2024,0,3.26653e-05,0
img_03804_2024,0,0.010037892,0
img_03806_2024,0,2.838851e-05,0
img_03805_2024,0,2.3090452e-05,0
img_03808_2024,0,2.173049e-05,0
img_03809_2024,0,3.8600465e-05,0
img_03807_2024,0,8.340532e-05,0
img_03810_2024,0,0.0011450971,0
img_03812_2024,0,1.7160712e-05,0
img_03815_2024,0,5.5207634e-06,0
img_03811_2024,0,9.099092e-05,0
img_03816_2024,0,0.11368361,0
img_03817_2024,0,0.030809727,0
img_03814_2024,0,3.2032935e-05,0
img_03818_2024,0,4.74639e-06,0
img_03819_2024,0,0.0009212651,0
img_03813_2024,0,0.00044378728,0
img_03824_2024,0,0.00022901403,0
img_03823_2024,0,0.0002541891,0
img_03822_2024,0,1.3086198e-05,0
img_03826_2024,0,8.204097e-05,0
img_03825_2024,0,2.039669e-05,0
img_03828_2024,0,0.00016958757,0
img_03830_2024,0,4.6955836e-05,0
img_03829_2024,0,0.023969095,0
img_03833_2024,0,0.0006496979,0
img_03831_2024,0,9.236377e-05,0
img_03827_2024,0,0.00026495024,0
img_03838_2024,0,0.6505708,1
img_03840_2024,0,0.33536175,1
img_03837_2024,0,5.4134387e-07,0
img_03836_2024,0,1.1589379e-05,0
img_03832_2024,0,3.1952575e-05,0
img_03839_2024,0,0.00010460241,0
img_03820_p01_2024,0,8.360573e-07,0
img_03820_p02_2024,0,3.397631e-05,0
img_03835_2024,0,0.0009326062,0
img_03841_2024,0,1.997659e-05,0
img_03842_2024,0,2.6750236e-06,0
img_03846_2024,0,6.923945e-07,0
img_03847_2024,0,0.003494328,0
img_03849_2024,0,8.892165e-06,0
img_03845_2024,0,8.569358e-05,0
img_03848_2024,0,0.000103186416,0
img_03850_2024,0,0.00022803526,0
img_03852_2024,0,3.163018e-05,0
img_03858_2024,0,2.2278155e-05,0
img_03853_2024,0,1.4682053e-05,0
img_03855_2024,0,0.00019906352,0
img_03854_2024,0,1.5397349e-05,0
img_03800_p01_2024,0,3.0796855e-05,0
img_03800_p02_2024,0,8.17496e-05,0
img_03800_p03_2024,0,5.664964e-05,0
img_03800_p04_2024,0,3.1469935e-05,0
img_03860_2024,0,1.0099172e-05,0
img_03851_2024,0,0.001973161,0
img_03857_2024,0,6.1479022e-06,0
img_03843_2024,0,0.017689101,0
img_03844_p01_2024,0,7.0427195e-05,0
img_03844_p02_2024,0,0.00037922186,0
img_03856_2024,0,1.1962656e-05,0
img_03861_2024,0,0.00038331994,0
img_03863_2024,0,2.3174412e-05,0
img_03862_2024,0,0.0350317,0
img_03859_2024,0,0.00013329412,0
img_03865_2024,0,6.8271456e-06,0
img_03871_2024,0,5.1943793e-05,0
img_03870_2024,0,5.9843165e-05,0
img_03868_2024,0,7.281173e-07,0
img_03864_2024,0,1.4045878e-06,0
img_03867_2024,0,5.1952014e-05,0
img_03872_2024,0,4.23144e-06,0
img_03869_2024,0,0.0011060386,0
img_03866_2024,0,1.4211257e-06,0
img_03875_2024,0,0.00011781781,0
img_03874_2024,0,8.218983e-05,0
img_03873_2024,0,0.0002052784,0
img_03876_2024,0,2.1658925e-05,0
img_03877_2024,0,0.00011516727,0
img_03821_p01_2024,0,0.00021784104,0
img_03821_p02_2024,0,2.6136498e-05,0
img_03821_p03_2024,0,0.00045198138,0
img_03821_p04_2024,0,0.01547986,0
img_03883_2024,0,0.026788801,0
img_03885_2024,0,0.00016099973,0
img_03878_2024,0,6.510523e-05,0
img_03714_p01_2024,0,0.00020904228,0
img_03714_p02_2024,0,0.0005183714,0
img_03714_p03_2024,0,4.5844395e-06,0
img_03714_p04_2024,0,2.227085e-05,0
img_03714_p05_2024,0,0.0003344944,0
img_03714_p06_2024,0,1.6256316e-05,0
img_03887_2024,0,5.8566166e-06,0
img_03886_2024,0,0.010839487,0
img_03881_2024,0,0.0019161782,0
img_03890_2024,0,2.361359e-05,0
img_03888_2024,0,7.1460227e-06,0
img_03882_2024,0,4.1714993e-06,0
img_03891_2024,0,2.550821e-05,0
img_03880_2024,0,0.00044452611,0
img_03892_2024,0,0.0017913049,0
img_03893_2024,0,2.1103948e-05,0
img_03884_2024,0,0.0036161523,0
img_03834_p01_2024,0,0.00016764394,0
img_03834_p02_2024,0,3.688959e-05,0
img_03834_p03_2024,0,8.0560756e-05,0
img_03834_p04_2024,0,4.4680008e-05,0
img_03889_2024,0,9.60327e-05,0
img_03900_2024,0,1.5315134e-05,0
img_03894_2024,0,0.0010200236,0
img_03902_2024,0,5.946111e-06,0
img_03901_2024,0,0.0002632983,0
img_03897_2024,0,1.6353077e-05,0
img_03899_2024,0,0.00023761105,0
img_03898_2024,0,1.1033682e-05,0
img_03903_2024,0,8.488969e-05,0
img_03904_2024,0,0.024666576,0
img_03895_2024,0,0.025130467,0
img_03905_2024,0,5.78822e-06,0
img_03908_2024,0,1.8057425e-06,0
img_03907_2024,0,0.00029304047,0
img_03909_2024,0,7.952901e-05,0
img_03906_2024,0,0.06590393,0
img_03913_2024,0,0.00107421,0
img_03911_2024,0,2.9349469e-05,0
img_03919_2024,0,0.00017400179,0
img_03912_2024,0,0.00063016237,0
img_03916_2024,0,1.0125732e-05,0
img_03910_2024,0,6.939486e-06,0
img_03920_2024,0,2.685944e-06,0
img_03915_2024,0,5.9058784e-06,0
img_03914_2024,0,9.398006e-06,0
img_03923_2024,0,0.011543766,0
img_03925_2024,0,0.00047544402,0
img_03922_2024,0,7.2006683e-06,0
img_03896_2024,0,0.0003377683,0
img_03924_2024,0,6.9495927e-06,0
img_03928_2024,0,4.8697722e-05,0
img_03926_2024,0,0.00076995447,0
img_03929_2024,0,3.0049718e-05,0
img_03927_2024,0,3.3601886e-05,0
img_03931_2024,0,1.0924144e-05,0
img_03921_2024,0,3.6473528e-05,0
img_03918_2024,0,0.0026024166,0
img_03932_2024,0,0.03403748,0
img_03937_2024,0,0.007582984,0
img_03936_2024,0,5.6800727e-05,0
img_03939_2024,0,2.4565607e-05,0
img_03934_2024,0,3.4717527e-06,0
img_03933_2024,0,2.2412876e-05,0
img_03941_2024,0,0.0014237697,0
img_03935_2024,0,6.6267353e-06,0
img_03942_2024,0,2.131423e-06,0
img_03930_2024,0,0.083934404,0
img_03938_2024,0,1.8050408e-05,0
img_03947_2024,0,8.398811e-05,0
img_03945_2024,0,0.000111991314,0
img_03943_2024,0,2.989266e-05,0
img_03952_2024,0,3.494925e-05,0
img_03944_2024,0,2.3409252e-06,0
img_03946_2024,0,7.8937255e-06,0
img_03950_2024,0,0.0025399534,0
img_03954_2024,0,1.2423812e-05,0
img_03948_2024,0,8.172556e-06,0
img_03951_2024,0,9.5127353e-07,0
img_03949_2024,0,0.0041784802,0
img_03940_2024,0,1.09503235e-05,0
img_03953_2024,0,0.0043622516,0
img_03957_2024,0,0.202679,1
img_03917_p01_2024,0,0.0011386892,0
img_03917_p02_2024,0,0.0073741595,0
img_03963_2024,0,2.4277126e-05,0
img_03964_2024,0,0.0009275772,0
img_03961_2024,0,5.714334e-07,0
img_03965_2024,0,1.5674997e-05,0
img_03962_2024,0,0.00018514805,0
img_03956_2024,0,3.477783e-05,0
img_03967_2024,0,0.0002850088,0
img_03969_2024,0,3.6489841e-06,0
img_03960_2024,0,4.1103754e-05,0
img_03966_2024,0,1.4567354e-05,0
img_03955_2024,0,9.090818e-05,0
img_03968_2024,0,0.029590832,0
img_03959_2024,0,4.292255e-05,0
img_03971_2024,0,3.933184e-06,0
img_03974_2024,0,0.0002526883,0
img_03972_2024,0,7.4495024e-06,0
img_03975_2024,0,4.2658194e-06,0
img_03973_2024,0,4.8627617e-06,0
img_03980_2024,0,0.02496156,0
img_03978_2024,0,1.5271236e-05,0
img_03976_2024,0,7.54129e-06,0
img_03984_2024,0,0.0034047314,0
img_03977_2024,0,0.0008237942,0
img_03981_2024,0,0.00021430173,0
img_03982_2024,0,1.5285514e-05,0
img_03979_2024,0,5.326588e-05,0
img_03970_2024,0,5.6103636e-05,0
img_03986_2024,0,0.0007621835,0
img_03987_2024,0,3.9955296e-05,0
img_03988_2024,0,0.0003928291,0
img_03985_2024,0,1.6217709e-07,0
img_03958_p01_2024,0,1.586196e-05,0
img_03958_p02_2024,0,2.0196196e-06,0
img_03994_2024,0,0.005324636,0
img_03992_2024,0,0.0011407107,0
img_03995_2024,0,4.3228207e-05,0
img_03997_2024,0,3.6564145e-06,0
img_04003_2024,0,4.944495e-06,0
img_03993_2024,0,0.0006445853,0
img_04000_2024,0,0.00057707797,0
img_04001_2024,0,3.5300147e-06,0
img_03998_2024,0,0.0038469671,0
img_03991_2024,0,0.0019125693,0
img_04002_2024,0,2.0736823e-06,0
img_03999_2024,0,0.0010037983,0
img_04004_2024,0,5.090454e-05,0
img_04006_2024,0,0.000424673,0
img_04007_2024,0,2.5546797e-05,0
img_04005_2024,0,4.5852353e-06,0
img_04010_2024,0,0.00040619055,0
img_04013_2024,0,1.7536542e-05,0
img_04014_2024,0,1.3112932e-05,0
img_04015_2024,0,0.0013876496,0
img_04008_2024,0,1.8173596e-05,0
img_03990_p01_2024,0,2.4885554e-05,0
img_03990_p02_2024,0,0.0024554245,0
img_04018_2024,0,0.0001257907,0
img_04016_2024,0,9.134219e-06,0
img_04011_2024,0,9.495808e-05,0
img_04009_2024,0,8.027878e-05,0
img_04020_2024,0,0.0028220492,0
img_04022_2024,0,1.3322972e-05,0
img_04019_2024,0,0.00012217273,0
img_04025_2024,0,0.000255201,0
img_04017_2024,0,7.485943e-05,0
img_04024_2024,0,4.29072e-06,0
img_04021_2024,0,0.00011797499,0
img_04029_2024,0,7.3547485e-06,0
img_04028_2024,0,2.6137344e-05,0
img_04026_2024,0,1.1048813e-05,0
img_04030_2024,0,7.141112e-07,0
img_04023_2024,0,0.00020896795,0
img_04031_2024,0,0.00023189836,0
img_04012_p01_2024,0,3.9794218e-06,0
img_04012_p02_2024,0,0.0032497006,0
img_04032_2024,0,6.495342e-05,0
img_04036_2024,0,0.00029846397,0
img_04033_2024,0,4.863574e-06,0
img_04037_2024,0,1.925248e-06,0
img_04035_2024,0,0.0025122436,0
img_04027_2024,0,2.0744437e-05,0
img_04039_2024,0,4.034663e-06,0
img_04038_2024,0,7.690152e-05,0
img_04043_2024,0,3.6736838e-05,0
img_04040_2024,0,4.247876e-06,0
img_04042_2024,0,0.00054613384,0
img_04044_2024,0,0.015403855,0
img_04046_2024,0,0.043822102,0
img_03879_p01_2024,0,1.1118851e-05,0
img_03879_p02_2024,0,4.0169675e-06,0
img_03879_p03_2024,0,8.8097495e-06,0
img_03879_p04_2024,0,0.00038699238,0
img_03879_p05_2024,0,0.00022176711,0
img_03879_p06_2024,0,2.3118986e-05,0
img_04045_2024,0,3.1567538e-06,0
img_04047_2024,0,0.0003178368,0
img_04048_2024,0,0.100134075,0
img_04050_2024,0,4.419371e-06,0
img_04054_2024,0,0.0001024081,0
img_04049_2024,0,5.2814416e-06,0
img_04051_2024,0,0.00058766117,0
img_04053_2024,0,3.7697694e-06,0
img_04057_2024,0,2.5478696e-05,0
img_04052_2024,0,0.0025807777,0
img_04056_2024,0,3.795822e-05,0
img_04055_2024,0,4.788865e-06,0
img_04058_2024,0,0.0027007447,0
img_04059_2024,0,3.9894832e-05,0
img_03996_p01_2024,0,3.518813e-05,0
img_03996_p02_2024,0,3.7487498e-06,0
img_03996_p03_2024,0,2.6838396e-07,0
img_03996_p04_2024,0,1.3652985e-06,0
img_04062_2024,0,1.9738702e-05,0
img_04061_2024,0,2.0438686e-06,0
img_04063_2024,0,1.379459e-05,0
img_04066_2024,0,1.1792412e-05,0
img_04065_2024,0,2.6619393e-05,0
img_04067_2024,0,1.3944514e-05,0
img_04064_2024,0,3.3888908e-05,0
img_04070_2024,0,6.8623885e-06,0
img_04072_2024,0,5.5636438e-06,0
img_04073_2024,0,0.0006008175,0
img_04075_2024,0,5.6403655e-06,0
img_03983_p01_2024,0,1.3023252e-05,0
img_03983_p02_2024,0,8.160068e-05,0
img_03983_p03_2024,0,5.307551e-06,0
img_03983_p04_2024,0,1.639624e-05,0
img_04071_2024,0,0.00014929175,0
img_04074_2024,0,0.0005962038,0
img_04077_2024,0,0.0005942092,0
img_04068_2024,0,3.3676504e-05,0
img_04069_2024,0,1.1640665e-05,0
img_04076_2024,0,0.022653349,0
img_04082_2024,0,0.0019527281,0
img_04078_2024,0,2.0008247e-06,0
img_04086_2024,0,0.0013578791,0
img_04081_2024,0,0.0002460289,0
img_04087_2024,0,0.0023945202,0
img_04079_2024,0,0.00043696936,0
img_04085_2024,0,0.04531557,0
img_04080_2024,0,0.00019205529,0
img_04089_2024,0,1.1636158e-05,0
img_04088_2024,0,0.0011601616,0
img_04083_2024,0,0.0003424808,0
img_04084_2024,0,0.0023155867,0
img_04090_2024,0,0.001613804,0
img_04092_2024,0,0.00010136474,0
img_04091_2024,0,0.0013561919,0
img_04094_2024,0,5.4825818e-05,0
img_04093_2024,0,0.00091684685,0
img_04096_2024,0,2.0427018e-05,0
img_04095_2024,0,0.02583153,0
img_04098_2024,0,0.06662672,0
img_04097_2024,0,8.6576705e-07,0
img_04099_2024,0,0.007126218,0
img_04101_2024,0,3.1217805e-05,0
img_04104_2024,0,1.7732833e-05,0
img_04103_2024,0,7.903856e-05,0
img_04105_2024,0,1.2844416e-05,0
img_04107_2024,0,0.040392663,0
img_04102_2024,0,9.3502257e-07,0
img_04106_2024,0,0.00019905745,0
img_04109_2024,0,2.8726959e-06,0
img_04111_2024,0,2.023976e-05,0
img_04108_2024,0,0.00069544546,0
img_04113_2024,0,1.3034558e-05,0
img_04112_2024,0,1.2298631e-05,0
img_04110_2024,0,1.9157507e-05,0
img_04115_2024,0,1.179465e-05,0
img_04116_2024,0,5.2200458e-06,0
img_03989_p01_2024,0,9.331979e-06,0
img_03989_p02_2024,0,2.2432434e-06,0
img_03989_p03_2024,0,5.626848e-06,0
img_03989_p04_2024,0,7.0694946e-06,0
img_03989_p05_2024,0,3.947984e-05,0
img_03989_p06_2024,0,9.25813e-06,0
img_03989_p07_2024,0,1.706423e-05,0
img_04121_2024,0,1.1527827e-05,0
img_04120_2024,0,0.023527686,0
img_04123_2024,0,0.0011148512,0
img_04124_2024,0,0.0008399212,0
img_04118_2024,0,1.3388835e-05,0
img_04114_2024,0,2.5121974e-05,0
img_04117_2024,0,0.0015686055,0
img_04128_2024,0,6.7411247e-06,0
img_04125_2024,0,1.8624729e-05,0
img_04132_2024,0,3.5344216e-05,0
img_04126_2024,0,8.075911e-06,0
img_04119_2024,0,1.8386467e-05,0
img_04041_p01_2024,0,0.006409786,0
img_04041_p02_2024,0,7.678435e-05,0
img_04041_p03_2024,0,0.028247505,0
img_04041_p04_2024,0,0.00019742506,0
img_04041_p05_2024,0,9.997493e-05,0
img_04138_2024,0,0.00017299019,0
img_04133_2024,0,3.5379693e-05,0
img_04127_2024,0,0.88509285,1
img_04131_2024,0,0.0003808834,0
img_04139_2024,0,8.425757e-05,0
img_04135_2024,0,0.08258186,0
img_04146_2024,0,0.0005672135,0
img_04147_2024,0,0.001072807,0
img_04136_2024,0,6.544641e-05,0
img_04141_2024,0,7.4774175e-06,0
img_04143_2024,0,1.5497259e-05,0
img_04129_2024,0,0.0009970764,0
img_04144_2024,0,0.0025035727,0
img_04134_2024,0,0.3258705,1
img_04145_2024,0,9.0085174e-05,0
img_04152_2024,0,5.892134e-05,0
img_04137_2024,0,1.7664478e-06,0
img_04150_2024,0,3.4657976e-05,0
img_04151_2024,0,0.24405217,1
img_04130_2024,0,3.8131606e-05,0
img_04149_2024,0,0.0013311368,0
img_04157_2024,0,0.0012409018,0
img_04155_2024,0,0.008566362,0
img_04100_p01_2024,0,3.8460395e-05,0
img_04100_p02_2024,0,0.0003645091,0
img_04148_2024,0,0.0010211715,0
img_04142_2024,0,0.2811161,1
img_04153_2024,0,0.0007037052,0
img_04159_2024,0,2.841116e-06,0
img_04122_p01_2024,0,0.0016392814,0
img_04122_p02_2024,0,0.0017103357,0
img_04122_p03_2024,0,9.592128e-07,0
img_04154_2024,0,2.8407965e-06,0
img_04158_2024,0,1.8721388e-05,0
img_04140_2024,0,3.7633898e-05,0
img_04160_2024,0,0.010486473,0
img_04156_2024,0,4.656878e-06,0
img_04165_2024,0,7.103315e-05,0
img_04162_2024,0,0.001562333,0
img_04168_2024,0,0.00012225291,0
img_04169_2024,0,1.47130295e-05,0
img_04166_2024,0,3.011392e-05,0
img_04161_2024,0,4.132643e-06,0
img_04167_2024,0,3.0362577e-05,0
img_04170_2024,0,0.00024055227,0
img_04171_2024,0,0.0023197765,0
img_04163_2024,0,0.00031146363,0
img_04164_2024,0,4.1026724e-05,0
img_04172_2024,0,0.00029064398,0
img_04179_2024,0,0.00010511456,0
img_04175_2024,0,5.244161e-06,0
img_04185_2024,0,5.0874743e-05,0
img_04180_2024,0,3.549503e-05,0
img_04184_2024,0,2.5345189e-05,0
img_04186_2024,0,3.058431e-05,0
img_04181_2024,0,0.0002877561,0
img_04187_2024,0,8.735526e-05,0
img_04178_2024,0,0.007318797,0
img_04188_2024,0,0.096446455,0
img_04173_2024,0,9.8617704e-05,0
img_04183_2024,0,0.3835322,1
img_04174_2024,0,8.752677e-07,0
img_04182_2024,0,0.00093705166,0
img_04191_2024,0,0.007430736,0
img_04189_2024,0,2.1582224e-05,0
img_04193_2024,0,0.0032212485,0
img_04177_2024,0,7.413871e-05,0
img_04190_2024,0,0.007487141,0
img_04196_2024,0,9.937659e-05,0
img_04034_p01_2024,0,1.72908e-05,0
img_04034_p02_2024,0,1.8721372e-05,0
img_04034_p03_2024,0,2.1384601e-05,0
img_04034_p04_2024,0,1.9127494e-05,0
img_04034_p05_2024,0,2.1802207e-06,0
img_04034_p06_2024,0,2.9610114e-06,0
img_04192_2024,0,2.6604544e-05,0
img_04195_2024,0,0.0007454121,0
img_04197_2024,0,0.0006296662,0
img_04204_2024,0,0.0005982472,0
img_04203_2024,0,0.025826827,0
img_04211_2024,0,7.656468e-06,0
img_04205_2024,0,0.0004474811,0
img_04208_2024,0,4.2164538e-05,0
img_04207_2024,0,2.6957396e-05,0
img_04212_2024,0,0.00016168588,0
img_04206_2024,0,3.408139e-05,0
img_04198_2024,0,0.0011960417,0
img_04214_2024,0,1.0895251e-05,0
img_04209_2024,0,1.2259812e-05,0
img_04200_2024,0,0.000563771,0
img_04213_2024,0,0.0003195108,0
img_04194_2024,0,0.00046637302,0
img_04210_2024,0,5.454119e-06,0
img_04216_2024,0,0.00019849303,0
img_04199_2024,0,0.0003959817,0
img_04215_2024,0,0.0042405743,0
img_04217_2024,0,3.1557327e-05,0
img_04218_2024,0,1.6082915e-05,0
img_04201_2024,0,5.7875354e-06,0
img_04223_2024,0,0.00038742312,0
img_04219_2024,0,0.0008175973,0
img_04176_2024,0,2.3130965e-06,0
img_04221_2024,0,0.00014821166,0
img_04222_2024,0,0.0008770065,0
img_04220_2024,0,0.007249605,0
img_04227_2024,0,4.3469092e-05,0
img_04225_2024,0,0.0008177793,0
img_04228_2024,0,4.374846e-06,0
img_04202_2024,0,3.896622e-06,0
img_04231_2024,0,9.033195e-06,0
img_04226_2024,0,0.00048669896,0
img_04232_2024,0,1.3057861e-05,0
img_04230_2024,0,0.00014936323,0
img_04234_2024,0,1.5355718e-06,0
img_04229_2024,0,7.542096e-06,0
img_04224_2024,0,8.526312e-05,0
img_04233_2024,0,0.00012021589,0
img_04235_2024,0,0.0002534324,0
img_04238_2024,0,0.022816688,0
img_04242_2024,0,1.0087583e-05,0
img_04236_2024,0,2.7191785e-05,0
img_04254_2024,0,2.6278258e-05,0
img_04250_2024,0,3.3272656e-05,0
img_04246_2024,0,0.0002684337,0
img_04249_2024,0,2.2432829e-05,0
img_04247_2024,0,4.6867655e-05,0
img_04243_2024,0,0.0013335865,0
img_04240_2024,0,5.0529274e-05,0
img_04252_2024,0,0.0019243237,0
img_04245_2024,0,3.380908e-05,0
img_04239_2024,0,0.00012532568,0
img_04241_2024,0,0.00019698696,0
img_04251_2024,0,0.001773,0
img_04257_2024,0,2.7125457e-06,0
img_04256_2024,0,0.5695742,1
img_04244_2024,0,0.5219417,1
img_04253_2024,0,2.264333e-06,0
img_04255_2024,0,0.044736765,0
img_04248_2024,0,2.937627e-06,0
img_04259_2024,0,5.5446494e-06,0
img_04258_2024,0,3.925109e-06,0
img_04266_2024,0,3.9970128e-06,0
img_04260_2024,0,0.0035949908,0
img_04267_2024,0,7.5307835e-06,0
img_04268_2024,0,4.8849768e-05,0
img_04265_2024,0,0.0077202464,0
img_04271_2024,0,0.0567239,0
img_04264_2024,0,1.7709595e-05,0
img_04272_2024,0,8.584874e-05,0
img_04276_2024,0,9.398919e-05,0
img_04274_2024,0,2.3545299e-05,0
img_04262_2024,0,1.4427618e-05,0
img_04275_2024,0,2.499234e-05,0
img_04270_2024,0,3.6658973e-06,0
img_04277_2024,0,2.890311e-05,0
img_04261_2024,0,7.0909504e-05,0
img_04278_2024,0,1.5560448e-05,0
img_04263_2024,0,7.5090607e-06,0
img_04281_2024,0,2.2377104e-05,0
img_04282_2024,0,5.9520958e-06,0
img_04283_2024,0,0.00010555581,0
img_04292_2024,0,2.6936295e-05,0
img_04273_2024,0,9.7084114e-05,0
img_04279_2024,0,8.332948e-05,0
img_04289_2024,0,0.01036081,0
img_04287_2024,0,3.8128877e-05,0
img_04290_2024,0,0.0012197979,0
img_04288_2024,0,6.5675296e-05,0
img_04284_2024,0,0.00010214779,0
img_04285_2024,0,1.7321465e-05,0
img_04291_2024,0,1.448392e-05,0
img_04293_2024,0,0.00015598281,0
img_04286_2024,0,1.4968799e-05,0
img_04294_2024,0,6.7928e-05,0
img_04299_2024,0,1.5821819e-05,0
img_04280_2024,0,9.389003e-06,0
img_04295_2024,0,0.015883926,0
img_04307_2024,0,7.014569e-05,0
img_04302_2024,0,0.030572496,0
img_04309_2024,0,0.079524696,0
img_04305_2024,0,0.29149842,1
img_04297_2024,0,9.38433e-05,0
img_04306_2024,0,4.4829e-05,0
img_04303_2024,0,0.000113819384,0
img_04301_2024,0,0.00043811154,0
img_04304_2024,0,0.00010961337,0
img_04300_2024,0,0.000622388,0
img_04298_2024,0,0.00012596115,0
img_04313_2024,0,2.29029e-05,0
img_04311_2024,0,0.98322934,1
img_04296_p01_2024,0,0.0011210339,0
img_04296_p02_2024,0,0.00026252226,0
img_04317_2024,0,2.7484402e-05,0
img_04320_2024,0,1.698207e-05,0
img_04318_2024,0,1.0866103e-05,0
img_04314_2024,0,0.00932715,0
img_04312_2024,0,0.047960892,0
img_04237_p01_2024,0,0.00034880853,0
img_04237_p02_2024,0,0.0014482774,0
img_04237_p03_2024,0,0.001944681,0
img_04237_p04_2024,0,0.00014919357,0
img_04322_2024,0,0.0005436274,0
img_04315_2024,0,0.0002937902,0
img_04323_2024,0,3.7801947e-05,0
img_04321_2024,0,0.00028684316,0
img_04327_2024,0,0.0002687948,0
img_04328_2024,0,0.00010299226,0
img_04324_2024,0,0.0043500806,0
img_04329_2024,0,0.0013449494,0
img_04326_2024,0,7.905734e-06,0
img_04331_2024,0,3.246738e-05,0
img_04330_2024,0,0.014470513,0
img_04325_2024,0,0.25340837,1
img_04333_2024,0,0.00073048874,0
img_04332_2024,0,5.91879e-06,0
img_04334_2024,0,0.00076458306,0
img_04316_p01_2024,0,2.8906254e-05,0
img_04316_p02_2024,0,0.00013056982,0
img_04338_2024,0,4.6736397e-05,0
img_04336_2024,0,8.218246e-05,0
img_04342_2024,0,0.26661426,1
img_04341_2024,0,0.37307587,1
img_04345_2024,0,0.00040279364,0
img_04339_2024,0,0.09222179,0
img_04344_2024,0,7.6966884e-05,0
img_04335_2024,0,0.00011213537,0
img_04348_2024,0,0.00010716689,0
img_04349_2024,0,1.5497553e-05,0
img_04343_2024,0,0.015688635,0
img_04350_2024,0,2.7852402e-05,0
img_04352_2024,0,5.1175293e-06,0
img_04346_2024,0,5.6273228e-05,0
img_04353_2024,0,0.0014296576,0
img_04358_2024,0,0.0002387285,0
img_04355_2024,0,2.878906e-05,0
img_04308_p01_2024,0,5.370304e-06,0
img_04308_p02_2024,0,2.6979076e-05,0
img_04308_p03_2024,0,3.937414e-06,0
img_04308_p04_2024,0,2.3618898e-06,0
img_04354_2024,0,0.0004801702,0
img_04356_2024,0,0.00021492173,0
img_04359_2024,0,0.013108082,0
img_04357_2024,0,5.687965e-05,0
img_04351_2024,0,0.00078468537,0
img_04362_2024,0,8.319704e-05,0
img_04360_2024,0,3.6914198e-06,0
img_04361_2024,0,8.328968e-06,0
img_04364_2024,0,2.7782819e-05,0
img_04363_2024,0,8.096586e-06,0
img_04366_2024,0,1.1562774e-05,0
img_04369_2024,0,0.00035807668,0
img_04368_2024,0,0.08632442,0
img_04371_2024,0,0.011407455,0
img_04367_2024,0,0.0066205524,0
img_04319_p01_2024,0,4.488136e-05,0
img_04319_p02_2024,0,5.4352044e-05,0
img_04319_p03_2024,0,5.8142818e-05,0
img_04319_p04_2024,0,0.0004123796,0
img_04372_2024,0,0.00017263064,0
img_04374_2024,0,2.6626145e-05,0
img_04370_2024,0,2.1630647e-05,0
img_04375_2024,0,5.955442e-05,0
img_04380_2024,0,0.00036888,0
img_04379_2024,0,1.1495737e-05,0
img_04377_2024,0,0.003614392,0
img_04376_2024,0,0.0013694422,0
img_04373_2024,0,1.9659856e-06,0
img_04381_2024,0,0.00039931913,0
img_04385_2024,0,0.16393313,1
img_04382_2024,0,0.00016222871,0
img_04387_2024,0,0.78471196,1
img_04386_2024,0,1.7984325e-05,0
img_04388_2024,0,1.0108181e-05,0
img_04393_2024,0,1.7739667e-05,0
img_04389_2024,0,0.00019483358,0
img_04390_2024,0,0.002049487,0
img_04392_2024,0,0.0017735545,0
img_04391_2024,0,3.68662e-05,0
img_04394_2024,0,0.10243311,0
img_04384_2024,0,5.6965357e-05,0
img_04397_2024,0,0.0018285408,0
img_04395_2024,0,0.00016246323,0
img_04398_2024,0,2.6849173e-06,0
img_04400_2024,0,0.0002679144,0
img_04378_p01_2024,0,2.8007711e-05,0
img_04378_p02_2024,0,1.302699e-05,0
img_04399_2024,0,0.00020399473,0
img_04401_2024,0,1.3789197e-05,0
img_04402_2024,0,2.5591393e-05,0
img_04404_2024,0,0.0069339117,0
img_04347_p01_2024,0,8.997969e-06,0
img_04347_p02_2024,0,0.0006148202,0
img_04347_p03_2024,0,0.00022855266,0
img_04347_p04_2024,0,6.199454e-05,0
img_04383_p01_2024,0,4.770466e-05,0
img_04383_p02_2024,0,1.2841754e-06,0
img_04406_2024,0,9.896578e-06,0
img_04403_2024,0,0.00032885378,0
img_04405_2024,0,1.727267e-05,0
img_04409_2024,0,0.00061686576,0
img_04410_2024,0,0.0006486906,0
img_04412_2024,0,4.5377394e-05,0
img_04408_2024,0,0.00018738762,0
img_04413_2024,0,0.0002603981,0
img_04415_2024,0,0.013988892,0
img_04414_2024,0,0.00038132357,0
img_04407_2024,0,0.032602135,0
img_04416_2024,0,9.105211e-05,0
img_04365_p01_2024,0,0.003382439,0
img_04365_p02_2024,0,0.0027824568,0
img_04365_p03_2024,0,0.32554448,1
img_04365_p04_2024,0,0.006658711,0
img_04419_2024,0,8.686065e-06,0
img_04411_2024,0,5.005935e-05,0
img_04418_2024,0,9.225634e-06,0
img_04417_2024,0,4.78908e-06,0
img_04269_p01_2024,0,1.7385792e-05,0
img_04269_p02_2024,0,2.5865334e-05,0
img_04269_p03_2024,0,6.7723827e-06,0
img_04269_p04_2024,0,9.9330855e-06,0
img_04269_p05_2024,0,7.698216e-06,0
img_04269_p06_2024,0,1.9389998e-05,0
img_04269_p07_2024,0,5.7864477e-06,0
img_04269_p08_2024,0,3.8767175e-06,0
img_04420_2024,0,2.8468434e-05,0
img_04421_2024,0,1.8521414e-05,0
img_04426_2024,0,0.031882428,0
img_04423_2024,0,0.0012173002,0
img_04396_p01_2024,0,7.2774793e-07,0
img_04396_p02_2024,0,7.773065e-06,0
img_04429_2024,0,9.395532e-06,0
img_04340_p01_2024,0,5.8337228e-06,0
img_04340_p02_2024,0,1.4984253e-05,0
img_04340_p03_2024,0,0.00034360858,0
img_04340_p04_2024,0,4.133593e-06,0
img_04340_p05_2024,0,7.17319e-06,0
img_04340_p06_2024,0,0.05244322,0
img_04425_2024,0,0.00052220095,0
img_04430_2024,0,7.481155e-05,0
img_04432_2024,0,0.00019414134,0
img_04433_2024,0,1.4666212e-05,0
img_04427_2024,0,0.15574275,1
img_04435_2024,0,2.5365865e-05,0
img_04434_2024,0,9.751114e-06,0
img_04422_2024,0,1.9905714e-05,0
img_04436_2024,0,8.7128894e-05,0
img_04438_2024,0,1.5484346e-05,0
img_04441_2024,0,1.1545971e-05,0
img_04437_2024,0,0.00045868356,0
img_04439_2024,0,5.6512636e-06,0
img_04440_2024,0,0.0003031699,0
img_04442_2024,0,1.265546e-06,0
img_04446_2024,0,7.1569346e-05,0
img_04445_2024,0,1.1604808e-05,0
img_04444_2024,0,0.000118791715,0
img_04431_2024,0,2.0931473e-05,0
img_04447_2024,0,0.016893303,0
img_04448_2024,0,3.082512e-05,0
img_04451_2024,0,2.1254045e-06,0
img_04443_2024,0,1.2657085e-05,0
img_04449_2024,0,1.6261463e-05,0
img_04454_2024,0,0.00062381447,0
img_04450_2024,0,0.0075185467,0
img_04457_2024,0,0.000119172466,0
img_04458_2024,0,0.0005305052,0
img_04453_2024,0,9.463417e-06,0
img_04455_2024,0,5.2576315e-06,0
img_04459_2024,0,0.028783705,0
img_04452_2024,0,0.0017705837,0
img_04456_2024,0,1.8965564e-05,0
img_04463_2024,0,0.120061845,0
img_04465_2024,0,3.991938e-05,0
img_04460_2024,0,2.9904058e-06,0
img_04462_2024,0,6.8549252e-06,0
img_04428_p01_2024,0,2.6334854e-05,0
img_04428_p02_2024,0,1.2587137e-05,0
img_04428_p03_2024,0,3.223113e-05,0
img_04467_2024,0,5.8852274e-05,0
img_04468_2024,0,0.026449256,0
img_04466_2024,0,0.8968211,1
img_04471_2024,0,9.04467e-05,0
img_04469_2024,0,5.4859185e-05,0
img_04475_2024,0,1.6252933e-06,0
img_04461_2024,0,1.5560849e-05,0
img_04474_2024,0,7.309124e-06,0
img_04476_2024,0,2.3481114e-06,0
img_04473_2024,0,0.0011150079,0
img_04470_2024,0,1.6588798e-05,0
img_04479_2024,0,0.0003619606,0
img_04480_2024,0,0.0024124691,0
img_04482_2024,0,0.0007072136,0
img_04483_2024,0,0.00010725942,0
img_04478_2024,0,0.000194185,0
img_04477_2024,0,0.0003627934,0
img_04481_2024,0,8.594995e-06,0
img_04484_2024,0,0.0006102112,0
img_04485_2024,0,0.007878652,0
img_04486_2024,0,0.016483374,0
img_04487_2024,0,0.00070067303,0
img_04489_2024,0,3.0640243e-05,0
img_04464_p01_2024,0,0.00019322497,0
img_04464_p02_2024,0,0.008642882,0
img_04488_2024,0,9.1182055e-06,0
img_04490_2024,0,0.00010625323,0
img_04491_2024,0,9.1763024e-05,0
img_04493_2024,0,5.0055292e-05,0
img_04496_2024,0,0.04261261,0
img_04495_2024,0,0.00017015432,0
img_04492_2024,0,7.401389e-05,0
img_04505_2024,0,5.4631615e-05,0
img_04497_2024,0,0.00055723626,0
img_04500_2024,0,7.630257e-06,0
img_04498_2024,0,0.00027813597,0
img_04494_2024,0,0.0006959749,0
img_04502_2024,0,0.0014723297,0
img_04504_2024,0,7.1853894e-05,0
img_04506_2024,0,7.058542e-07,0
img_04508_2024,0,0.0012362766,0
img_04503_2024,0,9.419667e-06,0
img_04515_2024,0,0.00013272188,0
img_04507_2024,0,1.3439621e-05,0
img_04516_2024,0,2.883811e-05,0
img_04511_2024,0,8.190136e-05,0
img_04518_2024,0,0.0008070882,0
img_04512_2024,0,0.0001633952,0
img_04514_2024,0,0.00014401591,0
img_04513_2024,0,3.82832e-06,0
img_04509_2024,0,2.334421e-05,0
img_04424_p01_2024,0,4.728963e-05,0
img_04424_p02_2024,0,0.00026624196,0
img_04424_p03_2024,0,0.0014724082,0
img_04424_p04_2024,0,0.08339327,0
img_04510_2024,0,0.00011657257,0
img_04517_2024,0,8.894608e-06,0
img_04521_2024,0,2.9483166e-05,0
img_04519_2024,0,4.7427915e-05,0
img_04523_2024,0,9.439981e-06,0
img_04526_2024,0,0.006139911,0
img_04524_2024,0,1.370375e-05,0
img_04527_2024,0,0.00010638594,0
img_04499_2024,0,0.0001209865,0
img_04529_2024,0,1.1208814e-05,0
img_04534_2024,0,0.00037845783,0
img_04531_2024,0,0.0002903294,0
img_04537_2024,0,0.0005279391,0
img_04501_2024,0,0.00012693393,0
img_04532_2024,0,7.21058e-05,0
img_04536_2024,0,6.637632e-05,0
img_04535_2024,0,4.4417693e-06,0
img_04540_2024,0,3.17326e-05,0
img_04530_2024,0,0.00025826658,0
img_04538_2024,0,0.01602262,0
img_04539_2024,0,1.7442208e-05,0
img_04310_p01_2024,0,0.043369666,0
img_04310_p02_2024,0,0.00013804213,0
img_04310_p03_2024,0,6.8673886e-05,0
img_04310_p04_2024,0,2.042694e-05,0
img_04310_p05_2024,0,2.0040416e-05,0
img_04310_p06_2024,0,0.0006292426,0
img_04310_p07_2024,0,1.5256938e-06,0
img_04310_p08_2024,0,1.9893705e-06,0
img_04310_p09_2024,0,7.57735e-05,0
img_04310_p10_2024,0,6.6469176e-05,0
img_04310_p11_2024,0,1.913899e-05,0
img_04310_p12_2024,0,0.00012189659,0
img_04310_p14_2024,0,7.5144544e-06,0
img_04543_2024,0,8.5800536e-07,0
img_04545_2024,0,2.0873307e-05,0
img_04541_2024,0,0.3351641,1
img_04546_2024,0,0.03337075,0
img_04544_2024,0,2.5091451e-06,0
img_04542_2024,0,2.067906e-05,0
img_04548_2024,0,1.9779214e-05,0
img_04528_p01_2024,0,0.11921806,0
img_04528_p02_2024,0,0.0011014516,0
img_04547_2024,0,3.6024077e-05,0
img_04550_2024,0,1.8429775e-05,0
img_04549_2024,0,4.1090898e-05,0
img_04553_2024,0,0.000120810575,0
img_04552_2024,0,0.0276909,0
img_04554_2024,0,0.00024737482,0
img_04551_2024,0,0.0021373385,0
img_04555_2024,0,0.0043767164,0
img_04556_2024,0,4.356969e-05,0
img_04557_2024,0,8.1348735e-06,0
img_04560_2024,0,0.00012649714,0
img_04558_2024,0,0.00031907004,0
img_04561_2024,0,0.000842941,0
img_04564_2024,0,0.0006798708,0
img_04563_2024,0,4.510576e-06,0
img_04562_2024,0,9.376431e-06,0
img_04567_2024,0,0.0008231853,0
img_04565_2024,0,3.0522606e-06,0
img_04568_2024,0,3.1035488e-05,0
img_04566_2024,0,7.740188e-05,0
img_04569_2024,0,4.1727567e-06,0
img_04570_2024,0,0.0047676526,0
img_04571_2024,0,5.8618525e-06,0
img_04573_2024,0,4.2294778e-05,0
img_04559_2024,0,9.394682e-06,0
img_04520_p01_2024,0,4.2325823e-06,0
img_04520_p02_2024,0,5.5002997e-06,0
img_04520_p03_2024,0,4.0406947e-05,0
img_04520_p04_2024,0,1.6452124e-05,0
img_04572_2024,0,9.208964e-05,0
img_04577_2024,0,3.6168226e-06,0
img_04533_p01_2024,0,0.011878801,0
img_04533_p02_2024,0,0.0033232444,0
img_04533_p03_2024,0,0.013362023,0
img_04575_2024,0,0.00409162,0
img_04576_2024,0,0.0055743535,0
img_04337_p01_2024,0,3.597996e-05,0
img_04337_p02_2024,0,0.0039468817,0
img_04337_p03_2024,0,0.033661477,0
img_04337_p04_2024,0,6.5812535e-05,0
img_04337_p05_2024,0,2.2519422e-05,0
img_04337_p06_2024,0,6.682445e-05,0
img_04337_p07_2024,0,0.0018655199,0
img_04337_p08_2024,0,7.90869e-06,0
img_04337_p09_2024,0,6.4678934e-05,0
img_04337_p10_2024,0,0.022778148,0
img_04337_p11_2024,0,2.4525181e-05,0
img_04574_2024,0,0.00012119042,0
img_04581_2024,0,0.00047218986,0
img_04578_2024,0,0.01460759,0
img_04580_2024,0,9.643676e-05,0
img_04582_2024,0,1.7235237e-05,0
img_04584_2024,0,5.3770986e-05,0
img_04585_2024,0,6.0079506e-06,0
img_04579_2024,0,1.8949095e-05,0
img_04583_2024,0,0.0007698041,0
img_04586_2024,0,0.005794417,0
img_04522_p01_2024,0,7.850042e-06,0
img_04522_p02_2024,0,2.4945741e-06,0
img_04522_p03_2024,0,5.2583837e-06,0
img_04522_p04_2024,0,2.504323e-05,0
img_04589_2024,0,0.00049102376,0
img_04588_2024,0,1.9749923e-05,0
img_04590_2024,0,0.4271563,1
img_04594_2024,0,0.016159216,0
img_04595_2024,0,0.11686206,0
img_04591_2024,0,5.0251665e-06,0
img_04596_2024,0,0.00016066113,0
img_04525_p01_2024,0,1.2624571e-05,0
img_04525_p02_2024,0,0.00037814802,0
img_04525_p03_2024,0,1.4392178e-06,0
img_04525_p04_2024,0,8.2572005e-05,0
img_04525_p05_2024,0,0.00017607819,0
img_04593_2024,0,4.127257e-05,0
img_04597_2024,0,0.5579572,1
img_04604_2024,0,0.00087269675,0
img_04602_2024,0,0.00010854473,0
img_04599_2024,0,2.7455308e-06,0
img_04603_2024,0,0.8531854,1
img_04592_2024,0,3.490492e-05,0
img_04606_2024,0,0.00047320657,0
img_04598_2024,0,2.2391898e-05,0
img_04601_2024,0,3.0111707e-06,0
img_04607_2024,0,1.3917325e-07,0
img_04610_2024,0,1.6934902e-06,0
img_04613_2024,0,0.015943008,0
img_04608_2024,0,6.1159444e-06,0
img_04609_2024,0,0.00014925149,0
img_04611_2024,0,3.2257176e-05,0
img_04612_2024,0,0.00094845,0
img_04600_2024,0,0.0008974787,0
img_04615_2024,0,0.00021052283,0
img_04614_2024,0,3.4159764e-06,0
img_04617_2024,0,2.5839225e-05,0
img_04618_2024,0,4.4125987e-05,0
img_04621_2024,0,6.895912e-06,0
img_04616_2024,0,3.045889e-05,0
img_04587_p01_2024,0,0.36077806,1
img_04587_p02_2024,0,0.00819412,0
img_04619_2024,0,8.3447325e-05,0
img_04620_2024,0,8.1802704e-05,0
img_04622_2024,0,0.7260264,1
img_04627_2024,0,0.006897153,0
img_04625_2024,0,1.3813889e-05,0
img_04630_2024,0,2.6858372e-05,0
img_04632_2024,0,0.0001406922,0
img_04629_2024,0,5.480428e-05,0
img_04633_2024,0,1.668684e-05,0
img_04626_2024,0,2.8793606e-06,0
img_04624_2024,0,4.149945e-06,0
img_04605_p01_2024,0,0.00017310074,0
img_04605_p02_2024,0,7.2835304e-05,0
img_04636_2024,0,1.0364095e-05,0
img_04637_2024,0,6.7608875e-05,0
img_04635_2024,0,2.5585294e-05,0
img_04628_2024,0,5.9236783e-05,0
img_04639_2024,0,0.0014153065,0
img_04634_2024,0,0.00034446418,0
img_04638_2024,0,0.009625694,0
img_04640_2024,0,1.0382367e-05,0
img_04643_2024,0,1.18590515e-05,0
img_04644_2024,0,0.0015531613,0
img_04641_2024,0,0.00035519185,0
img_04646_2024,0,7.5631215e-05,0
img_04648_2024,0,0.00079389097,0
img_04647_2024,0,1.4678749e-05,0
img_04642_2024,0,0.0005905162,0
img_04649_2024,0,0.00043049082,0
img_04645_2024,0,8.380679e-06,0
img_04653_2024,0,0.0003414568,0
img_04655_2024,0,0.0040312046,0
img_04657_2024,0,8.9201974e-05,0
img_04652_2024,0,0.26663417,1
img_04651_2024,0,1.9877145e-05,0
img_04650_2024,0,0.001197149,0
img_04658_2024,0,4.9201484e-05,0
img_04654_2024,0,0.00014210113,0
img_04660_2024,0,0.00017322903,0
img_04661_2024,0,0.30231658,1
img_04662_2024,0,0.0019478971,0
img_04663_2024,0,2.9329187e-06,0
img_04656_2024,0,0.0007778747,0
img_04659_2024,0,5.6803758e-05,0
img_04664_2024,0,2.7750722e-05,0
img_04665_2024,0,0.00015265985,0
img_04669_2024,0,2.7253154e-05,0
img_04670_2024,0,0.0005130219,0
img_04666_2024,0,0.0010893963,0
img_04672_2024,0,0.0013857458,0
img_04677_2024,0,0.00040112948,0
img_04667_2024,0,3.5300284e-06,0
img_04671_2024,0,2.2996177e-05,0
img_04673_2024,0,0.008148476,0
img_04680_2024,0,0.025685143,0
img_04676_2024,0,8.577013e-06,0
img_04678_2024,0,9.679845e-06,0
img_04674_2024,0,9.964405e-06,0
img_04682_2024,0,6.4170854e-05,0
img_04679_2024,0,1.1111166e-05,0
img_04683_2024,0,1.8826879e-05,0
img_04684_2024,0,3.39965e-05,0
img_04681_2024,0,0.0002844488,0
img_04690_2024,0,5.5166843e-06,0
img_04675_2024,0,0.00016335111,0
img_04688_2024,0,4.648504e-05,0
img_04687_2024,0,1.4639176e-06,0
img_04691_2024,0,1.6395927e-05,0
img_04686_2024,0,0.00016274012,0
img_04689_2024,0,0.0006459385,0
img_04696_2024,0,0.00035558757,0
img_04693_2024,0,4.691205e-06,0
img_04694_2024,0,0.00012488167,0
img_04692_2024,0,5.6066383e-06,0
img_04699_2024,0,8.264236e-05,0
img_04697_2024,0,2.3214013e-06,0
img_04695_2024,0,4.2423053e-06,0
img_04702_2024,0,3.1876837e-06,0
img_04703_2024,0,4.619241e-05,0
img_04706_2024,0,1.0520228e-05,0
img_04701_2024,0,5.8084142e-06,0
img_04698_2024,0,5.0242033e-06,0
img_04704_2024,0,5.7819084e-06,0
img_04707_2024,0,6.61233e-05,0
img_04708_2024,0,5.9856634e-06,0
img_04709_2024,0,1.6735814e-05,0
img_04700_2024,0,9.442899e-06,0
img_04711_2024,0,0.0006022465,0
img_04631_p01_2024,0,2.2553939e-05,0
img_04631_p02_2024,0,0.00074413745,0
img_04631_p03_2024,0,1.6695147e-05,0
img_04631_p04_2024,0,0.0002143418,0
img_04710_2024,0,0.001962557,0
img_04712_2024,0,0.0012930274,0
img_04705_2024,0,3.1362142e-06,0
img_04713_2024,0,0.0007314769,0
img_04715_2024,0,4.8055044e-06,0
img_04714_2024,0,2.4863373e-06,0
img_04718_2024,0,2.1123378e-05,0
img_04716_2024,0,0.00028783895,0
img_04719_2024,0,0.00013103778,0
img_04723_2024,0,0.0011970265,0
img_04724_2024,0,8.2612016e-05,0
img_04722_2024,0,0.00355677,0
img_04717_2024,0,0.017708616,0
img_04668_p01_2024,0,0.00040885128,0
img_04668_p02_2024,0,3.4391946e-05,0
img_04668_p03_2024,0,0.047025345,0
img_04668_p04_2024,0,3.8275513e-05,0
img_04727_2024,0,0.17741752,1
img_04728_2024,0,5.2586693e-06,0
img_04720_2024,0,6.1451916e-05,0
img_04726_2024,0,6.73969e-05,0
img_04731_2024,0,5.4748084e-06,0
img_04729_2024,0,1.9340228e-05,0
img_04721_2024,0,1.7337148e-05,0
img_04734_2024,0,0.054886192,0
img_04736_2024,0,8.805189e-06,0
img_04733_2024,0,1.9758269e-05,0
img_04737_2024,0,0.0011620639,0
img_04739_2024,0,1.2046538e-05,0
img_04730_2024,0,8.054378e-05,0
img_04725_2024,0,0.0009768677,0
img_04738_2024,0,0.00064743805,0
img_04732_2024,0,1.9097584e-05,0
img_04735_2024,0,0.00010902887,0
img_04742_2024,0,9.400944e-05,0
img_04740_2024,0,0.0005196703,0
img_04744_2024,0,3.501641e-05,0
img_04743_2024,0,0.03542614,0
img_04745_2024,0,4.7798403e-06,0
img_04756_2024,0,0.0009294014,0
img_04757_2024,0,0.00010333431,0
img_04747_2024,0,1.089467e-05,0
img_04750_2024,0,2.1946393e-05,0
img_04751_2024,0,0.00029519683,0
img_04755_2024,0,2.2582994e-05,0
img_04748_2024,0,0.0004679992,0
img_04749_2024,0,0.00028218632,0
img_04741_2024,0,2.2457913e-05,0
img_04752_2024,0,0.0023002776,0
img_04746_2024,0,6.4887055e-05,0
img_04758_2024,0,0.7033077,1
img_04685_p01_2024,0,7.9437756e-05,0
img_04685_p02_2024,0,5.4813012e-05,0
img_04685_p03_2024,0,2.0830534e-05,0
img_04685_p04_2024,0,7.7211684e-05,0
img_04759_2024,0,0.00012301546,0
img_04760_2024,0,0.0006672219,0
img_04761_2024,0,0.0009336104,0
img_04762_2024,0,0.002978779,0
img_04767_2024,0,6.106275e-05,0
img_04766_2024,0,0.00035166735,0
img_04771_2024,0,0.000112963135,0
img_04769_2024,0,9.197076e-06,0
img_04763_2024,0,3.959257e-06,0
img_04623_p01_2024,0,0.0022988184,0
img_04623_p02_2024,0,0.00740552,0
img_04623_p03_2024,0,0.0005217047,0
img_04623_p04_2024,0,0.00022012499,0
img_04623_p05_2024,0,0.0012227719,0
img_04623_p06_2024,0,0.0007612312,0
img_04623_p07_2024,0,0.00018876506,0
img_04623_p08_2024,0,5.1642113e-05,0
img_04772_2024,0,5.9009462e-06,0
img_04773_2024,0,0.0009035152,0
img_04764_2024,0,9.643413e-06,0
img_04774_2024,0,0.0011867378,0
img_04765_2024,0,0.00013938187,0
img_04768_2024,0,0.0054396642,0
img_04754_2024,0,2.6764024e-05,0
img_04776_2024,0,1.1130446e-05,0
img_04780_2024,0,0.016515268,0
img_04777_2024,0,1.260126e-05,0
img_04781_2024,0,0.0007083994,0
img_04779_2024,0,2.3746577e-05,0
img_04783_2024,0,0.00041309,0
img_04778_2024,0,1.9459225e-05,0
img_04784_2024,0,0.00025690917,0
img_04787_2024,0,3.2939988e-05,0
img_04785_2024,0,7.0033634e-06,0
img_04782_2024,0,0.00019429298,0
img_04786_2024,0,0.00010749072,0
img_04788_2024,0,0.0006921844,0
img_04775_2024,0,0.18652566,1
img_04770_2024,0,1.2367579e-05,0
img_04789_2024,0,0.36503685,1
img_04790_2024,0,0.00065864564,0
img_04792_2024,0,0.43445772,1
img_04753_p01_2024,0,1.7044942e-05,0
img_04753_p02_2024,0,2.8101404e-05,0
img_04796_2024,0,0.00024962277,0
img_04795_2024,0,0.0064611635,0
img_04791_2024,0,0.02972015,0
img_04794_2024,0,8.253084e-05,0
img_04797_2024,0,0.00014897066,0
img_04793_2024,0,0.01553733,0
img_04798_2024,0,0.0033397356,0
img_04799_2024,0,0.067338645,0
img_04801_2024,0,6.546514e-05,0
img_04805_2024,0,0.10256113,0
img_04808_2024,0,0.0030181517,0
img_04802_2024,0,0.044851277,0
img_04806_2024,0,0.00012893308,0
img_04804_2024,0,0.000366581,0
img_04800_2024,0,0.22950266,1
img_04807_2024,0,0.00031163264,0
img_04809_2024,0,0.91250956,1
img_04810_2024,0,0.055032756,0
img_04812_2024,0,0.0056786407,0
img_04816_2024,0,0.0047455356,0
img_04822_2024,0,0.0008644262,0
img_04815_2024,0,0.011240013,0
img_04814_2024,0,0.026611222,0
img_04818_2024,0,0.00027989966,0
img_04819_2024,0,4.1481176e-06,0
img_04813_2024,0,0.012175389,0
img_04811_2024,0,2.9689276e-05,0
img_04821_2024,0,0.0016560804,0
img_04820_2024,0,5.7285513e-05,0
img_04824_2024,0,0.0004093413,0
img_04825_2024,0,5.0528797e-05,0
img_04817_2024,0,7.5525973e-06,0
img_04826_2024,0,0.17426744,1
img_04823_2024,0,0.02072032,0
img_04828_2024,0,0.0022394666,0
img_04827_2024,0,0.053032625,0
img_04803_p01_2024,0,0.31216434,1
img_04803_p02_2024,0,0.045760226,0
img_04832_2024,0,0.0050827297,0
img_04838_2024,0,2.2015043e-05,0
img_04831_2024,0,0.002956089,0
img_04830_2024,0,9.3288334e-05,0
img_04839_2024,0,0.662879,1
img_04834_2024,0,0.0010403214,0
img_04833_2024,0,0.00019325591,0
img_04836_2024,0,0.0046514925,0
img_04837_2024,0,0.07110095,0
img_04841_2024,0,3.9936444e-06,0
img_04835_2024,0,0.022630582,0
img_04829_2024,0,0.94965494,1
img_04840_2024,0,0.0009530745,0
img_04844_2024,0,0.002747366,0
img_04846_2024,0,0.00039734566,0
img_04847_2024,0,0.12518305,0
img_04851_2024,0,8.77244e-05,0
img_04849_2024,0,1.02852655e-05,0
img_04855_2024,0,0.0014116471,0
img_04853_2024,0,0.0016444965,0
img_04857_2024,0,3.5138706e-05,0
img_04850_2024,0,0.00039321222,0
img_04843_2024,0,0.0002255548,0
img_04848_2024,0,0.0012556973,0
img_04845_2024,0,0.0027378285,0
img_04859_2024,0,0.0178081,0
img_04858_2024,0,5.2561572e-05,0
img_04852_2024,0,6.9187104e-06,0
img_04860_2024,0,0.10801225,0
img_04856_2024,0,0.0005474923,0
img_04842_2024,0,4.496151e-05,0
img_04863_2024,0,0.04954889,0
img_04861_2024,0,0.0004318309,0
img_04862_2024,0,0.000945284,0
img_04864_2024,0,0.00056514965,0
img_04869_2024,0,0.0031245127,0
img_04870_2024,0,0.21477777,1
img_04865_2024,0,0.004173624,0
img_04866_2024,0,0.00065196905,0
img_04854_2024,0,0.037710767,0
img_04868_2024,0,0.00074202195,0
img_04873_2024,0,0.15842701,1
img_04878_2024,0,3.0643355e-06,0
img_04874_2024,0,0.00013340182,0
img_04871_2024,0,9.845834e-05,0
img_04872_2024,0,0.89163965,1
img_04867_2024,0,0.0074999505,0
img_04876_2024,0,0.82662565,1
img_04880_2024,0,9.220436e-06,0
img_04875_2024,0,0.00016909138,0
img_04877_2024,0,0.032080866,0
img_04882_2024,0,0.0018492753,0
img_04879_2024,0,0.039864384,0
img_04885_2024,0,0.00011101472,0
img_04883_2024,0,5.2486794e-05,0
img_04886_2024,0,0.013059079,0
img_04881_2024,0,0.030228235,0
img_04884_2024,0,7.3146334e-06,0
img_04887_2024,0,0.0012060497,0
img_04888_2024,0,0.0008200919,0
img_04892_2024,0,0.0011043724,0
img_04889_2024,0,0.00058115786,0
img_04898_2024,0,7.408277e-06,0
img_04895_2024,0,0.0017027874,0
img_04899_2024,0,5.9990758e-05,0
img_04896_2024,0,0.0012098057,0
img_04893_2024,0,0.23676589,1
img_04900_2024,0,0.0054125832,0
img_04894_2024,0,0.0042223088,0
img_04897_2024,0,2.2754837e-05,0
img_04902_2024,0,0.0014755727,0
img_04890_2024,0,0.0025002847,0
img_04903_2024,0,0.0007611235,0
img_04906_2024,0,0.003960146,0
img_04904_2024,0,0.092321634,0
img_04891_2024,0,0.0009156077,0
img_04907_2024,0,0.0026518726,0
img_04901_2024,0,0.04865711,0
img_04909_2024,0,0.00030506376,0
img_04911_2024,0,0.0016299108,0
img_04910_2024,0,0.00034470906,0
img_04908_2024,0,0.0009978475,0
img_04915_2024,0,2.6168447e-05,0
img_04918_2024,0,0.0011124393,0
img_04913_2024,0,0.000317477,0
img_04919_2024,0,0.03657408,0
img_04905_2024,0,0.00014843767,0
img_04922_2024,0,0.0001741495,0
img_04912_2024,0,0.001044082,0
img_04921_2024,0,0.13588423,0
img_04914_2024,0,0.027149944,0
img_04924_2024,0,0.24266136,1
img_04923_2024,0,3.6731166e-05,0
img_04927_2024,0,0.0012899308,0
img_04920_2024,0,8.2679246e-05,0
img_04926_2024,0,6.872983e-05,0
img_04916_2024,0,0.0012604545,0
img_04928_2024,0,0.00045233118,0
img_04930_2024,0,0.0023994504,0
img_04917_2024,0,0.0001412165,0
img_04929_2024,0,0.31618217,1
img_04934_2024,0,0.004688367,0
img_04933_2024,0,0.00054046937,0
img_04932_2024,0,0.40599513,1
img_04925_2024,0,0.0019353061,0
img_04936_2024,0,0.011943215,0
img_04935_2024,0,8.7928165e-05,0
img_04931_2024,0,0.001290753,0
img_04937_2024,0,0.0006635032,0
img_04941_2024,0,1.8470894e-06,0
img_04946_2024,0,1.0613826e-05,0
img_04944_2024,0,0.001561547,0
img_04939_2024,0,0.005234974,0
img_04938_2024,0,0.0018988125,0
img_04940_2024,0,6.679374e-05,0
img_04945_2024,0,0.016361678,0
img_04950_2024,0,0.00056381046,0
img_04952_2024,0,0.33553645,1
img_04943_2024,0,0.00036903334,0
img_04942_2024,0,0.0014578342,0
img_04948_2024,0,0.6923355,1
img_04949_2024,0,0.00015036066,0
img_04947_2024,0,6.785794e-05,0
img_04953_2024,0,0.003113438,0
img_04957_2024,0,3.354096e-05,0
img_04951_2024,0,0.47152245,1
img_04958_2024,0,0.00085296965,0
img_04955_2024,0,0.30311435,1
img_04956_2024,0,1.3808266e-05,0
img_04954_2024,0,3.9049388e-05,0
img_04966_2024,0,0.002057636,0
img_04959_2024,0,0.0012615535,0
img_04967_2024,0,3.223448e-06,0
img_04962_2024,0,0.0002184492,0
img_04960_2024,0,0.00380566,0
img_04963_2024,0,0.03214358,0
img_04970_2024,0,0.01714875,0
img_04964_2024,0,0.00052479416,0
img_04973_2024,0,0.0007593377,0
img_04961_2024,0,0.004547467,0
img_04968_2024,0,0.0062931366,0
img_04974_2024,0,0.14244395,0
img_04975_2024,0,0.0001174705,0
img_04965_2024,0,0.61129284,1
img_04971_2024,0,0.00019657006,0
img_04972_2024,0,0.004364837,0
img_04983_2024,0,0.32275406,1
img_04982_2024,0,0.00045605632,0
img_04984_2024,0,0.0033833554,0
img_04987_2024,0,0.075854585,0
img_04986_2024,0,0.001104726,0
img_04978_2024,0,1.0216151e-05,0
img_04980_2024,0,0.0010417755,0
img_04989_2024,0,5.9348964e-05,0
img_04969_2024,0,0.0009385013,0
img_04981_2024,0,0.0001744751,0
img_04979_2024,0,0.0010532758,0
img_04977_2024,0,0.00010381609,0
img_04976_2024,0,2.0083826e-05,0
img_04985_2024,0,0.0018487023,0
img_04988_2024,0,0.0011664074,0
img_04995_2024,0,0.00069340947,0
img_04992_2024,0,0.001298909,0
img_04991_2024,0,0.029320903,0
img_04990_2024,0,0.0052952473,0
img_04993_2024,0,0.10221635,0
img_04998_2024,0,0.00025755027,0
img_04996_2024,0,0.0009449999,0
img_04999_2024,0,0.00027311844,0
img_04997_2024,0,0.037721645,0
img_05001_2024,0,9.759583e-05,0
img_04994_2024,0,8.894181e-05,0
img_05003_2024,0,0.00050600973,0
img_05002_2024,0,0.9345499,1
img_05000_2024,0,0.12630923,0
img_05007_2024,0,0.0047164503,0
img_05005_2024,0,0.01529114,0
img_05004_2024,0,0.00029970778,0
img_05008_2024,0,0.000287223,0
img_05006_2024,0,0.0005259033,0
img_05009_2024,0,0.0036879757,0
img_05010_2024,0,0.009939051,0
img_05015_2024,0,0.028030422,0
img_05013_2024,0,0.0001103276,0
img_04472_p01_2024,0,4.3753393e-05,0
img_04472_p02_2024,0,2.7304925e-05,0
img_04472_p03_2024,0,8.775025e-05,0
img_04472_p04_2024,0,4.159197e-06,0
img_04472_p05_2024,0,4.2258736e-05,0
img_04472_p06_2024,0,0.1016733,0
img_04472_p08_2024,0,1.4570396e-05,0
img_04472_p09_2024,0,5.4747343e-05,0
img_04472_p10_2024,0,6.9349684e-05,0
img_04472_p11_2024,0,0.00040471888,0
img_04472_p12_2024,0,1.4377362e-05,0
img_04472_p13_2024,0,0.0001360471,0
img_04472_p14_2024,0,2.964873e-05,0
img_04472_p15_2024,0,0.00015503676,0
img_04472_p16_2024,0,7.1663184e-05,0
img_04472_p17_2024,0,8.466813e-06,0
img_04472_p18_2024,0,6.5587255e-06,0
img_04472_p19_2024,0,5.9340473e-05,0
img_04472_p20_2024,0,7.037328e-06,0
img_04472_p21_2024,0,5.4141092e-05,0
img_05011_2024,0,0.003662386,0
img_05018_2024,0,0.052493826,0
img_05012_2024,0,0.20615892,1
img_05017_2024,0,0.61752963,1
img_05021_2024,0,2.3022947e-05,0
img_05019_2024,0,0.006918054,0
img_05016_2024,0,0.0013624091,0
img_05023_2024,0,0.0006761576,0
img_05026_2024,0,9.2491555e-06,0
img_05028_2024,0,0.0025291196,0
img_05022_2024,0,0.0006211737,0
img_05027_2024,0,7.653098e-05,0
img_05031_2024,0,0.00049603806,0
img_05030_2024,0,0.0014283165,0
img_05032_2024,0,2.0133264e-05,0
img_05029_2024,0,0.35344276,1
img_05034_2024,0,1.0092548e-05,0
img_05020_2024,0,0.00025797763,0
img_05014_p01_2024,0,0.00012859397,0
img_05014_p02_2024,0,2.1402779e-05,0
img_05038_2024,0,9.3478075e-06,0
img_05039_2024,0,0.0010189677,0
img_05036_2024,0,0.0033058848,0
img_05040_2024,0,6.107131e-05,0
img_05025_2024,0,0.0006169078,0
img_05033_2024,0,0.98984843,1
img_05041_2024,0,0.00016260798,0
img_05024_2024,0,0.012589151,0
img_05035_2024,0,0.00033077874,0
img_05052_2024,0,0.0017213131,0
img_05047_2024,0,3.4270615e-05,0
img_05037_2024,0,2.2755445e-05,0
img_05051_2024,0,0.8633021,1
img_05043_2024,0,9.687114e-05,0
img_05045_2024,0,0.032944534,0
img_05044_2024,0,1.1885977e-05,0
img_05056_2024,0,0.30149737,1
img_05046_2024,0,0.00053346675,0
img_05049_2024,0,0.019779751,0
img_05054_2024,0,6.806098e-05,0
img_05055_2024,0,0.05614206,0
img_05060_2024,0,4.187914e-06,0
img_05064_2024,0,0.009436063,0
img_05059_2024,0,0.010303758,0
img_05063_2024,0,0.00012916012,0
img_05042_2024,0,0.13431402,0
img_05057_2024,0,0.0022922014,0
img_05050_2024,0,0.029075637,0
img_05066_2024,0,5.7769586e-05,0
img_05053_2024,0,0.0003395191,0
img_05062_2024,0,7.090342e-05,0
img_05058_2024,0,0.22383799,1
img_05068_2024,0,0.00010902253,0
img_05069_2024,0,0.0002727916,0
img_05067_2024,0,0.004620112,0
img_05061_2024,0,0.322225,1
img_05070_2024,0,0.00043525593,0
img_05072_2024,0,0.0082199415,0
img_05071_2024,0,0.06258815,0
img_05073_2024,0,0.0012330466,0
img_05048_2024,0,0.99169534,1
img_05077_2024,0,0.0014898578,0
img_05074_2024,0,1.7033584e-05,0
img_05065_2024,0,4.6999783e-05,0
img_05075_2024,0,0.19046435,1
img_05080_2024,0,6.250914e-06,0
img_05085_2024,0,2.1987096e-05,0
img_05082_2024,0,0.028784066,0
img_05079_2024,0,0.8319461,1
img_05078_2024,0,0.0002740669,0
img_05081_2024,0,0.14462821,1
img_05086_2024,0,4.455549e-06,0
img_05076_2024,0,3.886275e-05,0
img_05088_2024,0,0.97559536,1
img_05084_2024,0,0.0004240927,0
img_05083_2024,0,0.00012432052,0
img_05090_2024,0,7.634533e-05,0
img_05091_2024,0,0.008286459,0
img_05094_2024,0,0.00029972807,0
img_05087_2024,0,0.0016218139,0
img_05095_2024,0,0.00031342005,0
img_05093_2024,0,0.028072817,0
img_05097_2024,0,0.018584158,0
img_05089_2024,0,3.2794207e-05,0
img_05098_2024,0,0.0025546872,0
img_05092_2024,0,0.0016293182,0
img_05096_2024,0,0.0007211139,0
img_05100_2024,0,0.00043091926,0
img_05099_2024,0,0.0031133802,0
img_05105_2024,0,0.21412589,1
img_05101_2024,0,0.00018804452,0
img_05102_2024,0,5.6718614e-05,0
img_05103_2024,0,0.00039441412,0
img_05104_2024,0,0.00016256659,0
img_05107_2024,0,8.39115e-05,0
img_05108_2024,0,0.0688269,0
img_05106_2024,0,0.00089735346,0
img_05110_2024,0,0.31014147,1
img_05109_2024,0,0.00053943053,0
img_05111_2024,0,0.001821561,0
img_05117_2024,0,0.0039034938,0
img_05114_2024,0,0.0007286116,0
img_05118_2024,0,0.0001474748,0
img_05112_2024,0,0.0026212626,0
img_05113_2024,0,5.8698304e-05,0
img_05115_2024,0,0.0001358805,0
img_05116_2024,0,0.0057180338,0
img_05122_2024,0,0.00025837295,0
img_05121_2024,0,0.00017420812,0
img_05126_2024,0,0.0002234777,0
img_05120_2024,0,3.6093883e-05,0
img_05123_2024,0,3.7712546e-06,0
img_05124_2024,0,2.5097524e-05,0
img_05127_2024,0,0.00060929393,0
img_05119_2024,0,0.014569942,0
img_05125_2024,0,0.00041598736,0
img_05128_2024,0,0.015292985,0
img_05130_2024,0,0.009813954,0
img_05129_2024,0,0.00037188127,0
img_05131_2024,0,0.0016440151,0
img_05138_2024,0,0.001847535,0
img_05134_2024,0,0.38273546,1
img_05142_2024,0,0.007253951,0
img_05141_2024,0,0.0005171896,0
img_05140_2024,0,7.485237e-05,0
img_05136_2024,0,0.00011209399,0
img_05146_2024,0,9.0127796e-05,0
img_05135_2024,0,0.001731068,0
img_05133_2024,0,0.00037861065,0
img_05144_2024,0,0.014252815,0
img_05132_2024,0,0.0008335281,0
img_05145_2024,0,0.0002229735,0
img_05147_2024,0,0.0012539034,0
img_05137_2024,0,0.00012880344,0
img_05148_2024,0,0.33069363,1
img_05143_2024,0,0.012878391,0
img_05139_2024,0,0.01036984,0
img_05151_2024,0,0.0011685087,0
img_05152_2024,0,0.0007330288,0
img_05158_2024,0,0.00019938778,0
img_05154_2024,0,0.0089117875,0
img_05155_2024,0,0.0001523029,0
img_05153_2024,0,0.002406747,0
img_05157_2024,0,0.32999286,1
img_05156_2024,0,0.00017380744,0
img_05159_2024,0,8.068136e-06,0
img_05164_2024,0,0.0028620795,0
img_05161_2024,0,3.8365547e-06,0
img_05165_2024,0,0.0020415753,0
img_05168_2024,0,0.015873516,0
img_05160_2024,0,0.5742682,1
img_05166_2024,0,0.0023311991,0
img_05162_2024,0,0.00017203086,0
img_05167_2024,0,2.0645284e-06,0
img_05163_2024,0,0.038479555,0
img_05173_2024,0,0.0030306117,0
img_05171_2024,0,0.00020913739,0
img_05170_2024,0,0.000671777,0
img_05176_2024,0,0.5397814,1
img_05150_p01_2024,0,0.103133984,0
img_05150_p02_2024,0,0.00021605362,0
img_05169_2024,0,8.581559e-05,0
img_05174_2024,0,0.00012510599,0
img_05149_p01_2024,0,0.0006083527,0
img_05149_p02_2024,0,4.2157062e-05,0
img_05177_2024,0,0.4676626,1
img_05180_2024,0,2.6225013e-07,0
img_05179_2024,0,0.0008356299,0
img_05172_2024,0,4.145529e-05,0
img_05178_2024,0,0.0014800873,0
img_05183_2024,0,0.00021733626,0
img_05185_2024,0,4.3166747e-05,0
img_05188_2024,0,0.0021978396,0
img_05190_2024,0,0.011628011,0
img_05184_2024,0,0.033770435,0
img_05194_2024,0,0.00047344255,0
img_05181_2024,0,5.513426e-05,0
img_05182_2024,0,0.003876851,0
img_05192_2024,0,0.00057062233,0
img_05187_2024,0,0.16463602,1
img_05193_2024,0,6.651889e-07,0
img_05191_2024,0,4.5486617e-05,0
img_05186_2024,0,0.00047008516,0
img_05195_2024,0,0.1392644,0
img_05198_2024,0,0.0012770243,0
img_05189_2024,0,0.002745181,0
img_05199_2024,0,5.173473e-05,0
img_05200_2024,0,0.0024269014,0
img_05202_2024,0,0.00027230073,0
img_05203_2024,0,0.008992149,0
img_05196_2024,0,0.0013741474,0
img_05204_2024,0,4.392145e-05,0
img_05205_2024,0,1.1030926e-05,0
img_05206_2024,0,0.0054818294,0
img_05207_2024,0,0.00047993867,0
img_05211_2024,0,9.2431765e-06,0
img_05201_2024,0,0.08291126,0
img_05210_2024,0,0.00010456452,0
img_05214_2024,0,3.073937e-05,0
img_05212_2024,0,0.0007660719,0
img_05208_2024,0,4.6103734e-05,0
img_05213_2024,0,0.006800426,0
img_05209_2024,0,6.693274e-05,0
img_05217_2024,0,0.0025161493,0
img_05221_2024,0,0.00019087996,0
img_05218_2024,0,0.023607317,0
img_05215_2024,0,4.264149e-05,0
img_05220_2024,0,3.24381e-05,0
img_05216_2024,0,1.3886311e-05,0
img_05224_2024,0,0.00017738077,0
img_05197_p01_2024,0,0.00010417617,0
img_05197_p02_2024,0,0.00022758021,0
img_05225_2024,0,0.00033549353,0
img_05226_2024,0,6.562665e-05,0
img_05228_2024,0,1.0787252e-05,0
img_05227_2024,0,0.00019978361,0
img_05230_2024,0,0.00043681235,0
img_05232_2024,0,3.6012104e-06,0
img_05223_2024,0,0.0068473727,0
img_05219_2024,0,0.0010265069,0
img_05234_2024,0,0.0050677797,0
img_05235_2024,0,0.0053787483,0
img_05233_2024,0,5.9807175e-05,0
img_05231_2024,0,0.035010234,0
img_05237_2024,0,2.2707558e-05,0
img_05222_2024,0,7.894531e-05,0
img_05238_2024,0,0.0009539892,0
img_05236_2024,0,0.011959989,0
img_05244_2024,0,0.00013189588,0
img_05243_2024,0,0.00043923265,0
img_05242_2024,0,3.1363786e-06,0
img_05241_2024,0,0.75816417,1
img_05246_2024,0,2.8487144e-05,0
img_05247_2024,0,0.0001649948,0
img_05245_2024,0,0.0009038411,0
img_05248_2024,0,2.3293196e-05,0
img_05250_2024,0,0.0030378974,0
img_05251_2024,0,0.1786661,1
img_05260_2024,0,2.4154797e-05,0
img_05258_2024,0,0.0083951,0
img_05257_2024,0,0.0014025237,0
img_05253_2024,0,0.00016927012,0
img_05259_2024,0,0.0024373299,0
img_05256_2024,0,1.446959e-05,0
img_05261_2024,0,0.00017240315,0
img_05252_2024,0,0.00018729224,0
img_05249_2024,0,0.0008914788,0
img_05240_2024,0,5.0341125e-05,0
img_05263_2024,0,0.062102463,0
img_05239_2024,0,3.2578605e-06,0
img_05255_2024,0,1.0819003e-05,0
img_05254_2024,0,0.0017817306,0
img_05269_2024,0,0.0064550927,0
img_05264_2024,0,0.00029846028,0
img_05265_2024,0,7.21252e-05,0
img_05268_2024,0,0.0022119326,0
img_05270_2024,0,0.00044730818,0
img_05262_2024,0,0.001558858,0
img_05266_2024,0,0.0005924637,0
img_05271_2024,0,6.392246e-05,0
img_05267_2024,0,1.2764555e-05,0
img_05272_2024,0,0.010157085,0
img_05274_2024,0,0.00271327,0
img_05273_2024,0,0.0013785778,0
img_05275_2024,0,0.0008204901,0
img_05283_2024,0,0.0018560032,0
img_05278_2024,0,0.0004164941,0
img_05280_2024,0,0.0006485049,0
img_05279_2024,0,3.922765e-05,0
img_05282_2024,0,0.0021231086,0
img_05277_2024,0,0.83425456,1
img_05281_2024,0,0.0010477862,0
img_05286_2024,0,0.036774516,0
img_05287_2024,0,3.2541895e-05,0
img_05288_2024,0,4.463685e-06,0
img_05291_2024,0,1.1991223e-05,0
img_05285_2024,0,0.0011946697,0
img_05292_2024,0,8.267021e-06,0
img_05293_2024,0,5.83589e-05,0
img_05290_2024,0,1.370051e-05,0
img_05289_2024,0,0.0007512083,0
img_05300_2024,0,0.00018517894,0
img_05301_2024,0,0.0015179487,0
img_05296_2024,0,0.057872295,0
img_05298_2024,0,0.00014070587,0
img_05297_2024,0,2.4955662e-05,0
img_05294_2024,0,0.00028230902,0
img_05284_2024,0,8.164559e-05,0
img_05299_2024,0,4.799977e-05,0
img_05276_2024,0,6.55985e-05,0
img_05302_2024,0,0.0088796355,0
img_05295_2024,0,0.00013268378,0
img_05303_2024,0,0.0046655256,0
img_05309_2024,0,5.5502896e-05,0
img_05306_2024,0,1.0712742e-05,0
img_05305_2024,0,0.022498228,0
img_05304_2024,0,0.0002865075,0
img_05310_2024,0,0.014859327,0
img_05312_2024,0,0.0002917631,0
img_05308_2024,0,0.44579822,1
img_05315_2024,0,0.0014491783,0
img_05318_2024,0,0.00034887288,0
img_05320_2024,0,7.200933e-05,0
img_05319_2024,0,9.659331e-05,0
img_05307_2024,0,0.040765185,0
img_05313_2024,0,0.00038578492,0
img_05325_2024,0,0.67313915,1
img_05317_2024,0,0.00033769294,0
img_05323_2024,0,0.00059461367,0
img_05327_2024,0,0.02441476,0
img_05328_2024,0,1.9599987e-05,0
img_05321_2024,0,0.0004995736,0
img_05314_2024,0,0.0039871167,0
img_05326_2024,0,0.00014840243,0
img_05330_2024,0,6.4643873e-06,0
img_05322_2024,0,0.00025333624,0
img_05331_2024,0,0.00806396,0
img_05329_2024,0,0.0003733588,0
img_05333_2024,0,0.0015634358,0
img_05316_2024,0,7.452311e-05,0
img_05337_2024,0,1.1473712e-05,0
img_05332_2024,0,7.152193e-05,0
img_05338_2024,0,0.015273667,0
img_05347_2024,0,0.0007112964,0
img_05339_2024,0,1.8783696e-05,0
img_05346_2024,0,1.3677768e-05,0
img_05341_2024,0,0.0042270934,0
img_05344_2024,0,0.0005025304,0
img_05345_2024,0,0.007428232,0
img_05343_2024,0,2.0149879e-05,0
img_05348_2024,0,6.493726e-05,0
img_05351_2024,0,0.0046067485,0
img_05349_2024,0,0.0053156554,0
img_05350_2024,0,3.5846188e-05,0
img_05335_2024,0,0.016511258,0
img_05353_2024,0,0.0003805341,0
img_05352_2024,0,0.00027240175,0
img_05334_2024,0,0.0001861851,0
img_05311_2024,0,3.2828236e-06,0
img_05336_2024,0,0.0008752384,0
img_05342_p01_2024,0,0.00043938088,0
img_05342_p02_2024,0,0.00015911342,0
img_05355_2024,0,4.635847e-05,0
img_05340_2024,0,9.578913e-06,0
img_05324_2024,0,2.331282e-05,0
img_05358_2024,0,0.00013789782,0
img_05357_2024,0,5.226538e-05,0
img_05356_2024,0,0.00011623768,0
img_05354_2024,0,0.002578167,0
img_05359_2024,0,0.005644081,0
img_05362_2024,0,2.1993073e-05,0
img_05360_2024,0,0.00014410644,0
img_05364_2024,0,7.549208e-05,0
img_05365_2024,0,5.3218206e-05,0
img_05361_2024,0,0.10908244,0
img_05366_2024,0,1.3117271e-05,0
img_05363_2024,0,0.003251437,0
img_05368_2024,0,0.006654489,0
img_05370_2024,0,0.015410626,0
img_05369_2024,0,6.044245e-05,0
img_05372_2024,0,8.6190965e-05,0
img_05376_2024,0,0.00021228555,0
img_05373_2024,0,6.341369e-06,0
img_05377_2024,0,4.3674478e-05,0
img_05380_2024,0,0.0026717314,0
img_05378_2024,0,0.16457684,1
img_05375_2024,0,0.5051025,1
img_05383_2024,0,5.505797e-05,0
img_05381_2024,0,0.012901452,0
img_05374_2024,0,9.930175e-05,0
img_05379_2024,0,0.00056949793,0
img_05384_2024,0,2.6803462e-05,0
img_05385_2024,0,0.00016571928,0
img_05388_2024,0,0.00023894118,0
img_05386_2024,0,0.0021418089,0
img_05387_2024,0,0.054860767,0
img_05371_2024,0,1.6325139e-05,0
img_05382_2024,0,0.0019753708,0
img_05389_2024,0,5.478787e-05,0
img_05390_2024,0,0.0012710377,0
img_05393_2024,0,0.0005173711,0
img_05392_2024,0,0.004407859,0
img_05391_2024,0,0.001393712,0
img_05229_p01_2024,0,0.00010158711,0
img_05229_p02_2024,0,0.0008530124,0
img_05229_p03_2024,0,0.00027814973,0
img_05229_p04_2024,0,0.00017586123,0
img_05229_p05_2024,0,9.832698e-05,0
img_05229_p06_2024,0,4.487759e-05,0
img_05229_p07_2024,0,3.2736963e-05,0
img_05229_p08_2024,0,9.5830896e-05,0
img_05395_2024,0,7.0126803e-06,0
img_05397_2024,0,0.0002236542,0
img_05394_2024,0,0.0046520797,0
img_05396_2024,0,0.00045017138,0
img_05399_2024,0,5.4571738e-05,0
img_05398_2024,0,1.08118975e-05,0
img_05402_2024,0,0.00011726804,0
img_05401_2024,0,6.1689825e-05,0
img_05406_2024,0,0.007544799,0
img_05405_2024,0,6.2417103e-06,0
img_05404_2024,0,0.004008094,0
img_05408_2024,0,8.902369e-05,0
img_05409_2024,0,0.0010153851,0
img_05410_2024,0,0.000226364,0
img_05411_2024,0,5.1492276e-05,0
img_05414_2024,0,1.081263e-05,0
img_05413_2024,0,8.2174935e-05,0
img_05412_2024,0,9.190612e-05,0
img_05416_2024,0,0.0013099718,0
img_05419_2024,0,0.0005646379,0
img_05417_2024,0,0.009231155,0
img_05422_2024,0,7.310864e-05,0
img_05415_2024,0,9.9269186e-05,0
img_05420_2024,0,0.0003018369,0
img_05418_2024,0,9.672943e-06,0
img_05421_2024,0,0.0078064688,0
img_05400_2024,0,1.8227664e-05,0
img_05425_2024,0,0.00624417,0
img_05426_2024,0,0.0011306594,0
img_05423_2024,0,1.1243126e-05,0
img_05430_2024,0,0.00029133703,0
img_05424_2024,0,0.0012301328,0
img_05428_2024,0,0.00047123592,0
img_05429_2024,0,0.00021493403,0
img_05435_2024,0,0.004497135,0
img_05407_p01_2024,0,0.01752222,0
img_05407_p02_2024,0,0.16857298,1
img_05432_2024,0,3.5083154e-05,0
img_05434_2024,0,0.0014904055,0
img_05431_2024,0,0.0096178325,0
img_05436_2024,0,0.0057354327,0
img_05433_2024,0,0.00021733751,0
img_05438_2024,0,0.00023339028,0
img_05427_2024,0,1.9583322e-05,0
img_05439_2024,0,0.010138328,0
img_05441_2024,0,0.00118148,0
img_05440_2024,0,0.00015873276,0
img_05442_2024,0,0.000335392,0
img_05437_2024,0,1.4817595e-05,0
img_05446_2024,0,0.008562106,0
img_05445_2024,0,0.0061885896,0
img_05444_2024,0,0.0030435713,0
img_05447_2024,0,2.6555206e-06,0
img_05449_2024,0,8.985799e-05,0
img_05448_2024,0,5.835361e-05,0
img_05451_2024,0,3.9861065e-05,0
img_05453_2024,0,7.9306206e-05,0
img_05450_2024,0,5.522861e-05,0
img_05454_2024,0,0.025822591,0
img_05452_2024,0,0.051852465,0
img_05443_2024,0,0.0008276989,0
img_05455_2024,0,0.012826218,0
img_05459_2024,0,9.753081e-05,0
img_05461_2024,0,1.9515142e-06,0
img_05457_2024,0,4.2697156e-05,0
img_05462_2024,0,0.0018010306,0
img_05463_2024,0,0.00014620388,0
img_05456_2024,0,6.360735e-05,0
img_05458_2024,0,1.6186729e-06,0
img_05464_2024,0,0.001529455,0
img_05465_2024,0,0.025286201,0
img_05466_2024,0,2.4956185e-05,0
img_05469_2024,0,0.0057802466,0
img_05403_p01_2024,0,0.0006752901,0
img_05403_p02_2024,0,0.0001225586,0
img_05403_p03_2024,0,8.07522e-05,0
img_05403_p04_2024,0,0.0004691482,0
img_05460_2024,0,0.0003408262,0
img_05468_2024,0,8.007387e-05,0
img_05472_2024,0,6.609058e-05,0
img_05467_2024,0,2.3899223e-05,0
img_05470_2024,0,0.0025498194,0
img_05471_2024,0,0.0008484954,0
img_05474_2024,0,0.0010522151,0
img_05479_2024,0,0.0021035231,0
img_05475_2024,0,1.882128e-05,0
img_05476_2024,0,0.0049620685,0
img_05477_2024,0,0.0006782199,0
img_05473_2024,0,0.7521892,1
img_05478_2024,0,0.020829257,0
img_05480_2024,0,0.00016985313,0
img_05175_p01_2024,0,0.00020672225,0
img_05175_p02_2024,0,4.2644864e-05,0
img_05175_p03_2024,0,6.800011e-06,0
img_05175_p04_2024,0,0.00019299335,0
img_05175_p05_2024,0,6.310493e-06,0
img_05175_p06_2024,0,3.3132987e-05,0
img_05175_p07_2024,0,1.4066056e-05,0
img_05175_p08_2024,0,8.422318e-06,0
img_05175_p09_2024,0,5.7789093e-06,0
img_05175_p10_2024,0,5.5521577e-06,0
img_05175_p11_2024,0,3.1079376e-06,0
img_05175_p12_2024,0,1.7705155e-05,0
img_05175_p13_2024,0,3.9853272e-05,0
img_05175_p14_2024,0,4.680727e-05,0
img_05481_2024,0,0.004269367,0
img_05488_2024,0,0.002312841,0
img_05490_2024,0,0.00024519925,0
img_05483_2024,0,0.0019205458,0
img_05491_2024,0,0.0002120705,0
img_05484_2024,0,1.5119181e-05,0
img_05485_2024,0,4.3664444e-05,0
img_05487_2024,0,0.018111847,0
img_05492_2024,0,0.005373302,0
img_05482_2024,0,0.00029026184,0
img_05497_2024,0,0.0017659965,0
img_05500_2024,0,1.5902529e-06,0
img_05499_2024,0,0.0010656706,0
img_05498_2024,0,0.0001441966,0
img_05494_2024,0,0.00029610924,0
img_05489_2024,0,7.332995e-06,0
img_05501_2024,0,0.0038730851,0
img_05495_2024,0,0.009413865,0
img_05486_2024,0,8.787296e-06,0
img_05503_2024,0,1.461602e-06,0
img_05504_2024,0,3.535753e-05,0
img_05493_2024,0,8.456323e-06,0
img_05496_2024,0,1.8139744e-05,0
img_05506_2024,0,3.0369236e-05,0
img_05502_2024,0,0.001409728,0
img_05511_2024,0,0.0073714657,0
img_05515_2024,0,0.0003049277,0
img_05519_2024,0,0.5809372,1
img_05507_2024,0,0.0020749203,0
img_05508_2024,0,5.9860748e-05,0
img_05509_2024,0,0.00028025132,0
img_05512_2024,0,3.9762086e-05,0
img_05523_2024,0,0.00041974074,0
img_05514_2024,0,0.00030614383,0
img_05522_2024,0,0.05170189,0
img_05520_2024,0,0.0005527507,0
img_05516_2024,0,0.00035837977,0
img_05518_2024,0,7.7313874e-05,0
img_05510_2024,0,0.019647568,0
img_05525_2024,0,0.06510076,0
img_05521_2024,0,0.00036651548,0
img_05527_2024,0,4.912014e-06,0
img_05529_2024,0,3.6614216e-05,0
img_05517_2024,0,7.3991025e-05,0
img_05528_2024,0,0.00030915992,0
img_05526_2024,0,0.00821045,0
img_05533_2024,0,7.872917e-05,0
img_05532_2024,0,2.9330411e-05,0
img_05513_2024,0,0.005114244,0
img_05531_2024,0,0.63074696,1
img_05530_2024,0,5.566876e-05,0
img_05505_2024,0,0.0007880976,0
img_05541_2024,0,0.00036566914,0
img_05535_2024,0,0.0003133645,0
img_05540_2024,0,0.0010573878,0
img_05524_2024,0,1.30729e-05,0
img_05534_2024,0,0.0025962095,0
img_05543_2024,0,3.1357744e-05,0
img_05537_2024,0,5.066404e-05,0
img_05545_2024,0,4.932471e-05,0
img_05536_2024,0,0.0005251201,0
img_05544_2024,0,0.014308009,0
img_05542_2024,0,0.0008033503,0
img_05550_2024,0,0.0073026675,0
img_05546_2024,0,0.0033805058,0
img_05552_2024,0,5.893247e-05,0
img_05551_2024,0,5.0320386e-06,0
img_05553_2024,0,6.941399e-05,0
img_05554_2024,0,0.0004905566,0
img_05556_2024,0,0.00013333836,0
img_05548_2024,0,0.016475955,0
img_05547_2024,0,2.6885944e-05,0
img_05549_2024,0,0.0034806693,0
img_05558_2024,0,1.10677e-05,0
img_05557_2024,0,7.4851225e-05,0
img_05559_2024,0,0.00014274307,0
img_05561_2024,0,0.000104858074,0
img_05560_2024,0,0.0009560844,0
img_05555_2024,0,2.2185337e-05,0
img_05562_2024,0,0.0029323532,0
img_05566_2024,0,0.00045169046,0
img_05564_2024,0,0.0014692799,0
img_05569_2024,0,0.000808755,0
img_05565_2024,0,0.00025256307,0
img_05563_2024,0,8.4855135e-05,0
img_05571_2024,0,0.00021311968,0
img_05574_2024,0,0.016736869,0
img_05576_2024,0,7.1691e-05,0
img_05567_2024,0,0.0019134306,0
img_05568_2024,0,3.0933163e-05,0
img_05577_2024,0,0.0003831084,0
img_05538_p01_2024,0,7.8019984e-05,0
img_05538_p02_2024,0,2.113966e-05,0
img_05570_2024,0,0.0039179767,0
img_05580_2024,0,0.23889223,1
img_05579_2024,0,0.0042161765,0
img_05581_2024,0,0.00014222502,0
img_05572_2024,0,0.00042040044,0
img_05575_2024,0,0.00014217377,0
img_05582_2024,0,3.4150882e-05,0
img_05584_2024,0,0.019853031,0
img_05583_2024,0,0.00017096731,0
img_05585_2024,0,0.001455828,0
img_05588_2024,0,0.0012844482,0
img_05578_2024,0,6.7830835e-05,0
img_05595_2024,0,3.61966e-05,0
img_05596_2024,0,0.015326959,0
img_05598_2024,0,0.00016013593,0
img_05593_2024,0,0.008222703,0
img_05589_2024,0,0.0010373119,0
img_05573_2024,0,0.00013456994,0
img_05586_2024,0,3.8507333e-06,0
img_05590_2024,0,0.00019103361,0
img_05587_2024,0,0.5621421,1
img_05597_2024,0,0.042394884,0
img_05602_2024,0,0.0012251578,0
img_05603_2024,0,1.7039742e-05,0
img_05607_2024,0,5.142956e-05,0
img_05604_2024,0,0.06895237,0
img_05601_2024,0,0.0008166074,0
img_05594_2024,0,0.0001467812,0
img_05591_2024,0,0.011366364,0
img_05600_2024,0,2.6484138e-06,0
img_05592_2024,0,0.0006639608,0
img_05613_2024,0,0.042570356,0
img_05611_2024,0,4.4592918e-05,0
img_05599_2024,0,0.002892223,0
img_05612_2024,0,0.176087,1
img_05608_2024,0,0.0003055248,0
img_05605_2024,0,0.0044705593,0
img_05610_2024,0,4.484418e-05,0
img_05609_2024,0,0.022835331,0
img_05620_2024,0,8.815162e-06,0
img_05615_2024,0,0.00057138264,0
img_05616_2024,0,0.006807367,0
img_05622_2024,0,1.8768887e-05,0
img_05623_2024,0,3.4773095e-06,0
img_05624_2024,0,4.0248426e-05,0
img_05606_2024,0,6.8014633e-06,0
img_05618_2024,0,8.293533e-05,0
img_05625_2024,0,0.0003533837,0
img_05617_2024,0,0.00023638924,0
img_05626_2024,0,5.863218e-05,0
img_05621_2024,0,0.0004398903,0
img_05628_2024,0,2.1403086e-05,0
img_05630_2024,0,0.012177333,0
img_05619_2024,0,8.5947606e-05,0
img_05614_2024,0,0.00010832728,0
img_05636_2024,0,0.000356816,0
img_05633_2024,0,9.90025e-06,0
img_05632_2024,0,0.19335873,1
img_05634_2024,0,0.43866506,1
img_05631_2024,0,0.90937257,1
img_05629_2024,0,2.9143217e-05,0
img_05643_2024,0,6.754606e-06,0
img_05642_2024,0,0.00029008035,0
img_05627_2024,0,0.00024800867,0
img_05635_2024,0,0.00041482178,0
img_05640_2024,0,0.012255305,0
img_05644_2024,0,0.0013854377,0
img_05637_2024,0,2.6461657e-05,0
img_05646_2024,0,0.0012827916,0
img_05639_2024,0,0.00030758264,0
img_05641_2024,0,0.033086535,0
img_05649_2024,0,0.0019415905,0
img_05648_2024,0,9.11538e-06,0
img_05638_2024,0,0.00082251837,0
img_05650_2024,0,0.0003713624,0
img_05645_2024,0,1.3996742e-05,0
img_05651_2024,0,0.011188556,0
img_05652_2024,0,9.637741e-06,0
img_05647_2024,0,0.0001584965,0
img_05654_2024,0,6.0983552e-06,0
img_05661_2024,0,0.00095406926,0
img_05653_2024,0,8.854146e-06,0
img_05658_2024,0,6.7075343e-06,0
img_05666_2024,0,0.51368046,1
img_05655_2024,0,0.006288397,0
img_05659_2024,0,0.0019450504,0
img_05663_2024,0,5.0420495e-05,0
img_05665_2024,0,0.0015575079,0
img_05656_2024,0,5.3461445e-05,0
img_05667_2024,0,0.00090804364,0
img_05668_2024,0,1.1330658e-05,0
img_05657_2024,0,0.00015291962,0
img_05670_2024,0,3.6213416e-05,0
img_05662_2024,0,0.20663542,1
img_05660_2024,0,1.0717217e-05,0
img_05664_2024,0,0.0009452799,0
img_05671_2024,0,0.0008362469,0
img_05673_2024,0,4.5064702e-05,0
img_05675_2024,0,0.00070565875,0
img_05676_2024,0,0.0020802687,0
img_05672_2024,0,0.0009621562,0
img_05679_2024,0,0.0011245153,0
img_05674_2024,0,8.959804e-05,0
img_05677_2024,0,0.0030749459,0
img_05684_2024,0,0.002877386,0
img_05680_2024,0,0.0001734391,0
img_05681_2024,0,0.42052206,1
img_05688_2024,0,0.003360551,0
img_05686_2024,0,0.015907094,0
img_05683_2024,0,0.14055064,0
img_05685_2024,0,0.0038357857,0
img_05691_2024,0,8.703174e-05,0
img_05678_2024,0,0.01339518,0
img_05693_2024,0,0.0043155383,0
img_05692_2024,0,3.2062296e-06,0
img_05689_2024,0,0.0003817149,0
img_05694_2024,0,6.584913e-05,0
img_05690_2024,0,0.00021853732,0
img_05669_p01_2024,0,4.006033e-05,0
img_05669_p02_2024,0,0.0013851217,0
img_05687_2024,0,4.493665e-05,0
img_05696_2024,0,0.00019622232,0
img_05697_2024,0,0.00014236016,0
img_05701_2024,0,7.7121485e-06,0
img_05698_2024,0,1.0249038e-05,0
img_05700_2024,0,0.004070915,0
img_05702_2024,0,0.0145564815,0
img_05699_2024,0,3.170462e-05,0
img_05705_2024,0,7.8316516e-05,0
img_05707_2024,0,0.00016163502,0
img_05703_2024,0,0.0006753796,0
img_05695_2024,0,3.610359e-05,0
img_05709_2024,0,2.3958737e-05,0
img_05710_2024,0,0.00040634317,0
img_05708_2024,0,0.0088352375,0
img_05704_2024,0,3.525689e-05,0
img_05711_2024,0,0.00038990838,0
img_05713_2024,0,9.069682e-05,0
img_05714_2024,0,0.000106429376,0
img_05706_2024,0,7.314699e-05,0
img_05712_2024,0,1.154226e-05,0
img_05716_2024,0,3.7884518e-05,0
img_05718_2024,0,0.00015846024,0
img_05715_2024,0,0.00036727186,0
img_05722_2024,0,0.013968689,0
img_05717_2024,0,2.4476549e-06,0
img_05721_2024,0,4.5349105e-05,0
img_05726_2024,0,0.0014352745,0
img_05720_2024,0,0.04130656,0
img_05731_2024,0,0.0005938881,0
img_05728_2024,0,0.0018620099,0
img_05723_2024,0,6.1193628e-06,0
img_05735_2024,0,0.019628946,0
img_05725_2024,0,0.027073616,0
img_05733_2024,0,0.00029147786,0
img_05729_2024,0,0.00024527544,0
img_05739_2024,0,4.88514e-05,0
img_05734_2024,0,0.012546686,0
img_05741_2024,0,0.02335023,0
img_05738_2024,0,0.00019607886,0
img_05737_2024,0,0.012898974,0
img_05682_p01_2024,0,0.00022609351,0
img_05682_p02_2024,0,9.314162e-06,0
img_05682_p03_2024,0,6.432402e-05,0
img_05744_2024,0,3.0367557e-05,0
img_05732_2024,0,0.0013995756,0
img_05367_p01_2024,0,3.355901e-05,0
img_05367_p02_2024,0,0.00011527571,0
img_05367_p03_2024,0,0.0003643637,0
img_05367_p04_2024,0,0.0004288132,0
img_05367_p05_2024,0,9.576075e-05,0
img_05367_p06_2024,0,1.0357396e-05,0
img_05367_p07_2024,0,0.00021967755,0
img_05367_p08_2024,0,2.3673589e-05,0
img_05367_p09_2024,0,2.8188635e-05,0
img_05367_p10_2024,0,0.00010791261,0
img_05367_p11_2024,0,1.8601955e-05,0
img_05367_p12_2024,0,3.924355e-05,0
img_05367_p13_2024,0,8.1953236e-05,0
img_05367_p14_2024,0,0.0002757501,0
img_05367_p15_2024,0,1.4934892e-05,0
img_05367_p16_2024,0,5.204388e-06,0
img_05367_p17_2024,0,0.0023461685,0
img_05743_2024,0,3.8482816e-05,0
img_05745_2024,0,0.22978416,1
img_05742_2024,0,0.0010887836,0
img_05748_2024,0,0.0002734551,0
img_05740_2024,0,5.7997066e-05,0
img_05746_2024,0,0.0036567356,0
img_05747_2024,0,6.394293e-06,0
img_05749_2024,0,0.0009093861,0
img_05750_2024,0,3.5097903e-06,0
img_05719_p01_2024,0,7.356272e-05,0
img_05719_p02_2024,0,0.00045657592,0
img_05736_2024,0,0.00029138313,0
img_05751_2024,0,0.03717243,0
img_05753_2024,0,0.0030691044,0
img_05754_2024,0,6.853917e-05,0
img_05756_2024,0,0.00020177051,0
img_05755_2024,0,0.00017091417,0
img_05757_2024,0,8.7819644e-05,0
img_05763_2024,0,0.00011053241,0
img_05762_2024,0,0.0014348193,0
img_05758_2024,0,0.000776387,0
img_05760_2024,0,4.1436e-05,0
img_05759_2024,0,2.1728252e-05,0
img_05764_2024,0,0.0018643634,0
img_05766_2024,0,0.010878197,0
img_05761_2024,0,2.32321e-05,0
img_05767_2024,0,0.01130575,0
img_05752_2024,0,0.00020127324,0
img_05765_2024,0,0.0003707351,0
img_05771_2024,0,0.032035436,0
img_05770_2024,0,2.8727763e-05,0
img_05773_2024,0,0.016860692,0
img_05777_2024,0,2.7851976e-05,0
img_05772_2024,0,0.00025639505,0
img_05769_2024,0,7.425156e-05,0
img_05780_2024,0,0.00035154013,0
img_05779_2024,0,5.269753e-05,0
img_05774_2024,0,0.0008485626,0
img_05730_p02_2024,0,3.654152e-06,0
img_05730_p03_2024,0,1.1794646e-06,0
img_05730_p04_2024,0,1.2176025e-05,0
img_05775_2024,0,0.00011290047,0
img_05786_2024,0,1.7348097e-05,0
img_05787_2024,0,0.0002600317,0
img_05776_2024,0,0.00023265867,0
img_05781_2024,0,0.009837586,0
img_05783_2024,0,0.0028535312,0
img_05784_2024,0,3.662679e-05,0
img_05782_2024,0,1.9517638e-05,0
img_05788_2024,0,0.019566717,0
img_05785_2024,0,2.6696878e-05,0
img_05791_2024,0,8.179417e-06,0
img_05778_2024,0,0.00032696588,0
img_05790_2024,0,0.0005852805,0
img_05793_2024,0,0.00019637878,0
img_05794_2024,0,0.00031592837,0
img_05792_2024,0,3.741347e-05,0
img_05797_2024,0,0.00049255404,0
img_05789_2024,0,1.335801e-05,0
img_05795_2024,0,0.0041510584,0
img_05796_2024,0,0.0035339831,0
img_05800_2024,0,0.00014808269,0
img_05801_2024,0,5.132628e-05,0
img_05798_2024,0,2.3066664e-06,0
img_05802_2024,0,6.570912e-05,0
img_05803_2024,0,0.001988145,0
img_05799_2024,0,2.8429664e-05,0
img_05804_2024,0,0.0003713987,0
img_05807_2024,0,8.637337e-06,0
img_05805_2024,0,7.590302e-05,0
img_05813_2024,0,0.00053215347,0
img_05808_2024,0,2.7484322e-05,0
img_05806_2024,0,0.00012385799,0
img_05810_2024,0,0.0073243976,0
img_05811_2024,0,3.4539065e-05,0
img_05724_p01_2024,0,2.932521e-05,0
img_05724_p02_2024,0,2.6752457e-06,0
img_05724_p03_2024,0,0.00082747574,0
img_05724_p04_2024,0,3.0472784e-06,0
img_05724_p05_2024,0,1.5757116e-05,0
img_05724_p06_2024,0,1.0962288e-05,0
img_05809_2024,0,5.66018e-05,0
img_05814_2024,0,0.005985256,0
img_05816_2024,0,0.00011805578,0
img_05812_2024,0,0.0044825207,0
img_05815_2024,0,7.9095415e-05,0
img_05820_2024,0,0.00026730896,0
img_05819_2024,0,0.0012166162,0
img_05818_2024,0,0.00010529414,0
img_05822_2024,0,4.78868e-05,0
img_05821_2024,0,8.047676e-05,0
img_05823_2024,0,0.0018566392,0
img_05817_2024,0,8.328428e-05,0
img_05827_2024,0,0.0001277012,0
img_05831_2024,0,0.00045756734,0
img_05825_2024,0,3.5949193e-05,0
img_05826_2024,0,0.0017907335,0
img_05824_2024,0,9.484025e-05,0
img_05830_2024,0,0.000101711565,0
img_05828_2024,0,0.03308652,0
img_05834_2024,0,0.011923609,0
img_05829_2024,0,0.0007172091,0
img_05833_2024,0,1.7314991e-05,0
img_05832_2024,0,0.0005117618,0
img_05838_2024,0,6.783394e-05,0
img_05836_2024,0,8.573944e-05,0
img_05839_2024,0,0.00414842,0
img_05840_2024,0,0.000550678,0
img_05841_2024,0,0.00084854313,0
img_05842_2024,0,0.0009261704,0
img_05848_2024,0,0.0018306002,0
img_05844_2024,0,0.00019708672,0
img_05846_2024,0,0.0057592303,0
img_05837_2024,0,0.002516816,0
img_05843_2024,0,0.0006097154,0
img_05835_2024,0,0.013023573,0
img_05847_2024,0,0.0005242012,0
img_05845_2024,0,0.00022096612,0
img_05855_2024,0,0.00023177413,0
img_05852_2024,0,9.385199e-06,0
img_05854_2024,0,0.0013365448,0
img_05859_2024,0,0.00026038298,0
img_05853_2024,0,0.0001906297,0
img_05860_2024,0,3.8177852e-05,0
img_05851_2024,0,0.00035796556,0
img_05862_2024,0,0.14692909,1
img_05857_2024,0,0.0057315263,0
img_05861_2024,0,0.06542467,0
img_05856_2024,0,0.00018613841,0
img_05865_2024,0,0.00016703428,0
img_05850_2024,0,0.010365784,0
img_05849_2024,0,0.010987849,0
img_05868_2024,0,0.08985372,0
img_05768_p01_2024,0,5.65454e-07,0
img_05768_p02_2024,0,1.0510745e-06,0
img_05768_p03_2024,0,1.974403e-05,0
img_05768_p04_2024,0,0.00024405893,0
img_05768_p05_2024,0,0.0002994076,0
img_05768_p06_2024,0,5.6099998e-05,0
img_05866_2024,0,0.15458663,1
img_05867_2024,0,0.00032549447,0
img_05863_2024,0,6.1973675e-05,0
img_05870_2024,0,0.0014404634,0
img_05873_2024,0,3.5753608e-06,0
img_05869_2024,0,3.7834332e-05,0
img_05864_2024,0,0.00050847605,0
img_05872_2024,0,0.0015944989,0
img_05871_2024,0,0.01673487,0
img_05876_2024,0,0.0005371356,0
img_05878_2024,0,8.139667e-05,0
img_05874_2024,0,7.041498e-05,0
img_05881_2024,0,4.0189127e-05,0
img_05885_2024,0,0.00042729118,0
img_05877_2024,0,0.0014545808,0
img_05883_2024,0,0.0047965394,0
img_05882_2024,0,8.863886e-05,0
img_05887_2024,0,4.721037e-05,0
img_05879_2024,0,0.0032709548,0
img_05888_2024,0,0.05965038,0
img_05891_2024,0,7.711992e-05,0
img_05890_2024,0,0.80344504,1
img_05886_2024,0,0.00021048391,0
img_05893_2024,0,0.000386523,0
img_05884_2024,0,0.024941256,0
img_05889_2024,0,0.0015126935,0
img_05875_p01_2024,0,0.00034260555,0
img_05875_p02_2024,0,0.00067489763,0
img_05892_2024,0,3.865675e-05,0
img_05898_2024,0,0.00042721114,0
img_05880_2024,0,0.0012612657,0
img_05895_2024,0,0.0008381451,0
img_05896_2024,0,0.0004258667,0
img_05894_2024,0,0.00066939386,0
img_05897_2024,0,0.00016629213,0
img_05901_2024,0,0.00026114724,0
img_05900_2024,0,1.1181045e-05,0
img_05899_2024,0,0.00014029512,0
img_05902_2024,0,0.0033051907,0
img_05903_2024,0,0.00047608095,0
img_05904_2024,0,5.535282e-06,0
img_05910_2024,0,0.00037283596,0
img_05908_2024,0,0.00017461642,0
img_05912_2024,0,0.0018870636,0
img_05914_2024,0,0.0012036281,0
img_05907_2024,0,5.776496e-05,0
img_05913_2024,0,0.02073279,0
img_05906_2024,0,0.013086658,0
img_05915_2024,0,1.901972e-05,0
img_05911_2024,0,0.0036421297,0
img_05909_2024,0,0.0039070756,0
img_05916_2024,0,0.00021335878,0
img_05905_2024,0,2.3091266e-05,0
img_05918_2024,0,0.002654694,0
img_05917_2024,0,0.00013474662,0
img_05923_2024,0,0.02653319,0
img_05919_2024,0,0.9533673,1
img_05921_2024,0,0.0039112126,0
img_05922_2024,0,0.0066251736,0
img_05925_2024,0,0.00092355453,0
img_05920_2024,0,0.0006508953,0
img_05929_2024,0,3.4326153e-05,0
img_05926_2024,0,0.06980812,0
img_05931_2024,0,3.443717e-06,0
img_05928_2024,0,0.3005448,1
img_05927_2024,0,2.4764504e-06,0
img_05932_2024,0,0.0007332556,0
img_05924_2024,0,3.2737276e-05,0
img_05933_2024,0,0.017099794,0
img_05930_2024,0,7.159645e-05,0
img_05943_2024,0,6.0758382e-05,0
img_05942_2024,0,0.00014184567,0
img_05944_2024,0,0.0005100666,0
img_05934_2024,0,0.00038797883,0
img_05939_2024,0,0.0038309782,0
img_05935_2024,0,3.1728225e-06,0
img_05937_2024,0,9.53813e-06,0
img_05940_2024,0,0.0032242753,0
img_05946_2024,0,0.0030421447,0
img_05941_2024,0,1.2253664e-05,0
img_05949_2024,0,0.46435174,1
img_05947_2024,0,2.6526466e-05,0
img_05936_2024,0,0.0052753077,0
img_05948_2024,0,5.3751974e-06,0
img_05858_p01_2024,0,4.438685e-05,0
img_05858_p02_2024,0,4.0296236e-05,0
img_05858_p03_2024,0,9.737598e-05,0
img_05858_p04_2024,0,2.4622812e-05,0
img_05951_2024,0,0.0002555246,0
img_05950_2024,0,9.505621e-06,0
img_05954_2024,0,0.000813731,0
img_05956_2024,0,8.244305e-05,0
img_05955_2024,0,0.0013505013,0
img_05953_2024,0,9.8930606e-05,0
img_05952_2024,0,4.5667817e-05,0
img_05957_2024,0,0.008298703,0
img_05959_2024,0,0.005049634,0
img_05938_p01_2024,0,0.00026042768,0
img_05938_p02_2024,0,0.088913456,0
img_05961_2024,0,7.1539325e-05,0
img_05962_2024,0,0.065995246,0
img_05963_2024,0,0.04047665,0
img_05727_p01_2024,0,0.00015589641,0
img_05727_p02_2024,0,0.0020564348,0
img_05727_p03_2024,0,0.00017390642,0
img_05727_p04_2024,0,6.11315e-05,0
img_05727_p05_2024,0,0.00011814757,0
img_05727_p06_2024,0,2.753036e-05,0
img_05727_p07_2024,0,0.70883167,1
img_05727_p08_2024,0,0.0002913142,0
img_05727_p09_2024,0,4.3243672e-05,0
img_05727_p10_2024,0,6.1942425e-05,0
img_05727_p11_2024,0,0.00011068492,0
img_05965_2024,0,2.2104311e-06,0
img_05966_2024,0,0.007746552,0
img_05964_2024,0,0.00026939643,0
img_05958_2024,0,4.9805265e-05,0
img_05971_2024,0,0.0030800223,0
img_05973_2024,0,0.0003338464,0
img_05960_2024,0,0.011059016,0
img_05967_2024,0,0.008168772,0
img_05970_2024,0,0.04661245,0
img_05976_2024,0,0.02312988,0
img_05981_2024,0,3.9934425e-06,0
img_05977_2024,0,0.0016555657,0
img_05978_2024,0,1.8470224e-06,0
img_05972_2024,0,0.00026606608,0
img_05979_2024,0,1.8963286e-05,0
img_05982_2024,0,9.457916e-05,0
img_05985_2024,0,0.9678454,1
img_05968_2024,0,0.00056134176,0
img_05987_2024,0,7.2834764e-06,0
img_05983_2024,0,0.013056209,0
img_05993_2024,0,0.19508085,1
img_05991_2024,0,3.7366215e-06,0
img_05992_2024,0,0.0018431689,0
img_05984_2024,0,0.001968922,0
img_05989_2024,0,7.391057e-05,0
img_05986_2024,0,6.398314e-05,0
img_05990_2024,0,0.021440472,0
img_05969_2024,0,0.03249695,0
img_05980_2024,0,1.6411726e-05,0
img_05996_2024,0,0.0012435077,0
img_05998_2024,0,0.00026313768,0
img_05995_2024,0,1.7570508e-05,0
img_05997_2024,0,0.00013449926,0
img_05994_2024,0,3.9691055e-05,0
img_05988_2024,0,2.2191049e-05,0
img_06000_2024,0,9.248831e-05,0
img_06002_2024,0,4.9057184e-05,0
img_05999_2024,0,0.0014158235,0
img_06006_2024,0,0.00046599665,0
img_05945_p01_2024,0,0.0005973254,0
img_05945_p02_2024,0,0.00018860206,0
img_05945_p03_2024,0,4.5389515e-05,0
img_05945_p04_2024,0,0.00016593987,0
img_06001_2024,0,1.2010573e-06,0
img_06004_2024,0,0.95618343,1
img_06003_2024,0,4.6590263e-05,0
img_06007_2024,0,0.4909396,1
img_06008_2024,0,0.0037465594,0
img_06005_2024,0,2.7034296e-06,0
img_06010_2024,0,0.0036096487,0
img_06012_2024,0,0.00069941947,0
img_06014_2024,0,0.008199019,0
img_06009_2024,0,0.05507927,0
img_06017_2024,0,1.4084447e-05,0
img_05975_p01_2024,0,1.7176245e-06,0
img_05975_p02_2024,0,2.247992e-05,0
img_06013_2024,0,0.001591917,0
img_06011_2024,0,0.0009156099,0
img_06015_2024,0,0.0001706346,0
img_06020_2024,0,1.1087763e-05,0
img_06019_2024,0,3.0022251e-05,0
img_06021_2024,0,0.00094276015,0
img_06022_2024,0,5.474176e-05,0
img_06018_2024,0,5.8227983e-05,0
img_06023_2024,0,0.00010018535,0
img_06016_2024,0,0.00036433156,0
img_06024_2024,0,0.00045882104,0
img_06034_2024,0,0.005944878,0
img_06032_2024,0,0.00094822014,0
img_06029_2024,0,0.00033086925,0
img_06031_2024,0,0.0190088,0
img_06025_2024,0,1.5913673e-05,0
img_06030_2024,0,0.0001914587,0
img_06036_2024,0,0.0010028301,0
img_06028_2024,0,1.059929e-05,0
img_05974_p01_2024,0,0.0028364502,0
img_05974_p02_2024,0,4.515866e-05,0
img_05974_p03_2024,0,0.00052226736,0
img_06040_2024,0,0.0054972796,0
img_06039_2024,0,6.79392e-05,0
img_06033_2024,0,0.0002337981,0
img_06027_2024,0,0.0072419047,0
img_06042_2024,0,4.067591e-06,0
img_06038_2024,0,0.0001479534,0
img_06037_2024,0,0.0007810426,0
img_06043_2024,0,4.8325684e-05,0
img_06041_2024,0,4.841878e-06,0
img_06026_2024,0,0.0012436683,0
img_06045_2024,0,0.00012251922,0
img_06049_2024,0,0.00094753323,0
img_06048_2024,0,6.6188084e-05,0
img_06044_2024,0,6.6593802e-06,0
img_06052_2024,0,0.0003167466,0
img_06056_2024,0,0.0028573044,0
img_06047_2024,0,0.0015198867,0
img_06046_2024,0,1.6598324e-05,0
img_06053_2024,0,2.6410076e-05,0
img_06057_2024,0,0.00025933745,0
img_06051_2024,0,0.0024807611,0
img_06054_2024,0,0.023766108,0
img_06062_2024,0,0.00015126534,0
img_06060_2024,0,0.0003442503,0
img_06058_2024,0,3.3599352e-07,0
img_06050_2024,0,0.0009383288,0
img_06059_2024,0,0.00063390157,0
img_06066_2024,0,7.178616e-05,0
img_06065_2024,0,0.0010507747,0
img_06055_2024,0,0.0017997547,0
img_06073_2024,0,6.849422e-05,0
img_06071_2024,0,2.5695841e-05,0
img_06072_2024,0,3.6323298e-05,0
img_06067_2024,0,7.163776e-05,0
img_06070_2024,0,0.002393066,0
img_06064_2024,0,0.00036199274,0
img_06063_2024,0,0.008950952,0
img_06074_2024,0,0.0005322856,0
img_06075_2024,0,6.8232857e-06,0
img_06069_2024,0,0.00025430112,0
img_06077_2024,0,0.00044896605,0
img_06076_2024,0,0.00023727033,0
img_06080_2024,0,3.567186e-05,0
img_06079_2024,0,2.0349926e-05,0
img_06078_2024,0,0.93389344,1
img_06068_2024,0,0.0005750007,0
img_06085_2024,0,0.00061925675,0
img_06084_2024,0,0.025701394,0
img_06082_2024,0,0.049009204,0
img_06088_2024,0,4.2574716e-06,0
img_06081_2024,0,7.112851e-07,0
img_06089_2024,0,0.013257728,0
img_06083_2024,0,0.014833655,0
img_06086_2024,0,7.2967254e-05,0
img_06090_2024,0,2.894606e-05,0
img_06092_2024,0,0.013677745,0
img_06091_2024,0,0.02063298,0
img_06094_2024,0,0.0005891892,0
img_06096_2024,0,0.07039942,0
img_06095_2024,0,1.9819148e-05,0
img_06097_2024,0,2.94485e-06,0
img_06098_2024,0,0.017711088,0
img_06101_2024,0,0.0010294479,0
img_06099_2024,0,0.00017329973,0
img_06102_2024,0,0.517395,1
img_06105_2024,0,0.0012340548,0
img_06104_2024,0,4.6009077e-06,0
img_06100_2024,0,0.22365358,1
img_06103_2024,0,0.00017392398,0
img_06106_2024,0,0.00064181356,0
img_06107_2024,0,9.674043e-05,0
img_06108_2024,0,0.0004570115,0
img_06110_2024,0,0.0008508693,0
img_06112_2024,0,9.883235e-05,0
img_06109_2024,0,0.0020958688,0
img_06111_2024,0,0.0009872053,0
img_06113_2024,0,1.0942774e-06,0
img_06115_2024,0,0.00035245926,0
img_06116_2024,0,4.121613e-05,0
img_06114_2024,0,0.00015885767,0
img_06120_2024,0,0.0015014561,0
img_06121_2024,0,0.0051403865,0
img_06122_2024,0,0.0023149785,0
img_06119_2024,0,0.0072178612,0
img_06117_2024,0,1.664323e-05,0
img_06126_2024,0,0.000655731,0
img_06118_2024,0,0.0003058034,0
img_06123_2024,0,1.3626991e-05,0
img_06061_p01_2024,0,4.8818798e-05,0
img_06061_p02_2024,0,0.00017696807,0
img_06061_p03_2024,0,5.9263566e-05,0
img_06061_p04_2024,0,0.00030867103,0
img_06127_2024,0,8.3507424e-05,0
img_06129_2024,0,3.3915371e-06,0
img_06128_2024,0,0.0009262114,0
img_06133_2024,0,0.0023931025,0
img_06131_2024,0,0.0037757778,0
img_06132_2024,0,0.0013871322,0
img_06138_2024,0,5.347873e-05,0
img_06136_2024,0,4.57777e-05,0
img_06035_p01_2024,0,0.0011006834,0
img_06035_p02_2024,0,0.00046267742,0
img_06035_p03_2024,0,6.8183625e-05,0
img_06035_p04_2024,0,3.508995e-05,0
img_06141_2024,0,0.00076354115,0
img_06134_2024,0,0.00050330465,0
img_06139_2024,0,0.0007259667,0
img_06124_2024,0,5.0870764e-05,0
img_06135_2024,0,2.6826503e-05,0
img_06137_2024,0,6.1948216e-05,0
img_06140_2024,0,1.395058e-05,0
img_06142_2024,0,0.00010109909,0
img_06145_2024,0,0.0015286301,0
img_06144_2024,0,7.057934e-05,0
img_06125_p01_2024,0,3.0191875e-06,0
img_06125_p02_2024,0,0.0001501021,0
img_06146_2024,0,0.00010276927,0
img_06150_2024,0,0.026550723,0
img_06143_2024,0,0.0019044925,0
img_06149_2024,0,0.0038029999,0
img_06151_2024,0,4.7699385e-05,0
img_06148_2024,0,0.0004846446,0
img_06153_2024,0,0.00046698115,0
img_06155_2024,0,2.4341316e-05,0
img_06154_2024,0,2.1109101e-05,0
img_06156_2024,0,0.0004214258,0
img_06093_p01_2024,0,1.0490043e-05,0
img_06093_p02_2024,0,1.1474696e-05,0
img_06093_p03_2024,0,4.250551e-06,0
img_06093_p04_2024,0,6.088279e-06,0
img_06152_2024,0,8.265567e-05,0
img_06158_2024,0,1.3154553e-05,0
img_06157_2024,0,0.00010755151,0
img_06161_2024,0,0.0010719458,0
img_06160_2024,0,7.939935e-05,0
img_06166_2024,0,5.31142e-06,0
img_06165_2024,0,0.009913029,0
img_06167_2024,0,0.00012201381,0
img_06162_2024,0,0.0016562159,0
img_06168_2024,0,0.14870477,1
img_06164_2024,0,0.072394155,0
img_06159_2024,0,0.01606402,0
img_06171_2024,0,0.0013496559,0
img_06163_2024,0,0.01397583,0
img_06170_2024,0,0.0051484373,0
img_06172_2024,0,2.5579291e-05,0
img_06173_2024,0,7.641744e-05,0
img_06174_2024,0,0.8232856,1
img_06175_2024,0,0.111809224,0
img_06178_2024,0,3.0061443e-05,0
img_06181_2024,0,0.18200958,1
img_06179_2024,0,0.00043483707,0
img_06180_2024,0,0.0013109572,0
img_06184_2024,0,0.00040968775,0
img_06183_2024,0,0.0005520815,0
img_06185_2024,0,0.00013118394,0
img_06182_2024,0,1.2945019e-05,0
img_06188_2024,0,0.0041055502,0
img_06177_2024,0,5.34947e-05,0
img_06191_2024,0,7.96642e-05,0
img_06187_2024,0,0.0021022123,0
img_06189_2024,0,0.0004571795,0
img_06194_2024,0,0.0016048531,0
img_06197_2024,0,0.002421864,0
img_06196_2024,0,6.148251e-05,0
img_06192_2024,0,0.74972945,1
img_06190_2024,0,0.00017549992,0
img_06176_p01_2024,0,2.5920473e-05,0
img_06176_p02_2024,0,2.6679725e-05,0
img_06202_2024,0,0.0022312447,0
img_06200_2024,0,0.00061697833,0
img_06195_2024,0,0.0012754945,0
img_06193_2024,0,0.002817386,0
img_06203_2024,0,0.0009770134,0
img_06201_2024,0,7.82609e-05,0
img_06204_2024,0,0.0069917776,0
img_06206_2024,0,0.014630758,0
img_06207_2024,0,0.0006303687,0
img_06209_2024,0,0.000321622,0
img_06205_2024,0,7.68807e-05,0
img_06212_2024,0,3.143262e-05,0
img_06210_2024,0,7.2567345e-06,0
img_06211_2024,0,0.00022082122,0
img_06215_2024,0,0.049529087,0
img_06214_2024,0,5.925458e-05,0
img_06087_p01_2024,0,9.0200796e-05,0
img_06087_p02_2024,0,3.994379e-05,0
img_06087_p03_2024,0,3.528612e-05,0
img_06087_p04_2024,0,5.146655e-05,0
img_06087_p05_2024,0,7.008491e-05,0
img_06087_p06_2024,0,1.3316646e-05,0
img_06216_2024,0,7.926145e-05,0
img_06213_2024,0,0.00014382845,0
img_06208_2024,0,3.9457598e-05,0
img_06147_p01_2024,0,0.00011434416,0
img_06147_p02_2024,0,4.3977776e-05,0
img_06147_p03_2024,0,1.8398043e-05,0
img_06147_p04_2024,0,0.00045097736,0
img_06130_p01_2024,0,1.4511794e-05,0
img_06130_p02_2024,0,0.00024059217,0
img_06130_p03_2024,0,8.248151e-05,0
img_06130_p04_2024,0,2.0115935e-05,0
img_06217_2024,0,5.9844537e-05,0
img_06219_2024,0,0.009402297,0
img_06218_2024,0,3.0445097e-05,0
img_06225_2024,0,0.016618524,0
img_06224_2024,0,0.534333,1
img_06223_2024,0,1.9219211e-05,0
img_06221_2024,0,1.541967e-05,0
img_06231_2024,0,1.0424582e-05,0
img_06228_2024,0,2.720426e-05,0
img_06229_2024,0,0.00062198,0
img_06222_2024,0,0.00011804104,0
img_06234_2024,0,0.75338703,1
img_06226_2024,0,5.918756e-06,0
img_06235_2024,0,0.009299464,0
img_06230_2024,0,7.082077e-05,0
img_06237_2024,0,0.034431618,0
img_06169_p01_2024,0,0.00091552484,0
img_06169_p02_2024,0,0.00012093241,0
img_06169_p03_2024,0,0.00048322658,0
img_06169_p04_2024,0,0.00012324112,0
img_06241_2024,0,0.0018776711,0
img_06236_2024,0,3.9019385e-05,0
img_06233_2024,0,0.00027340138,0
img_06240_2024,0,0.00018748968,0
img_06227_2024,0,3.562617e-05,0
img_06232_2024,0,0.0001351535,0
img_06245_2024,0,3.1111438e-05,0
img_06238_2024,0,0.00041123098,0
img_06246_2024,0,0.00024690427,0
img_06242_2024,0,0.00036387736,0
img_06247_2024,0,0.0024165106,0
img_06239_2024,0,0.013538496,0
img_06251_2024,0,4.2547804e-06,0
img_06250_2024,0,0.0019464142,0
img_06249_2024,0,4.6761004e-05,0
img_06252_2024,0,1.3675263e-05,0
img_06244_2024,0,0.00010270324,0
img_06243_2024,0,0.0004930445,0
img_06255_2024,0,0.015030991,0
img_06248_2024,0,0.00017025915,0
img_06260_2024,0,0.0048050894,0
img_06253_2024,0,5.9562713e-05,0
img_06263_2024,0,0.0045145773,0
img_06259_2024,0,3.2088544e-06,0
img_06254_2024,0,0.004335039,0
img_06257_2024,0,0.002999046,0
img_06258_2024,0,0.0021933299,0
img_06256_2024,0,0.3509838,1
img_06266_2024,0,0.5604311,1
img_06261_2024,0,0.00085648557,0
img_06262_2024,0,9.379016e-05,0
img_06268_2024,0,4.569614e-05,0
img_06269_2024,0,7.09555e-05,0
img_06264_2024,0,4.864133e-05,0
img_06270_2024,0,2.8275465e-05,0
img_06272_2024,0,0.0006421984,0
img_06273_2024,0,0.0011248887,0
img_06267_2024,0,0.022270285,0
img_06274_2024,0,0.001359307,0
img_06271_2024,0,6.220969e-05,0
img_06275_2024,0,0.043141387,0
img_06276_2024,0,0.0031372164,0
img_06278_2024,0,0.0009100405,0
img_06281_2024,0,6.991656e-05,0
img_06199_p01_2024,0,0.00011597021,0
img_06199_p02_2024,0,0.00011401263,0
img_06199_p03_2024,0,5.1564708e-05,0
img_06199_p04_2024,0,0.00012284139,0
img_06279_2024,0,4.8041948e-05,0
img_06280_2024,0,0.0043896595,0
img_06277_2024,0,0.00010624696,0
img_06284_2024,0,0.0023745345,0
img_06289_2024,0,0.00016392407,0
img_06290_2024,0,1.2408585e-05,0
img_06283_2024,0,0.7418286,1
img_06288_2024,0,8.220276e-05,0
img_06285_2024,0,4.0400537e-06,0
img_06286_2024,0,2.2618298e-05,0
img_06282_2024,0,0.00034807343,0
img_06287_2024,0,0.25318474,1
img_06291_2024,0,2.061017e-05,0
img_06292_2024,0,3.1963168e-06,0
img_06293_2024,0,1.7264289e-05,0
img_06295_2024,0,0.000421428,0
img_06298_2024,0,1.623664e-05,0
img_06297_2024,0,0.020813026,0
img_06294_2024,0,5.1108735e-05,0
img_06299_2024,0,0.00028575948,0
img_06300_2024,0,6.605668e-05,0
img_06303_2024,0,2.4794708e-05,0
img_06301_2024,0,0.00021447628,0
img_06302_2024,0,4.047666e-06,0
img_06304_2024,0,0.14176106,0
img_06305_2024,0,0.00013486926,0
img_06306_2024,0,0.00066490844,0
img_06296_2024,0,1.2065048e-05,0
img_06310_2024,0,0.00020813655,0
img_06311_2024,0,0.00020650653,0
img_06308_2024,0,0.00020033393,0
img_06313_2024,0,0.033085644,0
img_06312_2024,0,6.452168e-06,0
img_06307_2024,0,0.0004642013,0
img_06314_2024,0,0.0023470114,0
img_06317_2024,0,2.4574605e-05,0
img_06316_2024,0,5.4890108e-05,0
img_06319_2024,0,8.145887e-05,0
img_06320_2024,0,2.4633688e-05,0
img_06322_2024,0,1.5919957e-05,0
img_06318_2024,0,6.15214e-05,0
img_06315_2024,0,0.00012041276,0
img_06321_2024,0,4.2698663e-05,0
img_06323_2024,0,0.0020555651,0
img_06324_2024,0,2.4411544e-05,0
img_06325_2024,0,0.047398973,0
img_06328_2024,0,8.700378e-05,0
img_06329_2024,0,0.002271038,0
img_06326_2024,0,4.6620746e-05,0
img_06330_2024,0,8.681929e-05,0
img_06333_2024,0,0.00016705258,0
img_06327_2024,0,0.0001737251,0
img_06334_2024,0,0.013073701,0
img_06265_p01_2024,0,1.9720319e-05,0
img_06265_p02_2024,0,4.4532277e-05,0
img_06265_p03_2024,0,8.815467e-05,0
img_06265_p04_2024,0,1.3346829e-05,0
img_06335_2024,0,5.118697e-05,0
img_06337_2024,0,3.3324508e-05,0
img_06331_2024,0,0.02317045,0
img_06336_2024,0,0.0009544393,0
img_06332_2024,0,0.00087480224,0
img_06338_2024,0,0.0042639603,0
img_06341_2024,0,0.0018659463,0
img_06344_2024,0,0.00211352,0
img_06342_2024,0,0.32077906,1
img_06343_2024,0,0.16187315,1
img_06339_2024,0,0.0001542292,0
img_06346_2024,0,0.0017376993,0
img_06345_2024,0,3.6742516e-05,0
img_06350_2024,0,0.00039587682,0
img_06347_2024,0,0.00015628444,0
img_06349_2024,0,0.0060990737,0
img_06340_2024,0,0.0003356063,0
img_06348_2024,0,0.0022444434,0
img_06351_2024,0,0.016402502,0
img_06353_2024,0,0.0036633988,0
img_06352_2024,0,0.0017514845,0
img_06354_2024,0,0.00013194984,0
img_06360_2024,0,0.00068924524,0
img_06355_2024,0,0.0017776798,0
img_06356_2024,0,0.0027495173,0
img_06359_2024,0,0.0062571405,0
img_06358_2024,0,0.003858355,0
img_06365_2024,0,0.002649728,0
img_06363_2024,0,0.0036179004,0
img_06357_2024,0,0.1520771,1
img_06220_p01_2024,0,1.3607603e-05,0
img_06220_p02_2024,0,1.3754774e-05,0
img_06220_p03_2024,0,1.0448429e-05,0
img_06220_p04_2024,0,2.947746e-05,0
img_06220_p05_2024,0,0.00031542216,0
img_06220_p06_2024,0,0.0034737708,0
img_06220_p07_2024,0,0.0009178608,0
img_06364_2024,0,2.4597044e-05,0
img_06362_2024,0,9.073982e-06,0
img_06366_2024,0,0.028000304,0
img_06375_2024,0,0.0007769646,0
img_06367_2024,0,0.009359873,0
img_06373_2024,0,0.07051484,0
img_06372_2024,0,0.00016072656,0
img_06376_2024,0,0.00025985672,0
img_06361_2024,0,8.717386e-05,0
img_06370_2024,0,0.0131151965,0
img_06369_2024,0,0.021840721,0
img_06377_2024,0,4.121228e-05,0
img_06378_2024,0,0.0005588953,0
img_06371_2024,0,0.00050077314,0
img_06382_2024,0,0.00023324345,0
img_06374_2024,0,0.00036491881,0
img_06384_2024,0,0.0008485245,0
img_06385_2024,0,0.00018577192,0
img_06368_2024,0,0.0063252402,0
img_06381_2024,0,4.5871816e-06,0
img_06386_2024,0,0.001407055,0
img_06380_2024,0,0.08717951,0
img_06388_2024,0,7.634052e-05,0
img_06379_2024,0,0.0010227486,0
img_06383_2024,0,0.0014203124,0
img_06389_2024,0,2.2784738e-05,0
img_06393_2024,0,0.0006660647,0
img_06390_2024,0,0.00012684452,0
img_06394_2024,0,0.0001345834,0
img_06392_2024,0,0.09344994,0
img_06387_2024,0,0.0015683725,0
img_06391_2024,0,9.1506736e-05,0
img_06399_2024,0,5.2736243e-05,0
img_06397_2024,0,0.0015099159,0
img_06402_2024,0,8.836947e-05,0
img_06395_2024,0,2.1322003e-05,0
img_06400_2024,0,0.019864846,0
img_06401_2024,0,0.00032231817,0
img_06398_2024,0,0.87285984,1
img_06403_2024,0,0.01967104,0
img_06396_2024,0,0.0045712707,0
img_06409_2024,0,7.790334e-05,0
img_06405_2024,0,0.0027164267,0
img_06407_2024,0,0.0024841358,0
img_06406_2024,0,2.0991743e-05,0
img_06411_2024,0,0.0033201484,0
img_06419_2024,0,0.0014797858,0
img_06412_2024,0,0.00021541165,0
img_06408_2024,0,8.322648e-05,0
img_06414_2024,0,0.016212238,0
img_06417_2024,0,0.0006804509,0
img_06413_2024,0,3.7159516e-05,0
img_06415_2024,0,0.0003387029,0
img_06420_2024,0,5.860148e-07,0
img_06416_2024,0,0.064655654,0
img_06418_2024,0,9.724535e-06,0
img_06422_2024,0,2.4713236e-06,0
img_06410_2024,0,0.0045409463,0
img_06424_2024,0,0.08932343,0
img_06423_2024,0,7.6952365e-06,0
img_06425_2024,0,0.00017770429,0
img_06421_2024,0,0.00042295922,0
img_06427_2024,0,8.141344e-05,0
img_06198_p01_2024,0,3.2121886e-06,0
img_06198_p02_2024,0,0.0007006163,0
img_06198_p03_2024,0,1.8379399e-06,0
img_06198_p04_2024,0,1.5871856e-05,0
img_06198_p05_2024,0,5.1549807e-05,0
img_06198_p06_2024,0,0.00021030838,0
img_06198_p07_2024,0,0.0010020536,0
img_06198_p08_2024,0,9.2311115e-05,0
img_06198_p09_2024,0,4.967729e-05,0
img_06198_p10_2024,0,3.2699056e-05,0
img_06426_2024,0,0.00015465435,0
img_06435_2024,0,0.00055139494,0
img_06431_2024,0,2.7751694e-06,0
img_06428_2024,0,7.862729e-05,0
img_06432_2024,0,0.016740527,0
img_06430_2024,0,3.0658368e-05,0
img_06434_2024,0,0.000101217054,0
img_06438_2024,0,4.742923e-05,0
img_06433_2024,0,0.0119508235,0
img_06439_2024,0,0.0018278176,0
img_06437_2024,0,0.00024027398,0
img_06441_2024,0,0.046429448,0
img_06436_2024,0,0.020654378,0
img_06440_2024,0,1.198338e-05,0
img_06444_2024,0,0.0005585185,0
img_06447_2024,0,1.1690405e-05,0
img_06443_2024,0,0.0018768152,0
img_06446_2024,0,9.8406905e-05,0
img_06448_2024,0,0.0030488046,0
img_06445_2024,0,0.00026511322,0
img_06459_2024,0,0.0005939136,0
img_06451_2024,0,0.0009262868,0
img_06455_2024,0,0.00016289958,0
img_06454_2024,0,2.1564572e-05,0
img_06429_p01_2024,0,0.0076379874,0
img_06429_p02_2024,0,1.417858e-05,0
img_06442_2024,0,7.94011e-05,0
img_06449_2024,0,0.9705009,1
img_06460_2024,0,0.024670282,0
img_06453_2024,0,0.00045184314,0
img_06452_2024,0,0.0008077672,0
img_06450_2024,0,0.00015003499,0
img_06457_2024,0,3.19855e-05,0
img_06462_2024,0,0.0014420116,0
img_06461_2024,0,0.00018526691,0
img_06470_2024,0,0.0007661541,0
img_06469_2024,0,0.00047162082,0
img_06456_2024,0,3.629515e-05,0
img_06468_2024,0,2.7889108e-05,0
img_06466_2024,0,0.0026619835,0
img_06464_2024,0,0.03700665,0
img_06458_2024,0,2.232637e-05,0
img_06471_2024,0,0.10016403,0
img_06465_2024,0,0.08750563,0
img_06474_2024,0,0.0022204397,0
img_06475_2024,0,0.00043381774,0
img_06463_2024,0,0.00031326772,0
img_06476_2024,0,0.0006708081,0
img_06472_2024,0,0.12698907,0
img_06473_2024,0,0.00032059217,0
img_06478_2024,0,4.170971e-05,0
img_06477_2024,0,2.7956477e-05,0
img_06482_2024,0,0.15534902,1
img_06483_2024,0,0.0013792174,0
img_06486_2024,0,7.8445255e-06,0
img_06484_2024,0,0.0009371338,0
img_06481_2024,0,2.8978955e-05,0
img_06489_2024,0,5.262964e-06,0
img_06479_2024,0,0.031991713,0
img_06490_2024,0,0.0013698041,0
img_06488_2024,0,0.0009854771,0
img_06491_2024,0,0.10795888,0
img_06487_2024,0,0.00012986478,0
img_06493_2024,0,0.00012595166,0
img_06492_2024,0,0.008174766,0
img_06494_2024,0,0.00040690324,0
img_06498_2024,0,0.00040625446,0
img_06497_2024,0,2.5422314e-05,0
img_06501_2024,0,0.0006823055,0
img_06499_2024,0,0.0041633626,0
img_06495_2024,0,3.9118306e-05,0
img_06496_2024,0,7.454642e-05,0
img_06500_2024,0,0.00023143405,0
img_06503_2024,0,0.0022800996,0
img_06502_2024,0,0.0004061201,0
img_06504_2024,0,2.1354826e-05,0
img_06480_p01_2024,0,0.00012514416,0
img_06480_p02_2024,0,0.00022734988,0
img_06506_2024,0,0.0010378244,0
img_06507_2024,0,0.00018753152,0
img_06508_2024,0,0.0009536717,0
img_06505_2024,0,4.015239e-05,0
img_06509_2024,0,4.588281e-05,0
img_06516_2024,0,8.859754e-05,0
img_06517_2024,0,0.00018566374,0
img_06510_2024,0,6.2012396e-06,0
img_06519_2024,0,5.133494e-05,0
img_06511_2024,0,0.0016087207,0
img_06513_2024,0,0.0006212842,0
img_06521_2024,0,0.00016582866,0
img_06514_2024,0,9.205307e-06,0
img_06485_p01_2024,0,0.0003583661,0
img_06485_p02_2024,0,0.00014588941,0
img_06518_2024,0,0.00014880556,0
img_06523_2024,0,0.00010698453,0
img_06515_2024,0,2.9590032e-05,0
img_06512_2024,0,0.0002883108,0
img_06524_2024,0,3.9372386e-05,0
img_06525_2024,0,0.00011937629,0
img_06520_2024,0,6.821257e-05,0
img_06526_2024,0,0.00040634972,0
img_06529_2024,0,1.9554844e-05,0
img_06528_2024,0,0.003050746,0
img_06527_2024,0,0.0017230667,0
img_06530_2024,0,1.5251265e-06,0
img_06522_2024,0,0.00010131159,0
img_06531_2024,0,0.0004084584,0
img_06532_2024,0,9.591528e-05,0
img_06536_2024,0,0.00010982827,0
img_06533_2024,0,0.00011346308,0
img_06534_2024,0,0.017557528,0
img_06309_p01_2024,0,0.00049437536,0
img_06309_p02_2024,0,0.0007880207,0
img_06309_p03_2024,0,0.00047654772,0
img_06309_p04_2024,0,2.4632745e-05,0
img_06309_p05_2024,0,0.00012616767,0
img_06309_p06_2024,0,0.00015886358,0
img_06309_p07_2024,0,0.00013464144,0
img_06309_p08_2024,0,0.00055148563,0
img_06309_p09_2024,0,5.5374112e-05,0
img_06309_p10_2024,0,0.0027581195,0
img_06309_p11_2024,0,0.002169607,0
img_06309_p12_2024,0,0.005470766,0
img_06541_2024,0,0.00015468517,0
img_06538_2024,0,0.00042568365,0
img_06539_2024,0,0.0024471509,0
img_06540_2024,0,0.0005526385,0
img_06537_2024,0,0.018888354,0
img_06542_2024,0,0.0018382856,0
img_06535_2024,0,0.0019265237,0
img_06545_2024,0,0.023850339,0
img_06548_2024,0,9.9003255e-06,0
img_06546_2024,0,0.0008167832,0
img_06544_2024,0,0.0060506044,0
img_06551_2024,0,0.08968918,0
img_06547_2024,0,0.00023289768,0
img_06550_2024,0,0.22149941,1
img_06543_2024,0,0.00031091893,0
img_06553_2024,0,0.38750365,1
img_06404_p01_2024,0,1.4995261e-05,0
img_06404_p02_2024,0,3.668828e-05,0
img_06404_p03_2024,0,2.350393e-05,0
img_06404_p04_2024,0,3.1653955e-05,0
img_06404_p05_2024,0,6.5180335e-05,0
img_06404_p06_2024,0,8.90579e-05,0
img_06404_p07_2024,0,1.4298997e-06,0
img_06404_p08_2024,0,2.062421e-05,0
img_06554_2024,0,0.04631919,0
img_06552_2024,0,2.4687301e-06,0
img_06556_2024,0,0.002217453,0
img_06559_2024,0,7.48775e-05,0
img_06555_2024,0,0.00010871295,0
img_06557_2024,0,0.007450629,0
img_06560_2024,0,3.2294356e-06,0
img_06561_2024,0,0.006661985,0
img_06549_2024,0,0.0022105607,0
img_06558_2024,0,1.9427165e-05,0
img_06562_2024,0,0.0022945167,0
img_06566_2024,0,0.0004921645,0
img_06565_2024,0,0.00030330778,0
img_06563_2024,0,0.07288935,0
img_06569_2024,0,7.6893084e-05,0
img_06467_p01_2024,0,0.01100297,0
img_06467_p02_2024,0,0.001535065,0
img_06467_p03_2024,0,7.878407e-05,0
img_06467_p04_2024,0,0.008704655,0
img_06467_p05_2024,0,0.0002668903,0
img_06564_2024,0,0.0015413507,0
img_06571_2024,0,0.011904299,0
img_06572_2024,0,7.923676e-06,0
img_06567_2024,0,0.15507928,1
img_06570_2024,0,6.076389e-05,0
img_06576_2024,0,0.0006003501,0
img_06577_2024,0,1.0663296e-05,0
img_06580_2024,0,0.00017187315,0
img_06578_2024,0,7.935518e-06,0
img_06574_2024,0,1.4325203e-05,0
img_06573_2024,0,0.00028809125,0
img_06583_2024,0,0.00012318332,0
img_06582_2024,0,0.0022467396,0
img_06581_2024,0,0.00080463896,0
img_06575_2024,0,0.0005859955,0
img_06586_2024,0,6.480479e-06,0
img_06588_2024,0,0.025821254,0
img_06587_2024,0,0.0011350093,0
img_06590_2024,0,0.000100648234,0
img_06568_2024,0,1.12443695e-05,0
img_06579_2024,0,4.52889e-05,0
img_06585_2024,0,0.00094032503,0
img_06589_2024,0,0.00023335691,0
img_06584_2024,0,0.00035163865,0
img_06591_2024,0,0.0014258444,0
img_06594_2024,0,0.19818696,1
img_06599_2024,0,0.003038628,0
img_06597_2024,0,0.0004173836,0
img_06592_2024,0,0.00017206286,0
img_06600_2024,0,0.0073626954,0
img_06593_2024,0,7.949004e-05,0
img_06598_2024,0,4.638735e-05,0
img_06601_2024,0,4.7036552e-05,0
img_06595_2024,0,1.4006556e-05,0
img_06607_2024,0,0.0086888485,0
img_06603_2024,0,7.267768e-06,0
img_06609_2024,0,4.557391e-06,0
img_06596_2024,0,0.0005111563,0
img_06604_2024,0,0.0032893678,0
img_06610_2024,0,0.0001359706,0
img_05539_p01_2024,0,2.0908989e-05,0
img_05539_p02_2024,0,0.0015140863,0
img_05539_p03_2024,0,0.0045456993,0
img_05539_p04_2024,0,0.0007962207,0
img_05539_p05_2024,0,5.3416803e-05,0
img_05539_p06_2024,0,0.0010115654,0
img_05539_p07_2024,0,0.00026777395,0
img_05539_p08_2024,0,0.0002624642,0
img_05539_p09_2024,0,3.742985e-05,0
img_05539_p10_2024,0,5.275787e-05,0
img_05539_p11_2024,0,0.00015359989,0
img_05539_p12_2024,0,9.401285e-05,0
img_05539_p13_2024,0,2.541766e-05,0
img_05539_p14_2024,0,0.00091997394,0
img_05539_p15_2024,0,4.5055247e-05,0
img_05539_p16_2024,0,1.5769954e-05,0
img_05539_p17_2024,0,0.00024090204,0
img_05539_p18_2024,0,5.7156733e-05,0
img_05539_p20_2024,0,0.0004863938,0
img_05539_p21_2024,0,0.00017504767,0
img_05539_p22_2024,0,5.588647e-05,0
img_05539_p23_2024,0,5.2742682e-05,0
img_05539_p24_2024,0,2.2131493e-05,0
img_05539_p25_2024,0,1.7928245e-05,0
img_05539_p26_2024,0,2.1142725e-05,0
img_05539_p27_2024,0,0.00022898606,0
img_05539_p28_2024,0,0.00031503328,0
img_05539_p29_2024,0,0.00045556814,0
img_05539_p30_2024,0,0.00016761039,0
img_05539_p31_2024,0,0.00041078648,0
img_05539_p32_2024,0,6.2660525e-05,0
img_05539_p33_2024,0,3.4656223e-05,0
img_05539_p34_2024,0,4.2380172e-05,0
img_05539_p35_2024,0,2.8055883e-05,0
img_05539_p36_2024,0,5.6004803e-05,0
img_05539_p37_2024,0,3.5022385e-05,0
img_05539_p38_2024,0,0.0005721601,0
img_05539_p39_2024,0,3.1911404e-05,0
img_05539_p40_2024,0,0.00014237604,0
img_05539_p41_2024,0,7.6302385e-05,0
img_05539_p42_2024,0,2.0590565e-05,0
img_05539_p43_2024,0,4.8400998e-05,0
img_06612_2024,0,0.10945065,0
img_06614_2024,0,0.017741874,0
img_06608_2024,0,3.152408e-07,0
img_06611_2024,0,0.00017367474,0
img_06618_2024,0,1.3582335e-05,0
img_06619_2024,0,9.028056e-05,0
img_06620_2024,0,0.003090102,0
img_06622_2024,0,0.00039940077,0
img_06625_2024,0,5.0457056e-06,0
img_06621_2024,0,0.0012351808,0
img_06613_2024,0,0.00040443544,0
img_06606_2024,0,0.0009426411,0
img_06628_2024,0,0.013017188,0
img_06629_2024,0,0.00061712274,0
img_06632_2024,0,8.3512705e-06,0
img_06630_2024,0,5.6342982e-05,0
img_06623_2024,0,0.0005475589,0
img_06615_2024,0,5.2005504e-05,0
img_06627_2024,0,0.09157685,0
img_06616_2024,0,0.11272576,0
img_06626_2024,0,0.000120554534,0
img_06635_2024,0,0.0019367989,0
img_06639_2024,0,0.0022814015,0
img_06637_2024,0,0.013371721,0
img_06634_2024,0,0.97228664,1
img_06617_2024,0,0.00011008726,0
img_06636_2024,0,1.4403766e-05,0
img_06633_2024,0,0.00012604381,0
img_06631_2024,0,0.0012730713,0
img_06638_2024,0,0.007688899,0
img_06641_2024,0,0.000574307,0
img_06642_2024,0,0.00905645,0
img_06640_2024,0,5.834916e-05,0
img_06645_2024,0,0.0002280746,0
img_06643_2024,0,0.00032416935,0
img_06624_2024,0,0.0023139557,0
img_06644_2024,0,0.0034771352,0
img_06646_2024,0,0.00014486155,0
img_06648_2024,0,1.12750695e-05,0
img_06655_2024,0,0.0005296728,0
img_06650_2024,0,0.0064961836,0
img_06649_2024,0,0.001616102,0
img_06654_2024,0,0.00207137,0
img_06652_2024,0,0.0005358523,0
img_06653_2024,0,0.044520274,0
img_06662_2024,0,0.002057913,0
img_06661_2024,0,0.16153806,1
img_06657_2024,0,0.00027106106,0
img_06660_2024,0,0.0013889915,0
img_06658_2024,0,0.0028803484,0
img_06659_2024,0,0.004024116,0
img_06664_2024,0,3.0339335e-05,0
img_06663_2024,0,8.0220925e-05,0
img_06656_2024,0,0.002505729,0
img_06665_2024,0,0.0008469175,0
img_06666_2024,0,0.029599966,0
img_06667_2024,0,0.0006121067,0
img_06668_2024,0,2.6221056e-05,0
img_06670_2024,0,0.0010388136,0
img_06673_2024,0,0.0002689676,0
img_06671_2024,0,2.1283484e-05,0
img_06674_2024,0,0.00011550788,0
img_06675_2024,0,0.0007141366,0
img_06676_2024,0,0.00030439845,0
img_06602_p01_2024,0,0.0019419001,0
img_06602_p02_2024,0,0.00016971682,0
img_06602_p03_2024,0,5.6760546e-05,0
img_06602_p04_2024,0,0.00017911624,0
img_06672_2024,0,0.009933989,0
img_06680_2024,0,0.0063878763,0
img_06679_2024,0,0.00025731293,0
img_06682_2024,0,0.00037822485,0
img_06681_2024,0,0.0074330294,0
img_06678_2024,0,4.5900656e-06,0
img_06683_2024,0,0.00030340036,0
img_06684_2024,0,0.0006023883,0
img_06688_2024,0,0.0007583596,0
img_06687_2024,0,1.1727701e-05,0
img_06686_2024,0,0.00022627768,0
img_06677_2024,0,0.00033188367,0
img_06690_2024,0,0.00033475822,0
img_06691_2024,0,0.00054104096,0
img_06685_2024,0,0.0006745173,0
img_06689_2024,0,0.00048404833,0
img_06695_2024,0,0.010645789,0
img_06700_2024,0,0.024862904,0
img_06697_2024,0,2.7235825e-05,0
img_06699_2024,0,0.0030146902,0
img_06693_2024,0,3.424679e-06,0
img_06692_2024,0,0.0001068739,0
img_06694_2024,0,0.003467168,0
img_06706_2024,0,0.08938141,0
img_06696_2024,0,0.0001741037,0
img_06703_2024,0,0.0019756416,0
img_06705_2024,0,1.098838e-05,0
img_06701_2024,0,0.002469284,0
img_06704_2024,0,0.039498787,0
img_06707_2024,0,0.00030580457,0
img_06708_2024,0,0.32193783,1
img_06702_2024,0,0.004604357,0
img_06709_2024,0,9.8666205e-06,0
img_06711_2024,0,0.00028164606,0
img_06713_2024,0,0.0027349412,0
img_06698_2024,0,1.8548617e-05,0
img_06712_2024,0,0.011184932,0
img_06710_2024,0,9.4815205e-06,0
img_06716_2024,0,3.3949396e-05,0
img_06714_2024,0,7.0662645e-05,0
img_06718_2024,0,0.2916081,1
img_06717_2024,0,0.2311915,1
img_06715_2024,0,1.6401338e-05,0
img_06719_2024,0,8.95602e-05,0
img_06720_2024,0,0.00019647373,0
img_06721_2024,0,2.8715249e-05,0
img_06722_2024,0,9.93422e-05,0
img_06723_2024,0,0.00024236683,0
img_06647_p01_2024,0,0.0006095919,0
img_06647_p02_2024,0,0.00012111151,0
img_06647_p03_2024,0,5.9379592e-05,0
img_06647_p04_2024,0,4.73042e-06,0
img_06725_2024,0,0.00184095,0
img_06730_2024,0,0.30697763,1
img_06728_2024,0,0.00024160776,0
img_06734_2024,0,0.004289951,0
img_06733_2024,0,0.0018019986,0
img_06736_2024,0,0.00045988947,0
img_06726_2024,0,0.0003812363,0
img_06731_2024,0,9.785367e-06,0
img_06729_2024,0,0.02797589,0
img_06732_2024,0,0.0005474065,0
img_06737_2024,0,0.0009139333,0
img_06735_2024,0,0.00042865728,0
img_06739_2024,0,9.873994e-05,0
img_06605_p01_2024,0,4.534093e-05,0
img_06605_p02_2024,0,3.1727155e-05,0
img_06605_p03_2024,0,1.6681333e-05,0
img_06605_p04_2024,0,0.00010787856,0
img_06605_p05_2024,0,1.3290853e-05,0
img_06605_p06_2024,0,0.0022510525,0
img_06744_2024,0,0.08678095,0
img_06727_2024,0,0.0015725078,0
img_06742_2024,0,0.12599103,0
img_06748_2024,0,0.00015948236,0
img_06738_2024,0,0.016428486,0
img_06746_2024,0,0.34435093,1
img_06750_2024,0,0.00090603385,0
img_06747_2024,0,0.0018000295,0
img_06753_2024,0,0.006796592,0
img_06749_2024,0,2.3918124e-05,0
img_06751_2024,0,3.448137e-05,0
img_06745_2024,0,2.8549233e-05,0
img_06740_2024,0,0.0010998097,0
img_06741_2024,0,7.749494e-05,0
img_06752_2024,0,0.0013779307,0
img_06755_2024,0,0.0029952002,0
img_06758_2024,0,0.0018295062,0
img_06759_2024,0,0.0006049959,0
img_06754_2024,0,2.818783e-05,0
img_06766_2024,0,0.0062945625,0
img_06743_2024,0,0.0006230664,0
img_06760_2024,0,0.07132352,0
img_06765_2024,0,0.0073655364,0
img_06767_2024,0,0.000117812546,0
img_06761_2024,0,0.0001469596,0
img_06768_2024,0,0.0034662436,0
img_06762_2024,0,1.1360802e-05,0
img_06764_2024,0,2.2664959e-05,0
img_06769_2024,0,1.2965813e-05,0
img_06763_2024,0,0.011328015,0
img_06771_2024,0,2.5558735e-05,0
img_06757_2024,0,0.00322238,0
img_06770_2024,0,0.00014228986,0
img_06756_2024,0,0.0012195633,0
img_06724_p01_2024,0,5.1520125e-05,0
img_06724_p02_2024,0,1.2830852e-05,0
img_06776_2024,0,3.299233e-05,0
img_06773_2024,0,0.0009774598,0
img_06772_2024,0,0.0017214941,0
img_06774_2024,0,0.00020766913,0
img_06777_2024,0,0.043968864,0
img_06780_2024,0,0.0049344697,0
img_06779_2024,0,0.0006119944,0
img_06775_2024,0,0.36348888,1
img_06782_2024,0,0.00031147402,0
img_06787_2024,0,0.00065428554,0
img_06786_2024,0,0.00042258864,0
img_06785_2024,0,0.002380041,0
img_06778_2024,0,0.00013481615,0
img_06783_2024,0,0.021396417,0
img_06791_2024,0,0.0001658883,0
img_06792_2024,0,2.6296808e-05,0
img_06784_2024,0,0.00011907001,0
img_06789_2024,0,3.5252153e-05,0
img_06788_2024,0,0.00033320603,0
img_06795_2024,0,0.00286782,0
img_06781_2024,0,2.3110453e-05,0
img_06797_2024,0,0.03130365,0
img_06799_2024,0,0.0003064855,0
img_06793_2024,0,0.9315791,1
img_06801_2024,0,0.0002843181,0
img_06798_2024,0,3.633009e-05,0
img_06802_2024,0,3.6100664e-05,0
img_06794_2024,0,0.012580737,0
img_06805_2024,0,0.00034060108,0
img_06804_2024,0,0.00045436312,0
img_06803_2024,0,0.0018517713,0
img_06809_2024,0,9.402363e-06,0
img_06806_2024,0,0.003322123,0
img_06808_2024,0,3.3186207e-05,0
img_06807_2024,0,0.00031526224,0
img_06818_2024,0,3.7724843e-05,0
img_06814_2024,0,0.00022062864,0
img_06800_p01_2024,0,3.759914e-05,0
img_06800_p02_2024,0,5.140593e-05,0
img_06819_2024,0,3.1873325e-05,0
img_06813_2024,0,0.0065857866,0
img_06810_2024,0,0.002684595,0
img_06790_p01_2024,0,0.0034689922,0
img_06790_p02_2024,0,0.0001511337,0
img_06790_p03_2024,0,5.3492146e-05,0
img_06815_2024,0,0.00021954229,0
img_06820_2024,0,2.1186584e-05,0
img_06812_2024,0,0.00024978968,0
img_06816_2024,0,0.80004644,1
img_06822_2024,0,0.0004949131,0
img_06817_2024,0,6.873029e-05,0
img_06825_2024,0,0.00078019354,0
img_06826_2024,0,0.00014825321,0
img_06824_2024,0,0.0002636666,0
img_06823_2024,0,2.0612608e-05,0
img_06651_p01_2024,0,6.2164865e-05,0
img_06651_p02_2024,0,3.5317902e-05,0
img_06651_p04_2024,0,1.9400633e-05,0
img_06651_p05_2024,0,5.4383676e-05,0
img_06651_p06_2024,0,0.00011027175,0
img_06651_p07_2024,0,7.977055e-05,0
img_06651_p08_2024,0,3.0589006e-05,0
img_06821_2024,0,0.0003457369,0
img_06828_2024,0,6.18185e-05,0
img_06827_2024,0,0.00023734952,0
img_06830_2024,0,0.0012910751,0
img_06832_2024,0,2.9312434e-05,0
img_06831_2024,0,0.00041998606,0
img_06829_2024,0,3.3044619e-06,0
img_06833_2024,0,3.134133e-05,0
img_06836_2024,0,2.4899844e-05,0
img_06838_2024,0,0.02667404,0
img_06839_2024,0,0.0015299639,0
img_06843_2024,0,0.0032352945,0
img_06841_2024,0,3.7667254e-05,0
img_06796_p01_2024,0,0.00041187066,0
img_06796_p02_2024,0,0.00027576563,0
img_06845_2024,0,0.007379872,0
img_06834_2024,0,0.00055162574,0
img_06849_2024,0,0.0011236196,0
img_06844_2024,0,0.0006498509,0
img_06846_2024,0,0.0007089586,0
img_06842_2024,0,0.13525516,0
img_06847_2024,0,9.49541e-06,0
img_06848_2024,0,0.0020335093,0
img_06851_2024,0,0.006854043,0
img_06850_2024,0,0.0055510066,0
img_06853_2024,0,0.014014038,0
img_06837_2024,0,1.00723755e-05,0
img_06852_2024,0,0.00026066814,0
img_06858_2024,0,0.0022910468,0
img_06840_p01_2024,0,1.4821764e-05,0
img_06840_p02_2024,0,0.00047923898,0
img_06859_2024,0,0.00026279947,0
img_06863_2024,0,0.1539351,1
img_06862_2024,0,0.0027303176,0
img_06860_2024,0,0.00030989293,0
img_06856_2024,0,0.5625376,1
img_06854_2024,0,3.54275e-05,0
img_06864_2024,0,0.16273695,1
img_06861_2024,0,0.08727202,0
img_06865_2024,0,0.0024823558,0
img_06867_2024,0,0.00057691714,0
img_06868_2024,0,0.0005525932,0
img_06866_2024,0,1.812299e-05,0
img_06869_2024,0,0.00066392764,0
img_06870_2024,0,0.006885528,0
img_06877_2024,0,1.0174838e-05,0
img_06875_2024,0,0.00025913873,0
img_06872_2024,0,0.08400747,0
img_06876_2024,0,0.033266187,0
img_06873_2024,0,0.00020541252,0
img_06878_2024,0,0.0005590754,0
img_06874_2024,0,0.10913254,0
img_06879_2024,0,1.0342846e-05,0
img_06882_2024,0,9.696337e-05,0
img_06881_2024,0,2.1654027e-06,0
img_06880_2024,0,0.0007520463,0
img_06884_2024,0,8.166347e-06,0
img_06871_2024,0,0.00017734121,0
img_06883_2024,0,0.0013890986,0
img_06887_2024,0,0.0031317393,0
img_06886_2024,0,5.080919e-05,0
img_06885_2024,0,0.002898255,0
img_06889_2024,0,0.000304604,0
img_06893_2024,0,0.0003157968,0
img_06891_2024,0,0.0032810457,0
img_06896_2024,0,0.000819615,0
img_06895_2024,0,0.0061670686,0
img_06897_2024,0,5.2592557e-05,0
img_06669_p01_2024,0,5.8009562e-05,0
img_06669_p02_2024,0,0.0013035423,0
img_06669_p03_2024,0,6.9424977e-06,0
img_06669_p04_2024,0,0.00047131476,0
img_06669_p05_2024,0,0.0006983335,0
img_06669_p06_2024,0,0.0011301968,0
img_06669_p07_2024,0,3.442095e-05,0
img_06669_p08_2024,0,0.000174848,0
img_06669_p09_2024,0,0.00031425935,0
img_06894_2024,0,0.0008252949,0
img_06888_2024,0,0.81628925,1
img_06890_2024,0,5.189379e-05,0
img_06898_2024,0,9.729022e-05,0
img_06902_2024,0,2.6376449e-05,0
img_06900_2024,0,0.0025927161,0
img_06899_2024,0,0.007275902,0
img_06901_2024,0,1.9322511e-05,0
img_06855_p01_2024,0,0.016855508,0
img_06855_p02_2024,0,0.058833852,0
img_06855_p03_2024,0,2.3243956e-05,0
img_06855_p04_2024,0,3.150786e-05,0
img_06906_2024,0,0.00012308246,0
img_06905_2024,0,0.0012684937,0
img_06910_2024,0,0.00112277,0
img_06911_2024,0,0.00019200567,0
img_06904_2024,0,0.0010309936,0
img_06909_2024,0,9.244686e-05,0
img_06907_2024,0,0.002768367,0
img_06903_2024,0,0.00022639983,0
img_06915_2024,0,0.00014798205,0
img_06914_2024,0,0.00016908461,0
img_06908_2024,0,0.00042622106,0
img_06835_p01_2024,0,4.7371777e-05,0
img_06835_p02_2024,0,0.0005087904,0
img_06835_p03_2024,0,9.492649e-06,0
img_06835_p04_2024,0,1.864264e-05,0
img_06917_2024,0,5.5602845e-07,0
img_06912_2024,0,0.04066004,0
img_06913_2024,0,0.00021458858,0
img_06916_2024,0,0.00034402733,0
img_06919_2024,0,4.198339e-05,0
img_06892_p01_2024,0,1.8621924e-06,0
img_06892_p02_2024,0,9.377093e-06,0
img_06918_2024,0,0.001881592,0
img_06924_2024,0,0.011333757,0
img_06922_2024,0,0.0016787298,0
img_06929_2024,0,0.2372112,1
img_06928_2024,0,0.05121157,0
img_06925_2024,0,0.00012579214,0
img_06933_2024,0,4.2710595e-05,0
img_06923_2024,0,0.0005355975,0
img_06927_2024,0,0.033864856,0
img_06930_2024,0,0.015677292,0
img_06932_2024,0,0.0041934056,0
img_06934_2024,0,0.00080309156,0
img_06931_2024,0,7.875462e-05,0
img_06921_2024,0,0.00057158887,0
img_06936_2024,0,0.00034633582,0
img_06935_2024,0,0.0015371515,0
img_06926_2024,0,2.178957e-06,0
img_06938_2024,0,0.0171725,0
img_06937_2024,0,0.075251445,0
img_06940_2024,0,5.922972e-05,0
img_06941_2024,0,0.00078649935,0
img_06943_2024,0,8.647416e-05,0
img_06939_2024,0,7.208346e-05,0
img_06942_2024,0,9.526267e-06,0
img_06944_2024,0,0.003191761,0
img_06946_2024,0,0.00015085856,0
img_06949_2024,0,0.00033099734,0
img_06945_2024,0,0.00052020035,0
img_06947_2024,0,0.00044516745,0
img_06951_2024,0,0.00019357294,0
img_06952_2024,0,0.00015897935,0
img_06948_2024,0,4.0860352e-05,0
img_06953_2024,0,0.00035816405,0
img_06955_2024,0,2.4688648e-05,0
img_06954_2024,0,0.3112201,1
img_06956_2024,0,0.000116266274,0
img_06957_2024,0,0.016811118,0
img_06950_2024,0,3.8743114e-05,0
img_06959_2024,0,1.8104058e-05,0
img_06958_2024,0,6.1328275e-05,0
img_06960_2024,0,2.1880689e-05,0
img_06963_2024,0,0.01785423,0
img_06964_2024,0,0.0015707937,0
img_06962_2024,0,0.00053185626,0
img_06961_2024,0,1.987044e-06,0
img_06966_2024,0,0.00051205215,0
img_06811_p01_2024,0,5.604129e-05,0
img_06811_p02_2024,0,0.0003468997,0
img_06811_p03_2024,0,2.8971854e-05,0
img_06811_p04_2024,0,7.142998e-05,0
img_06811_p05_2024,0,1.5763579e-05,0
img_06811_p06_2024,0,0.0043072826,0
img_06811_p07_2024,0,0.00010738468,0
img_06811_p08_2024,0,0.00011485526,0
img_06965_2024,0,1.6255091e-05,0
img_06967_2024,0,0.00028903104,0
img_06971_2024,0,0.015444558,0
img_06972_2024,0,0.084380336,0
img_06970_2024,0,0.00022498713,0
img_06974_2024,0,0.0006532998,0
img_06969_2024,0,6.313244e-05,0
img_06968_2024,0,0.0011248849,0
img_06975_2024,0,4.2411382e-05,0
img_06976_2024,0,8.5487345e-06,0
img_06977_2024,0,4.642461e-05,0
img_06979_2024,0,0.00014776771,0
img_06981_2024,0,0.0016860379,0
img_06980_2024,0,1.7534034e-05,0
img_06984_2024,0,0.00017471351,0
img_06978_2024,0,0.00023062214,0
img_06985_2024,0,0.0034114379,0
img_06986_2024,0,4.2824668e-05,0
img_06989_2024,0,0.00012894956,0
img_06983_2024,0,0.2535395,1
img_06988_2024,0,0.0003298309,0
img_06982_2024,0,0.0004915115,0
img_06987_2024,0,7.646275e-06,0
img_06990_2024,0,0.00043971586,0
img_06992_2024,0,0.0024065352,0
img_06994_2024,0,1.2642511e-05,0
img_06996_2024,0,0.0048872097,0
img_06999_2024,0,7.5983844e-05,0
img_06997_2024,0,0.00031038286,0
img_07001_2024,0,0.017812796,0
img_07000_2024,0,1.2208232e-05,0
img_07006_2024,0,0.000316265,0
img_07004_2024,0,0.018341906,0
img_06995_2024,0,0.0016487286,0
img_06991_2024,0,0.015667392,0
img_06993_2024,0,2.444994e-05,0
img_07005_2024,0,0.00014400286,0
img_06998_2024,0,0.00016652855,0
img_07003_2024,0,0.41419363,1
img_07002_2024,0,0.007966772,0
img_07011_2024,0,8.446254e-05,0
img_07015_2024,0,6.664975e-05,0
img_07016_2024,0,0.00061447895,0
img_07013_2024,0,0.001882314,0
img_07007_2024,0,0.00019511262,0
img_07009_2024,0,2.322003e-05,0
img_07018_2024,0,0.00019492295,0
img_07020_2024,0,2.651363e-06,0
img_07010_2024,0,2.6400028e-05,0
img_07012_2024,0,5.217977e-05,0
img_07021_2024,0,7.988526e-06,0
img_07014_2024,0,0.00017369445,0
img_07008_2024,0,0.00013844497,0
img_07023_2024,0,0.0036543368,0
img_07017_2024,0,0.023618001,0
img_07026_2024,0,2.8984095e-05,0
img_07025_2024,0,2.0121115e-05,0
img_07022_2024,0,7.9970705e-05,0
img_07027_2024,0,0.0017987406,0
img_07033_2024,0,2.613448e-05,0
img_07029_2024,0,0.00016336296,0
img_07032_2024,0,2.645424e-05,0
img_07030_2024,0,0.00054175156,0
img_07024_2024,0,0.0007890148,0
img_07031_2024,0,5.781175e-05,0
img_07037_2024,0,0.0002566805,0
img_07028_2024,0,0.0010648754,0
img_07035_2024,0,5.944735e-05,0
img_07034_2024,0,8.211736e-05,0
img_07039_2024,0,0.27875388,1
img_07036_2024,0,0.0004596679,0
img_07038_2024,0,5.9006412e-05,0
img_07042_2024,0,0.00025038482,0
img_07043_2024,0,0.037924957,0
img_07045_2024,0,0.000492252,0
img_07044_2024,0,0.0005495224,0
img_07048_2024,0,8.074365e-05,0
img_07051_2024,0,8.539152e-05,0
img_07049_2024,0,0.0050827754,0
img_07050_2024,0,0.001854644,0
img_07046_2024,0,0.0002753681,0
img_07047_2024,0,0.00027596156,0
img_07054_2024,0,0.07045761,0
img_07040_2024,0,0.00018332253,0
img_07052_2024,0,0.0029500916,0
img_07055_2024,0,0.00036639284,0
img_07057_2024,0,0.0031785031,0
img_07060_2024,0,0.11142871,0
img_07058_2024,0,4.8849164e-05,0
img_07053_2024,0,0.0048487517,0
img_07041_2024,0,4.7791404e-05,0
img_07064_2024,0,0.005662402,0
img_07065_2024,0,0.00073637307,0
img_07059_2024,0,0.0006511565,0
img_07061_2024,0,7.917337e-05,0
img_07056_2024,0,0.00059866766,0
img_07062_2024,0,4.4048626e-05,0
img_07069_2024,0,0.00013290234,0
img_07072_2024,0,0.030815188,0
img_07073_2024,0,8.76944e-06,0
img_07068_2024,0,0.00011777704,0
img_07070_2024,0,4.0764495e-05,0
img_07071_2024,0,0.00021940439,0
img_07067_2024,0,1.832525e-05,0
img_07076_2024,0,0.0005753313,0
img_07078_2024,0,0.0003337296,0
img_07079_2024,0,0.0014763535,0
img_07077_2024,0,0.00013234123,0
img_07085_2024,0,1.4634012e-06,0
img_07075_2024,0,9.8812656e-05,0
img_07074_2024,0,0.0054302877,0
img_07081_2024,0,0.0047194352,0
img_07083_2024,0,2.7363212e-05,0
img_06857_p01_2024,0,1.6750279e-05,0
img_06857_p02_2024,0,6.4238575e-06,0
img_06857_p03_2024,0,0.000113348025,0
img_06857_p04_2024,0,0.0002497054,0
img_06857_p05_2024,0,0.00018739978,0
img_06857_p07_2024,0,0.00012950975,0
img_06857_p08_2024,0,0.00042364356,0
img_06857_p09_2024,0,0.0001842246,0
img_06857_p10_2024,0,0.0007668787,0
img_06857_p11_2024,0,0.009485332,0
img_07088_2024,0,0.003071596,0
img_07089_2024,0,4.7893234e-05,0
img_07080_2024,0,7.724136e-05,0
img_07086_2024,0,6.813566e-05,0
img_07063_2024,0,0.0003877579,0
img_07084_2024,0,0.0018724967,0
img_07090_2024,0,3.1655887e-05,0
img_07087_2024,0,0.00026289394,0
img_06973_p01_2024,0,0.00041126038,0
img_06973_p02_2024,0,0.0029884938,0
img_06973_p03_2024,0,2.3585908e-05,0
img_06973_p04_2024,0,0.0004904652,0
img_06973_p05_2024,0,0.0030592983,0
img_07093_2024,0,3.5778532e-05,0
img_07095_2024,0,0.055464096,0
img_07097_2024,0,1.7568127e-05,0
img_07092_2024,0,0.0004212194,0
img_07101_2024,0,1.609671e-05,0
img_07082_2024,0,5.2585942e-06,0
img_07102_2024,0,0.4884438,1
img_07096_2024,0,8.3915904e-05,0
img_07019_p01_2024,0,0.00023166722,0
img_07019_p02_2024,0,3.763968e-05,0
img_07019_p03_2024,0,4.912755e-05,0
img_07019_p04_2024,0,0.0007779437,0
img_07091_2024,0,7.972583e-05,0
img_07100_2024,0,9.929344e-06,0
img_07066_p01_2024,0,0.0005873232,0
img_07066_p02_2024,0,0.008172026,0
img_07105_2024,0,5.3996328e-06,0
img_07108_2024,0,1.256423e-05,0
img_07103_2024,0,0.0016693972,0
img_07104_2024,0,0.00025676592,0
img_07099_2024,0,2.3399441e-05,0
img_07098_2024,0,0.0006107378,0
img_07107_2024,0,1.4713114e-05,0
img_07094_2024,0,0.0005998162,0
img_07106_2024,0,0.0001372295,0
img_07112_2024,0,0.0019322609,0
img_07113_2024,0,0.20970199,1
img_07109_2024,0,0.00017435505,0
img_07111_2024,0,0.00018868048,0
img_07114_2024,0,0.00011067912,0
img_07115_2024,0,0.0014800654,0
img_07118_2024,0,0.018129215,0
img_07120_2024,0,0.00049845106,0
img_07110_2024,0,0.0014507517,0
img_07121_2024,0,0.08764885,0
img_07116_2024,0,0.0002661724,0
img_07119_2024,0,0.0035108707,0
img_07124_2024,0,6.1598157e-06,0
img_07117_2024,0,2.7521605e-06,0
img_07126_2024,0,0.005413877,0
img_07127_2024,0,0.00016832662,0
img_07132_2024,0,8.158792e-05,0
img_07125_2024,0,0.012315898,0
img_07129_2024,0,0.00031162016,0
img_07128_2024,0,6.115459e-05,0
img_07134_2024,0,3.388107e-06,0
img_07130_2024,0,0.0026247904,0
img_07122_2024,0,0.0014087658,0
img_07139_2024,0,0.00038817065,0
img_07131_2024,0,0.00066890666,0
img_07135_2024,0,0.00010177511,0
img_07136_2024,0,0.0004952883,0
img_07137_2024,0,0.0012705087,0
img_07141_2024,0,0.0007719977,0
img_07140_2024,0,0.0001239207,0
img_07142_2024,0,0.004959929,0
img_07143_2024,0,0.00013760096,0
img_07144_2024,0,7.101127e-05,0
img_07147_2024,0,0.00028228585,0
img_07138_2024,0,0.0025409574,0
img_07148_2024,0,9.179891e-05,0
img_07146_2024,0,2.1755724e-05,0
img_07150_2024,0,0.00022880077,0
img_07145_2024,0,0.00023570326,0
img_07151_2024,0,7.7710356e-05,0
img_07149_2024,0,4.7891044e-05,0
img_07152_2024,0,0.0003054622,0
img_07153_2024,0,0.00013401585,0
img_07156_2024,0,0.00026948532,0
img_07160_2024,0,0.0006602492,0
img_07155_2024,0,6.7499827e-06,0
img_07157_2024,0,0.005544059,0
img_07159_2024,0,1.3062296e-05,0
img_07154_2024,0,0.00029730127,0
img_07158_2024,0,7.5011517e-06,0
img_07161_2024,0,0.0024192515,0
img_07162_2024,0,0.00034980188,0
img_07163_2024,0,0.0004842237,0
img_07167_2024,0,5.5586534e-05,0
img_07166_2024,0,2.0511422e-06,0
img_07165_2024,0,2.0996472e-06,0
img_07168_2024,0,0.00016783508,0
img_07169_2024,0,4.4276763e-05,0
img_07164_2024,0,0.014159641,0
img_07173_2024,0,0.083736055,0
img_07170_2024,0,8.321664e-05,0
img_07171_2024,0,0.00093420973,0
img_07175_2024,0,6.348677e-05,0
img_07172_2024,0,3.6526503e-06,0
img_07180_2024,0,0.0015091778,0
img_07178_2024,0,2.9272793e-05,0
img_07176_2024,0,9.487282e-06,0
img_07179_2024,0,0.004619904,0
img_07174_2024,0,0.00029500973,0
img_07183_2024,0,0.00021711797,0
img_07182_2024,0,7.630748e-05,0
img_07177_2024,0,0.0006945841,0
img_07185_2024,0,0.2355091,1
img_07187_2024,0,0.00020220384,0
img_07181_2024,0,9.727708e-06,0
img_07190_2024,0,0.0016166924,0
img_07184_2024,0,0.0008059531,0
img_07189_2024,0,1.1979768e-06,0
img_07188_2024,0,0.00750338,0
img_07193_2024,0,0.0005398186,0
img_07123_p01_2024,0,4.4784134e-05,0
img_07123_p02_2024,0,4.6245124e-05,0
img_07123_p03_2024,0,6.474592e-06,0
img_07123_p04_2024,0,3.3610352e-06,0
img_07186_2024,0,0.010080365,0
img_07196_2024,0,0.00029332752,0
img_07195_2024,0,3.462213e-07,0
img_07199_2024,0,0.013990978,0
img_07198_2024,0,2.8672368e-05,0
img_07202_2024,0,8.062051e-06,0
img_07197_2024,0,0.00072958914,0
img_07204_2024,0,0.020273913,0
img_07200_2024,0,0.0012030058,0
img_07201_2024,0,1.575611e-05,0
img_07192_2024,0,0.004782078,0
img_07194_2024,0,0.01880328,0
img_07206_2024,0,0.00035120634,0
img_07203_2024,0,3.4387026e-06,0
img_07205_2024,0,0.00022140541,0
img_07133_p01_2024,0,1.230052e-05,0
img_07133_p02_2024,0,9.451334e-05,0
img_07133_p03_2024,0,0.00045225077,0
img_07133_p04_2024,0,1.644052e-05,0
img_07212_2024,0,7.351538e-05,0
img_07207_2024,0,0.0007355746,0
img_07210_2024,0,0.46498293,1
img_07209_2024,0,0.00020847759,0
img_07208_2024,0,0.006955069,0
img_07214_2024,0,0.00031419855,0
img_07221_2024,0,0.00012620208,0
img_07218_2024,0,0.0005293743,0
img_07220_2024,0,6.502091e-05,0
img_07224_2024,0,0.00031331342,0
img_07216_2024,0,0.00036126375,0
img_07219_2024,0,4.552572e-05,0
img_07215_2024,0,0.9664375,1
img_07229_2024,0,0.0002677104,0
img_07222_2024,0,0.0013089615,0
img_07231_2024,0,0.0009274283,0
img_07211_2024,0,8.336684e-05,0
img_07225_2024,0,0.000807843,0
img_07191_p01_2024,0,1.1431782e-05,0
img_07191_p02_2024,0,0.0009384575,0
img_07228_2024,0,0.029649513,0
img_07217_2024,0,0.003301901,0
img_07232_2024,0,0.00071643514,0
img_07227_2024,0,0.00020515903,0
img_07226_2024,0,0.013663446,0
img_07230_2024,0,0.0006112689,0
img_07233_2024,0,5.6504185e-05,0
img_07236_2024,0,0.00018727474,0
img_07234_2024,0,0.00014755777,0
img_07223_2024,0,0.0001684382,0
img_07239_2024,0,5.3227493e-05,0
img_07235_2024,0,0.026995087,0
img_07241_2024,0,2.9387335e-05,0
img_07243_2024,0,5.2250027e-05,0
img_07238_2024,0,0.0002876848,0
img_07237_2024,0,4.2687017e-05,0
img_07245_2024,0,0.0001845766,0
img_07242_2024,0,0.006243972,0
img_07249_2024,0,0.003149605,0
img_07248_2024,0,2.8438015e-05,0
img_07240_2024,0,3.7355716e-05,0
img_07247_2024,0,0.001416775,0
img_07255_2024,0,0.00074682996,0
img_07256_2024,0,0.00020804211,0
img_07250_2024,0,0.0042650923,0
img_07259_2024,0,0.0004904998,0
img_07251_2024,0,0.34251603,1
img_07253_2024,0,6.7238593e-06,0
img_07246_2024,0,2.27227e-05,0
img_07258_2024,0,0.0035173327,0
img_07244_2024,0,2.5495005e-05,0
img_07213_p01_2024,0,0.0010146676,0
img_07213_p02_2024,0,0.001253603,0
img_07261_2024,0,0.0028565342,0
img_07252_2024,0,0.015491126,0
img_07260_2024,0,0.010830748,0
img_07264_2024,0,0.010886409,0
img_07257_2024,0,0.0025153188,0
img_07254_2024,0,0.00010167191,0
img_07265_2024,0,0.00064404,0
img_07266_2024,0,9.657061e-06,0
img_07270_2024,0,0.00083625363,0
img_07268_2024,0,8.909571e-05,0
img_07267_2024,0,0.012542848,0
img_07272_2024,0,0.0011188522,0
img_07269_2024,0,9.745067e-05,0
img_07281_2024,0,0.00012049121,0
img_07279_2024,0,0.00045034307,0
img_07280_2024,0,3.5745757e-05,0
img_07273_2024,0,4.5718407e-05,0
img_07275_2024,0,0.0004949433,0
img_07262_p01_2024,0,0.00011198256,0
img_07262_p02_2024,0,0.0019415813,0
img_07274_2024,0,3.4852732e-05,0
img_07277_2024,0,1.264941e-05,0
img_07276_2024,0,0.00014013961,0
img_07278_2024,0,3.1413052e-05,0
img_07282_2024,0,0.000833874,0
img_07284_2024,0,0.00047341213,0
img_07283_2024,0,0.0021064058,0
img_07288_2024,0,5.9546455e-06,0
img_07271_2024,0,3.5735397e-05,0
img_07289_2024,0,0.00019833355,0
img_07290_2024,0,0.0016260643,0
img_07285_2024,0,5.523644e-06,0
img_07286_2024,0,0.00057220727,0
img_07263_p01_2024,0,7.147529e-05,0
img_07263_p02_2024,0,2.1922442e-05,0
img_07293_2024,0,4.327771e-05,0
img_07292_2024,0,0.07414507,0
img_07297_2024,0,0.10043018,0
img_07291_2024,0,0.00054286857,0
img_07294_2024,0,4.500389e-05,0
img_07295_2024,0,0.92180336,1
img_07287_2024,0,0.00042772846,0
img_07298_2024,0,0.000552928,0
img_07303_2024,0,0.00033642014,0
img_07304_2024,0,6.6158923e-06,0
img_07300_2024,0,0.0005776693,0
img_07301_2024,0,0.00048489068,0
img_07299_2024,0,4.393573e-05,0
img_07311_2024,0,0.00021165395,0
img_07312_2024,0,0.07868828,0
img_07310_2024,0,0.00039529265,0
img_07296_2024,0,7.3566703e-06,0
img_07302_2024,0,0.0021525945,0
img_07313_2024,0,0.0004921838,0
img_07307_2024,0,0.0004921007,0
img_07315_2024,0,5.3769392e-05,0
img_07306_2024,0,0.0011307418,0
img_07316_2024,0,0.0010915634,0
img_07308_2024,0,0.004907389,0
img_07317_2024,0,0.004694278,0
img_07314_2024,0,0.00010763103,0
img_07323_2024,0,6.6173247e-06,0
img_07309_2024,0,2.809618e-05,0
img_07322_2024,0,0.00024868138,0
img_07325_2024,0,1.4186655e-05,0
img_07329_2024,0,7.4913274e-05,0
img_07326_2024,0,0.00028690358,0
img_07330_2024,0,1.8998167e-05,0
img_07331_2024,0,0.008075758,0
img_07327_2024,0,0.001400701,0
img_07324_2024,0,3.419889e-05,0
img_07305_2024,0,0.008755273,0
img_07319_2024,0,0.027824838,0
img_07318_2024,0,0.00023505131,0
img_07333_2024,0,0.0012249717,0
img_07320_2024,0,0.00024592923,0
img_07321_2024,0,0.0040267482,0
img_07332_2024,0,3.2616805e-05,0
img_07337_2024,0,0.056307677,0
img_07334_2024,0,0.00013747833,0
img_07328_2024,0,3.280381e-05,0
img_07336_2024,0,0.00052416377,0
img_07339_2024,0,3.314215e-05,0
img_07340_2024,0,0.00018473524,0
img_07347_2024,0,6.6099265e-06,0
img_07342_2024,0,0.00035976473,0
img_07345_2024,0,2.6671066e-06,0
img_07338_2024,0,2.5091758e-05,0
img_07343_2024,0,7.6621895e-05,0
img_07350_2024,0,4.3503886e-05,0
img_07349_2024,0,0.015393313,0
img_07346_2024,0,0.0011420785,0
img_07351_2024,0,9.477887e-05,0
img_07344_2024,0,7.484887e-05,0
img_07348_2024,0,0.12791269,0
img_07352_2024,0,6.1261926e-05,0
img_07341_2024,0,0.00021889956,0
img_07356_2024,0,0.00074600475,0
img_07354_2024,0,0.00038385636,0
img_07353_2024,0,2.4784731e-05,0
img_07359_2024,0,0.00024093996,0
img_07358_2024,0,0.00049780076,0
img_07361_2024,0,0.00016489807,0
img_07365_2024,0,0.016429234,0
img_07367_2024,0,0.000111722846,0
img_07369_2024,0,0.00783962,0
img_07363_2024,0,0.0002969053,0
img_07368_2024,0,0.00032446184,0
img_07364_2024,0,2.5243347e-05,0
img_07360_2024,0,4.5064357e-06,0
img_07370_2024,0,0.008247288,0
img_07371_2024,0,4.8246944e-05,0
img_07372_2024,0,4.3953165e-05,0
img_07375_2024,0,7.346324e-05,0
img_07377_2024,0,0.0005091931,0
img_07376_2024,0,0.0009382103,0
img_07381_2024,0,0.018398643,0
img_07378_2024,0,1.5781463e-05,0
img_07384_2024,0,0.0109535735,0
img_07383_2024,0,0.0017632708,0
img_07385_2024,0,0.00081548374,0
img_07357_p01_2024,0,0.00019791511,0
img_07357_p02_2024,0,3.1255368e-05,0
img_07389_2024,0,0.002319208,0
img_07388_2024,0,0.00012464302,0
img_07387_2024,0,0.04854539,0
img_07386_2024,0,0.0006418472,0
img_07380_2024,0,0.00093841145,0
img_07393_2024,0,0.0003884518,0
img_07394_2024,0,0.000119555356,0
img_07379_p01_2024,0,0.012664842,0
img_07379_p02_2024,0,0.0012987631,0
img_07391_2024,0,0.00086323265,0
img_07382_2024,0,0.00012730242,0
img_07395_2024,0,3.3453594e-05,0
img_07366_p01_2024,0,3.5236255e-05,0
img_07366_p02_2024,0,0.000115903094,0
img_07392_2024,0,0.01974775,0
img_07373_p01_2024,0,0.019952795,0
img_07373_p02_2024,0,0.0003620714,0
img_07362_p01_2024,0,1.48928075e-05,0
img_07362_p02_2024,0,0.0016294329,0
img_07396_2024,0,0.00012095939,0
img_07400_2024,0,6.00964e-05,0
img_07401_2024,0,0.0033117803,0
img_07399_2024,0,3.304296e-05,0
img_07403_2024,0,1.7066184e-05,0
img_07402_2024,0,3.3102635e-05,0
img_07406_2024,0,7.125657e-05,0
img_07405_2024,0,0.00019331195,0
img_07408_2024,0,0.00054393115,0
img_07390_p01_2024,0,3.6097324e-05,0
img_07390_p02_2024,0,0.00013215674,0
img_07409_2024,0,2.8852082e-05,0
img_07407_2024,0,0.0003319223,0
img_07412_2024,0,0.0022369705,0
img_07355_p01_2024,0,0.00039268963,0
img_07355_p02_2024,0,0.0003143091,0
img_07355_p03_2024,0,0.00012114766,0
img_07355_p04_2024,0,0.00015765529,0
img_07410_2024,0,0.96162975,1
img_07411_2024,0,0.0012519027,0
img_07418_2024,0,5.783877e-05,0
img_07417_2024,0,0.000238348,0
img_07419_2024,0,0.00073944434,0
img_07420_2024,0,9.604925e-07,0
img_07422_2024,0,0.021980155,0
img_07423_2024,0,0.001094325,0
img_07421_2024,0,3.238966e-05,0
img_07424_2024,0,7.339896e-05,0
img_07426_2024,0,0.0006641352,0
img_07425_2024,0,0.0016961172,0
img_07428_2024,0,6.945849e-05,0
img_07431_2024,0,0.0042292173,0
img_07430_2024,0,0.004398626,0
img_07429_2024,0,0.00079722813,0
img_07434_2024,0,0.00037026164,0
img_07435_2024,0,5.8873433e-05,0
img_07436_2024,0,0.0004419544,0
img_07439_2024,0,8.1323975e-05,0
img_07413_p01_2024,0,0.00022971732,0
img_07413_p02_2024,0,1.8347844e-05,0
img_07440_2024,0,0.0004384406,0
img_07438_2024,0,3.661572e-05,0
img_07441_2024,0,0.00087867683,0
img_07437_2024,0,0.00068937766,0
img_07442_2024,0,1.4701948e-05,0
img_07427_p01_2024,0,5.3694794e-06,0
img_07427_p02_2024,0,3.3731787e-05,0
img_07397_p01_2024,0,0.0016262927,0
img_07397_p02_2024,0,2.0741787e-05,0
img_07397_p03_2024,0,2.0279309e-05,0
img_07397_p04_2024,0,4.323328e-05,0
img_07444_2024,0,2.0277512e-05,0
img_07404_p01_2024,0,0.00022719213,0
img_07404_p03_2024,0,0.00030021853,0
img_07404_p04_2024,0,0.00015186887,0
img_07448_2024,0,0.003104507,0
img_07450_2024,0,0.0005297695,0
img_07433_p01_2024,0,0.0008843215,0
img_07433_p02_2024,0,0.00014141337,0
img_07447_2024,0,0.0024508913,0
img_07446_2024,0,0.5856155,1
img_07445_2024,0,7.217632e-05,0
img_07451_2024,0,0.0006833972,0
img_07452_2024,0,3.7073434e-05,0
img_07398_p01_2024,0,0.031390715,0
img_07398_p02_2024,0,0.010338622,0
img_07398_p03_2024,0,0.0045904,0
img_07398_p04_2024,0,2.9075314e-05,0
img_07454_2024,0,0.03772899,0
img_07456_2024,0,0.00018431542,0
img_07455_2024,0,0.029042816,0
img_07416_p01_2024,0,0.0005212059,0
img_07416_p02_2024,0,0.00068924396,0
img_07416_p03_2024,0,0.015508299,0
img_07416_p04_2024,0,0.020386467,0
img_07457_2024,0,0.00026495103,0
img_07459_2024,0,0.0010260283,0
img_07463_2024,0,1.5783997e-06,0
img_07458_2024,0,0.0002535373,0
img_07415_p01_2024,0,0.00014977611,0
img_07415_p02_2024,0,7.573998e-05,0
img_07415_p03_2024,0,0.0046177837,0
img_07415_p04_2024,0,0.006758603,0
img_07464_2024,0,0.00092015136,0
img_07461_2024,0,0.0014561075,0
img_07443_p01_2024,0,0.0002778542,0
img_07443_p02_2024,0,0.12410358,0
img_07467_2024,0,0.030733781,0
img_07468_2024,0,0.00018556461,0
img_07466_2024,0,1.8436034e-05,0
img_07465_2024,0,0.0007106971,0
img_07462_2024,0,0.002346538,0
img_07470_2024,0,1.00252455e-05,0
img_07453_p01_2024,0,7.935442e-06,0
img_07453_p02_2024,0,0.000550081,0
img_07449_p01_2024,0,0.001131945,0
img_07449_p02_2024,0,0.010049166,0
img_07476_2024,0,0.0032061236,0
img_07460_2024,0,0.00014881777,0
img_07473_2024,0,0.00027707356,0
img_07479_2024,0,0.00069336884,0
img_07472_2024,0,0.0010152826,0
img_07475_2024,0,0.006512545,0
img_07471_2024,0,8.436136e-05,0
img_07481_2024,0,2.2052557e-06,0
img_07474_2024,0,0.0001446181,0
img_07477_2024,0,0.0028106624,0
img_07483_2024,0,0.0008269957,0
img_07487_2024,0,0.028158827,0
img_07484_2024,0,0.00097367313,0
img_07486_2024,0,3.1243268e-05,0
img_07485_2024,0,1.32705e-06,0
img_07489_2024,0,0.0004206057,0
img_07469_p01_2024,0,0.04213823,0
img_07469_p02_2024,0,0.0005056332,0
img_07480_2024,0,0.0010789133,0
img_07490_2024,0,0.002077398,0
img_07493_2024,0,0.00048277748,0
img_07491_2024,0,3.3831915e-05,0
img_07497_2024,0,0.0100675495,0
img_07492_2024,0,0.00014742305,0
img_07495_2024,0,5.3685722e-05,0
img_07499_2024,0,0.0023964539,0
img_07502_2024,0,0.00011934327,0
img_07500_2024,0,0.001697837,0
img_07503_2024,0,4.2726562e-05,0
img_07498_2024,0,0.00022494099,0
img_07496_2024,0,0.00033208847,0
img_07504_2024,0,0.049177025,0
img_07505_2024,0,0.0048994203,0
img_07501_2024,0,0.0028752198,0
img_07506_2024,0,0.00021843505,0
img_07482_p01_2024,0,8.102456e-05,0
img_07482_p02_2024,0,0.0031328648,0
img_07507_2024,0,0.0023931332,0
img_07508_2024,0,0.023258634,0
img_07512_2024,0,0.00044573756,0
img_07513_2024,0,0.04573117,0
img_07511_2024,0,7.810135e-05,0
img_07514_2024,0,0.0006131253,0
img_07516_2024,0,0.00026428848,0
img_07510_2024,0,0.0013171153,0
img_07519_2024,0,0.001090044,0
img_07494_p01_2024,0,0.00018501253,0
img_07494_p02_2024,0,1.38026035e-05,0
img_07518_2024,0,2.5051278e-05,0
img_07521_2024,0,8.829795e-05,0
img_07523_2024,0,9.924108e-05,0
img_07526_2024,0,0.0025519913,0
img_07520_2024,0,0.003190311,0
img_07527_2024,0,4.568396e-06,0
img_07524_2024,0,0.00033868177,0
img_07432_p01_2024,0,1.4078738e-05,0
img_07432_p02_2024,0,6.394563e-05,0
img_07432_p03_2024,0,0.00019866078,0
img_07432_p04_2024,0,1.9968018e-05,0
img_07432_p05_2024,0,1.7665907e-05,0
img_07432_p06_2024,0,1.3495452e-05,0
img_07488_p01_2024,0,1.1502024e-06,0
img_07488_p02_2024,0,5.21154e-06,0
img_07488_p03_2024,0,0.000116504445,0
img_07488_p04_2024,0,8.504645e-06,0
img_07531_2024,0,0.0008171168,0
img_07530_2024,0,0.0015137569,0
img_07478_p01_2024,0,3.827955e-06,0
img_07478_p02_2024,0,9.006147e-05,0
img_07478_p03_2024,0,0.00037185661,0
img_07478_p04_2024,0,1.3004251e-05,0
img_07517_p01_2024,0,0.000112746624,0
img_07517_p02_2024,0,3.2284843e-05,0
img_07532_2024,0,0.00030927104,0
img_07529_2024,0,0.0038256429,0
img_07534_2024,0,0.002274997,0
img_07528_2024,0,0.000117727526,0
img_07536_2024,0,0.9773582,1
img_07522_p01_2024,0,1.7018612e-05,0
img_07522_p02_2024,0,6.102026e-05,0
img_07539_2024,0,0.009364056,0
img_07543_2024,0,2.9762099e-05,0
img_07541_2024,0,0.0016963176,0
img_07540_2024,0,0.00035270685,0
img_07545_2024,0,0.012195076,0
img_07546_2024,0,5.4383883e-05,0
img_07542_2024,0,2.3548846e-05,0
img_07537_2024,0,0.005246324,0
img_07538_2024,0,5.913468e-05,0
img_07544_2024,0,0.0025181943,0
img_07547_2024,0,0.00020227654,0
img_07548_2024,0,0.0013051801,0
img_07550_2024,0,0.0003985695,0
img_07553_2024,0,0.0008294856,0
img_07554_2024,0,0.0018157709,0
img_07556_2024,0,8.717949e-06,0
img_07535_p01_2024,0,0.0014597226,0
img_07535_p02_2024,0,0.00084768527,0
img_07557_2024,0,0.001150197,0
img_07552_2024,0,0.0010085506,0
img_07509_p01_2024,0,0.00062441255,0
img_07509_p02_2024,0,0.027855886,0
img_07509_p03_2024,0,0.6281966,1
img_07509_p04_2024,0,0.005439301,0
img_07555_2024,0,0.0017606699,0
img_07515_p01_2024,0,0.00019869563,0
img_07515_p02_2024,0,0.00015817674,0
img_07515_p03_2024,0,2.613231e-05,0
img_07515_p04_2024,0,0.00021101137,0
img_07564_2024,0,0.003920277,0
img_07562_2024,0,0.025084894,0
img_07565_2024,0,0.00034686516,0
img_07567_2024,0,0.00019037539,0
img_07525_p01_2024,0,0.8939572,1
img_07525_p02_2024,0,0.02208181,0
img_07525_p03_2024,0,0.00026221233,0
img_07525_p04_2024,0,4.4772136e-05,0
img_07568_2024,0,9.137827e-06,0
img_07563_2024,0,1.1401047e-05,0
img_07560_2024,0,2.8074404e-05,0
img_07569_2024,0,3.2907836e-05,0
img_07572_2024,0,1.4031998e-05,0
img_07578_2024,0,1.2563945e-06,0
img_07561_p01_2024,0,3.784025e-05,0
img_07561_p02_2024,0,4.2463264e-05,0
img_07575_2024,0,0.00027923784,0
img_07571_2024,0,0.008523428,0
img_07579_2024,0,3.4715208e-06,0
img_07566_p01_2024,0,6.105349e-05,0
img_07566_p02_2024,0,0.00011836768,0
img_07335_p02_2024,0,7.521227e-05,0
img_07335_p03_2024,0,0.00014162078,0
img_07335_p04_2024,0,0.00013443078,0
img_07335_p05_2024,0,3.3195513e-05,0
img_07335_p06_2024,0,1.8013729e-05,0
img_07335_p07_2024,0,3.082153e-05,0
img_07335_p08_2024,0,0.0003785789,0
img_07335_p09_2024,0,2.8877133e-05,0
img_07335_p10_2024,0,4.9503684e-05,0
img_07335_p11_2024,0,9.588181e-05,0
img_07335_p12_2024,0,4.636966e-05,0
img_07335_p13_2024,0,0.000113389215,0
img_07335_p14_2024,0,0.00043963018,0
img_07335_p15_2024,0,1.5706992e-05,0
img_07573_2024,0,1.1624435e-05,0
img_07580_2024,0,2.231343e-05,0
img_07549_p01_2024,0,0.005317741,0
img_07549_p02_2024,0,0.00012855767,0
img_07549_p03_2024,0,0.005551291,0
img_07549_p04_2024,0,0.00020151885,0
img_07576_2024,0,2.1996806e-05,0
img_07570_p01_2024,0,2.8476687e-05,0
img_07570_p02_2024,0,0.00024237538,0
img_07582_2024,0,0.13326144,0
img_07583_2024,0,0.001370612,0
img_07586_2024,0,3.0442454e-05,0
img_07584_2024,0,0.0016327525,0
img_07585_2024,0,0.016085742,0
img_07581_2024,0,0.09027557,0
img_07590_2024,0,2.6458327e-05,0
img_07589_2024,0,5.538251e-05,0
img_07591_2024,0,0.00046123948,0
img_07558_p01_2024,0,1.6644643e-05,0
img_07558_p02_2024,0,0.00011954876,0
img_07558_p03_2024,0,1.2074233e-05,0
img_07558_p04_2024,0,6.586326e-05,0
img_07588_2024,0,0.0017619402,0
img_07592_2024,0,0.0014790869,0
img_07596_2024,0,0.010121737,0
img_07587_2024,0,0.0036846623,0
img_07599_2024,0,0.00022801245,0
img_07597_2024,0,4.386134e-05,0
img_07594_2024,0,0.0005101062,0
img_07593_2024,0,0.00026762515,0
img_07595_2024,0,0.00056436047,0
img_07577_p01_2024,0,8.411281e-06,0
img_07577_p02_2024,0,5.474923e-06,0
img_07574_p01_2024,0,0.00028684505,0
img_07574_p02_2024,0,0.00025943737,0
img_07574_p03_2024,0,4.9437254e-05,0
img_07574_p04_2024,0,4.240299e-06,0
img_07603_2024,0,0.00017078563,0
img_07600_2024,0,0.01129755,0
img_07601_2024,0,0.009029687,0
img_07602_2024,0,0.00020889066,0
img_07606_2024,0,0.003633286,0
img_07604_2024,0,0.00037418088,0
img_07605_2024,0,0.00039806546,0
img_07607_2024,0,0.00016118544,0
img_07610_2024,0,0.0007011804,0
img_07612_2024,0,0.00013852183,0
img_07608_2024,0,0.020050233,0
img_07611_2024,0,0.041896068,0
img_07613_2024,0,0.0019680331,0
img_07615_2024,0,5.5264278e-05,0
img_07617_2024,0,0.100222535,0
img_07614_2024,0,0.000117384065,0
img_07619_2024,0,0.001517591,0
img_07620_2024,0,0.0020518631,0
img_07616_2024,0,1.4207205e-06,0
img_07609_p01_2024,0,0.9969272,1
img_07609_p02_2024,0,0.31070986,1
img_07625_2024,0,0.0073340074,0
img_07626_2024,0,0.4060195,1
img_07624_2024,0,0.00023438912,0
img_07629_2024,0,0.00036910002,0
img_07622_2024,0,0.0026335383,0
img_07630_2024,0,0.0007178221,0
img_07623_2024,0,0.0049029207,0
img_07631_2024,0,0.00026267648,0
img_07634_2024,0,0.00053808436,0
img_07627_2024,0,0.012932738,0
img_07633_2024,0,0.0018909448,0
img_07636_2024,0,0.002491835,0
img_07559_p01_2024,0,7.3781775e-06,0
img_07559_p02_2024,0,5.2206183e-06,0
img_07559_p03_2024,0,0.00039770323,0
img_07559_p04_2024,0,7.689037e-06,0
img_07559_p05_2024,0,0.0012237991,0
img_07559_p06_2024,0,7.257455e-05,0
img_07635_2024,0,6.5197244e-05,0
img_07638_2024,0,0.00017544822,0
img_07639_2024,0,3.8254824e-05,0
img_07551_p01_2024,0,0.0005222773,0
img_07551_p02_2024,0,0.00020925308,0
img_07551_p03_2024,0,0.00010964546,0
img_07551_p04_2024,0,0.003467547,0
img_07551_p05_2024,0,0.0007453695,0
img_07551_p06_2024,0,0.00019280848,0
img_07640_2024,0,0.00013881816,0
img_07621_p01_2024,0,0.0018157648,0
img_07621_p02_2024,0,0.0011257521,0
img_07374_p01_2024,0,3.0501421e-06,0
img_07374_p02_2024,0,0.00012655795,0
img_07374_p03_2024,0,0.00038067123,0
img_07374_p04_2024,0,0.0002508223,0
img_07374_p05_2024,0,2.2505053e-06,0
img_07374_p06_2024,0,0.00021442314,0
img_07374_p07_2024,0,1.8960338e-05,0
img_07374_p08_2024,0,5.833945e-06,0
img_07374_p09_2024,0,8.767649e-06,0
img_07374_p10_2024,0,5.4816144e-05,0
img_07374_p11_2024,0,0.00033780324,0
img_07374_p12_2024,0,5.3924112e-05,0
img_07374_p13_2024,0,1.1280254e-05,0
img_07374_p14_2024,0,1.7852237e-05,0
img_07374_p15_2024,0,7.296224e-05,0
img_07374_p16_2024,0,1.4193041e-05,0
img_07641_2024,0,0.93303347,1
img_07646_2024,0,0.034018725,0
img_07643_2024,0,0.012260958,0
img_07642_2024,0,0.00022592997,0
img_07647_2024,0,0.00039963215,0
img_07649_2024,0,5.968701e-05,0
img_07644_2024,0,0.0005648639,0
img_07645_2024,0,0.0005752904,0
img_07652_2024,0,0.0002970627,0
img_07651_2024,0,0.0028172655,0
img_07632_p01_2024,0,4.8832208e-05,0
img_07632_p02_2024,0,7.2458156e-06,0
img_07653_2024,0,0.00043186033,0
img_07656_2024,0,1.6604974e-05,0
img_07658_2024,0,0.0024617314,0
img_07414_p01_2024,0,0.00012563953,0
img_07414_p02_2024,0,0.0003926331,0
img_07414_p03_2024,0,0.00010382351,0
img_07414_p04_2024,0,0.00021249068,0
img_07414_p05_2024,0,0.00037291646,0
img_07414_p06_2024,0,4.8584123e-05,0
img_07414_p07_2024,0,5.8674632e-05,0
img_07414_p08_2024,0,0.00020234946,0
img_07414_p09_2024,0,0.0072985822,0
img_07414_p10_2024,0,3.9112783e-05,0
img_07414_p11_2024,0,5.1689316e-05,0
img_07414_p12_2024,0,0.00038604907,0
img_07414_p13_2024,0,0.0029958028,0
img_07414_p14_2024,0,6.5075e-05,0
img_07414_p15_2024,0,0.00015088015,0
img_07414_p16_2024,0,0.00012082107,0
img_07660_2024,0,0.02146345,0
img_07661_2024,0,0.0019766414,0
img_07662_2024,0,0.00012224568,0
img_07657_2024,0,0.00057822786,0
img_07654_2024,0,3.7732112e-05,0
img_07637_p01_2024,0,2.762832e-06,0
img_07637_p02_2024,0,7.1587365e-06,0
img_07659_2024,0,4.9895207e-05,0
img_07666_2024,0,0.008905074,0
img_07664_2024,0,0.0060413657,0
img_07663_2024,0,0.00022980341,0
img_07670_2024,0,2.4621802e-05,0
img_07533_p01_2024,0,3.442791e-05,0
img_07533_p02_2024,0,6.912946e-06,0
img_07533_p03_2024,0,1.672565e-05,0
img_07533_p04_2024,0,0.82165974,1
img_07533_p05_2024,0,1.3224702e-05,0
img_07533_p06_2024,0,0.00016769815,0
img_07533_p07_2024,0,0.00013220098,0
img_07533_p08_2024,0,0.008148614,0
img_07598_p01_2024,0,0.0033142793,0
img_07598_p02_2024,0,8.486282e-05,0
img_07598_p03_2024,0,0.00027007973,0
img_07598_p04_2024,0,0.0002194724,0
img_07598_p05_2024,0,0.009139199,0
img_07667_2024,0,1.5857619e-05,0
img_07668_2024,0,0.00014309686,0
img_07671_2024,0,0.6090378,1
img_07665_2024,0,6.0414553e-05,0
img_07675_2024,0,0.000650142,0
img_07676_2024,0,0.0012110526,0
img_07628_p01_2024,0,8.200444e-05,0
img_07628_p02_2024,0,2.6310805e-05,0
img_07628_p03_2024,0,9.467958e-06,0
img_07628_p04_2024,0,1.4438009e-05,0
img_07678_2024,0,0.002361971,0
img_07669_2024,0,0.00019384683,0
img_07679_2024,0,0.0012834858,0
img_07684_2024,0,0.00017361034,0
img_07685_2024,0,0.00046694351,0
img_07673_2024,0,0.00019902708,0
img_07686_2024,0,0.0010023486,0
img_07682_2024,0,0.0013635956,0
img_07677_2024,0,0.0038641691,0
img_07683_2024,0,0.00022600127,0
img_07689_2024,0,0.00079467177,0
img_07691_2024,0,4.70632e-05,0
img_07687_2024,0,0.00066636817,0
img_07648_p01_2024,0,0.008476146,0
img_07648_p02_2024,0,0.0003251505,0
img_07648_p03_2024,0,6.4436004e-05,0
img_07648_p04_2024,0,6.398967e-05,0
img_07692_2024,0,0.00049794413,0
img_07680_2024,0,0.0006123725,0
img_07693_2024,0,2.8327258e-05,0
img_07697_2024,0,0.50065655,1
img_07650_p01_2024,0,1.3275842e-05,0
img_07650_p02_2024,0,0.0024256054,0
img_07650_p03_2024,0,0.000113068534,0
img_07650_p04_2024,0,0.00075488683,0
img_07696_2024,0,0.012784337,0
img_07690_2024,0,0.000781311,0
img_07698_2024,0,7.634908e-06,0
img_07702_2024,0,0.0066845287,0
img_07701_2024,0,0.00041547237,0
img_07699_2024,0,0.00043394245,0
img_07704_2024,0,2.4519733e-05,0
img_07703_2024,0,0.00096267747,0
img_07705_2024,0,2.4044044e-05,0
img_07708_2024,0,0.00017278297,0
img_07707_2024,0,5.7729e-06,0
img_07706_2024,0,0.0020766943,0
img_07688_p01_2024,0,4.035837e-06,0
img_07688_p02_2024,0,4.435741e-06,0
img_07710_2024,0,0.002812685,0
img_07712_2024,0,0.00029908266,0
img_07681_p01_2024,0,0.011591859,0
img_07681_p02_2024,0,0.006042978,0
img_07709_2024,0,0.0025814627,0
img_07716_2024,0,0.009018792,0
img_07713_2024,0,0.00022445702,0
img_07718_2024,0,0.04407339,0
img_07715_2024,0,5.6344215e-05,0
img_07717_2024,0,1.776064e-05,0
img_07618_p01_2024,0,4.7351236e-06,0
img_07618_p02_2024,0,7.279532e-06,0
img_07618_p03_2024,0,0.01419583,0
img_07618_p04_2024,0,2.9308187e-05,0
img_07618_p05_2024,0,6.5846245e-05,0
img_07618_p06_2024,0,0.00035828733,0
img_07694_p01_2024,0,0.00014440672,0
img_07694_p02_2024,0,0.0011211497,0
img_07719_2024,0,5.250011e-06,0
img_07700_p01_2024,0,0.0004309821,0
img_07700_p02_2024,0,0.001760127,0
img_07723_2024,0,0.0016853581,0
img_07722_2024,0,0.011445796,0
img_07720_2024,0,4.5633864e-05,0
img_07725_2024,0,0.0012841345,0
img_07728_2024,0,0.0015580442,0
img_07729_2024,0,0.0026098224,0
img_07730_2024,0,0.004655318,0
img_07726_2024,0,0.00010531251,0
img_07733_2024,0,0.00053544895,0
img_07727_2024,0,0.00043571278,0
img_07731_2024,0,0.0056807874,0
img_07732_2024,0,0.05653281,0
img_07734_2024,0,0.00095893664,0
img_07724_p01_2024,0,7.141711e-05,0
img_07724_p02_2024,0,0.0083551705,0
img_07736_2024,0,6.212741e-05,0
img_07737_2024,0,0.06035688,0
img_07674_p01_2024,0,1.6243934e-05,0
img_07674_p02_2024,0,0.00081638485,0
img_07674_p03_2024,0,5.456762e-06,0
img_07674_p04_2024,0,0.00014828813,0
img_07740_2024,0,0.00038993533,0
img_07735_2024,0,0.00020503056,0
img_07743_2024,0,0.15530199,1
img_07742_2024,0,0.00026055606,0
img_07746_2024,0,0.0009878818,0
img_07745_2024,0,0.00030136388,0
img_07747_2024,0,0.00039967327,0
img_07748_2024,0,0.0031017088,0
img_07738_2024,0,3.090624e-05,0
img_07749_2024,0,0.009290076,0
img_07751_2024,0,0.00018564267,0
img_07752_2024,0,0.00037760087,0
img_07750_2024,0,0.004534274,0
img_07753_2024,0,3.987475e-05,0
img_07754_2024,0,0.00015237786,0
img_07756_2024,0,0.0005472231,0
img_07759_2024,0,0.00091849326,0
img_07757_2024,0,0.00024523033,0
img_07755_2024,0,0.000135968,0
img_07761_2024,0,1.7963584e-05,0
img_07763_2024,0,0.0026368657,0
img_07741_p01_2024,0,0.0004287958,0
img_07741_p02_2024,0,0.0011788129,0
img_07765_2024,0,0.0011230807,0
img_07766_2024,0,0.0005913461,0
img_07764_2024,0,0.020313451,0
img_07768_2024,0,0.0034708637,0
img_07767_2024,0,4.5591278e-05,0
img_07721_p01_2024,0,0.00019005327,0
img_07721_p02_2024,0,9.8775534e-05,0
img_07721_p03_2024,0,0.0011963807,0
img_07721_p04_2024,0,0.0001356687,0
img_07771_2024,0,0.17050913,1
img_07770_2024,0,0.0008434022,0
img_07769_2024,0,0.00095579383,0
img_07760_p01_2024,0,0.09134238,0
img_07760_p02_2024,0,0.002918775,0
img_07711_p01_2024,0,0.008443771,0
img_07711_p02_2024,0,0.040126663,0
img_07711_p03_2024,0,0.0014260175,0
img_07711_p04_2024,0,0.0010860168,0
img_07772_2024,0,0.000110515124,0
img_07775_2024,0,5.7582147e-05,0
img_07773_2024,0,0.026759127,0
img_07777_2024,0,0.00016267777,0
img_07774_2024,0,0.00031510298,0
img_07782_2024,0,0.003508423,0
img_07783_2024,0,0.026066035,0
img_07780_2024,0,0.00039683105,0
img_07781_2024,0,0.00017251134,0
img_07784_2024,0,0.00020574298,0
img_07778_2024,0,0.00011652444,0
img_07785_2024,0,4.411871e-06,0
img_07787_2024,0,4.526865e-05,0
img_07744_p01_2024,0,0.00017399067,0
img_07744_p02_2024,0,0.008729439,0
img_07744_p03_2024,0,0.004028449,0
img_07744_p04_2024,0,0.0049660867,0
img_07776_p01_2024,0,7.98085e-06,0
img_07776_p02_2024,0,0.000105543135,0
img_07695_p01_2024,0,4.4713797e-06,0
img_07695_p02_2024,0,5.095184e-05,0
img_07695_p03_2024,0,9.549356e-05,0
img_07695_p04_2024,0,5.0829978e-05,0
img_07695_p05_2024,0,3.072097e-05,0
img_07695_p06_2024,0,8.6447195e-05,0
img_07786_2024,0,0.08911739,0
img_07789_2024,0,0.1934952,1
img_07790_2024,0,0.000114484246,0
img_07793_2024,0,0.010929087,0
img_07794_2024,0,0.0005851193,0
img_07800_2024,0,0.00017782854,0
img_07796_2024,0,1.6305192e-05,0
img_07797_2024,0,3.083784e-06,0
img_07798_2024,0,0.0002073575,0
img_07799_2024,0,8.9498484e-05,0
img_07739_p01_2024,0,0.0018857446,0
img_07739_p02_2024,0,0.002866717,0
img_07739_p03_2024,0,0.00011296432,0
img_07739_p04_2024,0,0.008046528,0
img_07739_p05_2024,0,0.16667806,1
img_07739_p06_2024,0,1.7356157e-05,0
img_07801_2024,0,0.0013968493,0
img_07803_2024,0,0.002261738,0
img_07806_2024,0,0.0011583837,0
img_07804_2024,0,6.019346e-06,0
img_07802_2024,0,0.016881682,0
img_07808_2024,0,0.0012288088,0
img_07779_p01_2024,0,7.8082434e-05,0
img_07779_p02_2024,0,0.00051323173,0
img_07807_2024,0,0.00046293356,0
img_07811_2024,0,7.084219e-05,0
img_07810_2024,0,0.00036656245,0
img_07805_2024,0,1.709663e-05,0
img_07809_2024,0,8.76275e-05,0
img_07791_p01_2024,0,0.0057719657,0
img_07791_p02_2024,0,0.0007502518,0
img_07812_2024,0,0.0006341687,0
img_07814_2024,0,0.00091215124,0
img_07813_2024,0,0.015179979,0
img_07795_p01_2024,0,2.1475338e-05,0
img_07795_p02_2024,0,4.1209725e-05,0
img_07815_2024,0,0.0018841219,0
img_07816_2024,0,0.00017833471,0
img_07819_2024,0,6.9438825e-06,0
img_07818_2024,0,0.00021086435,0
img_07817_2024,0,0.0028360374,0
img_07821_2024,0,0.00011741944,0
img_07822_2024,0,0.00027450596,0
img_07825_2024,0,0.0009916779,0
img_07823_2024,0,0.0005560722,0
img_07826_2024,0,2.3029997e-05,0
img_07824_2024,0,0.0008652226,0
img_07829_2024,0,4.3984237e-05,0
img_07828_2024,0,0.000333652,0
img_07831_2024,0,0.0018575734,0
img_07830_2024,0,0.0006618775,0
img_07762_p01_2024,0,0.01719105,0
img_07762_p02_2024,0,1.7095244e-05,0
img_07762_p03_2024,0,1.9861816e-05,0
img_07762_p04_2024,0,0.00093777693,0
img_07762_p05_2024,0,4.522081e-06,0
img_07762_p06_2024,0,0.00031480842,0
img_07836_2024,0,8.316325e-05,0
img_07832_2024,0,7.220117e-05,0
img_07834_2024,0,0.0010935585,0
img_07838_2024,0,2.2900738e-05,0
img_07792_p01_2024,0,0.043108825,0
img_07792_p02_2024,0,7.3890424e-06,0
img_07792_p03_2024,0,0.15231515,1
img_07792_p04_2024,0,3.7171816e-05,0
img_07820_p01_2024,0,0.0030106942,0
img_07820_p02_2024,0,0.00011552099,0
img_07835_2024,0,5.4172386e-05,0
img_07840_2024,0,0.0020976758,0
img_07841_2024,0,0.005527888,0
img_07842_2024,0,8.3478844e-05,0
img_07843_2024,0,0.0011314815,0
img_07827_2024,0,0.0025725854,0
img_07839_2024,0,0.0012217375,0
img_07846_2024,0,0.010432594,0
img_07845_2024,0,0.0005083098,0
img_07847_2024,0,4.9014307e-05,0
img_07848_2024,0,2.2449778e-05,0
img_07850_2024,0,0.0049259407,0
img_07849_2024,0,0.00070773374,0
img_07852_2024,0,0.0011115003,0
img_07844_2024,0,5.1294177e-05,0
img_07851_2024,0,1.16549945e-05,0
img_07855_2024,0,0.00062011526,0
img_07853_2024,0,0.000501067,0
img_07714_p01_2024,0,8.740784e-05,0
img_07714_p02_2024,0,0.009836058,0
img_07714_p03_2024,0,0.00010853066,0
img_07714_p04_2024,0,9.002859e-05,0
img_07714_p05_2024,0,0.0008295493,0
img_07714_p06_2024,0,6.332013e-05,0
img_07714_p07_2024,0,0.00036820123,0
img_07714_p08_2024,0,0.00013029607,0
img_07714_p09_2024,0,8.703486e-06,0
img_07856_2024,0,1.79479e-05,0
img_07860_2024,0,7.2226925e-05,0
img_07863_2024,0,0.004895656,0
img_07861_2024,0,0.0010761054,0
img_07854_2024,0,0.0009050093,0
img_07858_2024,0,0.0008096008,0
img_07864_2024,0,7.502201e-05,0
img_07862_2024,0,0.00040293537,0
img_07867_2024,0,0.000114144255,0
img_07866_2024,0,0.003333797,0
img_07869_2024,0,0.0013491483,0
img_07871_2024,0,0.0002610066,0
img_07870_2024,0,1.8125063e-05,0
img_07875_2024,0,0.000542513,0
img_07868_2024,0,0.0010733877,0
img_07874_2024,0,0.02199269,0
img_07876_2024,0,0.00012366998,0
img_07857_p01_2024,0,0.00027956572,0
img_07857_p02_2024,0,1.589614e-05,0
img_07872_2024,0,3.9664683e-05,0
img_07877_2024,0,5.619697e-05,0
img_07879_2024,0,9.816294e-05,0
img_07880_2024,0,6.344331e-05,0
img_07882_2024,0,0.012894951,0
img_07881_2024,0,9.023991e-06,0
img_07888_2024,0,0.0008819291,0
img_07672_p01_2024,0,0.00011816853,0
img_07672_p02_2024,0,6.319261e-05,0
img_07672_p03_2024,0,2.2695996e-05,0
img_07672_p04_2024,0,0.00032514214,0
img_07672_p05_2024,0,0.00013591861,0
img_07672_p06_2024,0,1.4588151e-05,0
img_07672_p07_2024,0,0.00045697496,0
img_07672_p08_2024,0,0.036445703,0
img_07672_p09_2024,0,0.0017624333,0
img_07672_p10_2024,0,0.012864208,0
img_07672_p11_2024,0,0.017884677,0
img_07672_p12_2024,0,0.00024451147,0
img_07672_p13_2024,0,0.0002629343,0
img_07885_2024,0,0.0012343951,0
img_07887_2024,0,0.005439979,0
img_07883_2024,0,0.00012918844,0
img_07889_2024,0,0.0025049902,0
img_07837_p01_2024,0,0.00046854978,0
img_07837_p02_2024,0,0.00012040863,0
img_07837_p03_2024,0,8.049541e-05,0
img_07837_p04_2024,0,0.00013940486,0
img_07886_2024,0,0.07227179,0
img_07890_2024,0,0.0122487275,0
img_07833_p01_2024,0,0.00039821558,0
img_07833_p02_2024,0,0.00090062217,0
img_07833_p03_2024,0,0.019320514,0
img_07833_p04_2024,0,0.00016400943,0
img_07894_2024,0,0.00901857,0
img_07896_2024,0,6.3835774e-05,0
img_07895_2024,0,0.00083975634,0
img_07892_2024,0,0.0028577338,0
img_07859_p01_2024,0,0.000617118,0
img_07859_p02_2024,0,0.0031457476,0
img_07859_p03_2024,0,0.0009677823,0
img_07859_p04_2024,0,0.00011563307,0
img_07897_2024,0,0.00054857705,0
img_07893_2024,0,0.0036117584,0
img_07899_2024,0,3.4950885e-05,0
img_07900_2024,0,0.000696236,0
img_07901_2024,0,0.31815225,1
img_07891_2024,0,0.0027080276,0
img_07898_2024,0,2.1500526e-05,0
img_07903_2024,0,0.027312359,0
img_07902_2024,0,0.0002604982,0
img_07906_2024,0,3.5762703e-05,0
img_07905_2024,0,0.021321697,0
img_07904_2024,0,0.0036013848,0
img_07912_2024,0,1.4608659e-05,0
img_07910_2024,0,0.015559074,0
img_07908_2024,0,0.42174956,1
img_07913_2024,0,2.4199873e-05,0
img_07916_2024,0,2.326387e-05,0
img_07907_2024,0,0.001370796,0
img_07918_2024,0,0.00083792076,0
img_07915_2024,0,0.002278603,0
img_07914_2024,0,0.0014811716,0
img_07920_2024,0,0.0008541453,0
img_07921_2024,0,0.00012272559,0
img_07919_2024,0,0.0049006343,0
img_07926_2024,0,5.543657e-05,0
img_07922_2024,0,6.1617866e-05,0
img_07865_p01_2024,0,9.7842676e-05,0
img_07865_p02_2024,0,0.00013430395,0
img_07865_p03_2024,0,0.008292704,0
img_07865_p04_2024,0,0.0020192119,0
img_07923_2024,0,9.0714384e-05,0
img_07927_2024,0,0.007582342,0
img_07911_p01_2024,0,0.048166886,0
img_07911_p02_2024,0,0.06436811,0
img_07925_2024,0,0.24097374,1
img_07924_2024,0,0.00020184595,0
img_07909_p01_2024,0,0.00068098644,0
img_07909_p02_2024,0,0.00014513115,0
img_07936_2024,0,0.00061152386,0
img_07938_2024,0,0.0032535181,0
img_07933_2024,0,0.99983144,1
img_07939_2024,0,1.2203111e-05,0
img_07932_2024,0,0.0012912159,0
img_07934_2024,0,1.9844132e-05,0
img_07940_2024,0,0.00039070816,0
img_07942_2024,0,0.0006612688,0
img_07943_2024,0,0.00013955368,0
img_07945_2024,0,0.00040265237,0
img_07884_p01_2024,0,0.0009169814,0
img_07884_p02_2024,0,0.0012465769,0
img_07884_p03_2024,0,0.0001006183,0
img_07884_p04_2024,0,1.3485752e-05,0
img_07884_p05_2024,0,3.263793e-05,0
img_07944_2024,0,0.0008323166,0
img_07947_2024,0,0.0002380244,0
img_07948_2024,0,0.0013610363,0
img_07950_2024,0,9.1487e-06,0
img_07929_p01_2024,0,0.0023853942,0
img_07929_p02_2024,0,0.0011621059,0
img_07929_p03_2024,0,0.0019411349,0
img_07929_p04_2024,0,0.0038353102,0
img_07949_2024,0,0.0045596594,0
img_07952_2024,0,0.00020670962,0
img_07946_p01_2024,0,1.4461231e-06,0
img_07946_p02_2024,0,6.596916e-06,0
img_07954_2024,0,0.0048652976,0
img_07953_2024,0,2.3376357e-05,0
img_07956_2024,0,2.6622589e-05,0
img_07951_2024,0,0.0004223661,0
img_07957_2024,0,0.023471931,0
img_07958_2024,0,2.337047e-05,0
img_07931_p01_2024,0,0.0005424615,0
img_07931_p02_2024,0,0.0016688791,0
img_07931_p03_2024,0,0.00052541704,0
img_07931_p04_2024,0,0.0036305028,0
img_07959_2024,0,1.0949603e-05,0
img_07758_p01_2024,0,8.6218664e-05,0
img_07758_p02_2024,0,0.3179533,1
img_07758_p03_2024,0,0.0030983665,0
img_07758_p04_2024,0,2.8364128e-05,0
img_07758_p05_2024,0,0.39036188,1
img_07758_p06_2024,0,0.00024113554,0
img_07758_p07_2024,0,0.0004540092,0
img_07758_p08_2024,0,0.0023541073,0
img_07758_p09_2024,0,0.0087578185,0
img_07758_p10_2024,0,9.946537e-06,0
img_07758_p11_2024,0,5.2259995e-05,0
img_07758_p12_2024,0,0.0026801317,0
img_07758_p13_2024,0,0.00019142145,0
img_07758_p14_2024,0,2.8891785e-05,0
img_07758_p15_2024,0,8.4701445e-05,0
img_07961_2024,0,6.858834e-05,0
img_07960_2024,0,0.00034698274,0
img_07963_2024,0,5.2855972e-05,0
img_07965_2024,0,0.0012002478,0
img_07964_2024,0,0.0005054973,0
img_07962_2024,0,0.003996129,0
img_07966_2024,0,7.861604e-05,0
img_07970_2024,0,0.0014169147,0
img_07968_2024,0,0.0005162959,0
img_07969_2024,0,0.9425003,1
img_07967_2024,0,0.0015781178,0
img_07937_p01_2024,0,0.0006721283,0
img_07937_p02_2024,0,0.00019920857,0
img_07937_p03_2024,0,0.0039491565,0
img_07937_p04_2024,0,0.000590965,0
img_07972_2024,0,2.0733244e-06,0
img_07973_2024,0,2.5328229e-05,0
img_07974_2024,0,1.2644827e-05,0
img_07971_2024,0,6.37666e-05,0
img_07788_p01_2024,0,0.002968278,0
img_07788_p02_2024,0,0.00027246616,0
img_07788_p03_2024,0,4.5300134e-05,0
img_07788_p04_2024,0,0.00019738027,0
img_07788_p05_2024,0,8.97383e-06,0
img_07788_p06_2024,0,0.0009251288,0
img_07788_p07_2024,0,0.0027560964,0
img_07788_p08_2024,0,0.0023110711,0
img_07788_p09_2024,0,0.008282538,0
img_07788_p10_2024,0,0.40441734,1
img_07788_p11_2024,0,4.7101996e-05,0
img_07788_p12_2024,0,0.0051202932,0
img_07788_p13_2024,0,0.005216621,0
img_07788_p14_2024,0,0.15172349,1
img_07977_2024,0,0.001442954,0
img_07978_2024,0,0.00010466877,0
img_07982_2024,0,0.0009458349,0
img_07980_2024,0,0.011210137,0
img_07979_2024,0,2.0452924e-05,0
img_07930_p01_2024,0,3.348232e-05,0
img_07930_p02_2024,0,8.699398e-05,0
img_07930_p03_2024,0,0.00039205336,0
img_07930_p04_2024,0,0.00011064145,0
img_07930_p05_2024,0,6.7902383e-06,0
img_07930_p06_2024,0,0.00023678491,0
img_07983_2024,0,0.13345005,0
img_07981_2024,0,0.00019143295,0
img_07976_2024,0,7.31237e-05,0
img_07985_2024,0,0.00018265026,0
img_07986_2024,0,0.0010307757,0
img_07984_2024,0,0.00019140083,0
img_07989_2024,0,0.00037833716,0
img_07917_p01_2024,0,0.0035737185,0
img_07917_p02_2024,0,0.00019656893,0
img_07917_p03_2024,0,0.0023517567,0
img_07917_p04_2024,0,0.00048417735,0
img_07917_p05_2024,0,0.00017019195,0
img_07917_p06_2024,0,0.00024217811,0
img_07917_p07_2024,0,0.00027959904,0
img_07917_p08_2024,0,0.0002263396,0
img_07988_2024,0,0.0004960071,0
img_07991_2024,0,3.654093e-05,0
img_07941_p01_2024,0,3.9107337e-05,0
img_07941_p02_2024,0,7.4379805e-06,0
img_07941_p03_2024,0,6.0956278e-05,0
img_07941_p04_2024,0,1.892531e-05,0
img_07941_p05_2024,0,2.0625803e-05,0
img_07941_p06_2024,0,6.4115804e-05,0
img_07975_p01_2024,0,0.0005000755,0
img_07975_p02_2024,0,0.0050002583,0
img_07992_2024,0,6.138837e-05,0
img_07996_2024,0,0.00019266826,0
img_07995_2024,0,0.0071314694,0
img_07994_2024,0,0.00088818354,0
img_07928_p01_2024,0,3.3795928e-05,0
img_07928_p02_2024,0,1.7125905e-05,0
img_07928_p03_2024,0,4.3849883e-05,0
img_07928_p04_2024,0,8.53662e-05,0
img_07928_p05_2024,0,0.00010126929,0
img_07928_p06_2024,0,0.00014372192,0
img_07935_p01_2024,0,0.0009450638,0
img_07935_p02_2024,0,1.8676184e-05,0
img_07935_p03_2024,0,5.1523562e-05,0
img_07935_p04_2024,0,0.0037968156,0
img_07935_p05_2024,0,0.004526257,0
img_07935_p06_2024,0,8.719481e-05,0
img_08004_2024,0,0.00010418352,0
img_07999_2024,0,0.00018908679,0
img_08003_2024,0,0.00022366444,0
img_08002_2024,0,4.2209977e-06,0
img_08007_2024,0,0.004528724,0
img_08001_2024,0,4.7184174e-05,0
img_08000_2024,0,0.0004498651,0
img_07993_p01_2024,0,5.9834606e-06,0
img_07993_p02_2024,0,1.8461667e-05,0
img_08008_2024,0,0.0001220329,0
img_08005_2024,0,0.013203342,0
img_07987_p01_2024,0,0.00015580606,0
img_07987_p02_2024,0,0.0036311755,0
img_08006_2024,0,2.6411537e-05,0
img_08009_2024,0,0.00038931574,0
img_07990_p01_2024,0,0.00012031394,0
img_07990_p02_2024,0,0.0042197695,0
img_08011_2024,0,0.0004968868,0
img_08013_2024,0,0.0002704905,0
img_08010_2024,0,0.0065518324,0
img_08015_2024,0,0.0001366178,0
img_08014_2024,0,4.7695474e-05,0
img_07998_p01_2024,0,5.2661315e-05,0
img_07998_p02_2024,0,5.5060962e-05,0
img_08021_2024,0,0.08566852,0
img_08018_2024,0,0.00022305877,0
img_07997_p01_2024,0,0.00095011963,0
img_07997_p02_2024,0,0.005615556,0
img_08017_2024,0,0.0017629771,0
img_08016_2024,0,2.780866e-05,0
img_08012_2024,0,0.0003214902,0
img_08023_2024,0,0.010630341,0
img_07655_p02_2024,0,0.009168562,0
img_07655_p03_2024,0,0.0002949709,0
img_07655_p04_2024,0,0.013779368,0
img_07655_p05_2024,0,0.009418865,0
img_07655_p06_2024,0,0.0005949833,0
img_07655_p07_2024,0,0.0011451495,0
img_07655_p08_2024,0,0.0003376881,0
img_07655_p09_2024,0,0.0005470651,0
img_07655_p10_2024,0,0.0010418792,0
img_07655_p11_2024,0,0.0056140437,0
img_07655_p12_2024,0,0.08322588,0
img_07655_p13_2024,0,2.6534613e-05,0
img_07655_p14_2024,0,0.010313964,0
img_07655_p15_2024,0,0.0008096545,0
img_07655_p16_2024,0,0.0041452297,0
img_07655_p17_2024,0,0.004309361,0
img_07655_p19_2024,0,0.0002711404,0
img_07655_p20_2024,0,0.00014120317,0
img_07655_p21_2024,0,0.000105192674,0
img_08024_2024,0,0.44301885,1
img_08025_2024,0,6.180807e-05,0
img_08029_2024,0,1.1010053e-05,0
img_08028_2024,0,0.009130507,0
img_08033_2024,0,0.00023009282,0
img_08031_2024,0,0.0016053063,0
img_08026_2024,0,0.06222491,0
img_08032_2024,0,0.00020442445,0
img_08030_2024,0,0.00030086466,0
img_08034_2024,0,0.00021685295,0
img_08035_2024,0,0.0056651356,0
img_08036_2024,0,0.0027300257,0
img_08041_2024,0,0.0017209296,0
img_08042_2024,0,0.0023699314,0
img_08044_2024,0,0.17202838,1
img_08046_2024,0,0.00013867051,0
img_08020_p01_2024,0,0.00075450493,0
img_08020_p02_2024,0,0.013388407,0
img_08040_2024,0,8.16041e-05,0
img_08047_2024,0,0.0021219715,0
img_08050_2024,0,9.913354e-06,0
img_07955_p01_2024,0,0.00028302075,0
img_07955_p02_2024,0,1.242149e-05,0
img_07955_p03_2024,0,0.015079008,0
img_07955_p04_2024,0,0.00010948133,0
img_07955_p05_2024,0,1.6464304e-05,0
img_07955_p06_2024,0,0.00028927447,0
img_07955_p07_2024,0,0.00011971576,0
img_07955_p08_2024,0,0.00040968988,0
img_08052_2024,0,0.00030966374,0
img_08051_2024,0,2.5984253e-05,0
img_08038_p01_2024,0,0.00040468358,0
img_08038_p02_2024,0,0.0011160556,0
img_08053_2024,0,6.5465014e-05,0
img_08048_2024,0,0.00019970248,0
img_08054_2024,0,3.019015e-05,0
img_08056_2024,0,0.00701222,0
img_08058_2024,0,0.00020767012,0
img_08060_2024,0,0.07439919,0
img_08059_2024,0,0.004677958,0
img_08064_2024,0,0.0036095576,0
img_08061_2024,0,0.00081883586,0
img_08063_2024,0,0.00082175573,0
img_08062_2024,0,0.00024552955,0
img_08057_p01_2024,0,0.0008785403,0
img_08057_p02_2024,0,0.00049289595,0
img_08066_2024,0,0.0001096738,0
img_08065_2024,0,0.0043230215,0
img_08067_2024,0,0.0026575134,0
img_08068_2024,0,0.00058517925,0
img_08055_p01_2024,0,0.00027005657,0
img_08055_p02_2024,0,0.010153998,0
img_08070_2024,0,0.026453448,0
img_08069_2024,0,7.917292e-05,0
img_08072_2024,0,0.00026125732,0
img_08037_p01_2024,0,7.77905e-06,0
img_08037_p02_2024,0,1.1165393e-05,0
img_08071_2024,0,0.58580834,1
img_08039_p01_2024,0,0.005115559,0
img_08039_p02_2024,0,0.00021176902,0
img_08039_p03_2024,0,3.7553233e-05,0
img_08039_p04_2024,0,7.578159e-06,0
img_08074_2024,0,0.0017088938,0
img_08075_2024,0,0.0013414825,0
img_08073_2024,0,0.00018468751,0
img_08080_2024,0,0.003920201,0
img_08076_2024,0,0.0006077558,0
img_08078_2024,0,6.479363e-05,0
img_08077_2024,0,0.0017769242,0
img_08079_2024,0,0.003856926,0
img_08082_2024,0,1.1220793e-05,0
img_08084_2024,0,0.09887132,0
img_08081_2024,0,8.8922134e-05,0
img_08083_2024,0,5.749659e-06,0
img_08085_2024,0,0.011740921,0
img_08090_2024,0,9.440639e-06,0
img_08087_2024,0,4.250062e-05,0
img_08022_p01_2024,0,3.5850597e-05,0
img_08022_p02_2024,0,6.2041625e-05,0
img_08022_p03_2024,0,2.5147621e-05,0
img_08022_p04_2024,0,0.002564764,0
img_08022_p05_2024,0,0.000212837,0
img_08022_p06_2024,0,0.00091903424,0
img_08093_2024,0,0.00062415464,0
img_08089_2024,0,0.02182311,0
img_08086_2024,0,0.00029451764,0
img_08088_2024,0,4.3119976e-06,0
img_08092_2024,0,0.00069197593,0
img_08091_2024,0,0.000996565,0
img_08095_2024,0,1.2192979e-05,0
img_08096_2024,0,0.03583213,0
img_07873_p01_2024,0,0.13256411,0
img_07873_p02_2024,0,9.201055e-05,0
img_07873_p03_2024,0,0.0001526418,0
img_07873_p04_2024,0,7.2271294e-05,0
img_07873_p05_2024,0,3.0177625e-05,0
img_07873_p06_2024,0,0.0015986444,0
img_07873_p07_2024,0,0.000111899615,0
img_07873_p08_2024,0,3.0694056e-05,0
img_07873_p09_2024,0,0.00021402034,0
img_07873_p10_2024,0,0.00064772135,0
img_07873_p11_2024,0,0.0010961399,0
img_07873_p12_2024,0,0.0061696004,0
img_07873_p13_2024,0,0.0004581515,0
img_07873_p14_2024,0,0.00011215194,0
img_07873_p15_2024,0,0.0008820166,0
img_07873_p16_2024,0,0.030768719,0
img_08098_2024,0,0.010139141,0
img_08043_p01_2024,0,0.00013101855,0
img_08043_p02_2024,0,9.8749726e-05,0
img_08043_p03_2024,0,6.174921e-05,0
img_08043_p04_2024,0,0.00076564495,0
img_08094_2024,0,0.00013616806,0
img_08097_2024,0,0.0019668739,0
img_08099_2024,0,3.698224e-06,0
img_08102_2024,0,9.144681e-05,0
img_08104_2024,0,0.0010157218,0
img_08100_2024,0,0.0031006993,0
img_08101_2024,0,0.0028260734,0
img_08103_2024,0,0.00018569383,0
img_08106_2024,0,0.0008179305,0
img_08105_2024,0,1.9720901e-05,0
img_08109_2024,0,0.78555596,1
img_08112_2024,0,0.005100977,0
img_08108_2024,0,0.046366017,0
img_08110_2024,0,0.08339655,0
img_08027_p01_2024,0,8.928852e-05,0
img_08027_p02_2024,0,0.0022465568,0
img_08027_p03_2024,0,2.5837944e-05,0
img_08027_p04_2024,0,0.00036360844,0
img_08027_p05_2024,0,9.810904e-05,0
img_08027_p06_2024,0,0.0023953835,0
img_08111_2024,0,0.00088284555,0
img_08113_2024,0,0.00023566058,0
img_08107_2024,0,0.00059888366,0
img_08118_2024,0,0.0058583664,0
img_08115_2024,0,0.014153929,0
img_08117_2024,0,5.788324e-05,0
img_08119_2024,0,6.6232096e-05,0
img_08120_2024,0,0.0002443157,0
img_08116_2024,0,1.9060813e-05,0
img_08121_2024,0,0.00031093732,0
img_08124_2024,0,0.007793722,0
img_08045_p01_2024,0,0.0012509265,0
img_08045_p02_2024,0,0.00018622007,0
img_08045_p03_2024,0,0.0009587325,0
img_08045_p04_2024,0,0.0004085879,0
img_08045_p05_2024,0,0.0009674099,0
img_08045_p06_2024,0,0.00086917484,0
img_08122_2024,0,3.38693e-05,0
img_08126_2024,0,0.0010472538,0
img_08125_2024,0,0.00095357216,0
img_08127_2024,0,0.05608825,0
img_08128_2024,0,0.0050406554,0
img_08130_2024,0,6.224328e-05,0
img_08133_2024,0,4.6787547e-05,0
img_08134_2024,0,0.5299219,1
img_08132_2024,0,7.702504e-05,0
img_08137_2024,0,0.0010399647,0
img_08136_2024,0,0.0042179027,0
img_08049_p01_2024,0,8.817592e-06,0
img_08049_p02_2024,0,0.030735018,0
img_08049_p03_2024,0,0.028947469,0
img_08049_p05_2024,0,0.0007508683,0
img_08049_p06_2024,0,0.00011013178,0
img_08129_2024,0,4.6029663e-06,0
img_08142_2024,0,0.07845241,0
img_08135_2024,0,6.419221e-05,0
img_08139_2024,0,0.00013278377,0
img_08140_2024,0,0.001553946,0
img_08145_2024,0,3.588867e-05,0
img_08146_2024,0,0.0007602865,0
img_08141_2024,0,0.00062566594,0
img_08138_2024,0,0.00032566645,0
img_08148_2024,0,0.00097421644,0
img_08143_2024,0,0.0003707356,0
img_08147_2024,0,6.829269e-06,0
img_08154_2024,0,5.4335043e-05,0
img_08152_2024,0,0.00013092002,0
img_08144_2024,0,0.0008902509,0
img_08153_2024,0,0.00036179382,0
img_08151_2024,0,1.164222e-05,0
img_08156_2024,0,3.3711658e-05,0
img_08150_2024,0,0.0049873167,0
img_08159_2024,0,0.0005534229,0
img_08155_2024,0,1.7980381e-05,0
img_07878_p01_2024,0,0.001049487,0
img_07878_p02_2024,0,0.0001010244,0
img_07878_p03_2024,0,0.0063269013,0
img_07878_p04_2024,0,0.00062538276,0
img_07878_p05_2024,0,3.8671395e-05,0
img_07878_p06_2024,0,4.889265e-05,0
img_07878_p07_2024,0,0.00012255977,0
img_07878_p08_2024,0,0.001423548,0
img_07878_p09_2024,0,0.00023827892,0
img_07878_p10_2024,0,0.0012900789,0
img_07878_p11_2024,0,8.539274e-05,0
img_07878_p12_2024,0,0.0005157177,0
img_07878_p13_2024,0,0.0002381252,0
img_07878_p14_2024,0,0.0008398003,0
img_07878_p15_2024,0,0.0021162922,0
img_07878_p16_2024,0,0.008043538,0
img_07878_p17_2024,0,0.3156473,1
img_07878_p18_2024,0,7.5347198e-06,0
img_07878_p19_2024,0,2.9290859e-05,0
img_07878_p20_2024,0,2.3055993e-05,0
img_08162_2024,0,1.0278177e-05,0
img_08165_2024,0,0.008421216,0
img_08149_p01_2024,0,9.905265e-05,0
img_08149_p02_2024,0,0.00043284352,0
img_08168_2024,0,1.7110951e-05,0
img_08163_2024,0,4.911022e-05,0
img_08161_2024,0,0.85265434,1
img_08164_2024,0,0.9993351,1
img_08167_2024,0,0.00096729235,0
img_08169_2024,0,0.9678466,1
img_08114_p01_2024,0,0.0005214924,0
img_08114_p02_2024,0,0.00035592215,0
img_08114_p03_2024,0,0.0020506508,0
img_08114_p04_2024,0,0.0006417007,0
img_08171_2024,0,0.0011590134,0
img_08170_2024,0,0.0012069835,0
img_08174_2024,0,0.000834,0
img_08173_2024,0,0.00017339345,0
img_08178_2024,0,0.0031736013,0
img_08176_2024,0,0.03258396,0
img_08166_2024,0,0.027831402,0
img_08179_2024,0,0.0010964731,0
img_08180_2024,0,7.174681e-05,0
img_08182_2024,0,0.00025552165,0
img_08172_2024,0,0.0001985413,0
img_08184_2024,0,0.0023159138,0
img_08157_p01_2024,0,2.7561831e-05,0
img_08157_p02_2024,0,1.1889095e-05,0
img_08183_2024,0,0.0019371576,0
img_08186_2024,0,0.002912609,0
img_08185_2024,0,0.0046454803,0
img_08193_2024,0,0.009888788,0
img_08189_2024,0,4.0377978e-05,0
img_08191_2024,0,0.00049700926,0
img_08195_2024,0,0.00016601029,0
img_08187_2024,0,3.3986148e-06,0
img_08194_2024,0,0.00014187704,0
img_08196_2024,0,0.0005224404,0
img_08192_2024,0,0.0051367613,0
img_08197_2024,0,0.00079475954,0
img_08190_p01_2024,0,0.0006630493,0
img_08190_p02_2024,0,7.711207e-06,0
img_08200_2024,0,0.0020003307,0
img_08199_2024,0,0.0060564596,0
img_08201_2024,0,1.9902409e-05,0
img_08198_2024,0,0.00013619794,0
img_08203_2024,0,0.008018413,0
img_08202_2024,0,5.522856e-05,0
img_08204_2024,0,0.0043584616,0
img_08206_2024,0,0.0042821714,0
img_08207_2024,0,0.012308604,0
img_08205_2024,0,0.0014929923,0
img_08160_p01_2024,0,4.4154995e-06,0
img_08160_p02_2024,0,2.364227e-06,0
img_08160_p03_2024,0,2.7298968e-06,0
img_08160_p04_2024,0,8.056591e-05,0
img_08175_p01_2024,0,0.00041773368,0
img_08175_p02_2024,0,0.00026138488,0
img_08175_p03_2024,0,0.0032755781,0
img_08158_p01_2024,0,0.0002442703,0
img_08158_p02_2024,0,0.00072976685,0
img_08158_p03_2024,0,0.088643014,0
img_08158_p04_2024,0,0.00015920674,0
img_08209_2024,0,0.00432336,0
img_08208_2024,0,0.00078391714,0
img_08210_2024,0,0.44827324,1
img_08214_2024,0,0.0005156322,0
img_08211_2024,0,0.0068060257,0
img_08212_2024,0,6.08406e-05,0
img_08218_2024,0,0.00092914986,0
img_08213_2024,0,9.3143084e-05,0
img_08216_2024,0,0.009171473,0
img_08217_2024,0,0.09546002,0
img_08221_2024,0,0.00022841824,0
img_08215_2024,0,0.6369461,1
img_08219_2024,0,0.0012940489,0
img_08223_2024,0,0.00034030701,0
img_08226_2024,0,0.00025901076,0
img_08227_2024,0,0.3729018,1
img_08222_2024,0,4.4542256e-05,0
img_08228_2024,0,0.004576266,0
img_08131_p01_2024,0,0.00042624748,0
img_08131_p02_2024,0,0.00051546807,0
img_08131_p03_2024,0,6.655546e-06,0
img_08131_p04_2024,0,0.00034837832,0
img_08131_p05_2024,0,1.2976946e-05,0
img_08131_p06_2024,0,5.363686e-06,0
img_08225_2024,0,0.0003896817,0
img_08224_2024,0,3.128295e-06,0
img_08231_2024,0,0.016595637,0
img_08229_2024,0,0.07779863,0
img_08220_2024,0,0.0006443491,0
img_08233_2024,0,0.0013245329,0
img_08234_2024,0,0.0057635955,0
img_08237_2024,0,0.0022704352,0
img_08239_2024,0,0.00082010205,0
img_08241_2024,0,4.410874e-06,0
img_08235_2024,0,0.0013861166,0
img_08236_2024,0,4.4354227e-05,0
img_08238_2024,0,0.0046586134,0
img_08242_2024,0,3.2743457e-05,0
img_08240_2024,0,5.220052e-05,0
img_08123_p01_2024,0,0.25532708,1
img_08123_p02_2024,0,5.1929826e-05,0
img_08123_p03_2024,0,0.0002148914,0
img_08123_p04_2024,0,0.2373767,1
img_08123_p05_2024,0,0.017970534,0
img_08123_p06_2024,0,0.009075237,0
img_08123_p07_2024,0,2.105562e-05,0
img_08243_2024,0,5.3198823e-05,0
img_08246_2024,0,0.001077424,0
img_08249_2024,0,0.00088689436,0
img_08244_2024,0,0.10421401,0
img_08252_2024,0,0.0023332704,0
img_08254_2024,0,0.00082349795,0
img_08251_2024,0,0.017658593,0
img_08232_p01_2024,0,7.3890637e-06,0
img_08232_p02_2024,0,0.0014731354,0
img_08250_2024,0,0.65171444,1
img_08255_2024,0,3.2672964e-05,0
img_08181_p01_2024,0,0.00037121537,0
img_08181_p02_2024,0,0.00036797454,0
img_08181_p03_2024,0,0.0013381119,0
img_08181_p04_2024,0,0.0013899243,0
img_08181_p05_2024,0,0.0036305045,0
img_08253_2024,0,0.009021008,0
img_08258_2024,0,0.0010780878,0
img_08248_2024,0,0.019047625,0
img_08259_2024,0,0.000107331034,0
img_08260_2024,0,0.000123444,0
img_08263_2024,0,0.008760866,0
img_08230_p01_2024,0,0.00018261334,0
img_08230_p02_2024,0,0.00032182905,0
img_08262_2024,0,0.09005081,0
img_08261_2024,0,4.5111527e-05,0
img_08264_2024,0,0.00013791569,0
img_08265_2024,0,1.9205743e-05,0
img_08247_p01_2024,0,0.0011679556,0
img_08247_p02_2024,0,0.0016494894,0
img_08266_2024,0,0.0025658256,0
img_08267_2024,0,0.00012841335,0
img_08269_2024,0,0.00028678848,0
img_08268_2024,0,9.051408e-05,0
img_08270_2024,0,0.007399196,0
img_08245_p01_2024,0,0.0013255948,0
img_08245_p02_2024,0,0.00066489674,0
img_08273_2024,0,0.001051699,0
img_08271_2024,0,0.2773227,1
img_08275_2024,0,0.116229355,0
img_08274_2024,0,0.0009113594,0
img_08272_2024,0,6.433575e-06,0
img_08276_2024,0,4.8758317e-05,0
img_08278_2024,0,0.00034515283,0
img_08281_2024,0,0.044415824,0
img_08277_2024,0,0.0012396808,0
img_08256_p01_2024,0,4.793221e-05,0
img_08256_p02_2024,0,2.9976733e-05,0
img_08279_2024,0,0.0012163515,0
img_08280_2024,0,0.0006969048,0
img_08257_p01_2024,0,0.0005041069,0
img_08257_p02_2024,0,0.0031098109,0
img_08285_2024,0,0.0010307678,0
img_08286_2024,0,0.00021511753,0
img_08290_2024,0,0.0023126737,0
img_08283_2024,0,0.003004036,0
img_08284_2024,0,0.0002870776,0
img_08288_2024,0,9.547581e-05,0
img_08289_2024,0,0.0011615122,0
img_08292_2024,0,7.159276e-05,0
img_08293_2024,0,5.8202786e-05,0
img_08295_2024,0,2.0928659e-05,0
img_08297_2024,0,0.0020260033,0
img_08296_2024,0,0.0005233802,0
img_08298_2024,0,0.00022222154,0
img_08291_2024,0,0.002634702,0
img_08294_2024,0,0.0045846365,0
img_08301_2024,0,0.00071885955,0
img_08302_2024,0,0.001682587,0
img_08299_2024,0,2.825433e-05,0
img_08282_p01_2024,0,9.657461e-05,0
img_08282_p02_2024,0,4.7716036e-05,0
img_08303_2024,0,0.00027010523,0
img_08304_2024,0,5.713521e-05,0
img_08188_p01_2024,0,1.1037165e-05,0
img_08188_p02_2024,0,2.3278706e-06,0
img_08188_p03_2024,0,9.213272e-06,0
img_08188_p04_2024,0,4.234504e-06,0
img_08188_p05_2024,0,9.2511755e-06,0
img_08188_p06_2024,0,3.51828e-05,0
img_08188_p07_2024,0,1.17969785e-05,0
img_08188_p08_2024,0,4.4390534e-05,0
img_08305_2024,0,3.8413626e-05,0
img_08309_2024,0,7.693518e-05,0
img_08300_2024,0,3.9807994e-05,0
img_08310_2024,0,0.0008568888,0
img_08311_2024,0,4.7999907e-05,0
img_08306_2024,0,1.4129258e-05,0
img_08314_2024,0,0.00016220765,0
img_08313_2024,0,2.0178168e-05,0
img_08316_2024,0,0.05059959,0
img_08307_2024,0,0.23892443,1
img_08317_2024,0,1.1857695e-05,0
img_08318_2024,0,0.001702511,0
img_08322_2024,0,4.922904e-05,0
img_08324_2024,0,0.0009693077,0
img_08325_2024,0,0.6718195,1
img_08323_2024,0,0.0019302729,0
img_08321_2024,0,0.00030694285,0
img_08329_2024,0,0.00070401,0
img_08330_2024,0,0.0016126129,0
img_08331_2024,0,3.961146e-05,0
img_08328_2024,0,0.0012380118,0
img_08308_p01_2024,0,0.0007766119,0
img_08308_p02_2024,0,0.00038753691,0
img_08332_2024,0,0.00045010014,0
img_08326_2024,0,0.00056185026,0
img_08327_2024,0,6.497542e-05,0
img_08334_2024,0,0.02617797,0
img_08019_p01_2024,0,7.696542e-05,0
img_08019_p02_2024,0,0.00014662242,0
img_08019_p03_2024,0,0.0002738916,0
img_08019_p04_2024,0,4.418819e-06,0
img_08019_p05_2024,0,6.222774e-06,0
img_08019_p06_2024,0,0.005578629,0
img_08019_p07_2024,0,0.012970514,0
img_08019_p08_2024,0,0.007721767,0
img_08019_p09_2024,0,0.0004983893,0
img_08019_p10_2024,0,6.719481e-06,0
img_08019_p11_2024,0,7.74289e-05,0
img_08019_p12_2024,0,0.0022735212,0
img_08019_p13_2024,0,0.0047139423,0
img_08019_p14_2024,0,0.010747673,0
img_08019_p15_2024,0,0.025833882,0
img_08019_p16_2024,0,0.0042049307,0
img_08019_p17_2024,0,1.9782421e-05,0
img_08336_2024,0,0.00022309387,0
img_08342_2024,0,4.4141223e-05,0
img_08337_2024,0,0.007835307,0
img_08320_p01_2024,0,0.0014660514,0
img_08320_p02_2024,0,0.001312787,0
img_08341_2024,0,6.079316e-05,0
img_08343_2024,0,0.0028543184,0
img_08344_2024,0,0.00017684273,0
img_08346_2024,0,0.0043846155,0
img_08340_2024,0,0.055658873,0
img_08345_2024,0,0.00045041196,0
img_08339_2024,0,0.00075651327,0
img_08338_2024,0,0.006345163,0
img_08347_2024,0,5.341863e-06,0
img_08350_2024,0,0.00015784618,0
img_08319_p01_2024,0,0.00053484016,0
img_08319_p02_2024,0,0.00044452972,0
img_08333_p01_2024,0,9.157831e-06,0
img_08333_p02_2024,0,6.32473e-06,0
img_08355_2024,0,0.0065871347,0
img_08353_2024,0,0.0003968543,0
img_08348_2024,0,0.0012160364,0
img_08354_2024,0,0.1001737,0
img_08358_2024,0,0.0015841759,0
img_08360_2024,0,0.00059305073,0
img_08364_2024,0,0.00043805374,0
img_08361_2024,0,0.0004510571,0
img_08357_2024,0,9.871082e-06,0
img_08363_2024,0,0.0010192669,0
img_08351_2024,0,0.20397152,1
img_08367_2024,0,0.00015484441,0
img_08365_2024,0,1.0405104e-05,0
img_08368_2024,0,0.0008091392,0
img_08312_p01_2024,0,0.008516697,0
img_08312_p02_2024,0,0.001681293,0
img_08312_p03_2024,0,0.000582302,0
img_08312_p04_2024,0,0.00095800386,0
img_08372_2024,0,1.0235001e-05,0
img_08370_2024,0,0.00018531548,0
img_08356_2024,0,8.195886e-05,0
img_08371_2024,0,0.0122866705,0
img_08373_2024,0,0.0001190279,0
img_08362_2024,0,0.00028657907,0
img_08376_2024,0,3.1994776e-05,0
img_08369_2024,0,0.011098108,0
img_08375_2024,0,0.00024166674,0
img_08379_2024,0,3.846579e-05,0
img_08377_2024,0,2.1247002e-05,0
img_08374_2024,0,9.706634e-05,0
img_08383_2024,0,5.8006863e-06,0
img_08385_2024,0,0.0014423528,0
img_08380_2024,0,4.1889884e-06,0
img_08382_2024,0,0.026884204,0
img_08378_2024,0,0.00029406368,0
img_08359_p01_2024,0,0.00026824104,0
img_08359_p02_2024,0,0.00023226612,0
img_08352_2024,0,0.031304426,0
img_08381_2024,0,7.9727884e-05,0
img_08177_p01_2024,0,0.000687861,0
img_08177_p02_2024,0,0.00800955,0
img_08177_p03_2024,0,0.0012999388,0
img_08177_p04_2024,0,0.03376005,0
img_08177_p05_2024,0,0.00020849428,0
img_08177_p06_2024,0,3.5177163e-05,0
img_08177_p07_2024,0,2.3041464e-05,0
img_08177_p08_2024,0,0.013823983,0
img_08177_p09_2024,0,0.09619686,0
img_08177_p10_2024,0,0.00029279862,0
img_08177_p11_2024,0,4.116173e-05,0
img_08177_p12_2024,0,7.3051706e-05,0
img_08384_2024,0,0.008430259,0
img_08386_2024,0,0.00011245199,0
img_08388_2024,0,6.03739e-05,0
img_08389_2024,0,0.00010601135,0
img_08390_2024,0,0.042630218,0
img_08395_2024,0,0.0006577596,0
img_08393_2024,0,0.007526201,0
img_08394_2024,0,0.8412785,1
img_08392_2024,0,0.00035237547,0
img_08391_2024,0,0.00047296443,0
img_08398_2024,0,0.0012930847,0
img_08349_p01_2024,0,0.00011862803,0
img_08349_p02_2024,0,0.0004102003,0
img_08349_p03_2024,0,1.8155304e-05,0
img_08349_p04_2024,0,3.6039246e-06,0
img_08402_2024,0,0.07644944,0
img_08403_2024,0,5.8112164e-05,0
img_08397_2024,0,2.1421034e-05,0
img_08400_2024,0,4.8990612e-05,0
img_08387_2024,0,0.0015572321,0
img_08407_2024,0,0.0010515327,0
img_08404_2024,0,0.00273581,0
img_08405_2024,0,0.00039541157,0
img_08406_2024,0,0.00058766955,0
img_08410_2024,0,0.6636352,1
img_08411_2024,0,0.000906583,0
img_08414_2024,0,0.0007373864,0
img_08413_2024,0,0.0007079786,0
img_08416_2024,0,0.0020233027,0
img_08399_p01_2024,0,1.8890696e-06,0
img_08399_p02_2024,0,0.0009968878,0
img_08418_2024,0,3.5947447e-05,0
img_08415_2024,0,0.00010248371,0
img_08419_2024,0,0.00016254504,0
img_08396_p01_2024,0,0.0029496215,0
img_08396_p02_2024,0,0.0008454101,0
img_08421_2024,0,0.017876403,0
img_08417_2024,0,7.377452e-05,0
img_08423_2024,0,0.0035713997,0
img_08426_2024,0,0.001596207,0
img_08428_2024,0,0.0019882547,0
img_08422_2024,0,0.0008791671,0
img_08420_2024,0,0.00020534867,0
img_08425_2024,0,0.00031219705,0
img_08424_2024,0,0.014280082,0
img_08429_2024,0,0.001263726,0
img_08430_2024,0,0.0037063123,0
img_08431_2024,0,0.00027130666,0
img_08427_2024,0,0.00029340835,0
img_08433_2024,0,0.0003216352,0
img_08432_2024,0,0.24552095,1
img_08437_2024,0,0.0016268875,0
img_08438_2024,0,4.4307526e-06,0
img_08435_2024,0,0.013006735,0
img_08335_p01_2024,0,1.7894901e-05,0
img_08335_p02_2024,0,0.0009243006,0
img_08335_p03_2024,0,0.00010912986,0
img_08335_p04_2024,0,8.933671e-06,0
img_08335_p05_2024,0,0.0012344234,0
img_08335_p06_2024,0,0.00016361612,0
img_08441_2024,0,0.01089213,0
img_08434_2024,0,0.00939145,0
img_08436_2024,0,0.0398763,0
img_08442_2024,0,0.0007321551,0
img_08443_2024,0,0.015921924,0
img_08439_2024,0,0.12404448,0
img_08408_p01_2024,0,0.00095424516,0
img_08408_p02_2024,0,0.0001456073,0
img_08445_2024,0,9.441827e-06,0
img_08440_2024,0,0.0005600858,0
img_08447_2024,0,0.001283174,0
img_08450_2024,0,3.2125783e-05,0
img_08446_2024,0,0.091875724,0
img_08452_2024,0,0.00041716045,0
img_08453_2024,0,0.008140337,0
img_08449_2024,0,0.0011812426,0
img_08454_2024,0,0.003790555,0
img_08456_2024,0,0.006865218,0
img_08459_2024,0,0.0005381007,0
img_08458_2024,0,0.0005124198,0
img_08457_2024,0,0.0005389264,0
img_08451_2024,0,0.0009679138,0
img_08460_2024,0,0.00012303106,0
img_08409_p01_2024,0,0.000254091,0
img_08409_p02_2024,0,9.049035e-05,0
img_08409_p03_2024,0,0.00044753402,0
img_08409_p04_2024,0,0.00021867051,0
img_08465_2024,0,8.628635e-05,0
img_08462_2024,0,0.0012118581,0
img_08464_2024,0,0.0006084458,0
img_08455_2024,0,0.051616617,0
img_08466_2024,0,0.005206132,0
img_08461_2024,0,0.0003372303,0
img_08470_2024,0,0.0002855182,0
img_08467_2024,0,0.010113689,0
img_08444_p01_2024,0,0.008332538,0
img_08444_p02_2024,0,0.0005969427,0
img_08468_2024,0,0.0035403748,0
img_08471_2024,0,0.20413017,1
img_08463_2024,0,7.737435e-05,0
img_08469_2024,0,0.00011387835,0
img_08412_p01_2024,0,0.00015593001,0
img_08412_p02_2024,0,0.0024689834,0
img_08412_p03_2024,0,0.003017235,0
img_08412_p04_2024,0,0.00036414093,0
img_08472_2024,0,5.938842e-05,0
img_08475_2024,0,0.7329094,1
img_08478_2024,0,0.0020799886,0
img_08476_2024,0,0.0064959615,0
img_08474_2024,0,0.00067588984,0
img_08477_2024,0,0.00066419976,0
img_08473_2024,0,0.002313896,0
img_08448_p01_2024,0,0.17976737,1
img_08448_p02_2024,0,0.0002648828,0
img_08479_2024,0,0.00068902393,0
img_08480_2024,0,0.0039785476,0
img_08482_2024,0,1.7878423e-05,0
img_08483_2024,0,8.809767e-06,0
img_08481_2024,0,0.00017816272,0
img_08487_2024,0,0.00026128272,0
img_08485_2024,0,0.0029013527,0
img_08489_2024,0,0.0008031888,0
img_08287_p01_2024,0,0.000108064196,0
img_08287_p02_2024,0,0.00011855826,0
img_08287_p03_2024,0,7.032049e-05,0
img_08287_p04_2024,0,0.00017900765,0
img_08287_p05_2024,0,9.9342295e-05,0
img_08287_p06_2024,0,0.00012453896,0
img_08287_p07_2024,0,0.005556139,0
img_08287_p08_2024,0,8.699946e-05,0
img_08287_p09_2024,0,3.4674405e-05,0
img_08287_p10_2024,0,3.493532e-05,0
img_08484_2024,0,0.0009074066,0
img_08488_2024,0,0.0002636563,0
img_08492_2024,0,0.0024454996,0
img_08496_2024,0,4.085069e-05,0
img_08494_2024,0,0.0018613179,0
img_08497_2024,0,0.016658086,0
img_08490_2024,0,0.38462138,1
img_08493_2024,0,0.016322065,0
img_08498_2024,0,0.0056879427,0
img_08499_2024,0,0.0046299817,0
img_08495_2024,0,0.007638298,0
img_08491_2024,0,0.0066894377,0
img_08501_2024,0,0.05506727,0
img_08510_2024,0,0.0014323845,0
img_08504_2024,0,0.001129218,0
img_08508_2024,0,0.0048605897,0
img_08511_2024,0,0.034401342,0
img_08507_2024,0,0.010248674,0
img_08505_2024,0,0.00294753,0
img_08512_2024,0,0.006532054,0
img_08509_2024,0,0.0060670464,0
img_08506_2024,0,0.011908466,0
img_08514_2024,0,0.0019182932,0
img_08516_2024,0,0.009248402,0
img_08500_2024,0,0.00062224356,0
img_08503_2024,0,0.00072567695,0
img_08515_2024,0,0.0008780169,0
img_08517_2024,0,0.01348821,0
img_08486_p01_2024,0,0.00023051421,0
img_08486_p02_2024,0,0.0024857647,0
img_08513_2024,0,0.0011705172,0
img_08520_2024,0,0.0001506171,0
img_08518_2024,0,9.946191e-05,0
img_08524_2024,0,0.0030704557,0
img_08401_p01_2024,0,0.0017227688,0
img_08401_p02_2024,0,9.0744834e-05,0
img_08401_p03_2024,0,0.00013203341,0
img_08401_p04_2024,0,0.0002113021,0
img_08401_p05_2024,0,0.00010322548,0
img_08401_p06_2024,0,0.0001346015,0
img_08519_2024,0,0.0019029911,0
img_08525_2024,0,0.0031244978,0
img_08521_2024,0,0.005833071,0
img_08526_2024,0,0.00045471758,0
img_08529_2024,0,0.00023634078,0
img_08523_2024,0,0.0017547463,0
img_08528_2024,0,0.00017072522,0
img_08532_2024,0,0.001967444,0
img_08315_p01_2024,0,6.6165107e-06,0
img_08315_p02_2024,0,8.382073e-05,0
img_08315_p03_2024,0,4.2053387e-05,0
img_08315_p04_2024,0,0.0071245115,0
img_08315_p05_2024,0,0.0013997996,0
img_08315_p06_2024,0,1.5209654e-05,0
img_08315_p07_2024,0,1.03093635e-05,0
img_08315_p08_2024,0,0.00047875821,0
img_08315_p09_2024,0,2.8489943e-05,0
img_08315_p10_2024,0,2.9433927e-06,0
img_08535_2024,0,9.2602684e-05,0
img_08527_2024,0,0.021046516,0
img_08530_2024,0,0.0011059174,0
img_08539_2024,0,0.0073872805,0
img_08537_2024,0,5.6327397e-05,0
img_08531_2024,0,0.19752227,1
img_08534_2024,0,0.024483953,0
img_08536_2024,0,0.00015498504,0
img_08540_2024,0,0.0017488644,0
img_08542_2024,0,0.0057755625,0
img_08544_2024,0,0.17827381,1
img_08543_2024,0,0.0034366387,0
img_08547_2024,0,0.00071221555,0
img_08545_2024,0,0.00022395253,0
img_08533_2024,0,0.16761221,1
img_08541_2024,0,0.0024868727,0
img_08549_2024,0,0.0672354,0
img_08552_2024,0,5.218828e-05,0
img_08548_2024,0,0.030936059,0
img_08546_2024,0,0.0049947337,0
img_08522_p01_2024,0,0.00016203236,0
img_08522_p02_2024,0,9.043739e-05,0
img_08560_2024,0,0.006180237,0
img_08556_2024,0,0.0006164893,0
img_08559_2024,0,0.0023448118,0
img_08551_2024,0,0.00026764328,0
img_08561_2024,0,0.013403905,0
img_08554_2024,0,0.0022864346,0
img_08557_2024,0,7.2643306e-05,0
img_08564_2024,0,0.00011370223,0
img_08555_2024,0,0.00039356752,0
img_08562_2024,0,0.0054186876,0
img_08550_2024,0,0.004267181,0
img_08565_2024,0,0.0011150573,0
img_08567_2024,0,0.0040184227,0
img_08566_2024,0,0.00013592198,0
img_08538_p01_2024,0,0.0014506038,0
img_08538_p02_2024,0,0.037989035,0
img_08570_2024,0,0.00065973593,0
img_08563_2024,0,0.0017696712,0
img_08558_2024,0,0.006004327,0
img_08574_2024,0,0.019413207,0
img_08572_2024,0,8.827756e-06,0
img_08575_2024,0,0.0014331472,0
img_08568_2024,0,0.0010439209,0
img_08569_2024,0,0.0007043187,0
img_08502_p01_2024,0,0.00044552324,0
img_08502_p02_2024,0,0.00045116397,0
img_08502_p03_2024,0,0.00040896234,0
img_08502_p04_2024,0,0.00018748915,0
img_08553_2024,0,0.0022854742,0
img_08579_2024,0,0.013706794,0
img_08580_2024,0,0.028686464,0
img_08571_2024,0,0.006808028,0
img_08586_2024,0,0.00018485752,0
img_08587_2024,0,0.0019501556,0
img_08573_2024,0,0.00020200555,0
img_08577_2024,0,0.014286775,0
img_08576_2024,0,0.0014005823,0
img_08578_2024,0,2.4838326e-05,0
img_08590_2024,0,0.020195182,0
img_08588_2024,0,0.00016347281,0
img_08582_2024,0,0.7050752,1
img_08583_2024,0,0.00010030169,0
img_08589_2024,0,0.0037225594,0
img_08585_2024,0,0.004956165,0
img_08584_2024,0,0.014066695,0
img_08593_2024,0,0.001208951,0
img_08591_2024,0,0.0045748176,0
img_08594_2024,0,0.00010515616,0
img_08596_2024,0,0.0015756997,0
img_08595_2024,0,0.00085846696,0
img_08600_2024,0,0.00025496606,0
img_08598_2024,0,0.00023862427,0
img_08599_2024,0,0.00031906,0
img_08601_2024,0,0.1791029,1
img_08602_2024,0,0.0003921341,0
img_08597_2024,0,0.00017622398,0
img_08608_2024,0,0.0038238424,0
img_08605_2024,0,0.14825156,1
img_08607_2024,0,0.0003078455,0
img_08592_2024,0,0.00023843597,0
img_08611_2024,0,0.0011698289,0
img_08610_2024,0,0.001833251,0
img_08606_2024,0,4.610611e-05,0
img_08609_2024,0,0.0015331958,0
img_08613_2024,0,1.4402338e-05,0
img_08614_2024,0,0.00017373636,0
img_08616_2024,0,0.08092143,0
img_08612_2024,0,0.0015600283,0
img_08619_2024,0,0.007992205,0
img_08617_2024,0,0.0015674402,0
img_08621_2024,0,8.190167e-05,0
img_08618_2024,0,0.04258865,0
img_08620_2024,0,0.001065197,0
img_08615_2024,0,0.007249674,0
img_08622_2024,0,0.0046660304,0
img_08623_2024,0,0.005077194,0
img_08624_2024,0,1.6481523e-05,0
img_08625_2024,0,3.1145693e-05,0
img_08628_2024,0,0.12873356,0
img_08629_2024,0,0.755739,1
img_08634_2024,0,0.006033268,0
img_08627_2024,0,9.97655e-05,0
img_08631_2024,0,5.7898874e-06,0
img_08638_2024,0,2.3475814e-05,0
img_08630_2024,0,0.00032962687,0
img_08641_2024,0,0.00033671872,0
img_08642_2024,0,3.2453787e-05,0
img_08632_2024,0,0.0045428416,0
img_08637_2024,0,4.5112516e-05,0
img_08636_2024,0,0.00014048361,0
img_08643_2024,0,0.0007382759,0
img_08635_2024,0,7.834415e-05,0
img_08640_2024,0,0.009982411,0
img_08644_2024,0,0.001060255,0
img_08645_2024,0,0.0019660485,0
img_08646_2024,0,0.7606639,1
img_08650_2024,0,0.0067274515,0
img_08649_2024,0,5.8813894e-05,0
img_08648_2024,0,0.0129593415,0
img_08656_2024,0,0.020243557,0
img_08651_2024,0,0.000118162105,0
img_08653_2024,0,0.00023296032,0
img_08654_2024,0,3.3899865e-05,0
img_08647_2024,0,3.1991203e-05,0
img_08655_2024,0,0.0028343755,0
img_08652_2024,0,0.0019252873,0
img_08657_2024,0,5.6962264e-05,0
img_08603_p01_2024,0,0.000638201,0
img_08603_p02_2024,0,0.00012308398,0
img_08660_2024,0,0.012209283,0
img_08633_p01_2024,0,0.004275315,0
img_08633_p02_2024,0,3.6847152e-05,0
img_08665_2024,0,0.0008334622,0
img_08663_2024,0,0.001872928,0
img_08669_2024,0,0.00040034365,0
img_08666_2024,0,0.0009126072,0
img_08670_2024,0,0.21156299,1
img_08659_2024,0,0.0007699743,0
img_08667_2024,0,0.057169795,0
img_08661_2024,0,0.0002867767,0
img_08671_2024,0,0.86591536,1
img_08658_2024,0,0.0018644354,0
img_08639_p01_2024,0,9.92389e-05,0
img_08639_p02_2024,0,0.00027132788,0
img_08604_p01_2024,0,0.005306338,0
img_08604_p02_2024,0,0.0015874874,0
img_08604_p03_2024,0,0.00077372434,0
img_08604_p04_2024,0,0.00037878848,0
img_08673_2024,0,0.002516785,0
img_08672_2024,0,0.0035043193,0
img_08664_2024,0,0.00048195696,0
img_08674_2024,0,0.005071349,0
img_08662_2024,0,0.037614238,0
img_08668_2024,0,0.00016939348,0
img_08678_2024,0,5.8896345e-05,0
img_08680_2024,0,0.009905258,0
img_08682_2024,0,0.033538308,0
img_08677_2024,0,0.00032054205,0
img_08679_2024,0,0.0005600663,0
img_08683_2024,0,0.00032691853,0
img_08675_2024,0,0.0006604418,0
img_08686_2024,0,0.0012504196,0
img_08684_2024,0,0.11229232,0
img_08691_2024,0,0.006763992,0
img_08689_2024,0,0.00021362565,0
img_08692_2024,0,0.0022336897,0
img_08687_2024,0,0.002395117,0
img_08688_2024,0,0.00012963355,0
img_08690_2024,0,0.002106458,0
img_08695_2024,0,0.02004223,0
img_08696_2024,0,0.0002356628,0
img_08698_2024,0,0.0014610675,0
img_08699_2024,0,0.0006941897,0
img_08697_2024,0,0.0022166944,0
img_08702_2024,0,1.7703314e-05,0
img_08694_2024,0,0.0055325273,0
img_08693_2024,0,0.0020476934,0
img_08707_2024,0,0.028570442,0
img_08700_2024,0,5.56841e-05,0
img_08704_2024,0,0.00029915964,0
img_08706_2024,0,0.022614915,0
img_08703_2024,0,0.89856046,1
img_08705_2024,0,0.0069918307,0
img_08681_p01_2024,0,0.02989888,0
img_08681_p02_2024,0,0.0001729572,0
img_08710_2024,0,0.00047367095,0
img_08709_2024,0,0.00023088416,0
img_08711_2024,0,0.020938301,0
img_08626_p01_2024,0,0.00019540753,0
img_08626_p02_2024,0,3.799639e-05,0
img_08626_p03_2024,0,2.5849627e-05,0
img_08626_p04_2024,0,0.0010620165,0
img_08685_p01_2024,0,0.0004922471,0
img_08685_p02_2024,0,0.00060359895,0
img_08712_2024,0,0.0010622957,0
img_08713_2024,0,0.06938266,0
img_08715_2024,0,6.302392e-05,0
img_08708_2024,0,0.00806695,0
img_08721_2024,0,0.0043300916,0
img_08717_2024,0,0.0010580275,0
img_08720_2024,0,0.40474284,1
img_08718_2024,0,0.0009746063,0
img_08722_2024,0,0.000890055,0
img_08723_2024,0,2.2899798e-05,0
img_08714_2024,0,0.0023201096,0
img_08726_2024,0,0.0005861039,0
img_08724_2024,0,0.00024308957,0
img_08729_2024,0,0.00066341716,0
img_08719_2024,0,1.8921075e-06,0
img_08728_2024,0,0.2561915,1
img_08727_2024,0,0.00032328235,0
img_08725_2024,0,0.0013339969,0
img_08733_2024,0,0.0022189326,0
img_08734_2024,0,0.5487686,1
img_08731_2024,0,5.29283e-05,0
img_08732_2024,0,3.1062045e-05,0
img_08736_2024,0,0.00027200676,0
img_08738_2024,0,0.0049590725,0
img_08581_p01_2024,0,0.02582003,0
img_08581_p02_2024,0,0.021147469,0
img_08581_p03_2024,0,0.022508828,0
img_08581_p04_2024,0,0.003201908,0
img_08581_p05_2024,0,0.0008535107,0
img_08581_p06_2024,0,0.0050219432,0
img_08676_p01_2024,0,0.00048025761,0
img_08676_p02_2024,0,0.0009865311,0
img_08676_p03_2024,0,7.891588e-05,0
img_08676_p04_2024,0,0.00023638204,0
img_08730_2024,0,0.0015156933,0
img_08735_2024,0,0.0007588266,0
img_08743_2024,0,0.003171086,0
img_08739_2024,0,0.75360006,1
img_08744_2024,0,0.0017568885,0
img_08741_2024,0,0.00015983632,0
img_08740_2024,0,0.0011557934,0
img_08746_2024,0,0.0029712473,0
img_08748_2024,0,0.001954597,0
img_08754_2024,0,0.00017809002,0
img_08747_2024,0,0.01199207,0
img_08750_2024,0,0.00042504707,0
img_08752_2024,0,0.00023220634,0
img_08753_2024,0,8.788189e-05,0
img_08755_2024,0,0.023434848,0
img_08757_2024,0,0.73125833,1
img_08742_2024,0,0.0016674227,0
img_08751_2024,0,0.09897563,0
img_08749_2024,0,0.24916281,1
img_08701_p01_2024,0,0.013221764,0
img_08701_p02_2024,0,0.062455997,0
img_08701_p03_2024,0,0.00065213005,0
img_08701_p04_2024,0,0.000121417244,0
img_08756_2024,0,0.00020075747,0
img_08759_2024,0,0.004181005,0
img_08758_2024,0,0.009777088,0
img_08760_2024,0,0.00078484137,0
img_08767_2024,0,0.013996425,0
img_08761_2024,0,0.0026608736,0
img_08762_2024,0,0.0007502393,0
img_08765_2024,0,3.339087e-05,0
img_08773_2024,0,0.0011832629,0
img_08745_p01_2024,0,0.0018571076,0
img_08745_p02_2024,0,0.0065251263,0
img_08768_2024,0,0.0022837548,0
img_08769_2024,0,0.024559228,0
img_08766_2024,0,0.0002376219,0
img_08771_2024,0,0.012374936,0
img_08737_p01_2024,0,0.0067454786,0
img_08737_p02_2024,0,0.07549072,0
img_08763_2024,0,0.0036910148,0
img_08778_2024,0,0.2530735,1
img_08776_2024,0,0.004185033,0
img_08772_2024,0,0.0021044381,0
img_08779_2024,0,0.0065108854,0
img_08777_2024,0,0.000199519,0
img_08770_2024,0,0.06724306,0
img_08774_2024,0,0.00024502233,0
img_08775_2024,0,0.01487166,0
img_08781_2024,0,0.00015434748,0
img_08764_2024,0,0.002337708,0
img_08785_2024,0,0.0001530693,0
img_08782_2024,0,0.0014442214,0
img_08784_2024,0,0.012887044,0
img_08783_2024,0,0.0032575706,0
img_08780_2024,0,4.3938624e-05,0
img_08786_2024,0,0.0005242974,0
img_08790_2024,0,0.00063980574,0
img_08791_2024,0,4.9136168e-05,0
img_08787_2024,0,0.0041872095,0
img_08794_2024,0,0.0002453021,0
img_08789_2024,0,0.09466673,0
img_08792_2024,0,0.015388459,0
img_08798_2024,0,0.0077850576,0
img_08795_2024,0,0.0015835094,0
img_08799_2024,0,0.002076718,0
img_08801_2024,0,0.009339407,0
img_08797_2024,0,0.0026367076,0
img_08793_2024,0,0.0069463006,0
img_08803_2024,0,0.000105820465,0
img_08796_2024,0,0.35902902,1
img_08805_2024,0,0.00014322558,0
img_08804_2024,0,7.33774e-05,0
img_08800_2024,0,0.0055452287,0
img_08716_p01_2024,0,0.0017338044,0
img_08716_p02_2024,0,0.0038887223,0
img_08716_p03_2024,0,0.0028167309,0
img_08716_p04_2024,0,0.0021077613,0
img_08806_2024,0,0.021286407,0
img_08802_2024,0,0.0017973019,0
img_08810_2024,0,2.4382623e-05,0
img_08812_2024,0,0.00028714165,0
img_08808_2024,0,0.53389394,1
img_08809_2024,0,0.004005989,0
img_08818_2024,0,0.0019883183,0
img_08814_2024,0,0.060763046,0
img_08815_2024,0,0.020481158,0
img_08817_2024,0,0.0180848,0
img_08811_2024,0,0.88905966,1
img_08821_2024,0,0.0008669466,0
img_08807_2024,0,0.0009054664,0
img_08819_2024,0,0.0011913901,0
img_08813_2024,0,0.00023397984,0
img_08820_2024,0,0.08896933,0
img_08822_2024,0,0.016358748,0
img_08823_2024,0,0.00015974886,0
img_08825_2024,0,0.0010440487,0
img_08816_2024,0,0.0010262169,0
img_08824_2024,0,0.003426595,0
img_08827_2024,0,0.0017752022,0
img_08829_2024,0,0.0002438333,0
img_08826_2024,0,0.007871599,0
img_08828_2024,0,0.0009384249,0
img_08841_2024,0,0.0013722243,0
img_08835_2024,0,0.6843799,1
img_08833_2024,0,0.00024346927,0
img_08839_2024,0,0.8541381,1
img_08837_2024,0,0.0041087195,0
img_08845_2024,0,0.0041121687,0
img_08846_2024,0,0.0013085733,0
img_08842_2024,0,0.272065,1
img_08840_2024,0,0.002864131,0
img_08831_2024,0,0.0013751783,0
img_08847_2024,0,0.23610878,1
img_08836_2024,0,0.019438552,0
img_08832_2024,0,0.745936,1
img_08843_2024,0,5.8878486e-05,0
img_08844_2024,0,0.017639324,0
img_08834_2024,0,0.00014476103,0
img_08848_2024,0,0.00054401543,0
img_08852_2024,0,8.225537e-05,0
img_08853_2024,0,0.9533954,1
img_08850_2024,0,0.0015611775,0
img_08849_2024,0,0.0060239756,0
img_08851_2024,0,5.116667e-05,0
img_08857_2024,0,0.0010221326,0
img_08854_2024,0,0.00022128996,0
img_08860_2024,0,0.007583985,0
img_08859_2024,0,0.0008739291,0
img_08856_2024,0,0.00020184113,0
img_08855_2024,0,6.55571e-05,0
img_08861_2024,0,0.00039601873,0
img_08830_p01_2024,0,0.00090457126,0
img_08830_p02_2024,0,0.00085023796,0
img_08866_2024,0,0.27090806,1
img_08864_2024,0,0.0009805532,0
img_08865_2024,0,0.013690314,0
img_08858_2024,0,0.00012290149,0
img_08871_2024,0,0.0033746392,0
img_08868_2024,0,0.38903505,1
img_08863_2024,0,0.0069928668,0
img_08867_2024,0,0.48279542,1
img_08872_2024,0,0.0010984674,0
img_08873_2024,0,0.00022034273,0
img_08875_2024,0,0.00025985448,0
img_08862_2024,0,0.87799,1
img_08874_2024,0,0.028088178,0
img_08876_2024,0,0.071990356,0
img_08869_2024,0,0.25280043,1
img_08879_2024,0,0.00054181094,0
img_08880_2024,0,0.008500703,0
img_08788_p01_2024,0,0.042929143,0
img_08788_p02_2024,0,0.43763047,1
img_08788_p03_2024,0,0.5559974,1
img_08788_p04_2024,0,0.11380891,0
img_08878_2024,0,0.040228542,0
img_08877_2024,0,0.101816416,0
img_08885_2024,0,0.00017003267,0
img_08882_2024,0,0.0010801927,0
img_08883_2024,0,0.0009021209,0
img_08894_2024,0,0.00010476843,0
img_08886_2024,0,0.00047631268,0
img_08881_2024,0,0.013983592,0
img_08893_2024,0,0.00041555575,0
img_08884_2024,0,0.00022945684,0
img_08888_2024,0,0.0049679624,0
img_08895_2024,0,0.17162432,1
img_08889_2024,0,0.0011789062,0
img_08887_2024,0,0.6032731,1
img_08890_2024,0,6.567464e-06,0
img_08891_2024,0,8.6453714e-05,0
img_08897_2024,0,3.191241e-05,0
img_08896_2024,0,0.154348,1
img_08892_2024,0,0.0006989288,0
img_08900_2024,0,0.006580516,0
img_08898_2024,0,7.044197e-05,0
img_08901_2024,0,0.0013892124,0
img_08899_2024,0,0.0016422737,0
img_08902_2024,0,0.12924203,0
img_08903_2024,0,0.055903107,0
img_08905_2024,0,9.976902e-05,0
img_08904_2024,0,0.00030521766,0
img_08909_2024,0,0.0092396885,0
img_08914_2024,0,0.00013456288,0
img_08910_2024,0,0.0004196037,0
img_08838_p01_2024,0,0.012961428,0
img_08838_p02_2024,0,0.0009378555,0
img_08838_p03_2024,0,0.0008765695,0
img_08838_p04_2024,0,0.0060503175,0
img_08908_2024,0,0.0006136631,0
img_08906_2024,0,0.0077838055,0
img_08918_2024,0,0.0029410154,0
img_08915_2024,0,0.00017372741,0
img_08913_2024,0,0.010187856,0
img_08912_2024,0,0.00011788345,0
img_08907_2024,0,0.00038449472,0
img_08916_2024,0,3.764212e-05,0
img_08911_2024,0,0.00018219871,0
img_08921_2024,0,0.0034910236,0
img_08926_2024,0,0.40717635,1
img_08924_2024,0,0.00013461075,0
img_08927_2024,0,0.0005353997,0
img_08928_2024,0,0.0010724165,0
img_08930_2024,0,0.00027910314,0
img_08929_2024,0,0.96221054,1
img_08923_2024,0,0.00019776798,0
img_08925_2024,0,0.30746096,1
img_08870_p01_2024,0,0.009553193,0
img_08870_p02_2024,0,0.013806436,0
img_08870_p03_2024,0,0.029880501,0
img_08922_2024,0,0.0003064674,0
img_08934_2024,0,0.0008725412,0
img_08920_2024,0,0.00039018557,0
img_08941_2024,0,0.006498301,0
img_08939_2024,0,0.012527596,0
img_08933_2024,0,0.00012607012,0
img_08938_2024,0,0.007815659,0
img_08940_2024,0,0.0011894323,0
img_08937_2024,0,0.014800057,0
img_08936_2024,0,0.00030051262,0
img_08943_2024,0,5.625021e-05,0
img_08945_2024,0,0.00073492335,0
img_08935_2024,0,0.00022719169,0
img_08942_2024,0,0.0012003228,0
img_08946_2024,0,5.367298e-05,0
img_08931_2024,0,0.0015397832,0
img_08944_2024,0,0.025400799,0
img_08947_2024,0,0.017852634,0
img_08948_2024,0,0.8238302,1
img_08919_p01_2024,0,0.00039134725,0
img_08919_p02_2024,0,0.00020315213,0
img_08949_2024,0,0.0008318638,0
img_08950_2024,0,0.0011126508,0
img_08917_p01_2024,0,0.0030351805,0
img_08917_p02_2024,0,0.00043534389,0
img_08954_2024,0,0.9951315,1
img_08951_2024,0,0.00017054072,0
img_08953_2024,0,0.8675516,1
img_08952_2024,0,0.00032135597,0
img_08956_2024,0,0.0007221286,0
img_08959_2024,0,0.0021920165,0
img_08958_2024,0,1.03443945e-05,0
img_08957_2024,0,0.00044100228,0
img_08961_2024,0,3.1948155e-05,0
img_08960_2024,0,0.44696638,1
img_08965_2024,0,0.00018987939,0
img_08964_2024,0,0.0036894283,0
img_08955_2024,0,0.0053341957,0
img_08963_2024,0,0.0028501765,0
img_08968_2024,0,0.00010486197,0
img_08967_2024,0,0.041764967,0
img_08962_2024,0,0.0006803971,0
img_08969_2024,0,0.00041214557,0
img_08966_2024,0,5.651178e-05,0
img_08971_2024,0,0.0002655762,0
img_08972_2024,0,0.99855024,1
img_08977_2024,0,0.010969309,0
img_08970_2024,0,0.9736405,1
img_08932_p01_2024,0,0.02843174,0
img_08932_p02_2024,0,0.07596279,0
img_08978_2024,0,0.00011391842,0
img_08979_2024,0,0.0016951648,0
img_08976_2024,0,0.000713441,0
img_08981_2024,0,0.0013003332,0
img_08980_2024,0,0.00026223608,0
img_08975_2024,0,0.0002722449,0
img_08985_2024,0,0.030814754,0
img_08983_2024,0,0.0003360991,0
img_08973_2024,0,0.00066405354,0
img_08982_2024,0,0.0003619049,0
img_08991_2024,0,0.002034875,0
img_08989_2024,0,0.004452531,0
img_08990_2024,0,0.0032709579,0
img_08987_2024,0,0.0028201726,0
img_08997_2024,0,0.00011477479,0
img_08998_2024,0,0.012278305,0
img_08993_2024,0,0.0009251561,0
img_08999_2024,0,0.0035130205,0
img_09002_2024,0,0.0024482172,0
img_08996_2024,0,0.0009847127,0
img_09001_2024,0,0.005119764,0
img_08994_2024,0,0.00095904485,0
img_09000_2024,0,0.02210092,0
img_08984_p01_2024,0,0.5775,1
img_08984_p02_2024,0,0.92647105,1
img_09006_2024,0,0.00031101645,0
img_09008_2024,0,1.3082018e-05,0
img_09004_2024,0,0.015238851,0
img_08974_p01_2024,0,0.00041790234,0
img_08974_p02_2024,0,0.001098346,0
img_08974_p03_2024,0,0.00024929075,0
img_09009_2024,0,0.004705223,0
img_09012_2024,0,0.0027802663,0
img_09013_2024,0,0.00014798233,0
img_09011_2024,0,8.22979e-05,0
img_09010_2024,0,0.0002166409,0
img_09014_2024,0,0.00014954708,0
img_09016_2024,0,0.0002863071,0
img_08988_p01_2024,0,0.001724647,0
img_08988_p02_2024,0,0.0010880133,0
img_09017_2024,0,0.004166264,0
img_09015_2024,0,0.024240358,0
img_08995_p01_2024,0,0.0016580651,0
img_08995_p02_2024,0,0.012537043,0
img_09007_2024,0,0.0036826741,0
img_09021_2024,0,0.0006107527,0
img_09020_2024,0,0.22412625,1
img_09024_2024,0,0.0004264962,0
img_09023_2024,0,0.005180536,0
img_09022_2024,0,0.10808608,0
img_09019_2024,0,0.000113355054,0
img_09026_2024,0,0.0076511945,0
img_09025_2024,0,0.001932501,0
img_09003_p01_2024,0,0.001474656,0
img_09003_p02_2024,0,0.00036886788,0
img_09028_2024,0,0.00013455107,0
img_09029_2024,0,0.0007022938,0
img_09034_2024,0,0.0073548374,0
img_09037_2024,0,0.00028122077,0
img_09032_2024,0,0.0024021524,0
img_09035_2024,0,0.0018631916,0
img_09031_2024,0,0.00022618493,0
img_09033_2024,0,0.00023400258,0
img_09040_2024,0,0.0011336154,0
img_09030_2024,0,0.0008692436,0
img_09041_2024,0,1.6670616e-05,0
img_09038_2024,0,0.015970277,0
img_09043_2024,0,0.0018551119,0
img_09036_2024,0,3.3381e-05,0
img_09045_2024,0,0.001655267,0
img_09042_2024,0,0.00013984114,0
img_09039_2024,0,0.040190883,0
img_09046_2024,0,8.6242835e-05,0
img_09047_2024,0,0.00032523856,0
img_09049_2024,0,4.87453e-05,0
img_09044_2024,0,5.4803077e-05,0
img_09053_2024,0,0.0015467671,0
img_09048_2024,0,0.0008212434,0
img_09054_2024,0,0.00075098494,0
img_09050_2024,0,0.00012918228,0
img_09051_2024,0,6.928457e-05,0
img_08992_p01_2024,0,0.028925972,0
img_08992_p02_2024,0,0.036567215,0
img_08992_p03_2024,0,0.00041268498,0
img_08992_p04_2024,0,0.0012592688,0
img_09057_2024,0,0.00025573562,0
img_09055_2024,0,0.0007015721,0
img_09052_2024,0,0.0006494054,0
img_09018_p01_2024,0,0.005760689,0
img_09018_p02_2024,0,0.003042123,0
img_09018_p03_2024,0,0.0055171326,0
img_09058_2024,0,7.101825e-05,0
img_09062_2024,0,0.0023368094,0
img_09063_2024,0,0.7802974,1
img_09064_2024,0,5.0292896e-05,0
img_09056_2024,0,0.002086981,0
img_09065_2024,0,0.017965553,0
img_09069_2024,0,0.0016851246,0
img_09066_2024,0,0.00013917242,0
img_09061_2024,0,0.08057772,0
img_09074_2024,0,0.00083332876,0
img_09068_2024,0,0.00061738567,0
img_09067_2024,0,0.015177839,0
img_09070_2024,0,0.0058302544,0
img_09075_2024,0,0.0009287206,0
img_09072_2024,0,0.0012429974,0
img_09076_2024,0,0.018577263,0
img_09071_2024,0,0.8674828,1
img_09079_2024,0,0.882177,1
img_09081_2024,0,0.014120947,0
img_09080_2024,0,5.113095e-06,0
img_09082_2024,0,0.00026025766,0
img_09086_2024,0,0.0006794802,0
img_09084_2024,0,0.00043172,0
img_09087_2024,0,0.0005223968,0
img_09088_2024,0,0.0009955743,0
img_09094_2024,0,3.3757693e-05,0
img_09027_p01_2024,0,0.00055802474,0
img_09027_p02_2024,0,0.00013131285,0
img_09027_p03_2024,0,0.008437058,0
img_09027_p04_2024,0,0.00012379493,0
img_09092_2024,0,0.0011707057,0
img_09089_2024,0,0.0010730185,0
img_09095_2024,0,0.0018969309,0
img_09098_2024,0,0.00038443482,0
img_09090_2024,0,0.0021834571,0
img_09005_p01_2024,0,0.0281472,0
img_09005_p02_2024,0,0.0016764547,0
img_09005_p03_2024,0,0.006631148,0
img_09005_p04_2024,0,0.048663735,0
img_09005_p05_2024,0,0.00029076927,0
img_09005_p06_2024,0,0.05602337,0
img_09097_2024,0,0.00016292397,0
img_09101_2024,0,0.0010119327,0
img_09102_2024,0,0.00065715023,0
img_09099_2024,0,0.008623179,0
img_09106_2024,0,0.0003352699,0
img_09105_2024,0,0.0017445731,0
img_09104_2024,0,0.00011149296,0
img_09103_2024,0,0.0011432057,0
img_09100_2024,0,0.90051967,1
img_09111_2024,0,0.00036461858,0
img_09091_2024,0,0.037962783,0
img_09109_2024,0,0.0093684895,0
img_09085_2024,0,0.00063141494,0
img_09108_2024,0,0.01134015,0
img_09059_p01_2024,0,0.00020832816,0
img_09059_p02_2024,0,0.21188724,1
img_09113_2024,0,0.0017593028,0
img_09073_p01_2024,0,0.00070193986,0
img_09073_p02_2024,0,7.543853e-05,0
img_09073_p03_2024,0,2.7169726e-05,0
img_09073_p04_2024,0,0.00013377672,0
img_09114_2024,0,0.00014212077,0
img_09083_p01_2024,0,0.0010572976,0
img_09083_p02_2024,0,0.002579034,0
img_09118_2024,0,0.0046933065,0
img_09110_2024,0,0.0011224337,0
img_09112_2024,0,0.00030650303,0
img_09107_2024,0,0.01843686,0
img_09120_2024,0,0.003418359,0
img_09115_2024,0,0.0016408633,0
img_09119_2024,0,0.00012804261,0
img_09116_2024,0,2.8767327e-05,0
img_09121_2024,0,0.0011005517,0
img_08986_p01_2024,0,0.03195069,0
img_08986_p02_2024,0,0.15279748,1
img_08986_p03_2024,0,0.0032315014,0
img_08986_p04_2024,0,0.011273751,0
img_08986_p05_2024,0,0.0009180571,0
img_08986_p06_2024,0,0.0077507608,0
img_09077_2024,0,0.0026677472,0
img_09122_2024,0,0.0004172346,0
img_09096_2024,0,0.00037530976,0
img_09117_2024,0,0.00062496745,0
img_09125_2024,0,0.037006687,0
img_09124_2024,0,0.0045730677,0
img_09123_2024,0,0.0023808212,0
img_09126_2024,0,0.00025467135,0
img_09132_2024,0,2.1951333e-05,0
img_09130_2024,0,0.45547816,1
img_09129_2024,0,0.0007180688,0
img_09131_2024,0,0.40077248,1
img_09128_2024,0,5.1118674e-05,0
img_09135_2024,0,7.0980874e-05,0
img_09133_2024,0,0.00075139373,0
img_09138_2024,0,5.1609673e-05,0
img_09137_2024,0,0.00014986513,0
img_09127_2024,0,0.0021920227,0
img_09142_2024,0,0.11323505,0
img_09141_2024,0,0.0019410981,0
img_09140_2024,0,0.00014744344,0
img_09139_2024,0,0.008553125,0
img_09144_2024,0,0.117780074,0
img_09143_2024,0,0.031398457,0
img_09146_2024,0,0.092912346,0
img_09134_2024,0,0.0010679375,0
img_09145_2024,0,0.011406568,0
img_09147_2024,0,0.007856123,0
img_09148_2024,0,0.02006786,0
img_09150_2024,0,0.08538937,0
img_09149_2024,0,5.584135e-05,0
img_09154_2024,0,0.0006346766,0
img_09153_2024,0,0.0015674977,0
img_09152_2024,0,0.0009117429,0
img_09156_2024,0,0.0003833475,0
img_09157_2024,0,0.0004120454,0
img_09159_2024,0,0.004748953,0
img_09158_2024,0,0.000105021885,0
img_09163_2024,0,1.0431146e-05,0
img_09078_p01_2024,0,9.163152e-05,0
img_09078_p02_2024,0,0.00021609216,0
img_09078_p03_2024,0,9.5639916e-05,0
img_09078_p04_2024,0,0.00013851482,0
img_09078_p05_2024,0,0.00047154102,0
img_09078_p06_2024,0,0.0018040824,0
img_09165_2024,0,0.012859946,0
img_09164_2024,0,8.0357815e-05,0
img_09161_2024,0,0.93092024,1
img_09162_2024,0,0.0004803087,0
img_09160_2024,0,0.069242515,0
img_09166_2024,0,0.0006081872,0
img_09093_p01_2024,0,0.00085780583,0
img_09093_p02_2024,0,0.0008074701,0
img_09093_p03_2024,0,6.576956e-05,0
img_09169_2024,0,2.907013e-05,0
img_09168_2024,0,0.8155921,1
img_09172_2024,0,0.18163063,1
img_09171_2024,0,0.0034651584,0
img_09167_2024,0,0.0006030124,0
img_09173_2024,0,0.2890658,1
img_09060_p01_2024,0,0.001645245,0
img_09060_p02_2024,0,0.00070421974,0
img_09060_p03_2024,0,0.0025269266,0
img_09060_p04_2024,0,0.0007172532,0
img_09060_p05_2024,0,0.0014818663,0
img_09060_p06_2024,0,0.005031908,0
img_09060_p07_2024,0,0.002629561,0
img_09060_p08_2024,0,0.00069988257,0
img_09170_2024,0,0.0023764488,0
img_09176_2024,0,0.003332498,0
img_09177_2024,0,0.00028861169,0
img_09178_2024,0,0.00012833255,0
img_09174_2024,0,0.0008567341,0
img_09179_2024,0,0.021663876,0
img_09183_2024,0,0.0029656347,0
img_09175_2024,0,0.06900229,0
img_09181_2024,0,2.5421028e-05,0
img_09182_2024,0,0.00041613495,0
img_09184_2024,0,0.005078495,0
img_09187_2024,0,0.01582214,0
img_09188_2024,0,0.00028517217,0
img_09190_2024,0,0.35328248,1
img_09189_2024,0,0.001885331,0
img_09194_2024,0,0.16198266,1
img_09155_p01_2024,0,0.00057707494,0
img_09155_p02_2024,0,0.00044700128,0
img_09185_2024,0,0.006298077,0
img_09186_2024,0,0.0018311248,0
img_09192_2024,0,0.0026961595,0
img_09191_2024,0,0.0036371269,0
img_09195_2024,0,0.00029453562,0
img_09198_2024,0,0.012756731,0
img_09197_2024,0,0.00093782553,0
img_09136_p01_2024,0,0.002072839,0
img_09136_p02_2024,0,0.07136595,0
img_09136_p03_2024,0,0.0016111694,0
img_09136_p04_2024,0,0.000117442505,0
img_09199_2024,0,0.9146438,1
img_09196_2024,0,0.00050818874,0
img_09200_2024,0,0.0027115042,0
img_09201_2024,0,0.00041374343,0
img_09203_2024,0,0.005513618,0
img_09202_2024,0,0.0019946045,0
img_09204_2024,0,0.009275617,0
img_09207_2024,0,0.0010439393,0
img_09210_2024,0,0.00526395,0
img_09208_2024,0,0.008307309,0
img_09180_p01_2024,0,0.00408927,0
img_09180_p02_2024,0,0.011658981,0
img_09209_2024,0,1.8237663e-05,0
img_09212_2024,0,0.0066565285,0
img_09206_2024,0,0.0036888747,0
img_09211_2024,0,0.107560925,0
img_09214_2024,0,0.009829252,0
img_09217_2024,0,0.0001565023,0
img_09216_2024,0,0.989754,1
img_09221_2024,0,0.000754639,0
img_09215_2024,0,0.015513644,0
img_09222_2024,0,0.002857739,0
img_09220_2024,0,0.05183595,0
img_09213_2024,0,0.0004317556,0
img_09219_2024,0,8.931816e-05,0
img_09151_p01_2024,0,0.00022064842,0
img_09151_p02_2024,0,0.004700839,0
img_09151_p03_2024,0,0.11439051,0
img_09151_p04_2024,0,0.008272964,0
img_09225_2024,0,4.172084e-06,0
img_09218_2024,0,0.0011706371,0
img_09223_2024,0,3.9742565e-05,0
img_09227_2024,0,0.015576641,0
img_09226_2024,0,7.0378046e-06,0
img_09228_2024,0,0.0026184132,0
img_09230_2024,0,8.37188e-05,0
img_09232_2024,0,0.0005933798,0
img_09231_2024,0,0.058815744,0
img_09234_2024,0,0.9624053,1
img_09233_2024,0,0.014916395,0
img_09241_2024,0,0.0010635538,0
img_09238_2024,0,0.026756756,0
img_09239_2024,0,0.0024866562,0
img_09229_2024,0,0.0004948202,0
img_09235_2024,0,0.000111473615,0
img_09237_2024,0,0.068113126,0
img_09243_2024,0,0.003854111,0
img_09236_2024,0,0.99838614,1
img_09245_2024,0,0.0002642613,0
img_09246_2024,0,0.00037496808,0
img_09247_2024,0,0.00024383611,0
img_09244_2024,0,0.0059845606,0
img_09250_2024,0,0.001702639,0
img_09249_2024,0,0.00029489555,0
img_09251_2024,0,0.0007948902,0
img_09248_2024,0,0.014230992,0
img_09254_2024,0,0.00023717602,0
img_09257_2024,0,0.00023500965,0
img_09255_2024,0,0.99661237,1
img_09259_2024,0,0.031169184,0
img_09224_p01_2024,0,0.0002418915,0
img_09224_p02_2024,0,0.118091114,0
img_09253_2024,0,0.00048239107,0
img_09256_2024,0,0.0016549173,0
img_09260_2024,0,0.003196177,0
img_09252_2024,0,2.249416e-05,0
img_09261_2024,0,0.0027262217,0
img_09262_2024,0,0.010887585,0
img_09263_2024,0,9.779679e-05,0
img_09266_2024,0,0.016474355,0
img_09265_2024,0,0.0005533965,0
img_09242_p01_2024,0,0.0036177645,0
img_09242_p02_2024,0,0.0016451041,0
img_09272_2024,0,0.00049830927,0
img_09275_2024,0,0.0008118717,0
img_09274_2024,0,0.00071004685,0
img_09267_2024,0,0.00046761526,0
img_09269_2024,0,0.0040080086,0
img_09271_2024,0,0.002022036,0
img_09276_2024,0,0.0010890606,0
img_09273_2024,0,0.001358231,0
img_09268_2024,0,0.0004284081,0
img_09277_2024,0,4.591253e-05,0
img_09278_2024,0,0.005823702,0
img_09279_2024,0,0.00038551248,0
img_09240_p01_2024,0,0.39186028,1
img_09240_p02_2024,0,0.10172102,0
img_09280_2024,0,0.00014453013,0
img_09284_2024,0,0.007781203,0
img_09288_2024,0,0.0003032748,0
img_09285_2024,0,0.0022006428,0
img_09287_2024,0,0.060644925,0
img_09286_2024,0,0.10126279,0
img_09258_p01_2024,0,0.000177002,0
img_09258_p02_2024,0,0.0008823276,0
img_09289_2024,0,0.0018600604,0
img_09281_2024,0,0.00028886905,0
img_09270_2024,0,0.018119177,0
img_09282_2024,0,3.29974e-05,0
img_09290_2024,0,0.000976912,0
img_09292_2024,0,0.04766041,0
img_09291_2024,0,0.003319434,0
img_09293_2024,0,0.5232204,1
img_09283_2024,0,0.08743192,0
img_09294_2024,0,0.00033303865,0
img_09295_2024,0,0.00013789492,0
img_09298_2024,0,0.28265762,1
img_09297_2024,0,0.00037743797,0
img_09302_2024,0,0.00022982073,0
img_09296_2024,0,0.003389387,0
img_09303_2024,0,0.054308437,0
img_09299_2024,0,0.0044554574,0
img_09304_2024,0,0.0154742785,0
img_09309_2024,0,0.010470336,0
img_09305_2024,0,0.0075507774,0
img_09307_2024,0,0.0043266616,0
img_09306_2024,0,0.0042011384,0
img_09310_2024,0,0.00014895377,0
img_09308_2024,0,0.001994349,0
img_09311_2024,0,0.00069877855,0
img_09300_2024,0,0.0026585222,0
img_09313_2024,0,0.0009937803,0
img_09317_2024,0,0.006507848,0
img_09314_2024,0,0.00017249226,0
img_09301_2024,0,0.0001228107,0
img_09320_2024,0,0.001450367,0
img_09315_2024,0,0.00078677887,0
img_09316_2024,0,0.0009240668,0
img_09323_2024,0,0.006069552,0
img_09264_p01_2024,0,0.010570624,0
img_09264_p02_2024,0,0.0031551293,0
img_09264_p03_2024,0,0.012501574,0
img_09264_p04_2024,0,0.060324535,0
img_09322_2024,0,7.3898445e-05,0
img_09312_2024,0,0.000213418,0
img_09328_2024,0,0.0038061081,0
img_09319_2024,0,0.0021951434,0
img_09318_2024,0,0.00015063002,0
img_09333_2024,0,0.00013014185,0
img_09330_2024,0,0.0012889102,0
img_09321_2024,0,0.0018585392,0
img_09332_2024,0,0.044165675,0
img_09331_2024,0,0.00022734099,0
img_09329_2024,0,0.036271833,0
img_09338_2024,0,0.0011393859,0
img_09326_2024,0,0.0071924706,0
img_09337_2024,0,0.00022798635,0
img_09335_2024,0,0.6729586,1
img_09340_2024,0,0.00021140488,0
img_09341_2024,0,0.0063293264,0
img_09345_2024,0,0.00032189224,0
img_09336_2024,0,0.001765409,0
img_09342_2024,0,0.00047784156,0
img_09346_2024,0,0.00015041372,0
img_09339_2024,0,0.000669817,0
img_09205_p01_2024,0,0.25266448,1
img_09205_p02_2024,0,0.014718943,0
img_09205_p03_2024,0,0.0010606064,0
img_09205_p04_2024,0,0.026425777,0
img_09205_p05_2024,0,0.059058785,0
img_09205_p06_2024,0,6.217559e-05,0
img_09348_2024,0,0.00043576615,0
img_09349_2024,0,0.003544305,0
img_09347_2024,0,0.0021741209,0
img_09343_2024,0,0.0007082225,0
img_09344_2024,0,0.0008714981,0
img_09351_2024,0,0.002360762,0
img_09324_p01_2024,0,7.63722e-05,0
img_09324_p02_2024,0,8.440804e-06,0
img_09334_p01_2024,0,0.00079968007,0
img_09334_p02_2024,0,0.0006427541,0
img_09357_2024,0,0.00022722573,0
img_09350_2024,0,0.0016461499,0
img_09353_2024,0,0.00097045355,0
img_09355_2024,0,0.0085627865,0
img_09362_2024,0,0.016443372,0
img_09358_2024,0,0.037935153,0
img_09352_2024,0,0.00026790725,0
img_09354_2024,0,0.0019580855,0
img_09327_p01_2024,0,0.00019015552,0
img_09327_p02_2024,0,0.0050123935,0
img_09359_2024,0,0.00053223537,0
img_09360_2024,0,0.004408849,0
img_09361_2024,0,0.00014521768,0
img_09356_2024,0,0.0029694056,0
img_09364_2024,0,0.00010853687,0
img_09365_2024,0,0.1725072,1
img_09366_2024,0,0.0003704106,0
img_09372_2024,0,0.00019088032,0
img_09367_2024,0,0.00079547026,0
img_09369_2024,0,0.000696287,0
img_09376_2024,0,0.043614697,0
img_09370_2024,0,0.0007032124,0
img_09373_2024,0,6.3586434e-05,0
img_09363_2024,0,0.0015328309,0
img_09377_2024,0,0.0006719672,0
img_09378_2024,0,8.375337e-05,0
img_09379_2024,0,0.0015094012,0
img_09374_2024,0,7.462722e-05,0
img_09380_2024,0,0.0035595617,0
img_09381_2024,0,0.99378633,1
img_09388_2024,0,0.00073856895,0
img_09387_2024,0,0.0014908215,0
img_09385_2024,0,8.73486e-05,0
img_09390_2024,0,0.0014205525,0
img_09386_2024,0,0.9237622,1
img_09384_2024,0,0.00092308165,0
img_09382_2024,0,0.0036304079,0
img_09371_2024,0,0.00020003408,0
img_09394_2024,0,0.00043695272,0
img_09392_2024,0,0.005195797,0
img_09391_2024,0,0.00039704368,0
img_09395_2024,0,0.00029962006,0
img_09368_p01_2024,0,0.00055997056,0
img_09368_p02_2024,0,0.00043327324,0
img_09397_2024,0,0.03879186,0
img_09400_2024,0,0.012644455,0
img_09403_2024,0,9.6603166e-05,0
img_09402_2024,0,0.16428742,1
img_09399_2024,0,0.00022213745,0
img_09398_2024,0,0.33246464,1
img_09396_2024,0,0.0006718919,0
img_09404_2024,0,0.008365464,0
img_09401_2024,0,0.80793995,1
img_09405_2024,0,0.00037051406,0
img_09409_2024,0,0.051321138,0
img_09410_2024,0,0.0014681169,0
img_09411_2024,0,0.0017367004,0
img_09408_2024,0,8.371497e-05,0
img_09406_2024,0,0.00069901836,0
img_09413_2024,0,5.1865787e-05,0
img_09407_2024,0,0.0057199895,0
img_09415_2024,0,0.002614757,0
img_09416_2024,0,0.00040350447,0
img_09417_2024,0,0.050567012,0
img_09412_2024,0,0.014044604,0
img_09375_p01_2024,0,0.017452287,0
img_09375_p02_2024,0,0.01203336,0
img_09414_2024,0,0.0003962013,0
img_09389_p01_2024,0,0.009071915,0
img_09389_p02_2024,0,0.008035095,0
img_09418_2024,0,0.0008394335,0
img_09419_2024,0,0.003720975,0
img_09420_2024,0,7.783496e-05,0
img_09425_2024,0,0.00021925278,0
img_09423_2024,0,0.046099983,0
img_09424_2024,0,0.002784883,0
img_09428_2024,0,0.0038361861,0
img_09429_2024,0,5.9634327e-05,0
img_09426_2024,0,0.0028810275,0
img_09431_2024,0,0.00059095595,0
img_09422_2024,0,0.010000291,0
img_09432_2024,0,0.0019645717,0
img_09421_2024,0,0.009859497,0
img_09435_2024,0,0.019273382,0
img_09433_2024,0,0.0061682113,0
img_09427_2024,0,0.000817717,0
img_09437_2024,0,0.0030278263,0
img_09436_2024,0,0.02391168,0
img_09441_2024,0,0.012760425,0
img_09440_2024,0,0.07163409,0
img_09438_2024,0,0.053591575,0
img_09439_2024,0,0.036926772,0
img_09442_2024,0,0.0018153916,0
img_09446_2024,0,0.0006123643,0
img_09444_2024,0,0.4262537,1
img_09443_2024,0,0.0018891017,0
img_09449_2024,0,0.0022189082,0
img_09445_2024,0,0.0028768731,0
img_09434_2024,0,0.002741252,0
img_09448_2024,0,0.004519138,0
img_09447_2024,0,0.005914365,0
img_09451_2024,0,0.00017332619,0
img_09450_2024,0,0.1322708,0
img_09454_2024,0,0.00010463274,0
img_09452_2024,0,4.6032565e-05,0
img_09455_2024,0,0.002261834,0
img_09393_p01_2024,0,0.00041203538,0
img_09393_p02_2024,0,0.0005011119,0
img_09393_p03_2024,0,0.0028116072,0
img_09393_p04_2024,0,0.00067356596,0
img_09456_2024,0,0.0038265353,0
img_09459_2024,0,0.000106554486,0
img_09460_2024,0,0.0023392532,0
img_09458_2024,0,0.00019154524,0
img_09453_2024,0,0.00022233387,0
img_09463_2024,0,0.00016582772,0
img_09461_2024,0,0.011676952,0
img_09462_2024,0,0.00072866643,0
img_09464_2024,0,0.9928468,1
img_09467_2024,0,0.0060476796,0
img_09469_2024,0,0.0010453953,0
img_09466_2024,0,0.0060163485,0
img_09465_2024,0,0.005269791,0
img_09468_2024,0,0.38897663,1
img_09474_2024,0,0.0016271578,0
img_09471_2024,0,0.2545963,1
img_09470_2024,0,0.00038544415,0
img_09472_2024,0,0.0026825708,0
img_09475_2024,0,0.011378828,0
img_09479_2024,0,0.0003129883,0
img_09478_2024,0,0.39576337,1
img_09477_2024,0,0.018748324,0
img_09481_2024,0,0.004891284,0
img_09476_2024,0,0.094481826,0
img_09473_2024,0,0.000439996,0
img_09484_2024,0,2.7976665e-05,0
img_09457_p01_2024,0,0.01762558,0
img_09457_p02_2024,0,0.016996516,0
img_09483_2024,0,0.35390303,1
img_09486_2024,0,0.01469465,0
img_09487_2024,0,0.0029575229,0
img_09489_2024,0,0.0054214336,0
img_09480_2024,0,0.0050382093,0
img_09495_2024,0,0.00097377336,0
img_09490_2024,0,0.00024820855,0
img_09494_2024,0,9.3275885e-05,0
img_09496_2024,0,0.01194394,0
img_09492_2024,0,0.9595933,1
img_09497_2024,0,0.0011480242,0
img_09499_2024,0,0.00027376576,0
img_09498_2024,0,0.0024302008,0
img_09491_2024,0,0.032014903,0
img_09488_2024,0,0.0007081834,0
img_09500_2024,0,0.012122979,0
img_09501_2024,0,0.0014305803,0
img_09504_2024,0,0.013434308,0
img_09503_2024,0,0.005271508,0
img_09509_2024,0,0.9618962,1
img_09506_2024,0,0.000590608,0
img_09513_2024,0,4.0105624e-05,0
img_09502_2024,0,0.0010228993,0
img_09511_2024,0,0.0008114808,0
img_09517_2024,0,0.011375762,0
img_09482_p01_2024,0,0.00010152349,0
img_09482_p02_2024,0,0.00011849157,0
img_09510_2024,0,0.006368698,0
img_09508_2024,0,0.0011311593,0
img_09519_2024,0,0.00034642793,0
img_09516_2024,0,0.0012361859,0
img_09522_2024,0,2.3158636e-05,0
img_09514_2024,0,0.0040446375,0
img_09520_2024,0,0.040356547,0
img_09507_2024,0,0.0013571234,0
img_09515_2024,0,0.62558293,1
img_09521_2024,0,0.0020471127,0
img_09523_2024,0,1.3827227e-05,0
img_09525_2024,0,0.0008641424,0
img_09524_2024,0,3.4167163e-06,0
img_09505_p01_2024,0,0.014486918,0
img_09505_p02_2024,0,0.035862483,0
img_09526_2024,0,3.4863202e-05,0
img_09527_2024,0,0.000119293334,0
img_09528_2024,0,0.008206083,0
img_09383_p01_2024,0,0.001189804,0
img_09383_p02_2024,0,6.2010506e-05,0
img_09383_p03_2024,0,0.21385898,1
img_09383_p04_2024,0,0.007846655,0
img_09383_p05_2024,0,0.0011607005,0
img_09383_p06_2024,0,0.025264792,0
img_09512_p01_2024,0,0.002194903,0
img_09512_p02_2024,0,0.0031394213,0
img_09532_2024,0,0.004480185,0
img_09531_2024,0,0.0002650455,0
img_09533_2024,0,0.23550071,1
img_09325_p01_2024,0,0.45021406,1
img_09325_p02_2024,0,0.00029220825,0
img_09325_p03_2024,0,0.0002010889,0
img_09325_p04_2024,0,0.00063131837,0
img_09325_p05_2024,0,0.0039096316,0
img_09325_p06_2024,0,0.05011009,0
img_09325_p07_2024,0,0.005808127,0
img_09325_p08_2024,0,0.011910823,0
img_09325_p09_2024,0,0.008118805,0
img_09529_2024,0,0.0037689698,0
img_09538_2024,0,0.0012792186,0
img_09536_2024,0,8.690933e-05,0
img_09537_2024,0,0.013857385,0
img_09493_p01_2024,0,0.0013845427,0
img_09493_p02_2024,0,0.1608243,1
img_09493_p03_2024,0,0.0045443424,0
img_09493_p04_2024,0,0.00029509186,0
img_09541_2024,0,0.023863353,0
img_09542_2024,0,0.0007609179,0
img_09539_2024,0,0.04575908,0
img_09430_p01_2024,0,0.61989814,1
img_09430_p02_2024,0,0.00010869616,0
img_09430_p03_2024,0,0.0006683054,0
img_09430_p04_2024,0,0.9789619,1
img_09430_p05_2024,0,0.0015370402,0
img_09430_p06_2024,0,0.02394645,0
img_09535_2024,0,3.7869102e-06,0
img_09540_2024,0,0.00057814986,0
img_09543_2024,0,0.005611843,0
img_09544_2024,0,0.010131999,0
img_09534_2024,0,0.18745264,1
img_09548_2024,0,0.52477074,1
img_09546_2024,0,0.9631113,1
img_09552_2024,0,0.018012814,0
img_09553_2024,0,0.00013301276,0
img_09551_2024,0,0.02243872,0
img_09547_2024,0,0.03074475,0
img_09556_2024,0,0.005852113,0
img_09550_2024,0,0.912627,1
img_09557_2024,0,0.50860715,1
img_09545_2024,0,0.13805267,0
img_09554_2024,0,1.027997e-05,0
img_09558_2024,0,0.000414232,0
img_09559_2024,0,0.05628626,0
img_09560_2024,0,0.27155632,1
img_09555_2024,0,0.0021898262,0
img_09561_2024,0,0.001355603,0
img_09562_2024,0,0.007795976,0
img_09565_2024,0,0.0003616671,0
img_09485_p01_2024,0,0.0020719208,0
img_09485_p02_2024,0,0.00011083396,0
img_09485_p03_2024,0,0.0052630636,0
img_09485_p04_2024,0,0.00040962428,0
img_09485_p05_2024,0,0.17856772,1
img_09485_p06_2024,0,0.0015182009,0
img_09563_2024,0,0.043126795,0
img_09564_2024,0,0.04439115,0
img_09568_2024,0,0.5859663,1
img_09566_2024,0,0.0030195552,0
img_09572_2024,0,0.022684813,0
img_09569_2024,0,0.0004110975,0
img_09575_2024,0,0.00032979096,0
img_09574_2024,0,0.004434668,0
img_09573_2024,0,0.146805,1
img_09571_2024,0,0.00032472334,0
img_09567_2024,0,0.0010728468,0
img_09576_2024,0,0.0056189415,0
img_09570_2024,0,0.035418663,0
img_09577_2024,0,0.43106285,1
img_09580_2024,0,1.9147315e-05,0
img_09579_2024,0,0.00062123116,0
img_09578_2024,0,0.8488096,1
img_09583_2024,0,0.02643735,0
img_09581_2024,0,0.004430195,0
img_09585_2024,0,5.902241e-06,0
img_09582_2024,0,0.016136875,0
img_09530_p01_2024,0,0.026786884,0
img_09530_p02_2024,0,0.017418908,0
img_09530_p03_2024,0,0.17349502,1
img_09530_p04_2024,0,0.23975019,1
img_09586_2024,0,0.007238915,0
img_09590_2024,0,0.0023077817,0
img_09584_2024,0,0.0038220154,0
img_09587_2024,0,0.0085250195,0
img_09589_2024,0,2.4956613e-05,0
img_09588_2024,0,0.00047250302,0
img_09592_2024,0,0.013754431,0
img_09591_2024,0,0.00020387901,0
img_09594_2024,0,3.4819343e-05,0
img_09593_2024,0,0.013324503,0
img_09595_2024,0,0.1362253,0
img_09549_p01_2024,0,0.23774678,1
img_09549_p02_2024,0,0.37962615,1
img_09549_p03_2024,0,0.037849158,0
img_09602_2024,0,1.6504881e-06,0
img_09598_2024,0,0.0032476813,0
img_09596_2024,0,0.0066428054,0
img_09604_2024,0,0.008408344,0
img_09601_2024,0,0.00031219737,0
img_09605_2024,0,0.001942315,0
img_09597_2024,0,0.00029256032,0
img_09603_2024,0,0.000549215,0
img_09608_2024,0,1.7254792e-05,0
img_09600_2024,0,0.0027752155,0
img_09599_2024,0,0.39063585,1
img_09609_2024,0,0.45011336,1
img_09607_2024,0,8.495007e-06,0
img_09610_2024,0,0.0008122765,0
img_09606_2024,0,0.14970052,1
img_09612_2024,0,8.40591e-05,0
img_09615_2024,0,0.14346854,0
img_09611_2024,0,0.004823366,0
img_09613_2024,0,0.009982143,0
img_09618_2024,0,1.4858065e-05,0
img_09621_2024,0,0.123897,0
img_09614_2024,0,0.013246854,0
img_09620_2024,0,0.00037450116,0
img_09617_2024,0,0.002133507,0
img_09623_2024,0,5.761736e-05,0
img_09616_2024,0,0.01154443,0
img_09622_2024,0,0.03012998,0
img_09624_2024,0,0.00036711222,0
img_09626_2024,0,0.009086445,0
img_09619_2024,0,0.9212567,1
img_09631_2024,0,0.0006489439,0
img_09632_2024,0,0.0014215242,0
img_09633_2024,0,0.0359272,0
img_09634_2024,0,0.0061135725,0
img_09630_2024,0,8.999111e-06,0
img_09640_2024,0,1.7247143e-05,0
img_09629_2024,0,0.019558413,0
img_09625_2024,0,0.00010992131,0
img_09636_2024,0,0.056988843,0
img_09627_2024,0,0.036351334,0
img_09628_2024,0,0.0011460787,0
img_09635_2024,0,0.004251009,0
img_09642_2024,0,0.0045270002,0
img_09637_2024,0,4.6682813e-05,0
img_09639_2024,0,0.03652494,0
img_09648_2024,0,0.88408434,1
img_09638_2024,0,0.32017326,1
img_09646_2024,0,0.00581249,0
img_09647_2024,0,0.4243175,1
img_09649_2024,0,0.10307102,0
img_09644_2024,0,0.0112993885,0
img_09645_2024,0,0.5816999,1
img_09651_2024,0,0.00016471923,0
img_09653_2024,0,0.0033808176,0
img_09654_2024,0,0.70128053,1
img_09657_2024,0,0.35100153,1
img_09643_2024,0,0.06356993,0
img_09641_2024,0,0.25803688,1
img_09656_2024,0,0.09575455,0
img_09660_2024,0,0.113297515,0
img_09663_2024,0,0.0070626414,0
img_09658_2024,0,0.0011752197,0
img_09661_2024,0,0.008805306,0
img_09662_2024,0,9.907457e-06,0
img_09650_2024,0,0.000121775185,0
img_09652_2024,0,0.00031964792,0
img_09659_2024,0,0.0055829003,0
img_09193_p01_2024,0,0.0005021864,0
img_09193_p02_2024,0,0.0008117991,0
img_09193_p03_2024,0,0.0047217426,0
img_09193_p04_2024,0,0.009076979,0
img_09193_p05_2024,0,0.00017034764,0
img_09193_p06_2024,0,0.00028625657,0
img_09193_p07_2024,0,0.00045613086,0
img_09193_p08_2024,0,0.00076021015,0
img_09193_p09_2024,0,0.0010304094,0
img_09193_p10_2024,0,0.005013185,0
img_09193_p11_2024,0,0.02369279,0
img_09193_p12_2024,0,0.0038558762,0
img_09193_p13_2024,0,0.0039033734,0
img_09193_p14_2024,0,0.0015673746,0
img_09193_p15_2024,0,0.0011854442,0
img_09193_p16_2024,0,3.7036683e-05,0
img_09193_p17_2024,0,0.00034977522,0
img_09193_p18_2024,0,1.2293707e-05,0
img_09193_p19_2024,0,0.0003215018,0
img_09667_2024,0,0.0018592525,0
img_09666_2024,0,0.00999652,0
img_09664_2024,0,0.026753735,0
img_09655_2024,0,0.00055750774,0
img_09669_2024,0,0.8746559,1
img_09670_2024,0,0.69221437,1
img_09665_2024,0,0.019267961,0
img_09672_2024,0,0.00628353,0
img_09671_2024,0,0.11778369,0
img_09668_2024,0,0.00094898016,0
img_09676_2024,0,0.055078078,0
img_09674_2024,0,0.051998734,0
img_09675_2024,0,0.9614728,1
img_09678_2024,0,0.0006462744,0
img_09673_2024,0,0.41724557,1
img_09681_2024,0,0.00017667319,0
img_09680_2024,0,0.0022679402,0
img_09682_2024,0,0.00036848494,0
img_09683_2024,0,3.3413005e-05,0
img_09679_2024,0,0.27239108,1
img_09688_2024,0,0.022060126,0
img_09677_2024,0,0.0020526375,0
img_09686_2024,0,0.00015249487,0
img_09685_2024,0,0.018413331,0
img_09689_2024,0,0.015840327,0
img_09687_2024,0,0.042735755,0
img_09691_2024,0,0.00058785273,0
img_09684_2024,0,0.43199816,1
img_09695_2024,0,0.008771996,0
img_09690_2024,0,0.005725589,0
img_09693_2024,0,0.36055022,1
img_09696_2024,0,0.0011147844,0
img_09692_2024,0,0.07143615,0
img_09694_2024,0,0.00031991926,0
img_09698_2024,0,0.00032885346,0
img_09697_2024,0,0.33915555,1
img_09700_2024,0,0.00014222407,0
img_09706_2024,0,1.5082325e-06,0
img_09704_2024,0,0.51588446,1
img_09707_2024,0,8.8640645e-06,0
img_09701_2024,0,0.0054785577,0
img_09705_2024,0,0.0010114459,0
img_09703_2024,0,0.0009067727,0
img_09709_2024,0,0.0011659103,0
img_09699_2024,0,0.016819954,0
img_09711_2024,0,3.6035588e-05,0
img_09710_2024,0,0.073025525,0
img_09702_2024,0,0.18795228,1
img_09712_2024,0,0.0013268889,0
img_09708_2024,0,6.8086215e-06,0
img_09722_2024,0,0.0010522131,0
img_09721_2024,0,0.0063163997,0
img_09713_2024,0,0.002138428,0
img_09727_2024,0,0.07999149,0
img_09714_2024,0,0.007280795,0
img_09718_2024,0,0.003107547,0
img_09725_2024,0,0.0809611,0
img_09716_2024,0,0.0949465,0
img_09726_2024,0,0.11295274,0
img_09720_2024,0,0.0008624721,0
img_09728_2024,0,0.19300488,1
img_09723_2024,0,0.00018810153,0
img_09729_2024,0,0.0010234987,0
img_09724_2024,0,0.00015048847,0
img_09719_2024,0,0.0025354826,0
img_09732_2024,0,0.16167751,1
img_09733_2024,0,0.00048601837,0
img_09730_2024,0,0.29122096,1
img_09736_2024,0,0.044978864,0
img_09738_2024,0,0.0053885123,0
img_09734_2024,0,0.27539143,1
img_09739_2024,0,0.10424293,0
img_09715_2024,0,0.23606272,1
img_09731_2024,0,0.00056530617,0
img_09735_2024,0,0.07063835,0
img_09740_2024,0,0.003021656,0
img_09717_2024,0,0.02254976,0
img_09743_2024,0,0.022954237,0
img_09737_2024,0,0.017852876,0
img_09745_2024,0,0.0023661982,0
img_09742_2024,0,0.00020545344,0
img_09744_2024,0,0.0005817411,0
img_09754_2024,0,0.015253784,0
img_09741_2024,0,0.00014168238,0
img_09748_2024,0,0.0012078448,0
img_09759_2024,0,0.074346505,0
img_09747_2024,0,0.047836427,0
img_09751_2024,0,0.9725577,1
img_09757_2024,0,0.002244859,0
img_09753_2024,0,0.041059364,0
img_09746_2024,0,9.450739e-05,0
img_09756_2024,0,0.027338,0
img_09749_2024,0,0.00044924498,0
img_09763_2024,0,0.00026059954,0
img_09755_2024,0,0.29558194,1
img_09750_2024,0,0.002303894,0
img_09764_2024,0,0.001356013,0
img_09758_2024,0,0.0008389345,0
img_09752_2024,0,0.028113179,0
img_09765_2024,0,0.0012503315,0
img_09761_2024,0,0.098300256,0
img_09766_2024,0,0.002056881,0
img_09767_2024,0,0.015088076,0
img_09768_2024,0,0.00017791301,0
img_09762_2024,0,8.862018e-05,0
img_09769_2024,0,0.050141938,0
img_09760_2024,0,5.6896246e-05,0
img_09771_2024,0,1.9436766e-05,0
img_09770_2024,0,0.0014822029,0
img_09518_p01_2024,0,0.00032867544,0
img_09518_p02_2024,0,0.0016658399,0
img_09518_p03_2024,0,0.020965552,0
img_09518_p04_2024,0,0.23453763,1
img_09518_p05_2024,0,0.00044738536,0
img_09518_p06_2024,0,0.0018316034,0
img_09518_p07_2024,0,0.00031670372,0
img_09518_p08_2024,0,0.0012082971,0
img_09518_p09_2024,0,0.0004996158,0
img_09518_p10_2024,0,0.00055213046,0
img_09518_p11_2024,0,0.0004876753,0
img_09773_2024,0,0.0008794294,0
img_09775_2024,0,0.14062509,0
img_09772_2024,0,0.005332582,0
img_09774_2024,0,0.21812324,1
img_09779_2024,0,0.14888145,1
img_09783_2024,0,0.30015236,1
img_09777_2024,0,0.4420342,1
img_09785_2024,0,0.10464782,0
img_09782_2024,0,0.2615545,1
img_09780_2024,0,0.0007259515,0
img_09776_2024,0,0.000374504,0
img_09784_2024,0,0.03365663,0
img_09778_2024,0,0.15677765,1
img_09790_2024,0,0.012880852,0
img_09786_2024,0,0.00025701255,0
img_09793_2024,0,0.02485583,0
img_09792_2024,0,2.3466884e-05,0
img_09794_2024,0,0.8535595,1
img_09781_2024,0,0.042648017,0
img_09788_2024,0,0.0017331013,0
img_09797_2024,0,0.47502133,1
img_09789_2024,0,0.0075723086,0
img_09787_2024,0,0.012210881,0
img_09804_2024,0,0.03556923,0
img_09807_2024,0,0.05221601,0
img_09806_2024,0,0.00022374337,0
img_09799_2024,0,0.00075507385,0
img_09796_2024,0,0.0029669292,0
img_09801_2024,0,0.010601663,0
img_09812_2024,0,2.9568679e-05,0
img_09795_2024,0,0.06530561,0
img_09803_2024,0,0.0006922517,0
img_09813_2024,0,0.021681407,0
img_09814_2024,0,0.00042610607,0
img_09798_2024,0,0.0072706277,0
img_09811_2024,0,0.10321314,0
img_09805_2024,0,0.0027348227,0
img_09819_2024,0,0.00040414135,0
img_09800_2024,0,0.022648586,0
img_09808_2024,0,0.05719973,0
img_09818_2024,0,0.0006185127,0
img_09816_2024,0,0.011017119,0
img_09809_2024,0,0.00029691376,0
img_09820_2024,0,0.016470902,0
img_09810_2024,0,0.00015786785,0
img_09802_2024,0,0.14869232,1
img_09822_2024,0,0.0014502199,0
img_09815_2024,0,0.0831371,0
img_09823_2024,0,0.10938035,0
img_09817_2024,0,0.021549122,0
img_09824_2024,0,0.0014650389,0
img_09825_2024,0,0.0023720576,0
img_09828_2024,0,0.048268676,0
img_09821_2024,0,0.0018709964,0
img_09829_2024,0,2.7693688e-06,0
img_09833_2024,0,0.09505668,0
img_09831_2024,0,0.13597041,0
img_09835_2024,0,0.17068918,1
img_09830_2024,0,0.035674155,0
img_09836_2024,0,0.004049258,0
img_09826_2024,0,0.0060857055,0
img_09834_2024,0,0.00013789163,0
img_09827_2024,0,0.36050937,1
img_09839_2024,0,0.0020835903,0
img_09842_2024,0,0.0033378126,0
img_09838_2024,0,0.011877608,0
img_09841_2024,0,0.01263253,0
img_09847_2024,0,0.023307305,0
img_09844_2024,0,0.039025817,0
img_09850_2024,0,0.015374045,0
img_09837_2024,0,0.02250349,0
img_09840_2024,0,0.00059423066,0
img_09832_2024,0,0.22593907,1
img_09843_2024,0,0.1078345,0
img_09848_2024,0,0.08933617,0
img_09851_2024,0,0.0015756389,0
img_09852_2024,0,0.0010777757,0
img_09849_2024,0,0.48398286,1
img_09845_2024,0,0.0047656437,0
img_09854_2024,0,0.0075326934,0
img_09853_2024,0,0.008811272,0
img_09855_2024,0,0.00016112045,0
img_09856_2024,0,4.15395e-05,0
img_09846_2024,0,0.00539171,0
img_09857_2024,0,4.9946288e-05,0
img_09858_2024,0,0.012110075,0
img_09859_2024,0,0.00015377604,0
img_09863_2024,0,0.20034786,1
img_09865_2024,0,0.000652504,0
img_09862_2024,0,0.0010568344,0
img_09867_2024,0,0.84072655,1
img_09864_2024,0,0.019519527,0
img_09869_2024,0,0.34412327,1
img_09868_2024,0,0.0010965556,0
img_09870_2024,0,0.7173229,1
img_09860_2024,0,0.97662985,1
img_09866_2024,0,0.12970386,0
img_09872_2024,0,5.4329867e-05,0
img_09878_2024,0,0.02960874,0
img_09876_2024,0,0.00013298765,0
img_09883_2024,0,0.39037606,1
img_09880_2024,0,0.00059824216,0
img_09881_2024,0,0.018466296,0
img_09861_2024,0,0.0077656703,0
img_09871_2024,0,0.00050398224,0
img_09877_2024,0,0.48931575,1
img_09874_2024,0,0.0003062539,0
img_09891_2024,0,0.017782614,0
img_09892_2024,0,0.008554556,0
img_09895_2024,0,0.0025264781,0
img_09894_2024,0,0.06154882,0
img_09893_2024,0,4.1821468e-06,0
img_09886_2024,0,0.0030969838,0
img_09896_2024,0,0.00043587026,0
img_09889_2024,0,1.7622462e-05,0
img_09875_2024,0,0.20642217,1
img_09898_2024,0,0.0023033416,0
img_09900_2024,0,0.005212762,0
img_09884_2024,0,0.0064059882,0
img_09885_2024,0,0.00034098557,0
img_09890_2024,0,0.0028861607,0
img_09882_2024,0,0.009853303,0
img_09873_2024,0,0.009169276,0
img_09903_2024,0,3.7515574e-06,0
img_09897_2024,0,0.033233795,0
img_09888_2024,0,0.028906276,0
img_09887_2024,0,0.0020203441,0
img_09907_2024,0,9.9026496e-05,0
img_09901_2024,0,0.0012738717,0
img_09908_2024,0,0.00051999034,0
img_09899_2024,0,0.06289432,0
img_09911_2024,0,0.0117472075,0
img_09913_2024,0,0.016510809,0
img_09902_2024,0,0.19561338,1
img_09906_2024,0,1.3155519e-05,0
img_09904_2024,0,0.30112174,1
img_09909_2024,0,0.0148962075,0
img_09915_2024,0,0.039813265,0
img_09918_2024,0,0.0077088987,0
img_09917_2024,0,0.007028735,0
img_09912_2024,0,0.046742804,0
img_09879_p01_2024,0,0.070992455,0
img_09879_p02_2024,0,0.15538743,1
img_09905_2024,0,0.0020083466,0
img_09924_2024,0,0.11417355,0
img_09916_2024,0,0.00016287643,0
img_09923_2024,0,0.009937141,0
img_09926_2024,0,0.00020716028,0
img_09919_2024,0,0.0029433274,0
img_09925_2024,0,0.0008364365,0
img_09928_2024,0,0.05382595,0
img_09922_2024,0,0.58127296,1
img_09914_2024,0,5.969259e-05,0
img_09927_2024,0,0.0002864832,0
img_09920_2024,0,0.007623418,0
img_09930_2024,0,0.00054065743,0
img_09910_2024,0,0.013639844,0
img_09937_2024,0,0.00092764705,0
img_09932_2024,0,0.0021040097,0
img_09938_2024,0,0.0072264425,0
img_09921_2024,0,0.005071046,0
img_09936_2024,0,0.34607542,1
img_09934_2024,0,0.059168573,0
img_09931_2024,0,0.008020404,0
img_09940_2024,0,0.011908725,0
img_09944_2024,0,0.0013717917,0
img_09948_2024,0,0.004778836,0
img_09941_2024,0,0.0004037967,0
img_09935_2024,0,2.6293372e-05,0
img_09939_2024,0,0.0050376337,0
img_09946_2024,0,0.15423995,1
img_09947_2024,0,0.0012751439,0
img_09950_2024,0,0.00023423607,0
img_09956_2024,0,0.00149331,0
img_09945_2024,0,0.003183903,0
img_09951_2024,0,0.43716395,1
img_09954_2024,0,0.0022069686,0
img_09952_2024,0,0.0718885,0
img_09949_2024,0,0.00012644901,0
img_09929_2024,0,0.023627048,0
img_09943_2024,0,0.00061153434,0
img_09953_2024,0,0.0141653735,0
img_09961_2024,0,0.0043689525,0
img_09963_2024,0,0.15764032,1
img_09958_2024,0,0.0020583675,0
img_09933_2024,0,0.25718927,1
img_09962_2024,0,0.016269857,0
img_09955_2024,0,0.009120938,0
img_09964_2024,0,0.0006366212,0
img_09965_2024,0,0.26970983,1
img_09960_2024,0,0.019813968,0
img_09973_2024,0,0.42028716,1
img_09957_2024,0,0.00030763572,0
img_09967_2024,0,0.00019213624,0
img_09970_2024,0,0.0006799651,0
img_09968_2024,0,0.015439933,0
img_09969_2024,0,0.093112774,0
img_09959_2024,0,6.811013e-05,0
img_09974_2024,0,0.9941076,1
img_09977_2024,0,0.011496064,0
img_09975_2024,0,7.848548e-05,0
img_09976_2024,0,0.18966404,1
img_09972_2024,0,0.040106256,0
img_09966_2024,0,0.0053593903,0
img_09971_2024,0,0.02865243,0
img_09982_2024,0,0.015944488,0
img_09984_2024,0,0.004995162,0
img_09980_2024,0,0.0034260363,0
img_09981_2024,0,0.029765245,0
img_09985_2024,0,0.0024463932,0
img_09979_2024,0,3.3982822e-05,0
img_09990_2024,0,0.0008432672,0
img_09991_2024,0,0.18152823,1
img_09986_2024,0,0.0023207213,0
img_09978_2024,0,0.11897047,0
img_09994_2024,0,0.074872285,0
img_09987_2024,0,0.0028361038,0
img_09988_2024,0,0.00065522623,0
img_09983_2024,0,0.22008684,1
img_10001_2024,0,2.882164e-05,0
img_09989_2024,0,7.5469093e-06,0
img_09992_2024,0,0.5667782,1
img_09999_2024,0,0.11222365,0
img_09997_2024,0,0.004128438,0
img_09993_2024,0,0.002353832,0
img_10010_2024,0,0.00019498671,0
img_09995_2024,0,0.0002504185,0
img_09998_2024,0,0.07650903,0
img_09996_2024,0,6.4402657e-06,0
img_10011_2024,0,0.0004960681,0
img_10005_2024,0,0.00019878072,0
img_10004_2024,0,0.0009913542,0
img_10003_2024,0,0.01834842,0
img_10002_2024,0,0.006726024,0
img_10015_2024,0,0.010952556,0
img_10008_2024,0,0.0032805246,0
img_10000_2024,0,0.010110654,0
img_10016_2024,0,1.0550058e-05,0
img_10012_2024,0,0.00069015595,0
img_10019_2024,0,0.00094062206,0
img_10009_2024,0,0.050629135,0
img_10013_2024,0,0.014384351,0
img_10007_2024,0,0.022060802,0
img_10020_2024,0,0.4327414,1
img_10018_2024,0,0.56734484,1
img_10006_2024,0,0.0119127985,0
img_10021_2024,0,0.09268802,0
img_10017_2024,0,0.28460383,1
img_10014_p01_2024,0,0.4723192,1
img_10014_p02_2024,0,0.031021204,0
img_10014_p03_2024,0,0.09204457,0
img_10014_p04_2024,0,0.024320547,0
