image_name,y_true,model_probability,final_threshold_prediction
img_00007_2023,1,0.018772218,0
img_00009_2023,1,0.0024766652,0
img_00016_2023,1,0.019511163,0
img_00001_2023,1,0.6348207,1
img_00013_2023,1,0.6668317,1
img_00022_2023,1,0.003471553,0
img_00024_2023,1,0.0015856307,0
img_00025_2023,1,0.26484245,1
img_00023_2023,1,0.0008717419,0
img_00021_2023,1,4.6364086e-05,0
img_00027_2023,1,0.119811654,0
img_00028_2023,1,0.3689557,1
img_00030_2023,1,0.14272979,0
img_00034_2023,1,0.01024019,0
img_00038_2023,1,0.017788453,0
img_00037_2023,1,0.0070995837,0
img_00046_2023,1,0.0034891048,0
img_00047_2023,1,0.04199596,0
img_00048_2023,1,0.040180497,0
img_00045_2023,1,0.9340683,1
img_00052_2023,1,0.008898594,0
img_00057_2023,1,0.016358808,0
img_00029_p01_2023,1,0.016412484,0
img_00029_p02_2023,1,0.02194978,0
img_00029_p03_2023,1,0.9807451,1
img_00060_2023,1,0.7526318,1
img_00061_2023,1,0.014213658,0
img_00050_2023,1,0.0023931912,0
img_00059_2023,1,0.001820846,0
img_00054_2023,1,0.8848567,1
img_00056_2023,1,0.9934587,1
img_00062_2023,1,0.022569075,0
img_00049_p01_2023,1,0.005530749,0
img_00049_p02_2023,1,0.011861781,0
img_00064_2023,1,0.13063012,0
img_00078_2023,1,0.0021501193,0
img_00073_2023,1,0.99932706,1
img_00072_2023,1,0.0027323945,0
img_00080_2023,1,0.28622964,1
img_00082_2023,1,0.9737569,1
img_00096_2023,1,0.0101379985,0
img_00000_p02_2023,1,0.0009297773,0
img_00000_p03_2023,1,0.025234617,0
img_00000_p04_2023,1,0.06817396,0
img_00089_2023,1,0.006199444,0
img_00102_2023,1,0.27987602,1
img_00090_2023,1,0.00024797863,0
img_00099_2023,1,0.020446787,0
img_00036_p01_2023,1,0.65559214,1
img_00036_p02_2023,1,0.6026963,1
img_00036_p03_2023,1,0.98281133,1
img_00036_p04_2023,1,0.9825729,1
img_00105_2023,1,0.5212813,1
img_00100_2023,1,0.10942814,0
img_00110_2023,1,0.028284153,0
img_00115_2023,1,0.055202797,0
img_00116_2023,1,0.5755184,1
img_00108_2023,1,0.28000373,1
img_00107_2023,1,0.086550474,0
img_00104_p01_2023,1,0.2787071,1
img_00104_p02_2023,1,0.07465938,0
img_00126_2023,1,0.011852265,0
img_00125_2023,1,0.8166638,1
img_00124_2023,1,0.043201778,0
img_00133_2023,1,0.17412972,1
img_00134_2023,1,0.30437475,1
img_00119_p01_2023,1,0.16438454,1
img_00130_p01_2023,1,0.10946616,0
img_00130_p02_2023,1,0.0122744655,0
img_00137_2023,1,0.021712126,0
img_00142_2023,1,0.006422644,0
img_00139_2023,1,0.15606397,1
img_00147_2023,1,0.17591675,1
img_00012_p01_2023,1,0.01049634,0
img_00012_p02_2023,1,0.8174734,1
img_00012_p03_2023,1,0.010682982,0
img_00012_p05_2023,1,0.05322348,0
img_00012_p06_2023,1,0.01380404,0
img_00113_p01_2023,1,0.0018719683,0
img_00113_p02_2023,1,0.5833259,1
img_00113_p03_2023,1,0.071015134,0
img_00113_p04_2023,1,0.0007290801,0
img_00065_p01_2023,1,0.3200666,1
img_00065_p02_2023,1,0.24028845,1
img_00065_p03_2023,1,0.30803096,1
img_00065_p04_2023,1,0.07458888,0
img_00065_p05_2023,1,0.9166494,1
img_00065_p06_2023,1,0.4177696,1
img_00190_2023,1,0.033340897,0
img_00204_2023,1,6.955998e-06,0
img_00192_2023,1,0.008199485,0
img_00205_2023,1,0.0008161138,0
img_00151_p03_2023,1,0.4076991,1
img_00151_p06_2023,1,0.9748274,1
img_00152_p01_2023,1,0.3774132,1
img_00152_p02_2023,1,0.5255058,1
img_00152_p03_2023,1,0.1288237,0
img_00152_p04_2023,1,0.008418676,0
img_00208_2023,1,0.001600821,0
img_00194_p01_2023,1,0.01048976,0
img_00194_p02_2023,1,0.029518463,0
img_00228_2023,1,0.0016033952,0
img_00231_2023,1,0.0004246222,0
img_00229_2023,1,0.013501534,0
img_00230_2023,1,0.5635981,1
img_00227_2023,1,0.041485682,0
img_00240_2023,1,0.005332499,0
img_00239_2023,1,0.00068634935,0
img_00242_2023,1,0.034331203,0
img_00238_2023,1,0.0028801512,0
img_00244_2023,1,0.08408179,0
img_00241_2023,1,0.07762517,0
img_00243_2023,1,0.0019473993,0
img_00247_2023,1,0.021682683,0
img_00246_2023,1,0.014032222,0
img_00245_2023,1,0.0038826393,0
img_00253_2023,1,0.84680194,1
img_00252_2023,1,0.580719,1
img_00251_2023,1,0.0025647935,0
img_00248_2023,1,0.023080042,0
img_00258_2023,1,0.012813292,0
img_00257_2023,1,0.59388655,1
img_00261_2023,1,0.02479389,0
img_00267_2023,1,0.075601235,0
img_00263_2023,1,0.055618074,0
img_00265_2023,1,0.000421718,0
img_00266_2023,1,0.9537963,1
img_00259_2023,1,0.057023197,0
img_00268_2023,1,0.0019370393,0
img_00269_2023,1,0.00012798976,0
img_00256_p01_2023,1,0.87368757,1
img_00262_2023,1,0.0034076837,0
img_00274_2023,1,0.0014747481,0
img_00278_2023,1,0.10382967,0
img_00275_2023,1,0.00023512215,0
img_00279_2023,1,0.0011449079,0
img_00281_2023,1,0.0011085247,0
img_00280_2023,1,0.10349329,0
img_00283_2023,1,0.009455809,0
img_00271_p01_2023,1,0.86401814,1
img_00271_p02_2023,1,0.98787874,1
img_00284_2023,1,0.8013433,1
img_00282_2023,1,0.001560731,0
img_00272_2023,1,0.8242146,1
img_00277_2023,1,0.98267704,1
img_00287_2023,1,0.030384025,0
img_00276_2023,1,0.0012119955,0
img_00292_2023,1,0.13090147,0
img_00300_2023,1,0.71731544,1
img_00302_2023,1,0.109055094,0
img_00097_p04_2023,1,0.3321232,1
img_00097_p05_2023,1,0.1876362,1
img_00097_p07_2023,1,0.082188904,0
img_00097_p08_2023,1,0.8201403,1
img_00097_p09_2023,1,0.07188441,0
img_00310_2023,1,0.0006035584,0
img_00316_2023,1,0.4128677,1
img_00318_2023,1,0.14557797,0
img_00294_p01_2023,1,0.68151593,1
img_00294_p02_2023,1,0.8653667,1
img_00288_p01_2023,1,0.6305317,1
img_00288_p02_2023,1,0.4258904,1
img_00322_2023,1,0.0047794324,0
img_00326_2023,1,0.0012230497,0
img_00320_2023,1,0.87049997,1
img_00286_p01_2023,1,0.006045668,0
img_00286_p02_2023,1,0.07890847,0
img_00286_p03_2023,1,0.001880379,0
img_00286_p04_2023,1,0.049386125,0
img_00333_2023,1,0.9533387,1
img_00327_2023,1,0.0014120887,0
img_00330_2023,1,0.5179127,1
img_00331_2023,1,0.058041364,0
img_00339_2023,1,0.8931759,1
img_00335_2023,1,0.0005174902,0
img_00342_2023,1,0.65155745,1
img_00340_2023,1,0.0051228153,0
img_00315_p01_2023,1,2.362582e-05,0
img_00315_p02_2023,1,0.13335958,0
img_00336_2023,1,0.018737493,0
img_00350_2023,1,0.81902355,1
img_00347_2023,1,0.23946318,1
img_00344_2023,1,0.7992912,1
img_00353_2023,1,0.042987242,0
img_00352_2023,1,0.037967388,0
img_00354_2023,1,0.8441726,1
img_00360_2023,1,0.21811874,1
img_00351_2023,1,0.95369655,1
img_00355_2023,1,0.77563405,1
img_00359_2023,1,0.101013385,0
img_00362_2023,1,0.042816233,0
img_00357_2023,1,0.1377285,0
img_00364_2023,1,0.9738009,1
img_00358_2023,1,0.005516599,0
img_00374_2023,1,0.00055129454,0
img_00375_2023,1,0.00038179476,0
img_00363_2023,1,0.4826507,1
img_00377_2023,1,0.0051733255,0
img_00385_2023,1,0.0053284713,0
img_00381_2023,1,0.40486193,1
img_00383_2023,1,0.8326938,1
img_00389_2023,1,0.023446891,0
img_00372_2023,1,0.018684644,0
img_00390_2023,1,0.07903612,0
img_00348_p01_2023,1,0.00042885018,0
img_00348_p02_2023,1,0.00012702256,0
img_00395_2023,1,0.00078237534,0
img_00397_2023,1,0.18407911,1
img_00396_2023,1,0.82001096,1
img_00388_p01_2023,1,0.007408146,0
img_00388_p02_2023,1,0.11893686,0
img_00401_2023,1,0.032693937,0
img_00407_2023,1,0.030481782,0
img_00405_2023,1,0.036272258,0
img_00403_2023,1,0.07474533,0
img_00409_2023,1,0.025831494,0
img_00410_2023,1,0.21018633,1
img_00412_2023,1,0.028819293,0
img_00408_2023,1,0.7082754,1
img_00411_2023,1,0.034867395,0
img_00413_2023,1,0.005888743,0
img_00414_2023,1,0.0019296464,0
img_00406_2023,1,0.43892252,1
img_00416_2023,1,0.5002087,1
img_00417_2023,1,0.0021323764,0
img_00418_2023,1,0.023707729,0
img_00402_p01_2023,1,0.9933088,1
img_00402_p02_2023,1,0.9252239,1
img_00420_2023,1,0.05051512,0
img_00380_p01_2023,1,0.41288266,1
img_00380_p02_2023,1,0.23821552,1
img_00380_p03_2023,1,0.7740909,1
img_00380_p04_2023,1,0.16772997,1
img_00424_2023,1,0.45649734,1
img_00426_2023,1,0.0077764294,0
img_00425_2023,1,0.029935298,0
img_00432_2023,1,0.22337955,1
img_00429_2023,1,0.010510493,0
img_00433_2023,1,0.7630348,1
img_00438_2023,1,0.48942652,1
img_00428_2023,1,0.9813549,1
img_00437_2023,1,0.16695999,1
img_00440_2023,1,0.21015893,1
img_00441_2023,1,0.03328859,0
img_00436_2023,1,0.38898996,1
img_00442_2023,1,0.20418596,1
img_00446_2023,1,0.24474658,1
img_00321_p01_2023,1,0.008566706,0
img_00321_p02_2023,1,0.11078262,0
img_00321_p03_2023,1,0.96008784,1
img_00321_p04_2023,1,0.0020645484,0
img_00321_p05_2023,1,0.004965222,0
img_00321_p06_2023,1,0.00073551957,0
img_00439_2023,1,0.96283615,1
img_00445_2023,1,0.008162948,0
img_00443_2023,1,0.0604827,0
img_00450_2023,1,0.1168672,0
img_00452_2023,1,0.55733865,1
img_00447_2023,1,0.18363953,1
img_00451_2023,1,0.0023029682,0
img_00456_2023,1,0.24319656,1
img_00458_2023,1,0.28765744,1
img_00455_2023,1,0.007889816,0
img_00457_2023,1,0.99825984,1
img_00463_2023,1,0.03340544,0
img_00349_p01_2023,1,0.9970009,1
img_00349_p02_2023,1,0.92130244,1
img_00349_p03_2023,1,0.09961258,0
img_00349_p04_2023,1,0.9299478,1
img_00349_p05_2023,1,0.5796768,1
img_00467_2023,1,0.054939877,0
img_00464_2023,1,0.0027331898,0
img_00466_2023,1,0.3505093,1
img_00468_2023,1,0.0025184061,0
img_00475_2023,1,0.04683724,0
img_00478_2023,1,0.0040320046,0
img_00477_2023,1,0.7187304,1
img_00473_2023,1,0.324125,1
img_00479_2023,1,0.22425668,1
img_00435_p01_2023,1,4.1514075e-05,0
img_00435_p02_2023,1,0.007219628,0
img_00435_p03_2023,1,0.7128553,1
img_00435_p04_2023,1,0.72680026,1
img_00482_2023,1,0.06778039,0
img_00483_2023,1,0.011296486,0
img_00481_2023,1,0.118949905,0
img_00487_2023,1,0.08929362,0
img_00491_2023,1,0.03237587,0
img_00490_2023,1,0.002523819,0
img_00488_2023,1,0.92944366,1
img_00489_2023,1,0.15004669,0
img_00497_2023,1,0.053843714,0
img_00419_p01_2023,1,0.55048466,1
img_00419_p02_2023,1,0.63407075,1
img_00419_p03_2023,1,0.1020664,0
img_00419_p04_2023,1,0.034134146,0
img_00419_p05_2023,1,0.9186241,1
img_00419_p06_2023,1,0.92322195,1
img_00501_2023,1,0.17796767,1
img_00508_2023,1,0.0064942013,0
img_00449_p01_2023,1,0.9835132,1
img_00449_p02_2023,1,0.83530164,1
img_00449_p03_2023,1,0.9824786,1
img_00449_p04_2023,1,0.9952537,1
img_00511_2023,1,0.043160614,0
img_00513_2023,1,0.012284841,0
img_00516_2023,1,0.7748579,1
img_00518_2023,1,0.03541854,0
img_00517_2023,1,0.25569347,1
img_00404_p01_2023,1,0.09363532,0
img_00404_p02_2023,1,0.49606353,1
img_00404_p03_2023,1,0.038297012,0
img_00404_p04_2023,1,0.8028769,1
img_00404_p05_2023,1,0.7994823,1
img_00404_p06_2023,1,0.45088306,1
img_00404_p07_2023,1,0.92894155,1
img_00404_p08_2023,1,0.83468455,1
img_00519_2023,1,0.6305933,1
img_00521_2023,1,0.022923917,0
img_00485_p01_2023,1,0.010305271,0
img_00485_p02_2023,1,0.27742177,1
img_00485_p03_2023,1,0.22542033,1
img_00485_p04_2023,1,0.7925883,1
img_00522_2023,1,0.004603455,0
img_00524_2023,1,0.0009297197,0
img_00528_2023,1,0.028181333,0
img_00529_2023,1,0.21400853,1
img_00532_2023,1,0.00030562212,0
img_00534_2023,1,0.5542308,1
img_00539_2023,1,0.013566666,0
img_00535_2023,1,0.0023169145,0
img_00540_2023,1,0.00094030885,0
img_00537_2023,1,0.76251405,1
img_00474_p01_2023,1,0.29772237,1
img_00474_p03_2023,1,0.33240142,1
img_00474_p04_2023,1,0.16199706,1
img_00474_p05_2023,1,0.86076593,1
img_00474_p06_2023,1,0.98615336,1
img_00474_p07_2023,1,0.99847835,1
img_00541_2023,1,0.0009564433,0
img_00544_2023,1,0.0008626147,0
img_00546_2023,1,0.062652625,0
img_00543_2023,1,0.14796749,0
img_00545_2023,1,0.0082414,0
img_00533_p01_2023,1,0.1305268,0
img_00533_p02_2023,1,0.6183,1
img_00549_2023,1,0.06447657,0
img_00552_2023,1,0.110839285,0
img_00551_2023,1,0.0009913368,0
img_00550_2023,1,0.0027502377,0
img_00555_2023,1,0.034079354,0
img_00556_2023,1,0.043752734,0
img_00559_2023,1,0.4376526,1
img_00558_2023,1,0.27104554,1
img_00557_2023,1,0.11864286,0
img_00553_2023,1,0.60597897,1
img_00560_2023,1,0.021854835,0
img_00566_2023,1,0.0048562097,0
img_00526_p01_2023,1,0.481928,1
img_00526_p02_2023,1,0.19898842,1
img_00526_p03_2023,1,0.017323865,0
img_00526_p04_2023,1,0.005537619,0
img_00568_2023,1,0.007781715,0
img_00567_2023,1,0.0014260054,0
img_00570_2023,1,0.033469275,0
img_00538_p01_2023,1,0.11905173,0
img_00538_p02_2023,1,0.98914963,1
img_00538_p03_2023,1,0.0017058135,0
img_00538_p04_2023,1,0.053909335,0
img_00573_2023,1,0.016496096,0
img_00572_2023,1,0.71431786,1
img_00580_2023,1,0.0003771774,0
img_00564_2023,1,0.5779784,1
img_00575_2023,1,0.49580184,1
img_00578_2023,1,0.046907082,0
img_00581_2023,1,0.021197496,0
img_00589_2023,1,0.0037723929,0
img_00591_2023,1,0.002504361,0
img_00592_2023,1,0.29837206,1
img_00585_2023,1,0.5263788,1
img_00542_p01_2023,1,0.0051371953,0
img_00542_p03_2023,1,0.04572608,0
img_00542_p04_2023,1,0.8134024,1
img_00598_2023,1,0.021985922,0
img_00599_2023,1,0.00035254867,0
img_00596_2023,1,0.49987212,1
img_00604_2023,1,0.0008759884,0
img_00606_2023,1,0.17723419,1
img_00609_2023,1,0.0042017032,0
img_00615_2023,1,0.0021997436,0
img_00619_2023,1,0.90020174,1
img_00616_2023,1,0.6451455,1
img_00515_p01_2023,1,0.91859233,1
img_00515_p02_2023,1,0.6288893,1
img_00515_p04_2023,1,0.010736064,0
img_00515_p05_2023,1,0.14355403,0
img_00515_p06_2023,1,0.06526472,0
img_00515_p07_2023,1,0.056502476,0
img_00515_p08_2023,1,0.026628828,0
img_00515_p09_2023,1,0.33071694,1
img_00621_2023,1,0.9946266,1
img_00620_2023,1,0.0044129533,0
img_00622_2023,1,0.61101085,1
img_00626_2023,1,0.0018898922,0
img_00623_2023,1,0.5957667,1
img_00624_2023,1,0.0002909484,0
img_00631_2023,1,0.033268895,0
img_00625_2023,1,0.98479897,1
img_00628_2023,1,0.99574006,1
img_00634_2023,1,0.9452388,1
img_00636_2023,1,0.0016916976,0
img_00618_p01_2023,1,0.8567306,1
img_00618_p02_2023,1,0.013036881,0
img_00640_2023,1,0.12908079,0
img_00644_2023,1,0.058587227,0
img_00642_2023,1,0.3025304,1
img_00629_p01_2023,1,0.9804716,1
img_00629_p02_2023,1,0.016073218,0
img_00641_2023,1,0.16567716,1
img_00643_2023,1,0.0045001376,0
img_00639_2023,1,0.39765754,1
img_00645_2023,1,0.0041321428,0
img_00648_2023,1,0.1224228,0
img_00584_p01_2023,1,0.022500142,0
img_00584_p02_2023,1,0.35760638,1
img_00584_p03_2023,1,0.98659176,1
img_00584_p04_2023,1,0.09550717,0
img_00584_p05_2023,1,0.33550566,1
img_00584_p06_2023,1,0.6127332,1
img_00627_p01_2023,1,0.964902,1
img_00627_p02_2023,1,0.9916747,1
img_00652_2023,1,0.007916379,0
img_00647_2023,1,0.053672303,0
img_00649_2023,1,0.0055582444,0
img_00655_2023,1,0.9326842,1
img_00657_2023,1,0.0047581797,0
img_00656_2023,1,0.100739405,0
img_00661_2023,1,0.43347535,1
img_00646_2023,1,0.029213242,0
img_00593_p01_2023,1,0.19315064,1
img_00593_p02_2023,1,0.24892585,1
img_00593_p03_2023,1,0.5859478,1
img_00593_p04_2023,1,0.6443598,1
img_00593_p05_2023,1,0.96867186,1
img_00593_p06_2023,1,0.9262184,1
img_00660_2023,1,0.006768792,0
img_00659_2023,1,0.14624947,0
img_00662_2023,1,0.9669649,1
img_00664_2023,1,0.0034230747,0
img_00666_2023,1,0.33871546,1
img_00663_2023,1,0.0029976862,0
img_00667_2023,1,0.08807891,0
img_00669_2023,1,0.07445585,0
img_00671_2023,1,0.8890853,1
img_00668_2023,1,0.008121558,0
img_00672_2023,1,0.011825406,0
img_00675_2023,1,7.40403e-05,0
img_00674_2023,1,0.0076513714,0
img_00594_p02_2023,1,0.012478284,0
img_00594_p03_2023,1,0.8377794,1
img_00594_p04_2023,1,0.021534646,0
img_00594_p05_2023,1,0.37357524,1
img_00594_p06_2023,1,0.17743948,1
img_00594_p07_2023,1,0.4487666,1
img_00594_p08_2023,1,0.83421403,1
img_00676_2023,1,0.0059564565,0
img_00665_2023,1,0.830024,1
img_00679_2023,1,0.0021155705,0
img_00677_2023,1,0.74666905,1
img_00658_p01_2023,1,0.01336191,0
img_00658_p02_2023,1,0.00431907,0
img_00680_2023,1,0.020867515,0
img_00678_2023,1,0.0019497391,0
img_00683_2023,1,0.25826013,1
img_00681_2023,1,0.006878381,0
img_00689_2023,1,0.5038463,1
img_00686_2023,1,0.37490353,1
img_00687_2023,1,0.049266484,0
img_00691_2023,1,0.5983008,1
img_00692_2023,1,0.10140211,0
img_00684_2023,1,0.043648914,0
img_00638_p01_2023,1,0.7048492,1
img_00638_p02_2023,1,0.2400264,1
img_00638_p03_2023,1,0.14821415,0
img_00638_p04_2023,1,0.014221938,0
img_00685_2023,1,0.15019703,0
img_00695_2023,1,0.9919308,1
img_00693_2023,1,0.54680175,1
img_00682_p01_2023,1,0.107728094,0
img_00682_p02_2023,1,0.046335086,0
img_00699_2023,1,0.96079993,1
img_00696_2023,1,0.0074984953,0
img_00702_2023,1,0.025052628,0
img_00701_2023,1,0.28181756,1
img_00706_2023,1,0.0026833976,0
img_00704_2023,1,0.5115873,1
img_00705_2023,1,0.9303127,1
img_00700_2023,1,0.005375354,0
img_00697_2023,1,0.0068454044,0
img_00707_2023,1,0.012730455,0
img_00635_p01_2023,1,0.19873981,1
img_00635_p02_2023,1,0.80109966,1
img_00635_p03_2023,1,0.889872,1
img_00635_p04_2023,1,0.0022395626,0
img_00635_p05_2023,1,0.20363478,1
img_00635_p06_2023,1,0.043262597,0
img_00486_p01_2023,1,0.9570317,1
img_00486_p02_2023,1,0.4359901,1
img_00486_p04_2023,1,0.5581419,1
img_00486_p05_2023,1,0.20964916,1
img_00486_p06_2023,1,0.92427874,1
img_00486_p07_2023,1,0.9668547,1
img_00486_p08_2023,1,0.17690864,1
img_00486_p09_2023,1,0.79970986,1
img_00486_p10_2023,1,0.071585305,0
img_00486_p11_2023,1,0.6163211,1
img_00486_p12_2023,1,0.44200715,1
img_00486_p13_2023,1,0.49154818,1
img_00486_p14_2023,1,0.017416818,0
img_00486_p15_2023,1,0.12108957,0
img_00713_2023,1,0.011264655,0
img_00711_2023,1,0.019964607,0
img_00714_2023,1,0.86334085,1
img_00712_2023,1,0.0014230438,0
img_00715_2023,1,0.013475392,0
img_00716_2023,1,0.50703245,1
img_00708_2023,1,0.3904757,1
img_00710_2023,1,0.42670837,1
img_00718_2023,1,0.96856594,1
img_00688_p01_2023,1,0.056093644,0
img_00688_p02_2023,1,0.037442185,0
img_00726_2023,1,0.5900407,1
img_00722_2023,1,0.026304428,0
img_00723_2023,1,0.0022875138,0
img_00721_2023,1,0.24036029,1
img_00720_2023,1,0.99900526,1
img_00725_2023,1,0.20859152,1
img_00728_2023,1,0.589096,1
img_00730_2023,1,0.0056086266,0
img_00612_p04_2023,1,0.003636151,0
img_00612_p05_2023,1,0.97523856,1
img_00612_p06_2023,1,0.0020646967,0
img_00612_p07_2023,1,0.731593,1
img_00612_p08_2023,1,0.047691446,0
img_00612_p09_2023,1,0.010256649,0
img_00719_2023,1,0.8960311,1
img_00729_2023,1,0.08094877,0
img_00734_2023,1,0.02039401,0
img_00731_2023,1,0.012677172,0
img_00735_2023,1,0.9690132,1
img_00733_2023,1,0.0010181798,0
img_00737_2023,1,0.0014857845,0
img_00732_2023,1,0.84042484,1
img_00736_2023,1,0.30859303,1
img_00026_p01_2023,1,0.10072037,0
img_00026_p02_2023,1,0.009151029,0
img_00026_p03_2023,1,0.029303476,0
img_00026_p04_2023,1,0.10433414,0
img_00026_p05_2023,1,0.4740764,1
img_00026_p06_2023,1,0.0038627398,0
img_00026_p07_2023,1,0.42831507,1
img_00026_p08_2023,1,0.9170285,1
img_00026_p09_2023,1,0.008607068,0
img_00026_p10_2023,1,0.99902785,1
img_00026_p11_2023,1,0.999582,1
img_00026_p12_2023,1,0.9945281,1
img_00026_p13_2023,1,0.38594013,1
img_00026_p14_2023,1,0.30398998,1
img_00026_p15_2023,1,0.36787507,1
img_00026_p16_2023,1,0.6930398,1
img_00026_p17_2023,1,0.1910254,1
img_00026_p18_2023,1,0.2597125,1
img_00026_p19_2023,1,0.005680663,0
img_00026_p20_2023,1,0.4728439,1
img_00026_p21_2023,1,0.6183914,1
img_00026_p24_2023,1,1.2815052e-05,0
img_00026_p25_2023,1,0.013855195,0
img_00738_2023,1,0.003034924,0
img_00717_p01_2023,1,0.07447774,0
img_00717_p02_2023,1,0.40254146,1
img_00743_2023,1,0.009372314,0
img_00739_2023,1,0.0017070433,0
img_00740_2023,1,0.024007762,0
img_00744_2023,1,0.84439707,1
img_00741_2023,1,0.672655,1
img_00742_2023,1,0.04736314,0
img_00746_2023,1,0.99055207,1
img_00747_2023,1,0.9461202,1
img_00745_2023,1,0.0064270035,0
img_00749_2023,1,0.62108034,1
img_00670_p01_2023,1,0.056589093,0
img_00670_p02_2023,1,0.00809331,0
img_00670_p03_2023,1,0.0043196133,0
img_00670_p04_2023,1,0.7054684,1
img_00670_p05_2023,1,0.15223141,0
img_00670_p06_2023,1,0.2454,1
img_00752_2023,1,0.004032748,0
img_00750_2023,1,0.02427805,0
img_00748_2023,1,0.034630634,0
img_00751_2023,1,0.6805991,1
img_00727_p01_2023,1,0.08467596,0
img_00727_p02_2023,1,0.9811739,1
img_00754_2023,1,0.076473124,0
img_00758_2023,1,0.023145745,0
img_00756_2023,1,0.4965902,1
img_00764_2023,1,0.0027869905,0
img_00690_p01_2023,1,0.88450515,1
img_00690_p02_2023,1,0.2802968,1
img_00690_p03_2023,1,0.97362703,1
img_00690_p04_2023,1,0.96650535,1
img_00765_2023,1,0.20005597,1
img_00759_2023,1,0.009950215,0
img_00762_2023,1,0.78365946,1
img_00770_2023,1,0.54179347,1
img_00773_2023,1,0.0020295002,0
img_00769_2023,1,0.025027608,0
img_00771_2023,1,0.0017599452,0
img_00772_2023,1,0.591175,1
img_00775_2023,1,0.12890367,0
img_00776_2023,1,0.80567026,1
img_00784_2023,1,0.0020640995,0
img_00761_2023,1,0.013037186,0
img_00777_2023,1,0.208392,1
img_00787_2023,1,0.0020666725,0
img_00778_2023,1,0.028883772,0
img_00768_p01_2023,1,0.43268698,1
img_00768_p02_2023,1,0.7034653,1
img_00798_2023,0,1.3484093e-05,0
img_00799_2023,0,3.6386946e-06,0
img_00802_2023,0,0.00053862314,0
img_00800_2023,0,0.00018820183,0
img_00811_2023,0,5.9563397e-05,0
img_00803_2023,0,7.23646e-05,0
img_00724_p01_2023,1,0.9767577,1
img_00724_p02_2023,1,0.010304409,0
img_00724_p03_2023,1,0.09075265,0
img_00724_p04_2023,1,0.90239346,1
img_00805_2023,0,0.00015773257,0
img_00809_2023,0,0.0003485519,0
img_00804_2023,0,1.6584812e-05,0
img_00808_2023,0,0.15691537,1
img_00806_2023,0,1.3545507e-05,0
img_00816_2023,0,1.0172567e-05,0
img_00810_2023,0,4.518864e-05,0
img_00820_2023,0,5.188681e-05,0
img_00821_2023,0,2.527266e-05,0
img_00822_2023,0,0.00022286936,0
img_00826_2023,0,2.4884177e-05,0
img_00825_2023,0,3.2992142e-05,0
img_00830_2023,0,0.0005939006,0
img_00833_2023,0,0.00065214804,0
img_00831_2023,0,7.072664e-06,0
img_00827_2023,0,5.372225e-06,0
img_00837_2023,0,0.00011843723,0
img_00836_2023,0,0.00046564854,0
img_00842_2023,0,4.5785932e-06,0
img_00840_2023,0,0.00010742298,0
img_00841_2023,0,6.417042e-06,0
img_00847_2023,0,7.747565e-05,0
img_00852_2023,0,0.007912107,0
img_00849_2023,0,8.676102e-05,0
img_00853_2023,0,0.000349656,0
img_00851_2023,0,5.0035393e-05,0
img_00855_2023,0,1.0641404e-05,0
img_00786_p01_2023,1,0.03709454,0
img_00786_p02_2023,1,0.26274344,1
img_00786_p03_2023,1,0.2702584,1
img_00786_p04_2023,1,0.082756795,0
img_00857_2023,0,0.006618887,0
img_00863_2023,0,8.630173e-06,0
img_00864_2023,0,9.184943e-05,0
img_00866_2023,0,0.00011527,0
img_00870_2023,0,0.00021136033,0
img_00869_2023,0,0.000320167,0
img_00873_2023,0,0.0028687583,0
img_00861_2023,0,0.00026324534,0
img_00871_2023,0,0.00018767461,0
img_00876_2023,0,4.811434e-05,0
img_00813_p01_2023,0,8.120279e-06,0
img_00813_p02_2023,0,2.8168106e-06,0
img_00813_p03_2023,0,0.00021194435,0
img_00813_p04_2023,0,1.6192924e-05,0
img_00874_2023,0,1.9774388e-06,0
img_00880_2023,0,3.8012276e-06,0
img_00834_p01_2023,0,2.5543579e-05,0
img_00834_p04_2023,0,1.5411467e-06,0
img_00883_2023,0,0.00037113272,0
img_00848_p01_2023,0,0.0001855556,0
img_00848_p02_2023,0,1.6191934e-05,0
img_00848_p03_2023,0,2.881553e-06,0
img_00848_p04_2023,0,1.471994e-06,0
img_00885_2023,0,0.00013878109,0
img_00879_2023,0,2.523615e-05,0
img_00884_2023,0,0.0002585383,0
img_00881_2023,0,1.9673302e-05,0
img_00889_2023,0,5.7900408e-05,0
img_00818_p01_2023,0,0.00080797815,0
img_00818_p02_2023,0,1.4978481e-05,0
img_00818_p03_2023,0,1.594635e-05,0
img_00818_p04_2023,0,5.2455216e-05,0
img_00896_2023,0,0.0002096049,0
img_00878_p01_2023,0,5.4722395e-06,0
img_00878_p02_2023,0,1.6026175e-05,0
img_00824_p04_2023,0,0.0027488114,0
img_00824_p05_2023,0,0.0030393999,0
img_00891_2023,0,3.2586493e-05,0
img_00900_2023,0,0.00014418684,0
img_00914_2023,0,0.00010120798,0
img_00911_2023,0,6.586125e-05,0
img_00902_2023,0,3.95854e-05,0
img_00906_2023,0,0.00069058425,0
img_00903_2023,0,0.00026205412,0
img_00913_2023,0,0.00022867318,0
img_00908_2023,0,2.2565684e-05,0
img_00910_2023,0,0.00025264663,0
img_00916_2023,0,2.0031512e-05,0
img_00918_2023,0,1.7696226e-05,0
img_00922_2023,0,7.810619e-05,0
img_00872_p02_2023,0,0.00046410132,0
img_00872_p04_2023,0,5.615127e-05,0
img_00905_p01_2023,0,0.0025569992,0
img_00905_p02_2023,0,0.00039088307,0
img_00928_2023,0,0.0017438666,0
img_00931_2023,0,6.17746e-05,0
img_00926_2023,0,0.5448471,1
img_00909_p03_2023,0,0.012415842,0
img_00886_p01_2023,0,1.7560791e-05,0
img_00886_p02_2023,0,0.00011688289,0
img_00886_p03_2023,0,1.2883453e-05,0
img_00886_p04_2023,0,0.000275418,0
img_00925_2023,0,3.8660473e-06,0
img_00935_2023,0,9.847321e-06,0
img_00934_2023,0,2.8741495e-05,0
img_00936_2023,0,0.0005974507,0
img_00939_2023,0,0.00025151102,0
img_00930_2023,0,0.0005410603,0
img_00941_2023,0,2.6587488e-06,0
img_00944_2023,0,0.00019582495,0
img_00940_2023,0,0.00028101922,0
img_00953_2023,0,2.6689818e-06,0
img_00955_2023,0,0.00010578213,0
img_00952_2023,0,0.00012528959,0
img_00958_2023,0,4.1751773e-05,0
img_00959_2023,0,0.10522086,0
img_00957_2023,0,0.0011024158,0
img_00961_2023,0,0.022090003,0
img_00962_2023,0,1.9233401e-05,0
img_00956_2023,0,0.00037772956,0
img_00964_2023,0,6.3661064e-05,0
img_00965_2023,0,0.00013345118,0
img_00975_2023,0,0.00042618654,0
img_00976_2023,0,0.010804542,0
img_00972_2023,0,0.00014421681,0
img_00978_2023,0,0.0016433656,0
img_00632_p02_2023,1,5.96317e-07,0
img_00632_p09_2023,1,0.0051360843,0
img_00632_p10_2023,1,0.23858756,1
img_00632_p11_2023,1,0.026331313,0
img_00632_p12_2023,1,0.008465219,0
img_00632_p14_2023,1,0.9912074,1
img_00632_p15_2023,1,0.17344655,1
img_00632_p16_2023,1,0.22360124,1
img_00632_p17_2023,1,0.21423815,1
img_00632_p18_2023,1,0.011513619,0
img_00963_p01_2023,0,1.6163916e-05,0
img_00963_p02_2023,0,5.344223e-05,0
img_00981_2023,0,0.0026943497,0
img_00971_2023,0,4.0147424e-06,0
img_00973_2023,0,9.751142e-06,0
img_00984_2023,0,0.00011008653,0
img_00983_2023,0,0.00012424053,0
img_00988_2023,0,0.0004388148,0
img_00990_2023,0,0.020826383,0
img_00991_2023,0,0.00031374206,0
img_00992_2023,0,0.00047481697,0
img_00995_2023,0,0.0012790303,0
img_00993_2023,0,2.9910567e-05,0
img_00998_2023,0,6.63969e-05,0
img_00985_2023,0,0.00434478,0
img_00996_2023,0,0.00011473069,0
img_00949_p03_2023,0,0.00059042644,0
img_00949_p04_2023,0,0.0002569501,0
img_01002_2023,0,0.0020156617,0
img_01005_2023,0,2.1003858e-05,0
img_01003_2023,0,0.014922778,0
img_01014_2023,0,0.0017645638,0
img_01009_2023,0,9.153019e-06,0
img_01015_2023,0,5.3548442e-06,0
img_01013_2023,0,1.1120007e-05,0
img_01020_2023,0,2.7209268e-05,0
img_01016_2023,0,0.000117130134,0
img_01019_2023,0,4.846381e-05,0
img_01021_2023,0,0.00015367269,0
img_01018_2023,0,4.747943e-06,0
img_00967_p01_2023,0,5.7645816e-06,0
img_00967_p02_2023,0,5.84413e-06,0
img_00967_p03_2023,0,5.4812494e-06,0
img_00967_p04_2023,0,1.5617492e-05,0
img_01025_2023,0,0.0007524309,0
img_01023_2023,0,5.4072516e-05,0
img_01031_2023,0,0.00021070678,0
img_01028_2023,0,2.8914304e-05,0
img_01034_2023,0,3.233485e-05,0
img_01033_2023,0,0.0002794991,0
img_01035_2023,0,5.8111662e-05,0
img_01038_2023,0,2.0710755e-05,0
img_00954_p01_2023,0,2.0080668e-05,0
img_00954_p02_2023,0,3.6087774e-06,0
img_00954_p03_2023,0,2.2742208e-06,0
img_00954_p04_2023,0,7.615259e-06,0
img_01027_2023,0,0.00045209707,0
img_01041_2023,0,0.46364242,1
img_01044_2023,0,0.00016285329,0
img_01045_2023,0,0.003450084,0
img_01051_2023,0,6.832748e-05,0
img_01053_2023,0,2.3311974e-05,0
img_01043_2023,0,3.1633375e-05,0
img_01054_2023,0,1.569928e-05,0
img_01049_2023,0,0.0004226924,0
img_01030_p01_2023,0,0.00017310999,0
img_01030_p02_2023,0,0.00057420245,0
img_01055_2023,0,2.911952e-05,0
img_01062_2023,0,0.0068941773,0
img_01064_2023,0,1.93843e-06,0
img_01065_2023,0,2.3546982e-05,0
img_01066_2023,0,0.008616244,0
img_01071_2023,0,6.701013e-06,0
img_01075_2023,0,0.0007858527,0
img_01077_2023,0,0.905655,1
img_01073_2023,0,0.0001739633,0
img_01074_2023,0,4.253815e-06,0
img_01079_2023,0,0.00019435635,0
img_01080_2023,0,5.5185075e-05,0
img_01082_2023,0,0.00044338894,0
img_01084_2023,0,5.284339e-06,0
img_01085_2023,0,1.0870446e-05,0
img_01088_2023,0,0.00044165668,0
img_01063_2023,0,9.2024975e-06,0
img_01081_2023,0,0.01068577,0
img_01089_2023,0,1.8600482e-05,0
img_01086_2023,0,0.00010768534,0
img_01094_2023,0,6.796324e-05,0
img_01092_2023,0,0.00029970892,0
img_01087_2023,0,0.00018982291,0
img_01098_2023,0,4.6399437e-06,0
img_01100_2023,0,0.00020901398,0
img_01069_p01_2023,0,0.004045646,0
img_01069_p02_2023,0,0.009877565,0
img_01102_2023,0,0.00027496042,0
img_01101_2023,0,2.8123817e-05,0
img_01108_2023,0,2.7829514e-05,0
img_01107_2023,0,1.149258e-05,0
img_01103_2023,0,2.718297e-05,0
img_01112_2023,0,0.005600086,0
img_01117_2023,0,0.00014610283,0
img_01119_2023,0,2.2297349e-05,0
img_01118_2023,0,0.0001659932,0
img_01122_2023,0,1.9470697e-05,0
img_01124_2023,0,1.4153831e-05,0
img_01039_p01_2023,0,6.836893e-05,0
img_01039_p02_2023,0,0.0024004916,0
img_01039_p04_2023,0,0.0009046347,0
img_01128_2023,0,0.089342475,0
img_01127_2023,0,1.3333737e-05,0
img_01123_2023,0,0.0007932528,0
img_01125_2023,0,0.0006589724,0
img_01126_2023,0,6.1290506e-05,0
img_01133_2023,0,0.00033057792,0
img_01137_2023,0,9.5539464e-05,0
img_01141_2023,0,4.9709608e-05,0
img_01143_2023,0,0.00014789698,0
img_01142_2023,0,0.002601471,0
img_01145_2023,0,6.856794e-05,0
img_01140_2023,0,0.0016960292,0
img_01152_2023,0,0.00022218659,0
img_01148_2023,0,9.049111e-06,0
img_01144_2023,0,4.6344856e-05,0
img_01155_2023,0,0.00019239089,0
img_01159_2023,0,2.9838917e-05,0
img_01156_2023,0,6.693191e-05,0
img_01160_2023,0,1.7919014e-05,0
img_01134_p01_2023,0,2.9764956e-06,0
img_01134_p02_2023,0,2.1973854e-06,0
img_01161_2023,0,3.8837115e-06,0
img_01164_2023,0,8.345051e-05,0
img_01170_2023,0,0.08816355,0
img_01136_2023,0,2.702174e-05,0
img_01173_2023,0,9.07271e-06,0
img_01167_2023,0,0.016929684,0
img_01178_2023,0,0.00027557218,0
img_01177_2023,0,2.3866769e-05,0
img_01179_2023,0,8.73416e-06,0
img_01168_2023,0,1.7650971e-05,0
img_01183_2023,0,7.9595855e-05,0
img_01186_2023,0,2.424508e-05,0
img_01175_2023,0,7.697474e-05,0
img_01182_2023,0,0.000108748834,0
img_01181_2023,0,2.6604393e-05,0
img_01192_2023,0,3.1811953e-05,0
img_01190_2023,0,0.000105183244,0
img_01197_2023,0,8.20808e-05,0
img_01198_2023,0,1.4173807e-05,0
img_01201_2023,0,0.3673479,1
img_01193_2023,0,6.490618e-05,0
img_01165_p01_2023,0,1.21888625e-05,0
img_01165_p02_2023,0,0.00020798699,0
img_01196_2023,0,5.6755463e-05,0
img_01200_2023,0,2.0258049e-05,0
img_01204_2023,0,2.1684698e-05,0
img_01209_2023,0,0.00052566576,0
img_01212_2023,0,3.6731934e-05,0
img_01205_2023,0,1.917628e-05,0
img_01210_2023,0,0.00012488835,0
img_01220_2023,0,3.304939e-05,0
img_01213_2023,0,1.5584597e-05,0
img_01218_2023,0,0.00029142897,0
img_01215_2023,0,5.2415762e-05,0
img_01216_2023,0,6.215413e-05,0
img_01217_2023,0,9.999848e-05,0
img_01219_2023,0,0.00012899998,0
img_01222_2023,0,6.4675725e-05,0
img_01221_2023,0,2.522675e-06,0
img_01229_2023,0,2.0163836e-05,0
img_01224_2023,0,4.731665e-05,0
img_01195_p02_2023,0,0.009505855,0
img_01233_2023,0,1.8970033e-05,0
img_01231_2023,0,0.0007063282,0
img_01236_2023,0,0.003010767,0
img_01238_2023,0,0.00014575121,0
img_01214_p01_2023,0,6.3121543e-06,0
img_01214_p02_2023,0,3.2241092e-05,0
img_01243_2023,0,0.00038050523,0
img_01246_2023,0,0.00037566002,0
img_01244_2023,0,3.845908e-05,0
img_01248_2023,0,0.00025982352,0
img_01254_2023,0,0.000115497416,0
img_01257_2023,0,0.0069345883,0
img_01258_2023,0,0.0001893883,0
img_01249_2023,0,1.53945e-05,0
img_01253_2023,0,3.416576e-06,0
img_01247_2023,0,1.3582269e-05,0
img_01263_2023,0,1.24360695e-05,0
img_01255_2023,0,8.915747e-06,0
img_01267_2023,0,2.7176853e-05,0
img_01268_2023,0,0.0007156572,0
img_01269_2023,0,0.00015386418,0
img_01271_2023,0,1.0744818e-05,0
img_01273_2023,0,1.7414617e-05,0
img_01275_2023,0,5.172685e-06,0
img_01262_2023,0,5.05273e-05,0
img_01276_2023,0,0.0061182333,0
img_01282_2023,0,4.8263784e-05,0
img_01281_2023,0,3.0649655e-05,0
img_01280_2023,0,6.8471827e-06,0
img_01286_2023,0,1.3347326e-05,0
img_01279_2023,0,0.0282899,0
img_01291_2023,0,4.7955207e-05,0
img_01290_2023,0,0.0006622337,0
img_01076_p01_2023,0,9.25641e-05,0
img_01076_p02_2023,0,1.2457922e-05,0
img_01076_p03_2023,0,0.0002491299,0
img_01076_p04_2023,0,1.5408132e-05,0
img_01076_p05_2023,0,0.0047027203,0
img_01076_p06_2023,0,0.00025714567,0
img_01076_p07_2023,0,2.4412126e-05,0
img_01076_p08_2023,0,2.1028049e-05,0
img_01076_p09_2023,0,0.00013756016,0
img_01076_p10_2023,0,1.2360622e-05,0
img_01301_2023,0,4.3933174e-05,0
img_01295_2023,0,0.0014760745,0
img_01298_2023,0,1.5648606e-05,0
img_01299_2023,0,4.99582e-05,0
img_01304_2023,0,8.367207e-06,0
img_01311_2023,0,0.000485973,0
img_01312_2023,0,0.0018076918,0
img_01308_2023,0,8.104891e-05,0
img_01316_2023,0,9.509028e-05,0
img_01292_p01_2023,0,0.0006818791,0
img_01292_p02_2023,0,0.0003684626,0
img_01313_2023,0,0.00048682795,0
img_01315_2023,0,3.519158e-06,0
img_01310_2023,0,0.027954128,0
img_01321_2023,0,0.099390045,0
img_01317_2023,0,0.002683561,0
img_01302_p01_2023,0,0.00032140253,0
img_01322_2023,0,1.4044475e-05,0
img_01289_p01_2023,0,2.4073735e-05,0
img_01289_p02_2023,0,0.00015559465,0
img_01319_2023,0,3.9828767e-05,0
img_01320_2023,0,0.0039857025,0
img_01328_2023,0,0.0001412464,0
img_01323_2023,0,0.0012230094,0
img_01327_2023,0,3.4811506e-05,0
img_01339_2023,0,6.989896e-05,0
img_01337_2023,0,3.002411e-05,0
img_01338_2023,0,0.0003308557,0
img_01341_2023,0,0.00031420484,0
img_01332_2023,0,0.0002865739,0
img_01343_2023,0,1.1438892e-05,0
img_01334_2023,0,1.2735787e-05,0
img_01335_2023,0,0.00017503233,0
img_01318_p01_2023,0,0.0002910494,0
img_01345_2023,0,0.77179396,1
img_01350_2023,0,5.377929e-05,0
img_01347_2023,0,1.6083759e-05,0
img_01352_2023,0,9.862532e-05,0
img_01355_2023,0,8.5913845e-05,0
img_01358_2023,0,0.0005069661,0
img_01348_2023,0,1.6951957e-05,0
img_01359_2023,0,1.6741144e-05,0
img_01364_2023,0,2.6874539e-05,0
img_01360_2023,0,4.7277998e-05,0
img_01363_2023,0,1.7130038e-05,0
img_01368_2023,0,0.00013535806,0
img_01354_2023,0,0.00041181155,0
img_01353_2023,0,0.0010163854,0
img_01351_2023,0,0.0020932406,0
img_01366_2023,0,3.6625772e-07,0
img_01372_2023,0,0.00044628917,0
img_01374_2023,0,2.209446e-07,0
img_01367_2023,0,0.00079359906,0
img_01370_2023,0,5.4156993e-05,0
img_01369_2023,0,1.1403961e-05,0
img_01356_2023,0,1.5587168e-05,0
img_01375_2023,0,4.293483e-06,0
img_01380_2023,0,0.00013060593,0
img_01390_2023,0,0.00017158528,0
img_01389_2023,0,7.7521445e-06,0
img_01392_2023,0,0.00018947734,0
img_01386_2023,0,8.898456e-05,0
img_01393_2023,0,4.196165e-05,0
img_01396_2023,0,0.09703055,0
img_01397_2023,0,1.7194425e-05,0
img_01399_2023,0,0.006684525,0
img_01384_2023,0,0.00065921777,0
img_01398_2023,0,0.00013079324,0
img_01378_p02_2023,0,9.904094e-05,0
img_01388_2023,0,4.401621e-05,0
img_01394_2023,0,0.0004087367,0
img_01405_2023,0,0.008096671,0
img_01402_2023,0,0.004597476,0
img_01404_2023,0,2.219816e-05,0
img_01412_2023,0,0.0007852962,0
img_01413_2023,0,5.8109774e-05,0
img_01414_2023,0,7.1589704e-07,0
img_01408_2023,0,8.756001e-05,0
img_01379_2023,0,0.00037663503,0
img_01416_2023,0,0.091665745,0
img_01423_2023,0,3.0579467e-05,0
img_01418_2023,0,0.004078611,0
img_01417_2023,0,2.1927963e-05,0
img_01419_2023,0,0.00042986602,0
img_01426_2023,0,3.6075646e-05,0
img_01422_2023,0,0.01328464,0
img_01421_2023,0,0.0002545869,0
img_01420_2023,0,1.5052011e-05,0
img_01431_2023,0,0.00050751946,0
img_01427_2023,0,7.9536905e-05,0
img_01429_2023,0,0.00028373077,0
img_01435_2023,0,0.001148599,0
img_01433_2023,0,0.0015381698,0
img_01442_2023,0,0.0002577475,0
img_01425_2023,0,0.00080011407,0
img_01440_2023,0,0.0010783091,0
img_01436_2023,0,0.0008649679,0
img_01376_p01_2023,0,0.00061908504,0
img_01376_p03_2023,0,0.017716182,0
img_01376_p04_2023,0,0.022362236,0
img_01445_2023,0,6.154528e-05,0
img_01443_2023,0,0.0002644188,0
img_01441_2023,0,4.3109285e-06,0
img_01446_2023,0,2.8837008e-05,0
img_01349_p01_2023,0,3.6963538e-05,0
img_01349_p02_2023,0,0.00010278564,0
img_01349_p03_2023,0,9.044859e-05,0
img_01349_p04_2023,0,0.00014503169,0
img_01377_p01_2023,0,0.0003608402,0
img_01377_p02_2023,0,0.0009874466,0
img_01377_p03_2023,0,0.041209128,0
img_01377_p04_2023,0,0.0295762,0
img_01377_p05_2023,0,0.0028993797,0
img_01377_p06_2023,0,0.00039845498,0
img_01452_2023,0,0.0002036793,0
img_01453_2023,0,5.7023135e-05,0
img_01455_2023,0,0.00879729,0
img_01449_2023,0,0.080260545,0
img_01448_2023,0,2.5323761e-05,0
img_01460_2023,0,0.6539164,1
img_01458_2023,0,2.3763612e-05,0
img_01462_2023,0,0.0003701462,0
img_01461_2023,0,2.4101599e-05,0
img_01464_2023,0,1.9581232e-05,0
img_01463_2023,0,3.7748454e-05,0
img_01471_2023,0,1.9736932e-05,0
img_01472_2023,0,8.836045e-05,0
img_01465_2023,0,0.00010083508,0
img_01469_2023,0,0.00019290633,0
img_01475_2023,0,1.5830512e-05,0
img_01473_2023,0,5.4292937e-05,0
img_01476_2023,0,0.00029953467,0
img_01480_2023,0,5.6273926e-05,0
img_01482_2023,0,5.6505425e-05,0
img_01468_2023,0,0.0034407107,0
img_01486_2023,0,3.838865e-05,0
img_01478_2023,0,0.00020569512,0
img_01474_2023,0,0.00038947372,0
img_01479_2023,0,6.3067328e-06,0
img_01487_2023,0,1.5945256e-05,0
img_01495_2023,0,0.00027047633,0
img_01481_2023,0,0.00015308317,0
img_01501_2023,0,0.003942013,0
img_01496_2023,0,2.5469403e-06,0
img_01503_2023,0,3.8229584e-05,0
img_01505_2023,0,0.0001128925,0
img_01508_2023,0,2.4272356e-05,0
img_01498_2023,0,6.2168714e-05,0
img_01499_2023,0,1.941683e-05,0
img_01507_2023,0,4.5588407e-05,0
img_01504_2023,0,0.00088276906,0
img_01511_2023,0,1.6893859e-05,0
img_01510_2023,0,0.0061964155,0
img_01502_2023,0,1.082629e-05,0
img_01489_p01_2023,0,0.0002997109,0
img_01489_p02_2023,0,0.002211538,0
img_01515_2023,0,0.00066453475,0
img_01516_2023,0,0.0007827963,0
img_01522_2023,0,0.0019730174,0
img_01527_2023,0,4.4056396e-05,0
img_01529_2023,0,5.9340757e-05,0
img_01521_2023,0,1.4070561e-06,0
img_01526_2023,0,0.00072488305,0
img_01533_2023,0,1.2912629e-05,0
img_01537_2023,0,2.2356626e-05,0
img_01540_2023,0,0.00048154182,0
img_01546_2023,0,0.00063039723,0
img_01534_2023,0,2.2558499e-05,0
img_01544_2023,0,0.00012648338,0
img_01542_2023,0,7.5290814e-06,0
img_01545_2023,0,8.157104e-05,0
img_01518_2023,0,1.717012e-06,0
img_01553_2023,0,0.0001895912,0
img_01555_2023,0,0.001955168,0
img_01547_2023,0,0.0005528,0
img_01557_2023,0,0.00028924027,0
img_01558_2023,0,0.00013009942,0
img_01556_2023,0,0.0021160014,0
img_01562_2023,0,0.0008472997,0
img_01568_2023,0,0.00011122292,0
img_01561_2023,0,0.00035975943,0
img_01565_2023,0,1.3747011e-05,0
img_01569_2023,0,1.9610776e-05,0
img_01578_2023,0,0.0068348544,0
img_01567_2023,0,0.0035286776,0
img_01571_2023,0,0.00065879285,0
img_01583_2023,0,1.7514329e-05,0
img_01579_2023,0,0.00013863362,0
img_01582_2023,0,0.019515201,0
img_01586_2023,0,1.3237523e-05,0
img_01590_2023,0,0.0002681976,0
img_01594_2023,0,0.0004855266,0
img_01595_2023,0,9.409214e-05,0
img_01604_2023,0,3.9468738e-05,0
img_01603_2023,0,9.942051e-06,0
img_01601_2023,0,0.0021139747,0
img_01600_2023,0,1.84137e-05,0
img_01605_2023,0,3.790566e-05,0
img_01598_2023,0,3.3812626e-05,0
img_01607_2023,0,0.00020886457,0
img_01608_2023,0,3.392996e-06,0
img_01596_2023,0,4.099306e-06,0
img_01609_2023,0,1.9765826e-05,0
img_01618_2023,0,0.00013575787,0
img_01549_p01_2023,0,6.3733285e-05,0
img_01549_p02_2023,0,2.1600528e-05,0
img_01610_2023,0,0.0011842281,0
img_01613_2023,0,1.0814052e-05,0
img_01615_2023,0,0.002085209,0
img_01626_2023,0,0.0006266727,0
img_01627_2023,0,1.0849939e-05,0
img_01606_p01_2023,0,0.00025799044,0
img_01606_p02_2023,0,9.197696e-05,0
img_01622_2023,0,4.2898653e-05,0
img_01636_2023,0,1.1349951e-05,0
img_01632_2023,0,5.2153437e-06,0
img_01635_2023,0,1.0335717e-05,0
img_01633_2023,0,0.0001608167,0
img_01638_2023,0,0.002156963,0
img_01640_2023,0,0.0019637425,0
img_01631_2023,0,3.8272592e-05,0
img_01643_2023,0,1.7542145e-05,0
img_01642_2023,0,5.644871e-05,0
img_01645_2023,0,2.9104667e-05,0
img_01652_2023,0,1.6375003e-05,0
img_01648_2023,0,0.024648927,0
img_01543_p01_2023,0,0.29360533,1
img_01543_p02_2023,0,0.00091925845,0
img_01543_p03_2023,0,0.001246061,0
img_01543_p04_2023,0,0.016513983,0
img_01543_p05_2023,0,3.712328e-05,0
img_01543_p06_2023,0,0.000921838,0
img_01653_2023,0,7.679877e-05,0
img_01634_2023,0,1.3804198e-05,0
img_01655_2023,0,0.0002286333,0
img_01663_2023,0,0.00015774506,0
img_01657_2023,0,0.004255862,0
img_01660_2023,0,5.7893398e-05,0
img_01668_2023,0,0.0019138631,0
img_01665_2023,0,0.00027149738,0
img_01672_2023,0,5.801006e-05,0
img_01678_2023,0,0.00014650251,0
img_01675_2023,0,3.0426233e-06,0
img_01681_2023,0,1.7441076e-05,0
img_01682_2023,0,3.5129087e-05,0
img_01680_2023,0,1.0925748e-05,0
img_01685_2023,0,7.3642236e-06,0
img_01624_p01_2023,0,3.3136115e-05,0
img_01624_p02_2023,0,4.6671994e-05,0
img_01624_p03_2023,0,4.2766307e-05,0
img_01624_p04_2023,0,5.6189627e-05,0
img_01688_2023,0,0.00015566112,0
img_01686_2023,0,0.49919912,1
img_01687_2023,0,1.0332209e-05,0
img_01674_p02_2023,0,0.00015115288,0
img_01692_2023,0,0.00057529315,0
img_01679_p01_2023,0,0.00019140083,0
img_01679_p02_2023,0,0.00018604952,0
img_01695_2023,0,6.317652e-05,0
img_01694_2023,0,4.1042298e-05,0
img_01690_2023,0,2.9901862e-06,0
img_01697_2023,0,6.508704e-05,0
img_01699_2023,0,1.6017237e-05,0
img_01700_2023,0,4.884008e-05,0
img_01704_2023,0,0.00014975542,0
img_01708_2023,0,0.001430959,0
img_01702_2023,0,3.729794e-05,0
img_01703_2023,0,0.00026249624,0
img_01707_2023,0,0.0006457194,0
img_01711_2023,0,0.0014206588,0
img_01705_2023,0,0.0016172619,0
img_01709_2023,0,0.0006353971,0
img_01710_2023,0,0.00040829118,0
img_01712_2023,0,0.9852696,1
img_01715_2023,0,0.0024532776,0
img_01714_2023,0,1.8855413e-05,0
img_01717_2023,0,0.00026391406,0
img_01723_2023,0,1.7005763e-05,0
img_01719_2023,0,3.9855513e-05,0
img_01722_2023,0,0.000241954,0
img_01725_2023,0,1.1031314e-05,0
img_01718_2023,0,9.249916e-05,0
img_01724_2023,0,1.9276757e-05,0
img_01728_2023,0,1.771289e-05,0
img_01727_2023,0,0.00517404,0
img_01730_2023,0,0.0009775409,0
img_01732_2023,0,6.0427923e-05,0
img_01735_2023,0,9.118436e-05,0
img_01720_2023,0,3.042873e-06,0
img_01741_2023,0,3.213853e-05,0
img_01733_2023,0,0.00075865304,0
img_01736_2023,0,0.00040076827,0
img_01742_2023,0,0.0047427528,0
img_01740_2023,0,8.440328e-05,0
img_01738_2023,0,0.00039385242,0
img_01739_2023,0,0.00024757916,0
img_01746_2023,0,0.0009927716,0
img_01745_2023,0,4.7302932e-05,0
img_01755_2023,0,8.907719e-05,0
img_01752_2023,0,7.222672e-05,0
img_01760_2023,0,0.0035861726,0
img_01750_2023,0,0.0001837434,0
img_01753_2023,0,0.001815135,0
img_01761_2023,0,1.2470629e-05,0
img_01759_2023,0,0.00013426437,0
img_01769_2023,0,4.8137153e-05,0
img_01767_2023,0,0.026384415,0
img_01773_2023,0,0.00017985041,0
img_01774_2023,0,3.4315777e-05,0
img_01779_2023,0,0.009577262,0
img_01768_2023,0,0.0006918375,0
img_01780_2023,0,0.29631484,1
img_01734_p01_2023,0,0.006813205,0
img_01734_p02_2023,0,0.0003917444,0
img_01734_p03_2023,0,2.3692333e-05,0
img_01777_2023,0,0.0010353576,0
img_01782_2023,0,0.009205229,0
img_01787_2023,0,4.571261e-05,0
img_01776_2023,0,0.0011764264,0
img_01786_2023,0,0.0030233173,0
img_01784_2023,0,0.00024818938,0
img_01788_2023,0,3.82507e-05,0
img_01791_2023,0,0.0003890336,0
img_01790_2023,0,0.0084362,0
img_01792_2023,0,2.9680103e-05,0
img_01785_2023,0,2.2724282e-05,0
img_01794_2023,0,1.6943342e-05,0
img_01795_2023,0,7.44949e-05,0
img_01799_2023,0,0.019929249,0
img_01666_p01_2023,0,0.0022063777,0
img_01666_p02_2023,0,0.0004079395,0
img_01666_p03_2023,0,0.0048163077,0
img_01666_p04_2023,0,4.7651533e-06,0
img_01666_p05_2023,0,0.0021792008,0
img_01666_p06_2023,0,0.0024534154,0
img_01666_p07_2023,0,0.00024226979,0
img_01798_2023,0,0.00013293377,0
img_01800_2023,0,5.1408864e-05,0
img_01802_2023,0,8.2034e-05,0
img_01813_2023,0,0.001325622,0
img_01806_2023,0,6.4659005e-05,0
img_01805_2023,0,1.5734502e-05,0
img_01812_2023,0,3.8626797e-05,0
img_01815_2023,0,5.5246575e-05,0
img_01818_2023,0,0.00026667662,0
img_01572_p06_2023,0,4.291952e-06,0
img_01572_p07_2023,0,0.00020074406,0
img_01572_p08_2023,0,0.00046900578,0
img_01572_p09_2023,0,4.5827783e-06,0
img_01572_p10_2023,0,4.7110616e-06,0
img_01572_p12_2023,0,1.6826365e-06,0
img_01821_2023,0,0.00021232197,0
img_01826_2023,0,1.5755208e-05,0
img_01822_2023,0,8.97411e-05,0
img_01827_2023,0,0.02574558,0
img_01823_2023,0,0.00083139155,0
img_01834_2023,0,0.0032245358,0
img_01829_2023,0,0.009902868,0
img_01831_2023,0,0.00020679539,0
img_01808_p01_2023,0,8.054617e-05,0
img_01808_p02_2023,0,1.1831703e-05,0
img_01830_2023,0,1.7729011e-05,0
img_01824_2023,0,9.2642076e-05,0
img_01840_2023,0,0.0001273318,0
img_01838_2023,0,4.9985312e-05,0
img_01837_2023,0,5.66404e-05,0
img_01839_2023,0,5.0864383e-06,0
img_01847_2023,0,0.00012158768,0
img_01843_2023,0,6.5905486e-05,0
img_01850_2023,0,0.0005228746,0
img_01848_2023,0,0.00013678179,0
img_01849_2023,0,9.201208e-06,0
img_01856_2023,0,5.694206e-05,0
img_01858_2023,0,6.3524153e-06,0
img_01871_2023,0,3.5817655e-05,0
img_01868_2023,0,1.31330935e-05,0
img_01870_2023,0,1.1808617e-05,0
img_01873_2023,0,7.1461927e-06,0
img_01859_2023,0,8.224675e-06,0
img_01874_2023,0,6.1672654e-05,0
img_01875_2023,0,1.3093164e-05,0
img_01883_2023,0,0.00014112658,0
img_01872_2023,0,4.4600147e-05,0
img_01881_2023,0,4.4432927e-05,0
img_01854_p01_2023,0,3.3244458e-05,0
img_01854_p02_2023,0,7.5788535e-05,0
img_01880_2023,0,6.222352e-05,0
img_01887_2023,0,0.00014454834,0
img_01884_2023,0,0.00018769591,0
img_01885_2023,0,6.364048e-05,0
img_01888_2023,0,4.45151e-06,0
img_01894_2023,0,0.0003611699,0
img_01891_2023,0,0.0010621778,0
img_01895_2023,0,0.0047165696,0
img_01897_2023,0,0.00038976083,0
img_01899_2023,0,0.011569066,0
img_01892_2023,0,9.8672035e-06,0
img_01903_2023,0,0.0020077608,0
img_01904_2023,0,0.0010094162,0
img_01905_2023,0,0.00036076436,0
img_01906_2023,0,9.7082724e-05,0
img_01909_2023,0,7.206408e-05,0
img_01908_2023,0,4.491102e-06,0
img_01917_2023,0,3.975549e-05,0
img_01918_2023,0,0.00011549598,0
img_01913_2023,0,0.00018213618,0
img_01910_2023,0,1.6704624e-05,0
img_01920_2023,0,0.000372526,0
img_01921_2023,0,0.00021230214,0
img_01923_2023,0,0.00011721975,0
img_01926_2023,0,0.00023841189,0
img_01929_2023,0,4.1482676e-06,0
img_01934_2023,0,4.15714e-05,0
img_01931_2023,0,4.878013e-05,0
img_01938_2023,0,0.00080135744,0
img_01932_2023,0,0.0040584295,0
img_01936_2023,0,4.3589764e-05,0
img_01939_2023,0,1.1751189e-05,0
img_01940_2023,0,0.00026670663,0
img_01935_2023,0,0.0012499975,0
img_01941_2023,0,0.0005592913,0
img_01944_2023,0,1.96932e-05,0
img_01948_2023,0,4.2507832e-05,0
img_01945_2023,0,2.3088536e-05,0
img_01946_2023,0,1.3696773e-05,0
img_01950_2023,0,3.9184426e-05,0
img_01952_2023,0,7.995043e-05,0
img_01953_2023,0,1.6336446e-05,0
img_01957_2023,0,1.3667832e-05,0
img_01912_p01_2023,0,5.205083e-06,0
img_01912_p02_2023,0,0.0003195824,0
img_01961_2023,0,5.0606526e-05,0
img_01960_2023,0,0.0053588287,0
img_01819_p01_2023,0,2.8393201e-06,0
img_01819_p02_2023,0,1.875486e-05,0
img_01819_p04_2023,0,4.1620974e-06,0
img_01819_p05_2023,0,7.809861e-06,0
img_01962_2023,0,0.00019235218,0
img_01963_2023,0,0.23738514,1
img_01959_2023,0,8.2503875e-06,0
img_01966_2023,0,5.800901e-05,0
img_01971_2023,0,5.2927593e-05,0
img_01955_2023,0,5.4742495e-06,0
img_01964_2023,0,0.0013258127,0
img_01975_2023,0,0.020524682,0
img_01979_2023,0,0.00022844721,0
img_01972_2023,0,1.3657864e-05,0
img_01978_2023,0,2.858195e-05,0
img_01980_2023,0,3.6645233e-05,0
img_01981_2023,0,2.0875656e-05,0
img_01985_2023,0,0.007040646,0
img_01984_2023,0,0.00012123422,0
img_01982_2023,0,0.007784159,0
img_01988_2023,0,0.0011693994,0
img_01990_2023,0,0.00017575396,0
img_01862_p04_2023,0,0.0030455668,0
img_01989_2023,0,0.00021318004,0
img_01987_2023,0,2.0147287e-05,0
img_01997_2023,0,1.5533524e-05,0
img_01995_2023,0,1.3917545e-05,0
img_01998_2023,0,1.9371755e-05,0
img_01991_2023,0,0.00078204024,0
img_01999_2023,0,0.0001357391,0
img_01996_2023,0,7.6244774e-05,0
img_02010_2023,0,0.02451681,0
img_02007_2023,0,1.1469227e-05,0
img_02011_2023,0,0.00046986385,0
img_02003_2023,0,0.0016255636,0
img_02014_2023,0,6.144371e-05,0
img_02001_2023,0,0.16873834,1
img_02019_2023,0,1.420905e-05,0
img_02021_2023,0,1.6169653e-05,0
img_02016_2023,0,0.0015116093,0
img_02020_2023,0,4.8741695e-06,0
img_02022_2023,0,0.00017429172,0
img_02025_2023,0,1.3198673e-05,0
img_02027_2023,0,0.0011159802,0
img_02030_2023,0,9.461191e-05,0
img_02029_2023,0,0.001449123,0
img_01983_p01_2023,0,1.1004542e-05,0
img_01983_p02_2023,0,6.5274266e-06,0
img_02032_2023,0,0.006323215,0
img_02013_p02_2023,0,5.1101375e-05,0
img_02040_2023,0,0.01007489,0
img_02037_2023,0,0.00013743613,0
img_02038_2023,0,8.057413e-05,0
img_02043_2023,0,2.7355174e-05,0
img_02036_2023,0,0.00015444937,0
img_02044_2023,0,0.17862262,1
img_02042_2023,0,0.00010344414,0
img_02051_2023,0,2.6442083e-05,0
img_02046_2023,0,0.042119604,0
img_02057_2023,0,4.00331e-05,0
img_02047_2023,0,9.573087e-06,0
img_02055_2023,0,9.155352e-05,0
img_02059_2023,0,0.00014527336,0
img_02056_2023,0,0.00016028549,0
img_02063_2023,0,2.9727777e-05,0
img_02058_2023,0,0.00045582792,0
img_02064_2023,0,2.8248944e-05,0
img_02062_2023,0,0.00025063346,0
img_02073_2023,0,0.00039530057,0
img_02077_2023,0,0.00044329432,0
img_02069_2023,0,6.565015e-06,0
img_02078_2023,0,8.5818945e-05,0
img_02052_p01_2023,0,3.7130383e-06,0
img_02052_p02_2023,0,1.3883092e-05,0
img_02079_2023,0,0.000175765,0
img_02050_p02_2023,0,4.129198e-05,0
img_02088_2023,0,0.0074664154,0
img_02085_2023,0,0.00039264697,0
img_02090_2023,0,0.00010434091,0
img_02091_2023,0,2.3764949e-06,0
img_02089_2023,0,4.418675e-05,0
img_02096_2023,0,0.00025699346,0
img_02086_2023,0,1.3441995e-06,0
img_02100_2023,0,5.2972584e-05,0
img_02097_2023,0,0.00020659514,0
img_02099_2023,0,3.142438e-05,0
img_02101_2023,0,0.00013545205,0
img_02102_2023,0,4.3758486e-05,0
img_02106_2023,0,0.012264608,0
img_02103_2023,0,0.00016432845,0
img_02084_p02_2023,0,8.886423e-05,0
img_02108_2023,0,0.015752783,0
img_02107_2023,0,0.00012483203,0
img_02111_2023,0,0.061309565,0
img_02109_2023,0,0.00035234,0
img_02110_2023,0,0.00014172858,0
img_02113_2023,0,0.033233333,0
img_02114_2023,0,0.0007703714,0
img_02112_2023,0,5.5765093e-05,0
img_02116_2023,0,1.1385021e-05,0
img_02035_p01_2023,0,1.3171285e-05,0
img_02035_p02_2023,0,5.773208e-06,0
img_02035_p03_2023,0,0.00017918456,0
img_02035_p04_2023,0,1.9676361e-05,0
img_02118_2023,0,1.8641611e-05,0
img_02122_2023,0,0.00015087238,0
img_02124_2023,0,0.0030863893,0
img_02127_2023,0,4.634517e-05,0
img_02125_2023,0,2.5315792e-05,0
img_02129_2023,0,0.0011182635,0
img_02128_2023,0,0.00033995876,0
img_02134_2023,0,0.0019085003,0
img_02131_2023,0,0.015417914,0
img_02123_2023,0,5.175309e-05,0
img_02105_p01_2023,0,9.1621114e-05,0
img_02105_p02_2023,0,9.473423e-05,0
img_02133_2023,0,0.00020690622,0
img_02136_2023,0,0.0015101827,0
img_02137_2023,0,0.07911801,0
img_02141_2023,0,0.00066719647,0
img_02138_2023,0,0.0004556248,0
img_02142_2023,0,0.0003671726,0
img_02145_2023,0,0.0155490255,0
img_02135_p01_2023,0,1.3416238e-05,0
img_02135_p02_2023,0,0.008906053,0
img_02146_2023,0,1.5316711e-05,0
img_02158_2023,0,2.385521e-05,0
img_02152_2023,0,1.7475606e-05,0
img_02143_p01_2023,0,5.7459114e-05,0
img_02143_p02_2023,0,1.6444283e-05,0
img_02156_2023,0,4.309637e-05,0
img_02164_2023,0,0.00028491154,0
img_02167_2023,0,0.02501115,0
img_02159_2023,0,1.2619565e-05,0
img_02173_2023,0,1.4178458e-05,0
img_02169_2023,0,2.9134073e-05,0
img_02176_2023,0,2.252286e-05,0
img_02179_2023,0,6.485971e-05,0
img_02180_2023,0,1.1275295e-05,0
img_02177_2023,0,9.153317e-06,0
img_01563_p01_2023,0,0.0013082718,0
img_01563_p02_2023,0,0.12558405,0
img_01563_p03_2023,0,0.0017319178,0
img_01563_p04_2023,0,0.00043790697,0
img_01563_p06_2023,0,0.0014787081,0
img_02175_2023,0,7.1901345e-06,0
img_02187_2023,0,0.02037095,0
img_02189_2023,0,6.52011e-06,0
img_02098_p01_2023,0,3.145694e-05,0
img_02098_p02_2023,0,0.00017871533,0
img_02098_p03_2023,0,1.883665e-05,0
img_02098_p04_2023,0,7.5718825e-05,0
img_02098_p05_2023,0,0.000288697,0
img_02098_p06_2023,0,2.6136051e-05,0
img_02195_2023,0,8.137031e-06,0
img_02193_2023,0,0.000116213196,0
img_02197_2023,0,1.8567784e-05,0
img_02194_2023,0,1.077848e-05,0
img_02192_2023,0,0.0020305687,0
img_02198_2023,0,0.037615687,0
img_02199_2023,0,9.3574236e-05,0
img_02202_2023,0,0.00076568406,0
img_02188_2023,0,0.00012736386,0
img_02213_2023,0,2.4294191e-05,0
img_02209_2023,0,0.0012256247,0
img_02201_2023,0,0.09110992,0
img_02210_2023,0,1.652868e-05,0
img_02215_2023,0,0.00022372311,0
img_02207_2023,0,9.854076e-06,0
img_02216_2023,0,0.00013756947,0
img_02208_p01_2023,0,0.00042012404,0
img_02208_p02_2023,0,0.0012718048,0
img_02225_2023,0,4.3286043e-05,0
img_02219_2023,0,1.9918836e-05,0
img_02220_2023,0,0.00037301905,0
img_02218_2023,0,0.00062162976,0
img_02226_2023,0,3.3328863e-05,0
img_02231_2023,0,4.065866e-05,0
img_02236_2023,0,0.00016197258,0
img_02239_2023,0,0.007356728,0
img_02240_2023,0,0.0013752196,0
img_02243_2023,0,4.2022322e-05,0
img_02227_2023,0,0.00020589156,0
img_02217_p01_2023,0,0.0005243581,0
img_02217_p02_2023,0,6.042781e-05,0
img_02221_p01_2023,0,1.5610985e-05,0
img_02221_p02_2023,0,5.945467e-05,0
img_02246_2023,0,0.00069154316,0
img_02245_2023,0,0.00012659717,0
img_02244_2023,0,0.00089583884,0
img_02235_2023,0,0.005850654,0
img_02257_2023,0,2.1953343e-05,0
img_02252_2023,0,0.0003945899,0
img_02255_2023,0,0.0003985452,0
img_02256_2023,0,0.00012626985,0
img_02258_2023,0,0.00047662196,0
img_02263_2023,0,0.0014097315,0
img_02259_2023,0,0.007026269,0
img_02266_2023,0,0.0027924932,0
img_02267_2023,0,6.9633384e-06,0
img_02270_2023,0,4.3263513e-05,0
img_02272_2023,0,9.274602e-06,0
img_02269_2023,0,0.0012724197,0
img_02279_2023,0,1.883144e-05,0
img_02288_2023,0,0.0013586656,0
img_02284_2023,0,0.012846055,0
img_02273_2023,0,9.600973e-06,0
img_02274_2023,0,0.0003984073,0
img_02289_2023,0,0.00010047496,0
img_02281_2023,0,1.0473179e-05,0
img_02285_2023,0,0.00022884614,0
img_02287_2023,0,4.287227e-05,0
img_02282_2023,0,0.00049436523,0
img_02290_2023,0,4.175957e-06,0
img_02292_2023,0,4.24184e-06,0
img_02301_2023,0,0.39853936,1
img_02298_2023,0,0.00021554335,0
img_02297_2023,0,6.0403265e-05,0
img_02295_2023,0,0.00017891142,0
img_02302_2023,0,9.596963e-06,0
img_02306_2023,0,0.0015033416,0
img_02304_2023,0,8.061499e-07,0
img_02311_2023,0,6.6038965e-06,0
img_02313_2023,0,3.5035413e-05,0
img_02280_p01_2023,0,1.125864e-05,0
img_02280_p02_2023,0,0.0013180175,0
img_02316_2023,0,0.03449989,0
img_02320_2023,0,4.4421995e-05,0
img_02319_2023,0,0.00022328689,0
img_02294_2023,0,7.934547e-05,0
img_02329_2023,0,0.00017512914,0
img_02324_2023,0,1.2999378e-05,0
img_02327_2023,0,8.266572e-06,0
img_02328_2023,0,7.540966e-06,0
img_02314_2023,0,0.00010083682,0
img_02332_2023,0,0.00018698783,0
img_02307_p01_2023,0,9.876564e-05,0
img_02307_p02_2023,0,0.00028748353,0
img_02331_2023,0,0.00022501865,0
img_02337_2023,0,0.010643333,0
img_02338_2023,0,0.0002432477,0
img_02339_2023,0,2.6385756e-05,0
img_02341_2023,0,1.5285952e-05,0
img_02343_2023,0,2.817861e-05,0
img_02310_p02_2023,0,0.0002616038,0
img_02310_p03_2023,0,0.00013261636,0
img_02342_2023,0,2.8703475e-05,0
img_02340_2023,0,2.499837e-05,0
img_02308_p01_2023,0,1.2408762e-05,0
img_02308_p02_2023,0,0.00010652156,0
img_02308_p03_2023,0,6.7178216e-06,0
img_02348_2023,0,8.469841e-06,0
img_02296_p02_2023,0,8.808258e-05,0
img_02353_2023,0,0.00083615683,0
img_02350_2023,0,0.00040354038,0
img_02354_2023,0,0.00011729376,0
img_02355_2023,0,0.00017482848,0
img_02359_2023,0,0.0014585895,0
img_02360_2023,0,0.00046416238,0
img_02356_2023,0,3.0268735e-05,0
img_02358_2023,0,0.0001564471,0
img_02367_2023,0,6.071534e-06,0
img_02368_2023,0,1.00910365e-05,0
img_02361_2023,0,2.1776605e-05,0
img_02371_2023,0,0.00010564665,0
img_02372_2023,0,0.009036051,0
img_02370_2023,0,0.025433619,0
img_02365_2023,0,1.1493238e-05,0
img_02362_2023,0,0.00023642373,0
img_02363_2023,0,0.00013674214,0
img_02376_2023,0,0.1415976,0
img_02375_2023,0,0.0001858793,0
img_02379_2023,0,4.5539353e-05,0
img_02384_2023,0,2.8940733e-05,0
img_02382_2023,0,2.473583e-05,0
img_02388_2023,0,0.0018561172,0
img_02383_2023,0,0.0003757444,0
img_02381_2023,0,4.0477295e-05,0
img_02390_2023,0,5.4136317e-06,0
img_02397_2023,0,0.007812203,0
img_02389_2023,0,8.761255e-06,0
img_02393_2023,0,2.0693302e-05,0
img_02387_2023,0,0.0019444191,0
img_02394_2023,0,6.741471e-05,0
img_02398_2023,0,0.00031425364,0
img_02403_2023,0,0.0028501684,0
img_02404_2023,0,0.007527159,0
img_02399_2023,0,0.00040068367,0
img_02392_2023,0,1.878047e-05,0
img_02373_p01_2023,0,3.4663495e-05,0
img_02373_p02_2023,0,0.00015427097,0
img_02374_p01_2023,0,9.8931805e-06,0
img_02374_p02_2023,0,3.3288048e-05,0
img_02405_2023,0,0.00021114963,0
img_02406_2023,0,0.0007101907,0
img_02411_2023,0,1.2153947e-05,0
img_02412_2023,0,0.00011332781,0
img_02415_2023,0,0.0003087452,0
img_02413_2023,0,0.00015930529,0
img_02418_2023,0,3.736555e-05,0
img_02416_2023,0,1.0242959e-05,0
img_02427_2023,0,0.00047988922,0
img_02420_2023,0,0.11415789,0
img_02421_2023,0,1.1415255e-05,0
img_02426_2023,0,4.5469765e-06,0
img_02433_2023,0,2.2021659e-05,0
img_02434_2023,0,0.00042701553,0
img_02424_2023,0,0.080674,0
img_02429_2023,0,9.788438e-06,0
img_02432_2023,0,0.00093200844,0
img_02437_2023,0,3.3871816e-05,0
img_02436_2023,0,0.0003053623,0
img_02441_2023,0,0.0002201741,0
img_02442_2023,0,5.0780563e-05,0
img_02443_2023,0,5.8979076e-05,0
img_02439_2023,0,0.0010215805,0
img_02451_2023,0,2.7684682e-06,0
img_02447_2023,0,0.0013187765,0
img_02449_2023,0,1.649102e-05,0
img_02448_2023,0,0.042858135,0
img_02446_2023,0,0.0013514715,0
img_02450_2023,0,1.3646316e-05,0
img_02408_p01_2023,0,0.014990896,0
img_02408_p02_2023,0,0.020639617,0
img_02408_p03_2023,0,0.010849333,0
img_02456_2023,0,0.00011572231,0
img_02453_2023,0,5.7251706e-05,0
img_02457_2023,0,0.00012885369,0
img_02455_2023,0,0.0009951921,0
img_02464_2023,0,1.5930573e-05,0
img_02435_p01_2023,0,1.16904275e-05,0
img_02435_p02_2023,0,7.980895e-06,0
img_02460_2023,0,0.00014361575,0
img_02470_2023,0,8.1963535e-06,0
img_02467_2023,0,0.13861462,0
img_02475_2023,0,0.00069387385,0
img_02468_2023,0,0.006182337,0
img_02473_2023,0,1.9373032e-05,0
img_02476_2023,0,0.0005280816,0
img_02474_2023,0,2.5249703e-05,0
img_02472_2023,0,0.0011820367,0
img_02479_2023,0,2.0186691e-05,0
img_02481_2023,0,1.3378968e-05,0
img_02487_2023,0,2.1770065e-06,0
img_02414_p01_2023,0,5.3276195e-05,0
img_02414_p02_2023,0,0.0014932425,0
img_02414_p03_2023,0,3.4520326e-05,0
img_02414_p04_2023,0,0.0006361348,0
img_02491_2023,0,2.0531132e-05,0
img_02489_2023,0,0.096872285,0
img_02494_2023,0,0.003265254,0
img_02498_2023,0,3.9563663e-05,0
img_02500_2023,0,0.00023800533,0
img_02502_2023,0,1.0055781e-05,0
img_02506_2023,0,0.003997695,0
img_02504_2023,0,2.059337e-06,0
img_02503_2023,0,0.0002999739,0
img_02072_p01_2023,0,0.1131198,0
img_02072_p02_2023,0,0.012021122,0
img_02072_p03_2023,0,0.13962477,0
img_02072_p04_2023,0,3.4140463e-05,0
img_02072_p05_2023,0,5.3158452e-05,0
img_02072_p06_2023,0,0.003938833,0
img_02072_p07_2023,0,0.0069248197,0
img_02072_p08_2023,0,0.056965753,0
img_02072_p10_2023,0,0.0018925366,0
img_02072_p11_2023,0,0.00031445146,0
img_02072_p12_2023,0,0.00022397793,0
img_02072_p13_2023,0,9.946723e-05,0
img_02072_p14_2023,0,1.0821707e-05,0
img_02072_p16_2023,0,9.023504e-05,0
img_02072_p17_2023,0,0.00012118117,0
img_02072_p18_2023,0,2.8357908e-05,0
img_02505_2023,0,4.9859323e-06,0
img_02497_2023,0,0.002906446,0
img_02507_2023,0,0.0005105121,0
img_02510_2023,0,0.00014526628,0
img_02515_2023,0,1.4723514e-05,0
img_02513_2023,0,8.790301e-05,0
img_02509_2023,0,0.0007300037,0
img_02523_2023,0,0.014822664,0
img_02520_2023,0,2.4338424e-06,0
img_02522_2023,0,8.776674e-05,0
img_02521_2023,0,4.2111216e-05,0
img_02519_2023,0,1.371687e-06,0
img_02512_2023,0,5.2094896e-05,0
img_02532_2023,0,0.00045023768,0
img_02528_2023,0,4.3827895e-05,0
img_02534_2023,0,2.0284957e-05,0
img_02536_2023,0,0.000120812074,0
img_02537_2023,0,0.00016397612,0
img_02540_2023,0,5.3222215e-05,0
img_02535_2023,0,3.9441118e-05,0
img_02542_2023,0,1.3787646e-05,0
img_02546_2023,0,0.00040859645,0
img_02539_2023,0,0.00010788545,0
img_02541_2023,0,0.0013825735,0
img_02547_2023,0,0.0030498307,0
img_02548_2023,0,0.0014454067,0
img_02549_2023,0,1.6511618e-05,0
img_02550_2023,0,0.00013477655,0
img_02553_2023,0,0.01238963,0
img_02557_2023,0,7.442262e-05,0
img_02552_2023,0,0.017926006,0
img_02559_2023,0,4.885548e-06,0
img_02561_2023,0,0.00034625377,0
img_02558_2023,0,3.1194355e-05,0
img_02554_2023,0,9.2136375e-05,0
img_02564_2023,0,1.26085815e-05,0
img_02569_2023,0,1.683848e-05,0
img_02544_p01_2023,0,4.330431e-06,0
img_02544_p02_2023,0,7.1275455e-05,0
img_02572_2023,0,0.0009980809,0
img_02576_2023,0,1.3629877e-05,0
img_02578_2023,0,2.7445515e-06,0
img_02580_2023,0,0.00030407187,0
img_02579_2023,0,8.971501e-05,0
img_02584_2023,0,3.484326e-05,0
img_02581_2023,0,0.010194374,0
img_02587_2023,0,0.00010581361,0
img_02585_2023,0,9.125312e-06,0
img_02588_2023,0,8.640781e-05,0
img_02582_2023,0,0.00037357688,0
img_02590_2023,0,0.00047243544,0
img_02480_p01_2023,0,0.0051391236,0
img_02480_p02_2023,0,0.0065635433,0
img_02480_p03_2023,0,0.0010856806,0
img_02480_p04_2023,0,0.00065846235,0
img_02480_p05_2023,0,0.00091963424,0
img_02480_p06_2023,0,0.0002291278,0
img_02593_2023,0,1.2860068e-05,0
img_02599_2023,0,0.00010015479,0
img_02591_2023,0,0.000118557575,0
img_02594_2023,0,0.00017205368,0
img_02603_2023,0,0.0024805476,0
img_02592_2023,0,0.001697446,0
img_02595_2023,0,0.00012179644,0
img_02598_2023,0,0.0018509455,0
img_02600_2023,0,0.00062098436,0
img_02604_2023,0,5.7562218e-05,0
img_02601_2023,0,9.1686314e-05,0
img_02602_2023,0,0.0008312105,0
img_02607_2023,0,2.037511e-05,0
img_02610_2023,0,0.00052780355,0
img_02616_2023,0,2.5528847e-05,0
img_02605_2023,0,2.986524e-06,0
img_02613_2023,0,2.1296113e-05,0
img_02614_2023,0,3.8312726e-05,0
img_02617_2023,0,3.7320107e-05,0
img_02615_2023,0,6.329038e-06,0
img_02618_2023,0,0.00021073048,0
img_02619_2023,0,1.1465618e-05,0
img_02622_2023,0,7.361773e-05,0
img_02627_2023,0,9.917249e-05,0
img_02630_2023,0,4.218426e-06,0
img_02633_2023,0,7.618562e-05,0
img_02632_2023,0,1.9266832e-05,0
img_02634_2023,0,3.6627698e-05,0
img_02638_2023,0,0.00022645619,0
img_02637_2023,0,0.0013287587,0
img_02625_2023,0,0.00012655673,0
img_02639_2023,0,0.0041098376,0
img_02635_2023,0,0.00021146172,0
img_02640_2023,0,0.000120928264,0
img_02641_2023,0,8.628932e-05,0
img_02631_2023,0,4.7654237e-05,0
img_02649_2023,0,0.00070623256,0
img_02646_2023,0,0.051215574,0
img_02648_2023,0,7.764154e-05,0
img_02643_2023,0,7.3875126e-05,0
img_02636_2023,0,1.1623671e-05,0
img_02644_2023,0,8.057732e-07,0
img_02652_2023,0,8.908326e-06,0
img_02653_2023,0,0.0003353597,0
img_02651_2023,0,0.00012704945,0
img_02654_2023,0,4.6352237e-05,0
img_02657_2023,0,0.00038829242,0
img_02661_2023,0,0.00016852368,0
img_02662_2023,0,0.0014041475,0
img_02668_2023,0,4.658484e-05,0
img_02675_2023,0,0.001064204,0
img_02663_2023,0,0.00065990986,0
img_02676_2023,0,0.0004544649,0
img_02671_2023,0,4.8908267e-05,0
img_02620_p04_2023,0,0.0059585236,0
img_02664_2023,0,0.00078996725,0
img_02655_p01_2023,0,4.7722247e-06,0
img_02655_p02_2023,0,0.0015339785,0
img_02681_2023,0,0.00014417144,0
img_02685_2023,0,2.2017333e-05,0
img_02682_2023,0,1.3019203e-05,0
img_02691_2023,0,0.011172614,0
img_02687_2023,0,0.0075735636,0
img_02684_2023,0,0.007157226,0
img_02683_2023,0,3.4157558e-05,0
img_02699_2023,0,2.4785131e-05,0
img_02707_2023,0,0.000109770685,0
img_02697_2023,0,6.9777554e-05,0
img_02700_2023,0,7.5679476e-05,0
img_02708_2023,0,0.00012561773,0
img_02688_p01_2023,0,0.0012801491,0
img_02688_p02_2023,0,0.0013586022,0
img_02692_2023,0,1.934543e-05,0
img_02713_2023,0,0.00309225,0
img_02716_2023,0,2.0267207e-05,0
img_02721_2023,0,2.2476555e-05,0
img_02717_2023,0,0.00028764666,0
img_02718_2023,0,0.00018810906,0
img_02724_2023,0,1.8180981e-05,0
img_02488_p01_2023,0,0.00022052307,0
img_02488_p02_2023,0,0.0004707737,0
img_02488_p03_2023,0,0.00010703576,0
img_02488_p04_2023,0,6.2050617e-06,0
img_02488_p05_2023,0,0.0004738986,0
img_02488_p06_2023,0,0.0006333297,0
img_02488_p07_2023,0,1.5841915e-05,0
img_02488_p08_2023,0,3.3517463e-06,0
img_02488_p09_2023,0,2.8790562e-06,0
img_02488_p10_2023,0,3.0406218e-06,0
img_02488_p11_2023,0,2.502568e-05,0
img_02488_p12_2023,0,2.6422153e-06,0
img_02488_p13_2023,0,0.00023992898,0
img_02722_2023,0,0.0013363111,0
img_02732_2023,0,0.00015838577,0
img_02729_2023,0,0.00030841923,0
img_02731_2023,0,9.1722344e-05,0
img_02735_2023,0,0.0020458621,0
img_02734_2023,0,3.2368265e-05,0
img_02741_2023,0,0.0039633,0
img_02738_2023,0,3.0366427e-05,0
img_02744_2023,0,7.324245e-06,0
img_02745_2023,0,0.00021351487,0
img_02747_2023,0,3.597262e-05,0
img_02743_2023,0,5.6051977e-05,0
img_02742_2023,0,9.343246e-05,0
img_02748_2023,0,2.3058872e-05,0
img_02740_2023,0,0.00378889,0
img_02752_2023,0,9.461847e-06,0
img_02753_2023,0,0.0003314369,0
img_02749_2023,0,8.561795e-05,0
img_02754_2023,0,0.119409405,0
img_02750_2023,0,0.00011476199,0
img_02758_2023,0,1.144937e-05,0
img_02759_2023,0,3.9702183e-05,0
img_02757_2023,0,0.00022762817,0
img_02761_2023,0,0.00027195463,0
img_02762_2023,0,1.7819646e-05,0
img_02767_2023,0,0.0001946026,0
img_02772_2023,0,6.6296925e-05,0
img_02770_2023,0,3.2839525e-05,0
img_02773_2023,0,1.9782761e-05,0
img_02778_2023,0,0.0004328563,0
img_02777_2023,0,0.36280176,1
img_02771_2023,0,1.1122192e-05,0
img_02779_2023,0,0.026945941,0
img_02783_2023,0,0.00017331148,0
img_02784_2023,0,1.1362937e-05,0
img_02787_2023,0,0.004573971,0
img_02791_2023,0,0.00029737386,0
img_02695_p01_2023,0,0.0008165918,0
img_02695_p03_2023,0,0.00066693366,0
img_02695_p04_2023,0,0.022564547,0
img_02695_p05_2023,0,0.0046617053,0
img_02695_p06_2023,0,0.00013705138,0
img_02695_p07_2023,0,0.0002534179,0
img_02756_p01_2023,0,6.226764e-06,0
img_02756_p02_2023,0,6.273524e-06,0
img_02756_p03_2023,0,9.1322276e-05,0
img_02775_p01_2023,0,0.00042955249,0
img_02792_2023,0,7.865421e-05,0
img_02785_2023,0,0.291088,1
img_02794_2023,0,0.00014977642,0
img_02795_2023,0,4.1303692e-06,0
img_02798_2023,0,4.494376e-05,0
img_02782_2023,0,5.5574877e-05,0
img_02799_2023,0,0.00047634353,0
img_02801_2023,0,0.0008107608,0
img_02808_2023,0,0.000109192006,0
img_02802_2023,0,1.0838522e-05,0
img_02809_2023,0,0.0006313924,0
img_02805_2023,0,1.3200145e-05,0
img_02806_2023,0,0.012647217,0
img_02803_2023,0,8.9496774e-05,0
img_02812_2023,0,2.1537013e-05,0
img_02813_2023,0,1.3842637e-05,0
img_02816_2023,0,0.018226586,0
img_02820_2023,0,0.0009923625,0
img_02819_2023,0,0.008887671,0
img_02822_2023,0,7.07217e-05,0
img_02825_2023,0,0.00016536949,0
img_02814_2023,0,1.5223687e-05,0
img_02823_2023,0,0.0002354335,0
img_02828_2023,0,8.866948e-06,0
img_02824_2023,0,0.00056323846,0
img_02829_2023,0,0.00049746496,0
img_02832_2023,0,0.007831146,0
img_02833_2023,0,7.0970013e-06,0
img_02817_2023,0,5.5554265e-05,0
img_02837_2023,0,3.4639736e-05,0
img_02840_2023,0,3.8064827e-05,0
img_02835_2023,0,0.0006594559,0
img_02843_2023,0,2.255568e-05,0
img_02844_2023,0,0.00011100847,0
img_02848_2023,0,7.6906654e-05,0
img_02831_2023,0,3.2635566e-05,0
img_02846_2023,0,0.01873551,0
img_02852_2023,0,0.00049557444,0
img_02849_2023,0,0.0012018054,0
img_02856_2023,0,0.002390489,0
img_02855_2023,0,8.9383575e-06,0
img_02858_2023,0,0.00016187639,0
img_02850_2023,0,3.469575e-06,0
img_02868_2023,0,5.0051087e-05,0
img_02872_2023,0,5.9133513e-06,0
img_02865_2023,0,0.00010041787,0
img_02864_2023,0,2.6338546e-05,0
img_02869_2023,0,0.0011707792,0
img_02867_2023,0,1.4108226e-05,0
img_02874_2023,0,0.000111930465,0
img_02873_2023,0,4.655038e-05,0
img_02857_p01_2023,0,0.0013603573,0
img_02857_p02_2023,0,0.0019243108,0
img_02883_2023,0,0.00025118823,0
img_02815_p01_2023,0,0.00036175054,0
img_02815_p02_2023,0,0.0005313947,0
img_02815_p03_2023,0,0.0013836419,0
img_02815_p04_2023,0,0.0008498454,0
img_02876_2023,0,6.7617904e-05,0
img_02881_2023,0,0.0004449933,0
img_02877_2023,0,0.0001333446,0
img_02878_2023,0,0.08798707,0
img_02892_2023,0,0.006785657,0
img_02891_2023,0,2.4481344e-05,0
img_02886_2023,0,7.3226383e-06,0
img_02836_p01_2023,0,0.00019897053,0
img_02836_p02_2023,0,6.591592e-05,0
img_02836_p03_2023,0,0.00025942622,0
img_02836_p04_2023,0,0.00035357152,0
img_02889_2023,0,0.000251418,0
img_02902_2023,0,2.3012306e-06,0
img_02893_2023,0,0.0003472405,0
img_02900_2023,0,6.019019e-06,0
img_02904_2023,0,1.2549453e-05,0
img_02896_2023,0,0.09920168,0
img_02903_2023,0,0.00020986126,0
img_02907_2023,0,0.00027389292,0
img_02909_2023,0,0.00010114662,0
img_02920_2023,0,5.5927787e-05,0
img_02921_2023,0,0.031731814,0
img_02922_2023,0,0.00011165873,0
img_02925_2023,0,0.00172311,0
img_02919_2023,0,0.00020310836,0
img_02931_2023,0,4.2868593e-05,0
img_02933_2023,0,7.3287614e-05,0
img_02913_2023,0,0.0006631868,0
img_02937_2023,0,0.0026035456,0
img_02936_2023,0,7.4799136e-05,0
img_02940_2023,0,2.4490512e-06,0
img_02934_2023,0,5.3470216e-05,0
img_02939_2023,0,1.8245004e-05,0
img_02943_2023,0,3.0916384e-05,0
img_02942_2023,0,1.2988572e-05,0
img_02941_2023,0,0.0054171234,0
img_02938_2023,0,0.0002511006,0
img_02947_2023,0,4.4492945e-06,0
img_02946_2023,0,3.154469e-05,0
img_02949_2023,0,0.0020689308,0
img_02950_2023,0,4.683102e-05,0
img_02954_2023,0,0.009281206,0
img_02953_2023,0,0.00014900476,0
img_02948_2023,0,6.8280897e-06,0
img_02962_2023,0,5.3961918e-05,0
img_02952_2023,0,4.7704798e-05,0
img_02960_2023,0,2.8303575e-05,0
img_02944_2023,0,0.00027777845,0
img_02959_2023,0,0.01208455,0
img_02961_2023,0,0.000460334,0
img_02930_p01_2023,0,5.9589797e-06,0
img_02930_p02_2023,0,4.6716013e-06,0
img_02958_2023,0,0.00011812808,0
img_02955_2023,0,1.1201205e-05,0
img_02966_2023,0,0.0069872234,0
img_02967_2023,0,5.2085208e-05,0
img_02965_2023,0,9.447718e-06,0
img_02971_2023,0,0.0009632646,0
img_02972_2023,0,0.0005225701,0
img_02970_2023,0,1.8310071e-05,0
img_02977_2023,0,7.503331e-05,0
img_02981_2023,0,4.460383e-06,0
img_02973_2023,0,0.00042572405,0
img_02983_2023,0,3.310279e-05,0
img_02978_2023,0,3.5222143e-05,0
img_02986_2023,0,0.0001676887,0
img_02984_2023,0,3.9171497e-05,0
img_02990_2023,0,0.000117792435,0
img_02985_2023,0,8.5978594e-05,0
img_02991_2023,0,0.019691978,0
img_02988_2023,0,0.00768075,0
img_02994_2023,0,0.0027436935,0
img_02993_2023,0,3.876041e-05,0
img_02996_2023,0,0.00048567497,0
img_02999_2023,0,4.3748554e-05,0
img_02796_p01_2023,0,8.551809e-06,0
img_02796_p02_2023,0,2.2284383e-05,0
img_02796_p03_2023,0,5.0540607e-06,0
img_02796_p04_2023,0,3.8630365e-06,0
img_02796_p05_2023,0,2.2880937e-05,0
img_02796_p06_2023,0,0.00026738338,0
img_02796_p07_2023,0,8.952152e-06,0
img_02796_p08_2023,0,4.472123e-05,0
img_02796_p09_2023,0,1.2476101e-05,0
img_02995_2023,0,4.4002318e-05,0
img_03007_2023,0,0.001852779,0
img_02998_2023,0,5.252289e-05,0
img_03006_2023,0,0.0023312778,0
img_03014_2023,0,0.077572115,0
img_03004_2023,0,0.00023496461,0
img_03012_2023,0,0.001046468,0
img_03018_2023,0,5.9537957e-05,0
img_03023_2023,0,2.9761448e-05,0
img_03020_2023,0,2.8798617e-05,0
img_03029_2023,0,4.5188168e-05,0
img_03028_2023,0,1.6541926e-05,0
img_03030_2023,0,1.3050541e-05,0
img_03026_2023,0,2.1779617e-05,0
img_03031_2023,0,0.00015802568,0
img_03033_2023,0,2.9541481e-05,0
img_03034_2023,0,0.0010275132,0
img_03025_2023,0,0.0006342043,0
img_02976_p01_2023,0,2.1190766e-05,0
img_02976_p02_2023,0,0.00015601523,0
img_02976_p03_2023,0,3.7876678e-05,0
img_02976_p04_2023,0,7.4291056e-06,0
img_03036_2023,0,0.00022073659,0
img_03037_2023,0,6.9978355e-06,0
img_03040_2023,0,1.5788388e-05,0
img_03046_2023,0,1.8019424e-06,0
img_03044_2023,0,2.9242548e-05,0
img_03047_2023,0,1.209454e-05,0
img_03051_2023,0,0.00015400935,0
img_03056_2023,0,7.713502e-06,0
img_03054_2023,0,0.00033925587,0
img_03057_2023,0,4.2322636e-06,0
img_03052_2023,0,6.0636306e-05,0
img_03053_2023,0,0.0008621332,0
img_03061_2023,0,0.0004765445,0
img_03060_2023,0,0.00019355818,0
img_03066_2023,0,2.6066653e-05,0
img_03059_2023,0,0.0027935675,0
img_03068_2023,0,3.6070036e-05,0
img_03070_2023,0,7.569168e-05,0
img_03072_2023,0,0.0011965015,0
img_03062_2023,0,0.2768571,1
img_03069_2023,0,0.00019049887,0
img_03039_p01_2023,0,3.8256303e-06,0
img_03039_p02_2023,0,1.719372e-05,0
img_03074_2023,0,3.993522e-05,0
img_03063_2023,0,0.001243349,0
img_03076_2023,0,0.0003336622,0
img_03078_2023,0,2.4505207e-06,0
img_03080_2023,0,3.1956322e-05,0
img_03086_2023,0,0.00037356815,0
img_03084_2023,0,0.0013219625,0
img_03093_2023,0,0.000977995,0
img_03096_2023,0,1.7646982e-05,0
img_03091_2023,0,0.006440049,0
img_03095_2023,0,0.00026332267,0
img_03087_2023,0,0.0006802846,0
img_03081_2023,0,0.0023315572,0
img_03100_2023,0,6.0132115e-05,0
img_03111_2023,0,0.00010214584,0
img_03110_2023,0,2.2394886e-05,0
img_03107_2023,0,0.00011138595,0
img_03106_2023,0,0.00013502792,0
img_03117_2023,0,7.7975434e-05,0
img_03114_2023,0,0.000100448415,0
img_03118_2023,0,9.850204e-06,0
img_03121_2023,0,1.0263788e-05,0
img_03122_2023,0,0.0016595979,0
img_03123_2023,0,1.7137014e-05,0
img_03124_2023,0,2.8794551e-05,0
img_03127_2023,0,2.7178487e-05,0
img_03125_2023,0,2.9913794e-05,0
img_02987_p01_2023,0,0.00067257776,0
img_02987_p02_2023,0,0.00093897583,0
img_02987_p03_2023,0,0.007602286,0
img_02987_p04_2023,0,0.0017758335,0
img_03137_2023,0,0.00020450789,0
img_03134_2023,0,4.600294e-05,0
img_03132_2023,0,1.7528082e-05,0
img_03138_2023,0,0.00012152462,0
img_03130_2023,0,6.42746e-05,0
img_03136_2023,0,4.9726583e-05,0
img_03141_2023,0,0.00022500943,0
img_03129_2023,0,6.970122e-06,0
img_03139_2023,0,0.00019301026,0
img_03126_2023,0,0.0021553093,0
img_03112_2023,0,5.4353227e-06,0
img_03108_p01_2023,0,4.4693985e-05,0
img_03108_p02_2023,0,0.00031793345,0
img_03143_2023,0,0.0005164256,0
img_03147_2023,0,0.0009069032,0
img_03142_2023,0,0.00015631289,0
img_03144_2023,0,0.00012769426,0
img_03103_p01_2023,0,0.0018157068,0
img_03103_p02_2023,0,5.755206e-05,0
img_03103_p03_2023,0,0.00017909729,0
img_03103_p04_2023,0,3.7994687e-05,0
img_03008_p01_2023,0,2.3209113e-05,0
img_03008_p02_2023,0,2.0221414e-05,0
img_03008_p03_2023,0,0.00011111407,0
img_03008_p04_2023,0,0.00025358636,0
img_03008_p05_2023,0,0.00026008548,0
img_03008_p06_2023,0,0.24004433,1
img_03008_p07_2023,0,0.35242715,1
img_03008_p08_2023,0,0.0055290153,0
img_03149_2023,0,3.7890804e-05,0
img_03131_p01_2023,0,0.0021034142,0
img_03131_p02_2023,0,0.005570451,0
img_03153_2023,0,0.0141690085,0
img_03151_2023,0,0.00034471415,0
img_03156_2023,0,1.8280323e-05,0
img_03158_2023,0,0.032552768,0
img_03154_2023,0,0.037465677,0
img_03152_2023,0,7.427875e-05,0
img_03159_2023,0,0.00031486392,0
img_03155_2023,0,1.4337464e-05,0
img_03157_2023,0,6.570204e-05,0
img_03167_2023,0,0.00015868386,0
img_03170_2023,0,4.451075e-05,0
img_03162_2023,0,0.00035182043,0
img_03169_2023,0,0.0006639748,0
img_03177_2023,0,0.124916874,0
img_03179_2023,0,1.0299321e-05,0
img_03174_2023,0,0.00012906322,0
img_03182_2023,0,0.0038291535,0
img_03181_2023,0,9.499169e-06,0
img_03176_2023,0,0.00021156718,0
img_03184_2023,0,2.9949559e-05,0
img_03173_2023,0,0.0034043675,0
img_03178_2023,0,3.300835e-05,0
img_03185_2023,0,3.2917127e-05,0
img_03188_2023,0,0.0002497261,0
img_03187_2023,0,3.5626712e-05,0
img_03183_2023,0,0.00058053085,0
img_03190_2023,0,0.00014478588,0
img_03199_2023,0,0.0005152721,0
img_03191_2023,0,0.00011427277,0
img_03203_2023,0,0.0013491136,0
img_03204_2023,0,0.006613839,0
img_03206_2023,0,0.00017312533,0
img_03198_2023,0,7.363907e-05,0
img_03201_2023,0,7.0562586e-05,0
img_03207_2023,0,0.016661655,0
img_03213_2023,0,1.5398407e-06,0
img_03200_p01_2023,0,0.0010528031,0
img_03200_p02_2023,0,5.4018143e-05,0
img_03219_2023,0,1.5594751e-05,0
img_03217_2023,0,0.0006776016,0
img_03221_2023,0,2.4831314e-05,0
img_03215_2023,0,0.00024446903,0
img_03225_2023,0,0.017177837,0
img_03226_2023,0,0.0005263855,0
img_03224_2023,0,0.00037230144,0
img_03229_2023,0,0.0026938384,0
img_03223_2023,0,5.32932e-06,0
img_03233_2023,0,1.4622514e-05,0
img_03237_2023,0,0.00038943754,0
img_03220_p02_2023,0,1.4336589e-05,0
img_03241_2023,0,2.1206151e-05,0
img_03250_2023,0,4.3380263e-05,0
img_03247_2023,0,1.1364854e-05,0
img_03186_p01_2023,0,0.00018779152,0
img_03186_p02_2023,0,1.4329084e-05,0
img_03186_p03_2023,0,0.00018166304,0
img_03186_p04_2023,0,2.5460746e-05,0
img_03253_2023,0,0.029333416,0
img_03252_2023,0,0.00040612917,0
img_03251_2023,0,0.045390353,0
img_03257_2023,0,1.9363648e-05,0
img_03249_2023,0,4.155479e-05,0
img_03265_2023,0,5.6633384e-05,0
img_03261_2023,0,0.00012848058,0
img_03262_2023,0,0.0024067196,0
img_03263_2023,0,8.07723e-05,0
img_03260_2023,0,6.403734e-05,0
img_03266_2023,0,0.0005859048,0
img_03269_2023,0,1.144854e-05,0
img_03275_2023,0,7.047482e-05,0
img_03272_2023,0,0.00033473366,0
img_03273_2023,0,1.9115514e-05,0
img_03279_2023,0,8.882086e-05,0
img_03277_2023,0,0.00047430463,0
img_03276_2023,0,1.3337223e-05,0
img_03285_2023,0,1.0084582e-05,0
img_03282_2023,0,4.1527142e-05,0
img_03281_2023,0,0.00058454764,0
img_03286_2023,0,0.016869642,0
img_03287_2023,0,0.0011906287,0
img_03284_2023,0,9.00409e-06,0
img_03290_2023,0,5.195606e-06,0
img_03291_2023,0,0.002263354,0
img_03254_p01_2023,0,4.230036e-06,0
img_03254_p02_2023,0,0.000104310464,0
img_03289_2023,0,1.23545515e-05,0
img_03296_2023,0,8.788868e-05,0
img_03298_2023,0,0.00013161509,0
img_03297_2023,0,3.3739187e-05,0
img_03301_2023,0,0.00041539315,0
img_03303_2023,0,0.00030768177,0
img_03299_2023,0,5.6882633e-05,0
img_03278_p01_2023,0,1.2411639e-05,0
img_03278_p02_2023,0,2.9488368e-05,0
img_03300_2023,0,8.463196e-06,0
img_03306_2023,0,0.00012065435,0
img_03309_2023,0,1.1562222e-05,0
img_03310_2023,0,7.161284e-06,0
img_03311_2023,0,0.00040636444,0
img_03313_2023,0,4.9269656e-06,0
img_03312_2023,0,6.044769e-05,0
img_03319_2023,0,0.0001128881,0
img_03321_2023,0,0.00035961304,0
img_03316_2023,0,0.0003068773,0
img_03317_2023,0,0.02734649,0
img_03308_2023,0,2.2461554e-05,0
img_03314_2023,0,5.6214874e-05,0
img_03323_2023,0,1.020397e-05,0
img_03326_2023,0,0.00012454667,0
img_03336_2023,0,2.0452144e-05,0
img_03328_2023,0,0.00024845812,0
img_03327_2023,0,3.8757156e-05,0
img_03335_2023,0,0.0004225135,0
img_03325_2023,0,5.30301e-05,0
img_03332_2023,0,9.678319e-07,0
img_03330_2023,0,0.0002208368,0
img_03337_2023,0,0.0001395288,0
img_03324_2023,0,0.00022796851,0
img_03333_2023,0,0.0017415431,0
img_03334_2023,0,0.0014969775,0
img_03339_2023,0,7.2237917e-06,0
img_03338_2023,0,1.09890725e-05,0
img_03258_p01_2023,0,1.3377145e-05,0
img_03258_p02_2023,0,1.3213709e-05,0
img_03343_2023,0,2.4442783e-05,0
img_03345_2023,0,4.1629705e-06,0
img_03344_2023,0,0.0002669491,0
img_03347_2023,0,1.632408e-05,0
img_03342_2023,0,2.4903955e-05,0
img_03346_2023,0,0.0022611646,0
img_03352_2023,0,0.00016550926,0
img_03353_2023,0,3.1723855e-05,0
img_03351_2023,0,0.0030942764,0
img_03350_2023,0,0.00035465774,0
img_03348_2023,0,2.2156328e-05,0
img_03349_2023,0,1.6087104e-05,0
img_03354_2023,0,0.00011681871,0
img_03357_2023,0,0.00065648666,0
img_03359_2023,0,5.099664e-06,0
img_03365_2023,0,2.1331412e-06,0
img_03364_2023,0,6.0686292e-05,0
img_03366_2023,0,7.8826306e-05,0
img_03360_2023,0,6.836469e-06,0
img_03368_2023,0,6.630281e-06,0
img_03373_2023,0,4.5414108e-05,0
img_03362_2023,0,0.0095346635,0
img_03372_2023,0,3.3371227e-05,0
img_03375_2023,0,0.00013637962,0
img_03376_2023,0,0.00924876,0
img_03379_2023,0,0.0008495301,0
img_03380_2023,0,0.00017116239,0
img_03378_2023,0,0.00019164753,0
img_03374_2023,0,7.292906e-05,0
img_03377_2023,0,9.040117e-05,0
img_03381_2023,0,0.00010427695,0
img_03363_2023,0,3.2976037e-05,0
img_03386_2023,0,0.00012315172,0
img_03384_2023,0,0.00023302162,0
img_03388_2023,0,2.8276845e-06,0
img_03389_2023,0,0.0003275512,0
img_03395_2023,0,0.007745958,0
img_03387_2023,0,0.008785406,0
img_03391_2023,0,1.1495332e-05,0
img_03385_2023,0,1.2132361e-05,0
img_03396_2023,0,2.374952e-05,0
img_03398_2023,0,0.017970096,0
img_03280_p01_2023,0,0.0066297823,0
img_03280_p02_2023,0,0.00021252957,0
img_03280_p03_2023,0,6.8458634e-05,0
img_03280_p04_2023,0,0.00021607011,0
img_03280_p05_2023,0,0.00076191913,0
img_03280_p06_2023,0,0.06431304,0
img_03399_2023,0,6.380425e-05,0
img_03401_2023,0,2.0637057e-05,0
img_03404_2023,0,4.115326e-06,0
img_03400_2023,0,5.7277625e-06,0
img_03407_2023,0,2.4991243e-05,0
img_03402_2023,0,3.2375458e-05,0
img_03414_2023,0,0.0017273697,0
img_03409_2023,0,1.7539553e-05,0
img_03410_2023,0,8.5301787e-07,0
img_03415_2023,0,2.1425303e-05,0
img_03416_2023,0,0.00022189762,0
img_03420_2023,0,0.0007120689,0
img_03418_2023,0,7.841119e-05,0
img_03423_2023,0,1.3268716e-05,0
img_03406_p01_2023,0,0.00076789845,0
img_03425_2023,0,1.9625742e-05,0
img_03419_2023,0,0.00015801695,0
img_03413_2023,0,0.00051009207,0
img_03422_2023,0,0.00018507655,0
img_03370_p01_2023,0,3.54251e-05,0
img_03370_p02_2023,0,1.916043e-05,0
img_03370_p03_2023,0,2.1044318e-05,0
img_03370_p04_2023,0,3.3148346e-05,0
img_03426_2023,0,2.577342e-05,0
img_03427_2023,0,0.00019883797,0
img_03438_2023,0,6.4518026e-05,0
img_03437_2023,0,1.8911871e-05,0
img_03434_2023,0,3.2812695e-05,0
img_03443_2023,0,0.0011785788,0
img_03442_2023,0,1.2801298e-05,0
img_03433_2023,0,0.00057921355,0
img_03429_p01_2023,0,5.9203405e-05,0
img_03429_p02_2023,0,0.00014747451,0
img_03446_2023,0,9.978634e-05,0
img_03382_p01_2023,0,0.0001644112,0
img_03382_p02_2023,0,0.0037362631,0
img_03382_p03_2023,0,0.0005094296,0
img_03382_p04_2023,0,0.0025790588,0
img_03382_p05_2023,0,0.00010443029,0
img_03430_p01_2023,0,0.00043956545,0
img_03430_p02_2023,0,9.693943e-06,0
img_03450_2023,0,2.534781e-06,0
img_03448_2023,0,7.228851e-06,0
img_03451_2023,0,0.00013544728,0
img_03455_2023,0,0.00027289096,0
img_03454_2023,0,0.0001739867,0
img_03459_2023,0,5.5630127e-05,0
img_03460_2023,0,0.0009111015,0
img_03458_2023,0,2.4961611e-05,0
img_03283_p01_2023,0,3.6735157e-05,0
img_03283_p02_2023,0,1.0505581e-05,0
img_03283_p03_2023,0,3.0031757e-05,0
img_03283_p04_2023,0,0.00027746003,0
img_03283_p05_2023,0,1.0464254e-05,0
img_03283_p06_2023,0,1.2328001e-05,0
img_03457_2023,0,0.00034199335,0
img_03453_2023,0,2.3695791e-05,0
img_03465_2023,0,2.9034805e-05,0
img_03468_2023,0,0.13923456,0
img_03462_2023,0,0.0010524697,0
img_03467_2023,0,0.00043445095,0
img_03478_2023,0,0.016778126,0
img_03475_2023,0,3.435274e-06,0
img_03469_2023,0,6.348931e-05,0
img_03479_2023,0,1.5020766e-05,0
img_03483_2023,0,0.12011774,0
img_03487_2023,0,2.5407287e-05,0
img_03484_2023,0,8.922678e-07,0
img_03488_2023,0,5.410728e-05,0
img_03490_2023,0,0.0048795026,0
img_03489_2023,0,0.0005173062,0
img_03491_2023,0,0.0012827397,0
img_03493_2023,0,0.00022978126,0
img_03421_p01_2023,0,0.00015507403,0
img_03421_p02_2023,0,0.0016848936,0
img_03421_p03_2023,0,0.00071337784,0
img_03421_p04_2023,0,0.031410966,0
img_03421_p05_2023,0,3.1560245e-05,0
img_03499_2023,0,5.0734576e-05,0
img_03495_2023,0,1.44607475e-05,0
img_03498_2023,0,3.35681e-05,0
img_03500_2023,0,2.1847412e-05,0
img_03503_2023,0,9.995443e-05,0
img_03505_2023,0,2.6918551e-06,0
img_03504_2023,0,0.00021055434,0
img_03502_2023,0,0.00021490658,0
img_03501_2023,0,7.880421e-05,0
img_03514_2023,0,0.00012851943,0
img_03511_2023,0,0.00022815357,0
img_03482_p01_2023,0,4.133323e-05,0
img_03482_p02_2023,0,1.1042123e-05,0
img_03482_p03_2023,0,1.705782e-05,0
img_03519_2023,0,0.00031208785,0
img_03515_2023,0,0.0001401384,0
img_03512_2023,0,4.5712245e-06,0
img_03516_2023,0,1.3954917e-05,0
img_03520_2023,0,4.8216907e-06,0
img_03524_2023,0,0.0012142423,0
img_03525_2023,0,1.0794188e-05,0
img_03510_2023,0,0.0002297344,0
img_03527_2023,0,2.1846976e-05,0
img_03526_2023,0,2.3071412e-05,0
img_03535_2023,0,0.54784554,1
img_03509_p01_2023,0,0.00018332146,0
img_03509_p02_2023,0,0.00015245374,0
img_03536_2023,0,5.79382e-06,0
img_03537_2023,0,3.1280535e-05,0
img_03538_2023,0,2.8199174e-05,0
img_03544_2023,0,8.1783975e-05,0
img_03547_2023,0,0.00032134034,0
img_03543_2023,0,0.07832867,0
img_03546_2023,0,0.0004535816,0
img_03553_2023,0,0.0008361437,0
img_03552_2023,0,0.24560286,1
img_03550_2023,0,2.7079113e-06,0
img_03530_p01_2023,0,0.014574824,0
img_03530_p02_2023,0,3.388293e-05,0
img_03554_2023,0,0.010794803,0
img_03555_2023,0,2.2511585e-05,0
img_03560_2023,0,0.0004251167,0
img_03559_2023,0,0.0007325138,0
img_03558_2023,0,0.00024557288,0
img_03507_p01_2023,0,0.0006488087,0
img_03507_p02_2023,0,7.97069e-05,0
img_03507_p04_2023,0,9.334315e-05,0
img_03566_2023,0,0.0005726533,0
img_03571_2023,0,0.0005762439,0
img_03565_2023,0,0.00040848216,0
img_03568_2023,0,0.0005338132,0
img_03570_2023,0,0.029221186,0
img_03572_2023,0,0.0018979693,0
img_03564_2023,0,0.0023302643,0
img_03575_2023,0,0.0011524397,0
img_03574_2023,0,0.00011556584,0
img_03576_2023,0,0.00040660333,0
img_03506_p01_2023,0,2.3717404e-05,0
img_03506_p02_2023,0,0.00014543261,0
img_03506_p03_2023,0,7.2703115e-05,0
img_03506_p04_2023,0,3.3019274e-05,0
img_03577_2023,0,0.0006136547,0
img_03585_2023,0,0.00010877351,0
img_03587_2023,0,8.234131e-05,0
img_03529_p01_2023,0,0.0032535116,0
img_03592_2023,0,0.025460415,0
img_03580_2023,0,0.00053598406,0
img_03591_2023,0,0.0004134842,0
img_03590_2023,0,0.0008780767,0
img_03579_2023,0,0.16927552,1
img_03594_2023,0,9.2671056e-05,0
img_03599_2023,0,0.00215668,0
img_03607_2023,0,6.608321e-05,0
img_03606_2023,0,0.0030169694,0
img_03608_2023,0,4.512082e-05,0
img_03610_2023,0,2.9550496e-05,0
img_03602_2023,0,3.7402482e-05,0
img_03603_2023,0,3.1531967e-05,0
img_03619_2023,0,0.0005396056,0
img_03597_2023,0,2.0595886e-05,0
img_03620_2023,0,0.0014391929,0
img_03611_2023,0,0.00015505495,0
img_03623_2023,0,0.05873594,0
img_03614_2023,0,0.007209665,0
img_03621_2023,0,0.014789528,0
img_03617_2023,0,1.1053808e-05,0
img_03628_2023,0,3.8700724e-05,0
img_03545_p01_2023,0,1.9111158e-05,0
img_03545_p02_2023,0,1.5909985e-05,0
img_03545_p03_2023,0,2.782436e-06,0
img_03545_p04_2023,0,4.925439e-06,0
img_03630_2023,0,3.7544676e-05,0
img_03627_2023,0,2.8736026e-06,0
img_03636_2023,0,0.00078394735,0
img_03637_2023,0,0.0012118355,0
img_03631_2023,0,2.62857e-05,0
img_03640_2023,0,0.00050498365,0
img_03629_2023,0,4.0974057e-05,0
img_03638_2023,0,0.031452056,0
img_03643_2023,0,0.0019769056,0
img_03648_2023,0,0.010196,0
img_03649_2023,0,0.00026188875,0
img_03647_2023,0,0.061143853,0
img_03655_2023,0,0.0012997511,0
img_03659_2023,0,1.1660087e-05,0
img_03661_2023,0,0.00074112334,0
img_03653_2023,0,0.00022817032,0
img_03665_2023,0,0.00087287975,0
img_03645_2023,0,0.0010841845,0
img_03662_2023,0,0.004424734,0
img_03664_2023,0,0.46678224,1
img_03654_2023,0,8.7763976e-05,0
img_03658_2023,0,1.9466203e-05,0
img_03667_2023,0,5.300846e-05,0
img_03672_2023,0,0.00018341711,0
img_03668_2023,0,9.0726404e-05,0
img_03676_2023,0,9.923797e-06,0
img_03674_2023,0,2.4595824e-05,0
img_03671_2023,0,0.006176615,0
img_03684_2023,0,0.000935692,0
img_03680_2023,0,0.00018619788,0
img_03666_2023,0,0.5112929,1
img_03681_2023,0,8.984027e-06,0
img_03687_2023,0,8.965668e-05,0
img_03682_2023,0,0.0007201617,0
img_03689_2023,0,0.0021757125,0
img_03686_2023,0,0.00017883295,0
img_03683_2023,0,2.3872435e-05,0
img_03696_2023,0,0.0028725513,0
img_03700_2023,0,0.0006837568,0
img_03694_2023,0,0.00021506503,0
img_03698_2023,0,0.00026742724,0
img_03703_2023,0,0.007708672,0
img_03693_2023,0,0.0002251017,0
img_03710_2023,0,0.027093645,0
img_03690_2023,0,3.262461e-05,0
img_03706_2023,0,4.4806307e-05,0
img_03709_2023,0,0.00046979528,0
img_03702_2023,0,0.00018333878,0
img_03715_2023,0,0.0001246573,0
img_03714_2023,0,0.0018016128,0
img_03719_2023,0,0.0034302103,0
img_03720_2023,0,4.0775027e-05,0
img_03723_2023,0,0.008101462,0
img_03727_2023,0,4.9807782e-05,0
img_03721_2023,0,0.00065421296,0
img_03726_2023,0,2.8700684e-05,0
img_03713_2023,0,0.00033947668,0
img_03733_2023,0,9.727983e-05,0
img_03728_2023,0,0.000102887825,0
img_03722_2023,0,0.0002513329,0
img_03736_2023,0,6.931973e-05,0
img_03740_2023,0,0.00022597154,0
img_03743_2023,0,8.8434455e-05,0
img_03746_2023,0,0.0007797925,0
img_03745_2023,0,0.00011902779,0
img_03738_2023,0,0.00046392658,0
img_03718_2023,0,4.1320658e-05,0
img_03750_2023,0,0.00056874147,0
img_03752_2023,0,0.013166398,0
img_03754_2023,0,0.00017073679,0
img_03758_2023,0,0.00023967451,0
img_03734_2023,0,0.0079231905,0
img_03753_2023,0,0.0004461941,0
img_03756_2023,0,0.0005343304,0
img_03760_2023,0,6.812454e-06,0
img_03764_2023,0,1.0739793e-06,0
img_03768_2023,0,0.00019034199,0
img_03769_2023,0,0.19126,1
img_03765_2023,0,0.00091499585,0
img_03772_2023,0,1.6273672e-05,0
img_03771_2023,0,0.00056856236,0
img_03774_2023,0,4.2558575e-05,0
img_03775_2023,0,2.5511763e-05,0
img_03776_2023,0,0.0011301963,0
img_03779_2023,0,0.00020358259,0
img_03778_2023,0,0.000538847,0
img_03773_2023,0,0.00033723417,0
img_03786_2023,0,0.0034448006,0
img_03783_2023,0,0.0001883835,0
img_03749_p01_2023,0,0.00032531022,0
img_03749_p02_2023,0,0.00015998758,0
img_03796_2023,0,0.010639895,0
img_03784_2023,0,5.043386e-05,0
img_03800_2023,0,0.0001983169,0
img_03785_2023,0,0.00038774402,0
img_03804_2023,0,3.1449867e-06,0
img_03807_2023,0,0.0001922508,0
img_03808_2023,0,0.00066824304,0
img_03810_2023,0,0.0068260753,0
img_03813_2023,0,0.00020007661,0
img_03811_2023,0,0.0033911609,0
img_03819_2023,0,0.00013072367,0
img_03817_2023,0,0.00014474957,0
img_03787_p01_2023,0,0.0023479974,0
img_03787_p02_2023,0,0.0025062058,0
img_03814_2023,0,0.00022293311,0
img_03820_2023,0,0.00056704157,0
img_03821_2023,0,0.00037004988,0
img_03797_2023,0,9.99672e-05,0
img_03826_2023,0,0.0016699956,0
img_03829_2023,0,0.00016965905,0
img_03822_2023,0,0.0036512793,0
img_03830_2023,0,0.0003352421,0
img_03824_2023,0,0.00024126846,0
img_03818_2023,0,0.00048642766,0
img_03836_2023,0,0.007662607,0
img_03832_2023,0,1.6303404e-05,0
img_03834_2023,0,0.00018292337,0
img_03831_2023,0,5.467727e-05,0
img_03835_2023,0,3.148068e-05,0
img_03838_2023,0,2.0338846e-05,0
img_03827_2023,0,2.6618323e-05,0
img_03854_2023,0,4.8990096e-05,0
img_03849_2023,0,0.000107361026,0
img_03848_2023,0,0.0002550441,0
img_03847_2023,0,0.058358956,0
img_03853_2023,0,1.061899e-05,0
img_03858_2023,0,1.8606177e-05,0
img_03851_2023,0,8.258802e-06,0
img_03857_2023,0,4.5903816e-05,0
img_03861_2023,0,1.9146055e-05,0
img_03860_2023,0,0.012674858,0
img_03844_2023,0,9.1451424e-05,0
img_03862_2023,0,4.360635e-05,0
img_03875_2023,0,4.658711e-05,0
img_03871_2023,0,0.00026015294,0
img_03876_2023,0,4.866105e-05,0
img_03882_2023,0,0.009049908,0
img_03877_2023,0,0.00014333529,0
img_03879_2023,0,0.0016142128,0
img_03883_2023,0,0.00018099375,0
img_03886_2023,0,7.9106954e-05,0
img_03865_2023,0,0.0001802006,0
img_03890_2023,0,2.091182e-05,0
img_03887_2023,0,1.3351934e-05,0
img_03893_2023,0,2.3153934e-05,0
img_03889_2023,0,2.498693e-05,0
img_03888_2023,0,3.6567144e-05,0
img_03885_2023,0,0.00084159477,0
img_03892_2023,0,2.418889e-05,0
img_03894_2023,0,6.838595e-05,0
img_03899_2023,0,5.38977e-06,0
img_03903_2023,0,0.5240064,1
img_03905_2023,0,0.00051431474,0
img_03900_2023,0,0.0042455867,0
img_03806_p01_2023,0,0.0006516637,0
img_03806_p02_2023,0,0.00023207399,0
img_03806_p03_2023,0,0.0042037126,0
img_03806_p04_2023,0,3.2416858e-05,0
img_03904_2023,0,0.22115168,1
img_03912_2023,0,0.0017308127,0
img_03902_2023,0,0.0031634683,0
img_03911_2023,0,1.627133e-05,0
img_03908_2023,0,0.003726758,0
img_03919_2023,0,5.315217e-05,0
img_03922_2023,0,4.1130104e-05,0
img_03901_p01_2023,0,0.0021052845,0
img_03901_p02_2023,0,0.00017507155,0
img_03920_2023,0,2.0600286e-05,0
img_03921_2023,0,0.00017686062,0
img_03930_2023,0,0.104827926,0
img_03931_2023,0,0.00086217676,0
img_03941_2023,0,0.00011035548,0
img_03938_2023,0,0.032638345,0
img_03933_2023,0,0.00036791823,0
img_03936_2023,0,0.005268689,0
img_03949_2023,0,5.3599277e-05,0
img_03946_2023,0,0.0005582269,0
img_03872_p01_2023,0,2.3025474e-05,0
img_03872_p02_2023,0,9.3887786e-05,0
img_03872_p03_2023,0,2.5699272e-05,0
img_03872_p04_2023,0,0.004351665,0
img_03872_p05_2023,0,0.00013908857,0
img_03956_2023,0,7.1995666e-05,0
img_03945_2023,0,6.7900146e-05,0
img_03961_2023,0,1.1515344e-05,0
img_03960_2023,0,2.9476278e-05,0
img_03959_2023,0,0.00015427348,0
img_03967_2023,0,0.043211073,0
img_03962_2023,0,9.36963e-05,0
img_03965_2023,0,0.0002546767,0
img_03970_2023,0,0.00070826267,0
img_03963_2023,0,3.3783006e-05,0
img_03968_2023,0,0.001973083,0
img_03972_2023,0,0.00028236123,0
img_03973_2023,0,2.781012e-05,0
img_03950_p01_2023,0,2.4706786e-05,0
img_03950_p02_2023,0,9.137173e-06,0
img_03974_2023,0,7.5314616e-05,0
img_03977_2023,0,5.8588303e-05,0
img_03976_2023,0,9.46332e-05,0
img_03983_2023,0,0.09398926,0
img_03978_2023,0,0.0001889462,0
img_03985_2023,0,0.0011149627,0
img_03984_2023,0,0.0001029045,0
img_03980_2023,0,7.487885e-05,0
img_03987_2023,0,0.07204456,0
img_03991_2023,0,0.00024399097,0
img_03992_2023,0,0.0064599537,0
img_03999_2023,0,8.679909e-05,0
img_03986_2023,0,7.7572346e-05,0
img_04000_2023,0,0.0009800942,0
img_04002_2023,0,0.002477907,0
img_04006_2023,0,0.0013078076,0
img_04005_2023,0,1.10695155e-05,0
img_04007_2023,0,0.0003447503,0
img_04003_2023,0,0.0043557263,0
img_04009_2023,0,4.625527e-05,0
img_04012_2023,0,0.0005704187,0
img_04011_2023,0,0.0043718303,0
img_04010_2023,0,0.00031985732,0
img_03971_p01_2023,0,0.0011878654,0
img_03971_p02_2023,0,0.012020515,0
img_03997_p01_2023,0,0.0009480945,0
img_03997_p02_2023,0,0.00016128692,0
img_04017_2023,0,0.23474061,1
img_04018_2023,0,0.00026542204,0
img_04023_2023,0,1.1784004e-05,0
img_04020_2023,0,0.00021291677,0
img_04027_2023,0,2.0629539e-05,0
img_04025_2023,0,0.11819035,0
img_04022_2023,0,0.00074884965,0
img_04015_2023,0,0.001941074,0
img_04031_2023,0,0.05117144,0
img_04019_2023,0,0.0757553,0
img_03926_p01_2023,0,4.5255227e-05,0
img_03926_p02_2023,0,3.9855702e-05,0
img_03926_p03_2023,0,1.3134446e-05,0
img_03926_p04_2023,0,6.423293e-05,0
img_03926_p05_2023,0,2.1804659e-05,0
img_03926_p06_2023,0,4.395006e-05,0
img_03937_p01_2023,0,5.654186e-05,0
img_03937_p02_2023,0,0.0006068401,0
img_03937_p03_2023,0,5.895776e-05,0
img_03937_p04_2023,0,0.00014811473,0
img_03937_p05_2023,0,0.00016327326,0
img_04035_2023,0,0.0021623138,0
img_04038_2023,0,0.0023310026,0
img_04036_2023,0,6.5613385e-05,0
img_04042_2023,0,0.00018777988,0
img_04033_2023,0,4.0837756e-05,0
img_04044_2023,0,5.7911897e-05,0
img_04041_2023,0,0.0004963396,0
img_04046_2023,0,0.000199812,0
img_04048_2023,0,1.7669883e-05,0
img_04054_2023,0,2.7221882e-05,0
img_04047_2023,0,0.0007951967,0
img_03998_p01_2023,0,3.143454e-05,0
img_03998_p02_2023,0,6.8178997e-06,0
img_03998_p03_2023,0,7.765435e-05,0
img_03998_p04_2023,0,1.2554827e-05,0
img_04061_2023,0,0.00064634066,0
img_04056_2023,0,6.0012044e-05,0
img_04052_2023,0,0.00018714086,0
img_04059_2023,0,0.123599015,0
img_04063_2023,0,0.25407368,1
img_04067_2023,0,3.511636e-05,0
img_04064_2023,0,0.00086894335,0
img_04065_2023,0,1.3215461e-05,0
img_04072_2023,0,5.171643e-05,0
img_04074_2023,0,0.004175832,0
img_04075_2023,0,0.037395872,0
img_04050_p01_2023,0,0.000291949,0
img_04050_p02_2023,0,0.0003713185,0
img_04073_2023,0,4.8281094e-05,0
img_04078_2023,0,0.03504946,0
img_04081_2023,0,0.0082518915,0
img_03825_p05_2023,0,2.2078077e-05,0
img_03825_p06_2023,0,0.00031152365,0
img_03825_p07_2023,0,0.00018268736,0
img_03825_p08_2023,0,0.0024709594,0
img_03825_p09_2023,0,0.00014140367,0
img_03825_p11_2023,0,1.9710278e-05,0
img_03825_p12_2023,0,8.5436805e-05,0
img_03825_p13_2023,0,0.0008254785,0
img_03825_p14_2023,0,0.0012969262,0
img_04091_2023,0,0.00017688221,0
img_04095_2023,0,0.0006745295,0
img_04096_2023,0,0.00013503757,0
img_04094_2023,0,0.0005455007,0
img_04093_2023,0,0.00059844885,0
img_04099_2023,0,0.0009165966,0
img_03969_p01_2023,0,0.0053615463,0
img_03969_p02_2023,0,0.0008773592,0
img_03969_p03_2023,0,0.0007063241,0
img_03969_p04_2023,0,0.00028338606,0
img_03969_p05_2023,0,8.4813866e-05,0
img_03969_p06_2023,0,0.015396409,0
img_03969_p07_2023,0,0.0020658486,0
img_03969_p08_2023,0,4.8681053e-05,0
img_04106_2023,0,0.0007639258,0
img_04030_p01_2023,0,0.0001825538,0
img_04030_p02_2023,0,0.00020334165,0
img_04030_p03_2023,0,0.0001247667,0
img_04030_p04_2023,0,5.3379834e-05,0
img_04097_2023,0,0.00043676532,0
img_04102_2023,0,0.00024595245,0
img_04107_2023,0,0.004704571,0
img_04108_2023,0,0.00013279796,0
img_04103_2023,0,5.8786194e-05,0
img_04112_2023,0,0.00036563948,0
img_04100_2023,0,3.4694283e-05,0
img_04115_2023,0,7.560482e-05,0
img_04116_2023,0,8.0039754e-05,0
img_04117_2023,0,9.014997e-05,0
img_04122_2023,0,0.021878237,0
img_04123_2023,0,0.00084642455,0
img_04126_2023,0,1.8411418e-05,0
img_04087_p01_2023,0,0.0005282905,0
img_04087_p02_2023,0,4.9510953e-05,0
img_04125_2023,0,2.455851e-05,0
img_04130_2023,0,0.000793922,0
img_04135_2023,0,3.7507318e-05,0
img_04131_2023,0,0.0310088,0
img_04129_2023,0,0.0016579396,0
img_04133_2023,0,0.6682553,1
img_04143_2023,0,0.0003740371,0
img_04141_2023,0,1.2171462e-05,0
img_04128_2023,0,3.0027684e-06,0
img_04139_2023,0,4.395346e-05,0
img_04142_2023,0,0.002140681,0
img_04132_2023,0,0.00076723535,0
img_04147_2023,0,0.00024074821,0
img_04136_2023,0,0.23896278,1
img_04155_2023,0,4.247501e-05,0
img_04146_2023,0,4.0304883e-05,0
img_04157_2023,0,0.00080944505,0
img_04154_2023,0,0.00086030207,0
img_04162_2023,0,4.683418e-06,0
img_04159_2023,0,0.00030206286,0
img_04165_2023,0,4.1538256e-06,0
img_04167_2023,0,0.0077320365,0
img_04163_2023,0,0.0026221517,0
img_04150_2023,0,1.739173e-05,0
img_04153_2023,0,3.99072e-05,0
img_04151_2023,0,0.17742315,1
img_04169_2023,0,0.010044651,0
img_04172_2023,0,0.0016039442,0
img_04175_2023,0,6.0113543e-06,0
img_04180_2023,0,0.014945976,0
img_04182_2023,0,4.3561173e-05,0
img_04177_2023,0,0.00062388997,0
img_04184_2023,0,0.0005585899,0
img_04152_p01_2023,0,1.5092474e-05,0
img_04152_p02_2023,0,3.4366472e-05,0
img_04185_2023,0,0.027173903,0
img_04201_2023,0,1.0850247e-06,0
img_04190_2023,0,1.0352517e-05,0
img_04197_2023,0,1.7930175e-05,0
img_04111_p01_2023,0,5.663695e-05,0
img_04111_p02_2023,0,9.523833e-06,0
img_04111_p03_2023,0,3.0129951e-05,0
img_04111_p04_2023,0,0.00032784144,0
img_04204_2023,0,0.015749618,0
img_04198_2023,0,0.0026445477,0
img_04199_2023,0,0.0031534682,0
img_04208_2023,0,4.8252095e-05,0
img_04214_2023,0,0.0003215466,0
img_04211_2023,0,0.057306763,0
img_04216_2023,0,6.1542756e-05,0
img_04218_2023,0,0.004730587,0
img_04215_2023,0,0.00043783768,0
img_04220_2023,0,0.0020267419,0
img_04210_2023,0,0.012383621,0
img_04224_2023,0,0.00035521114,0
img_04228_2023,0,0.0005642427,0
img_04225_2023,0,0.0009068349,0
img_04235_2023,0,5.8808114e-06,0
img_04234_2023,0,5.0743773e-05,0
img_04232_2023,0,8.626792e-05,0
img_04229_2023,0,0.0005081403,0
img_04239_2023,0,0.0022995162,0
img_04236_2023,0,0.00021821042,0
img_04227_2023,0,0.00033433404,0
img_04213_2023,0,0.00043797167,0
img_04242_2023,0,0.00049288094,0
img_04245_2023,0,2.911488e-06,0
img_04243_2023,0,0.0046759313,0
img_04209_p01_2023,0,0.00048438646,0
img_04209_p02_2023,0,2.2760674e-05,0
img_04247_2023,0,2.158109e-05,0
img_04249_2023,0,0.00064562185,0
img_04248_2023,0,0.00015633377,0
img_04244_2023,0,1.4976982e-05,0
img_04251_2023,0,0.00012523514,0
img_04255_2023,0,0.0006797823,0
img_04246_2023,0,9.248443e-05,0
img_04254_2023,0,7.780512e-06,0
img_04262_2023,0,0.00011709519,0
img_04259_2023,0,0.00087410817,0
img_04261_2023,0,6.5478143e-06,0
img_04266_2023,0,6.476194e-05,0
img_04263_2023,0,0.00672084,0
img_04270_2023,0,0.000115124996,0
img_04280_2023,0,6.6109234e-05,0
img_04275_2023,0,0.00010332179,0
img_04276_2023,0,0.001214881,0
img_04278_2023,0,6.687022e-05,0
img_04274_2023,0,0.0013503522,0
img_04283_2023,0,0.21360864,1
img_04279_2023,0,0.00011878911,0
img_04281_2023,0,7.844784e-05,0
img_04290_2023,0,0.00027920827,0
img_04288_2023,0,6.1489577e-06,0
img_04287_2023,0,0.00210502,0
img_04292_2023,0,2.9061954e-05,0
img_04286_2023,0,0.0043205693,0
img_04291_2023,0,7.1257244e-05,0
img_04296_2023,0,4.7035563e-05,0
img_04295_2023,0,6.69888e-05,0
img_04289_2023,0,6.3836183e-06,0
img_04297_2023,0,0.049051415,0
img_04302_2023,0,0.07567148,0
img_04299_2023,0,0.00022474228,0
img_04294_2023,0,1.3033279e-05,0
img_04298_2023,0,0.00046333263,0
img_04310_2023,0,0.011083538,0
img_04320_2023,0,0.0004883652,0
img_04315_2023,0,0.007904307,0
img_04317_2023,0,0.00041764468,0
img_04323_2023,0,0.00012280309,0
img_04324_2023,0,3.6658446e-05,0
img_04322_2023,0,0.0029847056,0
img_04326_2023,0,8.197192e-05,0
img_04312_2023,0,2.4597162e-05,0
img_04332_2023,0,0.018571274,0
img_04335_2023,0,0.0005044251,0
img_04340_2023,0,4.572124e-05,0
img_04342_2023,0,0.2384635,1
img_04300_p01_2023,0,1.8919308e-06,0
img_04300_p02_2023,0,4.7142483e-05,0
img_04343_2023,0,0.00027314946,0
img_04344_2023,0,0.000114656104,0
img_04352_2023,0,1.6610247e-05,0
img_04354_2023,0,0.00022094967,0
img_04357_2023,0,0.05919011,0
img_04358_2023,0,0.016140183,0
img_04363_2023,0,0.001053195,0
img_04360_2023,0,0.0029639923,0
img_04381_2023,0,0.00019471416,0
img_04378_2023,0,7.078337e-05,0
img_04383_2023,0,7.941241e-06,0
img_04371_2023,0,0.0009390147,0
img_04385_2023,0,8.081043e-05,0
img_04379_2023,0,0.006152683,0
img_04388_2023,0,0.00029056476,0
img_04386_2023,0,8.035667e-05,0
img_04390_2023,0,0.0073180418,0
img_04389_2023,0,0.0015160571,0
img_04336_p01_2023,0,0.0004106463,0
img_04336_p02_2023,0,0.003474694,0
img_04394_2023,0,7.858591e-05,0
img_04392_2023,0,0.0006186954,0
img_04400_2023,0,1.632774e-05,0
img_04384_p01_2023,0,0.00024876103,0
img_04405_2023,0,0.12820815,0
img_04399_2023,0,0.26942384,1
img_04407_2023,0,0.026520489,0
img_04403_2023,0,1.2071575e-05,0
img_04408_2023,0,0.0068030707,0
img_04409_2023,0,0.0023381005,0
img_04413_2023,0,0.010913182,0
img_04418_2023,0,0.00035070046,0
img_04424_2023,0,0.0032124936,0
img_04421_2023,0,0.01122952,0
img_04425_2023,0,7.284134e-05,0
img_04430_2023,0,2.2867216e-05,0
img_04428_2023,0,0.0014485352,0
img_04436_2023,0,0.0014820894,0
img_04432_2023,0,0.00012644299,0
img_04434_2023,0,0.019767836,0
img_04438_2023,0,0.0019552622,0
img_04449_2023,0,0.0007868104,0
img_04450_2023,0,5.7974776e-05,0
img_04447_2023,0,0.045183305,0
img_04451_2023,0,3.313665e-05,0
img_04453_2023,0,3.39652e-05,0
img_04439_2023,0,0.0011704871,0
img_04458_2023,0,0.0116877975,0
img_04474_2023,0,0.004092584,0
img_04461_2023,0,0.008594814,0
img_04480_2023,0,9.456572e-05,0
img_04481_2023,0,0.0012199717,0
img_04475_2023,0,0.0005238241,0
img_04482_2023,0,0.0006131866,0
img_04462_2023,0,5.6223398e-05,0
img_04479_2023,0,6.73023e-05,0
img_04486_2023,0,0.0001810576,0
img_04492_2023,0,0.0060522477,0
img_04491_2023,0,6.930969e-05,0
img_04490_2023,0,0.00031597176,0
img_04505_2023,0,0.033048443,0
img_04500_2023,0,0.00010032111,0
img_04502_2023,0,0.005578613,0
img_04495_2023,0,7.8088095e-05,0
img_04513_2023,0,0.21456505,1
img_04503_2023,0,8.38847e-05,0
img_04509_2023,0,0.009209118,0
img_04512_2023,0,0.0045198225,0
img_04520_2023,0,6.965761e-05,0
img_04521_2023,0,0.009325057,0
img_04530_2023,0,8.21968e-05,0
img_04525_2023,0,0.00015089467,0
img_04529_2023,0,0.5869952,1
img_04528_2023,0,2.0055999e-05,0
img_04522_2023,0,0.22198254,1
img_04533_2023,0,0.11240108,0
img_04527_2023,0,0.044020858,0
img_04553_2023,0,2.549125e-06,0
img_04544_2023,0,0.00018745,0
img_04560_2023,0,0.0013581902,0
img_04546_2023,0,0.0005743549,0
img_04551_2023,0,0.00017683364,0
img_04555_2023,0,0.0076013072,0
img_04561_2023,0,0.005853872,0
img_04549_2023,0,7.0992614e-06,0
img_04563_2023,0,0.003523951,0
img_04576_2023,0,8.814846e-05,0
img_04570_2023,0,0.0007546221,0
img_04573_2023,0,0.00022539613,0
img_04569_2023,0,0.00010076175,0
img_04577_2023,0,0.0028989206,0
img_04562_2023,0,0.0002410052,0
img_04565_2023,0,0.27994776,1
img_04580_2023,0,0.036502503,0
img_04584_2023,0,0.0026760523,0
img_04582_2023,0,0.00078091206,0
img_04581_2023,0,2.3174214e-05,0
img_04594_2023,0,0.066663794,0
img_04588_2023,0,0.0016722359,0
img_04599_2023,0,0.0063212314,0
img_04596_2023,0,7.662744e-06,0
img_04593_2023,0,0.00045831135,0
img_04587_2023,0,0.038053215,0
img_04597_2023,0,0.00037807776,0
img_04601_2023,0,0.0013830061,0
img_04603_2023,0,0.0008438946,0
img_04605_2023,0,0.006209758,0
img_04602_2023,0,0.00038285594,0
img_04613_2023,0,0.037855763,0
img_04614_2023,0,0.0029980026,0
img_04606_2023,0,7.5569355e-05,0
img_04608_2023,0,0.00025534607,0
img_04619_2023,0,0.001903252,0
img_04624_2023,0,0.0024021468,0
img_04611_2023,0,0.27557024,1
img_04620_2023,0,0.0057780957,0
img_04623_2023,0,0.0024904844,0
img_04609_2023,0,0.0016431483,0
img_04630_2023,0,8.8718014e-05,0
img_04636_2023,0,4.3126962e-05,0
img_04635_2023,0,2.9548835e-05,0
img_04632_2023,0,0.0044539645,0
img_04642_2023,0,0.0005688385,0
img_04649_2023,0,0.00034533747,0
img_04648_2023,0,0.0012175146,0
img_04645_2023,0,4.3042895e-05,0
img_04654_2023,0,0.004561136,0
img_04657_2023,0,2.4209476e-05,0
img_04661_2023,0,7.2802664e-05,0
img_04653_2023,0,0.0001176308,0
img_04663_2023,0,0.0078603765,0
img_04669_2023,0,0.00071396236,0
img_04675_2023,0,0.024501406,0
img_04666_2023,0,0.021946821,0
img_04671_2023,0,0.0009390099,0
img_04685_2023,0,1.9777253e-05,0
img_04686_2023,0,0.0015541207,0
img_04676_2023,0,0.007875559,0
img_04691_2023,0,0.000118551354,0
img_04690_2023,0,0.7555069,1
img_04695_2023,0,0.0013644639,0
img_04681_2023,0,0.049661078,0
img_04692_2023,0,9.131366e-05,0
img_04699_2023,0,0.0028670358,0
img_04700_2023,0,6.763566e-06,0
img_04696_2023,0,0.022963459,0
img_04703_2023,0,0.004038459,0
img_04698_2023,0,0.001200786,0
img_04704_2023,0,0.0005286086,0
img_04711_2023,0,0.0026303413,0
img_04710_2023,0,0.00030932325,0
img_04708_2023,0,0.000742638,0
img_04706_2023,0,0.13758998,0
img_04709_2023,0,8.2147664e-05,0
img_04718_2023,0,0.0012747147,0
img_04712_2023,0,6.752853e-07,0
img_04721_2023,0,0.008836527,0
img_04719_2023,0,4.404871e-05,0
img_04716_2023,0,0.0004291747,0
img_04723_2023,0,0.024461407,0
img_04725_2023,0,0.0027008536,0
img_04726_2023,0,0.0004224978,0
img_04720_2023,0,5.9146245e-05,0
img_04722_2023,0,0.00065261155,0
img_04730_2023,0,0.00059817027,0
img_04715_2023,0,0.0001595432,0
img_04735_2023,0,0.0011926169,0
img_04739_2023,0,8.2698956e-05,0
img_04738_2023,0,0.005372897,0
img_04736_2023,0,4.0903353e-05,0
img_04743_2023,0,0.00011904754,0
img_04741_2023,0,0.0004778696,0
img_04746_2023,0,3.1075382e-05,0
img_04742_2023,0,0.0019437307,0
img_04753_2023,0,7.1040675e-05,0
img_04750_2023,0,6.431243e-05,0
img_04751_2023,0,0.00013982887,0
img_04756_2023,0,0.104379326,0
img_04754_2023,0,0.0011672376,0
img_04758_2023,0,8.830612e-05,0
img_04728_2023,0,0.0017611847,0
img_04764_2023,0,5.3219825e-05,0
img_04761_2023,0,6.381429e-05,0
img_04770_2023,0,0.0012843565,0
img_04771_2023,0,0.016070029,0
img_04694_p03_2023,0,0.00428404,0
img_04765_2023,0,0.002737934,0
img_04773_2023,0,6.587507e-05,0
img_04780_2023,0,0.030319938,0
img_04768_2023,0,0.008613532,0
img_04774_2023,0,0.0009840628,0
img_04779_2023,0,6.775126e-05,0
img_04782_2023,0,0.012838807,0
img_04783_2023,0,2.9925064e-05,0
img_04784_2023,0,3.4924462e-05,0
img_04781_2023,0,0.00016776324,0
img_04778_2023,0,0.0009319725,0
img_04786_2023,0,7.991407e-05,0
img_04789_2023,0,0.0037912666,0
img_04787_2023,0,0.00033780033,0
img_04788_2023,0,0.0016311684,0
img_04793_2023,0,7.909543e-06,0
img_04792_2023,0,5.732617e-05,0
img_04797_2023,0,0.000103454295,0
img_04791_2023,0,1.5916314e-05,0
img_04799_2023,0,0.00018504022,0
img_04796_2023,0,0.0007969794,0
img_04795_2023,0,0.55394846,1
img_04798_2023,0,0.00032052523,0
img_04804_2023,0,3.536954e-05,0
img_04785_2023,0,0.0009628995,0
img_04803_2023,0,0.00036278713,0
img_04811_2023,0,0.08561063,0
img_04812_2023,0,0.0041121687,0
img_04814_2023,0,0.0028070307,0
img_04702_p01_2023,0,0.00014330524,0
img_04702_p02_2023,0,7.372571e-06,0
img_04702_p03_2023,0,0.00031332864,0
img_04702_p04_2023,0,0.00017676924,0
img_04702_p05_2023,0,7.956535e-05,0
img_04702_p06_2023,0,0.00016897389,0
img_04763_p01_2023,0,0.000211017,0
img_04763_p02_2023,0,0.0022406655,0
img_04816_2023,0,0.0011202493,0
img_04818_2023,0,0.0010264291,0
img_04809_2023,0,0.0040847105,0
img_04820_2023,0,0.0030770486,0
img_04805_2023,0,0.0056676557,0
img_04822_2023,0,0.029149346,0
img_04825_2023,0,0.0002599613,0
img_04824_2023,0,0.0123301,0
img_04828_2023,0,0.0005278526,0
img_04833_2023,0,0.012343428,0
img_04836_2023,0,4.988662e-06,0
img_04835_2023,0,0.0002773545,0
img_04829_2023,0,7.0878945e-05,0
img_04841_2023,0,7.376228e-05,0
img_04839_2023,0,0.00014401811,0
img_04838_2023,0,0.072732866,0
img_04840_2023,0,0.00041924583,0
img_04827_2023,0,5.0980274e-05,0
img_04843_2023,0,0.0021963688,0
img_04845_2023,0,0.0024560974,0
img_04848_2023,0,0.0089480085,0
img_04844_2023,0,0.0004086576,0
img_04846_2023,0,7.5135954e-06,0
img_04849_2023,0,4.362149e-05,0
img_04850_2023,0,0.014389658,0
img_04853_2023,0,5.8004418e-05,0
img_04852_2023,0,0.005627271,0
img_04856_2023,0,0.0007248292,0
img_04863_2023,0,0.07205094,0
img_04868_2023,0,0.00021767327,0
img_04864_2023,0,0.0003984453,0
img_04867_2023,0,0.0019990962,0
img_04861_2023,0,0.0001355496,0
img_04865_2023,0,0.0012409638,0
img_04871_2023,0,7.33152e-06,0
img_04869_2023,0,7.934608e-05,0
img_04876_2023,0,0.00015784618,0
img_04872_2023,0,0.0003400236,0
img_04870_2023,0,0.00035718392,0
img_04875_2023,0,0.02061618,0
img_04873_2023,0,4.9750957e-05,0
img_04880_2023,0,0.0018249169,0
img_04883_2023,0,0.09557475,0
img_04878_2023,0,0.014929438,0
img_04882_2023,0,0.00030883763,0
img_04748_p01_2023,0,6.53386e-06,0
img_04748_p02_2023,0,8.541954e-06,0
img_04748_p03_2023,0,2.5995134e-05,0
img_04748_p04_2023,0,1.3189525e-05,0
img_04748_p05_2023,0,0.00013168664,0
img_04748_p06_2023,0,9.246192e-06,0
img_04748_p07_2023,0,0.00022836728,0
img_04892_2023,0,0.00046654377,0
img_04888_2023,0,4.6320598e-05,0
img_04891_2023,0,4.848216e-05,0
img_04895_2023,0,0.011983259,0
img_04899_2023,0,0.0019802982,0
img_04900_2023,0,0.0032417236,0
img_04902_2023,0,0.0076363175,0
img_04903_2023,0,0.0037576586,0
img_04906_2023,0,8.159173e-05,0
img_04898_2023,0,0.0014617668,0
img_04909_2023,0,0.046527766,0
img_04908_2023,0,0.0009781235,0
img_04904_2023,0,0.0036659632,0
img_04831_p02_2023,0,0.00028650506,0
img_04831_p03_2023,0,0.01838214,0
img_04831_p04_2023,0,6.352098e-05,0
img_04907_2023,0,0.00015864983,0
img_04912_2023,0,0.0044288803,0
img_04914_2023,0,9.9434226e-05,0
img_04916_2023,0,0.00024193763,0
img_04913_2023,0,2.692032e-06,0
img_04919_2023,0,0.00015206086,0
img_04924_2023,0,3.0593645e-05,0
img_04922_2023,0,0.00052029407,0
img_04917_2023,0,0.00025989066,0
img_04921_2023,0,0.0033333914,0
img_04926_2023,0,0.003981644,0
img_04910_2023,0,0.004890369,0
img_04929_2023,0,0.00019713746,0
img_04911_p01_2023,0,0.0043219947,0
img_04911_p02_2023,0,6.6067136e-05,0
img_04930_2023,0,0.0019141621,0
img_04935_2023,0,0.0020897742,0
img_04937_2023,0,0.004324532,0
img_04932_2023,0,0.0010218881,0
img_04933_2023,0,0.0046308916,0
img_04874_p01_2023,0,0.0018648542,0
img_04874_p02_2023,0,0.01996524,0
img_04874_p03_2023,0,0.0073476625,0
img_04874_p04_2023,0,0.006119999,0
img_04938_2023,0,0.033774633,0
img_04943_2023,0,7.675184e-05,0
img_04947_2023,0,5.5454282e-05,0
img_04945_2023,0,8.80186e-05,0
img_04941_2023,0,0.00861262,0
img_04944_2023,0,7.3109786e-06,0
img_04948_2023,0,9.647566e-05,0
img_04949_2023,0,0.0006644593,0
img_04953_2023,0,0.011517781,0
img_04952_2023,0,0.013648327,0
img_04956_2023,0,5.877571e-06,0
img_04955_2023,0,0.13154979,0
img_04939_2023,0,1.44827045e-05,0
img_04794_p01_2023,0,0.00032334184,0
img_04794_p02_2023,0,1.0096418e-05,0
img_04794_p03_2023,0,4.2661868e-05,0
img_04794_p04_2023,0,2.1232134e-05,0
img_04794_p05_2023,0,0.00047122198,0
img_04794_p06_2023,0,9.863454e-05,0
img_04794_p07_2023,0,0.00019303439,0
img_04794_p08_2023,0,0.0004885547,0
img_04957_2023,0,0.00041230218,0
img_04958_2023,0,0.0017729722,0
img_04964_2023,0,0.010428077,0
img_04963_2023,0,0.0002000232,0
img_04886_p01_2023,0,2.862939e-05,0
img_04886_p02_2023,0,0.067453094,0
img_04886_p03_2023,0,0.00025951504,0
img_04886_p04_2023,0,7.715231e-06,0
img_04961_2023,0,8.238804e-05,0
img_04967_2023,0,0.00041879207,0
img_04966_2023,0,0.0013469984,0
img_04973_2023,0,9.964386e-06,0
img_04968_2023,0,0.0051710294,0
img_04969_2023,0,0.0040479754,0
img_04975_2023,0,7.82862e-05,0
img_04974_2023,0,5.297819e-05,0
img_04979_2023,0,0.00017342767,0
img_04744_p01_2023,0,0.0014071782,0
img_04744_p02_2023,0,0.00019208624,0
img_04744_p03_2023,0,0.00010167888,0
img_04744_p04_2023,0,0.0004647282,0
img_04744_p05_2023,0,3.1551028e-07,0
img_04744_p06_2023,0,0.00012611966,0
img_04744_p07_2023,0,1.0045765e-05,0
img_04744_p08_2023,0,0.00014419606,0
img_04744_p09_2023,0,0.00013019559,0
img_04744_p10_2023,0,1.6689783e-05,0
img_04744_p11_2023,0,3.0809558e-06,0
img_04744_p12_2023,0,0.00016471358,0
img_04978_2023,0,0.014522621,0
img_04977_2023,0,0.00071879826,0
img_04982_2023,0,0.17945015,1
img_04981_2023,0,0.00088060286,0
img_04970_2023,0,0.00031648096,0
img_04986_2023,0,1.1342671e-06,0
img_04976_2023,0,1.5001325e-05,0
img_04983_2023,0,4.447731e-05,0
img_04931_p01_2023,0,7.38197e-05,0
img_04931_p02_2023,0,0.00039213675,0
img_04990_2023,0,0.0013692224,0
img_04993_2023,0,0.0008360059,0
img_04994_2023,0,0.038723253,0
img_04988_2023,0,4.014324e-05,0
img_04996_2023,0,0.0011179077,0
img_04995_2023,0,0.00018134443,0
img_04998_2023,0,4.330128e-05,0
img_04999_2023,0,5.5504912e-05,0
img_05000_2023,0,8.993986e-05,0
img_05003_2023,0,8.707009e-05,0
img_05004_2023,0,8.044415e-05,0
img_05009_2023,0,3.6844023e-05,0
img_05010_2023,0,0.00035262783,0
img_04984_p01_2023,0,0.0016488871,0
img_04984_p02_2023,0,0.000599605,0
img_05006_2023,0,0.00040077858,0
img_05012_2023,0,0.0002196587,0
img_04896_p01_2023,0,6.484679e-05,0
img_04896_p02_2023,0,4.096753e-05,0
img_04896_p03_2023,0,3.7374313e-05,0
img_04896_p04_2023,0,8.592524e-05,0
img_04896_p05_2023,0,3.0398269e-05,0
img_04896_p06_2023,0,9.289314e-06,0
img_04940_p01_2023,0,4.2103634e-06,0
img_04940_p02_2023,0,0.000121233075,0
img_04940_p03_2023,0,2.0183325e-05,0
img_04940_p04_2023,0,1.5845548e-06,0
img_05016_2023,0,0.056740623,0
img_05019_2023,0,0.0017837714,0
img_05017_2023,0,0.00041223064,0
img_05025_2023,0,0.00031167245,0
img_05028_2023,0,0.00019864373,0
img_05024_2023,0,2.6936705e-06,0
img_05027_2023,0,0.0007396991,0
img_05032_2023,0,0.00013290498,0
img_05037_2023,0,0.1265723,0
img_05039_2023,0,1.7100707e-05,0
img_05033_2023,0,0.011244153,0
img_05036_2023,0,0.025892261,0
img_05040_2023,0,0.0073505184,0
img_05029_2023,0,0.10476448,0
img_05026_2023,0,0.023596806,0
img_05038_2023,0,0.0058950465,0
img_05043_2023,0,7.419303e-05,0
img_05049_2023,0,0.052919682,0
img_05042_2023,0,0.0015550939,0
img_05052_2023,0,0.0019325064,0
img_05051_2023,0,0.00038307937,0
img_05055_2023,0,1.6248721e-05,0
img_05057_2023,0,0.0035203625,0
img_05046_2023,0,0.1934228,1
img_05056_2023,0,0.00059834274,0
img_05059_2023,0,0.0253992,0
img_05048_2023,0,0.0023699235,0
img_05060_2023,0,0.001789568,0
img_05063_2023,0,0.005433812,0
img_05066_2023,0,0.006402338,0
img_05062_2023,0,1.9116043e-05,0
img_05068_2023,0,0.00027262207,0
img_05064_2023,0,0.0018712442,0
img_05069_2023,0,0.0008082673,0
img_05067_2023,0,0.00055514066,0
img_05070_2023,0,0.010386011,0
img_05074_2023,0,8.037103e-06,0
img_05072_2023,0,0.002478334,0
img_05076_2023,0,0.0010013727,0
img_05075_2023,0,0.028426502,0
img_05077_2023,0,1.2739395e-05,0
img_05078_2023,0,0.0009594671,0
img_05081_2023,0,0.0022452744,0
img_05079_2023,0,0.0007511535,0
img_05071_2023,0,0.004900441,0
img_05082_2023,0,2.5940082e-05,0
img_05080_2023,0,8.7612374e-05,0
img_05088_2023,0,7.29372e-05,0
img_05087_2023,0,4.8762224e-05,0
img_05085_2023,0,0.0003013237,0
img_05089_2023,0,0.013334272,0
img_05053_p01_2023,0,3.289629e-05,0
img_05053_p02_2023,0,0.0001459935,0
img_05090_2023,0,0.00062210334,0
img_05094_2023,0,0.00031874076,0
img_05096_2023,0,0.022854613,0
img_05097_2023,0,0.0006881157,0
img_05099_2023,0,1.1290789e-05,0
img_05095_2023,0,0.0912985,0
img_05110_2023,0,0.00033566682,0
img_05104_2023,0,0.0053795543,0
img_05108_2023,0,0.008518191,0
img_05100_2023,0,0.07313325,0
img_05098_2023,0,1.1976903e-05,0
img_05107_2023,0,0.0008029118,0
img_05112_2023,0,0.0012206929,0
img_05113_2023,0,8.761338e-05,0
img_05115_2023,0,0.0012937142,0
img_05111_2023,0,0.07767136,0
img_05105_2023,0,6.19949e-05,0
img_05114_2023,0,0.0037163447,0
img_05120_2023,0,0.05942397,0
img_05124_2023,0,6.514013e-05,0
img_05123_2023,0,0.015760053,0
img_05122_2023,0,0.0010144525,0
img_05116_2023,0,0.0001432096,0
img_05121_2023,0,0.08449111,0
img_05130_2023,0,0.032275647,0
img_05103_p01_2023,0,0.016880836,0
img_05103_p02_2023,0,3.4345343e-05,0
img_05128_2023,0,0.00046762615,0
img_05131_2023,0,0.008703091,0
img_05129_2023,0,1.3454036e-05,0
img_05127_2023,0,0.00030631493,0
img_05126_2023,0,2.7801741e-05,0
img_05134_2023,0,0.00016705848,0
img_05133_2023,0,0.0065387073,0
img_05135_2023,0,2.7800788e-05,0
img_05137_2023,0,0.002129888,0
img_05142_2023,0,0.0008617624,0
img_05138_2023,0,0.00056252035,0
img_05145_2023,0,0.0001402003,0
img_05151_2023,0,0.00016089539,0
img_05150_2023,0,0.15288886,0
img_05147_2023,0,6.955924e-05,0
img_05143_2023,0,0.0007964044,0
img_05149_2023,0,0.00016268459,0
img_05148_2023,0,0.00019595344,0
img_05154_2023,0,0.00035212171,0
img_05155_2023,0,0.0024044116,0
img_05159_2023,0,0.002565657,0
img_05160_2023,0,0.0008561992,0
img_05162_2023,0,0.27330753,1
img_05158_2023,0,0.00039988864,0
img_05163_2023,0,0.00078416703,0
img_05165_2023,0,1.0130997e-06,0
img_05174_2023,0,0.005977714,0
img_05172_2023,0,0.0061064316,0
img_05164_2023,0,0.0015425239,0
img_05175_2023,0,0.12486458,0
img_05170_2023,0,0.0003295056,0
img_04936_p01_2023,0,3.4344062e-05,0
img_04936_p02_2023,0,2.5376642e-06,0
img_04936_p03_2023,0,3.0033098e-06,0
img_04936_p04_2023,0,9.648657e-06,0
img_04936_p05_2023,0,2.1001715e-05,0
img_04936_p06_2023,0,8.586963e-07,0
img_04936_p07_2023,0,0.00026180214,0
img_04936_p08_2023,0,7.838629e-05,0
img_04936_p09_2023,0,0.0006229601,0
img_04936_p10_2023,0,0.00018090833,0
img_05176_2023,0,0.0025738839,0
img_05179_2023,0,0.00058001484,0
img_05181_2023,0,0.007415112,0
img_05180_2023,0,3.4643774e-06,0
img_05184_2023,0,0.10954814,0
img_05186_2023,0,0.050018467,0
img_05189_2023,0,0.0029910794,0
img_05173_2023,0,2.3870365e-05,0
img_05188_2023,0,0.00046565876,0
img_05194_2023,0,0.001303762,0
img_05193_2023,0,0.0012808541,0
img_05191_2023,0,0.00012375787,0
img_05195_2023,0,8.247962e-05,0
img_05199_2023,0,0.002242117,0
img_05187_2023,0,0.0023622653,0
img_05202_2023,0,0.0015017585,0
img_05209_2023,0,7.5767864e-05,0
img_05200_2023,0,0.000574049,0
img_05214_2023,0,0.0001217717,0
img_05203_2023,0,0.00021155854,0
img_05204_2023,0,0.6833961,1
img_05208_2023,0,7.60781e-05,0
img_05201_2023,0,3.1510175e-05,0
img_05210_2023,0,1.7636365e-05,0
img_05220_2023,0,0.0006000335,0
img_05218_2023,0,0.00032551744,0
img_05217_2023,0,0.0038447112,0
img_05207_2023,0,3.0493677e-05,0
img_05206_2023,0,0.0019146821,0
img_05215_2023,0,5.326495e-06,0
img_05223_2023,0,7.4315314e-05,0
img_05222_2023,0,1.7680502e-05,0
img_05229_2023,0,0.017611688,0
img_05226_2023,0,0.000107353044,0
img_05219_2023,0,0.00017418721,0
img_05227_2023,0,0.03423566,0
img_05211_2023,0,0.0006325422,0
img_05224_2023,0,7.494386e-05,0
img_05225_2023,0,0.0011088391,0
img_05231_2023,0,5.896165e-06,0
img_05235_2023,0,0.0001857645,0
img_05233_2023,0,3.5366164e-05,0
img_05238_2023,0,0.038700737,0
img_05241_2023,0,0.00030390784,0
img_05244_2023,0,0.00059360097,0
img_05240_2023,0,3.235262e-05,0
img_05232_2023,0,0.0026284344,0
img_05243_2023,0,0.0009415591,0
img_05242_2023,0,5.258985e-05,0
img_05245_2023,0,0.00094678515,0
img_05246_2023,0,0.0005314466,0
img_05250_2023,0,0.00026457466,0
img_05249_2023,0,6.475885e-05,0
img_05247_2023,0,0.001650729,0
img_05256_2023,0,0.0032038384,0
img_05258_2023,0,0.3027162,1
img_05260_2023,0,2.474758e-05,0
img_05263_2023,0,0.00095261785,0
img_05254_2023,0,0.0002249824,0
img_05264_2023,0,1.7568664e-05,0
img_05267_2023,0,0.07501708,0
img_05266_2023,0,0.0030153366,0
img_05265_2023,0,0.00011710534,0
img_05268_2023,0,0.00056295266,0
img_05275_2023,0,0.00049252494,0
img_05270_2023,0,0.028965931,0
img_05276_2023,0,0.06817403,0
img_05273_2023,0,0.00031468566,0
img_05278_2023,0,4.321354e-05,0
img_05269_2023,0,0.00016856336,0
img_05280_2023,0,0.023739364,0
img_05277_2023,0,9.7410535e-05,0
img_05284_2023,0,0.00016187193,0
img_05281_2023,0,0.00032152573,0
img_05283_2023,0,0.0015861252,0
img_05282_2023,0,0.00012555702,0
img_05286_2023,0,8.851301e-05,0
img_05289_2023,0,0.0013970735,0
img_05287_2023,0,0.00086184207,0
img_05291_2023,0,0.0020158726,0
img_05293_2023,0,0.00031526794,0
img_05292_2023,0,0.00010492768,0
img_05297_2023,0,0.00036405935,0
img_05301_2023,0,0.0014850462,0
img_05294_2023,0,0.0021667052,0
img_05298_2023,0,0.0003834018,0
img_05300_2023,0,0.00025449926,0
img_05306_2023,0,0.00080041075,0
img_05309_2023,0,0.027958293,0
img_05303_2023,0,3.7922555e-06,0
img_05252_p01_2023,0,1.9309102e-05,0
img_05252_p02_2023,0,0.0001248955,0
img_05305_2023,0,4.2157666e-05,0
img_05310_2023,0,0.00053771905,0
img_05314_2023,0,0.00040222096,0
img_05311_2023,0,6.4211745e-05,0
img_05316_2023,0,0.00049292203,0
img_05315_2023,0,0.005129123,0
img_05317_2023,0,0.00016374426,0
img_05320_2023,0,0.00019719555,0
img_05319_2023,0,0.00014514431,0
img_05312_2023,0,0.0026182588,0
img_05323_2023,0,0.00015642427,0
img_05324_2023,0,0.0014819996,0
img_05318_2023,0,9.916039e-05,0
img_05325_2023,0,0.0062550413,0
img_05328_2023,0,0.0008539626,0
img_05333_2023,0,0.0004145022,0
img_05322_2023,0,0.00062168634,0
img_05327_2023,0,0.00016291883,0
img_05334_2023,0,0.001884303,0
img_05336_2023,0,4.1955614e-06,0
img_05330_2023,0,0.0028068,0
img_05339_2023,0,0.00022956164,0
img_05299_p01_2023,0,0.00031159105,0
img_05299_p02_2023,0,7.1984846e-06,0
img_05341_2023,0,2.7184344e-05,0
img_05346_2023,0,0.0011082577,0
img_05345_2023,0,2.0361222e-05,0
img_05343_2023,0,0.28436652,1
img_05352_2023,0,0.03207927,0
img_05349_2023,0,0.008338077,0
img_05355_2023,0,0.0005621717,0
img_05356_2023,0,0.00031833048,0
img_05353_2023,0,0.00060278916,0
img_05360_2023,0,0.00033613836,0
img_05361_2023,0,0.0004466073,0
img_05364_2023,0,0.0012193902,0
img_05363_2023,0,0.0003170723,0
img_05365_2023,0,0.0013836102,0
img_05366_2023,0,0.0010900446,0
img_05369_2023,0,0.0001141361,0
img_05362_2023,0,0.002365361,0
img_05261_p01_2023,0,5.6269684e-05,0
img_05261_p02_2023,0,1.5104939e-06,0
img_05261_p03_2023,0,1.4383287e-06,0
img_05261_p04_2023,0,0.00017325117,0
img_05261_p05_2023,0,5.256919e-05,0
img_05261_p06_2023,0,0.00016288576,0
img_05371_2023,0,0.00045023725,0
img_05372_2023,0,0.016136438,0
img_05370_2023,0,7.551958e-05,0
img_05376_2023,0,0.0002873079,0
img_05381_2023,0,0.0001207378,0
img_05377_2023,0,0.0002756384,0
img_05384_2023,0,0.00019687391,0
img_05374_2023,0,0.000782019,0
img_05386_2023,0,0.0010596062,0
img_05385_2023,0,0.0007008674,0
img_05388_2023,0,4.4838278e-05,0
img_05387_2023,0,0.003138541,0
img_05392_2023,0,0.00012481894,0
img_05390_2023,0,0.0010173571,0
img_05395_2023,0,0.007028914,0
img_05393_2023,0,0.040659983,0
img_05397_2023,0,0.0005619454,0
img_05399_2023,0,4.574866e-06,0
img_05402_2023,0,4.023104e-05,0
img_05398_2023,0,0.15205199,0
img_05401_2023,0,0.0001968422,0
img_05409_2023,0,2.615889e-05,0
img_05406_2023,0,0.00013621585,0
img_05404_2023,0,8.848035e-05,0
img_05389_2023,0,4.249458e-05,0
img_05416_2023,0,8.291166e-06,0
img_05426_2023,0,9.649167e-05,0
img_05415_2023,0,8.538607e-05,0
img_05424_2023,0,0.0007235821,0
img_05425_2023,0,0.000613934,0
img_05430_2023,0,0.012662607,0
img_05429_2023,0,0.0023158928,0
img_05433_2023,0,0.00022666376,0
img_05428_2023,0,6.2014944e-05,0
img_05436_2023,0,0.00062398124,0
img_05441_2023,0,0.0004810154,0
img_05434_2023,0,0.0013273857,0
img_05439_2023,0,0.00058103603,0
img_05442_2023,0,0.00010152609,0
img_05432_2023,0,0.00016459441,0
img_05438_2023,0,2.4734743e-05,0
img_05431_2023,0,6.995284e-05,0
img_05435_2023,0,0.40799078,1
img_05449_2023,0,6.8047615e-05,0
img_05446_2023,0,0.0001182038,0
img_05453_2023,0,0.009115321,0
img_05456_2023,0,2.3041552e-05,0
img_05455_2023,0,0.018808804,0
img_05460_2023,0,0.0024453646,0
img_05454_2023,0,0.00048561342,0
img_05462_2023,0,8.952511e-05,0
img_05458_2023,0,0.0002205132,0
img_05461_2023,0,0.0019848968,0
img_05464_2023,0,0.008187933,0
img_05447_p01_2023,0,1.5607457e-05,0
img_05447_p02_2023,0,0.00040118702,0
img_05467_2023,0,0.00065374543,0
img_05471_2023,0,0.0071422514,0
img_05470_2023,0,0.00012804836,0
img_05474_2023,0,0.0006200011,0
img_05476_2023,0,0.00036574202,0
img_05477_2023,0,1.5281375e-05,0
img_05472_2023,0,0.010129652,0
img_05480_2023,0,7.873375e-05,0
img_05479_2023,0,1.621397e-05,0
img_05478_2023,0,0.28071317,1
img_05475_2023,0,1.0289563e-05,0
img_05459_p02_2023,0,9.164401e-05,0
img_05468_p01_2023,0,3.594563e-05,0
img_05468_p02_2023,0,7.4075884e-05,0
img_05482_2023,0,5.9163223e-05,0
img_05487_2023,0,0.0002846395,0
img_05490_2023,0,0.009613846,0
img_05486_2023,0,0.9477825,1
img_05489_2023,0,4.1199117e-05,0
img_05493_2023,0,0.0010768931,0
img_05494_2023,0,0.0011146623,0
img_05497_2023,0,0.8379071,1
img_05496_2023,0,3.8788214e-05,0
img_05427_p01_2023,0,0.00019868334,0
img_05427_p02_2023,0,0.000102613674,0
img_05427_p03_2023,0,0.0018385586,0
img_05427_p05_2023,0,3.0916322e-05,0
img_05427_p06_2023,0,1.7893246e-05,0
img_05500_2023,0,4.040005e-05,0
img_05504_2023,0,0.0029740017,0
img_05501_2023,0,1.5906557e-05,0
img_05498_2023,0,9.405419e-05,0
img_05332_p01_2023,0,0.0001706354,0
img_05332_p02_2023,0,2.691519e-05,0
img_05332_p03_2023,0,3.1882355e-05,0
img_05332_p04_2023,0,3.8628855e-06,0
img_05332_p05_2023,0,3.829384e-05,0
img_05332_p06_2023,0,3.2756514e-05,0
img_05332_p07_2023,0,0.000132772,0
img_05332_p08_2023,0,6.4701417e-06,0
img_05332_p09_2023,0,1.265805e-05,0
img_05332_p10_2023,0,1.3510802e-05,0
img_05499_2023,0,0.000282616,0
img_05503_2023,0,4.2013668e-05,0
img_05506_2023,0,0.00041795356,0
img_05512_2023,0,0.0017794593,0
img_05510_2023,0,0.00027814522,0
img_05515_2023,0,0.0038197124,0
img_05513_2023,0,3.9291146e-05,0
img_05517_2023,0,1.0197238e-05,0
img_05518_2023,0,2.2170805e-05,0
img_05514_2023,0,0.00042068647,0
img_05522_2023,0,0.019270733,0
img_05511_2023,0,0.012166731,0
img_05520_2023,0,8.2372564e-05,0
img_05521_2023,0,4.0640865e-05,0
img_05523_2023,0,0.004383219,0
img_05495_p01_2023,0,0.008249176,0
img_05519_2023,0,0.0006540807,0
img_05526_2023,0,3.3546177e-05,0
img_05524_2023,0,7.504407e-06,0
img_05528_2023,0,0.00037924334,0
img_05531_2023,0,1.9938658e-05,0
img_05527_2023,0,1.1472333e-05,0
img_05537_2023,0,0.0010249492,0
img_05538_2023,0,0.021716299,0
img_05321_p01_2023,0,9.6137795e-05,0
img_05321_p02_2023,0,1.1198791e-05,0
img_05321_p03_2023,0,0.00010398591,0
img_05321_p04_2023,0,0.00014614798,0
img_05321_p05_2023,0,0.0004047922,0
img_05321_p06_2023,0,0.00010399424,0
img_05321_p07_2023,0,0.00031661917,0
img_05321_p08_2023,0,3.135807e-05,0
img_05321_p09_2023,0,7.431865e-05,0
img_05321_p10_2023,0,1.8447729e-05,0
img_05321_p11_2023,0,0.00031852294,0
img_05448_p01_2023,0,0.0001784412,0
img_05448_p02_2023,0,0.00047207758,0
img_05448_p03_2023,0,0.00015233457,0
img_05448_p04_2023,0,0.0038693745,0
img_05543_2023,0,0.010348106,0
img_05539_2023,0,0.009302789,0
img_05551_2023,0,8.972193e-05,0
img_05548_2023,0,0.00032716515,0
img_05550_2023,0,0.05187822,0
img_05546_2023,0,0.00057658786,0
img_05547_2023,0,6.984179e-05,0
img_05545_2023,0,0.0010524447,0
img_05552_2023,0,0.230492,1
img_05553_2023,0,0.0014711468,0
img_05556_2023,0,0.00011775357,0
img_05383_p01_2023,0,0.0021300835,0
img_05383_p02_2023,0,0.0001061381,0
img_05383_p03_2023,0,0.0018789583,0
img_05383_p04_2023,0,0.00082844816,0
img_05383_p05_2023,0,4.1468535e-05,0
img_05383_p06_2023,0,3.1532356e-05,0
img_05383_p07_2023,0,1.0221804e-05,0
img_05383_p08_2023,0,0.00019654683,0
img_05383_p09_2023,0,8.2624705e-05,0
img_05466_p01_2023,0,3.6276808e-05,0
img_05466_p02_2023,0,8.35796e-05,0
img_05466_p03_2023,0,1.5403004e-05,0
img_05466_p05_2023,0,1.5938474e-05,0
img_05466_p06_2023,0,4.459483e-05,0
img_05559_2023,0,0.00042405064,0
img_05549_2023,0,1.3229433e-05,0
img_05564_2023,0,0.00094450795,0
img_05568_2023,0,4.0851664e-05,0
img_05562_2023,0,0.27574927,1
img_05569_2023,0,0.023703726,0
img_05571_2023,0,0.0009178411,0
img_05561_2023,0,0.06591335,0
img_05567_2023,0,0.00010088596,0
img_05570_2023,0,0.001026061,0
img_05572_2023,0,0.0038985538,0
img_05573_2023,0,0.00088717026,0
img_05574_2023,0,0.00017243669,0
img_05575_2023,0,2.2308026e-05,0
img_05580_2023,0,0.006909876,0
img_05577_2023,0,0.0020917223,0
img_05582_2023,0,0.00029142786,0
img_05578_2023,0,1.3412491e-05,0
img_05576_2023,0,0.00018418368,0
img_05586_2023,0,8.491022e-06,0
img_05585_2023,0,6.568175e-05,0
img_05590_2023,0,0.003230921,0
img_05593_2023,0,0.0043020425,0
img_05451_p03_2023,0,2.6731781e-05,0
img_05451_p04_2023,0,1.2338763e-05,0
img_05451_p05_2023,0,1.6856202e-05,0
img_05451_p07_2023,0,0.00012237011,0
img_05451_p08_2023,0,2.2896827e-05,0
img_05451_p09_2023,0,5.68463e-05,0
img_05592_2023,0,0.06244336,0
img_05595_2023,0,0.0009802735,0
img_05587_2023,0,0.00010310783,0
img_05597_2023,0,0.0058174967,0
img_05598_2023,0,0.0025163013,0
img_05589_2023,0,0.0076105245,0
img_05602_2023,0,3.6228741e-06,0
img_05605_2023,0,7.94673e-05,0
img_05604_2023,0,0.00082478975,0
img_05607_2023,0,0.001375293,0
img_05603_2023,0,0.0003689702,0
img_05608_2023,0,0.0017467487,0
img_05606_2023,0,5.0935952e-05,0
img_05610_2023,0,0.0009841213,0
img_05600_2023,0,0.012704836,0
img_05599_2023,0,0.0132734375,0
img_05612_2023,0,2.0090705e-05,0
img_05613_2023,0,0.62116766,1
img_05611_2023,0,1.7556305e-06,0
img_05619_2023,0,0.0021454073,0
img_05617_2023,0,2.0803831e-05,0
img_05583_p01_2023,0,3.9889587e-06,0
img_05616_2023,0,0.00055756484,0
img_05622_2023,0,4.4994795e-05,0
img_05623_2023,0,0.07390854,0
img_05624_2023,0,2.9883027e-05,0
img_05625_2023,0,0.00042138703,0
img_05621_2023,0,8.482277e-05,0
img_05630_2023,0,0.008254709,0
img_05633_2023,0,0.040460307,0
img_05615_2023,0,2.7443935e-05,0
img_05631_2023,0,0.013004354,0
img_05638_2023,0,0.0001805988,0
img_05637_2023,0,0.0008309975,0
img_05639_2023,0,1.3966607e-05,0
img_05640_2023,0,7.355949e-05,0
img_05634_2023,0,0.00092783617,0
img_05642_2023,0,0.0001218156,0
img_05645_2023,0,0.00015416893,0
img_05566_p01_2023,0,5.9197137e-05,0
img_05566_p02_2023,0,5.495888e-05,0
img_05566_p03_2023,0,5.7700217e-06,0
img_05566_p04_2023,0,0.00014923312,0
img_05646_2023,0,0.0024861346,0
img_05644_2023,0,0.00092403113,0
img_05641_2023,0,0.00785214,0
img_05635_2023,0,0.0017121457,0
img_05650_2023,0,0.0374204,0
img_05651_2023,0,0.00022734728,0
img_05653_2023,0,0.005153647,0
img_05652_2023,0,3.790584e-05,0
img_05654_2023,0,0.00026802093,0
img_05620_p01_2023,0,4.313926e-05,0
img_05620_p02_2023,0,4.6853358e-05,0
img_05658_2023,0,0.022401163,0
img_05664_2023,0,0.00014503735,0
img_05655_2023,0,0.0025104925,0
img_05662_2023,0,0.0013115385,0
img_05659_2023,0,0.00011718276,0
img_05661_2023,0,5.9859435e-06,0
img_05663_2023,0,0.0011814012,0
img_05668_2023,0,0.0010666177,0
img_05673_2023,0,0.03585419,0
img_05670_2023,0,0.0025651397,0
img_05676_2023,0,5.9681548e-05,0
img_05669_2023,0,0.0014958668,0
img_05678_2023,0,3.6351368e-05,0
img_05681_2023,0,6.537349e-05,0
img_05675_2023,0,0.00041089143,0
img_05680_2023,0,5.4083397e-05,0
img_05684_2023,0,0.00019747403,0
img_05686_2023,0,0.01807823,0
img_05685_2023,0,6.237656e-05,0
img_05687_2023,0,2.5328422e-05,0
img_05689_2023,0,0.04700252,0
img_05694_2023,0,0.041336812,0
img_05693_2023,0,0.008546152,0
img_05692_2023,0,1.321153e-05,0
img_05698_2023,0,4.6512396e-05,0
img_05699_2023,0,0.005170019,0
img_05700_2023,0,0.0005209508,0
img_05697_2023,0,6.2975014e-06,0
img_05704_2023,0,0.011938432,0
img_05701_2023,0,0.13054663,0
img_05707_2023,0,0.002110535,0
img_05709_2023,0,0.00012934585,0
img_05708_2023,0,0.000102748294,0
img_05688_2023,0,0.0026312673,0
img_05696_2023,0,0.0019309057,0
img_05705_2023,0,0.006069244,0
img_05712_2023,0,0.0055966293,0
img_05719_2023,0,0.00014207457,0
img_05714_2023,0,0.26389316,1
img_05717_2023,0,0.004310353,0
img_05720_2023,0,0.0015935799,0
img_05723_2023,0,0.0051971036,0
img_05725_2023,0,2.2307537e-05,0
img_05718_2023,0,0.0230421,0
img_05724_2023,0,0.14512008,0
img_05721_2023,0,0.00019441158,0
img_05726_2023,0,0.0010372358,0
img_05722_2023,0,0.00018614995,0
img_05728_2023,0,0.0008246326,0
img_05731_2023,0,8.647771e-05,0
img_05735_2023,0,0.00020334612,0
img_05727_2023,0,3.5256184e-05,0
img_05716_2023,0,0.00023222472,0
img_05733_2023,0,2.27209e-05,0
img_05729_2023,0,0.0005237827,0
img_05738_2023,0,0.0005324322,0
img_05732_2023,0,6.166365e-05,0
img_05742_2023,0,0.00018159774,0
img_05730_2023,0,0.00027508682,0
img_05741_2023,0,0.00013704432,0
img_05749_2023,0,0.0041828835,0
img_05744_2023,0,0.00018692348,0
img_05747_2023,0,0.019028509,0
img_05752_2023,0,6.581069e-06,0
img_05751_2023,0,0.0013495396,0
img_05748_2023,0,0.0002858426,0
img_05745_2023,0,0.02098286,0
img_05746_2023,0,0.013013898,0
img_05750_2023,0,0.00027779117,0
img_05755_2023,0,0.0049354974,0
img_05758_2023,0,0.0001914994,0
img_05754_2023,0,0.0010009153,0
img_05757_2023,0,7.9618476e-05,0
img_05759_2023,0,0.019042904,0
img_05762_2023,0,0.008321341,0
img_05760_2023,0,0.004313572,0
img_05765_2023,0,0.0022553168,0
img_05768_2023,0,0.32634717,1
img_05769_2023,0,0.0030469515,0
img_05771_2023,0,0.00011653877,0
img_05772_2023,0,0.00025295853,0
img_05770_2023,0,4.5965404e-05,0
img_05773_2023,0,0.0006937638,0
img_05775_2023,0,0.012193548,0
img_05774_2023,0,0.001751958,0
img_05779_2023,0,0.00028976,0
img_05784_2023,0,0.00042627103,0
img_05780_2023,0,0.0015617938,0
img_05782_2023,0,0.0004599309,0
img_05781_2023,0,0.004580693,0
img_05785_2023,0,0.0014702883,0
img_05788_2023,0,0.0005435896,0
img_05787_2023,0,0.51264143,1
img_05789_2023,0,0.0014364758,0
img_05786_2023,0,0.004593127,0
img_05791_2023,0,0.0002517315,0
img_05795_2023,0,0.0012134914,0
img_05790_2023,0,0.0011271896,0
img_05778_2023,0,4.930068e-05,0
img_05793_2023,0,0.10529597,0
img_05797_2023,0,0.00073636504,0
img_05800_2023,0,0.02352038,0
img_05802_2023,0,3.168754e-05,0
img_05808_2023,0,0.0008722678,0
img_05806_2023,0,0.0017575551,0
img_05803_2023,0,3.427274e-05,0
img_05810_2023,0,0.0014438431,0
img_05813_2023,0,0.0010513358,0
img_05812_2023,0,0.0029436103,0
img_05811_2023,0,0.00046513704,0
img_05804_2023,0,0.00040533318,0
img_05815_2023,0,0.0015118698,0
img_05817_2023,0,0.0032572593,0
img_05703_p01_2023,0,0.0003041826,0
img_05703_p02_2023,0,5.847912e-05,0
img_05703_p03_2023,0,6.7311346e-05,0
img_05703_p04_2023,0,0.01930326,0
img_05703_p05_2023,0,1.378616e-05,0
img_05703_p06_2023,0,1.1982569e-05,0
img_05821_2023,0,0.06093973,0
img_05822_2023,0,0.002561503,0
img_05819_2023,0,0.0034922264,0
img_05814_2023,0,7.7366756e-05,0
img_05823_2023,0,0.0013940465,0
img_05828_2023,0,0.00048818233,0
img_05827_2023,0,0.0008268554,0
img_05829_2023,0,0.1602954,1
img_05826_2023,0,4.620902e-05,0
img_05836_2023,0,1.081112e-06,0
img_05839_2023,0,0.008241389,0
img_05838_2023,0,0.24501179,1
img_05831_2023,0,0.00011188788,0
img_05834_2023,0,0.00019241804,0
img_05846_2023,0,0.00045707013,0
img_05843_2023,0,0.0032704214,0
img_05850_2023,0,0.004037903,0
img_05848_2023,0,9.6322794e-05,0
img_05847_2023,0,0.00026616303,0
img_05825_p01_2023,0,0.44310844,1
img_05825_p02_2023,0,0.043725215,0
img_05844_2023,0,0.00017169543,0
img_05854_2023,0,0.0014862374,0
img_05851_2023,0,0.13245448,0
img_05855_2023,0,0.001330875,0
img_05858_2023,0,0.0009971984,0
img_05861_2023,0,9.163274e-06,0
img_05863_2023,0,0.00038991228,0
img_05867_2023,0,0.002555826,0
img_05862_2023,0,0.00018258026,0
img_05870_2023,0,0.011742209,0
img_05871_2023,0,0.0036527037,0
img_05869_2023,0,0.0011746007,0
img_05873_2023,0,8.1046506e-05,0
img_05878_2023,0,0.00011651489,0
img_05875_2023,0,0.00014968945,0
img_05866_2023,0,0.015701475,0
img_05877_2023,0,8.326657e-05,0
img_05876_2023,0,0.0045105675,0
img_05885_2023,0,0.0046159783,0
img_05799_p01_2023,0,9.589269e-05,0
img_05799_p02_2023,0,8.251793e-05,0
img_05799_p03_2023,0,0.00054029684,0
img_05799_p04_2023,0,5.2252766e-05,0
img_05881_2023,0,1.377784e-05,0
img_05890_2023,0,5.1084564e-05,0
img_05891_2023,0,0.0026705791,0
img_05887_2023,0,0.46404436,1
img_05892_2023,0,0.00015287325,0
img_05888_2023,0,0.002640348,0
img_05886_2023,0,5.969383e-06,0
img_05893_2023,0,0.00019794606,0
img_05889_2023,0,2.0764845e-05,0
img_05868_p01_2023,0,0.0030210342,0
img_05868_p02_2023,0,0.0036609091,0
img_05897_2023,0,0.0022921448,0
img_05896_2023,0,0.00015594324,0
img_05883_2023,0,0.0004820277,0
img_05900_2023,0,0.00080073497,0
img_05901_2023,0,0.0005295307,0
img_05903_2023,0,0.0061722966,0
img_05908_2023,0,0.00054723094,0
img_05906_2023,0,0.0046501593,0
img_05912_2023,0,0.00023825304,0
img_05911_2023,0,4.8630944e-05,0
img_05914_2023,0,0.0038316008,0
img_05915_2023,0,0.014711242,0
img_05902_2023,0,0.0005817761,0
img_05919_2023,0,0.012066284,0
img_05682_p01_2023,0,0.00014989972,0
img_05682_p02_2023,0,0.0004475406,0
img_05682_p03_2023,0,1.0088939e-05,0
img_05682_p04_2023,0,0.00035601854,0
img_05682_p05_2023,0,1.5073741e-06,0
img_05682_p06_2023,0,2.5492038e-05,0
img_05682_p08_2023,0,6.7686374e-06,0
img_05682_p09_2023,0,0.0011470394,0
img_05682_p10_2023,0,1.4146018e-05,0
img_05682_p11_2023,0,1.1367673e-05,0
img_05920_2023,0,0.047721256,0
img_05922_2023,0,0.00022623237,0
img_05926_2023,0,0.004852619,0
img_05923_2023,0,1.4452917e-05,0
img_05928_2023,0,3.4340133e-05,0
img_05927_2023,0,0.004547344,0
img_05930_2023,0,0.00027431184,0
img_05924_2023,0,0.000106988715,0
img_05934_2023,0,0.49304566,1
img_05938_2023,0,0.0020131099,0
img_05936_2023,0,0.0058417246,0
img_05929_2023,0,0.006706194,0
img_05944_2023,0,0.00075622206,0
img_05946_2023,0,0.22812855,1
img_05947_2023,0,0.00013646872,0
img_05895_p01_2023,0,0.00019872861,0
img_05895_p02_2023,0,0.0004474766,0
img_05895_p03_2023,0,0.0017911445,0
img_05895_p04_2023,0,0.005199752,0
img_05943_2023,0,0.0022808241,0
img_05942_2023,0,0.00011487179,0
img_05949_2023,0,0.0005074687,0
img_05951_2023,0,0.0010436196,0
img_05953_2023,0,0.0004444458,0
img_05948_2023,0,3.9491515e-05,0
img_05957_2023,0,0.00024978872,0
img_05959_2023,0,2.3352224e-05,0
img_05960_2023,0,0.026591353,0
img_05961_2023,0,0.0029059846,0
img_05962_2023,0,0.00018903613,0
img_05952_2023,0,0.0002455724,0
img_05945_2023,0,9.945396e-07,0
img_05964_2023,0,0.0012046982,0
img_05907_p01_2023,0,0.0020884422,0
img_05907_p02_2023,0,0.00055174273,0
img_05907_p03_2023,0,7.416488e-05,0
img_05907_p04_2023,0,2.4380857e-05,0
img_05955_2023,0,0.00025913576,0
img_05963_2023,0,0.0009793852,0
img_05966_2023,0,0.0003108721,0
img_05965_2023,0,5.4337743e-05,0
img_05970_2023,0,0.00062147784,0
img_05976_2023,0,0.0016638244,0
img_05971_2023,0,0.004071487,0
img_05975_2023,0,0.00012714507,0
img_05972_2023,0,0.010091511,0
img_05979_2023,0,0.16463268,1
img_05967_2023,0,0.00019434857,0
img_05981_2023,0,0.002537693,0
img_05985_2023,0,0.0007661512,0
img_05983_2023,0,0.2762158,1
img_05982_2023,0,0.00020869814,0
img_05980_2023,0,0.010863845,0
img_05925_p01_2023,0,0.00018576218,0
img_05925_p02_2023,0,0.00033940643,0
img_05925_p03_2023,0,0.0008473582,0
img_05984_2023,0,0.0004901556,0
img_05978_2023,0,4.290462e-06,0
img_05988_2023,0,0.021809591,0
img_05987_2023,0,0.0032472569,0
img_05991_2023,0,0.00023408336,0
img_05994_2023,0,0.004589738,0
img_05993_2023,0,0.00012343153,0
img_05990_2023,0,0.0002592477,0
img_05995_2023,0,2.4414314e-05,0
img_05992_2023,0,0.000107735665,0
img_05997_2023,0,0.005991676,0
img_05996_2023,0,0.00039542723,0
img_05999_2023,0,0.000618599,0
img_06003_2023,0,0.005060308,0
img_06002_2023,0,0.03273775,0
img_06001_2023,0,0.000101987585,0
img_06007_2023,0,0.00076160626,0
img_06008_2023,0,0.00012595381,0
img_06006_2023,0,0.00065282336,0
img_06005_2023,0,0.0052394182,0
img_06009_2023,0,0.008982313,0
img_05998_2023,0,7.177111e-06,0
img_06013_2023,0,0.0056580864,0
img_06010_2023,0,0.0028581046,0
img_06012_2023,0,9.9399345e-05,0
img_06011_2023,0,4.4295895e-05,0
img_06016_2023,0,0.012551337,0
img_06017_2023,0,0.0013605503,0
img_06021_2023,0,0.00027698404,0
img_06014_2023,0,0.0025825668,0
img_06018_2023,0,0.00065704813,0
img_06020_2023,0,0.00094235735,0
img_06023_2023,0,1.7054454e-05,0
img_06022_2023,0,0.0020305929,0
img_06026_2023,0,0.0074100425,0
img_06024_2023,0,0.024797618,0
img_06029_2023,0,0.0050819945,0
img_06028_2023,0,0.00034065905,0
img_06030_2023,0,0.00028922537,0
img_06031_2023,0,0.52125174,1
img_06032_2023,0,0.0003755902,0
img_06034_2023,0,0.0006992759,0
img_06033_2023,0,1.0711995e-05,0
img_06039_2023,0,0.00045849296,0
img_05989_p01_2023,0,0.002946115,0
img_05989_p02_2023,0,3.052743e-05,0
img_05974_p01_2023,0,1.6727101e-05,0
img_05974_p02_2023,0,0.00011318807,0
img_05974_p03_2023,0,9.04648e-06,0
img_05974_p04_2023,0,0.00012690513,0
img_06041_2023,0,0.020282585,0
img_06040_2023,0,0.003594171,0
img_06037_2023,0,0.00052931573,0
img_06042_2023,0,0.0012737935,0
img_06036_2023,0,0.0010547915,0
img_06043_2023,0,0.0005732368,0
img_06045_2023,0,0.00081851525,0
img_06050_2023,0,0.121411666,0
img_06004_p01_2023,0,0.002087705,0
img_06004_p02_2023,0,0.0005362273,0
img_06004_p03_2023,0,0.004228189,0
img_06004_p04_2023,0,0.002748129,0
img_06054_2023,0,3.0408939e-05,0
img_06053_2023,0,6.872649e-05,0
img_06051_2023,0,0.011157841,0
img_06060_2023,0,0.0003227945,0
img_06058_2023,0,0.0067522163,0
img_06061_2023,0,0.5012192,1
img_06063_2023,0,7.3930883e-06,0
img_06062_2023,0,0.14691833,0
img_06052_2023,0,7.9678866e-05,0
img_06065_2023,0,5.7140223e-05,0
img_06069_2023,0,0.69454765,1
img_06057_2023,0,1.6116908e-05,0
img_06070_2023,0,6.5708527e-06,0
img_06072_2023,0,4.1859614e-05,0
img_06071_2023,0,0.00014265912,0
img_06073_2023,0,0.0029454273,0
img_06077_2023,0,0.004170478,0
img_06074_2023,0,0.0018111238,0
img_06078_2023,0,0.002809103,0
img_06080_2023,0,0.02530384,0
img_06076_2023,0,0.027611088,0
img_06085_2023,0,0.0024026302,0
img_06087_2023,0,0.00017961564,0
img_06066_p01_2023,0,3.5427968e-06,0
img_06066_p02_2023,0,1.8824278e-05,0
img_06092_2023,0,0.06163743,0
img_06081_2023,0,0.0003970984,0
img_06094_2023,0,0.00027560422,0
img_06083_2023,0,0.009981511,0
img_06088_2023,0,2.269327e-05,0
img_06095_2023,0,0.015394145,0
img_06097_2023,0,6.410718e-05,0
img_06101_2023,0,0.00060190447,0
img_06098_2023,0,0.0019309958,0
img_06099_2023,0,0.0016446164,0
img_06106_2023,0,0.00037698328,0
img_06109_2023,0,0.01971358,0
img_06102_2023,0,0.0001402348,0
img_06111_2023,0,0.00019169104,0
img_05933_p01_2023,0,3.6813643e-05,0
img_05933_p02_2023,0,0.00011628635,0
img_05933_p03_2023,0,1.7433991e-05,0
img_05933_p04_2023,0,3.604724e-05,0
img_05933_p05_2023,0,2.433434e-06,0
img_05933_p06_2023,0,1.1739305e-05,0
img_05933_p07_2023,0,1.3925458e-05,0
img_05933_p08_2023,0,9.815715e-06,0
img_05933_p09_2023,0,4.155075e-05,0
img_06103_2023,0,0.0004243222,0
img_06107_2023,0,6.39979e-06,0
img_06104_2023,0,0.01900084,0
img_06113_2023,0,3.9908493e-05,0
img_06114_2023,0,0.0002989119,0
img_06108_2023,0,0.001614654,0
img_06116_2023,0,0.0019643418,0
img_06110_2023,0,0.0007282922,0
img_06121_2023,0,0.00020367948,0
img_06128_2023,0,0.0008526194,0
img_06124_2023,0,0.006250923,0
img_06068_p02_2023,0,2.1240214e-05,0
img_06131_2023,0,0.0027109743,0
img_06136_2023,0,0.003144,0
img_06135_2023,0,0.0029435905,0
img_06140_2023,0,0.00019571706,0
img_06142_2023,0,0.001819446,0
img_06137_2023,0,0.23351526,1
img_06118_p01_2023,0,0.01675529,0
img_06118_p02_2023,0,0.00036068543,0
img_06149_2023,0,0.00012650788,0
img_06151_2023,0,0.008190326,0
img_06153_2023,0,0.00063164486,0
img_06150_2023,0,0.0047254306,0
img_06157_2023,0,0.006672009,0
img_06154_2023,0,0.0010938935,0
img_06158_2023,0,0.019864047,0
img_06156_2023,0,0.00059103087,0
img_06161_2023,0,0.14769931,0
img_06148_p01_2023,0,0.000639373,0
img_06148_p02_2023,0,0.0063478122,0
img_06152_p01_2023,0,0.00047989245,0
img_06152_p02_2023,0,0.058681134,0
img_06163_2023,0,0.000113171445,0
img_06139_p01_2023,0,0.0036528336,0
img_06139_p02_2023,0,0.0009072972,0
img_06139_p03_2023,0,8.2403516e-05,0
img_06164_2023,0,0.021343425,0
img_06166_2023,0,0.00012394364,0
img_06162_2023,0,0.00865866,0
img_06160_2023,0,0.0008534811,0
img_06174_2023,0,1.5009425e-05,0
img_06179_2023,0,0.03255671,0
img_06173_2023,0,0.0037582533,0
img_06168_p01_2023,0,0.00038973612,0
img_06168_p02_2023,0,0.0099562295,0
img_06182_2023,0,0.6756761,1
img_06187_2023,0,0.004782321,0
img_06181_2023,0,0.00040939063,0
img_06185_2023,0,0.00024377403,0
img_06186_2023,0,0.00019341998,0
img_05674_p02_2023,0,9.433363e-05,0
img_05674_p03_2023,0,7.358853e-05,0
img_05674_p04_2023,0,0.00020280627,0
img_05674_p06_2023,0,3.3640492e-05,0
img_05674_p08_2023,0,1.0892404e-05,0
img_05674_p09_2023,0,9.154837e-05,0
img_05674_p10_2023,0,4.7659007e-05,0
img_05674_p11_2023,0,0.00014641049,0
img_05674_p12_2023,0,6.4214866e-05,0
img_05674_p13_2023,0,4.316498e-05,0
img_05674_p14_2023,0,0.0013181224,0
img_05674_p15_2023,0,1.0067564e-05,0
img_05674_p16_2023,0,7.51304e-05,0
img_05674_p17_2023,0,7.359717e-05,0
img_05674_p18_2023,0,5.581931e-06,0
img_05674_p19_2023,0,0.00015936577,0
img_05674_p20_2023,0,4.32742e-05,0
img_05674_p21_2023,0,0.00011015751,0
img_05674_p22_2023,0,9.480472e-06,0
img_05674_p23_2023,0,0.00024352293,0
img_05674_p24_2023,0,5.3785443e-05,0
img_05674_p25_2023,0,9.66602e-05,0
img_06189_2023,0,0.00049909315,0
img_06199_2023,0,0.057569887,0
img_06196_2023,0,4.293872e-05,0
img_06197_2023,0,0.09792562,0
img_06202_2023,0,0.00077496073,0
img_06193_2023,0,0.0015614118,0
img_06204_2023,0,0.00018291692,0
img_06207_2023,0,0.0036549675,0
img_06214_2023,0,0.0016554355,0
img_06212_2023,0,0.0018500456,0
img_06218_2023,0,0.0009235801,0
img_06192_p01_2023,0,0.0004929117,0
img_06192_p02_2023,0,0.000386786,0
img_06226_2023,0,1.0949812e-05,0
img_06220_2023,0,0.000707254,0
img_06195_p01_2023,0,0.006915519,0
img_06195_p02_2023,0,0.0005206895,0
img_06223_2023,0,0.0026949495,0
img_06127_p01_2023,0,0.0008079262,0
img_06127_p02_2023,0,0.0022121042,0
img_06127_p03_2023,0,0.0026406555,0
img_06238_2023,0,0.00023070637,0
img_06240_2023,0,0.047028605,0
img_06235_2023,0,0.00061328016,0
img_06236_2023,0,0.0011774069,0
img_06241_2023,0,0.0009749528,0
img_06231_2023,0,0.00026708096,0
img_06234_2023,0,0.009545509,0
img_06245_2023,0,0.07222849,0
img_06244_2023,0,5.929601e-05,0
img_06217_p01_2023,0,8.990033e-05,0
img_06217_p02_2023,0,0.0055483566,0
img_06228_p01_2023,0,0.00058576773,0
img_06228_p02_2023,0,0.0020796827,0
img_06249_2023,0,0.046626326,0
img_06246_2023,0,0.033875585,0
img_06229_p01_2023,0,0.0036760857,0
img_06229_p02_2023,0,0.0013194123,0
img_06253_2023,0,1.026689e-05,0
img_06255_2023,0,0.00012100139,0
img_06256_2023,0,0.017456286,0
img_06251_2023,0,1.7576742e-05,0
img_06252_2023,0,0.0007342464,0
img_06260_2023,0,0.0011256916,0
img_06259_2023,0,0.0013541011,0
img_06257_2023,0,6.905872e-05,0
img_06263_2023,0,0.0023762907,0
img_06269_2023,0,0.0027663235,0
img_06272_2023,0,0.010979541,0
img_06270_2023,0,0.00703559,0
img_06266_2023,0,0.0003762711,0
img_06273_2023,0,0.031127326,0
img_06211_p01_2023,0,0.00013424671,0
img_06211_p02_2023,0,0.00030592765,0
img_06211_p03_2023,0,8.363661e-05,0
img_06211_p04_2023,0,0.00065998815,0
img_06277_2023,0,0.003465692,0
img_06278_2023,0,0.006346684,0
img_06282_2023,0,0.0011665352,0
img_06283_2023,0,0.0010531287,0
img_06248_p01_2023,0,0.00045886327,0
img_06248_p02_2023,0,0.00043800173,0
img_06248_p03_2023,0,0.00430337,0
img_06248_p04_2023,0,0.00060577254,0
img_06280_2023,0,0.00014324198,0
img_06284_2023,0,0.013745023,0
img_06286_2023,0,0.21008693,1
img_06291_2023,0,0.0018691826,0
img_06289_2023,0,0.0015896858,0
img_06294_2023,0,0.0012019005,0
img_06295_2023,0,0.003311656,0
img_06301_2023,0,0.0076536965,0
img_06297_2023,0,0.00050769775,0
img_06296_2023,0,0.00043490526,0
img_06302_2023,0,3.4463752e-05,0
img_06307_2023,0,0.0017245921,0
img_05065_p01_2023,0,0.0015929518,0
img_05065_p02_2023,0,4.9821796e-05,0
img_05065_p03_2023,0,6.306096e-05,0
img_05065_p05_2023,0,0.00033141952,0
img_05065_p06_2023,0,0.00043402993,0
img_05065_p07_2023,0,3.9092236e-05,0
img_05065_p08_2023,0,3.0611183e-05,0
img_05065_p10_2023,0,7.709669e-05,0
img_05065_p11_2023,0,0.00028294843,0
img_05065_p12_2023,0,7.233859e-05,0
img_05065_p13_2023,0,0.00011415613,0
img_05065_p14_2023,0,0.00011045191,0
img_05065_p16_2023,0,0.001600603,0
img_05065_p19_2023,0,0.00011536346,0
img_05065_p20_2023,0,2.1048372e-05,0
img_05065_p21_2023,0,0.011173715,0
img_05065_p24_2023,0,0.00014298133,0
img_05065_p28_2023,0,4.8194845e-05,0
img_05065_p29_2023,0,0.00013456096,0
img_05065_p37_2023,0,1.0700948e-05,0
img_05065_p39_2023,0,0.0002391463,0
img_05065_p48_2023,0,0.00012269517,0
img_05065_p51_2023,0,0.0010138395,0
img_05065_p52_2023,0,0.0008768907,0
img_06312_2023,0,0.009148946,0
img_06311_2023,0,0.000345242,0
img_06309_2023,0,0.0007893743,0
img_06320_2023,0,0.00080520497,0
img_06322_2023,0,0.005914575,0
img_06323_2023,0,0.0005017089,0
img_06325_2023,0,0.0024430032,0
img_06328_2023,0,0.0003588707,0
img_06327_2023,0,0.011254447,0
img_06331_2023,0,6.897526e-05,0
img_06329_2023,0,0.00027697347,0
img_06338_2023,0,0.062462553,0
img_06340_2023,0,0.00033982753,0
img_06339_2023,0,0.0036290851,0
img_06347_2023,0,0.00030793707,0
img_06341_2023,0,0.021535993,0
img_06254_p01_2023,0,0.0007839795,0
img_06254_p02_2023,0,0.00022433679,0
img_06254_p03_2023,0,0.0003978714,0
img_06254_p04_2023,0,0.00040557844,0
img_06352_2023,0,0.0026931637,0
img_06353_2023,0,0.0025064992,0
img_06349_2023,0,0.0072791814,0
img_06358_2023,0,0.0013569315,0
img_06354_2023,0,0.0017056064,0
img_06350_2023,0,0.012926939,0
img_06355_2023,0,0.00054220716,0
img_06367_2023,0,0.006873585,0
img_06368_2023,0,0.000106642205,0
img_06363_2023,0,0.0013051678,0
img_06271_p01_2023,0,0.00012282206,0
img_06271_p02_2023,0,0.0012462538,0
img_06271_p03_2023,0,0.0004082336,0
img_06271_p04_2023,0,0.00022772109,0
img_06271_p05_2023,0,0.0004157196,0
img_06271_p06_2023,0,0.00015285445,0
img_06370_2023,0,5.55842e-06,0
img_06366_2023,0,0.00024701116,0
img_06372_2023,0,0.0003270504,0
img_06364_2023,0,0.031739414,0
img_06365_2023,0,0.007517594,0
img_06375_2023,0,7.638123e-05,0
img_06382_2023,0,0.0028387224,0
img_06380_2023,0,8.874246e-05,0
img_06369_2023,0,0.00021834945,0
img_06048_p01_2023,0,0.00029803204,0
img_06048_p02_2023,0,0.00063739106,0
img_06048_p03_2023,0,0.00015562284,0
img_06048_p04_2023,0,0.00027823806,0
img_06048_p05_2023,0,4.0285864e-05,0
img_06048_p06_2023,0,0.00039493595,0
img_06048_p07_2023,0,0.00090204517,0
img_06048_p09_2023,0,5.1693158e-05,0
img_06048_p10_2023,0,1.718772e-05,0
img_06048_p11_2023,0,4.1926254e-05,0
img_06048_p12_2023,0,0.00012878871,0
img_06048_p14_2023,0,0.00025841928,0
img_06048_p15_2023,0,3.9235503e-05,0
img_06048_p16_2023,0,7.441216e-06,0
img_06048_p17_2023,0,5.2557913e-05,0
img_06048_p19_2023,0,9.1705464e-05,0
img_06048_p20_2023,0,8.709223e-06,0
img_06048_p21_2023,0,8.894953e-05,0
img_06385_2023,0,0.00092587527,0
img_06387_2023,0,0.0075534936,0
img_06390_2023,0,0.018703004,0
img_06392_2023,0,0.004333565,0
img_06391_2023,0,0.008102141,0
img_06356_p01_2023,0,0.0010446487,0
img_06356_p02_2023,0,0.017441291,0
img_06356_p03_2023,0,0.00021113474,0
img_06356_p04_2023,0,0.011377638,0
img_06395_2023,0,0.10587762,0
img_06400_2023,0,0.00040474668,0
img_06398_2023,0,0.0010010088,0
img_06396_2023,0,0.008153132,0
img_06393_p01_2023,0,0.001552074,0
img_06393_p02_2023,0,0.0009935792,0
img_06268_p03_2023,0,0.0014032712,0
img_06268_p05_2023,0,0.0034821134,0
img_06268_p08_2023,0,0.22664131,1
img_06412_2023,0,4.0684798e-05,0
img_06410_2023,0,0.0014528553,0
img_06408_2023,0,0.002276371,0
img_06404_2023,0,0.00060413213,0
img_06419_2023,0,0.0028984891,0
img_06422_2023,0,0.046555635,0
img_06427_2023,0,0.0002750527,0
img_06429_2023,0,0.0017669996,0
img_06420_2023,0,0.0110933315,0
img_06426_2023,0,0.015995925,0
img_06428_2023,0,0.04012468,0
img_06432_2023,0,0.0017205388,0
img_06431_2023,0,0.00019416743,0
img_06439_2023,0,0.0066387756,0
img_06440_2023,0,0.0025032395,0
img_06445_2023,0,0.00048611822,0
img_06451_2023,0,0.004733001,0
img_06453_2023,0,0.0005517256,0
img_06455_2023,0,0.0015816973,0
img_06454_2023,0,0.007877858,0
img_06456_2023,0,0.00071404845,0
img_06459_2023,0,0.009273265,0
img_06384_p01_2023,0,0.013172966,0
img_06384_p02_2023,0,0.00019970666,0
img_06384_p03_2023,0,0.0002200547,0
img_06463_2023,0,0.01897882,0
img_06457_2023,0,0.0006855436,0
img_06465_2023,0,0.33991057,1
img_06461_2023,0,0.0019548442,0
img_06466_2023,0,8.660067e-05,0
img_06467_2023,0,0.0052455575,0
img_06460_2023,0,0.0008160127,0
img_06470_2023,0,0.0002337125,0
img_06476_2023,0,0.00052625255,0
img_06475_2023,0,3.3512762e-05,0
img_06478_2023,0,0.3718863,1
img_06481_2023,0,0.052784488,0
img_06477_2023,0,4.3376374e-05,0
img_06482_2023,0,0.0011329666,0
img_06485_2023,0,0.0046372022,0
img_06474_2023,0,0.0004103262,0
img_06496_2023,0,0.008651794,0
img_06490_2023,0,0.00014274484,0
img_06498_2023,0,0.001020128,0
img_06494_2023,0,2.2957898e-05,0
img_06462_p01_2023,0,0.0008033327,0
img_06462_p02_2023,0,0.00113547,0
img_06462_p03_2023,0,0.024711,0
img_06462_p04_2023,0,0.0037274095,0
img_06505_2023,0,0.00018665579,0
img_06509_2023,0,0.09028133,0
img_06504_2023,0,0.009214436,0
img_06510_2023,0,0.0004533959,0
img_06508_2023,0,0.0032471223,0
img_06513_2023,0,7.197118e-06,0
img_06519_2023,0,0.0013998682,0
img_06517_2023,0,0.001708901,0
img_06521_2023,0,0.0033914817,0
img_06526_2023,0,0.012524788,0
img_06522_2023,0,0.00027391643,0
img_06528_2023,0,0.0007653568,0
img_06511_p01_2023,0,0.007082284,0
img_06511_p02_2023,0,0.0010576961,0
img_06530_2023,0,0.00070356263,0
img_06529_2023,0,4.4892917e-05,0
img_06531_2023,0,0.004384091,0
img_06535_2023,0,0.008896235,0
img_06376_p02_2023,0,0.00028861634,0
img_06376_p03_2023,0,0.0046489057,0
img_06376_p04_2023,0,6.4217624e-05,0
img_06376_p05_2023,0,0.0005415812,0
img_06376_p06_2023,0,0.00089177315,0
img_06376_p07_2023,0,0.00076305046,0
img_06376_p08_2023,0,0.0001266666,0
img_06376_p09_2023,0,0.00017088989,0
img_06540_2023,0,0.0011529576,0
img_06538_2023,0,5.535104e-05,0
img_06545_2023,0,5.3037133e-05,0
img_06542_2023,0,0.000119972996,0
img_06546_2023,0,0.00011267945,0
img_06514_p01_2023,0,0.00027450413,0
img_06514_p02_2023,0,4.332602e-05,0
img_06550_2023,0,8.98807e-05,0
img_06552_2023,0,0.00082410075,0
img_06551_2023,0,0.06825972,0
img_06555_2023,0,0.00079218496,0
img_06554_2023,0,0.0006514454,0
img_06560_2023,0,5.0804443e-05,0
img_06562_2023,0,0.00046801768,0
img_06568_2023,0,0.00919793,0
img_06574_2023,0,0.0009892649,0
img_06564_2023,0,0.045427643,0
img_06575_2023,0,0.024183568,0
img_06580_2023,0,0.00033528043,0
img_06581_2023,0,9.8831406e-05,0
img_06582_2023,0,0.018019293,0
img_06576_2023,0,0.2796232,1
img_06586_2023,0,0.00069366855,0
img_06584_2023,0,0.0016677044,0
img_06589_2023,0,0.011988346,0
img_06588_2023,0,0.00016161174,0
img_06593_2023,0,0.0023603365,0
img_06597_2023,0,0.0070561473,0
img_06598_2023,0,0.00019919946,0
img_06600_2023,0,0.00021206746,0
img_06603_2023,0,0.06095914,0
img_06265_p03_2023,0,0.3284513,1
img_06265_p04_2023,0,0.00037771603,0
img_06265_p05_2023,0,0.008732831,0
img_06265_p08_2023,0,0.0020245037,0
img_06265_p09_2023,0,0.93737894,1
img_06265_p10_2023,0,0.5889347,1
img_06265_p13_2023,0,0.2553742,1
img_06265_p14_2023,0,0.04425443,0
img_06605_2023,0,0.00025715007,0
img_06608_2023,0,0.00052182673,0
img_06607_2023,0,0.13946736,0
img_06609_2023,0,0.0015504609,0
img_06614_2023,0,0.00022924383,0
img_06616_2023,0,0.0020401555,0
img_06618_2023,0,0.0005965818,0
img_06613_2023,0,0.04168192,0
img_06615_2023,0,0.014806259,0
img_06611_p01_2023,0,0.00059065974,0
img_06611_p02_2023,0,6.15552e-05,0
img_06590_p01_2023,0,0.0008166848,0
img_06590_p02_2023,0,0.00020950481,0
img_06590_p03_2023,0,0.00015165383,0
img_06590_p04_2023,0,0.0155716045,0
img_06628_2023,0,5.28208e-05,0
img_06630_2023,0,0.0007215404,0
img_06632_2023,0,0.010811486,0
img_06635_2023,0,0.14510511,0
img_06622_p01_2023,0,0.010018289,0
img_06622_p02_2023,0,0.0015153527,0
img_06636_2023,0,0.00034954172,0
img_06640_2023,0,0.008655062,0
img_06637_2023,0,0.0008587529,0
img_06596_p01_2023,0,0.0027504587,0
img_06596_p02_2023,0,0.015802817,0
img_06596_p03_2023,0,0.09773053,0
img_06596_p04_2023,0,0.017105028,0
img_06645_2023,0,0.0022675507,0
img_06648_2023,0,0.00138161,0
img_06646_2023,0,0.010047217,0
img_06651_2023,0,0.0027237285,0
img_06650_2023,0,2.552057e-05,0
img_06647_2023,0,0.0030103577,0
img_06652_2023,0,7.872871e-06,0
img_06655_2023,0,0.015274792,0
img_06660_2023,0,0.021256438,0
img_06659_2023,0,0.00089833606,0
img_06656_2023,0,0.0035256709,0
img_06661_2023,0,0.0012191191,0
img_06663_2023,0,0.0037546752,0
img_06672_2023,0,0.0021526488,0
img_06670_2023,0,0.0017976272,0
img_06674_2023,0,0.000978771,0
img_06592_p01_2023,0,0.001826994,0
img_06592_p02_2023,0,0.20281339,1
img_06592_p03_2023,0,0.0019304613,0
img_06592_p04_2023,0,0.0007099295,0
img_06592_p05_2023,0,0.0007593901,0
img_06592_p06_2023,0,0.21366373,1
img_06679_2023,0,1.902912e-05,0
img_06666_p01_2023,0,0.0004129276,0
img_06666_p02_2023,0,0.00022792419,0
img_06683_2023,0,0.00062742725,0
img_06685_2023,0,0.0037730504,0
img_06680_2023,0,0.001194618,0
img_06676_2023,0,0.0009838449,0
img_06690_2023,0,0.027806958,0
img_06691_2023,0,0.0022078624,0
img_06688_2023,0,0.0075195762,0
img_06654_p01_2023,0,0.00037807846,0
img_06654_p02_2023,0,0.0010132085,0
img_06654_p03_2023,0,0.006917825,0
img_06654_p04_2023,0,0.00080165913,0
img_06692_2023,0,0.0006842323,0
img_06697_2023,0,0.0031043151,0
img_06693_2023,0,0.00054802303,0
img_06687_p02_2023,0,0.0026966084,0
img_06617_p01_2023,0,0.60053056,1
img_06617_p02_2023,0,0.00037371332,0
img_06617_p03_2023,0,0.17564821,1
img_06617_p04_2023,0,0.0010631158,0
img_06617_p05_2023,0,0.17974289,1
img_06617_p06_2023,0,0.00046561635,0
img_06698_2023,0,0.061541155,0
img_06699_2023,0,0.00025314093,0
img_06700_2023,0,0.015139733,0
img_06702_2023,0,0.016279042,0
img_06701_2023,0,0.00025458372,0
img_06705_2023,0,0.004925111,0
img_06708_2023,0,0.0003355833,0
img_06703_2023,0,0.0017218514,0
img_06709_2023,0,0.00022989785,0
img_06664_p01_2023,0,0.0094367135,0
img_06664_p02_2023,0,0.03645075,0
img_06664_p03_2023,0,0.13559413,0
img_06664_p05_2023,0,0.0012841369,0
img_06664_p06_2023,0,0.010061892,0
img_06720_2023,0,3.9917063e-06,0
img_06682_p01_2023,0,0.025266558,0
img_06682_p02_2023,0,4.553045e-05,0
img_06682_p04_2023,0,0.00018897397,0
img_06682_p05_2023,0,0.0012876629,0
img_06682_p06_2023,0,0.5148626,1
img_06717_2023,0,0.00810645,0
img_06696_p01_2023,0,0.00030353083,0
img_06696_p02_2023,0,0.00012002175,0
img_06696_p03_2023,0,0.0021785633,0
img_06696_p04_2023,0,5.2876032e-05,0
img_06480_p01_2023,0,0.033348482,0
img_06480_p02_2023,0,0.0006180639,0
img_06480_p03_2023,0,0.0035878941,0
img_06480_p04_2023,0,0.0070639425,0
img_06480_p06_2023,0,0.0018376663,0
img_06480_p07_2023,0,0.0035973778,0
img_06480_p08_2023,0,0.0002960028,0
img_06480_p09_2023,0,0.00012353728,0
img_06480_p10_2023,0,0.00039366545,0
img_06480_p11_2023,0,0.00036470653,0
img_06480_p12_2023,0,0.006466289,0
img_06480_p13_2023,0,0.022318907,0
img_06480_p14_2023,0,0.0005477593,0
img_06480_p15_2023,0,0.0030148134,0
img_06480_p16_2023,0,0.00056034507,0
img_06721_2023,0,6.36062e-05,0
img_06728_2023,0,0.0067377225,0
img_06723_2023,0,0.0005692472,0
img_06726_2023,0,0.00030212366,0
img_06725_2023,0,0.0006193571,0
img_06730_2023,0,7.046818e-05,0
img_06735_2023,0,0.0006704486,0
img_06722_p01_2023,0,2.7564198e-05,0
img_06739_2023,0,0.0023405922,0
img_06684_p01_2023,0,0.00013763849,0
img_06684_p02_2023,0,7.463675e-05,0
img_06684_p03_2023,0,8.88917e-05,0
img_06684_p04_2023,0,0.0031387364,0
img_06684_p05_2023,0,0.0033896044,0
img_06746_2023,0,0.004089161,0
img_06734_2023,0,0.0026886847,0
img_06750_2023,0,0.00035415246,0
img_06631_p01_2023,0,0.002046307,0
img_06631_p02_2023,0,0.0014020617,0
img_06631_p03_2023,0,0.00038636624,0
img_06631_p04_2023,0,8.184304e-05,0
img_06631_p05_2023,0,0.001692981,0
img_06631_p06_2023,0,0.0010116262,0
img_06631_p07_2023,0,0.0007447703,0
img_06631_p08_2023,0,0.0003745565,0
img_06631_p09_2023,0,0.00050560664,0
img_06752_2023,0,0.6494566,1
img_06743_p01_2023,0,0.0053205313,0
img_06743_p02_2023,0,0.0009869899,0
img_06623_p01_2023,0,0.0010917276,0
img_06623_p02_2023,0,0.00010301132,0
img_06623_p03_2023,0,0.0009124177,0
img_06623_p04_2023,0,0.7160458,1
img_06673_p01_2023,0,4.8312093e-05,0
img_06673_p02_2023,0,0.00032882055,0
img_06673_p03_2023,0,0.0013912361,0
img_06673_p04_2023,0,0.03747946,0
img_06673_p05_2023,0,0.0024288439,0
img_06673_p06_2023,0,0.0034532263,0
img_06673_p07_2023,0,0.0012444864,0
img_06673_p08_2023,0,0.000259669,0
img_06673_p09_2023,0,0.00020510876,0
img_06763_2023,0,0.00016307691,0
img_06729_p01_2023,0,0.0048054955,0
img_06729_p02_2023,0,0.050204355,0
img_06729_p03_2023,0,0.0011891423,0
img_06729_p04_2023,0,0.020665038,0
img_06767_2023,0,0.0009162858,0
img_06765_2023,0,0.00024463786,0
img_06768_2023,0,0.00053769135,0
img_06732_p01_2023,0,0.005703103,0
img_06732_p02_2023,0,0.0023986173,0
img_06732_p03_2023,0,0.026358834,0
img_06732_p04_2023,0,0.0004685297,0
img_06771_2023,0,0.00023384781,0
img_06777_2023,0,0.022361951,0
img_06776_2023,0,9.162033e-05,0
img_06781_2023,0,0.00087174395,0
img_06784_2023,0,0.00038744474,0
img_06755_p01_2023,0,0.03332898,0
img_06755_p02_2023,0,0.0014716674,0
img_06755_p03_2023,0,0.0042232173,0
img_06755_p04_2023,0,0.0017934138,0
img_06790_2023,0,0.00029908435,0
img_06789_2023,0,0.004616204,0
img_06792_2023,0,0.00027240903,0
img_06795_2023,0,0.013283659,0
img_06796_2023,0,0.0037228756,0
img_06797_2023,0,0.0004949348,0
img_06800_2023,0,0.0008095256,0
img_06801_2023,0,0.017266767,0
img_06780_p02_2023,0,0.00045894046,0
img_06779_p01_2023,0,0.0015598068,0
img_06779_p02_2023,0,0.0004410767,0
img_06779_p03_2023,0,0.003575055,0
img_06779_p04_2023,0,8.85499e-05,0
img_06806_2023,0,0.0026582035,0
img_06798_p01_2023,0,0.0018889416,0
img_06798_p02_2023,0,0.0008481353,0
img_06811_2023,0,0.0031759674,0
img_06808_2023,0,0.001617436,0
img_06594_p01_2023,0,0.0004340827,0
img_06594_p02_2023,0,0.00088594074,0
img_06594_p03_2023,0,0.015472739,0
img_06594_p06_2023,0,0.0025219808,0
img_06594_p07_2023,0,0.8872812,1
img_06594_p08_2023,0,0.00039590625,0
img_06594_p09_2023,0,3.7694746e-05,0
img_06594_p10_2023,0,0.0022857308,0
img_06594_p11_2023,0,0.0013787668,0
img_06594_p12_2023,0,0.0024336248,0
img_06594_p13_2023,0,0.0001717688,0
img_06594_p14_2023,0,0.0014408667,0
img_06594_p15_2023,0,7.57007e-05,0
img_06751_p02_2023,0,0.0073669413,0
img_06751_p03_2023,0,0.002359857,0
img_06751_p04_2023,0,0.031614073,0
img_06751_p05_2023,0,0.00053026585,0
img_06751_p06_2023,0,0.001598531,0
img_06751_p07_2023,0,0.0026312948,0
img_06817_2023,0,0.0004217829,0
img_06816_2023,0,0.0006356906,0
img_06812_2023,0,3.8734026e-05,0
img_06782_p01_2023,0,0.012105539,0
img_06782_p02_2023,0,0.00019600615,0
img_06782_p03_2023,0,0.0007535438,0
img_06782_p04_2023,0,0.002597054,0
img_06756_p01_2023,0,0.0020433792,0
img_06756_p02_2023,0,0.00040808026,0
img_06756_p03_2023,0,0.009613433,0
img_06756_p04_2023,0,0.0012972042,0
img_06756_p05_2023,0,0.001307609,0
img_06756_p06_2023,0,6.862825e-05,0
img_06818_2023,0,0.0027759785,0
img_06823_2023,0,0.023009082,0
img_06824_2023,0,0.12725364,0
img_06821_2023,0,0.00011096191,0
img_06827_2023,0,0.036992524,0
img_06831_2023,0,0.037688956,0
img_06814_p02_2023,0,0.021465847,0
img_06834_2023,0,0.0055435807,0
img_06830_2023,0,0.0019030583,0
img_06836_2023,0,8.2791674e-05,0
img_06841_2023,0,7.5371376e-05,0
img_06839_2023,0,0.011832858,0
img_06838_2023,0,0.0002540762,0
img_06845_2023,0,0.001141899,0
img_06840_2023,0,0.002877728,0
img_06842_2023,0,0.00024569745,0
img_06843_2023,0,0.0013124682,0
img_06848_2023,0,0.0006194037,0
img_06850_2023,0,0.0004416866,0
img_06849_2023,0,8.334601e-05,0
img_06835_2023,0,0.12297162,0
img_06854_2023,0,0.0017137359,0
img_06851_2023,0,0.004613727,0
img_06855_2023,0,0.0075437063,0
img_06846_p01_2023,0,0.00080827996,0
img_06846_p02_2023,0,0.0028926176,0
img_06861_2023,0,0.00021487707,0
img_06867_2023,0,0.0064980513,0
img_06866_2023,0,0.09467486,0
img_06802_p01_2023,0,0.0005746714,0
img_06802_p02_2023,0,0.00041273498,0
img_06802_p03_2023,0,0.0005291914,0
img_06802_p04_2023,0,0.0001269751,0
img_06802_p05_2023,0,0.000632086,0
img_06802_p06_2023,0,0.00065495406,0
img_06807_p01_2023,0,0.007116451,0
img_06807_p02_2023,0,0.0035354577,0
img_06807_p03_2023,0,0.00013129682,0
img_06807_p04_2023,0,0.0008861653,0
img_06807_p05_2023,0,0.0038158298,0
img_06807_p06_2023,0,0.0003202192,0
img_06873_2023,0,2.1245745e-05,0
img_06874_2023,0,0.0015713988,0
img_06876_2023,0,0.0005810033,0
img_06879_2023,0,0.0001644802,0
img_06872_2023,0,0.076871164,0
img_06883_2023,0,0.0012659415,0
img_06882_2023,0,0.0001801025,0
img_06865_p02_2023,0,0.00043349885,0
img_06889_2023,0,0.0011682387,0
img_06888_2023,0,0.077524714,0
img_06885_2023,0,0.0010397305,0
img_06898_2023,0,0.00015378968,0
img_06890_2023,0,0.01496495,0
img_06897_2023,0,5.3647083e-05,0
img_06906_2023,0,0.00020684961,0
img_06904_2023,0,0.02836059,0
img_06908_2023,0,0.015942978,0
img_06911_2023,0,0.00038794128,0
img_06903_2023,0,0.0012321426,0
img_06915_2023,0,0.000641701,0
img_06913_2023,0,0.038239826,0
img_06916_2023,0,4.023553e-05,0
img_06912_2023,0,0.029077856,0
img_06922_2023,0,0.004438885,0
img_06920_2023,0,0.0011534744,0
img_06928_2023,0,0.02485624,0
img_06926_2023,0,0.038967606,0
img_06927_2023,0,0.000109647764,0
img_06748_p02_2023,0,0.00450829,0
img_06748_p03_2023,0,0.026302295,0
img_06748_p06_2023,0,4.966142e-05,0
img_06748_p07_2023,0,5.8548478e-05,0
img_06931_2023,0,0.012312002,0
img_06929_2023,0,0.0014206526,0
img_06936_2023,0,0.000226978,0
img_06938_2023,0,0.003609542,0
img_06941_2023,0,0.0054180454,0
img_06942_2023,0,5.362361e-05,0
img_06940_2023,0,0.0012127495,0
img_05307_p01_2023,0,0.0017351848,0
img_05307_p02_2023,0,6.9432e-06,0
img_05307_p03_2023,0,3.033164e-05,0
img_05307_p04_2023,0,1.6055055e-05,0
img_05307_p05_2023,0,0.00046173856,0
img_05307_p06_2023,0,1.4033952e-05,0
img_05307_p07_2023,0,2.2902443e-06,0
img_05307_p08_2023,0,1.4416422e-05,0
img_05307_p09_2023,0,1.8849732e-05,0
img_05307_p10_2023,0,5.4790125e-06,0
img_05307_p11_2023,0,0.0002309207,0
img_05307_p12_2023,0,0.00021451332,0
img_05307_p13_2023,0,5.5021305e-06,0
img_05307_p14_2023,0,3.5675366e-05,0
img_05307_p15_2023,0,1.0491002e-05,0
img_05307_p16_2023,0,6.0960238e-06,0
img_05307_p17_2023,0,9.3292954e-05,0
img_05307_p18_2023,0,0.0001463167,0
img_05307_p19_2023,0,1.2256107e-05,0
img_05307_p20_2023,0,4.900466e-06,0
img_05307_p21_2023,0,1.3065124e-05,0
img_05307_p22_2023,0,1.5100305e-05,0
img_05307_p23_2023,0,2.048986e-05,0
img_05307_p24_2023,0,4.099821e-05,0
img_05307_p25_2023,0,4.98845e-05,0
img_05307_p26_2023,0,4.9405775e-05,0
img_05307_p27_2023,0,0.009974064,0
img_05307_p28_2023,0,3.7321817e-05,0
img_05307_p29_2023,0,5.421583e-06,0
img_05307_p30_2023,0,1.8966957e-05,0
img_05307_p31_2023,0,1.562755e-05,0
img_05307_p32_2023,0,8.076336e-05,0
img_05307_p33_2023,0,3.659596e-05,0
img_05307_p34_2023,0,1.7676675e-05,0
img_05307_p35_2023,0,4.479285e-05,0
img_05307_p36_2023,0,0.021417493,0
img_05307_p37_2023,0,2.387576e-05,0
img_05307_p38_2023,0,1.6306794e-05,0
img_05307_p39_2023,0,1.911896e-05,0
img_05307_p40_2023,0,7.280204e-05,0
img_05307_p41_2023,0,6.109258e-06,0
img_05307_p42_2023,0,9.863882e-06,0
img_05307_p43_2023,0,3.18291e-05,0
img_05307_p44_2023,0,4.6553883e-05,0
img_05307_p45_2023,0,2.6263977e-05,0
img_05307_p47_2023,0,2.7921651e-05,0
img_05307_p48_2023,0,8.4810845e-06,0
img_05307_p49_2023,0,5.7704233e-06,0
img_05307_p50_2023,0,2.7437865e-05,0
img_05307_p51_2023,0,5.724816e-05,0
img_05307_p52_2023,0,0.00014606996,0
img_05307_p53_2023,0,1.0900198e-05,0
img_05307_p54_2023,0,0.08578824,0
img_05307_p55_2023,0,0.00010334771,0
img_05307_p56_2023,0,9.537703e-06,0
img_05307_p57_2023,0,2.861356e-05,0
img_05307_p58_2023,0,3.6710437e-06,0
img_05307_p59_2023,0,8.396711e-06,0
img_05307_p60_2023,0,6.0795363e-05,0
img_05307_p61_2023,0,1.673535e-05,0
img_05307_p62_2023,0,8.793416e-06,0
img_05307_p63_2023,0,0.0008755874,0
img_05307_p64_2023,0,0.0007436745,0
img_05307_p65_2023,0,8.933825e-06,0
img_05307_p66_2023,0,9.52076e-05,0
img_05307_p67_2023,0,1.1983894e-05,0
img_05307_p68_2023,0,2.1192443e-05,0
img_05307_p69_2023,0,7.907747e-05,0
img_05307_p70_2023,0,3.569483e-05,0
img_05307_p71_2023,0,6.9001944e-06,0
img_05307_p72_2023,0,3.721324e-05,0
img_05307_p73_2023,0,0.00029766545,0
img_05307_p74_2023,0,2.2634997e-06,0
img_05307_p75_2023,0,0.012571962,0
img_05307_p76_2023,0,8.197558e-06,0
img_05307_p77_2023,0,5.70368e-06,0
img_05307_p78_2023,0,3.9343784e-05,0
img_05307_p79_2023,0,3.3205765e-06,0
img_05307_p80_2023,0,8.828851e-06,0
img_05307_p81_2023,0,9.99568e-06,0
img_05307_p82_2023,0,4.460468e-06,0
img_05307_p84_2023,0,4.1545704e-06,0
img_06944_2023,0,0.008772949,0
img_06934_2023,0,0.0029080193,0
img_06945_2023,0,0.00039302203,0
img_06946_2023,0,0.020409917,0
img_06950_2023,0,0.013686215,0
img_06794_p08_2023,0,0.00111914,0
img_06955_2023,0,0.00041210078,0
img_06951_2023,0,0.047100086,0
img_06943_p01_2023,0,0.00042601372,0
img_06943_p02_2023,0,0.00011653834,0
img_06923_p01_2023,0,0.0022297122,0
img_06923_p02_2023,0,0.053013973,0
img_06923_p03_2023,0,3.6120637e-05,0
img_06923_p04_2023,0,0.001734814,0
img_06956_2023,0,0.0026765575,0
img_06957_2023,0,0.0025071644,0
img_06959_2023,0,0.0015801521,0
img_06961_2023,0,0.0036478026,0
img_06963_2023,0,0.027433662,0
img_06969_2023,0,0.021220837,0
img_06964_2023,0,0.00038710842,0
img_06970_2023,0,0.00083571876,0
img_06966_2023,0,0.00030629156,0
img_06965_2023,0,0.0004130329,0
img_06932_p01_2023,0,0.015228215,0
img_06932_p02_2023,0,0.008758088,0
img_06932_p03_2023,0,0.036501892,0
img_06932_p04_2023,0,0.035227906,0
img_06967_2023,0,0.0026582566,0
img_06958_2023,0,3.5197096e-05,0
img_06968_2023,0,0.007521295,0
img_06971_2023,0,0.0022056354,0
img_06974_2023,0,0.0101676565,0
img_06973_2023,0,0.00483671,0
img_06979_2023,0,0.0004454884,0
img_06985_2023,0,0.57272506,1
img_06984_2023,0,0.0029306542,0
img_06988_2023,0,0.00016487527,0
img_06989_2023,0,0.00060472987,0
img_06981_2023,0,0.00078935246,0
img_06992_2023,0,0.00056619506,0
img_06996_2023,0,0.012096288,0
img_06994_2023,0,0.0011846201,0
img_07000_2023,0,0.00048503446,0
img_07001_2023,0,0.00023108216,0
img_07004_2023,0,0.0031353098,0
img_06995_2023,0,0.65243435,1
img_06891_p01_2023,0,0.0057322327,0
img_06891_p02_2023,0,0.047265287,0
img_06891_p03_2023,0,0.042960256,0
img_06891_p06_2023,0,0.0069656027,0
img_06891_p07_2023,0,0.00044815495,0
img_07002_2023,0,0.00022022534,0
img_07006_2023,0,0.003544177,0
img_07007_2023,0,0.0015366502,0
img_07015_2023,0,4.261771e-05,0
img_07014_2023,0,0.018816484,0
img_07010_2023,0,0.0027682327,0
img_07019_2023,0,0.00063506264,0
img_07017_2023,0,0.0023169464,0
img_07020_2023,0,0.039451618,0
img_07023_2023,0,0.010668121,0
img_07026_2023,0,0.0007315717,0
img_06993_p01_2023,0,0.0010944183,0
img_06993_p02_2023,0,0.0011727376,0
img_07030_2023,0,0.003982217,0
img_07028_2023,0,0.0018064058,0
img_07029_2023,0,0.018507412,0
img_07031_2023,0,0.001418216,0
img_07033_2023,0,0.00040448457,0
img_07024_2023,0,0.115278065,0
img_06986_p01_2023,0,0.00023297165,0
img_06986_p02_2023,0,0.014667609,0
img_06986_p03_2023,0,0.0024028884,0
img_06986_p04_2023,0,0.00038213015,0
img_07038_2023,0,0.045871094,0
img_07035_2023,0,0.009134248,0
img_07044_2023,0,0.008446522,0
img_07037_2023,0,0.03705087,0
img_07041_2023,0,0.01562751,0
img_07009_p01_2023,0,0.026123064,0
img_07009_p02_2023,0,0.0006611773,0
img_07039_2023,0,0.004929572,0
img_07045_2023,0,0.011930763,0
img_07048_2023,0,0.0017575283,0
img_07032_2023,0,0.02612427,0
img_07049_2023,0,0.0015932409,0
img_07054_2023,0,0.0007562426,0
img_07052_2023,0,0.001244899,0
img_07051_2023,0,0.00089200813,0
img_07053_2023,0,0.011596614,0
img_07055_2023,0,0.40760162,1
img_07058_2023,0,0.0011749779,0
img_06982_p01_2023,0,0.0009409676,0
img_06982_p02_2023,0,0.00049196446,0
img_06982_p03_2023,0,0.00010367076,0
img_06982_p04_2023,0,0.0004766015,0
img_07060_2023,0,0.0041257096,0
img_07059_2023,0,0.22579606,1
img_06896_p02_2023,0,0.0024691608,0
img_06896_p03_2023,0,0.00020396477,0
img_07062_2023,0,0.027053803,0
img_07057_2023,0,0.00477772,0
img_07065_2023,0,0.0012187022,0
img_07073_2023,0,0.00015460246,0
img_07076_2023,0,0.0013916144,0
img_07071_2023,0,0.00023033666,0
img_07068_2023,0,0.00037552416,0
img_07069_2023,0,0.0022742795,0
img_07079_2023,0,1.4325873e-06,0
img_07086_2023,0,0.0033090536,0
img_07081_2023,0,0.053602535,0
img_07082_2023,0,0.0011817568,0
img_07085_2023,0,0.0067317546,0
img_07087_2023,0,0.00021101379,0
img_07091_2023,0,0.0054332446,0
img_07089_2023,0,0.0005639268,0
img_07083_2023,0,0.0007356503,0
img_07090_2023,0,0.004216743,0
img_07063_p02_2023,0,0.0022147726,0
img_07088_2023,0,0.01990057,0
img_07092_2023,0,0.0053860107,0
img_07094_2023,0,0.0001301555,0
img_07095_2023,0,0.00065607077,0
img_07099_2023,0,0.753717,1
img_07098_2023,0,0.0018115315,0
img_07093_2023,0,0.026193187,0
img_07102_2023,0,0.00068834494,0
img_07103_2023,0,0.0073907953,0
img_07105_2023,0,0.014875055,0
img_07066_p01_2023,0,0.006792267,0
img_07066_p02_2023,0,0.0052878936,0
img_07106_2023,0,0.00038694314,0
img_07107_2023,0,0.0041988413,0
img_07104_2023,0,0.008574007,0
img_07113_2023,0,0.022207974,0
img_07111_2023,0,0.10710539,0
img_07115_2023,0,0.0029804178,0
img_07110_2023,0,5.2963693e-05,0
img_07119_2023,0,0.0012011217,0
img_07118_2023,0,0.010994245,0
img_07120_2023,0,0.002040906,0
img_07127_2023,0,0.00678243,0
img_07116_2023,0,0.061973948,0
img_07096_p01_2023,0,0.0013126739,0
img_07096_p02_2023,0,0.0045537637,0
img_07126_2023,0,2.702857e-06,0
img_07129_2023,0,0.0014785356,0
img_07125_2023,0,0.083399646,0
img_07122_2023,0,0.00029965804,0
img_07123_2023,0,0.00016759807,0
img_07130_2023,0,0.00081082183,0
img_07133_2023,0,0.00084466045,0
img_07134_2023,0,0.0052412003,0
img_07137_2023,0,0.0011994576,0
img_07140_2023,0,0.00016547106,0
img_07138_2023,0,0.00019894644,0
img_07144_2023,0,0.07239353,0
img_07142_2023,0,0.017007817,0
img_07145_2023,0,0.01255836,0
img_07149_2023,0,0.0004632348,0
img_07148_2023,0,0.000475894,0
img_07156_2023,0,0.0018464107,0
img_07162_2023,0,0.00052833103,0
img_07150_2023,0,0.07087366,0
img_07151_2023,0,0.0020984944,0
img_07158_2023,0,0.055397697,0
img_07147_2023,0,0.0025979918,0
img_07157_2023,0,0.0034165923,0
img_07143_p01_2023,0,0.00041507592,0
img_07143_p02_2023,0,0.004304435,0
img_07161_2023,0,0.002312886,0
img_07160_2023,0,0.00019097699,0
img_07164_2023,0,0.01009062,0
img_07168_2023,0,0.006944305,0
img_07173_2023,0,0.0012644858,0
img_07172_2023,0,0.064365394,0
img_07167_2023,0,0.0022764532,0
img_07178_2023,0,0.0008556385,0
img_07180_2023,0,0.0008001907,0
img_07185_2023,0,0.049389258,0
img_07186_2023,0,2.4268837e-05,0
img_07183_2023,0,0.038392972,0
img_07184_2023,0,0.004092098,0
img_07136_p01_2023,0,0.033206403,0
img_07136_p02_2023,0,0.0013200345,0
img_07188_2023,0,0.00015354117,0
img_07190_2023,0,0.0009868075,0
img_07189_2023,0,0.000117341195,0
img_07193_2023,0,0.021006139,0
img_07199_2023,0,0.32414484,1
img_07198_2023,0,0.036771297,0
img_07194_2023,0,0.010773905,0
img_07204_2023,0,0.0016589935,0
img_07203_2023,0,0.0035596173,0
img_07205_2023,0,0.00014471811,0
img_07210_2023,0,0.0016955505,0
img_07209_2023,0,0.015272928,0
img_07192_p01_2023,0,0.0016873055,0
img_07192_p02_2023,0,0.0009147762,0
img_07212_2023,0,0.0010846319,0
img_07211_2023,0,0.0014983894,0
img_07218_2023,0,0.009526642,0
img_07220_2023,0,6.599837e-05,0
img_07223_2023,0,0.0042789076,0
img_07219_2023,0,0.0021881787,0
img_07176_p01_2023,0,0.0116875945,0
img_07176_p02_2023,0,0.021088615,0
img_07176_p03_2023,0,0.0018519283,0
img_07176_p04_2023,0,0.0029756958,0
img_07225_2023,0,0.007597136,0
img_07228_2023,0,0.023122199,0
img_07232_2023,0,0.002442742,0
img_07235_2023,0,0.0045528105,0
img_07234_2023,0,0.008485833,0
img_07237_2023,0,0.020833064,0
img_07236_2023,0,0.011065328,0
img_07231_2023,0,0.01571007,0
img_07240_2023,0,0.001643795,0
img_07241_2023,0,4.163742e-05,0
img_07245_2023,0,0.0002657591,0
img_07243_2023,0,0.6735569,1
img_07244_2023,0,0.0014923029,0
img_07248_2023,0,0.005734663,0
img_07252_2023,0,0.0009155187,0
img_07254_2023,0,0.0009732211,0
img_07257_2023,0,0.0005133391,0
img_07251_2023,0,0.005719081,0
img_07262_2023,0,5.154445e-05,0
img_07261_2023,0,0.00035656505,0
img_07259_2023,0,0.0019242001,0
img_07265_2023,0,0.0005970332,0
img_07266_2023,0,0.00021797484,0
img_07264_2023,0,0.0025800106,0
img_07222_p01_2023,0,0.007275671,0
img_07222_p02_2023,0,0.00839801,0
img_07222_p03_2023,0,0.0063723866,0
img_07222_p04_2023,0,0.0077458806,0
img_07269_2023,0,0.00067196816,0
img_07260_2023,0,0.00016900612,0
img_07250_p01_2023,0,0.0010298413,0
img_07250_p02_2023,0,0.0020346602,0
img_07263_2023,0,8.026577e-05,0
img_07274_2023,0,0.0027735282,0
img_07276_2023,0,0.00034707322,0
img_07239_p01_2023,0,0.0013907427,0
img_07239_p02_2023,0,0.066897795,0
img_07239_p03_2023,0,0.08574344,0
img_07239_p04_2023,0,0.366998,1
img_07267_2023,0,0.0867966,0
img_07278_2023,0,0.0017127319,0
img_07280_2023,0,0.0012790004,0
img_07283_2023,0,0.019087827,0
img_07277_2023,0,0.07014236,0
img_07112_p01_2023,0,0.0003391792,0
img_07112_p02_2023,0,0.0004036035,0
img_07112_p03_2023,0,0.00019881256,0
img_07112_p04_2023,0,0.0040548597,0
img_07112_p05_2023,0,0.0013589575,0
img_07112_p06_2023,0,0.0010556072,0
img_07112_p07_2023,0,0.010858446,0
img_07112_p08_2023,0,0.00040406527,0
img_07233_p01_2023,0,0.004980216,0
img_07233_p02_2023,0,0.05388544,0
img_07233_p03_2023,0,0.0021249996,0
img_07233_p04_2023,0,0.019338679,0
img_07282_2023,0,0.24896982,1
img_07288_2023,0,0.010290054,0
img_07284_2023,0,0.0015514969,0
img_07289_2023,0,0.011636798,0
img_07275_2023,0,0.038687196,0
img_07290_2023,0,0.00077738235,0
img_07271_2023,0,0.0072817737,0
img_07281_2023,0,0.010102778,0
img_07291_2023,0,0.000103871054,0
img_07292_2023,0,0.010627609,0
img_07295_2023,0,0.00016089599,0
img_07300_2023,0,0.004818397,0
img_07246_p01_2023,0,5.6936467e-05,0
img_07246_p02_2023,0,1.2652137e-05,0
img_07246_p03_2023,0,0.00024599794,0
img_07301_2023,0,0.006420807,0
img_07298_2023,0,0.006064296,0
img_07302_2023,0,0.0009083927,0
img_07305_2023,0,0.0012931543,0
img_07306_2023,0,0.0013173799,0
img_07310_2023,0,0.0059553892,0
img_07311_2023,0,0.00014966348,0
img_07316_2023,0,0.0038096537,0
img_07314_2023,0,0.00014889853,0
img_07317_2023,0,0.00025399047,0
img_07319_2023,0,0.00036849547,0
img_07323_2023,0,0.00087869266,0
img_07329_2023,0,0.0067372695,0
img_07326_2023,0,0.003165645,0
img_07330_2023,0,0.0073180315,0
img_07334_2023,0,0.014260139,0
img_07338_2023,0,0.021671114,0
img_07333_2023,0,0.08153282,0
img_07346_2023,0,0.0011884556,0
img_07348_2023,0,0.0009918705,0
img_07353_2023,0,0.007475159,0
img_07354_2023,0,0.001693883,0
img_07355_2023,0,0.066136844,0
img_07297_p01_2023,0,0.009834967,0
img_07297_p03_2023,0,6.178108e-05,0
img_07297_p04_2023,0,0.00097203394,0
img_07356_2023,0,0.00017810665,0
img_07335_p01_2023,0,0.010019396,0
img_07335_p02_2023,0,0.0024926828,0
img_07359_2023,0,0.00011798646,0
img_07365_2023,0,0.005528693,0
img_07363_2023,0,0.0026870985,0
img_07360_2023,0,0.0025074948,0
img_07374_2023,0,0.000968714,0
img_07367_2023,0,0.00095214415,0
img_07376_2023,0,0.000108033484,0
img_07378_2023,0,0.0050563915,0
img_07381_2023,0,0.00028028552,0
img_07370_2023,0,0.0025791174,0
img_07373_2023,0,0.00042586488,0
img_07385_2023,0,0.001104655,0
img_07380_2023,0,0.07132107,0
img_07384_2023,0,0.0004315274,0
img_07383_2023,0,0.00023397738,0
img_07386_2023,0,0.0010146033,0
img_07387_2023,0,0.087863676,0
img_07390_2023,0,0.004057603,0
img_07393_2023,0,0.0018196184,0
img_07397_2023,0,0.04797293,0
img_07379_2023,0,0.07356966,0
img_07401_2023,0,0.014698488,0
img_07398_2023,0,0.012451066,0
img_07406_2023,0,0.0031293703,0
img_07403_2023,0,0.007518515,0
img_07407_2023,0,0.014172645,0
img_07405_2023,0,0.00036930206,0
img_07377_p01_2023,0,0.0010835897,0
img_07377_p02_2023,0,0.0003312003,0
img_07409_2023,0,0.00066499243,0
img_07410_2023,0,0.0015348983,0
img_07412_2023,0,0.004580117,0
img_07411_2023,0,0.00015729567,0
img_07415_2023,0,0.00054924306,0
img_07420_2023,0,0.0022409887,0
img_07419_2023,0,0.00071508624,0
img_07417_2023,0,0.0014037605,0
img_07423_2023,0,0.00036285998,0
img_07425_2023,0,0.014331931,0
img_07428_2023,0,0.18424611,1
img_07416_2023,0,0.008220381,0
img_07432_2023,0,0.0016156283,0
img_07436_2023,0,0.0052743945,0
img_07433_2023,0,0.0002747225,0
img_07430_2023,0,0.008090522,0
img_07322_p02_2023,0,0.00086206215,0
img_07322_p03_2023,0,0.00012536286,0
img_07322_p04_2023,0,0.00040919907,0
img_07322_p05_2023,0,0.0007586422,0
img_07322_p06_2023,0,1.4943369e-05,0
img_07322_p07_2023,0,0.00011364262,0
img_07322_p08_2023,0,0.000331104,0
img_06495_p01_2023,0,0.019705826,0
img_06495_p02_2023,0,0.0052851527,0
img_06495_p03_2023,0,0.019358134,0
img_06495_p04_2023,0,0.015865212,0
img_06495_p05_2023,0,0.0058603743,0
img_06495_p06_2023,0,0.0016384318,0
img_07441_2023,0,0.0060603567,0
img_07442_2023,0,7.78227e-06,0
img_07394_p01_2023,0,0.0014785377,0
img_07394_p02_2023,0,0.008433904,0
img_07443_2023,0,0.004104837,0
img_07437_2023,0,0.001515186,0
img_07448_2023,0,0.006552686,0
img_07446_2023,0,0.00059584307,0
img_07447_2023,0,0.0008759629,0
img_07440_2023,0,0.016900029,0
img_07451_2023,0,0.0029455703,0
img_07449_2023,0,0.0010794419,0
img_07453_2023,0,0.00019046271,0
img_07455_2023,0,0.00029958464,0
img_07461_2023,0,0.00065664185,0
img_07460_2023,0,0.019811716,0
img_07439_p01_2023,0,0.010853116,0
img_07439_p02_2023,0,0.056138374,0
img_07456_2023,0,0.0007258495,0
img_07464_2023,0,0.010385903,0
img_07472_2023,0,0.0017499177,0
img_07467_2023,0,0.0138875935,0
img_07475_2023,0,0.0027154554,0
img_07476_2023,0,0.005430743,0
img_07471_2023,0,0.031133747,0
img_07465_2023,0,0.009628949,0
img_07339_p01_2023,0,0.0033560663,0
img_07339_p02_2023,0,0.046520535,0
img_07339_p03_2023,0,0.026003016,0
img_07339_p04_2023,0,0.0020455723,0
img_07339_p05_2023,0,0.00054641836,0
img_07339_p06_2023,0,0.018816598,0
img_07477_2023,0,0.0011473065,0
img_07473_2023,0,0.044530172,0
img_07478_2023,0,0.009245181,0
img_07468_2023,0,0.00091142673,0
img_07470_2023,0,0.07605576,0
img_07481_2023,0,0.00067458994,0
img_07482_2023,0,0.09856596,0
img_07479_2023,0,0.0027296555,0
img_07489_2023,0,0.0007610832,0
img_07486_2023,0,0.0060073757,0
img_07484_2023,0,0.0033224672,0
img_07495_2023,0,0.0012359787,0
img_07499_2023,0,0.0002035234,0
img_07490_2023,0,0.9059282,1
img_07502_2023,0,0.00021184576,0
img_07494_2023,0,0.008744929,0
img_07493_2023,0,0.0001302429,0
img_07501_2023,0,0.0187404,0
img_07505_2023,0,0.0031956774,0
img_07510_2023,0,0.022147935,0
img_07503_2023,0,0.0005048994,0
img_07508_2023,0,0.0026635525,0
img_07513_2023,0,0.0074151363,0
img_07514_2023,0,0.046893314,0
img_07469_p01_2023,0,0.0010948277,0
img_07469_p02_2023,0,0.0024602343,0
img_07469_p03_2023,0,0.08672339,0
img_07469_p04_2023,0,0.029969618,0
img_07515_2023,0,0.019582162,0
img_07491_p01_2023,0,0.12114969,0
img_07491_p02_2023,0,0.0044895886,0
img_07516_2023,0,0.015020645,0
img_07509_2023,0,0.020675885,0
img_07520_2023,0,0.0154679315,0
img_07524_2023,0,0.0574796,0
img_07518_2023,0,0.0023994264,0
img_07506_2023,0,0.0074345386,0
img_07521_2023,0,0.0006140689,0
img_07529_2023,0,0.004315116,0
img_07530_2023,0,0.003033069,0
img_07531_2023,0,0.00046640905,0
img_07522_2023,0,0.0010107057,0
img_07536_2023,0,0.086863086,0
img_07532_2023,0,0.00022658554,0
img_07534_2023,0,9.086814e-05,0
img_07539_2023,0,0.0014017106,0
img_07542_2023,0,0.029273698,0
img_07543_2023,0,0.012769126,0
img_07540_2023,0,0.004384934,0
img_07547_2023,0,0.00088779436,0
img_07545_2023,0,0.015456294,0
img_07544_2023,0,0.002899283,0
img_07533_2023,0,0.002043845,0
img_07551_2023,0,0.00021635687,0
img_07556_2023,0,0.818072,1
img_07557_2023,0,0.0075194864,0
img_07554_2023,0,0.000616695,0
img_07553_2023,0,0.00039918534,0
img_07561_2023,0,0.0043126727,0
img_07562_2023,0,0.026047273,0
img_07555_2023,0,0.00010357473,0
img_07565_2023,0,0.15312035,0
img_07566_2023,0,0.0051447633,0
img_07570_2023,0,0.014063026,0
img_07559_2023,0,0.009862696,0
img_07576_2023,0,0.0010024599,0
img_07577_2023,0,0.021126544,0
img_07588_2023,0,0.0023868096,0
img_07581_2023,0,0.012739393,0
img_07578_2023,0,0.008027498,0
img_07590_2023,0,0.0015464327,0
img_07585_2023,0,0.005364845,0
img_07580_2023,0,0.021524923,0
img_07586_2023,0,0.7959674,1
img_07584_2023,0,0.0003020905,0
img_07591_2023,0,0.0006410228,0
img_07599_2023,0,3.5441863e-05,0
img_07596_2023,0,0.0032143372,0
img_07593_2023,0,1.5949088e-05,0
img_07604_2023,0,7.4598606e-06,0
img_07607_2023,0,0.00029643747,0
img_07608_2023,0,0.0021566737,0
img_07609_2023,0,0.00030046853,0
img_07597_p01_2023,0,0.00015381315,0
img_07597_p02_2023,0,0.0004161393,0
img_07603_2023,0,0.0023951854,0
img_07610_2023,0,0.040999245,0
img_07615_2023,0,0.0018450596,0
img_07606_2023,0,0.0044854432,0
img_07617_2023,0,0.010971569,0
img_07574_p01_2023,0,0.00046587738,0
img_07574_p02_2023,0,0.00029756586,0
img_07574_p03_2023,0,0.0010167389,0
img_07621_2023,0,0.005009486,0
img_07620_2023,0,0.00018272935,0
img_07622_2023,0,8.508849e-05,0
img_07619_2023,0,0.021765847,0
img_07618_2023,0,0.0008823835,0
img_07625_2023,0,0.016533751,0
img_07611_p01_2023,0,0.001497572,0
img_07611_p02_2023,0,0.0008531567,0
img_07517_p01_2023,0,0.0032659264,0
img_07517_p02_2023,0,0.011167237,0
img_07517_p03_2023,0,0.011021666,0
img_07517_p04_2023,0,0.00049907033,0
img_07634_2023,0,0.012843454,0
img_07631_2023,0,0.0028198226,0
img_07640_2023,0,0.011741031,0
img_07638_2023,0,0.0014181444,0
img_07632_2023,0,0.0007815843,0
img_07642_2023,0,0.007863319,0
img_07635_2023,0,0.00018334018,0
img_07637_2023,0,0.0018694308,0
img_07646_2023,0,0.006631019,0
img_07647_2023,0,0.001930272,0
img_07650_2023,0,0.003165484,0
img_07651_2023,0,0.17142251,1
img_07645_2023,0,0.1843247,1
img_07652_2023,0,0.15331352,0
img_07655_2023,0,0.0018503272,0
img_07653_2023,0,0.27978504,1
img_07665_2023,0,2.7202965e-05,0
img_07526_p01_2023,0,0.0012591225,0
img_07526_p02_2023,0,0.00051751535,0
img_07526_p03_2023,0,0.00043710496,0
img_07526_p04_2023,0,0.0008970915,0
img_07528_p01_2023,0,0.08704629,0
img_07528_p03_2023,0,0.00058769394,0
img_07528_p04_2023,0,0.0016565061,0
img_07671_2023,0,0.12985283,0
img_07672_2023,0,0.00039339045,0
img_07670_2023,0,0.0009047519,0
img_07667_2023,0,8.159103e-05,0
img_07677_2023,0,0.020714162,0
img_07675_2023,0,0.00032073646,0
img_07679_2023,0,0.004908852,0
img_07669_2023,0,0.03911207,0
img_07683_2023,0,0.02280684,0
img_07689_2023,0,0.0034764921,0
img_07676_2023,0,0.025042163,0
img_07686_2023,0,0.0007632934,0
img_07685_2023,0,0.0026511927,0
img_07682_2023,0,0.09360803,0
img_07680_2023,0,0.0018718507,0
img_07693_2023,0,0.0031591258,0
img_07695_2023,0,0.0036164564,0
img_07696_2023,0,0.010781312,0
img_07699_2023,0,0.0013858059,0
img_07706_2023,0,0.010684273,0
img_07702_2023,0,0.00035467886,0
img_07704_2023,0,0.0027283875,0
img_07700_2023,0,0.0013496714,0
img_07717_2023,0,0.003128057,0
img_07713_2023,0,0.00057840283,0
img_07715_2023,0,1.4134744e-05,0
img_07711_2023,0,0.011781556,0
img_07710_2023,0,0.004834613,0
img_07708_2023,0,0.0004127517,0
img_07714_2023,0,0.020069027,0
img_07716_2023,0,0.027897928,0
img_07726_2023,0,0.007894591,0
img_07721_2023,0,0.0034579919,0
img_07731_2023,0,0.006420938,0
img_07728_2023,0,0.005290721,0
img_07727_2023,0,0.00035855864,0
img_07729_2023,0,0.0008403462,0
img_07734_2023,0,0.008899822,0
img_07735_2023,0,0.0041424436,0
img_07741_2023,0,0.39406973,1
img_07730_2023,0,0.002486188,0
img_07732_2023,0,0.0006958592,0
img_07740_2023,0,0.2961455,1
img_07747_2023,0,0.1000381,0
img_07745_2023,0,0.00024650886,0
img_07736_2023,0,0.71328527,1
img_07752_2023,0,0.043063205,0
img_07749_2023,0,0.0012331582,0
img_07755_2023,0,0.0047661844,0
img_07748_2023,0,0.85839784,1
img_07756_2023,0,0.0003548243,0
img_07751_2023,0,0.010053569,0
img_07759_2023,0,0.0008929035,0
img_07743_2023,0,0.21429284,1
img_07762_2023,0,0.016346077,0
img_07754_2023,0,0.00033945404,0
img_07765_2023,0,6.91045e-05,0
img_07656_p01_2023,0,0.0188223,0
img_07656_p02_2023,0,0.059440684,0
img_07656_p03_2023,0,0.00023364187,0
img_07656_p04_2023,0,0.004017818,0
img_07656_p05_2023,0,0.00042668244,0
img_07761_2023,0,0.00064756855,0
img_07768_2023,0,0.0012866209,0
img_07764_2023,0,0.008103812,0
img_07737_p01_2023,0,0.0002737141,0
img_07737_p02_2023,0,0.0025955946,0
img_07771_2023,0,0.005034728,0
img_07780_2023,0,0.0013575623,0
img_07766_2023,0,0.00079960003,0
img_07778_2023,0,0.0011343635,0
img_07781_2023,0,0.004268599,0
img_07775_2023,0,0.00010393387,0
img_07779_2023,0,0.0028941128,0
img_07784_2023,0,0.0047675013,0
img_07795_2023,0,0.00021409628,0
img_07770_2023,0,0.0015201415,0
img_07796_2023,0,0.013223412,0
img_07783_2023,0,0.0097557455,0
img_07797_2023,0,0.0028056602,0
img_07760_p01_2023,0,0.5972603,1
img_07760_p02_2023,0,0.0015002205,0
img_07794_2023,0,4.659537e-05,0
img_07791_2023,0,0.007458172,0
img_07787_2023,0,1.9076779e-05,0
img_07792_2023,0,0.04647864,0
img_07808_2023,0,0.025231417,0
img_07785_2023,0,0.00035588772,0
img_07802_2023,0,0.0063417875,0
img_07814_2023,0,0.0016047407,0
img_07803_2023,0,0.009554357,0
img_07805_2023,0,0.011125013,0
img_07806_2023,0,0.0058399527,0
img_07819_2023,0,0.018070435,0
img_07813_2023,0,0.17123821,1
img_07820_2023,0,0.007979686,0
img_07800_2023,0,0.0025488785,0
img_07823_2023,0,0.0005238006,0
img_07810_2023,0,0.0012606869,0
img_07821_2023,0,0.0021240432,0
img_07817_2023,0,0.0002599204,0
img_07831_2023,0,0.0017099198,0
img_07829_2023,0,0.017893597,0
img_07833_2023,0,6.3362044e-05,0
img_07837_2023,0,0.001794645,0
img_07836_2023,0,0.23418811,1
img_07839_2023,0,0.19380532,1
img_07822_2023,0,0.033800203,0
img_07838_2023,0,0.00021370266,0
img_07842_2023,0,0.00048776667,0
img_07844_2023,0,0.23886643,1
img_07828_2023,0,0.0009642642,0
img_07841_2023,0,0.0003718008,0
img_07843_2023,0,0.009507983,0
img_07834_2023,0,0.0107031,0
img_07840_2023,0,0.0042675775,0
img_07846_2023,0,0.00055193837,0
img_07848_2023,0,0.007697056,0
img_07858_2023,0,0.010220012,0
img_07855_2023,0,4.9290243e-06,0
img_07854_2023,0,0.0030011865,0
img_07807_p02_2023,0,0.0006817972,0
img_07856_2023,0,5.0169885e-05,0
img_07859_2023,0,0.0019898487,0
img_07863_2023,0,0.005129354,0
img_07865_2023,0,0.02997921,0
img_07866_2023,0,2.2869659e-05,0
img_07860_2023,0,0.0024159474,0
img_07868_2023,0,0.049090516,0
img_07873_2023,0,0.014813698,0
img_07871_2023,0,0.25283086,1
img_07870_2023,0,0.0023311502,0
img_07869_2023,0,0.00702424,0
img_07872_2023,0,0.0036988792,0
img_07876_2023,0,0.0015049143,0
img_07883_2023,0,0.0021880579,0
img_07875_2023,0,0.009449639,0
img_07880_2023,0,0.0145927975,0
img_07879_2023,0,0.0022068322,0
img_07877_2023,0,0.0005113846,0
img_07890_2023,0,0.00041752585,0
img_07893_2023,0,0.012925449,0
img_07891_2023,0,0.0013414992,0
img_07889_2023,0,0.0091153765,0
img_07896_2023,0,0.010282534,0
img_07888_2023,0,0.5819155,1
img_07903_2023,0,0.008701705,0
img_07902_2023,0,0.00023962813,0
img_07899_2023,0,0.0005280066,0
img_07906_2023,0,0.019666404,0
img_07885_p01_2023,0,0.015809078,0
img_07885_p02_2023,0,0.0016351428,0
img_07897_2023,0,0.0003699206,0
img_07915_2023,0,0.00073764153,0
img_07912_2023,0,0.00071330846,0
img_07914_2023,0,0.0033058345,0
img_07918_2023,0,0.0061073927,0
img_07917_2023,0,0.0021814436,0
img_07928_2023,0,0.0026536956,0
img_07923_2023,0,0.00029561674,0
img_07913_2023,0,0.00087931793,0
img_07929_2023,0,0.004972533,0
img_07932_2023,0,0.00047419048,0
img_07931_2023,0,0.002364471,0
img_07935_2023,0,0.0011277415,0
img_07937_2023,0,0.00027294768,0
img_07942_2023,0,0.00020785653,0
img_07940_2023,0,0.0005098894,0
img_07936_2023,0,0.3141574,1
img_07938_2023,0,0.0008871187,0
img_07939_2023,0,0.9686669,1
img_07916_2023,0,0.0131487325,0
img_07943_2023,0,0.046463344,0
img_07946_2023,0,0.0008001629,0
img_07949_2023,0,0.0036055795,0
img_07947_2023,0,8.254233e-05,0
img_07952_2023,0,0.0010675326,0
img_07933_2023,0,0.033860527,0
img_07954_2023,0,0.01078704,0
img_07955_2023,0,0.02798435,0
img_07956_2023,0,0.0018883906,0
img_07963_2023,0,0.00013857798,0
img_07958_2023,0,0.00263327,0
img_07960_2023,0,0.0021023473,0
img_07948_p01_2023,0,0.0021660237,0
img_07948_p02_2023,0,0.0073095947,0
img_07959_2023,0,0.0031618057,0
img_07966_2023,0,0.0012109581,0
img_07967_2023,0,0.024035629,0
img_07969_2023,0,0.0023412139,0
img_07922_p01_2023,0,0.0038735983,0
img_07922_p02_2023,0,0.0025751463,0
img_07922_p03_2023,0,0.0033547252,0
img_07922_p04_2023,0,0.030454833,0
img_07968_2023,0,0.000568835,0
img_07962_2023,0,0.011260275,0
img_07975_2023,0,0.0013177238,0
img_07977_2023,0,0.11997896,0
img_07974_2023,0,0.008638929,0
img_07980_2023,0,0.0005066693,0
img_07987_2023,0,0.0018622715,0
img_07983_2023,0,0.005711236,0
img_07886_p01_2023,0,0.003214111,0
img_07886_p02_2023,0,0.0007845815,0
img_07886_p03_2023,0,0.0016022049,0
img_07886_p04_2023,0,0.00073888473,0
img_07986_2023,0,0.000115329916,0
img_07989_2023,0,0.0021355017,0
img_07990_2023,0,0.0018878012,0
img_07991_2023,0,0.0011522889,0
img_07994_2023,0,0.0036769575,0
img_07996_2023,0,0.012981679,0
img_07978_2023,0,4.4345514e-05,0
img_07997_2023,0,1.00921825e-05,0
img_08000_2023,0,0.0055301143,0
img_07982_2023,0,0.005648868,0
img_08003_2023,0,0.0021751514,0
img_08001_2023,0,0.028033026,0
img_07953_p02_2023,0,0.020735808,0
img_07953_p03_2023,0,0.01780263,0
img_07953_p04_2023,0,0.013876183,0
img_08010_2023,0,0.008753494,0
img_08007_2023,0,6.986604e-05,0
img_08009_2023,0,0.00025817053,0
img_08012_2023,0,0.0262441,0
img_08016_2023,0,0.0017170886,0
img_08017_2023,0,0.0002922353,0
img_08008_2023,0,0.007995669,0
img_08018_2023,0,0.0008855201,0
img_08011_2023,0,9.189772e-06,0
img_08020_2023,0,0.0029034808,0
img_08021_2023,0,0.04956505,0
img_07961_p01_2023,0,0.0010225591,0
img_07961_p02_2023,0,0.00026487044,0
img_07961_p03_2023,0,0.00021422982,0
img_07961_p04_2023,0,0.00026087151,0
img_08019_2023,0,0.0028236518,0
img_08013_2023,0,0.0020197164,0
img_08025_2023,0,0.00085912814,0
img_08023_2023,0,0.004439787,0
img_08026_2023,0,0.0013848863,0
img_08022_2023,0,0.051945556,0
img_08024_2023,0,0.11103682,0
img_08030_2023,0,0.21965094,1
img_08032_2023,0,0.0019355272,0
img_08028_2023,0,0.00018409008,0
img_08029_2023,0,0.14123993,0
img_08034_2023,0,0.005271693,0
img_08033_2023,0,0.0020742104,0
img_08036_2023,0,0.16166213,1
img_08038_2023,0,0.0010952918,0
img_08046_2023,0,0.00048181642,0
img_08044_2023,0,0.0027011377,0
img_08047_2023,0,0.021043608,0
img_08042_2023,0,0.0056830933,0
img_08043_2023,0,0.043292053,0
img_08045_2023,0,0.044485237,0
img_08039_2023,0,0.16915244,1
img_08049_2023,0,4.3928274e-05,0
img_08041_2023,0,0.0028566467,0
img_08052_2023,0,0.0023727764,0
img_08053_2023,0,0.0003585759,0
img_08055_2023,0,0.01418057,0
img_08054_2023,0,0.013299681,0
img_08051_2023,0,0.00975492,0
img_08050_2023,0,0.008131609,0
img_08057_2023,0,0.012996265,0
img_08048_2023,0,0.34969476,1
img_08063_2023,0,0.000703907,0
img_08059_2023,0,0.013514153,0
img_08056_2023,0,0.00874305,0
img_08065_2023,0,0.041890103,0
img_08058_2023,0,0.082969524,0
img_08067_2023,0,0.004066983,0
img_08062_2023,0,0.0029201726,0
img_08073_2023,0,0.0004901946,0
img_08071_2023,0,0.033629417,0
img_08070_2023,0,0.01645675,0
img_08061_2023,0,0.0003596852,0
img_08072_2023,0,0.0001906795,0
img_07965_p01_2023,0,0.0026821564,0
img_07965_p02_2023,0,0.00087356445,0
img_07965_p03_2023,0,0.00064016227,0
img_07965_p04_2023,0,0.0014713613,0
img_07965_p05_2023,0,0.0003730975,0
img_08066_2023,0,4.5674e-05,0
img_08078_2023,0,0.0031496466,0
img_08069_2023,0,0.05076273,0
img_08077_2023,0,2.8374681e-05,0
img_08083_2023,0,0.019039487,0
img_08075_2023,0,0.00021866654,0
img_08074_2023,0,0.00013905039,0
img_08006_p01_2023,0,0.008880424,0
img_08006_p02_2023,0,0.0033586798,0
img_08006_p03_2023,0,0.5643921,1
img_08006_p04_2023,0,0.05736907,0
img_08081_2023,0,0.015322462,0
img_08086_2023,0,0.010235102,0
img_08084_2023,0,0.00036084655,0
img_08076_2023,0,0.01075798,0
img_08088_2023,0,0.0039166166,0
img_08085_2023,0,0.18777877,1
img_08093_2023,0,0.000174446,0
img_08096_2023,0,0.004504119,0
img_08097_2023,0,2.0053749e-06,0
img_08099_2023,0,0.00130521,0
img_08098_2023,0,0.00014959856,0
img_08094_2023,0,0.034996238,0
img_08100_2023,0,0.00042943005,0
img_08102_2023,0,0.0041837376,0
img_08103_2023,0,0.0040999274,0
img_08095_2023,0,0.342456,1
img_08101_2023,0,9.831198e-05,0
img_08104_2023,0,0.00045361705,0
img_08106_2023,0,0.00091230206,0
img_08109_2023,0,0.024580888,0
img_08111_2023,0,8.511129e-05,0
img_08110_2023,0,0.09180422,0
img_08107_2023,0,0.039367244,0
img_08115_2023,0,0.43084493,1
img_08122_2023,0,0.00010545169,0
img_08112_2023,0,0.009190849,0
img_08114_2023,0,0.058768407,0
img_08116_2023,0,0.4927448,1
img_08120_2023,0,0.060780983,0
img_08108_2023,0,0.031037372,0
img_08123_2023,0,0.26794317,1
img_08126_2023,0,0.006341187,0
img_08124_2023,0,0.028781587,0
img_08127_2023,0,0.00014426716,0
img_08117_2023,0,0.020138346,0
img_08128_2023,0,0.0025296805,0
img_08131_2023,0,0.000340223,0
img_08140_2023,0,0.00020345006,0
img_08134_2023,0,0.21687976,1
img_08135_2023,0,0.0014420609,0
img_08137_2023,0,0.0049198275,0
img_08138_2023,0,2.2672653e-05,0
img_08125_2023,0,0.5695251,1
img_08142_2023,0,0.0041470784,0
img_08145_2023,0,4.6551355e-05,0
img_08139_2023,0,0.004463665,0
img_08143_2023,0,0.17633665,1
img_08146_2023,0,0.0026311246,0
img_08087_p01_2023,0,0.03132069,0
img_08087_p02_2023,0,0.004996179,0
img_08087_p03_2023,0,0.3455517,1
img_08087_p04_2023,0,0.07466313,0
img_08154_2023,0,0.0068733245,0
img_08151_2023,0,0.00020301716,0
img_08147_2023,0,0.00023946553,0
img_08148_2023,0,0.0034810929,0
img_08156_2023,0,0.00046062522,0
img_08141_2023,0,0.000521304,0
img_08152_2023,0,0.004250605,0
img_08155_2023,0,0.0011588422,0
img_08150_2023,0,0.00018584935,0
img_08149_2023,0,0.019705841,0
img_08157_2023,0,0.0012155459,0
img_08132_2023,0,0.00041806512,0
img_08144_2023,0,0.1337588,0
img_08160_2023,0,0.0019483772,0
img_08164_2023,0,7.437303e-05,0
img_08165_2023,0,0.008114624,0
img_08169_2023,0,0.0028092486,0
img_08166_2023,0,0.003349739,0
img_08176_2023,0,0.0004458935,0
img_08173_2023,0,0.009149866,0
img_08170_2023,0,0.04636415,0
img_08171_2023,0,0.047939103,0
img_08163_2023,0,0.016227433,0
img_08175_2023,0,0.022185452,0
img_08179_2023,0,2.4004981e-05,0
img_08181_2023,0,0.002346789,0
img_08178_2023,0,0.0003985304,0
img_08184_2023,0,0.013544943,0
img_08182_2023,0,0.09188936,0
img_08180_2023,0,0.00063815486,0
img_08185_2023,0,0.014182956,0
img_08193_2023,0,0.0059285704,0
img_08187_2023,0,0.010177503,0
img_08191_2023,0,0.00024499287,0
img_08192_2023,0,1.7915203e-05,0
img_08190_2023,0,0.00029609032,0
img_08197_2023,0,0.0005136188,0
img_08198_2023,0,5.5159348e-05,0
img_08188_2023,0,0.00053533795,0
img_08196_2023,0,0.03714717,0
img_08199_2023,0,0.033076074,0
img_08205_2023,0,0.009675104,0
img_08194_2023,0,0.010576315,0
img_08204_2023,0,0.82045054,1
img_08207_2023,0,0.0018174588,0
img_08203_2023,0,4.1831205e-05,0
img_08208_2023,0,0.00275593,0
img_08211_2023,0,0.0006149702,0
img_08200_2023,0,0.002342992,0
img_08210_2023,0,0.0049064113,0
img_08206_2023,0,0.007855201,0
img_08209_2023,0,0.0023373477,0
img_08212_2023,0,0.033002798,0
img_08215_2023,0,0.0751141,0
img_08219_2023,0,0.35497558,1
img_08221_2023,0,0.0005767841,0
img_08220_2023,0,0.00031510717,0
img_08218_2023,0,0.02802359,0
img_08223_2023,0,0.006144061,0
img_08214_2023,0,0.0038504533,0
img_08225_2023,0,3.548346e-05,0
img_08224_2023,0,0.011282939,0
img_08217_2023,0,0.0047157006,0
img_08216_2023,0,0.006582088,0
img_08228_2023,0,0.12948853,0
img_08229_2023,0,0.021532852,0
img_08230_2023,0,0.020757938,0
img_08233_2023,0,0.33772254,1
img_08239_2023,0,0.17501114,1
img_08234_2023,0,0.002940863,0
img_08231_2023,0,0.00044426537,0
img_08240_2023,0,0.002003929,0
img_08237_2023,0,0.16165107,1
img_08232_2023,0,0.041203506,0
img_08244_2023,0,0.1116087,0
img_08241_2023,0,0.05040357,0
img_08242_2023,0,0.0076647103,0
img_08243_2023,0,0.03232763,0
img_08246_2023,0,0.00017029406,0
img_08236_2023,0,0.36032224,1
img_08189_p01_2023,0,0.0052283504,0
img_08189_p02_2023,0,0.014959547,0
img_08189_p03_2023,0,0.0019524447,0
img_08245_2023,0,0.0140234325,0
img_08248_2023,0,0.013762234,0
img_08253_2023,0,0.004072779,0
img_08202_p01_2023,0,0.26757288,1
img_08202_p02_2023,0,0.014155541,0
img_08254_2023,0,3.7902515e-05,0
img_08251_2023,0,0.0029621879,0
img_08252_2023,0,0.004381367,0
img_08250_2023,0,5.4602868e-05,0
img_08257_2023,0,0.041662265,0
img_08256_2023,0,0.0014040065,0
img_08258_2023,0,0.0038404816,0
img_08249_2023,0,0.02775147,0
img_08255_2023,0,0.014607342,0
img_08261_2023,0,0.0004355809,0
img_08263_2023,0,0.00013434698,0
img_08259_2023,0,0.035876308,0
img_08262_2023,0,0.07488746,0
img_08267_2023,0,0.006935557,0
img_08268_2023,0,0.0009519831,0
img_08264_2023,0,2.9511608e-05,0
img_08276_2023,0,0.0017142115,0
img_08275_2023,0,0.0055509643,0
img_08271_2023,0,0.031100294,0
img_08272_2023,0,0.014001204,0
img_08277_2023,0,0.048060957,0
img_08279_2023,0,5.3368376e-06,0
img_08278_2023,0,0.019793127,0
img_08274_2023,0,1.0581394e-05,0
img_08283_2023,0,0.0050859763,0
img_08282_2023,0,0.021490507,0
img_08281_2023,0,0.00043620795,0
img_08280_2023,0,0.8664621,1
img_08288_2023,0,0.00030025776,0
img_08290_2023,0,8.4877465e-05,0
img_08295_2023,0,0.008096736,0
img_08294_2023,0,0.0015647679,0
img_08297_2023,0,0.33645123,1
img_08292_2023,0,0.086663045,0
img_08304_2023,0,0.014846748,0
img_08300_2023,0,0.002305973,0
img_08299_2023,0,0.067445025,0
img_08298_2023,0,0.033757646,0
img_08308_2023,0,0.14399989,0
img_08302_2023,0,0.005575709,0
img_08310_2023,0,0.0006095844,0
img_08303_2023,0,0.003425306,0
img_08309_2023,0,0.007225813,0
img_08311_2023,0,0.06943496,0
img_08314_2023,0,0.0044353567,0
img_08312_2023,0,0.10639762,0
img_08315_2023,0,0.0014266227,0
img_08318_2023,0,0.32505983,1
img_08317_2023,0,0.8751282,1
img_08322_2023,0,0.019570556,0
img_08325_2023,0,0.008183973,0
img_08324_2023,0,0.0007832869,0
img_08320_2023,0,7.9877726e-05,0
img_08321_2023,0,0.003017334,0
img_08319_2023,0,0.012700476,0
img_08313_2023,0,0.08999838,0
img_08326_2023,0,0.0021375378,0
img_08323_2023,0,0.022306675,0
img_08328_2023,0,0.11033703,0
img_08332_2023,0,0.0035667536,0
img_08331_2023,0,0.029093679,0
img_08334_2023,0,0.00084984466,0
img_08337_2023,0,0.0026684667,0
img_08333_2023,0,0.0011154817,0
img_08336_2023,0,0.031914394,0
img_08329_2023,0,0.67187846,1
img_08341_2023,0,0.41130188,1
img_08338_2023,0,0.005067148,0
img_08335_2023,0,0.010518501,0
img_08342_2023,0,0.10728094,0
img_08340_2023,0,0.00027556403,0
img_08343_2023,0,0.0129091125,0
img_08344_2023,0,0.0073833554,0
img_08349_2023,0,0.00077891396,0
img_08339_2023,0,0.018390812,0
img_08348_2023,0,0.0024988449,0
img_08351_2023,0,0.00046108582,0
img_08347_2023,0,0.00091817044,0
img_08350_2023,0,0.0010096154,0
img_08356_2023,0,0.032280765,0
img_08355_2023,0,0.0007933223,0
img_08358_2023,0,5.8259204e-05,0
img_08359_2023,0,0.12431431,0
img_08368_2023,0,0.0046769325,0
img_08367_2023,0,4.6803834e-05,0
img_08361_2023,0,0.0399703,0
img_08366_2023,0,0.0064561907,0
img_08364_2023,0,0.008148495,0
img_08363_2023,0,0.0017640323,0
img_08362_2023,0,0.00036435082,0
img_08357_2023,0,0.0013539031,0
img_08371_2023,0,0.20201068,1
img_08373_2023,0,0.005726254,0
img_08370_2023,0,0.00038428383,0
img_08374_2023,0,0.03364028,0
img_08372_2023,0,0.0003180447,0
img_08365_2023,0,0.014088834,0
img_08375_2023,0,0.0054723825,0
img_08376_2023,0,0.034331873,0
img_08378_2023,0,0.0051287897,0
img_08379_2023,0,7.6223578e-06,0
img_08383_2023,0,0.0065351925,0
img_08381_2023,0,0.06210401,0
img_08388_2023,0,0.026274977,0
img_08382_2023,0,0.0075038844,0
img_08390_2023,0,0.0013807748,0
img_08380_2023,0,0.00204941,0
img_08386_2023,0,0.002220633,0
img_08392_2023,0,0.00011326019,0
img_08391_2023,0,0.116847716,0
img_08393_2023,0,0.00029476878,0
img_08394_2023,0,0.0038413287,0
img_08389_2023,0,0.06287645,0
img_08354_p01_2023,0,0.057745866,0
img_08354_p02_2023,0,0.13122968,0
img_08397_2023,0,0.00023329997,0
img_08399_2023,0,0.00034696504,0
img_08395_2023,0,0.27096918,1
img_08396_2023,0,0.0063598603,0
img_08406_2023,0,0.34243774,1
img_08402_2023,0,2.9111327e-05,0
img_08401_2023,0,0.0125151025,0
img_08398_2023,0,0.08977691,0
img_08410_2023,0,0.0002052054,0
img_08400_2023,0,0.0002591837,0
img_08407_2023,0,0.0017035493,0
img_08404_2023,0,0.0015617626,0
img_08408_2023,0,0.0005848963,0
img_08409_2023,0,0.0052790875,0
img_08405_2023,0,0.026050478,0
img_08412_2023,0,0.38578337,1
img_08418_2023,0,0.00012861934,0
img_08414_2023,0,0.0027211653,0
img_08420_2023,0,0.04810629,0
img_08424_2023,0,0.00013570882,0
img_08416_2023,0,0.21676642,1
img_08425_2023,0,0.00012763985,0
img_08415_2023,0,0.00039853077,0
img_08427_2023,0,0.006400403,0
img_08426_2023,0,0.024905942,0
img_08422_2023,0,0.00057933474,0
img_08428_2023,0,0.00095379073,0
img_08430_2023,0,0.06552075,0
img_08429_2023,0,4.6271634e-05,0
img_08419_2023,0,0.43073565,1
img_08432_2023,0,0.0017837299,0
img_08431_2023,0,0.030695451,0
img_08433_2023,0,0.0010387043,0
img_08435_2023,0,1.2358689e-05,0
img_08436_2023,0,0.35327792,1
img_08439_2023,0,0.061245423,0
img_08434_2023,0,0.00030876257,0
img_08438_2023,0,0.0055923294,0
img_08441_2023,0,0.001080433,0
img_08444_2023,0,0.0987006,0
img_08440_2023,0,0.02705172,0
img_08442_2023,0,0.0062000463,0
img_08449_2023,0,0.09185129,0
img_08448_2023,0,0.03310274,0
img_08450_2023,0,0.37975556,1
img_08454_2023,0,0.00044746723,0
img_08452_2023,0,0.0001331648,0
img_08447_2023,0,0.0003111974,0
img_08445_2023,0,0.15011953,0
img_08455_2023,0,2.8996206e-05,0
img_08446_2023,0,0.005647781,0
img_08453_2023,0,0.0034732313,0
img_08457_2023,0,0.022265326,0
img_08460_2023,0,0.07302169,0
img_08458_2023,0,0.00042118083,0
img_08462_2023,0,0.02392202,0
img_08459_2023,0,0.00036132697,0
img_08468_2023,0,0.00060016674,0
img_08463_2023,0,0.06773137,0
img_08464_2023,0,0.0047235535,0
img_08469_2023,0,0.0018154338,0
img_08470_2023,0,0.17173137,1
img_08471_2023,0,0.00025879752,0
img_08474_2023,0,0.00015847762,0
img_08461_2023,0,0.0047091837,0
img_08473_2023,0,0.09458376,0
img_08466_2023,0,1.0604134e-05,0
img_08476_2023,0,8.4018546e-05,0
img_08477_2023,0,7.092979e-05,0
img_08475_2023,0,0.0027855425,0
img_08478_2023,0,0.0014902487,0
img_08482_2023,0,0.0013362837,0
img_08487_2023,0,0.00021639133,0
img_08484_2023,0,0.009705021,0
img_08488_2023,0,0.0067004478,0
img_08483_2023,0,0.00037486208,0
img_08479_2023,0,0.006947067,0
img_08490_2023,0,0.0016884883,0
img_08485_2023,0,0.011614554,0
img_08492_2023,0,0.0016720503,0
img_08486_2023,0,0.026696846,0
img_08481_2023,0,0.06557311,0
img_08489_2023,0,0.0016697302,0
img_08493_2023,0,0.015793009,0
img_06799_p01_2023,0,0.0005751087,0
img_06799_p02_2023,0,0.0024411401,0
img_06799_p06_2023,0,0.019617327,0
img_06799_p07_2023,0,0.00075495796,0
img_06799_p08_2023,0,0.0009745836,0
img_06799_p09_2023,0,0.00032149264,0
img_06799_p10_2023,0,0.00083285244,0
img_06799_p11_2023,0,0.00093246496,0
img_06799_p12_2023,0,0.0003772056,0
img_06799_p13_2023,0,0.0012863979,0
img_06799_p15_2023,0,0.0029141784,0
img_06799_p16_2023,0,0.0006999949,0
img_06799_p17_2023,0,0.00024095053,0
img_06799_p18_2023,0,0.00022642725,0
img_06799_p19_2023,0,0.0003602909,0
img_06799_p20_2023,0,9.996711e-05,0
img_06799_p21_2023,0,7.551605e-05,0
img_06799_p22_2023,0,0.0006682704,0
img_06799_p23_2023,0,0.0006521406,0
img_06799_p24_2023,0,0.0011327254,0
img_06799_p25_2023,0,0.0014465592,0
img_06799_p26_2023,0,0.0001801652,0
img_06799_p27_2023,0,0.00018169612,0
img_06799_p28_2023,0,1.7501708e-05,0
img_06799_p29_2023,0,0.005697897,0
img_06799_p30_2023,0,0.00082771503,0
img_06799_p31_2023,0,0.00010230259,0
img_06799_p32_2023,0,0.0002680028,0
img_06799_p33_2023,0,0.0026700206,0
img_06799_p34_2023,0,0.0011381345,0
img_06799_p35_2023,0,7.990111e-05,0
img_06799_p36_2023,0,0.0001512567,0
img_06799_p37_2023,0,0.0012763609,0
img_06799_p38_2023,0,0.18085665,1
img_06799_p39_2023,0,0.0006562912,0
img_06799_p40_2023,0,0.00033141856,0
img_06799_p41_2023,0,0.0025693804,0
img_06799_p42_2023,0,0.0074397163,0
img_06799_p43_2023,0,0.0014755523,0
img_06799_p44_2023,0,0.0017171344,0
img_06799_p45_2023,0,0.0010143714,0
