image_name,y_true,model_probability,final_threshold_prediction
img_00007_2023,1,0.009472984,0
img_00009_2023,1,0.007164308,0
img_00016_2023,1,0.03698573,0
img_00001_2023,1,0.84796363,1
img_00013_2023,1,0.9659375,1
img_00022_2023,1,0.00957336,0
img_00024_2023,1,0.0010680835,0
img_00025_2023,1,0.8047623,1
img_00023_2023,1,0.0006835808,0
img_00021_2023,1,0.033070087,0
img_00027_2023,1,0.20087913,1
img_00028_2023,1,0.8650687,1
img_00030_2023,1,0.09776943,0
img_00034_2023,1,0.004064042,0
img_00038_2023,1,0.0011576622,0
img_00037_2023,1,0.0005499586,0
img_00046_2023,1,0.019788701,0
img_00047_2023,1,0.0006829365,0
img_00048_2023,1,0.0028100915,0
img_00045_2023,1,0.96054,1
img_00052_2023,1,0.014868489,0
img_00057_2023,1,0.00034161276,0
img_00029_p01_2023,1,0.039186496,0
img_00029_p02_2023,1,0.05020987,0
img_00029_p03_2023,1,0.98074484,1
img_00060_2023,1,0.9794884,1
img_00061_2023,1,0.018824155,0
img_00050_2023,1,0.21928015,1
img_00059_2023,1,0.0017383345,0
img_00054_2023,1,0.36290905,1
img_00056_2023,1,0.9979786,1
img_00062_2023,1,0.0013012375,0
img_00049_p01_2023,1,0.0078748735,0
img_00049_p02_2023,1,0.00041595128,0
img_00064_2023,1,0.27515474,1
img_00078_2023,1,0.016066419,0
img_00073_2023,1,0.9995554,1
img_00072_2023,1,0.011615495,0
img_00080_2023,1,0.32015216,1
img_00082_2023,1,0.98399436,1
img_00096_2023,1,0.005264684,0
img_00000_p02_2023,1,0.12363502,1
img_00000_p03_2023,1,0.011224861,0
img_00000_p04_2023,1,0.4670174,1
img_00089_2023,1,0.0394373,0
img_00102_2023,1,0.037647244,0
img_00090_2023,1,1.6733531e-05,0
img_00099_2023,1,0.4067274,1
img_00036_p01_2023,1,0.6241681,1
img_00036_p02_2023,1,0.9675589,1
img_00036_p03_2023,1,0.99484634,1
img_00036_p04_2023,1,0.9978581,1
img_00105_2023,1,0.8081269,1
img_00100_2023,1,0.0044814697,0
img_00110_2023,1,0.043683093,0
img_00115_2023,1,0.87753093,1
img_00116_2023,1,0.8605806,1
img_00108_2023,1,0.18678105,1
img_00107_2023,1,0.0033646675,0
img_00104_p01_2023,1,0.22585778,1
img_00104_p02_2023,1,0.6997686,1
img_00126_2023,1,0.0023176232,0
img_00125_2023,1,0.9880007,1
img_00124_2023,1,0.0039509726,0
img_00133_2023,1,0.93564045,1
img_00134_2023,1,0.74845386,1
img_00119_p01_2023,1,0.95532155,1
img_00130_p01_2023,1,0.7632455,1
img_00130_p02_2023,1,0.021476427,0
img_00137_2023,1,0.16739345,1
img_00142_2023,1,0.053951956,0
img_00139_2023,1,0.077637255,0
img_00147_2023,1,0.41072786,1
img_00012_p01_2023,1,0.2097149,1
img_00012_p02_2023,1,0.8731127,1
img_00012_p03_2023,1,0.0032316567,0
img_00012_p05_2023,1,0.17255743,1
img_00012_p06_2023,1,0.012127274,0
img_00113_p01_2023,1,0.0063428367,0
img_00113_p02_2023,1,0.21700433,1
img_00113_p03_2023,1,0.96085584,1
img_00113_p04_2023,1,0.009071915,0
img_00065_p01_2023,1,0.34995407,1
img_00065_p02_2023,1,0.14099503,1
img_00065_p03_2023,1,0.719844,1
img_00065_p04_2023,1,0.18835402,1
img_00065_p05_2023,1,0.94584686,1
img_00065_p06_2023,1,0.9793312,1
img_00190_2023,1,0.000672258,0
img_00204_2023,1,0.00022200872,0
img_00192_2023,1,0.005173559,0
img_00205_2023,1,0.00045882608,0
img_00151_p03_2023,1,0.91333365,1
img_00151_p06_2023,1,0.92137766,1
img_00152_p01_2023,1,0.44470522,1
img_00152_p02_2023,1,0.69070786,1
img_00152_p03_2023,1,0.7551418,1
img_00152_p04_2023,1,0.033331085,0
img_00208_2023,1,0.00091120094,0
img_00194_p01_2023,1,0.0074432413,0
img_00194_p02_2023,1,0.62304926,1
img_00228_2023,1,0.0041987295,0
img_00231_2023,1,0.007858238,0
img_00229_2023,1,7.299711e-05,0
img_00230_2023,1,0.99081224,1
img_00227_2023,1,0.036420677,0
img_00240_2023,1,0.029090703,0
img_00239_2023,1,0.041649353,0
img_00242_2023,1,0.11989308,0
img_00238_2023,1,0.03299404,0
img_00244_2023,1,0.94477576,1
img_00241_2023,1,0.028998401,0
img_00243_2023,1,0.0019060975,0
img_00247_2023,1,0.0010580921,0
img_00246_2023,1,0.00062149117,0
img_00245_2023,1,0.0025859443,0
img_00253_2023,1,0.8465752,1
img_00252_2023,1,0.8015018,1
img_00251_2023,1,7.4600604e-05,0
img_00248_2023,1,0.018513715,0
img_00258_2023,1,0.018022617,0
img_00257_2023,1,0.33249816,1
img_00261_2023,1,0.014677812,0
img_00267_2023,1,0.045660064,0
img_00263_2023,1,0.0182057,0
img_00265_2023,1,0.0006679988,0
img_00266_2023,1,0.9982469,1
img_00259_2023,1,0.028317342,0
img_00268_2023,1,0.01647328,0
img_00269_2023,1,0.000458867,0
img_00256_p01_2023,1,0.97588617,1
img_00262_2023,1,0.008660194,0
img_00274_2023,1,0.018199276,0
img_00278_2023,1,0.3878653,1
img_00275_2023,1,0.0030261616,0
img_00279_2023,1,0.044616617,0
img_00281_2023,1,0.09588927,0
img_00280_2023,1,0.6547758,1
img_00283_2023,1,0.07147388,0
img_00271_p01_2023,1,0.78196144,1
img_00271_p02_2023,1,0.9951747,1
img_00284_2023,1,0.9881689,1
img_00282_2023,1,0.0010432488,0
img_00272_2023,1,0.89335006,1
img_00277_2023,1,0.9956333,1
img_00287_2023,1,0.7876786,1
img_00276_2023,1,0.0005802106,0
img_00292_2023,1,0.2937791,1
img_00300_2023,1,0.96242046,1
img_00302_2023,1,0.012307532,0
img_00097_p04_2023,1,0.48176843,1
img_00097_p05_2023,1,0.12694311,1
img_00097_p07_2023,1,0.9561792,1
img_00097_p08_2023,1,0.22207543,1
img_00097_p09_2023,1,0.07792011,0
img_00310_2023,1,0.0012937555,0
img_00316_2023,1,0.16972071,1
img_00318_2023,1,0.13495211,1
img_00294_p01_2023,1,0.6737276,1
img_00294_p02_2023,1,0.9956167,1
img_00288_p01_2023,1,0.95059884,1
img_00288_p02_2023,1,0.69318044,1
img_00322_2023,1,0.011368358,0
img_00326_2023,1,0.0022513426,0
img_00320_2023,1,0.957842,1
img_00286_p01_2023,1,0.5574077,1
img_00286_p02_2023,1,0.02081839,0
img_00286_p03_2023,1,0.025229493,0
img_00286_p04_2023,1,0.2804623,1
img_00333_2023,1,0.99916255,1
img_00327_2023,1,0.0018970718,0
img_00330_2023,1,0.9154569,1
img_00331_2023,1,0.011211104,0
img_00339_2023,1,0.91847205,1
img_00335_2023,1,0.008553505,0
img_00342_2023,1,0.9865225,1
img_00340_2023,1,0.0018376749,0
img_00315_p01_2023,1,0.00015588809,0
img_00315_p02_2023,1,0.035584033,0
img_00336_2023,1,0.0014734286,0
img_00350_2023,1,0.03518089,0
img_00347_2023,1,0.12747572,1
img_00344_2023,1,0.8685836,1
img_00353_2023,1,0.22613704,1
img_00352_2023,1,0.35636505,1
img_00354_2023,1,0.97727776,1
img_00360_2023,1,0.04643043,0
img_00351_2023,1,0.9981419,1
img_00355_2023,1,0.99774677,1
img_00359_2023,1,0.30420482,1
img_00362_2023,1,0.008180064,0
img_00357_2023,1,0.9363075,1
img_00364_2023,1,0.95703787,1
img_00358_2023,1,0.02532975,0
img_00374_2023,1,0.00019600839,0
img_00375_2023,1,0.000117573385,0
img_00363_2023,1,0.17559989,1
img_00377_2023,1,0.016143244,0
img_00385_2023,1,0.49987677,1
img_00381_2023,1,0.021486185,0
img_00383_2023,1,0.87875414,1
img_00389_2023,1,0.051578432,0
img_00372_2023,1,0.0057677967,0
img_00390_2023,1,0.021559158,0
img_00348_p01_2023,1,0.00012169601,0
img_00348_p02_2023,1,0.0005047332,0
img_00395_2023,1,0.00042972903,0
img_00397_2023,1,0.9765188,1
img_00396_2023,1,0.07339392,0
img_00388_p01_2023,1,0.031419013,0
img_00388_p02_2023,1,0.11195398,0
img_00401_2023,1,0.18595433,1
img_00407_2023,1,0.0745331,0
img_00405_2023,1,0.03499124,0
img_00403_2023,1,0.0009251054,0
img_00409_2023,1,0.062817186,0
img_00410_2023,1,0.24476115,1
img_00412_2023,1,0.04297312,0
img_00408_2023,1,0.8337842,1
img_00411_2023,1,0.3525162,1
img_00413_2023,1,0.0025978992,0
img_00414_2023,1,0.0044408026,0
img_00406_2023,1,0.75359994,1
img_00416_2023,1,0.60842514,1
img_00417_2023,1,0.0033111365,0
img_00418_2023,1,0.23491482,1
img_00402_p01_2023,1,0.98228914,1
img_00402_p02_2023,1,0.99464816,1
img_00420_2023,1,0.2688026,1
img_00380_p01_2023,1,0.9793427,1
img_00380_p02_2023,1,0.93066144,1
img_00380_p03_2023,1,0.9833429,1
img_00380_p04_2023,1,0.855806,1
img_00424_2023,1,0.35619074,1
img_00426_2023,1,0.67290986,1
img_00425_2023,1,0.15422603,1
img_00432_2023,1,0.85166204,1
img_00429_2023,1,0.00070708885,0
img_00433_2023,1,0.5310708,1
img_00438_2023,1,0.10352146,0
img_00428_2023,1,0.9724534,1
img_00437_2023,1,0.7240033,1
img_00440_2023,1,0.54395956,1
img_00441_2023,1,0.6943841,1
img_00436_2023,1,0.33174163,1
img_00442_2023,1,0.013318617,0
img_00446_2023,1,0.77738905,1
img_00321_p01_2023,1,0.0070314445,0
img_00321_p02_2023,1,0.02658289,0
img_00321_p03_2023,1,0.99464816,1
img_00321_p04_2023,1,0.005772827,0
img_00321_p05_2023,1,0.0078096977,0
img_00321_p06_2023,1,0.10365312,0
img_00439_2023,1,0.99932015,1
img_00445_2023,1,0.036293153,0
img_00443_2023,1,0.06306574,0
img_00450_2023,1,0.81148314,1
img_00452_2023,1,0.2982939,1
img_00447_2023,1,0.62078804,1
img_00451_2023,1,0.00015485327,0
img_00456_2023,1,0.75549763,1
img_00458_2023,1,0.7379958,1
img_00455_2023,1,0.024766715,0
img_00457_2023,1,0.99900997,1
img_00463_2023,1,0.0077063413,0
img_00349_p01_2023,1,0.9980736,1
img_00349_p02_2023,1,0.31508228,1
img_00349_p03_2023,1,0.65566385,1
img_00349_p04_2023,1,0.977754,1
img_00349_p05_2023,1,0.06131984,0
img_00467_2023,1,0.0022864412,0
img_00464_2023,1,0.0044272006,0
img_00466_2023,1,0.99577916,1
img_00468_2023,1,0.000874356,0
img_00475_2023,1,0.01230737,0
img_00478_2023,1,0.017769136,0
img_00477_2023,1,0.640251,1
img_00473_2023,1,0.9499637,1
img_00479_2023,1,0.103282206,0
img_00435_p01_2023,1,0.0033324156,0
img_00435_p02_2023,1,0.08895224,0
img_00435_p03_2023,1,0.9879901,1
img_00435_p04_2023,1,0.99528486,1
img_00482_2023,1,0.119552,0
img_00483_2023,1,0.0036387518,0
img_00481_2023,1,0.19946215,1
img_00487_2023,1,0.04745452,0
img_00491_2023,1,0.0188751,0
img_00490_2023,1,0.0024685725,0
img_00488_2023,1,0.73999953,1
img_00489_2023,1,0.01382176,0
img_00497_2023,1,0.35036248,1
img_00419_p01_2023,1,0.4550972,1
img_00419_p02_2023,1,0.75839293,1
img_00419_p03_2023,1,0.7913623,1
img_00419_p04_2023,1,0.050877772,0
img_00419_p05_2023,1,0.9697481,1
img_00419_p06_2023,1,0.9301499,1
img_00501_2023,1,0.12923661,1
img_00508_2023,1,0.0021384922,0
img_00449_p01_2023,1,0.94368666,1
img_00449_p02_2023,1,0.9558199,1
img_00449_p03_2023,1,0.99366766,1
img_00449_p04_2023,1,0.9879879,1
img_00511_2023,1,0.076988734,0
img_00513_2023,1,0.00023461111,0
img_00516_2023,1,0.93212205,1
img_00518_2023,1,0.012026757,0
img_00517_2023,1,0.31499785,1
img_00404_p01_2023,1,0.7801684,1
img_00404_p02_2023,1,0.69529486,1
img_00404_p03_2023,1,0.9806018,1
img_00404_p04_2023,1,0.91292095,1
img_00404_p05_2023,1,0.98224,1
img_00404_p06_2023,1,0.97899055,1
img_00404_p07_2023,1,0.5800488,1
img_00404_p08_2023,1,0.65580624,1
img_00519_2023,1,0.1518027,1
img_00521_2023,1,0.009901789,0
img_00485_p01_2023,1,0.15437232,1
img_00485_p02_2023,1,0.68994635,1
img_00485_p03_2023,1,0.9705842,1
img_00485_p04_2023,1,0.928755,1
img_00522_2023,1,0.024246523,0
img_00524_2023,1,0.00035569267,0
img_00528_2023,1,0.0055720382,0
img_00529_2023,1,0.24112496,1
img_00532_2023,1,0.002983704,0
img_00534_2023,1,0.99223024,1
img_00539_2023,1,0.0011140503,0
img_00535_2023,1,0.0011427739,0
img_00540_2023,1,0.00089504913,0
img_00537_2023,1,0.9061021,1
img_00474_p01_2023,1,0.35028306,1
img_00474_p03_2023,1,0.34224612,1
img_00474_p04_2023,1,0.48598367,1
img_00474_p05_2023,1,0.72550666,1
img_00474_p06_2023,1,0.9988697,1
img_00474_p07_2023,1,0.99419856,1
img_00541_2023,1,0.0026577308,0
img_00544_2023,1,0.003917251,0
img_00546_2023,1,0.41555122,1
img_00543_2023,1,0.5340085,1
img_00545_2023,1,0.009442589,0
img_00533_p01_2023,1,0.04520393,0
img_00533_p02_2023,1,0.9205527,1
img_00549_2023,1,0.0879254,0
img_00552_2023,1,0.053736057,0
img_00551_2023,1,0.0010019591,0
img_00550_2023,1,0.00093938125,0
img_00555_2023,1,0.8876035,1
img_00556_2023,1,0.16323753,1
img_00559_2023,1,0.98042256,1
img_00558_2023,1,0.1405366,1
img_00557_2023,1,0.023103287,0
img_00553_2023,1,0.8877017,1
img_00560_2023,1,0.014933724,0
img_00566_2023,1,0.023501003,0
img_00526_p01_2023,1,0.095993415,0
img_00526_p02_2023,1,0.5604587,1
img_00526_p03_2023,1,0.008280976,0
img_00526_p04_2023,1,0.0036634407,0
img_00568_2023,1,0.028669056,0
img_00567_2023,1,0.0036631792,0
img_00570_2023,1,0.25172737,1
img_00538_p01_2023,1,0.2774436,1
img_00538_p02_2023,1,0.99698335,1
img_00538_p03_2023,1,0.052983504,0
img_00538_p04_2023,1,0.89808327,1
img_00573_2023,1,0.006069365,0
img_00572_2023,1,0.5438664,1
img_00580_2023,1,4.242032e-05,0
img_00564_2023,1,0.7041567,1
img_00575_2023,1,0.34922925,1
img_00578_2023,1,0.39775574,1
img_00581_2023,1,0.0080913305,0
img_00589_2023,1,0.010578735,0
img_00591_2023,1,0.00019966725,0
img_00592_2023,1,0.2937505,1
img_00585_2023,1,0.9361803,1
img_00542_p01_2023,1,0.00576517,0
img_00542_p03_2023,1,0.6409882,1
img_00542_p04_2023,1,0.36986086,1
img_00598_2023,1,0.0012943458,0
img_00599_2023,1,0.0033541436,0
img_00596_2023,1,0.9586857,1
img_00604_2023,1,0.00011287398,0
img_00606_2023,1,0.017016955,0
img_00609_2023,1,0.033883378,0
img_00615_2023,1,0.00773638,0
img_00619_2023,1,0.99233454,1
img_00616_2023,1,0.66999394,1
img_00515_p01_2023,1,0.99605644,1
img_00515_p02_2023,1,0.07785239,0
img_00515_p04_2023,1,0.51653916,1
img_00515_p05_2023,1,0.87870306,1
img_00515_p06_2023,1,0.78672093,1
img_00515_p07_2023,1,0.02851976,0
img_00515_p08_2023,1,0.22898762,1
img_00515_p09_2023,1,0.077241525,0
img_00621_2023,1,0.99424183,1
img_00620_2023,1,0.05425363,0
img_00622_2023,1,0.018791253,0
img_00626_2023,1,0.010916565,0
img_00623_2023,1,0.23248504,1
img_00624_2023,1,8.488691e-06,0
img_00631_2023,1,0.03971111,0
img_00625_2023,1,0.99900657,1
img_00628_2023,1,0.99568945,1
img_00634_2023,1,0.86358774,1
img_00636_2023,1,0.03233999,0
img_00618_p01_2023,1,0.98525435,1
img_00618_p02_2023,1,0.034653798,0
img_00640_2023,1,0.046909597,0
img_00644_2023,1,0.12847134,1
img_00642_2023,1,0.05299527,0
img_00629_p01_2023,1,0.96757317,1
img_00629_p02_2023,1,0.012368468,0
img_00641_2023,1,0.060373202,0
img_00643_2023,1,0.0761615,0
img_00639_2023,1,0.7402576,1
img_00645_2023,1,0.0012385631,0
img_00648_2023,1,0.10690261,0
img_00584_p01_2023,1,0.07000873,0
img_00584_p02_2023,1,0.48178166,1
img_00584_p03_2023,1,0.94573,1
img_00584_p04_2023,1,0.056621168,0
img_00584_p05_2023,1,0.39918354,1
img_00584_p06_2023,1,0.24369416,1
img_00627_p01_2023,1,0.9992017,1
img_00627_p02_2023,1,0.99967766,1
img_00652_2023,1,0.14951928,1
img_00647_2023,1,0.044321552,0
img_00649_2023,1,0.012499131,0
img_00655_2023,1,0.99593437,1
img_00657_2023,1,0.0020403594,0
img_00656_2023,1,0.008073229,0
img_00661_2023,1,0.40234607,1
img_00646_2023,1,0.0075228717,0
img_00593_p01_2023,1,0.93644834,1
img_00593_p02_2023,1,0.7240481,1
img_00593_p03_2023,1,0.84373105,1
img_00593_p04_2023,1,0.9388064,1
img_00593_p05_2023,1,0.99174094,1
img_00593_p06_2023,1,0.9645434,1
img_00660_2023,1,0.0033759803,0
img_00659_2023,1,0.008619891,0
img_00662_2023,1,0.9699388,1
img_00664_2023,1,0.006266258,0
img_00666_2023,1,0.8660668,1
img_00663_2023,1,0.0004909954,0
img_00667_2023,1,0.0023527013,0
img_00669_2023,1,0.023975635,0
img_00671_2023,1,0.9915427,1
img_00668_2023,1,0.021372717,0
img_00672_2023,1,0.00045674763,0
img_00675_2023,1,6.832448e-05,0
img_00674_2023,1,0.0010970221,0
img_00594_p02_2023,1,0.0020216156,0
img_00594_p03_2023,1,0.9790436,1
img_00594_p04_2023,1,0.7171983,1
img_00594_p05_2023,1,0.3670985,1
img_00594_p06_2023,1,0.06120872,0
img_00594_p07_2023,1,0.525501,1
img_00594_p08_2023,1,0.88000935,1
img_00676_2023,1,0.011480079,0
img_00665_2023,1,0.64704496,1
img_00679_2023,1,0.0008924314,0
img_00677_2023,1,0.33927104,1
img_00658_p01_2023,1,0.044549197,0
img_00658_p02_2023,1,0.010397058,0
img_00680_2023,1,0.021289038,0
img_00678_2023,1,0.07991649,0
img_00683_2023,1,0.0061821323,0
img_00681_2023,1,0.0045576883,0
img_00689_2023,1,0.14507668,1
img_00686_2023,1,0.1273273,1
img_00687_2023,1,0.1043779,0
img_00691_2023,1,0.42840773,1
img_00692_2023,1,0.3438292,1
img_00684_2023,1,0.0019016875,0
img_00638_p01_2023,1,0.9228386,1
img_00638_p02_2023,1,0.02197643,0
img_00638_p03_2023,1,0.05293111,0
img_00638_p04_2023,1,0.13616808,1
img_00685_2023,1,0.049111713,0
img_00695_2023,1,0.9988978,1
img_00693_2023,1,0.9663267,1
img_00682_p01_2023,1,0.00990443,0
img_00682_p02_2023,1,0.004314483,0
img_00699_2023,1,0.9984332,1
img_00696_2023,1,0.0083651515,0
img_00702_2023,1,0.0053441175,0
img_00701_2023,1,0.9102388,1
img_00706_2023,1,0.02653039,0
img_00704_2023,1,0.8032458,1
img_00705_2023,1,0.94013804,1
img_00700_2023,1,0.0030768965,0
img_00697_2023,1,0.0076260013,0
img_00707_2023,1,0.02851869,0
img_00635_p01_2023,1,0.041588653,0
img_00635_p02_2023,1,0.95814234,1
img_00635_p03_2023,1,0.9873625,1
img_00635_p04_2023,1,0.368413,1
img_00635_p05_2023,1,0.5076336,1
img_00635_p06_2023,1,0.8389775,1
img_00486_p01_2023,1,0.98979586,1
img_00486_p02_2023,1,0.95036083,1
img_00486_p04_2023,1,0.07266235,0
img_00486_p05_2023,1,0.58185685,1
img_00486_p06_2023,1,0.9604067,1
img_00486_p07_2023,1,0.97917753,1
img_00486_p08_2023,1,0.4714054,1
img_00486_p09_2023,1,0.84933805,1
img_00486_p10_2023,1,0.17676063,1
img_00486_p11_2023,1,0.9197449,1
img_00486_p12_2023,1,0.48260015,1
img_00486_p13_2023,1,0.83457077,1
img_00486_p14_2023,1,0.12283897,1
img_00486_p15_2023,1,0.0914367,0
img_00713_2023,1,0.009586711,0
img_00711_2023,1,0.08307278,0
img_00714_2023,1,0.39783707,1
img_00712_2023,1,0.0017055732,0
img_00715_2023,1,0.0025218716,0
img_00716_2023,1,0.35297003,1
img_00708_2023,1,0.97808564,1
img_00710_2023,1,0.08678598,0
img_00718_2023,1,0.89667106,1
img_00688_p01_2023,1,0.3748955,1
img_00688_p02_2023,1,0.32702586,1
img_00726_2023,1,0.8212572,1
img_00722_2023,1,0.0014384709,0
img_00723_2023,1,0.001692239,0
img_00721_2023,1,0.10943004,0
img_00720_2023,1,0.99981624,1
img_00725_2023,1,0.0087169325,0
img_00728_2023,1,0.17205957,1
img_00730_2023,1,0.0021264045,0
img_00612_p04_2023,1,0.050578967,0
img_00612_p05_2023,1,0.9768107,1
img_00612_p06_2023,1,0.0031622434,0
img_00612_p07_2023,1,0.928327,1
img_00612_p08_2023,1,0.616379,1
img_00612_p09_2023,1,0.00070687965,0
img_00719_2023,1,0.9683151,1
img_00729_2023,1,0.03871791,0
img_00734_2023,1,0.05028204,0
img_00731_2023,1,0.016201314,0
img_00735_2023,1,0.8749514,1
img_00733_2023,1,0.0028179742,0
img_00737_2023,1,0.0016043413,0
img_00732_2023,1,0.89513654,1
img_00736_2023,1,0.6224397,1
img_00026_p01_2023,1,0.75103945,1
img_00026_p02_2023,1,0.040909067,0
img_00026_p03_2023,1,0.22606899,1
img_00026_p04_2023,1,0.34033492,1
img_00026_p05_2023,1,0.9356369,1
img_00026_p06_2023,1,0.001182913,0
img_00026_p07_2023,1,0.93397224,1
img_00026_p08_2023,1,0.99781966,1
img_00026_p09_2023,1,0.056316435,0
img_00026_p10_2023,1,0.9960077,1
img_00026_p11_2023,1,0.9997985,1
img_00026_p12_2023,1,0.9969982,1
img_00026_p13_2023,1,0.8909106,1
img_00026_p14_2023,1,0.72233564,1
img_00026_p15_2023,1,0.9807185,1
img_00026_p16_2023,1,0.24094516,1
img_00026_p17_2023,1,0.021873033,0
img_00026_p18_2023,1,0.9418534,1
img_00026_p19_2023,1,0.0013155738,0
img_00026_p20_2023,1,0.95901066,1
img_00026_p21_2023,1,0.68482536,1
img_00026_p24_2023,1,0.00438524,0
img_00026_p25_2023,1,0.10126511,0
img_00738_2023,1,0.005754405,0
img_00717_p01_2023,1,0.0011568256,0
img_00717_p02_2023,1,0.51430345,1
img_00743_2023,1,0.3948122,1
img_00739_2023,1,0.0009060969,0
img_00740_2023,1,0.07398701,0
img_00744_2023,1,0.97184855,1
img_00741_2023,1,0.0036462538,0
img_00742_2023,1,0.88140184,1
img_00746_2023,1,0.72860855,1
img_00747_2023,1,0.9240349,1
img_00745_2023,1,0.00023463326,0
img_00749_2023,1,0.43869525,1
img_00670_p01_2023,1,0.25446248,1
img_00670_p02_2023,1,0.030974349,0
img_00670_p03_2023,1,0.123286255,1
img_00670_p04_2023,1,0.5203686,1
img_00670_p05_2023,1,0.25442758,1
img_00670_p06_2023,1,0.5696213,1
img_00752_2023,1,0.0005804863,0
img_00750_2023,1,0.14789157,1
img_00748_2023,1,0.4083632,1
img_00751_2023,1,0.9878158,1
img_00727_p01_2023,1,0.6216556,1
img_00727_p02_2023,1,0.9989767,1
img_00754_2023,1,0.0042624,0
img_00758_2023,1,0.0006339448,0
img_00756_2023,1,0.9209912,1
img_00764_2023,1,0.04350828,0
img_00690_p01_2023,1,0.9777208,1
img_00690_p02_2023,1,0.9361636,1
img_00690_p03_2023,1,0.98521554,1
img_00690_p04_2023,1,0.9794812,1
img_00765_2023,1,0.25478804,1
img_00759_2023,1,0.006959131,0
img_00762_2023,1,0.9834135,1
img_00770_2023,1,0.94657475,1
img_00773_2023,1,0.0011135855,0
img_00769_2023,1,0.070793204,0
img_00771_2023,1,0.010721013,0
img_00772_2023,1,0.39901078,1
img_00775_2023,1,0.763627,1
img_00776_2023,1,0.98233116,1
img_00784_2023,1,0.053987417,0
img_00761_2023,1,0.0065577347,0
img_00777_2023,1,0.91188157,1
img_00787_2023,1,0.007509596,0
img_00778_2023,1,0.15423808,1
img_00768_p01_2023,1,0.99192095,1
img_00768_p02_2023,1,0.85187566,1
img_00798_2023,0,4.8139173e-05,0
img_00799_2023,0,2.0041666e-06,0
img_00802_2023,0,0.00055300444,0
img_00800_2023,0,0.00044839273,0
img_00811_2023,0,0.00023282463,0
img_00803_2023,0,1.9477104e-05,0
img_00724_p01_2023,1,0.7010868,1
img_00724_p02_2023,1,0.011066392,0
img_00724_p03_2023,1,0.4689885,1
img_00724_p04_2023,1,0.99192226,1
img_00805_2023,0,0.00020752306,0
img_00809_2023,0,5.1107807e-05,0
img_00804_2023,0,5.009921e-06,0
img_00808_2023,0,0.054719105,0
img_00806_2023,0,3.2278716e-05,0
img_00816_2023,0,7.800943e-05,0
img_00810_2023,0,0.00012503038,0
img_00820_2023,0,3.4027056e-05,0
img_00821_2023,0,6.711253e-05,0
img_00822_2023,0,0.00026422978,0
img_00826_2023,0,4.3806875e-05,0
img_00825_2023,0,8.185178e-05,0
img_00830_2023,0,8.44652e-05,0
img_00833_2023,0,0.00018788375,0
img_00831_2023,0,1.3175269e-05,0
img_00827_2023,0,1.323703e-05,0
img_00837_2023,0,6.233137e-05,0
img_00836_2023,0,1.646845e-05,0
img_00842_2023,0,2.3040475e-05,0
img_00840_2023,0,0.0003776284,0
img_00841_2023,0,9.963341e-06,0
img_00847_2023,0,2.2789976e-05,0
img_00852_2023,0,0.0103887115,0
img_00849_2023,0,0.000121523466,0
img_00853_2023,0,0.00015631363,0
img_00851_2023,0,9.722467e-06,0
img_00855_2023,0,2.7463843e-06,0
img_00786_p01_2023,1,0.17907594,1
img_00786_p02_2023,1,0.6904401,1
img_00786_p03_2023,1,0.7755568,1
img_00786_p04_2023,1,0.9652552,1
img_00857_2023,0,0.001160199,0
img_00863_2023,0,2.2358813e-06,0
img_00864_2023,0,9.272178e-06,0
img_00866_2023,0,0.00012838334,0
img_00870_2023,0,0.00015760344,0
img_00869_2023,0,0.00034618893,0
img_00873_2023,0,0.0023980662,0
img_00861_2023,0,0.00016309464,0
img_00871_2023,0,7.150017e-05,0
img_00876_2023,0,2.322355e-05,0
img_00813_p01_2023,0,0.00010906214,0
img_00813_p02_2023,0,2.843308e-05,0
img_00813_p03_2023,0,3.3491837e-05,0
img_00813_p04_2023,0,1.872521e-05,0
img_00874_2023,0,2.8402735e-06,0
img_00880_2023,0,2.5768013e-05,0
img_00834_p01_2023,0,5.3052867e-05,0
img_00834_p04_2023,0,6.332757e-06,0
img_00883_2023,0,0.00018495113,0
img_00848_p01_2023,0,0.00010685036,0
img_00848_p02_2023,0,4.8160986e-05,0
img_00848_p03_2023,0,3.0174633e-06,0
img_00848_p04_2023,0,2.2288674e-05,0
img_00885_2023,0,4.2130378e-05,0
img_00879_2023,0,3.141554e-05,0
img_00884_2023,0,7.780935e-05,0
img_00881_2023,0,0.00024729394,0
img_00889_2023,0,7.8868106e-05,0
img_00818_p01_2023,0,0.037178434,0
img_00818_p02_2023,0,4.0391983e-06,0
img_00818_p03_2023,0,1.7869661e-05,0
img_00818_p04_2023,0,0.0003135447,0
img_00896_2023,0,0.0020293603,0
img_00878_p01_2023,0,1.314605e-05,0
img_00878_p02_2023,0,0.00025671255,0
img_00824_p04_2023,0,0.29875284,1
img_00824_p05_2023,0,0.002479539,0
img_00891_2023,0,2.7159778e-05,0
img_00900_2023,0,3.8384846e-05,0
img_00914_2023,0,4.9272243e-05,0
img_00911_2023,0,2.6597594e-05,0
img_00902_2023,0,1.4560617e-05,0
img_00906_2023,0,0.00013363316,0
img_00903_2023,0,0.00013549405,0
img_00913_2023,0,0.00040402214,0
img_00908_2023,0,7.759763e-06,0
img_00910_2023,0,0.00024155225,0
img_00916_2023,0,1.1876425e-05,0
img_00918_2023,0,9.425202e-06,0
img_00922_2023,0,0.00015839831,0
img_00872_p02_2023,0,9.344111e-05,0
img_00872_p04_2023,0,0.000541406,0
img_00905_p01_2023,0,0.0001185534,0
img_00905_p02_2023,0,0.00013667825,0
img_00928_2023,0,0.002108638,0
img_00931_2023,0,5.6980043e-06,0
img_00926_2023,0,0.22715971,1
img_00909_p03_2023,0,0.0017818069,0
img_00886_p01_2023,0,2.7699234e-06,0
img_00886_p02_2023,0,1.5528814e-05,0
img_00886_p03_2023,0,4.0424253e-05,0
img_00886_p04_2023,0,0.00012482965,0
img_00925_2023,0,3.4686014e-05,0
img_00935_2023,0,6.205446e-05,0
img_00934_2023,0,1.0795073e-05,0
img_00936_2023,0,0.00026329933,0
img_00939_2023,0,0.00012174732,0
img_00930_2023,0,0.00012247833,0
img_00941_2023,0,1.3943039e-05,0
img_00944_2023,0,1.949777e-05,0
img_00940_2023,0,0.0004944295,0
img_00953_2023,0,2.2418105e-06,0
img_00955_2023,0,2.7705162e-05,0
img_00952_2023,0,6.9522575e-06,0
img_00958_2023,0,8.70498e-06,0
img_00959_2023,0,0.038600355,0
img_00957_2023,0,0.0050515365,0
img_00961_2023,0,0.0053348714,0
img_00962_2023,0,9.806349e-05,0
img_00956_2023,0,7.483838e-05,0
img_00964_2023,0,3.650965e-06,0
img_00965_2023,0,2.2110102e-05,0
img_00975_2023,0,3.7520123e-05,0
img_00976_2023,0,0.035508648,0
img_00972_2023,0,4.980593e-05,0
img_00978_2023,0,0.00024251685,0
img_00632_p02_2023,1,2.8667598e-06,0
img_00632_p09_2023,1,0.016562952,0
img_00632_p10_2023,1,0.9699771,1
img_00632_p11_2023,1,0.82057166,1
img_00632_p12_2023,1,0.0077768965,0
img_00632_p14_2023,1,0.99954456,1
img_00632_p15_2023,1,0.854024,1
img_00632_p16_2023,1,0.0844163,0
img_00632_p17_2023,1,0.8355675,1
img_00632_p18_2023,1,0.00061028486,0
img_00963_p01_2023,0,1.583172e-05,0
img_00963_p02_2023,0,1.831166e-05,0
img_00981_2023,0,0.009023379,0
img_00971_2023,0,1.1552501e-05,0
img_00973_2023,0,1.8406622e-06,0
img_00984_2023,0,0.00019824393,0
img_00983_2023,0,7.246459e-05,0
img_00988_2023,0,0.00031597176,0
img_00990_2023,0,0.0013894836,0
img_00991_2023,0,0.00080535654,0
img_00992_2023,0,0.00027069845,0
img_00995_2023,0,8.761263e-05,0
img_00993_2023,0,4.454648e-06,0
img_00998_2023,0,4.1834475e-05,0
img_00985_2023,0,0.00030156365,0
img_00996_2023,0,7.799774e-05,0
img_00949_p03_2023,0,0.00013248238,0
img_00949_p04_2023,0,3.7772974e-05,0
img_01002_2023,0,0.00024007088,0
img_01005_2023,0,1.6167956e-05,0
img_01003_2023,0,0.00012503575,0
img_01014_2023,0,0.00044958043,0
img_01009_2023,0,3.9495582e-05,0
img_01015_2023,0,4.05933e-05,0
img_01013_2023,0,0.00010228991,0
img_01020_2023,0,0.011719826,0
img_01016_2023,0,0.00012966087,0
img_01019_2023,0,4.404367e-05,0
img_01021_2023,0,0.00020370843,0
img_01018_2023,0,1.7872813e-05,0
img_00967_p01_2023,0,9.913629e-06,0
img_00967_p02_2023,0,9.085949e-06,0
img_00967_p03_2023,0,5.473503e-06,0
img_00967_p04_2023,0,2.9553485e-05,0
img_01025_2023,0,7.651412e-05,0
img_01023_2023,0,1.0756998e-05,0
img_01031_2023,0,0.00023786174,0
img_01028_2023,0,5.0509675e-06,0
img_01034_2023,0,2.2059578e-05,0
img_01033_2023,0,8.905154e-05,0
img_01035_2023,0,0.00019402715,0
img_01038_2023,0,4.196121e-05,0
img_00954_p01_2023,0,1.2305225e-05,0
img_00954_p02_2023,0,1.5099586e-05,0
img_00954_p03_2023,0,6.518071e-06,0
img_00954_p04_2023,0,1.4307672e-05,0
img_01027_2023,0,4.409898e-05,0
img_01041_2023,0,0.9121579,1
img_01044_2023,0,0.00010303785,0
img_01045_2023,0,4.909565e-05,0
img_01051_2023,0,8.565102e-05,0
img_01053_2023,0,1.6652706e-05,0
img_01043_2023,0,1.4845375e-05,0
img_01054_2023,0,1.7148735e-05,0
img_01049_2023,0,6.309446e-05,0
img_01030_p01_2023,0,3.6137175e-05,0
img_01030_p02_2023,0,8.34888e-05,0
img_01055_2023,0,7.2617055e-05,0
img_01062_2023,0,0.0005297955,0
img_01064_2023,0,4.902688e-05,0
img_01065_2023,0,7.626408e-06,0
img_01066_2023,0,0.0003645301,0
img_01071_2023,0,1.9302473e-05,0
img_01075_2023,0,0.0002954722,0
img_01077_2023,0,0.3324233,1
img_01073_2023,0,0.00023813926,0
img_01074_2023,0,7.5660705e-06,0
img_01079_2023,0,0.00023810542,0
img_01080_2023,0,4.4783752e-05,0
img_01082_2023,0,8.200483e-05,0
img_01084_2023,0,1.2768075e-05,0
img_01085_2023,0,1.4465258e-05,0
img_01088_2023,0,0.00015196361,0
img_01063_2023,0,2.9323588e-05,0
img_01081_2023,0,0.036616098,0
img_01089_2023,0,1.0604295e-05,0
img_01086_2023,0,0.00011206161,0
img_01094_2023,0,3.7267757e-05,0
img_01092_2023,0,0.00014501026,0
img_01087_2023,0,0.00021384309,0
img_01098_2023,0,1.1720881e-05,0
img_01100_2023,0,8.056676e-05,0
img_01069_p01_2023,0,0.00040092113,0
img_01069_p02_2023,0,0.00015474242,0
img_01102_2023,0,0.00093023677,0
img_01101_2023,0,1.6121214e-05,0
img_01108_2023,0,5.3653894e-05,0
img_01107_2023,0,1.2865428e-05,0
img_01103_2023,0,1.4569952e-05,0
img_01112_2023,0,0.00066506123,0
img_01117_2023,0,3.874773e-05,0
img_01119_2023,0,0.000117908414,0
img_01118_2023,0,0.00026434267,0
img_01122_2023,0,9.410409e-06,0
img_01124_2023,0,2.5230213e-06,0
img_01039_p01_2023,0,0.00011295,0
img_01039_p02_2023,0,8.900731e-05,0
img_01039_p04_2023,0,0.00047195156,0
img_01128_2023,0,0.55583507,1
img_01127_2023,0,5.9954153e-05,0
img_01123_2023,0,0.0005484393,0
img_01125_2023,0,3.8402162e-05,0
img_01126_2023,0,5.8942078e-05,0
img_01133_2023,0,0.00064477854,0
img_01137_2023,0,0.00012063779,0
img_01141_2023,0,0.00010543248,0
img_01143_2023,0,0.00069041515,0
img_01142_2023,0,7.986729e-05,0
img_01145_2023,0,0.0002926281,0
img_01140_2023,0,0.001007107,0
img_01152_2023,0,3.763476e-05,0
img_01148_2023,0,3.0798234e-05,0
img_01144_2023,0,1.3382071e-06,0
img_01155_2023,0,0.0014371728,0
img_01159_2023,0,0.00021970918,0
img_01156_2023,0,7.792355e-06,0
img_01160_2023,0,6.8014306e-06,0
img_01134_p01_2023,0,1.6002214e-05,0
img_01134_p02_2023,0,9.650929e-06,0
img_01161_2023,0,3.363802e-05,0
img_01164_2023,0,0.0002168821,0
img_01170_2023,0,0.0026983812,0
img_01136_2023,0,2.5623458e-05,0
img_01173_2023,0,1.0840579e-05,0
img_01167_2023,0,8.184991e-05,0
img_01178_2023,0,2.148505e-05,0
img_01177_2023,0,4.919383e-06,0
img_01179_2023,0,5.6032704e-06,0
img_01168_2023,0,3.39248e-05,0
img_01183_2023,0,5.81379e-06,0
img_01186_2023,0,8.158807e-05,0
img_01175_2023,0,0.0019755869,0
img_01182_2023,0,0.000116789415,0
img_01181_2023,0,2.0233256e-05,0
img_01192_2023,0,9.68533e-06,0
img_01190_2023,0,3.4344095e-05,0
img_01197_2023,0,5.5616065e-06,0
img_01198_2023,0,5.2444257e-06,0
img_01201_2023,0,0.4702335,1
img_01193_2023,0,8.753354e-05,0
img_01165_p01_2023,0,1.3993258e-05,0
img_01165_p02_2023,0,4.5126413e-05,0
img_01196_2023,0,4.4291628e-05,0
img_01200_2023,0,5.7778516e-06,0
img_01204_2023,0,1.3730265e-05,0
img_01209_2023,0,0.00016162901,0
img_01212_2023,0,9.015676e-05,0
img_01205_2023,0,5.431561e-06,0
img_01210_2023,0,5.6503104e-05,0
img_01220_2023,0,9.7037655e-06,0
img_01213_2023,0,9.622062e-05,0
img_01218_2023,0,0.0004830302,0
img_01215_2023,0,0.000108494125,0
img_01216_2023,0,1.6025839e-05,0
img_01217_2023,0,8.500375e-05,0
img_01219_2023,0,1.993275e-06,0
img_01222_2023,0,0.000100538404,0
img_01221_2023,0,4.0942464e-06,0
img_01229_2023,0,8.749566e-05,0
img_01224_2023,0,3.970957e-05,0
img_01195_p02_2023,0,0.0025078168,0
img_01233_2023,0,3.479976e-05,0
img_01231_2023,0,0.00058157096,0
img_01236_2023,0,2.6564134e-05,0
img_01238_2023,0,4.256698e-05,0
img_01214_p01_2023,0,1.4287888e-05,0
img_01214_p02_2023,0,3.2697248e-05,0
img_01243_2023,0,3.2742522e-05,0
img_01246_2023,0,7.2016606e-05,0
img_01244_2023,0,0.00011721707,0
img_01248_2023,0,0.0004659309,0
img_01254_2023,0,1.103022e-05,0
img_01257_2023,0,0.000604076,0
img_01258_2023,0,1.275397e-05,0
img_01249_2023,0,1.1397318e-05,0
img_01253_2023,0,1.1775364e-05,0
img_01247_2023,0,5.755002e-06,0
img_01263_2023,0,0.00016611084,0
img_01255_2023,0,9.2874625e-06,0
img_01267_2023,0,2.8564486e-05,0
img_01268_2023,0,0.00010161258,0
img_01269_2023,0,1.6418615e-05,0
img_01271_2023,0,3.7804795e-05,0
img_01273_2023,0,1.7700057e-05,0
img_01275_2023,0,2.6724383e-06,0
img_01262_2023,0,9.121119e-06,0
img_01276_2023,0,0.0010408876,0
img_01282_2023,0,7.855332e-05,0
img_01281_2023,0,1.6395114e-05,0
img_01280_2023,0,8.1426115e-06,0
img_01286_2023,0,5.6003573e-05,0
img_01279_2023,0,0.4936106,1
img_01291_2023,0,0.00058972597,0
img_01290_2023,0,0.00023233944,0
img_01076_p01_2023,0,0.0015505399,0
img_01076_p02_2023,0,1.6990705e-05,0
img_01076_p03_2023,0,0.0009767095,0
img_01076_p04_2023,0,3.9753064e-05,0
img_01076_p05_2023,0,1.4418279e-05,0
img_01076_p06_2023,0,0.0008186229,0
img_01076_p07_2023,0,4.404174e-05,0
img_01076_p08_2023,0,4.5342702e-05,0
img_01076_p09_2023,0,1.8568244e-05,0
img_01076_p10_2023,0,1.609823e-05,0
img_01301_2023,0,3.7077923e-05,0
img_01295_2023,0,0.0062512164,0
img_01298_2023,0,3.7208203e-05,0
img_01299_2023,0,5.1718947e-05,0
img_01304_2023,0,1.651527e-05,0
img_01311_2023,0,8.9436195e-05,0
img_01312_2023,0,0.0328976,0
img_01308_2023,0,0.00010221931,0
img_01316_2023,0,0.0010774072,0
img_01292_p01_2023,0,0.00012707175,0
img_01292_p02_2023,0,4.205483e-05,0
img_01313_2023,0,0.004507336,0
img_01315_2023,0,4.969654e-06,0
img_01310_2023,0,0.059978567,0
img_01321_2023,0,0.00429679,0
img_01317_2023,0,4.925566e-05,0
img_01302_p01_2023,0,0.00012328461,0
img_01322_2023,0,4.195877e-05,0
img_01289_p01_2023,0,6.8597896e-05,0
img_01289_p02_2023,0,9.7637254e-05,0
img_01319_2023,0,7.698774e-05,0
img_01320_2023,0,3.451111e-05,0
img_01328_2023,0,6.5047396e-05,0
img_01323_2023,0,8.386086e-05,0
img_01327_2023,0,3.0401778e-05,0
img_01339_2023,0,3.1860196e-05,0
img_01337_2023,0,0.0001577401,0
img_01338_2023,0,0.00010850934,0
img_01341_2023,0,0.0002418161,0
img_01332_2023,0,3.4045916e-05,0
img_01343_2023,0,1.1098786e-05,0
img_01334_2023,0,1.6014534e-05,0
img_01335_2023,0,6.1746156e-05,0
img_01318_p01_2023,0,2.1878104e-05,0
img_01345_2023,0,0.58761936,1
img_01350_2023,0,2.1843309e-05,0
img_01347_2023,0,2.5660238e-05,0
img_01352_2023,0,0.00022746828,0
img_01355_2023,0,7.097181e-05,0
img_01358_2023,0,0.00032288718,0
img_01348_2023,0,6.433212e-05,0
img_01359_2023,0,2.091681e-06,0
img_01364_2023,0,4.7069793e-06,0
img_01360_2023,0,2.0370273e-05,0
img_01363_2023,0,0.00013470513,0
img_01368_2023,0,5.902071e-05,0
img_01354_2023,0,0.0009422945,0
img_01353_2023,0,3.945914e-05,0
img_01351_2023,0,0.0044422704,0
img_01366_2023,0,2.727482e-06,0
img_01372_2023,0,2.9210272e-05,0
img_01374_2023,0,1.2207755e-06,0
img_01367_2023,0,0.0004308952,0
img_01370_2023,0,7.887353e-05,0
img_01369_2023,0,6.8018912e-06,0
img_01356_2023,0,8.012826e-05,0
img_01375_2023,0,4.0007844e-06,0
img_01380_2023,0,0.00012660585,0
img_01390_2023,0,1.8278737e-05,0
img_01389_2023,0,1.598975e-05,0
img_01392_2023,0,4.2752283e-05,0
img_01386_2023,0,0.0012543668,0
img_01393_2023,0,1.529947e-05,0
img_01396_2023,0,0.28121632,1
img_01397_2023,0,2.9278739e-05,0
img_01399_2023,0,3.7034777e-05,0
img_01384_2023,0,0.00010382916,0
img_01398_2023,0,1.697391e-05,0
img_01378_p02_2023,0,1.1890013e-05,0
img_01388_2023,0,3.5883022e-05,0
img_01394_2023,0,1.1572304e-05,0
img_01405_2023,0,0.000112503265,0
img_01402_2023,0,0.013607382,0
img_01404_2023,0,9.312883e-06,0
img_01412_2023,0,0.0012584074,0
img_01413_2023,0,8.356183e-05,0
img_01414_2023,0,2.811438e-06,0
img_01408_2023,0,0.00010521965,0
img_01379_2023,0,6.0076516e-05,0
img_01416_2023,0,0.050229844,0
img_01423_2023,0,4.434547e-05,0
img_01418_2023,0,0.0047675213,0
img_01417_2023,0,2.2491715e-05,0
img_01419_2023,0,0.001861116,0
img_01426_2023,0,1.3049484e-05,0
img_01422_2023,0,0.001533541,0
img_01421_2023,0,5.4001506e-05,0
img_01420_2023,0,5.124347e-06,0
img_01431_2023,0,0.0004060835,0
img_01427_2023,0,8.9854046e-05,0
img_01429_2023,0,0.00011111914,0
img_01435_2023,0,0.0061056796,0
img_01433_2023,0,6.428747e-05,0
img_01442_2023,0,3.7002228e-05,0
img_01425_2023,0,0.00016920024,0
img_01440_2023,0,0.0015549548,0
img_01436_2023,0,0.0003075926,0
img_01376_p01_2023,0,0.00046313612,0
img_01376_p03_2023,0,0.2887782,1
img_01376_p04_2023,0,0.035881642,0
img_01445_2023,0,5.0147873e-06,0
img_01443_2023,0,8.983865e-06,0
img_01441_2023,0,3.5882827e-06,0
img_01446_2023,0,4.596347e-06,0
img_01349_p01_2023,0,7.994936e-05,0
img_01349_p02_2023,0,4.393368e-05,0
img_01349_p03_2023,0,7.048518e-05,0
img_01349_p04_2023,0,9.942295e-05,0
img_01377_p01_2023,0,0.00016230698,0
img_01377_p02_2023,0,1.3658059e-05,0
img_01377_p03_2023,0,0.0013203891,0
img_01377_p04_2023,0,0.00015300918,0
img_01377_p05_2023,0,0.00021240865,0
img_01377_p06_2023,0,2.4613726e-05,0
img_01452_2023,0,9.673581e-05,0
img_01453_2023,0,2.4863706e-05,0
img_01455_2023,0,0.00019216795,0
img_01449_2023,0,0.048107788,0
img_01448_2023,0,0.00044102772,0
img_01460_2023,0,0.08693912,0
img_01458_2023,0,7.99971e-06,0
img_01462_2023,0,9.578878e-05,0
img_01461_2023,0,3.8662725e-05,0
img_01464_2023,0,1.7026503e-05,0
img_01463_2023,0,4.287117e-05,0
img_01471_2023,0,7.396464e-05,0
img_01472_2023,0,2.9971303e-05,0
img_01465_2023,0,7.2017183e-06,0
img_01469_2023,0,0.00035656555,0
img_01475_2023,0,3.4573994e-05,0
img_01473_2023,0,0.00029264734,0
img_01476_2023,0,0.000988466,0
img_01480_2023,0,8.784565e-06,0
img_01482_2023,0,4.525497e-05,0
img_01468_2023,0,0.001040784,0
img_01486_2023,0,8.442068e-06,0
img_01478_2023,0,0.00022098466,0
img_01474_2023,0,0.0005078135,0
img_01479_2023,0,2.7720323e-06,0
img_01487_2023,0,6.2341614e-06,0
img_01495_2023,0,7.0399066e-05,0
img_01481_2023,0,0.00012658679,0
img_01501_2023,0,0.0007660376,0
img_01496_2023,0,2.6258242e-05,0
img_01503_2023,0,0.00010927148,0
img_01505_2023,0,1.4451454e-05,0
img_01508_2023,0,3.0670122e-05,0
img_01498_2023,0,2.2828279e-05,0
img_01499_2023,0,8.4279425e-05,0
img_01507_2023,0,0.000104886676,0
img_01504_2023,0,6.6863715e-05,0
img_01511_2023,0,1.263728e-05,0
img_01510_2023,0,0.00050146435,0
img_01502_2023,0,4.0870173e-06,0
img_01489_p01_2023,0,0.00047934245,0
img_01489_p02_2023,0,0.00013347651,0
img_01515_2023,0,0.0025935476,0
img_01516_2023,0,0.0005710993,0
img_01522_2023,0,1.7411461e-05,0
img_01527_2023,0,2.8838987e-05,0
img_01529_2023,0,1.5887439e-05,0
img_01521_2023,0,4.0857003e-06,0
img_01526_2023,0,2.8955004e-05,0
img_01533_2023,0,3.873628e-05,0
img_01537_2023,0,7.403676e-05,0
img_01540_2023,0,0.00019366949,0
img_01546_2023,0,1.6879896e-05,0
img_01534_2023,0,6.160409e-06,0
img_01544_2023,0,5.447258e-05,0
img_01542_2023,0,9.697881e-06,0
img_01545_2023,0,2.472965e-05,0
img_01518_2023,0,2.3907272e-05,0
img_01553_2023,0,0.000119138844,0
img_01555_2023,0,0.0074966284,0
img_01547_2023,0,2.6185122e-05,0
img_01557_2023,0,0.00014718849,0
img_01558_2023,0,2.7839918e-05,0
img_01556_2023,0,0.00023366215,0
img_01562_2023,0,5.0337236e-05,0
img_01568_2023,0,2.2253438e-05,0
img_01561_2023,0,0.0028164082,0
img_01565_2023,0,5.1490508e-05,0
img_01569_2023,0,5.497539e-05,0
img_01578_2023,0,0.00012995186,0
img_01567_2023,0,0.00017119225,0
img_01571_2023,0,0.00019020375,0
img_01583_2023,0,8.198098e-05,0
img_01579_2023,0,3.9864335e-05,0
img_01582_2023,0,0.0048459177,0
img_01586_2023,0,5.876052e-05,0
img_01590_2023,0,4.4248227e-05,0
img_01594_2023,0,4.409183e-05,0
img_01595_2023,0,7.0448823e-06,0
img_01604_2023,0,0.00020707042,0
img_01603_2023,0,5.2086947e-05,0
img_01601_2023,0,0.018679311,0
img_01600_2023,0,1.4928113e-05,0
img_01605_2023,0,0.00025421262,0
img_01598_2023,0,7.121112e-05,0
img_01607_2023,0,0.00036202828,0
img_01608_2023,0,2.4941553e-05,0
img_01596_2023,0,2.785396e-06,0
img_01609_2023,0,3.8301732e-05,0
img_01618_2023,0,7.882638e-05,0
img_01549_p01_2023,0,2.4580277e-05,0
img_01549_p02_2023,0,7.9434e-06,0
img_01610_2023,0,4.6689667e-05,0
img_01613_2023,0,1.9956082e-05,0
img_01615_2023,0,6.779527e-05,0
img_01626_2023,0,4.6986923e-05,0
img_01627_2023,0,1.774207e-05,0
img_01606_p01_2023,0,0.00034947973,0
img_01606_p02_2023,0,1.8999635e-05,0
img_01622_2023,0,0.0001059188,0
img_01636_2023,0,7.970339e-06,0
img_01632_2023,0,0.00032259608,0
img_01635_2023,0,1.4309419e-05,0
img_01633_2023,0,3.7686263e-05,0
img_01638_2023,0,0.0006648128,0
img_01640_2023,0,0.010567865,0
img_01631_2023,0,5.2371695e-05,0
img_01643_2023,0,9.6115975e-05,0
img_01642_2023,0,0.00012380048,0
img_01645_2023,0,2.2597105e-05,0
img_01652_2023,0,1.4725663e-05,0
img_01648_2023,0,0.0032976435,0
img_01543_p01_2023,0,0.01677369,0
img_01543_p02_2023,0,0.0056640077,0
img_01543_p03_2023,0,6.542226e-05,0
img_01543_p04_2023,0,0.0030686785,0
img_01543_p05_2023,0,0.00014037354,0
img_01543_p06_2023,0,0.00017005668,0
img_01653_2023,0,2.4590969e-05,0
img_01634_2023,0,5.973273e-05,0
img_01655_2023,0,4.3143125e-05,0
img_01663_2023,0,2.5887418e-06,0
img_01657_2023,0,0.00023442891,0
img_01660_2023,0,6.068791e-05,0
img_01668_2023,0,9.348656e-05,0
img_01665_2023,0,5.937721e-05,0
img_01672_2023,0,0.00010955798,0
img_01678_2023,0,1.0620063e-05,0
img_01675_2023,0,1.5356787e-05,0
img_01681_2023,0,0.00013678426,0
img_01682_2023,0,3.1061307e-05,0
img_01680_2023,0,2.6857757e-05,0
img_01685_2023,0,2.7192562e-05,0
img_01624_p01_2023,0,4.9921102e-05,0
img_01624_p02_2023,0,1.2937627e-05,0
img_01624_p03_2023,0,2.1807364e-05,0
img_01624_p04_2023,0,7.408436e-05,0
img_01688_2023,0,0.00029253884,0
img_01686_2023,0,0.47994086,1
img_01687_2023,0,3.7503705e-05,0
img_01674_p02_2023,0,1.3500962e-05,0
img_01692_2023,0,0.00014728845,0
img_01679_p01_2023,0,0.0025140953,0
img_01679_p02_2023,0,1.0075729e-05,0
img_01695_2023,0,7.1277204e-06,0
img_01694_2023,0,0.00010768503,0
img_01690_2023,0,1.3754642e-05,0
img_01697_2023,0,0.00015534072,0
img_01699_2023,0,7.0489004e-06,0
img_01700_2023,0,7.961772e-05,0
img_01704_2023,0,8.009824e-05,0
img_01708_2023,0,0.00046489525,0
img_01702_2023,0,1.6029233e-05,0
img_01703_2023,0,0.00014045052,0
img_01707_2023,0,0.0007100219,0
img_01711_2023,0,0.0035984789,0
img_01705_2023,0,0.0010968591,0
img_01709_2023,0,0.00011173403,0
img_01710_2023,0,0.0033880312,0
img_01712_2023,0,0.96466964,1
img_01715_2023,0,0.004446777,0
img_01714_2023,0,2.6366793e-05,0
img_01717_2023,0,5.48911e-05,0
img_01723_2023,0,9.946583e-06,0
img_01719_2023,0,1.8966615e-05,0
img_01722_2023,0,0.00018865963,0
img_01725_2023,0,5.0795647e-06,0
img_01718_2023,0,5.121309e-05,0
img_01724_2023,0,0.0002648457,0
img_01728_2023,0,0.00036593503,0
img_01727_2023,0,0.008019368,0
img_01730_2023,0,0.000101093196,0
img_01732_2023,0,7.6197386e-05,0
img_01735_2023,0,4.5420562e-05,0
img_01720_2023,0,3.906381e-06,0
img_01741_2023,0,0.0014788384,0
img_01733_2023,0,0.00012337904,0
img_01736_2023,0,0.00023752725,0
img_01742_2023,0,0.00081292767,0
img_01740_2023,0,7.384709e-05,0
img_01738_2023,0,0.00012612712,0
img_01739_2023,0,0.00023860062,0
img_01746_2023,0,0.001479275,0
img_01745_2023,0,2.0485251e-05,0
img_01755_2023,0,1.4419944e-05,0
img_01752_2023,0,3.2363016e-05,0
img_01760_2023,0,0.00027368148,0
img_01750_2023,0,0.00026159803,0
img_01753_2023,0,0.00020799828,0
img_01761_2023,0,1.7791052e-05,0
img_01759_2023,0,0.00014186311,0
img_01769_2023,0,0.00041506463,0
img_01767_2023,0,0.00057553774,0
img_01773_2023,0,0.00017946909,0
img_01774_2023,0,2.994696e-05,0
img_01779_2023,0,0.84357786,1
img_01768_2023,0,0.0002915362,0
img_01780_2023,0,0.021471407,0
img_01734_p01_2023,0,0.0074516376,0
img_01734_p02_2023,0,7.7802004e-05,0
img_01734_p03_2023,0,3.3152137e-05,0
img_01777_2023,0,0.0002383371,0
img_01782_2023,0,0.003526614,0
img_01787_2023,0,1.9823818e-05,0
img_01776_2023,0,0.00032805372,0
img_01786_2023,0,0.00013585537,0
img_01784_2023,0,0.00012053477,0
img_01788_2023,0,2.4540414e-05,0
img_01791_2023,0,7.59112e-05,0
img_01790_2023,0,0.0060233134,0
img_01792_2023,0,8.4715775e-06,0
img_01785_2023,0,1.5944266e-05,0
img_01794_2023,0,1.8298359e-05,0
img_01795_2023,0,0.00012075082,0
img_01799_2023,0,0.008800745,0
img_01666_p01_2023,0,0.003450661,0
img_01666_p02_2023,0,0.0013685778,0
img_01666_p03_2023,0,0.0031913344,0
img_01666_p04_2023,0,9.592616e-06,0
img_01666_p05_2023,0,0.011263843,0
img_01666_p06_2023,0,0.0026888496,0
img_01666_p07_2023,0,6.1040744e-05,0
img_01798_2023,0,5.3375547e-06,0
img_01800_2023,0,4.1820553e-05,0
img_01802_2023,0,3.0722316e-05,0
img_01813_2023,0,0.00026939876,0
img_01806_2023,0,6.270458e-05,0
img_01805_2023,0,2.5810903e-05,0
img_01812_2023,0,6.255103e-05,0
img_01815_2023,0,0.00011404961,0
img_01818_2023,0,1.4504875e-05,0
img_01572_p06_2023,0,7.6143438e-06,0
img_01572_p07_2023,0,1.5825652e-05,0
img_01572_p08_2023,0,6.6579896e-06,0
img_01572_p09_2023,0,2.1876124e-06,0
img_01572_p10_2023,0,2.8731536e-06,0
img_01572_p12_2023,0,1.26768955e-05,0
img_01821_2023,0,8.3781815e-05,0
img_01826_2023,0,8.646055e-05,0
img_01822_2023,0,2.644256e-05,0
img_01827_2023,0,0.0010248369,0
img_01823_2023,0,5.364571e-05,0
img_01834_2023,0,0.00024363626,0
img_01829_2023,0,0.30035913,1
img_01831_2023,0,0.00037356408,0
img_01808_p01_2023,0,9.293282e-05,0
img_01808_p02_2023,0,1.32577115e-05,0
img_01830_2023,0,0.00021520123,0
img_01824_2023,0,6.835987e-06,0
img_01840_2023,0,8.401871e-05,0
img_01838_2023,0,0.0001016912,0
img_01837_2023,0,4.5586887e-05,0
img_01839_2023,0,1.0994094e-05,0
img_01847_2023,0,0.0001519839,0
img_01843_2023,0,1.7625018e-06,0
img_01850_2023,0,2.0971333e-05,0
img_01848_2023,0,0.00011458341,0
img_01849_2023,0,1.0086015e-05,0
img_01856_2023,0,3.12045e-05,0
img_01858_2023,0,4.4105163e-06,0
img_01871_2023,0,9.5614014e-05,0
img_01868_2023,0,9.6416015e-06,0
img_01870_2023,0,5.5453114e-05,0
img_01873_2023,0,2.2048114e-05,0
img_01859_2023,0,1.5405398e-06,0
img_01874_2023,0,8.875152e-05,0
img_01875_2023,0,9.257512e-06,0
img_01883_2023,0,4.3529984e-05,0
img_01872_2023,0,4.8345005e-06,0
img_01881_2023,0,3.1372696e-05,0
img_01854_p01_2023,0,6.4352425e-05,0
img_01854_p02_2023,0,7.715935e-05,0
img_01880_2023,0,4.0710067e-05,0
img_01887_2023,0,6.277691e-05,0
img_01884_2023,0,0.000110964975,0
img_01885_2023,0,0.00039868464,0
img_01888_2023,0,1.0539137e-05,0
img_01894_2023,0,0.0003959812,0
img_01891_2023,0,0.00025944452,0
img_01895_2023,0,0.04899456,0
img_01897_2023,0,0.000102780155,0
img_01899_2023,0,0.0015118835,0
img_01892_2023,0,1.9619549e-05,0
img_01903_2023,0,0.00024763134,0
img_01904_2023,0,0.00080877275,0
img_01905_2023,0,5.0672057e-05,0
img_01906_2023,0,0.00019351055,0
img_01909_2023,0,8.11989e-05,0
img_01908_2023,0,5.4074962e-06,0
img_01917_2023,0,2.5137313e-05,0
img_01918_2023,0,5.8254198e-05,0
img_01913_2023,0,2.1202066e-05,0
img_01910_2023,0,8.175167e-06,0
img_01920_2023,0,2.3992076e-05,0
img_01921_2023,0,0.00014598336,0
img_01923_2023,0,0.005391963,0
img_01926_2023,0,0.00017077781,0
img_01929_2023,0,4.0014245e-05,0
img_01934_2023,0,5.688643e-05,0
img_01931_2023,0,9.47861e-05,0
img_01938_2023,0,0.00048552154,0
img_01932_2023,0,0.00021941609,0
img_01936_2023,0,5.2775937e-05,0
img_01939_2023,0,1.44999785e-05,0
img_01940_2023,0,0.00016640539,0
img_01935_2023,0,3.655229e-05,0
img_01941_2023,0,4.414703e-05,0
img_01944_2023,0,4.4152466e-06,0
img_01948_2023,0,7.335674e-06,0
img_01945_2023,0,0.00028991862,0
img_01946_2023,0,2.1422444e-05,0
img_01950_2023,0,8.960001e-05,0
img_01952_2023,0,0.00035711104,0
img_01953_2023,0,9.3451716e-05,0
img_01957_2023,0,3.4414156e-06,0
img_01912_p01_2023,0,2.4023533e-05,0
img_01912_p02_2023,0,4.8312275e-05,0
img_01961_2023,0,0.00017255906,0
img_01960_2023,0,0.003520955,0
img_01819_p01_2023,0,7.769878e-06,0
img_01819_p02_2023,0,8.628651e-06,0
img_01819_p04_2023,0,3.485321e-06,0
img_01819_p05_2023,0,3.8738977e-05,0
img_01962_2023,0,2.5124298e-05,0
img_01963_2023,0,0.07982941,0
img_01959_2023,0,1.847449e-05,0
img_01966_2023,0,2.7226164e-05,0
img_01971_2023,0,9.039227e-06,0
img_01955_2023,0,1.5055226e-05,0
img_01964_2023,0,6.413623e-05,0
img_01975_2023,0,0.02894784,0
img_01979_2023,0,0.0016672362,0
img_01972_2023,0,0.000120926066,0
img_01978_2023,0,8.123284e-06,0
img_01980_2023,0,4.43278e-05,0
img_01981_2023,0,2.9153947e-05,0
img_01985_2023,0,0.00076855073,0
img_01984_2023,0,0.00010998474,0
img_01982_2023,0,5.4298787e-05,0
img_01988_2023,0,0.00030553588,0
img_01990_2023,0,0.00021520883,0
img_01862_p04_2023,0,6.7831155e-05,0
img_01989_2023,0,0.00019048378,0
img_01987_2023,0,1.663017e-05,0
img_01997_2023,0,7.194991e-06,0
img_01995_2023,0,1.41771325e-05,0
img_01998_2023,0,0.00010996158,0
img_01991_2023,0,0.034285214,0
img_01999_2023,0,2.309457e-05,0
img_01996_2023,0,2.3755954e-05,0
img_02010_2023,0,0.009473673,0
img_02007_2023,0,5.9111635e-06,0
img_02011_2023,0,0.00016722582,0
img_02003_2023,0,0.00051717286,0
img_02014_2023,0,0.0033554875,0
img_02001_2023,0,0.0029440552,0
img_02019_2023,0,0.00040430648,0
img_02021_2023,0,3.225072e-05,0
img_02016_2023,0,0.0003709,0
img_02020_2023,0,2.8800621e-05,0
img_02022_2023,0,9.148263e-06,0
img_02025_2023,0,3.3852313e-05,0
img_02027_2023,0,0.0006116052,0
img_02030_2023,0,2.6490607e-06,0
img_02029_2023,0,0.0019190557,0
img_01983_p01_2023,0,2.1248217e-05,0
img_01983_p02_2023,0,9.268652e-05,0
img_02032_2023,0,0.00062081596,0
img_02013_p02_2023,0,0.00013873373,0
img_02040_2023,0,0.018841391,0
img_02037_2023,0,0.00021226754,0
img_02038_2023,0,5.5608274e-05,0
img_02043_2023,0,1.0709247e-05,0
img_02036_2023,0,9.006062e-05,0
img_02044_2023,0,0.100058764,0
img_02042_2023,0,2.9598812e-05,0
img_02051_2023,0,0.00034277036,0
img_02046_2023,0,0.00078673393,0
img_02057_2023,0,0.00031195817,0
img_02047_2023,0,2.5901596e-05,0
img_02055_2023,0,3.3918557e-05,0
img_02059_2023,0,5.2076615e-05,0
img_02056_2023,0,6.346467e-05,0
img_02063_2023,0,1.0535277e-05,0
img_02058_2023,0,5.308394e-05,0
img_02064_2023,0,5.2501557e-05,0
img_02062_2023,0,0.0004898368,0
img_02073_2023,0,8.125661e-05,0
img_02077_2023,0,7.017827e-05,0
img_02069_2023,0,2.5862622e-05,0
img_02078_2023,0,0.00017111572,0
img_02052_p01_2023,0,4.016577e-06,0
img_02052_p02_2023,0,7.591548e-06,0
img_02079_2023,0,0.00023172221,0
img_02050_p02_2023,0,0.00012485262,0
img_02088_2023,0,0.004121314,0
img_02085_2023,0,3.452174e-05,0
img_02090_2023,0,7.362068e-05,0
img_02091_2023,0,2.936988e-05,0
img_02089_2023,0,2.389553e-05,0
img_02096_2023,0,0.00092294096,0
img_02086_2023,0,1.0112945e-05,0
img_02100_2023,0,7.161707e-05,0
img_02097_2023,0,1.9137457e-05,0
img_02099_2023,0,0.00019888005,0
img_02101_2023,0,2.3393439e-05,0
img_02102_2023,0,1.479709e-05,0
img_02106_2023,0,0.0003346443,0
img_02103_2023,0,6.493844e-05,0
img_02084_p02_2023,0,0.0005455901,0
img_02108_2023,0,0.034041476,0
img_02107_2023,0,3.5801946e-05,0
img_02111_2023,0,0.6815597,1
img_02109_2023,0,0.0008947725,0
img_02110_2023,0,1.5740325e-05,0
img_02113_2023,0,0.038509168,0
img_02114_2023,0,2.4791823e-05,0
img_02112_2023,0,4.519684e-06,0
img_02116_2023,0,0.0001978072,0
img_02035_p01_2023,0,1.7443039e-05,0
img_02035_p02_2023,0,2.508963e-05,0
img_02035_p03_2023,0,5.458511e-05,0
img_02035_p04_2023,0,4.510426e-06,0
img_02118_2023,0,5.5573278e-06,0
img_02122_2023,0,7.959214e-05,0
img_02124_2023,0,0.0019068788,0
img_02127_2023,0,7.117507e-05,0
img_02125_2023,0,4.5918132e-05,0
img_02129_2023,0,0.0009820543,0
img_02128_2023,0,2.374248e-05,0
img_02134_2023,0,0.0001230455,0
img_02131_2023,0,0.0017014083,0
img_02123_2023,0,4.060232e-05,0
img_02105_p01_2023,0,7.6286015e-05,0
img_02105_p02_2023,0,4.263381e-05,0
img_02133_2023,0,7.06483e-05,0
img_02136_2023,0,0.0012461666,0
img_02137_2023,0,0.10657002,0
img_02141_2023,0,0.00017632652,0
img_02138_2023,0,0.00035483378,0
img_02142_2023,0,0.00023561563,0
img_02145_2023,0,0.037991866,0
img_02135_p01_2023,0,4.7449735e-06,0
img_02135_p02_2023,0,0.00039213354,0
img_02146_2023,0,3.073427e-05,0
img_02158_2023,0,2.006122e-05,0
img_02152_2023,0,1.9886322e-05,0
img_02143_p01_2023,0,1.592073e-05,0
img_02143_p02_2023,0,1.056109e-05,0
img_02156_2023,0,0.00015028799,0
img_02164_2023,0,0.0005093961,0
img_02167_2023,0,0.0044934843,0
img_02159_2023,0,1.5771684e-05,0
img_02173_2023,0,2.6567655e-05,0
img_02169_2023,0,1.9478739e-05,0
img_02176_2023,0,2.4382764e-05,0
img_02179_2023,0,0.00027925565,0
img_02180_2023,0,1.5926289e-05,0
img_02177_2023,0,1.2534979e-05,0
img_01563_p01_2023,0,0.0003288823,0
img_01563_p02_2023,0,0.011309461,0
img_01563_p03_2023,0,0.0014374555,0
img_01563_p04_2023,0,0.0002975738,0
img_01563_p06_2023,0,0.005442795,0
img_02175_2023,0,3.149419e-05,0
img_02187_2023,0,0.014808618,0
img_02189_2023,0,9.815639e-05,0
img_02098_p01_2023,0,2.3390183e-05,0
img_02098_p02_2023,0,6.267295e-05,0
img_02098_p03_2023,0,8.5886735e-05,0
img_02098_p04_2023,0,6.232739e-05,0
img_02098_p05_2023,0,5.62984e-05,0
img_02098_p06_2023,0,2.2879673e-05,0
img_02195_2023,0,1.3922138e-05,0
img_02193_2023,0,0.00010967987,0
img_02197_2023,0,4.879369e-06,0
img_02194_2023,0,1.21824705e-05,0
img_02192_2023,0,0.016057465,0
img_02198_2023,0,0.01926652,0
img_02199_2023,0,1.9036543e-05,0
img_02202_2023,0,0.0006469881,0
img_02188_2023,0,4.4940633e-05,0
img_02213_2023,0,0.00012313,0
img_02209_2023,0,0.00022787182,0
img_02201_2023,0,0.13473397,1
img_02210_2023,0,7.416707e-05,0
img_02215_2023,0,2.0443056e-05,0
img_02207_2023,0,1.4882186e-05,0
img_02216_2023,0,0.00020406593,0
img_02208_p01_2023,0,5.605647e-05,0
img_02208_p02_2023,0,0.00011857781,0
img_02225_2023,0,7.261504e-06,0
img_02219_2023,0,1.4704628e-05,0
img_02220_2023,0,1.8313633e-05,0
img_02218_2023,0,0.0003136912,0
img_02226_2023,0,8.455562e-05,0
img_02231_2023,0,7.119598e-05,0
img_02236_2023,0,4.3035674e-05,0
img_02239_2023,0,0.002504316,0
img_02240_2023,0,0.00023099955,0
img_02243_2023,0,3.1357085e-05,0
img_02227_2023,0,0.00025760086,0
img_02217_p01_2023,0,0.00010939628,0
img_02217_p02_2023,0,2.0857666e-05,0
img_02221_p01_2023,0,1.6561373e-05,0
img_02221_p02_2023,0,2.8937753e-05,0
img_02246_2023,0,0.00020315697,0
img_02245_2023,0,0.00013245131,0
img_02244_2023,0,8.957208e-05,0
img_02235_2023,0,0.0094402265,0
img_02257_2023,0,4.462312e-05,0
img_02252_2023,0,5.171964e-05,0
img_02255_2023,0,0.00011945816,0
img_02256_2023,0,1.6352422e-05,0
img_02258_2023,0,0.00130842,0
img_02263_2023,0,0.00017926813,0
img_02259_2023,0,0.0024074374,0
img_02266_2023,0,0.0020087718,0
img_02267_2023,0,8.045942e-05,0
img_02270_2023,0,9.4987874e-05,0
img_02272_2023,0,2.8817756e-06,0
img_02269_2023,0,0.00059390115,0
img_02279_2023,0,2.1770895e-05,0
img_02288_2023,0,0.00066654535,0
img_02284_2023,0,0.001189728,0
img_02273_2023,0,7.097827e-06,0
img_02274_2023,0,1.9408295e-05,0
img_02289_2023,0,7.041041e-05,0
img_02281_2023,0,2.5360858e-05,0
img_02285_2023,0,0.00012206967,0
img_02287_2023,0,0.00023033866,0
img_02282_2023,0,6.6098335e-05,0
img_02290_2023,0,1.8815625e-05,0
img_02292_2023,0,3.1605373e-06,0
img_02301_2023,0,0.1575254,1
img_02298_2023,0,6.3077256e-05,0
img_02297_2023,0,7.047872e-05,0
img_02295_2023,0,0.00059665204,0
img_02302_2023,0,2.8249158e-05,0
img_02306_2023,0,3.401385e-05,0
img_02304_2023,0,6.02698e-06,0
img_02311_2023,0,3.7458194e-06,0
img_02313_2023,0,0.00019540865,0
img_02280_p01_2023,0,2.8003487e-06,0
img_02280_p02_2023,0,0.00022202183,0
img_02316_2023,0,0.00071065075,0
img_02320_2023,0,2.6927102e-05,0
img_02319_2023,0,3.4289737e-05,0
img_02294_2023,0,5.5722827e-05,0
img_02329_2023,0,0.00028890735,0
img_02324_2023,0,1.0588349e-05,0
img_02327_2023,0,4.5953825e-06,0
img_02328_2023,0,1.8879866e-05,0
img_02314_2023,0,2.9095065e-05,0
img_02332_2023,0,0.00020618839,0
img_02307_p01_2023,0,1.5567692e-05,0
img_02307_p02_2023,0,3.0444022e-05,0
img_02331_2023,0,0.00050262094,0
img_02337_2023,0,0.013875825,0
img_02338_2023,0,0.0006664714,0
img_02339_2023,0,0.00012253359,0
img_02341_2023,0,1.5899323e-05,0
img_02343_2023,0,0.00043939493,0
img_02310_p02_2023,0,5.0868774e-05,0
img_02310_p03_2023,0,0.00010099444,0
img_02342_2023,0,3.2454966e-05,0
img_02340_2023,0,1.0826724e-05,0
img_02308_p01_2023,0,3.917551e-06,0
img_02308_p02_2023,0,2.4439289e-05,0
img_02308_p03_2023,0,2.2916447e-06,0
img_02348_2023,0,9.198935e-06,0
img_02296_p02_2023,0,1.827262e-05,0
img_02353_2023,0,3.4133267e-05,0
img_02350_2023,0,0.00011329346,0
img_02354_2023,0,0.00025222567,0
img_02355_2023,0,1.5208522e-05,0
img_02359_2023,0,0.00020299412,0
img_02360_2023,0,0.0008405032,0
img_02356_2023,0,5.5932163e-05,0
img_02358_2023,0,0.00016880769,0
img_02367_2023,0,5.133768e-06,0
img_02368_2023,0,2.9347058e-05,0
img_02361_2023,0,0.00010474994,0
img_02371_2023,0,9.713635e-06,0
img_02372_2023,0,6.1612045e-05,0
img_02370_2023,0,0.0010712745,0
img_02365_2023,0,6.31154e-06,0
img_02362_2023,0,6.1061815e-05,0
img_02363_2023,0,8.757338e-06,0
img_02376_2023,0,0.002447996,0
img_02375_2023,0,7.828157e-05,0
img_02379_2023,0,0.00013074136,0
img_02384_2023,0,4.191166e-05,0
img_02382_2023,0,6.0294127e-07,0
img_02388_2023,0,0.00021559926,0
img_02383_2023,0,0.0047037425,0
img_02381_2023,0,6.2144296e-05,0
img_02390_2023,0,9.184174e-06,0
img_02397_2023,0,0.0010685017,0
img_02389_2023,0,1.04872815e-05,0
img_02393_2023,0,2.2543423e-05,0
img_02387_2023,0,0.0016934032,0
img_02394_2023,0,0.011949771,0
img_02398_2023,0,1.557779e-05,0
img_02403_2023,0,0.007593714,0
img_02404_2023,0,0.0030138805,0
img_02399_2023,0,1.1696215e-05,0
img_02392_2023,0,9.5539006e-05,0
img_02373_p01_2023,0,4.6904905e-05,0
img_02373_p02_2023,0,0.00011062763,0
img_02374_p01_2023,0,8.692031e-06,0
img_02374_p02_2023,0,1.4708245e-05,0
img_02405_2023,0,2.3768758e-05,0
img_02406_2023,0,0.0006984563,0
img_02411_2023,0,3.3766322e-05,0
img_02412_2023,0,0.00016718962,0
img_02415_2023,0,0.00012228976,0
img_02413_2023,0,0.000121780635,0
img_02418_2023,0,9.292325e-05,0
img_02416_2023,0,1.1847375e-05,0
img_02427_2023,0,0.0001431681,0
img_02420_2023,0,0.93218046,1
img_02421_2023,0,2.4941053e-06,0
img_02426_2023,0,9.16074e-06,0
img_02433_2023,0,4.519489e-05,0
img_02434_2023,0,0.00020904207,0
img_02424_2023,0,0.026745316,0
img_02429_2023,0,4.4966397e-05,0
img_02432_2023,0,0.00021043072,0
img_02437_2023,0,4.7676418e-05,0
img_02436_2023,0,5.018319e-05,0
img_02441_2023,0,0.0024291293,0
img_02442_2023,0,3.8042558e-06,0
img_02443_2023,0,5.4385073e-05,0
img_02439_2023,0,0.0020967247,0
img_02451_2023,0,2.181664e-05,0
img_02447_2023,0,0.0057700616,0
img_02449_2023,0,1.6121183e-05,0
img_02448_2023,0,0.08484769,0
img_02446_2023,0,0.0011155726,0
img_02450_2023,0,1.8638873e-05,0
img_02408_p01_2023,0,0.090864114,0
img_02408_p02_2023,0,0.0013380871,0
img_02408_p03_2023,0,9.282274e-05,0
img_02456_2023,0,0.00041513942,0
img_02453_2023,0,2.4686648e-05,0
img_02457_2023,0,0.00028232113,0
img_02455_2023,0,2.6187394e-05,0
img_02464_2023,0,2.373666e-05,0
img_02435_p01_2023,0,2.7299802e-06,0
img_02435_p02_2023,0,1.943862e-05,0
img_02460_2023,0,0.00066269963,0
img_02470_2023,0,3.3423235e-05,0
img_02467_2023,0,0.00070298626,0
img_02475_2023,0,0.0009932219,0
img_02468_2023,0,0.00030607174,0
img_02473_2023,0,1.5408514e-05,0
img_02476_2023,0,0.00019062478,0
img_02474_2023,0,2.3283078e-06,0
img_02472_2023,0,0.2741853,1
img_02479_2023,0,6.255115e-05,0
img_02481_2023,0,2.0462714e-06,0
img_02487_2023,0,8.363449e-06,0
img_02414_p01_2023,0,3.7309896e-05,0
img_02414_p02_2023,0,0.0001882474,0
img_02414_p03_2023,0,0.00018853536,0
img_02414_p04_2023,0,0.00060006353,0
img_02491_2023,0,1.8846818e-05,0
img_02489_2023,0,8.654148e-05,0
img_02494_2023,0,0.00021217424,0
img_02498_2023,0,5.744881e-05,0
img_02500_2023,0,3.1900603e-05,0
img_02502_2023,0,8.870034e-06,0
img_02506_2023,0,0.050991204,0
img_02504_2023,0,1.310498e-05,0
img_02503_2023,0,0.00010713665,0
img_02072_p01_2023,0,0.23518358,1
img_02072_p02_2023,0,0.0032942393,0
img_02072_p03_2023,0,0.0021285526,0
img_02072_p04_2023,0,4.4474004e-05,0
img_02072_p05_2023,0,0.00036253824,0
img_02072_p06_2023,0,0.0016151314,0
img_02072_p07_2023,0,0.0014024676,0
img_02072_p08_2023,0,0.00013001211,0
img_02072_p10_2023,0,0.00029602824,0
img_02072_p11_2023,0,7.871444e-06,0
img_02072_p12_2023,0,0.015205692,0
img_02072_p13_2023,0,5.4866192e-05,0
img_02072_p14_2023,0,0.0001234626,0
img_02072_p16_2023,0,2.8417384e-05,0
img_02072_p17_2023,0,1.4764262e-05,0
img_02072_p18_2023,0,0.00013448656,0
img_02505_2023,0,0.00012565391,0
img_02497_2023,0,0.018028272,0
img_02507_2023,0,9.109206e-05,0
img_02510_2023,0,2.8037803e-05,0
img_02515_2023,0,8.796879e-06,0
img_02513_2023,0,0.000120458586,0
img_02509_2023,0,7.591244e-05,0
img_02523_2023,0,0.0028168154,0
img_02520_2023,0,4.283704e-06,0
img_02522_2023,0,3.1681077e-05,0
img_02521_2023,0,1.9526333e-05,0
img_02519_2023,0,2.0486266e-05,0
img_02512_2023,0,0.00015898632,0
img_02532_2023,0,0.0012324601,0
img_02528_2023,0,1.5382086e-05,0
img_02534_2023,0,7.953945e-06,0
img_02536_2023,0,0.0006313818,0
img_02537_2023,0,0.0002107321,0
img_02540_2023,0,1.982359e-05,0
img_02535_2023,0,0.00017752664,0
img_02542_2023,0,1.1395482e-05,0
img_02546_2023,0,0.0007035506,0
img_02539_2023,0,8.95281e-05,0
img_02541_2023,0,0.0017195311,0
img_02547_2023,0,2.8348686e-05,0
img_02548_2023,0,4.8154372e-05,0
img_02549_2023,0,4.3209333e-05,0
img_02550_2023,0,3.7723694e-05,0
img_02553_2023,0,0.012403038,0
img_02557_2023,0,0.00026501872,0
img_02552_2023,0,0.010022854,0
img_02559_2023,0,3.559048e-06,0
img_02561_2023,0,8.521752e-05,0
img_02558_2023,0,2.8668868e-05,0
img_02554_2023,0,0.00013577468,0
img_02564_2023,0,2.6239647e-06,0
img_02569_2023,0,3.9372635e-06,0
img_02544_p01_2023,0,2.3074563e-06,0
img_02544_p02_2023,0,0.00015141268,0
img_02572_2023,0,0.0002003028,0
img_02576_2023,0,1.625348e-05,0
img_02578_2023,0,7.202398e-06,0
img_02580_2023,0,0.00010941068,0
img_02579_2023,0,5.0465707e-05,0
img_02584_2023,0,1.9222785e-05,0
img_02581_2023,0,0.006080003,0
img_02587_2023,0,0.00019493578,0
img_02585_2023,0,6.4664036e-06,0
img_02588_2023,0,4.042838e-05,0
img_02582_2023,0,0.0007325093,0
img_02590_2023,0,4.818358e-05,0
img_02480_p01_2023,0,0.0023925877,0
img_02480_p02_2023,0,0.000708479,0
img_02480_p03_2023,0,0.004801199,0
img_02480_p04_2023,0,7.3559204e-05,0
img_02480_p05_2023,0,0.00082097546,0
img_02480_p06_2023,0,4.2991822e-05,0
img_02593_2023,0,3.5933874e-05,0
img_02599_2023,0,3.382511e-05,0
img_02591_2023,0,4.3473774e-05,0
img_02594_2023,0,0.00021103573,0
img_02603_2023,0,0.00021364419,0
img_02592_2023,0,0.0006505936,0
img_02595_2023,0,4.2004933e-05,0
img_02598_2023,0,7.6675395e-05,0
img_02600_2023,0,0.00026102003,0
img_02604_2023,0,2.0899419e-05,0
img_02601_2023,0,2.4019362e-05,0
img_02602_2023,0,0.0003196796,0
img_02607_2023,0,4.5773988e-05,0
img_02610_2023,0,0.011161336,0
img_02616_2023,0,1.7654118e-05,0
img_02605_2023,0,1.0278999e-05,0
img_02613_2023,0,9.5662355e-05,0
img_02614_2023,0,3.0460518e-05,0
img_02617_2023,0,4.1849078e-05,0
img_02615_2023,0,1.7346856e-05,0
img_02618_2023,0,2.1467968e-05,0
img_02619_2023,0,0.00011192075,0
img_02622_2023,0,9.252015e-05,0
img_02627_2023,0,4.9178357e-07,0
img_02630_2023,0,2.2237402e-05,0
img_02633_2023,0,3.4217253e-05,0
img_02632_2023,0,1.3253325e-05,0
img_02634_2023,0,1.6874408e-05,0
img_02638_2023,0,8.864131e-05,0
img_02637_2023,0,0.00012556085,0
img_02625_2023,0,0.00016471185,0
img_02639_2023,0,0.0005543475,0
img_02635_2023,0,1.8828943e-05,0
img_02640_2023,0,2.5273963e-05,0
img_02641_2023,0,3.745513e-05,0
img_02631_2023,0,0.00013993999,0
img_02649_2023,0,0.0004131461,0
img_02646_2023,0,0.020685315,0
img_02648_2023,0,3.2425112e-05,0
img_02643_2023,0,2.654719e-05,0
img_02636_2023,0,6.6926395e-06,0
img_02644_2023,0,8.740142e-06,0
img_02652_2023,0,5.702379e-05,0
img_02653_2023,0,0.0039378754,0
img_02651_2023,0,0.0002431955,0
img_02654_2023,0,2.2928052e-05,0
img_02657_2023,0,9.880059e-05,0
img_02661_2023,0,0.00018777307,0
img_02662_2023,0,0.00044731007,0
img_02668_2023,0,2.0861127e-05,0
img_02675_2023,0,0.00024518592,0
img_02663_2023,0,9.6313786e-05,0
img_02676_2023,0,0.0001380378,0
img_02671_2023,0,2.3020642e-05,0
img_02620_p04_2023,0,0.00041182945,0
img_02664_2023,0,1.855711e-05,0
img_02655_p01_2023,0,1.1921555e-05,0
img_02655_p02_2023,0,0.000106920794,0
img_02681_2023,0,0.00013908897,0
img_02685_2023,0,9.998473e-06,0
img_02682_2023,0,2.7962022e-05,0
img_02691_2023,0,0.56100935,1
img_02687_2023,0,0.11377261,0
img_02684_2023,0,3.4447883e-05,0
img_02683_2023,0,2.7757791e-05,0
img_02699_2023,0,3.5131703e-05,0
img_02707_2023,0,1.5404223e-05,0
img_02697_2023,0,0.00017660043,0
img_02700_2023,0,0.00032802214,0
img_02708_2023,0,3.6994606e-05,0
img_02688_p01_2023,0,0.00093913334,0
img_02688_p02_2023,0,0.00031150848,0
img_02692_2023,0,5.3524036e-05,0
img_02713_2023,0,0.036438517,0
img_02716_2023,0,1.42103645e-05,0
img_02721_2023,0,1.7284432e-06,0
img_02717_2023,0,0.00021355986,0
img_02718_2023,0,2.5795156e-05,0
img_02724_2023,0,1.5013205e-05,0
img_02488_p01_2023,0,3.1153537e-05,0
img_02488_p02_2023,0,7.270561e-06,0
img_02488_p03_2023,0,0.000101470054,0
img_02488_p04_2023,0,1.9211753e-05,0
img_02488_p05_2023,0,0.00018654922,0
img_02488_p06_2023,0,0.00010350275,0
img_02488_p07_2023,0,1.2408822e-05,0
img_02488_p08_2023,0,2.4304136e-05,0
img_02488_p09_2023,0,2.7496199e-05,0
img_02488_p10_2023,0,1.787624e-05,0
img_02488_p11_2023,0,2.715359e-05,0
img_02488_p12_2023,0,1.0151034e-05,0
img_02488_p13_2023,0,3.1119835e-05,0
img_02722_2023,0,0.00011616588,0
img_02732_2023,0,0.00010150054,0
img_02729_2023,0,9.0521076e-05,0
img_02731_2023,0,0.00063647627,0
img_02735_2023,0,5.9438455e-05,0
img_02734_2023,0,4.0115076e-05,0
img_02741_2023,0,0.00016518054,0
img_02738_2023,0,5.8198842e-05,0
img_02744_2023,0,1.8710876e-05,0
img_02745_2023,0,0.00021268001,0
img_02747_2023,0,9.600722e-07,0
img_02743_2023,0,2.0848001e-05,0
img_02742_2023,0,0.00016272305,0
img_02748_2023,0,1.8566103e-05,0
img_02740_2023,0,0.0021436196,0
img_02752_2023,0,1.0448737e-05,0
img_02753_2023,0,0.00013915425,0
img_02749_2023,0,1.9017762e-05,0
img_02754_2023,0,0.10514472,0
img_02750_2023,0,0.00021410709,0
img_02758_2023,0,1.1370102e-05,0
img_02759_2023,0,2.7699614e-05,0
img_02757_2023,0,4.0198865e-05,0
img_02761_2023,0,5.5626097e-05,0
img_02762_2023,0,3.0088688e-05,0
img_02767_2023,0,0.00056170893,0
img_02772_2023,0,5.8267757e-05,0
img_02770_2023,0,4.3756732e-05,0
img_02773_2023,0,2.3245462e-05,0
img_02778_2023,0,0.00053274725,0
img_02777_2023,0,0.029861001,0
img_02771_2023,0,0.00011985522,0
img_02779_2023,0,0.022239443,0
img_02783_2023,0,5.1362804e-05,0
img_02784_2023,0,1.1579161e-05,0
img_02787_2023,0,0.0023361726,0
img_02791_2023,0,8.343706e-05,0
img_02695_p01_2023,0,0.0015829297,0
img_02695_p03_2023,0,0.0071947076,0
img_02695_p04_2023,0,0.003987111,0
img_02695_p05_2023,0,0.0020442544,0
img_02695_p06_2023,0,1.2276344e-05,0
img_02695_p07_2023,0,1.4111429e-05,0
img_02756_p01_2023,0,6.279282e-06,0
img_02756_p02_2023,0,2.3919903e-05,0
img_02756_p03_2023,0,1.04726805e-05,0
img_02775_p01_2023,0,7.628274e-05,0
img_02792_2023,0,0.00034332243,0
img_02785_2023,0,0.11343079,0
img_02794_2023,0,1.6355558e-05,0
img_02795_2023,0,2.9984187e-06,0
img_02798_2023,0,1.2629208e-05,0
img_02782_2023,0,0.00016443928,0
img_02799_2023,0,0.0007435593,0
img_02801_2023,0,0.0012158251,0
img_02808_2023,0,0.00032563572,0
img_02802_2023,0,1.0925393e-05,0
img_02809_2023,0,0.0076979194,0
img_02805_2023,0,3.1059943e-05,0
img_02806_2023,0,0.0057523674,0
img_02803_2023,0,6.710223e-05,0
img_02812_2023,0,1.309636e-05,0
img_02813_2023,0,3.7367758e-05,0
img_02816_2023,0,0.008746666,0
img_02820_2023,0,0.0004527207,0
img_02819_2023,0,0.0040543186,0
img_02822_2023,0,4.1772684e-05,0
img_02825_2023,0,2.2783412e-05,0
img_02814_2023,0,3.478904e-05,0
img_02823_2023,0,7.026345e-05,0
img_02828_2023,0,4.8349843e-06,0
img_02824_2023,0,0.00013343566,0
img_02829_2023,0,6.432481e-05,0
img_02832_2023,0,0.0024478715,0
img_02833_2023,0,4.1548956e-06,0
img_02817_2023,0,4.7477784e-05,0
img_02837_2023,0,4.9701e-06,0
img_02840_2023,0,0.00018806297,0
img_02835_2023,0,3.0712912e-05,0
img_02843_2023,0,0.00014639848,0
img_02844_2023,0,0.000114126306,0
img_02848_2023,0,5.9393577e-05,0
img_02831_2023,0,7.99354e-06,0
img_02846_2023,0,0.0031700826,0
img_02852_2023,0,3.6032357e-05,0
img_02849_2023,0,0.0017705804,0
img_02856_2023,0,0.00029484494,0
img_02855_2023,0,2.6717653e-06,0
img_02858_2023,0,3.1346022e-05,0
img_02850_2023,0,3.4147877e-06,0
img_02868_2023,0,1.6002747e-05,0
img_02872_2023,0,6.740308e-06,0
img_02865_2023,0,0.00042964256,0
img_02864_2023,0,3.9983806e-05,0
img_02869_2023,0,0.0030831469,0
img_02867_2023,0,1.3412247e-05,0
img_02874_2023,0,3.678883e-05,0
img_02873_2023,0,1.002951e-05,0
img_02857_p01_2023,0,0.00015445039,0
img_02857_p02_2023,0,0.00020357076,0
img_02883_2023,0,0.00013068142,0
img_02815_p01_2023,0,0.000104799394,0
img_02815_p02_2023,0,2.7840955e-05,0
img_02815_p03_2023,0,1.6250426e-05,0
img_02815_p04_2023,0,8.6849344e-05,0
img_02876_2023,0,3.273684e-05,0
img_02881_2023,0,0.000100201025,0
img_02877_2023,0,2.7531778e-05,0
img_02878_2023,0,0.00040383116,0
img_02892_2023,0,8.131374e-05,0
img_02891_2023,0,0.00015106009,0
img_02886_2023,0,3.088129e-05,0
img_02836_p01_2023,0,0.0020824028,0
img_02836_p02_2023,0,0.0007488977,0
img_02836_p03_2023,0,0.0009475604,0
img_02836_p04_2023,0,0.0002614549,0
img_02889_2023,0,0.00027297786,0
img_02902_2023,0,6.655025e-06,0
img_02893_2023,0,6.576047e-05,0
img_02900_2023,0,1.7163233e-05,0
img_02904_2023,0,3.9585016e-06,0
img_02896_2023,0,0.0013431502,0
img_02903_2023,0,3.4407432e-05,0
img_02907_2023,0,0.01711466,0
img_02909_2023,0,6.964712e-05,0
img_02920_2023,0,1.9532758e-05,0
img_02921_2023,0,0.0016090577,0
img_02922_2023,0,2.014813e-05,0
img_02925_2023,0,0.00064476836,0
img_02919_2023,0,2.98231e-05,0
img_02931_2023,0,2.9042754e-05,0
img_02933_2023,0,9.921734e-06,0
img_02913_2023,0,0.00035144732,0
img_02937_2023,0,0.0042175003,0
img_02936_2023,0,0.000299312,0
img_02940_2023,0,1.4702571e-06,0
img_02934_2023,0,2.5559361e-06,0
img_02939_2023,0,8.560694e-06,0
img_02943_2023,0,5.9766688e-05,0
img_02942_2023,0,1.5781328e-05,0
img_02941_2023,0,0.08787732,0
img_02938_2023,0,0.00011735978,0
img_02947_2023,0,7.599908e-06,0
img_02946_2023,0,3.4577522e-05,0
img_02949_2023,0,0.00095674186,0
img_02950_2023,0,3.7801587e-05,0
img_02954_2023,0,0.001359619,0
img_02953_2023,0,0.00036908948,0
img_02948_2023,0,1.833088e-05,0
img_02962_2023,0,8.935206e-05,0
img_02952_2023,0,2.2454251e-05,0
img_02960_2023,0,4.0796927e-05,0
img_02944_2023,0,9.228265e-06,0
img_02959_2023,0,0.00014944914,0
img_02961_2023,0,0.00049012544,0
img_02930_p01_2023,0,8.411249e-06,0
img_02930_p02_2023,0,6.308369e-05,0
img_02958_2023,0,8.662999e-05,0
img_02955_2023,0,9.653517e-06,0
img_02966_2023,0,0.014682516,0
img_02967_2023,0,0.00023559698,0
img_02965_2023,0,5.3196623e-06,0
img_02971_2023,0,0.001954305,0
img_02972_2023,0,7.058351e-05,0
img_02970_2023,0,7.2688417e-06,0
img_02977_2023,0,3.863497e-05,0
img_02981_2023,0,6.5606337e-06,0
img_02973_2023,0,4.821355e-05,0
img_02983_2023,0,8.6568136e-05,0
img_02978_2023,0,2.1137525e-05,0
img_02986_2023,0,0.0007448686,0
img_02984_2023,0,5.012149e-05,0
img_02990_2023,0,4.730307e-05,0
img_02985_2023,0,0.00022372758,0
img_02991_2023,0,0.00028870386,0
img_02988_2023,0,0.0051602987,0
img_02994_2023,0,0.00011605096,0
img_02993_2023,0,9.416825e-05,0
img_02996_2023,0,0.0028655382,0
img_02999_2023,0,0.00010257004,0
img_02796_p01_2023,0,3.5539406e-06,0
img_02796_p02_2023,0,1.3366063e-05,0
img_02796_p03_2023,0,1.8039911e-05,0
img_02796_p04_2023,0,1.314595e-05,0
img_02796_p05_2023,0,3.0864642e-06,0
img_02796_p06_2023,0,8.02689e-05,0
img_02796_p07_2023,0,3.088886e-05,0
img_02796_p08_2023,0,1.0549123e-05,0
img_02796_p09_2023,0,3.5637757e-05,0
img_02995_2023,0,3.607124e-05,0
img_03007_2023,0,0.047477376,0
img_02998_2023,0,5.29442e-05,0
img_03006_2023,0,0.00077481865,0
img_03014_2023,0,0.010661561,0
img_03004_2023,0,3.0941188e-05,0
img_03012_2023,0,0.0008667359,0
img_03018_2023,0,5.5672743e-05,0
img_03023_2023,0,2.7261083e-05,0
img_03020_2023,0,3.324801e-05,0
img_03029_2023,0,6.339983e-05,0
img_03028_2023,0,3.452543e-05,0
img_03030_2023,0,2.3211083e-05,0
img_03026_2023,0,1.0506663e-05,0
img_03031_2023,0,0.00015513822,0
img_03033_2023,0,3.7680296e-05,0
img_03034_2023,0,0.00033786055,0
img_03025_2023,0,0.00017901004,0
img_02976_p01_2023,0,1.6895534e-05,0
img_02976_p02_2023,0,1.46378325e-05,0
img_02976_p03_2023,0,7.716048e-06,0
img_02976_p04_2023,0,1.8227107e-05,0
img_03036_2023,0,1.834571e-05,0
img_03037_2023,0,5.1342868e-06,0
img_03040_2023,0,3.1489566e-05,0
img_03046_2023,0,4.054102e-06,0
img_03044_2023,0,6.4871034e-05,0
img_03047_2023,0,4.7986727e-05,0
img_03051_2023,0,2.5414169e-05,0
img_03056_2023,0,4.462925e-05,0
img_03054_2023,0,0.0005326782,0
img_03057_2023,0,5.3836146e-05,0
img_03052_2023,0,0.00020904407,0
img_03053_2023,0,0.0001781267,0
img_03061_2023,0,1.7855727e-05,0
img_03060_2023,0,4.3439253e-05,0
img_03066_2023,0,3.8059672e-05,0
img_03059_2023,0,0.0002501114,0
img_03068_2023,0,5.3612974e-05,0
img_03070_2023,0,4.4690987e-06,0
img_03072_2023,0,0.0003798789,0
img_03062_2023,0,0.001752229,0
img_03069_2023,0,4.6031553e-05,0
img_03039_p01_2023,0,6.1703818e-06,0
img_03039_p02_2023,0,1.6170132e-05,0
img_03074_2023,0,2.0088119e-05,0
img_03063_2023,0,0.0014744026,0
img_03076_2023,0,6.722699e-06,0
img_03078_2023,0,0.00015991254,0
img_03080_2023,0,1.7930004e-05,0
img_03086_2023,0,0.00022965578,0
img_03084_2023,0,0.0002200482,0
img_03093_2023,0,0.00012408519,0
img_03096_2023,0,1.8781457e-05,0
img_03091_2023,0,2.2050006e-05,0
img_03095_2023,0,2.8349634e-05,0
img_03087_2023,0,0.040545106,0
img_03081_2023,0,0.0005958692,0
img_03100_2023,0,0.00010174048,0
img_03111_2023,0,5.0799063e-05,0
img_03110_2023,0,3.8285975e-06,0
img_03107_2023,0,0.0002606321,0
img_03106_2023,0,0.00033393395,0
img_03117_2023,0,0.0003522594,0
img_03114_2023,0,4.5129385e-05,0
img_03118_2023,0,8.408852e-05,0
img_03121_2023,0,3.6396004e-06,0
img_03122_2023,0,9.222525e-05,0
img_03123_2023,0,1.4400607e-05,0
img_03124_2023,0,5.5021443e-05,0
img_03127_2023,0,6.8920555e-05,0
img_03125_2023,0,2.7668804e-05,0
img_02987_p01_2023,0,3.4408087e-05,0
img_02987_p02_2023,0,0.0003147061,0
img_02987_p03_2023,0,7.001584e-05,0
img_02987_p04_2023,0,0.00021230537,0
img_03137_2023,0,8.4026404e-05,0
img_03134_2023,0,1.0086111e-05,0
img_03132_2023,0,7.77862e-06,0
img_03138_2023,0,6.540311e-05,0
img_03130_2023,0,6.772994e-05,0
img_03136_2023,0,4.1721603e-05,0
img_03141_2023,0,0.0013369923,0
img_03129_2023,0,3.1391282e-05,0
img_03139_2023,0,5.765638e-05,0
img_03126_2023,0,0.00011008537,0
img_03112_2023,0,5.650445e-05,0
img_03108_p01_2023,0,1.7494349e-05,0
img_03108_p02_2023,0,1.6922642e-05,0
img_03143_2023,0,0.003321531,0
img_03147_2023,0,0.00010726914,0
img_03142_2023,0,0.00016319653,0
img_03144_2023,0,9.915539e-06,0
img_03103_p01_2023,0,0.003575641,0
img_03103_p02_2023,0,1.4897423e-05,0
img_03103_p03_2023,0,8.844391e-05,0
img_03103_p04_2023,0,0.0005405835,0
img_03008_p01_2023,0,1.4572619e-05,0
img_03008_p02_2023,0,4.177666e-06,0
img_03008_p03_2023,0,4.3519776e-05,0
img_03008_p04_2023,0,0.0004977213,0
img_03008_p05_2023,0,3.904168e-05,0
img_03008_p06_2023,0,0.11705488,0
img_03008_p07_2023,0,0.0051450464,0
img_03008_p08_2023,0,0.0006658134,0
img_03149_2023,0,5.1261857e-05,0
img_03131_p01_2023,0,0.0001624177,0
img_03131_p02_2023,0,0.00017409606,0
img_03153_2023,0,0.0006163104,0
img_03151_2023,0,4.3258027e-05,0
img_03156_2023,0,4.248617e-06,0
img_03158_2023,0,0.03412977,0
img_03154_2023,0,0.00079775485,0
img_03152_2023,0,0.00010991167,0
img_03159_2023,0,0.00013481396,0
img_03155_2023,0,1.0735824e-05,0
img_03157_2023,0,0.000101501406,0
img_03167_2023,0,4.4682012e-05,0
img_03170_2023,0,0.00014320824,0
img_03162_2023,0,1.7166982e-05,0
img_03169_2023,0,0.00042485687,0
img_03177_2023,0,0.4204156,1
img_03179_2023,0,3.8406153e-05,0
img_03174_2023,0,8.699544e-06,0
img_03182_2023,0,0.017178215,0
img_03181_2023,0,1.7195753e-05,0
img_03176_2023,0,3.3642576e-05,0
img_03184_2023,0,1.538345e-05,0
img_03173_2023,0,0.0010796501,0
img_03178_2023,0,4.0643463e-05,0
img_03185_2023,0,2.369794e-05,0
img_03188_2023,0,0.0030883956,0
img_03187_2023,0,7.106008e-06,0
img_03183_2023,0,5.9419865e-05,0
img_03190_2023,0,0.00015571754,0
img_03199_2023,0,0.00011857521,0
img_03191_2023,0,0.0003791868,0
img_03203_2023,0,0.00073488726,0
img_03204_2023,0,0.0035552816,0
img_03206_2023,0,2.5382367e-05,0
img_03198_2023,0,6.937283e-05,0
img_03201_2023,0,0.00034025754,0
img_03207_2023,0,0.0012353883,0
img_03213_2023,0,1.7314975e-05,0
img_03200_p01_2023,0,0.0021358116,0
img_03200_p02_2023,0,0.00016559481,0
img_03219_2023,0,6.9420416e-06,0
img_03217_2023,0,3.6177415e-05,0
img_03221_2023,0,5.3055446e-05,0
img_03215_2023,0,7.332466e-05,0
img_03225_2023,0,0.14942427,1
img_03226_2023,0,1.197905e-05,0
img_03224_2023,0,0.00015652589,0
img_03229_2023,0,0.0003643635,0
img_03223_2023,0,1.5456448e-05,0
img_03233_2023,0,0.00012716666,0
img_03237_2023,0,8.994072e-05,0
img_03220_p02_2023,0,8.907995e-06,0
img_03241_2023,0,7.727886e-05,0
img_03250_2023,0,2.2945376e-05,0
img_03247_2023,0,1.3803617e-05,0
img_03186_p01_2023,0,3.3969634e-05,0
img_03186_p02_2023,0,7.453276e-06,0
img_03186_p03_2023,0,0.00011056214,0
img_03186_p04_2023,0,8.328888e-05,0
img_03253_2023,0,0.26752028,1
img_03252_2023,0,0.0024701464,0
img_03251_2023,0,0.0025906418,0
img_03257_2023,0,7.174215e-05,0
img_03249_2023,0,0.00019426057,0
img_03265_2023,0,3.3208526e-05,0
img_03261_2023,0,4.555525e-05,0
img_03262_2023,0,0.00011049416,0
img_03263_2023,0,8.570314e-05,0
img_03260_2023,0,8.45661e-05,0
img_03266_2023,0,0.004007614,0
img_03269_2023,0,8.969654e-06,0
img_03275_2023,0,5.311477e-05,0
img_03272_2023,0,1.5038638e-05,0
img_03273_2023,0,3.9194892e-05,0
img_03279_2023,0,0.00014979455,0
img_03277_2023,0,7.5780146e-05,0
img_03276_2023,0,2.6189518e-05,0
img_03285_2023,0,1.3407886e-05,0
img_03282_2023,0,4.4627035e-05,0
img_03281_2023,0,2.014156e-05,0
img_03286_2023,0,0.0002868519,0
img_03287_2023,0,3.8618655e-05,0
img_03284_2023,0,9.393767e-06,0
img_03290_2023,0,5.852005e-06,0
img_03291_2023,0,0.00059747486,0
img_03254_p01_2023,0,7.644387e-06,0
img_03254_p02_2023,0,1.0275452e-05,0
img_03289_2023,0,3.815054e-06,0
img_03296_2023,0,0.00011193666,0
img_03298_2023,0,3.1401043e-05,0
img_03297_2023,0,4.0276453e-05,0
img_03301_2023,0,4.058161e-05,0
img_03303_2023,0,0.00014878598,0
img_03299_2023,0,0.00033155098,0
img_03278_p01_2023,0,3.6007317e-05,0
img_03278_p02_2023,0,2.1247914e-05,0
img_03300_2023,0,0.0001964539,0
img_03306_2023,0,4.91417e-05,0
img_03309_2023,0,5.0534873e-06,0
img_03310_2023,0,6.040848e-06,0
img_03311_2023,0,0.00077750755,0
img_03313_2023,0,1.2461511e-05,0
img_03312_2023,0,2.491866e-05,0
img_03319_2023,0,1.1204143e-05,0
img_03321_2023,0,0.006782819,0
img_03316_2023,0,7.7264565e-05,0
img_03317_2023,0,0.0012916236,0
img_03308_2023,0,1.6532922e-05,0
img_03314_2023,0,1.1166489e-05,0
img_03323_2023,0,5.8793314e-05,0
img_03326_2023,0,3.8564663e-06,0
img_03336_2023,0,1.0924998e-05,0
img_03328_2023,0,0.00052483345,0
img_03327_2023,0,1.401583e-05,0
img_03335_2023,0,0.00017279763,0
img_03325_2023,0,3.4098553e-05,0
img_03332_2023,0,6.062779e-06,0
img_03330_2023,0,0.00011913748,0
img_03337_2023,0,0.0013191961,0
img_03324_2023,0,2.630915e-05,0
img_03333_2023,0,0.001576038,0
img_03334_2023,0,0.00018381367,0
img_03339_2023,0,2.9962586e-05,0
img_03338_2023,0,4.4706645e-05,0
img_03258_p01_2023,0,1.7892171e-05,0
img_03258_p02_2023,0,2.8562277e-05,0
img_03343_2023,0,1.572862e-05,0
img_03345_2023,0,1.5427804e-05,0
img_03344_2023,0,0.0004277713,0
img_03347_2023,0,9.7049495e-05,0
img_03342_2023,0,2.4547762e-05,0
img_03346_2023,0,0.0006288835,0
img_03352_2023,0,0.002040577,0
img_03353_2023,0,5.913265e-05,0
img_03351_2023,0,0.00012575388,0
img_03350_2023,0,0.00010076992,0
img_03348_2023,0,0.00010969628,0
img_03349_2023,0,3.8693266e-05,0
img_03354_2023,0,0.000735861,0
img_03357_2023,0,0.00014850902,0
img_03359_2023,0,4.8730635e-06,0
img_03365_2023,0,1.1860251e-05,0
img_03364_2023,0,7.814673e-06,0
img_03366_2023,0,0.00047324086,0
img_03360_2023,0,6.3391e-05,0
img_03368_2023,0,0.00012043883,0
img_03373_2023,0,3.4349596e-06,0
img_03362_2023,0,0.0002498609,0
img_03372_2023,0,7.769374e-06,0
img_03375_2023,0,0.0002942746,0
img_03376_2023,0,3.423439e-05,0
img_03379_2023,0,0.00045840183,0
img_03380_2023,0,1.5399377e-05,0
img_03378_2023,0,0.00034468048,0
img_03374_2023,0,7.069669e-05,0
img_03377_2023,0,1.5046084e-05,0
img_03381_2023,0,3.0465171e-06,0
img_03363_2023,0,5.631386e-05,0
img_03386_2023,0,2.1699798e-05,0
img_03384_2023,0,0.00012534516,0
img_03388_2023,0,1.2999535e-06,0
img_03389_2023,0,5.393028e-05,0
img_03395_2023,0,0.012953189,0
img_03387_2023,0,0.033039995,0
img_03391_2023,0,1.2946229e-05,0
img_03385_2023,0,1.4422006e-05,0
img_03396_2023,0,1.7966291e-05,0
img_03398_2023,0,0.4922723,1
img_03280_p01_2023,0,0.0025770024,0
img_03280_p02_2023,0,0.00068386464,0
img_03280_p03_2023,0,0.00016192379,0
img_03280_p04_2023,0,1.32622645e-05,0
img_03280_p05_2023,0,4.8414477e-05,0
img_03280_p06_2023,0,7.704113e-05,0
img_03399_2023,0,4.2331903e-05,0
img_03401_2023,0,2.6340202e-05,0
img_03404_2023,0,0.00018230105,0
img_03400_2023,0,1.7569537e-05,0
img_03407_2023,0,2.9779561e-05,0
img_03402_2023,0,7.5284993e-06,0
img_03414_2023,0,0.00026495758,0
img_03409_2023,0,0.00023101672,0
img_03410_2023,0,1.8235593e-05,0
img_03415_2023,0,0.0002587891,0
img_03416_2023,0,0.00019312126,0
img_03420_2023,0,0.00016625851,0
img_03418_2023,0,2.3473509e-05,0
img_03423_2023,0,6.196877e-05,0
img_03406_p01_2023,0,3.090704e-05,0
img_03425_2023,0,6.0430863e-05,0
img_03419_2023,0,0.0015619784,0
img_03413_2023,0,0.0005300541,0
img_03422_2023,0,6.875822e-05,0
img_03370_p01_2023,0,5.982149e-05,0
img_03370_p02_2023,0,7.799559e-05,0
img_03370_p03_2023,0,3.2949225e-05,0
img_03370_p04_2023,0,4.411004e-05,0
img_03426_2023,0,4.7342513e-05,0
img_03427_2023,0,5.950549e-05,0
img_03438_2023,0,1.37786155e-05,0
img_03437_2023,0,1.9296878e-05,0
img_03434_2023,0,0.00015098894,0
img_03443_2023,0,5.2060732e-05,0
img_03442_2023,0,2.1902299e-05,0
img_03433_2023,0,6.92962e-05,0
img_03429_p01_2023,0,2.5613433e-06,0
img_03429_p02_2023,0,1.2876378e-05,0
img_03446_2023,0,6.8058514e-05,0
img_03382_p01_2023,0,0.00014493299,0
img_03382_p02_2023,0,0.0006143885,0
img_03382_p03_2023,0,0.00014851794,0
img_03382_p04_2023,0,0.0009865231,0
img_03382_p05_2023,0,1.4397957e-05,0
img_03430_p01_2023,0,0.00010167559,0
img_03430_p02_2023,0,1.2859456e-05,0
img_03450_2023,0,1.5896419e-06,0
img_03448_2023,0,3.2986845e-06,0
img_03451_2023,0,3.7154306e-05,0
img_03455_2023,0,0.0006525991,0
img_03454_2023,0,3.095001e-05,0
img_03459_2023,0,3.0236537e-05,0
img_03460_2023,0,0.0001020333,0
img_03458_2023,0,6.467332e-05,0
img_03283_p01_2023,0,2.0892743e-05,0
img_03283_p02_2023,0,4.988001e-06,0
img_03283_p03_2023,0,5.115642e-05,0
img_03283_p04_2023,0,6.695968e-05,0
img_03283_p05_2023,0,0.00014197544,0
img_03283_p06_2023,0,1.0739142e-05,0
img_03457_2023,0,0.000102111655,0
img_03453_2023,0,7.688033e-05,0
img_03465_2023,0,0.00010067761,0
img_03468_2023,0,0.0013723784,0
img_03462_2023,0,9.516358e-05,0
img_03467_2023,0,0.00017235942,0
img_03478_2023,0,0.0022930729,0
img_03475_2023,0,1.2330646e-05,0
img_03469_2023,0,5.397949e-06,0
img_03479_2023,0,2.6182275e-05,0
img_03483_2023,0,0.0022185757,0
img_03487_2023,0,4.9707236e-05,0
img_03484_2023,0,1.0241162e-05,0
img_03488_2023,0,0.00010016243,0
img_03490_2023,0,0.0011574726,0
img_03489_2023,0,5.8765458e-05,0
img_03491_2023,0,0.00043676238,0
img_03493_2023,0,0.00015387622,0
img_03421_p01_2023,0,7.663198e-05,0
img_03421_p02_2023,0,0.0014522674,0
img_03421_p03_2023,0,0.00023200098,0
img_03421_p04_2023,0,0.00013508472,0
img_03421_p05_2023,0,1.356341e-05,0
img_03499_2023,0,0.00035217378,0
img_03495_2023,0,1.4745786e-05,0
img_03498_2023,0,1.927591e-05,0
img_03500_2023,0,1.4744746e-05,0
img_03503_2023,0,7.062654e-05,0
img_03505_2023,0,4.4197504e-06,0
img_03504_2023,0,0.00011848728,0
img_03502_2023,0,3.3388766e-05,0
img_03501_2023,0,4.0836406e-07,0
img_03514_2023,0,2.4653124e-05,0
img_03511_2023,0,6.2523715e-05,0
img_03482_p01_2023,0,3.2264127e-06,0
img_03482_p02_2023,0,3.2705086e-06,0
img_03482_p03_2023,0,5.0435838e-06,0
img_03519_2023,0,5.2027226e-05,0
img_03515_2023,0,4.4270808e-05,0
img_03512_2023,0,3.8184935e-06,0
img_03516_2023,0,1.9671803e-05,0
img_03520_2023,0,3.891987e-06,0
img_03524_2023,0,9.638178e-05,0
img_03525_2023,0,1.8037055e-05,0
img_03510_2023,0,0.00035225437,0
img_03527_2023,0,7.924528e-05,0
img_03526_2023,0,8.034198e-06,0
img_03535_2023,0,0.9772184,1
img_03509_p01_2023,0,0.00012459466,0
img_03509_p02_2023,0,0.0005277163,0
img_03536_2023,0,2.1344054e-05,0
img_03537_2023,0,6.677234e-05,0
img_03538_2023,0,7.80721e-06,0
img_03544_2023,0,3.5923608e-06,0
img_03547_2023,0,2.3128665e-05,0
img_03543_2023,0,0.68578136,1
img_03546_2023,0,0.0004715363,0
img_03553_2023,0,6.33528e-05,0
img_03552_2023,0,0.17547883,1
img_03550_2023,0,1.2691187e-06,0
img_03530_p01_2023,0,0.008068897,0
img_03530_p02_2023,0,5.940114e-06,0
img_03554_2023,0,0.001780893,0
img_03555_2023,0,0.00016866256,0
img_03560_2023,0,0.00058030046,0
img_03559_2023,0,0.00044997298,0
img_03558_2023,0,0.00017958344,0
img_03507_p01_2023,0,4.610347e-05,0
img_03507_p02_2023,0,0.0012814916,0
img_03507_p04_2023,0,9.6143296e-05,0
img_03566_2023,0,6.899125e-05,0
img_03571_2023,0,0.00046056948,0
img_03565_2023,0,0.00017222931,0
img_03568_2023,0,0.0001485253,0
img_03570_2023,0,0.3447779,1
img_03572_2023,0,0.00086447434,0
img_03564_2023,0,0.00018301462,0
img_03575_2023,0,0.0009909959,0
img_03574_2023,0,4.272094e-05,0
img_03576_2023,0,5.070875e-05,0
img_03506_p01_2023,0,0.000501015,0
img_03506_p02_2023,0,0.00021414792,0
img_03506_p03_2023,0,0.00028249103,0
img_03506_p04_2023,0,7.8277015e-05,0
img_03577_2023,0,1.7673625e-05,0
img_03585_2023,0,1.9635796e-05,0
img_03587_2023,0,7.937009e-06,0
img_03529_p01_2023,0,1.53437e-05,0
img_03592_2023,0,0.0002219484,0
img_03580_2023,0,0.0007468509,0
img_03591_2023,0,0.00060204876,0
img_03590_2023,0,0.012422416,0
img_03579_2023,0,0.46040022,1
img_03594_2023,0,0.000113766866,0
img_03599_2023,0,0.0050779986,0
img_03607_2023,0,0.000939119,0
img_03606_2023,0,0.0062276167,0
img_03608_2023,0,0.00038493908,0
img_03610_2023,0,2.1255391e-05,0
img_03602_2023,0,6.179586e-06,0
img_03603_2023,0,6.8253044e-05,0
img_03619_2023,0,0.00013537948,0
img_03597_2023,0,0.0010590254,0
img_03620_2023,0,0.00024613427,0
img_03611_2023,0,5.927577e-05,0
img_03623_2023,0,0.13236412,1
img_03614_2023,0,0.0006934085,0
img_03621_2023,0,0.023310231,0
img_03617_2023,0,1.2926305e-05,0
img_03628_2023,0,2.0690994e-05,0
img_03545_p01_2023,0,1.1617675e-05,0
img_03545_p02_2023,0,9.107064e-06,0
img_03545_p03_2023,0,4.476158e-06,0
img_03545_p04_2023,0,4.454342e-06,0
img_03630_2023,0,4.4272974e-06,0
img_03627_2023,0,6.3759767e-06,0
img_03636_2023,0,7.7711025e-05,0
img_03637_2023,0,0.00022543075,0
img_03631_2023,0,4.0550043e-05,0
img_03640_2023,0,0.00014335252,0
img_03629_2023,0,0.00018136241,0
img_03638_2023,0,0.002981034,0
img_03643_2023,0,2.9810504e-05,0
img_03648_2023,0,0.00061556336,0
img_03649_2023,0,0.00010809274,0
img_03647_2023,0,0.002729719,0
img_03655_2023,0,0.0004261963,0
img_03659_2023,0,1.8073471e-05,0
img_03661_2023,0,0.0013225746,0
img_03653_2023,0,0.0001948345,0
img_03665_2023,0,0.00011000739,0
img_03645_2023,0,0.00049535744,0
img_03662_2023,0,0.46757725,1
img_03664_2023,0,0.035918597,0
img_03654_2023,0,4.6367888e-05,0
img_03658_2023,0,0.00010251186,0
img_03667_2023,0,4.6277288e-05,0
img_03672_2023,0,7.006299e-05,0
img_03668_2023,0,7.793344e-05,0
img_03676_2023,0,6.0176455e-05,0
img_03674_2023,0,0.00025682495,0
img_03671_2023,0,4.3144897e-05,0
img_03684_2023,0,7.315564e-05,0
img_03680_2023,0,4.575714e-05,0
img_03666_2023,0,0.037378907,0
img_03681_2023,0,2.5136478e-06,0
img_03687_2023,0,0.0001991064,0
img_03682_2023,0,0.00038948448,0
img_03689_2023,0,0.010832976,0
img_03686_2023,0,0.00038735018,0
img_03683_2023,0,6.104325e-05,0
img_03696_2023,0,0.004942221,0
img_03700_2023,0,0.0014130285,0
img_03694_2023,0,0.00016162067,0
img_03698_2023,0,4.3021024e-05,0
img_03703_2023,0,6.493373e-05,0
img_03693_2023,0,0.00042007494,0
img_03710_2023,0,0.004440767,0
img_03690_2023,0,3.091243e-05,0
img_03706_2023,0,4.9379636e-05,0
img_03709_2023,0,0.00030921592,0
img_03702_2023,0,1.3356023e-06,0
img_03715_2023,0,4.6292782e-05,0
img_03714_2023,0,0.00027641762,0
img_03719_2023,0,0.001754515,0
img_03720_2023,0,0.00013271035,0
img_03723_2023,0,0.02494034,0
img_03727_2023,0,0.0003154351,0
img_03721_2023,0,0.00021123199,0
img_03726_2023,0,4.8556427e-05,0
img_03713_2023,0,7.454343e-05,0
img_03733_2023,0,2.23869e-05,0
img_03728_2023,0,0.00013576822,0
img_03722_2023,0,0.00028410213,0
img_03736_2023,0,0.0010111507,0
img_03740_2023,0,0.00019858239,0
img_03743_2023,0,2.1888141e-05,0
img_03746_2023,0,0.00060684566,0
img_03745_2023,0,2.605214e-05,0
img_03738_2023,0,3.2016782e-05,0
img_03718_2023,0,1.5636388e-05,0
img_03750_2023,0,0.0001849432,0
img_03752_2023,0,0.0274872,0
img_03754_2023,0,7.744481e-06,0
img_03758_2023,0,0.00016753896,0
img_03734_2023,0,0.0077139703,0
img_03753_2023,0,0.0013562132,0
img_03756_2023,0,0.00014678469,0
img_03760_2023,0,6.2086306e-06,0
img_03764_2023,0,2.3042715e-07,0
img_03768_2023,0,0.0004959525,0
img_03769_2023,0,0.28098354,1
img_03765_2023,0,9.106461e-05,0
img_03772_2023,0,3.0850646e-05,0
img_03771_2023,0,0.0002372882,0
img_03774_2023,0,0.0005526435,0
img_03775_2023,0,1.6034262e-05,0
img_03776_2023,0,6.2728504e-05,0
img_03779_2023,0,0.00026041898,0
img_03778_2023,0,0.00017600233,0
img_03773_2023,0,0.0005148918,0
img_03786_2023,0,0.00075312133,0
img_03783_2023,0,2.9514025e-05,0
img_03749_p01_2023,0,7.815566e-05,0
img_03749_p02_2023,0,0.00013543927,0
img_03796_2023,0,0.024102641,0
img_03784_2023,0,0.000113067574,0
img_03800_2023,0,0.00042271515,0
img_03785_2023,0,0.00027089388,0
img_03804_2023,0,7.056501e-05,0
img_03807_2023,0,0.00012774968,0
img_03808_2023,0,4.087676e-05,0
img_03810_2023,0,0.0124137495,0
img_03813_2023,0,3.412861e-05,0
img_03811_2023,0,0.00029532152,0
img_03819_2023,0,1.8773488e-05,0
img_03817_2023,0,0.00013968228,0
img_03787_p01_2023,0,0.000919651,0
img_03787_p02_2023,0,0.00044238416,0
img_03814_2023,0,6.0606362e-05,0
img_03820_2023,0,0.10916471,0
img_03821_2023,0,3.274099e-05,0
img_03797_2023,0,6.8289235e-05,0
img_03826_2023,0,7.287352e-05,0
img_03829_2023,0,0.000241978,0
img_03822_2023,0,0.007966471,0
img_03830_2023,0,2.1862543e-05,0
img_03824_2023,0,0.0025322034,0
img_03818_2023,0,0.0052528135,0
img_03836_2023,0,0.010411709,0
img_03832_2023,0,0.00025278592,0
img_03834_2023,0,0.00033138288,0
img_03831_2023,0,1.0091691e-05,0
img_03835_2023,0,2.117808e-05,0
img_03838_2023,0,9.875425e-05,0
img_03827_2023,0,7.0928174e-05,0
img_03854_2023,0,9.65237e-05,0
img_03849_2023,0,0.0002088106,0
img_03848_2023,0,7.279274e-05,0
img_03847_2023,0,0.001060217,0
img_03853_2023,0,9.704719e-06,0
img_03858_2023,0,3.402472e-05,0
img_03851_2023,0,1.3145211e-05,0
img_03857_2023,0,0.0011148885,0
img_03861_2023,0,0.0004750612,0
img_03860_2023,0,0.00054297235,0
img_03844_2023,0,0.00027619264,0
img_03862_2023,0,5.2911364e-06,0
img_03875_2023,0,2.4295964e-06,0
img_03871_2023,0,0.00026712805,0
img_03876_2023,0,0.00011017117,0
img_03882_2023,0,0.00063396385,0
img_03877_2023,0,0.00017527632,0
img_03879_2023,0,0.0011810552,0
img_03883_2023,0,4.8418402e-05,0
img_03886_2023,0,0.000423666,0
img_03865_2023,0,0.00052099203,0
img_03890_2023,0,1.3857034e-05,0
img_03887_2023,0,0.00017319617,0
img_03893_2023,0,0.00018575457,0
img_03889_2023,0,1.930056e-05,0
img_03888_2023,0,5.0739804e-05,0
img_03885_2023,0,6.009468e-05,0
img_03892_2023,0,7.2304015e-06,0
img_03894_2023,0,1.6964863e-05,0
img_03899_2023,0,2.2112717e-05,0
img_03903_2023,0,0.0015698853,0
img_03905_2023,0,2.862734e-05,0
img_03900_2023,0,0.0007899797,0
img_03806_p01_2023,0,0.0003728527,0
img_03806_p02_2023,0,0.00083309924,0
img_03806_p03_2023,0,0.00058727426,0
img_03806_p04_2023,0,5.9635524e-05,0
img_03904_2023,0,0.0015253644,0
img_03912_2023,0,7.290146e-05,0
img_03902_2023,0,0.00016539109,0
img_03911_2023,0,1.1322966e-05,0
img_03908_2023,0,0.00037855416,0
img_03919_2023,0,0.00073590095,0
img_03922_2023,0,0.00050200406,0
img_03901_p01_2023,0,5.1233706e-05,0
img_03901_p02_2023,0,0.00023028748,0
img_03920_2023,0,5.1967154e-06,0
img_03921_2023,0,4.9140996e-05,0
img_03930_2023,0,0.043501545,0
img_03931_2023,0,0.002681344,0
img_03941_2023,0,0.00017463905,0
img_03938_2023,0,0.016229732,0
img_03933_2023,0,7.296447e-05,0
img_03936_2023,0,0.033977617,0
img_03949_2023,0,2.4150859e-05,0
img_03946_2023,0,0.00042121517,0
img_03872_p01_2023,0,7.5628974e-05,0
img_03872_p02_2023,0,0.00028494847,0
img_03872_p03_2023,0,0.00012733169,0
img_03872_p04_2023,0,0.0010586799,0
img_03872_p05_2023,0,0.00025814076,0
img_03956_2023,0,1.43725765e-05,0
img_03945_2023,0,0.00032531022,0
img_03961_2023,0,3.965148e-05,0
img_03960_2023,0,0.00019640257,0
img_03959_2023,0,3.5380737e-05,0
img_03967_2023,0,0.0013136601,0
img_03962_2023,0,3.7538484e-05,0
img_03965_2023,0,0.00023848804,0
img_03970_2023,0,0.00090870477,0
img_03963_2023,0,0.00012457684,0
img_03968_2023,0,0.0009332018,0
img_03972_2023,0,0.00017544888,0
img_03973_2023,0,0.00023497893,0
img_03950_p01_2023,0,0.00016334535,0
img_03950_p02_2023,0,3.6562155e-06,0
img_03974_2023,0,2.484574e-05,0
img_03977_2023,0,0.00021738642,0
img_03976_2023,0,0.00011141941,0
img_03983_2023,0,0.0028838972,0
img_03978_2023,0,3.6159516e-05,0
img_03985_2023,0,1.44283895e-05,0
img_03984_2023,0,0.00025798377,0
img_03980_2023,0,0.00031957144,0
img_03987_2023,0,0.0072986726,0
img_03991_2023,0,0.0012975532,0
img_03992_2023,0,0.026541796,0
img_03999_2023,0,7.432935e-05,0
img_03986_2023,0,0.00050605263,0
img_04000_2023,0,0.00013102317,0
img_04002_2023,0,4.6465935e-05,0
img_04006_2023,0,0.0032493982,0
img_04005_2023,0,5.950027e-05,0
img_04007_2023,0,4.264893e-05,0
img_04003_2023,0,0.003200779,0
img_04009_2023,0,1.5748177e-05,0
img_04012_2023,0,3.8728263e-05,0
img_04011_2023,0,7.781084e-05,0
img_04010_2023,0,0.00035500128,0
img_03971_p01_2023,0,0.00019548541,0
img_03971_p02_2023,0,0.01771498,0
img_03997_p01_2023,0,0.00048180032,0
img_03997_p02_2023,0,8.009037e-05,0
img_04017_2023,0,0.0014322242,0
img_04018_2023,0,2.8288547e-05,0
img_04023_2023,0,1.6758668e-05,0
img_04020_2023,0,0.00021952197,0
img_04027_2023,0,8.4193955e-05,0
img_04025_2023,0,0.009933253,0
img_04022_2023,0,0.00026249874,0
img_04015_2023,0,0.000130522,0
img_04031_2023,0,0.015797114,0
img_04019_2023,0,0.0036509375,0
img_03926_p01_2023,0,2.1288499e-05,0
img_03926_p02_2023,0,5.4643962e-05,0
img_03926_p03_2023,0,6.7588764e-05,0
img_03926_p04_2023,0,0.00012246023,0
img_03926_p05_2023,0,6.4753517e-06,0
img_03926_p06_2023,0,2.8416163e-05,0
img_03937_p01_2023,0,3.3903874e-05,0
img_03937_p02_2023,0,3.7032165e-05,0
img_03937_p03_2023,0,5.7312285e-05,0
img_03937_p04_2023,0,6.3331056e-05,0
img_03937_p05_2023,0,2.7638953e-05,0
img_04035_2023,0,0.0009217287,0
img_04038_2023,0,4.3565535e-05,0
img_04036_2023,0,0.00076659484,0
img_04042_2023,0,0.00035995722,0
img_04033_2023,0,3.5111272e-05,0
img_04044_2023,0,7.796942e-05,0
img_04041_2023,0,0.00013592625,0
img_04046_2023,0,2.7531989e-05,0
img_04048_2023,0,6.261763e-05,0
img_04054_2023,0,2.9652417e-06,0
img_04047_2023,0,0.00019230395,0
img_03998_p01_2023,0,0.00010346387,0
img_03998_p02_2023,0,8.116461e-05,0
img_03998_p03_2023,0,8.171943e-05,0
img_03998_p04_2023,0,3.728617e-05,0
img_04061_2023,0,2.11321e-05,0
img_04056_2023,0,0.00016329646,0
img_04052_2023,0,2.4102817e-05,0
img_04059_2023,0,0.020220267,0
img_04063_2023,0,0.0015116892,0
img_04067_2023,0,5.8786478e-05,0
img_04064_2023,0,0.0002337729,0
img_04065_2023,0,1.9248613e-05,0
img_04072_2023,0,3.171439e-05,0
img_04074_2023,0,0.0002991163,0
img_04075_2023,0,0.03074418,0
img_04050_p01_2023,0,1.2439307e-05,0
img_04050_p02_2023,0,4.6049686e-06,0
img_04073_2023,0,0.0001617252,0
img_04078_2023,0,0.0018313123,0
img_04081_2023,0,0.00032100445,0
img_03825_p05_2023,0,0.00019430948,0
img_03825_p06_2023,0,0.00019324763,0
img_03825_p07_2023,0,1.2840694e-05,0
img_03825_p08_2023,0,1.36837425e-05,0
img_03825_p09_2023,0,6.4068736e-05,0
img_03825_p11_2023,0,5.1153544e-05,0
img_03825_p12_2023,0,0.00012958239,0
img_03825_p13_2023,0,0.00012356766,0
img_03825_p14_2023,0,5.2855215e-05,0
img_04091_2023,0,4.2210886e-05,0
img_04095_2023,0,0.0005653686,0
img_04096_2023,0,0.0003797933,0
img_04094_2023,0,0.0011042173,0
img_04093_2023,0,5.4138818e-05,0
img_04099_2023,0,8.338695e-05,0
img_03969_p01_2023,0,0.014645787,0
img_03969_p02_2023,0,0.005854677,0
img_03969_p03_2023,0,0.0019744807,0
img_03969_p04_2023,0,0.00013219277,0
img_03969_p05_2023,0,0.00019330236,0
img_03969_p06_2023,0,0.01715888,0
img_03969_p07_2023,0,0.009634185,0
img_03969_p08_2023,0,0.00017091824,0
img_04106_2023,0,0.00011792685,0
img_04030_p01_2023,0,4.1040654e-05,0
img_04030_p02_2023,0,2.7106062e-05,0
img_04030_p03_2023,0,6.141805e-05,0
img_04030_p04_2023,0,1.7079763e-05,0
img_04097_2023,0,5.6573524e-05,0
img_04102_2023,0,0.0004275917,0
img_04107_2023,0,0.0005508303,0
img_04108_2023,0,0.0004153308,0
img_04103_2023,0,8.570159e-05,0
img_04112_2023,0,0.00012382172,0
img_04100_2023,0,0.00057785155,0
img_04115_2023,0,7.789287e-05,0
img_04116_2023,0,6.6098524e-05,0
img_04117_2023,0,1.3622144e-05,0
img_04122_2023,0,0.003962739,0
img_04123_2023,0,0.00031023848,0
img_04126_2023,0,0.00022043563,0
img_04087_p01_2023,0,0.0001159858,0
img_04087_p02_2023,0,0.0006927384,0
img_04125_2023,0,7.295431e-05,0
img_04130_2023,0,0.00031509396,0
img_04135_2023,0,0.00010975206,0
img_04131_2023,0,0.060178187,0
img_04129_2023,0,0.00070212054,0
img_04133_2023,0,0.11015279,0
img_04143_2023,0,0.000106441556,0
img_04141_2023,0,0.00010697667,0
img_04128_2023,0,7.7095436e-05,0
img_04139_2023,0,0.0002257678,0
img_04142_2023,0,0.0001307102,0
img_04132_2023,0,0.00024660878,0
img_04147_2023,0,0.00016367449,0
img_04136_2023,0,0.0050525023,0
img_04155_2023,0,3.303244e-05,0
img_04146_2023,0,0.00077537436,0
img_04157_2023,0,0.00998629,0
img_04154_2023,0,0.000697532,0
img_04162_2023,0,2.289244e-06,0
img_04159_2023,0,0.0002913509,0
img_04165_2023,0,2.9706678e-06,0
img_04167_2023,0,0.038770773,0
img_04163_2023,0,4.8304308e-05,0
img_04150_2023,0,4.628303e-06,0
img_04153_2023,0,9.615285e-06,0
img_04151_2023,0,0.021511635,0
img_04169_2023,0,3.219218e-05,0
img_04172_2023,0,0.0026010703,0
img_04175_2023,0,4.4224602e-05,0
img_04180_2023,0,0.004706397,0
img_04182_2023,0,0.0006437773,0
img_04177_2023,0,0.00029918874,0
img_04184_2023,0,0.00096564135,0
img_04152_p01_2023,0,0.0002342171,0
img_04152_p02_2023,0,1.2525325e-05,0
img_04185_2023,0,0.006272366,0
img_04201_2023,0,5.2728965e-06,0
img_04190_2023,0,1.8705114e-05,0
img_04197_2023,0,3.4125227e-05,0
img_04111_p01_2023,0,5.2344976e-06,0
img_04111_p02_2023,0,3.592171e-05,0
img_04111_p03_2023,0,2.2661394e-05,0
img_04111_p04_2023,0,5.8732625e-05,0
img_04204_2023,0,0.0017453424,0
img_04198_2023,0,0.00032053655,0
img_04199_2023,0,0.019021507,0
img_04208_2023,0,6.2956938e-06,0
img_04214_2023,0,0.00023135685,0
img_04211_2023,0,0.0021338388,0
img_04216_2023,0,8.226855e-05,0
img_04218_2023,0,0.016227853,0
img_04215_2023,0,0.00024336322,0
img_04220_2023,0,2.180859e-05,0
img_04210_2023,0,0.0007176248,0
img_04224_2023,0,0.0001316132,0
img_04228_2023,0,0.0007685573,0
img_04225_2023,0,0.0026535655,0
img_04235_2023,0,1.0003509e-05,0
img_04234_2023,0,4.106606e-05,0
img_04232_2023,0,1.924641e-05,0
img_04229_2023,0,4.67399e-06,0
img_04239_2023,0,0.00024511953,0
img_04236_2023,0,0.00010978084,0
img_04227_2023,0,4.5064833e-05,0
img_04213_2023,0,0.0006123862,0
img_04242_2023,0,0.0004263243,0
img_04245_2023,0,7.530169e-05,0
img_04243_2023,0,0.00082363054,0
img_04209_p01_2023,0,2.2357031e-05,0
img_04209_p02_2023,0,0.00026067908,0
img_04247_2023,0,3.6446374e-05,0
img_04249_2023,0,0.0010129146,0
img_04248_2023,0,0.00023527307,0
img_04244_2023,0,6.0369235e-05,0
img_04251_2023,0,0.00064024987,0
img_04255_2023,0,0.001176673,0
img_04246_2023,0,0.0001410764,0
img_04254_2023,0,1.3415393e-05,0
img_04262_2023,0,9.804208e-05,0
img_04259_2023,0,0.00019505496,0
img_04261_2023,0,0.00021370468,0
img_04266_2023,0,4.138474e-05,0
img_04263_2023,0,0.00025304826,0
img_04270_2023,0,0.00023477044,0
img_04280_2023,0,0.00013884634,0
img_04275_2023,0,2.731383e-05,0
img_04276_2023,0,0.00025724276,0
img_04278_2023,0,7.815432e-05,0
img_04274_2023,0,0.00469065,0
img_04283_2023,0,0.039534897,0
img_04279_2023,0,0.00024256103,0
img_04281_2023,0,6.9095404e-05,0
img_04290_2023,0,2.0982081e-06,0
img_04288_2023,0,1.1357433e-05,0
img_04287_2023,0,0.0008013865,0
img_04292_2023,0,2.1768341e-05,0
img_04286_2023,0,0.00019628051,0
img_04291_2023,0,2.9624933e-05,0
img_04296_2023,0,0.00131981,0
img_04295_2023,0,9.755098e-05,0
img_04289_2023,0,4.0581457e-05,0
img_04297_2023,0,0.75135404,1
img_04302_2023,0,8.88833e-05,0
img_04299_2023,0,0.001878142,0
img_04294_2023,0,0.00011644447,0
img_04298_2023,0,0.00040619305,0
img_04310_2023,0,0.00092202734,0
img_04320_2023,0,0.00018496418,0
img_04315_2023,0,0.04187754,0
img_04317_2023,0,0.0040749265,0
img_04323_2023,0,8.259729e-05,0
img_04324_2023,0,6.0261966e-05,0
img_04322_2023,0,4.217601e-06,0
img_04326_2023,0,0.00015179272,0
img_04312_2023,0,0.00013580525,0
img_04332_2023,0,0.0004979752,0
img_04335_2023,0,0.0010134546,0
img_04340_2023,0,0.0002616766,0
img_04342_2023,0,0.010094208,0
img_04300_p01_2023,0,8.949148e-06,0
img_04300_p02_2023,0,0.00038856958,0
img_04343_2023,0,0.000548405,0
img_04344_2023,0,0.0032384852,0
img_04352_2023,0,3.6430807e-05,0
img_04354_2023,0,0.00029592976,0
img_04357_2023,0,5.6264857e-05,0
img_04358_2023,0,0.008160188,0
img_04363_2023,0,3.1946784e-05,0
img_04360_2023,0,0.0004069634,0
img_04381_2023,0,7.446322e-05,0
img_04378_2023,0,0.00010507187,0
img_04383_2023,0,9.378712e-06,0
img_04371_2023,0,0.00018593442,0
img_04385_2023,0,1.91231e-05,0
img_04379_2023,0,0.0006376855,0
img_04388_2023,0,0.0011115458,0
img_04386_2023,0,0.001166983,0
img_04390_2023,0,0.004133976,0
img_04389_2023,0,0.00024143,0
img_04336_p01_2023,0,4.5556077e-05,0
img_04336_p02_2023,0,0.0004956947,0
img_04394_2023,0,0.00017910906,0
img_04392_2023,0,0.0013383273,0
img_04400_2023,0,0.00014689054,0
img_04384_p01_2023,0,1.7518322e-06,0
img_04405_2023,0,0.00779381,0
img_04399_2023,0,0.11056959,0
img_04407_2023,0,0.00010700474,0
img_04403_2023,0,5.3370563e-06,0
img_04408_2023,0,0.01733762,0
img_04409_2023,0,0.005301402,0
img_04413_2023,0,0.008765115,0
img_04418_2023,0,0.00010491079,0
img_04424_2023,0,4.0568106e-05,0
img_04421_2023,0,0.00011309722,0
img_04425_2023,0,7.5840006e-05,0
img_04430_2023,0,0.00033481407,0
img_04428_2023,0,0.00035009414,0
img_04436_2023,0,0.0005574551,0
img_04432_2023,0,0.00024508353,0
img_04434_2023,0,0.0011151194,0
img_04438_2023,0,0.0006874927,0
img_04449_2023,0,0.0004581969,0
img_04450_2023,0,2.362217e-05,0
img_04447_2023,0,0.0008441656,0
img_04451_2023,0,0.00022939908,0
img_04453_2023,0,5.5051092e-05,0
img_04439_2023,0,0.0016757947,0
img_04458_2023,0,0.0006890597,0
img_04474_2023,0,0.001071618,0
img_04461_2023,0,0.025484296,0
img_04480_2023,0,2.0265294e-05,0
img_04481_2023,0,0.00012306603,0
img_04475_2023,0,0.00038421387,0
img_04482_2023,0,0.00015674693,0
img_04462_2023,0,3.455399e-05,0
img_04479_2023,0,1.0204418e-05,0
img_04486_2023,0,0.00068075344,0
img_04492_2023,0,0.0020452442,0
img_04491_2023,0,9.411376e-05,0
img_04490_2023,0,0.0006021564,0
img_04505_2023,0,0.16637902,1
img_04500_2023,0,0.0011905159,0
img_04502_2023,0,0.0012923152,0
img_04495_2023,0,0.0001212755,0
img_04513_2023,0,0.06831785,0
img_04503_2023,0,0.0006398128,0
img_04509_2023,0,0.00069696986,0
img_04512_2023,0,0.013144353,0
img_04520_2023,0,2.1124002e-05,0
img_04521_2023,0,0.018702611,0
img_04530_2023,0,0.00013171954,0
img_04525_2023,0,0.00012972493,0
img_04529_2023,0,0.0010499841,0
img_04528_2023,0,7.614313e-05,0
img_04522_2023,0,0.0013675973,0
img_04533_2023,0,0.07656125,0
img_04527_2023,0,0.026893074,0
img_04553_2023,0,3.246196e-05,0
img_04544_2023,0,0.00043841026,0
img_04560_2023,0,0.0007576247,0
img_04546_2023,0,3.7734884e-05,0
img_04551_2023,0,0.0005604212,0
img_04555_2023,0,0.00021342572,0
img_04561_2023,0,0.00010672226,0
img_04549_2023,0,9.186337e-05,0
img_04563_2023,0,0.0055970517,0
img_04576_2023,0,0.00020334768,0
img_04570_2023,0,4.430751e-05,0
img_04573_2023,0,7.907423e-06,0
img_04569_2023,0,0.0004903584,0
img_04577_2023,0,0.00013449964,0
img_04562_2023,0,0.00024076703,0
img_04565_2023,0,0.04076098,0
img_04580_2023,0,0.0014682357,0
img_04584_2023,0,0.0013312934,0
img_04582_2023,0,0.00011416766,0
img_04581_2023,0,7.620999e-06,0
img_04594_2023,0,0.00015629681,0
img_04588_2023,0,0.00077042537,0
img_04599_2023,0,0.0005145658,0
img_04596_2023,0,6.4307474e-06,0
img_04593_2023,0,4.797547e-05,0
img_04587_2023,0,0.027875397,0
img_04597_2023,0,3.0318135e-05,0
img_04601_2023,0,0.00020706392,0
img_04603_2023,0,4.563952e-05,0
img_04605_2023,0,0.00022860889,0
img_04602_2023,0,0.00082066923,0
img_04613_2023,0,0.0014388552,0
img_04614_2023,0,5.047688e-05,0
img_04606_2023,0,0.00017040662,0
img_04608_2023,0,0.00025122057,0
img_04619_2023,0,0.00033439905,0
img_04624_2023,0,0.00463247,0
img_04611_2023,0,0.0004937332,0
img_04620_2023,0,8.783576e-06,0
img_04623_2023,0,0.00010434717,0
img_04609_2023,0,0.012166416,0
img_04630_2023,0,6.3837964e-05,0
img_04636_2023,0,0.0006187155,0
img_04635_2023,0,1.3681147e-05,0
img_04632_2023,0,0.0005653686,0
img_04642_2023,0,0.000111381916,0
img_04649_2023,0,0.00010426691,0
img_04648_2023,0,4.4399298e-05,0
img_04645_2023,0,2.9408275e-05,0
img_04654_2023,0,0.07964033,0
img_04657_2023,0,3.2431668e-05,0
img_04661_2023,0,1.47765595e-05,0
img_04653_2023,0,0.00020595222,0
img_04663_2023,0,0.025371946,0
img_04669_2023,0,0.00025612314,0
img_04675_2023,0,0.0009535127,0
img_04666_2023,0,0.00047346263,0
img_04671_2023,0,0.00016928432,0
img_04685_2023,0,0.00024667956,0
img_04686_2023,0,4.523866e-05,0
img_04676_2023,0,0.003932963,0
img_04691_2023,0,0.0004444672,0
img_04690_2023,0,0.0011232942,0
img_04695_2023,0,0.0012312311,0
img_04681_2023,0,0.02013572,0
img_04692_2023,0,0.0002641099,0
img_04699_2023,0,0.001988449,0
img_04700_2023,0,1.453678e-05,0
img_04696_2023,0,0.0015388576,0
img_04703_2023,0,0.0018265193,0
img_04698_2023,0,0.00024783684,0
img_04704_2023,0,1.1913713e-05,0
img_04711_2023,0,0.0003109945,0
img_04710_2023,0,0.000102892234,0
img_04708_2023,0,0.00042007637,0
img_04706_2023,0,0.053964008,0
img_04709_2023,0,0.00028655722,0
img_04718_2023,0,0.00065300503,0
img_04712_2023,0,2.6300702e-07,0
img_04721_2023,0,0.00067159743,0
img_04719_2023,0,1.801677e-05,0
img_04716_2023,0,0.00049010536,0
img_04723_2023,0,0.008246956,0
img_04725_2023,0,0.001600533,0
img_04726_2023,0,0.0032178804,0
img_04720_2023,0,0.0007598385,0
img_04722_2023,0,4.356279e-05,0
img_04730_2023,0,0.026624396,0
img_04715_2023,0,8.726374e-06,0
img_04735_2023,0,0.0016299146,0
img_04739_2023,0,1.3068364e-05,0
img_04738_2023,0,0.0013063449,0
img_04736_2023,0,1.4774996e-05,0
img_04743_2023,0,0.00044552746,0
img_04741_2023,0,7.529192e-05,0
img_04746_2023,0,1.2081546e-06,0
img_04742_2023,0,0.0017115916,0
img_04753_2023,0,3.9000533e-06,0
img_04750_2023,0,8.6398e-05,0
img_04751_2023,0,3.0989027e-05,0
img_04756_2023,0,0.021396542,0
img_04754_2023,0,0.0028631398,0
img_04758_2023,0,4.5869074e-05,0
img_04728_2023,0,7.726014e-05,0
img_04764_2023,0,2.8800181e-05,0
img_04761_2023,0,2.8630755e-05,0
img_04770_2023,0,7.236667e-05,0
img_04771_2023,0,0.0005399655,0
img_04694_p03_2023,0,0.00015243875,0
img_04765_2023,0,0.000747272,0
img_04773_2023,0,8.853944e-06,0
img_04780_2023,0,0.00023059048,0
img_04768_2023,0,0.00019067222,0
img_04774_2023,0,0.0034323188,0
img_04779_2023,0,6.570151e-06,0
img_04782_2023,0,1.5932988e-05,0
img_04783_2023,0,5.3652562e-05,0
img_04784_2023,0,6.790461e-05,0
img_04781_2023,0,0.0003644097,0
img_04778_2023,0,0.00079976727,0
img_04786_2023,0,1.3933893e-05,0
img_04789_2023,0,0.0014683553,0
img_04787_2023,0,4.5660095e-06,0
img_04788_2023,0,0.00093026203,0
img_04793_2023,0,4.8566585e-06,0
img_04792_2023,0,4.2608688e-05,0
img_04797_2023,0,4.0318457e-05,0
img_04791_2023,0,3.0632094e-05,0
img_04799_2023,0,0.00011115687,0
img_04796_2023,0,3.6795744e-05,0
img_04795_2023,0,0.49127677,1
img_04798_2023,0,0.0005865261,0
img_04804_2023,0,0.00019790493,0
img_04785_2023,0,8.612031e-05,0
img_04803_2023,0,0.00040870183,0
img_04811_2023,0,0.00040661226,0
img_04812_2023,0,0.0025651336,0
img_04814_2023,0,0.0028420365,0
img_04702_p01_2023,0,4.2611923e-06,0
img_04702_p02_2023,0,0.00012882972,0
img_04702_p03_2023,0,2.4383892e-06,0
img_04702_p04_2023,0,0.00014471867,0
img_04702_p05_2023,0,4.228189e-06,0
img_04702_p06_2023,0,8.36852e-05,0
img_04763_p01_2023,0,0.0010675972,0
img_04763_p02_2023,0,0.004573784,0
img_04816_2023,0,0.0027873206,0
img_04818_2023,0,0.00089447375,0
img_04809_2023,0,0.0005410884,0
img_04820_2023,0,0.0054392107,0
img_04805_2023,0,8.2340055e-05,0
img_04822_2023,0,0.0073187244,0
img_04825_2023,0,0.0027854233,0
img_04824_2023,0,0.15210356,1
img_04828_2023,0,0.0024070744,0
img_04833_2023,0,0.00775561,0
img_04836_2023,0,4.6905293e-06,0
img_04835_2023,0,4.7626298e-05,0
img_04829_2023,0,1.7527513e-05,0
img_04841_2023,0,7.638717e-06,0
img_04839_2023,0,7.903389e-05,0
img_04838_2023,0,0.0009040397,0
img_04840_2023,0,4.3863267e-05,0
img_04827_2023,0,2.9635019e-05,0
img_04843_2023,0,0.00020148253,0
img_04845_2023,0,0.00039233736,0
img_04848_2023,0,0.0031421892,0
img_04844_2023,0,0.0010087298,0
img_04846_2023,0,4.4581735e-05,0
img_04849_2023,0,0.00017299234,0
img_04850_2023,0,0.0063708895,0
img_04853_2023,0,1.3707096e-05,0
img_04852_2023,0,0.00015040097,0
img_04856_2023,0,0.00019099028,0
img_04863_2023,0,0.010657406,0
img_04868_2023,0,0.0016153152,0
img_04864_2023,0,0.001474185,0
img_04867_2023,0,0.0003769768,0
img_04861_2023,0,2.1334634e-05,0
img_04865_2023,0,0.00024974562,0
img_04871_2023,0,2.7374574e-06,0
img_04869_2023,0,1.8557091e-06,0
img_04876_2023,0,0.0009520965,0
img_04872_2023,0,0.00027215228,0
img_04870_2023,0,0.00022465229,0
img_04875_2023,0,0.041716572,0
img_04873_2023,0,7.699515e-05,0
img_04880_2023,0,0.001001116,0
img_04883_2023,0,0.0029928375,0
img_04878_2023,0,0.0073836623,0
img_04882_2023,0,9.440216e-06,0
img_04748_p01_2023,0,4.5946467e-06,0
img_04748_p02_2023,0,5.147917e-06,0
img_04748_p03_2023,0,1.8895356e-05,0
img_04748_p04_2023,0,2.8922323e-06,0
img_04748_p05_2023,0,6.4560454e-06,0
img_04748_p06_2023,0,3.290018e-05,0
img_04748_p07_2023,0,2.513676e-05,0
img_04892_2023,0,0.0068637193,0
img_04888_2023,0,1.2917728e-05,0
img_04891_2023,0,0.00016576496,0
img_04895_2023,0,0.047037207,0
img_04899_2023,0,0.00039567988,0
img_04900_2023,0,0.0004303997,0
img_04902_2023,0,0.0029038205,0
img_04903_2023,0,0.0001060063,0
img_04906_2023,0,0.0002250781,0
img_04898_2023,0,0.00062405143,0
img_04909_2023,0,0.0066174204,0
img_04908_2023,0,0.0005218927,0
img_04904_2023,0,5.581249e-05,0
img_04831_p02_2023,0,2.972347e-05,0
img_04831_p03_2023,0,0.00022741863,0
img_04831_p04_2023,0,4.9048813e-05,0
img_04907_2023,0,6.544323e-05,0
img_04912_2023,0,0.0010770039,0
img_04914_2023,0,7.810181e-06,0
img_04916_2023,0,9.332388e-06,0
img_04913_2023,0,8.320933e-06,0
img_04919_2023,0,0.000115763374,0
img_04924_2023,0,2.0456533e-05,0
img_04922_2023,0,0.00011574582,0
img_04917_2023,0,8.596454e-06,0
img_04921_2023,0,0.041638706,0
img_04926_2023,0,0.00076089357,0
img_04910_2023,0,0.00036352858,0
img_04929_2023,0,0.00021211214,0
img_04911_p01_2023,0,0.0029024787,0
img_04911_p02_2023,0,3.4424895e-05,0
img_04930_2023,0,0.00040174578,0
img_04935_2023,0,0.0008043158,0
img_04937_2023,0,0.002052037,0
img_04932_2023,0,0.006122001,0
img_04933_2023,0,0.0009303949,0
img_04874_p01_2023,0,0.00021016665,0
img_04874_p02_2023,0,0.000982908,0
img_04874_p03_2023,0,5.404772e-05,0
img_04874_p04_2023,0,0.00021977875,0
img_04938_2023,0,0.013780846,0
img_04943_2023,0,0.000103741964,0
img_04947_2023,0,1.2244109e-05,0
img_04945_2023,0,4.479319e-05,0
img_04941_2023,0,0.0019872463,0
img_04944_2023,0,2.0120874e-06,0
img_04948_2023,0,3.3507524e-05,0
img_04949_2023,0,0.00018918345,0
img_04953_2023,0,0.0012206476,0
img_04952_2023,0,0.0116505455,0
img_04956_2023,0,0.00021325627,0
img_04955_2023,0,0.0012044826,0
img_04939_2023,0,3.892251e-06,0
img_04794_p01_2023,0,6.6945e-05,0
img_04794_p02_2023,0,6.2065765e-06,0
img_04794_p03_2023,0,7.435725e-06,0
img_04794_p04_2023,0,1.3331386e-05,0
img_04794_p05_2023,0,2.5067362e-05,0
img_04794_p06_2023,0,6.287133e-05,0
img_04794_p07_2023,0,4.0749255e-05,0
img_04794_p08_2023,0,4.7031385e-06,0
img_04957_2023,0,0.00027815715,0
img_04958_2023,0,0.00020830552,0
img_04964_2023,0,0.0009531452,0
img_04963_2023,0,0.00024891834,0
img_04886_p01_2023,0,1.214674e-06,0
img_04886_p02_2023,0,0.00437756,0
img_04886_p03_2023,0,4.6240628e-05,0
img_04886_p04_2023,0,4.653597e-06,0
img_04961_2023,0,0.00016338071,0
img_04967_2023,0,1.3163977e-05,0
img_04966_2023,0,2.3666073e-05,0
img_04973_2023,0,5.3099782e-05,0
img_04968_2023,0,0.030267036,0
img_04969_2023,0,0.0010673032,0
img_04975_2023,0,2.8771192e-05,0
img_04974_2023,0,1.671581e-05,0
img_04979_2023,0,7.140165e-05,0
img_04744_p01_2023,0,4.882625e-05,0
img_04744_p02_2023,0,1.0506231e-05,0
img_04744_p03_2023,0,8.663241e-06,0
img_04744_p04_2023,0,4.950015e-06,0
img_04744_p05_2023,0,1.3570633e-06,0
img_04744_p06_2023,0,4.44974e-06,0
img_04744_p07_2023,0,3.5118853e-07,0
img_04744_p08_2023,0,5.081401e-06,0
img_04744_p09_2023,0,1.1922407e-05,0
img_04744_p10_2023,0,2.3953485e-06,0
img_04744_p11_2023,0,1.3298825e-07,0
img_04744_p12_2023,0,0.0012753529,0
img_04978_2023,0,0.007046672,0
img_04977_2023,0,0.00011689705,0
img_04982_2023,0,0.0013172438,0
img_04981_2023,0,3.0073514e-05,0
img_04970_2023,0,0.0001626466,0
img_04986_2023,0,5.1680473e-07,0
img_04976_2023,0,8.529662e-06,0
img_04983_2023,0,0.00011073972,0
img_04931_p01_2023,0,2.5977117e-05,0
img_04931_p02_2023,0,4.6125944e-05,0
img_04990_2023,0,0.0002258677,0
img_04993_2023,0,0.00046449743,0
img_04994_2023,0,0.010054613,0
img_04988_2023,0,9.694784e-06,0
img_04996_2023,0,0.0193505,0
img_04995_2023,0,0.0001504942,0
img_04998_2023,0,2.5844449e-05,0
img_04999_2023,0,1.5131601e-05,0
img_05000_2023,0,2.2226397e-05,0
img_05003_2023,0,0.00021527511,0
img_05004_2023,0,1.4573162e-05,0
img_05009_2023,0,5.4853324e-05,0
img_05010_2023,0,6.0155224e-05,0
img_04984_p01_2023,0,0.0006352309,0
img_04984_p02_2023,0,0.0019896924,0
img_05006_2023,0,0.0021354265,0
img_05012_2023,0,0.00010490838,0
img_04896_p01_2023,0,3.0988456e-06,0
img_04896_p02_2023,0,8.497171e-06,0
img_04896_p03_2023,0,2.083562e-06,0
img_04896_p04_2023,0,5.2134787e-06,0
img_04896_p05_2023,0,1.802269e-06,0
img_04896_p06_2023,0,3.4706275e-06,0
img_04940_p01_2023,0,2.802994e-06,0
img_04940_p02_2023,0,6.836606e-06,0
img_04940_p03_2023,0,2.6848327e-06,0
img_04940_p04_2023,0,9.099034e-06,0
img_05016_2023,0,0.0027147015,0
img_05019_2023,0,0.00090295845,0
img_05017_2023,0,0.0002972579,0
img_05025_2023,0,6.1706356e-05,0
img_05028_2023,0,0.0003316847,0
img_05024_2023,0,3.484563e-06,0
img_05027_2023,0,0.0014367007,0
img_05032_2023,0,0.00013327264,0
img_05037_2023,0,0.1981353,1
img_05039_2023,0,9.777264e-05,0
img_05033_2023,0,0.0011201596,0
img_05036_2023,0,0.0039967154,0
img_05040_2023,0,0.009244715,0
img_05029_2023,0,0.0002873994,0
img_05026_2023,0,0.0069076773,0
img_05038_2023,0,0.0023428036,0
img_05043_2023,0,0.00019609643,0
img_05049_2023,0,0.00025125936,0
img_05042_2023,0,1.3054575e-05,0
img_05052_2023,0,0.00021140123,0
img_05051_2023,0,0.0032073092,0
img_05055_2023,0,6.1486885e-06,0
img_05057_2023,0,0.014474133,0
img_05046_2023,0,0.00961931,0
img_05056_2023,0,0.000102688165,0
img_05059_2023,0,0.014223977,0
img_05048_2023,0,0.0176065,0
img_05060_2023,0,0.10168706,0
img_05063_2023,0,6.675547e-05,0
img_05066_2023,0,0.0072601135,0
img_05062_2023,0,8.5990076e-05,0
img_05068_2023,0,2.7939232e-05,0
img_05064_2023,0,0.0011666907,0
img_05069_2023,0,0.00031331132,0
img_05067_2023,0,6.957536e-05,0
img_05070_2023,0,0.00067455205,0
img_05074_2023,0,7.5958937e-06,0
img_05072_2023,0,0.010859875,0
img_05076_2023,0,0.00010973908,0
img_05075_2023,0,0.057261247,0
img_05077_2023,0,4.9091865e-05,0
img_05078_2023,0,0.00020513262,0
img_05081_2023,0,0.0054762196,0
img_05079_2023,0,0.00016395799,0
img_05071_2023,0,0.00013525858,0
img_05082_2023,0,1.890536e-05,0
img_05080_2023,0,1.921976e-05,0
img_05088_2023,0,0.00054357277,0
img_05087_2023,0,4.7617505e-06,0
img_05085_2023,0,0.0017219555,0
img_05089_2023,0,0.2032337,1
img_05053_p01_2023,0,4.632228e-05,0
img_05053_p02_2023,0,1.3202537e-05,0
img_05090_2023,0,0.0010752928,0
img_05094_2023,0,9.046973e-05,0
img_05096_2023,0,0.018723533,0
img_05097_2023,0,0.00020800543,0
img_05099_2023,0,2.138409e-05,0
img_05095_2023,0,0.018233165,0
img_05110_2023,0,0.0014146557,0
img_05104_2023,0,0.00049166864,0
img_05108_2023,0,0.0030756958,0
img_05100_2023,0,0.008349668,0
img_05098_2023,0,2.258812e-05,0
img_05107_2023,0,0.0012417572,0
img_05112_2023,0,0.00066880847,0
img_05113_2023,0,2.7248114e-05,0
img_05115_2023,0,0.0005677833,0
img_05111_2023,0,0.05889955,0
img_05105_2023,0,0.0001181683,0
img_05114_2023,0,0.0009448649,0
img_05120_2023,0,0.0015009292,0
img_05124_2023,0,0.00023502823,0
img_05123_2023,0,0.00048801248,0
img_05122_2023,0,0.0020140565,0
img_05116_2023,0,0.00049370143,0
img_05121_2023,0,0.029573653,0
img_05130_2023,0,0.0018454073,0
img_05103_p01_2023,0,0.00015116109,0
img_05103_p02_2023,0,9.418092e-05,0
img_05128_2023,0,0.002472508,0
img_05131_2023,0,0.0014935355,0
img_05129_2023,0,5.471603e-06,0
img_05127_2023,0,0.0014436191,0
img_05126_2023,0,2.4746707e-05,0
img_05134_2023,0,0.00026795221,0
img_05133_2023,0,0.018829698,0
img_05135_2023,0,9.399457e-05,0
img_05137_2023,0,0.012740377,0
img_05142_2023,0,0.0071975724,0
img_05138_2023,0,0.00021007509,0
img_05145_2023,0,1.3525357e-05,0
img_05151_2023,0,0.00027325883,0
img_05150_2023,0,0.029774146,0
img_05147_2023,0,9.94005e-06,0
img_05143_2023,0,6.247318e-05,0
img_05149_2023,0,0.00034387453,0
img_05148_2023,0,4.1559456e-06,0
img_05154_2023,0,0.00085725024,0
img_05155_2023,0,8.196629e-05,0
img_05159_2023,0,0.0006230346,0
img_05160_2023,0,4.623322e-05,0
img_05162_2023,0,0.05081328,0
img_05158_2023,0,4.5704153e-05,0
img_05163_2023,0,0.0019629316,0
img_05165_2023,0,2.527835e-05,0
img_05174_2023,0,0.008766454,0
img_05172_2023,0,0.002364489,0
img_05164_2023,0,5.2290354e-05,0
img_05175_2023,0,0.00024438888,0
img_05170_2023,0,0.00020306556,0
img_04936_p01_2023,0,1.0710841e-05,0
img_04936_p02_2023,0,4.9206315e-06,0
img_04936_p03_2023,0,3.7166728e-06,0
img_04936_p04_2023,0,4.1566524e-05,0
img_04936_p05_2023,0,1.2895458e-06,0
img_04936_p06_2023,0,7.646793e-06,0
img_04936_p07_2023,0,0.000369071,0
img_04936_p08_2023,0,1.26414625e-05,0
img_04936_p09_2023,0,0.00052784506,0
img_04936_p10_2023,0,7.3542236e-05,0
img_05176_2023,0,0.0006235963,0
img_05179_2023,0,0.0009117511,0
img_05181_2023,0,0.00053240283,0
img_05180_2023,0,1.1043713e-06,0
img_05184_2023,0,0.021486865,0
img_05186_2023,0,0.005948999,0
img_05189_2023,0,0.0013654596,0
img_05173_2023,0,5.972361e-06,0
img_05188_2023,0,0.00014032549,0
img_05194_2023,0,0.0025837917,0
img_05193_2023,0,4.272208e-05,0
img_05191_2023,0,0.0007742698,0
img_05195_2023,0,0.0001664084,0
img_05199_2023,0,0.0071427585,0
img_05187_2023,0,0.075618684,0
img_05202_2023,0,0.008970004,0
img_05209_2023,0,6.911175e-05,0
img_05200_2023,0,0.00015954107,0
img_05214_2023,0,2.0709489e-05,0
img_05203_2023,0,0.0029874342,0
img_05204_2023,0,0.31589285,1
img_05208_2023,0,6.0813574e-07,0
img_05201_2023,0,0.00016269016,0
img_05210_2023,0,1.46851335e-05,0
img_05220_2023,0,1.6708209e-05,0
img_05218_2023,0,0.00071165577,0
img_05217_2023,0,1.2789109e-05,0
img_05207_2023,0,4.1875264e-05,0
img_05206_2023,0,0.00012530477,0
img_05215_2023,0,2.3900775e-06,0
img_05223_2023,0,4.3214197e-05,0
img_05222_2023,0,8.1883474e-05,0
img_05229_2023,0,0.013046056,0
img_05226_2023,0,0.00019051085,0
img_05219_2023,0,0.0013503336,0
img_05227_2023,0,0.011303981,0
img_05211_2023,0,0.00033102385,0
img_05224_2023,0,1.7477056e-05,0
img_05225_2023,0,3.5470566e-05,0
img_05231_2023,0,1.7196802e-05,0
img_05235_2023,0,5.4487855e-06,0
img_05233_2023,0,2.3162858e-05,0
img_05238_2023,0,0.001731092,0
img_05241_2023,0,2.9660436e-05,0
img_05244_2023,0,4.629472e-05,0
img_05240_2023,0,2.494945e-05,0
img_05232_2023,0,0.0006002677,0
img_05243_2023,0,0.00045334166,0
img_05242_2023,0,7.5180644e-05,0
img_05245_2023,0,0.014113249,0
img_05246_2023,0,8.3645624e-05,0
img_05250_2023,0,0.00037733922,0
img_05249_2023,0,3.480136e-06,0
img_05247_2023,0,0.009832218,0
img_05256_2023,0,0.00015508024,0
img_05258_2023,0,0.44525954,1
img_05260_2023,0,6.3203765e-06,0
img_05263_2023,0,0.003199027,0
img_05254_2023,0,0.0026052885,0
img_05264_2023,0,1.8501625e-05,0
img_05267_2023,0,0.00086020655,0
img_05266_2023,0,0.036016595,0
img_05265_2023,0,2.259766e-06,0
img_05268_2023,0,0.00040176456,0
img_05275_2023,0,0.00040290217,0
img_05270_2023,0,0.00012105251,0
img_05276_2023,0,0.098181285,0
img_05273_2023,0,9.299577e-05,0
img_05278_2023,0,2.944762e-05,0
img_05269_2023,0,3.5624846e-05,0
img_05280_2023,0,0.0029538989,0
img_05277_2023,0,4.6987414e-05,0
img_05284_2023,0,0.00040208985,0
img_05281_2023,0,7.706214e-05,0
img_05283_2023,0,2.402431e-05,0
img_05282_2023,0,0.00027557297,0
img_05286_2023,0,2.410107e-05,0
img_05289_2023,0,7.641044e-05,0
img_05287_2023,0,3.9589933e-05,0
img_05291_2023,0,0.0029330002,0
img_05293_2023,0,4.795306e-05,0
img_05292_2023,0,1.9587002e-05,0
img_05297_2023,0,7.41238e-05,0
img_05301_2023,0,0.0031946872,0
img_05294_2023,0,0.0005794242,0
img_05298_2023,0,8.8227505e-05,0
img_05300_2023,0,0.00023420235,0
img_05306_2023,0,5.696407e-06,0
img_05309_2023,0,0.01984426,0
img_05303_2023,0,7.088377e-06,0
img_05252_p01_2023,0,1.0184935e-06,0
img_05252_p02_2023,0,6.1840838e-06,0
img_05305_2023,0,9.25384e-06,0
img_05310_2023,0,0.000777685,0
img_05314_2023,0,0.00020751337,0
img_05311_2023,0,2.5569561e-05,0
img_05316_2023,0,0.000115068375,0
img_05315_2023,0,0.0044553815,0
img_05317_2023,0,0.0006193432,0
img_05320_2023,0,0.0006478809,0
img_05319_2023,0,0.00047313148,0
img_05312_2023,0,0.0005844619,0
img_05323_2023,0,4.7261994e-05,0
img_05324_2023,0,0.0006297553,0
img_05318_2023,0,0.0017084919,0
img_05325_2023,0,0.009288074,0
img_05328_2023,0,0.00043687274,0
img_05333_2023,0,0.00016194525,0
img_05322_2023,0,0.000423664,0
img_05327_2023,0,0.00034068682,0
img_05334_2023,0,0.00016431497,0
img_05336_2023,0,1.2952787e-05,0
img_05330_2023,0,0.013488723,0
img_05339_2023,0,3.422169e-05,0
img_05299_p01_2023,0,8.496898e-05,0
img_05299_p02_2023,0,1.5799082e-05,0
img_05341_2023,0,4.0260093e-05,0
img_05346_2023,0,0.003369697,0
img_05345_2023,0,1.2834915e-05,0
img_05343_2023,0,0.079811744,0
img_05352_2023,0,0.23624519,1
img_05349_2023,0,0.0018736102,0
img_05355_2023,0,0.00016393249,0
img_05356_2023,0,0.00013561438,0
img_05353_2023,0,0.00025538867,0
img_05360_2023,0,4.1812575e-05,0
img_05361_2023,0,0.0017306281,0
img_05364_2023,0,6.038173e-05,0
img_05363_2023,0,3.949713e-05,0
img_05365_2023,0,0.00040074307,0
img_05366_2023,0,6.4408127e-06,0
img_05369_2023,0,0.0009684312,0
img_05362_2023,0,0.00032797805,0
img_05261_p01_2023,0,2.1716276e-05,0
img_05261_p02_2023,0,1.1055304e-06,0
img_05261_p03_2023,0,6.17964e-07,0
img_05261_p04_2023,0,3.7874946e-05,0
img_05261_p05_2023,0,9.903839e-05,0
img_05261_p06_2023,0,1.7507884e-05,0
img_05371_2023,0,0.00051624596,0
img_05372_2023,0,0.00019084921,0
img_05370_2023,0,0.00035464118,0
img_05376_2023,0,0.0004436551,0
img_05381_2023,0,0.00023781003,0
img_05377_2023,0,4.8394675e-05,0
img_05384_2023,0,0.0010417735,0
img_05374_2023,0,0.016378993,0
img_05386_2023,0,0.00091246335,0
img_05385_2023,0,0.0006627306,0
img_05388_2023,0,3.2239586e-05,0
img_05387_2023,0,0.00011094245,0
img_05392_2023,0,1.3257977e-05,0
img_05390_2023,0,0.001346227,0
img_05395_2023,0,0.0035418049,0
img_05393_2023,0,0.0094001535,0
img_05397_2023,0,0.0006301945,0
img_05399_2023,0,7.9834535e-07,0
img_05402_2023,0,5.2008974e-05,0
img_05398_2023,0,0.15998572,1
img_05401_2023,0,1.2383286e-05,0
img_05409_2023,0,1.1355516e-05,0
img_05406_2023,0,5.271643e-05,0
img_05404_2023,0,8.213443e-05,0
img_05389_2023,0,5.2123964e-05,0
img_05416_2023,0,1.0933211e-05,0
img_05426_2023,0,6.919728e-05,0
img_05415_2023,0,2.4572331e-05,0
img_05424_2023,0,0.0005596301,0
img_05425_2023,0,0.0012783805,0
img_05430_2023,0,0.0005881114,0
img_05429_2023,0,0.0038078406,0
img_05433_2023,0,0.00045045445,0
img_05428_2023,0,0.0002036653,0
img_05436_2023,0,0.0005278677,0
img_05441_2023,0,2.6424412e-05,0
img_05434_2023,0,0.0009920322,0
img_05439_2023,0,3.0339335e-05,0
img_05442_2023,0,0.00026999763,0
img_05432_2023,0,1.6008196e-05,0
img_05438_2023,0,2.2189831e-06,0
img_05431_2023,0,0.00013684623,0
img_05435_2023,0,0.20188294,1
img_05449_2023,0,0.0004506018,0
img_05446_2023,0,5.7506037e-05,0
img_05453_2023,0,0.0011835718,0
img_05456_2023,0,9.232209e-06,0
img_05455_2023,0,4.6245486e-06,0
img_05460_2023,0,5.15869e-06,0
img_05454_2023,0,9.941877e-05,0
img_05462_2023,0,0.00020387824,0
img_05458_2023,0,2.0514693e-05,0
img_05461_2023,0,0.0018752454,0
img_05464_2023,0,0.008150195,0
img_05447_p01_2023,0,1.2481754e-05,0
img_05447_p02_2023,0,4.4948905e-05,0
img_05467_2023,0,0.0013127689,0
img_05471_2023,0,0.00014616553,0
img_05470_2023,0,2.728249e-05,0
img_05474_2023,0,0.00032472797,0
img_05476_2023,0,0.0003814946,0
img_05477_2023,0,0.0012328518,0
img_05472_2023,0,0.00877659,0
img_05480_2023,0,5.8677138e-06,0
img_05479_2023,0,2.2867085e-05,0
img_05478_2023,0,0.079399794,0
img_05475_2023,0,4.7134617e-05,0
img_05459_p02_2023,0,4.466179e-07,0
img_05468_p01_2023,0,1.8686306e-06,0
img_05468_p02_2023,0,4.790473e-06,0
img_05482_2023,0,5.534297e-05,0
img_05487_2023,0,0.0005144807,0
img_05490_2023,0,0.00013000406,0
img_05486_2023,0,0.92089444,1
img_05489_2023,0,1.9201732e-05,0
img_05493_2023,0,0.00030569962,0
img_05494_2023,0,0.00017014053,0
img_05497_2023,0,0.11690668,0
img_05496_2023,0,5.283457e-06,0
img_05427_p01_2023,0,1.1517476e-05,0
img_05427_p02_2023,0,0.00011269169,0
img_05427_p03_2023,0,0.00030181042,0
img_05427_p05_2023,0,5.4656943e-05,0
img_05427_p06_2023,0,5.8997985e-06,0
img_05500_2023,0,4.9607504e-05,0
img_05504_2023,0,0.00028926565,0
img_05501_2023,0,1.7789389e-05,0
img_05498_2023,0,5.1693764e-06,0
img_05332_p01_2023,0,2.3190441e-05,0
img_05332_p02_2023,0,2.0881591e-06,0
img_05332_p03_2023,0,2.5412776e-06,0
img_05332_p04_2023,0,1.3401265e-05,0
img_05332_p05_2023,0,1.791193e-06,0
img_05332_p06_2023,0,4.0875824e-05,0
img_05332_p07_2023,0,2.667595e-06,0
img_05332_p08_2023,0,5.2148775e-05,0
img_05332_p09_2023,0,2.6314149e-06,0
img_05332_p10_2023,0,5.119394e-06,0
img_05499_2023,0,0.00010834918,0
img_05503_2023,0,3.415189e-05,0
img_05506_2023,0,4.1171947e-06,0
img_05512_2023,0,0.00016030917,0
img_05510_2023,0,0.00028589467,0
img_05515_2023,0,0.08277042,0
img_05513_2023,0,0.00011567973,0
img_05517_2023,0,2.4254607e-05,0
img_05518_2023,0,3.9000115e-05,0
img_05514_2023,0,2.533748e-05,0
img_05522_2023,0,0.00039198762,0
img_05511_2023,0,0.0025914414,0
img_05520_2023,0,0.00010544404,0
img_05521_2023,0,0.00015939084,0
img_05523_2023,0,0.0040803114,0
img_05495_p01_2023,0,0.00094784703,0
img_05519_2023,0,0.0011613629,0
img_05526_2023,0,1.5491347e-05,0
img_05524_2023,0,8.5633155e-06,0
img_05528_2023,0,3.7908947e-05,0
img_05531_2023,0,4.5888803e-05,0
img_05527_2023,0,2.7078906e-06,0
img_05537_2023,0,1.760872e-05,0
img_05538_2023,0,0.004127489,0
img_05321_p01_2023,0,2.8911736e-06,0
img_05321_p02_2023,0,3.4188713e-05,0
img_05321_p03_2023,0,1.1574192e-05,0
img_05321_p04_2023,0,1.4782831e-05,0
img_05321_p05_2023,0,3.4034292e-05,0
img_05321_p06_2023,0,0.0006300582,0
img_05321_p07_2023,0,0.001719969,0
img_05321_p08_2023,0,1.0531571e-05,0
img_05321_p09_2023,0,2.790946e-05,0
img_05321_p10_2023,0,2.0673813e-06,0
img_05321_p11_2023,0,3.2588114e-06,0
img_05448_p01_2023,0,2.3846247e-05,0
img_05448_p02_2023,0,0.00012545014,0
img_05448_p03_2023,0,0.00010068913,0
img_05448_p04_2023,0,0.00038495043,0
img_05543_2023,0,0.001694792,0
img_05539_2023,0,0.00011274383,0
img_05551_2023,0,1.1112512e-05,0
img_05548_2023,0,0.0006541328,0
img_05550_2023,0,0.013678679,0
img_05546_2023,0,0.00021428967,0
img_05547_2023,0,0.00013143549,0
img_05545_2023,0,0.00052003673,0
img_05552_2023,0,0.04507548,0
img_05553_2023,0,0.00017032817,0
img_05556_2023,0,2.7835249e-05,0
img_05383_p01_2023,0,3.433339e-05,0
img_05383_p02_2023,0,2.1820928e-05,0
img_05383_p03_2023,0,0.0005508896,0
img_05383_p04_2023,0,2.6486501e-05,0
img_05383_p05_2023,0,1.9481338e-05,0
img_05383_p06_2023,0,2.2262291e-05,0
img_05383_p07_2023,0,4.4218064e-07,0
img_05383_p08_2023,0,9.983821e-05,0
img_05383_p09_2023,0,8.954074e-06,0
img_05466_p01_2023,0,3.0148399e-06,0
img_05466_p02_2023,0,1.3091365e-05,0
img_05466_p03_2023,0,1.9458e-05,0
img_05466_p05_2023,0,1.6007936e-05,0
img_05466_p06_2023,0,2.022428e-06,0
img_05559_2023,0,0.00050945726,0
img_05549_2023,0,3.19269e-05,0
img_05564_2023,0,0.00013039885,0
img_05568_2023,0,0.0002086289,0
img_05562_2023,0,0.12540767,1
img_05569_2023,0,0.014160906,0
img_05571_2023,0,0.00012260921,0
img_05561_2023,0,7.446862e-05,0
img_05567_2023,0,6.5601084e-06,0
img_05570_2023,0,3.7858044e-05,0
img_05572_2023,0,0.00014241188,0
img_05573_2023,0,1.3914228e-05,0
img_05574_2023,0,1.1800185e-05,0
img_05575_2023,0,1.779762e-05,0
img_05580_2023,0,0.0043588234,0
img_05577_2023,0,0.00039261515,0
img_05582_2023,0,0.0021147502,0
img_05578_2023,0,2.4621379e-05,0
img_05576_2023,0,1.06878115e-05,0
img_05586_2023,0,9.2553055e-06,0
img_05585_2023,0,1.4706072e-05,0
img_05590_2023,0,0.0008064129,0
img_05593_2023,0,0.00022056323,0
img_05451_p03_2023,0,6.1960677e-06,0
img_05451_p04_2023,0,1.1730368e-06,0
img_05451_p05_2023,0,4.238892e-06,0
img_05451_p07_2023,0,2.6677656e-06,0
img_05451_p08_2023,0,2.8840008e-05,0
img_05451_p09_2023,0,1.1428033e-05,0
img_05592_2023,0,0.036048118,0
img_05595_2023,0,0.00040094406,0
img_05587_2023,0,4.0978473e-05,0
img_05597_2023,0,0.03285558,0
img_05598_2023,0,0.00037055928,0
img_05589_2023,0,0.00037823114,0
img_05602_2023,0,4.2938927e-06,0
img_05605_2023,0,0.00039273174,0
img_05604_2023,0,0.00013149278,0
img_05607_2023,0,0.0068887733,0
img_05603_2023,0,0.00031741647,0
img_05608_2023,0,0.00105377,0
img_05606_2023,0,6.149119e-05,0
img_05610_2023,0,0.00028000347,0
img_05600_2023,0,0.035617024,0
img_05599_2023,0,0.027824495,0
img_05612_2023,0,3.0778032e-05,0
img_05613_2023,0,0.7362178,1
img_05611_2023,0,1.2533274e-06,0
img_05619_2023,0,0.00045058652,0
img_05617_2023,0,5.072766e-05,0
img_05583_p01_2023,0,2.110136e-06,0
img_05616_2023,0,7.415953e-06,0
img_05622_2023,0,8.106344e-07,0
img_05623_2023,0,0.16814415,1
img_05624_2023,0,4.1409574e-05,0
img_05625_2023,0,0.00012110955,0
img_05621_2023,0,0.00017107918,0
img_05630_2023,0,3.8309256e-05,0
img_05633_2023,0,0.057587158,0
img_05615_2023,0,1.6737937e-05,0
img_05631_2023,0,0.0025636945,0
img_05638_2023,0,0.00047066307,0
img_05637_2023,0,0.009735783,0
img_05639_2023,0,1.916679e-05,0
img_05640_2023,0,0.00015007204,0
img_05634_2023,0,0.0044473913,0
img_05642_2023,0,0.00011824472,0
img_05645_2023,0,6.671445e-06,0
img_05566_p01_2023,0,2.1979365e-06,0
img_05566_p02_2023,0,1.640442e-05,0
img_05566_p03_2023,0,2.018341e-06,0
img_05566_p04_2023,0,2.8486936e-06,0
img_05646_2023,0,0.00012469842,0
img_05644_2023,0,0.0023726083,0
img_05641_2023,0,2.227669e-05,0
img_05635_2023,0,0.00013051678,0
img_05650_2023,0,0.00679636,0
img_05651_2023,0,0.00028670917,0
img_05653_2023,0,0.000645608,0
img_05652_2023,0,1.8825806e-06,0
img_05654_2023,0,4.942076e-05,0
img_05620_p01_2023,0,1.1721881e-06,0
img_05620_p02_2023,0,9.5002826e-05,0
img_05658_2023,0,0.0031523458,0
img_05664_2023,0,8.4777086e-05,0
img_05655_2023,0,1.530658e-05,0
img_05662_2023,0,0.00021433912,0
img_05659_2023,0,4.900167e-06,0
img_05661_2023,0,3.0122937e-06,0
img_05663_2023,0,0.008907207,0
img_05668_2023,0,0.00021489059,0
img_05673_2023,0,0.002976535,0
img_05670_2023,0,0.00082512305,0
img_05676_2023,0,2.4295848e-06,0
img_05669_2023,0,0.00011459511,0
img_05678_2023,0,6.5898006e-05,0
img_05681_2023,0,0.00055336644,0
img_05675_2023,0,0.00258052,0
img_05680_2023,0,1.1590794e-05,0
img_05684_2023,0,6.664696e-05,0
img_05686_2023,0,0.004566838,0
img_05685_2023,0,0.00018813006,0
img_05687_2023,0,2.5423235e-05,0
img_05689_2023,0,0.002224392,0
img_05694_2023,0,0.0018651037,0
img_05693_2023,0,0.0021039005,0
img_05692_2023,0,8.715903e-06,0
img_05698_2023,0,0.00012075449,0
img_05699_2023,0,0.000888297,0
img_05700_2023,0,3.66767e-05,0
img_05697_2023,0,1.4910357e-05,0
img_05704_2023,0,0.007794205,0
img_05701_2023,0,0.038367312,0
img_05707_2023,0,0.0003308396,0
img_05709_2023,0,0.000119040495,0
img_05708_2023,0,0.005706183,0
img_05688_2023,0,4.755447e-06,0
img_05696_2023,0,0.007972581,0
img_05705_2023,0,7.6526674e-05,0
img_05712_2023,0,0.0124671655,0
img_05719_2023,0,0.000685853,0
img_05714_2023,0,0.08778189,0
img_05717_2023,0,0.0004276612,0
img_05720_2023,0,0.00019636682,0
img_05723_2023,0,0.033173345,0
img_05725_2023,0,2.1855707e-05,0
img_05718_2023,0,0.3495217,1
img_05724_2023,0,0.00019483895,0
img_05721_2023,0,0.00018582349,0
img_05726_2023,0,1.6488975e-05,0
img_05722_2023,0,1.3214994e-05,0
img_05728_2023,0,0.0032684295,0
img_05731_2023,0,8.433023e-05,0
img_05735_2023,0,5.2171094e-06,0
img_05727_2023,0,9.907012e-05,0
img_05716_2023,0,0.00019940546,0
img_05733_2023,0,8.890153e-05,0
img_05729_2023,0,9.438095e-05,0
img_05738_2023,0,8.345258e-05,0
img_05732_2023,0,3.8483694e-07,0
img_05742_2023,0,3.2031807e-05,0
img_05730_2023,0,8.655303e-05,0
img_05741_2023,0,0.00040098742,0
img_05749_2023,0,0.00030002766,0
img_05744_2023,0,8.137706e-06,0
img_05747_2023,0,0.20753093,1
img_05752_2023,0,5.1309826e-06,0
img_05751_2023,0,0.00084391073,0
img_05748_2023,0,1.5440359e-05,0
img_05745_2023,0,0.09074884,0
img_05746_2023,0,0.022869334,0
img_05750_2023,0,0.00019500325,0
img_05755_2023,0,0.00034710066,0
img_05758_2023,0,9.733758e-06,0
img_05754_2023,0,0.00029887373,0
img_05757_2023,0,6.6928405e-05,0
img_05759_2023,0,0.000556091,0
img_05762_2023,0,0.008816741,0
img_05760_2023,0,0.0012951499,0
img_05765_2023,0,3.1505697e-05,0
img_05768_2023,0,0.009590234,0
img_05769_2023,0,0.0007502106,0
img_05771_2023,0,5.6827116e-06,0
img_05772_2023,0,8.552118e-05,0
img_05770_2023,0,5.9324913e-05,0
img_05773_2023,0,2.0855023e-06,0
img_05775_2023,0,0.0001526648,0
img_05774_2023,0,0.0001083869,0
img_05779_2023,0,0.00013385735,0
img_05784_2023,0,1.4257317e-05,0
img_05780_2023,0,0.019812124,0
img_05782_2023,0,7.0152375e-05,0
img_05781_2023,0,0.0014491471,0
img_05785_2023,0,0.00029919957,0
img_05788_2023,0,0.0015986346,0
img_05787_2023,0,8.708387e-05,0
img_05789_2023,0,0.0029912188,0
img_05786_2023,0,5.5285785e-05,0
img_05791_2023,0,0.0005081485,0
img_05795_2023,0,0.07665166,0
img_05790_2023,0,0.00044350795,0
img_05778_2023,0,1.5594604e-06,0
img_05793_2023,0,0.0018422445,0
img_05797_2023,0,0.008597597,0
img_05800_2023,0,0.0024681624,0
img_05802_2023,0,6.925062e-05,0
img_05808_2023,0,9.247753e-06,0
img_05806_2023,0,0.009897418,0
img_05803_2023,0,1.0252224e-05,0
img_05810_2023,0,0.00013710288,0
img_05813_2023,0,2.9053806e-05,0
img_05812_2023,0,0.006758964,0
img_05811_2023,0,0.00012796109,0
img_05804_2023,0,7.0880797e-06,0
img_05815_2023,0,0.00013690013,0
img_05817_2023,0,0.176604,1
img_05703_p01_2023,0,2.5814472e-05,0
img_05703_p02_2023,0,2.9726501e-05,0
img_05703_p03_2023,0,1.3886363e-05,0
img_05703_p04_2023,0,7.445861e-05,0
img_05703_p05_2023,0,2.9157866e-06,0
img_05703_p06_2023,0,6.9331954e-06,0
img_05821_2023,0,0.15026772,1
img_05822_2023,0,0.0011286992,0
img_05819_2023,0,0.0043212483,0
img_05814_2023,0,7.420456e-05,0
img_05823_2023,0,0.00010579444,0
img_05828_2023,0,6.282069e-05,0
img_05827_2023,0,0.00016571155,0
img_05829_2023,0,0.00046411878,0
img_05826_2023,0,6.801203e-07,0
img_05836_2023,0,5.995021e-06,0
img_05839_2023,0,0.0021860942,0
img_05838_2023,0,0.08887625,0
img_05831_2023,0,1.3931609e-05,0
img_05834_2023,0,0.00011779209,0
img_05846_2023,0,6.705393e-05,0
img_05843_2023,0,0.005833821,0
img_05850_2023,0,0.009462422,0
img_05848_2023,0,0.0007233057,0
img_05847_2023,0,0.000465016,0
img_05825_p01_2023,0,0.4692052,1
img_05825_p02_2023,0,0.07821703,0
img_05844_2023,0,0.00031299097,0
img_05854_2023,0,0.00040363774,0
img_05851_2023,0,0.0016294725,0
img_05855_2023,0,0.012819133,0
img_05858_2023,0,0.00618058,0
img_05861_2023,0,5.6151084e-06,0
img_05863_2023,0,0.0006404363,0
img_05867_2023,0,0.008179708,0
img_05862_2023,0,0.00058604917,0
img_05870_2023,0,0.03930509,0
img_05871_2023,0,0.00042879622,0
img_05869_2023,0,0.00075238856,0
img_05873_2023,0,7.420817e-05,0
img_05878_2023,0,0.00021320199,0
img_05875_2023,0,0.00061243057,0
img_05866_2023,0,0.0010788162,0
img_05877_2023,0,0.00016473289,0
img_05876_2023,0,0.002284398,0
img_05885_2023,0,0.00034504704,0
img_05799_p01_2023,0,4.9895425e-06,0
img_05799_p02_2023,0,2.8212223e-06,0
img_05799_p03_2023,0,3.6624308e-05,0
img_05799_p04_2023,0,4.4603785e-06,0
img_05881_2023,0,4.6793884e-05,0
img_05890_2023,0,7.4322896e-05,0
img_05891_2023,0,0.00038300728,0
img_05887_2023,0,0.15289629,1
img_05892_2023,0,9.457528e-05,0
img_05888_2023,0,0.00014866855,0
img_05886_2023,0,9.6403055e-06,0
img_05893_2023,0,4.0212644e-06,0
img_05889_2023,0,2.1369099e-06,0
img_05868_p01_2023,0,0.0006917554,0
img_05868_p02_2023,0,4.9273887e-05,0
img_05897_2023,0,0.0019236498,0
img_05896_2023,0,0.00027118824,0
img_05883_2023,0,4.6233967e-05,0
img_05900_2023,0,6.913634e-05,0
img_05901_2023,0,0.00054598576,0
img_05903_2023,0,0.005605274,0
img_05908_2023,0,0.0012100564,0
img_05906_2023,0,1.5738073e-05,0
img_05912_2023,0,0.0001307713,0
img_05911_2023,0,0.00016391609,0
img_05914_2023,0,7.554607e-06,0
img_05915_2023,0,0.012655115,0
img_05902_2023,0,7.020484e-05,0
img_05919_2023,0,0.00042361754,0
img_05682_p01_2023,0,7.6405486e-05,0
img_05682_p02_2023,0,0.00014120761,0
img_05682_p03_2023,0,4.916452e-06,0
img_05682_p04_2023,0,1.7798704e-05,0
img_05682_p05_2023,0,1.387676e-06,0
img_05682_p06_2023,0,3.3567107e-05,0
img_05682_p08_2023,0,2.3896605e-06,0
img_05682_p09_2023,0,3.2554412e-06,0
img_05682_p10_2023,0,3.87897e-06,0
img_05682_p11_2023,0,4.4429114e-05,0
img_05920_2023,0,0.0028372286,0
img_05922_2023,0,6.0557813e-06,0
img_05926_2023,0,0.088831946,0
img_05923_2023,0,2.1762635e-05,0
img_05928_2023,0,6.2029144e-06,0
img_05927_2023,0,6.9107664e-05,0
img_05930_2023,0,2.8444578e-05,0
img_05924_2023,0,1.23388445e-05,0
img_05934_2023,0,0.12805045,1
img_05938_2023,0,2.8452148e-05,0
img_05936_2023,0,0.020377219,0
img_05929_2023,0,0.00038742422,0
img_05944_2023,0,3.3529446e-05,0
img_05946_2023,0,0.6295902,1
img_05947_2023,0,5.7859677e-05,0
img_05895_p01_2023,0,6.866781e-06,0
img_05895_p02_2023,0,2.878953e-05,0
img_05895_p03_2023,0,0.00017320096,0
img_05895_p04_2023,0,0.0023144928,0
img_05943_2023,0,0.0030118092,0
img_05942_2023,0,3.0566698e-05,0
img_05949_2023,0,0.0017206478,0
img_05951_2023,0,0.00074503536,0
img_05953_2023,0,9.786646e-06,0
img_05948_2023,0,5.8166497e-05,0
img_05957_2023,0,8.7772205e-06,0
img_05959_2023,0,2.6641563e-05,0
img_05960_2023,0,0.04540268,0
img_05961_2023,0,0.02082817,0
img_05962_2023,0,0.0010245923,0
img_05952_2023,0,1.7182738e-05,0
img_05945_2023,0,5.9645404e-06,0
img_05964_2023,0,0.00058241683,0
img_05907_p01_2023,0,0.0025684189,0
img_05907_p02_2023,0,3.5389712e-05,0
img_05907_p03_2023,0,3.586562e-06,0
img_05907_p04_2023,0,5.394774e-06,0
img_05955_2023,0,0.00035675222,0
img_05963_2023,0,0.00017733665,0
img_05966_2023,0,0.00013600249,0
img_05965_2023,0,2.920359e-05,0
img_05970_2023,0,0.00010080778,0
img_05976_2023,0,0.00025161993,0
img_05971_2023,0,0.042611685,0
img_05975_2023,0,1.5536902e-05,0
img_05972_2023,0,0.005119229,0
img_05979_2023,0,0.041962497,0
img_05967_2023,0,0.00017045213,0
img_05981_2023,0,5.757166e-05,0
img_05985_2023,0,0.0024196035,0
img_05983_2023,0,0.0011320777,0
img_05982_2023,0,1.1903329e-06,0
img_05980_2023,0,7.959601e-05,0
img_05925_p01_2023,0,4.6638317e-05,0
img_05925_p02_2023,0,2.3991367e-06,0
img_05925_p03_2023,0,1.0306543e-05,0
img_05984_2023,0,8.519104e-05,0
img_05978_2023,0,4.49025e-06,0
img_05988_2023,0,0.028286414,0
img_05987_2023,0,0.00091140025,0
img_05991_2023,0,0.000101287726,0
img_05994_2023,0,0.0018128478,0
img_05993_2023,0,8.748899e-06,0
img_05990_2023,0,0.00020712039,0
img_05995_2023,0,0.0001900732,0
img_05992_2023,0,1.8495836e-06,0
img_05997_2023,0,0.000975114,0
img_05996_2023,0,0.0005477867,0
img_05999_2023,0,0.004222592,0
img_06003_2023,0,0.00015793018,0
img_06002_2023,0,0.02076465,0
img_06001_2023,0,0.00010938397,0
img_06007_2023,0,3.8527873e-05,0
img_06008_2023,0,0.000109933266,0
img_06006_2023,0,8.036656e-05,0
img_06005_2023,0,2.2840997e-05,0
img_06009_2023,0,0.0068893866,0
img_05998_2023,0,2.7968528e-05,0
img_06013_2023,0,0.004074301,0
img_06010_2023,0,0.0011804765,0
img_06012_2023,0,0.00045421158,0
img_06011_2023,0,0.000554127,0
img_06016_2023,0,0.15619688,1
img_06017_2023,0,0.0021262679,0
img_06021_2023,0,7.9876736e-05,0
img_06014_2023,0,0.0002393457,0
img_06018_2023,0,0.0008768665,0
img_06020_2023,0,0.020207154,0
img_06023_2023,0,0.00023822056,0
img_06022_2023,0,0.00022282261,0
img_06026_2023,0,0.0015059995,0
img_06024_2023,0,0.00023569583,0
img_06029_2023,0,0.007433039,0
img_06028_2023,0,0.00011179382,0
img_06030_2023,0,0.0002492337,0
img_06031_2023,0,0.14651059,1
img_06032_2023,0,0.00027376396,0
img_06034_2023,0,0.00012984795,0
img_06033_2023,0,4.8148395e-06,0
img_06039_2023,0,0.00014260919,0
img_05989_p01_2023,0,0.00020702106,0
img_05989_p02_2023,0,4.3948303e-06,0
img_05974_p01_2023,0,1.3025686e-05,0
img_05974_p02_2023,0,4.6181713e-06,0
img_05974_p03_2023,0,9.381404e-06,0
img_05974_p04_2023,0,8.1842e-06,0
img_06041_2023,0,0.0029879583,0
img_06040_2023,0,0.00014524357,0
img_06037_2023,0,4.6283465e-05,0
img_06042_2023,0,0.000103513215,0
img_06036_2023,0,1.38861515e-05,0
img_06043_2023,0,0.0064091575,0
img_06045_2023,0,0.00026434445,0
img_06050_2023,0,0.013480978,0
img_06004_p01_2023,0,6.670221e-05,0
img_06004_p02_2023,0,0.00020447766,0
img_06004_p03_2023,0,0.00036931754,0
img_06004_p04_2023,0,0.0008380521,0
img_06054_2023,0,3.8785736e-05,0
img_06053_2023,0,1.5978729e-05,0
img_06051_2023,0,0.015563149,0
img_06060_2023,0,1.6403294e-05,0
img_06058_2023,0,0.00050873787,0
img_06061_2023,0,0.07645524,0
img_06063_2023,0,1.0477155e-05,0
img_06062_2023,0,0.0113135455,0
img_06052_2023,0,2.522028e-06,0
img_06065_2023,0,0.00018535506,0
img_06069_2023,0,0.03308903,0
img_06057_2023,0,2.0309017e-05,0
img_06070_2023,0,2.211344e-06,0
img_06072_2023,0,7.026875e-05,0
img_06071_2023,0,7.527498e-05,0
img_06073_2023,0,0.0015603044,0
img_06077_2023,0,0.029517433,0
img_06074_2023,0,0.0020067014,0
img_06078_2023,0,0.0009149493,0
img_06080_2023,0,0.0006960817,0
img_06076_2023,0,0.0509372,0
img_06085_2023,0,0.08484805,0
img_06087_2023,0,0.000197565,0
img_06066_p01_2023,0,2.9339174e-06,0
img_06066_p02_2023,0,2.4706708e-06,0
img_06092_2023,0,0.014314904,0
img_06081_2023,0,6.065822e-07,0
img_06094_2023,0,9.768112e-05,0
img_06083_2023,0,0.001012452,0
img_06088_2023,0,0.00019651983,0
img_06095_2023,0,0.009085462,0
img_06097_2023,0,1.9808887e-05,0
img_06101_2023,0,0.00027538964,0
img_06098_2023,0,0.00032165326,0
img_06099_2023,0,1.736488e-05,0
img_06106_2023,0,8.533804e-05,0
img_06109_2023,0,0.017914543,0
img_06102_2023,0,0.00021272116,0
img_06111_2023,0,0.0002398604,0
img_05933_p01_2023,0,5.3451506e-05,0
img_05933_p02_2023,0,9.8727505e-05,0
img_05933_p03_2023,0,4.2806737e-06,0
img_05933_p04_2023,0,5.4518414e-06,0
img_05933_p05_2023,0,6.316062e-06,0
img_05933_p06_2023,0,1.069924e-06,0
img_05933_p07_2023,0,3.3418773e-06,0
img_05933_p08_2023,0,5.500824e-06,0
img_05933_p09_2023,0,3.7346952e-05,0
img_06103_2023,0,0.0017574823,0
img_06107_2023,0,1.3711266e-05,0
img_06104_2023,0,0.0024933289,0
img_06113_2023,0,4.872696e-06,0
img_06114_2023,0,9.775604e-05,0
img_06108_2023,0,0.00026827227,0
img_06116_2023,0,0.0003299677,0
img_06110_2023,0,9.711422e-06,0
img_06121_2023,0,2.8256785e-05,0
img_06128_2023,0,0.00041437475,0
img_06124_2023,0,0.002657583,0
img_06068_p02_2023,0,3.7247646e-05,0
img_06131_2023,0,0.0005460974,0
img_06136_2023,0,0.046635054,0
img_06135_2023,0,0.00024314219,0
img_06140_2023,0,0.0010856538,0
img_06142_2023,0,0.00075005484,0
img_06137_2023,0,0.9285389,1
img_06118_p01_2023,0,0.07208326,0
img_06118_p02_2023,0,0.0012064725,0
img_06149_2023,0,1.536253e-05,0
img_06151_2023,0,0.01867075,0
img_06153_2023,0,0.00065326,0
img_06150_2023,0,0.00083670917,0
img_06157_2023,0,0.012113423,0
img_06154_2023,0,0.0022233012,0
img_06158_2023,0,0.050248988,0
img_06156_2023,0,0.00021538825,0
img_06161_2023,0,0.035664346,0
img_06148_p01_2023,0,0.00030968146,0
img_06148_p02_2023,0,0.0041460427,0
img_06152_p01_2023,0,0.0046519297,0
img_06152_p02_2023,0,0.0012891982,0
img_06163_2023,0,0.0001403908,0
img_06139_p01_2023,0,0.00030863835,0
img_06139_p02_2023,0,2.5605943e-05,0
img_06139_p03_2023,0,1.1768751e-05,0
img_06164_2023,0,0.009461801,0
img_06166_2023,0,0.0016725782,0
img_06162_2023,0,0.0041459445,0
img_06160_2023,0,0.008521978,0
img_06174_2023,0,1.2752857e-06,0
img_06179_2023,0,0.015319023,0
img_06173_2023,0,0.009487617,0
img_06168_p01_2023,0,0.00012916049,0
img_06168_p02_2023,0,0.0003869802,0
img_06182_2023,0,0.014167245,0
img_06187_2023,0,0.01240315,0
img_06181_2023,0,0.0007007899,0
img_06185_2023,0,0.0013139041,0
img_06186_2023,0,2.301252e-05,0
img_05674_p02_2023,0,5.568474e-06,0
img_05674_p03_2023,0,2.5935506e-06,0
img_05674_p04_2023,0,3.4176219e-06,0
img_05674_p06_2023,0,3.971025e-06,0
img_05674_p08_2023,0,2.5231225e-06,0
img_05674_p09_2023,0,6.8299196e-06,0
img_05674_p10_2023,0,1.1723642e-05,0
img_05674_p11_2023,0,5.23616e-06,0
img_05674_p12_2023,0,1.0176983e-05,0
img_05674_p13_2023,0,4.1966496e-06,0
img_05674_p14_2023,0,0.0012957557,0
img_05674_p15_2023,0,2.4685842e-06,0
img_05674_p16_2023,0,2.1091431e-05,0
img_05674_p17_2023,0,1.362985e-05,0
img_05674_p18_2023,0,0.00014979955,0
img_05674_p19_2023,0,1.009588e-05,0
img_05674_p20_2023,0,2.0367766e-05,0
img_05674_p21_2023,0,4.453066e-05,0
img_05674_p22_2023,0,1.1033819e-05,0
img_05674_p23_2023,0,0.0002379089,0
img_05674_p24_2023,0,1.907194e-05,0
img_05674_p25_2023,0,1.673179e-05,0
img_06189_2023,0,0.0007635146,0
img_06199_2023,0,0.070351005,0
img_06196_2023,0,0.00026508947,0
img_06197_2023,0,0.01237176,0
img_06202_2023,0,0.00039387585,0
img_06193_2023,0,0.0046059787,0
img_06204_2023,0,9.291706e-05,0
img_06207_2023,0,0.011377306,0
img_06214_2023,0,0.000605132,0
img_06212_2023,0,0.0008759938,0
img_06218_2023,0,0.00022386649,0
img_06192_p01_2023,0,0.010120218,0
img_06192_p02_2023,0,0.0045947074,0
img_06226_2023,0,3.7353818e-06,0
img_06220_2023,0,0.009811638,0
img_06195_p01_2023,0,0.0011162248,0
img_06195_p02_2023,0,3.5752302e-05,0
img_06223_2023,0,0.0043762554,0
img_06127_p01_2023,0,0.0001456916,0
img_06127_p02_2023,0,0.0066514956,0
img_06127_p03_2023,0,0.0072999857,0
img_06238_2023,0,0.00070257473,0
img_06240_2023,0,0.010271801,0
img_06235_2023,0,0.0003094961,0
img_06236_2023,0,5.6602337e-05,0
img_06241_2023,0,0.00044882143,0
img_06231_2023,0,4.2797885e-05,0
img_06234_2023,0,0.0037065572,0
img_06245_2023,0,0.10424091,0
img_06244_2023,0,1.2964626e-05,0
img_06217_p01_2023,0,0.0011026973,0
img_06217_p02_2023,0,0.0011951409,0
img_06228_p01_2023,0,0.00088578375,0
img_06228_p02_2023,0,0.013756475,0
img_06249_2023,0,0.007847794,0
img_06246_2023,0,0.013704616,0
img_06229_p01_2023,0,0.0008148763,0
img_06229_p02_2023,0,0.0009174616,0
img_06253_2023,0,9.1015517e-07,0
img_06255_2023,0,3.1232576e-05,0
img_06256_2023,0,0.018661082,0
img_06251_2023,0,2.6608806e-05,0
img_06252_2023,0,4.647307e-05,0
img_06260_2023,0,0.00028231385,0
img_06259_2023,0,0.0035210787,0
img_06257_2023,0,0.00013250059,0
img_06263_2023,0,0.0011879406,0
img_06269_2023,0,0.00020253265,0
img_06272_2023,0,0.0009359479,0
img_06270_2023,0,0.0007151803,0
img_06266_2023,0,0.00036462428,0
img_06273_2023,0,0.0037131472,0
img_06211_p01_2023,0,0.00035324338,0
img_06211_p02_2023,0,8.295099e-05,0
img_06211_p03_2023,0,7.675528e-06,0
img_06211_p04_2023,0,3.8129714e-05,0
img_06277_2023,0,0.0016297494,0
img_06278_2023,0,0.0726594,0
img_06282_2023,0,0.00020136635,0
img_06283_2023,0,0.0014057583,0
img_06248_p01_2023,0,0.00035490296,0
img_06248_p02_2023,0,0.0020065715,0
img_06248_p03_2023,0,0.008104475,0
img_06248_p04_2023,0,0.00066320726,0
img_06280_2023,0,7.634991e-05,0
img_06284_2023,0,0.0038663796,0
img_06286_2023,0,0.7392595,1
img_06291_2023,0,0.00024124452,0
img_06289_2023,0,0.0013910361,0
img_06294_2023,0,0.0040612193,0
img_06295_2023,0,0.0020030816,0
img_06301_2023,0,0.027844734,0
img_06297_2023,0,0.00095104985,0
img_06296_2023,0,3.814299e-05,0
img_06302_2023,0,9.236568e-06,0
img_06307_2023,0,0.009906292,0
img_05065_p01_2023,0,0.00016017257,0
img_05065_p02_2023,0,4.0991026e-06,0
img_05065_p03_2023,0,2.6737052e-06,0
img_05065_p05_2023,0,1.6627018e-06,0
img_05065_p06_2023,0,1.3209073e-05,0
img_05065_p07_2023,0,5.3388e-07,0
img_05065_p08_2023,0,4.3096584e-06,0
img_05065_p10_2023,0,1.2275266e-05,0
img_05065_p11_2023,0,0.00017052073,0
img_05065_p12_2023,0,2.265236e-05,0
img_05065_p13_2023,0,0.00031924286,0
img_05065_p14_2023,0,8.312495e-06,0
img_05065_p16_2023,0,1.0052501e-05,0
img_05065_p19_2023,0,0.00087533967,0
img_05065_p20_2023,0,1.6382595e-05,0
img_05065_p21_2023,0,2.4590945e-05,0
img_05065_p24_2023,0,4.6960035e-06,0
img_05065_p28_2023,0,1.3824486e-05,0
img_05065_p29_2023,0,7.201801e-06,0
img_05065_p37_2023,0,9.225022e-05,0
img_05065_p39_2023,0,0.00023057485,0
img_05065_p48_2023,0,0.00021948473,0
img_05065_p51_2023,0,5.710187e-05,0
img_05065_p52_2023,0,5.1192485e-05,0
img_06312_2023,0,0.00068639254,0
img_06311_2023,0,0.000101767255,0
img_06309_2023,0,0.00090690615,0
img_06320_2023,0,0.005028994,0
img_06322_2023,0,0.00029154596,0
img_06323_2023,0,4.5228822e-05,0
img_06325_2023,0,0.00049565616,0
img_06328_2023,0,0.00032276867,0
img_06327_2023,0,0.024973376,0
img_06331_2023,0,1.5664895e-05,0
img_06329_2023,0,0.00015827495,0
img_06338_2023,0,0.005086915,0
img_06340_2023,0,9.061218e-06,0
img_06339_2023,0,0.11048081,0
img_06347_2023,0,0.00092283584,0
img_06341_2023,0,0.0074194097,0
img_06254_p01_2023,0,0.0002571003,0
img_06254_p02_2023,0,6.0710197e-05,0
img_06254_p03_2023,0,1.3321054e-05,0
img_06254_p04_2023,0,0.0012181601,0
img_06352_2023,0,0.0023032518,0
img_06353_2023,0,0.0032129257,0
img_06349_2023,0,0.052111674,0
img_06358_2023,0,0.0007283325,0
img_06354_2023,0,7.297546e-05,0
img_06350_2023,0,0.0034089598,0
img_06355_2023,0,6.733292e-05,0
img_06367_2023,0,0.02292049,0
img_06368_2023,0,2.7731225e-05,0
img_06363_2023,0,0.004566246,0
img_06271_p01_2023,0,4.3428525e-05,0
img_06271_p02_2023,0,0.0012377936,0
img_06271_p03_2023,0,2.162815e-05,0
img_06271_p04_2023,0,8.208299e-05,0
img_06271_p05_2023,0,0.00035414283,0
img_06271_p06_2023,0,2.163139e-05,0
img_06370_2023,0,0.00011711306,0
img_06366_2023,0,0.00038650844,0
img_06372_2023,0,0.00066048175,0
img_06364_2023,0,0.007824013,0
img_06365_2023,0,0.0001982341,0
img_06375_2023,0,0.00014696228,0
img_06382_2023,0,0.0007709001,0
img_06380_2023,0,9.924837e-05,0
img_06369_2023,0,8.5373606e-05,0
img_06048_p01_2023,0,3.909951e-05,0
img_06048_p02_2023,0,7.747363e-06,0
img_06048_p03_2023,0,2.9537096e-06,0
img_06048_p04_2023,0,2.4095905e-06,0
img_06048_p05_2023,0,4.290147e-06,0
img_06048_p06_2023,0,2.5863037e-06,0
img_06048_p07_2023,0,3.4346223e-05,0
img_06048_p09_2023,0,7.768248e-06,0
img_06048_p10_2023,0,1.44379e-05,0
img_06048_p11_2023,0,2.3240387e-05,0
img_06048_p12_2023,0,1.02367885e-05,0
img_06048_p14_2023,0,3.6280985e-06,0
img_06048_p15_2023,0,1.7199012e-06,0
img_06048_p16_2023,0,3.2338553e-06,0
img_06048_p17_2023,0,0.000121085875,0
img_06048_p19_2023,0,1.1149165e-05,0
img_06048_p20_2023,0,3.2676528e-06,0
img_06048_p21_2023,0,2.6800642e-06,0
img_06385_2023,0,0.001552813,0
img_06387_2023,0,0.0011836602,0
img_06390_2023,0,0.00053113565,0
img_06392_2023,0,0.0014681849,0
img_06391_2023,0,0.00083292864,0
img_06356_p01_2023,0,0.0009473871,0
img_06356_p02_2023,0,0.00040220123,0
img_06356_p03_2023,0,0.00037603625,0
img_06356_p04_2023,0,9.171237e-05,0
img_06395_2023,0,0.15483873,1
img_06400_2023,0,0.00050598173,0
img_06398_2023,0,0.0006268854,0
img_06396_2023,0,0.0012681168,0
img_06393_p01_2023,0,0.00447923,0
img_06393_p02_2023,0,0.004621575,0
img_06268_p03_2023,0,0.00048048887,0
img_06268_p05_2023,0,0.0072532194,0
img_06268_p08_2023,0,0.020175915,0
img_06412_2023,0,1.6608728e-05,0
img_06410_2023,0,0.0015052754,0
img_06408_2023,0,0.0017952218,0
img_06404_2023,0,0.000119486176,0
img_06419_2023,0,0.0004000295,0
img_06422_2023,0,0.005193239,0
img_06427_2023,0,0.00021294641,0
img_06429_2023,0,0.0007222084,0
img_06420_2023,0,0.0005500611,0
img_06426_2023,0,0.0028644376,0
img_06428_2023,0,0.0019760798,0
img_06432_2023,0,0.0007656202,0
img_06431_2023,0,7.678317e-05,0
img_06439_2023,0,0.0004663366,0
img_06440_2023,0,0.0041622045,0
img_06445_2023,0,0.00014060087,0
img_06451_2023,0,0.0019221726,0
img_06453_2023,0,0.00034157303,0
img_06455_2023,0,0.00012426611,0
img_06454_2023,0,0.0009232888,0
img_06456_2023,0,0.0006751527,0
img_06459_2023,0,0.0008750845,0
img_06384_p01_2023,0,0.00727005,0
img_06384_p02_2023,0,1.6421887e-05,0
img_06384_p03_2023,0,4.7480876e-06,0
img_06463_2023,0,0.006028717,0
img_06457_2023,0,0.0069822455,0
img_06465_2023,0,0.022898097,0
img_06461_2023,0,2.369457e-05,0
img_06466_2023,0,0.0002944483,0
img_06467_2023,0,0.0012253713,0
img_06460_2023,0,0.00020625447,0
img_06470_2023,0,3.1907173e-05,0
img_06476_2023,0,0.0018496237,0
img_06475_2023,0,7.015331e-05,0
img_06478_2023,0,0.002488656,0
img_06481_2023,0,0.0343113,0
img_06477_2023,0,0.00016248165,0
img_06482_2023,0,0.001270093,0
img_06485_2023,0,0.0014173088,0
img_06474_2023,0,0.0006931587,0
img_06496_2023,0,0.0005806089,0
img_06490_2023,0,1.058203e-05,0
img_06498_2023,0,0.00034729383,0
img_06494_2023,0,0.0012295037,0
img_06462_p01_2023,0,0.0020942,0
img_06462_p02_2023,0,0.00756026,0
img_06462_p03_2023,0,0.007172249,0
img_06462_p04_2023,0,0.00021256019,0
img_06505_2023,0,0.0015693174,0
img_06509_2023,0,0.31180745,1
img_06504_2023,0,0.012401135,0
img_06510_2023,0,0.0005939759,0
img_06508_2023,0,0.0019033471,0
img_06513_2023,0,2.7631573e-05,0
img_06519_2023,0,0.00096657197,0
img_06517_2023,0,0.00047542606,0
img_06521_2023,0,0.016302738,0
img_06526_2023,0,0.0011814057,0
img_06522_2023,0,7.876528e-06,0
img_06528_2023,0,0.00071612967,0
img_06511_p01_2023,0,0.0037980985,0
img_06511_p02_2023,0,0.0027986544,0
img_06530_2023,0,0.00030549656,0
img_06529_2023,0,1.7247881e-05,0
img_06531_2023,0,0.00066301046,0
img_06535_2023,0,2.9890836e-05,0
img_06376_p02_2023,0,0.0006560107,0
img_06376_p03_2023,0,0.0009853143,0
img_06376_p04_2023,0,5.939862e-05,0
img_06376_p05_2023,0,0.00034342994,0
img_06376_p06_2023,0,0.00513771,0
img_06376_p07_2023,0,0.00017233296,0
img_06376_p08_2023,0,5.9905862e-05,0
img_06376_p09_2023,0,0.00023771435,0
img_06540_2023,0,0.00025685332,0
img_06538_2023,0,1.8186427e-05,0
img_06545_2023,0,3.716997e-05,0
img_06542_2023,0,0.0005516646,0
img_06546_2023,0,0.0001285329,0
img_06514_p01_2023,0,9.925811e-05,0
img_06514_p02_2023,0,0.00038950527,0
img_06550_2023,0,0.00030730828,0
img_06552_2023,0,0.00035865576,0
img_06551_2023,0,0.0038936203,0
img_06555_2023,0,0.0022325623,0
img_06554_2023,0,0.0004437693,0
img_06560_2023,0,1.0632518e-05,0
img_06562_2023,0,0.00064202555,0
img_06568_2023,0,0.056212116,0
img_06574_2023,0,0.007585299,0
img_06564_2023,0,0.16290347,1
img_06575_2023,0,0.016366284,0
img_06580_2023,0,0.00030766183,0
img_06581_2023,0,1.6400212e-05,0
img_06582_2023,0,0.0053156856,0
img_06576_2023,0,0.053131673,0
img_06586_2023,0,0.0013350486,0
img_06584_2023,0,0.00050823187,0
img_06589_2023,0,0.0016269842,0
img_06588_2023,0,1.2869295e-05,0
img_06593_2023,0,0.00019038645,0
img_06597_2023,0,0.004204184,0
img_06598_2023,0,5.2255156e-05,0
img_06600_2023,0,0.00014861427,0
img_06603_2023,0,0.028937787,0
img_06265_p03_2023,0,0.91486686,1
img_06265_p04_2023,0,0.0005243244,0
img_06265_p05_2023,0,0.004418089,0
img_06265_p08_2023,0,0.006867016,0
img_06265_p09_2023,0,0.2800984,1
img_06265_p10_2023,0,0.032934714,0
img_06265_p13_2023,0,0.036470678,0
img_06265_p14_2023,0,0.021944933,0
img_06605_2023,0,0.00020778779,0
img_06608_2023,0,0.00032050232,0
img_06607_2023,0,0.02226299,0
img_06609_2023,0,0.0011187866,0
img_06614_2023,0,0.00025983466,0
img_06616_2023,0,0.0032188548,0
img_06618_2023,0,0.0020287356,0
img_06613_2023,0,0.0015557293,0
img_06615_2023,0,0.000713611,0
img_06611_p01_2023,0,4.1804724e-05,0
img_06611_p02_2023,0,1.1507638e-05,0
img_06590_p01_2023,0,0.00011265345,0
img_06590_p02_2023,0,6.28434e-05,0
img_06590_p03_2023,0,4.1722084e-05,0
img_06590_p04_2023,0,0.04994421,0
img_06628_2023,0,3.6958052e-06,0
img_06630_2023,0,0.0008122652,0
img_06632_2023,0,0.002485903,0
img_06635_2023,0,0.93554676,1
img_06622_p01_2023,0,0.0016293243,0
img_06622_p02_2023,0,0.0008912574,0
img_06636_2023,0,0.0032712966,0
img_06640_2023,0,0.17926256,1
img_06637_2023,0,0.00021155973,0
img_06596_p01_2023,0,0.0011986775,0
img_06596_p02_2023,0,0.0021260907,0
img_06596_p03_2023,0,0.048936933,0
img_06596_p04_2023,0,0.0019331439,0
img_06645_2023,0,0.0013338451,0
img_06648_2023,0,0.0011803934,0
img_06646_2023,0,0.002846486,0
img_06651_2023,0,0.00043982678,0
img_06650_2023,0,5.388146e-06,0
img_06647_2023,0,0.0021071094,0
img_06652_2023,0,3.3190987e-05,0
img_06655_2023,0,0.002705842,0
img_06660_2023,0,0.0002340519,0
img_06659_2023,0,0.0047247354,0
img_06656_2023,0,0.00020495687,0
img_06661_2023,0,0.0002901523,0
img_06663_2023,0,0.001094944,0
img_06672_2023,0,0.0002962911,0
img_06670_2023,0,0.0011068855,0
img_06674_2023,0,0.0023915365,0
img_06592_p01_2023,0,0.0011999839,0
img_06592_p02_2023,0,0.02857583,0
img_06592_p03_2023,0,0.0009869759,0
img_06592_p04_2023,0,0.00055780646,0
img_06592_p05_2023,0,0.00035621595,0
img_06592_p06_2023,0,0.021216922,0
img_06679_2023,0,2.224071e-05,0
img_06666_p01_2023,0,0.004560168,0
img_06666_p02_2023,0,7.861266e-05,0
img_06683_2023,0,0.0013097565,0
img_06685_2023,0,0.104708895,0
img_06680_2023,0,0.0002733099,0
img_06676_2023,0,0.0003577046,0
img_06690_2023,0,0.099151775,0
img_06691_2023,0,0.00028141413,0
img_06688_2023,0,0.013063621,0
img_06654_p01_2023,0,5.398863e-05,0
img_06654_p02_2023,0,9.0222726e-05,0
img_06654_p03_2023,0,0.00013466095,0
img_06654_p04_2023,0,0.00020711309,0
img_06692_2023,0,0.0012970361,0
img_06697_2023,0,0.00014721754,0
img_06693_2023,0,0.0007920741,0
img_06687_p02_2023,0,0.014700311,0
img_06617_p01_2023,0,0.97354454,1
img_06617_p02_2023,0,5.470481e-05,0
img_06617_p03_2023,0,0.9955128,1
img_06617_p04_2023,0,0.5807473,1
img_06617_p05_2023,0,0.4707202,1
img_06617_p06_2023,0,2.3065164e-05,0
img_06698_2023,0,0.00024655633,0
img_06699_2023,0,1.3899532e-05,0
img_06700_2023,0,0.1390239,1
img_06702_2023,0,0.027515972,0
img_06701_2023,0,0.0021189635,0
img_06705_2023,0,0.00045181642,0
img_06708_2023,0,0.00076745107,0
img_06703_2023,0,0.0005137302,0
img_06709_2023,0,8.1241735e-05,0
img_06664_p01_2023,0,0.00036542033,0
img_06664_p02_2023,0,0.018129325,0
img_06664_p03_2023,0,0.20040181,1
img_06664_p05_2023,0,0.0015316535,0
img_06664_p06_2023,0,0.20083296,1
img_06720_2023,0,4.4865947e-06,0
img_06682_p01_2023,0,0.0006252573,0
img_06682_p02_2023,0,8.225318e-05,0
img_06682_p04_2023,0,9.1691996e-05,0
img_06682_p05_2023,0,0.00063577964,0
img_06682_p06_2023,0,0.28905267,1
img_06717_2023,0,0.0023492821,0
img_06696_p01_2023,0,0.00031553587,0
img_06696_p02_2023,0,0.00016635588,0
img_06696_p03_2023,0,0.0037667342,0
img_06696_p04_2023,0,1.405218e-05,0
img_06480_p01_2023,0,0.0016700608,0
img_06480_p02_2023,0,0.0020291102,0
img_06480_p03_2023,0,0.0006897433,0
img_06480_p04_2023,0,0.0099287005,0
img_06480_p06_2023,0,0.0003851986,0
img_06480_p07_2023,0,0.00058828824,0
img_06480_p08_2023,0,0.000643489,0
img_06480_p09_2023,0,0.0016793829,0
img_06480_p10_2023,0,0.00057636836,0
img_06480_p11_2023,0,0.00057404954,0
img_06480_p12_2023,0,0.00079308124,0
img_06480_p13_2023,0,0.006866886,0
img_06480_p14_2023,0,0.006451592,0
img_06480_p15_2023,0,0.005148948,0
img_06480_p16_2023,0,0.0012114173,0
img_06721_2023,0,0.00036416974,0
img_06728_2023,0,0.01899182,0
img_06723_2023,0,0.0010815401,0
img_06726_2023,0,0.00062374136,0
img_06725_2023,0,0.01566853,0
img_06730_2023,0,4.08135e-06,0
img_06735_2023,0,0.002172826,0
img_06722_p01_2023,0,0.00028372806,0
img_06739_2023,0,0.016849503,0
img_06684_p01_2023,0,4.5092605e-05,0
img_06684_p02_2023,0,0.0002464346,0
img_06684_p03_2023,0,0.00033127292,0
img_06684_p04_2023,0,0.00025978315,0
img_06684_p05_2023,0,0.00024875463,0
img_06746_2023,0,0.000573863,0
img_06734_2023,0,0.0005811612,0
img_06750_2023,0,0.00041071302,0
img_06631_p01_2023,0,0.0023538698,0
img_06631_p02_2023,0,0.000102710095,0
img_06631_p03_2023,0,0.00013424928,0
img_06631_p04_2023,0,0.00054608023,0
img_06631_p05_2023,0,0.00039584227,0
img_06631_p06_2023,0,0.00053956703,0
img_06631_p07_2023,0,0.0005407688,0
img_06631_p08_2023,0,4.4742774e-05,0
img_06631_p09_2023,0,4.274425e-05,0
img_06752_2023,0,0.07078207,0
img_06743_p01_2023,0,0.0048894314,0
img_06743_p02_2023,0,0.0017359243,0
img_06623_p01_2023,0,0.0009048764,0
img_06623_p02_2023,0,0.0005009195,0
img_06623_p03_2023,0,0.031181281,0
img_06623_p04_2023,0,0.9119662,1
img_06673_p01_2023,0,0.0007234335,0
img_06673_p02_2023,0,0.00094694976,0
img_06673_p03_2023,0,9.617447e-05,0
img_06673_p04_2023,0,0.0077469475,0
img_06673_p05_2023,0,0.0063633355,0
img_06673_p06_2023,0,0.0047477116,0
img_06673_p07_2023,0,0.00014866628,0
img_06673_p08_2023,0,0.0010045379,0
img_06673_p09_2023,0,5.2360057e-05,0
img_06763_2023,0,0.00015273498,0
img_06729_p01_2023,0,0.026546255,0
img_06729_p02_2023,0,0.10117961,0
img_06729_p03_2023,0,3.2292694e-05,0
img_06729_p04_2023,0,0.00046631947,0
img_06767_2023,0,0.0006269159,0
img_06765_2023,0,1.4280234e-05,0
img_06768_2023,0,0.00012828129,0
img_06732_p01_2023,0,0.00043832962,0
img_06732_p02_2023,0,0.00052234775,0
img_06732_p03_2023,0,0.0008935525,0
img_06732_p04_2023,0,7.013827e-05,0
img_06771_2023,0,0.00028748132,0
img_06777_2023,0,0.0025832853,0
img_06776_2023,0,0.00015024858,0
img_06781_2023,0,0.00133904,0
img_06784_2023,0,0.00068790134,0
img_06755_p01_2023,0,0.00076032814,0
img_06755_p02_2023,0,0.00014592016,0
img_06755_p03_2023,0,0.000118013806,0
img_06755_p04_2023,0,0.002767534,0
img_06790_2023,0,0.00078746857,0
img_06789_2023,0,0.0012946442,0
img_06792_2023,0,0.00014670563,0
img_06795_2023,0,0.0010333182,0
img_06796_2023,0,0.004050591,0
img_06797_2023,0,0.00035783983,0
img_06800_2023,0,0.001396151,0
img_06801_2023,0,0.0032934847,0
img_06780_p02_2023,0,0.009353093,0
img_06779_p01_2023,0,0.0019709133,0
img_06779_p02_2023,0,0.0016567924,0
img_06779_p03_2023,0,0.00081905053,0
img_06779_p04_2023,0,0.00010095179,0
img_06806_2023,0,0.00019973388,0
img_06798_p01_2023,0,0.00075339375,0
img_06798_p02_2023,0,0.00052115595,0
img_06811_2023,0,0.008912567,0
img_06808_2023,0,0.0002409889,0
img_06594_p01_2023,0,0.0006674385,0
img_06594_p02_2023,0,0.000100782214,0
img_06594_p03_2023,0,0.00095946394,0
img_06594_p06_2023,0,0.004256466,0
img_06594_p07_2023,0,0.6824048,1
img_06594_p08_2023,0,0.00040228022,0
img_06594_p09_2023,0,6.2547275e-05,0
img_06594_p10_2023,0,0.0023789236,0
img_06594_p11_2023,0,0.00087949645,0
img_06594_p12_2023,0,0.00069619814,0
img_06594_p13_2023,0,0.00027941278,0
img_06594_p14_2023,0,0.00011433653,0
img_06594_p15_2023,0,0.00019617012,0
img_06751_p02_2023,0,0.25675923,1
img_06751_p03_2023,0,0.0019862764,0
img_06751_p04_2023,0,0.020634905,0
img_06751_p05_2023,0,0.0002539706,0
img_06751_p06_2023,0,0.00035070846,0
img_06751_p07_2023,0,0.0025918027,0
img_06817_2023,0,0.0006685102,0
img_06816_2023,0,0.0016516548,0
img_06812_2023,0,2.7603286e-05,0
img_06782_p01_2023,0,0.02612766,0
img_06782_p02_2023,0,0.00013866006,0
img_06782_p03_2023,0,0.00046304628,0
img_06782_p04_2023,0,0.0033593632,0
img_06756_p01_2023,0,0.00050193776,0
img_06756_p02_2023,0,7.641015e-05,0
img_06756_p03_2023,0,0.004572703,0
img_06756_p04_2023,0,0.000106549094,0
img_06756_p05_2023,0,0.00016968364,0
img_06756_p06_2023,0,7.2796276e-05,0
img_06818_2023,0,0.002790689,0
img_06823_2023,0,0.0014372187,0
img_06824_2023,0,0.47519362,1
img_06821_2023,0,3.1904525e-05,0
img_06827_2023,0,0.0018918747,0
img_06831_2023,0,0.012904707,0
img_06814_p02_2023,0,0.0009984073,0
img_06834_2023,0,0.0019540202,0
img_06830_2023,0,0.00032293118,0
img_06836_2023,0,1.433637e-05,0
img_06841_2023,0,0.00010198195,0
img_06839_2023,0,7.34816e-05,0
img_06838_2023,0,0.00012635271,0
img_06845_2023,0,0.0011183252,0
img_06840_2023,0,0.000121174926,0
img_06842_2023,0,0.0011954432,0
img_06843_2023,0,0.0007713021,0
img_06848_2023,0,0.00018997917,0
img_06850_2023,0,0.000109859175,0
img_06849_2023,0,0.0014056426,0
img_06835_2023,0,0.044385854,0
img_06854_2023,0,0.00055273675,0
img_06851_2023,0,0.020059576,0
img_06855_2023,0,0.02905375,0
img_06846_p01_2023,0,0.00017708859,0
img_06846_p02_2023,0,0.0019726662,0
img_06861_2023,0,4.1970176e-05,0
img_06867_2023,0,0.00091386767,0
img_06866_2023,0,0.005831589,0
img_06802_p01_2023,0,8.137207e-05,0
img_06802_p02_2023,0,0.0013663521,0
img_06802_p03_2023,0,0.00013007261,0
img_06802_p04_2023,0,0.00013283797,0
img_06802_p05_2023,0,0.0011446931,0
img_06802_p06_2023,0,0.0020045978,0
img_06807_p01_2023,0,0.016007623,0
img_06807_p02_2023,0,3.3379853e-05,0
img_06807_p03_2023,0,2.9581204e-05,0
img_06807_p04_2023,0,3.763982e-05,0
img_06807_p05_2023,0,0.009636928,0
img_06807_p06_2023,0,0.00041347116,0
img_06873_2023,0,3.0703613e-06,0
img_06874_2023,0,0.00025815185,0
img_06876_2023,0,7.693541e-06,0
img_06879_2023,0,0.00024346464,0
img_06872_2023,0,0.08080984,0
img_06883_2023,0,0.00025585684,0
img_06882_2023,0,0.00018077782,0
img_06865_p02_2023,0,0.00036608576,0
img_06889_2023,0,0.00063954515,0
img_06888_2023,0,0.101039,0
img_06885_2023,0,0.00031234443,0
img_06898_2023,0,0.00021520042,0
img_06890_2023,0,0.0017077602,0
img_06897_2023,0,5.5768605e-06,0
img_06906_2023,0,0.00038953312,0
img_06904_2023,0,0.12092097,0
img_06908_2023,0,0.0026742811,0
img_06911_2023,0,0.0022966757,0
img_06903_2023,0,0.0015267143,0
img_06915_2023,0,0.001796021,0
img_06913_2023,0,0.035808794,0
img_06916_2023,0,2.5036663e-05,0
img_06912_2023,0,0.0014576196,0
img_06922_2023,0,0.00090499286,0
img_06920_2023,0,0.00012399103,0
img_06928_2023,0,0.0011897655,0
img_06926_2023,0,0.02013645,0
img_06927_2023,0,8.167492e-06,0
img_06748_p02_2023,0,0.0006821163,0
img_06748_p03_2023,0,0.7201842,1
img_06748_p06_2023,0,7.567515e-05,0
img_06748_p07_2023,0,0.00023389418,0
img_06931_2023,0,0.003262634,0
img_06929_2023,0,0.00018658141,0
img_06936_2023,0,4.208717e-05,0
img_06938_2023,0,0.0013656125,0
img_06941_2023,0,0.0024454272,0
img_06942_2023,0,0.000104802,0
img_06940_2023,0,0.005356633,0
img_05307_p01_2023,0,0.00012543508,0
img_05307_p02_2023,0,1.7620428e-05,0
img_05307_p03_2023,0,0.00025286642,0
img_05307_p04_2023,0,6.916621e-05,0
img_05307_p05_2023,0,6.489046e-05,0
img_05307_p06_2023,0,5.9610998e-06,0
img_05307_p07_2023,0,2.2805018e-06,0
img_05307_p08_2023,0,4.5679603e-06,0
img_05307_p09_2023,0,2.5477202e-06,0
img_05307_p10_2023,0,1.1253455e-05,0
img_05307_p11_2023,0,4.829459e-06,0
img_05307_p12_2023,0,1.0347088e-05,0
img_05307_p13_2023,0,2.060797e-05,0
img_05307_p14_2023,0,1.2789462e-05,0
img_05307_p15_2023,0,4.5992847e-06,0
img_05307_p16_2023,0,1.321676e-05,0
img_05307_p17_2023,0,1.1140513e-05,0
img_05307_p18_2023,0,2.1037777e-05,0
img_05307_p19_2023,0,3.0462554e-06,0
img_05307_p20_2023,0,3.2703992e-06,0
img_05307_p21_2023,0,3.0067256e-06,0
img_05307_p22_2023,0,2.6651462e-06,0
img_05307_p23_2023,0,4.3472965e-06,0
img_05307_p24_2023,0,2.3912266e-05,0
img_05307_p25_2023,0,1.679952e-05,0
img_05307_p26_2023,0,1.6877257e-05,0
img_05307_p27_2023,0,0.0008926104,0
img_05307_p28_2023,0,4.133924e-06,0
img_05307_p29_2023,0,2.600458e-06,0
img_05307_p30_2023,0,3.1991378e-06,0
img_05307_p31_2023,0,8.520927e-07,0
img_05307_p32_2023,0,6.745433e-06,0
img_05307_p33_2023,0,8.0827994e-07,0
img_05307_p34_2023,0,2.1569816e-05,0
img_05307_p35_2023,0,1.2562588e-05,0
img_05307_p36_2023,0,0.0038387694,0
img_05307_p37_2023,0,3.5378005e-05,0
img_05307_p38_2023,0,5.5253e-05,0
img_05307_p39_2023,0,2.1962624e-06,0
img_05307_p40_2023,0,8.641308e-06,0
img_05307_p41_2023,0,5.666594e-07,0
img_05307_p42_2023,0,5.9543786e-06,0
img_05307_p43_2023,0,2.7515885e-06,0
img_05307_p44_2023,0,4.3520067e-05,0
img_05307_p45_2023,0,1.0271395e-05,0
img_05307_p47_2023,0,4.5389615e-06,0
img_05307_p48_2023,0,1.4872163e-06,0
img_05307_p49_2023,0,3.1407096e-06,0
img_05307_p50_2023,0,1.19300275e-05,0
img_05307_p51_2023,0,2.4106268e-06,0
img_05307_p52_2023,0,7.751538e-06,0
img_05307_p53_2023,0,5.221878e-06,0
img_05307_p54_2023,0,0.0007372065,0
img_05307_p55_2023,0,6.743432e-05,0
img_05307_p56_2023,0,2.390816e-06,0
img_05307_p57_2023,0,1.0129797e-05,0
img_05307_p58_2023,0,3.9706924e-07,0
img_05307_p59_2023,0,9.307166e-07,0
img_05307_p60_2023,0,2.7175845e-06,0
img_05307_p61_2023,0,1.4106797e-06,0
img_05307_p62_2023,0,8.1471256e-07,0
img_05307_p63_2023,0,0.00015734861,0
img_05307_p64_2023,0,0.00014107318,0
img_05307_p65_2023,0,1.5231119e-06,0
img_05307_p66_2023,0,4.2823885e-06,0
img_05307_p67_2023,0,2.0068117e-06,0
img_05307_p68_2023,0,2.8603313e-06,0
img_05307_p69_2023,0,6.138851e-06,0
img_05307_p70_2023,0,8.736601e-06,0
img_05307_p71_2023,0,9.1776786e-07,0
img_05307_p72_2023,0,2.125514e-06,0
img_05307_p73_2023,0,3.5519617e-05,0
img_05307_p74_2023,0,5.9002093e-07,0
img_05307_p75_2023,0,0.0026100941,0
img_05307_p76_2023,0,3.2907244e-07,0
img_05307_p77_2023,0,6.800992e-05,0
img_05307_p78_2023,0,6.7227375e-05,0
img_05307_p79_2023,0,1.0832952e-05,0
img_05307_p80_2023,0,7.747163e-06,0
img_05307_p81_2023,0,1.0596859e-06,0
img_05307_p82_2023,0,3.8538047e-07,0
img_05307_p84_2023,0,3.1919546e-06,0
img_06944_2023,0,0.027978925,0
img_06934_2023,0,0.014070074,0
img_06945_2023,0,0.002539307,0
img_06946_2023,0,0.043254495,0
img_06950_2023,0,0.0013421433,0
img_06794_p08_2023,0,0.0030959346,0
img_06955_2023,0,8.892798e-05,0
img_06951_2023,0,0.052445058,0
img_06943_p01_2023,0,0.00034650788,0
img_06943_p02_2023,0,3.6438138e-05,0
img_06923_p01_2023,0,0.005438669,0
img_06923_p02_2023,0,0.0083348835,0
img_06923_p03_2023,0,3.7788323e-05,0
img_06923_p04_2023,0,0.0009224293,0
img_06956_2023,0,0.00039315448,0
img_06957_2023,0,0.0006220461,0
img_06959_2023,0,0.00077794335,0
img_06961_2023,0,0.0036898071,0
img_06963_2023,0,0.0013448296,0
img_06969_2023,0,0.016320566,0
img_06964_2023,0,6.614909e-05,0
img_06970_2023,0,0.0011680902,0
img_06966_2023,0,0.0058514886,0
img_06965_2023,0,0.00025893326,0
img_06932_p01_2023,0,0.024511177,0
img_06932_p02_2023,0,0.39490774,1
img_06932_p03_2023,0,0.037509948,0
img_06932_p04_2023,0,0.047687765,0
img_06967_2023,0,0.00013550812,0
img_06958_2023,0,2.2553722e-05,0
img_06968_2023,0,0.0181937,0
img_06971_2023,0,0.0003037775,0
img_06974_2023,0,0.0014800781,0
img_06973_2023,0,0.000149516,0
img_06979_2023,0,0.00075385015,0
img_06985_2023,0,0.39221257,1
img_06984_2023,0,0.0011010572,0
img_06988_2023,0,6.716702e-05,0
img_06989_2023,0,0.00074766343,0
img_06981_2023,0,0.008107232,0
img_06992_2023,0,1.4569312e-05,0
img_06996_2023,0,0.10486796,0
img_06994_2023,0,0.00028851372,0
img_07000_2023,0,0.0006605642,0
img_07001_2023,0,1.5198489e-05,0
img_07004_2023,0,0.0010091157,0
img_06995_2023,0,0.9138845,1
img_06891_p01_2023,0,0.00028630652,0
img_06891_p02_2023,0,0.09444024,0
img_06891_p03_2023,0,0.7189499,1
img_06891_p06_2023,0,0.0010051836,0
img_06891_p07_2023,0,0.049638364,0
img_07002_2023,0,0.00010589224,0
img_07006_2023,0,0.004109744,0
img_07007_2023,0,0.0010694829,0
img_07015_2023,0,2.6401918e-05,0
img_07014_2023,0,0.0006272039,0
img_07010_2023,0,0.0032445767,0
img_07019_2023,0,0.00045785942,0
img_07017_2023,0,0.0060824384,0
img_07020_2023,0,0.0057909847,0
img_07023_2023,0,0.008730557,0
img_07026_2023,0,0.0022680957,0
img_06993_p01_2023,0,3.950059e-05,0
img_06993_p02_2023,0,0.00010981686,0
img_07030_2023,0,0.001556791,0
img_07028_2023,0,0.00048565044,0
img_07029_2023,0,0.011446141,0
img_07031_2023,0,0.0047046044,0
img_07033_2023,0,0.0010962407,0
img_07024_2023,0,0.14242537,1
img_06986_p01_2023,0,0.00030322335,0
img_06986_p02_2023,0,0.0020823535,0
img_06986_p03_2023,0,0.00069193804,0
img_06986_p04_2023,0,0.0019137347,0
img_07038_2023,0,0.0020339652,0
img_07035_2023,0,0.0058457465,0
img_07044_2023,0,0.0016922952,0
img_07037_2023,0,0.0033002337,0
img_07041_2023,0,0.34606844,1
img_07009_p01_2023,0,0.00048755613,0
img_07009_p02_2023,0,0.00019113073,0
img_07039_2023,0,0.00044431596,0
img_07045_2023,0,0.036053132,0
img_07048_2023,0,0.0014400793,0
img_07032_2023,0,0.08955253,0
img_07049_2023,0,0.0017523683,0
img_07054_2023,0,0.000313912,0
img_07052_2023,0,9.994966e-05,0
img_07051_2023,0,0.00071792235,0
img_07053_2023,0,0.0010599919,0
img_07055_2023,0,0.0732228,0
img_07058_2023,0,0.0004671332,0
img_06982_p01_2023,0,0.00010638219,0
img_06982_p02_2023,0,0.0011890121,0
img_06982_p03_2023,0,0.0006105315,0
img_06982_p04_2023,0,2.598864e-05,0
img_07060_2023,0,0.0033232016,0
img_07059_2023,0,0.1324281,1
img_06896_p02_2023,0,0.00021420857,0
img_06896_p03_2023,0,0.00036354226,0
img_07062_2023,0,0.008149073,0
img_07057_2023,0,0.003242434,0
img_07065_2023,0,0.00034521075,0
img_07073_2023,0,6.51038e-05,0
img_07076_2023,0,0.0009778352,0
img_07071_2023,0,0.0011883859,0
img_07068_2023,0,0.0061539807,0
img_07069_2023,0,0.009851443,0
img_07079_2023,0,1.8974781e-06,0
img_07086_2023,0,0.005306811,0
img_07081_2023,0,0.001878328,0
img_07082_2023,0,0.0010541716,0
img_07085_2023,0,0.003478842,0
img_07087_2023,0,8.889128e-05,0
img_07091_2023,0,0.00024442197,0
img_07089_2023,0,0.00068950775,0
img_07083_2023,0,0.016246604,0
img_07090_2023,0,0.0001807435,0
img_07063_p02_2023,0,0.0025474897,0
img_07088_2023,0,0.030204339,0
img_07092_2023,0,0.00046368432,0
img_07094_2023,0,7.639864e-05,0
img_07095_2023,0,7.243212e-05,0
img_07099_2023,0,0.95624065,1
img_07098_2023,0,0.00025356098,0
img_07093_2023,0,0.006517585,0
img_07102_2023,0,0.013668055,0
img_07103_2023,0,0.0028022444,0
img_07105_2023,0,0.0017600851,0
img_07066_p01_2023,0,0.00042321207,0
img_07066_p02_2023,0,0.00011381777,0
img_07106_2023,0,0.0024462952,0
img_07107_2023,0,0.0006069428,0
img_07104_2023,0,0.23912041,1
img_07113_2023,0,0.0014136133,0
img_07111_2023,0,0.012007475,0
img_07115_2023,0,2.5578755e-05,0
img_07110_2023,0,2.5817993e-05,0
img_07119_2023,0,0.0007177034,0
img_07118_2023,0,0.0018079377,0
img_07120_2023,0,0.0008930298,0
img_07127_2023,0,0.01716443,0
img_07116_2023,0,0.026070442,0
img_07096_p01_2023,0,0.0010621101,0
img_07096_p02_2023,0,0.029068448,0
img_07126_2023,0,4.796201e-06,0
img_07129_2023,0,0.00019480237,0
img_07125_2023,0,0.003595119,0
img_07122_2023,0,0.0002820661,0
img_07123_2023,0,0.00013723996,0
img_07130_2023,0,0.0007266582,0
img_07133_2023,0,0.0014262423,0
img_07134_2023,0,0.00017592666,0
img_07137_2023,0,0.00024036701,0
img_07140_2023,0,7.3845185e-05,0
img_07138_2023,0,0.00015575616,0
img_07144_2023,0,0.043500196,0
img_07142_2023,0,0.008460983,0
img_07145_2023,0,0.0034459908,0
img_07149_2023,0,0.0026196737,0
img_07148_2023,0,0.00012842412,0
img_07156_2023,0,0.0011600107,0
img_07162_2023,0,0.00044653087,0
img_07150_2023,0,0.044722877,0
img_07151_2023,0,0.00035403145,0
img_07158_2023,0,0.0033973984,0
img_07147_2023,0,0.008655672,0
img_07157_2023,0,0.0015810197,0
img_07143_p01_2023,0,0.00015739663,0
img_07143_p02_2023,0,0.008486431,0
img_07161_2023,0,0.0004187739,0
img_07160_2023,0,0.00031425094,0
img_07164_2023,0,0.0048014997,0
img_07168_2023,0,0.024371399,0
img_07173_2023,0,0.00051580893,0
img_07172_2023,0,0.014618211,0
img_07167_2023,0,0.00018238992,0
img_07178_2023,0,0.007012204,0
img_07180_2023,0,0.00027323357,0
img_07185_2023,0,0.86165166,1
img_07186_2023,0,4.587878e-05,0
img_07183_2023,0,0.009390168,0
img_07184_2023,0,0.0006470433,0
img_07136_p01_2023,0,0.040407415,0
img_07136_p02_2023,0,0.010807223,0
img_07188_2023,0,0.00015532975,0
img_07190_2023,0,1.968336e-05,0
img_07189_2023,0,0.0001587535,0
img_07193_2023,0,0.004473958,0
img_07199_2023,0,0.13883492,1
img_07198_2023,0,0.0053890743,0
img_07194_2023,0,0.04049507,0
img_07204_2023,0,0.0007082411,0
img_07203_2023,0,0.16254255,1
img_07205_2023,0,0.000118472475,0
img_07210_2023,0,0.046781115,0
img_07209_2023,0,0.00016796909,0
img_07192_p01_2023,0,0.0005252593,0
img_07192_p02_2023,0,0.00020614003,0
img_07212_2023,0,0.015213139,0
img_07211_2023,0,0.00030536813,0
img_07218_2023,0,0.0014363286,0
img_07220_2023,0,3.6834255e-05,0
img_07223_2023,0,0.0022021,0
img_07219_2023,0,0.0022852872,0
img_07176_p01_2023,0,0.00066515943,0
img_07176_p02_2023,0,0.0052052327,0
img_07176_p03_2023,0,0.00157432,0
img_07176_p04_2023,0,0.0016172373,0
img_07225_2023,0,0.0009314882,0
img_07228_2023,0,0.0038086257,0
img_07232_2023,0,0.00045788998,0
img_07235_2023,0,0.02521727,0
img_07234_2023,0,0.008416399,0
img_07237_2023,0,0.010499797,0
img_07236_2023,0,0.002260602,0
img_07231_2023,0,0.23078865,1
img_07240_2023,0,0.0009704063,0
img_07241_2023,0,0.0002922013,0
img_07245_2023,0,0.00037764854,0
img_07243_2023,0,0.3054879,1
img_07244_2023,0,0.00030560346,0
img_07248_2023,0,0.0011661779,0
img_07252_2023,0,0.0006848736,0
img_07254_2023,0,0.0017524025,0
img_07257_2023,0,0.0011821233,0
img_07251_2023,0,0.012053455,0
img_07262_2023,0,5.2435615e-05,0
img_07261_2023,0,0.00038315606,0
img_07259_2023,0,0.0011443207,0
img_07265_2023,0,0.0003253201,0
img_07266_2023,0,7.312621e-05,0
img_07264_2023,0,0.000573042,0
img_07222_p01_2023,0,0.00731993,0
img_07222_p02_2023,0,0.028222408,0
img_07222_p03_2023,0,0.0015279825,0
img_07222_p04_2023,0,0.0012319819,0
img_07269_2023,0,0.0036001804,0
img_07260_2023,0,0.0005372746,0
img_07250_p01_2023,0,0.00047537734,0
img_07250_p02_2023,0,0.0026133175,0
img_07263_2023,0,6.590875e-05,0
img_07274_2023,0,0.05489747,0
img_07276_2023,0,3.9518e-05,0
img_07239_p01_2023,0,0.00049330655,0
img_07239_p02_2023,0,0.014928001,0
img_07239_p03_2023,0,0.0028186645,0
img_07239_p04_2023,0,0.6067818,1
img_07267_2023,0,0.084972695,0
img_07278_2023,0,0.001741239,0
img_07280_2023,0,0.00061280135,0
img_07283_2023,0,0.037846673,0
img_07277_2023,0,0.027635492,0
img_07112_p01_2023,0,7.8998026e-05,0
img_07112_p02_2023,0,7.104142e-05,0
img_07112_p03_2023,0,0.0005276257,0
img_07112_p04_2023,0,0.0009806855,0
img_07112_p05_2023,0,0.00033158227,0
img_07112_p06_2023,0,0.00028920002,0
img_07112_p07_2023,0,0.005118906,0
img_07112_p08_2023,0,0.0010740996,0
img_07233_p01_2023,0,0.0005846034,0
img_07233_p02_2023,0,0.027506167,0
img_07233_p03_2023,0,0.00022256824,0
img_07233_p04_2023,0,0.0004828196,0
img_07282_2023,0,0.028015349,0
img_07288_2023,0,0.0019281199,0
img_07284_2023,0,0.002183961,0
img_07289_2023,0,0.054692194,0
img_07275_2023,0,0.026023326,0
img_07290_2023,0,0.006857994,0
img_07271_2023,0,0.0006009996,0
img_07281_2023,0,0.0004417811,0
img_07291_2023,0,0.00030523192,0
img_07292_2023,0,0.00020179956,0
img_07295_2023,0,0.0027718525,0
img_07300_2023,0,0.00022925781,0
img_07246_p01_2023,0,4.857407e-05,0
img_07246_p02_2023,0,7.339098e-05,0
img_07246_p03_2023,0,6.7460816e-05,0
img_07301_2023,0,0.009854442,0
img_07298_2023,0,0.09060864,0
img_07302_2023,0,0.0015775401,0
img_07305_2023,0,0.0018321754,0
img_07306_2023,0,5.251493e-06,0
img_07310_2023,0,0.00011553576,0
img_07311_2023,0,7.380555e-05,0
img_07316_2023,0,0.00022618557,0
img_07314_2023,0,1.3440417e-05,0
img_07317_2023,0,0.001317131,0
img_07319_2023,0,0.00036053418,0
img_07323_2023,0,0.000120305216,0
img_07329_2023,0,0.0005610553,0
img_07326_2023,0,0.007980607,0
img_07330_2023,0,0.027688693,0
img_07334_2023,0,0.012871671,0
img_07338_2023,0,0.00031489425,0
img_07333_2023,0,0.11249165,0
img_07346_2023,0,0.0013011155,0
img_07348_2023,0,0.0013219682,0
img_07353_2023,0,0.00047583235,0
img_07354_2023,0,0.0011920938,0
img_07355_2023,0,0.013557283,0
img_07297_p01_2023,0,0.004434272,0
img_07297_p03_2023,0,1.7458333e-05,0
img_07297_p04_2023,0,0.00444438,0
img_07356_2023,0,0.00080836477,0
img_07335_p01_2023,0,0.003215599,0
img_07335_p02_2023,0,0.00022458399,0
img_07359_2023,0,0.00017592983,0
img_07365_2023,0,0.0022679262,0
img_07363_2023,0,2.8296692e-05,0
img_07360_2023,0,0.00012771838,0
img_07374_2023,0,0.0029269755,0
img_07367_2023,0,5.7272948e-05,0
img_07376_2023,0,0.00014965977,0
img_07378_2023,0,0.00022075616,0
img_07381_2023,0,0.000503219,0
img_07370_2023,0,0.036816705,0
img_07373_2023,0,0.00040541124,0
img_07385_2023,0,0.0003169103,0
img_07380_2023,0,0.32908255,1
img_07384_2023,0,0.00046807277,0
img_07383_2023,0,0.00026685465,0
img_07386_2023,0,0.00069837715,0
img_07387_2023,0,0.003052276,0
img_07390_2023,0,0.0011186533,0
img_07393_2023,0,0.0001705508,0
img_07397_2023,0,0.0060164854,0
img_07379_2023,0,0.007720897,0
img_07401_2023,0,0.007459948,0
img_07398_2023,0,0.0012790151,0
img_07406_2023,0,0.004124752,0
img_07403_2023,0,0.0025711113,0
img_07407_2023,0,0.030935396,0
img_07405_2023,0,0.00032478743,0
img_07377_p01_2023,0,0.00030907415,0
img_07377_p02_2023,0,0.0018224533,0
img_07409_2023,0,0.00011200392,0
img_07410_2023,0,6.165589e-05,0
img_07412_2023,0,0.007027054,0
img_07411_2023,0,0.00017625086,0
img_07415_2023,0,0.0006047618,0
img_07420_2023,0,0.0026905292,0
img_07419_2023,0,0.0001513294,0
img_07417_2023,0,0.0022101253,0
img_07423_2023,0,0.0001861908,0
img_07425_2023,0,0.0048999763,0
img_07428_2023,0,0.8024121,1
img_07416_2023,0,0.45749345,1
img_07432_2023,0,0.00018694646,0
img_07436_2023,0,0.001505456,0
img_07433_2023,0,0.0013291119,0
img_07430_2023,0,0.0007291415,0
img_07322_p02_2023,0,0.00063709257,0
img_07322_p03_2023,0,1.8586883e-05,0
img_07322_p04_2023,0,0.00074878003,0
img_07322_p05_2023,0,0.00018983395,0
img_07322_p06_2023,0,1.2118798e-05,0
img_07322_p07_2023,0,6.0527236e-05,0
img_07322_p08_2023,0,0.00038480386,0
img_06495_p01_2023,0,0.0040897997,0
img_06495_p02_2023,0,0.00969135,0
img_06495_p03_2023,0,0.02680785,0
img_06495_p04_2023,0,0.017078344,0
img_06495_p05_2023,0,0.26228982,1
img_06495_p06_2023,0,0.0017816365,0
img_07441_2023,0,0.009783951,0
img_07442_2023,0,8.083022e-06,0
img_07394_p01_2023,0,0.005248475,0
img_07394_p02_2023,0,0.0010542801,0
img_07443_2023,0,9.417831e-05,0
img_07437_2023,0,0.0018192251,0
img_07448_2023,0,0.00039036767,0
img_07446_2023,0,0.00038907293,0
img_07447_2023,0,9.104873e-05,0
img_07440_2023,0,0.006368523,0
img_07451_2023,0,0.00089509954,0
img_07449_2023,0,6.8113506e-05,0
img_07453_2023,0,0.00024369899,0
img_07455_2023,0,0.00017660514,0
img_07461_2023,0,0.004436549,0
img_07460_2023,0,0.0040416806,0
img_07439_p01_2023,0,0.020118248,0
img_07439_p02_2023,0,0.005778701,0
img_07456_2023,0,0.003464908,0
img_07464_2023,0,0.0009879062,0
img_07472_2023,0,0.004748491,0
img_07467_2023,0,0.009940867,0
img_07475_2023,0,0.019951092,0
img_07476_2023,0,0.011318587,0
img_07471_2023,0,0.22558169,1
img_07465_2023,0,0.010905248,0
img_07339_p01_2023,0,0.005371236,0
img_07339_p02_2023,0,0.0063400627,0
img_07339_p03_2023,0,0.0152845215,0
img_07339_p04_2023,0,0.0067422106,0
img_07339_p05_2023,0,5.0727514e-05,0
img_07339_p06_2023,0,0.00058970577,0
img_07477_2023,0,0.00070678233,0
img_07473_2023,0,0.037736073,0
img_07478_2023,0,0.03162737,0
img_07468_2023,0,0.0017016828,0
img_07470_2023,0,0.0026335644,0
img_07481_2023,0,0.0006102947,0
img_07482_2023,0,0.0106500285,0
img_07479_2023,0,0.0076347245,0
img_07489_2023,0,0.0024876015,0
img_07486_2023,0,0.0031311857,0
img_07484_2023,0,0.0021123216,0
img_07495_2023,0,0.0001554683,0
img_07499_2023,0,0.0010914473,0
img_07490_2023,0,0.98035365,1
img_07502_2023,0,0.000121995196,0
img_07494_2023,0,0.0035645035,0
img_07493_2023,0,0.0010466464,0
img_07501_2023,0,0.0020709794,0
img_07505_2023,0,0.01022364,0
img_07510_2023,0,0.13599731,1
img_07503_2023,0,8.325823e-05,0
img_07508_2023,0,0.0047137677,0
img_07513_2023,0,0.0012374924,0
img_07514_2023,0,0.028669221,0
img_07469_p01_2023,0,8.198083e-05,0
img_07469_p02_2023,0,0.00012071753,0
img_07469_p03_2023,0,0.012214603,0
img_07469_p04_2023,0,0.0031586948,0
img_07515_2023,0,0.008060363,0
img_07491_p01_2023,0,0.0014294575,0
img_07491_p02_2023,0,0.00012329825,0
img_07516_2023,0,0.0053037507,0
img_07509_2023,0,0.019718392,0
img_07520_2023,0,0.02050016,0
img_07524_2023,0,0.11841243,0
img_07518_2023,0,0.0014809755,0
img_07506_2023,0,0.0013455816,0
img_07521_2023,0,0.0003986117,0
img_07529_2023,0,0.0022272523,0
img_07530_2023,0,0.0016301133,0
img_07531_2023,0,0.00040645959,0
img_07522_2023,0,0.0010803096,0
img_07536_2023,0,0.0063983165,0
img_07532_2023,0,0.0011328236,0
img_07534_2023,0,0.0005398606,0
img_07539_2023,0,0.00077477173,0
img_07542_2023,0,0.016558208,0
img_07543_2023,0,0.024266182,0
img_07540_2023,0,0.0017766249,0
img_07547_2023,0,8.69866e-05,0
img_07545_2023,0,0.00034479072,0
img_07544_2023,0,9.413359e-05,0
img_07533_2023,0,0.000775039,0
img_07551_2023,0,5.0646067e-05,0
img_07556_2023,0,0.3664828,1
img_07557_2023,0,0.0032425974,0
img_07554_2023,0,0.0026768083,0
img_07553_2023,0,0.0002512802,0
img_07561_2023,0,0.00061217084,0
img_07562_2023,0,0.015930856,0
img_07555_2023,0,6.1514475e-05,0
img_07565_2023,0,0.01762151,0
img_07566_2023,0,0.003199381,0
img_07570_2023,0,0.0051077963,0
img_07559_2023,0,0.020512665,0
img_07576_2023,0,0.0017695827,0
img_07577_2023,0,0.011530377,0
img_07588_2023,0,0.0011459029,0
img_07581_2023,0,0.006364496,0
img_07578_2023,0,0.004970634,0
img_07590_2023,0,0.00044296123,0
img_07585_2023,0,0.0023757108,0
img_07580_2023,0,0.0014290118,0
img_07586_2023,0,0.9692387,1
img_07584_2023,0,0.00023716493,0
img_07591_2023,0,0.00010456502,0
img_07599_2023,0,0.0007741968,0
img_07596_2023,0,0.05321009,0
img_07593_2023,0,2.7811313e-05,0
img_07604_2023,0,2.3927934e-05,0
img_07607_2023,0,1.6479715e-05,0
img_07608_2023,0,0.00012736823,0
img_07609_2023,0,0.0003348722,0
img_07597_p01_2023,0,5.146248e-05,0
img_07597_p02_2023,0,9.658115e-05,0
img_07603_2023,0,0.00095508655,0
img_07610_2023,0,0.008441,0
img_07615_2023,0,1.9758796e-05,0
img_07606_2023,0,0.00795471,0
img_07617_2023,0,0.008185603,0
img_07574_p01_2023,0,5.226647e-05,0
img_07574_p02_2023,0,7.818384e-05,0
img_07574_p03_2023,0,6.283705e-05,0
img_07621_2023,0,0.010201102,0
img_07620_2023,0,0.00053000764,0
img_07622_2023,0,8.733152e-05,0
img_07619_2023,0,0.0038387328,0
img_07618_2023,0,0.0001081015,0
img_07625_2023,0,0.002902069,0
img_07611_p01_2023,0,0.0012298679,0
img_07611_p02_2023,0,0.012643901,0
img_07517_p01_2023,0,0.0027617444,0
img_07517_p02_2023,0,0.0022716087,0
img_07517_p03_2023,0,0.0019729564,0
img_07517_p04_2023,0,0.0009818269,0
img_07634_2023,0,0.13940845,1
img_07631_2023,0,0.02523918,0
img_07640_2023,0,0.026503451,0
img_07638_2023,0,0.0069974107,0
img_07632_2023,0,3.795308e-05,0
img_07642_2023,0,0.010339428,0
img_07635_2023,0,0.0034058625,0
img_07637_2023,0,0.00018910265,0
img_07646_2023,0,0.00024898528,0
img_07647_2023,0,0.0015683927,0
img_07650_2023,0,0.001928507,0
img_07651_2023,0,0.024020113,0
img_07645_2023,0,0.4701686,1
img_07652_2023,0,0.07139626,0
img_07655_2023,0,0.00086830975,0
img_07653_2023,0,0.16988558,1
img_07665_2023,0,2.1804555e-05,0
img_07526_p01_2023,0,0.00040939008,0
img_07526_p02_2023,0,0.001763615,0
img_07526_p03_2023,0,0.0007391164,0
img_07526_p04_2023,0,0.00091990206,0
img_07528_p01_2023,0,0.018794866,0
img_07528_p03_2023,0,0.00044193317,0
img_07528_p04_2023,0,0.001144583,0
img_07671_2023,0,0.004056279,0
img_07672_2023,0,0.0003472531,0
img_07670_2023,0,9.582213e-05,0
img_07667_2023,0,0.0005569758,0
img_07677_2023,0,0.007770838,0
img_07675_2023,0,3.1333948e-05,0
img_07679_2023,0,0.0023040606,0
img_07669_2023,0,0.012195087,0
img_07683_2023,0,0.0021001156,0
img_07689_2023,0,0.00024128502,0
img_07676_2023,0,0.0731232,0
img_07686_2023,0,0.003368642,0
img_07685_2023,0,0.001975165,0
img_07682_2023,0,0.10652397,0
img_07680_2023,0,0.00017854586,0
img_07693_2023,0,0.00023073914,0
img_07695_2023,0,0.0034652983,0
img_07696_2023,0,0.004048162,0
img_07699_2023,0,9.108711e-05,0
img_07706_2023,0,0.00063854514,0
img_07702_2023,0,0.0009083045,0
img_07704_2023,0,0.0002805141,0
img_07700_2023,0,0.00025065616,0
img_07717_2023,0,0.0069049885,0
img_07713_2023,0,0.00036821456,0
img_07715_2023,0,8.555578e-06,0
img_07711_2023,0,0.002664509,0
img_07710_2023,0,0.00027312053,0
img_07708_2023,0,0.0003871861,0
img_07714_2023,0,0.057087388,0
img_07716_2023,0,0.0005069528,0
img_07726_2023,0,0.0024455218,0
img_07721_2023,0,0.00065081124,0
img_07731_2023,0,0.006583516,0
img_07728_2023,0,0.0067812228,0
img_07727_2023,0,0.001949174,0
img_07729_2023,0,0.0006600482,0
img_07734_2023,0,7.109821e-05,0
img_07735_2023,0,0.005669768,0
img_07741_2023,0,0.24798293,1
img_07730_2023,0,0.0014253326,0
img_07732_2023,0,0.0013024241,0
img_07740_2023,0,0.183733,1
img_07747_2023,0,0.012317303,0
img_07745_2023,0,0.0008044611,0
img_07736_2023,0,0.6126202,1
img_07752_2023,0,0.002656874,0
img_07749_2023,0,0.0036628158,0
img_07755_2023,0,0.0021368656,0
img_07748_2023,0,0.24593838,1
img_07756_2023,0,0.00091625476,0
img_07751_2023,0,0.013501546,0
img_07759_2023,0,0.00070749904,0
img_07743_2023,0,0.22206137,1
img_07762_2023,0,0.003325987,0
img_07754_2023,0,0.0011494139,0
img_07765_2023,0,0.0008191539,0
img_07656_p01_2023,0,0.002818064,0
img_07656_p02_2023,0,0.029838592,0
img_07656_p03_2023,0,3.3296874e-05,0
img_07656_p04_2023,0,0.011969075,0
img_07656_p05_2023,0,0.003148485,0
img_07761_2023,0,0.0026277134,0
img_07768_2023,0,0.0004158716,0
img_07764_2023,0,0.0008237907,0
img_07737_p01_2023,0,4.8877264e-05,0
img_07737_p02_2023,0,0.00021333153,0
img_07771_2023,0,0.030845333,0
img_07780_2023,0,5.4888173e-05,0
img_07766_2023,0,0.0029125467,0
img_07778_2023,0,0.0008704159,0
img_07781_2023,0,0.0046592304,0
img_07775_2023,0,0.0002442151,0
img_07779_2023,0,3.6685724e-05,0
img_07784_2023,0,0.015736638,0
img_07795_2023,0,4.561324e-05,0
img_07770_2023,0,0.002649141,0
img_07796_2023,0,0.0023921123,0
img_07783_2023,0,0.0004913716,0
img_07797_2023,0,0.0019777995,0
img_07760_p01_2023,0,0.037022952,0
img_07760_p02_2023,0,0.015005125,0
img_07794_2023,0,0.00089396595,0
img_07791_2023,0,0.0032664184,0
img_07787_2023,0,0.0004020914,0
img_07792_2023,0,0.06726998,0
img_07808_2023,0,0.04690834,0
img_07785_2023,0,2.6373433e-05,0
img_07802_2023,0,0.0006327119,0
img_07814_2023,0,0.00058106316,0
img_07803_2023,0,0.007018582,0
img_07805_2023,0,0.008667287,0
img_07806_2023,0,0.21348058,1
img_07819_2023,0,0.70397335,1
img_07813_2023,0,0.005728416,0
img_07820_2023,0,0.0026596007,0
img_07800_2023,0,8.174772e-05,0
img_07823_2023,0,0.0009140478,0
img_07810_2023,0,0.00020278267,0
img_07821_2023,0,0.013471399,0
img_07817_2023,0,0.00020756242,0
img_07831_2023,0,0.00018587806,0
img_07829_2023,0,0.010651285,0
img_07833_2023,0,0.00028847027,0
img_07837_2023,0,0.001554373,0
img_07836_2023,0,0.9196087,1
img_07839_2023,0,0.02694996,0
img_07822_2023,0,0.06311912,0
img_07838_2023,0,7.3533396e-05,0
img_07842_2023,0,0.00039390326,0
img_07844_2023,0,0.012794295,0
img_07828_2023,0,0.016552564,0
img_07841_2023,0,3.4351073e-05,0
img_07843_2023,0,0.0066209636,0
img_07834_2023,0,0.00031540415,0
img_07840_2023,0,0.0006974264,0
img_07846_2023,0,0.0005831009,0
img_07848_2023,0,0.0067086564,0
img_07858_2023,0,0.010150783,0
img_07855_2023,0,1.7132947e-05,0
img_07854_2023,0,0.006488531,0
img_07807_p02_2023,0,0.001222539,0
img_07856_2023,0,0.0008173679,0
img_07859_2023,0,0.0009767119,0
img_07863_2023,0,0.005792569,0
img_07865_2023,0,7.272481e-05,0
img_07866_2023,0,1.4479983e-05,0
img_07860_2023,0,0.0007861033,0
img_07868_2023,0,0.01631028,0
img_07873_2023,0,0.0779342,0
img_07871_2023,0,0.018286975,0
img_07870_2023,0,0.0017856047,0
img_07869_2023,0,0.007817124,0
img_07872_2023,0,0.009454367,0
img_07876_2023,0,0.009412412,0
img_07883_2023,0,0.0028814303,0
img_07875_2023,0,0.00049388263,0
img_07880_2023,0,0.19495149,1
img_07879_2023,0,0.0065231086,0
img_07877_2023,0,0.001182735,0
img_07890_2023,0,0.0022755188,0
img_07893_2023,0,0.002150278,0
img_07891_2023,0,0.0013178487,0
img_07889_2023,0,0.002804092,0
img_07896_2023,0,0.013291405,0
img_07888_2023,0,0.14659922,1
img_07903_2023,0,8.714011e-05,0
img_07902_2023,0,0.0003701155,0
img_07899_2023,0,2.570643e-05,0
img_07906_2023,0,0.0021217978,0
img_07885_p01_2023,0,0.0007420908,0
img_07885_p02_2023,0,0.00034912242,0
img_07897_2023,0,0.0038912834,0
img_07915_2023,0,0.0025867375,0
img_07912_2023,0,0.00010234084,0
img_07914_2023,0,0.0071469396,0
img_07918_2023,0,0.004237905,0
img_07917_2023,0,0.0022046336,0
img_07928_2023,0,0.0027183094,0
img_07923_2023,0,0.003504669,0
img_07913_2023,0,0.0017524809,0
img_07929_2023,0,2.408657e-05,0
img_07932_2023,0,0.00025521827,0
img_07931_2023,0,0.0011508601,0
img_07935_2023,0,0.00075303885,0
img_07937_2023,0,0.00012383849,0
img_07942_2023,0,0.0007537302,0
img_07940_2023,0,0.00065838237,0
img_07936_2023,0,0.023015017,0
img_07938_2023,0,0.00031301216,0
img_07939_2023,0,0.89343005,1
img_07916_2023,0,0.40265962,1
img_07943_2023,0,0.006164214,0
img_07946_2023,0,0.0018279847,0
img_07949_2023,0,0.0002156155,0
img_07947_2023,0,0.0010845145,0
img_07952_2023,0,0.0006225473,0
img_07933_2023,0,0.006637314,0
img_07954_2023,0,0.018306477,0
img_07955_2023,0,0.13507508,1
img_07956_2023,0,0.0021672917,0
img_07963_2023,0,0.00029370224,0
img_07958_2023,0,0.0014076969,0
img_07960_2023,0,0.0097755,0
img_07948_p01_2023,0,0.0018490577,0
img_07948_p02_2023,0,0.000507941,0
img_07959_2023,0,0.0023625798,0
img_07966_2023,0,0.0008719392,0
img_07967_2023,0,0.00016200564,0
img_07969_2023,0,0.0028588234,0
img_07922_p01_2023,0,0.0018435743,0
img_07922_p02_2023,0,0.019447912,0
img_07922_p03_2023,0,0.0010042767,0
img_07922_p04_2023,0,0.027895298,0
img_07968_2023,0,6.0893417e-05,0
img_07962_2023,0,0.0065985057,0
img_07975_2023,0,0.005865969,0
img_07977_2023,0,0.014909452,0
img_07974_2023,0,0.012222735,0
img_07980_2023,0,0.0005779532,0
img_07987_2023,0,0.0014386243,0
img_07983_2023,0,0.0010367666,0
img_07886_p01_2023,0,0.00021303353,0
img_07886_p02_2023,0,6.979013e-05,0
img_07886_p03_2023,0,0.00048224325,0
img_07886_p04_2023,0,0.0022951039,0
img_07986_2023,0,0.00024288688,0
img_07989_2023,0,0.0009496599,0
img_07990_2023,0,0.0038744854,0
img_07991_2023,0,8.6851665e-05,0
img_07994_2023,0,0.0064537628,0
img_07996_2023,0,0.027877549,0
img_07978_2023,0,4.2612915e-05,0
img_07997_2023,0,2.8153015e-06,0
img_08000_2023,0,0.0010813001,0
img_07982_2023,0,0.005149068,0
img_08003_2023,0,0.00043770808,0
img_08001_2023,0,0.00065982464,0
img_07953_p02_2023,0,0.0015622698,0
img_07953_p03_2023,0,0.007305617,0
img_07953_p04_2023,0,0.0020254238,0
img_08010_2023,0,0.00020402098,0
img_08007_2023,0,6.5700166e-05,0
img_08009_2023,0,0.00041128922,0
img_08012_2023,0,0.024416951,0
img_08016_2023,0,0.031975884,0
img_08017_2023,0,0.00013979408,0
img_08008_2023,0,0.11488321,0
img_08018_2023,0,0.00029925836,0
img_08011_2023,0,1.976217e-05,0
img_08020_2023,0,0.0011146978,0
img_08021_2023,0,0.068534434,0
img_07961_p01_2023,0,0.001554831,0
img_07961_p02_2023,0,0.00054082955,0
img_07961_p03_2023,0,0.0003712941,0
img_07961_p04_2023,0,0.00018241373,0
img_08019_2023,0,0.013445347,0
img_08013_2023,0,0.0013702641,0
img_08025_2023,0,0.0048572333,0
img_08023_2023,0,0.003131778,0
img_08026_2023,0,0.0005794115,0
img_08022_2023,0,0.16013196,1
img_08024_2023,0,0.07380795,0
img_08030_2023,0,0.21046196,1
img_08032_2023,0,0.02137368,0
img_08028_2023,0,0.0008297836,0
img_08029_2023,0,0.005076919,0
img_08034_2023,0,0.0006912717,0
img_08033_2023,0,0.0017881988,0
img_08036_2023,0,0.0071150423,0
img_08038_2023,0,0.00041845487,0
img_08046_2023,0,0.00043235772,0
img_08044_2023,0,0.007378988,0
img_08047_2023,0,0.004876549,0
img_08042_2023,0,0.002822229,0
img_08043_2023,0,0.0045485054,0
img_08045_2023,0,0.075007655,0
img_08039_2023,0,0.3269503,1
img_08049_2023,0,0.08111717,0
img_08041_2023,0,0.0014930029,0
img_08052_2023,0,0.0006934653,0
img_08053_2023,0,7.3959636e-05,0
img_08055_2023,0,0.04910765,0
img_08054_2023,0,0.0030194046,0
img_08051_2023,0,0.0004300673,0
img_08050_2023,0,0.003283242,0
img_08057_2023,0,0.0021320912,0
img_08048_2023,0,0.2120276,1
img_08063_2023,0,5.7843677e-05,0
img_08059_2023,0,0.0010863552,0
img_08056_2023,0,0.013767704,0
img_08065_2023,0,0.0005854272,0
img_08058_2023,0,0.053532038,0
img_08067_2023,0,0.006226625,0
img_08062_2023,0,0.00071726,0
img_08073_2023,0,0.00045637073,0
img_08071_2023,0,0.00018893792,0
img_08070_2023,0,0.019552713,0
img_08061_2023,0,0.00021089088,0
img_08072_2023,0,0.00043979552,0
img_07965_p01_2023,0,0.003076958,0
img_07965_p02_2023,0,0.00037919942,0
img_07965_p03_2023,0,0.00073383015,0
img_07965_p04_2023,0,0.0011082418,0
img_07965_p05_2023,0,0.0019436078,0
img_08066_2023,0,3.3588174e-05,0
img_08078_2023,0,0.00044523113,0
img_08069_2023,0,0.40426928,1
img_08077_2023,0,9.8881255e-06,0
img_08083_2023,0,0.0050179823,0
img_08075_2023,0,0.00023125342,0
img_08074_2023,0,0.0011097942,0
img_08006_p01_2023,0,0.0017002174,0
img_08006_p02_2023,0,0.0013327232,0
img_08006_p03_2023,0,0.026514303,0
img_08006_p04_2023,0,0.38020575,1
img_08081_2023,0,0.0014841788,0
img_08086_2023,0,0.007352321,0
img_08084_2023,0,0.0026641453,0
img_08076_2023,0,0.000977553,0
img_08088_2023,0,0.117514364,0
img_08085_2023,0,0.0058032833,0
img_08093_2023,0,8.870652e-06,0
img_08096_2023,0,0.0011467044,0
img_08097_2023,0,2.7189687e-06,0
img_08099_2023,0,0.001521255,0
img_08098_2023,0,0.004922737,0
img_08094_2023,0,0.0205816,0
img_08100_2023,0,0.007091871,0
img_08102_2023,0,0.001257985,0
img_08103_2023,0,0.005891655,0
img_08095_2023,0,0.4261487,1
img_08101_2023,0,0.00045560443,0
img_08104_2023,0,0.0071249767,0
img_08106_2023,0,0.0009914945,0
img_08109_2023,0,0.0008874523,0
img_08111_2023,0,3.3755183e-05,0
img_08110_2023,0,0.0075499704,0
img_08107_2023,0,0.0040237107,0
img_08115_2023,0,0.037916634,0
img_08122_2023,0,0.001075865,0
img_08112_2023,0,0.0033988892,0
img_08114_2023,0,0.04083365,0
img_08116_2023,0,0.7489037,1
img_08120_2023,0,0.050971594,0
img_08108_2023,0,0.10902275,0
img_08123_2023,0,0.014658033,0
img_08126_2023,0,0.0039151288,0
img_08124_2023,0,0.03217806,0
img_08127_2023,0,0.0002975976,0
img_08117_2023,0,0.19852288,1
img_08128_2023,0,0.0005188188,0
img_08131_2023,0,0.00014088323,0
img_08140_2023,0,0.002068655,0
img_08134_2023,0,0.8151904,1
img_08135_2023,0,0.000612491,0
img_08137_2023,0,0.005075118,0
img_08138_2023,0,5.5643657e-05,0
img_08125_2023,0,0.90132535,1
img_08142_2023,0,0.0007196036,0
img_08145_2023,0,1.2664619e-05,0
img_08139_2023,0,0.018236067,0
img_08143_2023,0,0.3257121,1
img_08146_2023,0,0.000580711,0
img_08087_p01_2023,0,0.028690876,0
img_08087_p02_2023,0,0.005978349,0
img_08087_p03_2023,0,0.47335234,1
img_08087_p04_2023,0,0.8485644,1
img_08154_2023,0,0.0008524529,0
img_08151_2023,0,0.0005029984,0
img_08147_2023,0,0.0017235818,0
img_08148_2023,0,0.024092628,0
img_08156_2023,0,6.253689e-05,0
img_08141_2023,0,2.1174323e-05,0
img_08152_2023,0,0.029608289,0
img_08155_2023,0,0.0013453861,0
img_08150_2023,0,0.0004528981,0
img_08149_2023,0,0.0057387506,0
img_08157_2023,0,0.0002435949,0
img_08132_2023,0,0.00023310562,0
img_08144_2023,0,0.051379185,0
img_08160_2023,0,0.0015891524,0
img_08164_2023,0,0.0003792972,0
img_08165_2023,0,0.0028516583,0
img_08169_2023,0,0.00078541593,0
img_08166_2023,0,0.0029784404,0
img_08176_2023,0,0.0009567432,0
img_08173_2023,0,0.0035807518,0
img_08170_2023,0,0.04696812,0
img_08171_2023,0,0.008412158,0
img_08163_2023,0,0.04425318,0
img_08175_2023,0,0.043514233,0
img_08179_2023,0,1.0497278e-05,0
img_08181_2023,0,0.0072376514,0
img_08178_2023,0,2.6462565e-05,0
img_08184_2023,0,0.033213433,0
img_08182_2023,0,0.0054869507,0
img_08180_2023,0,0.008167188,0
img_08185_2023,0,0.005263905,0
img_08193_2023,0,0.0043082256,0
img_08187_2023,0,0.0017318858,0
img_08191_2023,0,0.0070114834,0
img_08192_2023,0,5.7943664e-05,0
img_08190_2023,0,0.0046785064,0
img_08197_2023,0,0.00041007693,0
img_08198_2023,0,0.0019795077,0
img_08188_2023,0,0.0002088801,0
img_08196_2023,0,0.013167427,0
img_08199_2023,0,0.011982424,0
img_08205_2023,0,0.0024335056,0
img_08194_2023,0,0.0015591676,0
img_08204_2023,0,0.7137517,1
img_08207_2023,0,0.011492895,0
img_08203_2023,0,0.0011576501,0
img_08208_2023,0,0.08959198,0
img_08211_2023,0,0.0018912769,0
img_08200_2023,0,0.0064716344,0
img_08210_2023,0,0.002815412,0
img_08206_2023,0,0.02523511,0
img_08209_2023,0,0.0038757352,0
img_08212_2023,0,0.0010799335,0
img_08215_2023,0,0.112193264,0
img_08219_2023,0,0.011216994,0
img_08221_2023,0,0.0002858208,0
img_08220_2023,0,0.0023009542,0
img_08218_2023,0,0.15558277,1
img_08223_2023,0,0.0067232787,0
img_08214_2023,0,0.0015596293,0
img_08225_2023,0,3.0356121e-05,0
img_08224_2023,0,0.33031934,1
img_08217_2023,0,0.09395997,0
img_08216_2023,0,0.0011608525,0
img_08228_2023,0,0.067354016,0
img_08229_2023,0,0.002318906,0
img_08230_2023,0,0.017515818,0
img_08233_2023,0,0.021284387,0
img_08239_2023,0,0.22321685,1
img_08234_2023,0,0.0023231492,0
img_08231_2023,0,0.00039906416,0
img_08240_2023,0,0.005089189,0
img_08237_2023,0,0.031314645,0
img_08232_2023,0,0.32701036,1
img_08244_2023,0,0.37379718,1
img_08241_2023,0,0.0041801096,0
img_08242_2023,0,0.019824997,0
img_08243_2023,0,0.04336819,0
img_08246_2023,0,5.3764627e-05,0
img_08236_2023,0,0.0022586714,0
img_08189_p01_2023,0,0.5225039,1
img_08189_p02_2023,0,0.06529636,0
img_08189_p03_2023,0,0.0023392297,0
img_08245_2023,0,0.02575094,0
img_08248_2023,0,0.0010775231,0
img_08253_2023,0,0.12022381,0
img_08202_p01_2023,0,0.08977535,0
img_08202_p02_2023,0,0.0309348,0
img_08254_2023,0,4.4358458e-05,0
img_08251_2023,0,0.002001574,0
img_08252_2023,0,0.004384661,0
img_08250_2023,0,2.5903226e-05,0
img_08257_2023,0,0.026668636,0
img_08256_2023,0,0.027423672,0
img_08258_2023,0,0.0024447993,0
img_08249_2023,0,0.10765093,0
img_08255_2023,0,0.19426718,1
img_08261_2023,0,1.9820834e-06,0
img_08263_2023,0,0.00048846274,0
img_08259_2023,0,0.14099579,1
img_08262_2023,0,0.23591317,1
img_08267_2023,0,0.0066212113,0
img_08268_2023,0,0.0013017303,0
img_08264_2023,0,0.0015841345,0
img_08276_2023,0,0.083997,0
img_08275_2023,0,0.014940894,0
img_08271_2023,0,0.5306206,1
img_08272_2023,0,0.054678664,0
img_08277_2023,0,0.07000273,0
img_08279_2023,0,9.9324956e-05,0
img_08278_2023,0,0.026838759,0
img_08274_2023,0,1.5061618e-05,0
img_08283_2023,0,0.0014512747,0
img_08282_2023,0,0.0028064088,0
img_08281_2023,0,0.0006645233,0
img_08280_2023,0,0.99564457,1
img_08288_2023,0,0.00097649544,0
img_08290_2023,0,1.2309157e-05,0
img_08295_2023,0,0.16698927,1
img_08294_2023,0,0.000103682825,0
img_08297_2023,0,0.019829106,0
img_08292_2023,0,0.34898695,1
img_08304_2023,0,0.0015382299,0
img_08300_2023,0,0.017947694,0
img_08299_2023,0,0.13262926,1
img_08298_2023,0,0.030794315,0
img_08308_2023,0,0.19438665,1
img_08302_2023,0,0.0060539143,0
img_08310_2023,0,0.0040739668,0
img_08303_2023,0,0.028713906,0
img_08309_2023,0,0.0013977701,0
img_08311_2023,0,0.001129501,0
img_08314_2023,0,0.010574988,0
img_08312_2023,0,0.0034769746,0
img_08315_2023,0,0.0015331265,0
img_08318_2023,0,0.4967424,1
img_08317_2023,0,0.12118915,0
img_08322_2023,0,0.03281134,0
img_08325_2023,0,0.0022807904,0
img_08324_2023,0,0.00027166127,0
img_08320_2023,0,0.004114116,0
img_08321_2023,0,0.0018461926,0
img_08319_2023,0,0.014504704,0
img_08313_2023,0,0.056390923,0
img_08326_2023,0,0.0010848545,0
img_08323_2023,0,0.015766378,0
img_08328_2023,0,0.007328701,0
img_08332_2023,0,0.00736871,0
img_08331_2023,0,0.0076608197,0
img_08334_2023,0,0.0008526576,0
img_08337_2023,0,0.004831446,0
img_08333_2023,0,0.0047597517,0
img_08336_2023,0,0.0073357224,0
img_08329_2023,0,0.5481985,1
img_08341_2023,0,0.066791266,0
img_08338_2023,0,0.0017572589,0
img_08335_2023,0,0.03336338,0
img_08342_2023,0,0.69308275,1
img_08340_2023,0,0.00023373768,0
img_08343_2023,0,0.00938389,0
img_08344_2023,0,0.0006495648,0
img_08349_2023,0,0.0036418354,0
img_08339_2023,0,0.013173034,0
img_08348_2023,0,0.00019352403,0
img_08351_2023,0,0.0036942656,0
img_08347_2023,0,1.3252136e-05,0
img_08350_2023,0,0.000588767,0
img_08356_2023,0,0.10281525,0
img_08355_2023,0,0.011268857,0
img_08358_2023,0,0.0007181858,0
img_08359_2023,0,0.022585502,0
img_08368_2023,0,0.01720639,0
img_08367_2023,0,2.0006139e-05,0
img_08361_2023,0,0.01477141,0
img_08366_2023,0,0.0006546345,0
img_08364_2023,0,0.00171048,0
img_08363_2023,0,0.0010064202,0
img_08362_2023,0,0.0042572645,0
img_08357_2023,0,0.00079361914,0
img_08371_2023,0,0.031080404,0
img_08373_2023,0,0.000116104195,0
img_08370_2023,0,0.00061924674,0
img_08374_2023,0,0.6360365,1
img_08372_2023,0,0.00010306202,0
img_08365_2023,0,0.034022573,0
img_08375_2023,0,0.008913502,0
img_08376_2023,0,0.030055195,0
img_08378_2023,0,0.15280265,1
img_08379_2023,0,2.8369564e-05,0
img_08383_2023,0,0.00036504655,0
img_08381_2023,0,0.0013401519,0
img_08388_2023,0,0.010808197,0
img_08382_2023,0,0.011873495,0
img_08390_2023,0,0.00048182975,0
img_08380_2023,0,0.011546143,0
img_08386_2023,0,0.00010709672,0
img_08392_2023,0,0.0002189532,0
img_08391_2023,0,0.10813233,0
img_08393_2023,0,0.0004494534,0
img_08394_2023,0,0.013238585,0
img_08389_2023,0,0.036239427,0
img_08354_p01_2023,0,0.2514624,1
img_08354_p02_2023,0,0.32599264,1
img_08397_2023,0,7.5098746e-05,0
img_08399_2023,0,0.0014959124,0
img_08395_2023,0,0.2506188,1
img_08396_2023,0,0.016543748,0
img_08406_2023,0,0.2031478,1
img_08402_2023,0,3.260965e-05,0
img_08401_2023,0,0.021862421,0
img_08398_2023,0,0.04183079,0
img_08410_2023,0,0.0056794295,0
img_08400_2023,0,0.0077577354,0
img_08407_2023,0,0.0023490163,0
img_08404_2023,0,0.0007004113,0
img_08408_2023,0,0.00024205136,0
img_08409_2023,0,0.0023179597,0
img_08405_2023,0,0.006490563,0
img_08412_2023,0,0.029121222,0
img_08418_2023,0,0.0004494703,0
img_08414_2023,0,0.0048674103,0
img_08420_2023,0,0.12593597,1
img_08424_2023,0,7.083421e-05,0
img_08416_2023,0,0.09121142,0
img_08425_2023,0,1.3059692e-05,0
img_08415_2023,0,0.042909693,0
img_08427_2023,0,0.017191777,0
img_08426_2023,0,0.043264277,0
img_08422_2023,0,0.00024265863,0
img_08428_2023,0,0.0033579809,0
img_08430_2023,0,0.0021925662,0
img_08429_2023,0,1.0133411e-05,0
img_08419_2023,0,0.044425704,0
img_08432_2023,0,0.003361107,0
img_08431_2023,0,0.06653695,0
img_08433_2023,0,5.8994996e-05,0
img_08435_2023,0,0.00014934971,0
img_08436_2023,0,0.0028586208,0
img_08439_2023,0,0.18941243,1
img_08434_2023,0,0.00031646466,0
img_08438_2023,0,0.00016233469,0
img_08441_2023,0,0.0027548948,0
img_08444_2023,0,0.048521236,0
img_08440_2023,0,0.0012879169,0
img_08442_2023,0,0.004229016,0
img_08449_2023,0,0.30129775,1
img_08448_2023,0,0.082602315,0
img_08450_2023,0,0.9232885,1
img_08454_2023,0,0.00111414,0
img_08452_2023,0,0.00016858683,0
img_08447_2023,0,0.0045237183,0
img_08445_2023,0,0.07198725,0
img_08455_2023,0,1.6893908e-05,0
img_08446_2023,0,0.045474254,0
img_08453_2023,0,0.00027246433,0
img_08457_2023,0,0.4259914,1
img_08460_2023,0,0.0045360387,0
img_08458_2023,0,0.0013606073,0
img_08462_2023,0,0.0065606995,0
img_08459_2023,0,0.008563337,0
img_08468_2023,0,0.00013399668,0
img_08463_2023,0,0.018153353,0
img_08464_2023,0,0.0018369945,0
img_08469_2023,0,0.0043776785,0
img_08470_2023,0,0.16259375,1
img_08471_2023,0,0.001094351,0
img_08474_2023,0,9.3080576e-05,0
img_08461_2023,0,0.004578202,0
img_08473_2023,0,0.008433867,0
img_08466_2023,0,7.1328766e-05,0
img_08476_2023,0,1.6591393e-05,0
img_08477_2023,0,6.2259074e-05,0
img_08475_2023,0,7.574041e-05,0
img_08478_2023,0,0.20241408,1
img_08482_2023,0,0.0009959722,0
img_08487_2023,0,9.659451e-05,0
img_08484_2023,0,0.0027795038,0
img_08488_2023,0,0.02366591,0
img_08483_2023,0,0.0007499358,0
img_08479_2023,0,0.0034461268,0
img_08490_2023,0,0.05557301,0
img_08485_2023,0,0.007738335,0
img_08492_2023,0,0.025066286,0
img_08486_2023,0,0.00014620443,0
img_08481_2023,0,0.035131056,0
img_08489_2023,0,0.0058281953,0
img_08493_2023,0,0.011314757,0
img_06799_p01_2023,0,3.9739985e-05,0
img_06799_p02_2023,0,7.042518e-05,0
img_06799_p06_2023,0,0.0039202566,0
img_06799_p07_2023,0,0.00011436936,0
img_06799_p08_2023,0,0.00014913127,0
img_06799_p09_2023,0,8.612044e-06,0
img_06799_p10_2023,0,0.00011909624,0
img_06799_p11_2023,0,0.00023789826,0
img_06799_p12_2023,0,0.0015824542,0
img_06799_p13_2023,0,0.028286872,0
img_06799_p15_2023,0,0.0006285794,0
img_06799_p16_2023,0,0.00010632834,0
img_06799_p17_2023,0,9.234551e-06,0
img_06799_p18_2023,0,0.0017095251,0
img_06799_p19_2023,0,1.4501791e-05,0
img_06799_p20_2023,0,4.918807e-05,0
img_06799_p21_2023,0,0.00045515603,0
img_06799_p22_2023,0,0.00010667078,0
img_06799_p23_2023,0,0.000110753244,0
img_06799_p24_2023,0,2.6492666e-05,0
img_06799_p25_2023,0,2.172796e-05,0
img_06799_p26_2023,0,6.034846e-05,0
img_06799_p27_2023,0,2.1359023e-05,0
img_06799_p28_2023,0,3.6450956e-06,0
img_06799_p29_2023,0,0.0005420638,0
img_06799_p30_2023,0,0.00027519645,0
img_06799_p31_2023,0,0.0007582812,0
img_06799_p32_2023,0,2.0045316e-06,0
img_06799_p33_2023,0,0.004213819,0
img_06799_p34_2023,0,0.004117814,0
img_06799_p35_2023,0,2.0487596e-05,0
img_06799_p36_2023,0,4.9286482e-05,0
img_06799_p37_2023,0,6.4847714e-05,0
img_06799_p38_2023,0,0.7362198,1
img_06799_p39_2023,0,0.00078235776,0
img_06799_p40_2023,0,1.7019247e-05,0
img_06799_p41_2023,0,0.0007671473,0
img_06799_p42_2023,0,0.0034796756,0
img_06799_p43_2023,0,0.0004456806,0
img_06799_p44_2023,0,0.0008868525,0
img_06799_p45_2023,0,0.0012797962,0
