id_sample,y_true,model_probability,final_threshold_prediction
img_00007_2023,1.0,0.36421627,0
img_00009_2023,1.0,0.5096583,0
img_00016_2023,1.0,0.8851129,1
img_00001_2023,1.0,0.4003946,0
img_00013_2023,1.0,0.9631709,1
img_00022_2023,1.0,0.04157726,0
img_00024_2023,1.0,0.076015726,0
img_00025_2023,1.0,0.95939386,1
img_00023_2023,1.0,0.19716316,0
img_00021_2023,1.0,0.9097416,1
img_00027_2023,1.0,0.91518915,1
img_00028_2023,1.0,0.9353133,1
img_00030_2023,1.0,0.5662229,0
img_00034_2023,1.0,0.047639105,0
img_00038_2023,1.0,0.95416236,1
img_00037_2023,1.0,0.09471762,0
img_00046_2023,1.0,0.55801946,0
img_00047_2023,1.0,0.43226415,0
img_00048_2023,1.0,0.098351456,0
img_00045_2023,1.0,0.97946584,1
img_00052_2023,1.0,0.5115586,0
img_00057_2023,1.0,0.10155503,0
img_00029_p01_2023,1.0,0.07570749,0
img_00029_p02_2023,1.0,0.18560468,0
img_00029_p03_2023,1.0,0.5185447,0
img_00060_2023,1.0,0.97589797,1
img_00061_2023,1.0,0.6646238,0
img_00050_2023,1.0,0.5149748,0
img_00059_2023,1.0,0.9530396,1
img_00054_2023,1.0,0.9735276,1
img_00056_2023,1.0,0.9611963,1
img_00062_2023,1.0,0.24609114,0
img_00049_p01_2023,1.0,0.03241606,0
img_00049_p02_2023,1.0,0.12056947,0
img_00064_2023,1.0,0.98267674,1
img_00078_2023,1.0,0.6373111,0
img_00073_2023,1.0,0.595509,0
img_00072_2023,1.0,0.06623779,0
img_00080_2023,1.0,0.70611113,0
img_00082_2023,1.0,0.9715907,1
img_00096_2023,1.0,0.8404401,1
img_00000_p02_2023,1.0,0.8858228,1
img_00000_p03_2023,1.0,0.46651295,0
img_00000_p04_2023,1.0,0.9641907,1
img_00089_2023,1.0,0.71395683,0
img_00102_2023,1.0,0.9230838,1
img_00090_2023,1.0,0.4340231,0
img_00099_2023,1.0,0.8840291,1
img_00036_p01_2023,1.0,0.52566636,0
img_00036_p02_2023,1.0,0.93668395,1
img_00036_p03_2023,1.0,0.86950356,1
img_00036_p04_2023,1.0,0.83191305,1
img_00105_2023,1.0,0.97444326,1
img_00100_2023,1.0,0.778431,1
img_00110_2023,1.0,0.6277898,0
img_00115_2023,1.0,0.8347235,1
img_00116_2023,1.0,0.6150395,0
img_00108_2023,1.0,0.12949239,0
img_00107_2023,1.0,0.39722675,0
img_00104_p01_2023,1.0,0.86525285,1
img_00104_p02_2023,1.0,0.7974272,1
img_00126_2023,1.0,0.02755326,0
img_00125_2023,1.0,0.45235434,0
img_00124_2023,1.0,0.96378386,1
img_00133_2023,1.0,0.97558767,1
img_00134_2023,1.0,0.9342711,1
img_00119_p01_2023,1.0,0.94250244,1
img_00130_p01_2023,1.0,0.96700233,1
img_00130_p02_2023,1.0,0.6894436,0
img_00137_2023,1.0,0.24904048,0
img_00142_2023,1.0,0.9848378,1
img_00139_2023,1.0,0.9412026,1
img_00147_2023,1.0,0.23754467,0
img_00012_p01_2023,1.0,0.6590634,0
img_00012_p02_2023,1.0,0.9232947,1
img_00012_p03_2023,1.0,0.2742146,0
img_00012_p05_2023,1.0,0.86012685,1
img_00012_p06_2023,1.0,0.03507027,0
img_00113_p01_2023,1.0,0.05184169,0
img_00113_p02_2023,1.0,0.88137275,1
img_00113_p03_2023,1.0,0.056294136,0
img_00113_p04_2023,1.0,0.05993352,0
img_00065_p01_2023,1.0,0.9068295,1
img_00065_p02_2023,1.0,0.93481755,1
img_00065_p03_2023,1.0,0.9617548,1
img_00065_p04_2023,1.0,0.87014675,1
img_00065_p05_2023,1.0,0.90683186,1
img_00065_p06_2023,1.0,0.051886797,0
img_00190_2023,1.0,0.071032785,0
img_00204_2023,1.0,0.04505112,0
img_00192_2023,1.0,0.033391118,0
img_00205_2023,1.0,0.66861117,0
img_00151_p03_2023,1.0,0.8579329,1
img_00151_p06_2023,1.0,0.9631939,1
img_00152_p01_2023,1.0,0.5769178,0
img_00152_p02_2023,1.0,0.91798484,1
img_00152_p03_2023,1.0,0.42781088,0
img_00152_p04_2023,1.0,0.4306122,0
img_00208_2023,1.0,0.36397436,0
img_00194_p01_2023,1.0,0.041543677,0
img_00194_p02_2023,1.0,0.855528,1
img_00228_2023,1.0,0.13605198,0
img_00231_2023,1.0,0.707824,0
img_00229_2023,1.0,0.1464797,0
img_00230_2023,1.0,0.9776363,1
img_00227_2023,1.0,0.6256713,0
img_00240_2023,1.0,0.51375157,0
img_00239_2023,1.0,0.22925682,0
img_00242_2023,1.0,0.24701768,0
img_00238_2023,1.0,0.60821044,0
img_00244_2023,1.0,0.9801021,1
img_00241_2023,1.0,0.38862088,0
img_00243_2023,1.0,0.38004822,0
img_00247_2023,1.0,0.04444123,0
img_00246_2023,1.0,0.549385,0
img_00245_2023,1.0,0.054986704,0
img_00253_2023,1.0,0.9383349,1
img_00252_2023,1.0,0.019661004,0
img_00251_2023,1.0,0.023125337,0
img_00248_2023,1.0,0.82117164,1
img_00258_2023,1.0,0.8539663,1
img_00257_2023,1.0,0.94715905,1
img_00261_2023,1.0,0.5115314,0
img_00267_2023,1.0,0.4830119,0
img_00263_2023,1.0,0.28289288,0
img_00265_2023,1.0,0.2563525,0
img_00266_2023,1.0,0.96089196,1
img_00259_2023,1.0,0.027843256,0
img_00268_2023,1.0,0.8845768,1
img_00269_2023,1.0,0.033453576,0
img_00256_p01_2023,1.0,0.97844964,1
img_00262_2023,1.0,0.6337538,0
img_00274_2023,1.0,0.026710255,0
img_00278_2023,1.0,0.7483616,1
img_00275_2023,1.0,0.9657128,1
img_00279_2023,1.0,0.3635486,0
img_00281_2023,1.0,0.88717866,1
img_00280_2023,1.0,0.8000831,1
img_00283_2023,1.0,0.19260871,0
img_00271_p01_2023,1.0,0.7828576,1
img_00271_p02_2023,1.0,0.9864827,1
img_00284_2023,1.0,0.92964685,1
img_00282_2023,1.0,0.47185817,0
img_00272_2023,1.0,0.5381143,0
img_00277_2023,1.0,0.031160455,0
img_00287_2023,1.0,0.9634881,1
img_00276_2023,1.0,0.152425,0
img_00292_2023,1.0,0.89211506,1
img_00300_2023,1.0,0.97930455,1
img_00302_2023,1.0,0.98377985,1
img_00097_p04_2023,1.0,0.913056,1
img_00097_p05_2023,1.0,0.8712696,1
img_00097_p07_2023,1.0,0.97837114,1
img_00097_p08_2023,1.0,0.9542839,1
img_00097_p09_2023,1.0,0.5372623,0
img_00310_2023,1.0,0.22032051,0
img_00316_2023,1.0,0.37423962,0
img_00318_2023,1.0,0.105533436,0
img_00294_p01_2023,1.0,0.96761256,1
img_00294_p02_2023,1.0,0.8835142,1
img_00288_p01_2023,1.0,0.52718985,0
img_00288_p02_2023,1.0,0.89067,1
img_00322_2023,1.0,0.0528257,0
img_00326_2023,1.0,0.02085147,0
img_00320_2023,1.0,0.97431153,1
img_00286_p01_2023,1.0,0.87677574,1
img_00286_p02_2023,1.0,0.5213614,0
img_00286_p03_2023,1.0,0.63017505,0
img_00286_p04_2023,1.0,0.9481981,1
img_00333_2023,1.0,0.9772316,1
img_00327_2023,1.0,0.6408102,0
img_00330_2023,1.0,0.9465471,1
img_00331_2023,1.0,0.08635578,0
img_00339_2023,1.0,0.9762897,1
img_00335_2023,1.0,0.5671572,0
img_00342_2023,1.0,0.98025036,1
img_00340_2023,1.0,0.25521797,0
img_00315_p01_2023,1.0,0.6757156,0
img_00315_p02_2023,1.0,0.9441455,1
img_00336_2023,1.0,0.5385316,0
img_00350_2023,1.0,0.04828384,0
img_00347_2023,1.0,0.6280354,0
img_00344_2023,1.0,0.8953068,1
img_00353_2023,1.0,0.9375005,1
img_00352_2023,1.0,0.68271923,0
img_00354_2023,1.0,0.9663413,1
img_00360_2023,1.0,0.87093306,1
img_00351_2023,1.0,0.9734196,1
img_00355_2023,1.0,0.1501962,0
img_00359_2023,1.0,0.9479309,1
img_00362_2023,1.0,0.7052385,0
img_00357_2023,1.0,0.08016355,0
img_00364_2023,1.0,0.97895414,1
img_00358_2023,1.0,0.531066,0
img_00374_2023,1.0,0.9683049,1
img_00375_2023,1.0,0.026436336,0
img_00363_2023,1.0,0.44696304,0
img_00377_2023,1.0,0.24133496,0
img_00385_2023,1.0,0.9644739,1
img_00381_2023,1.0,0.8737022,1
img_00383_2023,1.0,0.9654453,1
img_00389_2023,1.0,0.5771648,0
img_00372_2023,1.0,0.4537419,0
img_00390_2023,1.0,0.8123189,1
img_00348_p01_2023,1.0,0.04097207,0
img_00348_p02_2023,1.0,0.050041888,0
img_00395_2023,1.0,0.13221918,0
img_00397_2023,1.0,0.97948974,1
img_00396_2023,1.0,0.25239238,0
img_00388_p01_2023,1.0,0.4007105,0
img_00388_p02_2023,1.0,0.7043546,0
img_00401_2023,1.0,0.702995,0
img_00407_2023,1.0,0.7085419,0
img_00405_2023,1.0,0.80351883,1
img_00403_2023,1.0,0.22204937,0
img_00409_2023,1.0,0.84688085,1
img_00410_2023,1.0,0.9487627,1
img_00412_2023,1.0,0.31364492,0
img_00408_2023,1.0,0.9378911,1
img_00411_2023,1.0,0.9683335,1
img_00413_2023,1.0,0.48480847,0
img_00414_2023,1.0,0.32550433,0
img_00406_2023,1.0,0.9546501,1
img_00416_2023,1.0,0.89657044,1
img_00417_2023,1.0,0.44059741,0
img_00418_2023,1.0,0.7376626,1
img_00402_p01_2023,1.0,0.06862881,0
img_00402_p02_2023,1.0,0.32528803,0
img_00420_2023,1.0,0.97220355,1
img_00380_p01_2023,1.0,0.97931266,1
img_00380_p02_2023,1.0,0.71540195,0
img_00380_p03_2023,1.0,0.98049635,1
img_00380_p04_2023,1.0,0.96307325,1
img_00424_2023,1.0,0.9698213,1
img_00426_2023,1.0,0.7048763,0
img_00425_2023,1.0,0.8651377,1
img_00432_2023,1.0,0.57688886,0
img_00429_2023,1.0,0.29770038,0
img_00433_2023,1.0,0.95272505,1
img_00438_2023,1.0,0.63881946,0
img_00428_2023,1.0,0.9695126,1
img_00437_2023,1.0,0.9577703,1
img_00440_2023,1.0,0.94876146,1
img_00441_2023,1.0,0.9489868,1
img_00436_2023,1.0,0.7786925,1
img_00442_2023,1.0,0.55932176,0
img_00446_2023,1.0,0.7463762,1
img_00321_p01_2023,1.0,0.927379,1
img_00321_p02_2023,1.0,0.83445174,1
img_00321_p03_2023,1.0,0.9771268,1
img_00321_p04_2023,1.0,0.0855502,0
img_00321_p05_2023,1.0,0.281156,0
img_00321_p06_2023,1.0,0.77836204,1
img_00439_2023,1.0,0.9848438,1
img_00445_2023,1.0,0.69636786,0
img_00443_2023,1.0,0.47817168,0
img_00450_2023,1.0,0.56835103,0
img_00452_2023,1.0,0.5848572,0
img_00447_2023,1.0,0.27295032,0
img_00451_2023,1.0,0.096074276,0
img_00456_2023,1.0,0.9232446,1
img_00458_2023,1.0,0.96276563,1
img_00455_2023,1.0,0.6309967,0
img_00457_2023,1.0,0.97165143,1
img_00463_2023,1.0,0.57612646,0
img_00349_p01_2023,1.0,0.97378075,1
img_00349_p02_2023,1.0,0.90275323,1
img_00349_p03_2023,1.0,0.9684019,1
img_00349_p04_2023,1.0,0.89243627,1
img_00349_p05_2023,1.0,0.94579256,1
img_00467_2023,1.0,0.9413159,1
img_00464_2023,1.0,0.910522,1
img_00466_2023,1.0,0.7244222,0
img_00468_2023,1.0,0.48407036,0
img_00475_2023,1.0,0.58003986,0
img_00478_2023,1.0,0.74296236,1
img_00477_2023,1.0,0.8783708,1
img_00473_2023,1.0,0.9764821,1
img_00479_2023,1.0,0.66426533,0
img_00435_p01_2023,1.0,0.057998378,0
img_00435_p02_2023,1.0,0.1948874,0
img_00435_p03_2023,1.0,0.1462587,0
img_00435_p04_2023,1.0,0.07634312,0
img_00482_2023,1.0,0.7807725,1
img_00483_2023,1.0,0.8644681,1
img_00481_2023,1.0,0.6337928,0
img_00487_2023,1.0,0.9323795,1
img_00491_2023,1.0,0.6904686,0
img_00490_2023,1.0,0.340287,0
img_00488_2023,1.0,0.9846635,1
img_00489_2023,1.0,0.8484186,1
img_00497_2023,1.0,0.5019078,0
img_00419_p01_2023,1.0,0.98016685,1
img_00419_p02_2023,1.0,0.9733801,1
img_00419_p03_2023,1.0,0.929394,1
img_00419_p04_2023,1.0,0.8628925,1
img_00419_p05_2023,1.0,0.91628116,1
img_00419_p06_2023,1.0,0.9749717,1
img_00501_2023,1.0,0.95607406,1
img_00508_2023,1.0,0.08442421,0
img_00449_p01_2023,1.0,0.89261675,1
img_00449_p02_2023,1.0,0.61472714,0
img_00449_p03_2023,1.0,0.9538543,1
img_00449_p04_2023,1.0,0.96685743,1
img_00511_2023,1.0,0.49308565,0
img_00513_2023,1.0,0.037590668,0
img_00516_2023,1.0,0.963434,1
img_00518_2023,1.0,0.23594491,0
img_00517_2023,1.0,0.6364309,0
img_00404_p01_2023,1.0,0.9651356,1
img_00404_p02_2023,1.0,0.96390814,1
img_00404_p03_2023,1.0,0.90770465,1
img_00404_p04_2023,1.0,0.9461957,1
img_00404_p05_2023,1.0,0.9730608,1
img_00404_p06_2023,1.0,0.9470847,1
img_00404_p07_2023,1.0,0.89956015,1
img_00404_p08_2023,1.0,0.24707054,0
img_00519_2023,1.0,0.5656583,0
img_00521_2023,1.0,0.28187916,0
img_00485_p01_2023,1.0,0.42369857,0
img_00485_p02_2023,1.0,0.6689038,0
img_00485_p03_2023,1.0,0.9784424,1
img_00485_p04_2023,1.0,0.9667386,1
img_00522_2023,1.0,0.17735147,0
img_00524_2023,1.0,0.14948092,0
img_00528_2023,1.0,0.032813318,0
img_00529_2023,1.0,0.091776274,0
img_00532_2023,1.0,0.85862434,1
img_00534_2023,1.0,0.9794263,1
img_00539_2023,1.0,0.19653063,0
img_00535_2023,1.0,0.23475859,0
img_00540_2023,1.0,0.25094137,0
img_00537_2023,1.0,0.105688766,0
img_00474_p01_2023,1.0,0.9410462,1
img_00474_p03_2023,1.0,0.959662,1
img_00474_p04_2023,1.0,0.917449,1
img_00474_p05_2023,1.0,0.93824494,1
img_00474_p06_2023,1.0,0.822928,1
img_00474_p07_2023,1.0,0.9615799,1
img_00541_2023,1.0,0.16819201,0
img_00544_2023,1.0,0.084515184,0
img_00546_2023,1.0,0.6904251,0
img_00543_2023,1.0,0.8723552,1
img_00545_2023,1.0,0.1832257,0
img_00533_p01_2023,1.0,0.17481321,0
img_00533_p02_2023,1.0,0.7156517,0
img_00549_2023,1.0,0.77068675,1
img_00552_2023,1.0,0.79837507,1
img_00551_2023,1.0,0.35892695,0
img_00550_2023,1.0,0.23066668,0
img_00555_2023,1.0,0.94287115,1
img_00556_2023,1.0,0.6206638,0
img_00559_2023,1.0,0.9810493,1
img_00558_2023,1.0,0.43682307,0
img_00557_2023,1.0,0.44361734,0
img_00553_2023,1.0,0.96637326,1
img_00560_2023,1.0,0.6646944,0
img_00566_2023,1.0,0.051072035,0
img_00526_p01_2023,1.0,0.6667986,0
img_00526_p02_2023,1.0,0.48708642,0
img_00526_p03_2023,1.0,0.042234026,0
img_00526_p04_2023,1.0,0.4255012,0
img_00568_2023,1.0,0.15652041,0
img_00567_2023,1.0,0.18016493,0
img_00570_2023,1.0,0.73048276,0
img_00538_p01_2023,1.0,0.36199707,0
img_00538_p02_2023,1.0,0.953781,1
img_00538_p03_2023,1.0,0.96652615,1
img_00538_p04_2023,1.0,0.97058773,1
img_00573_2023,1.0,0.27314728,0
img_00572_2023,1.0,0.5201408,0
img_00580_2023,1.0,0.2841611,0
img_00564_2023,1.0,0.98266196,1
img_00575_2023,1.0,0.51429814,0
img_00578_2023,1.0,0.8902612,1
img_00581_2023,1.0,0.41083845,0
img_00589_2023,1.0,0.76465166,1
img_00591_2023,1.0,0.63639534,0
img_00592_2023,1.0,0.7882399,1
img_00585_2023,1.0,0.82825506,1
img_00542_p01_2023,1.0,0.45500675,0
img_00542_p03_2023,1.0,0.45626593,0
img_00542_p04_2023,1.0,0.88268787,1
img_00598_2023,1.0,0.37691513,0
img_00599_2023,1.0,0.61134845,0
img_00596_2023,1.0,0.93196005,1
img_00604_2023,1.0,0.06753756,0
img_00606_2023,1.0,0.8072766,1
img_00609_2023,1.0,0.8375879,1
img_00615_2023,1.0,0.29847813,0
img_00619_2023,1.0,0.8947943,1
img_00616_2023,1.0,0.31083766,0
img_00515_p01_2023,1.0,0.9385243,1
img_00515_p02_2023,1.0,0.92464286,1
img_00515_p04_2023,1.0,0.9684808,1
img_00515_p05_2023,1.0,0.07742133,0
img_00515_p06_2023,1.0,0.34349877,0
img_00515_p07_2023,1.0,0.6391869,0
img_00515_p08_2023,1.0,0.6893261,0
img_00515_p09_2023,1.0,0.74588186,1
img_00621_2023,1.0,0.8067439,1
img_00620_2023,1.0,0.43148753,0
img_00622_2023,1.0,0.9569242,1
img_00626_2023,1.0,0.49867803,0
img_00623_2023,1.0,0.2599916,0
img_00624_2023,1.0,0.19595876,0
img_00631_2023,1.0,0.049839083,0
img_00625_2023,1.0,0.3248936,0
img_00628_2023,1.0,0.62230796,0
img_00634_2023,1.0,0.9749476,1
img_00636_2023,1.0,0.95060813,1
img_00618_p01_2023,1.0,0.87720996,1
img_00618_p02_2023,1.0,0.66965324,0
img_00640_2023,1.0,0.8584127,1
img_00644_2023,1.0,0.82768786,1
img_00642_2023,1.0,0.9135135,1
img_00629_p01_2023,1.0,0.9596229,1
img_00629_p02_2023,1.0,0.7155144,0
img_00641_2023,1.0,0.04884939,0
img_00643_2023,1.0,0.7658733,1
img_00639_2023,1.0,0.51744074,0
img_00645_2023,1.0,0.27997473,0
img_00648_2023,1.0,0.48344606,0
img_00584_p01_2023,1.0,0.056752224,0
img_00584_p02_2023,1.0,0.07947536,0
img_00584_p03_2023,1.0,0.8306218,1
img_00584_p04_2023,1.0,0.17139792,0
img_00584_p05_2023,1.0,0.82551026,1
img_00584_p06_2023,1.0,0.58481646,0
img_00627_p01_2023,1.0,0.98358315,1
img_00627_p02_2023,1.0,0.9835934,1
img_00652_2023,1.0,0.9019872,1
img_00647_2023,1.0,0.45178118,0
img_00649_2023,1.0,0.38500467,0
img_00655_2023,1.0,0.7303189,0
img_00657_2023,1.0,0.14765453,0
img_00656_2023,1.0,0.5953019,0
img_00661_2023,1.0,0.6965506,0
img_00646_2023,1.0,0.81839937,1
img_00593_p01_2023,1.0,0.9656295,1
img_00593_p02_2023,1.0,0.89432466,1
img_00593_p03_2023,1.0,0.6854725,0
img_00593_p04_2023,1.0,0.71952987,0
img_00593_p05_2023,1.0,0.9829373,1
img_00593_p06_2023,1.0,0.981841,1
img_00660_2023,1.0,0.7219593,0
img_00659_2023,1.0,0.5362323,0
img_00662_2023,1.0,0.9804708,1
img_00664_2023,1.0,0.9639667,1
img_00666_2023,1.0,0.897533,1
img_00663_2023,1.0,0.53484464,0
img_00667_2023,1.0,0.05927306,0
img_00669_2023,1.0,0.57845646,0
img_00671_2023,1.0,0.93569994,1
img_00668_2023,1.0,0.8057331,1
img_00672_2023,1.0,0.11517047,0
img_00675_2023,1.0,0.7395309,1
img_00674_2023,1.0,0.06954313,0
img_00594_p02_2023,1.0,0.56125766,0
img_00594_p03_2023,1.0,0.98002476,1
img_00594_p04_2023,1.0,0.46153402,0
img_00594_p05_2023,1.0,0.9631573,1
img_00594_p06_2023,1.0,0.9464369,1
img_00594_p07_2023,1.0,0.9264078,1
img_00594_p08_2023,1.0,0.9735537,1
img_00676_2023,1.0,0.426868,0
img_00665_2023,1.0,0.39069226,0
img_00679_2023,1.0,0.688528,0
img_00677_2023,1.0,0.17341337,0
img_00658_p01_2023,1.0,0.67606014,0
img_00658_p02_2023,1.0,0.24038754,0
img_00680_2023,1.0,0.064633146,0
img_00678_2023,1.0,0.041343093,0
img_00683_2023,1.0,0.32563487,0
img_00681_2023,1.0,0.03441883,0
img_00689_2023,1.0,0.89140266,1
img_00686_2023,1.0,0.9261968,1
img_00687_2023,1.0,0.095243424,0
img_00691_2023,1.0,0.91775405,1
img_00692_2023,1.0,0.651096,0
img_00684_2023,1.0,0.2711278,0
img_00638_p01_2023,1.0,0.57161444,0
img_00638_p02_2023,1.0,0.57697505,0
img_00638_p03_2023,1.0,0.9716026,1
img_00638_p04_2023,1.0,0.6793492,0
img_00685_2023,1.0,0.61159235,0
img_00695_2023,1.0,0.9582124,1
img_00693_2023,1.0,0.11961333,0
img_00682_p01_2023,1.0,0.25728944,0
img_00682_p02_2023,1.0,0.15777266,0
img_00699_2023,1.0,0.98679394,1
img_00696_2023,1.0,0.7734542,1
img_00702_2023,1.0,0.35129547,0
img_00701_2023,1.0,0.9764972,1
img_00706_2023,1.0,0.65355897,0
img_00704_2023,1.0,0.9369426,1
img_00705_2023,1.0,0.5940362,0
img_00700_2023,1.0,0.303889,0
img_00697_2023,1.0,0.67643565,0
img_00707_2023,1.0,0.28436756,0
img_00635_p01_2023,1.0,0.85001624,1
img_00635_p02_2023,1.0,0.97289056,1
img_00635_p03_2023,1.0,0.93541825,1
img_00635_p04_2023,1.0,0.5913878,0
img_00635_p05_2023,1.0,0.87433094,1
img_00635_p06_2023,1.0,0.8150935,1
img_00486_p01_2023,1.0,0.979738,1
img_00486_p02_2023,1.0,0.96678555,1
img_00486_p04_2023,1.0,0.9710783,1
img_00486_p05_2023,1.0,0.9298277,1
img_00486_p06_2023,1.0,0.97264874,1
img_00486_p07_2023,1.0,0.94066375,1
img_00486_p08_2023,1.0,0.9624576,1
img_00486_p09_2023,1.0,0.9723548,1
img_00486_p10_2023,1.0,0.7447699,1
img_00486_p11_2023,1.0,0.8590823,1
img_00486_p12_2023,1.0,0.15480913,0
img_00486_p13_2023,1.0,0.9726907,1
img_00486_p14_2023,1.0,0.85997427,1
img_00486_p15_2023,1.0,0.83289695,1
img_00713_2023,1.0,0.12578037,0
img_00711_2023,1.0,0.91007566,1
img_00714_2023,1.0,0.91167706,1
img_00712_2023,1.0,0.96818775,1
img_00715_2023,1.0,0.044358708,0
img_00716_2023,1.0,0.897233,1
img_00708_2023,1.0,0.050737485,0
img_00710_2023,1.0,0.824532,1
img_00718_2023,1.0,0.93623316,1
img_00688_p01_2023,1.0,0.12779877,0
img_00688_p02_2023,1.0,0.2905108,0
img_00726_2023,1.0,0.97922564,1
img_00722_2023,1.0,0.222056,0
img_00723_2023,1.0,0.28414875,0
img_00721_2023,1.0,0.7200647,0
img_00720_2023,1.0,0.98508155,1
img_00725_2023,1.0,0.12711787,0
img_00728_2023,1.0,0.5841727,0
img_00730_2023,1.0,0.0667193,0
img_00612_p04_2023,1.0,0.9658834,1
img_00612_p05_2023,1.0,0.9789444,1
img_00612_p06_2023,1.0,0.03607766,0
img_00612_p07_2023,1.0,0.3844676,0
img_00612_p08_2023,1.0,0.3162931,0
img_00612_p09_2023,1.0,0.3538102,0
img_00719_2023,1.0,0.9496782,1
img_00729_2023,1.0,0.056613076,0
img_00734_2023,1.0,0.60965544,0
img_00731_2023,1.0,0.41049677,0
img_00735_2023,1.0,0.63737786,0
img_00733_2023,1.0,0.5563757,0
img_00737_2023,1.0,0.24628022,0
img_00732_2023,1.0,0.98371583,1
img_00736_2023,1.0,0.86791164,1
img_00026_p01_2023,1.0,0.26133204,0
img_00026_p02_2023,1.0,0.23368716,0
img_00026_p03_2023,1.0,0.6162458,0
img_00026_p04_2023,1.0,0.95219666,1
img_00026_p05_2023,1.0,0.9831829,1
img_00026_p06_2023,1.0,0.05360662,0
img_00026_p07_2023,1.0,0.7431509,1
img_00026_p08_2023,1.0,0.9592336,1
img_00026_p09_2023,1.0,0.69563806,0
img_00026_p10_2023,1.0,0.061077796,0
img_00026_p11_2023,1.0,0.9804348,1
img_00026_p12_2023,1.0,0.8914316,1
img_00026_p13_2023,1.0,0.9573276,1
img_00026_p14_2023,1.0,0.50858575,0
img_00026_p15_2023,1.0,0.6601886,0
img_00026_p16_2023,1.0,0.9475255,1
img_00026_p17_2023,1.0,0.03411846,0
img_00026_p18_2023,1.0,0.87723005,1
img_00026_p19_2023,1.0,0.78472716,1
img_00026_p20_2023,1.0,0.88381815,1
img_00026_p21_2023,1.0,0.8914207,1
img_00026_p24_2023,1.0,0.63572574,0
img_00026_p25_2023,1.0,0.97808456,1
img_00738_2023,1.0,0.15253861,0
img_00717_p01_2023,1.0,0.02851917,0
img_00717_p02_2023,1.0,0.039460003,0
img_00743_2023,1.0,0.35372442,0
img_00739_2023,1.0,0.92056894,1
img_00740_2023,1.0,0.9607993,1
img_00744_2023,1.0,0.9664597,1
img_00741_2023,1.0,0.41156256,0
img_00742_2023,1.0,0.94989306,1
img_00746_2023,1.0,0.8006591,1
img_00747_2023,1.0,0.33712548,0
img_00745_2023,1.0,0.24046654,0
img_00749_2023,1.0,0.94909686,1
img_00670_p01_2023,1.0,0.17933644,0
img_00670_p02_2023,1.0,0.70919317,0
img_00670_p03_2023,1.0,0.35746092,0
img_00670_p04_2023,1.0,0.629763,0
img_00670_p05_2023,1.0,0.9781105,1
img_00670_p06_2023,1.0,0.57969767,0
img_00752_2023,1.0,0.38040242,0
img_00750_2023,1.0,0.6572615,0
img_00748_2023,1.0,0.033642095,0
img_00751_2023,1.0,0.9458701,1
img_00727_p01_2023,1.0,0.18877901,0
img_00727_p02_2023,1.0,0.9563545,1
img_00754_2023,1.0,0.44251323,0
img_00758_2023,1.0,0.40045947,0
img_00756_2023,1.0,0.68086356,0
img_00764_2023,1.0,0.7773889,1
img_00690_p01_2023,1.0,0.8459153,1
img_00690_p02_2023,1.0,0.29376757,0
img_00690_p03_2023,1.0,0.28010347,0
img_00690_p04_2023,1.0,0.926718,1
img_00765_2023,1.0,0.75193554,1
img_00759_2023,1.0,0.5517024,0
img_00762_2023,1.0,0.01836791,0
img_00770_2023,1.0,0.971993,1
img_00773_2023,1.0,0.03415808,0
img_00769_2023,1.0,0.8044836,1
img_00771_2023,1.0,0.18122576,0
img_00772_2023,1.0,0.23053105,0
img_00775_2023,1.0,0.9718498,1
img_00776_2023,1.0,0.73491514,0
img_00784_2023,1.0,0.2751919,0
img_00761_2023,1.0,0.026165063,0
img_00777_2023,1.0,0.76678956,1
img_00787_2023,1.0,0.80841607,1
img_00778_2023,1.0,0.2635287,0
img_00768_p01_2023,1.0,0.059926428,0
img_00768_p02_2023,1.0,0.043339834,0
img_00798_2023,0.0,0.018281447,0
img_00799_2023,0.0,0.021401705,0
img_00802_2023,0.0,0.020161195,0
img_00800_2023,0.0,0.016485987,0
img_00811_2023,0.0,0.02215779,0
img_00803_2023,0.0,0.044201028,0
img_00724_p01_2023,1.0,0.75851214,1
img_00724_p02_2023,1.0,0.13784525,0
img_00724_p03_2023,1.0,0.5733856,0
img_00724_p04_2023,1.0,0.5694347,0
img_00805_2023,0.0,0.08026677,0
img_00809_2023,0.0,0.114590906,0
img_00804_2023,0.0,0.25669843,0
img_00808_2023,0.0,0.1239437,0
img_00806_2023,0.0,0.026586873,0
img_00816_2023,0.0,0.8892461,1
img_00810_2023,0.0,0.017686209,0
img_00820_2023,0.0,0.020804461,0
img_00821_2023,0.0,0.18539688,0
img_00822_2023,0.0,0.022685597,0
img_00826_2023,0.0,0.024119241,0
img_00825_2023,0.0,0.02301521,0
img_00830_2023,0.0,0.04738043,0
img_00833_2023,0.0,0.02582856,0
img_00831_2023,0.0,0.025728494,0
img_00827_2023,0.0,0.12510462,0
img_00837_2023,0.0,0.03268602,0
img_00836_2023,0.0,0.027282992,0
img_00842_2023,0.0,0.029618498,0
img_00840_2023,0.0,0.02271832,0
img_00841_2023,0.0,0.30933666,0
img_00847_2023,0.0,0.06429472,0
img_00852_2023,0.0,0.024183372,0
img_00849_2023,0.0,0.025427757,0
img_00853_2023,0.0,0.015913194,0
img_00851_2023,0.0,0.018450595,0
img_00855_2023,0.0,0.026009127,0
img_00786_p01_2023,1.0,0.84781516,1
img_00786_p02_2023,1.0,0.9298739,1
img_00786_p03_2023,1.0,0.929443,1
img_00786_p04_2023,1.0,0.93948364,1
img_00857_2023,0.0,0.039249264,0
img_00863_2023,0.0,0.02849195,0
img_00864_2023,0.0,0.048865,0
img_00866_2023,0.0,0.075564556,0
img_00870_2023,0.0,0.021547057,0
img_00869_2023,0.0,0.057633273,0
img_00873_2023,0.0,0.22511815,0
img_00861_2023,0.0,0.02445193,0
img_00871_2023,0.0,0.020351078,0
img_00876_2023,0.0,0.05788248,0
img_00813_p01_2023,0.0,0.026064698,0
img_00813_p02_2023,0.0,0.025662748,0
img_00813_p03_2023,0.0,0.018695628,0
img_00813_p04_2023,0.0,0.025500517,0
img_00874_2023,0.0,0.038492188,0
img_00880_2023,0.0,0.022025237,0
img_00834_p01_2023,0.0,0.026108418,0
img_00834_p04_2023,0.0,0.027452359,0
img_00883_2023,0.0,0.031193018,0
img_00848_p01_2023,0.0,0.020872124,0
img_00848_p02_2023,0.0,0.028045787,0
img_00848_p03_2023,0.0,0.024037316,0
img_00848_p04_2023,0.0,0.03175157,0
img_00885_2023,0.0,0.03597003,0
img_00879_2023,0.0,0.017737146,0
img_00884_2023,0.0,0.017196974,0
img_00881_2023,0.0,0.13970082,0
img_00889_2023,0.0,0.17019404,0
img_00818_p01_2023,0.0,0.02054309,0
img_00818_p02_2023,0.0,0.018976377,0
img_00818_p03_2023,0.0,0.019864246,0
img_00818_p04_2023,0.0,0.055170335,0
img_00896_2023,0.0,0.026337903,0
img_00878_p01_2023,0.0,0.035493284,0
img_00878_p02_2023,0.0,0.020819815,0
img_00824_p04_2023,0.0,0.9595157,1
img_00824_p05_2023,0.0,0.042682007,0
img_00891_2023,0.0,0.021522267,0
img_00900_2023,0.0,0.017790677,0
img_00914_2023,0.0,0.020521063,0
img_00911_2023,0.0,0.022673933,0
img_00902_2023,0.0,0.017513577,0
img_00906_2023,0.0,0.02632156,0
img_00903_2023,0.0,0.08668581,0
img_00913_2023,0.0,0.023979126,0
img_00908_2023,0.0,0.025630219,0
img_00910_2023,0.0,0.017690161,0
img_00916_2023,0.0,0.028323093,0
img_00918_2023,0.0,0.016603546,0
img_00922_2023,0.0,0.025611768,0
img_00872_p02_2023,0.0,0.082021624,0
img_00872_p04_2023,0.0,0.02399581,0
img_00905_p01_2023,0.0,0.046557616,0
img_00905_p02_2023,0.0,0.027417714,0
img_00928_2023,0.0,0.028564971,0
img_00931_2023,0.0,0.020533288,0
img_00926_2023,0.0,0.048534214,0
img_00909_p03_2023,0.0,0.018734746,0
img_00886_p01_2023,0.0,0.15707648,0
img_00886_p02_2023,0.0,0.024568465,0
img_00886_p03_2023,0.0,0.020762712,0
img_00886_p04_2023,0.0,0.019138314,0
img_00925_2023,0.0,0.017610822,0
img_00935_2023,0.0,0.016778683,0
img_00934_2023,0.0,0.01975281,0
img_00936_2023,0.0,0.05954295,0
img_00939_2023,0.0,0.09307215,0
img_00930_2023,0.0,0.020221561,0
img_00941_2023,0.0,0.036996815,0
img_00944_2023,0.0,0.017724456,0
img_00940_2023,0.0,0.021838129,0
img_00953_2023,0.0,0.025441876,0
img_00955_2023,0.0,0.024313286,0
img_00952_2023,0.0,0.017075015,0
img_00958_2023,0.0,0.07177143,0
img_00959_2023,0.0,0.16564696,0
img_00957_2023,0.0,0.050099734,0
img_00961_2023,0.0,0.09831763,0
img_00962_2023,0.0,0.020672485,0
img_00956_2023,0.0,0.10383022,0
img_00964_2023,0.0,0.05870573,0
img_00965_2023,0.0,0.14940439,0
img_00975_2023,0.0,0.019510467,0
img_00976_2023,0.0,0.51291203,0
img_00972_2023,0.0,0.024431545,0
img_00978_2023,0.0,0.017794177,0
img_00632_p02_2023,1.0,0.23315652,0
img_00632_p09_2023,1.0,0.58260745,0
img_00632_p10_2023,1.0,0.98000824,1
img_00632_p11_2023,1.0,0.944008,1
img_00632_p12_2023,1.0,0.8077055,1
img_00632_p14_2023,1.0,0.9870652,1
img_00632_p15_2023,1.0,0.9831004,1
img_00632_p16_2023,1.0,0.91044897,1
img_00632_p17_2023,1.0,0.97023755,1
img_00632_p18_2023,1.0,0.029359354,0
img_00963_p01_2023,0.0,0.034326937,0
img_00963_p02_2023,0.0,0.017965706,0
img_00981_2023,0.0,0.61366534,0
img_00971_2023,0.0,0.09393781,0
img_00973_2023,0.0,0.025012774,0
img_00984_2023,0.0,0.06341398,0
img_00983_2023,0.0,0.025091846,0
img_00988_2023,0.0,0.27697623,0
img_00990_2023,0.0,0.6819273,0
img_00991_2023,0.0,0.018772908,0
img_00992_2023,0.0,0.03292126,0
img_00995_2023,0.0,0.027407544,0
img_00993_2023,0.0,0.020179797,0
img_00998_2023,0.0,0.2998682,0
img_00985_2023,0.0,0.02980095,0
img_00996_2023,0.0,0.029060647,0
img_00949_p03_2023,0.0,0.03419433,0
img_00949_p04_2023,0.0,0.04720574,0
img_01002_2023,0.0,0.019854233,0
img_01005_2023,0.0,0.12631549,0
img_01003_2023,0.0,0.9594009,1
img_01014_2023,0.0,0.027550807,0
img_01009_2023,0.0,0.028978435,0
img_01015_2023,0.0,0.022758465,0
img_01013_2023,0.0,0.033630494,0
img_01020_2023,0.0,0.023275837,0
img_01016_2023,0.0,0.024275804,0
img_01019_2023,0.0,0.023546683,0
img_01021_2023,0.0,0.046551857,0
img_01018_2023,0.0,0.029492209,0
img_00967_p01_2023,0.0,0.017822202,0
img_00967_p02_2023,0.0,0.023199426,0
img_00967_p03_2023,0.0,0.025259167,0
img_00967_p04_2023,0.0,0.030849434,0
img_01025_2023,0.0,0.024728164,0
img_01023_2023,0.0,0.024465572,0
img_01031_2023,0.0,0.019792031,0
img_01028_2023,0.0,0.8397575,1
img_01034_2023,0.0,0.09201816,0
img_01033_2023,0.0,0.021247366,0
img_01035_2023,0.0,0.021897342,0
img_01038_2023,0.0,0.019268155,0
img_00954_p01_2023,0.0,0.021824148,0
img_00954_p02_2023,0.0,0.017186653,0
img_00954_p03_2023,0.0,0.018755704,0
img_00954_p04_2023,0.0,0.021791924,0
img_01027_2023,0.0,0.1653391,0
img_01041_2023,0.0,0.0296697,0
img_01044_2023,0.0,0.033658735,0
img_01045_2023,0.0,0.023717009,0
img_01051_2023,0.0,0.02723566,0
img_01053_2023,0.0,0.019404866,0
img_01043_2023,0.0,0.05551774,0
img_01054_2023,0.0,0.020414965,0
img_01049_2023,0.0,0.10087077,0
img_01030_p01_2023,0.0,0.03308877,0
img_01030_p02_2023,0.0,0.15023085,0
img_01055_2023,0.0,0.023528643,0
img_01062_2023,0.0,0.09980087,0
img_01064_2023,0.0,0.22451662,0
img_01065_2023,0.0,0.0395572,0
img_01066_2023,0.0,0.020878254,0
img_01071_2023,0.0,0.01588904,0
img_01075_2023,0.0,0.016986782,0
img_01077_2023,0.0,0.92279834,1
img_01073_2023,0.0,0.054499924,0
img_01074_2023,0.0,0.053437427,0
img_01079_2023,0.0,0.031091368,0
img_01080_2023,0.0,0.018931856,0
img_01082_2023,0.0,0.029839503,0
img_01084_2023,0.0,0.018100128,0
img_01085_2023,0.0,0.029252559,0
img_01088_2023,0.0,0.027641034,0
img_01063_2023,0.0,0.017512355,0
img_01081_2023,0.0,0.01835654,0
img_01089_2023,0.0,0.023026288,0
img_01086_2023,0.0,0.022697615,0
img_01094_2023,0.0,0.06486211,0
img_01092_2023,0.0,0.042067893,0
img_01087_2023,0.0,0.028599402,0
img_01098_2023,0.0,0.016954072,0
img_01100_2023,0.0,0.024844743,0
img_01069_p01_2023,0.0,0.018131044,0
img_01069_p02_2023,0.0,0.020105693,0
img_01102_2023,0.0,0.022750327,0
img_01101_2023,0.0,0.023658864,0
img_01108_2023,0.0,0.0176139,0
img_01107_2023,0.0,0.022422645,0
img_01103_2023,0.0,0.3619037,0
img_01112_2023,0.0,0.038720876,0
img_01117_2023,0.0,0.26953498,0
img_01119_2023,0.0,0.019682348,0
img_01118_2023,0.0,0.036387634,0
img_01122_2023,0.0,0.021108396,0
img_01124_2023,0.0,0.017741593,0
img_01039_p01_2023,0.0,0.020030305,0
img_01039_p02_2023,0.0,0.020887438,0
img_01039_p04_2023,0.0,0.016945928,0
img_01128_2023,0.0,0.03584485,0
img_01127_2023,0.0,0.025003204,0
img_01123_2023,0.0,0.01918251,0
img_01125_2023,0.0,0.018395133,0
img_01126_2023,0.0,0.043472704,0
img_01133_2023,0.0,0.26717067,0
img_01137_2023,0.0,0.017374663,0
img_01141_2023,0.0,0.05721092,0
img_01143_2023,0.0,0.09515275,0
img_01142_2023,0.0,0.033192914,0
img_01145_2023,0.0,0.027827159,0
img_01140_2023,0.0,0.042407025,0
img_01152_2023,0.0,0.019475766,0
img_01148_2023,0.0,0.021809427,0
img_01144_2023,0.0,0.022888444,0
img_01155_2023,0.0,0.040081076,0
img_01159_2023,0.0,0.021313401,0
img_01156_2023,0.0,0.021137847,0
img_01160_2023,0.0,0.026991017,0
img_01134_p01_2023,0.0,0.016624026,0
img_01134_p02_2023,0.0,0.018334152,0
img_01161_2023,0.0,0.0656219,0
img_01164_2023,0.0,0.09057485,0
img_01170_2023,0.0,0.017654417,0
img_01136_2023,0.0,0.028264409,0
img_01173_2023,0.0,0.021159878,0
img_01167_2023,0.0,0.67099917,0
img_01178_2023,0.0,0.022775993,0
img_01177_2023,0.0,0.040014897,0
img_01179_2023,0.0,0.022160854,0
img_01168_2023,0.0,0.051839862,0
img_01183_2023,0.0,0.020483393,0
img_01186_2023,0.0,0.020226482,0
img_01175_2023,0.0,0.023197914,0
img_01182_2023,0.0,0.1340341,0
img_01181_2023,0.0,0.025900057,0
img_01192_2023,0.0,0.060964644,0
img_01190_2023,0.0,0.13643992,0
img_01197_2023,0.0,0.03445791,0
img_01198_2023,0.0,0.03444191,0
img_01201_2023,0.0,0.038948487,0
img_01193_2023,0.0,0.035006158,0
img_01165_p01_2023,0.0,0.023302095,0
img_01165_p02_2023,0.0,0.019862734,0
img_01196_2023,0.0,0.03619247,0
img_01200_2023,0.0,0.031747907,0
img_01204_2023,0.0,0.022349825,0
img_01209_2023,0.0,0.023198362,0
img_01212_2023,0.0,0.01852233,0
img_01205_2023,0.0,0.03183257,0
img_01210_2023,0.0,0.047180172,0
img_01220_2023,0.0,0.023331627,0
img_01213_2023,0.0,0.04728212,0
img_01218_2023,0.0,0.01767017,0
img_01215_2023,0.0,0.06413015,0
img_01216_2023,0.0,0.024656327,0
img_01217_2023,0.0,0.031041311,0
img_01219_2023,0.0,0.58266735,0
img_01222_2023,0.0,0.034086473,0
img_01221_2023,0.0,0.022728197,0
img_01229_2023,0.0,0.016406788,0
img_01224_2023,0.0,0.024866367,0
img_01195_p02_2023,0.0,0.048956912,0
img_01233_2023,0.0,0.020874681,0
img_01231_2023,0.0,0.022965861,0
img_01236_2023,0.0,0.017004589,0
img_01238_2023,0.0,0.038517274,0
img_01214_p01_2023,0.0,0.023122236,0
img_01214_p02_2023,0.0,0.01986475,0
img_01243_2023,0.0,0.046971675,0
img_01246_2023,0.0,0.018432038,0
img_01244_2023,0.0,0.026570985,0
img_01248_2023,0.0,0.069796294,0
img_01254_2023,0.0,0.01568009,0
img_01257_2023,0.0,0.04250411,0
img_01258_2023,0.0,0.02745926,0
img_01249_2023,0.0,0.029919844,0
img_01253_2023,0.0,0.03120129,0
img_01247_2023,0.0,0.029777542,0
img_01263_2023,0.0,0.022638569,0
img_01255_2023,0.0,0.020156363,0
img_01267_2023,0.0,0.020844568,0
img_01268_2023,0.0,0.023179961,0
img_01269_2023,0.0,0.03837807,0
img_01271_2023,0.0,0.022317471,0
img_01273_2023,0.0,0.017186338,0
img_01275_2023,0.0,0.034980547,0
img_01262_2023,0.0,0.031133214,0
img_01276_2023,0.0,0.024726037,0
img_01282_2023,0.0,0.019007955,0
img_01281_2023,0.0,0.015683172,0
img_01280_2023,0.0,0.018725479,0
img_01286_2023,0.0,0.02138942,0
img_01279_2023,0.0,0.036084574,0
img_01291_2023,0.0,0.030488908,0
img_01290_2023,0.0,0.021492682,0
img_01076_p01_2023,0.0,0.069671966,0
img_01076_p02_2023,0.0,0.0547504,0
img_01076_p03_2023,0.0,0.020431021,0
img_01076_p04_2023,0.0,0.025509484,0
img_01076_p05_2023,0.0,0.03975665,0
img_01076_p06_2023,0.0,0.033085298,0
img_01076_p07_2023,0.0,0.1876301,0
img_01076_p08_2023,0.0,0.020131502,0
img_01076_p09_2023,0.0,0.04609282,0
img_01076_p10_2023,0.0,0.036535017,0
img_01301_2023,0.0,0.019493964,0
img_01295_2023,0.0,0.3580728,0
img_01298_2023,0.0,0.017006038,0
img_01299_2023,0.0,0.023578811,0
img_01304_2023,0.0,0.020031981,0
img_01311_2023,0.0,0.13698643,0
img_01312_2023,0.0,0.0543494,0
img_01308_2023,0.0,0.018940764,0
img_01316_2023,0.0,0.017501438,0
img_01292_p01_2023,0.0,0.026565397,0
img_01292_p02_2023,0.0,0.018614318,0
img_01313_2023,0.0,0.020633647,0
img_01315_2023,0.0,0.02008483,0
img_01310_2023,0.0,0.02391208,0
img_01321_2023,0.0,0.73284113,0
img_01317_2023,0.0,0.01873501,0
img_01302_p01_2023,0.0,0.021539101,0
img_01322_2023,0.0,0.028236652,0
img_01289_p01_2023,0.0,0.023131287,0
img_01289_p02_2023,0.0,0.03181783,0
img_01319_2023,0.0,0.021768687,0
img_01320_2023,0.0,0.021539915,0
img_01328_2023,0.0,0.022038743,0
img_01323_2023,0.0,0.5358458,0
img_01327_2023,0.0,0.054470688,0
img_01339_2023,0.0,0.018188585,0
img_01337_2023,0.0,0.03020761,0
img_01338_2023,0.0,0.03206605,0
img_01341_2023,0.0,0.021121815,0
img_01332_2023,0.0,0.024995323,0
img_01343_2023,0.0,0.023843024,0
img_01334_2023,0.0,0.022075437,0
img_01335_2023,0.0,0.023693651,0
img_01318_p01_2023,0.0,0.018330263,0
img_01345_2023,0.0,0.06466218,0
img_01350_2023,0.0,0.022102052,0
img_01347_2023,0.0,0.035777226,0
img_01352_2023,0.0,0.017413178,0
img_01355_2023,0.0,0.026073717,0
img_01358_2023,0.0,0.05250765,0
img_01348_2023,0.0,0.024262784,0
img_01359_2023,0.0,0.04962405,0
img_01364_2023,0.0,0.028052963,0
img_01360_2023,0.0,0.01545753,0
img_01363_2023,0.0,0.01965772,0
img_01368_2023,0.0,0.017635481,0
img_01354_2023,0.0,0.026352942,0
img_01353_2023,0.0,0.022009006,0
img_01351_2023,0.0,0.018562976,0
img_01366_2023,0.0,0.03313379,0
img_01372_2023,0.0,0.02440044,0
img_01374_2023,0.0,0.023195978,0
img_01367_2023,0.0,0.8046109,1
img_01370_2023,0.0,0.020471977,0
img_01369_2023,0.0,0.037577204,0
img_01356_2023,0.0,0.023903368,0
img_01375_2023,0.0,0.033702407,0
img_01380_2023,0.0,0.059588812,0
img_01390_2023,0.0,0.056017734,0
img_01389_2023,0.0,0.023862759,0
img_01392_2023,0.0,0.021069499,0
img_01386_2023,0.0,0.026842132,0
img_01393_2023,0.0,0.053027667,0
img_01396_2023,0.0,0.018437559,0
img_01397_2023,0.0,0.03290565,0
img_01399_2023,0.0,0.017773563,0
img_01384_2023,0.0,0.021153087,0
img_01398_2023,0.0,0.026840322,0
img_01378_p02_2023,0.0,0.023426713,0
img_01388_2023,0.0,0.03446633,0
img_01394_2023,0.0,0.023533434,0
img_01405_2023,0.0,0.02138184,0
img_01402_2023,0.0,0.02078327,0
img_01404_2023,0.0,0.017562438,0
img_01412_2023,0.0,0.047886647,0
img_01413_2023,0.0,0.017438577,0
img_01414_2023,0.0,0.01889554,0
img_01408_2023,0.0,0.025729218,0
img_01379_2023,0.0,0.019931173,0
img_01416_2023,0.0,0.9347136,1
img_01423_2023,0.0,0.016883582,0
img_01418_2023,0.0,0.2983343,0
img_01417_2023,0.0,0.019043839,0
img_01419_2023,0.0,0.020926565,0
img_01426_2023,0.0,0.032894272,0
img_01422_2023,0.0,0.016567418,0
img_01421_2023,0.0,0.018766176,0
img_01420_2023,0.0,0.024222245,0
img_01431_2023,0.0,0.43965173,0
img_01427_2023,0.0,0.020694835,0
img_01429_2023,0.0,0.041117266,0
img_01435_2023,0.0,0.018292421,0
img_01433_2023,0.0,0.72343403,0
img_01442_2023,0.0,0.023794003,0
img_01425_2023,0.0,0.016694572,0
img_01440_2023,0.0,0.10926852,0
img_01436_2023,0.0,0.026078658,0
img_01376_p01_2023,0.0,0.03244006,0
img_01376_p03_2023,0.0,0.4430136,0
img_01376_p04_2023,0.0,0.019751983,0
img_01445_2023,0.0,0.03977757,0
img_01443_2023,0.0,0.07316532,0
img_01441_2023,0.0,0.024765605,0
img_01446_2023,0.0,0.029406944,0
img_01349_p01_2023,0.0,0.01937286,0
img_01349_p02_2023,0.0,0.020937745,0
img_01349_p03_2023,0.0,0.01811287,0
img_01349_p04_2023,0.0,0.025107441,0
img_01377_p01_2023,0.0,0.022560036,0
img_01377_p02_2023,0.0,0.018398535,0
img_01377_p03_2023,0.0,0.043382004,0
img_01377_p04_2023,0.0,0.43023348,0
img_01377_p05_2023,0.0,0.025862535,0
img_01377_p06_2023,0.0,0.019638045,0
img_01452_2023,0.0,0.048583332,0
img_01453_2023,0.0,0.021542398,0
img_01455_2023,0.0,0.025526974,0
img_01449_2023,0.0,0.022255924,0
img_01448_2023,0.0,0.37264702,0
img_01460_2023,0.0,0.54883766,0
img_01458_2023,0.0,0.01635696,0
img_01462_2023,0.0,0.12062409,0
img_01461_2023,0.0,0.030575585,0
img_01464_2023,0.0,0.031629104,0
img_01463_2023,0.0,0.02073087,0
img_01471_2023,0.0,0.054772705,0
img_01472_2023,0.0,0.030751877,0
img_01465_2023,0.0,0.023169722,0
img_01469_2023,0.0,0.022591617,0
img_01475_2023,0.0,0.022338133,0
img_01473_2023,0.0,0.044935223,0
img_01476_2023,0.0,0.029323818,0
img_01480_2023,0.0,0.021763885,0
img_01482_2023,0.0,0.021026246,0
img_01468_2023,0.0,0.28464139,0
img_01486_2023,0.0,0.019992536,0
img_01478_2023,0.0,0.015784798,0
img_01474_2023,0.0,0.018441021,0
img_01479_2023,0.0,0.015792357,0
img_01487_2023,0.0,0.03151156,0
img_01495_2023,0.0,0.01837724,0
img_01481_2023,0.0,0.025805702,0
img_01501_2023,0.0,0.018624442,0
img_01496_2023,0.0,0.034035448,0
img_01503_2023,0.0,0.01961234,0
img_01505_2023,0.0,0.032486815,0
img_01508_2023,0.0,0.04043464,0
img_01498_2023,0.0,0.018053629,0
img_01499_2023,0.0,0.01734973,0
img_01507_2023,0.0,0.03098233,0
img_01504_2023,0.0,0.076774634,0
img_01511_2023,0.0,0.016667578,0
img_01510_2023,0.0,0.025505755,0
img_01502_2023,0.0,0.20840952,0
img_01489_p01_2023,0.0,0.03385716,0
img_01489_p02_2023,0.0,0.039753538,0
img_01515_2023,0.0,0.16080138,0
img_01516_2023,0.0,0.45646462,0
img_01522_2023,0.0,0.053244967,0
img_01527_2023,0.0,0.032147877,0
img_01529_2023,0.0,0.025580185,0
img_01521_2023,0.0,0.05173678,0
img_01526_2023,0.0,0.033241246,0
img_01533_2023,0.0,0.024714522,0
img_01537_2023,0.0,0.61745584,0
img_01540_2023,0.0,0.028390178,0
img_01546_2023,0.0,0.03297874,0
img_01534_2023,0.0,0.021951873,0
img_01544_2023,0.0,0.020751774,0
img_01542_2023,0.0,0.04276475,0
img_01545_2023,0.0,0.02101101,0
img_01518_2023,0.0,0.019772384,0
img_01553_2023,0.0,0.12707342,0
img_01555_2023,0.0,0.8879647,1
img_01547_2023,0.0,0.025528166,0
img_01557_2023,0.0,0.023719223,0
img_01558_2023,0.0,0.1575511,0
img_01556_2023,0.0,0.022110675,0
img_01562_2023,0.0,0.02735723,0
img_01568_2023,0.0,0.04069528,0
img_01561_2023,0.0,0.019389942,0
img_01565_2023,0.0,0.02339764,0
img_01569_2023,0.0,0.022859322,0
img_01578_2023,0.0,0.020600593,0
img_01567_2023,0.0,0.043706812,0
img_01571_2023,0.0,0.017375868,0
img_01583_2023,0.0,0.02072134,0
img_01579_2023,0.0,0.022883853,0
img_01582_2023,0.0,0.14440748,0
img_01586_2023,0.0,0.03208431,0
img_01590_2023,0.0,0.018480817,0
img_01594_2023,0.0,0.034990918,0
img_01595_2023,0.0,0.030965703,0
img_01604_2023,0.0,0.02103944,0
img_01603_2023,0.0,0.017097453,0
img_01601_2023,0.0,0.021844985,0
img_01600_2023,0.0,0.02263997,0
img_01605_2023,0.0,0.048196748,0
img_01598_2023,0.0,0.020149192,0
img_01607_2023,0.0,0.019694624,0
img_01608_2023,0.0,0.07478293,0
img_01596_2023,0.0,0.05832504,0
img_01609_2023,0.0,0.015756117,0
img_01618_2023,0.0,0.06498034,0
img_01549_p01_2023,0.0,0.021241756,0
img_01549_p02_2023,0.0,0.02417008,0
img_01610_2023,0.0,0.03829242,0
img_01613_2023,0.0,0.022219071,0
img_01615_2023,0.0,0.0312992,0
img_01626_2023,0.0,0.019286903,0
img_01627_2023,0.0,0.028035847,0
img_01606_p01_2023,0.0,0.016419644,0
img_01606_p02_2023,0.0,0.018115355,0
img_01622_2023,0.0,0.03303205,0
img_01636_2023,0.0,0.025238823,0
img_01632_2023,0.0,0.018869007,0
img_01635_2023,0.0,0.023573976,0
img_01633_2023,0.0,0.024316197,0
img_01638_2023,0.0,0.30855414,0
img_01640_2023,0.0,0.042839907,0
img_01631_2023,0.0,0.040950075,0
img_01643_2023,0.0,0.025963489,0
img_01642_2023,0.0,0.026966734,0
img_01645_2023,0.0,0.019893456,0
img_01652_2023,0.0,0.023276482,0
img_01648_2023,0.0,0.052605502,0
img_01543_p01_2023,0.0,0.9596037,1
img_01543_p02_2023,0.0,0.2161146,0
img_01543_p03_2023,0.0,0.03336853,0
img_01543_p04_2023,0.0,0.031302676,0
img_01543_p05_2023,0.0,0.25385028,0
img_01543_p06_2023,0.0,0.24004355,0
img_01653_2023,0.0,0.02288067,0
img_01634_2023,0.0,0.025089893,0
img_01655_2023,0.0,0.019308642,0
img_01663_2023,0.0,0.34711102,0
img_01657_2023,0.0,0.025494695,0
img_01660_2023,0.0,0.030521138,0
img_01668_2023,0.0,0.05696336,0
img_01665_2023,0.0,0.059831157,0
img_01672_2023,0.0,0.020012071,0
img_01678_2023,0.0,0.023095787,0
img_01675_2023,0.0,0.02101096,0
img_01681_2023,0.0,0.02293685,0
img_01682_2023,0.0,0.022338148,0
img_01680_2023,0.0,0.028594313,0
img_01685_2023,0.0,0.029200446,0
img_01624_p01_2023,0.0,0.01650782,0
img_01624_p02_2023,0.0,0.019964611,0
img_01624_p03_2023,0.0,0.017989993,0
img_01624_p04_2023,0.0,0.019832859,0
img_01688_2023,0.0,0.018936932,0
img_01686_2023,0.0,0.08523889,0
img_01687_2023,0.0,0.035980478,0
img_01674_p02_2023,0.0,0.026903683,0
img_01692_2023,0.0,0.025950262,0
img_01679_p01_2023,0.0,0.04810707,0
img_01679_p02_2023,0.0,0.021129059,0
img_01695_2023,0.0,0.15711276,0
img_01694_2023,0.0,0.018103305,0
img_01690_2023,0.0,0.017543083,0
img_01697_2023,0.0,0.022345409,0
img_01699_2023,0.0,0.019236054,0
img_01700_2023,0.0,0.02649955,0
img_01704_2023,0.0,0.015800763,0
img_01708_2023,0.0,0.030530607,0
img_01702_2023,0.0,0.039084688,0
img_01703_2023,0.0,0.026058078,0
img_01707_2023,0.0,0.01815873,0
img_01711_2023,0.0,0.0692747,0
img_01705_2023,0.0,0.02183607,0
img_01709_2023,0.0,0.12622036,0
img_01710_2023,0.0,0.0271138,0
img_01712_2023,0.0,0.03315123,0
img_01715_2023,0.0,0.03285145,0
img_01714_2023,0.0,0.02746455,0
img_01717_2023,0.0,0.04002198,0
img_01723_2023,0.0,0.029224956,0
img_01719_2023,0.0,0.017503202,0
img_01722_2023,0.0,0.019807823,0
img_01725_2023,0.0,0.05025024,0
img_01718_2023,0.0,0.037262995,0
img_01724_2023,0.0,0.0179876,0
img_01728_2023,0.0,0.03225582,0
img_01727_2023,0.0,0.039407417,0
img_01730_2023,0.0,0.027290491,0
img_01732_2023,0.0,0.01696992,0
img_01735_2023,0.0,0.023389434,0
img_01720_2023,0.0,0.025423562,0
img_01741_2023,0.0,0.3790992,0
img_01733_2023,0.0,0.01961347,0
img_01736_2023,0.0,0.07529735,0
img_01742_2023,0.0,0.016877329,0
img_01740_2023,0.0,0.026163138,0
img_01738_2023,0.0,0.023382556,0
img_01739_2023,0.0,0.020193383,0
img_01746_2023,0.0,0.04387252,0
img_01745_2023,0.0,0.01956252,0
img_01755_2023,0.0,0.028034367,0
img_01752_2023,0.0,0.017987845,0
img_01760_2023,0.0,0.05596318,0
img_01750_2023,0.0,0.030718716,0
img_01753_2023,0.0,0.027435236,0
img_01761_2023,0.0,0.019173753,0
img_01759_2023,0.0,0.05033861,0
img_01769_2023,0.0,0.041594513,0
img_01767_2023,0.0,0.87492,1
img_01773_2023,0.0,0.021920767,0
img_01774_2023,0.0,0.01754013,0
img_01779_2023,0.0,0.24506551,0
img_01768_2023,0.0,0.04916583,0
img_01780_2023,0.0,0.021037837,0
img_01734_p01_2023,0.0,0.03405119,0
img_01734_p02_2023,0.0,0.44060954,0
img_01734_p03_2023,0.0,0.033003848,0
img_01777_2023,0.0,0.09887379,0
img_01782_2023,0.0,0.024560507,0
img_01787_2023,0.0,0.03907308,0
img_01776_2023,0.0,0.018864935,0
img_01786_2023,0.0,0.02199659,0
img_01784_2023,0.0,0.024761118,0
img_01788_2023,0.0,0.033774275,0
img_01791_2023,0.0,0.032917615,0
img_01790_2023,0.0,0.023606047,0
img_01792_2023,0.0,0.020056235,0
img_01785_2023,0.0,0.019227581,0
img_01794_2023,0.0,0.016800016,0
img_01795_2023,0.0,0.02771928,0
img_01799_2023,0.0,0.017250277,0
img_01666_p01_2023,0.0,0.093576565,0
img_01666_p02_2023,0.0,0.028435472,0
img_01666_p03_2023,0.0,0.025989283,0
img_01666_p04_2023,0.0,0.017808074,0
img_01666_p05_2023,0.0,0.028813235,0
img_01666_p06_2023,0.0,0.022070369,0
img_01666_p07_2023,0.0,0.017362017,0
img_01798_2023,0.0,0.020612834,0
img_01800_2023,0.0,0.043949824,0
img_01802_2023,0.0,0.017814424,0
img_01813_2023,0.0,0.054217685,0
img_01806_2023,0.0,0.069415025,0
img_01805_2023,0.0,0.023172254,0
img_01812_2023,0.0,0.05718648,0
img_01815_2023,0.0,0.04104078,0
img_01818_2023,0.0,0.018561803,0
img_01572_p06_2023,0.0,0.01905155,0
img_01572_p07_2023,0.0,0.01766768,0
img_01572_p08_2023,0.0,0.029792845,0
img_01572_p09_2023,0.0,0.025347669,0
img_01572_p10_2023,0.0,0.028210932,0
img_01572_p12_2023,0.0,0.02188682,0
img_01821_2023,0.0,0.088717796,0
img_01826_2023,0.0,0.021955488,0
img_01822_2023,0.0,0.020239074,0
img_01827_2023,0.0,0.186972,0
img_01823_2023,0.0,0.101938054,0
img_01834_2023,0.0,0.7219541,0
img_01829_2023,0.0,0.047764797,0
img_01831_2023,0.0,0.03942045,0
img_01808_p01_2023,0.0,0.04175933,0
img_01808_p02_2023,0.0,0.020072894,0
img_01830_2023,0.0,0.024807174,0
img_01824_2023,0.0,0.017230548,0
img_01840_2023,0.0,0.021552717,0
img_01838_2023,0.0,0.020966012,0
img_01837_2023,0.0,0.025023043,0
img_01839_2023,0.0,0.14252545,0
img_01847_2023,0.0,0.020425033,0
img_01843_2023,0.0,0.021662546,0
img_01850_2023,0.0,0.026944779,0
img_01848_2023,0.0,0.04161235,0
img_01849_2023,0.0,0.029063571,0
img_01856_2023,0.0,0.022536963,0
img_01858_2023,0.0,0.024656879,0
img_01871_2023,0.0,0.36408472,0
img_01868_2023,0.0,0.022777583,0
img_01870_2023,0.0,0.027640842,0
img_01873_2023,0.0,0.023283638,0
img_01859_2023,0.0,0.018406725,0
img_01874_2023,0.0,0.025640426,0
img_01875_2023,0.0,0.028972184,0
img_01883_2023,0.0,0.040296182,0
img_01872_2023,0.0,0.03185245,0
img_01881_2023,0.0,0.021296881,0
img_01854_p01_2023,0.0,0.01985928,0
img_01854_p02_2023,0.0,0.02123163,0
img_01880_2023,0.0,0.017811421,0
img_01887_2023,0.0,0.023634162,0
img_01884_2023,0.0,0.029306063,0
img_01885_2023,0.0,0.06909138,0
img_01888_2023,0.0,0.042514235,0
img_01894_2023,0.0,0.02449605,0
img_01891_2023,0.0,0.020698795,0
img_01895_2023,0.0,0.0322127,0
img_01897_2023,0.0,0.04271166,0
img_01899_2023,0.0,0.02073632,0
img_01892_2023,0.0,0.03152059,0
img_01903_2023,0.0,0.024988836,0
img_01904_2023,0.0,0.022500325,0
img_01905_2023,0.0,0.02393019,0
img_01906_2023,0.0,0.02672002,0
img_01909_2023,0.0,0.018545903,0
img_01908_2023,0.0,0.029109484,0
img_01917_2023,0.0,0.02036507,0
img_01918_2023,0.0,0.020187734,0
img_01913_2023,0.0,0.022249293,0
img_01910_2023,0.0,0.025222521,0
img_01920_2023,0.0,0.018124525,0
img_01921_2023,0.0,0.019572478,0
img_01923_2023,0.0,0.020514285,0
img_01926_2023,0.0,0.08234169,0
img_01929_2023,0.0,0.054718107,0
img_01934_2023,0.0,0.020467656,0
img_01931_2023,0.0,0.02357185,0
img_01938_2023,0.0,0.14369489,0
img_01932_2023,0.0,0.032931525,0
img_01936_2023,0.0,0.026450668,0
img_01939_2023,0.0,0.040253405,0
img_01940_2023,0.0,0.015318649,0
img_01935_2023,0.0,0.2038406,0
img_01941_2023,0.0,0.02064876,0
img_01944_2023,0.0,0.054883298,0
img_01948_2023,0.0,0.04334015,0
img_01945_2023,0.0,0.02956289,0
img_01946_2023,0.0,0.024635963,0
img_01950_2023,0.0,0.032447107,0
img_01952_2023,0.0,0.020372264,0
img_01953_2023,0.0,0.029147455,0
img_01957_2023,0.0,0.03892318,0
img_01912_p01_2023,0.0,0.02232372,0
img_01912_p02_2023,0.0,0.02056892,0
img_01961_2023,0.0,0.01823145,0
img_01960_2023,0.0,0.032062218,0
img_01819_p01_2023,0.0,0.022037782,0
img_01819_p02_2023,0.0,0.02792633,0
img_01819_p04_2023,0.0,0.019094963,0
img_01819_p05_2023,0.0,0.016941195,0
img_01962_2023,0.0,0.047625113,0
img_01963_2023,0.0,0.52605635,0
img_01959_2023,0.0,0.030363647,0
img_01966_2023,0.0,0.021524074,0
img_01971_2023,0.0,0.02323279,0
img_01955_2023,0.0,0.020087406,0
img_01964_2023,0.0,0.020908674,0
img_01975_2023,0.0,0.09659768,0
img_01979_2023,0.0,0.03785423,0
img_01972_2023,0.0,0.027993,0
img_01978_2023,0.0,0.024805658,0
img_01980_2023,0.0,0.0161943,0
img_01981_2023,0.0,0.017136531,0
img_01985_2023,0.0,0.029534897,0
img_01984_2023,0.0,0.026250692,0
img_01982_2023,0.0,0.024361616,0
img_01988_2023,0.0,0.07676589,0
img_01990_2023,0.0,0.021305962,0
img_01862_p04_2023,0.0,0.030984728,0
img_01989_2023,0.0,0.03324315,0
img_01987_2023,0.0,0.020436527,0
img_01997_2023,0.0,0.6560558,0
img_01995_2023,0.0,0.021035274,0
img_01998_2023,0.0,0.11573058,0
img_01991_2023,0.0,0.016021712,0
img_01999_2023,0.0,0.030381277,0
img_01996_2023,0.0,0.054473944,0
img_02010_2023,0.0,0.017849967,0
img_02007_2023,0.0,0.020894472,0
img_02011_2023,0.0,0.083070464,0
img_02003_2023,0.0,0.026366776,0
img_02014_2023,0.0,0.118141875,0
img_02001_2023,0.0,0.89436626,1
img_02019_2023,0.0,0.020248858,0
img_02021_2023,0.0,0.018654674,0
img_02016_2023,0.0,0.04317058,0
img_02020_2023,0.0,0.096171685,0
img_02022_2023,0.0,0.0272768,0
img_02025_2023,0.0,0.02792831,0
img_02027_2023,0.0,0.033886824,0
img_02030_2023,0.0,0.02174781,0
img_02029_2023,0.0,0.19099931,0
img_01983_p01_2023,0.0,0.03186231,0
img_01983_p02_2023,0.0,0.018997844,0
img_02032_2023,0.0,0.20037569,0
img_02013_p02_2023,0.0,0.036148798,0
img_02040_2023,0.0,0.038279515,0
img_02037_2023,0.0,0.022865973,0
img_02038_2023,0.0,0.021685492,0
img_02043_2023,0.0,0.015941339,0
img_02036_2023,0.0,0.020285439,0
img_02044_2023,0.0,0.028863695,0
img_02042_2023,0.0,0.027343301,0
img_02051_2023,0.0,0.08109725,0
img_02046_2023,0.0,0.12979913,0
img_02057_2023,0.0,0.02050823,0
img_02047_2023,0.0,0.054526847,0
img_02055_2023,0.0,0.020474568,0
img_02059_2023,0.0,0.03556894,0
img_02056_2023,0.0,0.019014865,0
img_02063_2023,0.0,0.021330494,0
img_02058_2023,0.0,0.03268533,0
img_02064_2023,0.0,0.017849533,0
img_02062_2023,0.0,0.063381284,0
img_02073_2023,0.0,0.055372052,0
img_02077_2023,0.0,0.027553726,0
img_02069_2023,0.0,0.02758564,0
img_02078_2023,0.0,0.023370858,0
img_02052_p01_2023,0.0,0.016611278,0
img_02052_p02_2023,0.0,0.022937236,0
img_02079_2023,0.0,0.027557133,0
img_02050_p02_2023,0.0,0.067160815,0
img_02088_2023,0.0,0.03264751,0
img_02085_2023,0.0,0.02538926,0
img_02090_2023,0.0,0.019112702,0
img_02091_2023,0.0,0.94519633,1
img_02089_2023,0.0,0.041326106,0
img_02096_2023,0.0,0.027518114,0
img_02086_2023,0.0,0.021162571,0
img_02100_2023,0.0,0.019313762,0
img_02097_2023,0.0,0.05755699,0
img_02099_2023,0.0,0.03033115,0
img_02101_2023,0.0,0.023220696,0
img_02102_2023,0.0,0.017767355,0
img_02106_2023,0.0,0.015901174,0
img_02103_2023,0.0,0.039856218,0
img_02084_p02_2023,0.0,0.031250205,0
img_02108_2023,0.0,0.025392555,0
img_02107_2023,0.0,0.03309034,0
img_02111_2023,0.0,0.01847146,0
img_02109_2023,0.0,0.024751294,0
img_02110_2023,0.0,0.02173525,0
img_02113_2023,0.0,0.04493108,0
img_02114_2023,0.0,0.028829599,0
img_02112_2023,0.0,0.016831558,0
img_02116_2023,0.0,0.018285716,0
img_02035_p01_2023,0.0,0.020994557,0
img_02035_p02_2023,0.0,0.016704038,0
img_02035_p03_2023,0.0,0.018121665,0
img_02035_p04_2023,0.0,0.017284846,0
img_02118_2023,0.0,0.016771244,0
img_02122_2023,0.0,0.020781232,0
img_02124_2023,0.0,0.10560978,0
img_02127_2023,0.0,0.015625251,0
img_02125_2023,0.0,0.017691271,0
img_02129_2023,0.0,0.054924183,0
img_02128_2023,0.0,0.018066598,0
img_02134_2023,0.0,0.024568712,0
img_02131_2023,0.0,0.05343717,0
img_02123_2023,0.0,0.020050313,0
img_02105_p01_2023,0.0,0.016670542,0
img_02105_p02_2023,0.0,0.025199462,0
img_02133_2023,0.0,0.03890772,0
img_02136_2023,0.0,0.031669367,0
img_02137_2023,0.0,0.02477618,0
img_02141_2023,0.0,0.047376838,0
img_02138_2023,0.0,0.11644003,0
img_02142_2023,0.0,0.049784727,0
img_02145_2023,0.0,0.31983638,0
img_02135_p01_2023,0.0,0.018696088,0
img_02135_p02_2023,0.0,0.027899101,0
img_02146_2023,0.0,0.017715046,0
img_02158_2023,0.0,0.017331943,0
img_02152_2023,0.0,0.019268002,0
img_02143_p01_2023,0.0,0.01551507,0
img_02143_p02_2023,0.0,0.021021232,0
img_02156_2023,0.0,0.017890163,0
img_02164_2023,0.0,0.03329203,0
img_02167_2023,0.0,0.02039426,0
img_02159_2023,0.0,0.037972458,0
img_02173_2023,0.0,0.020769916,0
img_02169_2023,0.0,0.02049501,0
img_02176_2023,0.0,0.020682078,0
img_02179_2023,0.0,0.03432636,0
img_02180_2023,0.0,0.025291633,0
img_02177_2023,0.0,0.019939572,0
img_01563_p01_2023,0.0,0.020525914,0
img_01563_p02_2023,0.0,0.02017361,0
img_01563_p03_2023,0.0,0.016888957,0
img_01563_p04_2023,0.0,0.03217267,0
img_01563_p06_2023,0.0,0.021494564,0
img_02175_2023,0.0,0.020748878,0
img_02187_2023,0.0,0.032955397,0
img_02189_2023,0.0,0.033783007,0
img_02098_p01_2023,0.0,0.018862737,0
img_02098_p02_2023,0.0,0.034927316,0
img_02098_p03_2023,0.0,0.02460087,0
img_02098_p04_2023,0.0,0.031966597,0
img_02098_p05_2023,0.0,0.06309,0
img_02098_p06_2023,0.0,0.033347238,0
img_02195_2023,0.0,0.017570874,0
img_02193_2023,0.0,0.036509573,0
img_02197_2023,0.0,0.021021497,0
img_02194_2023,0.0,0.027413175,0
img_02192_2023,0.0,0.18257749,0
img_02198_2023,0.0,0.50550985,0
img_02199_2023,0.0,0.2914972,0
img_02202_2023,0.0,0.73131794,0
img_02188_2023,0.0,0.021190843,0
img_02213_2023,0.0,0.02704977,0
img_02209_2023,0.0,0.02792126,0
img_02201_2023,0.0,0.048749093,0
img_02210_2023,0.0,0.016987754,0
img_02215_2023,0.0,0.02350289,0
img_02207_2023,0.0,0.025366541,0
img_02216_2023,0.0,0.038484845,0
img_02208_p01_2023,0.0,0.025932804,0
img_02208_p02_2023,0.0,0.048555963,0
img_02225_2023,0.0,0.017990675,0
img_02219_2023,0.0,0.038793508,0
img_02220_2023,0.0,0.024915835,0
img_02218_2023,0.0,0.04253527,0
img_02226_2023,0.0,0.052034758,0
img_02231_2023,0.0,0.01751791,0
img_02236_2023,0.0,0.029419977,0
img_02239_2023,0.0,0.048395954,0
img_02240_2023,0.0,0.019934693,0
img_02243_2023,0.0,0.01932979,0
img_02227_2023,0.0,0.03127451,0
img_02217_p01_2023,0.0,0.017730111,0
img_02217_p02_2023,0.0,0.028521167,0
img_02221_p01_2023,0.0,0.018488985,0
img_02221_p02_2023,0.0,0.016598921,0
img_02246_2023,0.0,0.32529724,0
img_02245_2023,0.0,0.018771928,0
img_02244_2023,0.0,0.022549944,0
img_02235_2023,0.0,0.03797777,0
img_02257_2023,0.0,0.021949057,0
img_02252_2023,0.0,0.025250925,0
img_02255_2023,0.0,0.017690476,0
img_02256_2023,0.0,0.021997312,0
img_02258_2023,0.0,0.02175058,0
img_02263_2023,0.0,0.020745937,0
img_02259_2023,0.0,0.018795736,0
img_02266_2023,0.0,0.5742918,0
img_02267_2023,0.0,0.019180205,0
img_02270_2023,0.0,0.076039255,0
img_02272_2023,0.0,0.042396143,0
img_02269_2023,0.0,0.06169582,0
img_02279_2023,0.0,0.029139059,0
img_02288_2023,0.0,0.016433934,0
img_02284_2023,0.0,0.046142485,0
img_02273_2023,0.0,0.016557904,0
img_02274_2023,0.0,0.028818104,0
img_02289_2023,0.0,0.038148914,0
img_02281_2023,0.0,0.02517354,0
img_02285_2023,0.0,0.022289297,0
img_02287_2023,0.0,0.02059046,0
img_02282_2023,0.0,0.02335517,0
img_02290_2023,0.0,0.056995887,0
img_02292_2023,0.0,0.020835884,0
img_02301_2023,0.0,0.06035884,0
img_02298_2023,0.0,0.01848152,0
img_02297_2023,0.0,0.021067703,0
img_02295_2023,0.0,0.03905029,0
img_02302_2023,0.0,0.23745573,0
img_02306_2023,0.0,0.017997736,0
img_02304_2023,0.0,0.017269406,0
img_02311_2023,0.0,0.038980573,0
img_02313_2023,0.0,0.10970362,0
img_02280_p01_2023,0.0,0.026490591,0
img_02280_p02_2023,0.0,0.026101299,0
img_02316_2023,0.0,0.50475824,0
img_02320_2023,0.0,0.017941812,0
img_02319_2023,0.0,0.08657466,0
img_02294_2023,0.0,0.018359805,0
img_02329_2023,0.0,0.13334112,0
img_02324_2023,0.0,0.037265893,0
img_02327_2023,0.0,0.024797382,0
img_02328_2023,0.0,0.021166299,0
img_02314_2023,0.0,0.018338967,0
img_02332_2023,0.0,0.027041856,0
img_02307_p01_2023,0.0,0.020824568,0
img_02307_p02_2023,0.0,0.019758724,0
img_02331_2023,0.0,0.05476752,0
img_02337_2023,0.0,0.020133354,0
img_02338_2023,0.0,0.024873728,0
img_02339_2023,0.0,0.034767583,0
img_02341_2023,0.0,0.03738651,0
img_02343_2023,0.0,0.27031267,0
img_02310_p02_2023,0.0,0.7396782,1
img_02310_p03_2023,0.0,0.044035267,0
img_02342_2023,0.0,0.016085213,0
img_02340_2023,0.0,0.024218984,0
img_02308_p01_2023,0.0,0.028516509,0
img_02308_p02_2023,0.0,0.020623388,0
img_02308_p03_2023,0.0,0.024498558,0
img_02348_2023,0.0,0.10315488,0
img_02296_p02_2023,0.0,0.02662913,0
img_02353_2023,0.0,0.034348667,0
img_02350_2023,0.0,0.017617969,0
img_02354_2023,0.0,0.24445806,0
img_02355_2023,0.0,0.023697987,0
img_02359_2023,0.0,0.9335986,1
img_02360_2023,0.0,0.02575722,0
img_02356_2023,0.0,0.029187903,0
img_02358_2023,0.0,0.024270484,0
img_02367_2023,0.0,0.04093092,0
img_02368_2023,0.0,0.22389822,0
img_02361_2023,0.0,0.026091408,0
img_02371_2023,0.0,0.04795963,0
img_02372_2023,0.0,0.56837964,0
img_02370_2023,0.0,0.19778869,0
img_02365_2023,0.0,0.032811478,0
img_02362_2023,0.0,0.84405357,1
img_02363_2023,0.0,0.059095953,0
img_02376_2023,0.0,0.8787134,1
img_02375_2023,0.0,0.042838518,0
img_02379_2023,0.0,0.024527874,0
img_02384_2023,0.0,0.01867065,0
img_02382_2023,0.0,0.17823775,0
img_02388_2023,0.0,0.06270261,0
img_02383_2023,0.0,0.021126049,0
img_02381_2023,0.0,0.016885553,0
img_02390_2023,0.0,0.08468603,0
img_02397_2023,0.0,0.018975161,0
img_02389_2023,0.0,0.017089058,0
img_02393_2023,0.0,0.019135162,0
img_02387_2023,0.0,0.020495124,0
img_02394_2023,0.0,0.05932259,0
img_02398_2023,0.0,0.06303106,0
img_02403_2023,0.0,0.022941632,0
img_02404_2023,0.0,0.016793864,0
img_02399_2023,0.0,0.015906608,0
img_02392_2023,0.0,0.016232649,0
img_02373_p01_2023,0.0,0.018101366,0
img_02373_p02_2023,0.0,0.017615097,0
img_02374_p01_2023,0.0,0.02823488,0
img_02374_p02_2023,0.0,0.030270513,0
img_02405_2023,0.0,0.018027525,0
img_02406_2023,0.0,0.041878134,0
img_02411_2023,0.0,0.062057726,0
img_02412_2023,0.0,0.07340816,0
img_02415_2023,0.0,0.75428045,1
img_02413_2023,0.0,0.021040268,0
img_02418_2023,0.0,0.035808984,0
img_02416_2023,0.0,0.07205814,0
img_02427_2023,0.0,0.018935954,0
img_02420_2023,0.0,0.02300466,0
img_02421_2023,0.0,0.03866796,0
img_02426_2023,0.0,0.022355499,0
img_02433_2023,0.0,0.2358576,0
img_02434_2023,0.0,0.023772825,0
img_02424_2023,0.0,0.47082943,0
img_02429_2023,0.0,0.018017584,0
img_02432_2023,0.0,0.019758234,0
img_02437_2023,0.0,0.06570908,0
img_02436_2023,0.0,0.041266497,0
img_02441_2023,0.0,0.040013358,0
img_02442_2023,0.0,0.021830108,0
img_02443_2023,0.0,0.025669174,0
img_02439_2023,0.0,0.022326889,0
img_02451_2023,0.0,0.018929329,0
img_02447_2023,0.0,0.06389136,0
img_02449_2023,0.0,0.017841844,0
img_02448_2023,0.0,0.91281575,1
img_02446_2023,0.0,0.03836746,0
img_02450_2023,0.0,0.05843238,0
img_02408_p01_2023,0.0,0.033094224,0
img_02408_p02_2023,0.0,0.040470716,0
img_02408_p03_2023,0.0,0.051175456,0
img_02456_2023,0.0,0.025498385,0
img_02453_2023,0.0,0.021195311,0
img_02457_2023,0.0,0.017331358,0
img_02455_2023,0.0,0.032260228,0
img_02464_2023,0.0,0.026713671,0
img_02435_p01_2023,0.0,0.020978313,0
img_02435_p02_2023,0.0,0.02430543,0
img_02460_2023,0.0,0.036985222,0
img_02470_2023,0.0,0.019739222,0
img_02467_2023,0.0,0.02315889,0
img_02475_2023,0.0,0.017960507,0
img_02468_2023,0.0,0.08208421,0
img_02473_2023,0.0,0.019502793,0
img_02476_2023,0.0,0.03170748,0
img_02474_2023,0.0,0.028836414,0
img_02472_2023,0.0,0.017538989,0
img_02479_2023,0.0,0.024576152,0
img_02481_2023,0.0,0.029013986,0
img_02487_2023,0.0,0.03955642,0
img_02414_p01_2023,0.0,0.036845937,0
img_02414_p02_2023,0.0,0.114138685,0
img_02414_p03_2023,0.0,0.040002648,0
img_02414_p04_2023,0.0,0.036652595,0
img_02491_2023,0.0,0.016261244,0
img_02489_2023,0.0,0.22929154,0
img_02494_2023,0.0,0.050898917,0
img_02498_2023,0.0,0.022218725,0
img_02500_2023,0.0,0.038825445,0
img_02502_2023,0.0,0.046979252,0
img_02506_2023,0.0,0.8980067,1
img_02504_2023,0.0,0.016773768,0
img_02503_2023,0.0,0.020462962,0
img_02072_p01_2023,0.0,0.5621918,0
img_02072_p02_2023,0.0,0.05353391,0
img_02072_p03_2023,0.0,0.033744186,0
img_02072_p04_2023,0.0,0.022231454,0
img_02072_p05_2023,0.0,0.022824576,0
img_02072_p06_2023,0.0,0.026848653,0
img_02072_p07_2023,0.0,0.94805044,1
img_02072_p08_2023,0.0,0.19320995,0
img_02072_p10_2023,0.0,0.06447751,0
img_02072_p11_2023,0.0,0.07438545,0
img_02072_p12_2023,0.0,0.10571569,0
img_02072_p13_2023,0.0,0.019723397,0
img_02072_p14_2023,0.0,0.022275476,0
img_02072_p16_2023,0.0,0.01841318,0
img_02072_p17_2023,0.0,0.024181465,0
img_02072_p18_2023,0.0,0.020229045,0
img_02505_2023,0.0,0.021602755,0
img_02497_2023,0.0,0.015517701,0
img_02507_2023,0.0,0.018258704,0
img_02510_2023,0.0,0.0163787,0
img_02515_2023,0.0,0.029987331,0
img_02513_2023,0.0,0.015940644,0
img_02509_2023,0.0,0.034691922,0
img_02523_2023,0.0,0.14460073,0
img_02520_2023,0.0,0.042223293,0
img_02522_2023,0.0,0.03551594,0
img_02521_2023,0.0,0.069621325,0
img_02519_2023,0.0,0.020091554,0
img_02512_2023,0.0,0.019145032,0
img_02532_2023,0.0,0.015401662,0
img_02528_2023,0.0,0.019128514,0
img_02534_2023,0.0,0.020440299,0
img_02536_2023,0.0,0.03886057,0
img_02537_2023,0.0,0.019274194,0
img_02540_2023,0.0,0.02626541,0
img_02535_2023,0.0,0.015112697,0
img_02542_2023,0.0,0.023526551,0
img_02546_2023,0.0,0.031343564,0
img_02539_2023,0.0,0.043002278,0
img_02541_2023,0.0,0.048945148,0
img_02547_2023,0.0,0.031640045,0
img_02548_2023,0.0,0.60402054,0
img_02549_2023,0.0,0.03513033,0
img_02550_2023,0.0,0.088665605,0
img_02553_2023,0.0,0.019614177,0
img_02557_2023,0.0,0.016906066,0
img_02552_2023,0.0,0.018963257,0
img_02559_2023,0.0,0.017445248,0
img_02561_2023,0.0,0.021693967,0
img_02558_2023,0.0,0.03502755,0
img_02554_2023,0.0,0.01923917,0
img_02564_2023,0.0,0.122002825,0
img_02569_2023,0.0,0.042827755,0
img_02544_p01_2023,0.0,0.016437426,0
img_02544_p02_2023,0.0,0.020952735,0
img_02572_2023,0.0,0.024430493,0
img_02576_2023,0.0,0.020153806,0
img_02578_2023,0.0,0.026435507,0
img_02580_2023,0.0,0.022897718,0
img_02579_2023,0.0,0.048575256,0
img_02584_2023,0.0,0.029725093,0
img_02581_2023,0.0,0.04942283,0
img_02587_2023,0.0,0.05621155,0
img_02585_2023,0.0,0.043874264,0
img_02588_2023,0.0,0.022252241,0
img_02582_2023,0.0,0.030990055,0
img_02590_2023,0.0,0.022605225,0
img_02480_p01_2023,0.0,0.024489643,0
img_02480_p02_2023,0.0,0.039335124,0
img_02480_p03_2023,0.0,0.052231357,0
img_02480_p04_2023,0.0,0.07609147,0
img_02480_p05_2023,0.0,0.026747476,0
img_02480_p06_2023,0.0,0.01969194,0
img_02593_2023,0.0,0.01816225,0
img_02599_2023,0.0,0.015890032,0
img_02591_2023,0.0,0.016808169,0
img_02594_2023,0.0,0.034132756,0
img_02603_2023,0.0,0.022700904,0
img_02592_2023,0.0,0.035486322,0
img_02595_2023,0.0,0.023492236,0
img_02598_2023,0.0,0.01828749,0
img_02600_2023,0.0,0.020083811,0
img_02604_2023,0.0,0.020128224,0
img_02601_2023,0.0,0.018799791,0
img_02602_2023,0.0,0.0846858,0
img_02607_2023,0.0,0.10828489,0
img_02610_2023,0.0,0.17640312,0
img_02616_2023,0.0,0.020418556,0
img_02605_2023,0.0,0.03470979,0
img_02613_2023,0.0,0.08429145,0
img_02614_2023,0.0,0.025084266,0
img_02617_2023,0.0,0.024002159,0
img_02615_2023,0.0,0.026971364,0
img_02618_2023,0.0,0.019190088,0
img_02619_2023,0.0,0.025483763,0
img_02622_2023,0.0,0.026608681,0
img_02627_2023,0.0,0.02781913,0
img_02630_2023,0.0,0.067319654,0
img_02633_2023,0.0,0.024970623,0
img_02632_2023,0.0,0.016980246,0
img_02634_2023,0.0,0.019276079,0
img_02638_2023,0.0,0.080915734,0
img_02637_2023,0.0,0.016325848,0
img_02625_2023,0.0,0.02885682,0
img_02639_2023,0.0,0.029227132,0
img_02635_2023,0.0,0.03556263,0
img_02640_2023,0.0,0.045724116,0
img_02641_2023,0.0,0.03692708,0
img_02631_2023,0.0,0.0153922085,0
img_02649_2023,0.0,0.02954484,0
img_02646_2023,0.0,0.6768259,0
img_02648_2023,0.0,0.019866573,0
img_02643_2023,0.0,0.03334533,0
img_02636_2023,0.0,0.027176334,0
img_02644_2023,0.0,0.02789087,0
img_02652_2023,0.0,0.027712239,0
img_02653_2023,0.0,0.01841187,0
img_02651_2023,0.0,0.016367052,0
img_02654_2023,0.0,0.08516777,0
img_02657_2023,0.0,0.028419895,0
img_02661_2023,0.0,0.037791453,0
img_02662_2023,0.0,0.06829773,0
img_02668_2023,0.0,0.025725214,0
img_02675_2023,0.0,0.028781654,0
img_02663_2023,0.0,0.118363515,0
img_02676_2023,0.0,0.034768254,0
img_02671_2023,0.0,0.017901007,0
img_02620_p04_2023,0.0,0.40202814,0
img_02664_2023,0.0,0.01895864,0
img_02655_p01_2023,0.0,0.026462913,0
img_02655_p02_2023,0.0,0.0327703,0
img_02681_2023,0.0,0.02743127,0
img_02685_2023,0.0,0.10159872,0
img_02682_2023,0.0,0.020301772,0
img_02691_2023,0.0,0.02771567,0
img_02687_2023,0.0,0.056085225,0
img_02684_2023,0.0,0.05159039,0
img_02683_2023,0.0,0.027963309,0
img_02699_2023,0.0,0.029239727,0
img_02707_2023,0.0,0.018433753,0
img_02697_2023,0.0,0.02476959,0
img_02700_2023,0.0,0.02179547,0
img_02708_2023,0.0,0.01921403,0
img_02688_p01_2023,0.0,0.034528125,0
img_02688_p02_2023,0.0,0.04559501,0
img_02692_2023,0.0,0.024598297,0
img_02713_2023,0.0,0.97625524,1
img_02716_2023,0.0,0.041983657,0
img_02721_2023,0.0,0.032829363,0
img_02717_2023,0.0,0.02168654,0
img_02718_2023,0.0,0.023652345,0
img_02724_2023,0.0,0.07475827,0
img_02488_p01_2023,0.0,0.023575969,0
img_02488_p02_2023,0.0,0.024669439,0
img_02488_p03_2023,0.0,0.017348956,0
img_02488_p04_2023,0.0,0.034782004,0
img_02488_p05_2023,0.0,0.047169764,0
img_02488_p06_2023,0.0,0.017496208,0
img_02488_p07_2023,0.0,0.022158498,0
img_02488_p08_2023,0.0,0.018201627,0
img_02488_p09_2023,0.0,0.021568138,0
img_02488_p10_2023,0.0,0.018369114,0
img_02488_p11_2023,0.0,0.022503158,0
img_02488_p12_2023,0.0,0.01963943,0
img_02488_p13_2023,0.0,0.023764841,0
img_02722_2023,0.0,0.019707268,0
img_02732_2023,0.0,0.018709183,0
img_02729_2023,0.0,0.021030411,0
img_02731_2023,0.0,0.016492816,0
img_02735_2023,0.0,0.34978545,0
img_02734_2023,0.0,0.04368091,0
img_02741_2023,0.0,0.15625136,0
img_02738_2023,0.0,0.04823167,0
img_02744_2023,0.0,0.040785026,0
img_02745_2023,0.0,0.023588628,0
img_02747_2023,0.0,0.0250565,0
img_02743_2023,0.0,0.02988796,0
img_02742_2023,0.0,0.026554523,0
img_02748_2023,0.0,0.015849741,0
img_02740_2023,0.0,0.10583759,0
img_02752_2023,0.0,0.042176656,0
img_02753_2023,0.0,0.023670813,0
img_02749_2023,0.0,0.023837898,0
img_02754_2023,0.0,0.20794967,0
img_02750_2023,0.0,0.34920546,0
img_02758_2023,0.0,0.022914803,0
img_02759_2023,0.0,0.022652203,0
img_02757_2023,0.0,0.015332386,0
img_02761_2023,0.0,0.09635302,0
img_02762_2023,0.0,0.024565747,0
img_02767_2023,0.0,0.020151574,0
img_02772_2023,0.0,0.022533428,0
img_02770_2023,0.0,0.029767895,0
img_02773_2023,0.0,0.024399225,0
img_02778_2023,0.0,0.028121341,0
img_02777_2023,0.0,0.14923689,0
img_02771_2023,0.0,0.026928175,0
img_02779_2023,0.0,0.08628219,0
img_02783_2023,0.0,0.03464894,0
img_02784_2023,0.0,0.032809615,0
img_02787_2023,0.0,0.03657014,0
img_02791_2023,0.0,0.025399266,0
img_02695_p01_2023,0.0,0.017551303,0
img_02695_p03_2023,0.0,0.02151968,0
img_02695_p04_2023,0.0,0.029672528,0
img_02695_p05_2023,0.0,0.016733842,0
img_02695_p06_2023,0.0,0.0191802,0
img_02695_p07_2023,0.0,0.020599766,0
img_02756_p01_2023,0.0,0.071544625,0
img_02756_p02_2023,0.0,0.020679366,0
img_02756_p03_2023,0.0,0.044455387,0
img_02775_p01_2023,0.0,0.023458166,0
img_02792_2023,0.0,0.022614103,0
img_02785_2023,0.0,0.7966666,1
img_02794_2023,0.0,0.031063566,0
img_02795_2023,0.0,0.11575677,0
img_02798_2023,0.0,0.038412314,0
img_02782_2023,0.0,0.020973818,0
img_02799_2023,0.0,0.024190405,0
img_02801_2023,0.0,0.021943513,0
img_02808_2023,0.0,0.030809205,0
img_02802_2023,0.0,0.02222776,0
img_02809_2023,0.0,0.025573138,0
img_02805_2023,0.0,0.017350363,0
img_02806_2023,0.0,0.97956663,1
img_02803_2023,0.0,0.0504872,0
img_02812_2023,0.0,0.034370296,0
img_02813_2023,0.0,0.020617492,0
img_02816_2023,0.0,0.9206704,1
img_02820_2023,0.0,0.020639665,0
img_02819_2023,0.0,0.01643623,0
img_02822_2023,0.0,0.018271266,0
img_02825_2023,0.0,0.02690337,0
img_02814_2023,0.0,0.024957748,0
img_02823_2023,0.0,0.0574621,0
img_02828_2023,0.0,0.019847617,0
img_02824_2023,0.0,0.016506279,0
img_02829_2023,0.0,0.03523101,0
img_02832_2023,0.0,0.055093594,0
img_02833_2023,0.0,0.077298984,0
img_02817_2023,0.0,0.066085055,0
img_02837_2023,0.0,0.019321833,0
img_02840_2023,0.0,0.029819459,0
img_02835_2023,0.0,0.03263264,0
img_02843_2023,0.0,0.029961985,0
img_02844_2023,0.0,0.04798355,0
img_02848_2023,0.0,0.12298585,0
img_02831_2023,0.0,0.0274296,0
img_02846_2023,0.0,0.24672167,0
img_02852_2023,0.0,0.03142398,0
img_02849_2023,0.0,0.022368733,0
img_02856_2023,0.0,0.035375845,0
img_02855_2023,0.0,0.022316331,0
img_02858_2023,0.0,0.08793908,0
img_02850_2023,0.0,0.024448708,0
img_02868_2023,0.0,0.03574618,0
img_02872_2023,0.0,0.017133044,0
img_02865_2023,0.0,0.019667268,0
img_02864_2023,0.0,0.018545767,0
img_02869_2023,0.0,0.22602649,0
img_02867_2023,0.0,0.027598843,0
img_02874_2023,0.0,0.021188613,0
img_02873_2023,0.0,0.030569972,0
img_02857_p01_2023,0.0,0.071880385,0
img_02857_p02_2023,0.0,0.022659123,0
img_02883_2023,0.0,0.018475179,0
img_02815_p01_2023,0.0,0.032798573,0
img_02815_p02_2023,0.0,0.09376768,0
img_02815_p03_2023,0.0,0.022841264,0
img_02815_p04_2023,0.0,0.023982514,0
img_02876_2023,0.0,0.02205018,0
img_02881_2023,0.0,0.06736517,0
img_02877_2023,0.0,0.022173658,0
img_02878_2023,0.0,0.017861508,0
img_02892_2023,0.0,0.026407951,0
img_02891_2023,0.0,0.019165391,0
img_02886_2023,0.0,0.0344365,0
img_02836_p01_2023,0.0,0.236439,0
img_02836_p02_2023,0.0,0.036958624,0
img_02836_p03_2023,0.0,0.01983545,0
img_02836_p04_2023,0.0,0.017406385,0
img_02889_2023,0.0,0.018051574,0
img_02902_2023,0.0,0.026904395,0
img_02893_2023,0.0,0.027257498,0
img_02900_2023,0.0,0.07607597,0
img_02904_2023,0.0,0.040580533,0
img_02896_2023,0.0,0.020033268,0
img_02903_2023,0.0,0.028257651,0
img_02907_2023,0.0,0.030339876,0
img_02909_2023,0.0,0.020082276,0
img_02920_2023,0.0,0.02983539,0
img_02921_2023,0.0,0.023066344,0
img_02922_2023,0.0,0.022810698,0
img_02925_2023,0.0,0.044219755,0
img_02919_2023,0.0,0.016615415,0
img_02931_2023,0.0,0.02560471,0
img_02933_2023,0.0,0.027646054,0
img_02913_2023,0.0,0.018685982,0
img_02937_2023,0.0,0.01771152,0
img_02936_2023,0.0,0.053461947,0
img_02940_2023,0.0,0.0370526,0
img_02934_2023,0.0,0.030045189,0
img_02939_2023,0.0,0.060689315,0
img_02943_2023,0.0,0.03379796,0
img_02942_2023,0.0,0.018308148,0
img_02941_2023,0.0,0.021942707,0
img_02938_2023,0.0,0.039240643,0
img_02947_2023,0.0,0.17686535,0
img_02946_2023,0.0,0.019886805,0
img_02949_2023,0.0,0.018198313,0
img_02950_2023,0.0,0.021997409,0
img_02954_2023,0.0,0.01889436,0
img_02953_2023,0.0,0.21665093,0
img_02948_2023,0.0,0.021419818,0
img_02962_2023,0.0,0.032663558,0
img_02952_2023,0.0,0.07527059,0
img_02960_2023,0.0,0.01671543,0
img_02944_2023,0.0,0.02212846,0
img_02959_2023,0.0,0.024276318,0
img_02961_2023,0.0,0.024574064,0
img_02930_p01_2023,0.0,0.028415067,0
img_02930_p02_2023,0.0,0.0264454,0
img_02958_2023,0.0,0.023164723,0
img_02955_2023,0.0,0.01853329,0
img_02966_2023,0.0,0.02431841,0
img_02967_2023,0.0,0.02102928,0
img_02965_2023,0.0,0.017676668,0
img_02971_2023,0.0,0.021875888,0
img_02972_2023,0.0,0.055848867,0
img_02970_2023,0.0,0.019307049,0
img_02977_2023,0.0,0.08920192,0
img_02981_2023,0.0,0.021518532,0
img_02973_2023,0.0,0.021216772,0
img_02983_2023,0.0,0.020029314,0
img_02978_2023,0.0,0.029598473,0
img_02986_2023,0.0,0.030409345,0
img_02984_2023,0.0,0.02092295,0
img_02990_2023,0.0,0.029140746,0
img_02985_2023,0.0,0.024250839,0
img_02991_2023,0.0,0.03431242,0
img_02988_2023,0.0,0.66448283,0
img_02994_2023,0.0,0.04625785,0
img_02993_2023,0.0,0.017774194,0
img_02996_2023,0.0,0.018164221,0
img_02999_2023,0.0,0.025494771,0
img_02796_p01_2023,0.0,0.036627572,0
img_02796_p02_2023,0.0,0.024874486,0
img_02796_p03_2023,0.0,0.027040746,0
img_02796_p04_2023,0.0,0.032670457,0
img_02796_p05_2023,0.0,0.038869385,0
img_02796_p06_2023,0.0,0.017797804,0
img_02796_p07_2023,0.0,0.017743362,0
img_02796_p08_2023,0.0,0.02008992,0
img_02796_p09_2023,0.0,0.021131968,0
img_02995_2023,0.0,0.025376868,0
img_03007_2023,0.0,0.017362416,0
img_02998_2023,0.0,0.055708926,0
img_03006_2023,0.0,0.016948495,0
img_03014_2023,0.0,0.038049787,0
img_03004_2023,0.0,0.032559976,0
img_03012_2023,0.0,0.033475157,0
img_03018_2023,0.0,0.018278502,0
img_03023_2023,0.0,0.033823468,0
img_03020_2023,0.0,0.018315855,0
img_03029_2023,0.0,0.020887863,0
img_03028_2023,0.0,0.05043205,0
img_03030_2023,0.0,0.02326476,0
img_03026_2023,0.0,0.018275244,0
img_03031_2023,0.0,0.024112776,0
img_03033_2023,0.0,0.018808119,0
img_03034_2023,0.0,0.022324072,0
img_03025_2023,0.0,0.03362756,0
img_02976_p01_2023,0.0,0.020059189,0
img_02976_p02_2023,0.0,0.017900554,0
img_02976_p03_2023,0.0,0.021197788,0
img_02976_p04_2023,0.0,0.020740993,0
img_03036_2023,0.0,0.039637342,0
img_03037_2023,0.0,0.033732824,0
img_03040_2023,0.0,0.052190565,0
img_03046_2023,0.0,0.01972566,0
img_03044_2023,0.0,0.12072971,0
img_03047_2023,0.0,0.01897856,0
img_03051_2023,0.0,0.021342583,0
img_03056_2023,0.0,0.024386097,0
img_03054_2023,0.0,0.06096528,0
img_03057_2023,0.0,0.026192699,0
img_03052_2023,0.0,0.020097908,0
img_03053_2023,0.0,0.0396694,0
img_03061_2023,0.0,0.023411874,0
img_03060_2023,0.0,0.019593464,0
img_03066_2023,0.0,0.032353163,0
img_03059_2023,0.0,0.019054485,0
img_03068_2023,0.0,0.02355782,0
img_03070_2023,0.0,0.020050693,0
img_03072_2023,0.0,0.022038842,0
img_03062_2023,0.0,0.023652818,0
img_03069_2023,0.0,0.023953322,0
img_03039_p01_2023,0.0,0.02826496,0
img_03039_p02_2023,0.0,0.020441854,0
img_03074_2023,0.0,0.031943798,0
img_03063_2023,0.0,0.01991441,0
img_03076_2023,0.0,0.019630587,0
img_03078_2023,0.0,0.040045124,0
img_03080_2023,0.0,0.017548054,0
img_03086_2023,0.0,0.017064063,0
img_03084_2023,0.0,0.029278906,0
img_03093_2023,0.0,0.019629711,0
img_03096_2023,0.0,0.01943389,0
img_03091_2023,0.0,0.12522411,0
img_03095_2023,0.0,0.040481057,0
img_03087_2023,0.0,0.018591266,0
img_03081_2023,0.0,0.04627822,0
img_03100_2023,0.0,0.022112926,0
img_03111_2023,0.0,0.025141954,0
img_03110_2023,0.0,0.01811974,0
img_03107_2023,0.0,0.016275743,0
img_03106_2023,0.0,0.028215606,0
img_03117_2023,0.0,0.03695173,0
img_03114_2023,0.0,0.024978241,0
img_03118_2023,0.0,0.016948503,0
img_03121_2023,0.0,0.05955091,0
img_03122_2023,0.0,0.1283489,0
img_03123_2023,0.0,0.063196465,0
img_03124_2023,0.0,0.036217626,0
img_03127_2023,0.0,0.022450821,0
img_03125_2023,0.0,0.035722055,0
img_02987_p01_2023,0.0,0.02617922,0
img_02987_p02_2023,0.0,0.023507936,0
img_02987_p03_2023,0.0,0.033682488,0
img_02987_p04_2023,0.0,0.028542196,0
img_03137_2023,0.0,0.039711658,0
img_03134_2023,0.0,0.023723539,0
img_03132_2023,0.0,0.05449346,0
img_03138_2023,0.0,0.016711833,0
img_03130_2023,0.0,0.019259952,0
img_03136_2023,0.0,0.01951715,0
img_03141_2023,0.0,0.015963564,0
img_03129_2023,0.0,0.02390474,0
img_03139_2023,0.0,0.06330951,0
img_03126_2023,0.0,0.022653257,0
img_03112_2023,0.0,0.018319927,0
img_03108_p01_2023,0.0,0.036717907,0
img_03108_p02_2023,0.0,0.0282323,0
img_03143_2023,0.0,0.021770252,0
img_03147_2023,0.0,0.016893756,0
img_03142_2023,0.0,0.021361895,0
img_03144_2023,0.0,0.019133069,0
img_03103_p01_2023,0.0,0.022061627,0
img_03103_p02_2023,0.0,0.024215762,0
img_03103_p03_2023,0.0,0.030286802,0
img_03103_p04_2023,0.0,0.020093635,0
img_03008_p01_2023,0.0,0.04278569,0
img_03008_p02_2023,0.0,0.019267222,0
img_03008_p03_2023,0.0,0.019969402,0
img_03008_p04_2023,0.0,0.03082559,0
img_03008_p05_2023,0.0,0.83229595,1
img_03008_p06_2023,0.0,0.124465056,0
img_03008_p07_2023,0.0,0.6383845,0
img_03008_p08_2023,0.0,0.883709,1
img_03149_2023,0.0,0.027322935,0
img_03131_p01_2023,0.0,0.020074537,0
img_03131_p02_2023,0.0,0.05043534,0
img_03153_2023,0.0,0.03495217,0
img_03151_2023,0.0,0.02129693,0
img_03156_2023,0.0,0.111955896,0
img_03158_2023,0.0,0.022050118,0
img_03154_2023,0.0,0.52863395,0
img_03152_2023,0.0,0.025428573,0
img_03159_2023,0.0,0.01919034,0
img_03155_2023,0.0,0.02025156,0
img_03157_2023,0.0,0.019057032,0
img_03167_2023,0.0,0.06603455,0
img_03170_2023,0.0,0.025845343,0
img_03162_2023,0.0,0.022111923,0
img_03169_2023,0.0,0.05400198,0
img_03177_2023,0.0,0.19257313,0
img_03179_2023,0.0,0.017284011,0
img_03174_2023,0.0,0.021875298,0
img_03182_2023,0.0,0.24976924,0
img_03181_2023,0.0,0.038169406,0
img_03176_2023,0.0,0.016861545,0
img_03184_2023,0.0,0.026132617,0
img_03173_2023,0.0,0.053869896,0
img_03178_2023,0.0,0.025007784,0
img_03185_2023,0.0,0.017349746,0
img_03188_2023,0.0,0.84583205,1
img_03187_2023,0.0,0.032909665,0
img_03183_2023,0.0,0.0844771,0
img_03190_2023,0.0,0.016857924,0
img_03199_2023,0.0,0.016160317,0
img_03191_2023,0.0,0.020495236,0
img_03203_2023,0.0,0.031147327,0
img_03204_2023,0.0,0.016805056,0
img_03206_2023,0.0,0.032324385,0
img_03198_2023,0.0,0.016955225,0
img_03201_2023,0.0,0.029071942,0
img_03207_2023,0.0,0.025899762,0
img_03213_2023,0.0,0.037723266,0
img_03200_p01_2023,0.0,0.039910596,0
img_03200_p02_2023,0.0,0.019238902,0
img_03219_2023,0.0,0.023552807,0
img_03217_2023,0.0,0.030437492,0
img_03221_2023,0.0,0.027359702,0
img_03215_2023,0.0,0.6177409,0
img_03225_2023,0.0,0.0654482,0
img_03226_2023,0.0,0.015673717,0
img_03224_2023,0.0,0.038140383,0
img_03229_2023,0.0,0.02428109,0
img_03223_2023,0.0,0.020894466,0
img_03233_2023,0.0,0.037933223,0
img_03237_2023,0.0,0.026310887,0
img_03220_p02_2023,0.0,0.15257391,0
img_03241_2023,0.0,0.2723703,0
img_03250_2023,0.0,0.20929456,0
img_03247_2023,0.0,0.029444162,0
img_03186_p01_2023,0.0,0.08244497,0
img_03186_p02_2023,0.0,0.022929104,0
img_03186_p03_2023,0.0,0.02448279,0
img_03186_p04_2023,0.0,0.019796578,0
img_03253_2023,0.0,0.03162685,0
img_03252_2023,0.0,0.08933036,0
img_03251_2023,0.0,0.06656045,0
img_03257_2023,0.0,0.06902379,0
img_03249_2023,0.0,0.022568101,0
img_03265_2023,0.0,0.026570862,0
img_03261_2023,0.0,0.02623266,0
img_03262_2023,0.0,0.049818628,0
img_03263_2023,0.0,0.018222941,0
img_03260_2023,0.0,0.021518169,0
img_03266_2023,0.0,0.020774674,0
img_03269_2023,0.0,0.041324954,0
img_03275_2023,0.0,0.020652035,0
img_03272_2023,0.0,0.023443135,0
img_03273_2023,0.0,0.107072696,0
img_03279_2023,0.0,0.026345553,0
img_03277_2023,0.0,0.019200336,0
img_03276_2023,0.0,0.016935747,0
img_03285_2023,0.0,0.024262773,0
img_03282_2023,0.0,0.016177094,0
img_03281_2023,0.0,0.017472608,0
img_03286_2023,0.0,0.026813444,0
img_03287_2023,0.0,0.059250016,0
img_03284_2023,0.0,0.035222452,0
img_03290_2023,0.0,0.033455353,0
img_03291_2023,0.0,0.023381347,0
img_03254_p01_2023,0.0,0.017360024,0
img_03254_p02_2023,0.0,0.029360311,0
img_03289_2023,0.0,0.020530611,0
img_03296_2023,0.0,0.025270287,0
img_03298_2023,0.0,0.17340319,0
img_03297_2023,0.0,0.09150624,0
img_03301_2023,0.0,0.030816449,0
img_03303_2023,0.0,0.015684417,0
img_03299_2023,0.0,0.018206809,0
img_03278_p01_2023,0.0,0.027045729,0
img_03278_p02_2023,0.0,0.02570115,0
img_03300_2023,0.0,0.03223574,0
img_03306_2023,0.0,0.018943693,0
img_03309_2023,0.0,0.021094749,0
img_03310_2023,0.0,0.033266954,0
img_03311_2023,0.0,0.20189725,0
img_03313_2023,0.0,0.05064844,0
img_03312_2023,0.0,0.023624044,0
img_03319_2023,0.0,0.0203132,0
img_03321_2023,0.0,0.9218967,1
img_03316_2023,0.0,0.038178526,0
img_03317_2023,0.0,0.062966794,0
img_03308_2023,0.0,0.02583439,0
img_03314_2023,0.0,0.08639171,0
img_03323_2023,0.0,0.026132243,0
img_03326_2023,0.0,0.05957938,0
img_03336_2023,0.0,0.017900856,0
img_03328_2023,0.0,0.02095338,0
img_03327_2023,0.0,0.020846248,0
img_03335_2023,0.0,0.031736284,0
img_03325_2023,0.0,0.022215089,0
img_03332_2023,0.0,0.02087096,0
img_03330_2023,0.0,0.019295556,0
img_03337_2023,0.0,0.019905318,0
img_03324_2023,0.0,0.04337474,0
img_03333_2023,0.0,0.022702776,0
img_03334_2023,0.0,0.020506434,0
img_03339_2023,0.0,0.036765676,0
img_03338_2023,0.0,0.028498318,0
img_03258_p01_2023,0.0,0.021977369,0
img_03258_p02_2023,0.0,0.021450618,0
img_03343_2023,0.0,0.025854886,0
img_03345_2023,0.0,0.02960243,0
img_03344_2023,0.0,0.02950403,0
img_03347_2023,0.0,0.10441083,0
img_03342_2023,0.0,0.035725288,0
img_03346_2023,0.0,0.13131188,0
img_03352_2023,0.0,0.029552257,0
img_03353_2023,0.0,0.11065281,0
img_03351_2023,0.0,0.027214956,0
img_03350_2023,0.0,0.023180328,0
img_03348_2023,0.0,0.028878614,0
img_03349_2023,0.0,0.020787662,0
img_03354_2023,0.0,0.017043719,0
img_03357_2023,0.0,0.06320448,0
img_03359_2023,0.0,0.03346859,0
img_03365_2023,0.0,0.0300574,0
img_03364_2023,0.0,0.021628212,0
img_03366_2023,0.0,0.018669227,0
img_03360_2023,0.0,0.019253487,0
img_03368_2023,0.0,0.019079419,0
img_03373_2023,0.0,0.05728961,0
img_03362_2023,0.0,0.14154942,0
img_03372_2023,0.0,0.022373118,0
img_03375_2023,0.0,0.05328581,0
img_03376_2023,0.0,0.8529221,1
img_03379_2023,0.0,0.017243141,0
img_03380_2023,0.0,0.058141228,0
img_03378_2023,0.0,0.029174821,0
img_03374_2023,0.0,0.020138148,0
img_03377_2023,0.0,0.033232253,0
img_03381_2023,0.0,0.02711043,0
img_03363_2023,0.0,0.018696666,0
img_03386_2023,0.0,0.050964963,0
img_03384_2023,0.0,0.028186541,0
img_03388_2023,0.0,0.02116955,0
img_03389_2023,0.0,0.02656971,0
img_03395_2023,0.0,0.8708754,1
img_03387_2023,0.0,0.304304,0
img_03391_2023,0.0,0.026719851,0
img_03385_2023,0.0,0.032195542,0
img_03396_2023,0.0,0.018253021,0
img_03398_2023,0.0,0.032388575,0
img_03280_p01_2023,0.0,0.5047534,0
img_03280_p02_2023,0.0,0.019980524,0
img_03280_p03_2023,0.0,0.04912845,0
img_03280_p04_2023,0.0,0.82659143,1
img_03280_p05_2023,0.0,0.031260926,0
img_03280_p06_2023,0.0,0.031002376,0
img_03399_2023,0.0,0.019554308,0
img_03401_2023,0.0,0.020886343,0
img_03404_2023,0.0,0.017839404,0
img_03400_2023,0.0,0.024607113,0
img_03407_2023,0.0,0.026071157,0
img_03402_2023,0.0,0.017249664,0
img_03414_2023,0.0,0.025221901,0
img_03409_2023,0.0,0.01839318,0
img_03410_2023,0.0,0.021604046,0
img_03415_2023,0.0,0.019269917,0
img_03416_2023,0.0,0.020764986,0
img_03420_2023,0.0,0.019041158,0
img_03418_2023,0.0,0.026913647,0
img_03423_2023,0.0,0.04132229,0
img_03406_p01_2023,0.0,0.02283018,0
img_03425_2023,0.0,0.025046332,0
img_03419_2023,0.0,0.033179134,0
img_03413_2023,0.0,0.030571131,0
img_03422_2023,0.0,0.041364983,0
img_03370_p01_2023,0.0,0.017578283,0
img_03370_p02_2023,0.0,0.0212216,0
img_03370_p03_2023,0.0,0.016730899,0
img_03370_p04_2023,0.0,0.025238495,0
img_03426_2023,0.0,0.018751882,0
img_03427_2023,0.0,0.03337706,0
img_03438_2023,0.0,0.020592613,0
img_03437_2023,0.0,0.058863103,0
img_03434_2023,0.0,0.056577496,0
img_03443_2023,0.0,0.06538027,0
img_03442_2023,0.0,0.02500447,0
img_03433_2023,0.0,0.021721475,0
img_03429_p01_2023,0.0,0.41089138,0
img_03429_p02_2023,0.0,0.027336663,0
img_03446_2023,0.0,0.049965564,0
img_03382_p01_2023,0.0,0.025126204,0
img_03382_p02_2023,0.0,0.038424734,0
img_03382_p03_2023,0.0,0.044082012,0
img_03382_p04_2023,0.0,0.028705887,0
img_03382_p05_2023,0.0,0.019574746,0
img_03430_p01_2023,0.0,0.020683166,0
img_03430_p02_2023,0.0,0.024511803,0
img_03450_2023,0.0,0.25745952,0
img_03448_2023,0.0,0.020417664,0
img_03451_2023,0.0,0.03173558,0
img_03455_2023,0.0,0.04060758,0
img_03454_2023,0.0,0.017545868,0
img_03459_2023,0.0,0.026545977,0
img_03460_2023,0.0,0.020983966,0
img_03458_2023,0.0,0.016757058,0
img_03283_p01_2023,0.0,0.019126,0
img_03283_p02_2023,0.0,0.023741454,0
img_03283_p03_2023,0.0,0.02906226,0
img_03283_p04_2023,0.0,0.028653964,0
img_03283_p05_2023,0.0,0.026372911,0
img_03283_p06_2023,0.0,0.036334053,0
img_03457_2023,0.0,0.01799754,0
img_03453_2023,0.0,0.020999724,0
img_03465_2023,0.0,0.018451683,0
img_03468_2023,0.0,0.02716281,0
img_03462_2023,0.0,0.028466012,0
img_03467_2023,0.0,0.060911506,0
img_03478_2023,0.0,0.9751476,1
img_03475_2023,0.0,0.018491399,0
img_03469_2023,0.0,0.03182329,0
img_03479_2023,0.0,0.42998272,0
img_03483_2023,0.0,0.025241915,0
img_03487_2023,0.0,0.03735191,0
img_03484_2023,0.0,0.01915875,0
img_03488_2023,0.0,0.038947128,0
img_03490_2023,0.0,0.05711911,0
img_03489_2023,0.0,0.01965953,0
img_03491_2023,0.0,0.04378985,0
img_03493_2023,0.0,0.315425,0
img_03421_p01_2023,0.0,0.020149207,0
img_03421_p02_2023,0.0,0.020149555,0
img_03421_p03_2023,0.0,0.052162282,0
img_03421_p04_2023,0.0,0.027694637,0
img_03421_p05_2023,0.0,0.018233215,0
img_03499_2023,0.0,0.018096942,0
img_03495_2023,0.0,0.024886366,0
img_03498_2023,0.0,0.019846147,0
img_03500_2023,0.0,0.02426419,0
img_03503_2023,0.0,0.01696083,0
img_03505_2023,0.0,0.02545188,0
img_03504_2023,0.0,0.023536386,0
img_03502_2023,0.0,0.07826636,0
img_03501_2023,0.0,0.0173583,0
img_03514_2023,0.0,0.034662418,0
img_03511_2023,0.0,0.01724631,0
img_03482_p01_2023,0.0,0.027676929,0
img_03482_p02_2023,0.0,0.02797971,0
img_03482_p03_2023,0.0,0.028793659,0
img_03519_2023,0.0,0.1694782,0
img_03515_2023,0.0,0.017884223,0
img_03512_2023,0.0,0.022122761,0
img_03516_2023,0.0,0.029927006,0
img_03520_2023,0.0,0.017729398,0
img_03524_2023,0.0,0.016946532,0
img_03525_2023,0.0,0.04044242,0
img_03510_2023,0.0,0.017464245,0
img_03527_2023,0.0,0.1175897,0
img_03526_2023,0.0,0.023407182,0
img_03535_2023,0.0,0.13539506,0
img_03509_p01_2023,0.0,0.021983607,0
img_03509_p02_2023,0.0,0.13448603,0
img_03536_2023,0.0,0.020030512,0
img_03537_2023,0.0,0.018334504,0
img_03538_2023,0.0,0.016952515,0
img_03544_2023,0.0,0.023041446,0
img_03547_2023,0.0,0.022535224,0
img_03543_2023,0.0,0.98375285,1
img_03546_2023,0.0,0.053125206,0
img_03553_2023,0.0,0.052845992,0
img_03552_2023,0.0,0.13500309,0
img_03550_2023,0.0,0.02320749,0
img_03530_p01_2023,0.0,0.04812244,0
img_03530_p02_2023,0.0,0.08332796,0
img_03554_2023,0.0,0.059413027,0
img_03555_2023,0.0,0.024212442,0
img_03560_2023,0.0,0.04016418,0
img_03559_2023,0.0,0.018059513,0
img_03558_2023,0.0,0.032770917,0
img_03507_p01_2023,0.0,0.017968776,0
img_03507_p02_2023,0.0,0.0354202,0
img_03507_p04_2023,0.0,0.022108015,0
img_03566_2023,0.0,0.14843853,0
img_03571_2023,0.0,0.035630103,0
img_03565_2023,0.0,0.034904193,0
img_03568_2023,0.0,0.029446732,0
img_03570_2023,0.0,0.020331778,0
img_03572_2023,0.0,0.028427387,0
img_03564_2023,0.0,0.016335377,0
img_03575_2023,0.0,0.06465569,0
img_03574_2023,0.0,0.1292082,0
img_03576_2023,0.0,0.122621104,0
img_03506_p01_2023,0.0,0.027700152,0
img_03506_p02_2023,0.0,0.029518288,0
img_03506_p03_2023,0.0,0.02415282,0
img_03506_p04_2023,0.0,0.020367883,0
img_03577_2023,0.0,0.055180002,0
img_03585_2023,0.0,0.3149873,0
img_03587_2023,0.0,0.027530054,0
img_03529_p01_2023,0.0,0.031342167,0
img_03592_2023,0.0,0.020311426,0
img_03580_2023,0.0,0.021257535,0
img_03591_2023,0.0,0.054598466,0
img_03590_2023,0.0,0.020496499,0
img_03579_2023,0.0,0.18904524,0
img_03594_2023,0.0,0.018349718,0
img_03599_2023,0.0,0.09602684,0
img_03607_2023,0.0,0.081175834,0
img_03606_2023,0.0,0.10497832,0
img_03608_2023,0.0,0.028762408,0
img_03610_2023,0.0,0.019351808,0
img_03602_2023,0.0,0.04244721,0
img_03603_2023,0.0,0.019389804,0
img_03619_2023,0.0,0.022818377,0
img_03597_2023,0.0,0.034462973,0
img_03620_2023,0.0,0.03946294,0
img_03611_2023,0.0,0.020736257,0
img_03623_2023,0.0,0.69898725,0
img_03614_2023,0.0,0.13967276,0
img_03621_2023,0.0,0.11365862,0
img_03617_2023,0.0,0.021302572,0
img_03628_2023,0.0,0.02630866,0
img_03545_p01_2023,0.0,0.018894775,0
img_03545_p02_2023,0.0,0.01838779,0
img_03545_p03_2023,0.0,0.027576923,0
img_03545_p04_2023,0.0,0.034344587,0
img_03630_2023,0.0,0.03211,0
img_03627_2023,0.0,0.020898856,0
img_03636_2023,0.0,0.022418266,0
img_03637_2023,0.0,0.04401543,0
img_03631_2023,0.0,0.02632404,0
img_03640_2023,0.0,0.024279358,0
img_03629_2023,0.0,0.04202617,0
img_03638_2023,0.0,0.04651717,0
img_03643_2023,0.0,0.15578344,0
img_03648_2023,0.0,0.5697067,0
img_03649_2023,0.0,0.018509356,0
img_03647_2023,0.0,0.59068614,0
img_03655_2023,0.0,0.03345143,0
img_03659_2023,0.0,0.018892335,0
img_03661_2023,0.0,0.057943095,0
img_03653_2023,0.0,0.03141428,0
img_03665_2023,0.0,0.020281876,0
img_03645_2023,0.0,0.0575795,0
img_03662_2023,0.0,0.083998375,0
img_03664_2023,0.0,0.1246838,0
img_03654_2023,0.0,0.030469928,0
img_03658_2023,0.0,0.020859031,0
img_03667_2023,0.0,0.024415076,0
img_03672_2023,0.0,0.018220222,0
img_03668_2023,0.0,0.016450189,0
img_03676_2023,0.0,0.021146243,0
img_03674_2023,0.0,0.031646125,0
img_03671_2023,0.0,0.023029309,0
img_03684_2023,0.0,0.01937686,0
img_03680_2023,0.0,0.062749766,0
img_03666_2023,0.0,0.8928141,1
img_03681_2023,0.0,0.020286283,0
img_03687_2023,0.0,0.025715524,0
img_03682_2023,0.0,0.024438227,0
img_03689_2023,0.0,0.5784785,0
img_03686_2023,0.0,0.07896848,0
img_03683_2023,0.0,0.024013663,0
img_03696_2023,0.0,0.09297476,0
img_03700_2023,0.0,0.026483074,0
img_03694_2023,0.0,0.017896052,0
img_03698_2023,0.0,0.018078014,0
img_03703_2023,0.0,0.14191985,0
img_03693_2023,0.0,0.02006648,0
img_03710_2023,0.0,0.8855701,1
img_03690_2023,0.0,0.040224373,0
img_03706_2023,0.0,0.018567182,0
img_03709_2023,0.0,0.020142214,0
img_03702_2023,0.0,0.02017348,0
img_03715_2023,0.0,0.037526406,0
img_03714_2023,0.0,0.41470993,0
img_03719_2023,0.0,0.24821503,0
img_03720_2023,0.0,0.017052965,0
img_03723_2023,0.0,0.065788135,0
img_03727_2023,0.0,0.0357117,0
img_03721_2023,0.0,0.43281806,0
img_03726_2023,0.0,0.017924486,0
img_03713_2023,0.0,0.111024395,0
img_03733_2023,0.0,0.03531044,0
img_03728_2023,0.0,0.019482782,0
img_03722_2023,0.0,0.060397375,0
img_03736_2023,0.0,0.030504316,0
img_03740_2023,0.0,0.016381828,0
img_03743_2023,0.0,0.18839525,0
img_03746_2023,0.0,0.14257628,0
img_03745_2023,0.0,0.14307639,0
img_03738_2023,0.0,0.016769106,0
img_03718_2023,0.0,0.018079208,0
img_03750_2023,0.0,0.030326393,0
img_03752_2023,0.0,0.20642105,0
img_03754_2023,0.0,0.019649299,0
img_03758_2023,0.0,0.01934036,0
img_03734_2023,0.0,0.06660542,0
img_03753_2023,0.0,0.020807935,0
img_03756_2023,0.0,0.09884657,0
img_03760_2023,0.0,0.018989004,0
img_03764_2023,0.0,0.25740546,0
img_03768_2023,0.0,0.021361964,0
img_03769_2023,0.0,0.56914896,0
img_03765_2023,0.0,0.05354355,0
img_03772_2023,0.0,0.034891844,0
img_03771_2023,0.0,0.032697044,0
img_03774_2023,0.0,0.016418634,0
img_03775_2023,0.0,0.015807074,0
img_03776_2023,0.0,0.02052337,0
img_03779_2023,0.0,0.015819468,0
img_03778_2023,0.0,0.1515869,0
img_03773_2023,0.0,0.03947906,0
img_03786_2023,0.0,0.38026553,0
img_03783_2023,0.0,0.48704994,0
img_03749_p01_2023,0.0,0.022198461,0
img_03749_p02_2023,0.0,0.019425955,0
img_03796_2023,0.0,0.15160154,0
img_03784_2023,0.0,0.015999407,0
img_03800_2023,0.0,0.08174981,0
img_03785_2023,0.0,0.020456955,0
img_03804_2023,0.0,0.029331306,0
img_03807_2023,0.0,0.019992532,0
img_03808_2023,0.0,0.015888354,0
img_03810_2023,0.0,0.03132736,0
img_03813_2023,0.0,0.021006944,0
img_03811_2023,0.0,0.08660306,0
img_03819_2023,0.0,0.028044159,0
img_03817_2023,0.0,0.26352966,0
img_03787_p01_2023,0.0,0.040927634,0
img_03787_p02_2023,0.0,0.02881384,0
img_03814_2023,0.0,0.015769655,0
img_03820_2023,0.0,0.20270963,0
img_03821_2023,0.0,0.01920514,0
img_03797_2023,0.0,0.02195226,0
img_03826_2023,0.0,0.030261196,0
img_03829_2023,0.0,0.01801663,0
img_03822_2023,0.0,0.027622111,0
img_03830_2023,0.0,0.040551692,0
img_03824_2023,0.0,0.019839983,0
img_03818_2023,0.0,0.2857381,0
img_03836_2023,0.0,0.0862708,0
img_03832_2023,0.0,0.022532534,0
img_03834_2023,0.0,0.020939855,0
img_03831_2023,0.0,0.017452735,0
img_03835_2023,0.0,0.02810488,0
img_03838_2023,0.0,0.029586034,0
img_03827_2023,0.0,0.034334138,0
img_03854_2023,0.0,0.017044567,0
img_03849_2023,0.0,0.091280356,0
img_03848_2023,0.0,0.030671554,0
img_03847_2023,0.0,0.19990464,0
img_03853_2023,0.0,0.029660292,0
img_03858_2023,0.0,0.19938213,0
img_03851_2023,0.0,0.016407648,0
img_03857_2023,0.0,0.0487778,0
img_03861_2023,0.0,0.042146046,0
img_03860_2023,0.0,0.077322245,0
img_03844_2023,0.0,0.025602201,0
img_03862_2023,0.0,0.020615395,0
img_03875_2023,0.0,0.11940067,0
img_03871_2023,0.0,0.23299886,0
img_03876_2023,0.0,0.021793973,0
img_03882_2023,0.0,0.07016724,0
img_03877_2023,0.0,0.019566596,0
img_03879_2023,0.0,0.5425106,0
img_03883_2023,0.0,0.020135067,0
img_03886_2023,0.0,0.025471285,0
img_03865_2023,0.0,0.025731752,0
img_03890_2023,0.0,0.046017513,0
img_03887_2023,0.0,0.02984737,0
img_03893_2023,0.0,0.022621633,0
img_03889_2023,0.0,0.017386602,0
img_03888_2023,0.0,0.023710739,0
img_03885_2023,0.0,0.023513986,0
img_03892_2023,0.0,0.036612634,0
img_03894_2023,0.0,0.025672318,0
img_03899_2023,0.0,0.01877279,0
img_03903_2023,0.0,0.29052407,0
img_03905_2023,0.0,0.084482946,0
img_03900_2023,0.0,0.048700757,0
img_03806_p01_2023,0.0,0.09058448,0
img_03806_p02_2023,0.0,0.2569718,0
img_03806_p03_2023,0.0,0.15527636,0
img_03806_p04_2023,0.0,0.035628263,0
img_03904_2023,0.0,0.27701908,0
img_03912_2023,0.0,0.018350268,0
img_03902_2023,0.0,0.049080145,0
img_03911_2023,0.0,0.025812207,0
img_03908_2023,0.0,0.018767945,0
img_03919_2023,0.0,0.015480564,0
img_03922_2023,0.0,0.023886979,0
img_03901_p01_2023,0.0,0.017981697,0
img_03901_p02_2023,0.0,0.018585002,0
img_03920_2023,0.0,0.018720506,0
img_03921_2023,0.0,0.017701143,0
img_03930_2023,0.0,0.048824728,0
img_03931_2023,0.0,0.06886276,0
img_03941_2023,0.0,0.022867328,0
img_03938_2023,0.0,0.05559973,0
img_03933_2023,0.0,0.027392194,0
img_03936_2023,0.0,0.33411267,0
img_03949_2023,0.0,0.1595841,0
img_03946_2023,0.0,0.022554895,0
img_03872_p01_2023,0.0,0.017545817,0
img_03872_p02_2023,0.0,0.021220105,0
img_03872_p03_2023,0.0,0.017002907,0
img_03872_p04_2023,0.0,0.03655551,0
img_03872_p05_2023,0.0,0.022384897,0
img_03956_2023,0.0,0.019225368,0
img_03945_2023,0.0,0.31030145,0
img_03961_2023,0.0,0.018975174,0
img_03960_2023,0.0,0.025388012,0
img_03959_2023,0.0,0.023888407,0
img_03967_2023,0.0,0.7554312,1
img_03962_2023,0.0,0.037711486,0
img_03965_2023,0.0,0.076895505,0
img_03970_2023,0.0,0.018576333,0
img_03963_2023,0.0,0.020212615,0
img_03968_2023,0.0,0.019701848,0
img_03972_2023,0.0,0.12394275,0
img_03973_2023,0.0,0.022496168,0
img_03950_p01_2023,0.0,0.017309364,0
img_03950_p02_2023,0.0,0.01781651,0
img_03974_2023,0.0,0.025610879,0
img_03977_2023,0.0,0.025379483,0
img_03976_2023,0.0,0.024517136,0
img_03983_2023,0.0,0.121878065,0
img_03978_2023,0.0,0.025936201,0
img_03985_2023,0.0,0.02192567,0
img_03984_2023,0.0,0.0719272,0
img_03980_2023,0.0,0.020342343,0
img_03987_2023,0.0,0.04445086,0
img_03991_2023,0.0,0.030134909,0
img_03992_2023,0.0,0.021579552,0
img_03999_2023,0.0,0.15475939,0
img_03986_2023,0.0,0.02260149,0
img_04000_2023,0.0,0.1453144,0
img_04002_2023,0.0,0.017288709,0
img_04006_2023,0.0,0.14644513,0
img_04005_2023,0.0,0.018621327,0
img_04007_2023,0.0,0.015651515,0
img_04003_2023,0.0,0.6231703,0
img_04009_2023,0.0,0.01806226,0
img_04012_2023,0.0,0.018871585,0
img_04011_2023,0.0,0.037736602,0
img_04010_2023,0.0,0.022206454,0
img_03971_p01_2023,0.0,0.049474746,0
img_03971_p02_2023,0.0,0.077168144,0
img_03997_p01_2023,0.0,0.021866072,0
img_03997_p02_2023,0.0,0.021102367,0
img_04017_2023,0.0,0.31112114,0
img_04018_2023,0.0,0.02041249,0
img_04023_2023,0.0,0.026751673,0
img_04020_2023,0.0,0.015980959,0
img_04027_2023,0.0,0.02362338,0
img_04025_2023,0.0,0.068314075,0
img_04022_2023,0.0,0.029072898,0
img_04015_2023,0.0,0.02215056,0
img_04031_2023,0.0,0.44929034,0
img_04019_2023,0.0,0.18609679,0
img_03926_p01_2023,0.0,0.025117552,0
img_03926_p02_2023,0.0,0.018705178,0
img_03926_p03_2023,0.0,0.018417256,0
img_03926_p04_2023,0.0,0.020020677,0
img_03926_p05_2023,0.0,0.033030204,0
img_03926_p06_2023,0.0,0.022748357,0
img_03937_p01_2023,0.0,0.017367208,0
img_03937_p02_2023,0.0,0.021640614,0
img_03937_p03_2023,0.0,0.025260285,0
img_03937_p04_2023,0.0,0.016716463,0
img_03937_p05_2023,0.0,0.016513534,0
img_04035_2023,0.0,0.3011027,0
img_04038_2023,0.0,0.26790664,0
img_04036_2023,0.0,0.17725222,0
img_04042_2023,0.0,0.018337842,0
img_04033_2023,0.0,0.039160985,0
img_04044_2023,0.0,0.02354613,0
img_04041_2023,0.0,0.016087575,0
img_04046_2023,0.0,0.023927364,0
img_04048_2023,0.0,0.021763023,0
img_04054_2023,0.0,0.03591848,0
img_04047_2023,0.0,0.07141528,0
img_03998_p01_2023,0.0,0.02262794,0
img_03998_p02_2023,0.0,0.026982477,0
img_03998_p03_2023,0.0,0.01834209,0
img_03998_p04_2023,0.0,0.04679448,0
img_04061_2023,0.0,0.18067949,0
img_04056_2023,0.0,0.027519716,0
img_04052_2023,0.0,0.015772639,0
img_04059_2023,0.0,0.054161347,0
img_04063_2023,0.0,0.02701395,0
img_04067_2023,0.0,0.028458146,0
img_04064_2023,0.0,0.09639457,0
img_04065_2023,0.0,0.06624774,0
img_04072_2023,0.0,0.024025226,0
img_04074_2023,0.0,0.039031245,0
img_04075_2023,0.0,0.107637145,0
img_04050_p01_2023,0.0,0.016805245,0
img_04050_p02_2023,0.0,0.017227126,0
img_04073_2023,0.0,0.024873426,0
img_04078_2023,0.0,0.16658534,0
img_04081_2023,0.0,0.15452965,0
img_03825_p05_2023,0.0,0.018949006,0
img_03825_p06_2023,0.0,0.035536405,0
img_03825_p07_2023,0.0,0.019403836,0
img_03825_p08_2023,0.0,0.018259892,0
img_03825_p09_2023,0.0,0.019782376,0
img_03825_p11_2023,0.0,0.03391233,0
img_03825_p12_2023,0.0,0.02678346,0
img_03825_p13_2023,0.0,0.018468592,0
img_03825_p14_2023,0.0,0.019858567,0
img_04091_2023,0.0,0.03364116,0
img_04095_2023,0.0,0.028997736,0
img_04096_2023,0.0,0.017953956,0
img_04094_2023,0.0,0.09588861,0
img_04093_2023,0.0,0.06241654,0
img_04099_2023,0.0,0.10261996,0
img_03969_p01_2023,0.0,0.09016461,0
img_03969_p02_2023,0.0,0.0889932,0
img_03969_p03_2023,0.0,0.7262984,0
img_03969_p04_2023,0.0,0.05410974,0
img_03969_p05_2023,0.0,0.028513625,0
img_03969_p06_2023,0.0,0.037213646,0
img_03969_p07_2023,0.0,0.04069257,0
img_03969_p08_2023,0.0,0.021232732,0
img_04106_2023,0.0,0.04899586,0
img_04030_p01_2023,0.0,0.020123474,0
img_04030_p02_2023,0.0,0.020946324,0
img_04030_p03_2023,0.0,0.021418508,0
img_04030_p04_2023,0.0,0.022944177,0
img_04097_2023,0.0,0.03749392,0
img_04102_2023,0.0,0.0801775,0
img_04107_2023,0.0,0.09858755,0
img_04108_2023,0.0,0.021756202,0
img_04103_2023,0.0,0.03586292,0
img_04112_2023,0.0,0.04152349,0
img_04100_2023,0.0,0.17876154,0
img_04115_2023,0.0,0.020845322,0
img_04116_2023,0.0,0.034215335,0
img_04117_2023,0.0,0.016461387,0
img_04122_2023,0.0,0.3411266,0
img_04123_2023,0.0,0.03231744,0
img_04126_2023,0.0,0.019708747,0
img_04087_p01_2023,0.0,0.029415546,0
img_04087_p02_2023,0.0,0.021448217,0
img_04125_2023,0.0,0.022738235,0
img_04130_2023,0.0,0.06899766,0
img_04135_2023,0.0,0.21524091,0
img_04131_2023,0.0,0.18914308,0
img_04129_2023,0.0,0.049248956,0
img_04133_2023,0.0,0.07049914,0
img_04143_2023,0.0,0.017946912,0
img_04141_2023,0.0,0.01801185,0
img_04128_2023,0.0,0.022216532,0
img_04139_2023,0.0,0.017237267,0
img_04142_2023,0.0,0.17423803,0
img_04132_2023,0.0,0.019031238,0
img_04147_2023,0.0,0.0690814,0
img_04136_2023,0.0,0.17608549,0
img_04155_2023,0.0,0.017117266,0
img_04146_2023,0.0,0.062935255,0
img_04157_2023,0.0,0.022274127,0
img_04154_2023,0.0,0.08260877,0
img_04162_2023,0.0,0.043639787,0
img_04159_2023,0.0,0.09108273,0
img_04165_2023,0.0,0.039548367,0
img_04167_2023,0.0,0.13560094,0
img_04163_2023,0.0,0.28288656,0
img_04150_2023,0.0,0.01737537,0
img_04153_2023,0.0,0.018114015,0
img_04151_2023,0.0,0.7437847,1
img_04169_2023,0.0,0.02692212,0
img_04172_2023,0.0,0.17093599,0
img_04175_2023,0.0,0.04502493,0
img_04180_2023,0.0,0.04130566,0
img_04182_2023,0.0,0.032276407,0
img_04177_2023,0.0,0.14484936,0
img_04184_2023,0.0,0.01626624,0
img_04152_p01_2023,0.0,0.026699943,0
img_04152_p02_2023,0.0,0.024485275,0
img_04185_2023,0.0,0.08769758,0
img_04201_2023,0.0,0.025410205,0
img_04190_2023,0.0,0.018914068,0
img_04197_2023,0.0,0.37664625,0
img_04111_p01_2023,0.0,0.017283307,0
img_04111_p02_2023,0.0,0.026462143,0
img_04111_p03_2023,0.0,0.024330892,0
img_04111_p04_2023,0.0,0.026849682,0
img_04204_2023,0.0,0.86162156,1
img_04198_2023,0.0,0.73881286,1
img_04199_2023,0.0,0.01821015,0
img_04208_2023,0.0,0.01909869,0
img_04214_2023,0.0,0.020996597,0
img_04211_2023,0.0,0.18374434,0
img_04216_2023,0.0,0.029122613,0
img_04218_2023,0.0,0.042112738,0
img_04215_2023,0.0,0.585981,0
img_04220_2023,0.0,0.02269944,0
img_04210_2023,0.0,0.17097881,0
img_04224_2023,0.0,0.11582794,0
img_04228_2023,0.0,0.10069491,0
img_04225_2023,0.0,0.01749825,0
img_04235_2023,0.0,0.023709258,0
img_04234_2023,0.0,0.02202074,0
img_04232_2023,0.0,0.017603004,0
img_04229_2023,0.0,0.021193538,0
img_04239_2023,0.0,0.021989046,0
img_04236_2023,0.0,0.048217807,0
img_04227_2023,0.0,0.020065209,0
img_04213_2023,0.0,0.17094608,0
img_04242_2023,0.0,0.047000404,0
img_04245_2023,0.0,0.020356655,0
img_04243_2023,0.0,0.39037374,0
img_04209_p01_2023,0.0,0.019238481,0
img_04209_p02_2023,0.0,0.018198082,0
img_04247_2023,0.0,0.03388044,0
img_04249_2023,0.0,0.16670354,0
img_04248_2023,0.0,0.023442514,0
img_04244_2023,0.0,0.107456796,0
img_04251_2023,0.0,0.022910405,0
img_04255_2023,0.0,0.017546065,0
img_04246_2023,0.0,0.7513484,1
img_04254_2023,0.0,0.09830558,0
img_04262_2023,0.0,0.08427421,0
img_04259_2023,0.0,0.017013805,0
img_04261_2023,0.0,0.01919201,0
img_04266_2023,0.0,0.021278815,0
img_04263_2023,0.0,0.09724405,0
img_04270_2023,0.0,0.01826752,0
img_04280_2023,0.0,0.020562744,0
img_04275_2023,0.0,0.021448713,0
img_04276_2023,0.0,0.03168063,0
img_04278_2023,0.0,0.04408174,0
img_04274_2023,0.0,0.8807948,1
img_04283_2023,0.0,0.2822727,0
img_04279_2023,0.0,0.021932604,0
img_04281_2023,0.0,0.020782668,0
img_04290_2023,0.0,0.10275016,0
img_04288_2023,0.0,0.01733311,0
img_04287_2023,0.0,0.50813925,0
img_04292_2023,0.0,0.021198515,0
img_04286_2023,0.0,0.6717128,0
img_04291_2023,0.0,0.09265478,0
img_04296_2023,0.0,0.027469743,0
img_04295_2023,0.0,0.07223234,0
img_04289_2023,0.0,0.016805112,0
img_04297_2023,0.0,0.9477748,1
img_04302_2023,0.0,0.01972247,0
img_04299_2023,0.0,0.017321704,0
img_04294_2023,0.0,0.020499462,0
img_04298_2023,0.0,0.24827337,0
img_04310_2023,0.0,0.10499249,0
img_04320_2023,0.0,0.0502499,0
img_04315_2023,0.0,0.030413568,0
img_04317_2023,0.0,0.03323347,0
img_04323_2023,0.0,0.07380494,0
img_04324_2023,0.0,0.08787579,0
img_04322_2023,0.0,0.88159895,1
img_04326_2023,0.0,0.027229548,0
img_04312_2023,0.0,0.12914376,0
img_04332_2023,0.0,0.10419321,0
img_04335_2023,0.0,0.5543232,0
img_04340_2023,0.0,0.025403414,0
img_04342_2023,0.0,0.12581174,0
img_04300_p01_2023,0.0,0.01575912,0
img_04300_p02_2023,0.0,0.018651841,0
img_04343_2023,0.0,0.1391859,0
img_04344_2023,0.0,0.055769548,0
img_04352_2023,0.0,0.33551222,0
img_04354_2023,0.0,0.2106608,0
img_04357_2023,0.0,0.10918578,0
img_04358_2023,0.0,0.24067429,0
img_04363_2023,0.0,0.021389384,0
img_04360_2023,0.0,0.037585836,0
img_04381_2023,0.0,0.1237353,0
img_04378_2023,0.0,0.033248812,0
img_04383_2023,0.0,0.020804685,0
img_04371_2023,0.0,0.016038913,0
img_04385_2023,0.0,0.5750674,0
img_04379_2023,0.0,0.020437822,0
img_04388_2023,0.0,0.18041614,0
img_04386_2023,0.0,0.02385423,0
img_04390_2023,0.0,0.07412316,0
img_04389_2023,0.0,0.032022838,0
img_04336_p01_2023,0.0,0.020017318,0
img_04336_p02_2023,0.0,0.019544777,0
img_04394_2023,0.0,0.018016951,0
img_04392_2023,0.0,0.061003957,0
img_04400_2023,0.0,0.11494026,0
img_04384_p01_2023,0.0,0.105114035,0
img_04405_2023,0.0,0.8397766,1
img_04399_2023,0.0,0.020215742,0
img_04407_2023,0.0,0.8219938,1
img_04403_2023,0.0,0.019587265,0
img_04408_2023,0.0,0.024569623,0
img_04409_2023,0.0,0.1202531,0
img_04413_2023,0.0,0.23369169,0
img_04418_2023,0.0,0.3520429,0
img_04424_2023,0.0,0.3970913,0
img_04421_2023,0.0,0.018805174,0
img_04425_2023,0.0,0.03563914,0
img_04430_2023,0.0,0.024630047,0
img_04428_2023,0.0,0.017519224,0
img_04436_2023,0.0,0.020810533,0
img_04432_2023,0.0,0.01761622,0
img_04434_2023,0.0,0.7024857,0
img_04438_2023,0.0,0.030502673,0
img_04449_2023,0.0,0.13390182,0
img_04450_2023,0.0,0.036392868,0
img_04447_2023,0.0,0.9321597,1
img_04451_2023,0.0,0.05909395,0
img_04453_2023,0.0,0.046638146,0
img_04439_2023,0.0,0.016654845,0
img_04458_2023,0.0,0.889105,1
img_04474_2023,0.0,0.021322975,0
img_04461_2023,0.0,0.14782979,0
img_04480_2023,0.0,0.81408477,1
img_04481_2023,0.0,0.05550089,0
img_04475_2023,0.0,0.03148371,0
img_04482_2023,0.0,0.025363453,0
img_04462_2023,0.0,0.019504247,0
img_04479_2023,0.0,0.39153355,0
img_04486_2023,0.0,0.07232579,0
img_04492_2023,0.0,0.016350739,0
img_04491_2023,0.0,0.025938256,0
img_04490_2023,0.0,0.019185834,0
img_04505_2023,0.0,0.11345563,0
img_04500_2023,0.0,0.5448093,0
img_04502_2023,0.0,0.72476834,0
img_04495_2023,0.0,0.04224806,0
img_04513_2023,0.0,0.36274642,0
img_04503_2023,0.0,0.020019395,0
img_04509_2023,0.0,0.4616679,0
img_04512_2023,0.0,0.92849153,1
img_04520_2023,0.0,0.022252405,0
img_04521_2023,0.0,0.055063996,0
img_04530_2023,0.0,0.025843563,0
img_04525_2023,0.0,0.01697747,0
img_04529_2023,0.0,0.89634395,1
img_04528_2023,0.0,0.23814791,0
img_04522_2023,0.0,0.23449636,0
img_04533_2023,0.0,0.036357474,0
img_04527_2023,0.0,0.087860465,0
img_04553_2023,0.0,0.037022926,0
img_04544_2023,0.0,0.035833005,0
img_04560_2023,0.0,0.14877795,0
img_04546_2023,0.0,0.8999416,1
img_04551_2023,0.0,0.042590953,0
img_04555_2023,0.0,0.054938897,0
img_04561_2023,0.0,0.037513077,0
img_04549_2023,0.0,0.021862037,0
img_04563_2023,0.0,0.110665314,0
img_04576_2023,0.0,0.02074324,0
img_04570_2023,0.0,0.03980132,0
img_04573_2023,0.0,0.040310007,0
img_04569_2023,0.0,0.054812685,0
img_04577_2023,0.0,0.03641364,0
img_04562_2023,0.0,0.031719826,0
img_04565_2023,0.0,0.020186001,0
img_04580_2023,0.0,0.020771649,0
img_04584_2023,0.0,0.04070811,0
img_04582_2023,0.0,0.6671095,0
img_04581_2023,0.0,0.025314989,0
img_04594_2023,0.0,0.36929387,0
img_04588_2023,0.0,0.04546522,0
img_04599_2023,0.0,0.037747964,0
img_04596_2023,0.0,0.035584327,0
img_04593_2023,0.0,0.03142791,0
img_04587_2023,0.0,0.024031963,0
img_04597_2023,0.0,0.023724396,0
img_04601_2023,0.0,0.031480506,0
img_04603_2023,0.0,0.03440525,0
img_04605_2023,0.0,0.30160612,0
img_04602_2023,0.0,0.07595637,0
img_04613_2023,0.0,0.38920003,0
img_04614_2023,0.0,0.1971742,0
img_04606_2023,0.0,0.026164472,0
img_04608_2023,0.0,0.02731366,0
img_04619_2023,0.0,0.015321785,0
img_04624_2023,0.0,0.018841224,0
img_04611_2023,0.0,0.18435979,0
img_04620_2023,0.0,0.562101,0
img_04623_2023,0.0,0.070643,0
img_04609_2023,0.0,0.020748518,0
img_04630_2023,0.0,0.028632816,0
img_04636_2023,0.0,0.09062942,0
img_04635_2023,0.0,0.29464096,0
img_04632_2023,0.0,0.042138394,0
img_04642_2023,0.0,0.017516868,0
img_04649_2023,0.0,0.018255038,0
img_04648_2023,0.0,0.028633054,0
img_04645_2023,0.0,0.027021183,0
img_04654_2023,0.0,0.2777303,0
img_04657_2023,0.0,0.5995197,0
img_04661_2023,0.0,0.14038028,0
img_04653_2023,0.0,0.059015576,0
img_04663_2023,0.0,0.061131757,0
img_04669_2023,0.0,0.04471728,0
img_04675_2023,0.0,0.0268854,0
img_04666_2023,0.0,0.37454104,0
img_04671_2023,0.0,0.17225309,0
img_04685_2023,0.0,0.016796803,0
img_04686_2023,0.0,0.022309175,0
img_04676_2023,0.0,0.9144427,1
img_04691_2023,0.0,0.066957824,0
img_04690_2023,0.0,0.022418113,0
img_04695_2023,0.0,0.08578002,0
img_04681_2023,0.0,0.023668818,0
img_04692_2023,0.0,0.121683225,0
img_04699_2023,0.0,0.048258767,0
img_04700_2023,0.0,0.048409954,0
img_04696_2023,0.0,0.05027563,0
img_04703_2023,0.0,0.06756594,0
img_04698_2023,0.0,0.09324074,0
img_04704_2023,0.0,0.14739239,0
img_04711_2023,0.0,0.08094549,0
img_04710_2023,0.0,0.07121298,0
img_04708_2023,0.0,0.398626,0
img_04706_2023,0.0,0.22149338,0
img_04709_2023,0.0,0.16140315,0
img_04718_2023,0.0,0.07489977,0
img_04712_2023,0.0,0.038312994,0
img_04721_2023,0.0,0.033540912,0
img_04719_2023,0.0,0.18851286,0
img_04716_2023,0.0,0.04209269,0
img_04723_2023,0.0,0.9397313,1
img_04725_2023,0.0,0.030463051,0
img_04726_2023,0.0,0.54803365,0
img_04720_2023,0.0,0.04180762,0
img_04722_2023,0.0,0.26918912,0
img_04730_2023,0.0,0.19105014,0
img_04715_2023,0.0,0.027117101,0
img_04735_2023,0.0,0.08078005,0
img_04739_2023,0.0,0.17371501,0
img_04738_2023,0.0,0.2514473,0
img_04736_2023,0.0,0.065478876,0
img_04743_2023,0.0,0.07278562,0
img_04741_2023,0.0,0.23334949,0
img_04746_2023,0.0,0.2769021,0
img_04742_2023,0.0,0.8535471,1
img_04753_2023,0.0,0.06869094,0
img_04750_2023,0.0,0.05234047,0
img_04751_2023,0.0,0.1898303,0
img_04756_2023,0.0,0.03383935,0
img_04754_2023,0.0,0.16628271,0
img_04758_2023,0.0,0.057572834,0
img_04728_2023,0.0,0.042738523,0
img_04764_2023,0.0,0.038523227,0
img_04761_2023,0.0,0.2372484,0
img_04770_2023,0.0,0.13889702,0
img_04771_2023,0.0,0.43230274,0
img_04694_p03_2023,0.0,0.37543565,0
img_04765_2023,0.0,0.21855776,0
img_04773_2023,0.0,0.03703069,0
img_04780_2023,0.0,0.09400918,0
img_04768_2023,0.0,0.10057805,0
img_04774_2023,0.0,0.1387737,0
img_04779_2023,0.0,0.06859895,0
img_04782_2023,0.0,0.1747361,0
img_04783_2023,0.0,0.04259314,0
img_04784_2023,0.0,0.07459792,0
img_04781_2023,0.0,0.17547067,0
img_04778_2023,0.0,0.024212798,0
img_04786_2023,0.0,0.10983659,0
img_04789_2023,0.0,0.030580996,0
img_04787_2023,0.0,0.030974327,0
img_04788_2023,0.0,0.035583306,0
img_04793_2023,0.0,0.10943536,0
img_04792_2023,0.0,0.091998376,0
img_04797_2023,0.0,0.10676122,0
img_04791_2023,0.0,0.3763757,0
img_04799_2023,0.0,0.16657244,0
img_04796_2023,0.0,0.1675705,0
img_04795_2023,0.0,0.35981822,0
img_04798_2023,0.0,0.05583068,0
img_04804_2023,0.0,0.12115958,0
img_04785_2023,0.0,0.07280803,0
img_04803_2023,0.0,0.041232273,0
img_04811_2023,0.0,0.08690531,0
img_04812_2023,0.0,0.08320506,0
img_04814_2023,0.0,0.14790879,0
img_04702_p01_2023,0.0,0.043922476,0
img_04702_p02_2023,0.0,0.10258564,0
img_04702_p03_2023,0.0,0.08089566,0
img_04702_p04_2023,0.0,0.1733021,0
img_04702_p05_2023,0.0,0.060638446,0
img_04702_p06_2023,0.0,0.11227534,0
img_04763_p01_2023,0.0,0.053299304,0
img_04763_p02_2023,0.0,0.04749849,0
img_04816_2023,0.0,0.12171721,0
img_04818_2023,0.0,0.032237105,0
img_04809_2023,0.0,0.052852273,0
img_04820_2023,0.0,0.25091603,0
img_04805_2023,0.0,0.07687545,0
img_04822_2023,0.0,0.1264368,0
img_04825_2023,0.0,0.041859332,0
img_04824_2023,0.0,0.06957506,0
img_04828_2023,0.0,0.031228088,0
img_04833_2023,0.0,0.81996167,1
img_04836_2023,0.0,0.054249898,0
img_04835_2023,0.0,0.068856,0
img_04829_2023,0.0,0.06119951,0
img_04841_2023,0.0,0.047199264,0
img_04839_2023,0.0,0.124927595,0
img_04838_2023,0.0,0.18838677,0
img_04840_2023,0.0,0.47288862,0
img_04827_2023,0.0,0.03678054,0
img_04843_2023,0.0,0.5499924,0
img_04845_2023,0.0,0.07758443,0
img_04848_2023,0.0,0.31144643,0
img_04844_2023,0.0,0.49467346,0
img_04846_2023,0.0,0.14439787,0
img_04849_2023,0.0,0.25897446,0
img_04850_2023,0.0,0.112034805,0
img_04853_2023,0.0,0.0450138,0
img_04852_2023,0.0,0.37026274,0
img_04856_2023,0.0,0.08463973,0
img_04863_2023,0.0,0.09799773,0
img_04868_2023,0.0,0.023169534,0
img_04864_2023,0.0,0.08551801,0
img_04867_2023,0.0,0.13196364,0
img_04861_2023,0.0,0.24674901,0
img_04865_2023,0.0,0.43406108,0
img_04871_2023,0.0,0.10437607,0
img_04869_2023,0.0,0.10428056,0
img_04876_2023,0.0,0.08416353,0
img_04872_2023,0.0,0.106027804,0
img_04870_2023,0.0,0.29460576,0
img_04875_2023,0.0,0.5295209,0
img_04873_2023,0.0,0.055042133,0
img_04880_2023,0.0,0.051608976,0
img_04883_2023,0.0,0.035725445,0
img_04878_2023,0.0,0.11526296,0
img_04882_2023,0.0,0.17144252,0
img_04748_p01_2023,0.0,0.06347893,0
img_04748_p02_2023,0.0,0.11116257,0
img_04748_p03_2023,0.0,0.039693877,0
img_04748_p04_2023,0.0,0.10039377,0
img_04748_p05_2023,0.0,0.051258177,0
img_04748_p06_2023,0.0,0.06408202,0
img_04748_p07_2023,0.0,0.0710672,0
img_04892_2023,0.0,0.1953864,0
img_04888_2023,0.0,0.060046725,0
img_04891_2023,0.0,0.044508897,0
img_04895_2023,0.0,0.2539771,0
img_04899_2023,0.0,0.38403603,0
img_04900_2023,0.0,0.1341247,0
img_04902_2023,0.0,0.25256276,0
img_04903_2023,0.0,0.11102863,0
img_04906_2023,0.0,0.17933057,0
img_04898_2023,0.0,0.5480036,0
img_04909_2023,0.0,0.12645257,0
img_04908_2023,0.0,0.043933358,0
img_04904_2023,0.0,0.26986718,0
img_04831_p02_2023,0.0,0.04223595,0
img_04831_p03_2023,0.0,0.5190114,0
img_04831_p04_2023,0.0,0.055641472,0
img_04907_2023,0.0,0.08728183,0
img_04912_2023,0.0,0.17336777,0
img_04914_2023,0.0,0.33385184,0
img_04916_2023,0.0,0.061191745,0
img_04913_2023,0.0,0.12165639,0
img_04919_2023,0.0,0.8877729,1
img_04924_2023,0.0,0.044435903,0
img_04922_2023,0.0,0.0671464,0
img_04917_2023,0.0,0.083279714,0
img_04921_2023,0.0,0.63054734,0
img_04926_2023,0.0,0.52079326,0
img_04910_2023,0.0,0.025229597,0
img_04929_2023,0.0,0.047462896,0
img_04911_p01_2023,0.0,0.36263224,0
img_04911_p02_2023,0.0,0.13901342,0
img_04930_2023,0.0,0.065570585,0
img_04935_2023,0.0,0.061559446,0
img_04937_2023,0.0,0.0886105,0
img_04932_2023,0.0,0.62979317,0
img_04933_2023,0.0,0.09814094,0
img_04874_p01_2023,0.0,0.08868939,0
img_04874_p02_2023,0.0,0.08491829,0
img_04874_p03_2023,0.0,0.07840426,0
img_04874_p04_2023,0.0,0.18530214,0
img_04938_2023,0.0,0.21601048,0
img_04943_2023,0.0,0.08926304,0
img_04947_2023,0.0,0.22623248,0
img_04945_2023,0.0,0.10805908,0
img_04941_2023,0.0,0.10678057,0
img_04944_2023,0.0,0.14688553,0
img_04948_2023,0.0,0.2244804,0
img_04949_2023,0.0,0.059548117,0
img_04953_2023,0.0,0.34652632,0
img_04952_2023,0.0,0.43719658,0
img_04956_2023,0.0,0.030130742,0
img_04955_2023,0.0,0.1203418,0
img_04939_2023,0.0,0.106426105,0
img_04794_p01_2023,0.0,0.033574812,0
img_04794_p02_2023,0.0,0.054966025,0
img_04794_p03_2023,0.0,0.058545664,0
img_04794_p04_2023,0.0,0.112374514,0
img_04794_p05_2023,0.0,0.08539842,0
img_04794_p06_2023,0.0,0.051813878,0
img_04794_p07_2023,0.0,0.14416619,0
img_04794_p08_2023,0.0,0.52482426,0
img_04957_2023,0.0,0.05022454,0
img_04958_2023,0.0,0.07641219,0
img_04964_2023,0.0,0.06171614,0
img_04963_2023,0.0,0.2649171,0
img_04886_p01_2023,0.0,0.048738778,0
img_04886_p02_2023,0.0,0.22741811,0
img_04886_p03_2023,0.0,0.12549567,0
img_04886_p04_2023,0.0,0.03253538,0
img_04961_2023,0.0,0.14358945,0
img_04967_2023,0.0,0.28363803,0
img_04966_2023,0.0,0.456021,0
img_04973_2023,0.0,0.21765707,0
img_04968_2023,0.0,0.048652355,0
img_04969_2023,0.0,0.08381259,0
img_04975_2023,0.0,0.07770653,0
img_04974_2023,0.0,0.10363987,0
img_04979_2023,0.0,0.035419144,0
img_04744_p01_2023,0.0,0.46109626,0
img_04744_p02_2023,0.0,0.035792794,0
img_04744_p03_2023,0.0,0.035997923,0
img_04744_p04_2023,0.0,0.07614521,0
img_04744_p05_2023,0.0,0.045147564,0
img_04744_p06_2023,0.0,0.04849081,0
img_04744_p07_2023,0.0,0.05134639,0
img_04744_p08_2023,0.0,0.09773091,0
img_04744_p09_2023,0.0,0.114740446,0
img_04744_p10_2023,0.0,0.07139873,0
img_04744_p11_2023,0.0,0.1193845,0
img_04744_p12_2023,0.0,0.16586615,0
img_04978_2023,0.0,0.25993422,0
img_04977_2023,0.0,0.041508015,0
img_04982_2023,0.0,0.32647833,0
img_04981_2023,0.0,0.033657577,0
img_04970_2023,0.0,0.42065424,0
img_04986_2023,0.0,0.04125784,0
img_04976_2023,0.0,0.048184443,0
img_04983_2023,0.0,0.03149203,0
img_04931_p01_2023,0.0,0.094864875,0
img_04931_p02_2023,0.0,0.058901843,0
img_04990_2023,0.0,0.23994699,0
img_04993_2023,0.0,0.87160003,1
img_04994_2023,0.0,0.08678631,0
img_04988_2023,0.0,0.2769411,0
img_04996_2023,0.0,0.5139128,0
img_04995_2023,0.0,0.047335513,0
img_04998_2023,0.0,0.06971727,0
img_04999_2023,0.0,0.040599853,0
img_05000_2023,0.0,0.10625272,0
img_05003_2023,0.0,0.068971574,0
img_05004_2023,0.0,0.034750465,0
img_05009_2023,0.0,0.26177385,0
img_05010_2023,0.0,0.06545216,0
img_04984_p01_2023,0.0,0.031890027,0
img_04984_p02_2023,0.0,0.051441796,0
img_05006_2023,0.0,0.07418967,0
img_05012_2023,0.0,0.11357087,0
img_04896_p01_2023,0.0,0.03150557,0
img_04896_p02_2023,0.0,0.062001362,0
img_04896_p03_2023,0.0,0.05163624,0
img_04896_p04_2023,0.0,0.030367726,0
img_04896_p05_2023,0.0,0.089290604,0
img_04896_p06_2023,0.0,0.044813458,0
img_04940_p01_2023,0.0,0.0399118,0
img_04940_p02_2023,0.0,0.034686584,0
img_04940_p03_2023,0.0,0.03234019,0
img_04940_p04_2023,0.0,0.13403803,0
img_05016_2023,0.0,0.34491232,0
img_05019_2023,0.0,0.018431269,0
img_05017_2023,0.0,0.27815986,0
img_05025_2023,0.0,0.02481232,0
img_05028_2023,0.0,0.030978225,0
img_05024_2023,0.0,0.07477447,0
img_05027_2023,0.0,0.04504348,0
img_05032_2023,0.0,0.057201125,0
img_05037_2023,0.0,0.11842626,0
img_05039_2023,0.0,0.030749127,0
img_05033_2023,0.0,0.06880517,0
img_05036_2023,0.0,0.43760747,0
img_05040_2023,0.0,0.15051307,0
img_05029_2023,0.0,0.27570444,0
img_05026_2023,0.0,0.3007956,0
img_05038_2023,0.0,0.4975403,0
img_05043_2023,0.0,0.027067319,0
img_05049_2023,0.0,0.22688672,0
img_05042_2023,0.0,0.030232575,0
img_05052_2023,0.0,0.38966507,0
img_05051_2023,0.0,0.07122481,0
img_05055_2023,0.0,0.06540049,0
img_05057_2023,0.0,0.1457733,0
img_05046_2023,0.0,0.61839265,0
img_05056_2023,0.0,0.15538822,0
img_05059_2023,0.0,0.9247083,1
img_05048_2023,0.0,0.2594251,0
img_05060_2023,0.0,0.6356853,0
img_05063_2023,0.0,0.111774474,0
img_05066_2023,0.0,0.47054958,0
img_05062_2023,0.0,0.07112576,0
img_05068_2023,0.0,0.22639196,0
img_05064_2023,0.0,0.074286275,0
img_05069_2023,0.0,0.08385051,0
img_05067_2023,0.0,0.05110398,0
img_05070_2023,0.0,0.14356525,0
img_05074_2023,0.0,0.10820842,0
img_05072_2023,0.0,0.0649204,0
img_05076_2023,0.0,0.054490034,0
img_05075_2023,0.0,0.115944274,0
img_05077_2023,0.0,0.07405746,0
img_05078_2023,0.0,0.12416716,0
img_05081_2023,0.0,0.42147556,0
img_05079_2023,0.0,0.020726755,0
img_05071_2023,0.0,0.25721556,0
img_05082_2023,0.0,0.037171703,0
img_05080_2023,0.0,0.2685598,0
img_05088_2023,0.0,0.048173983,0
img_05087_2023,0.0,0.07134551,0
img_05085_2023,0.0,0.022440927,0
img_05089_2023,0.0,0.09049197,0
img_05053_p01_2023,0.0,0.028270682,0
img_05053_p02_2023,0.0,0.020727415,0
img_05090_2023,0.0,0.05774243,0
img_05094_2023,0.0,0.034223642,0
img_05096_2023,0.0,0.35691157,0
img_05097_2023,0.0,0.116694406,0
img_05099_2023,0.0,0.052754752,0
img_05095_2023,0.0,0.4830013,0
img_05110_2023,0.0,0.1689621,0
img_05104_2023,0.0,0.1659082,0
img_05108_2023,0.0,0.3749553,0
img_05100_2023,0.0,0.26426664,0
img_05098_2023,0.0,0.03316897,0
img_05107_2023,0.0,0.18036182,0
img_05112_2023,0.0,0.069504626,0
img_05113_2023,0.0,0.026788047,0
img_05115_2023,0.0,0.07405589,0
img_05111_2023,0.0,0.10876437,0
img_05105_2023,0.0,0.2558154,0
img_05114_2023,0.0,0.051623307,0
img_05120_2023,0.0,0.1517696,0
img_05124_2023,0.0,0.31572998,0
img_05123_2023,0.0,0.93697333,1
img_05122_2023,0.0,0.29445744,0
img_05116_2023,0.0,0.074369326,0
img_05121_2023,0.0,0.49107867,0
img_05130_2023,0.0,0.6636177,0
img_05103_p01_2023,0.0,0.07335477,0
img_05103_p02_2023,0.0,0.02192389,0
img_05128_2023,0.0,0.07691148,0
img_05131_2023,0.0,0.050975617,0
img_05129_2023,0.0,0.04016112,0
img_05127_2023,0.0,0.034075316,0
img_05126_2023,0.0,0.10353825,0
img_05134_2023,0.0,0.2790343,0
img_05133_2023,0.0,0.0706978,0
img_05135_2023,0.0,0.11244872,0
img_05137_2023,0.0,0.08080796,0
img_05142_2023,0.0,0.065527976,0
img_05138_2023,0.0,0.25642028,0
img_05145_2023,0.0,0.05261465,0
img_05151_2023,0.0,0.036565546,0
img_05150_2023,0.0,0.28585413,0
img_05147_2023,0.0,0.09701635,0
img_05143_2023,0.0,0.2023578,0
img_05149_2023,0.0,0.07334654,0
img_05148_2023,0.0,0.2064301,0
img_05154_2023,0.0,0.15083943,0
img_05155_2023,0.0,0.4323794,0
img_05159_2023,0.0,0.4107613,0
img_05160_2023,0.0,0.8396063,1
img_05162_2023,0.0,0.02537804,0
img_05158_2023,0.0,0.05009404,0
img_05163_2023,0.0,0.7094167,0
img_05165_2023,0.0,0.04662389,0
img_05174_2023,0.0,0.06692747,0
img_05172_2023,0.0,0.3735141,0
img_05164_2023,0.0,0.17308821,0
img_05175_2023,0.0,0.75534475,1
img_05170_2023,0.0,0.038032047,0
img_04936_p01_2023,0.0,0.040796228,0
img_04936_p02_2023,0.0,0.029349063,0
img_04936_p03_2023,0.0,0.042452674,0
img_04936_p04_2023,0.0,0.027247468,0
img_04936_p05_2023,0.0,0.03414465,0
img_04936_p06_2023,0.0,0.04615123,0
img_04936_p07_2023,0.0,0.26209584,0
img_04936_p08_2023,0.0,0.040152244,0
img_04936_p09_2023,0.0,0.023963183,0
img_04936_p10_2023,0.0,0.035044555,0
img_05176_2023,0.0,0.06898748,0
img_05179_2023,0.0,0.07756715,0
img_05181_2023,0.0,0.02141185,0
img_05180_2023,0.0,0.050386764,0
img_05184_2023,0.0,0.70285094,0
img_05186_2023,0.0,0.11985597,0
img_05189_2023,0.0,0.049741004,0
img_05173_2023,0.0,0.056497168,0
img_05188_2023,0.0,0.7424753,1
img_05194_2023,0.0,0.156772,0
img_05193_2023,0.0,0.087507814,0
img_05191_2023,0.0,0.30807135,0
img_05195_2023,0.0,0.063866295,0
img_05199_2023,0.0,0.14594708,0
img_05187_2023,0.0,0.782371,1
img_05202_2023,0.0,0.069527134,0
img_05209_2023,0.0,0.07619263,0
img_05200_2023,0.0,0.07597029,0
img_05214_2023,0.0,0.15605024,0
img_05203_2023,0.0,0.030268999,0
img_05204_2023,0.0,0.5703211,0
img_05208_2023,0.0,0.06175985,0
img_05201_2023,0.0,0.06036671,0
img_05210_2023,0.0,0.10890596,0
img_05220_2023,0.0,0.24718073,0
img_05218_2023,0.0,0.033696957,0
img_05217_2023,0.0,0.5621663,0
img_05207_2023,0.0,0.3993581,0
img_05206_2023,0.0,0.3786075,0
img_05215_2023,0.0,0.040258896,0
img_05223_2023,0.0,0.07948766,0
img_05222_2023,0.0,0.061552327,0
img_05229_2023,0.0,0.119202144,0
img_05226_2023,0.0,0.07498556,0
img_05219_2023,0.0,0.17371352,0
img_05227_2023,0.0,0.11155014,0
img_05211_2023,0.0,0.026966766,0
img_05224_2023,0.0,0.1331863,0
img_05225_2023,0.0,0.055181112,0
img_05231_2023,0.0,0.09334049,0
img_05235_2023,0.0,0.035887294,0
img_05233_2023,0.0,0.16137157,0
img_05238_2023,0.0,0.37853336,0
img_05241_2023,0.0,0.14002298,0
img_05244_2023,0.0,0.1074531,0
img_05240_2023,0.0,0.038422417,0
img_05232_2023,0.0,0.20644747,0
img_05243_2023,0.0,0.053794302,0
img_05242_2023,0.0,0.035408173,0
img_05245_2023,0.0,0.022000114,0
img_05246_2023,0.0,0.3471505,0
img_05250_2023,0.0,0.06838473,0
img_05249_2023,0.0,0.03143283,0
img_05247_2023,0.0,0.18982358,0
img_05256_2023,0.0,0.41556308,0
img_05258_2023,0.0,0.097735785,0
img_05260_2023,0.0,0.18507974,0
img_05263_2023,0.0,0.09827452,0
img_05254_2023,0.0,0.08550393,0
img_05264_2023,0.0,0.04018987,0
img_05267_2023,0.0,0.28313756,0
img_05266_2023,0.0,0.214468,0
img_05265_2023,0.0,0.059869133,0
img_05268_2023,0.0,0.09543642,0
img_05275_2023,0.0,0.09641893,0
img_05270_2023,0.0,0.55650705,0
img_05276_2023,0.0,0.11091436,0
img_05273_2023,0.0,0.11741068,0
img_05278_2023,0.0,0.14149454,0
img_05269_2023,0.0,0.06766524,0
img_05280_2023,0.0,0.14029193,0
img_05277_2023,0.0,0.23410046,0
img_05284_2023,0.0,0.05705781,0
img_05281_2023,0.0,0.053052,0
img_05283_2023,0.0,0.6055782,0
img_05282_2023,0.0,0.32975835,0
img_05286_2023,0.0,0.029999651,0
img_05289_2023,0.0,0.20984858,0
img_05287_2023,0.0,0.4029663,0
img_05291_2023,0.0,0.19320332,0
img_05293_2023,0.0,0.32943225,0
img_05292_2023,0.0,0.12794514,0
img_05297_2023,0.0,0.061864845,0
img_05301_2023,0.0,0.2753102,0
img_05294_2023,0.0,0.17483062,0
img_05298_2023,0.0,0.06913218,0
img_05300_2023,0.0,0.07979476,0
img_05306_2023,0.0,0.15791483,0
img_05309_2023,0.0,0.17409605,0
img_05303_2023,0.0,0.062419668,0
img_05252_p01_2023,0.0,0.036596686,0
img_05252_p02_2023,0.0,0.071768604,0
img_05305_2023,0.0,0.020940116,0
img_05310_2023,0.0,0.085957386,0
img_05314_2023,0.0,0.21746667,0
img_05311_2023,0.0,0.23920305,0
img_05316_2023,0.0,0.061391763,0
img_05315_2023,0.0,0.142301,0
img_05317_2023,0.0,0.03201307,0
img_05320_2023,0.0,0.39730644,0
img_05319_2023,0.0,0.11680708,0
img_05312_2023,0.0,0.13609001,0
img_05323_2023,0.0,0.18493682,0
img_05324_2023,0.0,0.05560811,0
img_05318_2023,0.0,0.043634187,0
img_05325_2023,0.0,0.08398687,0
img_05328_2023,0.0,0.04470308,0
img_05333_2023,0.0,0.3054055,0
img_05322_2023,0.0,0.29700613,0
img_05327_2023,0.0,0.1027942,0
img_05334_2023,0.0,0.43295166,0
img_05336_2023,0.0,0.5987757,0
img_05330_2023,0.0,0.1160276,0
img_05339_2023,0.0,0.068956114,0
img_05299_p01_2023,0.0,0.059936494,0
img_05299_p02_2023,0.0,0.079806745,0
img_05341_2023,0.0,0.061843276,0
img_05346_2023,0.0,0.14935824,0
img_05345_2023,0.0,0.052288767,0
img_05343_2023,0.0,0.62186897,0
img_05352_2023,0.0,0.1528164,0
img_05349_2023,0.0,0.422594,0
img_05355_2023,0.0,0.25866693,0
img_05356_2023,0.0,0.040537186,0
img_05353_2023,0.0,0.13703479,0
img_05360_2023,0.0,0.11267252,0
img_05361_2023,0.0,0.26344606,0
img_05364_2023,0.0,0.082531534,0
img_05363_2023,0.0,0.1330766,0
img_05365_2023,0.0,0.049660943,0
img_05366_2023,0.0,0.07304899,0
img_05369_2023,0.0,0.21147467,0
img_05362_2023,0.0,0.06440597,0
img_05261_p01_2023,0.0,0.040435873,0
img_05261_p02_2023,0.0,0.042672906,0
img_05261_p03_2023,0.0,0.056354422,0
img_05261_p04_2023,0.0,0.06777626,0
img_05261_p05_2023,0.0,0.06967554,0
img_05261_p06_2023,0.0,0.08490299,0
img_05371_2023,0.0,0.038319472,0
img_05372_2023,0.0,0.5437972,0
img_05370_2023,0.0,0.11275223,0
img_05376_2023,0.0,0.59695446,0
img_05381_2023,0.0,0.029598707,0
img_05377_2023,0.0,0.034033433,0
img_05384_2023,0.0,0.035160363,0
img_05374_2023,0.0,0.17841378,0
img_05386_2023,0.0,0.083756104,0
img_05385_2023,0.0,0.095412396,0
img_05388_2023,0.0,0.034344792,0
img_05387_2023,0.0,0.13015844,0
img_05392_2023,0.0,0.07017213,0
img_05390_2023,0.0,0.09965521,0
img_05395_2023,0.0,0.040959936,0
img_05393_2023,0.0,0.4697366,0
img_05397_2023,0.0,0.35886946,0
img_05399_2023,0.0,0.0540213,0
img_05402_2023,0.0,0.11048016,0
img_05398_2023,0.0,0.55410683,0
img_05401_2023,0.0,0.057198666,0
img_05409_2023,0.0,0.05667761,0
img_05406_2023,0.0,0.060164753,0
img_05404_2023,0.0,0.07286095,0
img_05389_2023,0.0,0.0941251,0
img_05416_2023,0.0,0.053710435,0
img_05426_2023,0.0,0.059958283,0
img_05415_2023,0.0,0.04000765,0
img_05424_2023,0.0,0.046979986,0
img_05425_2023,0.0,0.070547245,0
img_05430_2023,0.0,0.0381084,0
img_05429_2023,0.0,0.21764682,0
img_05433_2023,0.0,0.14074183,0
img_05428_2023,0.0,0.09205928,0
img_05436_2023,0.0,0.06907326,0
img_05441_2023,0.0,0.08449636,0
img_05434_2023,0.0,0.3859101,0
img_05439_2023,0.0,0.07683595,0
img_05442_2023,0.0,0.20954676,0
img_05432_2023,0.0,0.03765879,0
img_05438_2023,0.0,0.04799284,0
img_05431_2023,0.0,0.07070881,0
img_05435_2023,0.0,0.6702646,0
img_05449_2023,0.0,0.03968964,0
img_05446_2023,0.0,0.2505006,0
img_05453_2023,0.0,0.1520366,0
img_05456_2023,0.0,0.076934114,0
img_05455_2023,0.0,0.21827158,0
img_05460_2023,0.0,0.19084045,0
img_05454_2023,0.0,0.11262092,0
img_05462_2023,0.0,0.49941596,0
img_05458_2023,0.0,0.037571315,0
img_05461_2023,0.0,0.08248963,0
img_05464_2023,0.0,0.02613334,0
img_05447_p01_2023,0.0,0.14523591,0
img_05447_p02_2023,0.0,0.065703146,0
img_05467_2023,0.0,0.26274255,0
img_05471_2023,0.0,0.37533608,0
img_05470_2023,0.0,0.043888547,0
img_05474_2023,0.0,0.33565232,0
img_05476_2023,0.0,0.13703015,0
img_05477_2023,0.0,0.09836236,0
img_05472_2023,0.0,0.2543722,0
img_05480_2023,0.0,0.028350353,0
img_05479_2023,0.0,0.07488933,0
img_05478_2023,0.0,0.3607673,0
img_05475_2023,0.0,0.04715488,0
img_05459_p02_2023,0.0,0.02618411,0
img_05468_p01_2023,0.0,0.15635984,0
img_05468_p02_2023,0.0,0.028212266,0
img_05482_2023,0.0,0.03539698,0
img_05487_2023,0.0,0.11857328,0
img_05490_2023,0.0,0.056380596,0
img_05486_2023,0.0,0.97388315,1
img_05489_2023,0.0,0.020689245,0
img_05493_2023,0.0,0.026860505,0
img_05494_2023,0.0,0.22201228,0
img_05497_2023,0.0,0.85732573,1
img_05496_2023,0.0,0.03011335,0
img_05427_p01_2023,0.0,0.036222022,0
img_05427_p02_2023,0.0,0.03930201,0
img_05427_p03_2023,0.0,0.023395889,0
img_05427_p05_2023,0.0,0.041315112,0
img_05427_p06_2023,0.0,0.021709295,0
img_05500_2023,0.0,0.02988726,0
img_05504_2023,0.0,0.04942631,0
img_05501_2023,0.0,0.05690266,0
img_05498_2023,0.0,0.16335247,0
img_05332_p01_2023,0.0,0.029406054,0
img_05332_p02_2023,0.0,0.048597746,0
img_05332_p03_2023,0.0,0.15517436,0
img_05332_p04_2023,0.0,0.05886145,0
img_05332_p05_2023,0.0,0.11522342,0
img_05332_p06_2023,0.0,0.041631684,0
img_05332_p07_2023,0.0,0.54120654,0
img_05332_p08_2023,0.0,0.061446037,0
img_05332_p09_2023,0.0,0.04329051,0
img_05332_p10_2023,0.0,0.041724913,0
img_05499_2023,0.0,0.8176418,1
img_05503_2023,0.0,0.045263976,0
img_05506_2023,0.0,0.032660417,0
img_05512_2023,0.0,0.025104687,0
img_05510_2023,0.0,0.07385874,0
img_05515_2023,0.0,0.62921846,0
img_05513_2023,0.0,0.27981162,0
img_05517_2023,0.0,0.031244444,0
img_05518_2023,0.0,0.08262358,0
img_05514_2023,0.0,0.12169385,0
img_05522_2023,0.0,0.6566729,0
img_05511_2023,0.0,0.5314537,0
img_05520_2023,0.0,0.106086895,0
img_05521_2023,0.0,0.1835918,0
img_05523_2023,0.0,0.047659613,0
img_05495_p01_2023,0.0,0.14868505,0
img_05519_2023,0.0,0.059403185,0
img_05526_2023,0.0,0.20645477,0
img_05524_2023,0.0,0.16571997,0
img_05528_2023,0.0,0.087067425,0
img_05531_2023,0.0,0.02547561,0
img_05527_2023,0.0,0.2418051,0
img_05537_2023,0.0,0.028190613,0
img_05538_2023,0.0,0.18356262,0
img_05321_p01_2023,0.0,0.05916766,0
img_05321_p02_2023,0.0,0.08759765,0
img_05321_p03_2023,0.0,0.0539271,0
img_05321_p04_2023,0.0,0.065406345,0
img_05321_p05_2023,0.0,0.034065507,0
img_05321_p06_2023,0.0,0.049530085,0
img_05321_p07_2023,0.0,0.06849463,0
img_05321_p08_2023,0.0,0.2885878,0
img_05321_p09_2023,0.0,0.059830558,0
img_05321_p10_2023,0.0,0.054478265,0
img_05321_p11_2023,0.0,0.07538885,0
img_05448_p01_2023,0.0,0.07312299,0
img_05448_p02_2023,0.0,0.02897949,0
img_05448_p03_2023,0.0,0.044445496,0
img_05448_p04_2023,0.0,0.6309648,0
img_05543_2023,0.0,0.46189448,0
img_05539_2023,0.0,0.21747628,0
img_05551_2023,0.0,0.098587915,0
img_05548_2023,0.0,0.029011099,0
img_05550_2023,0.0,0.5816465,0
img_05546_2023,0.0,0.059041794,0
img_05547_2023,0.0,0.06500105,0
img_05545_2023,0.0,0.08166105,0
img_05552_2023,0.0,0.3021175,0
img_05553_2023,0.0,0.28164357,0
img_05556_2023,0.0,0.048078075,0
img_05383_p01_2023,0.0,0.022711344,0
img_05383_p02_2023,0.0,0.043686528,0
img_05383_p03_2023,0.0,0.051947456,0
img_05383_p04_2023,0.0,0.06641679,0
img_05383_p05_2023,0.0,0.14162083,0
img_05383_p06_2023,0.0,0.05185378,0
img_05383_p07_2023,0.0,0.045492314,0
img_05383_p08_2023,0.0,0.080239095,0
img_05383_p09_2023,0.0,0.073609374,0
img_05466_p01_2023,0.0,0.026937734,0
img_05466_p02_2023,0.0,0.02566173,0
img_05466_p03_2023,0.0,0.10287224,0
img_05466_p05_2023,0.0,0.065098286,0
img_05466_p06_2023,0.0,0.034923658,0
img_05559_2023,0.0,0.046166413,0
img_05549_2023,0.0,0.033135254,0
img_05564_2023,0.0,0.04585194,0
img_05568_2023,0.0,0.5670031,0
img_05562_2023,0.0,0.6441199,0
img_05569_2023,0.0,0.35302398,0
img_05571_2023,0.0,0.24553537,0
img_05561_2023,0.0,0.27607027,0
img_05567_2023,0.0,0.031301927,0
img_05570_2023,0.0,0.041079402,0
img_05572_2023,0.0,0.05506209,0
img_05573_2023,0.0,0.09839144,0
img_05574_2023,0.0,0.05085453,0
img_05575_2023,0.0,0.028287506,0
img_05580_2023,0.0,0.035453837,0
img_05577_2023,0.0,0.15062228,0
img_05582_2023,0.0,0.2592132,0
img_05578_2023,0.0,0.08295495,0
img_05576_2023,0.0,0.37242058,0
img_05586_2023,0.0,0.28561336,0
img_05585_2023,0.0,0.107233435,0
img_05590_2023,0.0,0.026978029,0
img_05593_2023,0.0,0.6922869,0
img_05451_p03_2023,0.0,0.07297675,0
img_05451_p04_2023,0.0,0.068763226,0
img_05451_p05_2023,0.0,0.038844347,0
img_05451_p07_2023,0.0,0.10788045,0
img_05451_p08_2023,0.0,0.041059345,0
img_05451_p09_2023,0.0,0.5736135,0
img_05592_2023,0.0,0.765117,1
img_05595_2023,0.0,0.17772721,0
img_05587_2023,0.0,0.03298757,0
img_05597_2023,0.0,0.6582217,0
img_05598_2023,0.0,0.6468773,0
img_05589_2023,0.0,0.35523346,0
img_05602_2023,0.0,0.041907564,0
img_05605_2023,0.0,0.08561361,0
img_05604_2023,0.0,0.03813826,0
img_05607_2023,0.0,0.03777339,0
img_05603_2023,0.0,0.054258574,0
img_05608_2023,0.0,0.103962556,0
img_05606_2023,0.0,0.37047768,0
img_05610_2023,0.0,0.025956802,0
img_05600_2023,0.0,0.39861387,0
img_05599_2023,0.0,0.1503597,0
img_05612_2023,0.0,0.035407294,0
img_05613_2023,0.0,0.95778656,1
img_05611_2023,0.0,0.10299026,0
img_05619_2023,0.0,0.096673615,0
img_05617_2023,0.0,0.1317456,0
img_05583_p01_2023,0.0,0.0581007,0
img_05616_2023,0.0,0.3232422,0
img_05622_2023,0.0,0.050396506,0
img_05623_2023,0.0,0.3140214,0
img_05624_2023,0.0,0.07744636,0
img_05625_2023,0.0,0.04624293,0
img_05621_2023,0.0,0.06920115,0
img_05630_2023,0.0,0.10737617,0
img_05633_2023,0.0,0.86960834,1
img_05615_2023,0.0,0.037974693,0
img_05631_2023,0.0,0.77550286,1
img_05638_2023,0.0,0.07133773,0
img_05637_2023,0.0,0.019264547,0
img_05639_2023,0.0,0.24142036,0
img_05640_2023,0.0,0.06726611,0
img_05634_2023,0.0,0.23040995,0
img_05642_2023,0.0,0.13742957,0
img_05645_2023,0.0,0.117682375,0
img_05566_p01_2023,0.0,0.136432,0
img_05566_p02_2023,0.0,0.08695676,0
img_05566_p03_2023,0.0,0.029524654,0
img_05566_p04_2023,0.0,0.09307207,0
img_05646_2023,0.0,0.07608344,0
img_05644_2023,0.0,0.02981414,0
img_05641_2023,0.0,0.23262814,0
img_05635_2023,0.0,0.22334163,0
img_05650_2023,0.0,0.17804196,0
img_05651_2023,0.0,0.10200488,0
img_05653_2023,0.0,0.061787695,0
img_05652_2023,0.0,0.09224025,0
img_05654_2023,0.0,0.067904375,0
img_05620_p01_2023,0.0,0.11759534,0
img_05620_p02_2023,0.0,0.043647688,0
img_05658_2023,0.0,0.40914837,0
img_05664_2023,0.0,0.052262794,0
img_05655_2023,0.0,0.051199045,0
img_05662_2023,0.0,0.31867582,0
img_05659_2023,0.0,0.09338783,0
img_05661_2023,0.0,0.13902001,0
img_05663_2023,0.0,0.10212416,0
img_05668_2023,0.0,0.027759746,0
img_05673_2023,0.0,0.32857415,0
img_05670_2023,0.0,0.2448536,0
img_05676_2023,0.0,0.10982585,0
img_05669_2023,0.0,0.065825246,0
img_05678_2023,0.0,0.08546205,0
img_05681_2023,0.0,0.025501046,0
img_05675_2023,0.0,0.06233757,0
img_05680_2023,0.0,0.037640795,0
img_05684_2023,0.0,0.059943434,0
img_05686_2023,0.0,0.2725467,0
img_05685_2023,0.0,0.04795313,0
img_05687_2023,0.0,0.032057688,0
img_05689_2023,0.0,0.06328661,0
img_05694_2023,0.0,0.08557599,0
img_05693_2023,0.0,0.19856697,0
img_05692_2023,0.0,0.059303,0
img_05698_2023,0.0,0.065989345,0
img_05699_2023,0.0,0.24260299,0
img_05700_2023,0.0,0.1067921,0
img_05697_2023,0.0,0.104074985,0
img_05704_2023,0.0,0.45292547,0
img_05701_2023,0.0,0.42152652,0
img_05707_2023,0.0,0.15977791,0
img_05709_2023,0.0,0.30793372,0
img_05708_2023,0.0,0.33194843,0
img_05688_2023,0.0,0.04374272,0
img_05696_2023,0.0,0.15555847,0
img_05705_2023,0.0,0.03163863,0
img_05712_2023,0.0,0.105124354,0
img_05719_2023,0.0,0.058506366,0
img_05714_2023,0.0,0.83283895,1
img_05717_2023,0.0,0.22194518,0
img_05720_2023,0.0,0.07339148,0
img_05723_2023,0.0,0.2939718,0
img_05725_2023,0.0,0.12826513,0
img_05718_2023,0.0,0.23008697,0
img_05724_2023,0.0,0.23165645,0
img_05721_2023,0.0,0.0639949,0
img_05726_2023,0.0,0.027411986,0
img_05722_2023,0.0,0.10836282,0
img_05728_2023,0.0,0.23395191,0
img_05731_2023,0.0,0.10475973,0
img_05735_2023,0.0,0.07908128,0
img_05727_2023,0.0,0.03649252,0
img_05716_2023,0.0,0.3884424,0
img_05733_2023,0.0,0.07022541,0
img_05729_2023,0.0,0.32759413,0
img_05738_2023,0.0,0.3395788,0
img_05732_2023,0.0,0.036132544,0
img_05742_2023,0.0,0.054707002,0
img_05730_2023,0.0,0.1160145,0
img_05741_2023,0.0,0.23591864,0
img_05749_2023,0.0,0.29685414,0
img_05744_2023,0.0,0.29328284,0
img_05747_2023,0.0,0.049592406,0
img_05752_2023,0.0,0.12273309,0
img_05751_2023,0.0,0.33844623,0
img_05748_2023,0.0,0.032273635,0
img_05745_2023,0.0,0.16113259,0
img_05746_2023,0.0,0.68861574,0
img_05750_2023,0.0,0.30655155,0
img_05755_2023,0.0,0.5843653,0
img_05758_2023,0.0,0.031318393,0
img_05754_2023,0.0,0.029122328,0
img_05757_2023,0.0,0.047443207,0
img_05759_2023,0.0,0.34203133,0
img_05762_2023,0.0,0.9358779,1
img_05760_2023,0.0,0.2489687,0
img_05765_2023,0.0,0.054532528,0
img_05768_2023,0.0,0.5984771,0
img_05769_2023,0.0,0.096168734,0
img_05771_2023,0.0,0.1189546,0
img_05772_2023,0.0,0.08134441,0
img_05770_2023,0.0,0.036915705,0
img_05773_2023,0.0,0.06185803,0
img_05775_2023,0.0,0.048766285,0
img_05774_2023,0.0,0.08482221,0
img_05779_2023,0.0,0.039861728,0
img_05784_2023,0.0,0.40580273,0
img_05780_2023,0.0,0.0344802,0
img_05782_2023,0.0,0.06885134,0
img_05781_2023,0.0,0.5731678,0
img_05785_2023,0.0,0.060012866,0
img_05788_2023,0.0,0.12568349,0
img_05787_2023,0.0,0.299988,0
img_05789_2023,0.0,0.110933796,0
img_05786_2023,0.0,0.05783648,0
img_05791_2023,0.0,0.060563836,0
img_05795_2023,0.0,0.6886581,0
img_05790_2023,0.0,0.019833222,0
img_05778_2023,0.0,0.1306422,0
img_05793_2023,0.0,0.6272579,0
img_05797_2023,0.0,0.23536484,0
img_05800_2023,0.0,0.1652737,0
img_05802_2023,0.0,0.12098985,0
img_05808_2023,0.0,0.07106908,0
img_05806_2023,0.0,0.10995539,0
img_05803_2023,0.0,0.03676374,0
img_05810_2023,0.0,0.05824731,0
img_05813_2023,0.0,0.6083001,0
img_05812_2023,0.0,0.059809346,0
img_05811_2023,0.0,0.04672795,0
img_05804_2023,0.0,0.06818393,0
img_05815_2023,0.0,0.033975095,0
img_05817_2023,0.0,0.08456116,0
img_05703_p01_2023,0.0,0.13257131,0
img_05703_p02_2023,0.0,0.06428712,0
img_05703_p03_2023,0.0,0.11015267,0
img_05703_p04_2023,0.0,0.19144876,0
img_05703_p05_2023,0.0,0.07710236,0
img_05703_p06_2023,0.0,0.042460065,0
img_05821_2023,0.0,0.6456195,0
img_05822_2023,0.0,0.20166242,0
img_05819_2023,0.0,0.46440494,0
img_05814_2023,0.0,0.091267966,0
img_05823_2023,0.0,0.13349813,0
img_05828_2023,0.0,0.025501383,0
img_05827_2023,0.0,0.15843402,0
img_05829_2023,0.0,0.42391706,0
img_05826_2023,0.0,0.08862639,0
img_05836_2023,0.0,0.06443545,0
img_05839_2023,0.0,0.060581844,0
img_05838_2023,0.0,0.1517893,0
img_05831_2023,0.0,0.07162508,0
img_05834_2023,0.0,0.13914496,0
img_05846_2023,0.0,0.06720201,0
img_05843_2023,0.0,0.5429463,0
img_05850_2023,0.0,0.06958181,0
img_05848_2023,0.0,0.028784588,0
img_05847_2023,0.0,0.03279361,0
img_05825_p01_2023,0.0,0.042803787,0
img_05825_p02_2023,0.0,0.075813614,0
img_05844_2023,0.0,0.09202519,0
img_05854_2023,0.0,0.18982819,0
img_05851_2023,0.0,0.55111825,0
img_05855_2023,0.0,0.1343126,0
img_05858_2023,0.0,0.15117474,0
img_05861_2023,0.0,0.06351819,0
img_05863_2023,0.0,0.07292219,0
img_05867_2023,0.0,0.02983082,0
img_05862_2023,0.0,0.028367234,0
img_05870_2023,0.0,0.17654377,0
img_05871_2023,0.0,0.04711204,0
img_05869_2023,0.0,0.12878345,0
img_05873_2023,0.0,0.6628628,0
img_05878_2023,0.0,0.59099454,0
img_05875_2023,0.0,0.09482673,0
img_05866_2023,0.0,0.062312808,0
img_05877_2023,0.0,0.07329956,0
img_05876_2023,0.0,0.07409819,0
img_05885_2023,0.0,0.03355972,0
img_05799_p01_2023,0.0,0.059577897,0
img_05799_p02_2023,0.0,0.11849277,0
img_05799_p03_2023,0.0,0.11049055,0
img_05799_p04_2023,0.0,0.043833554,0
img_05881_2023,0.0,0.17407897,0
img_05890_2023,0.0,0.31962284,0
img_05891_2023,0.0,0.08577757,0
img_05887_2023,0.0,0.4728326,0
img_05892_2023,0.0,0.11931899,0
img_05888_2023,0.0,0.27734548,0
img_05886_2023,0.0,0.116723225,0
img_05893_2023,0.0,0.10784127,0
img_05889_2023,0.0,0.050015837,0
img_05868_p01_2023,0.0,0.20955527,0
img_05868_p02_2023,0.0,0.031355515,0
img_05897_2023,0.0,0.0792564,0
img_05896_2023,0.0,0.05541469,0
img_05883_2023,0.0,0.13716686,0
img_05900_2023,0.0,0.20722526,0
img_05901_2023,0.0,0.05273505,0
img_05903_2023,0.0,0.0351689,0
img_05908_2023,0.0,0.034198456,0
img_05906_2023,0.0,0.10680402,0
img_05912_2023,0.0,0.19802217,0
img_05911_2023,0.0,0.100124955,0
img_05914_2023,0.0,0.18525872,0
img_05915_2023,0.0,0.0386279,0
img_05902_2023,0.0,0.1477821,0
img_05919_2023,0.0,0.027187625,0
img_05682_p01_2023,0.0,0.07304394,0
img_05682_p02_2023,0.0,0.03761773,0
img_05682_p03_2023,0.0,0.037430596,0
img_05682_p04_2023,0.0,0.057443146,0
img_05682_p05_2023,0.0,0.03691449,0
img_05682_p06_2023,0.0,0.06735259,0
img_05682_p08_2023,0.0,0.04424312,0
img_05682_p09_2023,0.0,0.29300594,0
img_05682_p10_2023,0.0,0.09449274,0
img_05682_p11_2023,0.0,0.3001563,0
img_05920_2023,0.0,0.5088471,0
img_05922_2023,0.0,0.084798716,0
img_05926_2023,0.0,0.59035224,0
img_05923_2023,0.0,0.064139985,0
img_05928_2023,0.0,0.03552419,0
img_05927_2023,0.0,0.04522136,0
img_05930_2023,0.0,0.15915701,0
img_05924_2023,0.0,0.022517622,0
img_05934_2023,0.0,0.31023732,0
img_05938_2023,0.0,0.09405078,0
img_05936_2023,0.0,0.35168815,0
img_05929_2023,0.0,0.31557143,0
img_05944_2023,0.0,0.5856633,0
img_05946_2023,0.0,0.06699403,0
img_05947_2023,0.0,0.057955615,0
img_05895_p01_2023,0.0,0.04067933,0
img_05895_p02_2023,0.0,0.059332766,0
img_05895_p03_2023,0.0,0.2263276,0
img_05895_p04_2023,0.0,0.096994795,0
img_05943_2023,0.0,0.32096362,0
img_05942_2023,0.0,0.038811773,0
img_05949_2023,0.0,0.03734179,0
img_05951_2023,0.0,0.08042707,0
img_05953_2023,0.0,0.024950234,0
img_05948_2023,0.0,0.038120333,0
img_05957_2023,0.0,0.102008045,0
img_05959_2023,0.0,0.5011828,0
img_05960_2023,0.0,0.27765417,0
img_05961_2023,0.0,0.23210074,0
img_05962_2023,0.0,0.13676843,0
img_05952_2023,0.0,0.07071798,0
img_05945_2023,0.0,0.026592718,0
img_05964_2023,0.0,0.11626156,0
img_05907_p01_2023,0.0,0.5065957,0
img_05907_p02_2023,0.0,0.08496215,0
img_05907_p03_2023,0.0,0.1310279,0
img_05907_p04_2023,0.0,0.048217952,0
img_05955_2023,0.0,0.0388538,0
img_05963_2023,0.0,0.24857624,0
img_05966_2023,0.0,0.030071944,0
img_05965_2023,0.0,0.08405028,0
img_05970_2023,0.0,0.22100952,0
img_05976_2023,0.0,0.043913953,0
img_05971_2023,0.0,0.6481871,0
img_05975_2023,0.0,0.2150035,0
img_05972_2023,0.0,0.6600501,0
img_05979_2023,0.0,0.4904069,0
img_05967_2023,0.0,0.13562219,0
img_05981_2023,0.0,0.09839231,0
img_05985_2023,0.0,0.09635107,0
img_05983_2023,0.0,0.039661963,0
img_05982_2023,0.0,0.059027743,0
img_05980_2023,0.0,0.033284802,0
img_05925_p01_2023,0.0,0.024661873,0
img_05925_p02_2023,0.0,0.081319086,0
img_05925_p03_2023,0.0,0.09153814,0
img_05984_2023,0.0,0.05377854,0
img_05978_2023,0.0,0.049862042,0
img_05988_2023,0.0,0.45495108,0
img_05987_2023,0.0,0.15842088,0
img_05991_2023,0.0,0.5997554,0
img_05994_2023,0.0,0.054482922,0
img_05993_2023,0.0,0.095554784,0
img_05990_2023,0.0,0.02712723,0
img_05995_2023,0.0,0.098471,0
img_05992_2023,0.0,0.11408318,0
img_05997_2023,0.0,0.17221606,0
img_05996_2023,0.0,0.049057253,0
img_05999_2023,0.0,0.42938456,0
img_06003_2023,0.0,0.23306029,0
img_06002_2023,0.0,0.20122486,0
img_06001_2023,0.0,0.55672175,0
img_06007_2023,0.0,0.11219382,0
img_06008_2023,0.0,0.048615612,0
img_06006_2023,0.0,0.019683903,0
img_06005_2023,0.0,0.03707872,0
img_06009_2023,0.0,0.34281865,0
img_05998_2023,0.0,0.08250598,0
img_06013_2023,0.0,0.4018772,0
img_06010_2023,0.0,0.38402006,0
img_06012_2023,0.0,0.049936,0
img_06011_2023,0.0,0.060656894,0
img_06016_2023,0.0,0.18597415,0
img_06017_2023,0.0,0.08216837,0
img_06021_2023,0.0,0.3740521,0
img_06014_2023,0.0,0.104971915,0
img_06018_2023,0.0,0.07373378,0
img_06020_2023,0.0,0.28122705,0
img_06023_2023,0.0,0.03385176,0
img_06022_2023,0.0,0.060843866,0
img_06026_2023,0.0,0.032578364,0
img_06024_2023,0.0,0.049648102,0
img_06029_2023,0.0,0.067628264,0
img_06028_2023,0.0,0.1757031,0
img_06030_2023,0.0,0.1464666,0
img_06031_2023,0.0,0.16062012,0
img_06032_2023,0.0,0.043553956,0
img_06034_2023,0.0,0.04306047,0
img_06033_2023,0.0,0.13238512,0
img_06039_2023,0.0,0.07429829,0
img_05989_p01_2023,0.0,0.23480485,0
img_05989_p02_2023,0.0,0.09401339,0
img_05974_p01_2023,0.0,0.06981072,0
img_05974_p02_2023,0.0,0.052297767,0
img_05974_p03_2023,0.0,0.03470995,0
img_05974_p04_2023,0.0,0.1512622,0
img_06041_2023,0.0,0.63666177,0
img_06040_2023,0.0,0.13104597,0
img_06037_2023,0.0,0.029131223,0
img_06042_2023,0.0,0.2834327,0
img_06036_2023,0.0,0.11176209,0
img_06043_2023,0.0,0.79728204,1
img_06045_2023,0.0,0.06256015,0
img_06050_2023,0.0,0.13615575,0
img_06004_p01_2023,0.0,0.17271909,0
img_06004_p02_2023,0.0,0.15897717,0
img_06004_p03_2023,0.0,0.07069058,0
img_06004_p04_2023,0.0,0.03940083,0
img_06054_2023,0.0,0.07864135,0
img_06053_2023,0.0,0.06543051,0
img_06051_2023,0.0,0.1424859,0
img_06060_2023,0.0,0.024979953,0
img_06058_2023,0.0,0.36912027,0
img_06061_2023,0.0,0.66661006,0
img_06063_2023,0.0,0.03397488,0
img_06062_2023,0.0,0.5955819,0
img_06052_2023,0.0,0.119833104,0
img_06065_2023,0.0,0.075218834,0
img_06069_2023,0.0,0.31300583,0
img_06057_2023,0.0,0.04692752,0
img_06070_2023,0.0,0.08371184,0
img_06072_2023,0.0,0.025986537,0
img_06071_2023,0.0,0.06426416,0
img_06073_2023,0.0,0.08090745,0
img_06077_2023,0.0,0.29500633,0
img_06074_2023,0.0,0.13636082,0
img_06078_2023,0.0,0.046645157,0
img_06080_2023,0.0,0.14169556,0
img_06076_2023,0.0,0.30530405,0
img_06085_2023,0.0,0.17062739,0
img_06087_2023,0.0,0.4378321,0
img_06066_p01_2023,0.0,0.02251303,0
img_06066_p02_2023,0.0,0.19310103,0
img_06092_2023,0.0,0.17210495,0
img_06081_2023,0.0,0.044799317,0
img_06094_2023,0.0,0.6002863,0
img_06083_2023,0.0,0.029851202,0
img_06088_2023,0.0,0.051048987,0
img_06095_2023,0.0,0.2884176,0
img_06097_2023,0.0,0.060672928,0
img_06101_2023,0.0,0.105983816,0
img_06098_2023,0.0,0.4261354,0
img_06099_2023,0.0,0.20442034,0
img_06106_2023,0.0,0.35528883,0
img_06109_2023,0.0,0.06842235,0
img_06102_2023,0.0,0.042237848,0
img_06111_2023,0.0,0.14738207,0
img_05933_p01_2023,0.0,0.059569936,0
img_05933_p02_2023,0.0,0.049040426,0
img_05933_p03_2023,0.0,0.035210706,0
img_05933_p04_2023,0.0,0.025273887,0
img_05933_p05_2023,0.0,0.04591238,0
img_05933_p06_2023,0.0,0.038615216,0
img_05933_p07_2023,0.0,0.06023301,0
img_05933_p08_2023,0.0,0.041784696,0
img_05933_p09_2023,0.0,0.08903843,0
img_06103_2023,0.0,0.41094887,0
img_06107_2023,0.0,0.04734009,0
img_06104_2023,0.0,0.04786656,0
img_06113_2023,0.0,0.38536108,0
img_06114_2023,0.0,0.05617391,0
img_06108_2023,0.0,0.27334833,0
img_06116_2023,0.0,0.030286662,0
img_06110_2023,0.0,0.05841983,0
img_06121_2023,0.0,0.080864824,0
img_06128_2023,0.0,0.077671506,0
img_06124_2023,0.0,0.0750389,0
img_06068_p02_2023,0.0,0.308387,0
img_06131_2023,0.0,0.03293756,0
img_06136_2023,0.0,0.01906313,0
img_06135_2023,0.0,0.09194201,0
img_06140_2023,0.0,0.058812693,0
img_06142_2023,0.0,0.28136066,0
img_06137_2023,0.0,0.88887286,1
img_06118_p01_2023,0.0,0.024825405,0
img_06118_p02_2023,0.0,0.023096133,0
img_06149_2023,0.0,0.9035742,1
img_06151_2023,0.0,0.23898637,0
img_06153_2023,0.0,0.02523463,0
img_06150_2023,0.0,0.3168054,0
img_06157_2023,0.0,0.20926085,0
img_06154_2023,0.0,0.10589654,0
img_06158_2023,0.0,0.8311693,1
img_06156_2023,0.0,0.043701623,0
img_06161_2023,0.0,0.57136756,0
img_06148_p01_2023,0.0,0.07500252,0
img_06148_p02_2023,0.0,0.6480329,0
img_06152_p01_2023,0.0,0.07275772,0
img_06152_p02_2023,0.0,0.94437367,1
img_06163_2023,0.0,0.033699818,0
img_06139_p01_2023,0.0,0.032702595,0
img_06139_p02_2023,0.0,0.5375507,0
img_06139_p03_2023,0.0,0.60661876,0
img_06164_2023,0.0,0.082672715,0
img_06166_2023,0.0,0.027739484,0
img_06162_2023,0.0,0.073954165,0
img_06160_2023,0.0,0.13265187,0
img_06174_2023,0.0,0.02590485,0
img_06179_2023,0.0,0.51055926,0
img_06173_2023,0.0,0.3001894,0
img_06168_p01_2023,0.0,0.022284862,0
img_06168_p02_2023,0.0,0.056168202,0
img_06182_2023,0.0,0.62403953,0
img_06187_2023,0.0,0.034918293,0
img_06181_2023,0.0,0.05413941,0
img_06185_2023,0.0,0.036214672,0
img_06186_2023,0.0,0.5541053,0
img_05674_p02_2023,0.0,0.2951238,0
img_05674_p03_2023,0.0,0.06593072,0
img_05674_p04_2023,0.0,0.06296717,0
img_05674_p06_2023,0.0,0.042825487,0
img_05674_p08_2023,0.0,0.06655764,0
img_05674_p09_2023,0.0,0.0515027,0
img_05674_p10_2023,0.0,0.03911851,0
img_05674_p11_2023,0.0,0.02873997,0
img_05674_p12_2023,0.0,0.044565547,0
img_05674_p13_2023,0.0,0.07745097,0
img_05674_p14_2023,0.0,0.82337403,1
img_05674_p15_2023,0.0,0.08808408,0
img_05674_p16_2023,0.0,0.0381591,0
img_05674_p17_2023,0.0,0.06417753,0
img_05674_p18_2023,0.0,0.06943967,0
img_05674_p19_2023,0.0,0.030755116,0
img_05674_p20_2023,0.0,0.046628457,0
img_05674_p21_2023,0.0,0.08927807,0
img_05674_p22_2023,0.0,0.032163348,0
img_05674_p23_2023,0.0,0.035455808,0
img_05674_p24_2023,0.0,0.11554949,0
img_05674_p25_2023,0.0,0.05705629,0
img_06189_2023,0.0,0.21267444,0
img_06199_2023,0.0,0.29148775,0
img_06196_2023,0.0,0.029828627,0
img_06197_2023,0.0,0.3308319,0
img_06202_2023,0.0,0.40334576,0
img_06193_2023,0.0,0.1924979,0
img_06204_2023,0.0,0.028320989,0
img_06207_2023,0.0,0.04832506,0
img_06214_2023,0.0,0.26889685,0
img_06212_2023,0.0,0.16312651,0
img_06218_2023,0.0,0.05316079,0
img_06192_p01_2023,0.0,0.0394842,0
img_06192_p02_2023,0.0,0.022542767,0
img_06226_2023,0.0,0.07995614,0
img_06220_2023,0.0,0.7172065,0
img_06195_p01_2023,0.0,0.022698276,0
img_06195_p02_2023,0.0,0.22069186,0
img_06223_2023,0.0,0.033716008,0
img_06127_p01_2023,0.0,0.017192775,0
img_06127_p02_2023,0.0,0.024243651,0
img_06127_p03_2023,0.0,0.016886922,0
img_06238_2023,0.0,0.04698807,0
img_06240_2023,0.0,0.3325517,0
img_06235_2023,0.0,0.040042646,0
img_06236_2023,0.0,0.039152622,0
img_06241_2023,0.0,0.1401368,0
img_06231_2023,0.0,0.18109348,0
img_06234_2023,0.0,0.5461886,0
img_06245_2023,0.0,0.14112115,0
img_06244_2023,0.0,0.13744958,0
img_06217_p01_2023,0.0,0.052441493,0
img_06217_p02_2023,0.0,0.04028147,0
img_06228_p01_2023,0.0,0.15207212,0
img_06228_p02_2023,0.0,0.23025356,0
img_06249_2023,0.0,0.09685729,0
img_06246_2023,0.0,0.12856825,0
img_06229_p01_2023,0.0,0.26733145,0
img_06229_p02_2023,0.0,0.44321847,0
img_06253_2023,0.0,0.03422755,0
img_06255_2023,0.0,0.17510433,0
img_06256_2023,0.0,0.3671106,0
img_06251_2023,0.0,0.034333933,0
img_06252_2023,0.0,0.065496065,0
img_06260_2023,0.0,0.082457796,0
img_06259_2023,0.0,0.04506531,0
img_06257_2023,0.0,0.030561423,0
img_06263_2023,0.0,0.6585389,0
img_06269_2023,0.0,0.049898278,0
img_06272_2023,0.0,0.49306455,0
img_06270_2023,0.0,0.023319367,0
img_06266_2023,0.0,0.07121041,0
img_06273_2023,0.0,0.040518284,0
img_06211_p01_2023,0.0,0.031337533,0
img_06211_p02_2023,0.0,0.040007826,0
img_06211_p03_2023,0.0,0.035859935,0
img_06211_p04_2023,0.0,0.15178041,0
img_06277_2023,0.0,0.037097476,0
img_06278_2023,0.0,0.105694085,0
img_06282_2023,0.0,0.12770861,0
img_06283_2023,0.0,0.122085586,0
img_06248_p01_2023,0.0,0.10554375,0
img_06248_p02_2023,0.0,0.074428044,0
img_06248_p03_2023,0.0,0.46797425,0
img_06248_p04_2023,0.0,0.03943292,0
img_06280_2023,0.0,0.0580978,0
img_06284_2023,0.0,0.07601943,0
img_06286_2023,0.0,0.84585416,1
img_06291_2023,0.0,0.20021519,0
img_06289_2023,0.0,0.30232567,0
img_06294_2023,0.0,0.044410463,0
img_06295_2023,0.0,0.291008,0
img_06301_2023,0.0,0.039933138,0
img_06297_2023,0.0,0.14102997,0
img_06296_2023,0.0,0.24177076,0
img_06302_2023,0.0,0.10177688,0
img_06307_2023,0.0,0.09123309,0
img_05065_p01_2023,0.0,0.035277985,0
img_05065_p02_2023,0.0,0.11740191,0
img_05065_p03_2023,0.0,0.23075795,0
img_05065_p05_2023,0.0,0.039604835,0
img_05065_p06_2023,0.0,0.12105936,0
img_05065_p07_2023,0.0,0.040616944,0
img_05065_p08_2023,0.0,0.078579746,0
img_05065_p10_2023,0.0,0.05888898,0
img_05065_p11_2023,0.0,0.048914395,0
img_05065_p12_2023,0.0,0.037960846,0
img_05065_p13_2023,0.0,0.07184911,0
img_05065_p14_2023,0.0,0.10318169,0
img_05065_p16_2023,0.0,0.07232139,0
img_05065_p19_2023,0.0,0.09454414,0
img_05065_p20_2023,0.0,0.19317229,0
img_05065_p21_2023,0.0,0.19040327,0
img_05065_p24_2023,0.0,0.030995654,0
img_05065_p28_2023,0.0,0.0612322,0
img_05065_p29_2023,0.0,0.038555197,0
img_05065_p37_2023,0.0,0.0688517,0
img_05065_p39_2023,0.0,0.08219159,0
img_05065_p48_2023,0.0,0.25374216,0
img_05065_p51_2023,0.0,0.30362555,0
img_05065_p52_2023,0.0,0.064828396,0
img_06312_2023,0.0,0.025209572,0
img_06311_2023,0.0,0.07719637,0
img_06309_2023,0.0,0.04076492,0
img_06320_2023,0.0,0.05081221,0
img_06322_2023,0.0,0.60891265,0
img_06323_2023,0.0,0.043379758,0
img_06325_2023,0.0,0.61840725,0
img_06328_2023,0.0,0.04391086,0
img_06327_2023,0.0,0.17468615,0
img_06331_2023,0.0,0.22279023,0
img_06329_2023,0.0,0.072941326,0
img_06338_2023,0.0,0.048769817,0
img_06340_2023,0.0,0.018581515,0
img_06339_2023,0.0,0.49541977,0
img_06347_2023,0.0,0.36884797,0
img_06341_2023,0.0,0.17499246,0
img_06254_p01_2023,0.0,0.22914295,0
img_06254_p02_2023,0.0,0.43286622,0
img_06254_p03_2023,0.0,0.044200294,0
img_06254_p04_2023,0.0,0.24311784,0
img_06352_2023,0.0,0.1044711,0
img_06353_2023,0.0,0.5088627,0
img_06349_2023,0.0,0.122105144,0
img_06358_2023,0.0,0.16247587,0
img_06354_2023,0.0,0.031211477,0
img_06350_2023,0.0,0.35527697,0
img_06355_2023,0.0,0.025050214,0
img_06367_2023,0.0,0.44121867,0
img_06368_2023,0.0,0.03169054,0
img_06363_2023,0.0,0.4175739,0
img_06271_p01_2023,0.0,0.15258212,0
img_06271_p02_2023,0.0,0.04859087,0
img_06271_p03_2023,0.0,0.16779383,0
img_06271_p04_2023,0.0,0.1628483,0
img_06271_p05_2023,0.0,0.044923827,0
img_06271_p06_2023,0.0,0.10675012,0
img_06370_2023,0.0,0.6144269,0
img_06366_2023,0.0,0.16341893,0
img_06372_2023,0.0,0.48584783,0
img_06364_2023,0.0,0.06408641,0
img_06365_2023,0.0,0.06493923,0
img_06375_2023,0.0,0.05742966,0
img_06382_2023,0.0,0.14900964,0
img_06380_2023,0.0,0.082458846,0
img_06369_2023,0.0,0.40999052,0
img_06048_p01_2023,0.0,0.6298046,0
img_06048_p02_2023,0.0,0.13626568,0
img_06048_p03_2023,0.0,0.025772948,0
img_06048_p04_2023,0.0,0.038593914,0
img_06048_p05_2023,0.0,0.09747181,0
img_06048_p06_2023,0.0,0.21193111,0
img_06048_p07_2023,0.0,0.16643336,0
img_06048_p09_2023,0.0,0.050001327,0
img_06048_p10_2023,0.0,0.06889389,0
img_06048_p11_2023,0.0,0.04630007,0
img_06048_p12_2023,0.0,0.09300659,0
img_06048_p14_2023,0.0,0.13102686,0
img_06048_p15_2023,0.0,0.022391733,0
img_06048_p16_2023,0.0,0.030292423,0
img_06048_p17_2023,0.0,0.04335056,0
img_06048_p19_2023,0.0,0.026781613,0
img_06048_p20_2023,0.0,0.06859281,0
img_06048_p21_2023,0.0,0.06002517,0
img_06385_2023,0.0,0.22191173,0
img_06387_2023,0.0,0.11689174,0
img_06390_2023,0.0,0.029683677,0
img_06392_2023,0.0,0.026527464,0
img_06391_2023,0.0,0.6711483,0
img_06356_p01_2023,0.0,0.10791283,0
img_06356_p02_2023,0.0,0.34023002,0
img_06356_p03_2023,0.0,0.7488251,1
img_06356_p04_2023,0.0,0.07382772,0
img_06395_2023,0.0,0.11201713,0
img_06400_2023,0.0,0.14064269,0
img_06398_2023,0.0,0.048413582,0
img_06396_2023,0.0,0.06278698,0
img_06393_p01_2023,0.0,0.2766987,0
img_06393_p02_2023,0.0,0.59013146,0
img_06268_p03_2023,0.0,0.016837563,0
img_06268_p05_2023,0.0,0.06082398,0
img_06268_p08_2023,0.0,0.14022237,0
img_06412_2023,0.0,0.080093,0
img_06410_2023,0.0,0.11061115,0
img_06408_2023,0.0,0.08032955,0
img_06404_2023,0.0,0.6646607,0
img_06419_2023,0.0,0.03579034,0
img_06422_2023,0.0,0.05384316,0
img_06427_2023,0.0,0.022801591,0
img_06429_2023,0.0,0.42372203,0
img_06420_2023,0.0,0.024002044,0
img_06426_2023,0.0,0.3363595,0
img_06428_2023,0.0,0.28788477,0
img_06432_2023,0.0,0.40570736,0
img_06431_2023,0.0,0.019646296,0
img_06439_2023,0.0,0.052832603,0
img_06440_2023,0.0,0.6885753,0
img_06445_2023,0.0,0.036412142,0
img_06451_2023,0.0,0.7667579,1
img_06453_2023,0.0,0.19232586,0
img_06455_2023,0.0,0.33650422,0
img_06454_2023,0.0,0.13232331,0
img_06456_2023,0.0,0.12252791,0
img_06459_2023,0.0,0.42509872,0
img_06384_p01_2023,0.0,0.636083,0
img_06384_p02_2023,0.0,0.102075,0
img_06384_p03_2023,0.0,0.07024754,0
img_06463_2023,0.0,0.12497095,0
img_06457_2023,0.0,0.39503244,0
img_06465_2023,0.0,0.021606712,0
img_06461_2023,0.0,0.05001193,0
img_06466_2023,0.0,0.54384047,0
img_06467_2023,0.0,0.1592727,0
img_06460_2023,0.0,0.056179807,0
img_06470_2023,0.0,0.30300906,0
img_06476_2023,0.0,0.11526584,0
img_06475_2023,0.0,0.78418875,1
img_06478_2023,0.0,0.09050496,0
img_06481_2023,0.0,0.13797134,0
img_06477_2023,0.0,0.1344573,0
img_06482_2023,0.0,0.036992762,0
img_06485_2023,0.0,0.27380437,0
img_06474_2023,0.0,0.04778649,0
img_06496_2023,0.0,0.13971648,0
img_06490_2023,0.0,0.07383455,0
img_06498_2023,0.0,0.53478533,0
img_06494_2023,0.0,0.10072584,0
img_06462_p01_2023,0.0,0.03463419,0
img_06462_p02_2023,0.0,0.03545478,0
img_06462_p03_2023,0.0,0.21313341,0
img_06462_p04_2023,0.0,0.024532797,0
img_06505_2023,0.0,0.15111625,0
img_06509_2023,0.0,0.12695369,0
img_06504_2023,0.0,0.09814211,0
img_06510_2023,0.0,0.0546727,0
img_06508_2023,0.0,0.07041738,0
img_06513_2023,0.0,0.46855655,0
img_06519_2023,0.0,0.09602543,0
img_06517_2023,0.0,0.45538723,0
img_06521_2023,0.0,0.07317913,0
img_06526_2023,0.0,0.026811328,0
img_06522_2023,0.0,0.06746113,0
img_06528_2023,0.0,0.06685161,0
img_06511_p01_2023,0.0,0.26185355,0
img_06511_p02_2023,0.0,0.9249529,1
img_06530_2023,0.0,0.07167214,0
img_06529_2023,0.0,0.094652504,0
img_06531_2023,0.0,0.5727581,0
img_06535_2023,0.0,0.028827142,0
img_06376_p02_2023,0.0,0.675972,0
img_06376_p03_2023,0.0,0.031807788,0
img_06376_p04_2023,0.0,0.04282138,0
img_06376_p05_2023,0.0,0.08181169,0
img_06376_p06_2023,0.0,0.10140355,0
img_06376_p07_2023,0.0,0.075562775,0
img_06376_p08_2023,0.0,0.085337184,0
img_06376_p09_2023,0.0,0.10763096,0
img_06540_2023,0.0,0.03497268,0
img_06538_2023,0.0,0.1284506,0
img_06545_2023,0.0,0.36743835,0
img_06542_2023,0.0,0.03852206,0
img_06546_2023,0.0,0.5992044,0
img_06514_p01_2023,0.0,0.08061938,0
img_06514_p02_2023,0.0,0.049797438,0
img_06550_2023,0.0,0.03432359,0
img_06552_2023,0.0,0.04086026,0
img_06551_2023,0.0,0.076520085,0
img_06555_2023,0.0,0.15025216,0
img_06554_2023,0.0,0.111323655,0
img_06560_2023,0.0,0.08159964,0
img_06562_2023,0.0,0.07822351,0
img_06568_2023,0.0,0.02642185,0
img_06574_2023,0.0,0.08892362,0
img_06564_2023,0.0,0.050873317,0
img_06575_2023,0.0,0.053832956,0
img_06580_2023,0.0,0.15712428,0
img_06581_2023,0.0,0.15831469,0
img_06582_2023,0.0,0.33279985,0
img_06576_2023,0.0,0.08099252,0
img_06586_2023,0.0,0.038494624,0
img_06584_2023,0.0,0.04818592,0
img_06589_2023,0.0,0.50042623,0
img_06588_2023,0.0,0.031819265,0
img_06593_2023,0.0,0.112560935,0
img_06597_2023,0.0,0.075503714,0
img_06598_2023,0.0,0.5004603,0
img_06600_2023,0.0,0.06642374,0
img_06603_2023,0.0,0.96605575,1
img_06265_p03_2023,0.0,0.021838674,0
img_06265_p04_2023,0.0,0.15879719,0
img_06265_p05_2023,0.0,0.6368275,0
img_06265_p08_2023,0.0,0.022831103,0
img_06265_p09_2023,0.0,0.05681213,0
img_06265_p10_2023,0.0,0.2520573,0
img_06265_p13_2023,0.0,0.043370605,0
img_06265_p14_2023,0.0,0.12762901,0
img_06605_2023,0.0,0.12263714,0
img_06608_2023,0.0,0.11726568,0
img_06607_2023,0.0,0.44024557,0
img_06609_2023,0.0,0.062176406,0
img_06614_2023,0.0,0.23852716,0
img_06616_2023,0.0,0.044858538,0
img_06618_2023,0.0,0.5481557,0
img_06613_2023,0.0,0.12231073,0
img_06615_2023,0.0,0.09128707,0
img_06611_p01_2023,0.0,0.02719663,0
img_06611_p02_2023,0.0,0.03817298,0
img_06590_p01_2023,0.0,0.076333195,0
img_06590_p02_2023,0.0,0.052694455,0
img_06590_p03_2023,0.0,0.045120336,0
img_06590_p04_2023,0.0,0.041701417,0
img_06628_2023,0.0,0.86764145,1
img_06630_2023,0.0,0.057173897,0
img_06632_2023,0.0,0.056937214,0
img_06635_2023,0.0,0.34919757,0
img_06622_p01_2023,0.0,0.09291238,0
img_06622_p02_2023,0.0,0.10299951,0
img_06636_2023,0.0,0.056395236,0
img_06640_2023,0.0,0.90499115,1
img_06637_2023,0.0,0.1321653,0
img_06596_p01_2023,0.0,0.31432086,0
img_06596_p02_2023,0.0,0.11061139,0
img_06596_p03_2023,0.0,0.037462093,0
img_06596_p04_2023,0.0,0.34346208,0
img_06645_2023,0.0,0.049312223,0
img_06648_2023,0.0,0.07484441,0
img_06646_2023,0.0,0.5281574,0
img_06651_2023,0.0,0.048836656,0
img_06650_2023,0.0,0.23222479,0
img_06647_2023,0.0,0.043720994,0
img_06652_2023,0.0,0.029205408,0
img_06655_2023,0.0,0.6983938,0
img_06660_2023,0.0,0.04285461,0
img_06659_2023,0.0,0.10484362,0
img_06656_2023,0.0,0.20196714,0
img_06661_2023,0.0,0.108030245,0
img_06663_2023,0.0,0.08808399,0
img_06672_2023,0.0,0.04098415,0
img_06670_2023,0.0,0.05676823,0
img_06674_2023,0.0,0.039864276,0
img_06592_p01_2023,0.0,0.38892618,0
img_06592_p02_2023,0.0,0.58203083,0
img_06592_p03_2023,0.0,0.10527475,0
img_06592_p04_2023,0.0,0.14430353,0
img_06592_p05_2023,0.0,0.06363038,0
img_06592_p06_2023,0.0,0.106275186,0
img_06679_2023,0.0,0.02831092,0
img_06666_p01_2023,0.0,0.051542558,0
img_06666_p02_2023,0.0,0.058681186,0
img_06683_2023,0.0,0.13686612,0
img_06685_2023,0.0,0.749487,1
img_06680_2023,0.0,0.06257608,0
img_06676_2023,0.0,0.033506237,0
img_06690_2023,0.0,0.095580995,0
img_06691_2023,0.0,0.14137512,0
img_06688_2023,0.0,0.04757925,0
img_06654_p01_2023,0.0,0.047176383,0
img_06654_p02_2023,0.0,0.049462505,0
img_06654_p03_2023,0.0,0.04257648,0
img_06654_p04_2023,0.0,0.092170835,0
img_06692_2023,0.0,0.17118904,0
img_06697_2023,0.0,0.13155231,0
img_06693_2023,0.0,0.087259896,0
img_06687_p02_2023,0.0,0.06901184,0
img_06617_p01_2023,0.0,0.020381616,0
img_06617_p02_2023,0.0,0.027136035,0
img_06617_p03_2023,0.0,0.024917774,0
img_06617_p04_2023,0.0,0.028298717,0
img_06617_p05_2023,0.0,0.03550405,0
img_06617_p06_2023,0.0,0.76338786,1
img_06698_2023,0.0,0.40566233,0
img_06699_2023,0.0,0.12707028,0
img_06700_2023,0.0,0.15386535,0
img_06702_2023,0.0,0.07192748,0
img_06701_2023,0.0,0.25332797,0
img_06705_2023,0.0,0.20835903,0
img_06708_2023,0.0,0.9394845,1
img_06703_2023,0.0,0.077018626,0
img_06709_2023,0.0,0.025873285,0
img_06664_p01_2023,0.0,0.04675121,0
img_06664_p02_2023,0.0,0.051242936,0
img_06664_p03_2023,0.0,0.023363093,0
img_06664_p05_2023,0.0,0.06659733,0
img_06664_p06_2023,0.0,0.03924043,0
img_06720_2023,0.0,0.11246999,0
img_06682_p01_2023,0.0,0.034512386,0
img_06682_p02_2023,0.0,0.042774014,0
img_06682_p04_2023,0.0,0.03967155,0
img_06682_p05_2023,0.0,0.062716685,0
img_06682_p06_2023,0.0,0.08986375,0
img_06717_2023,0.0,0.5561934,0
img_06696_p01_2023,0.0,0.11122956,0
img_06696_p02_2023,0.0,0.119616464,0
img_06696_p03_2023,0.0,0.056357577,0
img_06696_p04_2023,0.0,0.028866362,0
img_06480_p01_2023,0.0,0.05459535,0
img_06480_p02_2023,0.0,0.043920282,0
img_06480_p03_2023,0.0,0.06428221,0
img_06480_p04_2023,0.0,0.11237583,0
img_06480_p06_2023,0.0,0.035165936,0
img_06480_p07_2023,0.0,0.07795683,0
img_06480_p08_2023,0.0,0.06389721,0
img_06480_p09_2023,0.0,0.0432541,0
img_06480_p10_2023,0.0,0.050216526,0
img_06480_p11_2023,0.0,0.091388896,0
img_06480_p12_2023,0.0,0.5993196,0
img_06480_p13_2023,0.0,0.11873094,0
img_06480_p14_2023,0.0,0.057274647,0
img_06480_p15_2023,0.0,0.057514858,0
img_06480_p16_2023,0.0,0.03308349,0
img_06721_2023,0.0,0.053022917,0
img_06728_2023,0.0,0.5317186,0
img_06723_2023,0.0,0.095916584,0
img_06726_2023,0.0,0.0522394,0
img_06725_2023,0.0,0.089886665,0
img_06730_2023,0.0,0.15779059,0
img_06735_2023,0.0,0.2892796,0
img_06722_p01_2023,0.0,0.68216896,0
img_06739_2023,0.0,0.20518388,0
img_06684_p01_2023,0.0,0.26955628,0
img_06684_p02_2023,0.0,0.13637781,0
img_06684_p03_2023,0.0,0.11516293,0
img_06684_p04_2023,0.0,0.14681482,0
img_06684_p05_2023,0.0,0.20209056,0
img_06746_2023,0.0,0.3545629,0
img_06734_2023,0.0,0.07576151,0
img_06750_2023,0.0,0.038925003,0
img_06631_p01_2023,0.0,0.055214696,0
img_06631_p02_2023,0.0,0.060692005,0
img_06631_p03_2023,0.0,0.057730187,0
img_06631_p04_2023,0.0,0.05909847,0
img_06631_p05_2023,0.0,0.03769147,0
img_06631_p06_2023,0.0,0.08971195,0
img_06631_p07_2023,0.0,0.09513721,0
img_06631_p08_2023,0.0,0.056108225,0
img_06631_p09_2023,0.0,0.039548676,0
img_06752_2023,0.0,0.30464256,0
img_06743_p01_2023,0.0,0.07229619,0
img_06743_p02_2023,0.0,0.45919192,0
img_06623_p01_2023,0.0,0.030138336,0
img_06623_p02_2023,0.0,0.068527505,0
img_06623_p03_2023,0.0,0.018830968,0
img_06623_p04_2023,0.0,0.031495962,0
img_06673_p01_2023,0.0,0.45490134,0
img_06673_p02_2023,0.0,0.063466586,0
img_06673_p03_2023,0.0,0.028869182,0
img_06673_p04_2023,0.0,0.15064852,0
img_06673_p05_2023,0.0,0.1163641,0
img_06673_p06_2023,0.0,0.040901683,0
img_06673_p07_2023,0.0,0.06652746,0
img_06673_p08_2023,0.0,0.099787876,0
img_06673_p09_2023,0.0,0.119445786,0
img_06763_2023,0.0,0.09373751,0
img_06729_p01_2023,0.0,0.045159396,0
img_06729_p02_2023,0.0,0.028135695,0
img_06729_p03_2023,0.0,0.09274002,0
img_06729_p04_2023,0.0,0.55070716,0
img_06767_2023,0.0,0.7121063,0
img_06765_2023,0.0,0.10108551,0
img_06768_2023,0.0,0.108522356,0
img_06732_p01_2023,0.0,0.035720937,0
img_06732_p02_2023,0.0,0.0229674,0
img_06732_p03_2023,0.0,0.021735393,0
img_06732_p04_2023,0.0,0.12663397,0
img_06771_2023,0.0,0.42489344,0
img_06777_2023,0.0,0.8243859,1
img_06776_2023,0.0,0.11104921,0
img_06781_2023,0.0,0.15494353,0
img_06784_2023,0.0,0.4508888,0
img_06755_p01_2023,0.0,0.04551152,0
img_06755_p02_2023,0.0,0.12221835,0
img_06755_p03_2023,0.0,0.06750425,0
img_06755_p04_2023,0.0,0.38542688,0
img_06790_2023,0.0,0.0789254,0
img_06789_2023,0.0,0.41564676,0
img_06792_2023,0.0,0.6459202,0
img_06795_2023,0.0,0.11961797,0
img_06796_2023,0.0,0.077472866,0
img_06797_2023,0.0,0.2553486,0
img_06800_2023,0.0,0.049837593,0
img_06801_2023,0.0,0.08793656,0
img_06780_p02_2023,0.0,0.3157313,0
img_06779_p01_2023,0.0,0.025594488,0
img_06779_p02_2023,0.0,0.08050436,0
img_06779_p03_2023,0.0,0.09570359,0
img_06779_p04_2023,0.0,0.10957783,0
img_06806_2023,0.0,0.018504376,0
img_06798_p01_2023,0.0,0.15017946,0
img_06798_p02_2023,0.0,0.08636083,0
img_06811_2023,0.0,0.16090676,0
img_06808_2023,0.0,0.04370768,0
img_06594_p01_2023,0.0,0.16712731,0
img_06594_p02_2023,0.0,0.2515044,0
img_06594_p03_2023,0.0,0.18805799,0
img_06594_p06_2023,0.0,0.2822001,0
img_06594_p07_2023,0.0,0.65671825,0
img_06594_p08_2023,0.0,0.076524734,0
img_06594_p09_2023,0.0,0.08785674,0
img_06594_p10_2023,0.0,0.1640945,0
img_06594_p11_2023,0.0,0.076434456,0
img_06594_p12_2023,0.0,0.17950974,0
img_06594_p13_2023,0.0,0.443186,0
img_06594_p14_2023,0.0,0.5302224,0
img_06594_p15_2023,0.0,0.07371966,0
img_06751_p02_2023,0.0,0.3247243,0
img_06751_p03_2023,0.0,0.33225593,0
img_06751_p04_2023,0.0,0.38103503,0
img_06751_p05_2023,0.0,0.078027464,0
img_06751_p06_2023,0.0,0.08392502,0
img_06751_p07_2023,0.0,0.24544784,0
img_06817_2023,0.0,0.10061221,0
img_06816_2023,0.0,0.04888744,0
img_06812_2023,0.0,0.23300493,0
img_06782_p01_2023,0.0,0.07006953,0
img_06782_p02_2023,0.0,0.10783716,0
img_06782_p03_2023,0.0,0.048960976,0
img_06782_p04_2023,0.0,0.0612322,0
img_06756_p01_2023,0.0,0.063068524,0
img_06756_p02_2023,0.0,0.08182429,0
img_06756_p03_2023,0.0,0.24843162,0
img_06756_p04_2023,0.0,0.08916695,0
img_06756_p05_2023,0.0,0.13526541,0
img_06756_p06_2023,0.0,0.5079192,0
img_06818_2023,0.0,0.23016845,0
img_06823_2023,0.0,0.1136567,0
img_06824_2023,0.0,0.67687446,0
img_06821_2023,0.0,0.15421964,0
img_06827_2023,0.0,0.077351525,0
img_06831_2023,0.0,0.027741233,0
img_06814_p02_2023,0.0,0.042060513,0
img_06834_2023,0.0,0.100085735,0
img_06830_2023,0.0,0.59763426,0
img_06836_2023,0.0,0.23156717,0
img_06841_2023,0.0,0.048788477,0
img_06839_2023,0.0,0.06220446,0
img_06838_2023,0.0,0.01643741,0
img_06845_2023,0.0,0.17190164,0
img_06840_2023,0.0,0.12525493,0
img_06842_2023,0.0,0.044802893,0
img_06843_2023,0.0,0.15075734,0
img_06848_2023,0.0,0.17428637,0
img_06850_2023,0.0,0.07616174,0
img_06849_2023,0.0,0.024191853,0
img_06835_2023,0.0,0.038592238,0
img_06854_2023,0.0,0.4821559,0
img_06851_2023,0.0,0.023114515,0
img_06855_2023,0.0,0.27513936,0
img_06846_p01_2023,0.0,0.06507341,0
img_06846_p02_2023,0.0,0.0938891,0
img_06861_2023,0.0,0.066925846,0
img_06867_2023,0.0,0.044516813,0
img_06866_2023,0.0,0.021083955,0
img_06802_p01_2023,0.0,0.04255858,0
img_06802_p02_2023,0.0,0.06261045,0
img_06802_p03_2023,0.0,0.099299535,0
img_06802_p04_2023,0.0,0.06107186,0
img_06802_p05_2023,0.0,0.048866857,0
img_06802_p06_2023,0.0,0.08060316,0
img_06807_p01_2023,0.0,0.12585996,0
img_06807_p02_2023,0.0,0.06773929,0
img_06807_p03_2023,0.0,0.056650937,0
img_06807_p04_2023,0.0,0.048229635,0
img_06807_p05_2023,0.0,0.027866982,0
img_06807_p06_2023,0.0,0.05052007,0
img_06873_2023,0.0,0.12799838,0
img_06874_2023,0.0,0.08448988,0
img_06876_2023,0.0,0.096714936,0
img_06879_2023,0.0,0.06181252,0
img_06872_2023,0.0,0.020041995,0
img_06883_2023,0.0,0.031255677,0
img_06882_2023,0.0,0.052292086,0
img_06865_p02_2023,0.0,0.44459346,0
img_06889_2023,0.0,0.13721383,0
img_06888_2023,0.0,0.78525734,1
img_06885_2023,0.0,0.14298078,0
img_06898_2023,0.0,0.08853067,0
img_06890_2023,0.0,0.072206736,0
img_06897_2023,0.0,0.031086633,0
img_06906_2023,0.0,0.05868461,0
img_06904_2023,0.0,0.29263493,0
img_06908_2023,0.0,0.060764328,0
img_06911_2023,0.0,0.15305963,0
img_06903_2023,0.0,0.14378685,0
img_06915_2023,0.0,0.06081069,0
img_06913_2023,0.0,0.43967977,0
img_06916_2023,0.0,0.05133415,0
img_06912_2023,0.0,0.08986107,0
img_06922_2023,0.0,0.10496277,0
img_06920_2023,0.0,0.18132134,0
img_06928_2023,0.0,0.0876738,0
img_06926_2023,0.0,0.6639566,0
img_06927_2023,0.0,0.03188286,0
img_06748_p02_2023,0.0,0.02078621,0
img_06748_p03_2023,0.0,0.022117775,0
img_06748_p06_2023,0.0,0.023360156,0
img_06748_p07_2023,0.0,0.020043934,0
img_06931_2023,0.0,0.1216104,0
img_06929_2023,0.0,0.04531696,0
img_06936_2023,0.0,0.10394415,0
img_06938_2023,0.0,0.13409337,0
img_06941_2023,0.0,0.081430174,0
img_06942_2023,0.0,0.062516026,0
img_06940_2023,0.0,0.10447125,0
img_05307_p01_2023,0.0,0.033658657,0
img_05307_p02_2023,0.0,0.020917056,0
img_05307_p03_2023,0.0,0.050227568,0
img_05307_p04_2023,0.0,0.051248856,0
img_05307_p05_2023,0.0,0.022372613,0
img_05307_p06_2023,0.0,0.026484055,0
img_05307_p07_2023,0.0,0.045411747,0
img_05307_p08_2023,0.0,0.043633826,0
img_05307_p09_2023,0.0,0.1517599,0
img_05307_p10_2023,0.0,0.02888868,0
img_05307_p11_2023,0.0,0.02874084,0
img_05307_p12_2023,0.0,0.03014905,0
img_05307_p13_2023,0.0,0.02522545,0
img_05307_p14_2023,0.0,0.037982676,0
img_05307_p15_2023,0.0,0.027355248,0
img_05307_p16_2023,0.0,0.06233561,0
img_05307_p17_2023,0.0,0.04972327,0
img_05307_p18_2023,0.0,0.052052047,0
img_05307_p19_2023,0.0,0.051885623,0
img_05307_p20_2023,0.0,0.0432938,0
img_05307_p21_2023,0.0,0.037927054,0
img_05307_p22_2023,0.0,0.039735086,0
img_05307_p23_2023,0.0,0.09311742,0
img_05307_p24_2023,0.0,0.04944249,0
img_05307_p25_2023,0.0,0.041441176,0
img_05307_p26_2023,0.0,0.05635043,0
img_05307_p27_2023,0.0,0.108033545,0
img_05307_p28_2023,0.0,0.06268768,0
img_05307_p29_2023,0.0,0.024635691,0
img_05307_p30_2023,0.0,0.019342925,0
img_05307_p31_2023,0.0,0.08672724,0
img_05307_p32_2023,0.0,0.038064685,0
img_05307_p33_2023,0.0,0.29586956,0
img_05307_p34_2023,0.0,0.06518665,0
img_05307_p35_2023,0.0,0.055082943,0
img_05307_p36_2023,0.0,0.064036876,0
img_05307_p37_2023,0.0,0.028748216,0
img_05307_p38_2023,0.0,0.06770255,0
img_05307_p39_2023,0.0,0.0668554,0
img_05307_p40_2023,0.0,0.07161447,0
img_05307_p41_2023,0.0,0.04270461,0
img_05307_p42_2023,0.0,0.17281745,0
img_05307_p43_2023,0.0,0.115379505,0
img_05307_p44_2023,0.0,0.038535997,0
img_05307_p45_2023,0.0,0.058414362,0
img_05307_p47_2023,0.0,0.04426724,0
img_05307_p48_2023,0.0,0.042571817,0
img_05307_p49_2023,0.0,0.04034841,0
img_05307_p50_2023,0.0,0.085402586,0
img_05307_p51_2023,0.0,0.075639054,0
img_05307_p52_2023,0.0,0.049082983,0
img_05307_p53_2023,0.0,0.051471107,0
img_05307_p54_2023,0.0,0.17143457,0
img_05307_p55_2023,0.0,0.048436742,0
img_05307_p56_2023,0.0,0.02403022,0
img_05307_p57_2023,0.0,0.16469623,0
img_05307_p58_2023,0.0,0.03994234,0
img_05307_p59_2023,0.0,0.045256574,0
img_05307_p60_2023,0.0,0.061083175,0
img_05307_p61_2023,0.0,0.0352979,0
img_05307_p62_2023,0.0,0.042344406,0
img_05307_p63_2023,0.0,0.047622725,0
img_05307_p64_2023,0.0,0.072105505,0
img_05307_p65_2023,0.0,0.05914868,0
img_05307_p66_2023,0.0,0.027346054,0
img_05307_p67_2023,0.0,0.033865325,0
img_05307_p68_2023,0.0,0.047650974,0
img_05307_p69_2023,0.0,0.027384922,0
img_05307_p70_2023,0.0,0.061684046,0
img_05307_p71_2023,0.0,0.046751022,0
img_05307_p72_2023,0.0,0.04294873,0
img_05307_p73_2023,0.0,0.034721516,0
img_05307_p74_2023,0.0,0.047485452,0
img_05307_p75_2023,0.0,0.03573268,0
img_05307_p76_2023,0.0,0.043087434,0
img_05307_p77_2023,0.0,0.048202008,0
img_05307_p78_2023,0.0,0.039574537,0
img_05307_p79_2023,0.0,0.040698145,0
img_05307_p80_2023,0.0,0.07952641,0
img_05307_p81_2023,0.0,0.03786113,0
img_05307_p82_2023,0.0,0.051759254,0
img_05307_p84_2023,0.0,0.034782458,0
img_06944_2023,0.0,0.18570036,0
img_06934_2023,0.0,0.09709188,0
img_06945_2023,0.0,0.06991154,0
img_06946_2023,0.0,0.18704343,0
img_06950_2023,0.0,0.23732854,0
img_06794_p08_2023,0.0,0.04636355,0
img_06955_2023,0.0,0.33679613,0
img_06951_2023,0.0,0.0850231,0
img_06943_p01_2023,0.0,0.029927824,0
img_06943_p02_2023,0.0,0.051849417,0
img_06923_p01_2023,0.0,0.029718412,0
img_06923_p02_2023,0.0,0.03907024,0
img_06923_p03_2023,0.0,0.032120485,0
img_06923_p04_2023,0.0,0.023582358,0
img_06956_2023,0.0,0.06873856,0
img_06957_2023,0.0,0.1408815,0
img_06959_2023,0.0,0.13465779,0
img_06961_2023,0.0,0.040696017,0
img_06963_2023,0.0,0.7422214,1
img_06969_2023,0.0,0.65516466,0
img_06964_2023,0.0,0.09730236,0
img_06970_2023,0.0,0.26288852,0
img_06966_2023,0.0,0.07841291,0
img_06965_2023,0.0,0.116410285,0
img_06932_p01_2023,0.0,0.6025072,0
img_06932_p02_2023,0.0,0.73733187,1
img_06932_p03_2023,0.0,0.7068177,0
img_06932_p04_2023,0.0,0.6582276,0
img_06967_2023,0.0,0.61304975,0
img_06958_2023,0.0,0.18030696,0
img_06968_2023,0.0,0.144222,0
img_06971_2023,0.0,0.61070734,0
img_06974_2023,0.0,0.2158831,0
img_06973_2023,0.0,0.2013335,0
img_06979_2023,0.0,0.6409091,0
img_06985_2023,0.0,0.30513903,0
img_06984_2023,0.0,0.08874933,0
img_06988_2023,0.0,0.077985935,0
img_06989_2023,0.0,0.14582434,0
img_06981_2023,0.0,0.41676992,0
img_06992_2023,0.0,0.03288819,0
img_06996_2023,0.0,0.46153972,0
img_06994_2023,0.0,0.45770973,0
img_07000_2023,0.0,0.12062295,0
img_07001_2023,0.0,0.65356445,0
img_07004_2023,0.0,0.17054656,0
img_06995_2023,0.0,0.81363213,1
img_06891_p01_2023,0.0,0.8033294,1
img_06891_p02_2023,0.0,0.9127993,1
img_06891_p03_2023,0.0,0.109410055,0
img_06891_p06_2023,0.0,0.045670383,0
img_06891_p07_2023,0.0,0.025603605,0
img_07002_2023,0.0,0.05286613,0
img_07006_2023,0.0,0.11988362,0
img_07007_2023,0.0,0.28191793,0
img_07015_2023,0.0,0.10763474,0
img_07014_2023,0.0,0.06406,0
img_07010_2023,0.0,0.03471929,0
img_07019_2023,0.0,0.16192116,0
img_07017_2023,0.0,0.44872525,0
img_07020_2023,0.0,0.77347696,1
img_07023_2023,0.0,0.19374095,0
img_07026_2023,0.0,0.07262529,0
img_06993_p01_2023,0.0,0.0633988,0
img_06993_p02_2023,0.0,0.17981587,0
img_07030_2023,0.0,0.029787403,0
img_07028_2023,0.0,0.076980956,0
img_07029_2023,0.0,0.7915818,1
img_07031_2023,0.0,0.33040482,0
img_07033_2023,0.0,0.60036695,0
img_07024_2023,0.0,0.030318957,0
img_06986_p01_2023,0.0,0.21010697,0
img_06986_p02_2023,0.0,0.019320456,0
img_06986_p03_2023,0.0,0.029134508,0
img_06986_p04_2023,0.0,0.026638988,0
img_07038_2023,0.0,0.13889822,0
img_07035_2023,0.0,0.2720189,0
img_07044_2023,0.0,0.025185267,0
img_07037_2023,0.0,0.058004968,0
img_07041_2023,0.0,0.6293367,0
img_07009_p01_2023,0.0,0.24906175,0
img_07009_p02_2023,0.0,0.024162417,0
img_07039_2023,0.0,0.030905219,0
img_07045_2023,0.0,0.12169961,0
img_07048_2023,0.0,0.32720295,0
img_07032_2023,0.0,0.19627059,0
img_07049_2023,0.0,0.46683782,0
img_07054_2023,0.0,0.19251186,0
img_07052_2023,0.0,0.55631304,0
img_07051_2023,0.0,0.027813274,0
img_07053_2023,0.0,0.07320119,0
img_07055_2023,0.0,0.8798323,1
img_07058_2023,0.0,0.20884496,0
img_06982_p01_2023,0.0,0.02015996,0
img_06982_p02_2023,0.0,0.022998104,0
img_06982_p03_2023,0.0,0.021505352,0
img_06982_p04_2023,0.0,0.020168392,0
img_07060_2023,0.0,0.16391084,0
img_07059_2023,0.0,0.13493615,0
img_06896_p02_2023,0.0,0.15318812,0
img_06896_p03_2023,0.0,0.09236162,0
img_07062_2023,0.0,0.15553266,0
img_07057_2023,0.0,0.10716064,0
img_07065_2023,0.0,0.03319915,0
img_07073_2023,0.0,0.4762482,0
img_07076_2023,0.0,0.49734595,0
img_07071_2023,0.0,0.28590325,0
img_07068_2023,0.0,0.06158685,0
img_07069_2023,0.0,0.17414784,0
img_07079_2023,0.0,0.5319707,0
img_07086_2023,0.0,0.05691772,0
img_07081_2023,0.0,0.05643594,0
img_07082_2023,0.0,0.049850207,0
img_07085_2023,0.0,0.059560057,0
img_07087_2023,0.0,0.023931224,0
img_07091_2023,0.0,0.07433485,0
img_07089_2023,0.0,0.065834776,0
img_07083_2023,0.0,0.2684933,0
img_07090_2023,0.0,0.083934076,0
img_07063_p02_2023,0.0,0.03675296,0
img_07088_2023,0.0,0.08584612,0
img_07092_2023,0.0,0.37588036,0
img_07094_2023,0.0,0.37938076,0
img_07095_2023,0.0,0.05144934,0
img_07099_2023,0.0,0.24629787,0
img_07098_2023,0.0,0.05424195,0
img_07093_2023,0.0,0.8282487,1
img_07102_2023,0.0,0.1325453,0
img_07103_2023,0.0,0.37044784,0
img_07105_2023,0.0,0.046778396,0
img_07066_p01_2023,0.0,0.04099333,0
img_07066_p02_2023,0.0,0.034279738,0
img_07106_2023,0.0,0.46988726,0
img_07107_2023,0.0,0.39838752,0
img_07104_2023,0.0,0.2724793,0
img_07113_2023,0.0,0.4873323,0
img_07111_2023,0.0,0.023763401,0
img_07115_2023,0.0,0.44499162,0
img_07110_2023,0.0,0.05299418,0
img_07119_2023,0.0,0.08924319,0
img_07118_2023,0.0,0.07349437,0
img_07120_2023,0.0,0.1613464,0
img_07127_2023,0.0,0.030774739,0
img_07116_2023,0.0,0.49108282,0
img_07096_p01_2023,0.0,0.09815439,0
img_07096_p02_2023,0.0,0.36874467,0
img_07126_2023,0.0,0.043513082,0
img_07129_2023,0.0,0.16853382,0
img_07125_2023,0.0,0.09974135,0
img_07122_2023,0.0,0.04433486,0
img_07123_2023,0.0,0.05572926,0
img_07130_2023,0.0,0.16328603,0
img_07133_2023,0.0,0.58270997,0
img_07134_2023,0.0,0.08767825,0
img_07137_2023,0.0,0.068647526,0
img_07140_2023,0.0,0.039232735,0
img_07138_2023,0.0,0.03072552,0
img_07144_2023,0.0,0.056004167,0
img_07142_2023,0.0,0.2540222,0
img_07145_2023,0.0,0.26448116,0
img_07149_2023,0.0,0.72663766,0
img_07148_2023,0.0,0.10086749,0
img_07156_2023,0.0,0.12061976,0
img_07162_2023,0.0,0.30328488,0
img_07150_2023,0.0,0.08928331,0
img_07151_2023,0.0,0.15554744,0
img_07158_2023,0.0,0.2583558,0
img_07147_2023,0.0,0.06993652,0
img_07157_2023,0.0,0.13863482,0
img_07143_p01_2023,0.0,0.03561967,0
img_07143_p02_2023,0.0,0.039470196,0
img_07161_2023,0.0,0.09253567,0
img_07160_2023,0.0,0.04931086,0
img_07164_2023,0.0,0.052112285,0
img_07168_2023,0.0,0.08058164,0
img_07173_2023,0.0,0.05341683,0
img_07172_2023,0.0,0.72653544,0
img_07167_2023,0.0,0.036237713,0
img_07178_2023,0.0,0.287906,0
img_07180_2023,0.0,0.060700297,0
img_07185_2023,0.0,0.8141192,1
img_07186_2023,0.0,0.06658335,0
img_07183_2023,0.0,0.23416375,0
img_07184_2023,0.0,0.42982495,0
img_07136_p01_2023,0.0,0.050333165,0
img_07136_p02_2023,0.0,0.058262076,0
img_07188_2023,0.0,0.065657884,0
img_07190_2023,0.0,0.03439405,0
img_07189_2023,0.0,0.034095015,0
img_07193_2023,0.0,0.21078904,0
img_07199_2023,0.0,0.6734594,0
img_07198_2023,0.0,0.75024533,1
img_07194_2023,0.0,0.9151735,1
img_07204_2023,0.0,0.29924747,0
img_07203_2023,0.0,0.06648599,0
img_07205_2023,0.0,0.07827677,0
img_07210_2023,0.0,0.106168695,0
img_07209_2023,0.0,0.080700725,0
img_07192_p01_2023,0.0,0.024463417,0
img_07192_p02_2023,0.0,0.025794119,0
img_07212_2023,0.0,0.4526046,0
img_07211_2023,0.0,0.0528493,0
img_07218_2023,0.0,0.1160233,0
img_07220_2023,0.0,0.11164815,0
img_07223_2023,0.0,0.33312333,0
img_07219_2023,0.0,0.4287323,0
img_07176_p01_2023,0.0,0.040718324,0
img_07176_p02_2023,0.0,0.048795506,0
img_07176_p03_2023,0.0,0.41219077,0
img_07176_p04_2023,0.0,0.14375225,0
img_07225_2023,0.0,0.4447632,0
img_07228_2023,0.0,0.08627406,0
img_07232_2023,0.0,0.41119152,0
img_07235_2023,0.0,0.23991951,0
img_07234_2023,0.0,0.6299413,0
img_07237_2023,0.0,0.10118805,0
img_07236_2023,0.0,0.11105025,0
img_07231_2023,0.0,0.8034065,1
img_07240_2023,0.0,0.08510027,0
img_07241_2023,0.0,0.16018167,0
img_07245_2023,0.0,0.3522654,0
img_07243_2023,0.0,0.8639091,1
img_07244_2023,0.0,0.025022767,0
img_07248_2023,0.0,0.06376103,0
img_07252_2023,0.0,0.12032143,0
img_07254_2023,0.0,0.041087143,0
img_07257_2023,0.0,0.19214599,0
img_07251_2023,0.0,0.02388187,0
img_07262_2023,0.0,0.04157364,0
img_07261_2023,0.0,0.3965501,0
img_07259_2023,0.0,0.07411442,0
img_07265_2023,0.0,0.08750953,0
img_07266_2023,0.0,0.060761645,0
img_07264_2023,0.0,0.17463604,0
img_07222_p01_2023,0.0,0.6834957,0
img_07222_p02_2023,0.0,0.56215745,0
img_07222_p03_2023,0.0,0.20164923,0
img_07222_p04_2023,0.0,0.019539641,0
img_07269_2023,0.0,0.4523516,0
img_07260_2023,0.0,0.05121979,0
img_07250_p01_2023,0.0,0.07231159,0
img_07250_p02_2023,0.0,0.0436967,0
img_07263_2023,0.0,0.024092807,0
img_07274_2023,0.0,0.6433775,0
img_07276_2023,0.0,0.08490747,0
img_07239_p01_2023,0.0,0.062123362,0
img_07239_p02_2023,0.0,0.026926056,0
img_07239_p03_2023,0.0,0.035139363,0
img_07239_p04_2023,0.0,0.023045229,0
img_07267_2023,0.0,0.3143044,0
img_07278_2023,0.0,0.04598455,0
img_07280_2023,0.0,0.03207846,0
img_07283_2023,0.0,0.16846183,0
img_07277_2023,0.0,0.8257815,1
img_07112_p01_2023,0.0,0.032541305,0
img_07112_p02_2023,0.0,0.02423229,0
img_07112_p03_2023,0.0,0.052796107,0
img_07112_p04_2023,0.0,0.051031735,0
img_07112_p05_2023,0.0,0.047991075,0
img_07112_p06_2023,0.0,0.02334092,0
img_07112_p07_2023,0.0,0.09864184,0
img_07112_p08_2023,0.0,0.07183737,0
img_07233_p01_2023,0.0,0.019873004,0
img_07233_p02_2023,0.0,0.021140013,0
img_07233_p03_2023,0.0,0.02097796,0
img_07233_p04_2023,0.0,0.019672938,0
img_07282_2023,0.0,0.045878995,0
img_07288_2023,0.0,0.31796014,0
img_07284_2023,0.0,0.23596132,0
img_07289_2023,0.0,0.18590005,0
img_07275_2023,0.0,0.054476794,0
img_07290_2023,0.0,0.07914054,0
img_07271_2023,0.0,0.017662648,0
img_07281_2023,0.0,0.11031044,0
img_07291_2023,0.0,0.24904741,0
img_07292_2023,0.0,0.10464186,0
img_07295_2023,0.0,0.068150714,0
img_07300_2023,0.0,0.40065658,0
img_07246_p01_2023,0.0,0.026770376,0
img_07246_p02_2023,0.0,0.046282798,0
img_07246_p03_2023,0.0,0.0490677,0
img_07301_2023,0.0,0.3994938,0
img_07298_2023,0.0,0.32150054,0
img_07302_2023,0.0,0.48533332,0
img_07305_2023,0.0,0.28388062,0
img_07306_2023,0.0,0.100628756,0
img_07310_2023,0.0,0.0616758,0
img_07311_2023,0.0,0.05510151,0
img_07316_2023,0.0,0.042659353,0
img_07314_2023,0.0,0.53926384,0
img_07317_2023,0.0,0.075928,0
img_07319_2023,0.0,0.03314264,0
img_07323_2023,0.0,0.046456564,0
img_07329_2023,0.0,0.5379469,0
img_07326_2023,0.0,0.4788822,0
img_07330_2023,0.0,0.8219967,1
img_07334_2023,0.0,0.16759163,0
img_07338_2023,0.0,0.27115494,0
img_07333_2023,0.0,0.6319928,0
img_07346_2023,0.0,0.2757206,0
img_07348_2023,0.0,0.84828293,1
img_07353_2023,0.0,0.40703213,0
img_07354_2023,0.0,0.036428217,0
img_07355_2023,0.0,0.0907145,0
img_07297_p01_2023,0.0,0.12521216,0
img_07297_p03_2023,0.0,0.043170393,0
img_07297_p04_2023,0.0,0.12319903,0
img_07356_2023,0.0,0.409175,0
img_07335_p01_2023,0.0,0.031103829,0
img_07335_p02_2023,0.0,0.025818983,0
img_07359_2023,0.0,0.50965303,0
img_07365_2023,0.0,0.033087473,0
img_07363_2023,0.0,0.039396714,0
img_07360_2023,0.0,0.03693416,0
img_07374_2023,0.0,0.10481741,0
img_07367_2023,0.0,0.24497293,0
img_07376_2023,0.0,0.1007088,0
img_07378_2023,0.0,0.04341606,0
img_07381_2023,0.0,0.5239793,0
img_07370_2023,0.0,0.08488609,0
img_07373_2023,0.0,0.6298677,0
img_07385_2023,0.0,0.27647287,0
img_07380_2023,0.0,0.29784352,0
img_07384_2023,0.0,0.15886372,0
img_07383_2023,0.0,0.12829944,0
img_07386_2023,0.0,0.26181293,0
img_07387_2023,0.0,0.040005457,0
img_07390_2023,0.0,0.24869102,0
img_07393_2023,0.0,0.047632728,0
img_07397_2023,0.0,0.5930232,0
img_07379_2023,0.0,0.15742299,0
img_07401_2023,0.0,0.3700761,0
img_07398_2023,0.0,0.17474903,0
img_07406_2023,0.0,0.11251051,0
img_07403_2023,0.0,0.069214635,0
img_07407_2023,0.0,0.022328638,0
img_07405_2023,0.0,0.06029262,0
img_07377_p01_2023,0.0,0.056337968,0
img_07377_p02_2023,0.0,0.056047823,0
img_07409_2023,0.0,0.13186659,0
img_07410_2023,0.0,0.20479313,0
img_07412_2023,0.0,0.09088607,0
img_07411_2023,0.0,0.10340785,0
img_07415_2023,0.0,0.3454953,0
img_07420_2023,0.0,0.08554803,0
img_07419_2023,0.0,0.042194523,0
img_07417_2023,0.0,0.1889878,0
img_07423_2023,0.0,0.02276781,0
img_07425_2023,0.0,0.022913517,0
img_07428_2023,0.0,0.85085887,1
img_07416_2023,0.0,0.9345777,1
img_07432_2023,0.0,0.17439032,0
img_07436_2023,0.0,0.5370152,0
img_07433_2023,0.0,0.03879708,0
img_07430_2023,0.0,0.13463743,0
img_07322_p02_2023,0.0,0.03825905,0
img_07322_p03_2023,0.0,0.024097102,0
img_07322_p04_2023,0.0,0.022615025,0
img_07322_p05_2023,0.0,0.04070091,0
img_07322_p06_2023,0.0,0.02298093,0
img_07322_p07_2023,0.0,0.042582028,0
img_07322_p08_2023,0.0,0.024193855,0
img_06495_p01_2023,0.0,0.026818788,0
img_06495_p02_2023,0.0,0.033703726,0
img_06495_p03_2023,0.0,0.027891995,0
img_06495_p04_2023,0.0,0.06813912,0
img_06495_p05_2023,0.0,0.04522503,0
img_06495_p06_2023,0.0,0.026529502,0
img_07441_2023,0.0,0.110218845,0
img_07442_2023,0.0,0.09081694,0
img_07394_p01_2023,0.0,0.028349463,0
img_07394_p02_2023,0.0,0.06265237,0
img_07443_2023,0.0,0.1420561,0
img_07437_2023,0.0,0.22018646,0
img_07448_2023,0.0,0.6309155,0
img_07446_2023,0.0,0.77258384,1
img_07447_2023,0.0,0.029454105,0
img_07440_2023,0.0,0.033657517,0
img_07451_2023,0.0,0.040714316,0
img_07449_2023,0.0,0.0168,0
img_07453_2023,0.0,0.18460925,0
img_07455_2023,0.0,0.4754584,0
img_07461_2023,0.0,0.28777632,0
img_07460_2023,0.0,0.04819667,0
img_07439_p01_2023,0.0,0.048824552,0
img_07439_p02_2023,0.0,0.06932691,0
img_07456_2023,0.0,0.03634771,0
img_07464_2023,0.0,0.083927974,0
img_07472_2023,0.0,0.06394174,0
img_07467_2023,0.0,0.23712033,0
img_07475_2023,0.0,0.28817686,0
img_07476_2023,0.0,0.05767816,0
img_07471_2023,0.0,0.8801494,1
img_07465_2023,0.0,0.034649108,0
img_07339_p01_2023,0.0,0.058547225,0
img_07339_p02_2023,0.0,0.017623004,0
img_07339_p03_2023,0.0,0.020709274,0
img_07339_p04_2023,0.0,0.027240384,0
img_07339_p05_2023,0.0,0.020385897,0
img_07339_p06_2023,0.0,0.03994889,0
img_07477_2023,0.0,0.15228887,0
img_07473_2023,0.0,0.76818556,1
img_07478_2023,0.0,0.7893367,1
img_07468_2023,0.0,0.0933968,0
img_07470_2023,0.0,0.2418229,0
img_07481_2023,0.0,0.07458316,0
img_07482_2023,0.0,0.1973659,0
img_07479_2023,0.0,0.25237164,0
img_07489_2023,0.0,0.14412807,0
img_07486_2023,0.0,0.5968018,0
img_07484_2023,0.0,0.15376933,0
img_07495_2023,0.0,0.068740405,0
img_07499_2023,0.0,0.06337439,0
img_07490_2023,0.0,0.9133954,1
img_07502_2023,0.0,0.08942962,0
img_07494_2023,0.0,0.07541156,0
img_07493_2023,0.0,0.032152377,0
img_07501_2023,0.0,0.22312081,0
img_07505_2023,0.0,0.061204012,0
img_07510_2023,0.0,0.9422455,1
img_07503_2023,0.0,0.02448672,0
img_07508_2023,0.0,0.14981502,0
img_07513_2023,0.0,0.16574182,0
img_07514_2023,0.0,0.63064855,0
img_07469_p01_2023,0.0,0.019157792,0
img_07469_p02_2023,0.0,0.081041604,0
img_07469_p03_2023,0.0,0.14746593,0
img_07469_p04_2023,0.0,0.25769746,0
img_07515_2023,0.0,0.06498085,0
img_07491_p01_2023,0.0,0.046025913,0
img_07491_p02_2023,0.0,0.046525925,0
img_07516_2023,0.0,0.20193057,0
img_07509_2023,0.0,0.10957115,0
img_07520_2023,0.0,0.48269823,0
img_07524_2023,0.0,0.055742003,0
img_07518_2023,0.0,0.12011161,0
img_07506_2023,0.0,0.49611259,0
img_07521_2023,0.0,0.08093646,0
img_07529_2023,0.0,0.2881415,0
img_07530_2023,0.0,0.29509005,0
img_07531_2023,0.0,0.059446003,0
img_07522_2023,0.0,0.040068537,0
img_07536_2023,0.0,0.06044693,0
img_07532_2023,0.0,0.22712904,0
img_07534_2023,0.0,0.07475078,0
img_07539_2023,0.0,0.13855028,0
img_07542_2023,0.0,0.5656,0
img_07543_2023,0.0,0.0712337,0
img_07540_2023,0.0,0.091896124,0
img_07547_2023,0.0,0.06562217,0
img_07545_2023,0.0,0.33223644,0
img_07544_2023,0.0,0.0615302,0
img_07533_2023,0.0,0.041844875,0
img_07551_2023,0.0,0.040646005,0
img_07556_2023,0.0,0.49196008,0
img_07557_2023,0.0,0.07991102,0
img_07554_2023,0.0,0.065854356,0
img_07553_2023,0.0,0.11125104,0
img_07561_2023,0.0,0.083472595,0
img_07562_2023,0.0,0.29823485,0
img_07555_2023,0.0,0.028055016,0
img_07565_2023,0.0,0.09595686,0
img_07566_2023,0.0,0.01892201,0
img_07570_2023,0.0,0.0870337,0
img_07559_2023,0.0,0.55840206,0
img_07576_2023,0.0,0.09742576,0
img_07577_2023,0.0,0.57536954,0
img_07588_2023,0.0,0.06420023,0
img_07581_2023,0.0,0.031171756,0
img_07578_2023,0.0,0.4967909,0
img_07590_2023,0.0,0.1704876,0
img_07585_2023,0.0,0.094660394,0
img_07580_2023,0.0,0.057550862,0
img_07586_2023,0.0,0.9442895,1
img_07584_2023,0.0,0.2076669,0
img_07591_2023,0.0,0.089549184,0
img_07599_2023,0.0,0.042130686,0
img_07596_2023,0.0,0.6708307,0
img_07593_2023,0.0,0.09585949,0
img_07604_2023,0.0,0.058561828,0
img_07607_2023,0.0,0.037641525,0
img_07608_2023,0.0,0.22834769,0
img_07609_2023,0.0,0.05100768,0
img_07597_p01_2023,0.0,0.03891178,0
img_07597_p02_2023,0.0,0.036833163,0
img_07603_2023,0.0,0.09695162,0
img_07610_2023,0.0,0.12049728,0
img_07615_2023,0.0,0.63491404,0
img_07606_2023,0.0,0.24368809,0
img_07617_2023,0.0,0.30190697,0
img_07574_p01_2023,0.0,0.025104169,0
img_07574_p02_2023,0.0,0.017097525,0
img_07574_p03_2023,0.0,0.026722036,0
img_07621_2023,0.0,0.23938714,0
img_07620_2023,0.0,0.039776873,0
img_07622_2023,0.0,0.14094324,0
img_07619_2023,0.0,0.08741685,0
img_07618_2023,0.0,0.09865719,0
img_07625_2023,0.0,0.7976381,1
img_07611_p01_2023,0.0,0.05264311,0
img_07611_p02_2023,0.0,0.027560653,0
img_07517_p01_2023,0.0,0.059501696,0
img_07517_p02_2023,0.0,0.03256422,0
img_07517_p03_2023,0.0,0.3593972,0
img_07517_p04_2023,0.0,0.020336019,0
img_07634_2023,0.0,0.68208915,0
img_07631_2023,0.0,0.09080977,0
img_07640_2023,0.0,0.226686,0
img_07638_2023,0.0,0.0324295,0
img_07632_2023,0.0,0.20177092,0
img_07642_2023,0.0,0.15848872,0
img_07635_2023,0.0,0.12639646,0
img_07637_2023,0.0,0.49201998,0
img_07646_2023,0.0,0.13229258,0
img_07647_2023,0.0,0.5445601,0
img_07650_2023,0.0,0.10757989,0
img_07651_2023,0.0,0.09773081,0
img_07645_2023,0.0,0.7462078,1
img_07652_2023,0.0,0.09226407,0
img_07655_2023,0.0,0.03995222,0
img_07653_2023,0.0,0.13811053,0
img_07665_2023,0.0,0.06067019,0
img_07526_p01_2023,0.0,0.02471307,0
img_07526_p02_2023,0.0,0.028634215,0
img_07526_p03_2023,0.0,0.029967634,0
img_07526_p04_2023,0.0,0.028231561,0
img_07528_p01_2023,0.0,0.030858876,0
img_07528_p03_2023,0.0,0.3613597,0
img_07528_p04_2023,0.0,0.060307603,0
img_07671_2023,0.0,0.06763322,0
img_07672_2023,0.0,0.2993452,0
img_07670_2023,0.0,0.02970478,0
img_07667_2023,0.0,0.34836242,0
img_07677_2023,0.0,0.49525878,0
img_07675_2023,0.0,0.034280274,0
img_07679_2023,0.0,0.12850834,0
img_07669_2023,0.0,0.7858053,1
img_07683_2023,0.0,0.19576532,0
img_07689_2023,0.0,0.23733915,0
img_07676_2023,0.0,0.7248544,0
img_07686_2023,0.0,0.07062747,0
img_07685_2023,0.0,0.07217376,0
img_07682_2023,0.0,0.6507326,0
img_07680_2023,0.0,0.11649136,0
img_07693_2023,0.0,0.10475334,0
img_07695_2023,0.0,0.2886798,0
img_07696_2023,0.0,0.117421485,0
img_07699_2023,0.0,0.05933427,0
img_07706_2023,0.0,0.040629283,0
img_07702_2023,0.0,0.26550376,0
img_07704_2023,0.0,0.107990526,0
img_07700_2023,0.0,0.13069679,0
img_07717_2023,0.0,0.954353,1
img_07713_2023,0.0,0.10754161,0
img_07715_2023,0.0,0.036400594,0
img_07711_2023,0.0,0.13043305,0
img_07710_2023,0.0,0.0683234,0
img_07708_2023,0.0,0.03325856,0
img_07714_2023,0.0,0.055251133,0
img_07716_2023,0.0,0.035425454,0
img_07726_2023,0.0,0.111063816,0
img_07721_2023,0.0,0.23274834,0
img_07731_2023,0.0,0.10550382,0
img_07728_2023,0.0,0.10839507,0
img_07727_2023,0.0,0.1421825,0
img_07729_2023,0.0,0.11207795,0
img_07734_2023,0.0,0.05309599,0
img_07735_2023,0.0,0.07518317,0
img_07741_2023,0.0,0.9560455,1
img_07730_2023,0.0,0.06805425,0
img_07732_2023,0.0,0.052410368,0
img_07740_2023,0.0,0.05220326,0
img_07747_2023,0.0,0.5684385,0
img_07745_2023,0.0,0.06807202,0
img_07736_2023,0.0,0.2528712,0
img_07752_2023,0.0,0.04898636,0
img_07749_2023,0.0,0.05926127,0
img_07755_2023,0.0,0.22514212,0
img_07748_2023,0.0,0.736009,0
img_07756_2023,0.0,0.18113106,0
img_07751_2023,0.0,0.17070317,0
img_07759_2023,0.0,0.107990734,0
img_07743_2023,0.0,0.055534795,0
img_07762_2023,0.0,0.061537407,0
img_07754_2023,0.0,0.08454919,0
img_07765_2023,0.0,0.14536984,0
img_07656_p01_2023,0.0,0.05651144,0
img_07656_p02_2023,0.0,0.020359365,0
img_07656_p03_2023,0.0,0.027607279,0
img_07656_p04_2023,0.0,0.048604153,0
img_07656_p05_2023,0.0,0.03524753,0
img_07761_2023,0.0,0.06393394,0
img_07768_2023,0.0,0.5844235,0
img_07764_2023,0.0,0.19170864,0
img_07737_p01_2023,0.0,0.067368,0
img_07737_p02_2023,0.0,0.03789048,0
img_07771_2023,0.0,0.52608246,0
img_07780_2023,0.0,0.44324118,0
img_07766_2023,0.0,0.044519722,0
img_07778_2023,0.0,0.026106551,0
img_07781_2023,0.0,0.06830189,0
img_07775_2023,0.0,0.70366335,0
img_07779_2023,0.0,0.044364378,0
img_07784_2023,0.0,0.02173487,0
img_07795_2023,0.0,0.06444411,0
img_07770_2023,0.0,0.16396706,0
img_07796_2023,0.0,0.06586352,0
img_07783_2023,0.0,0.031493373,0
img_07797_2023,0.0,0.8026886,1
img_07760_p01_2023,0.0,0.029183319,0
img_07760_p02_2023,0.0,0.019759689,0
img_07794_2023,0.0,0.21881309,0
img_07791_2023,0.0,0.080785275,0
img_07787_2023,0.0,0.023547715,0
img_07792_2023,0.0,0.8958112,1
img_07808_2023,0.0,0.8374617,1
img_07785_2023,0.0,0.026273392,0
img_07802_2023,0.0,0.13037668,0
img_07814_2023,0.0,0.055411108,0
img_07803_2023,0.0,0.054696653,0
img_07805_2023,0.0,0.130598,0
img_07806_2023,0.0,0.04701651,0
img_07819_2023,0.0,0.9283009,1
img_07813_2023,0.0,0.88433826,1
img_07820_2023,0.0,0.20018762,0
img_07800_2023,0.0,0.020349428,0
img_07823_2023,0.0,0.11012926,0
img_07810_2023,0.0,0.120075256,0
img_07821_2023,0.0,0.09727389,0
img_07817_2023,0.0,0.4656432,0
img_07831_2023,0.0,0.4535582,0
img_07829_2023,0.0,0.5273592,0
img_07833_2023,0.0,0.1589021,0
img_07837_2023,0.0,0.5824073,0
img_07836_2023,0.0,0.9733969,1
img_07839_2023,0.0,0.1052798,0
img_07822_2023,0.0,0.0633909,0
img_07838_2023,0.0,0.046293102,0
img_07842_2023,0.0,0.18105897,0
img_07844_2023,0.0,0.1825685,0
img_07828_2023,0.0,0.0724685,0
img_07841_2023,0.0,0.20194387,0
img_07843_2023,0.0,0.3784662,0
img_07834_2023,0.0,0.07140804,0
img_07840_2023,0.0,0.036548585,0
img_07846_2023,0.0,0.06276519,0
img_07848_2023,0.0,0.033138808,0
img_07858_2023,0.0,0.071435,0
img_07855_2023,0.0,0.12568073,0
img_07854_2023,0.0,0.058203403,0
img_07807_p02_2023,0.0,0.026666073,0
img_07856_2023,0.0,0.2481743,0
img_07859_2023,0.0,0.056889124,0
img_07863_2023,0.0,0.070808485,0
img_07865_2023,0.0,0.2960001,0
img_07866_2023,0.0,0.36805078,0
img_07860_2023,0.0,0.13888504,0
img_07868_2023,0.0,0.5592841,0
img_07873_2023,0.0,0.5787742,0
img_07871_2023,0.0,0.7339406,0
img_07870_2023,0.0,0.12553835,0
img_07869_2023,0.0,0.30058494,0
img_07872_2023,0.0,0.06826392,0
img_07876_2023,0.0,0.039647516,0
img_07883_2023,0.0,0.07491388,0
img_07875_2023,0.0,0.16602886,0
img_07880_2023,0.0,0.15515764,0
img_07879_2023,0.0,0.03425579,0
img_07877_2023,0.0,0.062921435,0
img_07890_2023,0.0,0.2068981,0
img_07893_2023,0.0,0.63653046,0
img_07891_2023,0.0,0.09699484,0
img_07889_2023,0.0,0.17536648,0
img_07896_2023,0.0,0.27847114,0
img_07888_2023,0.0,0.9526621,1
img_07903_2023,0.0,0.5790111,0
img_07902_2023,0.0,0.2071765,0
img_07899_2023,0.0,0.026618836,0
img_07906_2023,0.0,0.04553044,0
img_07885_p01_2023,0.0,0.1023847,0
img_07885_p02_2023,0.0,0.056143124,0
img_07897_2023,0.0,0.055360727,0
img_07915_2023,0.0,0.71573895,0
img_07912_2023,0.0,0.16892567,0
img_07914_2023,0.0,0.14520782,0
img_07918_2023,0.0,0.5297316,0
img_07917_2023,0.0,0.1073968,0
img_07928_2023,0.0,0.10224788,0
img_07923_2023,0.0,0.05953239,0
img_07913_2023,0.0,0.13631365,0
img_07929_2023,0.0,0.10442394,0
img_07932_2023,0.0,0.06883772,0
img_07931_2023,0.0,0.08903467,0
img_07935_2023,0.0,0.11846176,0
img_07937_2023,0.0,0.07020614,0
img_07942_2023,0.0,0.18157467,0
img_07940_2023,0.0,0.18252678,0
img_07936_2023,0.0,0.27434424,0
img_07938_2023,0.0,0.15910837,0
img_07939_2023,0.0,0.8754585,1
img_07916_2023,0.0,0.8239116,1
img_07943_2023,0.0,0.1649502,0
img_07946_2023,0.0,0.19393802,0
img_07949_2023,0.0,0.07026858,0
img_07947_2023,0.0,0.10844191,0
img_07952_2023,0.0,0.4870837,0
img_07933_2023,0.0,0.14988314,0
img_07954_2023,0.0,0.3064128,0
img_07955_2023,0.0,0.42193553,0
img_07956_2023,0.0,0.5517772,0
img_07963_2023,0.0,0.05394199,0
img_07958_2023,0.0,0.1396501,0
img_07960_2023,0.0,0.6256862,0
img_07948_p01_2023,0.0,0.050093424,0
img_07948_p02_2023,0.0,0.057076566,0
img_07959_2023,0.0,0.08203008,0
img_07966_2023,0.0,0.08465624,0
img_07967_2023,0.0,0.06365393,0
img_07969_2023,0.0,0.39878547,0
img_07922_p01_2023,0.0,0.07251542,0
img_07922_p02_2023,0.0,0.043568,0
img_07922_p03_2023,0.0,0.15635802,0
img_07922_p04_2023,0.0,0.036009282,0
img_07968_2023,0.0,0.11273613,0
img_07962_2023,0.0,0.39552355,0
img_07975_2023,0.0,0.04694008,0
img_07977_2023,0.0,0.6381405,0
img_07974_2023,0.0,0.04407037,0
img_07980_2023,0.0,0.14162087,0
img_07987_2023,0.0,0.11406518,0
img_07983_2023,0.0,0.0609628,0
img_07886_p01_2023,0.0,0.058905076,0
img_07886_p02_2023,0.0,0.03200948,0
img_07886_p03_2023,0.0,0.050686616,0
img_07886_p04_2023,0.0,0.062848836,0
img_07986_2023,0.0,0.05417307,0
img_07989_2023,0.0,0.04211362,0
img_07990_2023,0.0,0.19429809,0
img_07991_2023,0.0,0.09636488,0
img_07994_2023,0.0,0.09393014,0
img_07996_2023,0.0,0.61574674,0
img_07978_2023,0.0,0.1452127,0
img_07997_2023,0.0,0.031592995,0
img_08000_2023,0.0,0.7337131,0
img_07982_2023,0.0,0.45918825,0
img_08003_2023,0.0,0.25213227,0
img_08001_2023,0.0,0.17612167,0
img_07953_p02_2023,0.0,0.043507617,0
img_07953_p03_2023,0.0,0.021384593,0
img_07953_p04_2023,0.0,0.022543386,0
img_08010_2023,0.0,0.58715636,0
img_08007_2023,0.0,0.028184023,0
img_08009_2023,0.0,0.14538106,0
img_08012_2023,0.0,0.2854267,0
img_08016_2023,0.0,0.2654261,0
img_08017_2023,0.0,0.06314917,0
img_08008_2023,0.0,0.33578712,0
img_08018_2023,0.0,0.20364918,0
img_08011_2023,0.0,0.02354659,0
img_08020_2023,0.0,0.3458335,0
img_08021_2023,0.0,0.13375755,0
img_07961_p01_2023,0.0,0.023616401,0
img_07961_p02_2023,0.0,0.036778774,0
img_07961_p03_2023,0.0,0.05659202,0
img_07961_p04_2023,0.0,0.052083828,0
img_08019_2023,0.0,0.050339464,0
img_08013_2023,0.0,0.8199447,1
img_08025_2023,0.0,0.48218057,0
img_08023_2023,0.0,0.1278734,0
img_08026_2023,0.0,0.6065291,0
img_08022_2023,0.0,0.05888387,0
img_08024_2023,0.0,0.6598219,0
img_08030_2023,0.0,0.04139911,0
img_08032_2023,0.0,0.70039696,0
img_08028_2023,0.0,0.17897587,0
img_08029_2023,0.0,0.55224186,0
img_08034_2023,0.0,0.12705748,0
img_08033_2023,0.0,0.41353333,0
img_08036_2023,0.0,0.7590892,1
img_08038_2023,0.0,0.05972724,0
img_08046_2023,0.0,0.24189447,0
img_08044_2023,0.0,0.14345983,0
img_08047_2023,0.0,0.79950804,1
img_08042_2023,0.0,0.2078412,0
img_08043_2023,0.0,0.48385245,0
img_08045_2023,0.0,0.35478798,0
img_08039_2023,0.0,0.5928084,0
img_08049_2023,0.0,0.57936895,0
img_08041_2023,0.0,0.31947106,0
img_08052_2023,0.0,0.23232426,0
img_08053_2023,0.0,0.1520458,0
img_08055_2023,0.0,0.37056726,0
img_08054_2023,0.0,0.4471286,0
img_08051_2023,0.0,0.25947303,0
img_08050_2023,0.0,0.3878675,0
img_08057_2023,0.0,0.24516669,0
img_08048_2023,0.0,0.059940748,0
img_08063_2023,0.0,0.06314806,0
img_08059_2023,0.0,0.26753166,0
img_08056_2023,0.0,0.9294021,1
img_08065_2023,0.0,0.5085456,0
img_08058_2023,0.0,0.022867909,0
img_08067_2023,0.0,0.26798382,0
img_08062_2023,0.0,0.23602478,0
img_08073_2023,0.0,0.80988836,1
img_08071_2023,0.0,0.3008,0
img_08070_2023,0.0,0.1527413,0
img_08061_2023,0.0,0.12196795,0
img_08072_2023,0.0,0.5130454,0
img_07965_p01_2023,0.0,0.023102244,0
img_07965_p02_2023,0.0,0.033677045,0
img_07965_p03_2023,0.0,0.04548394,0
img_07965_p04_2023,0.0,0.018760812,0
img_07965_p05_2023,0.0,0.041809265,0
img_08066_2023,0.0,0.06732836,0
img_08078_2023,0.0,0.3842032,0
img_08069_2023,0.0,0.9499865,1
img_08077_2023,0.0,0.087049425,0
img_08083_2023,0.0,0.3392283,0
img_08075_2023,0.0,0.039511394,0
img_08074_2023,0.0,0.04168473,0
img_08006_p01_2023,0.0,0.6592418,0
img_08006_p02_2023,0.0,0.59348375,0
img_08006_p03_2023,0.0,0.798041,1
img_08006_p04_2023,0.0,0.8687193,1
img_08081_2023,0.0,0.652479,0
img_08086_2023,0.0,0.70550805,0
img_08084_2023,0.0,0.36450237,0
img_08076_2023,0.0,0.15064822,0
img_08088_2023,0.0,0.077746324,0
img_08085_2023,0.0,0.6149127,0
img_08093_2023,0.0,0.067403845,0
img_08096_2023,0.0,0.23453505,0
img_08097_2023,0.0,0.021084325,0
img_08099_2023,0.0,0.114799865,0
img_08098_2023,0.0,0.27799526,0
img_08094_2023,0.0,0.04611422,0
img_08100_2023,0.0,0.19576928,0
img_08102_2023,0.0,0.3685608,0
img_08103_2023,0.0,0.17429924,0
img_08095_2023,0.0,0.7917984,1
img_08101_2023,0.0,0.17635572,0
img_08104_2023,0.0,0.3359079,0
img_08106_2023,0.0,0.05497539,0
img_08109_2023,0.0,0.9055607,1
img_08111_2023,0.0,0.08304695,0
img_08110_2023,0.0,0.51470566,0
img_08107_2023,0.0,0.19847398,0
img_08115_2023,0.0,0.91076446,1
img_08122_2023,0.0,0.26902476,0
img_08112_2023,0.0,0.14132926,0
img_08114_2023,0.0,0.21385117,0
img_08116_2023,0.0,0.06761735,0
img_08120_2023,0.0,0.72324455,0
img_08108_2023,0.0,0.08462739,0
img_08123_2023,0.0,0.31101906,0
img_08126_2023,0.0,0.16948183,0
img_08124_2023,0.0,0.8561445,1
img_08127_2023,0.0,0.036305796,0
img_08117_2023,0.0,0.9682617,1
img_08128_2023,0.0,0.11211402,0
img_08131_2023,0.0,0.2689267,0
img_08140_2023,0.0,0.7804981,1
img_08134_2023,0.0,0.72168106,0
img_08135_2023,0.0,0.42403826,0
img_08137_2023,0.0,0.6357803,0
img_08138_2023,0.0,0.031982075,0
img_08125_2023,0.0,0.028509444,0
img_08142_2023,0.0,0.24876328,0
img_08145_2023,0.0,0.038062215,0
img_08139_2023,0.0,0.046332583,0
img_08143_2023,0.0,0.771375,1
img_08146_2023,0.0,0.5979414,0
img_08087_p01_2023,0.0,0.8828883,1
img_08087_p02_2023,0.0,0.13440245,0
img_08087_p03_2023,0.0,0.44559494,0
img_08087_p04_2023,0.0,0.85995245,1
img_08154_2023,0.0,0.12860522,0
img_08151_2023,0.0,0.1415311,0
img_08147_2023,0.0,0.17067748,0
img_08148_2023,0.0,0.65619755,0
img_08156_2023,0.0,0.09786748,0
img_08141_2023,0.0,0.14780375,0
img_08152_2023,0.0,0.39241037,0
img_08155_2023,0.0,0.04109454,0
img_08150_2023,0.0,0.04495888,0
img_08149_2023,0.0,0.7621066,1
img_08157_2023,0.0,0.1838233,0
img_08132_2023,0.0,0.04225386,0
img_08144_2023,0.0,0.8955342,1
img_08160_2023,0.0,0.63525456,0
img_08164_2023,0.0,0.046277937,0
img_08165_2023,0.0,0.6632041,0
img_08169_2023,0.0,0.2724523,0
img_08166_2023,0.0,0.0339971,0
img_08176_2023,0.0,0.5840265,0
img_08173_2023,0.0,0.3458971,0
img_08170_2023,0.0,0.96477735,1
img_08171_2023,0.0,0.20511483,0
img_08163_2023,0.0,0.9674603,1
img_08175_2023,0.0,0.7198137,0
img_08179_2023,0.0,0.10127714,0
img_08181_2023,0.0,0.1774528,0
img_08178_2023,0.0,0.0831061,0
img_08184_2023,0.0,0.19849387,0
img_08182_2023,0.0,0.11727634,0
img_08180_2023,0.0,0.6310104,0
img_08185_2023,0.0,0.5820206,0
img_08193_2023,0.0,0.14480945,0
img_08187_2023,0.0,0.13676329,0
img_08191_2023,0.0,0.7077234,0
img_08192_2023,0.0,0.90260464,1
img_08190_2023,0.0,0.39227998,0
img_08197_2023,0.0,0.18587963,0
img_08198_2023,0.0,0.6991943,0
img_08188_2023,0.0,0.095494695,0
img_08196_2023,0.0,0.1000321,0
img_08199_2023,0.0,0.3139785,0
img_08205_2023,0.0,0.2901593,0
img_08194_2023,0.0,0.09565532,0
img_08204_2023,0.0,0.9760035,1
img_08207_2023,0.0,0.33081797,0
img_08203_2023,0.0,0.03682919,0
img_08208_2023,0.0,0.5988713,0
img_08211_2023,0.0,0.93789524,1
img_08200_2023,0.0,0.049454983,0
img_08210_2023,0.0,0.50792223,0
img_08206_2023,0.0,0.7245751,0
img_08209_2023,0.0,0.3691352,0
img_08212_2023,0.0,0.27277774,0
img_08215_2023,0.0,0.87460357,1
img_08219_2023,0.0,0.767131,1
img_08221_2023,0.0,0.38988993,0
img_08220_2023,0.0,0.9362276,1
img_08218_2023,0.0,0.69155353,0
img_08223_2023,0.0,0.10412807,0
img_08214_2023,0.0,0.13338578,0
img_08225_2023,0.0,0.031222405,0
img_08224_2023,0.0,0.34644157,0
img_08217_2023,0.0,0.12717773,0
img_08216_2023,0.0,0.064684376,0
img_08228_2023,0.0,0.1823878,0
img_08229_2023,0.0,0.38491964,0
img_08230_2023,0.0,0.29984003,0
img_08233_2023,0.0,0.8813195,1
img_08239_2023,0.0,0.39577606,0
img_08234_2023,0.0,0.23219424,0
img_08231_2023,0.0,0.3382352,0
img_08240_2023,0.0,0.4879197,0
img_08237_2023,0.0,0.8232293,1
img_08232_2023,0.0,0.95542115,1
img_08244_2023,0.0,0.9785019,1
img_08241_2023,0.0,0.48551446,0
img_08242_2023,0.0,0.19545712,0
img_08243_2023,0.0,0.22934392,0
img_08246_2023,0.0,0.037033904,0
img_08236_2023,0.0,0.41499043,0
img_08189_p01_2023,0.0,0.6952818,0
img_08189_p02_2023,0.0,0.6164455,0
img_08189_p03_2023,0.0,0.71557355,0
img_08245_2023,0.0,0.55437183,0
img_08248_2023,0.0,0.022963325,0
img_08253_2023,0.0,0.87162375,1
img_08202_p01_2023,0.0,0.70314413,0
img_08202_p02_2023,0.0,0.9572589,1
img_08254_2023,0.0,0.04506302,0
img_08251_2023,0.0,0.61217654,0
img_08252_2023,0.0,0.40199706,0
img_08250_2023,0.0,0.10673463,0
img_08257_2023,0.0,0.6977088,0
img_08256_2023,0.0,0.039854884,0
img_08258_2023,0.0,0.6711942,0
img_08249_2023,0.0,0.8813349,1
img_08255_2023,0.0,0.83737814,1
img_08261_2023,0.0,0.3824905,0
img_08263_2023,0.0,0.054944072,0
img_08259_2023,0.0,0.7520005,1
img_08262_2023,0.0,0.9540609,1
img_08267_2023,0.0,0.20493929,0
img_08268_2023,0.0,0.83201796,1
img_08264_2023,0.0,0.92893314,1
img_08276_2023,0.0,0.3693703,0
img_08275_2023,0.0,0.24829309,0
img_08271_2023,0.0,0.39677975,0
img_08272_2023,0.0,0.45066354,0
img_08277_2023,0.0,0.10446026,0
img_08279_2023,0.0,0.07679135,0
img_08278_2023,0.0,0.21862833,0
img_08274_2023,0.0,0.104578614,0
img_08283_2023,0.0,0.81330717,1
img_08282_2023,0.0,0.06673714,0
img_08281_2023,0.0,0.2805619,0
img_08280_2023,0.0,0.98592734,1
img_08288_2023,0.0,0.12087462,0
img_08290_2023,0.0,0.04026963,0
img_08295_2023,0.0,0.9457501,1
img_08294_2023,0.0,0.088562824,0
img_08297_2023,0.0,0.19697061,0
img_08292_2023,0.0,0.55691963,0
img_08304_2023,0.0,0.46533155,0
img_08300_2023,0.0,0.04352149,0
img_08299_2023,0.0,0.3428862,0
img_08298_2023,0.0,0.053379234,0
img_08308_2023,0.0,0.1914815,0
img_08302_2023,0.0,0.52059025,0
img_08310_2023,0.0,0.14528264,0
img_08303_2023,0.0,0.9108145,1
img_08309_2023,0.0,0.031933516,0
img_08311_2023,0.0,0.096165754,0
img_08314_2023,0.0,0.11957748,0
img_08312_2023,0.0,0.59620357,0
img_08315_2023,0.0,0.55361205,0
img_08318_2023,0.0,0.58931005,0
img_08317_2023,0.0,0.33037907,0
img_08322_2023,0.0,0.08013615,0
img_08325_2023,0.0,0.5162358,0
img_08324_2023,0.0,0.03186313,0
img_08320_2023,0.0,0.32854593,0
img_08321_2023,0.0,0.33408925,0
img_08319_2023,0.0,0.7561316,1
img_08313_2023,0.0,0.4106431,0
img_08326_2023,0.0,0.029454835,0
img_08323_2023,0.0,0.36028457,0
img_08328_2023,0.0,0.18813759,0
img_08332_2023,0.0,0.62675697,0
img_08331_2023,0.0,0.36484385,0
img_08334_2023,0.0,0.14783715,0
img_08337_2023,0.0,0.62758034,0
img_08333_2023,0.0,0.8791723,1
img_08336_2023,0.0,0.034212966,0
img_08329_2023,0.0,0.85037684,1
img_08341_2023,0.0,0.8804015,1
img_08338_2023,0.0,0.7002647,0
img_08335_2023,0.0,0.17056434,0
img_08342_2023,0.0,0.8258371,1
img_08340_2023,0.0,0.061414447,0
img_08343_2023,0.0,0.49271044,0
img_08344_2023,0.0,0.06339788,0
img_08349_2023,0.0,0.25541613,0
img_08339_2023,0.0,0.25666565,0
img_08348_2023,0.0,0.038807306,0
img_08351_2023,0.0,0.9048733,1
img_08347_2023,0.0,0.5242001,0
img_08350_2023,0.0,0.89438605,1
img_08356_2023,0.0,0.83460903,1
img_08355_2023,0.0,0.81818616,1
img_08358_2023,0.0,0.6139201,0
img_08359_2023,0.0,0.30231506,0
img_08368_2023,0.0,0.80724347,1
img_08367_2023,0.0,0.2606611,0
img_08361_2023,0.0,0.516906,0
img_08366_2023,0.0,0.477832,0
img_08364_2023,0.0,0.75005156,1
img_08363_2023,0.0,0.068121254,0
img_08362_2023,0.0,0.07980936,0
img_08357_2023,0.0,0.9237612,1
img_08371_2023,0.0,0.65979487,0
img_08373_2023,0.0,0.15661445,0
img_08370_2023,0.0,0.058329493,0
img_08374_2023,0.0,0.90624416,1
img_08372_2023,0.0,0.03800601,0
img_08365_2023,0.0,0.9455963,1
img_08375_2023,0.0,0.33968446,0
img_08376_2023,0.0,0.89126104,1
img_08378_2023,0.0,0.9458302,1
img_08379_2023,0.0,0.1308386,0
img_08383_2023,0.0,0.22400245,0
img_08381_2023,0.0,0.551562,0
img_08388_2023,0.0,0.6811374,0
img_08382_2023,0.0,0.4762237,0
img_08390_2023,0.0,0.029125437,0
img_08380_2023,0.0,0.68301225,0
img_08386_2023,0.0,0.038327474,0
img_08392_2023,0.0,0.045709472,0
img_08391_2023,0.0,0.3542934,0
img_08393_2023,0.0,0.23335935,0
img_08394_2023,0.0,0.74862474,1
img_08389_2023,0.0,0.083469756,0
img_08354_p01_2023,0.0,0.53629506,0
img_08354_p02_2023,0.0,0.76403797,1
img_08397_2023,0.0,0.27754998,0
img_08399_2023,0.0,0.09148645,0
img_08395_2023,0.0,0.89974606,1
img_08396_2023,0.0,0.96918565,1
img_08406_2023,0.0,0.29701877,0
img_08402_2023,0.0,0.43668076,0
img_08401_2023,0.0,0.39102295,0
img_08398_2023,0.0,0.5569894,0
img_08410_2023,0.0,0.48765773,0
img_08400_2023,0.0,0.54713744,0
img_08407_2023,0.0,0.56329316,0
img_08404_2023,0.0,0.50392044,0
img_08408_2023,0.0,0.74152255,1
img_08409_2023,0.0,0.8637497,1
img_08405_2023,0.0,0.88037115,1
img_08412_2023,0.0,0.4869902,0
img_08418_2023,0.0,0.61316854,0
img_08414_2023,0.0,0.36498362,0
img_08420_2023,0.0,0.2433034,0
img_08424_2023,0.0,0.047359414,0
img_08416_2023,0.0,0.9387199,1
img_08425_2023,0.0,0.033176016,0
img_08415_2023,0.0,0.30106977,0
img_08427_2023,0.0,0.5821033,0
img_08426_2023,0.0,0.12560283,0
img_08422_2023,0.0,0.24667005,0
img_08428_2023,0.0,0.13945279,0
img_08430_2023,0.0,0.08862641,0
img_08429_2023,0.0,0.046463173,0
img_08419_2023,0.0,0.050258912,0
img_08432_2023,0.0,0.11626406,0
img_08431_2023,0.0,0.087713405,0
img_08433_2023,0.0,0.7124374,0
img_08435_2023,0.0,0.020860925,0
img_08436_2023,0.0,0.30840135,0
img_08439_2023,0.0,0.5617716,0
img_08434_2023,0.0,0.21966211,0
img_08438_2023,0.0,0.06564596,0
img_08441_2023,0.0,0.85473686,1
img_08444_2023,0.0,0.7968396,1
img_08440_2023,0.0,0.3162327,0
img_08442_2023,0.0,0.06569851,0
img_08449_2023,0.0,0.9345445,1
img_08448_2023,0.0,0.12272556,0
img_08450_2023,0.0,0.9778528,1
img_08454_2023,0.0,0.2640956,0
img_08452_2023,0.0,0.2463872,0
img_08447_2023,0.0,0.8749599,1
img_08445_2023,0.0,0.85711086,1
img_08455_2023,0.0,0.046713002,0
img_08446_2023,0.0,0.07689185,0
img_08453_2023,0.0,0.040263135,0
img_08457_2023,0.0,0.7648254,1
img_08460_2023,0.0,0.50233424,0
img_08458_2023,0.0,0.029718995,0
img_08462_2023,0.0,0.87980086,1
img_08459_2023,0.0,0.22674894,0
img_08468_2023,0.0,0.03539423,0
img_08463_2023,0.0,0.792189,1
img_08464_2023,0.0,0.040537994,0
img_08469_2023,0.0,0.31343845,0
img_08470_2023,0.0,0.5010257,0
img_08471_2023,0.0,0.10455497,0
img_08474_2023,0.0,0.11705679,0
img_08461_2023,0.0,0.6287611,0
img_08473_2023,0.0,0.25561464,0
img_08466_2023,0.0,0.02628433,0
img_08476_2023,0.0,0.31363133,0
img_08477_2023,0.0,0.033242904,0
img_08475_2023,0.0,0.08330845,0
img_08478_2023,0.0,0.9112986,1
img_08482_2023,0.0,0.9028786,1
img_08487_2023,0.0,0.62559736,0
img_08484_2023,0.0,0.045502428,0
img_08488_2023,0.0,0.2937332,0
img_08483_2023,0.0,0.09192382,0
img_08479_2023,0.0,0.45026365,0
img_08490_2023,0.0,0.18280104,0
img_08485_2023,0.0,0.12428796,0
img_08492_2023,0.0,0.78679127,1
img_08486_2023,0.0,0.40040812,0
img_08481_2023,0.0,0.5842638,0
img_08489_2023,0.0,0.054040667,0
img_08493_2023,0.0,0.07470588,0
img_06799_p01_2023,0.0,0.08912459,0
img_06799_p02_2023,0.0,0.037576545,0
img_06799_p06_2023,0.0,0.050311778,0
img_06799_p07_2023,0.0,0.041918706,0
img_06799_p08_2023,0.0,0.058394656,0
img_06799_p09_2023,0.0,0.028391493,0
img_06799_p10_2023,0.0,0.044352543,0
img_06799_p11_2023,0.0,0.032274984,0
img_06799_p12_2023,0.0,0.1304395,0
img_06799_p13_2023,0.0,0.63723826,0
img_06799_p15_2023,0.0,0.034324903,0
img_06799_p16_2023,0.0,0.04061295,0
img_06799_p17_2023,0.0,0.025274487,0
img_06799_p18_2023,0.0,0.026938228,0
img_06799_p19_2023,0.0,0.04499181,0
img_06799_p20_2023,0.0,0.11825313,0
img_06799_p21_2023,0.0,0.11284417,0
img_06799_p22_2023,0.0,0.0837238,0
img_06799_p23_2023,0.0,0.071082324,0
img_06799_p24_2023,0.0,0.043121,0
img_06799_p25_2023,0.0,0.033985976,0
img_06799_p26_2023,0.0,0.055124253,0
img_06799_p27_2023,0.0,0.03603745,0
img_06799_p28_2023,0.0,0.08973478,0
img_06799_p29_2023,0.0,0.054011595,0
img_06799_p30_2023,0.0,0.33016336,0
img_06799_p31_2023,0.0,0.15348147,0
img_06799_p32_2023,0.0,0.15735321,0
img_06799_p33_2023,0.0,0.06815872,0
img_06799_p34_2023,0.0,0.02444908,0
img_06799_p35_2023,0.0,0.028180575,0
img_06799_p36_2023,0.0,0.047971353,0
img_06799_p37_2023,0.0,0.06737157,0
img_06799_p38_2023,0.0,0.020466933,0
img_06799_p39_2023,0.0,0.3170056,0
img_06799_p40_2023,0.0,0.023682725,0
img_06799_p41_2023,0.0,0.04674804,0
img_06799_p42_2023,0.0,0.02705713,0
img_06799_p43_2023,0.0,0.024187524,0
img_06799_p44_2023,0.0,0.10035811,0
img_06799_p45_2023,0.0,0.12898202,0
