id_sample,y_true,model_probability,final_threshold_prediction
img_00019_2024,1.0,0.05305249,0
img_00004_2024,1.0,0.039251134,0
img_00018_2024,1.0,0.06927985,0
img_00005_2024,1.0,0.82719404,1
img_00008_2024,1.0,0.9047313,1
img_00016_2024,1.0,0.98018473,1
img_00007_2024,1.0,0.8123876,1
img_00003_2024,1.0,0.94166154,1
img_00009_2024,1.0,0.89302844,1
img_00017_2024,1.0,0.09803408,0
img_00006_2024,1.0,0.36276737,0
img_00010_2024,1.0,0.06870691,0
img_00002_2024,1.0,0.7916823,1
img_00015_2024,1.0,0.06479288,0
img_00001_2024,1.0,0.980645,1
img_00014_2024,1.0,0.96729106,1
img_00020_2024,1.0,0.04893483,0
img_00021_2024,1.0,0.12534931,0
img_00024_2024,1.0,0.036003716,0
img_00013_2024,1.0,0.95118034,1
img_00022_2024,1.0,0.9824127,1
img_00026_2024,1.0,0.08684789,0
img_00023_2024,1.0,0.04777075,0
img_00034_2024,1.0,0.90841734,1
img_00025_2024,1.0,0.09569606,0
img_00028_2024,1.0,0.08072992,0
img_00032_2024,1.0,0.9655925,1
img_00033_2024,1.0,0.81807643,1
img_00031_2024,1.0,0.47713253,0
img_00036_2024,1.0,0.26288664,0
img_00029_2024,1.0,0.91754866,1
img_00037_2024,1.0,0.057429824,0
img_00035_2024,1.0,0.9283525,1
img_00041_2024,1.0,0.9530669,1
img_00040_2024,1.0,0.9672609,1
img_00042_2024,1.0,0.9508939,1
img_00039_2024,1.0,0.40232483,0
img_00044_2024,1.0,0.6698344,0
img_00045_2024,1.0,0.8997457,1
img_00049_2024,1.0,0.41724172,0
img_00048_2024,1.0,0.10679085,0
img_00043_2024,1.0,0.51935613,0
img_00050_2024,1.0,0.14429528,0
img_00046_2024,1.0,0.3853063,0
img_00047_2024,1.0,0.9767709,1
img_00052_2024,1.0,0.9516774,1
img_00053_2024,1.0,0.78070295,0
img_00056_2024,1.0,0.7829132,0
img_00058_2024,1.0,0.06598403,0
img_00055_2024,1.0,0.97779465,1
img_00054_2024,1.0,0.8211916,1
img_00061_2024,1.0,0.97819614,1
img_00060_2024,1.0,0.9746791,1
img_00063_2024,1.0,0.84899914,1
img_00062_2024,1.0,0.8755005,1
img_00059_2024,1.0,0.097019605,0
img_00011_p01_2024,1.0,0.97407407,1
img_00011_p02_2024,1.0,0.9795855,1
img_00011_p03_2024,1.0,0.95399624,1
img_00057_2024,1.0,0.9749473,1
img_00030_p01_2024,1.0,0.431558,0
img_00030_p02_2024,1.0,0.20178062,0
img_00030_p03_2024,1.0,0.43395662,0
img_00067_2024,1.0,0.980435,1
img_00065_2024,1.0,0.9733623,1
img_00070_2024,1.0,0.9796743,1
img_00068_2024,1.0,0.1293324,0
img_00071_2024,1.0,0.048161402,0
img_00069_2024,1.0,0.9769082,1
img_00051_p01_2024,1.0,0.059583925,0
img_00051_p02_2024,1.0,0.070656665,0
img_00077_2024,1.0,0.82640475,1
img_00064_2024,1.0,0.9581697,1
img_00075_2024,1.0,0.9678022,1
img_00078_2024,1.0,0.8900376,1
img_00076_2024,1.0,0.97917044,1
img_00073_2024,1.0,0.08515017,0
img_00072_2024,1.0,0.9219153,1
img_00079_2024,1.0,0.92661065,1
img_00080_2024,1.0,0.26083598,0
img_00074_2024,1.0,0.9364153,1
img_00081_2024,1.0,0.9597986,1
img_00084_2024,1.0,0.6305777,0
img_00085_2024,1.0,0.564273,0
img_00083_2024,1.0,0.8266062,1
img_00082_2024,1.0,0.8320672,1
img_00038_p01_2024,1.0,0.9725437,1
img_00038_p02_2024,1.0,0.980094,1
img_00038_p03_2024,1.0,0.97931975,1
img_00038_p04_2024,1.0,0.97771025,1
img_00092_2024,1.0,0.0555098,0
img_00086_2024,1.0,0.8464351,1
img_00000_p01_2024,1.0,0.9786644,1
img_00000_p02_2024,1.0,0.98120373,1
img_00000_p03_2024,1.0,0.9762066,1
img_00000_p04_2024,1.0,0.9731612,1
img_00091_2024,1.0,0.047419365,0
img_00088_2024,1.0,0.9672624,1
img_00089_2024,1.0,0.058071118,0
img_00095_2024,1.0,0.07998044,0
img_00096_2024,1.0,0.20259593,0
img_00097_2024,1.0,0.6255002,0
img_00093_2024,1.0,0.58232087,0
img_00094_2024,1.0,0.9820192,1
img_00099_2024,1.0,0.91323584,1
img_00103_2024,1.0,0.96958154,1
img_00102_2024,1.0,0.93874484,1
img_00104_2024,1.0,0.26170203,0
img_00090_2024,1.0,0.91742384,1
img_00100_2024,1.0,0.86915207,1
img_00106_2024,1.0,0.9468883,1
img_00111_2024,1.0,0.9517105,1
img_00107_2024,1.0,0.42333233,0
img_00101_2024,1.0,0.31575072,0
img_00113_2024,1.0,0.9769348,1
img_00117_2024,1.0,0.978449,1
img_00108_2024,1.0,0.60240763,0
img_00109_2024,1.0,0.92970216,1
img_00116_2024,1.0,0.9712592,1
img_00110_2024,1.0,0.9018831,1
img_00112_2024,1.0,0.97138256,1
img_00118_2024,1.0,0.39791635,0
img_00012_p01_2024,1.0,0.88515615,1
img_00012_p02_2024,1.0,0.3634282,0
img_00012_p03_2024,1.0,0.11538538,0
img_00012_p04_2024,1.0,0.16510464,0
img_00012_p05_2024,1.0,0.096935965,0
img_00012_p06_2024,1.0,0.042982336,0
img_00115_2024,1.0,0.9807972,1
img_00119_2024,1.0,0.1270298,0
img_00122_2024,1.0,0.9032197,1
img_00123_2024,1.0,0.9790795,1
img_00105_p01_2024,1.0,0.9513832,1
img_00105_p02_2024,1.0,0.93184257,1
img_00121_2024,1.0,0.08989758,0
img_00126_2024,1.0,0.9644161,1
img_00132_2024,1.0,0.9797856,1
img_00125_2024,1.0,0.90967995,1
img_00129_2024,1.0,0.86363244,1
img_00127_2024,1.0,0.20238283,0
img_00124_2024,1.0,0.9720576,1
img_00135_2024,1.0,0.9788496,1
img_00134_2024,1.0,0.9822689,1
img_00137_2024,1.0,0.5835788,0
img_00133_2024,1.0,0.9819604,1
img_00138_2024,1.0,0.92846966,1
img_00120_p01_2024,1.0,0.97880495,1
img_00120_p02_2024,1.0,0.9818139,1
img_00142_2024,1.0,0.87866163,1
img_00141_2024,1.0,0.06459518,0
img_00087_p01_2024,1.0,0.98095936,1
img_00087_p02_2024,1.0,0.9789226,1
img_00087_p03_2024,1.0,0.9237337,1
img_00087_p04_2024,1.0,0.97591794,1
img_00131_p01_2024,1.0,0.97692436,1
img_00131_p02_2024,1.0,0.97168237,1
img_00139_2024,1.0,0.97472614,1
img_00140_2024,1.0,0.97680646,1
img_00143_2024,1.0,0.86776143,1
img_00147_2024,1.0,0.9417982,1
img_00144_2024,1.0,0.98194134,1
img_00150_2024,1.0,0.98074955,1
img_00148_2024,1.0,0.6234429,0
img_00128_p01_2024,1.0,0.98211426,1
img_00128_p02_2024,1.0,0.9766515,1
img_00114_p01_2024,1.0,0.92691374,1
img_00114_p02_2024,1.0,0.7117016,0
img_00114_p03_2024,1.0,0.40571457,0
img_00114_p04_2024,1.0,0.25606278,0
img_00152_2024,1.0,0.9698779,1
img_00145_2024,1.0,0.48229438,0
img_00155_2024,1.0,0.047396857,0
img_00149_2024,1.0,0.97636867,1
img_00151_2024,1.0,0.6022979,0
img_00156_2024,1.0,0.03722391,0
img_00136_p01_2024,1.0,0.96904993,1
img_00136_p02_2024,1.0,0.9808997,1
img_00157_2024,1.0,0.041575585,0
img_00158_2024,1.0,0.06272264,0
img_00159_2024,1.0,0.05876413,0
img_00162_2024,1.0,0.5419393,0
img_00163_2024,1.0,0.97509253,1
img_00160_2024,1.0,0.073999345,0
img_00146_p01_2024,1.0,0.93018633,1
img_00146_p02_2024,1.0,0.47903565,0
img_00167_2024,1.0,0.94859076,1
img_00165_2024,1.0,0.983421,1
img_00172_2024,1.0,0.968459,1
img_00164_2024,1.0,0.9741233,1
img_00170_2024,1.0,0.9294765,1
img_00171_2024,1.0,0.972063,1
img_00174_2024,1.0,0.98067033,1
img_00166_2024,1.0,0.84856635,1
img_00130_p01_2024,1.0,0.98159057,1
img_00130_p02_2024,1.0,0.9814218,1
img_00130_p03_2024,1.0,0.97035104,1
img_00130_p04_2024,1.0,0.9508497,1
img_00169_2024,1.0,0.86780965,1
img_00178_2024,1.0,0.9798249,1
img_00179_2024,1.0,0.9737403,1
img_00175_2024,1.0,0.96218413,1
img_00176_2024,1.0,0.8339505,1
img_00182_2024,1.0,0.87473583,1
img_00180_2024,1.0,0.9732237,1
img_00181_2024,1.0,0.8086543,1
img_00183_2024,1.0,0.9230706,1
img_00185_2024,1.0,0.7772761,0
img_00173_p01_2024,1.0,0.8864307,1
img_00173_p02_2024,1.0,0.94148684,1
img_00168_p01_2024,1.0,0.97743964,1
img_00168_p02_2024,1.0,0.9814362,1
img_00066_p01_2024,1.0,0.96632797,1
img_00066_p02_2024,1.0,0.95809054,1
img_00066_p03_2024,1.0,0.9633158,1
img_00066_p04_2024,1.0,0.9694015,1
img_00066_p05_2024,1.0,0.96377456,1
img_00066_p06_2024,1.0,0.8711396,1
img_00187_2024,1.0,0.975369,1
img_00189_2024,1.0,0.8490614,1
img_00190_2024,1.0,0.9790066,1
img_00191_2024,1.0,0.5062791,0
img_00194_2024,1.0,0.48486304,0
img_00196_2024,1.0,0.9772947,1
img_00192_2024,1.0,0.32193574,0
img_00198_2024,1.0,0.36426276,0
img_00193_2024,1.0,0.2538867,0
img_00195_2024,1.0,0.43342167,0
img_00199_2024,1.0,0.1317218,0
img_00201_2024,1.0,0.9083914,1
img_00202_2024,1.0,0.91287607,1
img_00203_2024,1.0,0.95929295,1
img_00200_2024,1.0,0.4985798,0
img_00204_2024,1.0,0.7761567,0
img_00177_p01_2024,1.0,0.9005063,1
img_00177_p02_2024,1.0,0.8667112,1
img_00206_2024,1.0,0.809554,1
img_00186_2024,1.0,0.9327125,1
img_00207_2024,1.0,0.049105532,0
img_00208_2024,1.0,0.5882462,0
img_00211_2024,1.0,0.0895868,0
img_00197_p01_2024,1.0,0.068046845,0
img_00197_p02_2024,1.0,0.9643316,1
img_00212_2024,1.0,0.97516465,1
img_00213_2024,1.0,0.98138696,1
img_00215_2024,1.0,0.95106214,1
img_00209_2024,1.0,0.96947217,1
img_00154_p01_2024,1.0,0.9768076,1
img_00154_p02_2024,1.0,0.9800239,1
img_00154_p03_2024,1.0,0.9760858,1
img_00154_p04_2024,1.0,0.97758615,1
img_00216_2024,1.0,0.9715109,1
img_00217_2024,1.0,0.980179,1
img_00220_2024,1.0,0.96292657,1
img_00223_2024,1.0,0.9551376,1
img_00221_2024,1.0,0.97240484,1
img_00153_p01_2024,1.0,0.9599345,1
img_00153_p02_2024,1.0,0.9652653,1
img_00153_p03_2024,1.0,0.9817717,1
img_00153_p04_2024,1.0,0.9815607,1
img_00153_p06_2024,1.0,0.98098755,1
img_00222_2024,1.0,0.5631081,0
img_00218_2024,1.0,0.9700759,1
img_00224_2024,1.0,0.38353708,0
img_00210_p01_2024,1.0,0.98031586,1
img_00210_p02_2024,1.0,0.9836504,1
img_00184_p01_2024,1.0,0.96419406,1
img_00184_p02_2024,1.0,0.9825593,1
img_00184_p03_2024,1.0,0.97161734,1
img_00184_p04_2024,1.0,0.9817407,1
img_00225_2024,1.0,0.97615314,1
img_00226_2024,1.0,0.96773225,1
img_00232_2024,1.0,0.88086635,1
img_00231_2024,1.0,0.7571615,0
img_00229_2024,1.0,0.9817615,1
img_00234_2024,1.0,0.9708973,1
img_00235_2024,1.0,0.5867777,0
img_00228_2024,1.0,0.97485197,1
img_00233_2024,1.0,0.049700495,0
img_00214_p01_2024,1.0,0.9711818,1
img_00214_p02_2024,1.0,0.959676,1
img_00227_2024,1.0,0.92945373,1
img_00239_2024,1.0,0.96937895,1
img_00188_p01_2024,1.0,0.91777253,1
img_00188_p03_2024,1.0,0.9784873,1
img_00188_p04_2024,1.0,0.97762156,1
img_00219_p01_2024,1.0,0.97224224,1
img_00219_p02_2024,1.0,0.9790411,1
img_00242_2024,1.0,0.5542341,0
img_00240_2024,1.0,0.38883767,0
img_00244_2024,1.0,0.82342464,1
img_00205_p01_2024,1.0,0.93448484,1
img_00205_p02_2024,1.0,0.9734823,1
img_00205_p03_2024,1.0,0.97599435,1
img_00205_p04_2024,1.0,0.928511,1
img_00243_2024,1.0,0.09570572,0
img_00246_2024,1.0,0.69925857,0
img_00245_2024,1.0,0.3682771,0
img_00247_2024,1.0,0.9413598,1
img_00250_2024,1.0,0.50616235,0
img_00248_2024,1.0,0.10320839,0
img_00251_2024,1.0,0.16702965,0
img_00249_2024,1.0,0.97929686,1
img_00237_p01_2024,1.0,0.7974021,1
img_00237_p02_2024,1.0,0.34618974,0
img_00253_2024,1.0,0.9632199,1
img_00252_2024,1.0,0.15055948,0
img_00256_2024,1.0,0.06013692,0
img_00260_2024,1.0,0.5451933,0
img_00258_2024,1.0,0.94148546,1
img_00261_2024,1.0,0.8188903,1
img_00254_2024,1.0,0.89778525,1
img_00241_p01_2024,1.0,0.9838648,1
img_00241_p02_2024,1.0,0.98085165,1
img_00259_2024,1.0,0.9655559,1
img_00257_2024,1.0,0.07290981,0
img_00264_2024,1.0,0.8829495,1
img_00263_2024,1.0,0.9772298,1
img_00255_2024,1.0,0.8359883,1
img_00265_2024,1.0,0.9153526,1
img_00268_2024,1.0,0.9773132,1
img_00270_2024,1.0,0.9772702,1
img_00230_p01_2024,1.0,0.9589556,1
img_00230_p02_2024,1.0,0.96873426,1
img_00230_p03_2024,1.0,0.93086725,1
img_00230_p04_2024,1.0,0.942756,1
img_00267_2024,1.0,0.44506612,0
img_00269_2024,1.0,0.14073691,0
img_00272_2024,1.0,0.9796027,1
img_00271_2024,1.0,0.3204725,0
img_00266_2024,1.0,0.9710793,1
img_00273_2024,1.0,0.8566474,1
img_00236_p01_2024,1.0,0.558765,0
img_00236_p02_2024,1.0,0.92517316,1
img_00098_p01_2024,1.0,0.78497756,0
img_00098_p02_2024,1.0,0.72921616,0
img_00098_p03_2024,1.0,0.93435746,1
img_00098_p04_2024,1.0,0.8572523,1
img_00098_p05_2024,1.0,0.90584505,1
img_00098_p06_2024,1.0,0.5634047,0
img_00098_p07_2024,1.0,0.9714953,1
img_00098_p08_2024,1.0,0.92577004,1
img_00098_p09_2024,1.0,0.92764324,1
img_00238_p01_2024,1.0,0.9138858,1
img_00238_p02_2024,1.0,0.921322,1
img_00275_2024,1.0,0.03781529,0
img_00276_2024,1.0,0.26758727,0
img_00281_2024,1.0,0.9665453,1
img_00274_2024,1.0,0.56618315,0
img_00280_2024,1.0,0.046187703,0
img_00288_2024,1.0,0.47759727,0
img_00285_2024,1.0,0.26235095,0
img_00278_2024,1.0,0.9627603,1
img_00279_2024,1.0,0.98069865,1
img_00284_2024,1.0,0.11754122,0
img_00286_2024,1.0,0.36334926,0
img_00291_2024,1.0,0.86993486,1
img_00287_2024,1.0,0.97815645,1
img_00289_2024,1.0,0.9767925,1
img_00283_2024,1.0,0.93560266,1
img_00262_p01_2024,1.0,0.97440207,1
img_00262_p02_2024,1.0,0.9740475,1
img_00282_2024,1.0,0.4398879,0
img_00292_2024,1.0,0.9750674,1
img_00296_2024,1.0,0.91733867,1
img_00297_2024,1.0,0.90727526,1
img_00298_2024,1.0,0.92820406,1
img_00290_2024,1.0,0.97738796,1
img_00277_p01_2024,1.0,0.97829604,1
img_00277_p02_2024,1.0,0.97939986,1
img_00305_2024,1.0,0.9767394,1
img_00309_2024,1.0,0.8984307,1
img_00307_2024,1.0,0.90454274,1
img_00301_2024,1.0,0.97431666,1
img_00306_2024,1.0,0.98239696,1
img_00294_2024,1.0,0.974019,1
img_00300_2024,1.0,0.9608691,1
img_00304_2024,1.0,0.98100203,1
img_00312_2024,1.0,0.98058826,1
img_00303_2024,1.0,0.88535506,1
img_00302_2024,1.0,0.97665423,1
img_00313_2024,1.0,0.9717755,1
img_00295_p01_2024,1.0,0.9781577,1
img_00295_p02_2024,1.0,0.97547185,1
img_00299_2024,1.0,0.9652191,1
img_00310_2024,1.0,0.9798156,1
img_00319_2024,1.0,0.9009753,1
img_00316_2024,1.0,0.88640094,1
img_00311_2024,1.0,0.9778496,1
img_00321_2024,1.0,0.96856034,1
img_00315_2024,1.0,0.97975874,1
img_00317_2024,1.0,0.9815159,1
img_00325_2024,1.0,0.58039874,0
img_00318_2024,1.0,0.054538008,0
img_00322_2024,1.0,0.9725533,1
img_00324_2024,1.0,0.76035964,0
img_00333_2024,1.0,0.97880584,1
img_00336_2024,1.0,0.16270393,0
img_00337_2024,1.0,0.77149695,0
img_00339_2024,1.0,0.23081842,0
img_00326_2024,1.0,0.9692393,1
img_00308_2024,1.0,0.9720976,1
img_00338_2024,1.0,0.97691935,1
img_00331_2024,1.0,0.9781913,1
img_00320_2024,1.0,0.9821967,1
img_00341_2024,1.0,0.9799888,1
img_00340_2024,1.0,0.7035319,0
img_00327_2024,1.0,0.25718302,0
img_00342_2024,1.0,0.96332586,1
img_00335_2024,1.0,0.21250845,0
img_00334_2024,1.0,0.9415437,1
img_00349_2024,1.0,0.29074225,0
img_00330_2024,1.0,0.28291872,0
img_00323_p01_2024,1.0,0.07233176,0
img_00323_p02_2024,1.0,0.97602034,1
img_00346_2024,1.0,0.95788974,1
img_00347_2024,1.0,0.9324956,1
img_00350_2024,1.0,0.9723094,1
img_00348_2024,1.0,0.41264755,0
img_00352_2024,1.0,0.95282453,1
img_00343_2024,1.0,0.90469795,1
img_00328_2024,1.0,0.9580969,1
img_00345_p01_2024,1.0,0.97457075,1
img_00345_p02_2024,1.0,0.9184693,1
img_00359_2024,1.0,0.93992347,1
img_00355_2024,1.0,0.86713046,1
img_00354_2024,1.0,0.054845553,0
img_00363_2024,1.0,0.9774529,1
img_00332_p01_2024,1.0,0.98103446,1
img_00332_p02_2024,1.0,0.9763689,1
img_00344_2024,1.0,0.4916051,0
img_00360_2024,1.0,0.9757381,1
img_00362_2024,1.0,0.9117364,1
img_00366_2024,1.0,0.8505175,1
img_00365_2024,1.0,0.5080568,0
img_00361_2024,1.0,0.9789778,1
img_00368_2024,1.0,0.979478,1
img_00367_2024,1.0,0.9727122,1
img_00358_2024,1.0,0.9485803,1
img_00371_2024,1.0,0.9651577,1
img_00293_p01_2024,1.0,0.92972094,1
img_00293_p02_2024,1.0,0.11731104,0
img_00293_p03_2024,1.0,0.7731568,0
img_00293_p04_2024,1.0,0.4893074,0
img_00353_p01_2024,1.0,0.97490543,1
img_00353_p02_2024,1.0,0.96098167,1
img_00372_2024,1.0,0.7621411,0
img_00370_2024,1.0,0.9285307,1
img_00377_2024,1.0,0.97979087,1
img_00374_2024,1.0,0.9737292,1
img_00376_2024,1.0,0.97437525,1
img_00375_2024,1.0,0.97858113,1
img_00369_2024,1.0,0.8101031,1
img_00364_2024,1.0,0.9786962,1
img_00373_2024,1.0,0.056800563,0
img_00378_2024,1.0,0.9796861,1
img_00356_p01_2024,1.0,0.97948986,1
img_00356_p02_2024,1.0,0.9717406,1
img_00314_p01_2024,1.0,0.94989645,1
img_00314_p02_2024,1.0,0.9787941,1
img_00314_p03_2024,1.0,0.9751134,1
img_00314_p04_2024,1.0,0.9638076,1
img_00381_2024,1.0,0.97580975,1
img_00385_2024,1.0,0.9663812,1
img_00384_2024,1.0,0.1146236,0
img_00382_2024,1.0,0.91847485,1
img_00383_2024,1.0,0.906172,1
img_00392_2024,1.0,0.9553493,1
img_00391_2024,1.0,0.9713585,1
img_00386_2024,1.0,0.9707536,1
img_00379_2024,1.0,0.1705632,0
img_00390_2024,1.0,0.95033413,1
img_00393_2024,1.0,0.86895865,1
img_00396_2024,1.0,0.7858944,0
img_00397_2024,1.0,0.9639324,1
img_00388_2024,1.0,0.96395755,1
img_00398_2024,1.0,0.98165375,1
img_00401_2024,1.0,0.45576063,0
img_00402_2024,1.0,0.92592025,1
img_00389_p01_2024,1.0,0.94940364,1
img_00389_p02_2024,1.0,0.97199667,1
img_00400_2024,1.0,0.9315401,1
img_00404_2024,1.0,0.97988635,1
img_00405_2024,1.0,0.8335269,1
img_00407_2024,1.0,0.8558679,1
img_00394_p01_2024,1.0,0.9460311,1
img_00394_p02_2024,1.0,0.9794191,1
img_00403_2024,1.0,0.9684977,1
img_00408_2024,1.0,0.6626813,0
img_00406_2024,1.0,0.97371405,1
img_00412_2024,1.0,0.74158317,0
img_00411_2024,1.0,0.98049796,1
img_00413_2024,1.0,0.7140591,0
img_00395_p01_2024,1.0,0.43002906,0
img_00395_p02_2024,1.0,0.38926473,0
img_00415_2024,1.0,0.6231485,0
img_00418_2024,1.0,0.8105397,1
img_00416_2024,1.0,0.9491646,1
img_00329_p01_2024,1.0,0.9754496,1
img_00329_p02_2024,1.0,0.9514848,1
img_00329_p03_2024,1.0,0.98068905,1
img_00329_p04_2024,1.0,0.9703537,1
img_00329_p05_2024,1.0,0.7850045,0
img_00329_p06_2024,1.0,0.9822089,1
img_00417_2024,1.0,0.9502169,1
img_00419_2024,1.0,0.9725064,1
img_00414_2024,1.0,0.9243889,1
img_00423_2024,1.0,0.9082392,1
img_00420_2024,1.0,0.14260784,0
img_00421_2024,1.0,0.21309547,0
img_00387_p01_2024,1.0,0.9751099,1
img_00387_p02_2024,1.0,0.954162,1
img_00387_p03_2024,1.0,0.9716523,1
img_00387_p04_2024,1.0,0.974404,1
img_00424_2024,1.0,0.19714111,0
img_00409_p01_2024,1.0,0.88035023,1
img_00409_p02_2024,1.0,0.9470218,1
img_00422_2024,1.0,0.96921283,1
img_00426_2024,1.0,0.40733254,0
img_00428_2024,1.0,0.98208183,1
img_00425_2024,1.0,0.40770504,0
img_00351_p01_2024,1.0,0.946666,1
img_00351_p02_2024,1.0,0.97285956,1
img_00351_p03_2024,1.0,0.9811901,1
img_00351_p04_2024,1.0,0.97594225,1
img_00351_p05_2024,1.0,0.98002815,1
img_00351_p06_2024,1.0,0.9785356,1
img_00380_p01_2024,1.0,0.96733844,1
img_00380_p02_2024,1.0,0.031702805,0
img_00380_p03_2024,1.0,0.97797424,1
img_00380_p04_2024,1.0,0.51043445,0
img_00429_2024,1.0,0.9212244,1
img_00430_2024,1.0,0.9317701,1
img_00431_2024,1.0,0.884142,1
img_00433_2024,1.0,0.88975555,1
img_00432_2024,1.0,0.829293,1
img_00434_2024,1.0,0.49345577,0
img_00435_2024,1.0,0.91721296,1
img_00437_2024,1.0,0.5255991,0
img_00440_2024,1.0,0.4191344,0
img_00446_2024,1.0,0.5225331,0
img_00441_2024,1.0,0.97336054,1
img_00438_2024,1.0,0.92179203,1
img_00436_2024,1.0,0.9752887,1
img_00442_2024,1.0,0.94619936,1
img_00445_2024,1.0,0.9389334,1
img_00447_2024,1.0,0.87674534,1
img_00399_p01_2024,1.0,0.97996855,1
img_00399_p02_2024,1.0,0.9765227,1
img_00399_p03_2024,1.0,0.9818056,1
img_00399_p04_2024,1.0,0.98080176,1
img_00444_2024,1.0,0.8740834,1
img_00448_2024,1.0,0.9774445,1
img_00450_2024,1.0,0.969936,1
img_00357_p01_2024,1.0,0.96176094,1
img_00357_p02_2024,1.0,0.9804341,1
img_00357_p03_2024,1.0,0.97320867,1
img_00357_p04_2024,1.0,0.74636245,0
img_00357_p05_2024,1.0,0.957423,1
img_00454_2024,1.0,0.94475436,1
img_00457_2024,1.0,0.14692096,0
img_00453_2024,1.0,0.89745903,1
img_00451_2024,1.0,0.7792217,0
img_00456_2024,1.0,0.35862017,0
img_00452_2024,1.0,0.67933226,0
img_00455_2024,1.0,0.8267437,1
img_00449_2024,1.0,0.97690195,1
img_00459_2024,1.0,0.49120948,0
img_00460_2024,1.0,0.6344027,0
img_00463_2024,1.0,0.81109303,1
img_00462_2024,1.0,0.745596,0
img_00461_2024,1.0,0.95081156,1
img_00466_2024,1.0,0.918444,1
img_00465_2024,1.0,0.6214672,0
img_00464_2024,1.0,0.92649245,1
img_00468_2024,1.0,0.9764494,1
img_00469_2024,1.0,0.9746721,1
img_00467_2024,1.0,0.97337204,1
img_00473_2024,1.0,0.13917519,0
img_00474_2024,1.0,0.26869178,0
img_00477_2024,1.0,0.971312,1
img_00479_2024,1.0,0.6724413,0
img_00481_2024,1.0,0.50307167,0
img_00478_2024,1.0,0.7615498,0
img_00475_2024,1.0,0.97003627,1
img_00480_2024,1.0,0.94389254,1
img_00482_2024,1.0,0.945953,1
img_00484_2024,1.0,0.97758794,1
img_00470_p01_2024,1.0,0.9791023,1
img_00470_p02_2024,1.0,0.98183274,1
img_00487_2024,1.0,0.98011816,1
img_00486_2024,1.0,0.10934643,0
img_00483_2024,1.0,0.55484724,0
img_00489_2024,1.0,0.7186087,0
img_00488_2024,1.0,0.88037753,1
img_00490_2024,1.0,0.59170204,0
img_00491_2024,1.0,0.88207877,1
img_00476_p01_2024,1.0,0.06646987,0
img_00476_p02_2024,1.0,0.084585086,0
img_00493_2024,1.0,0.79331,1
img_00492_2024,1.0,0.92788434,1
img_00494_2024,1.0,0.9584204,1
img_00495_2024,1.0,0.45316127,0
img_00498_2024,1.0,0.9690138,1
img_00501_2024,1.0,0.7282697,0
img_00502_2024,1.0,0.8302453,1
img_00443_p01_2024,1.0,0.97153264,1
img_00443_p02_2024,1.0,0.9796633,1
img_00443_p03_2024,1.0,0.97588044,1
img_00443_p04_2024,1.0,0.97079235,1
img_00500_2024,1.0,0.9054664,1
img_00472_p01_2024,1.0,0.98231065,1
img_00472_p02_2024,1.0,0.8846073,1
img_00504_2024,1.0,0.8995332,1
img_00505_2024,1.0,0.9622699,1
img_00499_2024,1.0,0.95516646,1
img_00506_2024,1.0,0.97572,1
img_00509_2024,1.0,0.9668869,1
img_00510_2024,1.0,0.23279837,0
img_00514_2024,1.0,0.44227025,0
img_00503_p01_2024,1.0,0.34913728,0
img_00503_p02_2024,1.0,0.94734794,1
img_00458_p01_2024,1.0,0.9784386,1
img_00458_p02_2024,1.0,0.95264196,1
img_00458_p03_2024,1.0,0.95880806,1
img_00458_p04_2024,1.0,0.9158566,1
img_00515_2024,1.0,0.54630005,0
img_00507_2024,1.0,0.469816,0
img_00517_2024,1.0,0.35958356,0
img_00518_2024,1.0,0.744644,0
img_00519_2024,1.0,0.9479961,1
img_00513_2024,1.0,0.97250587,1
img_00427_p01_2024,1.0,0.98151153,1
img_00427_p02_2024,1.0,0.9806245,1
img_00427_p03_2024,1.0,0.9347204,1
img_00427_p04_2024,1.0,0.9610079,1
img_00427_p05_2024,1.0,0.958445,1
img_00427_p06_2024,1.0,0.97837865,1
img_00522_2024,1.0,0.49041677,0
img_00511_2024,1.0,0.9750274,1
img_00523_2024,1.0,0.3274763,0
img_00410_p01_2024,1.0,0.9737168,1
img_00410_p02_2024,1.0,0.97865593,1
img_00410_p03_2024,1.0,0.97354,1
img_00410_p04_2024,1.0,0.97589487,1
img_00410_p05_2024,1.0,0.97721,1
img_00410_p06_2024,1.0,0.97454447,1
img_00410_p07_2024,1.0,0.96204,1
img_00410_p08_2024,1.0,0.9508911,1
img_00410_p09_2024,1.0,0.9785963,1
img_00524_2024,1.0,0.23101813,0
img_00526_2024,1.0,0.95885277,1
img_00525_2024,1.0,0.1505564,0
img_00527_2024,1.0,0.09616322,0
img_00529_2024,1.0,0.94708824,1
img_00439_p01_2024,1.0,0.8856763,1
img_00439_p02_2024,1.0,0.9665394,1
img_00439_p03_2024,1.0,0.97232777,1
img_00439_p04_2024,1.0,0.8829661,1
img_00439_p05_2024,1.0,0.9790397,1
img_00439_p06_2024,1.0,0.9821339,1
img_00439_p07_2024,1.0,0.97781,1
img_00439_p08_2024,1.0,0.97998327,1
img_00530_2024,1.0,0.96481246,1
img_00533_2024,1.0,0.95431304,1
img_00531_2024,1.0,0.21402109,0
img_00535_2024,1.0,0.43911046,0
img_00520_p01_2024,1.0,0.7844254,0
img_00520_p02_2024,1.0,0.29251182,0
img_00496_p01_2024,1.0,0.9807916,1
img_00496_p02_2024,1.0,0.9782416,1
img_00496_p03_2024,1.0,0.978147,1
img_00496_p04_2024,1.0,0.94107,1
img_00534_2024,1.0,0.7779294,0
img_00532_2024,1.0,0.9807818,1
img_00537_2024,1.0,0.5122615,0
img_00541_2024,1.0,0.055443026,0
img_00543_2024,1.0,0.9682699,1
img_00538_2024,1.0,0.96780384,1
img_00544_2024,1.0,0.9803454,1
img_00542_2024,1.0,0.115928955,0
img_00540_2024,1.0,0.5122657,0
img_00546_2024,1.0,0.97783226,1
img_00547_2024,1.0,0.21052492,0
img_00548_2024,1.0,0.10430542,0
img_00536_p01_2024,1.0,0.97087765,1
img_00536_p02_2024,1.0,0.9790694,1
img_00549_2024,1.0,0.942512,1
img_00552_2024,1.0,0.36092776,0
img_00554_2024,1.0,0.49663612,0
img_00550_2024,1.0,0.7102349,0
img_00553_2024,1.0,0.969057,1
img_00508_p01_2024,1.0,0.9618954,1
img_00508_p02_2024,1.0,0.97831285,1
img_00508_p03_2024,1.0,0.97787386,1
img_00508_p04_2024,1.0,0.86620444,1
img_00508_p05_2024,1.0,0.95170665,1
img_00516_p01_2024,1.0,0.98427063,1
img_00516_p02_2024,1.0,0.98299086,1
img_00516_p03_2024,1.0,0.98318326,1
img_00516_p04_2024,1.0,0.981069,1
img_00556_2024,1.0,0.41907108,0
img_00512_p01_2024,1.0,0.96759325,1
img_00512_p02_2024,1.0,0.9622076,1
img_00512_p03_2024,1.0,0.97785145,1
img_00512_p04_2024,1.0,0.88520473,1
img_00512_p05_2024,1.0,0.9778625,1
img_00512_p06_2024,1.0,0.97276515,1
img_00555_2024,1.0,0.05486319,0
img_00559_2024,1.0,0.6798091,0
img_00485_p01_2024,1.0,0.9748853,1
img_00485_p02_2024,1.0,0.9766053,1
img_00485_p03_2024,1.0,0.9766848,1
img_00485_p04_2024,1.0,0.87070835,1
img_00485_p05_2024,1.0,0.9606412,1
img_00485_p06_2024,1.0,0.9798534,1
img_00485_p07_2024,1.0,0.9752669,1
img_00563_2024,1.0,0.98079556,1
img_00558_2024,1.0,0.8321651,1
img_00562_2024,1.0,0.97584915,1
img_00564_2024,1.0,0.8292126,1
img_00561_2024,1.0,0.96633244,1
img_00521_p01_2024,1.0,0.9816186,1
img_00521_p02_2024,1.0,0.9808599,1
img_00521_p03_2024,1.0,0.9835474,1
img_00521_p04_2024,1.0,0.9739667,1
img_00560_2024,1.0,0.08429959,0
img_00566_2024,1.0,0.40139723,0
img_00567_2024,1.0,0.9698776,1
img_00565_2024,1.0,0.12700428,0
img_00571_2024,1.0,0.751663,0
img_00570_2024,1.0,0.9633871,1
img_00572_2024,1.0,0.8414121,1
img_00574_2024,1.0,0.9710693,1
img_00573_2024,1.0,0.10219753,0
img_00569_2024,1.0,0.05899961,0
img_00545_p01_2024,1.0,0.43848172,0
img_00545_p02_2024,1.0,0.96498233,1
img_00575_2024,1.0,0.25820577,0
img_00578_2024,1.0,0.954332,1
img_00539_p01_2024,1.0,0.85193115,1
img_00539_p02_2024,1.0,0.92885184,1
img_00539_p03_2024,1.0,0.7397678,0
img_00539_p04_2024,1.0,0.937477,1
img_00577_2024,1.0,0.9659128,1
img_00576_2024,1.0,0.9720153,1
img_00568_2024,1.0,0.9780187,1
img_00583_2024,1.0,0.43885285,0
img_00581_2024,1.0,0.13138728,0
img_00580_2024,1.0,0.96013945,1
img_00585_2024,1.0,0.97441316,1
img_00579_2024,1.0,0.9722702,1
img_00584_2024,1.0,0.039171256,0
img_00586_2024,1.0,0.5717349,0
img_00587_2024,1.0,0.9534016,1
img_00582_2024,1.0,0.08733873,0
img_00588_2024,1.0,0.15854768,0
img_00590_2024,1.0,0.92699975,1
img_00589_2024,1.0,0.50165033,0
img_00551_p01_2024,1.0,0.9386473,1
img_00551_p02_2024,1.0,0.96924376,1
img_00551_p03_2024,1.0,0.9684146,1
img_00551_p04_2024,1.0,0.91463405,1
img_00591_2024,1.0,0.45633832,0
img_00592_2024,1.0,0.2611642,0
img_00595_2024,1.0,0.9297099,1
img_00597_2024,1.0,0.2745084,0
img_00596_2024,1.0,0.49301633,0
img_00599_2024,1.0,0.95125586,1
img_00603_2024,1.0,0.9726158,1
img_00604_2024,1.0,0.97936237,1
img_00606_2024,1.0,0.12688982,0
img_00594_2024,1.0,0.8543157,1
img_00601_2024,1.0,0.9745334,1
img_00607_2024,1.0,0.9723585,1
img_00608_2024,1.0,0.8667068,1
img_00598_p01_2024,1.0,0.9533355,1
img_00598_p02_2024,1.0,0.9644436,1
img_00613_2024,1.0,0.9761012,1
img_00615_2024,1.0,0.97582096,1
img_00557_p01_2024,1.0,0.6485637,0
img_00557_p02_2024,1.0,0.96343696,1
img_00557_p03_2024,1.0,0.86694866,1
img_00557_p04_2024,1.0,0.9803154,1
img_00605_2024,1.0,0.9588099,1
img_00614_2024,1.0,0.03463792,0
img_00616_2024,1.0,0.97716993,1
img_00617_2024,1.0,0.03990768,0
img_00612_2024,1.0,0.9762279,1
img_00618_2024,1.0,0.9751226,1
img_00619_2024,1.0,0.971247,1
img_00621_2024,1.0,0.9807115,1
img_00622_2024,1.0,0.9342634,1
img_00623_2024,1.0,0.118511364,0
img_00625_2024,1.0,0.8773192,1
img_00611_2024,1.0,0.97356546,1
img_00471_p01_2024,1.0,0.97226757,1
img_00471_p02_2024,1.0,0.98003,1
img_00471_p03_2024,1.0,0.9827423,1
img_00471_p04_2024,1.0,0.97902507,1
img_00471_p05_2024,1.0,0.9758085,1
img_00471_p06_2024,1.0,0.9779162,1
img_00471_p07_2024,1.0,0.98206747,1
img_00471_p08_2024,1.0,0.98118293,1
img_00471_p09_2024,1.0,0.97568023,1
img_00471_p10_2024,1.0,0.9837096,1
img_00471_p11_2024,1.0,0.97360104,1
img_00620_2024,1.0,0.93682665,1
img_00629_2024,1.0,0.41563812,0
img_00627_2024,1.0,0.9635438,1
img_00624_2024,1.0,0.9692969,1
img_00631_2024,1.0,0.089340866,0
img_00626_2024,1.0,0.10624751,0
img_00161_p01_2024,1.0,0.9630404,1
img_00161_p02_2024,1.0,0.9822311,1
img_00161_p03_2024,1.0,0.9556482,1
img_00161_p04_2024,1.0,0.9569326,1
img_00161_p05_2024,1.0,0.9830936,1
img_00161_p06_2024,1.0,0.97874326,1
img_00161_p07_2024,1.0,0.9817648,1
img_00161_p08_2024,1.0,0.9781569,1
img_00161_p09_2024,1.0,0.9791475,1
img_00161_p10_2024,1.0,0.3512605,0
img_00161_p11_2024,1.0,0.9836855,1
img_00161_p12_2024,1.0,0.97782123,1
img_00161_p13_2024,1.0,0.9060822,1
img_00161_p15_2024,1.0,0.9796618,1
img_00161_p16_2024,1.0,0.8744341,1
img_00161_p17_2024,1.0,0.6334324,0
img_00161_p18_2024,1.0,0.957717,1
img_00161_p19_2024,1.0,0.9743677,1
img_00630_2024,1.0,0.8433336,1
img_00632_2024,1.0,0.6588619,0
img_00636_2024,1.0,0.27162644,0
img_00635_2024,1.0,0.9420038,1
img_00634_2024,1.0,0.06746685,0
img_00638_2024,1.0,0.9637181,1
img_00639_2024,1.0,0.20533454,0
img_00640_2024,1.0,0.9813107,1
img_00641_2024,1.0,0.91533524,1
img_00633_2024,1.0,0.9757159,1
img_00645_2024,1.0,0.9697623,1
img_00643_2024,1.0,0.1976142,0
img_00528_p01_2024,1.0,0.9796926,1
img_00528_p02_2024,1.0,0.9680835,1
img_00528_p03_2024,1.0,0.9812955,1
img_00528_p04_2024,1.0,0.9814524,1
img_00528_p05_2024,1.0,0.96398467,1
img_00528_p06_2024,1.0,0.97839475,1
img_00528_p07_2024,1.0,0.89980716,1
img_00528_p08_2024,1.0,0.9396935,1
img_00528_p09_2024,1.0,0.70458674,0
img_00647_2024,1.0,0.77295536,0
img_00649_2024,1.0,0.9789569,1
img_00650_2024,1.0,0.07525775,0
img_00642_2024,1.0,0.27359667,0
img_00652_2024,1.0,0.9434382,1
img_00637_p01_2024,1.0,0.98009837,1
img_00637_p02_2024,1.0,0.89087075,1
img_00644_2024,1.0,0.96711785,1
img_00653_2024,1.0,0.95406336,1
img_00655_2024,1.0,0.9763105,1
img_00646_p01_2024,1.0,0.981992,1
img_00646_p02_2024,1.0,0.9818657,1
img_00602_p01_2024,1.0,0.57721424,0
img_00602_p02_2024,1.0,0.97314394,1
img_00602_p03_2024,1.0,0.98286587,1
img_00602_p04_2024,1.0,0.9758305,1
img_00602_p05_2024,1.0,0.9746882,1
img_00602_p06_2024,1.0,0.9740172,1
img_00656_2024,1.0,0.94894505,1
img_00648_p01_2024,1.0,0.9767396,1
img_00648_p02_2024,1.0,0.9275815,1
img_00662_2024,1.0,0.980737,1
img_00659_2024,1.0,0.8400435,1
img_00658_2024,1.0,0.9381692,1
img_00660_2024,1.0,0.45660418,0
img_00661_2024,1.0,0.2632878,0
img_00663_2024,1.0,0.7439065,0
img_00664_2024,1.0,0.69810355,0
img_00665_2024,1.0,0.2630639,0
img_00669_2024,1.0,0.6722178,0
img_00668_2024,1.0,0.48547888,0
img_00667_2024,1.0,0.109836295,0
img_00672_2024,1.0,0.95422685,1
img_00670_2024,1.0,0.2814233,0
img_00671_2024,1.0,0.9665077,1
img_00673_2024,1.0,0.5432845,0
img_00674_2024,1.0,0.9697174,1
img_00675_2024,1.0,0.9605712,1
img_00666_2024,1.0,0.94927603,1
img_00676_2024,1.0,0.32622513,0
img_00600_p01_2024,1.0,0.83696675,1
img_00600_p02_2024,1.0,0.76334816,0
img_00600_p03_2024,1.0,0.5181506,0
img_00600_p04_2024,1.0,0.66050875,0
img_00600_p05_2024,1.0,0.9589032,1
img_00600_p06_2024,1.0,0.9597682,1
img_00677_2024,1.0,0.29912895,0
img_00609_p01_2024,1.0,0.98031944,1
img_00609_p02_2024,1.0,0.97975713,1
img_00609_p03_2024,1.0,0.971283,1
img_00609_p04_2024,1.0,0.9793275,1
img_00609_p05_2024,1.0,0.9826433,1
img_00609_p06_2024,1.0,0.97803557,1
img_00681_2024,1.0,0.8499518,1
img_00679_2024,1.0,0.4819849,0
img_00682_2024,1.0,0.9795491,1
img_00497_p01_2024,1.0,0.9723148,1
img_00497_p02_2024,1.0,0.97000545,1
img_00497_p03_2024,1.0,0.976553,1
img_00497_p04_2024,1.0,0.859129,1
img_00497_p05_2024,1.0,0.9616954,1
img_00497_p06_2024,1.0,0.9828287,1
img_00497_p07_2024,1.0,0.9750573,1
img_00497_p08_2024,1.0,0.96138453,1
img_00497_p09_2024,1.0,0.97350943,1
img_00497_p10_2024,1.0,0.8504938,1
img_00497_p11_2024,1.0,0.9688825,1
img_00497_p12_2024,1.0,0.95085293,1
img_00497_p13_2024,1.0,0.84659976,1
img_00497_p14_2024,1.0,0.9756742,1
img_00497_p15_2024,1.0,0.97119594,1
img_00687_2024,1.0,0.21827397,0
img_00684_2024,1.0,0.9800265,1
img_00680_2024,1.0,0.46756974,0
img_00683_2024,1.0,0.5342635,0
img_00686_2024,1.0,0.9067591,1
img_00688_2024,1.0,0.53330165,0
img_00690_2024,1.0,0.97679865,1
img_00691_2024,1.0,0.09470799,0
img_00685_2024,1.0,0.16619276,0
img_00697_2024,1.0,0.9586801,1
img_00695_2024,1.0,0.9674797,1
img_00693_2024,1.0,0.56285566,0
img_00692_2024,1.0,0.96970874,1
img_00027_p01_2024,1.0,0.7364334,0
img_00027_p02_2024,1.0,0.20765191,0
img_00027_p03_2024,1.0,0.3108688,0
img_00027_p04_2024,1.0,0.96032524,1
img_00027_p05_2024,1.0,0.9522012,1
img_00027_p06_2024,1.0,0.857028,1
img_00027_p07_2024,1.0,0.9721229,1
img_00027_p08_2024,1.0,0.046357922,0
img_00027_p09_2024,1.0,0.56908935,0
img_00027_p10_2024,1.0,0.25291103,0
img_00027_p11_2024,1.0,0.9796545,1
img_00027_p12_2024,1.0,0.9817872,1
img_00027_p13_2024,1.0,0.97481877,1
img_00027_p14_2024,1.0,0.9792142,1
img_00027_p15_2024,1.0,0.9821885,1
img_00027_p16_2024,1.0,0.39494812,0
img_00027_p17_2024,1.0,0.13427725,0
img_00027_p18_2024,1.0,0.97020066,1
img_00027_p19_2024,1.0,0.962785,1
img_00027_p20_2024,1.0,0.93052477,1
img_00027_p21_2024,1.0,0.9733806,1
img_00027_p22_2024,1.0,0.97945327,1
img_00027_p23_2024,1.0,0.9047916,1
img_00027_p24_2024,1.0,0.9808034,1
img_00027_p25_2024,1.0,0.9818034,1
img_00698_2024,1.0,0.46690398,0
img_00699_2024,1.0,0.9549798,1
img_00694_2024,1.0,0.33605725,0
img_00700_2024,1.0,0.89358103,1
img_00678_p01_2024,1.0,0.52195036,0
img_00678_p02_2024,1.0,0.9704447,1
img_00703_2024,1.0,0.96051544,1
img_00701_2024,1.0,0.44406763,0
img_00704_2024,1.0,0.8789342,1
img_00707_2024,1.0,0.76306814,0
img_00710_2024,1.0,0.9737033,1
img_00702_2024,1.0,0.3450136,0
img_00708_2024,1.0,0.42935583,0
img_00709_2024,1.0,0.6749356,0
img_00715_2024,1.0,0.96853167,1
img_00711_2024,1.0,0.19021128,0
img_00716_2024,1.0,0.63633084,0
img_00717_2024,1.0,0.52788043,0
img_00719_2024,1.0,0.97787637,1
img_00722_2024,1.0,0.7348676,0
img_00610_p01_2024,1.0,0.9767486,1
img_00610_p02_2024,1.0,0.9797808,1
img_00610_p03_2024,1.0,0.9480765,1
img_00610_p04_2024,1.0,0.96450174,1
img_00610_p05_2024,1.0,0.98209375,1
img_00610_p06_2024,1.0,0.96518755,1
img_00610_p07_2024,1.0,0.86950296,1
img_00610_p08_2024,1.0,0.9758769,1
img_00720_2024,1.0,0.49417526,0
img_00657_p01_2024,1.0,0.9806687,1
img_00657_p02_2024,1.0,0.9571408,1
img_00657_p03_2024,1.0,0.9738582,1
img_00657_p04_2024,1.0,0.94633174,1
img_00723_2024,1.0,0.98304015,1
img_00724_2024,1.0,0.21194053,0
img_00706_p01_2024,1.0,0.85108685,1
img_00706_p02_2024,1.0,0.89663136,1
img_00654_p01_2024,1.0,0.9592516,1
img_00654_p02_2024,1.0,0.9786773,1
img_00654_p03_2024,1.0,0.943322,1
img_00654_p04_2024,1.0,0.9353312,1
img_00654_p05_2024,1.0,0.96984327,1
img_00654_p06_2024,1.0,0.97556573,1
img_00725_2024,1.0,0.17968689,0
img_00726_2024,1.0,0.14306979,0
img_00730_2024,1.0,0.52472353,0
img_00696_2024,1.0,0.26470932,0
img_00731_2024,1.0,0.935216,1
img_00728_2024,1.0,0.96641904,1
img_00729_2024,1.0,0.9262268,1
img_00735_2024,1.0,0.781963,0
img_00727_2024,1.0,0.8894624,1
img_00705_2024,1.0,0.96894807,1
img_00738_2024,1.0,0.69162095,0
img_00732_2024,1.0,0.97097856,1
img_00736_2024,1.0,0.9643639,1
img_00733_2024,1.0,0.972838,1
img_00737_2024,1.0,0.9789691,1
img_00739_2024,1.0,0.56415904,0
img_00713_2024,1.0,0.97784835,1
img_00721_2024,1.0,0.9715604,1
img_00740_2024,1.0,0.9313743,1
img_00744_2024,1.0,0.44824708,0
img_00734_2024,1.0,0.96696424,1
img_00745_2024,1.0,0.19404916,0
img_00743_2024,1.0,0.97757703,1
img_00748_2024,1.0,0.20541146,0
img_00742_2024,1.0,0.52982134,0
img_00718_2024,1.0,0.45814824,0
img_00749_2024,1.0,0.9749688,1
img_00746_2024,1.0,0.105485395,0
img_00751_2024,1.0,0.8236014,1
img_00752_2024,1.0,0.658506,0
img_00754_2024,1.0,0.5311433,0
img_00753_2024,1.0,0.4444169,0
img_00756_2024,1.0,0.9798537,1
img_00762_2024,1.0,0.109193295,0
img_00758_2024,1.0,0.8260742,1
img_00759_2024,1.0,0.9720015,1
img_00741_p01_2024,1.0,0.25969517,0
img_00741_p02_2024,1.0,0.16606812,0
img_00755_2024,1.0,0.118275344,0
img_00760_2024,1.0,0.969258,1
img_00712_p01_2024,1.0,0.25393167,0
img_00712_p02_2024,1.0,0.66416454,0
img_00761_2024,1.0,0.08371076,0
img_00764_2024,1.0,0.9696482,1
img_00757_2024,1.0,0.41136232,0
img_00766_2024,1.0,0.5649233,0
img_00763_2024,1.0,0.9810331,1
img_00768_2024,1.0,0.96260655,1
img_00767_2024,1.0,0.07535931,0
img_00765_2024,1.0,0.10110994,0
img_00689_p01_2024,1.0,0.21950573,0
img_00689_p02_2024,1.0,0.3200328,0
img_00689_p03_2024,1.0,0.274888,0
img_00689_p04_2024,1.0,0.87552756,1
img_00689_p05_2024,1.0,0.86808056,1
img_00689_p06_2024,1.0,0.39782506,0
img_00750_p01_2024,1.0,0.57842696,0
img_00750_p02_2024,1.0,0.6156529,0
img_00628_p01_2024,1.0,0.9467875,1
img_00628_p02_2024,1.0,0.9798759,1
img_00628_p03_2024,1.0,0.811916,1
img_00628_p04_2024,1.0,0.9573228,1
img_00628_p05_2024,1.0,0.9698379,1
img_00628_p06_2024,1.0,0.07037798,0
img_00628_p07_2024,1.0,0.7989644,1
img_00628_p08_2024,1.0,0.3906278,0
img_00628_p09_2024,1.0,0.14219591,0
img_00769_2024,1.0,0.18426928,0
img_00771_2024,1.0,0.9551371,1
img_00770_2024,1.0,0.9118463,1
img_00776_2024,1.0,0.17522195,0
img_00774_2024,1.0,0.82945985,1
img_00775_2024,1.0,0.97164357,1
img_00777_2024,1.0,0.23270416,0
img_00778_2024,1.0,0.2336733,0
img_00773_2024,1.0,0.97299486,1
img_00781_2024,1.0,0.20106687,0
img_00782_2024,1.0,0.97041863,1
img_00779_2024,1.0,0.9804228,1
img_00785_2024,1.0,0.31554195,0
img_00787_2024,1.0,0.96364516,1
img_00780_2024,1.0,0.94571537,1
img_00714_p01_2024,1.0,0.96865404,1
img_00714_p02_2024,1.0,0.8344461,1
img_00714_p03_2024,1.0,0.08729095,0
img_00714_p04_2024,1.0,0.7806256,0
img_00786_2024,1.0,0.572031,0
img_00783_2024,1.0,0.31095386,0
img_00772_2024,1.0,0.16181546,0
img_00784_2024,1.0,0.971512,1
img_00788_2024,1.0,0.9701782,1
img_00789_2024,1.0,0.9783996,1
img_00792_2024,1.0,0.9419329,1
img_00796_2024,1.0,0.20773417,0
img_00790_2024,1.0,0.3343079,0
img_00793_2024,1.0,0.101520546,0
img_00803_2024,1.0,0.96058476,1
img_00800_2024,1.0,0.7412977,0
img_00802_2024,1.0,0.06864886,0
img_00799_2024,1.0,0.95547193,1
img_00795_2024,1.0,0.9105025,1
img_00794_2024,1.0,0.94209236,1
img_00798_2024,1.0,0.9345612,1
img_00791_2024,1.0,0.5986869,0
img_00805_2024,1.0,0.9732816,1
img_00809_2024,1.0,0.9752146,1
img_00806_2024,1.0,0.9777868,1
img_00810_2024,1.0,0.14962383,0
img_00812_2024,1.0,0.9760577,1
img_00808_2024,1.0,0.96736187,1
img_00801_2024,1.0,0.9015932,1
img_00804_2024,1.0,0.9711348,1
img_00816_2024,1.0,0.96323097,1
img_00807_2024,1.0,0.11775185,0
img_00813_2024,1.0,0.9709524,1
img_00811_2024,1.0,0.34763703,0
img_00819_2024,1.0,0.7088522,0
img_00814_2024,1.0,0.19084434,0
img_00818_2024,1.0,0.97133225,1
img_00815_2024,1.0,0.94574255,1
img_00821_2024,1.0,0.48200616,0
img_00822_2024,1.0,0.31769052,0
img_00820_2024,1.0,0.46593514,0
img_00826_2024,1.0,0.70016146,0
img_00823_2024,1.0,0.08494467,0
img_00829_2024,0.0,0.03527862,0
img_00830_2024,0.0,0.047219448,0
img_00824_2024,1.0,0.97589046,1
img_00827_2024,1.0,0.8968058,1
img_00797_p01_2024,1.0,0.86412066,1
img_00797_p02_2024,1.0,0.13350144,0
img_00828_2024,0.0,0.05308024,0
img_00833_2024,0.0,0.0948281,0
img_00835_2024,0.0,0.101674624,0
img_00834_2024,0.0,0.22809218,0
img_00825_2024,1.0,0.28022605,0
img_00832_2024,0.0,0.08235529,0
img_00836_2024,0.0,0.04212003,0
img_00837_2024,0.0,0.05377598,0
img_00839_2024,0.0,0.2622991,0
img_00838_2024,0.0,0.137406,0
img_00844_2024,0.0,0.8182241,1
img_00842_2024,0.0,0.11037614,0
img_00841_2024,0.0,0.05375986,0
img_00843_2024,0.0,0.75396377,0
img_00846_2024,0.0,0.049191784,0
img_00847_2024,0.0,0.049275752,0
img_00831_2024,0.0,0.6507631,0
img_00848_2024,0.0,0.04048813,0
img_00850_2024,0.0,0.044676423,0
img_00849_2024,0.0,0.06953659,0
img_00851_2024,0.0,0.09884479,0
img_00840_2024,0.0,0.85073113,1
img_00845_2024,0.0,0.09867009,0
img_00852_2024,0.0,0.8636711,1
img_00854_2024,0.0,0.04513663,0
img_00856_2024,0.0,0.26215667,0
img_00858_2024,0.0,0.026525008,0
img_00853_2024,0.0,0.04097043,0
img_00857_2024,0.0,0.09582207,0
img_00855_2024,0.0,0.029790668,0
img_00747_p01_2024,1.0,0.9764708,1
img_00747_p02_2024,1.0,0.5843054,0
img_00747_p03_2024,1.0,0.60400236,0
img_00747_p04_2024,1.0,0.42753762,0
img_00747_p05_2024,1.0,0.14090036,0
img_00747_p06_2024,1.0,0.89905256,1
img_00860_2024,0.0,0.18863639,0
img_00859_2024,0.0,0.06714631,0
img_00865_2024,0.0,0.0457196,0
img_00863_2024,0.0,0.10884286,0
img_00862_2024,0.0,0.030216215,0
img_00864_2024,0.0,0.02915674,0
img_00866_2024,0.0,0.05088939,0
img_00861_2024,0.0,0.047254242,0
img_00868_2024,0.0,0.88987863,1
img_00870_2024,0.0,0.21332084,0
img_00877_2024,0.0,0.1130143,0
img_00874_2024,0.0,0.037599187,0
img_00871_2024,0.0,0.041317936,0
img_00875_2024,0.0,0.067558944,0
img_00869_2024,0.0,0.16472872,0
img_00872_2024,0.0,0.12641966,0
img_00867_2024,0.0,0.19086972,0
img_00878_2024,0.0,0.042603455,0
img_00876_2024,0.0,0.04673085,0
img_00879_2024,0.0,0.44079772,0
img_00883_2024,0.0,0.53007513,0
img_00873_2024,0.0,0.037170798,0
img_00881_2024,0.0,0.04514516,0
img_00882_2024,0.0,0.064006686,0
img_00884_2024,0.0,0.05650802,0
img_00890_2024,0.0,0.06026519,0
img_00892_2024,0.0,0.0561743,0
img_00886_2024,0.0,0.7373326,0
img_00887_2024,0.0,0.22517698,0
img_00888_2024,0.0,0.09767798,0
img_00889_2024,0.0,0.19681685,0
img_00891_2024,0.0,0.21943016,0
img_00894_2024,0.0,0.032044478,0
img_00895_2024,0.0,0.13704386,0
img_00893_2024,0.0,0.18605895,0
img_00896_2024,0.0,0.19039099,0
img_00900_2024,0.0,0.041808307,0
img_00898_2024,0.0,0.09372342,0
img_00885_2024,0.0,0.06957691,0
img_00817_p01_2024,1.0,0.9469885,1
img_00817_p02_2024,1.0,0.9430392,1
img_00817_p03_2024,1.0,0.9749545,1
img_00817_p04_2024,1.0,0.977,1
img_00897_2024,0.0,0.11231499,0
img_00899_2024,0.0,0.91262114,1
img_00901_2024,0.0,0.04730273,0
img_00903_2024,0.0,0.26178226,0
img_00905_2024,0.0,0.46790007,0
img_00904_2024,0.0,0.16059402,0
img_00907_2024,0.0,0.029050749,0
img_00908_2024,0.0,0.16951187,0
img_00902_2024,0.0,0.036599852,0
img_00910_2024,0.0,0.3763392,0
img_00909_2024,0.0,0.07011836,0
img_00911_2024,0.0,0.10743757,0
img_00913_2024,0.0,0.024745258,0
img_00912_2024,0.0,0.06305903,0
img_00906_2024,0.0,0.08283362,0
img_00917_2024,0.0,0.11202318,0
img_00914_2024,0.0,0.033301406,0
img_00916_2024,0.0,0.09014265,0
img_00923_2024,0.0,0.32617274,0
img_00919_2024,0.0,0.031539526,0
img_00915_2024,0.0,0.7429402,0
img_00918_2024,0.0,0.095218346,0
img_00927_2024,0.0,0.05877408,0
img_00924_2024,0.0,0.54328364,0
img_00928_2024,0.0,0.27255505,0
img_00932_2024,0.0,0.03705406,0
img_00921_2024,0.0,0.73072916,0
img_00920_2024,0.0,0.070004135,0
img_00926_2024,0.0,0.15046334,0
img_00930_2024,0.0,0.0306677,0
img_00922_2024,0.0,0.069589816,0
img_00925_2024,0.0,0.042206712,0
img_00931_2024,0.0,0.16653752,0
img_00934_2024,0.0,0.8904355,1
img_00935_2024,0.0,0.0455349,0
img_00933_2024,0.0,0.095442005,0
img_00938_2024,0.0,0.83988816,1
img_00941_2024,0.0,0.7489142,0
img_00939_2024,0.0,0.081552505,0
img_00937_2024,0.0,0.6755612,0
img_00936_2024,0.0,0.06385211,0
img_00929_2024,0.0,0.07284636,0
img_00946_2024,0.0,0.3143719,0
img_00945_2024,0.0,0.040166866,0
img_00950_2024,0.0,0.11661358,0
img_00948_2024,0.0,0.07645661,0
img_00942_2024,0.0,0.11544997,0
img_00940_2024,0.0,0.15312253,0
img_00943_2024,0.0,0.16332522,0
img_00947_2024,0.0,0.09045724,0
img_00944_2024,0.0,0.029292863,0
img_00953_2024,0.0,0.75295734,0
img_00951_2024,0.0,0.035428748,0
img_00949_2024,0.0,0.05296592,0
img_00952_2024,0.0,0.02888274,0
img_00954_2024,0.0,0.07830848,0
img_00955_2024,0.0,0.054128256,0
img_00957_2024,0.0,0.045502927,0
img_00880_p01_2024,0.0,0.044538762,0
img_00880_p02_2024,0.0,0.0362115,0
img_00880_p03_2024,0.0,0.03876417,0
img_00880_p04_2024,0.0,0.03617141,0
img_00958_2024,0.0,0.33239,0
img_00960_2024,0.0,0.05541817,0
img_00964_2024,0.0,0.13390262,0
img_00967_2024,0.0,0.047337264,0
img_00959_2024,0.0,0.039506722,0
img_00962_2024,0.0,0.14506978,0
img_00965_2024,0.0,0.026690483,0
img_00963_2024,0.0,0.15983573,0
img_00961_2024,0.0,0.36794347,0
img_00971_2024,0.0,0.053686276,0
img_00968_2024,0.0,0.43069983,0
img_00978_2024,0.0,0.030464439,0
img_00969_2024,0.0,0.06124525,0
img_00973_2024,0.0,0.03320133,0
img_00976_2024,0.0,0.08151666,0
img_00966_2024,0.0,0.058424935,0
img_00970_2024,0.0,0.11216746,0
img_00975_2024,0.0,0.055446763,0
img_00982_2024,0.0,0.11358941,0
img_00972_2024,0.0,0.081644945,0
img_00981_2024,0.0,0.04804735,0
img_00977_2024,0.0,0.0415432,0
img_00979_2024,0.0,0.37437725,0
img_00980_2024,0.0,0.9255347,1
img_00974_2024,0.0,0.03246488,0
img_00984_2024,0.0,0.04379349,0
img_00983_2024,0.0,0.8352193,1
img_00986_2024,0.0,0.12775853,0
img_00987_2024,0.0,0.053446915,0
img_00990_2024,0.0,0.26834664,0
img_00991_2024,0.0,0.06715932,0
img_00992_2024,0.0,0.08142831,0
img_00985_2024,0.0,0.046274576,0
img_00996_2024,0.0,0.031636737,0
img_00994_2024,0.0,0.0548481,0
img_00993_2024,0.0,0.08230207,0
img_00956_p01_2024,0.0,0.036843847,0
img_00956_p02_2024,0.0,0.05194781,0
img_00998_2024,0.0,0.22923642,0
img_00593_p01_2024,1.0,0.9695579,1
img_00593_p02_2024,1.0,0.9743294,1
img_00593_p03_2024,1.0,0.9323924,1
img_00593_p04_2024,1.0,0.97042364,1
img_00593_p05_2024,1.0,0.962319,1
img_00593_p06_2024,1.0,0.9708355,1
img_00593_p07_2024,1.0,0.9263362,1
img_00593_p08_2024,1.0,0.9729437,1
img_00593_p09_2024,1.0,0.25959215,0
img_00593_p10_2024,1.0,0.95096624,1
img_00593_p11_2024,1.0,0.89930546,1
img_00593_p12_2024,1.0,0.87516224,1
img_00593_p13_2024,1.0,0.97914326,1
img_00593_p14_2024,1.0,0.9719436,1
img_00593_p15_2024,1.0,0.93127507,1
img_00593_p16_2024,1.0,0.97534764,1
img_00593_p17_2024,1.0,0.9837249,1
img_00593_p18_2024,1.0,0.98363423,1
img_00593_p19_2024,1.0,0.95488465,1
img_00593_p20_2024,1.0,0.9815477,1
img_00593_p21_2024,1.0,0.98021907,1
img_00593_p22_2024,1.0,0.98026407,1
img_00989_2024,0.0,0.20065118,0
img_00997_2024,0.0,0.18400887,0
img_00999_2024,0.0,0.047756806,0
img_00995_2024,0.0,0.07965607,0
img_01000_2024,0.0,0.029820582,0
img_01001_2024,0.0,0.16692114,0
img_01003_2024,0.0,0.37050703,0
img_01004_2024,0.0,0.04098141,0
img_01002_2024,0.0,0.03451963,0
img_01005_2024,0.0,0.032179706,0
img_01006_2024,0.0,0.12788723,0
img_01008_2024,0.0,0.07879701,0
img_01009_2024,0.0,0.03434757,0
img_01007_2024,0.0,0.046824977,0
img_01013_2024,0.0,0.025939303,0
img_01014_2024,0.0,0.03685527,0
img_01012_2024,0.0,0.12038881,0
img_01011_2024,0.0,0.27047932,0
img_01018_2024,0.0,0.26456043,0
img_01015_2024,0.0,0.31260926,0
img_01020_2024,0.0,0.04595101,0
img_01016_2024,0.0,0.17285131,0
img_01017_2024,0.0,0.24306701,0
img_01024_2024,0.0,0.050705537,0
img_01021_2024,0.0,0.06698014,0
img_00988_p01_2024,0.0,0.023650665,0
img_00988_p02_2024,0.0,0.060367946,0
img_01022_2024,0.0,0.14080556,0
img_01025_2024,0.0,0.072427966,0
img_01023_2024,0.0,0.06306017,0
img_01032_2024,0.0,0.05000107,0
img_01027_2024,0.0,0.036586832,0
img_01033_2024,0.0,0.088865474,0
img_01029_2024,0.0,0.13477251,0
img_01028_2024,0.0,0.026205236,0
img_01035_2024,0.0,0.12804653,0
img_01031_2024,0.0,0.02984577,0
img_01026_2024,0.0,0.33557975,0
img_01030_2024,0.0,0.33452496,0
img_01037_2024,0.0,0.6404402,0
img_01036_2024,0.0,0.025952505,0
img_01040_2024,0.0,0.031369533,0
img_01043_2024,0.0,0.061407484,0
img_01047_2024,0.0,0.7772355,0
img_01046_2024,0.0,0.031815957,0
img_01042_2024,0.0,0.32706466,0
img_01049_2024,0.0,0.097064525,0
img_01041_2024,0.0,0.32518682,0
img_01045_2024,0.0,0.14063837,0
img_01048_2024,0.0,0.14606602,0
img_01038_2024,0.0,0.034244522,0
img_01034_p01_2024,0.0,0.07284514,0
img_01034_p02_2024,0.0,0.03991685,0
img_01051_2024,0.0,0.15773086,0
img_01054_2024,0.0,0.52194387,0
img_01050_2024,0.0,0.7827666,0
img_01052_2024,0.0,0.08707199,0
img_01055_2024,0.0,0.060863882,0
img_01039_p01_2024,0.0,0.23413318,0
img_01039_p02_2024,0.0,0.052831296,0
img_01058_2024,0.0,0.8530566,1
img_01057_2024,0.0,0.103485964,0
img_01056_2024,0.0,0.3256251,0
img_01044_2024,0.0,0.061204746,0
img_01062_2024,0.0,0.078093424,0
img_01059_2024,0.0,0.03366355,0
img_01010_p01_2024,0.0,0.036252927,0
img_01010_p02_2024,0.0,0.028882248,0
img_01010_p03_2024,0.0,0.03624793,0
img_01065_2024,0.0,0.037469476,0
img_01053_2024,0.0,0.02669479,0
img_01064_2024,0.0,0.07225184,0
img_01060_2024,0.0,0.89338183,1
img_01068_2024,0.0,0.49748263,0
img_01067_2024,0.0,0.05721178,0
img_01061_2024,0.0,0.5567918,0
img_01066_2024,0.0,0.037945066,0
img_01076_2024,0.0,0.27199617,0
img_01070_2024,0.0,0.03847942,0
img_01072_2024,0.0,0.03310657,0
img_01081_2024,0.0,0.07272657,0
img_01073_2024,0.0,0.06341613,0
img_01069_2024,0.0,0.048690517,0
img_01078_2024,0.0,0.1642602,0
img_01074_2024,0.0,0.10034967,0
img_01071_2024,0.0,0.047689,0
img_01019_p01_2024,0.0,0.20056199,0
img_01019_p02_2024,0.0,0.09307044,0
img_01019_p03_2024,0.0,0.042919744,0
img_01019_p04_2024,0.0,0.8049494,1
img_01083_2024,0.0,0.30798894,0
img_01080_2024,0.0,0.2180779,0
img_01077_2024,0.0,0.18313093,0
img_01082_2024,0.0,0.24148151,0
img_01085_2024,0.0,0.06437522,0
img_01090_2024,0.0,0.029278373,0
img_01094_2024,0.0,0.034408838,0
img_01089_2024,0.0,0.04423956,0
img_01088_2024,0.0,0.09515491,0
img_01091_2024,0.0,0.86749905,1
img_01084_2024,0.0,0.04723325,0
img_01095_2024,0.0,0.20543759,0
img_01086_2024,0.0,0.07159557,0
img_01097_2024,0.0,0.033199638,0
img_01099_2024,0.0,0.04898212,0
img_01096_2024,0.0,0.04102355,0
img_01098_2024,0.0,0.031530052,0
img_01092_2024,0.0,0.08273784,0
img_01102_2024,0.0,0.02505778,0
img_01101_2024,0.0,0.07155807,0
img_01106_2024,0.0,0.060615268,0
img_01107_2024,0.0,0.08436929,0
img_01104_2024,0.0,0.1181827,0
img_01087_p01_2024,0.0,0.14743906,0
img_01087_p02_2024,0.0,0.06116845,0
img_01109_2024,0.0,0.10892207,0
img_01100_2024,0.0,0.041619435,0
img_01075_p01_2024,0.0,0.030852819,0
img_01075_p02_2024,0.0,0.03704334,0
img_01075_p03_2024,0.0,0.059912466,0
img_01110_2024,0.0,0.09313126,0
img_01093_2024,0.0,0.6289835,0
img_01111_2024,0.0,0.54518247,0
img_01114_2024,0.0,0.03023547,0
img_01116_2024,0.0,0.03845595,0
img_01115_2024,0.0,0.3882721,0
img_01108_2024,0.0,0.20216313,0
img_01113_2024,0.0,0.7671181,0
img_01119_2024,0.0,0.27471003,0
img_01118_2024,0.0,0.23297785,0
img_01120_2024,0.0,0.10604523,0
img_01124_2024,0.0,0.062439203,0
img_01123_2024,0.0,0.22571549,0
img_01121_2024,0.0,0.15593755,0
img_01127_2024,0.0,0.044569254,0
img_01122_2024,0.0,0.04405437,0
img_01130_2024,0.0,0.030468227,0
img_01132_2024,0.0,0.70500875,0
img_01126_2024,0.0,0.96371645,1
img_01128_2024,0.0,0.23962519,0
img_01129_2024,0.0,0.047541417,0
img_01131_2024,0.0,0.050588634,0
img_01125_2024,0.0,0.04450649,0
img_01135_2024,0.0,0.16912302,0
img_01103_2024,0.0,0.117296495,0
img_01138_2024,0.0,0.035189252,0
img_01141_2024,0.0,0.08183506,0
img_01140_2024,0.0,0.047863863,0
img_01139_2024,0.0,0.06954625,0
img_01134_2024,0.0,0.043323584,0
img_01145_2024,0.0,0.06293315,0
img_01142_2024,0.0,0.02971179,0
img_01144_2024,0.0,0.79694873,1
img_01143_2024,0.0,0.08228535,0
img_01146_2024,0.0,0.5954401,0
img_01112_2024,0.0,0.22006328,0
img_01136_2024,0.0,0.02713178,0
img_01150_2024,0.0,0.21230057,0
img_01151_2024,0.0,0.03656001,0
img_01154_2024,0.0,0.061856322,0
img_01152_2024,0.0,0.19634691,0
img_01149_2024,0.0,0.41534173,0
img_01079_p01_2024,0.0,0.054009836,0
img_01079_p02_2024,0.0,0.08055992,0
img_01117_2024,0.0,0.10398963,0
img_01133_p01_2024,0.0,0.02569413,0
img_01133_p02_2024,0.0,0.19320881,0
img_01156_2024,0.0,0.13667093,0
img_01155_2024,0.0,0.038220093,0
img_01157_2024,0.0,0.039343007,0
img_01063_p01_2024,0.0,0.9352233,1
img_01063_p02_2024,0.0,0.9387962,1
img_01063_p03_2024,0.0,0.17775403,0
img_01063_p04_2024,0.0,0.42481846,0
img_01063_p05_2024,0.0,0.07902136,0
img_01063_p06_2024,0.0,0.5048814,0
img_01159_2024,0.0,0.91484547,1
img_01153_2024,0.0,0.035089895,0
img_01158_2024,0.0,0.12518723,0
img_01148_2024,0.0,0.058696285,0
img_01161_2024,0.0,0.18820918,0
img_01165_2024,0.0,0.07637258,0
img_00651_p01_2024,1.0,0.9648407,1
img_00651_p02_2024,1.0,0.9722393,1
img_00651_p03_2024,1.0,0.95291466,1
img_00651_p04_2024,1.0,0.92904127,1
img_00651_p05_2024,1.0,0.846657,1
img_00651_p06_2024,1.0,0.96765935,1
img_00651_p07_2024,1.0,0.9564459,1
img_00651_p08_2024,1.0,0.98061,1
img_00651_p09_2024,1.0,0.9755491,1
img_00651_p10_2024,1.0,0.9022823,1
img_00651_p11_2024,1.0,0.97189766,1
img_00651_p12_2024,1.0,0.9783079,1
img_00651_p13_2024,1.0,0.9651389,1
img_00651_p14_2024,1.0,0.98381054,1
img_00651_p15_2024,1.0,0.9803304,1
img_00651_p16_2024,1.0,0.9266089,1
img_00651_p17_2024,1.0,0.9567632,1
img_00651_p18_2024,1.0,0.19574878,0
img_01164_2024,0.0,0.107304,0
img_01166_2024,0.0,0.4898273,0
img_01167_2024,0.0,0.32072243,0
img_01162_2024,0.0,0.053824995,0
img_01137_p01_2024,0.0,0.03569786,0
img_01137_p02_2024,0.0,0.027893657,0
img_01168_2024,0.0,0.104980364,0
img_01163_2024,0.0,0.1492377,0
img_01105_2024,0.0,0.04052437,0
img_01171_2024,0.0,0.33860284,0
img_01169_2024,0.0,0.05464627,0
img_01174_2024,0.0,0.029024076,0
img_01173_2024,0.0,0.16137114,0
img_01170_2024,0.0,0.033579826,0
img_01172_2024,0.0,0.029167615,0
img_01147_p01_2024,0.0,0.900715,1
img_01147_p02_2024,0.0,0.06636894,0
img_01176_2024,0.0,0.21225092,0
img_01179_2024,0.0,0.37628257,0
img_01178_2024,0.0,0.16441007,0
img_01175_2024,0.0,0.20498495,0
img_01184_2024,0.0,0.058206365,0
img_01181_2024,0.0,0.10951888,0
img_01183_2024,0.0,0.040071666,0
img_01185_2024,0.0,0.062787004,0
img_01186_2024,0.0,0.22167951,0
img_01187_2024,0.0,0.06459489,0
img_01177_2024,0.0,0.028346615,0
img_01188_2024,0.0,0.17623779,0
img_01182_2024,0.0,0.047036555,0
img_01180_2024,0.0,0.19757617,0
img_01160_2024,0.0,0.0303978,0
img_01190_2024,0.0,0.22695526,0
img_01189_2024,0.0,0.05549629,0
img_01197_2024,0.0,0.34129235,0
img_01196_2024,0.0,0.055541284,0
img_01193_2024,0.0,0.64178205,0
img_01191_2024,0.0,0.038296703,0
img_01202_2024,0.0,0.42445743,0
img_01195_2024,0.0,0.19724672,0
img_01198_2024,0.0,0.06628029,0
img_01203_2024,0.0,0.04013782,0
img_01201_2024,0.0,0.073895454,0
img_01200_2024,0.0,0.04836635,0
img_01199_2024,0.0,0.097172335,0
img_01194_2024,0.0,0.06486963,0
img_01204_2024,0.0,0.032687567,0
img_01192_2024,0.0,0.03799008,0
img_01206_2024,0.0,0.45771217,0
img_01209_2024,0.0,0.2142508,0
img_01210_2024,0.0,0.3778559,0
img_01208_2024,0.0,0.0875078,0
img_01207_2024,0.0,0.03696843,0
img_01213_2024,0.0,0.086786605,0
img_01212_2024,0.0,0.09552083,0
img_01217_2024,0.0,0.0542362,0
img_01211_2024,0.0,0.23602001,0
img_01214_2024,0.0,0.047004387,0
img_01216_2024,0.0,0.09157284,0
img_01218_2024,0.0,0.212378,0
img_01223_2024,0.0,0.2088096,0
img_01224_2024,0.0,0.21373352,0
img_01220_2024,0.0,0.03883978,0
img_01215_2024,0.0,0.11550754,0
img_01222_2024,0.0,0.75460804,0
img_01225_2024,0.0,0.074902184,0
img_01226_2024,0.0,0.047476854,0
img_01219_2024,0.0,0.046619367,0
img_01227_2024,0.0,0.59604037,0
img_01228_2024,0.0,0.0637226,0
img_01205_p01_2024,0.0,0.07180865,0
img_01205_p02_2024,0.0,0.030799275,0
img_01229_2024,0.0,0.036423538,0
img_01231_2024,0.0,0.1113303,0
img_01230_2024,0.0,0.15580645,0
img_01233_2024,0.0,0.03500337,0
img_01232_2024,0.0,0.03345584,0
img_01234_2024,0.0,0.05897803,0
img_01236_2024,0.0,0.24028817,0
img_01235_2024,0.0,0.082720876,0
img_01237_2024,0.0,0.038459808,0
img_01238_2024,0.0,0.03948637,0
img_01240_2024,0.0,0.03825391,0
img_01245_2024,0.0,0.035105616,0
img_01243_2024,0.0,0.47945565,0
img_01239_2024,0.0,0.02777677,0
img_01241_2024,0.0,0.046452124,0
img_01246_2024,0.0,0.054432392,0
img_01244_2024,0.0,0.030250179,0
img_01248_2024,0.0,0.23810817,0
img_01247_2024,0.0,0.05568052,0
img_01250_2024,0.0,0.05800695,0
img_01252_2024,0.0,0.29808658,0
img_01251_2024,0.0,0.03684351,0
img_01242_2024,0.0,0.047569957,0
img_01249_2024,0.0,0.06754198,0
img_01253_2024,0.0,0.5361194,0
img_01258_2024,0.0,0.09490384,0
img_01255_2024,0.0,0.14437947,0
img_01259_2024,0.0,0.07469663,0
img_01254_2024,0.0,0.032204688,0
img_01256_2024,0.0,0.09342494,0
img_01261_2024,0.0,0.058855385,0
img_01263_2024,0.0,0.1149962,0
img_01265_2024,0.0,0.80472124,1
img_01266_2024,0.0,0.08496833,0
img_01262_2024,0.0,0.1762171,0
img_01269_2024,0.0,0.09569499,0
img_01271_2024,0.0,0.18529426,0
img_01273_2024,0.0,0.8915391,1
img_01274_2024,0.0,0.045692675,0
img_01270_2024,0.0,0.36989945,0
img_01275_2024,0.0,0.052477367,0
img_01272_2024,0.0,0.40385088,0
img_01260_2024,0.0,0.039040957,0
img_01264_2024,0.0,0.06313683,0
img_01268_2024,0.0,0.047357567,0
img_01277_2024,0.0,0.06478019,0
img_01281_2024,0.0,0.21080008,0
img_01276_2024,0.0,0.06228681,0
img_01284_2024,0.0,0.03541714,0
img_01280_2024,0.0,0.027154041,0
img_01282_2024,0.0,0.44500813,0
img_01285_2024,0.0,0.042727042,0
img_01267_2024,0.0,0.25254473,0
img_01278_2024,0.0,0.06251959,0
img_01286_2024,0.0,0.20837468,0
img_01289_2024,0.0,0.070474684,0
img_01279_2024,0.0,0.06748374,0
img_01292_2024,0.0,0.98186857,1
img_01291_2024,0.0,0.068996735,0
img_01293_2024,0.0,0.035895757,0
img_01290_2024,0.0,0.08079542,0
img_01287_2024,0.0,0.6661271,0
img_01297_2024,0.0,0.9505429,1
img_01299_2024,0.0,0.19887605,0
img_01294_2024,0.0,0.02996812,0
img_01298_2024,0.0,0.1020935,0
img_01300_2024,0.0,0.1002882,0
img_01288_2024,0.0,0.07253303,0
img_01296_2024,0.0,0.754559,0
img_01304_2024,0.0,0.08829752,0
img_01301_2024,0.0,0.07336913,0
img_01303_2024,0.0,0.35269606,0
img_01302_2024,0.0,0.052938662,0
img_01305_2024,0.0,0.058187753,0
img_01309_2024,0.0,0.26414797,0
img_01307_2024,0.0,0.81833285,1
img_01306_2024,0.0,0.57439446,0
img_01311_2024,0.0,0.3516028,0
img_01310_2024,0.0,0.12619649,0
img_01316_2024,0.0,0.03443975,0
img_01283_2024,0.0,0.07364308,0
img_01315_2024,0.0,0.06867961,0
img_01295_p01_2024,0.0,0.027496023,0
img_01295_p02_2024,0.0,0.029470418,0
img_01321_2024,0.0,0.15057208,0
img_01323_2024,0.0,0.064097516,0
img_01317_2024,0.0,0.92247796,1
img_01312_2024,0.0,0.9771524,1
img_01322_2024,0.0,0.19076468,0
img_01319_2024,0.0,0.04007649,0
img_01313_2024,0.0,0.04210291,0
img_01324_2024,0.0,0.07194617,0
img_01320_2024,0.0,0.031377982,0
img_01318_2024,0.0,0.06329053,0
img_01327_2024,0.0,0.9410449,1
img_01314_2024,0.0,0.40800354,0
img_01325_2024,0.0,0.094640106,0
img_01331_2024,0.0,0.18136598,0
img_01328_2024,0.0,0.064036705,0
img_01334_2024,0.0,0.17461383,0
img_01330_2024,0.0,0.17046364,0
img_01336_2024,0.0,0.7320755,0
img_01335_2024,0.0,0.28050655,0
img_01329_2024,0.0,0.025242202,0
img_01333_2024,0.0,0.028080976,0
img_01326_2024,0.0,0.051188342,0
img_01308_p01_2024,0.0,0.04639851,0
img_01308_p02_2024,0.0,0.671294,0
img_01332_2024,0.0,0.033654213,0
img_01338_2024,0.0,0.7665299,0
img_01340_2024,0.0,0.17766845,0
img_01339_2024,0.0,0.05337191,0
img_01337_2024,0.0,0.037821062,0
img_01341_2024,0.0,0.063730955,0
img_01350_2024,0.0,0.02543321,0
img_01348_2024,0.0,0.13963218,0
img_01346_2024,0.0,0.20134912,0
img_01342_2024,0.0,0.10531969,0
img_01343_2024,0.0,0.06531204,0
img_01349_2024,0.0,0.061475065,0
img_01345_2024,0.0,0.12318131,0
img_01352_2024,0.0,0.4504846,0
img_01353_2024,0.0,0.16723087,0
img_01354_2024,0.0,0.11236955,0
img_01357_2024,0.0,0.1429907,0
img_01356_2024,0.0,0.2344812,0
img_01351_2024,0.0,0.055400465,0
img_01347_2024,0.0,0.033662215,0
img_01361_2024,0.0,0.031359196,0
img_01363_2024,0.0,0.7832782,0
img_01362_2024,0.0,0.025589172,0
img_01359_2024,0.0,0.22770803,0
img_01364_2024,0.0,0.08711408,0
img_01360_2024,0.0,0.028106665,0
img_01366_2024,0.0,0.10802256,0
img_01365_2024,0.0,0.27442494,0
img_01367_2024,0.0,0.050075218,0
img_01358_2024,0.0,0.42304635,0
img_01355_2024,0.0,0.053514645,0
img_01375_2024,0.0,0.05212158,0
img_01370_2024,0.0,0.042230554,0
img_01344_p01_2024,0.0,0.032867357,0
img_01344_p02_2024,0.0,0.031066466,0
img_01368_2024,0.0,0.18243885,0
img_01374_2024,0.0,0.055215564,0
img_01376_2024,0.0,0.16272758,0
img_01380_2024,0.0,0.9542991,1
img_01371_2024,0.0,0.06934378,0
img_01379_2024,0.0,0.031543933,0
img_01377_2024,0.0,0.02694556,0
img_01382_2024,0.0,0.34019327,0
img_01257_p01_2024,0.0,0.053356357,0
img_01257_p02_2024,0.0,0.0599451,0
img_01257_p03_2024,0.0,0.037609585,0
img_01257_p04_2024,0.0,0.21820167,0
img_01257_p05_2024,0.0,0.055731706,0
img_01257_p06_2024,0.0,0.056410488,0
img_01369_2024,0.0,0.114898704,0
img_01384_2024,0.0,0.041058473,0
img_01387_2024,0.0,0.14902407,0
img_01381_2024,0.0,0.032331612,0
img_01386_2024,0.0,0.044091295,0
img_01383_2024,0.0,0.15032397,0
img_01385_2024,0.0,0.578394,0
img_01388_2024,0.0,0.026912648,0
img_01389_2024,0.0,0.060750775,0
img_01392_2024,0.0,0.036943246,0
img_01393_2024,0.0,0.049768183,0
img_01378_2024,0.0,0.03261329,0
img_01395_2024,0.0,0.23577006,0
img_01394_2024,0.0,0.278241,0
img_01397_2024,0.0,0.07347685,0
img_01390_2024,0.0,0.035246022,0
img_01391_2024,0.0,0.03644369,0
img_01402_2024,0.0,0.23571005,0
img_01399_2024,0.0,0.052442297,0
img_01401_2024,0.0,0.041740283,0
img_01403_2024,0.0,0.78943604,1
img_01409_2024,0.0,0.79623985,1
img_01406_2024,0.0,0.04006145,0
img_01404_2024,0.0,0.9661022,1
img_01398_2024,0.0,0.03346429,0
img_01408_2024,0.0,0.070793584,0
img_01407_2024,0.0,0.8825613,1
img_01400_2024,0.0,0.046848267,0
img_01411_2024,0.0,0.10320267,0
img_01412_2024,0.0,0.038301,0
img_01410_2024,0.0,0.051054858,0
img_01415_2024,0.0,0.033148296,0
img_01417_2024,0.0,0.35813472,0
img_01414_2024,0.0,0.41479835,0
img_01419_2024,0.0,0.02977534,0
img_01373_p01_2024,0.0,0.055009153,0
img_01373_p02_2024,0.0,0.03087772,0
img_01418_2024,0.0,0.03715834,0
img_01422_2024,0.0,0.17522846,0
img_01421_2024,0.0,0.044372648,0
img_01416_2024,0.0,0.06335552,0
img_01424_2024,0.0,0.43465307,0
img_01420_2024,0.0,0.23425704,0
img_01426_2024,0.0,0.13833022,0
img_01423_2024,0.0,0.89441395,1
img_01396_p01_2024,0.0,0.03947209,0
img_01396_p02_2024,0.0,0.08461356,0
img_01432_2024,0.0,0.2167789,0
img_01437_2024,0.0,0.1025671,0
img_01433_2024,0.0,0.060462486,0
img_01436_2024,0.0,0.2723821,0
img_01434_2024,0.0,0.13217786,0
img_01435_2024,0.0,0.17590117,0
img_01413_p01_2024,0.0,0.1030618,0
img_01413_p02_2024,0.0,0.0434925,0
img_01438_2024,0.0,0.051449794,0
img_01431_2024,0.0,0.034473505,0
img_01440_2024,0.0,0.29444376,0
img_01430_2024,0.0,0.10953432,0
img_01443_2024,0.0,0.11374782,0
img_01444_2024,0.0,0.14653799,0
img_01445_2024,0.0,0.75360054,0
img_01446_2024,0.0,0.037301674,0
img_01441_2024,0.0,0.08257074,0
img_01372_p01_2024,0.0,0.053943146,0
img_01372_p02_2024,0.0,0.13022734,0
img_01372_p03_2024,0.0,0.048575737,0
img_01372_p04_2024,0.0,0.02938525,0
img_01449_2024,0.0,0.05401795,0
img_01448_2024,0.0,0.05738191,0
img_01450_2024,0.0,0.34673384,0
img_01453_2024,0.0,0.071496695,0
img_01442_2024,0.0,0.2850025,0
img_01452_2024,0.0,0.0626944,0
img_01447_2024,0.0,0.5846515,0
img_01451_2024,0.0,0.30401987,0
img_01456_2024,0.0,0.19106278,0
img_01455_2024,0.0,0.04463969,0
img_01425_p01_2024,0.0,0.08437927,0
img_01425_p02_2024,0.0,0.23273094,0
img_01461_2024,0.0,0.035719942,0
img_01462_2024,0.0,0.12746738,0
img_01466_2024,0.0,0.03072668,0
img_01458_2024,0.0,0.031638097,0
img_01463_2024,0.0,0.26368356,0
img_01460_2024,0.0,0.048312377,0
img_01457_2024,0.0,0.036903024,0
img_01465_2024,0.0,0.9188389,1
img_01469_2024,0.0,0.5930342,0
img_01405_p01_2024,0.0,0.028361315,0
img_01405_p02_2024,0.0,0.036370073,0
img_01405_p03_2024,0.0,0.06880718,0
img_01405_p04_2024,0.0,0.04096389,0
img_01467_2024,0.0,0.032848075,0
img_01221_p01_2024,0.0,0.032022417,0
img_01221_p02_2024,0.0,0.059496585,0
img_01221_p03_2024,0.0,0.51606286,0
img_01221_p04_2024,0.0,0.05549639,0
img_01221_p05_2024,0.0,0.046161976,0
img_01221_p06_2024,0.0,0.047082547,0
img_01221_p07_2024,0.0,0.04978336,0
img_01221_p08_2024,0.0,0.03492224,0
img_01221_p09_2024,0.0,0.029241357,0
img_01221_p10_2024,0.0,0.028539324,0
img_01221_p11_2024,0.0,0.05506209,0
img_01221_p12_2024,0.0,0.027938563,0
img_01221_p13_2024,0.0,0.028946748,0
img_01470_2024,0.0,0.029924432,0
img_01427_p01_2024,0.0,0.1571457,0
img_01427_p02_2024,0.0,0.10328243,0
img_01427_p03_2024,0.0,0.04108098,0
img_01427_p04_2024,0.0,0.050011985,0
img_01468_2024,0.0,0.05647645,0
img_01472_2024,0.0,0.06469198,0
img_01471_2024,0.0,0.7012286,0
img_01473_2024,0.0,0.09334129,0
img_01477_2024,0.0,0.032501005,0
img_01476_2024,0.0,0.0483543,0
img_01478_2024,0.0,0.2582006,0
img_01479_2024,0.0,0.8918738,1
img_01464_2024,0.0,0.06835909,0
img_01481_2024,0.0,0.092890225,0
img_01439_p01_2024,0.0,0.061856292,0
img_01439_p02_2024,0.0,0.11899746,0
img_01439_p03_2024,0.0,0.08573299,0
img_01439_p04_2024,0.0,0.109925024,0
img_01480_2024,0.0,0.062135994,0
img_01484_2024,0.0,0.102517515,0
img_01483_2024,0.0,0.89569795,1
img_01474_2024,0.0,0.027824834,0
img_01482_2024,0.0,0.07553577,0
img_01485_2024,0.0,0.035654083,0
img_01486_2024,0.0,0.6550598,0
img_01487_2024,0.0,0.043404557,0
img_01489_2024,0.0,0.041976,0
img_01488_2024,0.0,0.12836555,0
img_01491_2024,0.0,0.025902266,0
img_01490_2024,0.0,0.07511453,0
img_01492_2024,0.0,0.04247319,0
img_01493_2024,0.0,0.22381692,0
img_01494_2024,0.0,0.035354003,0
img_01495_2024,0.0,0.1144198,0
img_01496_2024,0.0,0.19300458,0
img_01497_2024,0.0,0.03576469,0
img_01498_2024,0.0,0.03293495,0
img_01499_2024,0.0,0.031190958,0
img_01500_2024,0.0,0.06602049,0
img_01502_2024,0.0,0.13070042,0
img_01505_2024,0.0,0.048639357,0
img_01506_2024,0.0,0.28072938,0
img_01503_2024,0.0,0.056910347,0
img_01509_2024,0.0,0.057566565,0
img_01508_2024,0.0,0.11333467,0
img_01454_p01_2024,0.0,0.052306373,0
img_01454_p02_2024,0.0,0.025378097,0
img_01454_p03_2024,0.0,0.032807674,0
img_01454_p04_2024,0.0,0.055059783,0
img_01510_2024,0.0,0.06665779,0
img_01501_2024,0.0,0.8740888,1
img_01512_2024,0.0,0.92808455,1
img_01511_2024,0.0,0.05574773,0
img_01428_p01_2024,0.0,0.04026892,0
img_01428_p02_2024,0.0,0.030935066,0
img_01428_p03_2024,0.0,0.033738025,0
img_01428_p04_2024,0.0,0.031397857,0
img_01428_p05_2024,0.0,0.027432175,0
img_01515_2024,0.0,0.024897397,0
img_01514_2024,0.0,0.037523314,0
img_01513_2024,0.0,0.37488565,0
img_01517_2024,0.0,0.0352414,0
img_01507_2024,0.0,0.20572498,0
img_01516_2024,0.0,0.03296846,0
img_01504_p01_2024,0.0,0.1157966,0
img_01504_p02_2024,0.0,0.32304773,0
img_01524_2024,0.0,0.0767512,0
img_01519_2024,0.0,0.10653284,0
img_01523_2024,0.0,0.032873966,0
img_01520_2024,0.0,0.039782546,0
img_01525_2024,0.0,0.049062558,0
img_01518_2024,0.0,0.031060647,0
img_01521_2024,0.0,0.9662104,1
img_01530_2024,0.0,0.21183267,0
img_01527_2024,0.0,0.0705556,0
img_01526_2024,0.0,0.16390434,0
img_01531_2024,0.0,0.43771288,0
img_01533_2024,0.0,0.17817861,0
img_01532_2024,0.0,0.0604677,0
img_01529_2024,0.0,0.39192507,0
img_01528_2024,0.0,0.05815393,0
img_01537_2024,0.0,0.049045954,0
img_01538_2024,0.0,0.8212716,1
img_01536_2024,0.0,0.15905008,0
img_01535_2024,0.0,0.15282163,0
img_01539_2024,0.0,0.17617705,0
img_01540_2024,0.0,0.03769064,0
img_01541_2024,0.0,0.05440713,0
img_01544_2024,0.0,0.93608326,1
img_01543_2024,0.0,0.8024501,1
img_01542_2024,0.0,0.1802361,0
img_01546_2024,0.0,0.18308163,0
img_01548_2024,0.0,0.068463966,0
img_01549_2024,0.0,0.03215013,0
img_01555_2024,0.0,0.17349558,0
img_01553_2024,0.0,0.058968566,0
img_01552_2024,0.0,0.057341844,0
img_01551_2024,0.0,0.20502204,0
img_01554_2024,0.0,0.04082032,0
img_01556_2024,0.0,0.052185766,0
img_01545_2024,0.0,0.036822636,0
img_01534_p01_2024,0.0,0.053761266,0
img_01534_p02_2024,0.0,0.20965317,0
img_01550_2024,0.0,0.047896333,0
img_01559_2024,0.0,0.28492886,0
img_01561_2024,0.0,0.16306491,0
img_01558_2024,0.0,0.057250902,0
img_01557_2024,0.0,0.086498626,0
img_01562_2024,0.0,0.04338795,0
img_01564_2024,0.0,0.26525134,0
img_01560_2024,0.0,0.08583007,0
img_01563_2024,0.0,0.06061601,0
img_01569_2024,0.0,0.059556566,0
img_01568_2024,0.0,0.15512607,0
img_01566_2024,0.0,0.07945872,0
img_01567_2024,0.0,0.24048333,0
img_01572_2024,0.0,0.08745066,0
img_01570_2024,0.0,0.092290826,0
img_01547_p01_2024,0.0,0.029992519,0
img_01547_p02_2024,0.0,0.06787449,0
img_01574_2024,0.0,0.32541293,0
img_01571_2024,0.0,0.10092314,0
img_01576_2024,0.0,0.16207658,0
img_01579_2024,0.0,0.5021549,0
img_01577_2024,0.0,0.1068516,0
img_01565_2024,0.0,0.82872117,1
img_01522_p01_2024,0.0,0.029487371,0
img_01522_p02_2024,0.0,0.04351883,0
img_01522_p03_2024,0.0,0.0663079,0
img_01522_p04_2024,0.0,0.038451955,0
img_01580_2024,0.0,0.052602652,0
img_01578_2024,0.0,0.5536624,0
img_01582_2024,0.0,0.037621316,0
img_01586_2024,0.0,0.025431605,0
img_01584_2024,0.0,0.70949686,0
img_01587_2024,0.0,0.055631835,0
img_01583_2024,0.0,0.18033017,0
img_01585_2024,0.0,0.7069151,0
img_01588_2024,0.0,0.21762817,0
img_01589_2024,0.0,0.059707027,0
img_01597_2024,0.0,0.21998604,0
img_01595_2024,0.0,0.028658647,0
img_01591_2024,0.0,0.05341149,0
img_01594_2024,0.0,0.029719722,0
img_01596_2024,0.0,0.7476273,0
img_01581_2024,0.0,0.1645615,0
img_01592_2024,0.0,0.054869942,0
img_01598_2024,0.0,0.040242225,0
img_01603_2024,0.0,0.053682957,0
img_01599_2024,0.0,0.10786049,0
img_01602_2024,0.0,0.043797325,0
img_01475_p01_2024,0.0,0.051474463,0
img_01475_p02_2024,0.0,0.065082565,0
img_01475_p03_2024,0.0,0.04428196,0
img_01475_p04_2024,0.0,0.051367834,0
img_01475_p05_2024,0.0,0.048693832,0
img_01475_p06_2024,0.0,0.034849543,0
img_01475_p07_2024,0.0,0.057440046,0
img_01605_2024,0.0,0.17483597,0
img_01600_2024,0.0,0.19666705,0
img_01606_2024,0.0,0.08310226,0
img_01601_2024,0.0,0.1759755,0
img_01614_2024,0.0,0.041747425,0
img_01615_2024,0.0,0.14581,0
img_01610_2024,0.0,0.03848579,0
img_01616_2024,0.0,0.07534731,0
img_01609_2024,0.0,0.05112299,0
img_01618_2024,0.0,0.19804315,0
img_01617_2024,0.0,0.039678965,0
img_01613_2024,0.0,0.31943652,0
img_01604_2024,0.0,0.12287832,0
img_01612_2024,0.0,0.054014552,0
img_01620_2024,0.0,0.10670495,0
img_01621_2024,0.0,0.041407056,0
img_01622_2024,0.0,0.6783965,0
img_01619_2024,0.0,0.064075336,0
img_01623_2024,0.0,0.0777134,0
img_01624_2024,0.0,0.03322124,0
img_01625_2024,0.0,0.18432376,0
img_01628_2024,0.0,0.027815396,0
img_01607_2024,0.0,0.05902059,0
img_01629_2024,0.0,0.026975539,0
img_01573_p01_2024,0.0,0.036509573,0
img_01573_p02_2024,0.0,0.09558454,0
img_01573_p03_2024,0.0,0.74539727,0
img_01573_p04_2024,0.0,0.073874526,0
img_01631_2024,0.0,0.03349973,0
img_01611_2024,0.0,0.044831574,0
img_01633_2024,0.0,0.04647422,0
img_01635_2024,0.0,0.035954256,0
img_01630_2024,0.0,0.040086772,0
img_01608_p01_2024,0.0,0.028392429,0
img_01608_p02_2024,0.0,0.09627097,0
img_01627_2024,0.0,0.75333565,0
img_01639_2024,0.0,0.05512184,0
img_01626_2024,0.0,0.034017902,0
img_01637_2024,0.0,0.15491115,0
img_01642_2024,0.0,0.43085465,0
img_01636_2024,0.0,0.08061007,0
img_01638_2024,0.0,0.103513464,0
img_01632_2024,0.0,0.2020276,0
img_01643_2024,0.0,0.93387604,1
img_01641_2024,0.0,0.46174854,0
img_01646_2024,0.0,0.05403168,0
img_01648_2024,0.0,0.040465772,0
img_01647_2024,0.0,0.04000499,0
img_01644_2024,0.0,0.11741473,0
img_01645_2024,0.0,0.6665978,0
img_01593_p01_2024,0.0,0.048967782,0
img_01593_p02_2024,0.0,0.036428735,0
img_01593_p03_2024,0.0,0.024902271,0
img_01590_p01_2024,0.0,0.03969824,0
img_01590_p02_2024,0.0,0.033919588,0
img_01590_p03_2024,0.0,0.33227324,0
img_01590_p04_2024,0.0,0.09226153,0
img_01590_p05_2024,0.0,0.17565091,0
img_01640_2024,0.0,0.20886156,0
img_01649_2024,0.0,0.030792456,0
img_01650_2024,0.0,0.2974089,0
img_01654_2024,0.0,0.048434418,0
img_01651_2024,0.0,0.46546158,0
img_01653_2024,0.0,0.12679821,0
img_01652_2024,0.0,0.026644455,0
img_01655_2024,0.0,0.07295163,0
img_01656_2024,0.0,0.07628994,0
img_01658_2024,0.0,0.41390893,0
img_01659_2024,0.0,0.049336497,0
img_01662_2024,0.0,0.87927014,1
img_01634_p01_2024,0.0,0.055460457,0
img_01634_p02_2024,0.0,0.047069706,0
img_01657_2024,0.0,0.34212902,0
img_01664_2024,0.0,0.1876502,0
img_01663_2024,0.0,0.041340463,0
img_01665_2024,0.0,0.051035985,0
img_01667_2024,0.0,0.1846107,0
img_01666_2024,0.0,0.8440332,1
img_01671_2024,0.0,0.025740074,0
img_01672_2024,0.0,0.44359496,0
img_01673_2024,0.0,0.10504431,0
img_01668_2024,0.0,0.053805433,0
img_01669_2024,0.0,0.9766733,1
img_01674_2024,0.0,0.20144558,0
img_01678_2024,0.0,0.042813998,0
img_01677_2024,0.0,0.9608747,1
img_01670_2024,0.0,0.9747832,1
img_01679_2024,0.0,0.068670824,0
img_01676_2024,0.0,0.02865208,0
img_01682_2024,0.0,0.04692532,0
img_01675_2024,0.0,0.031750824,0
img_01681_2024,0.0,0.058464695,0
img_01661_p01_2024,0.0,0.65157884,0
img_01661_p02_2024,0.0,0.9562238,1
img_01680_2024,0.0,0.29610625,0
img_01684_2024,0.0,0.051278878,0
img_01685_2024,0.0,0.10890485,0
img_01683_2024,0.0,0.04477408,0
img_01660_p01_2024,0.0,0.11027191,0
img_01660_p02_2024,0.0,0.085011095,0
img_01689_2024,0.0,0.090888165,0
img_01688_2024,0.0,0.044643413,0
img_01687_2024,0.0,0.06485278,0
img_01691_2024,0.0,0.21053724,0
img_01690_2024,0.0,0.09645118,0
img_01692_2024,0.0,0.10893394,0
img_01694_2024,0.0,0.08155625,0
img_01696_2024,0.0,0.13587698,0
img_01695_2024,0.0,0.05133061,0
img_01703_2024,0.0,0.098101154,0
img_01697_2024,0.0,0.06701072,0
img_01701_2024,0.0,0.035782143,0
img_01699_2024,0.0,0.05119171,0
img_01700_2024,0.0,0.03479579,0
img_01704_2024,0.0,0.14233533,0
img_01705_2024,0.0,0.09174069,0
img_01706_2024,0.0,0.05688824,0
img_01707_2024,0.0,0.09687865,0
img_01709_2024,0.0,0.8655329,1
img_01712_2024,0.0,0.082370214,0
img_01714_2024,0.0,0.13806246,0
img_01715_2024,0.0,0.08109782,0
img_01711_2024,0.0,0.14711206,0
img_01708_2024,0.0,0.03504578,0
img_01710_2024,0.0,0.03726012,0
img_01720_2024,0.0,0.047272343,0
img_01713_2024,0.0,0.08223514,0
img_01722_2024,0.0,0.9025383,1
img_01721_2024,0.0,0.50354725,0
img_01716_2024,0.0,0.27034834,0
img_01726_2024,0.0,0.024647512,0
img_01729_2024,0.0,0.029023694,0
img_01724_2024,0.0,0.10009861,0
img_01725_2024,0.0,0.060775474,0
img_01730_2024,0.0,0.042657997,0
img_01731_2024,0.0,0.09040691,0
img_01727_2024,0.0,0.58776325,0
img_01732_2024,0.0,0.751733,0
img_01728_2024,0.0,0.037045766,0
img_01718_2024,0.0,0.058925528,0
img_01733_2024,0.0,0.7476403,0
img_01698_p01_2024,0.0,0.07810745,0
img_01698_p02_2024,0.0,0.20106028,0
img_01735_2024,0.0,0.60768384,0
img_01734_2024,0.0,0.040951874,0
img_01737_2024,0.0,0.17729251,0
img_01738_2024,0.0,0.7098063,0
img_01693_p01_2024,0.0,0.11677066,0
img_01693_p02_2024,0.0,0.029514372,0
img_01693_p03_2024,0.0,0.2757709,0
img_01723_2024,0.0,0.22790033,0
img_01741_2024,0.0,0.6317101,0
img_01740_2024,0.0,0.0880606,0
img_01743_2024,0.0,0.107273616,0
img_01744_2024,0.0,0.05373624,0
img_01739_2024,0.0,0.041635644,0
img_01746_2024,0.0,0.04669487,0
img_01429_p01_2024,0.0,0.1099399,0
img_01429_p02_2024,0.0,0.040091332,0
img_01429_p03_2024,0.0,0.05324745,0
img_01429_p04_2024,0.0,0.30222183,0
img_01429_p05_2024,0.0,0.17920366,0
img_01429_p06_2024,0.0,0.03287541,0
img_01429_p07_2024,0.0,0.04680072,0
img_01429_p08_2024,0.0,0.066278614,0
img_01429_p09_2024,0.0,0.17235991,0
img_01429_p10_2024,0.0,0.8246565,1
img_01429_p11_2024,0.0,0.051073793,0
img_01429_p12_2024,0.0,0.03968322,0
img_01429_p14_2024,0.0,0.104016274,0
img_01429_p15_2024,0.0,0.1232577,0
img_01429_p16_2024,0.0,0.051641576,0
img_01429_p17_2024,0.0,0.11958078,0
img_01429_p18_2024,0.0,0.047099862,0
img_01429_p19_2024,0.0,0.03090645,0
img_01742_2024,0.0,0.47361842,0
img_01745_2024,0.0,0.032080114,0
img_01736_2024,0.0,0.041940525,0
img_01749_2024,0.0,0.045515034,0
img_01748_2024,0.0,0.5346152,0
img_01747_2024,0.0,0.3044131,0
img_01719_2024,0.0,0.17825884,0
img_01751_2024,0.0,0.07655804,0
img_01753_2024,0.0,0.037333354,0
img_01750_2024,0.0,0.031925593,0
img_01755_2024,0.0,0.63473463,0
img_01752_2024,0.0,0.045025088,0
img_01756_2024,0.0,0.054414235,0
img_01717_2024,0.0,0.08526605,0
img_01762_2024,0.0,0.20302048,0
img_01760_2024,0.0,0.34572592,0
img_01759_2024,0.0,0.24908547,0
img_01754_2024,0.0,0.08555253,0
img_01758_2024,0.0,0.06385136,0
img_01765_2024,0.0,0.5102596,0
img_01764_2024,0.0,0.26052532,0
img_01763_2024,0.0,0.036199205,0
img_01767_2024,0.0,0.067154035,0
img_01769_2024,0.0,0.03636097,0
img_01766_2024,0.0,0.2592473,0
img_01771_2024,0.0,0.094816305,0
img_01770_2024,0.0,0.03187832,0
img_01761_2024,0.0,0.04999356,0
img_01768_2024,0.0,0.08329422,0
img_01702_p01_2024,0.0,0.08931133,0
img_01702_p02_2024,0.0,0.10586469,0
img_01702_p03_2024,0.0,0.07347391,0
img_01702_p04_2024,0.0,0.049434457,0
img_01702_p05_2024,0.0,0.03737998,0
img_01774_2024,0.0,0.03089577,0
img_01773_2024,0.0,0.1049295,0
img_01775_2024,0.0,0.065058306,0
img_01776_2024,0.0,0.20095016,0
img_01778_2024,0.0,0.18550111,0
img_01757_p01_2024,0.0,0.06029317,0
img_01757_p02_2024,0.0,0.038181208,0
img_01777_2024,0.0,0.08379632,0
img_01781_2024,0.0,0.07051484,0
img_01784_2024,0.0,0.589691,0
img_01779_2024,0.0,0.49439538,0
img_01780_2024,0.0,0.09869297,0
img_01782_2024,0.0,0.05115923,0
img_01772_2024,0.0,0.036986325,0
img_01783_2024,0.0,0.5855666,0
img_01575_p01_2024,0.0,0.036900725,0
img_01575_p02_2024,0.0,0.046530984,0
img_01575_p03_2024,0.0,0.06206028,0
img_01575_p04_2024,0.0,0.035599142,0
img_01575_p05_2024,0.0,0.034235604,0
img_01575_p06_2024,0.0,0.03982226,0
img_01575_p07_2024,0.0,0.030559128,0
img_01575_p08_2024,0.0,0.034285698,0
img_01575_p09_2024,0.0,0.03117172,0
img_01575_p10_2024,0.0,0.03291492,0
img_01575_p11_2024,0.0,0.029856356,0
img_01575_p12_2024,0.0,0.03358373,0
img_01785_2024,0.0,0.02458706,0
img_01792_2024,0.0,0.062647626,0
img_01789_2024,0.0,0.10197141,0
img_01790_2024,0.0,0.14021556,0
img_01791_2024,0.0,0.029650686,0
img_01794_2024,0.0,0.028629208,0
img_01786_2024,0.0,0.2513065,0
img_01796_2024,0.0,0.03536457,0
img_01795_2024,0.0,0.6496495,0
img_01787_2024,0.0,0.062226202,0
img_01788_2024,0.0,0.031452827,0
img_01800_2024,0.0,0.26174977,0
img_01798_2024,0.0,0.14582789,0
img_01801_2024,0.0,0.94136244,1
img_01793_2024,0.0,0.6521559,0
img_01803_2024,0.0,0.112635985,0
img_01797_2024,0.0,0.028716858,0
img_01802_2024,0.0,0.1975759,0
img_01804_2024,0.0,0.08356646,0
img_01805_2024,0.0,0.041960627,0
img_01810_2024,0.0,0.028070807,0
img_01809_2024,0.0,0.04072736,0
img_01807_2024,0.0,0.059971184,0
img_01811_2024,0.0,0.10665015,0
img_01799_2024,0.0,0.07275363,0
img_01812_2024,0.0,0.723145,0
img_01814_2024,0.0,0.0274734,0
img_01813_2024,0.0,0.93890727,1
img_01816_2024,0.0,0.032417435,0
img_01818_2024,0.0,0.094711654,0
img_01808_2024,0.0,0.16752124,0
img_01819_2024,0.0,0.19669443,0
img_01815_2024,0.0,0.04831732,0
img_01821_2024,0.0,0.87829053,1
img_01822_2024,0.0,0.05789088,0
img_01817_2024,0.0,0.034844056,0
img_01825_2024,0.0,0.4616962,0
img_01820_2024,0.0,0.025960786,0
img_01823_2024,0.0,0.04184542,0
img_01824_2024,0.0,0.061371677,0
img_01828_2024,0.0,0.96040547,1
img_01830_2024,0.0,0.100475445,0
img_01837_2024,0.0,0.30218685,0
img_01827_2024,0.0,0.25876218,0
img_01832_2024,0.0,0.03527131,0
img_01829_2024,0.0,0.06187374,0
img_01826_2024,0.0,0.04981286,0
img_01833_2024,0.0,0.0741729,0
img_01836_2024,0.0,0.4736539,0
img_01834_2024,0.0,0.6239962,0
img_01838_2024,0.0,0.061915915,0
img_01831_2024,0.0,0.044023197,0
img_01842_2024,0.0,0.529004,0
img_01843_2024,0.0,0.53307354,0
img_01835_2024,0.0,0.043642852,0
img_01846_2024,0.0,0.03511674,0
img_01841_2024,0.0,0.06965664,0
img_01850_2024,0.0,0.040315837,0
img_01851_2024,0.0,0.050700452,0
img_01839_2024,0.0,0.067896396,0
img_01848_2024,0.0,0.04142025,0
img_01845_2024,0.0,0.03060738,0
img_01854_2024,0.0,0.64865977,0
img_01853_2024,0.0,0.061314855,0
img_01847_2024,0.0,0.03320122,0
img_01855_2024,0.0,0.12249511,0
img_01856_2024,0.0,0.06292326,0
img_01857_2024,0.0,0.13138649,0
img_01858_2024,0.0,0.059507713,0
img_01862_2024,0.0,0.41987404,0
img_01860_2024,0.0,0.03912385,0
img_01861_2024,0.0,0.07820938,0
img_01806_p01_2024,0.0,0.061515167,0
img_01806_p02_2024,0.0,0.046271686,0
img_01806_p03_2024,0.0,0.03204572,0
img_01806_p04_2024,0.0,0.037732575,0
img_01844_p01_2024,0.0,0.9690505,1
img_01844_p02_2024,0.0,0.053564034,0
img_01859_2024,0.0,0.031038187,0
img_01866_2024,0.0,0.90931547,1
img_01864_2024,0.0,0.10901336,0
img_01863_2024,0.0,0.12139429,0
img_01865_2024,0.0,0.030070797,0
img_01867_2024,0.0,0.35977677,0
img_01871_2024,0.0,0.0837559,0
img_01868_2024,0.0,0.035040654,0
img_01870_2024,0.0,0.09981855,0
img_01873_2024,0.0,0.15566209,0
img_01869_2024,0.0,0.064788714,0
img_01876_2024,0.0,0.07317407,0
img_01877_2024,0.0,0.058533255,0
img_01883_2024,0.0,0.6311542,0
img_01880_2024,0.0,0.09745829,0
img_01874_2024,0.0,0.056974232,0
img_01881_2024,0.0,0.13550095,0
img_01885_2024,0.0,0.03799708,0
img_01882_2024,0.0,0.15338352,0
img_01879_2024,0.0,0.03705242,0
img_01888_2024,0.0,0.14080222,0
img_01872_2024,0.0,0.058388297,0
img_01889_2024,0.0,0.09881267,0
img_01886_2024,0.0,0.5723006,0
img_01878_2024,0.0,0.06544925,0
img_01884_2024,0.0,0.056321554,0
img_01890_2024,0.0,0.037178684,0
img_01887_2024,0.0,0.032747943,0
img_01895_2024,0.0,0.052456047,0
img_01894_2024,0.0,0.051160906,0
img_01892_2024,0.0,0.9357034,1
img_01896_2024,0.0,0.08205879,0
img_01897_2024,0.0,0.61975217,0
img_01900_2024,0.0,0.06862703,0
img_01902_2024,0.0,0.20230973,0
img_01901_2024,0.0,0.5414674,0
img_01893_2024,0.0,0.038941424,0
img_01898_2024,0.0,0.059041202,0
img_01903_2024,0.0,0.027702946,0
img_01899_2024,0.0,0.2809249,0
img_01904_2024,0.0,0.13011782,0
img_01907_2024,0.0,0.0789857,0
img_01905_2024,0.0,0.25123858,0
img_01906_2024,0.0,0.08389282,0
img_01852_p01_2024,0.0,0.040118232,0
img_01852_p02_2024,0.0,0.033703297,0
img_01852_p03_2024,0.0,0.036051806,0
img_01852_p04_2024,0.0,0.027935347,0
img_01908_2024,0.0,0.9767928,1
img_01910_2024,0.0,0.11057187,0
img_01912_2024,0.0,0.05834765,0
img_01918_2024,0.0,0.036055252,0
img_01915_2024,0.0,0.11057747,0
img_01909_2024,0.0,0.028341204,0
img_01916_2024,0.0,0.79781157,1
img_01911_2024,0.0,0.19482633,0
img_01917_2024,0.0,0.7785323,0
img_01919_2024,0.0,0.038461253,0
img_01913_2024,0.0,0.029237032,0
img_01922_2024,0.0,0.073369555,0
img_01921_2024,0.0,0.06482111,0
img_01924_2024,0.0,0.22898434,0
img_01914_2024,0.0,0.03707193,0
img_01923_2024,0.0,0.096372366,0
img_01925_2024,0.0,0.12317674,0
img_01930_2024,0.0,0.20809588,0
img_01927_2024,0.0,0.044901595,0
img_01891_p01_2024,0.0,0.038521636,0
img_01891_p02_2024,0.0,0.048082266,0
img_01928_2024,0.0,0.038332015,0
img_01933_2024,0.0,0.7565831,0
img_01929_2024,0.0,0.1967795,0
img_01931_2024,0.0,0.037527286,0
img_01849_p01_2024,0.0,0.81931996,1
img_01849_p02_2024,0.0,0.93068063,1
img_01849_p03_2024,0.0,0.51738155,0
img_01849_p04_2024,0.0,0.26525462,0
img_01849_p05_2024,0.0,0.05686137,0
img_01935_2024,0.0,0.2361942,0
img_01920_2024,0.0,0.041552722,0
img_01932_2024,0.0,0.07463686,0
img_01937_2024,0.0,0.05858015,0
img_01940_2024,0.0,0.026682181,0
img_01939_2024,0.0,0.1702038,0
img_01945_2024,0.0,0.9791179,1
img_01936_2024,0.0,0.04416668,0
img_01934_2024,0.0,0.69320685,0
img_01944_2024,0.0,0.22122034,0
img_01943_2024,0.0,0.048078008,0
img_01946_2024,0.0,0.044948876,0
img_01938_2024,0.0,0.11569497,0
img_01942_2024,0.0,0.6931236,0
img_01948_2024,0.0,0.09119896,0
img_01947_2024,0.0,0.7429628,0
img_01950_2024,0.0,0.079043284,0
img_01951_2024,0.0,0.6491802,0
img_01949_2024,0.0,0.039202355,0
img_01958_2024,0.0,0.090665914,0
img_01954_2024,0.0,0.47205055,0
img_01952_2024,0.0,0.07629893,0
img_01953_2024,0.0,0.16829579,0
img_01959_2024,0.0,0.95812,1
img_01961_2024,0.0,0.696129,0
img_01956_2024,0.0,0.036052823,0
img_01955_2024,0.0,0.2104782,0
img_01963_2024,0.0,0.06814483,0
img_01967_2024,0.0,0.08138057,0
img_01957_2024,0.0,0.057357,0
img_01966_2024,0.0,0.075677015,0
img_01968_2024,0.0,0.20471443,0
img_01965_2024,0.0,0.079383105,0
img_01964_2024,0.0,0.11595571,0
img_01969_2024,0.0,0.033951588,0
img_01972_2024,0.0,0.13479614,0
img_01926_p01_2024,0.0,0.047360826,0
img_01926_p02_2024,0.0,0.46620294,0
img_01926_p03_2024,0.0,0.4989302,0
img_01926_p04_2024,0.0,0.046792634,0
img_01974_2024,0.0,0.04675332,0
img_01970_2024,0.0,0.38852513,0
img_01960_2024,0.0,0.049473226,0
img_01962_2024,0.0,0.04459786,0
img_01973_2024,0.0,0.5684143,0
img_01980_2024,0.0,0.03403627,0
img_01976_2024,0.0,0.10240926,0
img_01979_2024,0.0,0.53007555,0
img_01977_2024,0.0,0.77441335,0
img_01982_2024,0.0,0.053928025,0
img_01978_2024,0.0,0.06328105,0
img_01981_2024,0.0,0.035514243,0
img_01983_2024,0.0,0.0932442,0
img_01975_2024,0.0,0.13783646,0
img_01984_2024,0.0,0.27883744,0
img_01989_2024,0.0,0.035379194,0
img_01941_p01_2024,0.0,0.055881374,0
img_01941_p02_2024,0.0,0.06411866,0
img_01941_p03_2024,0.0,0.03891128,0
img_01985_2024,0.0,0.08863717,0
img_01992_2024,0.0,0.28395954,0
img_01993_2024,0.0,0.75368565,0
img_01991_2024,0.0,0.03711651,0
img_01990_2024,0.0,0.16697405,0
img_01994_2024,0.0,0.033211563,0
img_01986_2024,0.0,0.050698996,0
img_01995_2024,0.0,0.3550549,0
img_01997_2024,0.0,0.056004915,0
img_02002_2024,0.0,0.69751424,0
img_01996_2024,0.0,0.40056053,0
img_02003_2024,0.0,0.03243958,0
img_01998_2024,0.0,0.038891703,0
img_01999_2024,0.0,0.042633068,0
img_02005_2024,0.0,0.06871184,0
img_02007_2024,0.0,0.090776436,0
img_02006_2024,0.0,0.3210373,0
img_02000_2024,0.0,0.06859613,0
img_02010_2024,0.0,0.039526876,0
img_02011_2024,0.0,0.07176111,0
img_02001_2024,0.0,0.059097238,0
img_02013_2024,0.0,0.11845733,0
img_02009_2024,0.0,0.044899285,0
img_02008_2024,0.0,0.39733368,0
img_02004_2024,0.0,0.038293235,0
img_01988_p01_2024,0.0,0.1904283,0
img_01988_p02_2024,0.0,0.27931026,0
img_02015_2024,0.0,0.5486837,0
img_02012_2024,0.0,0.026304897,0
img_02016_2024,0.0,0.038130973,0
img_02020_2024,0.0,0.14634395,0
img_02014_2024,0.0,0.037176497,0
img_02019_2024,0.0,0.105191074,0
img_02018_2024,0.0,0.24209267,0
img_02017_2024,0.0,0.3184209,0
img_02025_2024,0.0,0.19956744,0
img_02026_2024,0.0,0.052353244,0
img_02028_2024,0.0,0.17946604,0
img_02023_2024,0.0,0.23633197,0
img_02021_2024,0.0,0.12106845,0
img_02027_2024,0.0,0.5618183,0
img_02031_2024,0.0,0.11785341,0
img_02030_2024,0.0,0.06276773,0
img_02029_2024,0.0,0.04929259,0
img_02032_2024,0.0,0.03483674,0
img_02033_2024,0.0,0.031707305,0
img_02036_2024,0.0,0.05805268,0
img_02035_2024,0.0,0.07447274,0
img_02038_2024,0.0,0.9814441,1
img_02037_2024,0.0,0.8180818,1
img_02040_2024,0.0,0.032341685,0
img_02041_2024,0.0,0.03175034,0
img_02042_2024,0.0,0.055799656,0
img_02045_2024,0.0,0.36452836,0
img_02034_2024,0.0,0.031004386,0
img_02043_2024,0.0,0.3704079,0
img_02044_2024,0.0,0.07256469,0
img_01971_p01_2024,0.0,0.04367176,0
img_01971_p02_2024,0.0,0.08522885,0
img_01971_p03_2024,0.0,0.034248393,0
img_01971_p04_2024,0.0,0.059033398,0
img_02048_2024,0.0,0.057522524,0
img_02039_2024,0.0,0.038848326,0
img_02049_2024,0.0,0.7005138,0
img_02052_2024,0.0,0.05454925,0
img_02051_2024,0.0,0.23048438,0
img_02050_2024,0.0,0.08189497,0
img_02047_2024,0.0,0.65787685,0
img_02053_2024,0.0,0.087803334,0
img_02058_2024,0.0,0.48579797,0
img_02055_2024,0.0,0.083655715,0
img_02056_2024,0.0,0.90851086,1
img_02054_2024,0.0,0.035752058,0
img_02059_2024,0.0,0.15890935,0
img_02060_2024,0.0,0.40257925,0
img_02066_2024,0.0,0.71708685,0
img_02064_2024,0.0,0.97972775,1
img_02062_2024,0.0,0.7496789,0
img_02061_2024,0.0,0.12134392,0
img_02046_2024,0.0,0.1233953,0
img_02063_2024,0.0,0.052856926,0
img_02067_2024,0.0,0.04216085,0
img_02069_2024,0.0,0.025090657,0
img_02072_2024,0.0,0.09182361,0
img_02071_2024,0.0,0.042503648,0
img_02068_2024,0.0,0.037729226,0
img_02073_2024,0.0,0.03834866,0
img_02070_2024,0.0,0.22961165,0
img_02074_2024,0.0,0.034005664,0
img_02076_2024,0.0,0.111806005,0
img_02079_2024,0.0,0.35478765,0
img_02078_2024,0.0,0.30043364,0
img_02075_2024,0.0,0.04144559,0
img_01987_p01_2024,0.0,0.07428534,0
img_01987_p02_2024,0.0,0.05453232,0
img_01987_p03_2024,0.0,0.067770965,0
img_01987_p04_2024,0.0,0.103601955,0
img_02077_2024,0.0,0.0780662,0
img_02080_2024,0.0,0.2752963,0
img_02083_2024,0.0,0.03934079,0
img_02081_2024,0.0,0.88414216,1
img_02085_2024,0.0,0.122037105,0
img_02086_2024,0.0,0.1049166,0
img_02087_2024,0.0,0.060019996,0
img_02090_2024,0.0,0.2070792,0
img_02057_p01_2024,0.0,0.036167536,0
img_02057_p02_2024,0.0,0.030487975,0
img_02057_p03_2024,0.0,0.09707917,0
img_02089_2024,0.0,0.9392988,1
img_02094_2024,0.0,0.07775627,0
img_02091_2024,0.0,0.9625307,1
img_02096_2024,0.0,0.054029517,0
img_02092_2024,0.0,0.2976153,0
img_02097_2024,0.0,0.27665484,0
img_02095_2024,0.0,0.086932495,0
img_02099_2024,0.0,0.6008561,0
img_02098_2024,0.0,0.13787237,0
img_02093_2024,0.0,0.2365228,0
img_02102_2024,0.0,0.044954985,0
img_02082_p01_2024,0.0,0.10787915,0
img_02082_p02_2024,0.0,0.10462031,0
img_02105_2024,0.0,0.033804823,0
img_02104_2024,0.0,0.91080445,1
img_02100_2024,0.0,0.14984083,0
img_02101_2024,0.0,0.031379204,0
img_02084_p01_2024,0.0,0.07067603,0
img_02084_p02_2024,0.0,0.041852478,0
img_02107_2024,0.0,0.81325686,1
img_02110_2024,0.0,0.14314249,0
img_02022_p01_2024,0.0,0.027785076,0
img_02022_p02_2024,0.0,0.039879207,0
img_02022_p03_2024,0.0,0.033152904,0
img_02022_p04_2024,0.0,0.028516116,0
img_02022_p05_2024,0.0,0.047356855,0
img_02022_p06_2024,0.0,0.04351596,0
img_02111_2024,0.0,0.3367545,0
img_02109_2024,0.0,0.78428096,0
img_02115_2024,0.0,0.11803302,0
img_02116_2024,0.0,0.80867445,1
img_02108_2024,0.0,0.039720286,0
img_02088_p01_2024,0.0,0.048814796,0
img_02088_p02_2024,0.0,0.033478267,0
img_02113_2024,0.0,0.16611403,0
img_02117_2024,0.0,0.9768809,1
img_02114_2024,0.0,0.081545144,0
img_02119_2024,0.0,0.04429051,0
img_02118_2024,0.0,0.96635556,1
img_02106_p01_2024,0.0,0.050005022,0
img_02106_p02_2024,0.0,0.066563785,0
img_02112_2024,0.0,0.044768557,0
img_02120_2024,0.0,0.1641492,0
img_02123_2024,0.0,0.024550714,0
img_02122_2024,0.0,0.033640213,0
img_02121_2024,0.0,0.033925146,0
img_02128_2024,0.0,0.033628263,0
img_02129_2024,0.0,0.033703964,0
img_02125_2024,0.0,0.05082701,0
img_02103_p01_2024,0.0,0.0667581,0
img_02103_p02_2024,0.0,0.04522051,0
img_02127_2024,0.0,0.05478252,0
img_02124_2024,0.0,0.06675453,0
img_02131_2024,0.0,0.036826007,0
img_02134_2024,0.0,0.059840214,0
img_02130_2024,0.0,0.36007726,0
img_02065_p01_2024,0.0,0.08791365,0
img_02065_p02_2024,0.0,0.033360835,0
img_02065_p03_2024,0.0,0.031967856,0
img_02065_p04_2024,0.0,0.045187667,0
img_02065_p05_2024,0.0,0.05344168,0
img_02133_2024,0.0,0.06430664,0
img_02135_2024,0.0,0.80574214,1
img_02132_2024,0.0,0.0285171,0
img_02137_2024,0.0,0.028531343,0
img_02138_2024,0.0,0.41705826,0
img_02136_2024,0.0,0.61876035,0
img_02139_2024,0.0,0.081845604,0
img_02141_2024,0.0,0.06176123,0
img_02126_p01_2024,0.0,0.053490352,0
img_02126_p02_2024,0.0,0.038467146,0
img_02143_2024,0.0,0.036560137,0
img_02142_2024,0.0,0.056910526,0
img_02146_2024,0.0,0.32132766,0
img_02145_2024,0.0,0.4700765,0
img_02140_2024,0.0,0.15682691,0
img_02148_2024,0.0,0.04390838,0
img_02147_2024,0.0,0.055438593,0
img_02150_2024,0.0,0.05136315,0
img_02151_2024,0.0,0.09438555,0
img_02149_2024,0.0,0.057851855,0
img_02157_2024,0.0,0.040951677,0
img_02144_2024,0.0,0.062048737,0
img_02161_2024,0.0,0.08110634,0
img_02153_2024,0.0,0.10261658,0
img_02156_2024,0.0,0.046387073,0
img_02158_2024,0.0,0.047566026,0
img_02159_2024,0.0,0.06153514,0
img_02152_2024,0.0,0.05520273,0
img_02160_2024,0.0,0.979361,1
img_02163_2024,0.0,0.101641566,0
img_02162_2024,0.0,0.036155626,0
img_02164_2024,0.0,0.29917628,0
img_02155_2024,0.0,0.12805209,0
img_02167_2024,0.0,0.33236712,0
img_02165_2024,0.0,0.031371262,0
img_02154_2024,0.0,0.050230354,0
img_02170_2024,0.0,0.16264986,0
img_02169_2024,0.0,0.07953483,0
img_02171_2024,0.0,0.041352697,0
img_02173_2024,0.0,0.06622862,0
img_02176_2024,0.0,0.028881885,0
img_02174_2024,0.0,0.05542892,0
img_02180_2024,0.0,0.06816328,0
img_02179_2024,0.0,0.81939787,1
img_02178_2024,0.0,0.05637329,0
img_02168_2024,0.0,0.2700508,0
img_02177_2024,0.0,0.037749063,0
img_02181_2024,0.0,0.04539383,0
img_02183_2024,0.0,0.03348441,0
img_02175_2024,0.0,0.08881289,0
img_02185_2024,0.0,0.06671997,0
img_02182_2024,0.0,0.039416883,0
img_02186_2024,0.0,0.03884028,0
img_02166_p01_2024,0.0,0.0389304,0
img_02166_p02_2024,0.0,0.88260543,1
img_02184_2024,0.0,0.060991045,0
img_02189_2024,0.0,0.06726171,0
img_02192_2024,0.0,0.11181571,0
img_02191_2024,0.0,0.05341289,0
img_02193_2024,0.0,0.03276459,0
img_02194_2024,0.0,0.09139412,0
img_02195_2024,0.0,0.06278365,0
img_02197_2024,0.0,0.9676414,1
img_02187_2024,0.0,0.1617724,0
img_02196_2024,0.0,0.029612942,0
img_02172_p01_2024,0.0,0.04319374,0
img_02172_p02_2024,0.0,0.039382957,0
img_02188_2024,0.0,0.83013076,1
img_02199_2024,0.0,0.43514162,0
img_02203_2024,0.0,0.1377238,0
img_02198_2024,0.0,0.051254176,0
img_02190_2024,0.0,0.2987411,0
img_02200_2024,0.0,0.17848448,0
img_02201_2024,0.0,0.05264042,0
img_02204_2024,0.0,0.18707468,0
img_02024_p01_2024,0.0,0.045519393,0
img_02024_p02_2024,0.0,0.21928649,0
img_02024_p03_2024,0.0,0.8018067,1
img_02024_p04_2024,0.0,0.031757653,0
img_02024_p05_2024,0.0,0.056436483,0
img_02024_p06_2024,0.0,0.040538102,0
img_02024_p07_2024,0.0,0.027787674,0
img_02024_p08_2024,0.0,0.031303898,0
img_02206_2024,0.0,0.5870779,0
img_02207_2024,0.0,0.035849996,0
img_02205_2024,0.0,0.058660794,0
img_02209_2024,0.0,0.02693786,0
img_02211_2024,0.0,0.3723291,0
img_02202_2024,0.0,0.03546759,0
img_02208_2024,0.0,0.12253215,0
img_02212_2024,0.0,0.21837653,0
img_02213_2024,0.0,0.23459886,0
img_02214_2024,0.0,0.08502397,0
img_02210_2024,0.0,0.057155084,0
img_02216_2024,0.0,0.16684648,0
img_02215_2024,0.0,0.1975084,0
img_02218_2024,0.0,0.065615214,0
img_02219_2024,0.0,0.05114953,0
img_02220_2024,0.0,0.039018083,0
img_02221_2024,0.0,0.08890454,0
img_02223_2024,0.0,0.90639365,1
img_02224_2024,0.0,0.038013335,0
img_02222_2024,0.0,0.111149386,0
img_02227_2024,0.0,0.05440285,0
img_02217_2024,0.0,0.10015119,0
img_02228_2024,0.0,0.028687704,0
img_02229_2024,0.0,0.3628845,0
img_02225_2024,0.0,0.037527252,0
img_02230_2024,0.0,0.056124654,0
img_02226_2024,0.0,0.17675346,0
img_02232_2024,0.0,0.054472398,0
img_02233_2024,0.0,0.106376715,0
img_02235_2024,0.0,0.033254474,0
img_02237_2024,0.0,0.11848778,0
img_02231_2024,0.0,0.04329454,0
img_02242_2024,0.0,0.08702529,0
img_02241_2024,0.0,0.054931622,0
img_02244_2024,0.0,0.5812832,0
img_02245_2024,0.0,0.6706463,0
img_02239_2024,0.0,0.36341584,0
img_02238_2024,0.0,0.16726084,0
img_02236_2024,0.0,0.11949276,0
img_02243_2024,0.0,0.039133452,0
img_02250_2024,0.0,0.27334413,0
img_02246_2024,0.0,0.30901244,0
img_02248_2024,0.0,0.028049571,0
img_02251_2024,0.0,0.03412183,0
img_02247_2024,0.0,0.26906505,0
img_02252_2024,0.0,0.06747342,0
img_02254_2024,0.0,0.24155684,0
img_02253_2024,0.0,0.10189541,0
img_02249_2024,0.0,0.056697085,0
img_02256_2024,0.0,0.05005201,0
img_02258_2024,0.0,0.38120505,0
img_02257_2024,0.0,0.05401928,0
img_02255_2024,0.0,0.102698326,0
img_02259_2024,0.0,0.060097706,0
img_02260_2024,0.0,0.8853026,1
img_02263_2024,0.0,0.22047824,0
img_02262_2024,0.0,0.11697113,0
img_02264_2024,0.0,0.07449554,0
img_02261_2024,0.0,0.4104111,0
img_02268_2024,0.0,0.17124967,0
img_02271_2024,0.0,0.028048763,0
img_02265_2024,0.0,0.09460385,0
img_02269_2024,0.0,0.06885664,0
img_02270_2024,0.0,0.09871316,0
img_02267_2024,0.0,0.176714,0
img_02275_2024,0.0,0.04968706,0
img_02273_2024,0.0,0.048829157,0
img_02274_2024,0.0,0.044016093,0
img_02276_2024,0.0,0.40356925,0
img_02277_2024,0.0,0.06709753,0
img_02272_2024,0.0,0.20084366,0
img_02278_2024,0.0,0.027120113,0
img_02280_2024,0.0,0.14779845,0
img_02279_2024,0.0,0.9420748,1
img_02281_2024,0.0,0.031606447,0
img_02234_p01_2024,0.0,0.043909293,0
img_02234_p02_2024,0.0,0.027620325,0
img_02234_p03_2024,0.0,0.03230399,0
img_02234_p04_2024,0.0,0.03527835,0
img_02284_2024,0.0,0.04431562,0
img_02282_2024,0.0,0.10872927,0
img_02285_2024,0.0,0.041832965,0
img_02286_2024,0.0,0.04377586,0
img_02288_2024,0.0,0.07330517,0
img_02289_2024,0.0,0.13416497,0
img_02292_2024,0.0,0.050548486,0
img_02290_2024,0.0,0.3381829,0
img_02291_2024,0.0,0.1892089,0
img_02294_2024,0.0,0.08607311,0
img_02293_2024,0.0,0.96652734,1
img_02295_2024,0.0,0.09052716,0
img_02266_p01_2024,0.0,0.036831997,0
img_02266_p02_2024,0.0,0.12872733,0
img_02283_2024,0.0,0.075629465,0
img_02240_p01_2024,0.0,0.077354915,0
img_02240_p02_2024,0.0,0.06590409,0
img_02240_p03_2024,0.0,0.042919654,0
img_02240_p04_2024,0.0,0.18013544,0
img_02297_2024,0.0,0.66951805,0
img_02296_2024,0.0,0.3296043,0
img_02298_2024,0.0,0.031418324,0
img_02299_2024,0.0,0.85556483,1
img_02300_2024,0.0,0.19478744,0
img_02287_p01_2024,0.0,0.03438128,0
img_02287_p02_2024,0.0,0.044059563,0
img_02301_2024,0.0,0.06216834,0
img_02302_2024,0.0,0.21542458,0
img_02306_2024,0.0,0.1995284,0
img_02308_2024,0.0,0.075651206,0
img_02303_2024,0.0,0.025330918,0
img_01686_p01_2024,0.0,0.2749089,0
img_01686_p02_2024,0.0,0.13322237,0
img_01686_p03_2024,0.0,0.98272413,1
img_01686_p04_2024,0.0,0.50981104,0
img_01686_p05_2024,0.0,0.26887068,0
img_01686_p06_2024,0.0,0.27383316,0
img_01686_p07_2024,0.0,0.046213724,0
img_01686_p08_2024,0.0,0.028239883,0
img_01686_p09_2024,0.0,0.042929105,0
img_01686_p10_2024,0.0,0.9521072,1
img_01686_p11_2024,0.0,0.62010133,0
img_01686_p12_2024,0.0,0.8336364,1
img_01686_p13_2024,0.0,0.09173769,0
img_01686_p14_2024,0.0,0.16870663,0
img_01686_p15_2024,0.0,0.045600493,0
img_01686_p16_2024,0.0,0.050982043,0
img_01686_p17_2024,0.0,0.09330014,0
img_01686_p18_2024,0.0,0.066798575,0
img_01686_p19_2024,0.0,0.28603622,0
img_01686_p20_2024,0.0,0.027842399,0
img_01686_p21_2024,0.0,0.04968263,0
img_01686_p22_2024,0.0,0.06033142,0
img_01686_p23_2024,0.0,0.033987977,0
img_01686_p25_2024,0.0,0.035726998,0
img_01686_p26_2024,0.0,0.041197855,0
img_01686_p27_2024,0.0,0.033475388,0
img_01686_p28_2024,0.0,0.045121096,0
img_01686_p29_2024,0.0,0.12240885,0
img_01686_p30_2024,0.0,0.14223026,0
img_01686_p31_2024,0.0,0.07114376,0
img_01686_p32_2024,0.0,0.5795946,0
img_01686_p33_2024,0.0,0.42699853,0
img_02307_2024,0.0,0.048364207,0
img_02311_2024,0.0,0.029143432,0
img_02305_2024,0.0,0.4254173,0
img_02309_2024,0.0,0.35693416,0
img_02312_2024,0.0,0.31155637,0
img_02316_2024,0.0,0.038166836,0
img_02310_2024,0.0,0.03726619,0
img_02317_2024,0.0,0.10732769,0
img_01875_p01_2024,0.0,0.6703151,0
img_01875_p02_2024,0.0,0.06409479,0
img_01875_p03_2024,0.0,0.9340858,1
img_01875_p04_2024,0.0,0.07197683,0
img_01875_p05_2024,0.0,0.050108314,0
img_01875_p06_2024,0.0,0.14899282,0
img_01875_p07_2024,0.0,0.93252593,1
img_01875_p08_2024,0.0,0.035868477,0
img_01875_p09_2024,0.0,0.15665588,0
img_01875_p10_2024,0.0,0.20854376,0
img_01875_p11_2024,0.0,0.12750886,0
img_01875_p12_2024,0.0,0.072825156,0
img_01875_p13_2024,0.0,0.73036355,0
img_01875_p14_2024,0.0,0.7307229,0
img_01875_p15_2024,0.0,0.36328456,0
img_01875_p16_2024,0.0,0.26676482,0
img_01875_p17_2024,0.0,0.044344842,0
img_01875_p18_2024,0.0,0.15663877,0
img_01875_p19_2024,0.0,0.15390578,0
img_01875_p20_2024,0.0,0.97791016,1
img_01875_p21_2024,0.0,0.04167852,0
img_01875_p22_2024,0.0,0.077528395,0
img_01875_p23_2024,0.0,0.9402262,1
img_01875_p24_2024,0.0,0.90088737,1
img_01875_p25_2024,0.0,0.0471452,0
img_02315_2024,0.0,0.07143346,0
img_02314_2024,0.0,0.031059965,0
img_02319_2024,0.0,0.037014086,0
img_02321_2024,0.0,0.03953761,0
img_02318_2024,0.0,0.051347774,0
img_02323_2024,0.0,0.06710808,0
img_02304_p01_2024,0.0,0.07896136,0
img_02304_p02_2024,0.0,0.027850574,0
img_02325_2024,0.0,0.93489665,1
img_02328_2024,0.0,0.12839578,0
img_02322_2024,0.0,0.02754818,0
img_02329_2024,0.0,0.1312702,0
img_02324_2024,0.0,0.31654692,0
img_02327_2024,0.0,0.048122384,0
img_02326_2024,0.0,0.060055595,0
img_02313_2024,0.0,0.061099276,0
img_02332_2024,0.0,0.371546,0
img_02333_2024,0.0,0.9280293,1
img_02331_2024,0.0,0.15430209,0
img_02334_2024,0.0,0.1418735,0
img_02337_2024,0.0,0.06272718,0
img_02336_2024,0.0,0.18442066,0
img_02330_2024,0.0,0.3305069,0
img_02340_2024,0.0,0.71618235,0
img_02335_2024,0.0,0.031908106,0
img_02339_2024,0.0,0.6448825,0
img_02320_p01_2024,0.0,0.030695386,0
img_02320_p02_2024,0.0,0.031306177,0
img_02342_2024,0.0,0.0722222,0
img_02348_2024,0.0,0.28931126,0
img_02347_2024,0.0,0.10565557,0
img_02345_2024,0.0,0.1518324,0
img_02343_2024,0.0,0.0767045,0
img_02341_2024,0.0,0.037041754,0
img_02346_2024,0.0,0.034162022,0
img_02338_2024,0.0,0.2950859,0
img_02349_2024,0.0,0.07837565,0
img_02344_2024,0.0,0.027851613,0
img_02350_2024,0.0,0.72188926,0
img_02353_2024,0.0,0.06927641,0
img_02355_2024,0.0,0.038292788,0
img_02352_2024,0.0,0.04494078,0
img_02358_2024,0.0,0.037826702,0
img_02357_2024,0.0,0.08951741,0
img_02354_2024,0.0,0.038265534,0
img_02360_2024,0.0,0.10066959,0
img_02356_2024,0.0,0.20021343,0
img_02366_2024,0.0,0.7978658,1
img_02361_2024,0.0,0.108496115,0
img_02362_2024,0.0,0.23963195,0
img_02368_2024,0.0,0.07008642,0
img_02364_2024,0.0,0.06631076,0
img_02365_2024,0.0,0.604985,0
img_02376_2024,0.0,0.9736959,1
img_02370_2024,0.0,0.0772755,0
img_02369_2024,0.0,0.024970235,0
img_02375_2024,0.0,0.12592202,0
img_02373_2024,0.0,0.11976058,0
img_02372_2024,0.0,0.12988356,0
img_02351_p01_2024,0.0,0.10478278,0
img_02351_p02_2024,0.0,0.19563946,0
img_02384_2024,0.0,0.05057852,0
img_02371_2024,0.0,0.042470824,0
img_02380_2024,0.0,0.036805447,0
img_02377_2024,0.0,0.045262992,0
img_02379_2024,0.0,0.553314,0
img_02387_2024,0.0,0.10538547,0
img_02389_2024,0.0,0.3371733,0
img_02363_2024,0.0,0.8142911,1
img_02385_2024,0.0,0.10160512,0
img_02381_2024,0.0,0.11011355,0
img_02383_2024,0.0,0.026427882,0
img_02367_2024,0.0,0.84523916,1
img_02374_2024,0.0,0.06093375,0
img_02378_p01_2024,0.0,0.18464203,0
img_02378_p02_2024,0.0,0.14817058,0
img_02390_2024,0.0,0.04312429,0
img_02391_2024,0.0,0.030876603,0
img_02394_2024,0.0,0.038882844,0
img_02392_2024,0.0,0.10324017,0
img_02382_2024,0.0,0.03285556,0
img_02396_2024,0.0,0.511829,0
img_02398_2024,0.0,0.17126943,0
img_02397_2024,0.0,0.033400707,0
img_02393_2024,0.0,0.07068939,0
img_02359_2024,0.0,0.13752039,0
img_02400_2024,0.0,0.032299537,0
img_02386_2024,0.0,0.05977439,0
img_02403_2024,0.0,0.084459454,0
img_02404_2024,0.0,0.32173446,0
img_02388_p01_2024,0.0,0.18919945,0
img_02388_p02_2024,0.0,0.42134058,0
img_02401_2024,0.0,0.7743837,0
img_02395_2024,0.0,0.030106114,0
img_02411_2024,0.0,0.08526267,0
img_02402_2024,0.0,0.030596348,0
img_02409_2024,0.0,0.07788019,0
img_02405_2024,0.0,0.31974107,0
img_02413_2024,0.0,0.21475758,0
img_02414_2024,0.0,0.05823754,0
img_02417_2024,0.0,0.065542825,0
img_02406_2024,0.0,0.29576498,0
img_02407_2024,0.0,0.07323439,0
img_02412_2024,0.0,0.035061065,0
img_02420_2024,0.0,0.03630727,0
img_02418_2024,0.0,0.035898995,0
img_02416_2024,0.0,0.08300354,0
img_02410_2024,0.0,0.1086746,0
img_02419_2024,0.0,0.06548207,0
img_02423_2024,0.0,0.111071885,0
img_02424_2024,0.0,0.067598544,0
img_02415_2024,0.0,0.23075218,0
img_02428_2024,0.0,0.20437835,0
img_02422_2024,0.0,0.06421959,0
img_02430_2024,0.0,0.03762114,0
img_02426_2024,0.0,0.04236345,0
img_02435_2024,0.0,0.70898306,0
img_02433_2024,0.0,0.7554771,0
img_02431_2024,0.0,0.07512767,0
img_02434_2024,0.0,0.0855535,0
img_02437_2024,0.0,0.063887745,0
img_02438_2024,0.0,0.08714107,0
img_02432_2024,0.0,0.038542297,0
img_02408_p01_2024,0.0,0.050106045,0
img_02408_p02_2024,0.0,0.03658912,0
img_02439_2024,0.0,0.7834717,0
img_02429_2024,0.0,0.03286214,0
img_02441_2024,0.0,0.033486854,0
img_02443_2024,0.0,0.04136497,0
img_02448_2024,0.0,0.096225806,0
img_02447_2024,0.0,0.2516309,0
img_02442_2024,0.0,0.032738976,0
img_02436_2024,0.0,0.66122377,0
img_02421_p01_2024,0.0,0.06491924,0
img_02421_p02_2024,0.0,0.034021396,0
img_02440_2024,0.0,0.14921081,0
img_02445_2024,0.0,0.026261823,0
img_02451_2024,0.0,0.8084526,1
img_02444_2024,0.0,0.033553194,0
img_02446_2024,0.0,0.061569147,0
img_02449_2024,0.0,0.09045185,0
img_02427_p01_2024,0.0,0.031647507,0
img_02427_p02_2024,0.0,0.028032558,0
img_02450_2024,0.0,0.8869952,1
img_02452_2024,0.0,0.05952227,0
img_02453_2024,0.0,0.027145855,0
img_02456_2024,0.0,0.035647433,0
img_02459_2024,0.0,0.062041033,0
img_02465_2024,0.0,0.035517942,0
img_02460_2024,0.0,0.060527034,0
img_02467_2024,0.0,0.027825339,0
img_02461_2024,0.0,0.12038139,0
img_02462_2024,0.0,0.033411764,0
img_02454_2024,0.0,0.07658365,0
img_02464_2024,0.0,0.038665093,0
img_02468_2024,0.0,0.1002122,0
img_02463_2024,0.0,0.056672547,0
img_02469_2024,0.0,0.31048033,0
img_02455_2024,0.0,0.0307318,0
img_02470_2024,0.0,0.03347069,0
img_02457_2024,0.0,0.67768544,0
img_02466_2024,0.0,0.026248084,0
img_02474_2024,0.0,0.034541916,0
img_02475_2024,0.0,0.26132607,0
img_02480_2024,0.0,0.06364788,0
img_02472_2024,0.0,0.114489935,0
img_02476_2024,0.0,0.34431583,0
img_02479_2024,0.0,0.76087373,0
img_02481_2024,0.0,0.06276651,0
img_02477_2024,0.0,0.048821937,0
img_02473_2024,0.0,0.23269676,0
img_02478_2024,0.0,0.039452206,0
img_02483_2024,0.0,0.06489722,0
img_02487_2024,0.0,0.035903946,0
img_02484_2024,0.0,0.05810468,0
img_02485_2024,0.0,0.03666332,0
img_02482_2024,0.0,0.087138616,0
img_02486_2024,0.0,0.07937519,0
img_02488_2024,0.0,0.6564008,0
img_02493_2024,0.0,0.32480353,0
img_02489_2024,0.0,0.06253068,0
img_02490_2024,0.0,0.12414943,0
img_02495_2024,0.0,0.27761942,0
img_02491_2024,0.0,0.25917584,0
img_02496_2024,0.0,0.17227861,0
img_02497_2024,0.0,0.028705476,0
img_02471_p01_2024,0.0,0.77920055,0
img_02471_p02_2024,0.0,0.030955466,0
img_02492_2024,0.0,0.92744344,1
img_02502_2024,0.0,0.15268575,0
img_02499_2024,0.0,0.18596835,0
img_02504_2024,0.0,0.35280427,0
img_02494_2024,0.0,0.86199933,1
img_02506_2024,0.0,0.052564852,0
img_02509_2024,0.0,0.7673404,0
img_02503_2024,0.0,0.05779635,0
img_02505_2024,0.0,0.11767629,0
img_02511_2024,0.0,0.04647372,0
img_02510_2024,0.0,0.060747698,0
img_02507_2024,0.0,0.8086024,1
img_02514_2024,0.0,0.03087145,0
img_02425_p01_2024,0.0,0.055058017,0
img_02425_p02_2024,0.0,0.042306263,0
img_02425_p03_2024,0.0,0.11033564,0
img_02425_p04_2024,0.0,0.06464527,0
img_02508_2024,0.0,0.08023072,0
img_02513_2024,0.0,0.03730567,0
img_02512_2024,0.0,0.047134258,0
img_02500_2024,0.0,0.04336538,0
img_02515_2024,0.0,0.60420674,0
img_02520_2024,0.0,0.61056525,0
img_02517_2024,0.0,0.08603659,0
img_02521_2024,0.0,0.7542643,0
img_02519_2024,0.0,0.22644325,0
img_02518_2024,0.0,0.03597405,0
img_02522_2024,0.0,0.08979782,0
img_02516_2024,0.0,0.03145415,0
img_02525_2024,0.0,0.051182345,0
img_02524_2024,0.0,0.13480285,0
img_02528_2024,0.0,0.03639321,0
img_02498_2024,0.0,0.03349512,0
img_02523_2024,0.0,0.45299116,0
img_02527_2024,0.0,0.1939169,0
img_02526_2024,0.0,0.053879727,0
img_02530_2024,0.0,0.02839273,0
img_02533_2024,0.0,0.056986675,0
img_02536_2024,0.0,0.87637216,1
img_02501_2024,0.0,0.03911975,0
img_02534_2024,0.0,0.092854664,0
img_02531_2024,0.0,0.4324443,0
img_02535_2024,0.0,0.06343657,0
img_02539_2024,0.0,0.048387524,0
img_02532_2024,0.0,0.045050852,0
img_02543_2024,0.0,0.033708725,0
img_02399_p01_2024,0.0,0.03751976,0
img_02399_p02_2024,0.0,0.035065323,0
img_02399_p03_2024,0.0,0.036599,0
img_02399_p04_2024,0.0,0.03308674,0
img_02399_p05_2024,0.0,0.034349658,0
img_02399_p06_2024,0.0,0.033576112,0
img_02537_2024,0.0,0.03915457,0
img_02538_2024,0.0,0.04768863,0
img_02540_2024,0.0,0.51297057,0
img_02541_2024,0.0,0.7443203,0
img_02542_2024,0.0,0.15228878,0
img_02546_2024,0.0,0.06812568,0
img_02545_2024,0.0,0.8907477,1
img_02549_2024,0.0,0.96061003,1
img_02552_2024,0.0,0.05903046,0
img_02554_2024,0.0,0.24046186,0
img_02557_2024,0.0,0.88603216,1
img_02553_2024,0.0,0.56382245,0
img_02551_2024,0.0,0.045484316,0
img_02556_2024,0.0,0.061183028,0
img_02548_2024,0.0,0.90324277,1
img_02555_2024,0.0,0.047427382,0
img_02560_2024,0.0,0.039192837,0
img_02550_2024,0.0,0.030752258,0
img_02562_2024,0.0,0.037753005,0
img_02565_2024,0.0,0.062845945,0
img_02544_2024,0.0,0.48498437,0
img_02559_2024,0.0,0.05912983,0
img_02529_p01_2024,0.0,0.056807,0
img_02529_p02_2024,0.0,0.031801157,0
img_02564_2024,0.0,0.086382054,0
img_02558_2024,0.0,0.20060572,0
img_02561_2024,0.0,0.029990813,0
img_02563_2024,0.0,0.54439974,0
img_02566_2024,0.0,0.049542636,0
img_02568_2024,0.0,0.06489405,0
img_02567_2024,0.0,0.6834501,0
img_02573_2024,0.0,0.2025446,0
img_02572_2024,0.0,0.1907406,0
img_02570_2024,0.0,0.068832874,0
img_02571_2024,0.0,0.17068087,0
img_02579_2024,0.0,0.04296996,0
img_02547_p01_2024,0.0,0.03208611,0
img_02547_p02_2024,0.0,0.025595063,0
img_02576_2024,0.0,0.09580191,0
img_02577_2024,0.0,0.19445571,0
img_02580_2024,0.0,0.030717744,0
img_02581_2024,0.0,0.9428447,1
img_02578_2024,0.0,0.054945696,0
img_02569_2024,0.0,0.03251971,0
img_02585_2024,0.0,0.9503184,1
img_02586_2024,0.0,0.30588785,0
img_02575_2024,0.0,0.053331602,0
img_02584_2024,0.0,0.42954305,0
img_02583_2024,0.0,0.2131471,0
img_02588_2024,0.0,0.05001178,0
img_02587_2024,0.0,0.028676242,0
img_02593_2024,0.0,0.9171916,1
img_02589_2024,0.0,0.93579775,1
img_02590_2024,0.0,0.039239574,0
img_02596_2024,0.0,0.07273697,0
img_02595_2024,0.0,0.5976051,0
img_02602_2024,0.0,0.71362025,0
img_02599_2024,0.0,0.027594065,0
img_02594_2024,0.0,0.19176139,0
img_02601_2024,0.0,0.063290186,0
img_02597_2024,0.0,0.0495292,0
img_02603_2024,0.0,0.037152942,0
img_02591_2024,0.0,0.054779224,0
img_02604_2024,0.0,0.049964454,0
img_02574_2024,0.0,0.029518818,0
img_02605_2024,0.0,0.10944229,0
img_02600_2024,0.0,0.062568024,0
img_02592_2024,0.0,0.036338735,0
img_02598_2024,0.0,0.08201794,0
img_02607_2024,0.0,0.14108242,0
img_02608_2024,0.0,0.03631164,0
img_02609_2024,0.0,0.039394476,0
img_02613_2024,0.0,0.15658331,0
img_02612_2024,0.0,0.03000439,0
img_02614_2024,0.0,0.030652137,0
img_02606_2024,0.0,0.06036475,0
img_02615_2024,0.0,0.1376025,0
img_02621_2024,0.0,0.23756617,0
img_02619_2024,0.0,0.26135033,0
img_02618_2024,0.0,0.30199605,0
img_02622_2024,0.0,0.035187494,0
img_02610_2024,0.0,0.04789778,0
img_02624_2024,0.0,0.07792926,0
img_02616_2024,0.0,0.107154764,0
img_02623_2024,0.0,0.031192712,0
img_02625_2024,0.0,0.52564085,0
img_02611_2024,0.0,0.0353504,0
img_02627_2024,0.0,0.45478433,0
img_02620_2024,0.0,0.12776211,0
img_02630_2024,0.0,0.2729891,0
img_02626_2024,0.0,0.027539056,0
img_02628_2024,0.0,0.830455,1
img_02629_2024,0.0,0.05345114,0
img_02640_2024,0.0,0.10302727,0
img_02635_2024,0.0,0.03150162,0
img_02633_2024,0.0,0.8746382,1
img_02634_2024,0.0,0.033909287,0
img_02642_2024,0.0,0.04976877,0
img_02638_2024,0.0,0.72617525,0
img_02641_2024,0.0,0.0775017,0
img_02639_2024,0.0,0.308088,0
img_02632_2024,0.0,0.0787113,0
img_02636_2024,0.0,0.03781552,0
img_02631_2024,0.0,0.8715675,1
img_02643_2024,0.0,0.9766877,1
img_02645_2024,0.0,0.032508984,0
img_02644_2024,0.0,0.028565694,0
img_02647_2024,0.0,0.03602728,0
img_02646_2024,0.0,0.08229506,0
img_02648_2024,0.0,0.0637369,0
img_02650_2024,0.0,0.16664562,0
img_02651_2024,0.0,0.038849484,0
img_02617_p01_2024,0.0,0.36149722,0
img_02617_p02_2024,0.0,0.0955128,0
img_02617_p03_2024,0.0,0.06055078,0
img_02657_2024,0.0,0.098758705,0
img_02655_2024,0.0,0.090651296,0
img_02652_2024,0.0,0.05634258,0
img_02637_2024,0.0,0.27741072,0
img_02656_2024,0.0,0.0764943,0
img_02653_2024,0.0,0.20488206,0
img_02660_2024,0.0,0.06689416,0
img_02649_2024,0.0,0.043369576,0
img_02665_2024,0.0,0.06435819,0
img_02659_2024,0.0,0.061136767,0
img_02667_2024,0.0,0.046472546,0
img_02669_2024,0.0,0.14394332,0
img_02664_2024,0.0,0.7155789,0
img_02670_2024,0.0,0.17089541,0
img_02671_2024,0.0,0.064309366,0
img_02663_2024,0.0,0.042018585,0
img_02661_2024,0.0,0.055952087,0
img_02666_2024,0.0,0.09151369,0
img_02673_2024,0.0,0.13209353,0
img_02674_2024,0.0,0.14654656,0
img_02675_2024,0.0,0.27901003,0
img_02668_2024,0.0,0.214523,0
img_02682_2024,0.0,0.06489473,0
img_02683_2024,0.0,0.1039929,0
img_02680_2024,0.0,0.03746117,0
img_02679_2024,0.0,0.11275163,0
img_02686_2024,0.0,0.20423678,0
img_02681_2024,0.0,0.9791743,1
img_02678_2024,0.0,0.6422419,0
img_02687_2024,0.0,0.04352977,0
img_02685_2024,0.0,0.05325829,0
img_02684_2024,0.0,0.030495863,0
img_02688_2024,0.0,0.07375807,0
img_02689_2024,0.0,0.028934143,0
img_02691_2024,0.0,0.06837384,0
img_02692_2024,0.0,0.6366819,0
img_02696_2024,0.0,0.045916926,0
img_02698_2024,0.0,0.028502703,0
img_02694_2024,0.0,0.605306,0
img_02699_2024,0.0,0.038761966,0
img_02704_2024,0.0,0.10566696,0
img_02695_2024,0.0,0.13107365,0
img_02700_2024,0.0,0.035512827,0
img_02705_2024,0.0,0.039009273,0
img_02703_2024,0.0,0.09115316,0
img_02693_2024,0.0,0.07104736,0
img_02701_2024,0.0,0.30814096,0
img_02707_2024,0.0,0.056848485,0
img_02677_p01_2024,0.0,0.08285316,0
img_02677_p02_2024,0.0,0.03890033,0
img_02676_p01_2024,0.0,0.94684136,1
img_02676_p02_2024,0.0,0.6685946,0
img_02676_p03_2024,0.0,0.34772596,0
img_02710_2024,0.0,0.07799002,0
img_02708_2024,0.0,0.031585183,0
img_02706_2024,0.0,0.027518177,0
img_02690_2024,0.0,0.07710857,0
img_02697_2024,0.0,0.44669983,0
img_02712_2024,0.0,0.42126682,0
img_02702_2024,0.0,0.041116703,0
img_02716_2024,0.0,0.13816977,0
img_02709_2024,0.0,0.5675995,0
img_02654_p01_2024,0.0,0.17584853,0
img_02654_p02_2024,0.0,0.06483684,0
img_02654_p03_2024,0.0,0.29486609,0
img_02654_p04_2024,0.0,0.1244914,0
img_02711_2024,0.0,0.93874055,1
img_02720_2024,0.0,0.05658319,0
img_02723_2024,0.0,0.05355439,0
img_02717_2024,0.0,0.7909593,1
img_02714_2024,0.0,0.031641435,0
img_02672_p01_2024,0.0,0.042101275,0
img_02672_p02_2024,0.0,0.027008848,0
img_02715_2024,0.0,0.02623562,0
img_02721_2024,0.0,0.06160671,0
img_02713_2024,0.0,0.05882122,0
img_02722_2024,0.0,0.044009026,0
img_02729_2024,0.0,0.03157388,0
img_02730_2024,0.0,0.053185675,0
img_02733_2024,0.0,0.075784266,0
img_02719_2024,0.0,0.0475814,0
img_02732_2024,0.0,0.32297432,0
img_02734_2024,0.0,0.3610207,0
img_02725_2024,0.0,0.03909492,0
img_02726_2024,0.0,0.31406584,0
img_02731_2024,0.0,0.030122085,0
img_02718_p01_2024,0.0,0.46285096,0
img_02718_p02_2024,0.0,0.0682127,0
img_02735_2024,0.0,0.058661606,0
img_02737_2024,0.0,0.6733669,0
img_02738_2024,0.0,0.040657822,0
img_02739_2024,0.0,0.073400766,0
img_02742_2024,0.0,0.030506797,0
img_02728_2024,0.0,0.06926571,0
img_02743_2024,0.0,0.13951303,0
img_02736_2024,0.0,0.04365328,0
img_02746_2024,0.0,0.11197128,0
img_02741_2024,0.0,0.24786277,0
img_02745_2024,0.0,0.060003854,0
img_02727_2024,0.0,0.037662175,0
img_02751_2024,0.0,0.18245523,0
img_02724_p01_2024,0.0,0.24436463,0
img_02724_p02_2024,0.0,0.057982784,0
img_02752_2024,0.0,0.043627776,0
img_02750_2024,0.0,0.027572118,0
img_02753_2024,0.0,0.3221577,0
img_02740_2024,0.0,0.029500091,0
img_02747_2024,0.0,0.24216408,0
img_02744_2024,0.0,0.05947595,0
img_02757_2024,0.0,0.06109959,0
img_02759_2024,0.0,0.045694426,0
img_02754_2024,0.0,0.026398225,0
img_02760_2024,0.0,0.036790032,0
img_02748_2024,0.0,0.2642556,0
img_02756_2024,0.0,0.9403067,1
img_02749_2024,0.0,0.08795727,0
img_02767_2024,0.0,0.060052756,0
img_02762_2024,0.0,0.11659086,0
img_02768_2024,0.0,0.09150337,0
img_02758_2024,0.0,0.026574383,0
img_02765_2024,0.0,0.93347293,1
img_02766_2024,0.0,0.043531902,0
img_02763_2024,0.0,0.045194868,0
img_02755_2024,0.0,0.058002915,0
img_02771_2024,0.0,0.08954226,0
img_02773_2024,0.0,0.50352114,0
img_02774_2024,0.0,0.123765096,0
img_02772_2024,0.0,0.10380535,0
img_02761_2024,0.0,0.40946653,0
img_02769_2024,0.0,0.03363729,0
img_02775_2024,0.0,0.036998387,0
img_02777_2024,0.0,0.04129923,0
img_02770_2024,0.0,0.056154482,0
img_02778_2024,0.0,0.036780868,0
img_02779_2024,0.0,0.23253874,0
img_02764_2024,0.0,0.045784574,0
img_02782_2024,0.0,0.07536787,0
img_02781_2024,0.0,0.045419693,0
img_02776_2024,0.0,0.036211375,0
img_02780_2024,0.0,0.72352874,0
img_02788_2024,0.0,0.43224037,0
img_02785_2024,0.0,0.036154646,0
img_02786_2024,0.0,0.5295529,0
img_02783_2024,0.0,0.40695715,0
img_02784_2024,0.0,0.052722905,0
img_02790_2024,0.0,0.68051505,0
img_02787_2024,0.0,0.07075788,0
img_02792_2024,0.0,0.03114594,0
img_02791_2024,0.0,0.092853345,0
img_02789_2024,0.0,0.061385237,0
img_02801_2024,0.0,0.17120917,0
img_02802_2024,0.0,0.44208375,0
img_02803_2024,0.0,0.39512873,0
img_02796_2024,0.0,0.033799004,0
img_02800_2024,0.0,0.12334926,0
img_02798_2024,0.0,0.8665731,1
img_02794_2024,0.0,0.035668176,0
img_02793_2024,0.0,0.19541307,0
img_02809_2024,0.0,0.03343836,0
img_02799_2024,0.0,0.06609043,0
img_02811_2024,0.0,0.06872621,0
img_02797_2024,0.0,0.0350117,0
img_02805_2024,0.0,0.13503596,0
img_02806_2024,0.0,0.03683962,0
img_02808_2024,0.0,0.02876557,0
img_02804_2024,0.0,0.02673398,0
img_02812_2024,0.0,0.06001253,0
img_02813_2024,0.0,0.0781051,0
img_02795_p01_2024,0.0,0.036357358,0
img_02795_p02_2024,0.0,0.034101713,0
img_02817_2024,0.0,0.043852355,0
img_02814_2024,0.0,0.062138155,0
img_02820_2024,0.0,0.10748914,0
img_02818_2024,0.0,0.107372776,0
img_02821_2024,0.0,0.046960287,0
img_02822_2024,0.0,0.03703573,0
img_02815_2024,0.0,0.39574537,0
img_02823_2024,0.0,0.046490993,0
img_02807_2024,0.0,0.045085464,0
img_02826_2024,0.0,0.13116828,0
img_02816_2024,0.0,0.0373934,0
img_02819_2024,0.0,0.10576624,0
img_02829_2024,0.0,0.44975752,0
img_02827_2024,0.0,0.06571745,0
img_02825_2024,0.0,0.044083387,0
img_02832_2024,0.0,0.06285153,0
img_02835_2024,0.0,0.09868833,0
img_02836_2024,0.0,0.05840762,0
img_02833_2024,0.0,0.027519874,0
img_02830_2024,0.0,0.053781345,0
img_02831_2024,0.0,0.14321741,0
img_02840_2024,0.0,0.04570217,0
img_02828_2024,0.0,0.22288144,0
img_02841_2024,0.0,0.94299763,1
img_02842_2024,0.0,0.058434363,0
img_02838_2024,0.0,0.7751099,0
img_02837_2024,0.0,0.0432418,0
img_02843_2024,0.0,0.055438593,0
img_02845_2024,0.0,0.44256756,0
img_02847_2024,0.0,0.14416642,0
img_02834_2024,0.0,0.0250008,0
img_02824_p01_2024,0.0,0.037413545,0
img_02824_p02_2024,0.0,0.026807763,0
img_02850_2024,0.0,0.08307232,0
img_02849_2024,0.0,0.0285162,0
img_02856_2024,0.0,0.76728714,0
img_02855_2024,0.0,0.16772671,0
img_02851_2024,0.0,0.03804495,0
img_02854_2024,0.0,0.057264775,0
img_02859_2024,0.0,0.1976834,0
img_02848_2024,0.0,0.77152747,0
img_02852_2024,0.0,0.026151799,0
img_02858_2024,0.0,0.057515644,0
img_02844_2024,0.0,0.04757468,0
img_02861_2024,0.0,0.086686514,0
img_02839_2024,0.0,0.027246406,0
img_02857_2024,0.0,0.044200808,0
img_02863_2024,0.0,0.21641085,0
img_02853_2024,0.0,0.027216187,0
img_02862_2024,0.0,0.07528903,0
img_02865_2024,0.0,0.044152904,0
img_02846_2024,0.0,0.06350523,0
img_02868_2024,0.0,0.15610206,0
img_02860_2024,0.0,0.0369474,0
img_02870_2024,0.0,0.04520395,0
img_02873_2024,0.0,0.0671324,0
img_02871_2024,0.0,0.11297925,0
img_02874_2024,0.0,0.04950813,0
img_02867_2024,0.0,0.07517689,0
img_02872_2024,0.0,0.036310885,0
img_02866_2024,0.0,0.21843757,0
img_02869_2024,0.0,0.10027858,0
img_02878_2024,0.0,0.14353666,0
img_02881_2024,0.0,0.045218807,0
img_02879_2024,0.0,0.1337574,0
img_02882_2024,0.0,0.03662786,0
img_02875_2024,0.0,0.22153221,0
img_02877_2024,0.0,0.15842107,0
img_02883_2024,0.0,0.15209906,0
img_02864_2024,0.0,0.06873679,0
img_02880_2024,0.0,0.26084346,0
img_02888_2024,0.0,0.031168183,0
img_02891_2024,0.0,0.03472532,0
img_02887_2024,0.0,0.057789702,0
img_02884_2024,0.0,0.028273191,0
img_02899_2024,0.0,0.29517385,0
img_02893_2024,0.0,0.08446573,0
img_02900_2024,0.0,0.09672279,0
img_02892_2024,0.0,0.22008678,0
img_02886_2024,0.0,0.0659448,0
img_02889_2024,0.0,0.78881854,1
img_02896_2024,0.0,0.7934439,1
img_02901_2024,0.0,0.537536,0
img_02890_2024,0.0,0.08813054,0
img_02904_2024,0.0,0.36020562,0
img_02908_2024,0.0,0.34376544,0
img_02910_2024,0.0,0.10532879,0
img_02906_2024,0.0,0.09471046,0
img_02898_2024,0.0,0.039736066,0
img_02902_2024,0.0,0.039699428,0
img_02913_2024,0.0,0.1216564,0
img_02897_p01_2024,0.0,0.08143479,0
img_02897_p02_2024,0.0,0.048330937,0
img_02909_2024,0.0,0.2793667,0
img_02914_2024,0.0,0.34225762,0
img_02907_2024,0.0,0.035774864,0
img_02911_2024,0.0,0.049163755,0
img_02919_2024,0.0,0.06174106,0
img_02920_2024,0.0,0.85051715,1
img_02921_2024,0.0,0.96970737,1
img_02905_2024,0.0,0.09516133,0
img_02915_2024,0.0,0.030574558,0
img_02917_2024,0.0,0.34007853,0
img_02916_2024,0.0,0.041152243,0
img_02923_2024,0.0,0.32822368,0
img_02885_2024,0.0,0.02942108,0
img_02918_2024,0.0,0.029645575,0
img_02903_p01_2024,0.0,0.08621947,0
img_02903_p02_2024,0.0,0.047803935,0
img_02925_2024,0.0,0.1415077,0
img_02929_2024,0.0,0.026306883,0
img_02924_2024,0.0,0.034665197,0
img_02927_2024,0.0,0.031869564,0
img_02931_2024,0.0,0.15823834,0
img_02926_2024,0.0,0.03672506,0
img_02928_2024,0.0,0.047481038,0
img_02922_2024,0.0,0.32794285,0
img_02932_2024,0.0,0.10781315,0
img_02894_2024,0.0,0.088699,0
img_02930_2024,0.0,0.060670584,0
img_02933_2024,0.0,0.07872709,0
img_02912_p01_2024,0.0,0.061966542,0
img_02912_p02_2024,0.0,0.033748083,0
img_02934_2024,0.0,0.067578696,0
img_02895_2024,0.0,0.9105634,1
img_02937_2024,0.0,0.27494404,0
img_02936_2024,0.0,0.049853332,0
img_02938_2024,0.0,0.063480675,0
img_02810_p01_2024,0.0,0.17701933,0
img_02810_p02_2024,0.0,0.043331016,0
img_02810_p03_2024,0.0,0.041591134,0
img_02810_p04_2024,0.0,0.052941147,0
img_02810_p05_2024,0.0,0.037098363,0
img_02810_p06_2024,0.0,0.12710215,0
img_02810_p07_2024,0.0,0.08788865,0
img_02935_2024,0.0,0.04241838,0
img_02876_2024,0.0,0.03134523,0
img_02940_2024,0.0,0.031446226,0
img_02948_2024,0.0,0.053657178,0
img_02943_2024,0.0,0.38727954,0
img_02945_2024,0.0,0.05974114,0
img_02939_2024,0.0,0.06380559,0
img_02941_2024,0.0,0.1386689,0
img_02950_2024,0.0,0.1385636,0
img_02957_2024,0.0,0.8930731,1
img_02947_2024,0.0,0.26600638,0
img_02942_2024,0.0,0.065548085,0
img_02946_2024,0.0,0.7736279,0
img_02955_2024,0.0,0.04367911,0
img_02949_2024,0.0,0.13018791,0
img_02951_2024,0.0,0.047397703,0
img_02958_2024,0.0,0.026675431,0
img_02944_2024,0.0,0.025598746,0
img_02954_2024,0.0,0.042303637,0
img_02952_2024,0.0,0.103572644,0
img_02956_2024,0.0,0.029292185,0
img_02961_2024,0.0,0.06785102,0
img_02963_2024,0.0,0.66813236,0
img_02959_2024,0.0,0.055781223,0
img_02962_2024,0.0,0.0478923,0
img_02968_2024,0.0,0.055266533,0
img_02969_2024,0.0,0.3435459,0
img_02960_2024,0.0,0.109178126,0
img_02966_2024,0.0,0.0277675,0
img_02972_2024,0.0,0.15211442,0
img_02971_2024,0.0,0.03455645,0
img_02967_2024,0.0,0.07510635,0
img_02970_2024,0.0,0.051603105,0
img_02976_2024,0.0,0.056998797,0
img_02953_p01_2024,0.0,0.13378088,0
img_02953_p02_2024,0.0,0.27425817,0
img_02964_2024,0.0,0.31179014,0
img_02978_2024,0.0,0.27076277,0
img_02977_2024,0.0,0.043188278,0
img_02975_2024,0.0,0.04228303,0
img_02980_2024,0.0,0.055436283,0
img_02983_2024,0.0,0.10784511,0
img_02974_2024,0.0,0.02886941,0
img_02979_2024,0.0,0.0430466,0
img_02987_2024,0.0,0.042178154,0
img_02988_2024,0.0,0.73819745,0
img_02985_2024,0.0,0.061204296,0
img_02984_2024,0.0,0.37662145,0
img_02986_2024,0.0,0.21343288,0
img_02990_2024,0.0,0.09893001,0
img_02992_2024,0.0,0.3535523,0
img_02989_2024,0.0,0.19721578,0
img_02965_2024,0.0,0.051370747,0
img_02973_2024,0.0,0.11260367,0
img_02993_2024,0.0,0.9747019,1
img_02981_2024,0.0,0.04470455,0
img_02991_2024,0.0,0.037638787,0
img_02995_2024,0.0,0.047470864,0
img_02994_2024,0.0,0.24295437,0
img_03003_2024,0.0,0.025657067,0
img_03001_2024,0.0,0.059236962,0
img_02996_2024,0.0,0.055175707,0
img_03008_2024,0.0,0.79458845,1
img_03000_2024,0.0,0.03948734,0
img_02999_2024,0.0,0.0937865,0
img_02998_2024,0.0,0.033381652,0
img_03004_2024,0.0,0.9415071,1
img_03006_2024,0.0,0.039430276,0
img_03007_2024,0.0,0.37497863,0
img_03009_2024,0.0,0.08718599,0
img_03002_2024,0.0,0.025140716,0
img_02982_p01_2024,0.0,0.0326951,0
img_02982_p02_2024,0.0,0.06267199,0
img_03012_2024,0.0,0.044991378,0
img_03016_2024,0.0,0.08439482,0
img_03014_2024,0.0,0.8643575,1
img_03017_2024,0.0,0.13555402,0
img_03013_2024,0.0,0.3517642,0
img_03023_2024,0.0,0.97624403,1
img_03020_2024,0.0,0.117073074,0
img_03022_2024,0.0,0.16911423,0
img_03005_2024,0.0,0.030927774,0
img_03015_2024,0.0,0.077374145,0
img_03011_2024,0.0,0.28308684,0
img_03010_2024,0.0,0.07296228,0
img_03025_2024,0.0,0.031482577,0
img_03021_2024,0.0,0.09471484,0
img_03024_2024,0.0,0.04960246,0
img_03028_2024,0.0,0.039877478,0
img_03018_2024,0.0,0.033466358,0
img_03026_2024,0.0,0.044718165,0
img_03027_2024,0.0,0.09616439,0
img_03019_2024,0.0,0.05149527,0
img_03030_2024,0.0,0.14889048,0
img_03034_2024,0.0,0.027816016,0
img_03033_2024,0.0,0.76213235,0
img_03031_2024,0.0,0.42901906,0
img_03032_2024,0.0,0.0586893,0
img_03042_2024,0.0,0.06607708,0
img_03035_2024,0.0,0.06411128,0
img_03036_2024,0.0,0.23063718,0
img_03037_2024,0.0,0.37207693,0
img_03045_2024,0.0,0.20670223,0
img_03038_2024,0.0,0.85596156,1
img_03044_2024,0.0,0.07770792,0
img_03041_2024,0.0,0.074064605,0
img_03039_2024,0.0,0.22277616,0
img_03043_2024,0.0,0.87557787,1
img_03040_2024,0.0,0.049790762,0
img_03049_2024,0.0,0.18348269,0
img_02997_p01_2024,0.0,0.058248606,0
img_02997_p02_2024,0.0,0.53260666,0
img_02997_p03_2024,0.0,0.68039197,0
img_02997_p04_2024,0.0,0.9474047,1
img_03051_2024,0.0,0.044848446,0
img_03055_2024,0.0,0.9581199,1
img_03054_2024,0.0,0.042955678,0
img_03057_2024,0.0,0.95770085,1
img_03060_2024,0.0,0.04243887,0
img_03053_2024,0.0,0.12012409,0
img_03052_2024,0.0,0.038733773,0
img_03059_2024,0.0,0.3695221,0
img_03056_2024,0.0,0.052641038,0
img_03048_2024,0.0,0.057740226,0
img_03058_2024,0.0,0.046618804,0
img_03061_2024,0.0,0.18811505,0
img_03063_2024,0.0,0.6806839,0
img_03064_2024,0.0,0.9297633,1
img_03065_2024,0.0,0.22301807,0
img_03062_2024,0.0,0.07082438,0
img_03066_2024,0.0,0.157405,0
img_03068_2024,0.0,0.25442812,0
img_03067_2024,0.0,0.07278402,0
img_03069_2024,0.0,0.035993565,0
img_03075_2024,0.0,0.25353688,0
img_03029_p01_2024,0.0,0.036128525,0
img_03029_p02_2024,0.0,0.19736518,0
img_03073_2024,0.0,0.17002314,0
img_03074_2024,0.0,0.082416885,0
img_03072_2024,0.0,0.04198049,0
img_03071_2024,0.0,0.06602421,0
img_03070_2024,0.0,0.10950742,0
img_03080_2024,0.0,0.031136118,0
img_03077_2024,0.0,0.8090969,1
img_03078_2024,0.0,0.043144967,0
img_03076_2024,0.0,0.17949292,0
img_03082_2024,0.0,0.14099851,0
img_03081_2024,0.0,0.03500624,0
img_03083_2024,0.0,0.0510872,0
img_03084_2024,0.0,0.11481243,0
img_03090_2024,0.0,0.0959681,0
img_03079_2024,0.0,0.06088707,0
img_03086_2024,0.0,0.10927588,0
img_03088_2024,0.0,0.043348733,0
img_03087_2024,0.0,0.61800534,0
img_03092_2024,0.0,0.168993,0
img_03046_p01_2024,0.0,0.03568394,0
img_03046_p02_2024,0.0,0.030533463,0
img_03093_2024,0.0,0.8763971,1
img_03089_2024,0.0,0.05812012,0
img_03099_2024,0.0,0.47337136,0
img_03096_2024,0.0,0.108572565,0
img_03091_2024,0.0,0.04262585,0
img_03101_2024,0.0,0.077097155,0
img_03102_2024,0.0,0.8950857,1
img_03104_2024,0.0,0.030073684,0
img_03095_2024,0.0,0.0363027,0
img_03106_2024,0.0,0.06116013,0
img_03094_2024,0.0,0.060063254,0
img_03107_2024,0.0,0.043839283,0
img_03097_2024,0.0,0.029949628,0
img_03110_2024,0.0,0.21553712,0
img_03105_2024,0.0,0.044822447,0
img_03112_2024,0.0,0.91224957,1
img_03103_2024,0.0,0.036004502,0
img_03113_2024,0.0,0.055945057,0
img_03114_2024,0.0,0.101396404,0
img_03108_2024,0.0,0.06694238,0
img_03100_p01_2024,0.0,0.12150137,0
img_03100_p02_2024,0.0,0.14370273,0
img_03111_2024,0.0,0.042579006,0
img_03098_p01_2024,0.0,0.02791292,0
img_03098_p02_2024,0.0,0.08749744,0
img_03116_2024,0.0,0.08718724,0
img_03118_2024,0.0,0.038216975,0
img_03121_2024,0.0,0.20196863,0
img_03119_2024,0.0,0.0369015,0
img_03124_2024,0.0,0.09994712,0
img_03109_2024,0.0,0.08952219,0
img_03120_2024,0.0,0.03166998,0
img_03123_2024,0.0,0.09483397,0
img_03117_2024,0.0,0.3804679,0
img_03122_2024,0.0,0.09896085,0
img_03127_2024,0.0,0.10414895,0
img_03130_2024,0.0,0.12663111,0
img_03128_2024,0.0,0.026200613,0
img_03125_2024,0.0,0.40759584,0
img_03129_2024,0.0,0.026974542,0
img_03131_2024,0.0,0.3864081,0
img_03134_2024,0.0,0.042232677,0
img_03132_2024,0.0,0.07478151,0
img_03133_2024,0.0,0.048881736,0
img_03135_2024,0.0,0.11696205,0
img_03137_2024,0.0,0.075496234,0
img_03115_p01_2024,0.0,0.03979466,0
img_03115_p02_2024,0.0,0.046616342,0
img_03136_2024,0.0,0.03512413,0
img_03126_2024,0.0,0.5805781,0
img_03139_2024,0.0,0.30282572,0
img_03141_2024,0.0,0.54841894,0
img_03138_2024,0.0,0.92809343,1
img_03140_2024,0.0,0.70829785,0
img_03143_2024,0.0,0.051079158,0
img_03142_2024,0.0,0.07472831,0
img_03149_2024,0.0,0.06090444,0
img_03146_2024,0.0,0.15667853,0
img_03145_2024,0.0,0.07538051,0
img_03150_2024,0.0,0.29642293,0
img_03151_2024,0.0,0.78485256,0
img_03154_2024,0.0,0.9770496,1
img_03152_2024,0.0,0.045632187,0
img_03155_2024,0.0,0.02929192,0
img_03156_2024,0.0,0.29552484,0
img_03147_2024,0.0,0.027727058,0
img_03148_2024,0.0,0.039124668,0
img_03160_2024,0.0,0.036084075,0
img_03144_2024,0.0,0.02780891,0
img_03157_2024,0.0,0.042416368,0
img_03159_2024,0.0,0.36370498,0
img_03162_2024,0.0,0.040737696,0
img_03163_2024,0.0,0.044936858,0
img_03161_2024,0.0,0.04462365,0
img_03164_2024,0.0,0.03891945,0
img_03166_2024,0.0,0.19849338,0
img_03158_2024,0.0,0.031204639,0
img_03165_2024,0.0,0.045953013,0
img_03153_2024,0.0,0.08145649,0
img_03170_2024,0.0,0.19501387,0
img_03172_2024,0.0,0.087990575,0
img_03173_2024,0.0,0.431226,0
img_03171_2024,0.0,0.03494046,0
img_03168_2024,0.0,0.106794804,0
img_03175_2024,0.0,0.23575442,0
img_03176_2024,0.0,0.042669244,0
img_03169_2024,0.0,0.08271143,0
img_03178_2024,0.0,0.08797879,0
img_03179_2024,0.0,0.035294898,0
img_03174_2024,0.0,0.7952378,1
img_03177_2024,0.0,0.095473446,0
img_03181_2024,0.0,0.5408272,0
img_03180_2024,0.0,0.06569176,0
img_03167_2024,0.0,0.039931886,0
img_03183_2024,0.0,0.15964442,0
img_03182_2024,0.0,0.55713695,0
img_03186_2024,0.0,0.117628515,0
img_03192_2024,0.0,0.052230716,0
img_03185_2024,0.0,0.16656907,0
img_03187_2024,0.0,0.09335596,0
img_03196_2024,0.0,0.73421264,0
img_03191_2024,0.0,0.11583823,0
img_03195_2024,0.0,0.079763375,0
img_03190_2024,0.0,0.4767026,0
img_03189_2024,0.0,0.20879363,0
img_03194_2024,0.0,0.053745236,0
img_03193_2024,0.0,0.06146804,0
img_03199_2024,0.0,0.08740993,0
img_03184_2024,0.0,0.57985806,0
img_03188_2024,0.0,0.06488774,0
img_03200_2024,0.0,0.16655733,0
img_03197_2024,0.0,0.067055665,0
img_03211_2024,0.0,0.059532348,0
img_03204_2024,0.0,0.031301796,0
img_03201_2024,0.0,0.09100828,0
img_03202_2024,0.0,0.037633117,0
img_03198_2024,0.0,0.1367827,0
img_03208_2024,0.0,0.06374817,0
img_03213_2024,0.0,0.088885665,0
img_03207_2024,0.0,0.03763457,0
img_03209_2024,0.0,0.03379163,0
img_03203_2024,0.0,0.7931074,1
img_03214_2024,0.0,0.71213144,0
img_03212_2024,0.0,0.11516781,0
img_03205_2024,0.0,0.2182706,0
img_03210_2024,0.0,0.06265522,0
img_03216_2024,0.0,0.06973701,0
img_03215_2024,0.0,0.09003872,0
img_03218_2024,0.0,0.11205238,0
img_03221_2024,0.0,0.06805667,0
img_03217_2024,0.0,0.04501719,0
img_03223_2024,0.0,0.95687574,1
img_03219_2024,0.0,0.16376576,0
img_03222_2024,0.0,0.28513888,0
img_03220_2024,0.0,0.036532216,0
img_03225_2024,0.0,0.050017707,0
img_03227_2024,0.0,0.725764,0
img_03226_2024,0.0,0.027255205,0
img_03230_2024,0.0,0.13405086,0
img_03233_2024,0.0,0.42765793,0
img_03231_2024,0.0,0.035697825,0
img_03237_2024,0.0,0.30194238,0
img_03229_2024,0.0,0.051813222,0
img_03228_2024,0.0,0.0945353,0
img_03235_2024,0.0,0.06755563,0
img_03239_2024,0.0,0.32128587,0
img_03238_2024,0.0,0.21607725,0
img_03224_2024,0.0,0.03356672,0
img_03236_2024,0.0,0.058515415,0
img_03234_2024,0.0,0.030068655,0
img_03240_2024,0.0,0.28961107,0
img_03232_2024,0.0,0.025188154,0
img_03242_2024,0.0,0.14878213,0
img_03245_2024,0.0,0.065304175,0
img_03249_2024,0.0,0.09809244,0
img_03247_2024,0.0,0.95103556,1
img_03254_2024,0.0,0.08774713,0
img_03243_2024,0.0,0.35793617,0
img_03256_2024,0.0,0.113786615,0
img_03250_2024,0.0,0.10758859,0
img_03251_2024,0.0,0.049363766,0
img_03244_2024,0.0,0.18602209,0
img_03241_2024,0.0,0.043078255,0
img_03255_2024,0.0,0.4656565,0
img_03258_2024,0.0,0.0391604,0
img_03257_2024,0.0,0.16833322,0
img_03261_2024,0.0,0.2810717,0
img_03265_2024,0.0,0.04864237,0
img_03264_2024,0.0,0.930633,1
img_03259_2024,0.0,0.2165746,0
img_03263_2024,0.0,0.046509292,0
img_03266_2024,0.0,0.32064137,0
img_03267_2024,0.0,0.04424428,0
img_03268_2024,0.0,0.07605192,0
img_03269_2024,0.0,0.049369123,0
img_03260_2024,0.0,0.028366098,0
img_03253_2024,0.0,0.040721882,0
img_03270_2024,0.0,0.1524575,0
img_03271_2024,0.0,0.92356133,1
img_03246_2024,0.0,0.037472676,0
img_03206_p01_2024,0.0,0.02637606,0
img_03206_p02_2024,0.0,0.033008374,0
img_03206_p03_2024,0.0,0.031095034,0
img_03206_p04_2024,0.0,0.05532994,0
img_03274_2024,0.0,0.056787897,0
img_03248_p01_2024,0.0,0.44032863,0
img_03248_p02_2024,0.0,0.041817185,0
img_03273_2024,0.0,0.21730556,0
img_03275_2024,0.0,0.14796756,0
img_03272_2024,0.0,0.06549189,0
img_03276_2024,0.0,0.74376345,0
img_03277_2024,0.0,0.035784908,0
img_03252_p01_2024,0.0,0.96390635,1
img_03252_p02_2024,0.0,0.56464046,0
img_03262_p01_2024,0.0,0.89671284,1
img_03262_p02_2024,0.0,0.55870086,0
img_03279_2024,0.0,0.15857744,0
img_03280_2024,0.0,0.09874421,0
img_03284_2024,0.0,0.33316505,0
img_03282_2024,0.0,0.05217553,0
img_03281_2024,0.0,0.89405704,1
img_03285_2024,0.0,0.052476585,0
img_03292_2024,0.0,0.46697313,0
img_03289_2024,0.0,0.42299482,0
img_03283_2024,0.0,0.24088198,0
img_03286_2024,0.0,0.1717067,0
img_03291_2024,0.0,0.12467706,0
img_03290_2024,0.0,0.03634105,0
img_03293_2024,0.0,0.03534676,0
img_03288_2024,0.0,0.13767788,0
img_03294_2024,0.0,0.14871056,0
img_03287_2024,0.0,0.9172576,1
img_03085_p01_2024,0.0,0.28403938,0
img_03085_p02_2024,0.0,0.10656341,0
img_03085_p03_2024,0.0,0.08756793,0
img_03085_p04_2024,0.0,0.039711438,0
img_03085_p05_2024,0.0,0.040377777,0
img_03085_p06_2024,0.0,0.09872529,0
img_03085_p07_2024,0.0,0.049134832,0
img_03085_p08_2024,0.0,0.07242141,0
img_03085_p09_2024,0.0,0.17858243,0
img_03085_p10_2024,0.0,0.36978891,0
img_03047_p01_2024,0.0,0.035838045,0
img_03047_p02_2024,0.0,0.032750353,0
img_03047_p03_2024,0.0,0.037159104,0
img_03047_p04_2024,0.0,0.030012455,0
img_03047_p05_2024,0.0,0.047740445,0
img_03047_p06_2024,0.0,0.030726284,0
img_03047_p07_2024,0.0,0.029338747,0
img_03047_p08_2024,0.0,0.029266495,0
img_03047_p09_2024,0.0,0.035763185,0
img_03047_p10_2024,0.0,0.03246686,0
img_03296_2024,0.0,0.078105606,0
img_03295_2024,0.0,0.02935699,0
img_03297_2024,0.0,0.6486255,0
img_03300_2024,0.0,0.06352716,0
img_03305_2024,0.0,0.07344452,0
img_03308_2024,0.0,0.056276184,0
img_03304_2024,0.0,0.042530008,0
img_03306_2024,0.0,0.1807656,0
img_03310_2024,0.0,0.049830478,0
img_03301_2024,0.0,0.11547456,0
img_03313_2024,0.0,0.90854913,1
img_03309_2024,0.0,0.0637508,0
img_03307_2024,0.0,0.33253682,0
img_03303_2024,0.0,0.03106808,0
img_03312_2024,0.0,0.051190242,0
img_03311_2024,0.0,0.03914727,0
img_03299_2024,0.0,0.05660609,0
img_03302_2024,0.0,0.18704724,0
img_03316_2024,0.0,0.030136136,0
img_03314_2024,0.0,0.029923711,0
img_03315_2024,0.0,0.18146266,0
img_03317_2024,0.0,0.87675357,1
img_03320_2024,0.0,0.22822301,0
img_03319_2024,0.0,0.29048076,0
img_03323_2024,0.0,0.050075732,0
img_03318_2024,0.0,0.031162785,0
img_03324_2024,0.0,0.13176857,0
img_03325_2024,0.0,0.7249436,0
img_03322_2024,0.0,0.7456227,0
img_03321_2024,0.0,0.079573855,0
img_03327_2024,0.0,0.02957751,0
img_03329_2024,0.0,0.028522575,0
img_03328_2024,0.0,0.06436857,0
img_03331_2024,0.0,0.045312267,0
img_03333_2024,0.0,0.026516803,0
img_03326_2024,0.0,0.29990208,0
img_03330_2024,0.0,0.07312635,0
img_03334_2024,0.0,0.1442245,0
img_03336_2024,0.0,0.026386498,0
img_03342_2024,0.0,0.29867375,0
img_03335_2024,0.0,0.06033771,0
img_03332_2024,0.0,0.033807445,0
img_03339_2024,0.0,0.30115998,0
img_03343_2024,0.0,0.047900792,0
img_03344_2024,0.0,0.052611727,0
img_03340_2024,0.0,0.034304902,0
img_03347_2024,0.0,0.82337326,1
img_03346_2024,0.0,0.06559445,0
img_03345_2024,0.0,0.05971221,0
img_03349_2024,0.0,0.02892512,0
img_03348_2024,0.0,0.048800796,0
img_03337_2024,0.0,0.11777465,0
img_03341_2024,0.0,0.26230857,0
img_03352_2024,0.0,0.23461688,0
img_03351_2024,0.0,0.035566512,0
img_03353_2024,0.0,0.04226435,0
img_03355_2024,0.0,0.036069833,0
img_03357_2024,0.0,0.035003703,0
img_03361_2024,0.0,0.8128597,1
img_03356_2024,0.0,0.2571629,0
img_03359_2024,0.0,0.033122946,0
img_03354_2024,0.0,0.1578338,0
img_03358_2024,0.0,0.0606581,0
img_03360_2024,0.0,0.1020985,0
img_03338_p01_2024,0.0,0.030532364,0
img_03338_p02_2024,0.0,0.06352671,0
img_03362_2024,0.0,0.24731977,0
img_03368_2024,0.0,0.02944915,0
img_03365_2024,0.0,0.04113718,0
img_03369_2024,0.0,0.03719211,0
img_03278_p01_2024,0.0,0.030324645,0
img_03278_p02_2024,0.0,0.65640026,0
img_03278_p03_2024,0.0,0.68680334,0
img_03278_p04_2024,0.0,0.095579125,0
img_03278_p05_2024,0.0,0.04154942,0
img_03278_p06_2024,0.0,0.14029302,0
img_03370_2024,0.0,0.06452779,0
img_03366_2024,0.0,0.13703921,0
img_03371_2024,0.0,0.037614807,0
img_03298_p01_2024,0.0,0.24042745,0
img_03298_p02_2024,0.0,0.0795843,0
img_03298_p03_2024,0.0,0.076749176,0
img_03298_p04_2024,0.0,0.29064333,0
img_03374_2024,0.0,0.4052892,0
img_03364_2024,0.0,0.06855233,0
img_03380_2024,0.0,0.033581488,0
img_03350_p01_2024,0.0,0.77609855,0
img_03350_p02_2024,0.0,0.18039043,0
img_03376_2024,0.0,0.57770246,0
img_03382_2024,0.0,0.02764829,0
img_03373_2024,0.0,0.23112169,0
img_03372_2024,0.0,0.0507841,0
img_03379_2024,0.0,0.059517346,0
img_03377_2024,0.0,0.2282811,0
img_03375_2024,0.0,0.032673027,0
img_03387_2024,0.0,0.62523276,0
img_03383_2024,0.0,0.08628561,0
img_03386_2024,0.0,0.028947107,0
img_03381_2024,0.0,0.040308006,0
img_03389_2024,0.0,0.033060413,0
img_03367_p01_2024,0.0,0.67922956,0
img_03367_p02_2024,0.0,0.045198295,0
img_03395_2024,0.0,0.05082791,0
img_03388_2024,0.0,0.066820934,0
img_03378_2024,0.0,0.82243764,1
img_03385_2024,0.0,0.051317852,0
img_03384_2024,0.0,0.39683923,0
img_03391_2024,0.0,0.054988164,0
img_03393_2024,0.0,0.12068885,0
img_03390_2024,0.0,0.03708847,0
img_03392_2024,0.0,0.06907903,0
img_03394_2024,0.0,0.044896204,0
img_03398_2024,0.0,0.2662697,0
img_03397_2024,0.0,0.07388259,0
img_03400_2024,0.0,0.19285569,0
img_03403_2024,0.0,0.036085278,0
img_03399_2024,0.0,0.15819468,0
img_03363_p01_2024,0.0,0.17337601,0
img_03363_p02_2024,0.0,0.11661163,0
img_03363_p03_2024,0.0,0.85962135,1
img_03396_2024,0.0,0.050477866,0
img_03401_2024,0.0,0.15738453,0
img_03407_2024,0.0,0.0547281,0
img_03402_2024,0.0,0.49106944,0
img_03406_2024,0.0,0.18008178,0
img_03408_2024,0.0,0.032908723,0
img_03410_2024,0.0,0.05188052,0
img_03404_2024,0.0,0.025626337,0
img_03409_2024,0.0,0.101327166,0
img_03405_2024,0.0,0.029977616,0
img_03416_2024,0.0,0.12899716,0
img_03412_2024,0.0,0.24075745,0
img_03414_2024,0.0,0.5600845,0
img_03413_2024,0.0,0.061199553,0
img_03415_2024,0.0,0.11105258,0
img_03419_2024,0.0,0.03213147,0
img_03418_2024,0.0,0.8352324,1
img_03424_2024,0.0,0.65744835,0
img_03421_2024,0.0,0.07514495,0
img_03420_2024,0.0,0.035517998,0
img_03422_2024,0.0,0.33515877,0
img_03423_2024,0.0,0.077369496,0
img_03411_2024,0.0,0.69348335,0
img_03426_2024,0.0,0.034005728,0
img_03428_2024,0.0,0.11024664,0
img_03434_2024,0.0,0.049505893,0
img_03431_2024,0.0,0.04924181,0
img_03435_2024,0.0,0.17132796,0
img_03427_2024,0.0,0.2128484,0
img_03433_2024,0.0,0.86560565,1
img_03432_2024,0.0,0.033778578,0
img_03429_2024,0.0,0.030171778,0
img_03438_2024,0.0,0.05969002,0
img_03439_2024,0.0,0.040173054,0
img_03417_2024,0.0,0.070115276,0
img_03436_2024,0.0,0.082055144,0
img_03440_2024,0.0,0.105132066,0
img_03430_2024,0.0,0.039445844,0
img_03442_2024,0.0,0.22606094,0
img_03444_2024,0.0,0.75296944,0
img_03441_2024,0.0,0.11695667,0
img_03425_p01_2024,0.0,0.10108134,0
img_03425_p02_2024,0.0,0.1552928,0
img_03437_2024,0.0,0.14122549,0
img_03448_2024,0.0,0.08867547,0
img_03450_2024,0.0,0.045574535,0
img_03449_2024,0.0,0.16776723,0
img_03445_2024,0.0,0.05887782,0
img_03454_2024,0.0,0.029819652,0
img_03456_2024,0.0,0.056032084,0
img_03452_2024,0.0,0.35693973,0
img_03451_2024,0.0,0.20547506,0
img_03453_2024,0.0,0.67087394,0
img_03443_2024,0.0,0.04670208,0
img_03458_2024,0.0,0.41904616,0
img_03457_2024,0.0,0.67106086,0
img_03460_2024,0.0,0.7907945,1
img_03461_2024,0.0,0.10082714,0
img_03459_2024,0.0,0.059787534,0
img_03447_2024,0.0,0.057611007,0
img_03462_2024,0.0,0.045608137,0
img_03446_2024,0.0,0.577655,0
img_03465_2024,0.0,0.06817781,0
img_03468_2024,0.0,0.13176349,0
img_03470_2024,0.0,0.8197955,1
img_03463_2024,0.0,0.041523784,0
img_03471_2024,0.0,0.67578447,0
img_03466_2024,0.0,0.043625817,0
img_03469_2024,0.0,0.067979686,0
img_03473_2024,0.0,0.5537867,0
img_03464_2024,0.0,0.035153467,0
img_03474_2024,0.0,0.031684726,0
img_03476_2024,0.0,0.043943502,0
img_03475_2024,0.0,0.030906344,0
img_03472_2024,0.0,0.027182475,0
img_03479_2024,0.0,0.20454189,0
img_03467_2024,0.0,0.09813255,0
img_03477_2024,0.0,0.03975586,0
img_03480_2024,0.0,0.07292861,0
img_03482_2024,0.0,0.11657344,0
img_03481_2024,0.0,0.06219413,0
img_03478_2024,0.0,0.14622846,0
img_03484_2024,0.0,0.08200987,0
img_03488_2024,0.0,0.93291736,1
img_03490_2024,0.0,0.032881767,0
img_03489_2024,0.0,0.055085972,0
img_03485_2024,0.0,0.09232405,0
img_03492_2024,0.0,0.07833001,0
img_03493_2024,0.0,0.046134565,0
img_03494_2024,0.0,0.47957483,0
img_03486_2024,0.0,0.36938858,0
img_03491_2024,0.0,0.080525115,0
img_03483_2024,0.0,0.11781327,0
img_03497_2024,0.0,0.06950224,0
img_03501_2024,0.0,0.07514749,0
img_03499_2024,0.0,0.5211004,0
img_03487_2024,0.0,0.03760362,0
img_03500_2024,0.0,0.15699132,0
img_03504_2024,0.0,0.21392255,0
img_03502_2024,0.0,0.38021287,0
img_03507_2024,0.0,0.1483747,0
img_03505_2024,0.0,0.82688415,1
img_03510_2024,0.0,0.048748255,0
img_03503_2024,0.0,0.08528742,0
img_03509_2024,0.0,0.60254645,0
img_03511_2024,0.0,0.09142953,0
img_03496_2024,0.0,0.16887666,0
img_03513_2024,0.0,0.3793993,0
img_03498_2024,0.0,0.12318262,0
img_03515_2024,0.0,0.06337447,0
img_03514_2024,0.0,0.19709326,0
img_03508_2024,0.0,0.043817468,0
img_03518_2024,0.0,0.28672618,0
img_03516_2024,0.0,0.2023767,0
img_03522_2024,0.0,0.064245366,0
img_03517_2024,0.0,0.11433808,0
img_03521_2024,0.0,0.5693434,0
img_03512_2024,0.0,0.04041212,0
img_03524_2024,0.0,0.031524118,0
img_03527_2024,0.0,0.06620368,0
img_03525_2024,0.0,0.05631785,0
img_03526_2024,0.0,0.16480844,0
img_03519_2024,0.0,0.03631528,0
img_03528_2024,0.0,0.025578296,0
img_03523_2024,0.0,0.052567553,0
img_03530_2024,0.0,0.032336425,0
img_03050_p01_2024,0.0,0.1506881,0
img_03050_p02_2024,0.0,0.13269983,0
img_03050_p03_2024,0.0,0.500072,0
img_03050_p04_2024,0.0,0.70993936,0
img_03050_p05_2024,0.0,0.12041815,0
img_03050_p06_2024,0.0,0.045911945,0
img_03050_p07_2024,0.0,0.30602622,0
img_03050_p08_2024,0.0,0.9440981,1
img_03050_p09_2024,0.0,0.15545657,0
img_03050_p10_2024,0.0,0.44247615,0
img_03050_p11_2024,0.0,0.24916932,0
img_03050_p12_2024,0.0,0.08424526,0
img_03050_p13_2024,0.0,0.049621314,0
img_03050_p14_2024,0.0,0.051834278,0
img_03050_p15_2024,0.0,0.07340618,0
img_03050_p16_2024,0.0,0.9740553,1
img_03050_p17_2024,0.0,0.7360593,0
img_03050_p18_2024,0.0,0.9244438,1
img_03050_p19_2024,0.0,0.075438954,0
img_03050_p20_2024,0.0,0.0377567,0
img_03050_p21_2024,0.0,0.06063747,0
img_03050_p22_2024,0.0,0.2951687,0
img_03050_p23_2024,0.0,0.16946182,0
img_03050_p24_2024,0.0,0.9235707,1
img_03050_p26_2024,0.0,0.04026624,0
img_03050_p27_2024,0.0,0.6419652,0
img_03529_2024,0.0,0.096706,0
img_03533_2024,0.0,0.077482596,0
img_03531_2024,0.0,0.02377512,0
img_03532_2024,0.0,0.33108753,0
img_03535_2024,0.0,0.04596505,0
img_03534_2024,0.0,0.07636319,0
img_03536_2024,0.0,0.04690531,0
img_03539_2024,0.0,0.02701882,0
img_03538_2024,0.0,0.20078734,0
img_03541_2024,0.0,0.15794016,0
img_03542_2024,0.0,0.7306655,0
img_03543_2024,0.0,0.029112032,0
img_03544_2024,0.0,0.024737239,0
img_03455_p01_2024,0.0,0.0352253,0
img_03455_p02_2024,0.0,0.032517705,0
img_03455_p03_2024,0.0,0.07745163,0
img_03455_p04_2024,0.0,0.62652254,0
img_03520_p01_2024,0.0,0.043948554,0
img_03520_p02_2024,0.0,0.036721222,0
img_03546_2024,0.0,0.036877055,0
img_03547_2024,0.0,0.05515314,0
img_03545_2024,0.0,0.08841063,0
img_03554_2024,0.0,0.14491367,0
img_03548_2024,0.0,0.1470621,0
img_03551_2024,0.0,0.041733522,0
img_03550_2024,0.0,0.02657165,0
img_03549_2024,0.0,0.05147238,0
img_03555_2024,0.0,0.6309717,0
img_03552_2024,0.0,0.2764565,0
img_03558_2024,0.0,0.8174614,1
img_03540_2024,0.0,0.42474833,0
img_03556_2024,0.0,0.07701898,0
img_03560_2024,0.0,0.057175953,0
img_03563_2024,0.0,0.2572108,0
img_03559_2024,0.0,0.039672196,0
img_03561_2024,0.0,0.035329387,0
img_03566_2024,0.0,0.05493542,0
img_03567_2024,0.0,0.07464909,0
img_03568_2024,0.0,0.044597425,0
img_03571_2024,0.0,0.03470139,0
img_03570_2024,0.0,0.049030934,0
img_03562_2024,0.0,0.1903459,0
img_03569_2024,0.0,0.058211185,0
img_03564_2024,0.0,0.04807803,0
img_03572_2024,0.0,0.031185314,0
img_03575_2024,0.0,0.6006773,0
img_03553_p01_2024,0.0,0.08995032,0
img_03553_p02_2024,0.0,0.057091285,0
img_03576_2024,0.0,0.05852125,0
img_03580_2024,0.0,0.03306187,0
img_03574_2024,0.0,0.69174254,0
img_03573_2024,0.0,0.14137545,0
img_03577_2024,0.0,0.96854043,1
img_03578_2024,0.0,0.09052883,0
img_03581_2024,0.0,0.2377012,0
img_03583_2024,0.0,0.048575066,0
img_03584_2024,0.0,0.038872425,0
img_03495_p01_2024,0.0,0.050886486,0
img_03495_p02_2024,0.0,0.03865649,0
img_03495_p03_2024,0.0,0.032567985,0
img_03495_p04_2024,0.0,0.0468657,0
img_03495_p05_2024,0.0,0.029367194,0
img_03582_2024,0.0,0.06390253,0
img_03585_2024,0.0,0.9717305,1
img_03588_2024,0.0,0.06784102,0
img_03579_2024,0.0,0.052794512,0
img_03587_2024,0.0,0.10221548,0
img_03589_2024,0.0,0.47486472,0
img_03593_2024,0.0,0.14768896,0
img_03591_2024,0.0,0.033820998,0
img_03590_2024,0.0,0.04037074,0
img_03598_2024,0.0,0.053688966,0
img_03596_2024,0.0,0.14341262,0
img_03597_2024,0.0,0.049803995,0
img_03595_2024,0.0,0.092812404,0
img_03594_2024,0.0,0.04277248,0
img_03599_2024,0.0,0.3697192,0
img_03586_2024,0.0,0.02496154,0
img_03602_2024,0.0,0.15592103,0
img_03537_p01_2024,0.0,0.026297601,0
img_03537_p02_2024,0.0,0.031028422,0
img_03537_p03_2024,0.0,0.026371311,0
img_03537_p04_2024,0.0,0.03465516,0
img_03600_2024,0.0,0.71638376,0
img_03592_2024,0.0,0.054824717,0
img_03608_2024,0.0,0.8417059,1
img_03604_2024,0.0,0.038760457,0
img_03603_2024,0.0,0.05325515,0
img_03601_2024,0.0,0.029432978,0
img_03605_2024,0.0,0.06100511,0
img_03607_2024,0.0,0.44298685,0
img_03609_2024,0.0,0.17975758,0
img_03606_2024,0.0,0.054971617,0
img_03614_2024,0.0,0.7173916,0
img_03613_2024,0.0,0.052287906,0
img_03616_2024,0.0,0.8908978,1
img_03620_2024,0.0,0.02776407,0
img_03612_2024,0.0,0.09766234,0
img_03621_2024,0.0,0.063622266,0
img_03619_2024,0.0,0.31017554,0
img_03624_2024,0.0,0.157927,0
img_03610_2024,0.0,0.04565105,0
img_03618_2024,0.0,0.033346392,0
img_03615_2024,0.0,0.50974214,0
img_03623_2024,0.0,0.027929747,0
img_03622_2024,0.0,0.17945859,0
img_03625_2024,0.0,0.12306577,0
img_03627_2024,0.0,0.099442266,0
img_03565_p01_2024,0.0,0.03723966,0
img_03565_p02_2024,0.0,0.04936214,0
img_03565_p03_2024,0.0,0.03350345,0
img_03565_p04_2024,0.0,0.06428887,0
img_03629_2024,0.0,0.09189127,0
img_03626_2024,0.0,0.05086152,0
img_03628_2024,0.0,0.13871974,0
img_03631_2024,0.0,0.6286819,0
img_03632_2024,0.0,0.12278215,0
img_03557_p01_2024,0.0,0.026223538,0
img_03557_p02_2024,0.0,0.07556967,0
img_03557_p03_2024,0.0,0.03721122,0
img_03557_p04_2024,0.0,0.046910536,0
img_03635_2024,0.0,0.032641742,0
img_03637_2024,0.0,0.08445103,0
img_03634_2024,0.0,0.13175304,0
img_03638_2024,0.0,0.07871016,0
img_03640_2024,0.0,0.72272325,0
img_03641_2024,0.0,0.4483498,0
img_03630_2024,0.0,0.047434047,0
img_03633_2024,0.0,0.042172972,0
img_03642_2024,0.0,0.028740205,0
img_03645_2024,0.0,0.080825776,0
img_03639_2024,0.0,0.03244338,0
img_03646_2024,0.0,0.44311902,0
img_03617_p01_2024,0.0,0.16963676,0
img_03617_p02_2024,0.0,0.28596032,0
img_03648_2024,0.0,0.031299736,0
img_03649_2024,0.0,0.05298116,0
img_03650_2024,0.0,0.6669252,0
img_03651_2024,0.0,0.070708536,0
img_03653_2024,0.0,0.02958244,0
img_03652_2024,0.0,0.08827375,0
img_03647_2024,0.0,0.525468,0
img_03657_2024,0.0,0.7071156,0
img_03654_2024,0.0,0.10109911,0
img_03636_p01_2024,0.0,0.03247486,0
img_03636_p02_2024,0.0,0.33820626,0
img_03643_2024,0.0,0.44847402,0
img_03656_2024,0.0,0.3346104,0
img_03611_p01_2024,0.0,0.708181,0
img_03611_p02_2024,0.0,0.17922586,0
img_03611_p03_2024,0.0,0.11011002,0
img_03660_2024,0.0,0.8725286,1
img_03665_2024,0.0,0.16507499,0
img_03661_2024,0.0,0.06664127,0
img_03662_2024,0.0,0.03714548,0
img_03658_2024,0.0,0.080061294,0
img_03668_2024,0.0,0.22269478,0
img_03667_2024,0.0,0.041456264,0
img_03664_2024,0.0,0.03310822,0
img_03669_2024,0.0,0.14252275,0
img_03666_2024,0.0,0.29421452,0
img_03670_2024,0.0,0.07244329,0
img_03672_2024,0.0,0.0771307,0
img_03663_2024,0.0,0.032048058,0
img_03673_2024,0.0,0.2189342,0
img_03671_2024,0.0,0.034851853,0
img_03655_p01_2024,0.0,0.03633951,0
img_03655_p02_2024,0.0,0.027120579,0
img_03659_2024,0.0,0.89162475,1
img_03675_2024,0.0,0.05222434,0
img_03677_2024,0.0,0.11684247,0
img_03679_2024,0.0,0.044688035,0
img_03681_2024,0.0,0.14147858,0
img_03685_2024,0.0,0.9594548,1
img_03689_2024,0.0,0.61824256,0
img_03691_2024,0.0,0.028858744,0
img_03690_2024,0.0,0.16425042,0
img_03687_2024,0.0,0.20880868,0
img_03683_2024,0.0,0.14478877,0
img_03684_2024,0.0,0.07782436,0
img_03688_2024,0.0,0.037810687,0
img_03692_2024,0.0,0.058348183,0
img_03680_2024,0.0,0.08421199,0
img_03686_2024,0.0,0.034057718,0
img_03676_2024,0.0,0.025609097,0
img_03693_2024,0.0,0.24972689,0
img_03695_2024,0.0,0.1721505,0
img_03678_p01_2024,0.0,0.08986957,0
img_03678_p02_2024,0.0,0.12338843,0
img_03694_2024,0.0,0.1422662,0
img_03696_2024,0.0,0.07120237,0
img_03697_2024,0.0,0.07058499,0
img_03701_2024,0.0,0.71481484,0
img_03644_p01_2024,0.0,0.027401133,0
img_03644_p02_2024,0.0,0.026604615,0
img_03644_p03_2024,0.0,0.028163519,0
img_03644_p04_2024,0.0,0.030660458,0
img_03674_p01_2024,0.0,0.049055237,0
img_03674_p02_2024,0.0,0.15043254,0
img_03705_2024,0.0,0.5414523,0
img_03703_2024,0.0,0.089395426,0
img_03698_2024,0.0,0.34521866,0
img_03707_2024,0.0,0.042195026,0
img_03699_2024,0.0,0.11376286,0
img_03706_2024,0.0,0.12618265,0
img_03700_2024,0.0,0.32684547,0
img_03710_2024,0.0,0.061316535,0
img_03704_2024,0.0,0.07823082,0
img_03712_2024,0.0,0.025223995,0
img_03506_p01_2024,0.0,0.8915147,1
img_03506_p02_2024,0.0,0.9600852,1
img_03506_p03_2024,0.0,0.8943654,1
img_03506_p04_2024,0.0,0.8096163,1
img_03506_p05_2024,0.0,0.9127938,1
img_03506_p06_2024,0.0,0.05048966,0
img_03506_p07_2024,0.0,0.97618854,1
img_03506_p08_2024,0.0,0.95092344,1
img_03506_p09_2024,0.0,0.53479725,0
img_03708_2024,0.0,0.13082278,0
img_03702_2024,0.0,0.34923896,0
img_03711_2024,0.0,0.026701562,0
img_03682_p01_2024,0.0,0.035691284,0
img_03682_p02_2024,0.0,0.38884908,0
img_03713_2024,0.0,0.7291336,0
img_03709_2024,0.0,0.4538182,0
img_03715_2024,0.0,0.5175405,0
img_03720_2024,0.0,0.14878896,0
img_03718_2024,0.0,0.034003448,0
img_03717_2024,0.0,0.037958577,0
img_03723_2024,0.0,0.078234755,0
img_03726_2024,0.0,0.91819847,1
img_03721_2024,0.0,0.038998522,0
img_03729_2024,0.0,0.20862114,0
img_03728_2024,0.0,0.07184807,0
img_03731_2024,0.0,0.063031875,0
img_03725_2024,0.0,0.9656974,1
img_03733_2024,0.0,0.65854335,0
img_03738_2024,0.0,0.110833324,0
img_03735_2024,0.0,0.08223521,0
img_03732_2024,0.0,0.04434185,0
img_03724_2024,0.0,0.05247521,0
img_03739_2024,0.0,0.42494634,0
img_03737_2024,0.0,0.065987416,0
img_03740_2024,0.0,0.060154483,0
img_03727_2024,0.0,0.072643496,0
img_03716_2024,0.0,0.05675932,0
img_03741_2024,0.0,0.02500339,0
img_03736_2024,0.0,0.058595855,0
img_03745_2024,0.0,0.1935678,0
img_03719_2024,0.0,0.102059685,0
img_03742_2024,0.0,0.09424649,0
img_03744_2024,0.0,0.07425837,0
img_03722_2024,0.0,0.029118622,0
img_03747_2024,0.0,0.07840889,0
img_03743_2024,0.0,0.48660403,0
img_03746_2024,0.0,0.035239875,0
img_03749_2024,0.0,0.066378735,0
img_03748_2024,0.0,0.055173617,0
img_03734_p01_2024,0.0,0.04939565,0
img_03734_p02_2024,0.0,0.028591778,0
img_03758_2024,0.0,0.050293986,0
img_03752_2024,0.0,0.05097632,0
img_03751_2024,0.0,0.2003187,0
img_03756_2024,0.0,0.18689999,0
img_03750_2024,0.0,0.0665051,0
img_03757_2024,0.0,0.11677299,0
img_03759_2024,0.0,0.120322675,0
img_03760_2024,0.0,0.04990123,0
img_03753_2024,0.0,0.042543463,0
img_03754_2024,0.0,0.16256122,0
img_03764_2024,0.0,0.06254744,0
img_03761_2024,0.0,0.33673427,0
img_03765_2024,0.0,0.16605303,0
img_03768_2024,0.0,0.968537,1
img_03769_2024,0.0,0.05036833,0
img_03755_2024,0.0,0.10202159,0
img_03774_2024,0.0,0.08887216,0
img_03766_2024,0.0,0.08146878,0
img_03762_2024,0.0,0.9431116,1
img_03773_2024,0.0,0.9427372,1
img_03772_2024,0.0,0.03358666,0
img_03776_2024,0.0,0.97376007,1
img_03763_2024,0.0,0.037380263,0
img_03775_2024,0.0,0.04714236,0
img_03770_2024,0.0,0.21485475,0
img_03777_2024,0.0,0.17975838,0
img_03767_2024,0.0,0.0674445,0
img_03771_2024,0.0,0.04919206,0
img_03781_2024,0.0,0.9204048,1
img_03780_2024,0.0,0.028794019,0
img_03779_2024,0.0,0.82665867,1
img_03784_2024,0.0,0.029841103,0
img_03782_2024,0.0,0.05007681,0
img_03786_2024,0.0,0.029426685,0
img_03788_2024,0.0,0.3206238,0
img_03789_2024,0.0,0.14137203,0
img_03787_2024,0.0,0.3141392,0
img_03785_2024,0.0,0.105402954,0
img_03790_2024,0.0,0.047702894,0
img_03791_2024,0.0,0.025927396,0
img_03793_2024,0.0,0.24275857,0
img_03792_2024,0.0,0.037587766,0
img_03797_2024,0.0,0.06157249,0
img_03796_2024,0.0,0.05027299,0
img_03794_2024,0.0,0.28250736,0
img_03799_2024,0.0,0.124149725,0
img_03783_2024,0.0,0.20023333,0
img_03798_2024,0.0,0.072524704,0
img_03730_p01_2024,0.0,0.057263795,0
img_03730_p02_2024,0.0,0.85242087,1
img_03730_p03_2024,0.0,0.06546524,0
img_03730_p04_2024,0.0,0.20417483,0
img_03778_p01_2024,0.0,0.025991082,0
img_03778_p02_2024,0.0,0.10082825,0
img_03801_2024,0.0,0.050057564,0
img_03795_2024,0.0,0.06659082,0
img_03802_2024,0.0,0.102776945,0
img_03803_2024,0.0,0.08664727,0
img_03804_2024,0.0,0.09955661,0
img_03806_2024,0.0,0.04016055,0
img_03805_2024,0.0,0.048091404,0
img_03808_2024,0.0,0.07582185,0
img_03809_2024,0.0,0.053064555,0
img_03807_2024,0.0,0.030465579,0
img_03810_2024,0.0,0.24381445,0
img_03812_2024,0.0,0.13416994,0
img_03815_2024,0.0,0.044538327,0
img_03811_2024,0.0,0.7002957,0
img_03816_2024,0.0,0.46432793,0
img_03817_2024,0.0,0.9243858,1
img_03814_2024,0.0,0.087269776,0
img_03818_2024,0.0,0.043099158,0
img_03819_2024,0.0,0.05416524,0
img_03813_2024,0.0,0.034397535,0
img_03824_2024,0.0,0.039279215,0
img_03823_2024,0.0,0.10237524,0
img_03822_2024,0.0,0.036476593,0
img_03826_2024,0.0,0.053070173,0
img_03825_2024,0.0,0.47992516,0
img_03828_2024,0.0,0.041761372,0
img_03830_2024,0.0,0.047018487,0
img_03829_2024,0.0,0.10546124,0
img_03833_2024,0.0,0.06861423,0
img_03831_2024,0.0,0.053560194,0
img_03827_2024,0.0,0.30166358,0
img_03838_2024,0.0,0.059741642,0
img_03840_2024,0.0,0.9791591,1
img_03837_2024,0.0,0.057011485,0
img_03836_2024,0.0,0.034745444,0
img_03832_2024,0.0,0.057280686,0
img_03839_2024,0.0,0.11199363,0
img_03820_p01_2024,0.0,0.04636662,0
img_03820_p02_2024,0.0,0.03129056,0
img_03835_2024,0.0,0.14086184,0
img_03841_2024,0.0,0.036581926,0
img_03842_2024,0.0,0.03204682,0
img_03846_2024,0.0,0.09874498,0
img_03847_2024,0.0,0.10321892,0
img_03849_2024,0.0,0.043063123,0
img_03845_2024,0.0,0.03327588,0
img_03848_2024,0.0,0.9339551,1
img_03850_2024,0.0,0.17610545,0
img_03852_2024,0.0,0.08126386,0
img_03858_2024,0.0,0.28023162,0
img_03853_2024,0.0,0.925986,1
img_03855_2024,0.0,0.03388765,0
img_03854_2024,0.0,0.036859848,0
img_03800_p01_2024,0.0,0.0516156,0
img_03800_p02_2024,0.0,0.044689614,0
img_03800_p03_2024,0.0,0.039917756,0
img_03800_p04_2024,0.0,0.040185988,0
img_03860_2024,0.0,0.080087185,0
img_03851_2024,0.0,0.067713715,0
img_03857_2024,0.0,0.03434043,0
img_03843_2024,0.0,0.22365156,0
img_03844_p01_2024,0.0,0.03004114,0
img_03844_p02_2024,0.0,0.03778086,0
img_03856_2024,0.0,0.037881617,0
img_03861_2024,0.0,0.030426547,0
img_03863_2024,0.0,0.19525874,0
img_03862_2024,0.0,0.92004865,1
img_03859_2024,0.0,0.0644201,0
img_03865_2024,0.0,0.0283249,0
img_03871_2024,0.0,0.03696158,0
img_03870_2024,0.0,0.07777193,0
img_03868_2024,0.0,0.036891952,0
img_03864_2024,0.0,0.034019478,0
img_03867_2024,0.0,0.059647944,0
img_03872_2024,0.0,0.08245383,0
img_03869_2024,0.0,0.62988764,0
img_03866_2024,0.0,0.037809394,0
img_03875_2024,0.0,0.072444744,0
img_03874_2024,0.0,0.056162518,0
img_03873_2024,0.0,0.07081625,0
img_03876_2024,0.0,0.16752963,0
img_03877_2024,0.0,0.3254915,0
img_03821_p01_2024,0.0,0.051335763,0
img_03821_p02_2024,0.0,0.17996942,0
img_03821_p03_2024,0.0,0.12276826,0
img_03821_p04_2024,0.0,0.026411973,0
img_03883_2024,0.0,0.961167,1
img_03885_2024,0.0,0.18774624,0
img_03878_2024,0.0,0.051371004,0
img_03714_p01_2024,0.0,0.031746857,0
img_03714_p02_2024,0.0,0.0555008,0
img_03714_p03_2024,0.0,0.033222444,0
img_03714_p04_2024,0.0,0.027287131,0
img_03714_p05_2024,0.0,0.057467796,0
img_03714_p06_2024,0.0,0.07865779,0
img_03887_2024,0.0,0.06480165,0
img_03886_2024,0.0,0.04295914,0
img_03881_2024,0.0,0.3254556,0
img_03890_2024,0.0,0.04997891,0
img_03888_2024,0.0,0.06366434,0
img_03882_2024,0.0,0.17022835,0
img_03891_2024,0.0,0.086059116,0
img_03880_2024,0.0,0.040660076,0
img_03892_2024,0.0,0.5170475,0
img_03893_2024,0.0,0.06341678,0
img_03884_2024,0.0,0.51974523,0
img_03834_p01_2024,0.0,0.044763733,0
img_03834_p02_2024,0.0,0.032413974,0
img_03834_p03_2024,0.0,0.16416714,0
img_03834_p04_2024,0.0,0.037189763,0
img_03889_2024,0.0,0.036365334,0
img_03900_2024,0.0,0.08849609,0
img_03894_2024,0.0,0.0675421,0
img_03902_2024,0.0,0.19044207,0
img_03901_2024,0.0,0.17696618,0
img_03897_2024,0.0,0.02828707,0
img_03899_2024,0.0,0.9478712,1
img_03898_2024,0.0,0.02807179,0
img_03903_2024,0.0,0.048271496,0
img_03904_2024,0.0,0.26610056,0
img_03895_2024,0.0,0.058751106,0
img_03905_2024,0.0,0.040328845,0
img_03908_2024,0.0,0.046396106,0
img_03907_2024,0.0,0.113707095,0
img_03909_2024,0.0,0.3008545,0
img_03906_2024,0.0,0.06068616,0
img_03913_2024,0.0,0.052656714,0
img_03911_2024,0.0,0.06763958,0
img_03919_2024,0.0,0.025121775,0
img_03912_2024,0.0,0.9440418,1
img_03916_2024,0.0,0.26473618,0
img_03910_2024,0.0,0.09964083,0
img_03920_2024,0.0,0.039112803,0
img_03915_2024,0.0,0.026566368,0
img_03914_2024,0.0,0.026389297,0
img_03923_2024,0.0,0.054665647,0
img_03925_2024,0.0,0.25128412,0
img_03922_2024,0.0,0.1379119,0
img_03896_2024,0.0,0.55124974,0
img_03924_2024,0.0,0.026754223,0
img_03928_2024,0.0,0.08247712,0
img_03926_2024,0.0,0.93378,1
img_03929_2024,0.0,0.030362012,0
img_03927_2024,0.0,0.2660321,0
img_03931_2024,0.0,0.17732462,0
img_03921_2024,0.0,0.037652627,0
img_03918_2024,0.0,0.024015171,0
img_03932_2024,0.0,0.07657948,0
img_03937_2024,0.0,0.42489493,0
img_03936_2024,0.0,0.12513314,0
img_03939_2024,0.0,0.18735555,0
img_03934_2024,0.0,0.03609578,0
img_03933_2024,0.0,0.037050333,0
img_03941_2024,0.0,0.08116682,0
img_03935_2024,0.0,0.027664626,0
img_03942_2024,0.0,0.04573454,0
img_03930_2024,0.0,0.07556782,0
img_03938_2024,0.0,0.120642625,0
img_03947_2024,0.0,0.038542677,0
img_03945_2024,0.0,0.026460947,0
img_03943_2024,0.0,0.057994194,0
img_03952_2024,0.0,0.031260684,0
img_03944_2024,0.0,0.06664284,0
img_03946_2024,0.0,0.14575121,0
img_03950_2024,0.0,0.06238464,0
img_03954_2024,0.0,0.10849981,0
img_03948_2024,0.0,0.12833071,0
img_03951_2024,0.0,0.28807232,0
img_03949_2024,0.0,0.5199478,0
img_03940_2024,0.0,0.08691327,0
img_03953_2024,0.0,0.8103123,1
img_03957_2024,0.0,0.83499056,1
img_03917_p01_2024,0.0,0.11607353,0
img_03917_p02_2024,0.0,0.957203,1
img_03963_2024,0.0,0.11493204,0
img_03964_2024,0.0,0.1486499,0
img_03961_2024,0.0,0.2533841,0
img_03965_2024,0.0,0.106930695,0
img_03962_2024,0.0,0.026623271,0
img_03956_2024,0.0,0.099073306,0
img_03967_2024,0.0,0.080679305,0
img_03969_2024,0.0,0.0494631,0
img_03960_2024,0.0,0.039196007,0
img_03966_2024,0.0,0.060160037,0
img_03955_2024,0.0,0.2667465,0
img_03968_2024,0.0,0.34046212,0
img_03959_2024,0.0,0.030630417,0
img_03971_2024,0.0,0.046390448,0
img_03974_2024,0.0,0.1139781,0
img_03972_2024,0.0,0.031915735,0
img_03975_2024,0.0,0.03200363,0
img_03973_2024,0.0,0.036427036,0
img_03980_2024,0.0,0.028370198,0
img_03978_2024,0.0,0.053231746,0
img_03976_2024,0.0,0.025307978,0
img_03984_2024,0.0,0.054929502,0
img_03977_2024,0.0,0.06846186,0
img_03981_2024,0.0,0.19441113,0
img_03982_2024,0.0,0.040523585,0
img_03979_2024,0.0,0.06434947,0
img_03970_2024,0.0,0.038944058,0
img_03986_2024,0.0,0.2614131,0
img_03987_2024,0.0,0.03444726,0
img_03988_2024,0.0,0.26690158,0
img_03985_2024,0.0,0.05947015,0
img_03958_p01_2024,0.0,0.028211711,0
img_03958_p02_2024,0.0,0.031652167,0
img_03994_2024,0.0,0.08338131,0
img_03992_2024,0.0,0.3802317,0
img_03995_2024,0.0,0.0497133,0
img_03997_2024,0.0,0.2923301,0
img_04003_2024,0.0,0.029470779,0
img_03993_2024,0.0,0.07950433,0
img_04000_2024,0.0,0.6258966,0
img_04001_2024,0.0,0.052409895,0
img_03998_2024,0.0,0.049870256,0
img_03991_2024,0.0,0.31290466,0
img_04002_2024,0.0,0.16333161,0
img_03999_2024,0.0,0.06328883,0
img_04004_2024,0.0,0.6647613,0
img_04006_2024,0.0,0.054608334,0
img_04007_2024,0.0,0.21115886,0
img_04005_2024,0.0,0.038854975,0
img_04010_2024,0.0,0.7118836,0
img_04013_2024,0.0,0.030408124,0
img_04014_2024,0.0,0.463,0
img_04015_2024,0.0,0.033953615,0
img_04008_2024,0.0,0.12670325,0
img_03990_p01_2024,0.0,0.03576937,0
img_03990_p02_2024,0.0,0.07288953,0
img_04018_2024,0.0,0.031663626,0
img_04016_2024,0.0,0.040570166,0
img_04011_2024,0.0,0.3965067,0
img_04009_2024,0.0,0.20096771,0
img_04020_2024,0.0,0.23659499,0
img_04022_2024,0.0,0.8886011,1
img_04019_2024,0.0,0.062265173,0
img_04025_2024,0.0,0.11404853,0
img_04017_2024,0.0,0.049787547,0
img_04024_2024,0.0,0.07403516,0
img_04021_2024,0.0,0.061361156,0
img_04029_2024,0.0,0.031882476,0
img_04028_2024,0.0,0.033699803,0
img_04026_2024,0.0,0.05730062,0
img_04030_2024,0.0,0.07299053,0
img_04023_2024,0.0,0.0822772,0
img_04031_2024,0.0,0.031123387,0
img_04012_p01_2024,0.0,0.03212474,0
img_04012_p02_2024,0.0,0.23458448,0
img_04032_2024,0.0,0.06382332,0
img_04036_2024,0.0,0.1935652,0
img_04033_2024,0.0,0.071995676,0
img_04037_2024,0.0,0.02612629,0
img_04035_2024,0.0,0.11702651,0
img_04027_2024,0.0,0.1047958,0
img_04039_2024,0.0,0.043516777,0
img_04038_2024,0.0,0.18045564,0
img_04043_2024,0.0,0.45132858,0
img_04040_2024,0.0,0.03991636,0
img_04042_2024,0.0,0.27789015,0
img_04044_2024,0.0,0.4536652,0
img_04046_2024,0.0,0.8982604,1
img_03879_p01_2024,0.0,0.041371528,0
img_03879_p02_2024,0.0,0.029545052,0
img_03879_p03_2024,0.0,0.03416299,0
img_03879_p04_2024,0.0,0.033675045,0
img_03879_p05_2024,0.0,0.03447331,0
img_03879_p06_2024,0.0,0.05257219,0
img_04045_2024,0.0,0.05183165,0
img_04047_2024,0.0,0.18649116,0
img_04048_2024,0.0,0.98040605,1
img_04050_2024,0.0,0.040515736,0
img_04054_2024,0.0,0.054990556,0
img_04049_2024,0.0,0.03615512,0
img_04051_2024,0.0,0.06313095,0
img_04053_2024,0.0,0.037144482,0
img_04057_2024,0.0,0.03673488,0
img_04052_2024,0.0,0.52749413,0
img_04056_2024,0.0,0.10463266,0
img_04055_2024,0.0,0.0356491,0
img_04058_2024,0.0,0.03748739,0
img_04059_2024,0.0,0.039085213,0
img_03996_p01_2024,0.0,0.025334656,0
img_03996_p02_2024,0.0,0.026478948,0
img_03996_p03_2024,0.0,0.03231628,0
img_03996_p04_2024,0.0,0.026916962,0
img_04062_2024,0.0,0.060785633,0
img_04061_2024,0.0,0.05811082,0
img_04063_2024,0.0,0.052190613,0
img_04066_2024,0.0,0.11508502,0
img_04065_2024,0.0,0.044132434,0
img_04067_2024,0.0,0.04618013,0
img_04064_2024,0.0,0.13869421,0
img_04070_2024,0.0,0.09436117,0
img_04072_2024,0.0,0.068600304,0
img_04073_2024,0.0,0.22388196,0
img_04075_2024,0.0,0.0544529,0
img_03983_p01_2024,0.0,0.1502192,0
img_03983_p02_2024,0.0,0.047812868,0
img_03983_p03_2024,0.0,0.058725085,0
img_03983_p04_2024,0.0,0.048483614,0
img_04071_2024,0.0,0.042221587,0
img_04074_2024,0.0,0.2260798,0
img_04077_2024,0.0,0.029931193,0
img_04068_2024,0.0,0.037448443,0
img_04069_2024,0.0,0.15013911,0
img_04076_2024,0.0,0.8828712,1
img_04082_2024,0.0,0.34536716,0
img_04078_2024,0.0,0.041216645,0
img_04086_2024,0.0,0.03167286,0
img_04081_2024,0.0,0.074065864,0
img_04087_2024,0.0,0.039830305,0
img_04079_2024,0.0,0.056448545,0
img_04085_2024,0.0,0.04298677,0
img_04080_2024,0.0,0.06799033,0
img_04089_2024,0.0,0.1386177,0
img_04088_2024,0.0,0.12568071,0
img_04083_2024,0.0,0.1083783,0
img_04084_2024,0.0,0.120862655,0
img_04090_2024,0.0,0.17284048,0
img_04092_2024,0.0,0.11761817,0
img_04091_2024,0.0,0.05552038,0
img_04094_2024,0.0,0.03883419,0
img_04093_2024,0.0,0.085003145,0
img_04096_2024,0.0,0.03908962,0
img_04095_2024,0.0,0.047616895,0
img_04098_2024,0.0,0.62355757,0
img_04097_2024,0.0,0.037736032,0
img_04099_2024,0.0,0.21039712,0
img_04101_2024,0.0,0.3685381,0
img_04104_2024,0.0,0.03328948,0
img_04103_2024,0.0,0.06385276,0
img_04105_2024,0.0,0.9627554,1
img_04107_2024,0.0,0.6535731,0
img_04102_2024,0.0,0.049155053,0
img_04106_2024,0.0,0.103949964,0
img_04109_2024,0.0,0.5270347,0
img_04111_2024,0.0,0.47521675,0
img_04108_2024,0.0,0.02578975,0
img_04113_2024,0.0,0.04130706,0
img_04112_2024,0.0,0.117279574,0
img_04110_2024,0.0,0.14559744,0
img_04115_2024,0.0,0.10030406,0
img_04116_2024,0.0,0.048966683,0
img_03989_p01_2024,0.0,0.14978085,0
img_03989_p02_2024,0.0,0.029157396,0
img_03989_p03_2024,0.0,0.040327065,0
img_03989_p04_2024,0.0,0.05203953,0
img_03989_p05_2024,0.0,0.18672138,0
img_03989_p06_2024,0.0,0.032635268,0
img_03989_p07_2024,0.0,0.030343635,0
img_04121_2024,0.0,0.029463688,0
img_04120_2024,0.0,0.9244197,1
img_04123_2024,0.0,0.60142934,0
img_04124_2024,0.0,0.03546657,0
img_04118_2024,0.0,0.042563245,0
img_04114_2024,0.0,0.04209883,0
img_04117_2024,0.0,0.08294613,0
img_04128_2024,0.0,0.11523307,0
img_04125_2024,0.0,0.02755016,0
img_04132_2024,0.0,0.17340484,0
img_04126_2024,0.0,0.055860434,0
img_04119_2024,0.0,0.038476624,0
img_04041_p01_2024,0.0,0.025991632,0
img_04041_p02_2024,0.0,0.026167743,0
img_04041_p03_2024,0.0,0.2323466,0
img_04041_p04_2024,0.0,0.031345338,0
img_04041_p05_2024,0.0,0.31699988,0
img_04138_2024,0.0,0.11271731,0
img_04133_2024,0.0,0.88137454,1
img_04127_2024,0.0,0.97997975,1
img_04131_2024,0.0,0.85965765,1
img_04139_2024,0.0,0.22901653,0
img_04135_2024,0.0,0.22411801,0
img_04146_2024,0.0,0.08421962,0
img_04147_2024,0.0,0.12334638,0
img_04136_2024,0.0,0.068561986,0
img_04141_2024,0.0,0.07710691,0
img_04143_2024,0.0,0.09738554,0
img_04129_2024,0.0,0.6946622,0
img_04144_2024,0.0,0.44873306,0
img_04134_2024,0.0,0.49054626,0
img_04145_2024,0.0,0.108952664,0
img_04152_2024,0.0,0.23857033,0
img_04137_2024,0.0,0.05278936,0
img_04150_2024,0.0,0.038111944,0
img_04151_2024,0.0,0.27035,0
img_04130_2024,0.0,0.04990316,0
img_04149_2024,0.0,0.046422638,0
img_04157_2024,0.0,0.15270214,0
img_04155_2024,0.0,0.034871634,0
img_04100_p01_2024,0.0,0.040989745,0
img_04100_p02_2024,0.0,0.053145565,0
img_04148_2024,0.0,0.49346182,0
img_04142_2024,0.0,0.66211885,0
img_04153_2024,0.0,0.077748366,0
img_04159_2024,0.0,0.032943454,0
img_04122_p01_2024,0.0,0.18742314,0
img_04122_p02_2024,0.0,0.8224029,1
img_04122_p03_2024,0.0,0.7911362,1
img_04154_2024,0.0,0.036339745,0
img_04158_2024,0.0,0.11334743,0
img_04140_2024,0.0,0.049713705,0
img_04160_2024,0.0,0.043726996,0
img_04156_2024,0.0,0.0777367,0
img_04165_2024,0.0,0.5649546,0
img_04162_2024,0.0,0.064255096,0
img_04168_2024,0.0,0.04014947,0
img_04169_2024,0.0,0.4325664,0
img_04166_2024,0.0,0.06276354,0
img_04161_2024,0.0,0.054902297,0
img_04167_2024,0.0,0.035533193,0
img_04170_2024,0.0,0.41830602,0
img_04171_2024,0.0,0.08619688,0
img_04163_2024,0.0,0.8320044,1
img_04164_2024,0.0,0.53511864,0
img_04172_2024,0.0,0.12557735,0
img_04179_2024,0.0,0.08611873,0
img_04175_2024,0.0,0.029118981,0
img_04185_2024,0.0,0.106821,0
img_04180_2024,0.0,0.027402708,0
img_04184_2024,0.0,0.08501433,0
img_04186_2024,0.0,0.027080638,0
img_04181_2024,0.0,0.07498667,0
img_04187_2024,0.0,0.043046672,0
img_04178_2024,0.0,0.032241445,0
img_04188_2024,0.0,0.43581286,0
img_04173_2024,0.0,0.034180917,0
img_04183_2024,0.0,0.18779708,0
img_04174_2024,0.0,0.027575154,0
img_04182_2024,0.0,0.09028033,0
img_04191_2024,0.0,0.0649812,0
img_04189_2024,0.0,0.027431693,0
img_04193_2024,0.0,0.11062225,0
img_04177_2024,0.0,0.073465176,0
img_04190_2024,0.0,0.29426923,0
img_04196_2024,0.0,0.078355744,0
img_04034_p01_2024,0.0,0.19573453,0
img_04034_p02_2024,0.0,0.098330416,0
img_04034_p03_2024,0.0,0.024815135,0
img_04034_p04_2024,0.0,0.26821882,0
img_04034_p05_2024,0.0,0.18722434,0
img_04034_p06_2024,0.0,0.09592652,0
img_04192_2024,0.0,0.046388764,0
img_04195_2024,0.0,0.0341457,0
img_04197_2024,0.0,0.13111664,0
img_04204_2024,0.0,0.043526433,0
img_04203_2024,0.0,0.54357153,0
img_04211_2024,0.0,0.029507224,0
img_04205_2024,0.0,0.054072425,0
img_04208_2024,0.0,0.057854027,0
img_04207_2024,0.0,0.033496395,0
img_04212_2024,0.0,0.0957208,0
img_04206_2024,0.0,0.06638553,0
img_04198_2024,0.0,0.052670024,0
img_04214_2024,0.0,0.0384119,0
img_04209_2024,0.0,0.02817103,0
img_04200_2024,0.0,0.08506542,0
img_04213_2024,0.0,0.030880135,0
img_04194_2024,0.0,0.05041568,0
img_04210_2024,0.0,0.040629674,0
img_04216_2024,0.0,0.09019272,0
img_04199_2024,0.0,0.39496717,0
img_04215_2024,0.0,0.09348577,0
img_04217_2024,0.0,0.029248632,0
img_04218_2024,0.0,0.08907225,0
img_04201_2024,0.0,0.028435519,0
img_04223_2024,0.0,0.035385232,0
img_04219_2024,0.0,0.2779933,0
img_04176_2024,0.0,0.0260812,0
img_04221_2024,0.0,0.026286058,0
img_04222_2024,0.0,0.35017022,0
img_04220_2024,0.0,0.50610316,0
img_04227_2024,0.0,0.07640992,0
img_04225_2024,0.0,0.3733079,0
img_04228_2024,0.0,0.8398357,1
img_04202_2024,0.0,0.028782502,0
img_04231_2024,0.0,0.041935045,0
img_04226_2024,0.0,0.9129291,1
img_04232_2024,0.0,0.038286667,0
img_04230_2024,0.0,0.07360019,0
img_04234_2024,0.0,0.08833645,0
img_04229_2024,0.0,0.03934617,0
img_04224_2024,0.0,0.042494122,0
img_04233_2024,0.0,0.065877266,0
img_04235_2024,0.0,0.038133755,0
img_04238_2024,0.0,0.7441994,0
img_04242_2024,0.0,0.026005039,0
img_04236_2024,0.0,0.024555288,0
img_04254_2024,0.0,0.05099395,0
img_04250_2024,0.0,0.030402679,0
img_04246_2024,0.0,0.06812981,0
img_04249_2024,0.0,0.1596749,0
img_04247_2024,0.0,0.05453945,0
img_04243_2024,0.0,0.081802055,0
img_04240_2024,0.0,0.22253622,0
img_04252_2024,0.0,0.50422025,0
img_04245_2024,0.0,0.3119779,0
img_04239_2024,0.0,0.571203,0
img_04241_2024,0.0,0.09812979,0
img_04251_2024,0.0,0.07702695,0
img_04257_2024,0.0,0.024113294,0
img_04256_2024,0.0,0.6793679,0
img_04244_2024,0.0,0.5421134,0
img_04253_2024,0.0,0.028357992,0
img_04255_2024,0.0,0.9762976,1
img_04248_2024,0.0,0.024960509,0
img_04259_2024,0.0,0.030278694,0
img_04258_2024,0.0,0.03635364,0
img_04266_2024,0.0,0.076515034,0
img_04260_2024,0.0,0.8436747,1
img_04267_2024,0.0,0.02764722,0
img_04268_2024,0.0,0.025325201,0
img_04265_2024,0.0,0.10104095,0
img_04271_2024,0.0,0.102821425,0
img_04264_2024,0.0,0.61949253,0
img_04272_2024,0.0,0.48429695,0
img_04276_2024,0.0,0.059864797,0
img_04274_2024,0.0,0.061580427,0
img_04262_2024,0.0,0.056759678,0
img_04275_2024,0.0,0.06911508,0
img_04270_2024,0.0,0.025357123,0
img_04277_2024,0.0,0.10589663,0
img_04261_2024,0.0,0.037713565,0
img_04278_2024,0.0,0.04002323,0
img_04263_2024,0.0,0.033764817,0
img_04281_2024,0.0,0.03912413,0
img_04282_2024,0.0,0.029768199,0
img_04283_2024,0.0,0.05239192,0
img_04292_2024,0.0,0.04448048,0
img_04273_2024,0.0,0.075114004,0
img_04279_2024,0.0,0.044031505,0
img_04289_2024,0.0,0.9227614,1
img_04287_2024,0.0,0.075449385,0
img_04290_2024,0.0,0.037088037,0
img_04288_2024,0.0,0.14891961,0
img_04284_2024,0.0,0.28672135,0
img_04285_2024,0.0,0.1773004,0
img_04291_2024,0.0,0.024873028,0
img_04293_2024,0.0,0.15902798,0
img_04286_2024,0.0,0.03510757,0
img_04294_2024,0.0,0.033214312,0
img_04299_2024,0.0,0.03290273,0
img_04280_2024,0.0,0.030388156,0
img_04295_2024,0.0,0.28660774,0
img_04307_2024,0.0,0.037116382,0
img_04302_2024,0.0,0.12747541,0
img_04309_2024,0.0,0.09783598,0
img_04305_2024,0.0,0.36023396,0
img_04297_2024,0.0,0.09690153,0
img_04306_2024,0.0,0.080931015,0
img_04303_2024,0.0,0.030227903,0
img_04301_2024,0.0,0.023275908,0
img_04304_2024,0.0,0.117255494,0
img_04300_2024,0.0,0.05771147,0
img_04298_2024,0.0,0.0334199,0
img_04313_2024,0.0,0.11855684,0
img_04311_2024,0.0,0.6026035,0
img_04296_p01_2024,0.0,0.09364135,0
img_04296_p02_2024,0.0,0.052300513,0
img_04317_2024,0.0,0.033814453,0
img_04320_2024,0.0,0.02399533,0
img_04318_2024,0.0,0.045700487,0
img_04314_2024,0.0,0.81671494,1
img_04312_2024,0.0,0.25685015,0
img_04237_p01_2024,0.0,0.083557636,0
img_04237_p02_2024,0.0,0.060735833,0
img_04237_p03_2024,0.0,0.06395434,0
img_04237_p04_2024,0.0,0.06701685,0
img_04322_2024,0.0,0.08851459,0
img_04315_2024,0.0,0.038808208,0
img_04323_2024,0.0,0.058376826,0
img_04321_2024,0.0,0.38441157,0
img_04327_2024,0.0,0.086440325,0
img_04328_2024,0.0,0.09119151,0
img_04324_2024,0.0,0.33087775,0
img_04329_2024,0.0,0.03241944,0
img_04326_2024,0.0,0.035630096,0
img_04331_2024,0.0,0.049384277,0
img_04330_2024,0.0,0.08791618,0
img_04325_2024,0.0,0.19487262,0
img_04333_2024,0.0,0.5275902,0
img_04332_2024,0.0,0.028040888,0
img_04334_2024,0.0,0.039553575,0
img_04316_p01_2024,0.0,0.03299974,0
img_04316_p02_2024,0.0,0.039423455,0
img_04338_2024,0.0,0.052644193,0
img_04336_2024,0.0,0.038345307,0
img_04342_2024,0.0,0.93430823,1
img_04341_2024,0.0,0.056262355,0
img_04345_2024,0.0,0.21955913,0
img_04339_2024,0.0,0.91146225,1
img_04344_2024,0.0,0.20349611,0
img_04335_2024,0.0,0.032244273,0
img_04348_2024,0.0,0.050432324,0
img_04349_2024,0.0,0.047363874,0
img_04343_2024,0.0,0.14734603,0
img_04350_2024,0.0,0.07076147,0
img_04352_2024,0.0,0.026727784,0
img_04346_2024,0.0,0.071137846,0
img_04353_2024,0.0,0.031730425,0
img_04358_2024,0.0,0.033104733,0
img_04355_2024,0.0,0.08508953,0
img_04308_p01_2024,0.0,0.02825095,0
img_04308_p02_2024,0.0,0.030520594,0
img_04308_p03_2024,0.0,0.03159443,0
img_04308_p04_2024,0.0,0.038356017,0
img_04354_2024,0.0,0.13059373,0
img_04356_2024,0.0,0.13265286,0
img_04359_2024,0.0,0.2079361,0
img_04357_2024,0.0,0.077417366,0
img_04351_2024,0.0,0.12137905,0
img_04362_2024,0.0,0.08692417,0
img_04360_2024,0.0,0.088824,0
img_04361_2024,0.0,0.027985,0
img_04364_2024,0.0,0.36922723,0
img_04363_2024,0.0,0.03195924,0
img_04366_2024,0.0,0.090001725,0
img_04369_2024,0.0,0.040353473,0
img_04368_2024,0.0,0.05208388,0
img_04371_2024,0.0,0.5535777,0
img_04367_2024,0.0,0.71776974,0
img_04319_p01_2024,0.0,0.02543806,0
img_04319_p02_2024,0.0,0.03666827,0
img_04319_p03_2024,0.0,0.026705528,0
img_04319_p04_2024,0.0,0.028400645,0
img_04372_2024,0.0,0.044769574,0
img_04374_2024,0.0,0.092729256,0
img_04370_2024,0.0,0.04966526,0
img_04375_2024,0.0,0.15128773,0
img_04380_2024,0.0,0.034616027,0
img_04379_2024,0.0,0.029595908,0
img_04377_2024,0.0,0.5914135,0
img_04376_2024,0.0,0.06339025,0
img_04373_2024,0.0,0.024552096,0
img_04381_2024,0.0,0.1821871,0
img_04385_2024,0.0,0.3345001,0
img_04382_2024,0.0,0.15976427,0
img_04387_2024,0.0,0.7393066,0
img_04386_2024,0.0,0.040989168,0
img_04388_2024,0.0,0.032724004,0
img_04393_2024,0.0,0.027823778,0
img_04389_2024,0.0,0.1767535,0
img_04390_2024,0.0,0.5111638,0
img_04392_2024,0.0,0.51890075,0
img_04391_2024,0.0,0.025666324,0
img_04394_2024,0.0,0.89308643,1
img_04384_2024,0.0,0.14389886,0
img_04397_2024,0.0,0.6509704,0
img_04395_2024,0.0,0.089769155,0
img_04398_2024,0.0,0.029002551,0
img_04400_2024,0.0,0.044293042,0
img_04378_p01_2024,0.0,0.34073788,0
img_04378_p02_2024,0.0,0.85923153,1
img_04399_2024,0.0,0.048944738,0
img_04401_2024,0.0,0.062445607,0
img_04402_2024,0.0,0.39558828,0
img_04404_2024,0.0,0.109344095,0
img_04347_p01_2024,0.0,0.08757011,0
img_04347_p02_2024,0.0,0.08255929,0
img_04347_p03_2024,0.0,0.031251036,0
img_04347_p04_2024,0.0,0.08928822,0
img_04383_p01_2024,0.0,0.04889815,0
img_04383_p02_2024,0.0,0.039137237,0
img_04406_2024,0.0,0.029561484,0
img_04403_2024,0.0,0.04532323,0
img_04405_2024,0.0,0.032971,0
img_04409_2024,0.0,0.7540757,0
img_04410_2024,0.0,0.69792384,0
img_04412_2024,0.0,0.41272283,0
img_04408_2024,0.0,0.066510566,0
img_04413_2024,0.0,0.7080473,0
img_04415_2024,0.0,0.47771284,0
img_04414_2024,0.0,0.45679623,0
img_04407_2024,0.0,0.85155565,1
img_04416_2024,0.0,0.19847772,0
img_04365_p01_2024,0.0,0.15163797,0
img_04365_p02_2024,0.0,0.268351,0
img_04365_p03_2024,0.0,0.11950878,0
img_04365_p04_2024,0.0,0.12842034,0
img_04419_2024,0.0,0.04277378,0
img_04411_2024,0.0,0.042743262,0
img_04418_2024,0.0,0.028874304,0
img_04417_2024,0.0,0.040015694,0
img_04269_p01_2024,0.0,0.03509948,0
img_04269_p02_2024,0.0,0.06635843,0
img_04269_p03_2024,0.0,0.032983635,0
img_04269_p04_2024,0.0,0.0387307,0
img_04269_p05_2024,0.0,0.035675943,0
img_04269_p06_2024,0.0,0.047145747,0
img_04269_p07_2024,0.0,0.05233743,0
img_04269_p08_2024,0.0,0.6044156,0
img_04420_2024,0.0,0.047204085,0
img_04421_2024,0.0,0.025515703,0
img_04426_2024,0.0,0.08075665,0
img_04423_2024,0.0,0.18497984,0
img_04396_p01_2024,0.0,0.028230766,0
img_04396_p02_2024,0.0,0.028574241,0
img_04429_2024,0.0,0.0806119,0
img_04340_p01_2024,0.0,0.04013515,0
img_04340_p02_2024,0.0,0.053384375,0
img_04340_p03_2024,0.0,0.5088855,0
img_04340_p04_2024,0.0,0.042169314,0
img_04340_p05_2024,0.0,0.12359864,0
img_04340_p06_2024,0.0,0.32568797,0
img_04425_2024,0.0,0.8511138,1
img_04430_2024,0.0,0.025909446,0
img_04432_2024,0.0,0.13912523,0
img_04433_2024,0.0,0.0242214,0
img_04427_2024,0.0,0.07317452,0
img_04435_2024,0.0,0.034487154,0
img_04434_2024,0.0,0.8282953,1
img_04422_2024,0.0,0.030341772,0
img_04436_2024,0.0,0.09525888,0
img_04438_2024,0.0,0.19123606,0
img_04441_2024,0.0,0.04304503,0
img_04437_2024,0.0,0.31795782,0
img_04439_2024,0.0,0.024158021,0
img_04440_2024,0.0,0.037498232,0
img_04442_2024,0.0,0.12756975,0
img_04446_2024,0.0,0.044160753,0
img_04445_2024,0.0,0.036706526,0
img_04444_2024,0.0,0.19757783,0
img_04431_2024,0.0,0.060577035,0
img_04447_2024,0.0,0.8375644,1
img_04448_2024,0.0,0.030152507,0
img_04451_2024,0.0,0.030610275,0
img_04443_2024,0.0,0.027216086,0
img_04449_2024,0.0,0.02982472,0
img_04454_2024,0.0,0.10693273,0
img_04450_2024,0.0,0.31938604,0
img_04457_2024,0.0,0.47817606,0
img_04458_2024,0.0,0.53262645,0
img_04453_2024,0.0,0.03545862,0
img_04455_2024,0.0,0.05335001,0
img_04459_2024,0.0,0.15331177,0
img_04452_2024,0.0,0.64668286,0
img_04456_2024,0.0,0.03659785,0
img_04463_2024,0.0,0.18205625,0
img_04465_2024,0.0,0.08974869,0
img_04460_2024,0.0,0.02684915,0
img_04462_2024,0.0,0.028991172,0
img_04428_p01_2024,0.0,0.03053916,0
img_04428_p02_2024,0.0,0.029574946,0
img_04428_p03_2024,0.0,0.0270529,0
img_04467_2024,0.0,0.079083055,0
img_04468_2024,0.0,0.93882227,1
img_04466_2024,0.0,0.9808106,1
img_04471_2024,0.0,0.32558006,0
img_04469_2024,0.0,0.035670973,0
img_04475_2024,0.0,0.025570245,0
img_04461_2024,0.0,0.02850731,0
img_04474_2024,0.0,0.059068263,0
img_04476_2024,0.0,0.4029859,0
img_04473_2024,0.0,0.736423,0
img_04470_2024,0.0,0.20024528,0
img_04479_2024,0.0,0.04030368,0
img_04480_2024,0.0,0.46792248,0
img_04482_2024,0.0,0.047850676,0
img_04483_2024,0.0,0.10442101,0
img_04478_2024,0.0,0.02960574,0
img_04477_2024,0.0,0.67897683,0
img_04481_2024,0.0,0.06800099,0
img_04484_2024,0.0,0.07837036,0
img_04485_2024,0.0,0.16547295,0
img_04486_2024,0.0,0.87483144,1
img_04487_2024,0.0,0.04620811,0
img_04489_2024,0.0,0.024936648,0
img_04464_p01_2024,0.0,0.09374967,0
img_04464_p02_2024,0.0,0.17543684,0
img_04488_2024,0.0,0.03984339,0
img_04490_2024,0.0,0.031335074,0
img_04491_2024,0.0,0.07426113,0
img_04493_2024,0.0,0.06270647,0
img_04496_2024,0.0,0.06347254,0
img_04495_2024,0.0,0.030400211,0
img_04492_2024,0.0,0.11191755,0
img_04505_2024,0.0,0.042412832,0
img_04497_2024,0.0,0.051687732,0
img_04500_2024,0.0,0.027613403,0
img_04498_2024,0.0,0.031220457,0
img_04494_2024,0.0,0.3950592,0
img_04502_2024,0.0,0.34407416,0
img_04504_2024,0.0,0.08586383,0
img_04506_2024,0.0,0.026783789,0
img_04508_2024,0.0,0.51071745,0
img_04503_2024,0.0,0.03811564,0
img_04515_2024,0.0,0.3800969,0
img_04507_2024,0.0,0.034416016,0
img_04516_2024,0.0,0.032665554,0
img_04511_2024,0.0,0.037794624,0
img_04518_2024,0.0,0.041146133,0
img_04512_2024,0.0,0.052980267,0
img_04514_2024,0.0,0.02778853,0
img_04513_2024,0.0,0.023802217,0
img_04509_2024,0.0,0.044648416,0
img_04424_p01_2024,0.0,0.030010218,0
img_04424_p02_2024,0.0,0.027301678,0
img_04424_p03_2024,0.0,0.031755265,0
img_04424_p04_2024,0.0,0.033860896,0
img_04510_2024,0.0,0.049956795,0
img_04517_2024,0.0,0.15483281,0
img_04521_2024,0.0,0.07720972,0
img_04519_2024,0.0,0.04101928,0
img_04523_2024,0.0,0.025034852,0
img_04526_2024,0.0,0.8869366,1
img_04524_2024,0.0,0.051442474,0
img_04527_2024,0.0,0.04220842,0
img_04499_2024,0.0,0.02977109,0
img_04529_2024,0.0,0.067242585,0
img_04534_2024,0.0,0.45900187,0
img_04531_2024,0.0,0.08742165,0
img_04537_2024,0.0,0.11703892,0
img_04501_2024,0.0,0.06975333,0
img_04532_2024,0.0,0.26654476,0
img_04536_2024,0.0,0.039163694,0
img_04535_2024,0.0,0.03048551,0
img_04540_2024,0.0,0.09385701,0
img_04530_2024,0.0,0.12623236,0
img_04538_2024,0.0,0.23537722,0
img_04539_2024,0.0,0.032141082,0
img_04310_p01_2024,0.0,0.09210022,0
img_04310_p02_2024,0.0,0.11128367,0
img_04310_p03_2024,0.0,0.11472505,0
img_04310_p04_2024,0.0,0.21696077,0
img_04310_p05_2024,0.0,0.74263334,0
img_04310_p06_2024,0.0,0.87122416,1
img_04310_p07_2024,0.0,0.025168333,0
img_04310_p08_2024,0.0,0.033196762,0
img_04310_p09_2024,0.0,0.0590183,0
img_04310_p10_2024,0.0,0.4477426,0
img_04310_p11_2024,0.0,0.5147928,0
img_04310_p12_2024,0.0,0.69277215,0
img_04310_p14_2024,0.0,0.045125104,0
img_04543_2024,0.0,0.047512557,0
img_04545_2024,0.0,0.028990252,0
img_04541_2024,0.0,0.7802394,0
img_04546_2024,0.0,0.8364134,1
img_04544_2024,0.0,0.034435857,0
img_04542_2024,0.0,0.15183634,0
img_04548_2024,0.0,0.026815359,0
img_04528_p01_2024,0.0,0.08376316,0
img_04528_p02_2024,0.0,0.7287183,0
img_04547_2024,0.0,0.09140456,0
img_04550_2024,0.0,0.029631203,0
img_04549_2024,0.0,0.053725403,0
img_04553_2024,0.0,0.3918458,0
img_04552_2024,0.0,0.34164813,0
img_04554_2024,0.0,0.1961271,0
img_04551_2024,0.0,0.91949,1
img_04555_2024,0.0,0.10513259,0
img_04556_2024,0.0,0.08349825,0
img_04557_2024,0.0,0.048846945,0
img_04560_2024,0.0,0.07043573,0
img_04558_2024,0.0,0.06610983,0
img_04561_2024,0.0,0.28973746,0
img_04564_2024,0.0,0.28446108,0
img_04563_2024,0.0,0.0262748,0
img_04562_2024,0.0,0.030289259,0
img_04567_2024,0.0,0.8565802,1
img_04565_2024,0.0,0.09360067,0
img_04568_2024,0.0,0.026998615,0
img_04566_2024,0.0,0.26294464,0
img_04569_2024,0.0,0.03608259,0
img_04570_2024,0.0,0.32143998,0
img_04571_2024,0.0,0.027548796,0
img_04573_2024,0.0,0.028309511,0
img_04559_2024,0.0,0.03269203,0
img_04520_p01_2024,0.0,0.026177434,0
img_04520_p02_2024,0.0,0.03293081,0
img_04520_p03_2024,0.0,0.029795574,0
img_04520_p04_2024,0.0,0.025396975,0
img_04572_2024,0.0,0.025997745,0
img_04577_2024,0.0,0.032394882,0
img_04533_p01_2024,0.0,0.14277177,0
img_04533_p02_2024,0.0,0.28691152,0
img_04533_p03_2024,0.0,0.1719772,0
img_04575_2024,0.0,0.50679606,0
img_04576_2024,0.0,0.18742633,0
img_04337_p01_2024,0.0,0.0257206,0
img_04337_p02_2024,0.0,0.041957524,0
img_04337_p03_2024,0.0,0.17092076,0
img_04337_p04_2024,0.0,0.026413506,0
img_04337_p05_2024,0.0,0.025366308,0
img_04337_p06_2024,0.0,0.027202789,0
img_04337_p07_2024,0.0,0.03222553,0
img_04337_p08_2024,0.0,0.03732961,0
img_04337_p09_2024,0.0,0.03857955,0
img_04337_p10_2024,0.0,0.093700476,0
img_04337_p11_2024,0.0,0.04932942,0
img_04574_2024,0.0,0.03152251,0
img_04581_2024,0.0,0.12961805,0
img_04578_2024,0.0,0.6901656,0
img_04580_2024,0.0,0.121028624,0
img_04582_2024,0.0,0.16066138,0
img_04584_2024,0.0,0.40031886,0
img_04585_2024,0.0,0.02665276,0
img_04579_2024,0.0,0.03833471,0
img_04583_2024,0.0,0.11280383,0
img_04586_2024,0.0,0.87757814,1
img_04522_p01_2024,0.0,0.10605748,0
img_04522_p02_2024,0.0,0.053290367,0
img_04522_p03_2024,0.0,0.038653657,0
img_04522_p04_2024,0.0,0.040669933,0
img_04589_2024,0.0,0.039996926,0
img_04588_2024,0.0,0.02537108,0
img_04590_2024,0.0,0.9662937,1
img_04594_2024,0.0,0.28220612,0
img_04595_2024,0.0,0.95231354,1
img_04591_2024,0.0,0.030228438,0
img_04596_2024,0.0,0.030962989,0
img_04525_p01_2024,0.0,0.04334283,0
img_04525_p02_2024,0.0,0.06434118,0
img_04525_p03_2024,0.0,0.033403292,0
img_04525_p04_2024,0.0,0.0329933,0
img_04525_p05_2024,0.0,0.19283462,0
img_04593_2024,0.0,0.3651609,0
img_04597_2024,0.0,0.14128271,0
img_04604_2024,0.0,0.17866482,0
img_04602_2024,0.0,0.057848856,0
img_04599_2024,0.0,0.026474725,0
img_04603_2024,0.0,0.97627425,1
img_04592_2024,0.0,0.025539054,0
img_04606_2024,0.0,0.1895406,0
img_04598_2024,0.0,0.024735816,0
img_04601_2024,0.0,0.03045678,0
img_04607_2024,0.0,0.067271955,0
img_04610_2024,0.0,0.03214267,0
img_04613_2024,0.0,0.4246626,0
img_04608_2024,0.0,0.029140396,0
img_04609_2024,0.0,0.4229557,0
img_04611_2024,0.0,0.11493231,0
img_04612_2024,0.0,0.26376724,0
img_04600_2024,0.0,0.21455121,0
img_04615_2024,0.0,0.063803814,0
img_04614_2024,0.0,0.027612586,0
img_04617_2024,0.0,0.09606255,0
img_04618_2024,0.0,0.03403434,0
img_04621_2024,0.0,0.029015627,0
img_04616_2024,0.0,0.21583965,0
img_04587_p01_2024,0.0,0.03297509,0
img_04587_p02_2024,0.0,0.8522276,1
img_04619_2024,0.0,0.056468446,0
img_04620_2024,0.0,0.09713826,0
img_04622_2024,0.0,0.8903777,1
img_04627_2024,0.0,0.6082453,0
img_04625_2024,0.0,0.039534125,0
img_04630_2024,0.0,0.026815373,0
img_04632_2024,0.0,0.06413952,0
img_04629_2024,0.0,0.12933642,0
img_04633_2024,0.0,0.04608305,0
img_04626_2024,0.0,0.03728822,0
img_04624_2024,0.0,0.044361174,0
img_04605_p01_2024,0.0,0.10390891,0
img_04605_p02_2024,0.0,0.03345799,0
img_04636_2024,0.0,0.06450796,0
img_04637_2024,0.0,0.04359522,0
img_04635_2024,0.0,0.04396281,0
img_04628_2024,0.0,0.108727954,0
img_04639_2024,0.0,0.19266455,0
img_04634_2024,0.0,0.09473359,0
img_04638_2024,0.0,0.9622829,1
img_04640_2024,0.0,0.2879004,0
img_04643_2024,0.0,0.0829865,0
img_04644_2024,0.0,0.072348505,0
img_04641_2024,0.0,0.24940668,0
img_04646_2024,0.0,0.9239535,1
img_04648_2024,0.0,0.4662173,0
img_04647_2024,0.0,0.047900148,0
img_04642_2024,0.0,0.035734683,0
img_04649_2024,0.0,0.15566358,0
img_04645_2024,0.0,0.027036944,0
img_04653_2024,0.0,0.043862753,0
img_04655_2024,0.0,0.08941633,0
img_04657_2024,0.0,0.03422382,0
img_04652_2024,0.0,0.11725791,0
img_04651_2024,0.0,0.04551785,0
img_04650_2024,0.0,0.3522645,0
img_04658_2024,0.0,0.09984903,0
img_04654_2024,0.0,0.04526634,0
img_04660_2024,0.0,0.06501689,0
img_04661_2024,0.0,0.060291,0
img_04662_2024,0.0,0.23979068,0
img_04663_2024,0.0,0.026333189,0
img_04656_2024,0.0,0.09670013,0
img_04659_2024,0.0,0.02778091,0
img_04664_2024,0.0,0.062606126,0
img_04665_2024,0.0,0.09229722,0
img_04669_2024,0.0,0.037992004,0
img_04670_2024,0.0,0.10985217,0
img_04666_2024,0.0,0.4592634,0
img_04672_2024,0.0,0.11396294,0
img_04677_2024,0.0,0.70660484,0
img_04667_2024,0.0,0.26614416,0
img_04671_2024,0.0,0.21237199,0
img_04673_2024,0.0,0.065253615,0
img_04680_2024,0.0,0.094404645,0
img_04676_2024,0.0,0.030581357,0
img_04678_2024,0.0,0.026769226,0
img_04674_2024,0.0,0.064044975,0
img_04682_2024,0.0,0.025927993,0
img_04679_2024,0.0,0.065376304,0
img_04683_2024,0.0,0.03217548,0
img_04684_2024,0.0,0.028763445,0
img_04681_2024,0.0,0.05586345,0
img_04690_2024,0.0,0.034374632,0
img_04675_2024,0.0,0.081611454,0
img_04688_2024,0.0,0.9519474,1
img_04687_2024,0.0,0.055213552,0
img_04691_2024,0.0,0.94698775,1
img_04686_2024,0.0,0.76725054,0
img_04689_2024,0.0,0.06714147,0
img_04696_2024,0.0,0.93644357,1
img_04693_2024,0.0,0.026682613,0
img_04694_2024,0.0,0.29011297,0
img_04692_2024,0.0,0.025879731,0
img_04699_2024,0.0,0.054887477,0
img_04697_2024,0.0,0.026250228,0
img_04695_2024,0.0,0.034926713,0
img_04702_2024,0.0,0.03838131,0
img_04703_2024,0.0,0.046880357,0
img_04706_2024,0.0,0.107594535,0
img_04701_2024,0.0,0.02836838,0
img_04698_2024,0.0,0.036755603,0
img_04704_2024,0.0,0.02725671,0
img_04707_2024,0.0,0.45239878,0
img_04708_2024,0.0,0.069240585,0
img_04709_2024,0.0,0.062533125,0
img_04700_2024,0.0,0.036760695,0
img_04711_2024,0.0,0.051527187,0
img_04631_p01_2024,0.0,0.032741442,0
img_04631_p02_2024,0.0,0.069767654,0
img_04631_p03_2024,0.0,0.028788365,0
img_04631_p04_2024,0.0,0.08362382,0
img_04710_2024,0.0,0.40132225,0
img_04712_2024,0.0,0.2335229,0
img_04705_2024,0.0,0.024457458,0
img_04713_2024,0.0,0.053426307,0
img_04715_2024,0.0,0.044210978,0
img_04714_2024,0.0,0.027438518,0
img_04718_2024,0.0,0.09764217,0
img_04716_2024,0.0,0.055941585,0
img_04719_2024,0.0,0.03545134,0
img_04723_2024,0.0,0.82281774,1
img_04724_2024,0.0,0.044398163,0
img_04722_2024,0.0,0.8388742,1
img_04717_2024,0.0,0.2807668,0
img_04668_p01_2024,0.0,0.10017166,0
img_04668_p02_2024,0.0,0.26092383,0
img_04668_p03_2024,0.0,0.69452447,0
img_04668_p04_2024,0.0,0.15454654,0
img_04727_2024,0.0,0.95808643,1
img_04728_2024,0.0,0.027564196,0
img_04720_2024,0.0,0.030814754,0
img_04726_2024,0.0,0.08309256,0
img_04731_2024,0.0,0.19164124,0
img_04729_2024,0.0,0.06695797,0
img_04721_2024,0.0,0.02541132,0
img_04734_2024,0.0,0.95636225,1
img_04736_2024,0.0,0.036627032,0
img_04733_2024,0.0,0.10303307,0
img_04737_2024,0.0,0.06946277,0
img_04739_2024,0.0,0.06387877,0
img_04730_2024,0.0,0.10139496,0
img_04725_2024,0.0,0.07103055,0
img_04738_2024,0.0,0.06283054,0
img_04732_2024,0.0,0.026785461,0
img_04735_2024,0.0,0.038959205,0
img_04742_2024,0.0,0.03136471,0
img_04740_2024,0.0,0.0312519,0
img_04744_2024,0.0,0.03294306,0
img_04743_2024,0.0,0.8898011,1
img_04745_2024,0.0,0.02531434,0
img_04756_2024,0.0,0.06677511,0
img_04757_2024,0.0,0.096306935,0
img_04747_2024,0.0,0.06835466,0
img_04750_2024,0.0,0.031213408,0
img_04751_2024,0.0,0.03353658,0
img_04755_2024,0.0,0.5631948,0
img_04748_2024,0.0,0.024276769,0
img_04749_2024,0.0,0.12773108,0
img_04741_2024,0.0,0.039917473,0
img_04752_2024,0.0,0.6920625,0
img_04746_2024,0.0,0.024242518,0
img_04758_2024,0.0,0.1336238,0
img_04685_p01_2024,0.0,0.03352271,0
img_04685_p02_2024,0.0,0.028952818,0
img_04685_p03_2024,0.0,0.025736762,0
img_04685_p04_2024,0.0,0.02565395,0
img_04759_2024,0.0,0.24123856,0
img_04760_2024,0.0,0.3190411,0
img_04761_2024,0.0,0.97511655,1
img_04762_2024,0.0,0.042537425,0
img_04767_2024,0.0,0.052744363,0
img_04766_2024,0.0,0.039549418,0
img_04771_2024,0.0,0.3854541,0
img_04769_2024,0.0,0.15083997,0
img_04763_2024,0.0,0.025998952,0
img_04623_p01_2024,0.0,0.5095454,0
img_04623_p02_2024,0.0,0.38409355,0
img_04623_p03_2024,0.0,0.18586805,0
img_04623_p04_2024,0.0,0.02895074,0
img_04623_p05_2024,0.0,0.04504613,0
img_04623_p06_2024,0.0,0.10629715,0
img_04623_p07_2024,0.0,0.056153864,0
img_04623_p08_2024,0.0,0.026041746,0
img_04772_2024,0.0,0.10366834,0
img_04773_2024,0.0,0.11511353,0
img_04764_2024,0.0,0.08775469,0
img_04774_2024,0.0,0.105779365,0
img_04765_2024,0.0,0.0539674,0
img_04768_2024,0.0,0.38186207,0
img_04754_2024,0.0,0.03184824,0
img_04776_2024,0.0,0.037761815,0
img_04780_2024,0.0,0.39408004,0
img_04777_2024,0.0,0.028843833,0
img_04781_2024,0.0,0.064623475,0
img_04779_2024,0.0,0.05135215,0
img_04783_2024,0.0,0.42828906,0
img_04778_2024,0.0,0.037654,0
img_04784_2024,0.0,0.5769093,0
img_04787_2024,0.0,0.14949055,0
img_04785_2024,0.0,0.3070857,0
img_04782_2024,0.0,0.3112213,0
img_04786_2024,0.0,0.38846642,0
img_04788_2024,0.0,0.041873746,0
img_04775_2024,0.0,0.9721457,1
img_04770_2024,0.0,0.19851722,0
img_04789_2024,0.0,0.20651671,0
img_04790_2024,0.0,0.42113426,0
img_04792_2024,0.0,0.9735835,1
img_04753_p01_2024,0.0,0.035477333,0
img_04753_p02_2024,0.0,0.037221584,0
img_04796_2024,0.0,0.41460392,0
img_04795_2024,0.0,0.028310135,0
img_04791_2024,0.0,0.19763678,0
img_04794_2024,0.0,0.110132195,0
img_04797_2024,0.0,0.7539931,0
img_04793_2024,0.0,0.07146087,0
img_04798_2024,0.0,0.9179394,1
img_04799_2024,0.0,0.14751214,0
img_04801_2024,0.0,0.11264882,0
img_04805_2024,0.0,0.10725325,0
img_04808_2024,0.0,0.88540787,1
img_04802_2024,0.0,0.21315406,0
img_04806_2024,0.0,0.8209011,1
img_04804_2024,0.0,0.034427606,0
img_04800_2024,0.0,0.04621729,0
img_04807_2024,0.0,0.07286547,0
img_04809_2024,0.0,0.025085572,0
img_04810_2024,0.0,0.96611685,1
img_04812_2024,0.0,0.15196258,0
img_04816_2024,0.0,0.50028694,0
img_04822_2024,0.0,0.83111423,1
img_04815_2024,0.0,0.9234262,1
img_04814_2024,0.0,0.82152385,1
img_04818_2024,0.0,0.03096345,0
img_04819_2024,0.0,0.04639427,0
img_04813_2024,0.0,0.43788004,0
img_04811_2024,0.0,0.030718805,0
img_04821_2024,0.0,0.8644339,1
img_04820_2024,0.0,0.07882656,0
img_04824_2024,0.0,0.029777488,0
img_04825_2024,0.0,0.43106502,0
img_04817_2024,0.0,0.75817084,0
img_04826_2024,0.0,0.30555835,0
img_04823_2024,0.0,0.94766295,1
img_04828_2024,0.0,0.78614813,0
img_04827_2024,0.0,0.89626515,1
img_04803_p01_2024,0.0,0.5600762,0
img_04803_p02_2024,0.0,0.049816474,0
img_04832_2024,0.0,0.9500386,1
img_04838_2024,0.0,0.08531821,0
img_04831_2024,0.0,0.25826836,0
img_04830_2024,0.0,0.90258074,1
img_04839_2024,0.0,0.03801718,0
img_04834_2024,0.0,0.28274637,0
img_04833_2024,0.0,0.67045844,0
img_04836_2024,0.0,0.10661043,0
img_04837_2024,0.0,0.050872818,0
img_04841_2024,0.0,0.09057004,0
img_04835_2024,0.0,0.1200073,0
img_04829_2024,0.0,0.7618292,0
img_04840_2024,0.0,0.05191799,0
img_04844_2024,0.0,0.028849684,0
img_04846_2024,0.0,0.11015909,0
img_04847_2024,0.0,0.108151875,0
img_04851_2024,0.0,0.0877432,0
img_04849_2024,0.0,0.8781155,1
img_04855_2024,0.0,0.12725838,0
img_04853_2024,0.0,0.12206183,0
img_04857_2024,0.0,0.19703414,0
img_04850_2024,0.0,0.88721114,1
img_04843_2024,0.0,0.11533842,0
img_04848_2024,0.0,0.03790214,0
img_04845_2024,0.0,0.66096914,0
img_04859_2024,0.0,0.7797771,0
img_04858_2024,0.0,0.26057574,0
img_04852_2024,0.0,0.043449663,0
img_04860_2024,0.0,0.08023867,0
img_04856_2024,0.0,0.047209516,0
img_04842_2024,0.0,0.34411734,0
img_04863_2024,0.0,0.65044016,0
img_04861_2024,0.0,0.5882878,0
img_04862_2024,0.0,0.036546398,0
img_04864_2024,0.0,0.24069192,0
img_04869_2024,0.0,0.97856265,1
img_04870_2024,0.0,0.072320096,0
img_04865_2024,0.0,0.28810683,0
img_04866_2024,0.0,0.20591925,0
img_04854_2024,0.0,0.05355307,0
img_04868_2024,0.0,0.653119,0
img_04873_2024,0.0,0.29210716,0
img_04878_2024,0.0,0.85800624,1
img_04874_2024,0.0,0.611499,0
img_04871_2024,0.0,0.5230521,0
img_04872_2024,0.0,0.83227277,1
img_04867_2024,0.0,0.8295365,1
img_04876_2024,0.0,0.15080541,0
img_04880_2024,0.0,0.034265164,0
img_04875_2024,0.0,0.38318974,0
img_04877_2024,0.0,0.1573637,0
img_04882_2024,0.0,0.32745403,0
img_04879_2024,0.0,0.060690522,0
img_04885_2024,0.0,0.86689633,1
img_04883_2024,0.0,0.06653739,0
img_04886_2024,0.0,0.21387258,0
img_04881_2024,0.0,0.9675925,1
img_04884_2024,0.0,0.047335416,0
img_04887_2024,0.0,0.032797992,0
img_04888_2024,0.0,0.77468115,0
img_04892_2024,0.0,0.18889387,0
img_04889_2024,0.0,0.029303806,0
img_04898_2024,0.0,0.20437652,0
img_04895_2024,0.0,0.0326464,0
img_04899_2024,0.0,0.047411937,0
img_04896_2024,0.0,0.14639154,0
img_04893_2024,0.0,0.025005424,0
img_04900_2024,0.0,0.3760197,0
img_04894_2024,0.0,0.19601905,0
img_04897_2024,0.0,0.35884935,0
img_04902_2024,0.0,0.24330059,0
img_04890_2024,0.0,0.38608643,0
img_04903_2024,0.0,0.054027345,0
img_04906_2024,0.0,0.048650134,0
img_04904_2024,0.0,0.47713605,0
img_04891_2024,0.0,0.45603248,0
img_04907_2024,0.0,0.9136485,1
img_04901_2024,0.0,0.10713038,0
img_04909_2024,0.0,0.050789047,0
img_04911_2024,0.0,0.1072052,0
img_04910_2024,0.0,0.3462912,0
img_04908_2024,0.0,0.037962493,0
img_04915_2024,0.0,0.12587789,0
img_04918_2024,0.0,0.15374343,0
img_04913_2024,0.0,0.12532282,0
img_04919_2024,0.0,0.034121573,0
img_04905_2024,0.0,0.06026403,0
img_04922_2024,0.0,0.03796454,0
img_04912_2024,0.0,0.5334052,0
img_04921_2024,0.0,0.02440686,0
img_04914_2024,0.0,0.31803477,0
img_04924_2024,0.0,0.1511517,0
img_04923_2024,0.0,0.05380815,0
img_04927_2024,0.0,0.23719859,0
img_04920_2024,0.0,0.064300805,0
img_04926_2024,0.0,0.43238047,0
img_04916_2024,0.0,0.6333916,0
img_04928_2024,0.0,0.055505026,0
img_04930_2024,0.0,0.33608484,0
img_04917_2024,0.0,0.029055769,0
img_04929_2024,0.0,0.042319354,0
img_04934_2024,0.0,0.029620044,0
img_04933_2024,0.0,0.14008082,0
img_04932_2024,0.0,0.030759303,0
img_04925_2024,0.0,0.9023101,1
img_04936_2024,0.0,0.18585557,0
img_04935_2024,0.0,0.0694439,0
img_04931_2024,0.0,0.90082186,1
img_04937_2024,0.0,0.03612984,0
img_04941_2024,0.0,0.03163111,0
img_04946_2024,0.0,0.45620713,0
img_04944_2024,0.0,0.23678374,0
img_04939_2024,0.0,0.6054944,0
img_04938_2024,0.0,0.27836594,0
img_04940_2024,0.0,0.10854187,0
img_04945_2024,0.0,0.032865833,0
img_04950_2024,0.0,0.18868615,0
img_04952_2024,0.0,0.7464602,0
img_04943_2024,0.0,0.2497026,0
img_04942_2024,0.0,0.94300884,1
img_04948_2024,0.0,0.44457224,0
img_04949_2024,0.0,0.02870495,0
img_04947_2024,0.0,0.16605406,0
img_04953_2024,0.0,0.6590248,0
img_04957_2024,0.0,0.16021198,0
img_04951_2024,0.0,0.05111713,0
img_04958_2024,0.0,0.1168158,0
img_04955_2024,0.0,0.080113605,0
img_04956_2024,0.0,0.2067051,0
img_04954_2024,0.0,0.07190075,0
img_04966_2024,0.0,0.06163965,0
img_04959_2024,0.0,0.0801373,0
img_04967_2024,0.0,0.16104403,0
img_04962_2024,0.0,0.03115111,0
img_04960_2024,0.0,0.120235115,0
img_04963_2024,0.0,0.94612485,1
img_04970_2024,0.0,0.20348862,0
img_04964_2024,0.0,0.48897827,0
img_04973_2024,0.0,0.048189215,0
img_04961_2024,0.0,0.08416478,0
img_04968_2024,0.0,0.81536716,1
img_04974_2024,0.0,0.15744373,0
img_04975_2024,0.0,0.095352076,0
img_04965_2024,0.0,0.23308964,0
img_04971_2024,0.0,0.48495364,0
img_04972_2024,0.0,0.09952943,0
img_04983_2024,0.0,0.11192046,0
img_04982_2024,0.0,0.040952574,0
img_04984_2024,0.0,0.27822027,0
img_04987_2024,0.0,0.14914635,0
img_04986_2024,0.0,0.02442734,0
img_04978_2024,0.0,0.067231186,0
img_04980_2024,0.0,0.2483795,0
img_04989_2024,0.0,0.10317362,0
img_04969_2024,0.0,0.9627163,1
img_04981_2024,0.0,0.23873529,0
img_04979_2024,0.0,0.17202136,0
img_04977_2024,0.0,0.03344861,0
img_04976_2024,0.0,0.13301179,0
img_04985_2024,0.0,0.029444626,0
img_04988_2024,0.0,0.35214412,0
img_04995_2024,0.0,0.95361406,1
img_04992_2024,0.0,0.8376574,1
img_04991_2024,0.0,0.96398365,1
img_04990_2024,0.0,0.060026437,0
img_04993_2024,0.0,0.12697951,0
img_04998_2024,0.0,0.7844445,0
img_04996_2024,0.0,0.18331409,0
img_04999_2024,0.0,0.251107,0
img_04997_2024,0.0,0.038250823,0
img_05001_2024,0.0,0.14744654,0
img_04994_2024,0.0,0.046579994,0
img_05003_2024,0.0,0.881866,1
img_05002_2024,0.0,0.85439384,1
img_05000_2024,0.0,0.8621468,1
img_05007_2024,0.0,0.025144357,0
img_05005_2024,0.0,0.050764948,0
img_05004_2024,0.0,0.07039975,0
img_05008_2024,0.0,0.062178236,0
img_05006_2024,0.0,0.042855825,0
img_05009_2024,0.0,0.044754934,0
img_05010_2024,0.0,0.06492616,0
img_05015_2024,0.0,0.12128876,0
img_05013_2024,0.0,0.42363968,0
img_04472_p01_2024,0.0,0.028899062,0
img_04472_p02_2024,0.0,0.036524545,0
img_04472_p03_2024,0.0,0.095025964,0
img_04472_p04_2024,0.0,0.026348447,0
img_04472_p05_2024,0.0,0.044028964,0
img_04472_p06_2024,0.0,0.92868805,1
img_04472_p08_2024,0.0,0.027534395,0
img_04472_p09_2024,0.0,0.030215643,0
img_04472_p10_2024,0.0,0.032528568,0
img_04472_p11_2024,0.0,0.052744985,0
img_04472_p12_2024,0.0,0.027129168,0
img_04472_p13_2024,0.0,0.027570417,0
img_04472_p14_2024,0.0,0.03217981,0
img_04472_p15_2024,0.0,0.032467548,0
img_04472_p16_2024,0.0,0.035805784,0
img_04472_p17_2024,0.0,0.027470952,0
img_04472_p18_2024,0.0,0.028659519,0
img_04472_p19_2024,0.0,0.0389138,0
img_04472_p20_2024,0.0,0.030741513,0
img_04472_p21_2024,0.0,0.051448245,0
img_05011_2024,0.0,0.89790004,1
img_05018_2024,0.0,0.055546436,0
img_05012_2024,0.0,0.48134896,0
img_05017_2024,0.0,0.83707523,1
img_05021_2024,0.0,0.13253988,0
img_05019_2024,0.0,0.83839715,1
img_05016_2024,0.0,0.43440786,0
img_05023_2024,0.0,0.24033366,0
img_05026_2024,0.0,0.3387759,0
img_05028_2024,0.0,0.050475143,0
img_05022_2024,0.0,0.04611347,0
img_05027_2024,0.0,0.038315166,0
img_05031_2024,0.0,0.04428772,0
img_05030_2024,0.0,0.06864297,0
img_05032_2024,0.0,0.29263043,0
img_05029_2024,0.0,0.88675785,1
img_05034_2024,0.0,0.029057933,0
img_05020_2024,0.0,0.04444436,0
img_05014_p01_2024,0.0,0.06596226,0
img_05014_p02_2024,0.0,0.12049818,0
img_05038_2024,0.0,0.08037892,0
img_05039_2024,0.0,0.2569189,0
img_05036_2024,0.0,0.11791618,0
img_05040_2024,0.0,0.2507994,0
img_05025_2024,0.0,0.11449349,0
img_05033_2024,0.0,0.55697215,0
img_05041_2024,0.0,0.774714,0
img_05024_2024,0.0,0.07574924,0
img_05035_2024,0.0,0.0601079,0
img_05052_2024,0.0,0.15739806,0
img_05047_2024,0.0,0.88050866,1
img_05037_2024,0.0,0.041476913,0
img_05051_2024,0.0,0.02829209,0
img_05043_2024,0.0,0.15818891,0
img_05045_2024,0.0,0.21380161,0
img_05044_2024,0.0,0.15096937,0
img_05056_2024,0.0,0.08532046,0
img_05046_2024,0.0,0.14537281,0
img_05049_2024,0.0,0.5902902,0
img_05054_2024,0.0,0.47033182,0
img_05055_2024,0.0,0.035185236,0
img_05060_2024,0.0,0.07866681,0
img_05064_2024,0.0,0.044330567,0
img_05059_2024,0.0,0.8149455,1
img_05063_2024,0.0,0.85850275,1
img_05042_2024,0.0,0.0860792,0
img_05057_2024,0.0,0.28231224,0
img_05050_2024,0.0,0.026936902,0
img_05066_2024,0.0,0.8155858,1
img_05053_2024,0.0,0.25213084,0
img_05062_2024,0.0,0.034747858,0
img_05058_2024,0.0,0.06951284,0
img_05068_2024,0.0,0.045474563,0
img_05069_2024,0.0,0.38482198,0
img_05067_2024,0.0,0.34467325,0
img_05061_2024,0.0,0.030055324,0
img_05070_2024,0.0,0.025415499,0
img_05072_2024,0.0,0.23308396,0
img_05071_2024,0.0,0.9570799,1
img_05073_2024,0.0,0.04487947,0
img_05048_2024,0.0,0.03909047,0
img_05077_2024,0.0,0.74237466,0
img_05074_2024,0.0,0.51462007,0
img_05065_2024,0.0,0.33490384,0
img_05075_2024,0.0,0.025970683,0
img_05080_2024,0.0,0.09742817,0
img_05085_2024,0.0,0.07500133,0
img_05082_2024,0.0,0.74359363,0
img_05079_2024,0.0,0.056192107,0
img_05078_2024,0.0,0.88260406,1
img_05081_2024,0.0,0.024971215,0
img_05086_2024,0.0,0.40368104,0
img_05076_2024,0.0,0.112353295,0
img_05088_2024,0.0,0.31327137,0
img_05084_2024,0.0,0.15029858,0
img_05083_2024,0.0,0.06252963,0
img_05090_2024,0.0,0.07779052,0
img_05091_2024,0.0,0.23359084,0
img_05094_2024,0.0,0.21989535,0
img_05087_2024,0.0,0.041913558,0
img_05095_2024,0.0,0.84642273,1
img_05093_2024,0.0,0.028101847,0
img_05097_2024,0.0,0.26806244,0
img_05089_2024,0.0,0.3110863,0
img_05098_2024,0.0,0.7546318,0
img_05092_2024,0.0,0.02655416,0
img_05096_2024,0.0,0.105639085,0
img_05100_2024,0.0,0.57625514,0
img_05099_2024,0.0,0.035977453,0
img_05105_2024,0.0,0.026654348,0
img_05101_2024,0.0,0.50559187,0
img_05102_2024,0.0,0.041714445,0
img_05103_2024,0.0,0.13490313,0
img_05104_2024,0.0,0.036502343,0
img_05107_2024,0.0,0.6947415,0
img_05108_2024,0.0,0.3818569,0
img_05106_2024,0.0,0.61068994,0
img_05110_2024,0.0,0.98121154,1
img_05109_2024,0.0,0.29497457,0
img_05111_2024,0.0,0.12600252,0
img_05117_2024,0.0,0.1691641,0
img_05114_2024,0.0,0.59786826,0
img_05118_2024,0.0,0.18769895,0
img_05112_2024,0.0,0.051842574,0
img_05113_2024,0.0,0.060562856,0
img_05115_2024,0.0,0.12754342,0
img_05116_2024,0.0,0.05155651,0
img_05122_2024,0.0,0.051005892,0
img_05121_2024,0.0,0.103124954,0
img_05126_2024,0.0,0.5383593,0
img_05120_2024,0.0,0.62745315,0
img_05123_2024,0.0,0.06615089,0
img_05124_2024,0.0,0.035270944,0
img_05127_2024,0.0,0.07544874,0
img_05119_2024,0.0,0.12570049,0
img_05125_2024,0.0,0.08000863,0
img_05128_2024,0.0,0.07551124,0
img_05130_2024,0.0,0.074986495,0
img_05129_2024,0.0,0.02844647,0
img_05131_2024,0.0,0.047846418,0
img_05138_2024,0.0,0.1155311,0
img_05134_2024,0.0,0.04250944,0
img_05142_2024,0.0,0.056687225,0
img_05141_2024,0.0,0.9252794,1
img_05140_2024,0.0,0.45028487,0
img_05136_2024,0.0,0.07537179,0
img_05146_2024,0.0,0.04300492,0
img_05135_2024,0.0,0.31771636,0
img_05133_2024,0.0,0.02918056,0
img_05144_2024,0.0,0.1142449,0
img_05132_2024,0.0,0.071881816,0
img_05145_2024,0.0,0.618454,0
img_05147_2024,0.0,0.75020635,0
img_05137_2024,0.0,0.43189788,0
img_05148_2024,0.0,0.9702883,1
img_05143_2024,0.0,0.04366566,0
img_05139_2024,0.0,0.49638966,0
img_05151_2024,0.0,0.51252383,0
img_05152_2024,0.0,0.76180995,0
img_05158_2024,0.0,0.51156664,0
img_05154_2024,0.0,0.11534056,0
img_05155_2024,0.0,0.38242537,0
img_05153_2024,0.0,0.78684807,0
img_05157_2024,0.0,0.0956943,0
img_05156_2024,0.0,0.04352385,0
img_05159_2024,0.0,0.13856414,0
img_05164_2024,0.0,0.21073505,0
img_05161_2024,0.0,0.21176058,0
img_05165_2024,0.0,0.4029363,0
img_05168_2024,0.0,0.25656512,0
img_05160_2024,0.0,0.05161748,0
img_05166_2024,0.0,0.27928618,0
img_05162_2024,0.0,0.070195265,0
img_05167_2024,0.0,0.03554528,0
img_05163_2024,0.0,0.039494276,0
img_05173_2024,0.0,0.39740074,0
img_05171_2024,0.0,0.76709116,0
img_05170_2024,0.0,0.36322045,0
img_05176_2024,0.0,0.94309825,1
img_05150_p01_2024,0.0,0.86030096,1
img_05150_p02_2024,0.0,0.09935034,0
img_05169_2024,0.0,0.08266684,0
img_05174_2024,0.0,0.47632408,0
img_05149_p01_2024,0.0,0.39387855,0
img_05149_p02_2024,0.0,0.08461845,0
img_05177_2024,0.0,0.4949661,0
img_05180_2024,0.0,0.25918776,0
img_05179_2024,0.0,0.29728058,0
img_05172_2024,0.0,0.10032886,0
img_05178_2024,0.0,0.5662156,0
img_05183_2024,0.0,0.19069159,0
img_05185_2024,0.0,0.24264735,0
img_05188_2024,0.0,0.28841537,0
img_05190_2024,0.0,0.18695799,0
img_05184_2024,0.0,0.5283832,0
img_05194_2024,0.0,0.928572,1
img_05181_2024,0.0,0.21517964,0
img_05182_2024,0.0,0.16878733,0
img_05192_2024,0.0,0.5189202,0
img_05187_2024,0.0,0.5168879,0
img_05193_2024,0.0,0.13587354,0
img_05191_2024,0.0,0.08595375,0
img_05186_2024,0.0,0.071566075,0
img_05195_2024,0.0,0.49407938,0
img_05198_2024,0.0,0.051501267,0
img_05189_2024,0.0,0.3290506,0
img_05199_2024,0.0,0.16160224,0
img_05200_2024,0.0,0.13794106,0
img_05202_2024,0.0,0.12441717,0
img_05203_2024,0.0,0.5035757,0
img_05196_2024,0.0,0.092784844,0
img_05204_2024,0.0,0.3398247,0
img_05205_2024,0.0,0.15016295,0
img_05206_2024,0.0,0.9389356,1
img_05207_2024,0.0,0.4268723,0
img_05211_2024,0.0,0.05608376,0
img_05201_2024,0.0,0.8785515,1
img_05210_2024,0.0,0.056670777,0
img_05214_2024,0.0,0.034168772,0
img_05212_2024,0.0,0.09861296,0
img_05208_2024,0.0,0.04361465,0
img_05213_2024,0.0,0.24837951,0
img_05209_2024,0.0,0.1560424,0
img_05217_2024,0.0,0.21058863,0
img_05221_2024,0.0,0.11180925,0
img_05218_2024,0.0,0.39488083,0
img_05215_2024,0.0,0.23335424,0
img_05220_2024,0.0,0.11970117,0
img_05216_2024,0.0,0.07002912,0
img_05224_2024,0.0,0.19343086,0
img_05197_p01_2024,0.0,0.10209708,0
img_05197_p02_2024,0.0,0.112015955,0
img_05225_2024,0.0,0.21100597,0
img_05226_2024,0.0,0.089119345,0
img_05228_2024,0.0,0.04344005,0
img_05227_2024,0.0,0.10794813,0
img_05230_2024,0.0,0.20583735,0
img_05232_2024,0.0,0.051118057,0
img_05223_2024,0.0,0.48750967,0
img_05219_2024,0.0,0.20558849,0
img_05234_2024,0.0,0.2781254,0
img_05235_2024,0.0,0.4908002,0
img_05233_2024,0.0,0.46542448,0
img_05231_2024,0.0,0.47258133,0
img_05237_2024,0.0,0.17376307,0
img_05222_2024,0.0,0.32402715,0
img_05238_2024,0.0,0.15639433,0
img_05236_2024,0.0,0.25088152,0
img_05244_2024,0.0,0.10761745,0
img_05243_2024,0.0,0.097248875,0
img_05242_2024,0.0,0.07862485,0
img_05241_2024,0.0,0.4446973,0
img_05246_2024,0.0,0.11869064,0
img_05247_2024,0.0,0.10807068,0
img_05245_2024,0.0,0.3639469,0
img_05248_2024,0.0,0.07135541,0
img_05250_2024,0.0,0.14915952,0
img_05251_2024,0.0,0.6590969,0
img_05260_2024,0.0,0.07286865,0
img_05258_2024,0.0,0.17255624,0
img_05257_2024,0.0,0.7258284,0
img_05253_2024,0.0,0.32726634,0
img_05259_2024,0.0,0.7280194,0
img_05256_2024,0.0,0.1039108,0
img_05261_2024,0.0,0.1055869,0
img_05252_2024,0.0,0.39689285,0
img_05249_2024,0.0,0.08945392,0
img_05240_2024,0.0,0.09784406,0
img_05263_2024,0.0,0.08586594,0
img_05239_2024,0.0,0.08180109,0
img_05255_2024,0.0,0.4741875,0
img_05254_2024,0.0,0.7563677,0
img_05269_2024,0.0,0.4624086,0
img_05264_2024,0.0,0.52225155,0
img_05265_2024,0.0,0.13644502,0
img_05268_2024,0.0,0.1403611,0
img_05270_2024,0.0,0.23015259,0
img_05262_2024,0.0,0.120140284,0
img_05266_2024,0.0,0.07396078,0
img_05271_2024,0.0,0.39050448,0
img_05267_2024,0.0,0.08263809,0
img_05272_2024,0.0,0.13461459,0
img_05274_2024,0.0,0.5536859,0
img_05273_2024,0.0,0.12032454,0
img_05275_2024,0.0,0.18956763,0
img_05283_2024,0.0,0.111227676,0
img_05278_2024,0.0,0.09111738,0
img_05280_2024,0.0,0.09610269,0
img_05279_2024,0.0,0.12289356,0
img_05282_2024,0.0,0.29689398,0
img_05277_2024,0.0,0.80517036,1
img_05281_2024,0.0,0.64610994,0
img_05286_2024,0.0,0.6017649,0
img_05287_2024,0.0,0.13865626,0
img_05288_2024,0.0,0.16145587,0
img_05291_2024,0.0,0.049115356,0
img_05285_2024,0.0,0.48889118,0
img_05292_2024,0.0,0.076513164,0
img_05293_2024,0.0,0.046570335,0
img_05290_2024,0.0,0.09053234,0
img_05289_2024,0.0,0.11263126,0
img_05300_2024,0.0,0.4203576,0
img_05301_2024,0.0,0.4633146,0
img_05296_2024,0.0,0.5102078,0
img_05298_2024,0.0,0.07294434,0
img_05297_2024,0.0,0.111098394,0
img_05294_2024,0.0,0.18163298,0
img_05284_2024,0.0,0.12571035,0
img_05299_2024,0.0,0.16131292,0
img_05276_2024,0.0,0.07796237,0
img_05302_2024,0.0,0.7676801,0
img_05295_2024,0.0,0.28473833,0
img_05303_2024,0.0,0.48893154,0
img_05309_2024,0.0,0.06642593,0
img_05306_2024,0.0,0.12518412,0
img_05305_2024,0.0,0.3965951,0
img_05304_2024,0.0,0.17166348,0
img_05310_2024,0.0,0.61422193,0
img_05312_2024,0.0,0.07450803,0
img_05308_2024,0.0,0.6814332,0
img_05315_2024,0.0,0.08920227,0
img_05318_2024,0.0,0.30633247,0
img_05320_2024,0.0,0.4114701,0
img_05319_2024,0.0,0.24280535,0
img_05307_2024,0.0,0.26995245,0
img_05313_2024,0.0,0.04272364,0
img_05325_2024,0.0,0.78453165,0
img_05317_2024,0.0,0.40213737,0
img_05323_2024,0.0,0.35513282,0
img_05327_2024,0.0,0.55555993,0
img_05328_2024,0.0,0.21505857,0
img_05321_2024,0.0,0.52563894,0
img_05314_2024,0.0,0.9070496,1
img_05326_2024,0.0,0.4060209,0
img_05330_2024,0.0,0.08324731,0
img_05322_2024,0.0,0.0746565,0
img_05331_2024,0.0,0.3803747,0
img_05329_2024,0.0,0.14000398,0
img_05333_2024,0.0,0.11714611,0
img_05316_2024,0.0,0.33420748,0
img_05337_2024,0.0,0.08165698,0
img_05332_2024,0.0,0.073920034,0
img_05338_2024,0.0,0.070716366,0
img_05347_2024,0.0,0.43238088,0
img_05339_2024,0.0,0.18761842,0
img_05346_2024,0.0,0.12952523,0
img_05341_2024,0.0,0.119688734,0
img_05344_2024,0.0,0.18425696,0
img_05345_2024,0.0,0.078401595,0
img_05343_2024,0.0,0.06017209,0
img_05348_2024,0.0,0.10017168,0
img_05351_2024,0.0,0.044651438,0
img_05349_2024,0.0,0.18241285,0
img_05350_2024,0.0,0.067665346,0
img_05335_2024,0.0,0.7310831,0
img_05353_2024,0.0,0.084226295,0
img_05352_2024,0.0,0.06213676,0
img_05334_2024,0.0,0.15209152,0
img_05311_2024,0.0,0.10764124,0
img_05336_2024,0.0,0.39849243,0
img_05342_p01_2024,0.0,0.060219172,0
img_05342_p02_2024,0.0,0.10055859,0
img_05355_2024,0.0,0.06491635,0
img_05340_2024,0.0,0.061003357,0
img_05324_2024,0.0,0.101397745,0
img_05358_2024,0.0,0.13396621,0
img_05357_2024,0.0,0.31271228,0
img_05356_2024,0.0,0.18623544,0
img_05354_2024,0.0,0.1808951,0
img_05359_2024,0.0,0.25966394,0
img_05362_2024,0.0,0.09534815,0
img_05360_2024,0.0,0.039465133,0
img_05364_2024,0.0,0.05863784,0
img_05365_2024,0.0,0.04978845,0
img_05361_2024,0.0,0.4116126,0
img_05366_2024,0.0,0.06125692,0
img_05363_2024,0.0,0.20565943,0
img_05368_2024,0.0,0.2833121,0
img_05370_2024,0.0,0.8286472,1
img_05369_2024,0.0,0.44249138,0
img_05372_2024,0.0,0.17403315,0
img_05376_2024,0.0,0.0726036,0
img_05373_2024,0.0,0.23185289,0
img_05377_2024,0.0,0.05790024,0
img_05380_2024,0.0,0.09099425,0
img_05378_2024,0.0,0.5111433,0
img_05375_2024,0.0,0.5135897,0
img_05383_2024,0.0,0.38691893,0
img_05381_2024,0.0,0.18012059,0
img_05374_2024,0.0,0.103247985,0
img_05379_2024,0.0,0.35849357,0
img_05384_2024,0.0,0.065940045,0
img_05385_2024,0.0,0.18756784,0
img_05388_2024,0.0,0.15734029,0
img_05386_2024,0.0,0.1218372,0
img_05387_2024,0.0,0.21677727,0
img_05371_2024,0.0,0.3249841,0
img_05382_2024,0.0,0.18121564,0
img_05389_2024,0.0,0.3584199,0
img_05390_2024,0.0,0.27821094,0
img_05393_2024,0.0,0.08964216,0
img_05392_2024,0.0,0.93432,1
img_05391_2024,0.0,0.10674004,0
img_05229_p01_2024,0.0,0.08523082,0
img_05229_p02_2024,0.0,0.045629032,0
img_05229_p03_2024,0.0,0.05613874,0
img_05229_p04_2024,0.0,0.045096017,0
img_05229_p05_2024,0.0,0.037542094,0
img_05229_p06_2024,0.0,0.059720725,0
img_05229_p07_2024,0.0,0.07050288,0
img_05229_p08_2024,0.0,0.04160825,0
img_05395_2024,0.0,0.040728476,0
img_05397_2024,0.0,0.060870264,0
img_05394_2024,0.0,0.44980136,0
img_05396_2024,0.0,0.30134296,0
img_05399_2024,0.0,0.53482085,0
img_05398_2024,0.0,0.06423269,0
img_05402_2024,0.0,0.11310454,0
img_05401_2024,0.0,0.17014343,0
img_05406_2024,0.0,0.34562725,0
img_05405_2024,0.0,0.20553713,0
img_05404_2024,0.0,0.2959522,0
img_05408_2024,0.0,0.13600445,0
img_05409_2024,0.0,0.16568391,0
img_05410_2024,0.0,0.840946,1
img_05411_2024,0.0,0.23834406,0
img_05414_2024,0.0,0.07256851,0
img_05413_2024,0.0,0.04684071,0
img_05412_2024,0.0,0.11033611,0
img_05416_2024,0.0,0.2413934,0
img_05419_2024,0.0,0.25240958,0
img_05417_2024,0.0,0.10781856,0
img_05422_2024,0.0,0.06862623,0
img_05415_2024,0.0,0.44903067,0
img_05420_2024,0.0,0.05022651,0
img_05418_2024,0.0,0.1272337,0
img_05421_2024,0.0,0.33747816,0
img_05400_2024,0.0,0.08891037,0
img_05425_2024,0.0,0.5138176,0
img_05426_2024,0.0,0.18244092,0
img_05423_2024,0.0,0.04958454,0
img_05430_2024,0.0,0.10803536,0
img_05424_2024,0.0,0.08757538,0
img_05428_2024,0.0,0.07380774,0
img_05429_2024,0.0,0.110789925,0
img_05435_2024,0.0,0.11235645,0
img_05407_p01_2024,0.0,0.36216897,0
img_05407_p02_2024,0.0,0.9068854,1
img_05432_2024,0.0,0.16906731,0
img_05434_2024,0.0,0.5786519,0
img_05431_2024,0.0,0.12314962,0
img_05436_2024,0.0,0.2649309,0
img_05433_2024,0.0,0.1015166,0
img_05438_2024,0.0,0.10260202,0
img_05427_2024,0.0,0.048179973,0
img_05439_2024,0.0,0.13922524,0
img_05441_2024,0.0,0.4792678,0
img_05440_2024,0.0,0.4618364,0
img_05442_2024,0.0,0.04131438,0
img_05437_2024,0.0,0.049904373,0
img_05446_2024,0.0,0.25751317,0
img_05445_2024,0.0,0.094734445,0
img_05444_2024,0.0,0.4188471,0
img_05447_2024,0.0,0.09237967,0
img_05449_2024,0.0,0.2392572,0
img_05448_2024,0.0,0.12670739,0
img_05451_2024,0.0,0.05687811,0
img_05453_2024,0.0,0.11646882,0
img_05450_2024,0.0,0.11242779,0
img_05454_2024,0.0,0.14919883,0
img_05452_2024,0.0,0.81185013,1
img_05443_2024,0.0,0.09872578,0
img_05455_2024,0.0,0.16611445,0
img_05459_2024,0.0,0.12933972,0
img_05461_2024,0.0,0.16775416,0
img_05457_2024,0.0,0.13933572,0
img_05462_2024,0.0,0.4533131,0
img_05463_2024,0.0,0.18293482,0
img_05456_2024,0.0,0.08585405,0
img_05458_2024,0.0,0.088755965,0
img_05464_2024,0.0,0.6352456,0
img_05465_2024,0.0,0.09932316,0
img_05466_2024,0.0,0.3921198,0
img_05469_2024,0.0,0.32455695,0
img_05403_p01_2024,0.0,0.073743254,0
img_05403_p02_2024,0.0,0.059484843,0
img_05403_p03_2024,0.0,0.06159385,0
img_05403_p04_2024,0.0,0.08021043,0
img_05460_2024,0.0,0.30672267,0
img_05468_2024,0.0,0.14871952,0
img_05472_2024,0.0,0.1708604,0
img_05467_2024,0.0,0.10153393,0
img_05470_2024,0.0,0.30517706,0
img_05471_2024,0.0,0.20198877,0
img_05474_2024,0.0,0.37105918,0
img_05479_2024,0.0,0.36921975,0
img_05475_2024,0.0,0.1609085,0
img_05476_2024,0.0,0.17235444,0
img_05477_2024,0.0,0.117878735,0
img_05473_2024,0.0,0.9554607,1
img_05478_2024,0.0,0.055598043,0
img_05480_2024,0.0,0.11784106,0
img_05175_p01_2024,0.0,0.72085625,0
img_05175_p02_2024,0.0,0.09565922,0
img_05175_p03_2024,0.0,0.10447484,0
img_05175_p04_2024,0.0,0.11758263,0
img_05175_p05_2024,0.0,0.07524202,0
img_05175_p06_2024,0.0,0.11227349,0
img_05175_p07_2024,0.0,0.294606,0
img_05175_p08_2024,0.0,0.08366419,0
img_05175_p09_2024,0.0,0.04153034,0
img_05175_p10_2024,0.0,0.051579777,0
img_05175_p11_2024,0.0,0.06928042,0
img_05175_p12_2024,0.0,0.07150373,0
img_05175_p13_2024,0.0,0.06323208,0
img_05175_p14_2024,0.0,0.04157079,0
img_05481_2024,0.0,0.58577126,0
img_05488_2024,0.0,0.101833485,0
img_05490_2024,0.0,0.58418393,0
img_05483_2024,0.0,0.0708151,0
img_05491_2024,0.0,0.13879478,0
img_05484_2024,0.0,0.10261227,0
img_05485_2024,0.0,0.067281306,0
img_05487_2024,0.0,0.5284762,0
img_05492_2024,0.0,0.20931415,0
img_05482_2024,0.0,0.1436541,0
img_05497_2024,0.0,0.05602946,0
img_05500_2024,0.0,0.14787346,0
img_05499_2024,0.0,0.15782598,0
img_05498_2024,0.0,0.15393546,0
img_05494_2024,0.0,0.10884316,0
img_05489_2024,0.0,0.16313486,0
img_05501_2024,0.0,0.7103134,0
img_05495_2024,0.0,0.09348202,0
img_05486_2024,0.0,0.0839194,0
img_05503_2024,0.0,0.07567153,0
img_05504_2024,0.0,0.3147761,0
img_05493_2024,0.0,0.2000001,0
img_05496_2024,0.0,0.41794127,0
img_05506_2024,0.0,0.1149156,0
img_05502_2024,0.0,0.3978244,0
img_05511_2024,0.0,0.10010263,0
img_05515_2024,0.0,0.071148194,0
img_05519_2024,0.0,0.23176074,0
img_05507_2024,0.0,0.080319405,0
img_05508_2024,0.0,0.060476072,0
img_05509_2024,0.0,0.07634141,0
img_05512_2024,0.0,0.0901323,0
img_05523_2024,0.0,0.08008192,0
img_05514_2024,0.0,0.13425404,0
img_05522_2024,0.0,0.67686605,0
img_05520_2024,0.0,0.14011289,0
img_05516_2024,0.0,0.060235072,0
img_05518_2024,0.0,0.067729294,0
img_05510_2024,0.0,0.45595768,0
img_05525_2024,0.0,0.1202027,0
img_05521_2024,0.0,0.22649147,0
img_05527_2024,0.0,0.0567059,0
img_05529_2024,0.0,0.7375837,0
img_05517_2024,0.0,0.055659555,0
img_05528_2024,0.0,0.43745092,0
img_05526_2024,0.0,0.29322028,0
img_05533_2024,0.0,0.07254618,0
img_05532_2024,0.0,0.12766787,0
img_05513_2024,0.0,0.06507248,0
img_05531_2024,0.0,0.36952066,0
img_05530_2024,0.0,0.07717202,0
img_05505_2024,0.0,0.40256912,0
img_05541_2024,0.0,0.047031038,0
img_05535_2024,0.0,0.21022658,0
img_05540_2024,0.0,0.22297691,0
img_05524_2024,0.0,0.42066395,0
img_05534_2024,0.0,0.23700754,0
img_05543_2024,0.0,0.09818231,0
img_05537_2024,0.0,0.05811157,0
img_05545_2024,0.0,0.13681155,0
img_05536_2024,0.0,0.19331583,0
img_05544_2024,0.0,0.13661082,0
img_05542_2024,0.0,0.08078255,0
img_05550_2024,0.0,0.4955126,0
img_05546_2024,0.0,0.4781875,0
img_05552_2024,0.0,0.1609548,0
img_05551_2024,0.0,0.41769883,0
img_05553_2024,0.0,0.07503425,0
img_05554_2024,0.0,0.051420268,0
img_05556_2024,0.0,0.19389816,0
img_05548_2024,0.0,0.47198486,0
img_05547_2024,0.0,0.3498177,0
img_05549_2024,0.0,0.12078883,0
img_05558_2024,0.0,0.0943679,0
img_05557_2024,0.0,0.07721172,0
img_05559_2024,0.0,0.052693557,0
img_05561_2024,0.0,0.09263674,0
img_05560_2024,0.0,0.15129809,0
img_05555_2024,0.0,0.2641109,0
img_05562_2024,0.0,0.38897216,0
img_05566_2024,0.0,0.15122658,0
img_05564_2024,0.0,0.4237314,0
img_05569_2024,0.0,0.08054124,0
img_05565_2024,0.0,0.5162425,0
img_05563_2024,0.0,0.26964098,0
img_05571_2024,0.0,0.08343822,0
img_05574_2024,0.0,0.086833805,0
img_05576_2024,0.0,0.052096274,0
img_05567_2024,0.0,0.30805525,0
img_05568_2024,0.0,0.098018646,0
img_05577_2024,0.0,0.47981876,0
img_05538_p01_2024,0.0,0.082525544,0
img_05538_p02_2024,0.0,0.05628997,0
img_05570_2024,0.0,0.8640629,1
img_05580_2024,0.0,0.22783709,0
img_05579_2024,0.0,0.124560006,0
img_05581_2024,0.0,0.4536353,0
img_05572_2024,0.0,0.1406142,0
img_05575_2024,0.0,0.41319665,0
img_05582_2024,0.0,0.08332062,0
img_05584_2024,0.0,0.07008906,0
img_05583_2024,0.0,0.053952917,0
img_05585_2024,0.0,0.52029413,0
img_05588_2024,0.0,0.4681707,0
img_05578_2024,0.0,0.117380515,0
img_05595_2024,0.0,0.061836522,0
img_05596_2024,0.0,0.57527673,0
img_05598_2024,0.0,0.06809934,0
img_05593_2024,0.0,0.71300465,0
img_05589_2024,0.0,0.1563635,0
img_05573_2024,0.0,0.2581342,0
img_05586_2024,0.0,0.101156935,0
img_05590_2024,0.0,0.28341982,0
img_05587_2024,0.0,0.48996824,0
img_05597_2024,0.0,0.5940515,0
img_05602_2024,0.0,0.42920417,0
img_05603_2024,0.0,0.06448565,0
img_05607_2024,0.0,0.14036769,0
img_05604_2024,0.0,0.80373484,1
img_05601_2024,0.0,0.110832974,0
img_05594_2024,0.0,0.17365672,0
img_05591_2024,0.0,0.3574173,0
img_05600_2024,0.0,0.11756796,0
img_05592_2024,0.0,0.12086871,0
img_05613_2024,0.0,0.74761343,0
img_05611_2024,0.0,0.069474824,0
img_05599_2024,0.0,0.10740532,0
img_05612_2024,0.0,0.82698303,1
img_05608_2024,0.0,0.13778377,0
img_05605_2024,0.0,0.21078888,0
img_05610_2024,0.0,0.35430878,0
img_05609_2024,0.0,0.61224926,0
img_05620_2024,0.0,0.1923806,0
img_05615_2024,0.0,0.17739399,0
img_05616_2024,0.0,0.5771147,0
img_05622_2024,0.0,0.088107474,0
img_05623_2024,0.0,0.083677314,0
img_05624_2024,0.0,0.32181412,0
img_05606_2024,0.0,0.060502622,0
img_05618_2024,0.0,0.10069479,0
img_05625_2024,0.0,0.22652645,0
img_05617_2024,0.0,0.0888239,0
img_05626_2024,0.0,0.41414896,0
img_05621_2024,0.0,0.1489514,0
img_05628_2024,0.0,0.44035056,0
img_05630_2024,0.0,0.97194237,1
img_05619_2024,0.0,0.047670323,0
img_05614_2024,0.0,0.20266567,0
img_05636_2024,0.0,0.4272248,0
img_05633_2024,0.0,0.07918458,0
img_05632_2024,0.0,0.3964309,0
img_05634_2024,0.0,0.8866615,1
img_05631_2024,0.0,0.9069356,1
img_05629_2024,0.0,0.054238882,0
img_05643_2024,0.0,0.16019732,0
img_05642_2024,0.0,0.049220126,0
img_05627_2024,0.0,0.08219243,0
img_05635_2024,0.0,0.5714008,0
img_05640_2024,0.0,0.46613404,0
img_05644_2024,0.0,0.25578302,0
img_05637_2024,0.0,0.06697869,0
img_05646_2024,0.0,0.38632312,0
img_05639_2024,0.0,0.07767921,0
img_05641_2024,0.0,0.21933465,0
img_05649_2024,0.0,0.121494696,0
img_05648_2024,0.0,0.11635939,0
img_05638_2024,0.0,0.13168405,0
img_05650_2024,0.0,0.8902624,1
img_05645_2024,0.0,0.08515919,0
img_05651_2024,0.0,0.04286067,0
img_05652_2024,0.0,0.12132704,0
img_05647_2024,0.0,0.05384854,0
img_05654_2024,0.0,0.07913216,0
img_05661_2024,0.0,0.209156,0
img_05653_2024,0.0,0.0639415,0
img_05658_2024,0.0,0.14221115,0
img_05666_2024,0.0,0.23240952,0
img_05655_2024,0.0,0.19508654,0
img_05659_2024,0.0,0.12743106,0
img_05663_2024,0.0,0.074450485,0
img_05665_2024,0.0,0.077832796,0
img_05656_2024,0.0,0.36597693,0
img_05667_2024,0.0,0.17099933,0
img_05668_2024,0.0,0.2376304,0
img_05657_2024,0.0,0.10269801,0
img_05670_2024,0.0,0.15538938,0
img_05662_2024,0.0,0.5444861,0
img_05660_2024,0.0,0.0834133,0
img_05664_2024,0.0,0.07377598,0
img_05671_2024,0.0,0.4009844,0
img_05673_2024,0.0,0.18393208,0
img_05675_2024,0.0,0.120746836,0
img_05676_2024,0.0,0.10437206,0
img_05672_2024,0.0,0.38892293,0
img_05679_2024,0.0,0.80108315,1
img_05674_2024,0.0,0.33488196,0
img_05677_2024,0.0,0.8991354,1
img_05684_2024,0.0,0.071366265,0
img_05680_2024,0.0,0.06292204,0
img_05681_2024,0.0,0.19850588,0
img_05688_2024,0.0,0.071688764,0
img_05686_2024,0.0,0.19307418,0
img_05683_2024,0.0,0.908183,1
img_05685_2024,0.0,0.07330659,0
img_05691_2024,0.0,0.2230126,0
img_05678_2024,0.0,0.1068157,0
img_05693_2024,0.0,0.23841606,0
img_05692_2024,0.0,0.18897285,0
img_05689_2024,0.0,0.3879403,0
img_05694_2024,0.0,0.14819327,0
img_05690_2024,0.0,0.122108445,0
img_05669_p01_2024,0.0,0.37867498,0
img_05669_p02_2024,0.0,0.40923825,0
img_05687_2024,0.0,0.09915524,0
img_05696_2024,0.0,0.06799261,0
img_05697_2024,0.0,0.099028684,0
img_05701_2024,0.0,0.052023042,0
img_05698_2024,0.0,0.060879,0
img_05700_2024,0.0,0.37632015,0
img_05702_2024,0.0,0.3220142,0
img_05699_2024,0.0,0.16061948,0
img_05705_2024,0.0,0.10164589,0
img_05707_2024,0.0,0.114548735,0
img_05703_2024,0.0,0.10296971,0
img_05695_2024,0.0,0.11245808,0
img_05709_2024,0.0,0.5426947,0
img_05710_2024,0.0,0.25274628,0
img_05708_2024,0.0,0.6166963,0
img_05704_2024,0.0,0.0678844,0
img_05711_2024,0.0,0.46302718,0
img_05713_2024,0.0,0.12633766,0
img_05714_2024,0.0,0.38964325,0
img_05706_2024,0.0,0.05892557,0
img_05712_2024,0.0,0.06849535,0
img_05716_2024,0.0,0.04802053,0
img_05718_2024,0.0,0.19317181,0
img_05715_2024,0.0,0.9045647,1
img_05722_2024,0.0,0.8924885,1
img_05717_2024,0.0,0.066685714,0
img_05721_2024,0.0,0.13759664,0
img_05726_2024,0.0,0.12599303,0
img_05720_2024,0.0,0.32657441,0
img_05731_2024,0.0,0.11380035,0
img_05728_2024,0.0,0.5117111,0
img_05723_2024,0.0,0.06405638,0
img_05735_2024,0.0,0.5097584,0
img_05725_2024,0.0,0.7270523,0
img_05733_2024,0.0,0.3238825,0
img_05729_2024,0.0,0.11232895,0
img_05739_2024,0.0,0.20363376,0
img_05734_2024,0.0,0.23209758,0
img_05741_2024,0.0,0.23710069,0
img_05738_2024,0.0,0.11866851,0
img_05737_2024,0.0,0.43251947,0
img_05682_p01_2024,0.0,0.053066604,0
img_05682_p02_2024,0.0,0.05974141,0
img_05682_p03_2024,0.0,0.13916332,0
img_05744_2024,0.0,0.09027586,0
img_05732_2024,0.0,0.4422687,0
img_05367_p01_2024,0.0,0.05491405,0
img_05367_p02_2024,0.0,0.13756338,0
img_05367_p03_2024,0.0,0.08151713,0
img_05367_p04_2024,0.0,0.13107826,0
img_05367_p05_2024,0.0,0.08806478,0
img_05367_p06_2024,0.0,0.05314349,0
img_05367_p07_2024,0.0,0.09842014,0
img_05367_p08_2024,0.0,0.04927522,0
img_05367_p09_2024,0.0,0.06862345,0
img_05367_p10_2024,0.0,0.05711837,0
img_05367_p11_2024,0.0,0.066212624,0
img_05367_p12_2024,0.0,0.06758424,0
img_05367_p13_2024,0.0,0.20740186,0
img_05367_p14_2024,0.0,0.15132771,0
img_05367_p15_2024,0.0,0.057194255,0
img_05367_p16_2024,0.0,0.07823799,0
img_05367_p17_2024,0.0,0.36108783,0
img_05743_2024,0.0,0.09459775,0
img_05745_2024,0.0,0.09189765,0
img_05742_2024,0.0,0.47685912,0
img_05748_2024,0.0,0.411055,0
img_05740_2024,0.0,0.10187061,0
img_05746_2024,0.0,0.0947442,0
img_05747_2024,0.0,0.0633818,0
img_05749_2024,0.0,0.77772844,0
img_05750_2024,0.0,0.17202063,0
img_05719_p01_2024,0.0,0.41093868,0
img_05719_p02_2024,0.0,0.19716163,0
img_05736_2024,0.0,0.12960945,0
img_05751_2024,0.0,0.30338356,0
img_05753_2024,0.0,0.94893533,1
img_05754_2024,0.0,0.48001513,0
img_05756_2024,0.0,0.13478334,0
img_05755_2024,0.0,0.42764014,0
img_05757_2024,0.0,0.25682288,0
img_05763_2024,0.0,0.37987074,0
img_05762_2024,0.0,0.117695786,0
img_05758_2024,0.0,0.0728615,0
img_05760_2024,0.0,0.15117836,0
img_05759_2024,0.0,0.101088084,0
img_05764_2024,0.0,0.21204576,0
img_05766_2024,0.0,0.5251232,0
img_05761_2024,0.0,0.10943266,0
img_05767_2024,0.0,0.18222168,0
img_05752_2024,0.0,0.12917458,0
img_05765_2024,0.0,0.3951863,0
img_05771_2024,0.0,0.9201314,1
img_05770_2024,0.0,0.26614413,0
img_05773_2024,0.0,0.50662225,0
img_05777_2024,0.0,0.049572833,0
img_05772_2024,0.0,0.5589493,0
img_05769_2024,0.0,0.055590846,0
img_05780_2024,0.0,0.10950078,0
img_05779_2024,0.0,0.044268966,0
img_05774_2024,0.0,0.24110125,0
img_05730_p02_2024,0.0,0.055099513,0
img_05730_p03_2024,0.0,0.07159318,0
img_05730_p04_2024,0.0,0.04705824,0
img_05775_2024,0.0,0.074531205,0
img_05786_2024,0.0,0.10200395,0
img_05787_2024,0.0,0.09936933,0
img_05776_2024,0.0,0.1952045,0
img_05781_2024,0.0,0.34720078,0
img_05783_2024,0.0,0.5211016,0
img_05784_2024,0.0,0.05193838,0
img_05782_2024,0.0,0.060132675,0
img_05788_2024,0.0,0.37261137,0
img_05785_2024,0.0,0.039950635,0
img_05791_2024,0.0,0.14159359,0
img_05778_2024,0.0,0.18815826,0
img_05790_2024,0.0,0.48630214,0
img_05793_2024,0.0,0.12875593,0
img_05794_2024,0.0,0.23504896,0
img_05792_2024,0.0,0.07166828,0
img_05797_2024,0.0,0.05387706,0
img_05789_2024,0.0,0.2132033,0
img_05795_2024,0.0,0.3715942,0
img_05796_2024,0.0,0.12187753,0
img_05800_2024,0.0,0.091190204,0
img_05801_2024,0.0,0.23309192,0
img_05798_2024,0.0,0.054458734,0
img_05802_2024,0.0,0.44380865,0
img_05803_2024,0.0,0.47781146,0
img_05799_2024,0.0,0.2402602,0
img_05804_2024,0.0,0.12272655,0
img_05807_2024,0.0,0.15082477,0
img_05805_2024,0.0,0.48311344,0
img_05813_2024,0.0,0.125808,0
img_05808_2024,0.0,0.058691002,0
img_05806_2024,0.0,0.12378254,0
img_05810_2024,0.0,0.123899765,0
img_05811_2024,0.0,0.05372048,0
img_05724_p01_2024,0.0,0.06404072,0
img_05724_p02_2024,0.0,0.056686647,0
img_05724_p03_2024,0.0,0.10029947,0
img_05724_p04_2024,0.0,0.09147754,0
img_05724_p05_2024,0.0,0.06779647,0
img_05724_p06_2024,0.0,0.078605615,0
img_05809_2024,0.0,0.7393651,0
img_05814_2024,0.0,0.32926753,0
img_05816_2024,0.0,0.120281346,0
img_05812_2024,0.0,0.10744329,0
img_05815_2024,0.0,0.29649755,0
img_05820_2024,0.0,0.110068314,0
img_05819_2024,0.0,0.14859551,0
img_05818_2024,0.0,0.11796834,0
img_05822_2024,0.0,0.04640701,0
img_05821_2024,0.0,0.07515526,0
img_05823_2024,0.0,0.05593277,0
img_05817_2024,0.0,0.12329888,0
img_05827_2024,0.0,0.14257082,0
img_05831_2024,0.0,0.032957435,0
img_05825_2024,0.0,0.111018226,0
img_05826_2024,0.0,0.51320684,0
img_05824_2024,0.0,0.38896483,0
img_05830_2024,0.0,0.051073782,0
img_05828_2024,0.0,0.21154429,0
img_05834_2024,0.0,0.9096482,1
img_05829_2024,0.0,0.18471622,0
img_05833_2024,0.0,0.07358619,0
img_05832_2024,0.0,0.09649579,0
img_05838_2024,0.0,0.3998176,0
img_05836_2024,0.0,0.15661727,0
img_05839_2024,0.0,0.24108255,0
img_05840_2024,0.0,0.24712108,0
img_05841_2024,0.0,0.043484587,0
img_05842_2024,0.0,0.21077058,0
img_05848_2024,0.0,0.13977727,0
img_05844_2024,0.0,0.4668381,0
img_05846_2024,0.0,0.21604832,0
img_05837_2024,0.0,0.5306232,0
img_05843_2024,0.0,0.16388491,0
img_05835_2024,0.0,0.839068,1
img_05847_2024,0.0,0.8619807,1
img_05845_2024,0.0,0.113249354,0
img_05855_2024,0.0,0.057213183,0
img_05852_2024,0.0,0.06312794,0
img_05854_2024,0.0,0.20499651,0
img_05859_2024,0.0,0.39266935,0
img_05853_2024,0.0,0.11818098,0
img_05860_2024,0.0,0.11889013,0
img_05851_2024,0.0,0.053855587,0
img_05862_2024,0.0,0.9676379,1
img_05857_2024,0.0,0.83910364,1
img_05861_2024,0.0,0.77370304,0
img_05856_2024,0.0,0.23908623,0
img_05865_2024,0.0,0.07506744,0
img_05850_2024,0.0,0.08780093,0
img_05849_2024,0.0,0.3999189,0
img_05868_2024,0.0,0.347472,0
img_05768_p01_2024,0.0,0.07720323,0
img_05768_p02_2024,0.0,0.0498566,0
img_05768_p03_2024,0.0,0.06190212,0
img_05768_p04_2024,0.0,0.074726544,0
img_05768_p05_2024,0.0,0.13228041,0
img_05768_p06_2024,0.0,0.122431375,0
img_05866_2024,0.0,0.91356415,1
img_05867_2024,0.0,0.13949294,0
img_05863_2024,0.0,0.049154833,0
img_05870_2024,0.0,0.35114607,0
img_05873_2024,0.0,0.0833548,0
img_05869_2024,0.0,0.10321695,0
img_05864_2024,0.0,0.2707878,0
img_05872_2024,0.0,0.10631424,0
img_05871_2024,0.0,0.31096402,0
img_05876_2024,0.0,0.05986505,0
img_05878_2024,0.0,0.2103955,0
img_05874_2024,0.0,0.043982744,0
img_05881_2024,0.0,0.1640171,0
img_05885_2024,0.0,0.24099408,0
img_05877_2024,0.0,0.23522331,0
img_05883_2024,0.0,0.3127148,0
img_05882_2024,0.0,0.13213795,0
img_05887_2024,0.0,0.17588669,0
img_05879_2024,0.0,0.53297955,0
img_05888_2024,0.0,0.94247,1
img_05891_2024,0.0,0.23664112,0
img_05890_2024,0.0,0.4919221,0
img_05886_2024,0.0,0.08267423,0
img_05893_2024,0.0,0.53535044,0
img_05884_2024,0.0,0.83400613,1
img_05889_2024,0.0,0.49935925,0
img_05875_p01_2024,0.0,0.1062409,0
img_05875_p02_2024,0.0,0.3462805,0
img_05892_2024,0.0,0.06961067,0
img_05898_2024,0.0,0.1441043,0
img_05880_2024,0.0,0.08274378,0
img_05895_2024,0.0,0.13582404,0
img_05896_2024,0.0,0.6914785,0
img_05894_2024,0.0,0.19871426,0
img_05897_2024,0.0,0.11882503,0
img_05901_2024,0.0,0.059355196,0
img_05900_2024,0.0,0.10005849,0
img_05899_2024,0.0,0.12355824,0
img_05902_2024,0.0,0.18969418,0
img_05903_2024,0.0,0.18318866,0
img_05904_2024,0.0,0.10880693,0
img_05910_2024,0.0,0.35283872,0
img_05908_2024,0.0,0.35394305,0
img_05912_2024,0.0,0.31898078,0
img_05914_2024,0.0,0.1585053,0
img_05907_2024,0.0,0.06971248,0
img_05913_2024,0.0,0.49099433,0
img_05906_2024,0.0,0.93221194,1
img_05915_2024,0.0,0.06981727,0
img_05911_2024,0.0,0.1839891,0
img_05909_2024,0.0,0.17233008,0
img_05916_2024,0.0,0.65710634,0
img_05905_2024,0.0,0.1366296,0
img_05918_2024,0.0,0.5655861,0
img_05917_2024,0.0,0.08967933,0
img_05923_2024,0.0,0.21624994,0
img_05919_2024,0.0,0.7891483,1
img_05921_2024,0.0,0.15122141,0
img_05922_2024,0.0,0.11584821,0
img_05925_2024,0.0,0.34632128,0
img_05920_2024,0.0,0.07462216,0
img_05929_2024,0.0,0.22074422,0
img_05926_2024,0.0,0.92313683,1
img_05931_2024,0.0,0.056545757,0
img_05928_2024,0.0,0.82980835,1
img_05927_2024,0.0,0.6464476,0
img_05932_2024,0.0,0.46395233,0
img_05924_2024,0.0,0.055651918,0
img_05933_2024,0.0,0.1302577,0
img_05930_2024,0.0,0.6569617,0
img_05943_2024,0.0,0.053855136,0
img_05942_2024,0.0,0.2580701,0
img_05944_2024,0.0,0.22127454,0
img_05934_2024,0.0,0.13355511,0
img_05939_2024,0.0,0.20559977,0
img_05935_2024,0.0,0.04535499,0
img_05937_2024,0.0,0.0720302,0
img_05940_2024,0.0,0.11725282,0
img_05946_2024,0.0,0.6790119,0
img_05941_2024,0.0,0.059138246,0
img_05949_2024,0.0,0.9617412,1
img_05947_2024,0.0,0.055335823,0
img_05936_2024,0.0,0.20700362,0
img_05948_2024,0.0,0.0466705,0
img_05858_p01_2024,0.0,0.050296877,0
img_05858_p02_2024,0.0,0.13335228,0
img_05858_p03_2024,0.0,0.11679631,0
img_05858_p04_2024,0.0,0.067586884,0
img_05951_2024,0.0,0.17926234,0
img_05950_2024,0.0,0.15352958,0
img_05954_2024,0.0,0.057170205,0
img_05956_2024,0.0,0.16182967,0
img_05955_2024,0.0,0.13329081,0
img_05953_2024,0.0,0.43739432,0
img_05952_2024,0.0,0.06615448,0
img_05957_2024,0.0,0.13105029,0
img_05959_2024,0.0,0.08843514,0
img_05938_p01_2024,0.0,0.07759093,0
img_05938_p02_2024,0.0,0.046346117,0
img_05961_2024,0.0,0.13325015,0
img_05962_2024,0.0,0.53043616,0
img_05963_2024,0.0,0.08722442,0
img_05727_p01_2024,0.0,0.08797804,0
img_05727_p02_2024,0.0,0.09557473,0
img_05727_p03_2024,0.0,0.066166416,0
img_05727_p04_2024,0.0,0.11042313,0
img_05727_p05_2024,0.0,0.108613715,0
img_05727_p06_2024,0.0,0.1246002,0
img_05727_p07_2024,0.0,0.908165,1
img_05727_p08_2024,0.0,0.08300569,0
img_05727_p09_2024,0.0,0.08573439,0
img_05727_p10_2024,0.0,0.12958355,0
img_05727_p11_2024,0.0,0.11625061,0
img_05965_2024,0.0,0.056736212,0
img_05966_2024,0.0,0.14333007,0
img_05964_2024,0.0,0.06456591,0
img_05958_2024,0.0,0.08536377,0
img_05971_2024,0.0,0.8313926,1
img_05973_2024,0.0,0.4195997,0
img_05960_2024,0.0,0.07717814,0
img_05967_2024,0.0,0.2649146,0
img_05970_2024,0.0,0.45133024,0
img_05976_2024,0.0,0.24654926,0
img_05981_2024,0.0,0.31740764,0
img_05977_2024,0.0,0.08500921,0
img_05978_2024,0.0,0.15145788,0
img_05972_2024,0.0,0.14536382,0
img_05979_2024,0.0,0.07993985,0
img_05982_2024,0.0,0.16247046,0
img_05985_2024,0.0,0.9166186,1
img_05968_2024,0.0,0.24902745,0
img_05987_2024,0.0,0.10276661,0
img_05983_2024,0.0,0.50901663,0
img_05993_2024,0.0,0.75300574,0
img_05991_2024,0.0,0.052550524,0
img_05992_2024,0.0,0.33488405,0
img_05984_2024,0.0,0.5067573,0
img_05989_2024,0.0,0.06678947,0
img_05986_2024,0.0,0.32752615,0
img_05990_2024,0.0,0.2464211,0
img_05969_2024,0.0,0.060216706,0
img_05980_2024,0.0,0.14698806,0
img_05996_2024,0.0,0.09523598,0
img_05998_2024,0.0,0.15858631,0
img_05995_2024,0.0,0.07765203,0
img_05997_2024,0.0,0.73326254,0
img_05994_2024,0.0,0.046360884,0
img_05988_2024,0.0,0.056115296,0
img_06000_2024,0.0,0.12537625,0
img_06002_2024,0.0,0.23088937,0
img_05999_2024,0.0,0.08533242,0
img_06006_2024,0.0,0.12355113,0
img_05945_p01_2024,0.0,0.14052011,0
img_05945_p02_2024,0.0,0.062064454,0
img_05945_p03_2024,0.0,0.086566,0
img_05945_p04_2024,0.0,0.06043672,0
img_06001_2024,0.0,0.20659585,0
img_06004_2024,0.0,0.89161414,1
img_06003_2024,0.0,0.11363056,0
img_06007_2024,0.0,0.9577982,1
img_06008_2024,0.0,0.45516118,0
img_06005_2024,0.0,0.112590306,0
img_06010_2024,0.0,0.34307814,0
img_06012_2024,0.0,0.35443833,0
img_06014_2024,0.0,0.4645351,0
img_06009_2024,0.0,0.5105039,0
img_06017_2024,0.0,0.059354845,0
img_05975_p01_2024,0.0,0.18972498,0
img_05975_p02_2024,0.0,0.11906947,0
img_06013_2024,0.0,0.5042048,0
img_06011_2024,0.0,0.23055005,0
img_06015_2024,0.0,0.069905944,0
img_06020_2024,0.0,0.043137107,0
img_06019_2024,0.0,0.13671339,0
img_06021_2024,0.0,0.17487949,0
img_06022_2024,0.0,0.08178701,0
img_06018_2024,0.0,0.06797313,0
img_06023_2024,0.0,0.2659553,0
img_06016_2024,0.0,0.23309673,0
img_06024_2024,0.0,0.16425686,0
img_06034_2024,0.0,0.057761643,0
img_06032_2024,0.0,0.107696466,0
img_06029_2024,0.0,0.21737474,0
img_06031_2024,0.0,0.5556241,0
img_06025_2024,0.0,0.066532604,0
img_06030_2024,0.0,0.34564754,0
img_06036_2024,0.0,0.19579396,0
img_06028_2024,0.0,0.07652359,0
img_05974_p01_2024,0.0,0.20667818,0
img_05974_p02_2024,0.0,0.047967814,0
img_05974_p03_2024,0.0,0.18751308,0
img_06040_2024,0.0,0.47498804,0
img_06039_2024,0.0,0.06465715,0
img_06033_2024,0.0,0.051488366,0
img_06027_2024,0.0,0.07018125,0
img_06042_2024,0.0,0.052131277,0
img_06038_2024,0.0,0.25017324,0
img_06037_2024,0.0,0.3665606,0
img_06043_2024,0.0,0.14335346,0
img_06041_2024,0.0,0.077030845,0
img_06026_2024,0.0,0.50477165,0
img_06045_2024,0.0,0.09228358,0
img_06049_2024,0.0,0.15858671,0
img_06048_2024,0.0,0.10056649,0
img_06044_2024,0.0,0.09210363,0
img_06052_2024,0.0,0.09817964,0
img_06056_2024,0.0,0.18261106,0
img_06047_2024,0.0,0.07088922,0
img_06046_2024,0.0,0.2435298,0
img_06053_2024,0.0,0.12240373,0
img_06057_2024,0.0,0.08662407,0
img_06051_2024,0.0,0.25884858,0
img_06054_2024,0.0,0.6466509,0
img_06062_2024,0.0,0.20602784,0
img_06060_2024,0.0,0.1445924,0
img_06058_2024,0.0,0.07021473,0
img_06050_2024,0.0,0.5773907,0
img_06059_2024,0.0,0.24017517,0
img_06066_2024,0.0,0.08263746,0
img_06065_2024,0.0,0.27009523,0
img_06055_2024,0.0,0.20956288,0
img_06073_2024,0.0,0.15563777,0
img_06071_2024,0.0,0.04311219,0
img_06072_2024,0.0,0.10363374,0
img_06067_2024,0.0,0.23532057,0
img_06070_2024,0.0,0.43912536,0
img_06064_2024,0.0,0.59166026,0
img_06063_2024,0.0,0.48574275,0
img_06074_2024,0.0,0.26546845,0
img_06075_2024,0.0,0.122459486,0
img_06069_2024,0.0,0.09834352,0
img_06077_2024,0.0,0.20938867,0
img_06076_2024,0.0,0.088602535,0
img_06080_2024,0.0,0.1099394,0
img_06079_2024,0.0,0.062010422,0
img_06078_2024,0.0,0.96550083,1
img_06068_2024,0.0,0.108512156,0
img_06085_2024,0.0,0.30759308,0
img_06084_2024,0.0,0.3676456,0
img_06082_2024,0.0,0.36084676,0
img_06088_2024,0.0,0.4255695,0
img_06081_2024,0.0,0.07415425,0
img_06089_2024,0.0,0.1022794,0
img_06083_2024,0.0,0.48300356,0
img_06086_2024,0.0,0.0613872,0
img_06090_2024,0.0,0.22946674,0
img_06092_2024,0.0,0.21127406,0
img_06091_2024,0.0,0.10843368,0
img_06094_2024,0.0,0.08842163,0
img_06096_2024,0.0,0.40414622,0
img_06095_2024,0.0,0.20401627,0
img_06097_2024,0.0,0.09201274,0
img_06098_2024,0.0,0.8902987,1
img_06101_2024,0.0,0.64401805,0
img_06099_2024,0.0,0.34752774,0
img_06102_2024,0.0,0.3090422,0
img_06105_2024,0.0,0.24090683,0
img_06104_2024,0.0,0.07822322,0
img_06100_2024,0.0,0.22031881,0
img_06103_2024,0.0,0.5429605,0
img_06106_2024,0.0,0.10313855,0
img_06107_2024,0.0,0.12417095,0
img_06108_2024,0.0,0.45454258,0
img_06110_2024,0.0,0.17759141,0
img_06112_2024,0.0,0.15367568,0
img_06109_2024,0.0,0.3258316,0
img_06111_2024,0.0,0.19924939,0
img_06113_2024,0.0,0.4099719,0
img_06115_2024,0.0,0.22236091,0
img_06116_2024,0.0,0.06458836,0
img_06114_2024,0.0,0.28734457,0
img_06120_2024,0.0,0.079198845,0
img_06121_2024,0.0,0.37099284,0
img_06122_2024,0.0,0.061189994,0
img_06119_2024,0.0,0.37410867,0
img_06117_2024,0.0,0.065488584,0
img_06126_2024,0.0,0.07632085,0
img_06118_2024,0.0,0.12813379,0
img_06123_2024,0.0,0.053091064,0
img_06061_p01_2024,0.0,0.057128623,0
img_06061_p02_2024,0.0,0.05555441,0
img_06061_p03_2024,0.0,0.048142724,0
img_06061_p04_2024,0.0,0.09244992,0
img_06127_2024,0.0,0.38908345,0
img_06129_2024,0.0,0.51142776,0
img_06128_2024,0.0,0.4080903,0
img_06133_2024,0.0,0.15016505,0
img_06131_2024,0.0,0.19853117,0
img_06132_2024,0.0,0.1902387,0
img_06138_2024,0.0,0.1800591,0
img_06136_2024,0.0,0.08697541,0
img_06035_p01_2024,0.0,0.06675363,0
img_06035_p02_2024,0.0,0.11149136,0
img_06035_p03_2024,0.0,0.045749705,0
img_06035_p04_2024,0.0,0.06437832,0
img_06141_2024,0.0,0.041284762,0
img_06134_2024,0.0,0.13140126,0
img_06139_2024,0.0,0.33953032,0
img_06124_2024,0.0,0.12721139,0
img_06135_2024,0.0,0.09815796,0
img_06137_2024,0.0,0.08136866,0
img_06140_2024,0.0,0.09252726,0
img_06142_2024,0.0,0.046023354,0
img_06145_2024,0.0,0.08315953,0
img_06144_2024,0.0,0.08422756,0
img_06125_p01_2024,0.0,0.060828824,0
img_06125_p02_2024,0.0,0.06997575,0
img_06146_2024,0.0,0.14868745,0
img_06150_2024,0.0,0.84662765,1
img_06143_2024,0.0,0.2156099,0
img_06149_2024,0.0,0.2684163,0
img_06151_2024,0.0,0.35677433,0
img_06148_2024,0.0,0.15768385,0
img_06153_2024,0.0,0.07533102,0
img_06155_2024,0.0,0.09687202,0
img_06154_2024,0.0,0.22369154,0
img_06156_2024,0.0,0.40365475,0
img_06093_p01_2024,0.0,0.04904596,0
img_06093_p02_2024,0.0,0.07424568,0
img_06093_p03_2024,0.0,0.037012335,0
img_06093_p04_2024,0.0,0.05795718,0
img_06152_2024,0.0,0.15337683,0
img_06158_2024,0.0,0.49250105,0
img_06157_2024,0.0,0.14250654,0
img_06161_2024,0.0,0.39678627,0
img_06160_2024,0.0,0.06272335,0
img_06166_2024,0.0,0.049971484,0
img_06165_2024,0.0,0.46233281,0
img_06167_2024,0.0,0.28896812,0
img_06162_2024,0.0,0.15110053,0
img_06168_2024,0.0,0.2544349,0
img_06164_2024,0.0,0.8913124,1
img_06159_2024,0.0,0.086988345,0
img_06171_2024,0.0,0.30850598,0
img_06163_2024,0.0,0.48533267,0
img_06170_2024,0.0,0.21225908,0
img_06172_2024,0.0,0.1157493,0
img_06173_2024,0.0,0.14655493,0
img_06174_2024,0.0,0.96697515,1
img_06175_2024,0.0,0.5777267,0
img_06178_2024,0.0,0.41252315,0
img_06181_2024,0.0,0.9329931,1
img_06179_2024,0.0,0.3762565,0
img_06180_2024,0.0,0.10563503,0
img_06184_2024,0.0,0.20416507,0
img_06183_2024,0.0,0.59277654,0
img_06185_2024,0.0,0.10250021,0
img_06182_2024,0.0,0.1923395,0
img_06188_2024,0.0,0.13731566,0
img_06177_2024,0.0,0.052092932,0
img_06191_2024,0.0,0.04679564,0
img_06187_2024,0.0,0.102210425,0
img_06189_2024,0.0,0.11781949,0
img_06194_2024,0.0,0.2599757,0
img_06197_2024,0.0,0.42257845,0
img_06196_2024,0.0,0.13433336,0
img_06192_2024,0.0,0.951996,1
img_06190_2024,0.0,0.054543678,0
img_06176_p01_2024,0.0,0.1257625,0
img_06176_p02_2024,0.0,0.08564322,0
img_06202_2024,0.0,0.07678868,0
img_06200_2024,0.0,0.2481435,0
img_06195_2024,0.0,0.2596331,0
img_06193_2024,0.0,0.066711105,0
img_06203_2024,0.0,0.069536425,0
img_06201_2024,0.0,0.64884955,0
img_06204_2024,0.0,0.16264197,0
img_06206_2024,0.0,0.05803755,0
img_06207_2024,0.0,0.20757765,0
img_06209_2024,0.0,0.23453453,0
img_06205_2024,0.0,0.07036245,0
img_06212_2024,0.0,0.07979754,0
img_06210_2024,0.0,0.13613378,0
img_06211_2024,0.0,0.19201598,0
img_06215_2024,0.0,0.9568105,1
img_06214_2024,0.0,0.1201287,0
img_06087_p01_2024,0.0,0.07939981,0
img_06087_p02_2024,0.0,0.06621714,0
img_06087_p03_2024,0.0,0.07740747,0
img_06087_p04_2024,0.0,0.047435474,0
img_06087_p05_2024,0.0,0.0672073,0
img_06087_p06_2024,0.0,0.054738782,0
img_06216_2024,0.0,0.44522986,0
img_06213_2024,0.0,0.26234034,0
img_06208_2024,0.0,0.17261763,0
img_06147_p01_2024,0.0,0.05156633,0
img_06147_p02_2024,0.0,0.04789667,0
img_06147_p03_2024,0.0,0.050772596,0
img_06147_p04_2024,0.0,0.07368226,0
img_06130_p01_2024,0.0,0.058666017,0
img_06130_p02_2024,0.0,0.070183516,0
img_06130_p03_2024,0.0,0.067602664,0
img_06130_p04_2024,0.0,0.06520579,0
img_06217_2024,0.0,0.37647822,0
img_06219_2024,0.0,0.5141766,0
img_06218_2024,0.0,0.08309092,0
img_06225_2024,0.0,0.2527486,0
img_06224_2024,0.0,0.8697837,1
img_06223_2024,0.0,0.07046701,0
img_06221_2024,0.0,0.051151775,0
img_06231_2024,0.0,0.07056773,0
img_06228_2024,0.0,0.093827516,0
img_06229_2024,0.0,0.4678271,0
img_06222_2024,0.0,0.5304336,0
img_06234_2024,0.0,0.65624326,0
img_06226_2024,0.0,0.044812966,0
img_06235_2024,0.0,0.8381117,1
img_06230_2024,0.0,0.1699676,0
img_06237_2024,0.0,0.40365553,0
img_06169_p01_2024,0.0,0.12106498,0
img_06169_p02_2024,0.0,0.12637295,0
img_06169_p03_2024,0.0,0.3432911,0
img_06169_p04_2024,0.0,0.10350818,0
img_06241_2024,0.0,0.5732498,0
img_06236_2024,0.0,0.069747254,0
img_06233_2024,0.0,0.14535472,0
img_06240_2024,0.0,0.12687562,0
img_06227_2024,0.0,0.14283912,0
img_06232_2024,0.0,0.05556868,0
img_06245_2024,0.0,0.09167053,0
img_06238_2024,0.0,0.11979227,0
img_06246_2024,0.0,0.047017526,0
img_06242_2024,0.0,0.168386,0
img_06247_2024,0.0,0.7898192,1
img_06239_2024,0.0,0.924213,1
img_06251_2024,0.0,0.066654205,0
img_06250_2024,0.0,0.08086062,0
img_06249_2024,0.0,0.10373462,0
img_06252_2024,0.0,0.15936494,0
img_06244_2024,0.0,0.19539621,0
img_06243_2024,0.0,0.09587051,0
img_06255_2024,0.0,0.44191745,0
img_06248_2024,0.0,0.21895193,0
img_06260_2024,0.0,0.15064839,0
img_06253_2024,0.0,0.08094457,0
img_06263_2024,0.0,0.5337627,0
img_06259_2024,0.0,0.08346564,0
img_06254_2024,0.0,0.30268595,0
img_06257_2024,0.0,0.49601954,0
img_06258_2024,0.0,0.09665115,0
img_06256_2024,0.0,0.46681732,0
img_06266_2024,0.0,0.9594122,1
img_06261_2024,0.0,0.5201521,0
img_06262_2024,0.0,0.13112563,0
img_06268_2024,0.0,0.095375136,0
img_06269_2024,0.0,0.12073314,0
img_06264_2024,0.0,0.06786572,0
img_06270_2024,0.0,0.044408843,0
img_06272_2024,0.0,0.09724337,0
img_06273_2024,0.0,0.1412856,0
img_06267_2024,0.0,0.48333713,0
img_06274_2024,0.0,0.09269843,0
img_06271_2024,0.0,0.05503224,0
img_06275_2024,0.0,0.64182025,0
img_06276_2024,0.0,0.3501731,0
img_06278_2024,0.0,0.20559669,0
img_06281_2024,0.0,0.08412276,0
img_06199_p01_2024,0.0,0.07364936,0
img_06199_p02_2024,0.0,0.07778809,0
img_06199_p03_2024,0.0,0.06055615,0
img_06199_p04_2024,0.0,0.06471498,0
img_06279_2024,0.0,0.18164141,0
img_06280_2024,0.0,0.21793343,0
img_06277_2024,0.0,0.06458544,0
img_06284_2024,0.0,0.48193175,0
img_06289_2024,0.0,0.5313362,0
img_06290_2024,0.0,0.13316494,0
img_06283_2024,0.0,0.93865305,1
img_06288_2024,0.0,0.1899112,0
img_06285_2024,0.0,0.044358302,0
img_06286_2024,0.0,0.33727312,0
img_06282_2024,0.0,0.7101794,0
img_06287_2024,0.0,0.37515092,0
img_06291_2024,0.0,0.21523784,0
img_06292_2024,0.0,0.26956403,0
img_06293_2024,0.0,0.155764,0
img_06295_2024,0.0,0.18533918,0
img_06298_2024,0.0,0.16062893,0
img_06297_2024,0.0,0.19300903,0
img_06294_2024,0.0,0.12991282,0
img_06299_2024,0.0,0.15798281,0
img_06300_2024,0.0,0.057476383,0
img_06303_2024,0.0,0.21139699,0
img_06301_2024,0.0,0.17410967,0
img_06302_2024,0.0,0.050587945,0
img_06304_2024,0.0,0.60339916,0
img_06305_2024,0.0,0.07539776,0
img_06306_2024,0.0,0.05019622,0
img_06296_2024,0.0,0.058392007,0
img_06310_2024,0.0,0.41977984,0
img_06311_2024,0.0,0.20680507,0
img_06308_2024,0.0,0.21989678,0
img_06313_2024,0.0,0.45014414,0
img_06312_2024,0.0,0.06067303,0
img_06307_2024,0.0,0.22054331,0
img_06314_2024,0.0,0.27948737,0
img_06317_2024,0.0,0.057731483,0
img_06316_2024,0.0,0.3641415,0
img_06319_2024,0.0,0.07663857,0
img_06320_2024,0.0,0.04768562,0
img_06322_2024,0.0,0.13325252,0
img_06318_2024,0.0,0.100482106,0
img_06315_2024,0.0,0.09225788,0
img_06321_2024,0.0,0.21926108,0
img_06323_2024,0.0,0.1738255,0
img_06324_2024,0.0,0.04728099,0
img_06325_2024,0.0,0.30728525,0
img_06328_2024,0.0,0.071100876,0
img_06329_2024,0.0,0.082916714,0
img_06326_2024,0.0,0.19344282,0
img_06330_2024,0.0,0.06802497,0
img_06333_2024,0.0,0.16801544,0
img_06327_2024,0.0,0.07568552,0
img_06334_2024,0.0,0.37775967,0
img_06265_p01_2024,0.0,0.19992568,0
img_06265_p02_2024,0.0,0.25163585,0
img_06265_p03_2024,0.0,0.10945186,0
img_06265_p04_2024,0.0,0.058918733,0
img_06335_2024,0.0,0.055137135,0
img_06337_2024,0.0,0.1528131,0
img_06331_2024,0.0,0.8351833,1
img_06336_2024,0.0,0.36905518,0
img_06332_2024,0.0,0.2352179,0
img_06338_2024,0.0,0.5064181,0
img_06341_2024,0.0,0.06536389,0
img_06344_2024,0.0,0.2940465,0
img_06342_2024,0.0,0.9573044,1
img_06343_2024,0.0,0.6541278,0
img_06339_2024,0.0,0.16183583,0
img_06346_2024,0.0,0.13700977,0
img_06345_2024,0.0,0.47866663,0
img_06350_2024,0.0,0.43834463,0
img_06347_2024,0.0,0.10583001,0
img_06349_2024,0.0,0.11727472,0
img_06340_2024,0.0,0.15498552,0
img_06348_2024,0.0,0.08727431,0
img_06351_2024,0.0,0.930578,1
img_06353_2024,0.0,0.20585808,0
img_06352_2024,0.0,0.43501967,0
img_06354_2024,0.0,0.14849974,0
img_06360_2024,0.0,0.23167646,0
img_06355_2024,0.0,0.124583356,0
img_06356_2024,0.0,0.18528436,0
img_06359_2024,0.0,0.07212108,0
img_06358_2024,0.0,0.09157522,0
img_06365_2024,0.0,0.36706522,0
img_06363_2024,0.0,0.23947759,0
img_06357_2024,0.0,0.84284043,1
img_06220_p01_2024,0.0,0.06953385,0
img_06220_p02_2024,0.0,0.070201784,0
img_06220_p03_2024,0.0,0.11213714,0
img_06220_p04_2024,0.0,0.081820734,0
img_06220_p05_2024,0.0,0.067876026,0
img_06220_p06_2024,0.0,0.04813,0
img_06220_p07_2024,0.0,0.08486558,0
img_06364_2024,0.0,0.13967669,0
img_06362_2024,0.0,0.12540348,0
img_06366_2024,0.0,0.39533776,0
img_06375_2024,0.0,0.15391448,0
img_06367_2024,0.0,0.4716689,0
img_06373_2024,0.0,0.8023034,1
img_06372_2024,0.0,0.056836303,0
img_06376_2024,0.0,0.067110956,0
img_06361_2024,0.0,0.16007726,0
img_06370_2024,0.0,0.36355442,0
img_06369_2024,0.0,0.112810224,0
img_06377_2024,0.0,0.19262266,0
img_06378_2024,0.0,0.1788427,0
img_06371_2024,0.0,0.5041918,0
img_06382_2024,0.0,0.085034356,0
img_06374_2024,0.0,0.44601944,0
img_06384_2024,0.0,0.08462056,0
img_06385_2024,0.0,0.13798614,0
img_06368_2024,0.0,0.39476013,0
img_06381_2024,0.0,0.122990265,0
img_06386_2024,0.0,0.06933374,0
img_06380_2024,0.0,0.63589334,0
img_06388_2024,0.0,0.09401024,0
img_06379_2024,0.0,0.058987223,0
img_06383_2024,0.0,0.18185753,0
img_06389_2024,0.0,0.10019554,0
img_06393_2024,0.0,0.12013478,0
img_06390_2024,0.0,0.05300921,0
img_06394_2024,0.0,0.0834456,0
img_06392_2024,0.0,0.7096172,0
img_06387_2024,0.0,0.21467026,0
img_06391_2024,0.0,0.08131732,0
img_06399_2024,0.0,0.35209015,0
img_06397_2024,0.0,0.16177657,0
img_06402_2024,0.0,0.4349754,0
img_06395_2024,0.0,0.4711454,0
img_06400_2024,0.0,0.67608976,0
img_06401_2024,0.0,0.20579857,0
img_06398_2024,0.0,0.95995927,1
img_06403_2024,0.0,0.15913172,0
img_06396_2024,0.0,0.8721921,1
img_06409_2024,0.0,0.27581674,0
img_06405_2024,0.0,0.0939849,0
img_06407_2024,0.0,0.25953704,0
img_06406_2024,0.0,0.05943834,0
img_06411_2024,0.0,0.30278277,0
img_06419_2024,0.0,0.27970526,0
img_06412_2024,0.0,0.2547434,0
img_06408_2024,0.0,0.10155464,0
img_06414_2024,0.0,0.07517886,0
img_06417_2024,0.0,0.50287944,0
img_06413_2024,0.0,0.08827461,0
img_06415_2024,0.0,0.12754336,0
img_06420_2024,0.0,0.058241844,0
img_06416_2024,0.0,0.04288631,0
img_06418_2024,0.0,0.26551998,0
img_06422_2024,0.0,0.16438375,0
img_06410_2024,0.0,0.0970261,0
img_06424_2024,0.0,0.57471657,0
img_06423_2024,0.0,0.22482891,0
img_06425_2024,0.0,0.034644905,0
img_06421_2024,0.0,0.08372136,0
img_06427_2024,0.0,0.15044315,0
img_06198_p01_2024,0.0,0.056927867,0
img_06198_p02_2024,0.0,0.04684715,0
img_06198_p03_2024,0.0,0.05935695,0
img_06198_p04_2024,0.0,0.05688339,0
img_06198_p05_2024,0.0,0.067614585,0
img_06198_p06_2024,0.0,0.13553214,0
img_06198_p07_2024,0.0,0.06910943,0
img_06198_p08_2024,0.0,0.06719048,0
img_06198_p09_2024,0.0,0.068146795,0
img_06198_p10_2024,0.0,0.04995829,0
img_06426_2024,0.0,0.06577692,0
img_06435_2024,0.0,0.17654361,0
img_06431_2024,0.0,0.07891819,0
img_06428_2024,0.0,0.16191538,0
img_06432_2024,0.0,0.3150454,0
img_06430_2024,0.0,0.13377188,0
img_06434_2024,0.0,0.21114486,0
img_06438_2024,0.0,0.1771152,0
img_06433_2024,0.0,0.07446937,0
img_06439_2024,0.0,0.50160325,0
img_06437_2024,0.0,0.06001258,0
img_06441_2024,0.0,0.11844973,0
img_06436_2024,0.0,0.7138692,0
img_06440_2024,0.0,0.113656096,0
img_06444_2024,0.0,0.25383067,0
img_06447_2024,0.0,0.07540762,0
img_06443_2024,0.0,0.09256966,0
img_06446_2024,0.0,0.11802403,0
img_06448_2024,0.0,0.43622,0
img_06445_2024,0.0,0.1342178,0
img_06459_2024,0.0,0.21743754,0
img_06451_2024,0.0,0.19886248,0
img_06455_2024,0.0,0.16777699,0
img_06454_2024,0.0,0.06448523,0
img_06429_p01_2024,0.0,0.084224656,0
img_06429_p02_2024,0.0,0.07646759,0
img_06442_2024,0.0,0.048802778,0
img_06449_2024,0.0,0.94228804,1
img_06460_2024,0.0,0.18312818,0
img_06453_2024,0.0,0.3585121,0
img_06452_2024,0.0,0.8447007,1
img_06450_2024,0.0,0.2596041,0
img_06457_2024,0.0,0.1518317,0
img_06462_2024,0.0,0.36984694,0
img_06461_2024,0.0,0.07061826,0
img_06470_2024,0.0,0.5069534,0
img_06469_2024,0.0,0.33912116,0
img_06456_2024,0.0,0.26769868,0
img_06468_2024,0.0,0.39270854,0
img_06466_2024,0.0,0.09528175,0
img_06464_2024,0.0,0.50376904,0
img_06458_2024,0.0,0.17722712,0
img_06471_2024,0.0,0.50071836,0
img_06465_2024,0.0,0.21654119,0
img_06474_2024,0.0,0.11127607,0
img_06475_2024,0.0,0.1399637,0
img_06463_2024,0.0,0.08804746,0
img_06476_2024,0.0,0.36040395,0
img_06472_2024,0.0,0.4192337,0
img_06473_2024,0.0,0.080438204,0
img_06478_2024,0.0,0.1264806,0
img_06477_2024,0.0,0.086844124,0
img_06482_2024,0.0,0.94039357,1
img_06483_2024,0.0,0.33136383,0
img_06486_2024,0.0,0.04798293,0
img_06484_2024,0.0,0.18341812,0
img_06481_2024,0.0,0.0887497,0
img_06489_2024,0.0,0.12988697,0
img_06479_2024,0.0,0.39193827,0
img_06490_2024,0.0,0.42662024,0
img_06488_2024,0.0,0.4699158,0
img_06491_2024,0.0,0.14619605,0
img_06487_2024,0.0,0.114873536,0
img_06493_2024,0.0,0.12845986,0
img_06492_2024,0.0,0.53741914,0
img_06494_2024,0.0,0.2707752,0
img_06498_2024,0.0,0.16877553,0
img_06497_2024,0.0,0.2076832,0
img_06501_2024,0.0,0.14329463,0
img_06499_2024,0.0,0.09833073,0
img_06495_2024,0.0,0.060007084,0
img_06496_2024,0.0,0.09218399,0
img_06500_2024,0.0,0.3158006,0
img_06503_2024,0.0,0.36502406,0
img_06502_2024,0.0,0.09869513,0
img_06504_2024,0.0,0.32982004,0
img_06480_p01_2024,0.0,0.12388617,0
img_06480_p02_2024,0.0,0.12424689,0
img_06506_2024,0.0,0.04245225,0
img_06507_2024,0.0,0.26631787,0
img_06508_2024,0.0,0.39507642,0
img_06505_2024,0.0,0.17478603,0
img_06509_2024,0.0,0.07263123,0
img_06516_2024,0.0,0.11929643,0
img_06517_2024,0.0,0.046885595,0
img_06510_2024,0.0,0.08926147,0
img_06519_2024,0.0,0.07125366,0
img_06511_2024,0.0,0.19982314,0
img_06513_2024,0.0,0.41043535,0
img_06521_2024,0.0,0.06809282,0
img_06514_2024,0.0,0.49660254,0
img_06485_p01_2024,0.0,0.062749624,0
img_06485_p02_2024,0.0,0.051432036,0
img_06518_2024,0.0,0.3479471,0
img_06523_2024,0.0,0.1119021,0
img_06515_2024,0.0,0.07918013,0
img_06512_2024,0.0,0.11230497,0
img_06524_2024,0.0,0.075911045,0
img_06525_2024,0.0,0.16268419,0
img_06520_2024,0.0,0.15918723,0
img_06526_2024,0.0,0.056152564,0
img_06529_2024,0.0,0.05389321,0
img_06528_2024,0.0,0.41135153,0
img_06527_2024,0.0,0.15878054,0
img_06530_2024,0.0,0.050948184,0
img_06522_2024,0.0,0.16305725,0
img_06531_2024,0.0,0.24168158,0
img_06532_2024,0.0,0.28656358,0
img_06536_2024,0.0,0.22981092,0
img_06533_2024,0.0,0.1409625,0
img_06534_2024,0.0,0.41029015,0
img_06309_p01_2024,0.0,0.21678947,0
img_06309_p02_2024,0.0,0.097628556,0
img_06309_p03_2024,0.0,0.15076089,0
img_06309_p04_2024,0.0,0.12005174,0
img_06309_p05_2024,0.0,0.08790499,0
img_06309_p06_2024,0.0,0.20847034,0
img_06309_p07_2024,0.0,0.2200201,0
img_06309_p08_2024,0.0,0.078518555,0
img_06309_p09_2024,0.0,0.09207084,0
img_06309_p10_2024,0.0,0.073273666,0
img_06309_p11_2024,0.0,0.099603124,0
img_06309_p12_2024,0.0,0.13024986,0
img_06541_2024,0.0,0.07207165,0
img_06538_2024,0.0,0.1833881,0
img_06539_2024,0.0,0.41393018,0
img_06540_2024,0.0,0.18389782,0
img_06537_2024,0.0,0.6847587,0
img_06542_2024,0.0,0.49105224,0
img_06535_2024,0.0,0.11107881,0
img_06545_2024,0.0,0.8505125,1
img_06548_2024,0.0,0.369226,0
img_06546_2024,0.0,0.118188135,0
img_06544_2024,0.0,0.95724416,1
img_06551_2024,0.0,0.37341785,0
img_06547_2024,0.0,0.09779087,0
img_06550_2024,0.0,0.9077683,1
img_06543_2024,0.0,0.36763045,0
img_06553_2024,0.0,0.17553364,0
img_06404_p01_2024,0.0,0.07069652,0
img_06404_p02_2024,0.0,0.090705335,0
img_06404_p03_2024,0.0,0.06389257,0
img_06404_p04_2024,0.0,0.18790981,0
img_06404_p05_2024,0.0,0.24142258,0
img_06404_p06_2024,0.0,0.059965793,0
img_06404_p07_2024,0.0,0.088475645,0
img_06404_p08_2024,0.0,0.107506596,0
img_06554_2024,0.0,0.32983485,0
img_06552_2024,0.0,0.14382027,0
img_06556_2024,0.0,0.4236348,0
img_06559_2024,0.0,0.156814,0
img_06555_2024,0.0,0.14220606,0
img_06557_2024,0.0,0.5026766,0
img_06560_2024,0.0,0.1068845,0
img_06561_2024,0.0,0.3586652,0
img_06549_2024,0.0,0.14151412,0
img_06558_2024,0.0,0.046863534,0
img_06562_2024,0.0,0.89093906,1
img_06566_2024,0.0,0.56621706,0
img_06565_2024,0.0,0.17191952,0
img_06563_2024,0.0,0.94681174,1
img_06569_2024,0.0,0.0750511,0
img_06467_p01_2024,0.0,0.17675377,0
img_06467_p02_2024,0.0,0.12690301,0
img_06467_p03_2024,0.0,0.11139031,0
img_06467_p04_2024,0.0,0.084009826,0
img_06467_p05_2024,0.0,0.27697957,0
img_06564_2024,0.0,0.24002047,0
img_06571_2024,0.0,0.13943848,0
img_06572_2024,0.0,0.05483301,0
img_06567_2024,0.0,0.66478574,0
img_06570_2024,0.0,0.08537496,0
img_06576_2024,0.0,0.077668265,0
img_06577_2024,0.0,0.17972974,0
img_06580_2024,0.0,0.10339993,0
img_06578_2024,0.0,0.05938908,0
img_06574_2024,0.0,0.115791,0
img_06573_2024,0.0,0.10714386,0
img_06583_2024,0.0,0.1734037,0
img_06582_2024,0.0,0.04470131,0
img_06581_2024,0.0,0.20901524,0
img_06575_2024,0.0,0.15110794,0
img_06586_2024,0.0,0.26245293,0
img_06588_2024,0.0,0.14909352,0
img_06587_2024,0.0,0.3598262,0
img_06590_2024,0.0,0.082943775,0
img_06568_2024,0.0,0.11648134,0
img_06579_2024,0.0,0.07314604,0
img_06585_2024,0.0,0.15301031,0
img_06589_2024,0.0,0.09047851,0
img_06584_2024,0.0,0.058732547,0
img_06591_2024,0.0,0.05020196,0
img_06594_2024,0.0,0.2730452,0
img_06599_2024,0.0,0.42367765,0
img_06597_2024,0.0,0.9072323,1
img_06592_2024,0.0,0.50061774,0
img_06600_2024,0.0,0.31840298,0
img_06593_2024,0.0,0.15046722,0
img_06598_2024,0.0,0.06501122,0
img_06601_2024,0.0,0.070045725,0
img_06595_2024,0.0,0.05838084,0
img_06607_2024,0.0,0.4684369,0
img_06603_2024,0.0,0.126908,0
img_06609_2024,0.0,0.0986851,0
img_06596_2024,0.0,0.3871439,0
img_06604_2024,0.0,0.1177265,0
img_06610_2024,0.0,0.28105095,0
img_05539_p01_2024,0.0,0.09858982,0
img_05539_p02_2024,0.0,0.07422749,0
img_05539_p03_2024,0.0,0.19905333,0
img_05539_p04_2024,0.0,0.080911085,0
img_05539_p05_2024,0.0,0.095048316,0
img_05539_p06_2024,0.0,0.20427598,0
img_05539_p07_2024,0.0,0.29594272,0
img_05539_p08_2024,0.0,0.054754496,0
img_05539_p09_2024,0.0,0.073486604,0
img_05539_p10_2024,0.0,0.08385006,0
img_05539_p11_2024,0.0,0.08971285,0
img_05539_p12_2024,0.0,0.06996641,0
img_05539_p13_2024,0.0,0.05597524,0
img_05539_p14_2024,0.0,0.038467225,0
img_05539_p15_2024,0.0,0.069412254,0
img_05539_p16_2024,0.0,0.06213115,0
img_05539_p17_2024,0.0,0.06429706,0
img_05539_p18_2024,0.0,0.0551368,0
img_05539_p20_2024,0.0,0.06665818,0
img_05539_p21_2024,0.0,0.053375278,0
img_05539_p22_2024,0.0,0.049969573,0
img_05539_p23_2024,0.0,0.05728262,0
img_05539_p24_2024,0.0,0.04366945,0
img_05539_p25_2024,0.0,0.046865486,0
img_05539_p26_2024,0.0,0.050843682,0
img_05539_p27_2024,0.0,0.08163971,0
img_05539_p28_2024,0.0,0.078775845,0
img_05539_p29_2024,0.0,0.07211758,0
img_05539_p30_2024,0.0,0.070869185,0
img_05539_p31_2024,0.0,0.072903804,0
img_05539_p32_2024,0.0,0.054517835,0
img_05539_p33_2024,0.0,0.058283888,0
img_05539_p34_2024,0.0,0.04491225,0
img_05539_p35_2024,0.0,0.04741965,0
img_05539_p36_2024,0.0,0.058307108,0
img_05539_p37_2024,0.0,0.050864697,0
img_05539_p38_2024,0.0,0.077096336,0
img_05539_p39_2024,0.0,0.071364745,0
img_05539_p40_2024,0.0,0.04681254,0
img_05539_p41_2024,0.0,0.052623518,0
img_05539_p42_2024,0.0,0.06461513,0
img_05539_p43_2024,0.0,0.04663448,0
img_06612_2024,0.0,0.92409295,1
img_06614_2024,0.0,0.12288905,0
img_06608_2024,0.0,0.059643395,0
img_06611_2024,0.0,0.18440658,0
img_06618_2024,0.0,0.052764162,0
img_06619_2024,0.0,0.1402907,0
img_06620_2024,0.0,0.1989822,0
img_06622_2024,0.0,0.6348553,0
img_06625_2024,0.0,0.042257737,0
img_06621_2024,0.0,0.07802875,0
img_06613_2024,0.0,0.19079536,0
img_06606_2024,0.0,0.1281197,0
img_06628_2024,0.0,0.5243675,0
img_06629_2024,0.0,0.100730374,0
img_06632_2024,0.0,0.19339629,0
img_06630_2024,0.0,0.25014642,0
img_06623_2024,0.0,0.11652702,0
img_06615_2024,0.0,0.07953452,0
img_06627_2024,0.0,0.626933,0
img_06616_2024,0.0,0.9130431,1
img_06626_2024,0.0,0.10887647,0
img_06635_2024,0.0,0.06534004,0
img_06639_2024,0.0,0.5229101,0
img_06637_2024,0.0,0.48574674,0
img_06634_2024,0.0,0.9587443,1
img_06617_2024,0.0,0.103254996,0
img_06636_2024,0.0,0.37232944,0
img_06633_2024,0.0,0.045947798,0
img_06631_2024,0.0,0.30323693,0
img_06638_2024,0.0,0.68097395,0
img_06641_2024,0.0,0.12882408,0
img_06642_2024,0.0,0.32409194,0
img_06640_2024,0.0,0.17060842,0
img_06645_2024,0.0,0.07134227,0
img_06643_2024,0.0,0.34987724,0
img_06624_2024,0.0,0.08968591,0
img_06644_2024,0.0,0.22304823,0
img_06646_2024,0.0,0.4571052,0
img_06648_2024,0.0,0.052280344,0
img_06655_2024,0.0,0.49077183,0
img_06650_2024,0.0,0.2748412,0
img_06649_2024,0.0,0.15324953,0
img_06654_2024,0.0,0.083546996,0
img_06652_2024,0.0,0.037409995,0
img_06653_2024,0.0,0.1337626,0
img_06662_2024,0.0,0.3767173,0
img_06661_2024,0.0,0.9316067,1
img_06657_2024,0.0,0.13844916,0
img_06660_2024,0.0,0.07055894,0
img_06658_2024,0.0,0.093859434,0
img_06659_2024,0.0,0.38160628,0
img_06664_2024,0.0,0.1247921,0
img_06663_2024,0.0,0.094695754,0
img_06656_2024,0.0,0.39976454,0
img_06665_2024,0.0,0.082710564,0
img_06666_2024,0.0,0.8337655,1
img_06667_2024,0.0,0.26045075,0
img_06668_2024,0.0,0.20042472,0
img_06670_2024,0.0,0.29288104,0
img_06673_2024,0.0,0.6060929,0
img_06671_2024,0.0,0.07544117,0
img_06674_2024,0.0,0.25404182,0
img_06675_2024,0.0,0.26760852,0
img_06676_2024,0.0,0.37894526,0
img_06602_p01_2024,0.0,0.5498052,0
img_06602_p02_2024,0.0,0.12860754,0
img_06602_p03_2024,0.0,0.08209092,0
img_06602_p04_2024,0.0,0.05612944,0
img_06672_2024,0.0,0.47748646,0
img_06680_2024,0.0,0.072971754,0
img_06679_2024,0.0,0.21316251,0
img_06682_2024,0.0,0.14766629,0
img_06681_2024,0.0,0.27098104,0
img_06678_2024,0.0,0.054346927,0
img_06683_2024,0.0,0.054010335,0
img_06684_2024,0.0,0.20337416,0
img_06688_2024,0.0,0.4462863,0
img_06687_2024,0.0,0.080652215,0
img_06686_2024,0.0,0.11906874,0
img_06677_2024,0.0,0.09346186,0
img_06690_2024,0.0,0.28874272,0
img_06691_2024,0.0,0.07797004,0
img_06685_2024,0.0,0.123348966,0
img_06689_2024,0.0,0.061072957,0
img_06695_2024,0.0,0.083265945,0
img_06700_2024,0.0,0.35971984,0
img_06697_2024,0.0,0.05909492,0
img_06699_2024,0.0,0.46167016,0
img_06693_2024,0.0,0.15860952,0
img_06692_2024,0.0,0.2642159,0
img_06694_2024,0.0,0.7839999,0
img_06706_2024,0.0,0.8173327,1
img_06696_2024,0.0,0.055302594,0
img_06703_2024,0.0,0.51109874,0
img_06705_2024,0.0,0.059944067,0
img_06701_2024,0.0,0.3262326,0
img_06704_2024,0.0,0.46605733,0
img_06707_2024,0.0,0.08254177,0
img_06708_2024,0.0,0.5190675,0
img_06702_2024,0.0,0.57241017,0
img_06709_2024,0.0,0.1817151,0
img_06711_2024,0.0,0.09922411,0
img_06713_2024,0.0,0.14522348,0
img_06698_2024,0.0,0.15279289,0
img_06712_2024,0.0,0.5170684,0
img_06710_2024,0.0,0.19372432,0
img_06716_2024,0.0,0.72480685,0
img_06714_2024,0.0,0.108245835,0
img_06718_2024,0.0,0.7310352,0
img_06717_2024,0.0,0.874658,1
img_06715_2024,0.0,0.105623454,0
img_06719_2024,0.0,0.7124807,0
img_06720_2024,0.0,0.12470086,0
img_06721_2024,0.0,0.20417555,0
img_06722_2024,0.0,0.07919245,0
img_06723_2024,0.0,0.15882939,0
img_06647_p01_2024,0.0,0.12719257,0
img_06647_p02_2024,0.0,0.08652884,0
img_06647_p03_2024,0.0,0.05277843,0
img_06647_p04_2024,0.0,0.16201231,0
img_06725_2024,0.0,0.06938743,0
img_06730_2024,0.0,0.50058484,0
img_06728_2024,0.0,0.34836766,0
img_06734_2024,0.0,0.33430228,0
img_06733_2024,0.0,0.2834254,0
img_06736_2024,0.0,0.47702453,0
img_06726_2024,0.0,0.229248,0
img_06731_2024,0.0,0.12475538,0
img_06729_2024,0.0,0.4618469,0
img_06732_2024,0.0,0.19040455,0
img_06737_2024,0.0,0.07072333,0
img_06735_2024,0.0,0.103204615,0
img_06739_2024,0.0,0.1295484,0
img_06605_p01_2024,0.0,0.049790885,0
img_06605_p02_2024,0.0,0.050786782,0
img_06605_p03_2024,0.0,0.057016984,0
img_06605_p04_2024,0.0,0.05490033,0
img_06605_p05_2024,0.0,0.06004118,0
img_06605_p06_2024,0.0,0.05519433,0
img_06744_2024,0.0,0.9042079,1
img_06727_2024,0.0,0.09779383,0
img_06742_2024,0.0,0.93405616,1
img_06748_2024,0.0,0.10841089,0
img_06738_2024,0.0,0.6401657,0
img_06746_2024,0.0,0.94400567,1
img_06750_2024,0.0,0.20200175,0
img_06747_2024,0.0,0.098504126,0
img_06753_2024,0.0,0.34871945,0
img_06749_2024,0.0,0.06264036,0
img_06751_2024,0.0,0.16414501,0
img_06745_2024,0.0,0.12576197,0
img_06740_2024,0.0,0.28590545,0
img_06741_2024,0.0,0.29818434,0
img_06752_2024,0.0,0.25022113,0
img_06755_2024,0.0,0.09817271,0
img_06758_2024,0.0,0.11656463,0
img_06759_2024,0.0,0.16984117,0
img_06754_2024,0.0,0.050704826,0
img_06766_2024,0.0,0.4295057,0
img_06743_2024,0.0,0.098034255,0
img_06760_2024,0.0,0.11849658,0
img_06765_2024,0.0,0.3565507,0
img_06767_2024,0.0,0.094025716,0
img_06761_2024,0.0,0.2225104,0
img_06768_2024,0.0,0.6211323,0
img_06762_2024,0.0,0.17572413,0
img_06764_2024,0.0,0.07390404,0
img_06769_2024,0.0,0.13213506,0
img_06763_2024,0.0,0.4956175,0
img_06771_2024,0.0,0.066676885,0
img_06757_2024,0.0,0.051129643,0
img_06770_2024,0.0,0.388015,0
img_06756_2024,0.0,0.07813864,0
img_06724_p01_2024,0.0,0.2581024,0
img_06724_p02_2024,0.0,0.12291678,0
img_06776_2024,0.0,0.0765707,0
img_06773_2024,0.0,0.23322086,0
img_06772_2024,0.0,0.46324554,0
img_06774_2024,0.0,0.36870965,0
img_06777_2024,0.0,0.9396121,1
img_06780_2024,0.0,0.06855415,0
img_06779_2024,0.0,0.31028846,0
img_06775_2024,0.0,0.20889841,0
img_06782_2024,0.0,0.09725174,0
img_06787_2024,0.0,0.13939416,0
img_06786_2024,0.0,0.21222557,0
img_06785_2024,0.0,0.15266438,0
img_06778_2024,0.0,0.27313694,0
img_06783_2024,0.0,0.4528552,0
img_06791_2024,0.0,0.109691665,0
img_06792_2024,0.0,0.119497366,0
img_06784_2024,0.0,0.055974193,0
img_06789_2024,0.0,0.3786807,0
img_06788_2024,0.0,0.49457487,0
img_06795_2024,0.0,0.5053111,0
img_06781_2024,0.0,0.09851981,0
img_06797_2024,0.0,0.3155034,0
img_06799_2024,0.0,0.12275666,0
img_06793_2024,0.0,0.49989513,0
img_06801_2024,0.0,0.5332715,0
img_06798_2024,0.0,0.07439815,0
img_06802_2024,0.0,0.10523249,0
img_06794_2024,0.0,0.13199952,0
img_06805_2024,0.0,0.8760356,1
img_06804_2024,0.0,0.3169878,0
img_06803_2024,0.0,0.053794537,0
img_06809_2024,0.0,0.17790292,0
img_06806_2024,0.0,0.12736908,0
img_06808_2024,0.0,0.2979852,0
img_06807_2024,0.0,0.33836493,0
img_06818_2024,0.0,0.044475447,0
img_06814_2024,0.0,0.1835773,0
img_06800_p01_2024,0.0,0.110155955,0
img_06800_p02_2024,0.0,0.062697515,0
img_06819_2024,0.0,0.3455807,0
img_06813_2024,0.0,0.20327167,0
img_06810_2024,0.0,0.4526681,0
img_06790_p01_2024,0.0,0.49202967,0
img_06790_p02_2024,0.0,0.51337314,0
img_06790_p03_2024,0.0,0.2452943,0
img_06815_2024,0.0,0.19213133,0
img_06820_2024,0.0,0.11915636,0
img_06812_2024,0.0,0.21785183,0
img_06816_2024,0.0,0.9397616,1
img_06822_2024,0.0,0.15404987,0
img_06817_2024,0.0,0.13545668,0
img_06825_2024,0.0,0.10008869,0
img_06826_2024,0.0,0.15212002,0
img_06824_2024,0.0,0.08477756,0
img_06823_2024,0.0,0.30840483,0
img_06651_p01_2024,0.0,0.06540957,0
img_06651_p02_2024,0.0,0.06672576,0
img_06651_p04_2024,0.0,0.056654837,0
img_06651_p05_2024,0.0,0.07542865,0
img_06651_p06_2024,0.0,0.13576113,0
img_06651_p07_2024,0.0,0.049460914,0
img_06651_p08_2024,0.0,0.18190023,0
img_06821_2024,0.0,0.12026313,0
img_06828_2024,0.0,0.1425131,0
img_06827_2024,0.0,0.14013082,0
img_06830_2024,0.0,0.22216555,0
img_06832_2024,0.0,0.13832298,0
img_06831_2024,0.0,0.15825024,0
img_06829_2024,0.0,0.054868396,0
img_06833_2024,0.0,0.14919414,0
img_06836_2024,0.0,0.04409043,0
img_06838_2024,0.0,0.06749106,0
img_06839_2024,0.0,0.38159543,0
img_06843_2024,0.0,0.08184779,0
img_06841_2024,0.0,0.09505344,0
img_06796_p01_2024,0.0,0.06445033,0
img_06796_p02_2024,0.0,0.18236764,0
img_06845_2024,0.0,0.26303962,0
img_06834_2024,0.0,0.43950874,0
img_06849_2024,0.0,0.38544926,0
img_06844_2024,0.0,0.13392593,0
img_06846_2024,0.0,0.10626192,0
img_06842_2024,0.0,0.4249056,0
img_06847_2024,0.0,0.08923007,0
img_06848_2024,0.0,0.10646741,0
img_06851_2024,0.0,0.26411918,0
img_06850_2024,0.0,0.14011317,0
img_06853_2024,0.0,0.9732319,1
img_06837_2024,0.0,0.03804713,0
img_06852_2024,0.0,0.4822467,0
img_06858_2024,0.0,0.04585272,0
img_06840_p01_2024,0.0,0.5854988,0
img_06840_p02_2024,0.0,0.051625747,0
img_06859_2024,0.0,0.23260745,0
img_06863_2024,0.0,0.60823715,0
img_06862_2024,0.0,0.24307306,0
img_06860_2024,0.0,0.30656493,0
img_06856_2024,0.0,0.9289037,1
img_06854_2024,0.0,0.054833908,0
img_06864_2024,0.0,0.9045836,1
img_06861_2024,0.0,0.53003377,0
img_06865_2024,0.0,0.39301205,0
img_06867_2024,0.0,0.17140888,0
img_06868_2024,0.0,0.7617259,0
img_06866_2024,0.0,0.12185005,0
img_06869_2024,0.0,0.2711343,0
img_06870_2024,0.0,0.17247096,0
img_06877_2024,0.0,0.050769337,0
img_06875_2024,0.0,0.4750036,0
img_06872_2024,0.0,0.222392,0
img_06876_2024,0.0,0.36782485,0
img_06873_2024,0.0,0.12638049,0
img_06878_2024,0.0,0.054826323,0
img_06874_2024,0.0,0.49164072,0
img_06879_2024,0.0,0.12250922,0
img_06882_2024,0.0,0.47384292,0
img_06881_2024,0.0,0.04154794,0
img_06880_2024,0.0,0.30923018,0
img_06884_2024,0.0,0.05343414,0
img_06871_2024,0.0,0.12237482,0
img_06883_2024,0.0,0.14650716,0
img_06887_2024,0.0,0.38103634,0
img_06886_2024,0.0,0.058205176,0
img_06885_2024,0.0,0.14975336,0
img_06889_2024,0.0,0.07096605,0
img_06893_2024,0.0,0.114502914,0
img_06891_2024,0.0,0.16559076,0
img_06896_2024,0.0,0.46852002,0
img_06895_2024,0.0,0.2358974,0
img_06897_2024,0.0,0.07665221,0
img_06669_p01_2024,0.0,0.054288913,0
img_06669_p02_2024,0.0,0.07734677,0
img_06669_p03_2024,0.0,0.041005205,0
img_06669_p04_2024,0.0,0.050524876,0
img_06669_p05_2024,0.0,0.068795845,0
img_06669_p06_2024,0.0,0.13621798,0
img_06669_p07_2024,0.0,0.05042368,0
img_06669_p08_2024,0.0,0.0769396,0
img_06669_p09_2024,0.0,0.06323494,0
img_06894_2024,0.0,0.17434974,0
img_06888_2024,0.0,0.7209754,0
img_06890_2024,0.0,0.055613644,0
img_06898_2024,0.0,0.061603054,0
img_06902_2024,0.0,0.16890913,0
img_06900_2024,0.0,0.11409776,0
img_06899_2024,0.0,0.29775146,0
img_06901_2024,0.0,0.10058876,0
img_06855_p01_2024,0.0,0.45244387,0
img_06855_p02_2024,0.0,0.40360832,0
img_06855_p03_2024,0.0,0.119784415,0
img_06855_p04_2024,0.0,0.11926628,0
img_06906_2024,0.0,0.0877202,0
img_06905_2024,0.0,0.08324066,0
img_06910_2024,0.0,0.83526266,1
img_06911_2024,0.0,0.06549468,0
img_06904_2024,0.0,0.10157854,0
img_06909_2024,0.0,0.17246974,0
img_06907_2024,0.0,0.22209033,0
img_06903_2024,0.0,0.22939199,0
img_06915_2024,0.0,0.49215034,0
img_06914_2024,0.0,0.40127772,0
img_06908_2024,0.0,0.30917373,0
img_06835_p01_2024,0.0,0.05470435,0
img_06835_p02_2024,0.0,0.08537189,0
img_06835_p03_2024,0.0,0.07839689,0
img_06835_p04_2024,0.0,0.08939203,0
img_06917_2024,0.0,0.037640154,0
img_06912_2024,0.0,0.733761,0
img_06913_2024,0.0,0.14485995,0
img_06916_2024,0.0,0.20601133,0
img_06919_2024,0.0,0.3722886,0
img_06892_p01_2024,0.0,0.11390335,0
img_06892_p02_2024,0.0,0.096435,0
img_06918_2024,0.0,0.4554521,0
img_06924_2024,0.0,0.51728487,0
img_06922_2024,0.0,0.17703958,0
img_06929_2024,0.0,0.934989,1
img_06928_2024,0.0,0.091893114,0
img_06925_2024,0.0,0.49729538,0
img_06933_2024,0.0,0.04806734,0
img_06923_2024,0.0,0.079261914,0
img_06927_2024,0.0,0.2476885,0
img_06930_2024,0.0,0.23298712,0
img_06932_2024,0.0,0.14864396,0
img_06934_2024,0.0,0.16817275,0
img_06931_2024,0.0,0.22034456,0
img_06921_2024,0.0,0.08499595,0
img_06936_2024,0.0,0.07043105,0
img_06935_2024,0.0,0.44320855,0
img_06926_2024,0.0,0.24329852,0
img_06938_2024,0.0,0.17441699,0
img_06937_2024,0.0,0.8862047,1
img_06940_2024,0.0,0.6855563,0
img_06941_2024,0.0,0.6086743,0
img_06943_2024,0.0,0.07653944,0
img_06939_2024,0.0,0.12502344,0
img_06942_2024,0.0,0.088023566,0
img_06944_2024,0.0,0.39347628,0
img_06946_2024,0.0,0.2962362,0
img_06949_2024,0.0,0.22797963,0
img_06945_2024,0.0,0.36709008,0
img_06947_2024,0.0,0.064135715,0
img_06951_2024,0.0,0.26607117,0
img_06952_2024,0.0,0.36848637,0
img_06948_2024,0.0,0.7985755,1
img_06953_2024,0.0,0.1667984,0
img_06955_2024,0.0,0.21481271,0
img_06954_2024,0.0,0.2670153,0
img_06956_2024,0.0,0.08886659,0
img_06957_2024,0.0,0.2952643,0
img_06950_2024,0.0,0.17930211,0
img_06959_2024,0.0,0.10846681,0
img_06958_2024,0.0,0.047491018,0
img_06960_2024,0.0,0.08197188,0
img_06963_2024,0.0,0.53586954,0
img_06964_2024,0.0,0.080975205,0
img_06962_2024,0.0,0.2632327,0
img_06961_2024,0.0,0.07981727,0
img_06966_2024,0.0,0.2077323,0
img_06811_p01_2024,0.0,0.11744584,0
img_06811_p02_2024,0.0,0.13162592,0
img_06811_p03_2024,0.0,0.049368005,0
img_06811_p04_2024,0.0,0.062625185,0
img_06811_p05_2024,0.0,0.08869376,0
img_06811_p06_2024,0.0,0.29830757,0
img_06811_p07_2024,0.0,0.084094204,0
img_06811_p08_2024,0.0,0.069806166,0
img_06965_2024,0.0,0.063934565,0
img_06967_2024,0.0,0.48207143,0
img_06971_2024,0.0,0.15800117,0
img_06972_2024,0.0,0.2249185,0
img_06970_2024,0.0,0.4641185,0
img_06974_2024,0.0,0.05749408,0
img_06969_2024,0.0,0.06874248,0
img_06968_2024,0.0,0.3680406,0
img_06975_2024,0.0,0.0854268,0
img_06976_2024,0.0,0.06787527,0
img_06977_2024,0.0,0.11034089,0
img_06979_2024,0.0,0.47467986,0
img_06981_2024,0.0,0.09570607,0
img_06980_2024,0.0,0.11986033,0
img_06984_2024,0.0,0.07089469,0
img_06978_2024,0.0,0.07755746,0
img_06985_2024,0.0,0.25444385,0
img_06986_2024,0.0,0.45529053,0
img_06989_2024,0.0,0.31517783,0
img_06983_2024,0.0,0.16962886,0
img_06988_2024,0.0,0.06930968,0
img_06982_2024,0.0,0.18610752,0
img_06987_2024,0.0,0.15019736,0
img_06990_2024,0.0,0.0861,0
img_06992_2024,0.0,0.606013,0
img_06994_2024,0.0,0.23430565,0
img_06996_2024,0.0,0.18778309,0
img_06999_2024,0.0,0.054741584,0
img_06997_2024,0.0,0.21182819,0
img_07001_2024,0.0,0.35853213,0
img_07000_2024,0.0,0.14455801,0
img_07006_2024,0.0,0.14013319,0
img_07004_2024,0.0,0.37595206,0
img_06995_2024,0.0,0.43759355,0
img_06991_2024,0.0,0.17872488,0
img_06993_2024,0.0,0.06864323,0
img_07005_2024,0.0,0.05524005,0
img_06998_2024,0.0,0.10560082,0
img_07003_2024,0.0,0.7745465,0
img_07002_2024,0.0,0.7647253,0
img_07011_2024,0.0,0.13251239,0
img_07015_2024,0.0,0.23766628,0
img_07016_2024,0.0,0.4123774,0
img_07013_2024,0.0,0.18497176,0
img_07007_2024,0.0,0.12989506,0
img_07009_2024,0.0,0.09257474,0
img_07018_2024,0.0,0.13554032,0
img_07020_2024,0.0,0.16900685,0
img_07010_2024,0.0,0.108090535,0
img_07012_2024,0.0,0.072894424,0
img_07021_2024,0.0,0.3759074,0
img_07014_2024,0.0,0.37621334,0
img_07008_2024,0.0,0.09323612,0
img_07023_2024,0.0,0.41849837,0
img_07017_2024,0.0,0.5363027,0
img_07026_2024,0.0,0.0313985,0
img_07025_2024,0.0,0.05092487,0
img_07022_2024,0.0,0.12167693,0
img_07027_2024,0.0,0.111821674,0
img_07033_2024,0.0,0.11903021,0
img_07029_2024,0.0,0.08535407,0
img_07032_2024,0.0,0.335391,0
img_07030_2024,0.0,0.3631971,0
img_07024_2024,0.0,0.33098283,0
img_07031_2024,0.0,0.11498689,0
img_07037_2024,0.0,0.11223958,0
img_07028_2024,0.0,0.069525376,0
img_07035_2024,0.0,0.40077302,0
img_07034_2024,0.0,0.11434032,0
img_07039_2024,0.0,0.58593225,0
img_07036_2024,0.0,0.17926635,0
img_07038_2024,0.0,0.076868445,0
img_07042_2024,0.0,0.12704967,0
img_07043_2024,0.0,0.88701826,1
img_07045_2024,0.0,0.070837684,0
img_07044_2024,0.0,0.108300485,0
img_07048_2024,0.0,0.13698947,0
img_07051_2024,0.0,0.12833725,0
img_07049_2024,0.0,0.39480343,0
img_07050_2024,0.0,0.5966401,0
img_07046_2024,0.0,0.20485143,0
img_07047_2024,0.0,0.10138461,0
img_07054_2024,0.0,0.14254549,0
img_07040_2024,0.0,0.0751275,0
img_07052_2024,0.0,0.2031404,0
img_07055_2024,0.0,0.07471028,0
img_07057_2024,0.0,0.12230867,0
img_07060_2024,0.0,0.39184946,0
img_07058_2024,0.0,0.16652955,0
img_07053_2024,0.0,0.37916064,0
img_07041_2024,0.0,0.09374786,0
img_07064_2024,0.0,0.74205315,0
img_07065_2024,0.0,0.102448985,0
img_07059_2024,0.0,0.06758233,0
img_07061_2024,0.0,0.12466586,0
img_07056_2024,0.0,0.06206786,0
img_07062_2024,0.0,0.10529669,0
img_07069_2024,0.0,0.06642486,0
img_07072_2024,0.0,0.22830994,0
img_07073_2024,0.0,0.23975545,0
img_07068_2024,0.0,0.041773997,0
img_07070_2024,0.0,0.46436897,0
img_07071_2024,0.0,0.094045356,0
img_07067_2024,0.0,0.10248661,0
img_07076_2024,0.0,0.06829192,0
img_07078_2024,0.0,0.17636427,0
img_07079_2024,0.0,0.18815681,0
img_07077_2024,0.0,0.123943865,0
img_07085_2024,0.0,0.43639046,0
img_07075_2024,0.0,0.05583375,0
img_07074_2024,0.0,0.2322431,0
img_07081_2024,0.0,0.123556815,0
img_07083_2024,0.0,0.10019466,0
img_06857_p01_2024,0.0,0.07422313,0
img_06857_p02_2024,0.0,0.08844804,0
img_06857_p03_2024,0.0,0.090895355,0
img_06857_p04_2024,0.0,0.06324114,0
img_06857_p05_2024,0.0,0.054469302,0
img_06857_p07_2024,0.0,0.041535288,0
img_06857_p08_2024,0.0,0.05833044,0
img_06857_p09_2024,0.0,0.08053417,0
img_06857_p10_2024,0.0,0.086039335,0
img_06857_p11_2024,0.0,0.111503854,0
img_07088_2024,0.0,0.44174576,0
img_07089_2024,0.0,0.06608182,0
img_07080_2024,0.0,0.16323145,0
img_07086_2024,0.0,0.36826116,0
img_07063_2024,0.0,0.061839864,0
img_07084_2024,0.0,0.5552858,0
img_07090_2024,0.0,0.21706125,0
img_07087_2024,0.0,0.1436998,0
img_06973_p01_2024,0.0,0.04847331,0
img_06973_p02_2024,0.0,0.08055559,0
img_06973_p03_2024,0.0,0.049248956,0
img_06973_p04_2024,0.0,0.052731633,0
img_06973_p05_2024,0.0,0.0681333,0
img_07093_2024,0.0,0.07218026,0
img_07095_2024,0.0,0.36336705,0
img_07097_2024,0.0,0.080733135,0
img_07092_2024,0.0,0.054938402,0
img_07101_2024,0.0,0.053676527,0
img_07082_2024,0.0,0.057334308,0
img_07102_2024,0.0,0.55630237,0
img_07096_2024,0.0,0.15376963,0
img_07019_p01_2024,0.0,0.06498749,0
img_07019_p02_2024,0.0,0.07401235,0
img_07019_p03_2024,0.0,0.07098243,0
img_07019_p04_2024,0.0,0.10839699,0
img_07091_2024,0.0,0.15595244,0
img_07100_2024,0.0,0.07603344,0
img_07066_p01_2024,0.0,0.15428686,0
img_07066_p02_2024,0.0,0.08298284,0
img_07105_2024,0.0,0.08181082,0
img_07108_2024,0.0,0.16279949,0
img_07103_2024,0.0,0.21759382,0
img_07104_2024,0.0,0.4979036,0
img_07099_2024,0.0,0.04681283,0
img_07098_2024,0.0,0.07598191,0
img_07107_2024,0.0,0.049413882,0
img_07094_2024,0.0,0.07901217,0
img_07106_2024,0.0,0.05211023,0
img_07112_2024,0.0,0.27993613,0
img_07113_2024,0.0,0.802994,1
img_07109_2024,0.0,0.14460437,0
img_07111_2024,0.0,0.045348007,0
img_07114_2024,0.0,0.16854322,0
img_07115_2024,0.0,0.30352166,0
img_07118_2024,0.0,0.13309605,0
img_07120_2024,0.0,0.15856142,0
img_07110_2024,0.0,0.13194917,0
img_07121_2024,0.0,0.49117196,0
img_07116_2024,0.0,0.12305433,0
img_07119_2024,0.0,0.08423775,0
img_07124_2024,0.0,0.53374577,0
img_07117_2024,0.0,0.46851295,0
img_07126_2024,0.0,0.07662599,0
img_07127_2024,0.0,0.24956048,0
img_07132_2024,0.0,0.27279267,0
img_07125_2024,0.0,0.11654302,0
img_07129_2024,0.0,0.10841038,0
img_07128_2024,0.0,0.15947573,0
img_07134_2024,0.0,0.05449098,0
img_07130_2024,0.0,0.30770797,0
img_07122_2024,0.0,0.28447133,0
img_07139_2024,0.0,0.4996039,0
img_07131_2024,0.0,0.12382218,0
img_07135_2024,0.0,0.43569744,0
img_07136_2024,0.0,0.24274087,0
img_07137_2024,0.0,0.061061215,0
img_07141_2024,0.0,0.1254273,0
img_07140_2024,0.0,0.3027855,0
img_07142_2024,0.0,0.16156493,0
img_07143_2024,0.0,0.07933104,0
img_07144_2024,0.0,0.19505776,0
img_07147_2024,0.0,0.11757728,0
img_07138_2024,0.0,0.11409133,0
img_07148_2024,0.0,0.07708694,0
img_07146_2024,0.0,0.082243,0
img_07150_2024,0.0,0.12385153,0
img_07145_2024,0.0,0.06345943,0
img_07151_2024,0.0,0.09075705,0
img_07149_2024,0.0,0.22992285,0
img_07152_2024,0.0,0.17614223,0
img_07153_2024,0.0,0.10301418,0
img_07156_2024,0.0,0.4138828,0
img_07160_2024,0.0,0.42264128,0
img_07155_2024,0.0,0.20043547,0
img_07157_2024,0.0,0.34576434,0
img_07159_2024,0.0,0.08266083,0
img_07154_2024,0.0,0.07302933,0
img_07158_2024,0.0,0.09883075,0
img_07161_2024,0.0,0.13304456,0
img_07162_2024,0.0,0.2692146,0
img_07163_2024,0.0,0.05903745,0
img_07167_2024,0.0,0.10341191,0
img_07166_2024,0.0,0.12972143,0
img_07165_2024,0.0,0.18298943,0
img_07168_2024,0.0,0.10828047,0
img_07169_2024,0.0,0.32240516,0
img_07164_2024,0.0,0.14226867,0
img_07173_2024,0.0,0.33850315,0
img_07170_2024,0.0,0.05387091,0
img_07171_2024,0.0,0.10129141,0
img_07175_2024,0.0,0.12517668,0
img_07172_2024,0.0,0.08187359,0
img_07180_2024,0.0,0.2515841,0
img_07178_2024,0.0,0.32037154,0
img_07176_2024,0.0,0.8314196,1
img_07179_2024,0.0,0.7449117,0
img_07174_2024,0.0,0.03789894,0
img_07183_2024,0.0,0.13713165,0
img_07182_2024,0.0,0.07670656,0
img_07177_2024,0.0,0.13820468,0
img_07185_2024,0.0,0.43689552,0
img_07187_2024,0.0,0.07884929,0
img_07181_2024,0.0,0.12316807,0
img_07190_2024,0.0,0.13021535,0
img_07184_2024,0.0,0.093329936,0
img_07189_2024,0.0,0.05194376,0
img_07188_2024,0.0,0.42598963,0
img_07193_2024,0.0,0.14366636,0
img_07123_p01_2024,0.0,0.059362344,0
img_07123_p02_2024,0.0,0.065874055,0
img_07123_p03_2024,0.0,0.06264978,0
img_07123_p04_2024,0.0,0.075892635,0
img_07186_2024,0.0,0.34086448,0
img_07196_2024,0.0,0.45097396,0
img_07195_2024,0.0,0.09156985,0
img_07199_2024,0.0,0.35158184,0
img_07198_2024,0.0,0.1190819,0
img_07202_2024,0.0,0.2591555,0
img_07197_2024,0.0,0.27975553,0
img_07204_2024,0.0,0.4386283,0
img_07200_2024,0.0,0.18789288,0
img_07201_2024,0.0,0.14480446,0
img_07192_2024,0.0,0.13234879,0
img_07194_2024,0.0,0.39618376,0
img_07206_2024,0.0,0.6023246,0
img_07203_2024,0.0,0.06835844,0
img_07205_2024,0.0,0.11898636,0
img_07133_p01_2024,0.0,0.052700534,0
img_07133_p02_2024,0.0,0.067840226,0
img_07133_p03_2024,0.0,0.109671496,0
img_07133_p04_2024,0.0,0.082122765,0
img_07212_2024,0.0,0.25313488,0
img_07207_2024,0.0,0.3272355,0
img_07210_2024,0.0,0.5673535,0
img_07209_2024,0.0,0.06343196,0
img_07208_2024,0.0,0.0721726,0
img_07214_2024,0.0,0.2085845,0
img_07221_2024,0.0,0.52570397,0
img_07218_2024,0.0,0.14584133,0
img_07220_2024,0.0,0.0751243,0
img_07224_2024,0.0,0.4519388,0
img_07216_2024,0.0,0.5167581,0
img_07219_2024,0.0,0.08766237,0
img_07215_2024,0.0,0.70811415,0
img_07229_2024,0.0,0.17700909,0
img_07222_2024,0.0,0.22742613,0
img_07231_2024,0.0,0.13361737,0
img_07211_2024,0.0,0.078165285,0
img_07225_2024,0.0,0.09233512,0
img_07191_p01_2024,0.0,0.19545332,0
img_07191_p02_2024,0.0,0.25766072,0
img_07228_2024,0.0,0.85501295,1
img_07217_2024,0.0,0.12299974,0
img_07232_2024,0.0,0.09214531,0
img_07227_2024,0.0,0.161304,0
img_07226_2024,0.0,0.1315127,0
img_07230_2024,0.0,0.43558666,0
img_07233_2024,0.0,0.20374024,0
img_07236_2024,0.0,0.06668257,0
img_07234_2024,0.0,0.051517062,0
img_07223_2024,0.0,0.085823655,0
img_07239_2024,0.0,0.23543575,0
img_07235_2024,0.0,0.507597,0
img_07241_2024,0.0,0.14297175,0
img_07243_2024,0.0,0.5093568,0
img_07238_2024,0.0,0.08499174,0
img_07237_2024,0.0,0.18901142,0
img_07245_2024,0.0,0.06995566,0
img_07242_2024,0.0,0.5080552,0
img_07249_2024,0.0,0.33765474,0
img_07248_2024,0.0,0.072364524,0
img_07240_2024,0.0,0.07522683,0
img_07247_2024,0.0,0.213301,0
img_07255_2024,0.0,0.0708418,0
img_07256_2024,0.0,0.19726191,0
img_07250_2024,0.0,0.15747622,0
img_07259_2024,0.0,0.2332602,0
img_07251_2024,0.0,0.6315798,0
img_07253_2024,0.0,0.2770333,0
img_07246_2024,0.0,0.06358075,0
img_07258_2024,0.0,0.20300178,0
img_07244_2024,0.0,0.054623418,0
img_07213_p01_2024,0.0,0.2070939,0
img_07213_p02_2024,0.0,0.093055554,0
img_07261_2024,0.0,0.2595796,0
img_07252_2024,0.0,0.3095407,0
img_07260_2024,0.0,0.52126837,0
img_07264_2024,0.0,0.4842019,0
img_07257_2024,0.0,0.6168945,0
img_07254_2024,0.0,0.32784155,0
img_07265_2024,0.0,0.24280833,0
img_07266_2024,0.0,0.13421653,0
img_07270_2024,0.0,0.25120652,0
img_07268_2024,0.0,0.24702002,0
img_07267_2024,0.0,0.590703,0
img_07272_2024,0.0,0.21857998,0
img_07269_2024,0.0,0.07096883,0
img_07281_2024,0.0,0.11384191,0
img_07279_2024,0.0,0.099479765,0
img_07280_2024,0.0,0.07146201,0
img_07273_2024,0.0,0.17421032,0
img_07275_2024,0.0,0.16635002,0
img_07262_p01_2024,0.0,0.08919241,0
img_07262_p02_2024,0.0,0.09547962,0
img_07274_2024,0.0,0.057354257,0
img_07277_2024,0.0,0.07035857,0
img_07276_2024,0.0,0.08302747,0
img_07278_2024,0.0,0.05129991,0
img_07282_2024,0.0,0.21939063,0
img_07284_2024,0.0,0.1734895,0
img_07283_2024,0.0,0.44396526,0
img_07288_2024,0.0,0.16742352,0
img_07271_2024,0.0,0.05767015,0
img_07289_2024,0.0,0.32185087,0
img_07290_2024,0.0,0.19060305,0
img_07285_2024,0.0,0.17879619,0
img_07286_2024,0.0,0.25056544,0
img_07263_p01_2024,0.0,0.083253846,0
img_07263_p02_2024,0.0,0.16610876,0
img_07293_2024,0.0,0.18151811,0
img_07292_2024,0.0,0.18545617,0
img_07297_2024,0.0,0.8835311,1
img_07291_2024,0.0,0.65970385,0
img_07294_2024,0.0,0.16009915,0
img_07295_2024,0.0,0.9618837,1
img_07287_2024,0.0,0.13529232,0
img_07298_2024,0.0,0.11050652,0
img_07303_2024,0.0,0.7732913,0
img_07304_2024,0.0,0.07555336,0
img_07300_2024,0.0,0.44098642,0
img_07301_2024,0.0,0.4162034,0
img_07299_2024,0.0,0.374703,0
img_07311_2024,0.0,0.05327988,0
img_07312_2024,0.0,0.3729381,0
img_07310_2024,0.0,0.09068282,0
img_07296_2024,0.0,0.093010426,0
img_07302_2024,0.0,0.1569547,0
img_07313_2024,0.0,0.1839446,0
img_07307_2024,0.0,0.12943602,0
img_07315_2024,0.0,0.13144358,0
img_07306_2024,0.0,0.038349714,0
img_07316_2024,0.0,0.16913371,0
img_07308_2024,0.0,0.16545556,0
img_07317_2024,0.0,0.12438485,0
img_07314_2024,0.0,0.12510441,0
img_07323_2024,0.0,0.03134538,0
img_07309_2024,0.0,0.055049077,0
img_07322_2024,0.0,0.65118146,0
img_07325_2024,0.0,0.055294115,0
img_07329_2024,0.0,0.39009356,0
img_07326_2024,0.0,0.32889017,0
img_07330_2024,0.0,0.11929815,0
img_07331_2024,0.0,0.12927797,0
img_07327_2024,0.0,0.37172607,0
img_07324_2024,0.0,0.33998942,0
img_07305_2024,0.0,0.4218538,0
img_07319_2024,0.0,0.332486,0
img_07318_2024,0.0,0.053359285,0
img_07333_2024,0.0,0.099907145,0
img_07320_2024,0.0,0.13947974,0
img_07321_2024,0.0,0.23104927,0
img_07332_2024,0.0,0.10924643,0
img_07337_2024,0.0,0.48807752,0
img_07334_2024,0.0,0.12807366,0
img_07328_2024,0.0,0.12382864,0
img_07336_2024,0.0,0.5046691,0
img_07339_2024,0.0,0.08554872,0
img_07340_2024,0.0,0.12377931,0
img_07347_2024,0.0,0.16495608,0
img_07342_2024,0.0,0.3398972,0
img_07345_2024,0.0,0.07107843,0
img_07338_2024,0.0,0.055974495,0
img_07343_2024,0.0,0.13376963,0
img_07350_2024,0.0,0.19698116,0
img_07349_2024,0.0,0.13759114,0
img_07346_2024,0.0,0.14874782,0
img_07351_2024,0.0,0.05980573,0
img_07344_2024,0.0,0.10335287,0
img_07348_2024,0.0,0.49999976,0
img_07352_2024,0.0,0.05994728,0
img_07341_2024,0.0,0.16857812,0
img_07356_2024,0.0,0.08306721,0
img_07354_2024,0.0,0.06480428,0
img_07353_2024,0.0,0.058239985,0
img_07359_2024,0.0,0.08126107,0
img_07358_2024,0.0,0.17563142,0
img_07361_2024,0.0,0.09248555,0
img_07365_2024,0.0,0.4734641,0
img_07367_2024,0.0,0.15161769,0
img_07369_2024,0.0,0.08910846,0
img_07363_2024,0.0,0.84334326,1
img_07368_2024,0.0,0.1188704,0
img_07364_2024,0.0,0.15892284,0
img_07360_2024,0.0,0.058984794,0
img_07370_2024,0.0,0.6577067,0
img_07371_2024,0.0,0.12277473,0
img_07372_2024,0.0,0.14168297,0
img_07375_2024,0.0,0.46067172,0
img_07377_2024,0.0,0.12768961,0
img_07376_2024,0.0,0.4805949,0
img_07381_2024,0.0,0.25861612,0
img_07378_2024,0.0,0.043660816,0
img_07384_2024,0.0,0.53277475,0
img_07383_2024,0.0,0.1149495,0
img_07385_2024,0.0,0.05369419,0
img_07357_p01_2024,0.0,0.06248347,0
img_07357_p02_2024,0.0,0.055070683,0
img_07389_2024,0.0,0.060424577,0
img_07388_2024,0.0,0.1079911,0
img_07387_2024,0.0,0.88117456,1
img_07386_2024,0.0,0.8486061,1
img_07380_2024,0.0,0.17046031,0
img_07393_2024,0.0,0.21806446,0
img_07394_2024,0.0,0.8457532,1
img_07379_p01_2024,0.0,0.12273561,0
img_07379_p02_2024,0.0,0.054103844,0
img_07391_2024,0.0,0.17380868,0
img_07382_2024,0.0,0.073717676,0
img_07395_2024,0.0,0.10182649,0
img_07366_p01_2024,0.0,0.034484323,0
img_07366_p02_2024,0.0,0.037034735,0
img_07392_2024,0.0,0.33344936,0
img_07373_p01_2024,0.0,0.8126427,1
img_07373_p02_2024,0.0,0.035152562,0
img_07362_p01_2024,0.0,0.06729941,0
img_07362_p02_2024,0.0,0.28983137,0
img_07396_2024,0.0,0.45503405,0
img_07400_2024,0.0,0.44219002,0
img_07401_2024,0.0,0.2392519,0
img_07399_2024,0.0,0.06325588,0
img_07403_2024,0.0,0.19686796,0
img_07402_2024,0.0,0.09181086,0
img_07406_2024,0.0,0.088633806,0
img_07405_2024,0.0,0.043768577,0
img_07408_2024,0.0,0.17294283,0
img_07390_p01_2024,0.0,0.035098493,0
img_07390_p02_2024,0.0,0.041183457,0
img_07409_2024,0.0,0.06829814,0
img_07407_2024,0.0,0.032271843,0
img_07412_2024,0.0,0.6330934,0
img_07355_p01_2024,0.0,0.1663903,0
img_07355_p02_2024,0.0,0.16970465,0
img_07355_p03_2024,0.0,0.15506645,0
img_07355_p04_2024,0.0,0.13505882,0
img_07410_2024,0.0,0.7567715,0
img_07411_2024,0.0,0.11435631,0
img_07418_2024,0.0,0.10210836,0
img_07417_2024,0.0,0.076698266,0
img_07419_2024,0.0,0.067626126,0
img_07420_2024,0.0,0.06006673,0
img_07422_2024,0.0,0.082935065,0
img_07423_2024,0.0,0.26607287,0
img_07421_2024,0.0,0.02893856,0
img_07424_2024,0.0,0.04824592,0
img_07426_2024,0.0,0.06076416,0
img_07425_2024,0.0,0.041510586,0
img_07428_2024,0.0,0.036872733,0
img_07431_2024,0.0,0.17724504,0
img_07430_2024,0.0,0.3276708,0
img_07429_2024,0.0,0.04379383,0
img_07434_2024,0.0,0.08856697,0
img_07435_2024,0.0,0.0926273,0
img_07436_2024,0.0,0.09379821,0
img_07439_2024,0.0,0.38249117,0
img_07413_p01_2024,0.0,0.0363536,0
img_07413_p02_2024,0.0,0.026826723,0
img_07440_2024,0.0,0.21381235,0
img_07438_2024,0.0,0.49559116,0
img_07441_2024,0.0,0.26796222,0
img_07437_2024,0.0,0.6455251,0
img_07442_2024,0.0,0.049327068,0
img_07427_p01_2024,0.0,0.32544306,0
img_07427_p02_2024,0.0,0.4792615,0
img_07397_p01_2024,0.0,0.049444046,0
img_07397_p02_2024,0.0,0.045488704,0
img_07397_p03_2024,0.0,0.05042334,0
img_07397_p04_2024,0.0,0.043305032,0
img_07444_2024,0.0,0.07049644,0
img_07404_p01_2024,0.0,0.04682431,0
img_07404_p03_2024,0.0,0.21917292,0
img_07404_p04_2024,0.0,0.034979865,0
img_07448_2024,0.0,0.30600342,0
img_07450_2024,0.0,0.28713638,0
img_07433_p01_2024,0.0,0.08990478,0
img_07433_p02_2024,0.0,0.05148423,0
img_07447_2024,0.0,0.5483085,0
img_07446_2024,0.0,0.087472014,0
img_07445_2024,0.0,0.07376389,0
img_07451_2024,0.0,0.056357794,0
img_07452_2024,0.0,0.106737524,0
img_07398_p01_2024,0.0,0.04864333,0
img_07398_p02_2024,0.0,0.11373446,0
img_07398_p03_2024,0.0,0.0869816,0
img_07398_p04_2024,0.0,0.2956683,0
img_07454_2024,0.0,0.065130465,0
img_07456_2024,0.0,0.063796386,0
img_07455_2024,0.0,0.37587404,0
img_07416_p01_2024,0.0,0.051250886,0
img_07416_p02_2024,0.0,0.049500868,0
img_07416_p03_2024,0.0,0.038796395,0
img_07416_p04_2024,0.0,0.039723523,0
img_07457_2024,0.0,0.057220772,0
img_07459_2024,0.0,0.3906908,0
img_07463_2024,0.0,0.03825724,0
img_07458_2024,0.0,0.4941291,0
img_07415_p01_2024,0.0,0.12470116,0
img_07415_p02_2024,0.0,0.05601297,0
img_07415_p03_2024,0.0,0.042123888,0
img_07415_p04_2024,0.0,0.044020645,0
img_07464_2024,0.0,0.14731692,0
img_07461_2024,0.0,0.17210914,0
img_07443_p01_2024,0.0,0.04265151,0
img_07443_p02_2024,0.0,0.04840851,0
img_07467_2024,0.0,0.07922245,0
img_07468_2024,0.0,0.50241315,0
img_07466_2024,0.0,0.052993987,0
img_07465_2024,0.0,0.08984828,0
img_07462_2024,0.0,0.21424003,0
img_07470_2024,0.0,0.046666227,0
img_07453_p01_2024,0.0,0.07531156,0
img_07453_p02_2024,0.0,0.031798344,0
img_07449_p01_2024,0.0,0.053691827,0
img_07449_p02_2024,0.0,0.05715336,0
img_07476_2024,0.0,0.35255134,0
img_07460_2024,0.0,0.057576805,0
img_07473_2024,0.0,0.041550938,0
img_07479_2024,0.0,0.91541344,1
img_07472_2024,0.0,0.06029695,0
img_07475_2024,0.0,0.23486008,0
img_07471_2024,0.0,0.06830791,0
img_07481_2024,0.0,0.46657917,0
img_07474_2024,0.0,0.04120455,0
img_07477_2024,0.0,0.106426366,0
img_07483_2024,0.0,0.15784797,0
img_07487_2024,0.0,0.5234099,0
img_07484_2024,0.0,0.40165293,0
img_07486_2024,0.0,0.07780718,0
img_07485_2024,0.0,0.07708593,0
img_07489_2024,0.0,0.8477376,1
img_07469_p01_2024,0.0,0.06008172,0
img_07469_p02_2024,0.0,0.04524722,0
img_07480_2024,0.0,0.54670346,0
img_07490_2024,0.0,0.65247697,0
img_07493_2024,0.0,0.14365496,0
img_07491_2024,0.0,0.06594271,0
img_07497_2024,0.0,0.22197436,0
img_07492_2024,0.0,0.094963394,0
img_07495_2024,0.0,0.105165206,0
img_07499_2024,0.0,0.14223106,0
img_07502_2024,0.0,0.129488,0
img_07500_2024,0.0,0.21338496,0
img_07503_2024,0.0,0.06611211,0
img_07498_2024,0.0,0.06455191,0
img_07496_2024,0.0,0.933814,1
img_07504_2024,0.0,0.26389173,0
img_07505_2024,0.0,0.70162153,0
img_07501_2024,0.0,0.30417216,0
img_07506_2024,0.0,0.3832247,0
img_07482_p01_2024,0.0,0.19911061,0
img_07482_p02_2024,0.0,0.14028534,0
img_07507_2024,0.0,0.07580144,0
img_07508_2024,0.0,0.78212035,0
img_07512_2024,0.0,0.12106168,0
img_07513_2024,0.0,0.5083377,0
img_07511_2024,0.0,0.47670627,0
img_07514_2024,0.0,0.15823819,0
img_07516_2024,0.0,0.08254058,0
img_07510_2024,0.0,0.048855122,0
img_07519_2024,0.0,0.11881431,0
img_07494_p01_2024,0.0,0.028881283,0
img_07494_p02_2024,0.0,0.088918015,0
img_07518_2024,0.0,0.10966277,0
img_07521_2024,0.0,0.4188277,0
img_07523_2024,0.0,0.11194729,0
img_07526_2024,0.0,0.3415195,0
img_07520_2024,0.0,0.54883695,0
img_07527_2024,0.0,0.0839429,0
img_07524_2024,0.0,0.23687132,0
img_07432_p01_2024,0.0,0.052816767,0
img_07432_p02_2024,0.0,0.05060382,0
img_07432_p03_2024,0.0,0.064431965,0
img_07432_p04_2024,0.0,0.037613858,0
img_07432_p05_2024,0.0,0.0408492,0
img_07432_p06_2024,0.0,0.04832768,0
img_07488_p01_2024,0.0,0.05221648,0
img_07488_p02_2024,0.0,0.08866518,0
img_07488_p03_2024,0.0,0.04667201,0
img_07488_p04_2024,0.0,0.053122677,0
img_07531_2024,0.0,0.3746649,0
img_07530_2024,0.0,0.113247156,0
img_07478_p01_2024,0.0,0.049100768,0
img_07478_p02_2024,0.0,0.39526978,0
img_07478_p03_2024,0.0,0.1872284,0
img_07478_p04_2024,0.0,0.058307264,0
img_07517_p01_2024,0.0,0.07371787,0
img_07517_p02_2024,0.0,0.05446865,0
img_07532_2024,0.0,0.06804629,0
img_07529_2024,0.0,0.5592657,0
img_07534_2024,0.0,0.110837296,0
img_07528_2024,0.0,0.06723089,0
img_07536_2024,0.0,0.96632093,1
img_07522_p01_2024,0.0,0.13392445,0
img_07522_p02_2024,0.0,0.08361063,0
img_07539_2024,0.0,0.07242426,0
img_07543_2024,0.0,0.15029384,0
img_07541_2024,0.0,0.49229988,0
img_07540_2024,0.0,0.51421624,0
img_07545_2024,0.0,0.7379691,0
img_07546_2024,0.0,0.09031086,0
img_07542_2024,0.0,0.04233395,0
img_07537_2024,0.0,0.6847849,0
img_07538_2024,0.0,0.08579417,0
img_07544_2024,0.0,0.054631,0
img_07547_2024,0.0,0.47639915,0
img_07548_2024,0.0,0.27692902,0
img_07550_2024,0.0,0.106244616,0
img_07553_2024,0.0,0.112205416,0
img_07554_2024,0.0,0.42776418,0
img_07556_2024,0.0,0.22562554,0
img_07535_p01_2024,0.0,0.2852544,0
img_07535_p02_2024,0.0,0.3298021,0
img_07557_2024,0.0,0.11031335,0
img_07552_2024,0.0,0.10239046,0
img_07509_p01_2024,0.0,0.47370815,0
img_07509_p02_2024,0.0,0.03957069,0
img_07509_p03_2024,0.0,0.9622668,1
img_07509_p04_2024,0.0,0.04188024,0
img_07555_2024,0.0,0.104699574,0
img_07515_p01_2024,0.0,0.0347558,0
img_07515_p02_2024,0.0,0.04154137,0
img_07515_p03_2024,0.0,0.04582901,0
img_07515_p04_2024,0.0,0.04109349,0
img_07564_2024,0.0,0.8073684,1
img_07562_2024,0.0,0.70582294,0
img_07565_2024,0.0,0.12690078,0
img_07567_2024,0.0,0.08189246,0
img_07525_p01_2024,0.0,0.05398134,0
img_07525_p02_2024,0.0,0.23394309,0
img_07525_p03_2024,0.0,0.043515723,0
img_07525_p04_2024,0.0,0.04608101,0
img_07568_2024,0.0,0.07472427,0
img_07563_2024,0.0,0.041811768,0
img_07560_2024,0.0,0.04547859,0
img_07569_2024,0.0,0.03243978,0
img_07572_2024,0.0,0.17027771,0
img_07578_2024,0.0,0.12602706,0
img_07561_p01_2024,0.0,0.10098921,0
img_07561_p02_2024,0.0,0.24012631,0
img_07575_2024,0.0,0.20686713,0
img_07571_2024,0.0,0.87431353,1
img_07579_2024,0.0,0.027305944,0
img_07566_p01_2024,0.0,0.055038143,0
img_07566_p02_2024,0.0,0.04993334,0
img_07335_p02_2024,0.0,0.12855391,0
img_07335_p03_2024,0.0,0.122689575,0
img_07335_p04_2024,0.0,0.05263746,0
img_07335_p05_2024,0.0,0.105356075,0
img_07335_p06_2024,0.0,0.09078971,0
img_07335_p07_2024,0.0,0.055594202,0
img_07335_p08_2024,0.0,0.09651787,0
img_07335_p09_2024,0.0,0.13916387,0
img_07335_p10_2024,0.0,0.07241855,0
img_07335_p11_2024,0.0,0.054106712,0
img_07335_p12_2024,0.0,0.05732973,0
img_07335_p13_2024,0.0,0.48993367,0
img_07335_p14_2024,0.0,0.1778,0
img_07335_p15_2024,0.0,0.08548697,0
img_07573_2024,0.0,0.3858367,0
img_07580_2024,0.0,0.033548094,0
img_07549_p01_2024,0.0,0.1207882,0
img_07549_p02_2024,0.0,0.050173584,0
img_07549_p03_2024,0.0,0.085359484,0
img_07549_p04_2024,0.0,0.078762166,0
img_07576_2024,0.0,0.04337215,0
img_07570_p01_2024,0.0,0.10397419,0
img_07570_p02_2024,0.0,0.29953384,0
img_07582_2024,0.0,0.1998873,0
img_07583_2024,0.0,0.9706372,1
img_07586_2024,0.0,0.08478554,0
img_07584_2024,0.0,0.3649578,0
img_07585_2024,0.0,0.5074946,0
img_07581_2024,0.0,0.34313744,0
img_07590_2024,0.0,0.08481519,0
img_07589_2024,0.0,0.03398779,0
img_07591_2024,0.0,0.66760164,0
img_07558_p01_2024,0.0,0.08392099,0
img_07558_p02_2024,0.0,0.06005312,0
img_07558_p03_2024,0.0,0.046014454,0
img_07558_p04_2024,0.0,0.043341585,0
img_07588_2024,0.0,0.17236553,0
img_07592_2024,0.0,0.07658406,0
img_07596_2024,0.0,0.17153284,0
img_07587_2024,0.0,0.4355594,0
img_07599_2024,0.0,0.036233403,0
img_07597_2024,0.0,0.21046606,0
img_07594_2024,0.0,0.037021365,0
img_07593_2024,0.0,0.22101825,0
img_07595_2024,0.0,0.11292075,0
img_07577_p01_2024,0.0,0.1191663,0
img_07577_p02_2024,0.0,0.08303842,0
img_07574_p01_2024,0.0,0.046933856,0
img_07574_p02_2024,0.0,0.047484893,0
img_07574_p03_2024,0.0,0.052481577,0
img_07574_p04_2024,0.0,0.046080142,0
img_07603_2024,0.0,0.40444374,0
img_07600_2024,0.0,0.43071824,0
img_07601_2024,0.0,0.257771,0
img_07602_2024,0.0,0.08499469,0
img_07606_2024,0.0,0.14081347,0
img_07604_2024,0.0,0.074092664,0
img_07605_2024,0.0,0.061015185,0
img_07607_2024,0.0,0.10359765,0
img_07610_2024,0.0,0.10374984,0
img_07612_2024,0.0,0.07943681,0
img_07608_2024,0.0,0.050674606,0
img_07611_2024,0.0,0.7547767,0
img_07613_2024,0.0,0.30841944,0
img_07615_2024,0.0,0.043420162,0
img_07617_2024,0.0,0.967104,1
img_07614_2024,0.0,0.47523788,0
img_07619_2024,0.0,0.2279711,0
img_07620_2024,0.0,0.19844265,0
img_07616_2024,0.0,0.060109597,0
img_07609_p01_2024,0.0,0.9633103,1
img_07609_p02_2024,0.0,0.95149755,1
img_07625_2024,0.0,0.19629826,0
img_07626_2024,0.0,0.12043361,0
img_07624_2024,0.0,0.056479987,0
img_07629_2024,0.0,0.527135,0
img_07622_2024,0.0,0.48378196,0
img_07630_2024,0.0,0.5425089,0
img_07623_2024,0.0,0.23035349,0
img_07631_2024,0.0,0.46805015,0
img_07634_2024,0.0,0.24606523,0
img_07627_2024,0.0,0.03315235,0
img_07633_2024,0.0,0.44734633,0
img_07636_2024,0.0,0.052571848,0
img_07559_p01_2024,0.0,0.04548249,0
img_07559_p02_2024,0.0,0.044524603,0
img_07559_p03_2024,0.0,0.22909714,0
img_07559_p04_2024,0.0,0.04525743,0
img_07559_p05_2024,0.0,0.6683684,0
img_07559_p06_2024,0.0,0.09028174,0
img_07635_2024,0.0,0.10398968,0
img_07638_2024,0.0,0.62102634,0
img_07639_2024,0.0,0.10967527,0
img_07551_p01_2024,0.0,0.20208336,0
img_07551_p02_2024,0.0,0.12227864,0
img_07551_p03_2024,0.0,0.06611027,0
img_07551_p04_2024,0.0,0.4300251,0
img_07551_p05_2024,0.0,0.17528802,0
img_07551_p06_2024,0.0,0.08074516,0
img_07640_2024,0.0,0.18564953,0
img_07621_p01_2024,0.0,0.85898626,1
img_07621_p02_2024,0.0,0.10633172,0
img_07374_p01_2024,0.0,0.064657904,0
img_07374_p02_2024,0.0,0.07297804,0
img_07374_p03_2024,0.0,0.15248278,0
img_07374_p04_2024,0.0,0.091663584,0
img_07374_p05_2024,0.0,0.10668015,0
img_07374_p06_2024,0.0,0.058355995,0
img_07374_p07_2024,0.0,0.059809264,0
img_07374_p08_2024,0.0,0.09386695,0
img_07374_p09_2024,0.0,0.08017746,0
img_07374_p10_2024,0.0,0.1863572,0
img_07374_p11_2024,0.0,0.1520329,0
img_07374_p12_2024,0.0,0.083433546,0
img_07374_p13_2024,0.0,0.12164919,0
img_07374_p14_2024,0.0,0.3906751,0
img_07374_p15_2024,0.0,0.035530243,0
img_07374_p16_2024,0.0,0.36414137,0
img_07641_2024,0.0,0.8011788,1
img_07646_2024,0.0,0.4775056,0
img_07643_2024,0.0,0.40867767,0
img_07642_2024,0.0,0.88270384,1
img_07647_2024,0.0,0.63470316,0
img_07649_2024,0.0,0.16988754,0
img_07644_2024,0.0,0.48717004,0
img_07645_2024,0.0,0.2038709,0
img_07652_2024,0.0,0.107545845,0
img_07651_2024,0.0,0.18643524,0
img_07632_p01_2024,0.0,0.05567641,0
img_07632_p02_2024,0.0,0.05999232,0
img_07653_2024,0.0,0.39399686,0
img_07656_2024,0.0,0.04821822,0
img_07658_2024,0.0,0.19145472,0
img_07414_p01_2024,0.0,0.05308114,0
img_07414_p02_2024,0.0,0.03179508,0
img_07414_p03_2024,0.0,0.03846957,0
img_07414_p04_2024,0.0,0.11964648,0
img_07414_p05_2024,0.0,0.074488945,0
img_07414_p06_2024,0.0,0.035264518,0
img_07414_p07_2024,0.0,0.051235866,0
img_07414_p08_2024,0.0,0.14281897,0
img_07414_p09_2024,0.0,0.03585638,0
img_07414_p10_2024,0.0,0.05477343,0
img_07414_p11_2024,0.0,0.08736759,0
img_07414_p12_2024,0.0,0.13606927,0
img_07414_p13_2024,0.0,0.53045696,0
img_07414_p14_2024,0.0,0.0562887,0
img_07414_p15_2024,0.0,0.05938302,0
img_07414_p16_2024,0.0,0.05460756,0
img_07660_2024,0.0,0.49065122,0
img_07661_2024,0.0,0.1299967,0
img_07662_2024,0.0,0.052722353,0
img_07657_2024,0.0,0.80404806,1
img_07654_2024,0.0,0.032875665,0
img_07637_p01_2024,0.0,0.100045025,0
img_07637_p02_2024,0.0,0.0793182,0
img_07659_2024,0.0,0.060873598,0
img_07666_2024,0.0,0.4600394,0
img_07664_2024,0.0,0.63593495,0
img_07663_2024,0.0,0.5228544,0
img_07670_2024,0.0,0.11346791,0
img_07533_p01_2024,0.0,0.042058602,0
img_07533_p02_2024,0.0,0.052837316,0
img_07533_p03_2024,0.0,0.045046803,0
img_07533_p04_2024,0.0,0.030900797,0
img_07533_p05_2024,0.0,0.07103612,0
img_07533_p06_2024,0.0,0.08112353,0
img_07533_p07_2024,0.0,0.046932988,0
img_07533_p08_2024,0.0,0.088022016,0
img_07598_p01_2024,0.0,0.043670453,0
img_07598_p02_2024,0.0,0.037417557,0
img_07598_p03_2024,0.0,0.043865193,0
img_07598_p04_2024,0.0,0.030117553,0
img_07598_p05_2024,0.0,0.036559187,0
img_07667_2024,0.0,0.0601841,0
img_07668_2024,0.0,0.16748706,0
img_07671_2024,0.0,0.92779946,1
img_07665_2024,0.0,0.05884673,0
img_07675_2024,0.0,0.27783805,0
img_07676_2024,0.0,0.21221864,0
img_07628_p01_2024,0.0,0.07452486,0
img_07628_p02_2024,0.0,0.054359864,0
img_07628_p03_2024,0.0,0.057955287,0
img_07628_p04_2024,0.0,0.060912922,0
img_07678_2024,0.0,0.12734322,0
img_07669_2024,0.0,0.2935446,0
img_07679_2024,0.0,0.12470408,0
img_07684_2024,0.0,0.4136804,0
img_07685_2024,0.0,0.15079378,0
img_07673_2024,0.0,0.48677894,0
img_07686_2024,0.0,0.22118832,0
img_07682_2024,0.0,0.6601234,0
img_07677_2024,0.0,0.077904634,0
img_07683_2024,0.0,0.820274,1
img_07689_2024,0.0,0.1521259,0
img_07691_2024,0.0,0.594498,0
img_07687_2024,0.0,0.71168095,0
img_07648_p01_2024,0.0,0.096845426,0
img_07648_p02_2024,0.0,0.03199988,0
img_07648_p03_2024,0.0,0.057032317,0
img_07648_p04_2024,0.0,0.035975266,0
img_07692_2024,0.0,0.179708,0
img_07680_2024,0.0,0.032778043,0
img_07693_2024,0.0,0.12012521,0
img_07697_2024,0.0,0.8809842,1
img_07650_p01_2024,0.0,0.064141,0
img_07650_p02_2024,0.0,0.039192896,0
img_07650_p03_2024,0.0,0.09385787,0
img_07650_p04_2024,0.0,0.16438143,0
img_07696_2024,0.0,0.16929704,0
img_07690_2024,0.0,0.0803937,0
img_07698_2024,0.0,0.04919966,0
img_07702_2024,0.0,0.4843901,0
img_07701_2024,0.0,0.1203892,0
img_07699_2024,0.0,0.085880175,0
img_07704_2024,0.0,0.13673261,0
img_07703_2024,0.0,0.14123678,0
img_07705_2024,0.0,0.13449946,0
img_07708_2024,0.0,0.15003705,0
img_07707_2024,0.0,0.11431806,0
img_07706_2024,0.0,0.25537837,0
img_07688_p01_2024,0.0,0.060729593,0
img_07688_p02_2024,0.0,0.08535731,0
img_07710_2024,0.0,0.14595325,0
img_07712_2024,0.0,0.13793923,0
img_07681_p01_2024,0.0,0.30446973,0
img_07681_p02_2024,0.0,0.93439627,1
img_07709_2024,0.0,0.061276272,0
img_07716_2024,0.0,0.5452139,0
img_07713_2024,0.0,0.04836298,0
img_07718_2024,0.0,0.5381287,0
img_07715_2024,0.0,0.095095985,0
img_07717_2024,0.0,0.2731995,0
img_07618_p01_2024,0.0,0.044897456,0
img_07618_p02_2024,0.0,0.03848055,0
img_07618_p03_2024,0.0,0.39550504,0
img_07618_p04_2024,0.0,0.053080443,0
img_07618_p05_2024,0.0,0.042669233,0
img_07618_p06_2024,0.0,0.056649677,0
img_07694_p01_2024,0.0,0.08934863,0
img_07694_p02_2024,0.0,0.041596532,0
img_07719_2024,0.0,0.14102939,0
img_07700_p01_2024,0.0,0.081638224,0
img_07700_p02_2024,0.0,0.090107106,0
img_07723_2024,0.0,0.24484783,0
img_07722_2024,0.0,0.08673787,0
img_07720_2024,0.0,0.09034749,0
img_07725_2024,0.0,0.33416614,0
img_07728_2024,0.0,0.2888071,0
img_07729_2024,0.0,0.26331213,0
img_07730_2024,0.0,0.062325884,0
img_07726_2024,0.0,0.06967386,0
img_07733_2024,0.0,0.082758695,0
img_07727_2024,0.0,0.39889908,0
img_07731_2024,0.0,0.25896358,0
img_07732_2024,0.0,0.82305014,1
img_07734_2024,0.0,0.052739147,0
img_07724_p01_2024,0.0,0.4479685,0
img_07724_p02_2024,0.0,0.29054967,0
img_07736_2024,0.0,0.18749245,0
img_07737_2024,0.0,0.27803132,0
img_07674_p01_2024,0.0,0.043322526,0
img_07674_p02_2024,0.0,0.10381278,0
img_07674_p03_2024,0.0,0.06029054,0
img_07674_p04_2024,0.0,0.049213257,0
img_07740_2024,0.0,0.03583348,0
img_07735_2024,0.0,0.068288416,0
img_07743_2024,0.0,0.36094317,0
img_07742_2024,0.0,0.33166724,0
img_07746_2024,0.0,0.28909016,0
img_07745_2024,0.0,0.52872974,0
img_07747_2024,0.0,0.06944651,0
img_07748_2024,0.0,0.07600265,0
img_07738_2024,0.0,0.13364203,0
img_07749_2024,0.0,0.532792,0
img_07751_2024,0.0,0.033136792,0
img_07752_2024,0.0,0.09455786,0
img_07750_2024,0.0,0.22590062,0
img_07753_2024,0.0,0.26854557,0
img_07754_2024,0.0,0.17937423,0
img_07756_2024,0.0,0.93943596,1
img_07759_2024,0.0,0.44014114,0
img_07757_2024,0.0,0.035930373,0
img_07755_2024,0.0,0.04834272,0
img_07761_2024,0.0,0.06339558,0
img_07763_2024,0.0,0.43027842,0
img_07741_p01_2024,0.0,0.04060677,0
img_07741_p02_2024,0.0,0.036507305,0
img_07765_2024,0.0,0.13507734,0
img_07766_2024,0.0,0.24553026,0
img_07764_2024,0.0,0.45660895,0
img_07768_2024,0.0,0.39619982,0
img_07767_2024,0.0,0.18304093,0
img_07721_p01_2024,0.0,0.038254093,0
img_07721_p02_2024,0.0,0.31390157,0
img_07721_p03_2024,0.0,0.06935944,0
img_07721_p04_2024,0.0,0.9653953,1
img_07771_2024,0.0,0.4127858,0
img_07770_2024,0.0,0.09490968,0
img_07769_2024,0.0,0.06063547,0
img_07760_p01_2024,0.0,0.15389927,0
img_07760_p02_2024,0.0,0.21574846,0
img_07711_p01_2024,0.0,0.10418766,0
img_07711_p02_2024,0.0,0.14926034,0
img_07711_p03_2024,0.0,0.049035702,0
img_07711_p04_2024,0.0,0.037023522,0
img_07772_2024,0.0,0.06971753,0
img_07775_2024,0.0,0.19186634,0
img_07773_2024,0.0,0.17815256,0
img_07777_2024,0.0,0.07637964,0
img_07774_2024,0.0,0.0881736,0
img_07782_2024,0.0,0.057983633,0
img_07783_2024,0.0,0.7226093,0
img_07780_2024,0.0,0.09237169,0
img_07781_2024,0.0,0.08796514,0
img_07784_2024,0.0,0.55881554,0
img_07778_2024,0.0,0.0688379,0
img_07785_2024,0.0,0.051842656,0
img_07787_2024,0.0,0.048179243,0
img_07744_p01_2024,0.0,0.05292748,0
img_07744_p02_2024,0.0,0.038751923,0
img_07744_p03_2024,0.0,0.23584071,0
img_07744_p04_2024,0.0,0.0893527,0
img_07776_p01_2024,0.0,0.059759613,0
img_07776_p02_2024,0.0,0.059719227,0
img_07695_p01_2024,0.0,0.05734221,0
img_07695_p02_2024,0.0,0.034810156,0
img_07695_p03_2024,0.0,0.046358902,0
img_07695_p04_2024,0.0,0.033960536,0
img_07695_p05_2024,0.0,0.057080787,0
img_07695_p06_2024,0.0,0.04202061,0
img_07786_2024,0.0,0.8834369,1
img_07789_2024,0.0,0.3493717,0
img_07790_2024,0.0,0.13948679,0
img_07793_2024,0.0,0.92777616,1
img_07794_2024,0.0,0.1365978,0
img_07800_2024,0.0,0.13875853,0
img_07796_2024,0.0,0.052152604,0
img_07797_2024,0.0,0.05150186,0
img_07798_2024,0.0,0.06861789,0
img_07799_2024,0.0,0.23631965,0
img_07739_p01_2024,0.0,0.14241038,0
img_07739_p02_2024,0.0,0.32151237,0
img_07739_p03_2024,0.0,0.91040516,1
img_07739_p04_2024,0.0,0.057079226,0
img_07739_p05_2024,0.0,0.0839972,0
img_07739_p06_2024,0.0,0.83866847,1
img_07801_2024,0.0,0.14348303,0
img_07803_2024,0.0,0.18759358,0
img_07806_2024,0.0,0.11257749,0
img_07804_2024,0.0,0.028002385,0
img_07802_2024,0.0,0.46341416,0
img_07808_2024,0.0,0.3971611,0
img_07779_p01_2024,0.0,0.055358235,0
img_07779_p02_2024,0.0,0.067495905,0
img_07807_2024,0.0,0.4379842,0
img_07811_2024,0.0,0.9254517,1
img_07810_2024,0.0,0.40588754,0
img_07805_2024,0.0,0.0876684,0
img_07809_2024,0.0,0.06944639,0
img_07791_p01_2024,0.0,0.10319189,0
img_07791_p02_2024,0.0,0.1440792,0
img_07812_2024,0.0,0.45963967,0
img_07814_2024,0.0,0.081801325,0
img_07813_2024,0.0,0.10088507,0
img_07795_p01_2024,0.0,0.0774235,0
img_07795_p02_2024,0.0,0.08640885,0
img_07815_2024,0.0,0.69963026,0
img_07816_2024,0.0,0.45217833,0
img_07819_2024,0.0,0.061835602,0
img_07818_2024,0.0,0.9626366,1
img_07817_2024,0.0,0.3622683,0
img_07821_2024,0.0,0.044682845,0
img_07822_2024,0.0,0.08808058,0
img_07825_2024,0.0,0.46798152,0
img_07823_2024,0.0,0.1751635,0
img_07826_2024,0.0,0.9213893,1
img_07824_2024,0.0,0.42132238,0
img_07829_2024,0.0,0.42002356,0
img_07828_2024,0.0,0.06444479,0
img_07831_2024,0.0,0.05334924,0
img_07830_2024,0.0,0.19507396,0
img_07762_p01_2024,0.0,0.093013205,0
img_07762_p02_2024,0.0,0.040474918,0
img_07762_p03_2024,0.0,0.07688249,0
img_07762_p04_2024,0.0,0.036831506,0
img_07762_p05_2024,0.0,0.033887446,0
img_07762_p06_2024,0.0,0.2201159,0
img_07836_2024,0.0,0.07339439,0
img_07832_2024,0.0,0.03757392,0
img_07834_2024,0.0,0.5527084,0
img_07838_2024,0.0,0.18116611,0
img_07792_p01_2024,0.0,0.9024662,1
img_07792_p02_2024,0.0,0.06344199,0
img_07792_p03_2024,0.0,0.08603461,0
img_07792_p04_2024,0.0,0.1690712,0
img_07820_p01_2024,0.0,0.06883257,0
img_07820_p02_2024,0.0,0.04427147,0
img_07835_2024,0.0,0.070074685,0
img_07840_2024,0.0,0.088434026,0
img_07841_2024,0.0,0.9555713,1
img_07842_2024,0.0,0.03229456,0
img_07843_2024,0.0,0.050564405,0
img_07827_2024,0.0,0.049701963,0
img_07839_2024,0.0,0.20900652,0
img_07846_2024,0.0,0.24288073,0
img_07845_2024,0.0,0.10558765,0
img_07847_2024,0.0,0.25082695,0
img_07848_2024,0.0,0.55769277,0
img_07850_2024,0.0,0.08106192,0
img_07849_2024,0.0,0.06389999,0
img_07852_2024,0.0,0.22057538,0
img_07844_2024,0.0,0.11029652,0
img_07851_2024,0.0,0.7797796,0
img_07855_2024,0.0,0.114063084,0
img_07853_2024,0.0,0.35603428,0
img_07714_p01_2024,0.0,0.101392314,0
img_07714_p02_2024,0.0,0.08853536,0
img_07714_p03_2024,0.0,0.048426412,0
img_07714_p04_2024,0.0,0.047427014,0
img_07714_p05_2024,0.0,0.03562935,0
img_07714_p06_2024,0.0,0.046026062,0
img_07714_p07_2024,0.0,0.07197591,0
img_07714_p08_2024,0.0,0.0776601,0
img_07714_p09_2024,0.0,0.033833887,0
img_07856_2024,0.0,0.032190856,0
img_07860_2024,0.0,0.058776937,0
img_07863_2024,0.0,0.18347825,0
img_07861_2024,0.0,0.14566821,0
img_07854_2024,0.0,0.10347509,0
img_07858_2024,0.0,0.34411624,0
img_07864_2024,0.0,0.0881579,0
img_07862_2024,0.0,0.050103694,0
img_07867_2024,0.0,0.038313936,0
img_07866_2024,0.0,0.18295832,0
img_07869_2024,0.0,0.1490807,0
img_07871_2024,0.0,0.10378616,0
img_07870_2024,0.0,0.04857143,0
img_07875_2024,0.0,0.36387208,0
img_07868_2024,0.0,0.072397694,0
img_07874_2024,0.0,0.15939035,0
img_07876_2024,0.0,0.074891776,0
img_07857_p01_2024,0.0,0.04759259,0
img_07857_p02_2024,0.0,0.045986496,0
img_07872_2024,0.0,0.051159807,0
img_07877_2024,0.0,0.038022358,0
img_07879_2024,0.0,0.8865592,1
img_07880_2024,0.0,0.14792484,0
img_07882_2024,0.0,0.049131166,0
img_07881_2024,0.0,0.047429696,0
img_07888_2024,0.0,0.2404828,0
img_07672_p01_2024,0.0,0.05000262,0
img_07672_p02_2024,0.0,0.048808523,0
img_07672_p03_2024,0.0,0.03898856,0
img_07672_p04_2024,0.0,0.033434447,0
img_07672_p05_2024,0.0,0.03426951,0
img_07672_p06_2024,0.0,0.04426255,0
img_07672_p07_2024,0.0,0.045604754,0
img_07672_p08_2024,0.0,0.15736182,0
img_07672_p09_2024,0.0,0.057707805,0
img_07672_p10_2024,0.0,0.063725404,0
img_07672_p11_2024,0.0,0.13763107,0
img_07672_p12_2024,0.0,0.056655157,0
img_07672_p13_2024,0.0,0.8221888,1
img_07885_2024,0.0,0.11771312,0
img_07887_2024,0.0,0.44929898,0
img_07883_2024,0.0,0.067870565,0
img_07889_2024,0.0,0.12230731,0
img_07837_p01_2024,0.0,0.05621213,0
img_07837_p02_2024,0.0,0.08054353,0
img_07837_p03_2024,0.0,0.073291786,0
img_07837_p04_2024,0.0,0.08151694,0
img_07886_2024,0.0,0.18990922,0
img_07890_2024,0.0,0.29766604,0
img_07833_p01_2024,0.0,0.086091295,0
img_07833_p02_2024,0.0,0.15978667,0
img_07833_p03_2024,0.0,0.4372746,0
img_07833_p04_2024,0.0,0.12848786,0
img_07894_2024,0.0,0.5292395,0
img_07896_2024,0.0,0.06593868,0
img_07895_2024,0.0,0.108362496,0
img_07892_2024,0.0,0.11068304,0
img_07859_p01_2024,0.0,0.34312972,0
img_07859_p02_2024,0.0,0.11986793,0
img_07859_p03_2024,0.0,0.23419489,0
img_07859_p04_2024,0.0,0.24032204,0
img_07897_2024,0.0,0.18540046,0
img_07893_2024,0.0,0.0682284,0
img_07899_2024,0.0,0.17785187,0
img_07900_2024,0.0,0.07328614,0
img_07901_2024,0.0,0.92781705,1
img_07891_2024,0.0,0.45661354,0
img_07898_2024,0.0,0.04190832,0
img_07903_2024,0.0,0.30342,0
img_07902_2024,0.0,0.1334995,0
img_07906_2024,0.0,0.44480285,0
img_07905_2024,0.0,0.1378121,0
img_07904_2024,0.0,0.1641859,0
img_07912_2024,0.0,0.32537416,0
img_07910_2024,0.0,0.4661297,0
img_07908_2024,0.0,0.955759,1
img_07913_2024,0.0,0.4575227,0
img_07916_2024,0.0,0.24393147,0
img_07907_2024,0.0,0.121112384,0
img_07918_2024,0.0,0.10401857,0
img_07915_2024,0.0,0.39920157,0
img_07914_2024,0.0,0.15297851,0
img_07920_2024,0.0,0.35692632,0
img_07921_2024,0.0,0.51760215,0
img_07919_2024,0.0,0.77011913,0
img_07926_2024,0.0,0.85789436,1
img_07922_2024,0.0,0.042023815,0
img_07865_p01_2024,0.0,0.040310994,0
img_07865_p02_2024,0.0,0.03528175,0
img_07865_p03_2024,0.0,0.27462736,0
img_07865_p04_2024,0.0,0.23510177,0
img_07923_2024,0.0,0.050448563,0
img_07927_2024,0.0,0.4125723,0
img_07911_p01_2024,0.0,0.36809537,0
img_07911_p02_2024,0.0,0.057383575,0
img_07925_2024,0.0,0.8424041,1
img_07924_2024,0.0,0.07081228,0
img_07909_p01_2024,0.0,0.1253221,0
img_07909_p02_2024,0.0,0.075280406,0
img_07936_2024,0.0,0.110663414,0
img_07938_2024,0.0,0.10650448,0
img_07933_2024,0.0,0.97888076,1
img_07939_2024,0.0,0.4525204,0
img_07932_2024,0.0,0.6095753,0
img_07934_2024,0.0,0.04776715,0
img_07940_2024,0.0,0.14308643,0
img_07942_2024,0.0,0.48929313,0
img_07943_2024,0.0,0.15598217,0
img_07945_2024,0.0,0.4841584,0
img_07884_p01_2024,0.0,0.030386489,0
img_07884_p02_2024,0.0,0.038370673,0
img_07884_p03_2024,0.0,0.03434699,0
img_07884_p04_2024,0.0,0.06958222,0
img_07884_p05_2024,0.0,0.05278542,0
img_07944_2024,0.0,0.08663509,0
img_07947_2024,0.0,0.44565657,0
img_07948_2024,0.0,0.29096907,0
img_07950_2024,0.0,0.06843902,0
img_07929_p01_2024,0.0,0.26573786,0
img_07929_p02_2024,0.0,0.9601807,1
img_07929_p03_2024,0.0,0.88330334,1
img_07929_p04_2024,0.0,0.45722878,0
img_07949_2024,0.0,0.62525177,0
img_07952_2024,0.0,0.24016285,0
img_07946_p01_2024,0.0,0.10223512,0
img_07946_p02_2024,0.0,0.06218775,0
img_07954_2024,0.0,0.40554848,0
img_07953_2024,0.0,0.06628442,0
img_07956_2024,0.0,0.5114752,0
img_07951_2024,0.0,0.15372355,0
img_07957_2024,0.0,0.053309,0
img_07958_2024,0.0,0.19042328,0
img_07931_p01_2024,0.0,0.0496493,0
img_07931_p02_2024,0.0,0.20717306,0
img_07931_p03_2024,0.0,0.07272385,0
img_07931_p04_2024,0.0,0.845575,1
img_07959_2024,0.0,0.11022413,0
img_07758_p01_2024,0.0,0.046117067,0
img_07758_p02_2024,0.0,0.030613745,0
img_07758_p03_2024,0.0,0.036648896,0
img_07758_p04_2024,0.0,0.04638035,0
img_07758_p05_2024,0.0,0.033245064,0
img_07758_p06_2024,0.0,0.04398681,0
img_07758_p07_2024,0.0,0.08013564,0
img_07758_p08_2024,0.0,0.7220578,0
img_07758_p09_2024,0.0,0.04145564,0
img_07758_p10_2024,0.0,0.033144165,0
img_07758_p11_2024,0.0,0.03633581,0
img_07758_p12_2024,0.0,0.9012748,1
img_07758_p13_2024,0.0,0.06141931,0
img_07758_p14_2024,0.0,0.034000255,0
img_07758_p15_2024,0.0,0.041567046,0
img_07961_2024,0.0,0.09073394,0
img_07960_2024,0.0,0.080838725,0
img_07963_2024,0.0,0.056046765,0
img_07965_2024,0.0,0.099640325,0
img_07964_2024,0.0,0.20839088,0
img_07962_2024,0.0,0.49154577,0
img_07966_2024,0.0,0.04347224,0
img_07970_2024,0.0,0.11056546,0
img_07968_2024,0.0,0.057769198,0
img_07969_2024,0.0,0.9736355,1
img_07967_2024,0.0,0.0354921,0
img_07937_p01_2024,0.0,0.11199435,0
img_07937_p02_2024,0.0,0.48416758,0
img_07937_p03_2024,0.0,0.48670298,0
img_07937_p04_2024,0.0,0.19662789,0
img_07972_2024,0.0,0.02985781,0
img_07973_2024,0.0,0.050456822,0
img_07974_2024,0.0,0.11008938,0
img_07971_2024,0.0,0.10313449,0
img_07788_p01_2024,0.0,0.03455472,0
img_07788_p02_2024,0.0,0.813818,1
img_07788_p03_2024,0.0,0.057353817,0
img_07788_p04_2024,0.0,0.043599047,0
img_07788_p05_2024,0.0,0.057276554,0
img_07788_p06_2024,0.0,0.03663532,0
img_07788_p07_2024,0.0,0.046908073,0
img_07788_p08_2024,0.0,0.041518897,0
img_07788_p09_2024,0.0,0.044817172,0
img_07788_p10_2024,0.0,0.049190234,0
img_07788_p11_2024,0.0,0.8485381,1
img_07788_p12_2024,0.0,0.1078318,0
img_07788_p13_2024,0.0,0.19005974,0
img_07788_p14_2024,0.0,0.46251562,0
img_07977_2024,0.0,0.7597586,0
img_07978_2024,0.0,0.046277083,0
img_07982_2024,0.0,0.34687772,0
img_07980_2024,0.0,0.18894096,0
img_07979_2024,0.0,0.23838322,0
img_07930_p01_2024,0.0,0.15298837,0
img_07930_p02_2024,0.0,0.21528439,0
img_07930_p03_2024,0.0,0.18286897,0
img_07930_p04_2024,0.0,0.07357033,0
img_07930_p05_2024,0.0,0.0963961,0
img_07930_p06_2024,0.0,0.061085735,0
img_07983_2024,0.0,0.36900544,0
img_07981_2024,0.0,0.047004674,0
img_07976_2024,0.0,0.09090622,0
img_07985_2024,0.0,0.069026776,0
img_07986_2024,0.0,0.11569245,0
img_07984_2024,0.0,0.039882883,0
img_07989_2024,0.0,0.069714725,0
img_07917_p01_2024,0.0,0.05401387,0
img_07917_p02_2024,0.0,0.14517635,0
img_07917_p03_2024,0.0,0.16978398,0
img_07917_p04_2024,0.0,0.3368296,0
img_07917_p05_2024,0.0,0.04923221,0
img_07917_p06_2024,0.0,0.042810764,0
img_07917_p07_2024,0.0,0.089038864,0
img_07917_p08_2024,0.0,0.053160314,0
img_07988_2024,0.0,0.17310129,0
img_07991_2024,0.0,0.049781807,0
img_07941_p01_2024,0.0,0.04911395,0
img_07941_p02_2024,0.0,0.05847406,0
img_07941_p03_2024,0.0,0.101559356,0
img_07941_p04_2024,0.0,0.07481751,0
img_07941_p05_2024,0.0,0.045600437,0
img_07941_p06_2024,0.0,0.04654689,0
img_07975_p01_2024,0.0,0.30144647,0
img_07975_p02_2024,0.0,0.17583534,0
img_07992_2024,0.0,0.07095682,0
img_07996_2024,0.0,0.073469386,0
img_07995_2024,0.0,0.3709685,0
img_07994_2024,0.0,0.04330776,0
img_07928_p01_2024,0.0,0.052611157,0
img_07928_p02_2024,0.0,0.08785326,0
img_07928_p03_2024,0.0,0.04316315,0
img_07928_p04_2024,0.0,0.06657334,0
img_07928_p05_2024,0.0,0.044484574,0
img_07928_p06_2024,0.0,0.10386258,0
img_07935_p01_2024,0.0,0.07100123,0
img_07935_p02_2024,0.0,0.07930027,0
img_07935_p03_2024,0.0,0.031242048,0
img_07935_p04_2024,0.0,0.21070074,0
img_07935_p05_2024,0.0,0.03984513,0
img_07935_p06_2024,0.0,0.036085088,0
img_08004_2024,0.0,0.21216631,0
img_07999_2024,0.0,0.10214784,0
img_08003_2024,0.0,0.16853906,0
img_08002_2024,0.0,0.02796718,0
img_08007_2024,0.0,0.5692829,0
img_08001_2024,0.0,0.039676066,0
img_08000_2024,0.0,0.06981552,0
img_07993_p01_2024,0.0,0.09147792,0
img_07993_p02_2024,0.0,0.16472289,0
img_08008_2024,0.0,0.063307434,0
img_08005_2024,0.0,0.04727247,0
img_07987_p01_2024,0.0,0.052450366,0
img_07987_p02_2024,0.0,0.04639792,0
img_08006_2024,0.0,0.29884177,0
img_08009_2024,0.0,0.2738284,0
img_07990_p01_2024,0.0,0.38477594,0
img_07990_p02_2024,0.0,0.5534626,0
img_08011_2024,0.0,0.13974038,0
img_08013_2024,0.0,0.23007847,0
img_08010_2024,0.0,0.071145326,0
img_08015_2024,0.0,0.31935272,0
img_08014_2024,0.0,0.07930657,0
img_07998_p01_2024,0.0,0.066823326,0
img_07998_p02_2024,0.0,0.09521275,0
img_08021_2024,0.0,0.1615709,0
img_08018_2024,0.0,0.19267544,0
img_07997_p01_2024,0.0,0.16558051,0
img_07997_p02_2024,0.0,0.08716351,0
img_08017_2024,0.0,0.46878758,0
img_08016_2024,0.0,0.1964799,0
img_08012_2024,0.0,0.9682728,1
img_08023_2024,0.0,0.13883196,0
img_07655_p02_2024,0.0,0.038602155,0
img_07655_p03_2024,0.0,0.052616563,0
img_07655_p04_2024,0.0,0.10657243,0
img_07655_p05_2024,0.0,0.0954759,0
img_07655_p06_2024,0.0,0.50069773,0
img_07655_p07_2024,0.0,0.06494471,0
img_07655_p08_2024,0.0,0.04466398,0
img_07655_p09_2024,0.0,0.055018973,0
img_07655_p10_2024,0.0,0.04393188,0
img_07655_p11_2024,0.0,0.031400632,0
img_07655_p12_2024,0.0,0.047450945,0
img_07655_p13_2024,0.0,0.050367594,0
img_07655_p14_2024,0.0,0.034944285,0
img_07655_p15_2024,0.0,0.043064017,0
img_07655_p16_2024,0.0,0.045884065,0
img_07655_p17_2024,0.0,0.034500755,0
img_07655_p19_2024,0.0,0.03634371,0
img_07655_p20_2024,0.0,0.06199714,0
img_07655_p21_2024,0.0,0.047420077,0
img_08024_2024,0.0,0.8721947,1
img_08025_2024,0.0,0.12532416,0
img_08029_2024,0.0,0.11518954,0
img_08028_2024,0.0,0.23673494,0
img_08033_2024,0.0,0.2177465,0
img_08031_2024,0.0,0.056273103,0
img_08026_2024,0.0,0.34995517,0
img_08032_2024,0.0,0.12875348,0
img_08030_2024,0.0,0.09505783,0
img_08034_2024,0.0,0.22137037,0
img_08035_2024,0.0,0.13301039,0
img_08036_2024,0.0,0.26429474,0
img_08041_2024,0.0,0.41242135,0
img_08042_2024,0.0,0.071771964,0
img_08044_2024,0.0,0.06832336,0
img_08046_2024,0.0,0.7149185,0
img_08020_p01_2024,0.0,0.04206237,0
img_08020_p02_2024,0.0,0.21582663,0
img_08040_2024,0.0,0.05649917,0
img_08047_2024,0.0,0.045392897,0
img_08050_2024,0.0,0.09631211,0
img_07955_p01_2024,0.0,0.13944854,0
img_07955_p02_2024,0.0,0.051785912,0
img_07955_p03_2024,0.0,0.18696173,0
img_07955_p04_2024,0.0,0.10566627,0
img_07955_p05_2024,0.0,0.06588762,0
img_07955_p06_2024,0.0,0.03800213,0
img_07955_p07_2024,0.0,0.06959025,0
img_07955_p08_2024,0.0,0.21595068,0
img_08052_2024,0.0,0.11255709,0
img_08051_2024,0.0,0.19044046,0
img_08038_p01_2024,0.0,0.0437141,0
img_08038_p02_2024,0.0,0.34225565,0
img_08053_2024,0.0,0.37865654,0
img_08048_2024,0.0,0.03339442,0
img_08054_2024,0.0,0.13261378,0
img_08056_2024,0.0,0.2579492,0
img_08058_2024,0.0,0.11552499,0
img_08060_2024,0.0,0.079737775,0
img_08059_2024,0.0,0.9614261,1
img_08064_2024,0.0,0.19742191,0
img_08061_2024,0.0,0.03845264,0
img_08063_2024,0.0,0.22897492,0
img_08062_2024,0.0,0.060790777,0
img_08057_p01_2024,0.0,0.051382553,0
img_08057_p02_2024,0.0,0.051264197,0
img_08066_2024,0.0,0.3089487,0
img_08065_2024,0.0,0.88687354,1
img_08067_2024,0.0,0.121370465,0
img_08068_2024,0.0,0.0472974,0
img_08055_p01_2024,0.0,0.10492375,0
img_08055_p02_2024,0.0,0.13568898,0
img_08070_2024,0.0,0.44354627,0
img_08069_2024,0.0,0.13535528,0
img_08072_2024,0.0,0.22510661,0
img_08037_p01_2024,0.0,0.053948414,0
img_08037_p02_2024,0.0,0.07919441,0
img_08071_2024,0.0,0.9578101,1
img_08039_p01_2024,0.0,0.2581535,0
img_08039_p02_2024,0.0,0.044085033,0
img_08039_p03_2024,0.0,0.052657142,0
img_08039_p04_2024,0.0,0.07381397,0
img_08074_2024,0.0,0.101290114,0
img_08075_2024,0.0,0.23504221,0
img_08073_2024,0.0,0.07010999,0
img_08080_2024,0.0,0.55126184,0
img_08076_2024,0.0,0.11317599,0
img_08078_2024,0.0,0.058335587,0
img_08077_2024,0.0,0.20758685,0
img_08079_2024,0.0,0.25658074,0
img_08082_2024,0.0,0.062128693,0
img_08084_2024,0.0,0.90741783,1
img_08081_2024,0.0,0.033038065,0
img_08083_2024,0.0,0.06309338,0
img_08085_2024,0.0,0.6962559,0
img_08090_2024,0.0,0.24110779,0
img_08087_2024,0.0,0.0363295,0
img_08022_p01_2024,0.0,0.10233936,0
img_08022_p02_2024,0.0,0.05121157,0
img_08022_p03_2024,0.0,0.072086066,0
img_08022_p04_2024,0.0,0.091239735,0
img_08022_p05_2024,0.0,0.05940199,0
img_08022_p06_2024,0.0,0.13156602,0
img_08093_2024,0.0,0.35262954,0
img_08089_2024,0.0,0.05149745,0
img_08086_2024,0.0,0.1093777,0
img_08088_2024,0.0,0.95001817,1
img_08092_2024,0.0,0.08367671,0
img_08091_2024,0.0,0.109733015,0
img_08095_2024,0.0,0.23832166,0
img_08096_2024,0.0,0.09966017,0
img_07873_p01_2024,0.0,0.05788171,0
img_07873_p02_2024,0.0,0.031546474,0
img_07873_p03_2024,0.0,0.04851672,0
img_07873_p04_2024,0.0,0.053881932,0
img_07873_p05_2024,0.0,0.051384516,0
img_07873_p06_2024,0.0,0.09258035,0
img_07873_p07_2024,0.0,0.3258294,0
img_07873_p08_2024,0.0,0.05349667,0
img_07873_p09_2024,0.0,0.0428983,0
img_07873_p10_2024,0.0,0.06504558,0
img_07873_p11_2024,0.0,0.39863577,0
img_07873_p12_2024,0.0,0.078414895,0
img_07873_p13_2024,0.0,0.0883855,0
img_07873_p14_2024,0.0,0.09460845,0
img_07873_p15_2024,0.0,0.61177003,0
img_07873_p16_2024,0.0,0.6042368,0
img_08098_2024,0.0,0.9766666,1
img_08043_p01_2024,0.0,0.07085937,0
img_08043_p02_2024,0.0,0.04859323,0
img_08043_p03_2024,0.0,0.040566757,0
img_08043_p04_2024,0.0,0.042080328,0
img_08094_2024,0.0,0.12672128,0
img_08097_2024,0.0,0.49103487,0
img_08099_2024,0.0,0.101222634,0
img_08102_2024,0.0,0.07303723,0
img_08104_2024,0.0,0.090712674,0
img_08100_2024,0.0,0.086023584,0
img_08101_2024,0.0,0.5149577,0
img_08103_2024,0.0,0.35985675,0
img_08106_2024,0.0,0.1554796,0
img_08105_2024,0.0,0.17419104,0
img_08109_2024,0.0,0.95356095,1
img_08112_2024,0.0,0.06601327,0
img_08108_2024,0.0,0.28750375,0
img_08110_2024,0.0,0.5191887,0
img_08027_p01_2024,0.0,0.09858916,0
img_08027_p02_2024,0.0,0.04562429,0
img_08027_p03_2024,0.0,0.06162264,0
img_08027_p04_2024,0.0,0.08517247,0
img_08027_p05_2024,0.0,0.04714294,0
img_08027_p06_2024,0.0,0.050951473,0
img_08111_2024,0.0,0.117856815,0
img_08113_2024,0.0,0.6311488,0
img_08107_2024,0.0,0.61192596,0
img_08118_2024,0.0,0.29963985,0
img_08115_2024,0.0,0.14157502,0
img_08117_2024,0.0,0.46004945,0
img_08119_2024,0.0,0.50533175,0
img_08120_2024,0.0,0.07525362,0
img_08116_2024,0.0,0.05268713,0
img_08121_2024,0.0,0.07864076,0
img_08124_2024,0.0,0.086856075,0
img_08045_p01_2024,0.0,0.15316306,0
img_08045_p02_2024,0.0,0.0640266,0
img_08045_p03_2024,0.0,0.09934744,0
img_08045_p04_2024,0.0,0.06145898,0
img_08045_p05_2024,0.0,0.044955842,0
img_08045_p06_2024,0.0,0.04274055,0
img_08122_2024,0.0,0.31759584,0
img_08126_2024,0.0,0.28765196,0
img_08125_2024,0.0,0.2804691,0
img_08127_2024,0.0,0.48147422,0
img_08128_2024,0.0,0.5606591,0
img_08130_2024,0.0,0.054581005,0
img_08133_2024,0.0,0.112372056,0
img_08134_2024,0.0,0.5397735,0
img_08132_2024,0.0,0.20989685,0
img_08137_2024,0.0,0.1586996,0
img_08136_2024,0.0,0.09879661,0
img_08049_p01_2024,0.0,0.049321994,0
img_08049_p02_2024,0.0,0.03291266,0
img_08049_p03_2024,0.0,0.033154104,0
img_08049_p05_2024,0.0,0.045369286,0
img_08049_p06_2024,0.0,0.034706052,0
img_08129_2024,0.0,0.059991255,0
img_08142_2024,0.0,0.61561173,0
img_08135_2024,0.0,0.09390208,0
img_08139_2024,0.0,0.14975305,0
img_08140_2024,0.0,0.07498705,0
img_08145_2024,0.0,0.25495976,0
img_08146_2024,0.0,0.58169335,0
img_08141_2024,0.0,0.38401696,0
img_08138_2024,0.0,0.30839548,0
img_08148_2024,0.0,0.09992786,0
img_08143_2024,0.0,0.22747855,0
img_08147_2024,0.0,0.2802194,0
img_08154_2024,0.0,0.22972047,0
img_08152_2024,0.0,0.115044974,0
img_08144_2024,0.0,0.15427522,0
img_08153_2024,0.0,0.15942496,0
img_08151_2024,0.0,0.050597403,0
img_08156_2024,0.0,0.84247655,1
img_08150_2024,0.0,0.15795238,0
img_08159_2024,0.0,0.11370928,0
img_08155_2024,0.0,0.36859226,0
img_07878_p01_2024,0.0,0.031441584,0
img_07878_p02_2024,0.0,0.04062473,0
img_07878_p03_2024,0.0,0.030554056,0
img_07878_p04_2024,0.0,0.03160047,0
img_07878_p05_2024,0.0,0.08727863,0
img_07878_p06_2024,0.0,0.034310747,0
img_07878_p07_2024,0.0,0.053549234,0
img_07878_p08_2024,0.0,0.03421698,0
img_07878_p09_2024,0.0,0.036173396,0
img_07878_p10_2024,0.0,0.033871535,0
img_07878_p11_2024,0.0,0.052594487,0
img_07878_p12_2024,0.0,0.036330663,0
img_07878_p13_2024,0.0,0.039624583,0
img_07878_p14_2024,0.0,0.05828166,0
img_07878_p15_2024,0.0,0.038256425,0
img_07878_p16_2024,0.0,0.047394916,0
img_07878_p17_2024,0.0,0.037975226,0
img_07878_p18_2024,0.0,0.0369281,0
img_07878_p19_2024,0.0,0.038414013,0
img_07878_p20_2024,0.0,0.033748433,0
img_08162_2024,0.0,0.04355873,0
img_08165_2024,0.0,0.22596624,0
img_08149_p01_2024,0.0,0.057240106,0
img_08149_p02_2024,0.0,0.10465527,0
img_08168_2024,0.0,0.19198614,0
img_08163_2024,0.0,0.4307613,0
img_08161_2024,0.0,0.978303,1
img_08164_2024,0.0,0.9716251,1
img_08167_2024,0.0,0.29768115,0
img_08169_2024,0.0,0.97439617,1
img_08114_p01_2024,0.0,0.52828306,0
img_08114_p02_2024,0.0,0.80814195,1
img_08114_p03_2024,0.0,0.5321205,0
img_08114_p04_2024,0.0,0.4533326,0
img_08171_2024,0.0,0.82807714,1
img_08170_2024,0.0,0.87680984,1
img_08174_2024,0.0,0.045021724,0
img_08173_2024,0.0,0.1235151,0
img_08178_2024,0.0,0.86592287,1
img_08176_2024,0.0,0.5651401,0
img_08166_2024,0.0,0.57432264,0
img_08179_2024,0.0,0.089391954,0
img_08180_2024,0.0,0.051369112,0
img_08182_2024,0.0,0.108997695,0
img_08172_2024,0.0,0.7163123,0
img_08184_2024,0.0,0.10123211,0
img_08157_p01_2024,0.0,0.066549875,0
img_08157_p02_2024,0.0,0.06436674,0
img_08183_2024,0.0,0.42770085,0
img_08186_2024,0.0,0.1948032,0
img_08185_2024,0.0,0.45820823,0
img_08193_2024,0.0,0.42861205,0
img_08189_2024,0.0,0.43892032,0
img_08191_2024,0.0,0.23571181,0
img_08195_2024,0.0,0.58739066,0
img_08187_2024,0.0,0.07359198,0
img_08194_2024,0.0,0.12575853,0
img_08196_2024,0.0,0.20007065,0
img_08192_2024,0.0,0.10013633,0
img_08197_2024,0.0,0.39057437,0
img_08190_p01_2024,0.0,0.040363148,0
img_08190_p02_2024,0.0,0.06525135,0
img_08200_2024,0.0,0.73310834,0
img_08199_2024,0.0,0.9431534,1
img_08201_2024,0.0,0.06810305,0
img_08198_2024,0.0,0.036328334,0
img_08203_2024,0.0,0.20588815,0
img_08202_2024,0.0,0.07147904,0
img_08204_2024,0.0,0.14498131,0
img_08206_2024,0.0,0.34496167,0
img_08207_2024,0.0,0.91293526,1
img_08205_2024,0.0,0.08403646,0
img_08160_p01_2024,0.0,0.14102447,0
img_08160_p02_2024,0.0,0.1032714,0
img_08160_p03_2024,0.0,0.11770976,0
img_08160_p04_2024,0.0,0.186653,0
img_08175_p01_2024,0.0,0.29712558,0
img_08175_p02_2024,0.0,0.093971424,0
img_08175_p03_2024,0.0,0.46652976,0
img_08158_p01_2024,0.0,0.03413365,0
img_08158_p02_2024,0.0,0.037763737,0
img_08158_p03_2024,0.0,0.05658328,0
img_08158_p04_2024,0.0,0.032284196,0
img_08209_2024,0.0,0.14660905,0
img_08208_2024,0.0,0.56273943,0
img_08210_2024,0.0,0.5157192,0
img_08214_2024,0.0,0.48919138,0
img_08211_2024,0.0,0.53346467,0
img_08212_2024,0.0,0.3311766,0
img_08218_2024,0.0,0.12488623,0
img_08213_2024,0.0,0.038771458,0
img_08216_2024,0.0,0.5181412,0
img_08217_2024,0.0,0.9096371,1
img_08221_2024,0.0,0.175164,0
img_08215_2024,0.0,0.032743882,0
img_08219_2024,0.0,0.3373268,0
img_08223_2024,0.0,0.04642721,0
img_08226_2024,0.0,0.039519135,0
img_08227_2024,0.0,0.8442523,1
img_08222_2024,0.0,0.10462298,0
img_08228_2024,0.0,0.15284628,0
img_08131_p01_2024,0.0,0.17513557,0
img_08131_p02_2024,0.0,0.08504343,0
img_08131_p03_2024,0.0,0.110971555,0
img_08131_p04_2024,0.0,0.04554785,0
img_08131_p05_2024,0.0,0.06140046,0
img_08131_p06_2024,0.0,0.0876851,0
img_08225_2024,0.0,0.09128982,0
img_08224_2024,0.0,0.047694262,0
img_08231_2024,0.0,0.72560716,0
img_08229_2024,0.0,0.82749796,1
img_08220_2024,0.0,0.42845765,0
img_08233_2024,0.0,0.09934457,0
img_08234_2024,0.0,0.31214678,0
img_08237_2024,0.0,0.04281563,0
img_08239_2024,0.0,0.16969521,0
img_08241_2024,0.0,0.07965901,0
img_08235_2024,0.0,0.2546681,0
img_08236_2024,0.0,0.04271341,0
img_08238_2024,0.0,0.42499062,0
img_08242_2024,0.0,0.06754866,0
img_08240_2024,0.0,0.059306666,0
img_08123_p01_2024,0.0,0.037734948,0
img_08123_p02_2024,0.0,0.038559813,0
img_08123_p03_2024,0.0,0.05317066,0
img_08123_p04_2024,0.0,0.0619834,0
img_08123_p05_2024,0.0,0.03579426,0
img_08123_p06_2024,0.0,0.04594893,0
img_08123_p07_2024,0.0,0.099819385,0
img_08243_2024,0.0,0.0567746,0
img_08246_2024,0.0,0.091537245,0
img_08249_2024,0.0,0.87174076,1
img_08244_2024,0.0,0.5904965,0
img_08252_2024,0.0,0.16791946,0
img_08254_2024,0.0,0.059365336,0
img_08251_2024,0.0,0.10690586,0
img_08232_p01_2024,0.0,0.057438083,0
img_08232_p02_2024,0.0,0.03292544,0
img_08250_2024,0.0,0.13995275,0
img_08255_2024,0.0,0.08858823,0
img_08181_p01_2024,0.0,0.07053619,0
img_08181_p02_2024,0.0,0.21303613,0
img_08181_p03_2024,0.0,0.21941882,0
img_08181_p04_2024,0.0,0.062458243,0
img_08181_p05_2024,0.0,0.5048956,0
img_08253_2024,0.0,0.6645529,0
img_08258_2024,0.0,0.7284261,0
img_08248_2024,0.0,0.29173252,0
img_08259_2024,0.0,0.26053014,0
img_08260_2024,0.0,0.5096177,0
img_08263_2024,0.0,0.63953984,0
img_08230_p01_2024,0.0,0.06324427,0
img_08230_p02_2024,0.0,0.06850914,0
img_08262_2024,0.0,0.442642,0
img_08261_2024,0.0,0.0839077,0
img_08264_2024,0.0,0.054921374,0
img_08265_2024,0.0,0.063802965,0
img_08247_p01_2024,0.0,0.069665805,0
img_08247_p02_2024,0.0,0.10475725,0
img_08266_2024,0.0,0.32720822,0
img_08267_2024,0.0,0.08366193,0
img_08269_2024,0.0,0.4021404,0
img_08268_2024,0.0,0.4933636,0
img_08270_2024,0.0,0.10074058,0
img_08245_p01_2024,0.0,0.21782233,0
img_08245_p02_2024,0.0,0.03781368,0
img_08273_2024,0.0,0.07122316,0
img_08271_2024,0.0,0.9338592,1
img_08275_2024,0.0,0.657126,0
img_08274_2024,0.0,0.24526547,0
img_08272_2024,0.0,0.037268966,0
img_08276_2024,0.0,0.39568636,0
img_08278_2024,0.0,0.20107782,0
img_08281_2024,0.0,0.493978,0
img_08277_2024,0.0,0.9179489,1
img_08256_p01_2024,0.0,0.45561865,0
img_08256_p02_2024,0.0,0.402078,0
img_08279_2024,0.0,0.08877853,0
img_08280_2024,0.0,0.21028806,0
img_08257_p01_2024,0.0,0.028641801,0
img_08257_p02_2024,0.0,0.04015584,0
img_08285_2024,0.0,0.07430513,0
img_08286_2024,0.0,0.30677518,0
img_08290_2024,0.0,0.2671703,0
img_08283_2024,0.0,0.06238899,0
img_08284_2024,0.0,0.1428714,0
img_08288_2024,0.0,0.067700505,0
img_08289_2024,0.0,0.18157384,0
img_08292_2024,0.0,0.17867666,0
img_08293_2024,0.0,0.11494426,0
img_08295_2024,0.0,0.31621662,0
img_08297_2024,0.0,0.24323419,0
img_08296_2024,0.0,0.21248282,0
img_08298_2024,0.0,0.23165289,0
img_08291_2024,0.0,0.25539017,0
img_08294_2024,0.0,0.7785588,0
img_08301_2024,0.0,0.10113244,0
img_08302_2024,0.0,0.048785843,0
img_08299_2024,0.0,0.046628248,0
img_08282_p01_2024,0.0,0.036403585,0
img_08282_p02_2024,0.0,0.06405594,0
img_08303_2024,0.0,0.6992037,0
img_08304_2024,0.0,0.048056316,0
img_08188_p01_2024,0.0,0.11806315,0
img_08188_p02_2024,0.0,0.049799263,0
img_08188_p03_2024,0.0,0.052938677,0
img_08188_p04_2024,0.0,0.07353006,0
img_08188_p05_2024,0.0,0.0901984,0
img_08188_p06_2024,0.0,0.072244205,0
img_08188_p07_2024,0.0,0.054027785,0
img_08188_p08_2024,0.0,0.10339402,0
img_08305_2024,0.0,0.079131186,0
img_08309_2024,0.0,0.083844624,0
img_08300_2024,0.0,0.06100739,0
img_08310_2024,0.0,0.12337486,0
img_08311_2024,0.0,0.28004092,0
img_08306_2024,0.0,0.71906906,0
img_08314_2024,0.0,0.08429099,0
img_08313_2024,0.0,0.048127256,0
img_08316_2024,0.0,0.30376095,0
img_08307_2024,0.0,0.93653953,1
img_08317_2024,0.0,0.19434018,0
img_08318_2024,0.0,0.10365059,0
img_08322_2024,0.0,0.07800111,0
img_08324_2024,0.0,0.19680218,0
img_08325_2024,0.0,0.9058731,1
img_08323_2024,0.0,0.103734665,0
img_08321_2024,0.0,0.11551906,0
img_08329_2024,0.0,0.085705206,0
img_08330_2024,0.0,0.11418729,0
img_08331_2024,0.0,0.06340885,0
img_08328_2024,0.0,0.24066418,0
img_08308_p01_2024,0.0,0.4739002,0
img_08308_p02_2024,0.0,0.048662487,0
img_08332_2024,0.0,0.109001115,0
img_08326_2024,0.0,0.2631212,0
img_08327_2024,0.0,0.052046623,0
img_08334_2024,0.0,0.16583523,0
img_08019_p01_2024,0.0,0.08340528,0
img_08019_p02_2024,0.0,0.2652747,0
img_08019_p03_2024,0.0,0.049917,0
img_08019_p04_2024,0.0,0.03794033,0
img_08019_p05_2024,0.0,0.651495,0
img_08019_p06_2024,0.0,0.03458649,0
img_08019_p07_2024,0.0,0.060479924,0
img_08019_p08_2024,0.0,0.041054558,0
img_08019_p09_2024,0.0,0.040519755,0
img_08019_p10_2024,0.0,0.3002171,0
img_08019_p11_2024,0.0,0.16210742,0
img_08019_p12_2024,0.0,0.047289517,0
img_08019_p13_2024,0.0,0.06142574,0
img_08019_p14_2024,0.0,0.44167984,0
img_08019_p15_2024,0.0,0.3926354,0
img_08019_p16_2024,0.0,0.3336786,0
img_08019_p17_2024,0.0,0.109162144,0
img_08336_2024,0.0,0.098694496,0
img_08342_2024,0.0,0.30294898,0
img_08337_2024,0.0,0.21778129,0
img_08320_p01_2024,0.0,0.08736243,0
img_08320_p02_2024,0.0,0.46951067,0
img_08341_2024,0.0,0.09856378,0
img_08343_2024,0.0,0.90810037,1
img_08344_2024,0.0,0.21297544,0
img_08346_2024,0.0,0.2906667,0
img_08340_2024,0.0,0.16802342,0
img_08345_2024,0.0,0.5561832,0
img_08339_2024,0.0,0.094986,0
img_08338_2024,0.0,0.064894415,0
img_08347_2024,0.0,0.05109083,0
img_08350_2024,0.0,0.09404451,0
img_08319_p01_2024,0.0,0.038100854,0
img_08319_p02_2024,0.0,0.038531005,0
img_08333_p01_2024,0.0,0.2774693,0
img_08333_p02_2024,0.0,0.14032404,0
img_08355_2024,0.0,0.1461919,0
img_08353_2024,0.0,0.09269303,0
img_08348_2024,0.0,0.11408747,0
img_08354_2024,0.0,0.47813082,0
img_08358_2024,0.0,0.15457742,0
img_08360_2024,0.0,0.10183691,0
img_08364_2024,0.0,0.052849147,0
img_08361_2024,0.0,0.058247846,0
img_08357_2024,0.0,0.082359724,0
img_08363_2024,0.0,0.07810479,0
img_08351_2024,0.0,0.93831897,1
img_08367_2024,0.0,0.4834742,0
img_08365_2024,0.0,0.053376473,0
img_08368_2024,0.0,0.208896,0
img_08312_p01_2024,0.0,0.47955948,0
img_08312_p02_2024,0.0,0.25367925,0
img_08312_p03_2024,0.0,0.2702436,0
img_08312_p04_2024,0.0,0.43012372,0
img_08372_2024,0.0,0.11208548,0
img_08370_2024,0.0,0.080963194,0
img_08356_2024,0.0,0.05692573,0
img_08371_2024,0.0,0.42595124,0
img_08373_2024,0.0,0.044091113,0
img_08362_2024,0.0,0.4912571,0
img_08376_2024,0.0,0.05971091,0
img_08369_2024,0.0,0.4694403,0
img_08375_2024,0.0,0.13347661,0
img_08379_2024,0.0,0.08343835,0
img_08377_2024,0.0,0.1818422,0
img_08374_2024,0.0,0.07466788,0
img_08383_2024,0.0,0.112326756,0
img_08385_2024,0.0,0.5185021,0
img_08380_2024,0.0,0.11957908,0
img_08382_2024,0.0,0.8526949,1
img_08378_2024,0.0,0.21207248,0
img_08359_p01_2024,0.0,0.043008078,0
img_08359_p02_2024,0.0,0.039318155,0
img_08352_2024,0.0,0.046187554,0
img_08381_2024,0.0,0.10955736,0
img_08177_p01_2024,0.0,0.32532603,0
img_08177_p02_2024,0.0,0.089214124,0
img_08177_p03_2024,0.0,0.045738902,0
img_08177_p04_2024,0.0,0.053194437,0
img_08177_p05_2024,0.0,0.4586128,0
img_08177_p06_2024,0.0,0.078125626,0
img_08177_p07_2024,0.0,0.05102899,0
img_08177_p08_2024,0.0,0.045215387,0
img_08177_p09_2024,0.0,0.07458088,0
img_08177_p10_2024,0.0,0.062434427,0
img_08177_p11_2024,0.0,0.046738725,0
img_08177_p12_2024,0.0,0.04331967,0
img_08384_2024,0.0,0.9233619,1
img_08386_2024,0.0,0.4572369,0
img_08388_2024,0.0,0.121328644,0
img_08389_2024,0.0,0.48212463,0
img_08390_2024,0.0,0.8622938,1
img_08395_2024,0.0,0.09295052,0
img_08393_2024,0.0,0.14540368,0
img_08394_2024,0.0,0.9658314,1
img_08392_2024,0.0,0.060046863,0
img_08391_2024,0.0,0.03952969,0
img_08398_2024,0.0,0.80175793,1
img_08349_p01_2024,0.0,0.08985378,0
img_08349_p02_2024,0.0,0.13561368,0
img_08349_p03_2024,0.0,0.07479675,0
img_08349_p04_2024,0.0,0.06399888,0
img_08402_2024,0.0,0.8727209,1
img_08403_2024,0.0,0.38553247,0
img_08397_2024,0.0,0.102383144,0
img_08400_2024,0.0,0.10593711,0
img_08387_2024,0.0,0.15086949,0
img_08407_2024,0.0,0.25532752,0
img_08404_2024,0.0,0.28856897,0
img_08405_2024,0.0,0.05788897,0
img_08406_2024,0.0,0.91458195,1
img_08410_2024,0.0,0.53381276,0
img_08411_2024,0.0,0.14441502,0
img_08414_2024,0.0,0.30604783,0
img_08413_2024,0.0,0.15404944,0
img_08416_2024,0.0,0.6055284,0
img_08399_p01_2024,0.0,0.38121015,0
img_08399_p02_2024,0.0,0.16422723,0
img_08418_2024,0.0,0.30542204,0
img_08415_2024,0.0,0.58353746,0
img_08419_2024,0.0,0.13088492,0
img_08396_p01_2024,0.0,0.08478475,0
img_08396_p02_2024,0.0,0.065299556,0
img_08421_2024,0.0,0.5167456,0
img_08417_2024,0.0,0.11778942,0
img_08423_2024,0.0,0.14800772,0
img_08426_2024,0.0,0.8267226,1
img_08428_2024,0.0,0.36038426,0
img_08422_2024,0.0,0.20469514,0
img_08420_2024,0.0,0.29335585,0
img_08425_2024,0.0,0.15783058,0
img_08424_2024,0.0,0.41301885,0
img_08429_2024,0.0,0.07796379,0
img_08430_2024,0.0,0.28277183,0
img_08431_2024,0.0,0.077923745,0
img_08427_2024,0.0,0.30243954,0
img_08433_2024,0.0,0.11208404,0
img_08432_2024,0.0,0.9271145,1
img_08437_2024,0.0,0.11258489,0
img_08438_2024,0.0,0.09824731,0
img_08435_2024,0.0,0.24193472,0
img_08335_p01_2024,0.0,0.06964688,0
img_08335_p02_2024,0.0,0.077134565,0
img_08335_p03_2024,0.0,0.04418999,0
img_08335_p04_2024,0.0,0.061134912,0
img_08335_p05_2024,0.0,0.16300216,0
img_08335_p06_2024,0.0,0.04799254,0
img_08441_2024,0.0,0.266083,0
img_08434_2024,0.0,0.28084385,0
img_08436_2024,0.0,0.14376135,0
img_08442_2024,0.0,0.46403617,0
img_08443_2024,0.0,0.69965553,0
img_08439_2024,0.0,0.39410132,0
img_08408_p01_2024,0.0,0.12059245,0
img_08408_p02_2024,0.0,0.048613824,0
img_08445_2024,0.0,0.07591607,0
img_08440_2024,0.0,0.157961,0
img_08447_2024,0.0,0.51895744,0
img_08450_2024,0.0,0.048277114,0
img_08446_2024,0.0,0.2066795,0
img_08452_2024,0.0,0.39902672,0
img_08453_2024,0.0,0.3358517,0
img_08449_2024,0.0,0.14254855,0
img_08454_2024,0.0,0.28403625,0
img_08456_2024,0.0,0.39267686,0
img_08459_2024,0.0,0.38490957,0
img_08458_2024,0.0,0.18558487,0
img_08457_2024,0.0,0.6274216,0
img_08451_2024,0.0,0.14880821,0
img_08460_2024,0.0,0.24018785,0
img_08409_p01_2024,0.0,0.6426268,0
img_08409_p02_2024,0.0,0.8778542,1
img_08409_p03_2024,0.0,0.5223184,0
img_08409_p04_2024,0.0,0.5885527,0
img_08465_2024,0.0,0.16856804,0
img_08462_2024,0.0,0.10644816,0
img_08464_2024,0.0,0.11030485,0
img_08455_2024,0.0,0.09225231,0
img_08466_2024,0.0,0.08693098,0
img_08461_2024,0.0,0.30613968,0
img_08470_2024,0.0,0.11326969,0
img_08467_2024,0.0,0.5394451,0
img_08444_p01_2024,0.0,0.11075564,0
img_08444_p02_2024,0.0,0.10209048,0
img_08468_2024,0.0,0.28471822,0
img_08471_2024,0.0,0.34759882,0
img_08463_2024,0.0,0.068615966,0
img_08469_2024,0.0,0.15296298,0
img_08412_p01_2024,0.0,0.05183663,0
img_08412_p02_2024,0.0,0.038367108,0
img_08412_p03_2024,0.0,0.057905003,0
img_08412_p04_2024,0.0,0.040171362,0
img_08472_2024,0.0,0.06776538,0
img_08475_2024,0.0,0.94669473,1
img_08478_2024,0.0,0.5821217,0
img_08476_2024,0.0,0.19809718,0
img_08474_2024,0.0,0.12840925,0
img_08477_2024,0.0,0.39155614,0
img_08473_2024,0.0,0.2785439,0
img_08448_p01_2024,0.0,0.041811068,0
img_08448_p02_2024,0.0,0.08688284,0
img_08479_2024,0.0,0.49716225,0
img_08480_2024,0.0,0.07420952,0
img_08482_2024,0.0,0.08873763,0
img_08483_2024,0.0,0.16997863,0
img_08481_2024,0.0,0.12527682,0
img_08487_2024,0.0,0.5158561,0
img_08485_2024,0.0,0.40868565,0
img_08489_2024,0.0,0.069034174,0
img_08287_p01_2024,0.0,0.07647868,0
img_08287_p02_2024,0.0,0.41019818,0
img_08287_p03_2024,0.0,0.045400552,0
img_08287_p04_2024,0.0,0.0609824,0
img_08287_p05_2024,0.0,0.04930989,0
img_08287_p06_2024,0.0,0.05616828,0
img_08287_p07_2024,0.0,0.05221451,0
img_08287_p08_2024,0.0,0.039485097,0
img_08287_p09_2024,0.0,0.06917598,0
img_08287_p10_2024,0.0,0.052855365,0
img_08484_2024,0.0,0.5767915,0
img_08488_2024,0.0,0.065987736,0
img_08492_2024,0.0,0.18229647,0
img_08496_2024,0.0,0.15051179,0
img_08494_2024,0.0,0.43399754,0
img_08497_2024,0.0,0.1633625,0
img_08490_2024,0.0,0.96801466,1
img_08493_2024,0.0,0.08392598,0
img_08498_2024,0.0,0.54488,0
img_08499_2024,0.0,0.06656671,0
img_08495_2024,0.0,0.08391956,0
img_08491_2024,0.0,0.03538827,0
img_08501_2024,0.0,0.97203,1
img_08510_2024,0.0,0.062530726,0
img_08504_2024,0.0,0.13706677,0
img_08508_2024,0.0,0.9661615,1
img_08511_2024,0.0,0.08654833,0
img_08507_2024,0.0,0.8497342,1
img_08505_2024,0.0,0.39895985,0
img_08512_2024,0.0,0.94974774,1
img_08509_2024,0.0,0.41169962,0
img_08506_2024,0.0,0.23574267,0
img_08514_2024,0.0,0.085639805,0
img_08516_2024,0.0,0.18329759,0
img_08500_2024,0.0,0.03600262,0
img_08503_2024,0.0,0.06540065,0
img_08515_2024,0.0,0.2620926,0
img_08517_2024,0.0,0.11086502,0
img_08486_p01_2024,0.0,0.06064822,0
img_08486_p02_2024,0.0,0.25740325,0
img_08513_2024,0.0,0.19769306,0
img_08520_2024,0.0,0.05886186,0
img_08518_2024,0.0,0.083254464,0
img_08524_2024,0.0,0.7802644,0
img_08401_p01_2024,0.0,0.091851145,0
img_08401_p02_2024,0.0,0.04951497,0
img_08401_p03_2024,0.0,0.07429325,0
img_08401_p04_2024,0.0,0.050255362,0
img_08401_p05_2024,0.0,0.048326056,0
img_08401_p06_2024,0.0,0.07436268,0
img_08519_2024,0.0,0.15777278,0
img_08525_2024,0.0,0.24770649,0
img_08521_2024,0.0,0.66978115,0
img_08526_2024,0.0,0.3858412,0
img_08529_2024,0.0,0.06097244,0
img_08523_2024,0.0,0.05662964,0
img_08528_2024,0.0,0.064137004,0
img_08532_2024,0.0,0.06143913,0
img_08315_p01_2024,0.0,0.068248,0
img_08315_p02_2024,0.0,0.049760144,0
img_08315_p03_2024,0.0,0.070653535,0
img_08315_p04_2024,0.0,0.061635185,0
img_08315_p05_2024,0.0,0.16839454,0
img_08315_p06_2024,0.0,0.055362914,0
img_08315_p07_2024,0.0,0.052209888,0
img_08315_p08_2024,0.0,0.046108086,0
img_08315_p09_2024,0.0,0.05152318,0
img_08315_p10_2024,0.0,0.21006012,0
img_08535_2024,0.0,0.037644163,0
img_08527_2024,0.0,0.1586924,0
img_08530_2024,0.0,0.14150289,0
img_08539_2024,0.0,0.58762175,0
img_08537_2024,0.0,0.10790645,0
img_08531_2024,0.0,0.0687524,0
img_08534_2024,0.0,0.94354326,1
img_08536_2024,0.0,0.062389318,0
img_08540_2024,0.0,0.79219383,1
img_08542_2024,0.0,0.14299718,0
img_08544_2024,0.0,0.930967,1
img_08543_2024,0.0,0.035742335,0
img_08547_2024,0.0,0.1484797,0
img_08545_2024,0.0,0.08014642,0
img_08533_2024,0.0,0.5402571,0
img_08541_2024,0.0,0.08372526,0
img_08549_2024,0.0,0.78575814,0
img_08552_2024,0.0,0.1393744,0
img_08548_2024,0.0,0.19554594,0
img_08546_2024,0.0,0.2917126,0
img_08522_p01_2024,0.0,0.049567744,0
img_08522_p02_2024,0.0,0.07258111,0
img_08560_2024,0.0,0.39157903,0
img_08556_2024,0.0,0.1050334,0
img_08559_2024,0.0,0.059753735,0
img_08551_2024,0.0,0.47513413,0
img_08561_2024,0.0,0.53023124,0
img_08554_2024,0.0,0.7089691,0
img_08557_2024,0.0,0.102773,0
img_08564_2024,0.0,0.5991543,0
img_08555_2024,0.0,0.24941717,0
img_08562_2024,0.0,0.14788572,0
img_08550_2024,0.0,0.50205207,0
img_08565_2024,0.0,0.15502381,0
img_08567_2024,0.0,0.36512202,0
img_08566_2024,0.0,0.09049737,0
img_08538_p01_2024,0.0,0.27698803,0
img_08538_p02_2024,0.0,0.14332885,0
img_08570_2024,0.0,0.10132615,0
img_08563_2024,0.0,0.09121141,0
img_08558_2024,0.0,0.6867443,0
img_08574_2024,0.0,0.646686,0
img_08572_2024,0.0,0.05043527,0
img_08575_2024,0.0,0.2891876,0
img_08568_2024,0.0,0.19404078,0
img_08569_2024,0.0,0.7150392,0
img_08502_p01_2024,0.0,0.05177643,0
img_08502_p02_2024,0.0,0.041104626,0
img_08502_p03_2024,0.0,0.060466476,0
img_08502_p04_2024,0.0,0.04274675,0
img_08553_2024,0.0,0.05852893,0
img_08579_2024,0.0,0.2948524,0
img_08580_2024,0.0,0.5277306,0
img_08571_2024,0.0,0.061172277,0
img_08586_2024,0.0,0.07942284,0
img_08587_2024,0.0,0.629026,0
img_08573_2024,0.0,0.5050236,0
img_08577_2024,0.0,0.09506266,0
img_08576_2024,0.0,0.85139304,1
img_08578_2024,0.0,0.07777076,0
img_08590_2024,0.0,0.058693163,0
img_08588_2024,0.0,0.2203568,0
img_08582_2024,0.0,0.9495866,1
img_08583_2024,0.0,0.047449168,0
img_08589_2024,0.0,0.5964924,0
img_08585_2024,0.0,0.09182474,0
img_08584_2024,0.0,0.078630425,0
img_08593_2024,0.0,0.051548105,0
img_08591_2024,0.0,0.46997616,0
img_08594_2024,0.0,0.37950167,0
img_08596_2024,0.0,0.19710442,0
img_08595_2024,0.0,0.73254174,0
img_08600_2024,0.0,0.081106335,0
img_08598_2024,0.0,0.27004698,0
img_08599_2024,0.0,0.7516349,0
img_08601_2024,0.0,0.94670093,1
img_08602_2024,0.0,0.058896866,0
img_08597_2024,0.0,0.026490383,0
img_08608_2024,0.0,0.11219212,0
img_08605_2024,0.0,0.27688694,0
img_08607_2024,0.0,0.063233316,0
img_08592_2024,0.0,0.102422066,0
img_08611_2024,0.0,0.07127984,0
img_08610_2024,0.0,0.069525026,0
img_08606_2024,0.0,0.04712052,0
img_08609_2024,0.0,0.2624746,0
img_08613_2024,0.0,0.15595654,0
img_08614_2024,0.0,0.34106037,0
img_08616_2024,0.0,0.3616887,0
img_08612_2024,0.0,0.46764997,0
img_08619_2024,0.0,0.39470255,0
img_08617_2024,0.0,0.09736101,0
img_08621_2024,0.0,0.08447704,0
img_08618_2024,0.0,0.932192,1
img_08620_2024,0.0,0.060439013,0
img_08615_2024,0.0,0.04312264,0
img_08622_2024,0.0,0.33956745,0
img_08623_2024,0.0,0.11478987,0
img_08624_2024,0.0,0.042505685,0
img_08625_2024,0.0,0.09148634,0
img_08628_2024,0.0,0.869681,1
img_08629_2024,0.0,0.28218362,0
img_08634_2024,0.0,0.16082518,0
img_08627_2024,0.0,0.13265781,0
img_08631_2024,0.0,0.052027337,0
img_08638_2024,0.0,0.03664987,0
img_08630_2024,0.0,0.08703201,0
img_08641_2024,0.0,0.06923664,0
img_08642_2024,0.0,0.07634576,0
img_08632_2024,0.0,0.1960412,0
img_08637_2024,0.0,0.19114743,0
img_08636_2024,0.0,0.044497065,0
img_08643_2024,0.0,0.06957313,0
img_08635_2024,0.0,0.23297034,0
img_08640_2024,0.0,0.45076197,0
img_08644_2024,0.0,0.088626854,0
img_08645_2024,0.0,0.07572736,0
img_08646_2024,0.0,0.9571539,1
img_08650_2024,0.0,0.71687806,0
img_08649_2024,0.0,0.096520655,0
img_08648_2024,0.0,0.26699024,0
img_08656_2024,0.0,0.46688518,0
img_08651_2024,0.0,0.1704943,0
img_08653_2024,0.0,0.42018282,0
img_08654_2024,0.0,0.33300278,0
img_08647_2024,0.0,0.20646702,0
img_08655_2024,0.0,0.33859247,0
img_08652_2024,0.0,0.34653565,0
img_08657_2024,0.0,0.40292284,0
img_08603_p01_2024,0.0,0.16286667,0
img_08603_p02_2024,0.0,0.160626,0
img_08660_2024,0.0,0.62725264,0
img_08633_p01_2024,0.0,0.45766583,0
img_08633_p02_2024,0.0,0.26627088,0
img_08665_2024,0.0,0.3722166,0
img_08663_2024,0.0,0.30036685,0
img_08669_2024,0.0,0.46790004,0
img_08666_2024,0.0,0.6283824,0
img_08670_2024,0.0,0.95398897,1
img_08659_2024,0.0,0.58028084,0
img_08667_2024,0.0,0.4439976,0
img_08661_2024,0.0,0.18267457,0
img_08671_2024,0.0,0.74283516,0
img_08658_2024,0.0,0.30290768,0
img_08639_p01_2024,0.0,0.08719879,0
img_08639_p02_2024,0.0,0.10853152,0
img_08604_p01_2024,0.0,0.13508005,0
img_08604_p02_2024,0.0,0.065503046,0
img_08604_p03_2024,0.0,0.17630927,0
img_08604_p04_2024,0.0,0.0487687,0
img_08673_2024,0.0,0.5298939,0
img_08672_2024,0.0,0.5212046,0
img_08664_2024,0.0,0.30423445,0
img_08674_2024,0.0,0.5203333,0
img_08662_2024,0.0,0.49139926,0
img_08668_2024,0.0,0.03535829,0
img_08678_2024,0.0,0.47551125,0
img_08680_2024,0.0,0.48910406,0
img_08682_2024,0.0,0.923815,1
img_08677_2024,0.0,0.33463678,0
img_08679_2024,0.0,0.08033575,0
img_08683_2024,0.0,0.15348712,0
img_08675_2024,0.0,0.11438276,0
img_08686_2024,0.0,0.23379178,0
img_08684_2024,0.0,0.22648735,0
img_08691_2024,0.0,0.14914809,0
img_08689_2024,0.0,0.3117121,0
img_08692_2024,0.0,0.16264896,0
img_08687_2024,0.0,0.061706554,0
img_08688_2024,0.0,0.35769922,0
img_08690_2024,0.0,0.5741402,0
img_08695_2024,0.0,0.7444785,0
img_08696_2024,0.0,0.071812294,0
img_08698_2024,0.0,0.78050584,0
img_08699_2024,0.0,0.4548622,0
img_08697_2024,0.0,0.7866472,0
img_08702_2024,0.0,0.16411531,0
img_08694_2024,0.0,0.057892114,0
img_08693_2024,0.0,0.18934403,0
img_08707_2024,0.0,0.7999305,1
img_08700_2024,0.0,0.1028346,0
img_08704_2024,0.0,0.13483103,0
img_08706_2024,0.0,0.89399725,1
img_08703_2024,0.0,0.049997896,0
img_08705_2024,0.0,0.4413807,0
img_08681_p01_2024,0.0,0.06045617,0
img_08681_p02_2024,0.0,0.12314194,0
img_08710_2024,0.0,0.33298308,0
img_08709_2024,0.0,0.09906348,0
img_08711_2024,0.0,0.95334226,1
img_08626_p01_2024,0.0,0.06313361,0
img_08626_p02_2024,0.0,0.034197614,0
img_08626_p03_2024,0.0,0.035838805,0
img_08626_p04_2024,0.0,0.04153711,0
img_08685_p01_2024,0.0,0.049780678,0
img_08685_p02_2024,0.0,0.04671181,0
img_08712_2024,0.0,0.5779592,0
img_08713_2024,0.0,0.45921233,0
img_08715_2024,0.0,0.22206198,0
img_08708_2024,0.0,0.2410585,0
img_08721_2024,0.0,0.08695118,0
img_08717_2024,0.0,0.38797095,0
img_08720_2024,0.0,0.96449715,1
img_08718_2024,0.0,0.13176249,0
img_08722_2024,0.0,0.46290746,0
img_08723_2024,0.0,0.2238228,0
img_08714_2024,0.0,0.85200644,1
img_08726_2024,0.0,0.060411405,0
img_08724_2024,0.0,0.08239038,0
img_08729_2024,0.0,0.45760152,0
img_08719_2024,0.0,0.4934617,0
img_08728_2024,0.0,0.45181522,0
img_08727_2024,0.0,0.11688398,0
img_08725_2024,0.0,0.048483554,0
img_08733_2024,0.0,0.51701444,0
img_08734_2024,0.0,0.8836129,1
img_08731_2024,0.0,0.5127867,0
img_08732_2024,0.0,0.07837103,0
img_08736_2024,0.0,0.43251467,0
img_08738_2024,0.0,0.5243367,0
img_08581_p01_2024,0.0,0.041796483,0
img_08581_p02_2024,0.0,0.0851198,0
img_08581_p03_2024,0.0,0.06982001,0
img_08581_p04_2024,0.0,0.0833147,0
img_08581_p05_2024,0.0,0.07341831,0
img_08581_p06_2024,0.0,0.08507228,0
img_08676_p01_2024,0.0,0.06073841,0
img_08676_p02_2024,0.0,0.12555994,0
img_08676_p03_2024,0.0,0.053153876,0
img_08676_p04_2024,0.0,0.051796827,0
img_08730_2024,0.0,0.23947467,0
img_08735_2024,0.0,0.043246385,0
img_08743_2024,0.0,0.2758137,0
img_08739_2024,0.0,0.6028972,0
img_08744_2024,0.0,0.22218508,0
img_08741_2024,0.0,0.1534552,0
img_08740_2024,0.0,0.48512393,0
img_08746_2024,0.0,0.3717603,0
img_08748_2024,0.0,0.5115324,0
img_08754_2024,0.0,0.29493788,0
img_08747_2024,0.0,0.79733557,1
img_08750_2024,0.0,0.27884087,0
img_08752_2024,0.0,0.48939887,0
img_08753_2024,0.0,0.041148882,0
img_08755_2024,0.0,0.08188736,0
img_08757_2024,0.0,0.7353056,0
img_08742_2024,0.0,0.1808558,0
img_08751_2024,0.0,0.46784538,0
img_08749_2024,0.0,0.8871745,1
img_08701_p01_2024,0.0,0.40393627,0
img_08701_p02_2024,0.0,0.36505854,0
img_08701_p03_2024,0.0,0.18691266,0
img_08701_p04_2024,0.0,0.23774134,0
img_08756_2024,0.0,0.15660143,0
img_08759_2024,0.0,0.028967254,0
img_08758_2024,0.0,0.5176104,0
img_08760_2024,0.0,0.16044267,0
img_08767_2024,0.0,0.13832194,0
img_08761_2024,0.0,0.27120852,0
img_08762_2024,0.0,0.042441756,0
img_08765_2024,0.0,0.043256056,0
img_08773_2024,0.0,0.189941,0
img_08745_p01_2024,0.0,0.17617637,0
img_08745_p02_2024,0.0,0.18880159,0
img_08768_2024,0.0,0.51931375,0
img_08769_2024,0.0,0.15727907,0
img_08766_2024,0.0,0.10024798,0
img_08771_2024,0.0,0.085293524,0
img_08737_p01_2024,0.0,0.3630785,0
img_08737_p02_2024,0.0,0.074342325,0
img_08763_2024,0.0,0.48119175,0
img_08778_2024,0.0,0.26243395,0
img_08776_2024,0.0,0.48362806,0
img_08772_2024,0.0,0.06359286,0
img_08779_2024,0.0,0.065336004,0
img_08777_2024,0.0,0.68784267,0
img_08770_2024,0.0,0.18602368,0
img_08774_2024,0.0,0.16976577,0
img_08775_2024,0.0,0.04316579,0
img_08781_2024,0.0,0.051637203,0
img_08764_2024,0.0,0.18700348,0
img_08785_2024,0.0,0.07828131,0
img_08782_2024,0.0,0.31540492,0
img_08784_2024,0.0,0.13811031,0
img_08783_2024,0.0,0.04977575,0
img_08780_2024,0.0,0.06636721,0
img_08786_2024,0.0,0.3161163,0
img_08790_2024,0.0,0.26130432,0
img_08791_2024,0.0,0.28551063,0
img_08787_2024,0.0,0.08326679,0
img_08794_2024,0.0,0.9345254,1
img_08789_2024,0.0,0.25872225,0
img_08792_2024,0.0,0.15344556,0
img_08798_2024,0.0,0.26067,0
img_08795_2024,0.0,0.7215431,0
img_08799_2024,0.0,0.27837303,0
img_08801_2024,0.0,0.21579833,0
img_08797_2024,0.0,0.45837665,0
img_08793_2024,0.0,0.22487812,0
img_08803_2024,0.0,0.18355519,0
img_08796_2024,0.0,0.05185298,0
img_08805_2024,0.0,0.3925334,0
img_08804_2024,0.0,0.08228332,0
img_08800_2024,0.0,0.076436594,0
img_08716_p01_2024,0.0,0.09761816,0
img_08716_p02_2024,0.0,0.15868124,0
img_08716_p03_2024,0.0,0.10453862,0
img_08716_p04_2024,0.0,0.16582951,0
img_08806_2024,0.0,0.4339647,0
img_08802_2024,0.0,0.47851416,0
img_08810_2024,0.0,0.20528202,0
img_08812_2024,0.0,0.04206478,0
img_08808_2024,0.0,0.9564218,1
img_08809_2024,0.0,0.032356817,0
img_08818_2024,0.0,0.3307615,0
img_08814_2024,0.0,0.97416955,1
img_08815_2024,0.0,0.05311642,0
img_08817_2024,0.0,0.2701153,0
img_08811_2024,0.0,0.9616439,1
img_08821_2024,0.0,0.18438368,0
img_08807_2024,0.0,0.22544676,0
img_08819_2024,0.0,0.48469368,0
img_08813_2024,0.0,0.10009231,0
img_08820_2024,0.0,0.9358622,1
img_08822_2024,0.0,0.37358636,0
img_08823_2024,0.0,0.17329173,0
img_08825_2024,0.0,0.11106492,0
img_08816_2024,0.0,0.13237873,0
img_08824_2024,0.0,0.36999428,0
img_08827_2024,0.0,0.72941136,0
img_08829_2024,0.0,0.058498368,0
img_08826_2024,0.0,0.47007653,0
img_08828_2024,0.0,0.03632818,0
img_08841_2024,0.0,0.100254536,0
img_08835_2024,0.0,0.85523826,1
img_08833_2024,0.0,0.07445499,0
img_08839_2024,0.0,0.970676,1
img_08837_2024,0.0,0.43227154,0
img_08845_2024,0.0,0.3278668,0
img_08846_2024,0.0,0.1696566,0
img_08842_2024,0.0,0.92562133,1
img_08840_2024,0.0,0.20061013,0
img_08831_2024,0.0,0.101421185,0
img_08847_2024,0.0,0.4501671,0
img_08836_2024,0.0,0.13593832,0
img_08832_2024,0.0,0.96548116,1
img_08843_2024,0.0,0.141696,0
img_08844_2024,0.0,0.31766847,0
img_08834_2024,0.0,0.08329783,0
img_08848_2024,0.0,0.13523573,0
img_08852_2024,0.0,0.105401814,0
img_08853_2024,0.0,0.9652659,1
img_08850_2024,0.0,0.074067235,0
img_08849_2024,0.0,0.22302426,0
img_08851_2024,0.0,0.0726375,0
img_08857_2024,0.0,0.24781415,0
img_08854_2024,0.0,0.46509635,0
img_08860_2024,0.0,0.24215104,0
img_08859_2024,0.0,0.8957731,1
img_08856_2024,0.0,0.046409912,0
img_08855_2024,0.0,0.043931346,0
img_08861_2024,0.0,0.061149873,0
img_08830_p01_2024,0.0,0.11589865,0
img_08830_p02_2024,0.0,0.12418204,0
img_08866_2024,0.0,0.96668565,1
img_08864_2024,0.0,0.063071765,0
img_08865_2024,0.0,0.4952685,0
img_08858_2024,0.0,0.09107363,0
img_08871_2024,0.0,0.4995126,0
img_08868_2024,0.0,0.5289535,0
img_08863_2024,0.0,0.050334483,0
img_08867_2024,0.0,0.8004224,1
img_08872_2024,0.0,0.09202677,0
img_08873_2024,0.0,0.095150575,0
img_08875_2024,0.0,0.7778859,0
img_08862_2024,0.0,0.96325034,1
img_08874_2024,0.0,0.5369127,0
img_08876_2024,0.0,0.2432593,0
img_08869_2024,0.0,0.6655466,0
img_08879_2024,0.0,0.44503033,0
img_08880_2024,0.0,0.24948008,0
img_08788_p01_2024,0.0,0.08154036,0
img_08788_p02_2024,0.0,0.042491045,0
img_08788_p03_2024,0.0,0.16009758,0
img_08788_p04_2024,0.0,0.07330364,0
img_08878_2024,0.0,0.8126994,1
img_08877_2024,0.0,0.042446814,0
img_08885_2024,0.0,0.071730725,0
img_08882_2024,0.0,0.10192593,0
img_08883_2024,0.0,0.100829504,0
img_08894_2024,0.0,0.03927647,0
img_08886_2024,0.0,0.119243436,0
img_08881_2024,0.0,0.084636666,0
img_08893_2024,0.0,0.2567661,0
img_08884_2024,0.0,0.060861334,0
img_08888_2024,0.0,0.32289633,0
img_08895_2024,0.0,0.9464153,1
img_08889_2024,0.0,0.17424415,0
img_08887_2024,0.0,0.4723926,0
img_08890_2024,0.0,0.04998078,0
img_08891_2024,0.0,0.03962854,0
img_08897_2024,0.0,0.2663916,0
img_08896_2024,0.0,0.56596524,0
img_08892_2024,0.0,0.24492197,0
img_08900_2024,0.0,0.2903986,0
img_08898_2024,0.0,0.22237009,0
img_08901_2024,0.0,0.6281958,0
img_08899_2024,0.0,0.27722868,0
img_08902_2024,0.0,0.64588445,0
img_08903_2024,0.0,0.20459333,0
img_08905_2024,0.0,0.87328607,1
img_08904_2024,0.0,0.4219693,0
img_08909_2024,0.0,0.30488622,0
img_08914_2024,0.0,0.26671144,0
img_08910_2024,0.0,0.8979392,1
img_08838_p01_2024,0.0,0.059736926,0
img_08838_p02_2024,0.0,0.06343791,0
img_08838_p03_2024,0.0,0.054275934,0
img_08838_p04_2024,0.0,0.707484,0
img_08908_2024,0.0,0.25904894,0
img_08906_2024,0.0,0.40900862,0
img_08918_2024,0.0,0.44236612,0
img_08915_2024,0.0,0.066713154,0
img_08913_2024,0.0,0.08930439,0
img_08912_2024,0.0,0.068699405,0
img_08907_2024,0.0,0.04183717,0
img_08916_2024,0.0,0.06825948,0
img_08911_2024,0.0,0.076923385,0
img_08921_2024,0.0,0.23823227,0
img_08926_2024,0.0,0.056723002,0
img_08924_2024,0.0,0.055620316,0
img_08927_2024,0.0,0.06312165,0
img_08928_2024,0.0,0.14296596,0
img_08930_2024,0.0,0.2545384,0
img_08929_2024,0.0,0.9687433,1
img_08923_2024,0.0,0.2622536,0
img_08925_2024,0.0,0.9698214,1
img_08870_p01_2024,0.0,0.093197905,0
img_08870_p02_2024,0.0,0.109063834,0
img_08870_p03_2024,0.0,0.3057706,0
img_08922_2024,0.0,0.0587091,0
img_08934_2024,0.0,0.3199963,0
img_08920_2024,0.0,0.03754696,0
img_08941_2024,0.0,0.65932566,0
img_08939_2024,0.0,0.48107684,0
img_08933_2024,0.0,0.3034509,0
img_08938_2024,0.0,0.12578033,0
img_08940_2024,0.0,0.901373,1
img_08937_2024,0.0,0.3723883,0
img_08936_2024,0.0,0.06679687,0
img_08943_2024,0.0,0.19710675,0
img_08945_2024,0.0,0.23794629,0
img_08935_2024,0.0,0.052492257,0
img_08942_2024,0.0,0.37718242,0
img_08946_2024,0.0,0.8044262,1
img_08931_2024,0.0,0.1719313,0
img_08944_2024,0.0,0.74802727,0
img_08947_2024,0.0,0.4416516,0
img_08948_2024,0.0,0.91201705,1
img_08919_p01_2024,0.0,0.10187168,0
img_08919_p02_2024,0.0,0.09303064,0
img_08949_2024,0.0,0.054414924,0
img_08950_2024,0.0,0.8464515,1
img_08917_p01_2024,0.0,0.043011855,0
img_08917_p02_2024,0.0,0.09608086,0
img_08954_2024,0.0,0.97807956,1
img_08951_2024,0.0,0.13417871,0
img_08953_2024,0.0,0.94817805,1
img_08952_2024,0.0,0.15786934,0
img_08956_2024,0.0,0.09543989,0
img_08959_2024,0.0,0.21533594,0
img_08958_2024,0.0,0.04598242,0
img_08957_2024,0.0,0.07706884,0
img_08961_2024,0.0,0.17425779,0
img_08960_2024,0.0,0.8110824,1
img_08965_2024,0.0,0.06388206,0
img_08964_2024,0.0,0.072960906,0
img_08955_2024,0.0,0.29599527,0
img_08963_2024,0.0,0.22811486,0
img_08968_2024,0.0,0.92032313,1
img_08967_2024,0.0,0.93963677,1
img_08962_2024,0.0,0.22665945,0
img_08969_2024,0.0,0.10597171,0
img_08966_2024,0.0,0.16970652,0
img_08971_2024,0.0,0.6115332,0
img_08972_2024,0.0,0.9686517,1
img_08977_2024,0.0,0.38059875,0
img_08970_2024,0.0,0.95961094,1
img_08932_p01_2024,0.0,0.032701667,0
img_08932_p02_2024,0.0,0.036477942,0
img_08978_2024,0.0,0.8435342,1
img_08979_2024,0.0,0.19275123,0
img_08976_2024,0.0,0.34066194,0
img_08981_2024,0.0,0.27165794,0
img_08980_2024,0.0,0.46406394,0
img_08975_2024,0.0,0.3420239,0
img_08985_2024,0.0,0.93632996,1
img_08983_2024,0.0,0.034017675,0
img_08973_2024,0.0,0.12730104,0
img_08982_2024,0.0,0.3062952,0
img_08991_2024,0.0,0.075842485,0
img_08989_2024,0.0,0.49104527,0
img_08990_2024,0.0,0.07454818,0
img_08987_2024,0.0,0.09844103,0
img_08997_2024,0.0,0.104828104,0
img_08998_2024,0.0,0.3075255,0
img_08993_2024,0.0,0.155259,0
img_08999_2024,0.0,0.57998794,0
img_09002_2024,0.0,0.10872026,0
img_08996_2024,0.0,0.03940266,0
img_09001_2024,0.0,0.45815215,0
img_08994_2024,0.0,0.10124944,0
img_09000_2024,0.0,0.4007429,0
img_08984_p01_2024,0.0,0.96055406,1
img_08984_p02_2024,0.0,0.9730604,1
img_09006_2024,0.0,0.39564127,0
img_09008_2024,0.0,0.8551336,1
img_09004_2024,0.0,0.35321876,0
img_08974_p01_2024,0.0,0.23899318,0
img_08974_p02_2024,0.0,0.44334188,0
img_08974_p03_2024,0.0,0.07560261,0
img_09009_2024,0.0,0.13597046,0
img_09012_2024,0.0,0.29535267,0
img_09013_2024,0.0,0.6481712,0
img_09011_2024,0.0,0.17409012,0
img_09010_2024,0.0,0.16731074,0
img_09014_2024,0.0,0.27070034,0
img_09016_2024,0.0,0.10785385,0
img_08988_p01_2024,0.0,0.07007444,0
img_08988_p02_2024,0.0,0.09571195,0
img_09017_2024,0.0,0.11808591,0
img_09015_2024,0.0,0.27201775,0
img_08995_p01_2024,0.0,0.43756273,0
img_08995_p02_2024,0.0,0.06437219,0
img_09007_2024,0.0,0.040728856,0
img_09021_2024,0.0,0.8917187,1
img_09020_2024,0.0,0.47857985,0
img_09024_2024,0.0,0.7701182,0
img_09023_2024,0.0,0.101281665,0
img_09022_2024,0.0,0.77771056,0
img_09019_2024,0.0,0.08904197,0
img_09026_2024,0.0,0.56859994,0
img_09025_2024,0.0,0.8545686,1
img_09003_p01_2024,0.0,0.44046587,0
img_09003_p02_2024,0.0,0.16983032,0
img_09028_2024,0.0,0.1139033,0
img_09029_2024,0.0,0.26749805,0
img_09034_2024,0.0,0.48158956,0
img_09037_2024,0.0,0.9507055,1
img_09032_2024,0.0,0.07921231,0
img_09035_2024,0.0,0.477392,0
img_09031_2024,0.0,0.4136352,0
img_09033_2024,0.0,0.13974005,0
img_09040_2024,0.0,0.2885111,0
img_09030_2024,0.0,0.09777135,0
img_09041_2024,0.0,0.08653737,0
img_09038_2024,0.0,0.4126581,0
img_09043_2024,0.0,0.8500363,1
img_09036_2024,0.0,0.13933997,0
img_09045_2024,0.0,0.24381922,0
img_09042_2024,0.0,0.121509634,0
img_09039_2024,0.0,0.19996786,0
img_09046_2024,0.0,0.040463716,0
img_09047_2024,0.0,0.10983054,0
img_09049_2024,0.0,0.075326666,0
img_09044_2024,0.0,0.06585677,0
img_09053_2024,0.0,0.22698504,0
img_09048_2024,0.0,0.04529656,0
img_09054_2024,0.0,0.50621,0
img_09050_2024,0.0,0.22190727,0
img_09051_2024,0.0,0.14716873,0
img_08992_p01_2024,0.0,0.03830126,0
img_08992_p02_2024,0.0,0.06109679,0
img_08992_p03_2024,0.0,0.06234938,0
img_08992_p04_2024,0.0,0.070138596,0
img_09057_2024,0.0,0.06668803,0
img_09055_2024,0.0,0.33871886,0
img_09052_2024,0.0,0.05196845,0
img_09018_p01_2024,0.0,0.20827514,0
img_09018_p02_2024,0.0,0.1334335,0
img_09018_p03_2024,0.0,0.07687115,0
img_09058_2024,0.0,0.07094907,0
img_09062_2024,0.0,0.16027065,0
img_09063_2024,0.0,0.9735768,1
img_09064_2024,0.0,0.047531575,0
img_09056_2024,0.0,0.092660494,0
img_09065_2024,0.0,0.09460798,0
img_09069_2024,0.0,0.37014434,0
img_09066_2024,0.0,0.07163301,0
img_09061_2024,0.0,0.96794295,1
img_09074_2024,0.0,0.08696008,0
img_09068_2024,0.0,0.13440546,0
img_09067_2024,0.0,0.5788706,0
img_09070_2024,0.0,0.25968075,0
img_09075_2024,0.0,0.054266345,0
img_09072_2024,0.0,0.13531978,0
img_09076_2024,0.0,0.5264792,0
img_09071_2024,0.0,0.94955873,1
img_09079_2024,0.0,0.66895753,0
img_09081_2024,0.0,0.50885355,0
img_09080_2024,0.0,0.2860958,0
img_09082_2024,0.0,0.075022295,0
img_09086_2024,0.0,0.43725017,0
img_09084_2024,0.0,0.09119858,0
img_09087_2024,0.0,0.31735826,0
img_09088_2024,0.0,0.33206096,0
img_09094_2024,0.0,0.091281354,0
img_09027_p01_2024,0.0,0.031194147,0
img_09027_p02_2024,0.0,0.03669186,0
img_09027_p03_2024,0.0,0.033505443,0
img_09027_p04_2024,0.0,0.039341107,0
img_09092_2024,0.0,0.77855784,0
img_09089_2024,0.0,0.044512432,0
img_09095_2024,0.0,0.5245538,0
img_09098_2024,0.0,0.50366515,0
img_09090_2024,0.0,0.4397947,0
img_09005_p01_2024,0.0,0.0930831,0
img_09005_p02_2024,0.0,0.09526616,0
img_09005_p03_2024,0.0,0.34903243,0
img_09005_p04_2024,0.0,0.085566126,0
img_09005_p05_2024,0.0,0.036466185,0
img_09005_p06_2024,0.0,0.038828086,0
img_09097_2024,0.0,0.18639788,0
img_09101_2024,0.0,0.36972257,0
img_09102_2024,0.0,0.09204238,0
img_09099_2024,0.0,0.93178266,1
img_09106_2024,0.0,0.27571985,0
img_09105_2024,0.0,0.060406387,0
img_09104_2024,0.0,0.06548422,0
img_09103_2024,0.0,0.16264765,0
img_09100_2024,0.0,0.9258852,1
img_09111_2024,0.0,0.31103504,0
img_09091_2024,0.0,0.95126504,1
img_09109_2024,0.0,0.31113023,0
img_09085_2024,0.0,0.31836993,0
img_09108_2024,0.0,0.4528102,0
img_09059_p01_2024,0.0,0.7334487,0
img_09059_p02_2024,0.0,0.9282255,1
img_09113_2024,0.0,0.1171682,0
img_09073_p01_2024,0.0,0.09978595,0
img_09073_p02_2024,0.0,0.0796112,0
img_09073_p03_2024,0.0,0.060083244,0
img_09073_p04_2024,0.0,0.08696948,0
img_09114_2024,0.0,0.15343687,0
img_09083_p01_2024,0.0,0.041738115,0
img_09083_p02_2024,0.0,0.031019507,0
img_09118_2024,0.0,0.21406609,0
img_09110_2024,0.0,0.04702715,0
img_09112_2024,0.0,0.17240067,0
img_09107_2024,0.0,0.119204454,0
img_09120_2024,0.0,0.69044906,0
img_09115_2024,0.0,0.077666044,0
img_09119_2024,0.0,0.62234104,0
img_09116_2024,0.0,0.123581216,0
img_09121_2024,0.0,0.32554352,0
img_08986_p01_2024,0.0,0.08173606,0
img_08986_p02_2024,0.0,0.03934911,0
img_08986_p03_2024,0.0,0.044844635,0
img_08986_p04_2024,0.0,0.51494974,0
img_08986_p05_2024,0.0,0.03443494,0
img_08986_p06_2024,0.0,0.05465206,0
img_09077_2024,0.0,0.3837956,0
img_09122_2024,0.0,0.4043942,0
img_09096_2024,0.0,0.27198002,0
img_09117_2024,0.0,0.078093976,0
img_09125_2024,0.0,0.37603918,0
img_09124_2024,0.0,0.04886146,0
img_09123_2024,0.0,0.34657103,0
img_09126_2024,0.0,0.18051831,0
img_09132_2024,0.0,0.13140284,0
img_09130_2024,0.0,0.88388574,1
img_09129_2024,0.0,0.27215958,0
img_09131_2024,0.0,0.8151071,1
img_09128_2024,0.0,0.20162362,0
img_09135_2024,0.0,0.07530769,0
img_09133_2024,0.0,0.21723379,0
img_09138_2024,0.0,0.18716678,0
img_09137_2024,0.0,0.49328038,0
img_09127_2024,0.0,0.04982583,0
img_09142_2024,0.0,0.4796626,0
img_09141_2024,0.0,0.12955959,0
img_09140_2024,0.0,0.09781904,0
img_09139_2024,0.0,0.4592051,0
img_09144_2024,0.0,0.898036,1
img_09143_2024,0.0,0.04731785,0
img_09146_2024,0.0,0.9336924,1
img_09134_2024,0.0,0.28600815,0
img_09145_2024,0.0,0.040951412,0
img_09147_2024,0.0,0.198059,0
img_09148_2024,0.0,0.21714747,0
img_09150_2024,0.0,0.5381251,0
img_09149_2024,0.0,0.28181508,0
img_09154_2024,0.0,0.76490057,0
img_09153_2024,0.0,0.12276921,0
img_09152_2024,0.0,0.09439427,0
img_09156_2024,0.0,0.15282758,0
img_09157_2024,0.0,0.18283112,0
img_09159_2024,0.0,0.60182065,0
img_09158_2024,0.0,0.12531811,0
img_09163_2024,0.0,0.12877432,0
img_09078_p01_2024,0.0,0.050628737,0
img_09078_p02_2024,0.0,0.0486524,0
img_09078_p03_2024,0.0,0.068821505,0
img_09078_p04_2024,0.0,0.1997353,0
img_09078_p05_2024,0.0,0.1220052,0
img_09078_p06_2024,0.0,0.07125963,0
img_09165_2024,0.0,0.54728097,0
img_09164_2024,0.0,0.07211005,0
img_09161_2024,0.0,0.6679384,0
img_09162_2024,0.0,0.16018865,0
img_09160_2024,0.0,0.81048256,1
img_09166_2024,0.0,0.16562892,0
img_09093_p01_2024,0.0,0.47494018,0
img_09093_p02_2024,0.0,0.041432794,0
img_09093_p03_2024,0.0,0.054304972,0
img_09169_2024,0.0,0.14870007,0
img_09168_2024,0.0,0.7702016,0
img_09172_2024,0.0,0.97893095,1
img_09171_2024,0.0,0.5885955,0
img_09167_2024,0.0,0.05924893,0
img_09173_2024,0.0,0.35561198,0
img_09060_p01_2024,0.0,0.14598012,0
img_09060_p02_2024,0.0,0.05485601,0
img_09060_p03_2024,0.0,0.04749477,0
img_09060_p04_2024,0.0,0.034000598,0
img_09060_p05_2024,0.0,0.1701758,0
img_09060_p06_2024,0.0,0.04898355,0
img_09060_p07_2024,0.0,0.04250525,0
img_09060_p08_2024,0.0,0.038451176,0
img_09170_2024,0.0,0.09320569,0
img_09176_2024,0.0,0.10250977,0
img_09177_2024,0.0,0.35384634,0
img_09178_2024,0.0,0.12994051,0
img_09174_2024,0.0,0.40668726,0
img_09179_2024,0.0,0.150397,0
img_09183_2024,0.0,0.3562893,0
img_09175_2024,0.0,0.791126,1
img_09181_2024,0.0,0.049723867,0
img_09182_2024,0.0,0.23480122,0
img_09184_2024,0.0,0.3501395,0
img_09187_2024,0.0,0.11398266,0
img_09188_2024,0.0,0.15378168,0
img_09190_2024,0.0,0.9593345,1
img_09189_2024,0.0,0.04561253,0
img_09194_2024,0.0,0.08720472,0
img_09155_p01_2024,0.0,0.092903964,0
img_09155_p02_2024,0.0,0.3181499,0
img_09185_2024,0.0,0.5368792,0
img_09186_2024,0.0,0.4996781,0
img_09192_2024,0.0,0.08890631,0
img_09191_2024,0.0,0.16389374,0
img_09195_2024,0.0,0.0376909,0
img_09198_2024,0.0,0.9077859,1
img_09197_2024,0.0,0.480741,0
img_09136_p01_2024,0.0,0.4962911,0
img_09136_p02_2024,0.0,0.066264376,0
img_09136_p03_2024,0.0,0.06400212,0
img_09136_p04_2024,0.0,0.8779751,1
img_09199_2024,0.0,0.7894461,1
img_09196_2024,0.0,0.5575447,0
img_09200_2024,0.0,0.04899812,0
img_09201_2024,0.0,0.19661786,0
img_09203_2024,0.0,0.10309963,0
img_09202_2024,0.0,0.5176536,0
img_09204_2024,0.0,0.54307705,0
img_09207_2024,0.0,0.17519489,0
img_09210_2024,0.0,0.20689498,0
img_09208_2024,0.0,0.95362556,1
img_09180_p01_2024,0.0,0.2102183,0
img_09180_p02_2024,0.0,0.57364726,0
img_09209_2024,0.0,0.33170602,0
img_09212_2024,0.0,0.048976112,0
img_09206_2024,0.0,0.08355619,0
img_09211_2024,0.0,0.5304457,0
img_09214_2024,0.0,0.8784095,1
img_09217_2024,0.0,0.0450931,0
img_09216_2024,0.0,0.9775047,1
img_09221_2024,0.0,0.18908471,0
img_09215_2024,0.0,0.84012276,1
img_09222_2024,0.0,0.44092655,0
img_09220_2024,0.0,0.47394574,0
img_09213_2024,0.0,0.08368088,0
img_09219_2024,0.0,0.4773268,0
img_09151_p01_2024,0.0,0.03567194,0
img_09151_p02_2024,0.0,0.06587634,0
img_09151_p03_2024,0.0,0.08188101,0
img_09151_p04_2024,0.0,0.05453158,0
img_09225_2024,0.0,0.110092714,0
img_09218_2024,0.0,0.062265784,0
img_09223_2024,0.0,0.08045067,0
img_09227_2024,0.0,0.60103446,0
img_09226_2024,0.0,0.13279188,0
img_09228_2024,0.0,0.5040843,0
img_09230_2024,0.0,0.26737985,0
img_09232_2024,0.0,0.7289412,0
img_09231_2024,0.0,0.68459195,0
img_09234_2024,0.0,0.97327524,1
img_09233_2024,0.0,0.24412689,0
img_09241_2024,0.0,0.12224924,0
img_09238_2024,0.0,0.6677081,0
img_09239_2024,0.0,0.46771103,0
img_09229_2024,0.0,0.12626979,0
img_09235_2024,0.0,0.62528265,0
img_09237_2024,0.0,0.11252682,0
img_09243_2024,0.0,0.8289665,1
img_09236_2024,0.0,0.9701545,1
img_09245_2024,0.0,0.5633343,0
img_09246_2024,0.0,0.043826252,0
img_09247_2024,0.0,0.091419525,0
img_09244_2024,0.0,0.53876835,0
img_09250_2024,0.0,0.27514988,0
img_09249_2024,0.0,0.45557523,0
img_09251_2024,0.0,0.57654387,0
img_09248_2024,0.0,0.17426202,0
img_09254_2024,0.0,0.094862126,0
img_09257_2024,0.0,0.08630287,0
img_09255_2024,0.0,0.9672125,1
img_09259_2024,0.0,0.6965835,0
img_09224_p01_2024,0.0,0.10080855,0
img_09224_p02_2024,0.0,0.04501743,0
img_09253_2024,0.0,0.6832888,0
img_09256_2024,0.0,0.35021287,0
img_09260_2024,0.0,0.15346584,0
img_09252_2024,0.0,0.033952404,0
img_09261_2024,0.0,0.26356518,0
img_09262_2024,0.0,0.78928936,1
img_09263_2024,0.0,0.19770649,0
img_09266_2024,0.0,0.2862558,0
img_09265_2024,0.0,0.3311821,0
img_09242_p01_2024,0.0,0.24584325,0
img_09242_p02_2024,0.0,0.07157106,0
img_09272_2024,0.0,0.11386605,0
img_09275_2024,0.0,0.88991874,1
img_09274_2024,0.0,0.534889,0
img_09267_2024,0.0,0.08590176,0
img_09269_2024,0.0,0.4869316,0
img_09271_2024,0.0,0.13630213,0
img_09276_2024,0.0,0.06322345,0
img_09273_2024,0.0,0.13795587,0
img_09268_2024,0.0,0.83879757,1
img_09277_2024,0.0,0.108159445,0
img_09278_2024,0.0,0.21140134,0
img_09279_2024,0.0,0.90442586,1
img_09240_p01_2024,0.0,0.47051945,0
img_09240_p02_2024,0.0,0.45171687,0
img_09280_2024,0.0,0.057762604,0
img_09284_2024,0.0,0.17968738,0
img_09288_2024,0.0,0.09219199,0
img_09285_2024,0.0,0.42880347,0
img_09287_2024,0.0,0.9214686,1
img_09286_2024,0.0,0.6276817,0
img_09258_p01_2024,0.0,0.040634166,0
img_09258_p02_2024,0.0,0.062743835,0
img_09289_2024,0.0,0.4684983,0
img_09281_2024,0.0,0.1124928,0
img_09270_2024,0.0,0.19550516,0
img_09282_2024,0.0,0.28388974,0
img_09290_2024,0.0,0.08196475,0
img_09292_2024,0.0,0.5409101,0
img_09291_2024,0.0,0.32527614,0
img_09293_2024,0.0,0.6506815,0
img_09283_2024,0.0,0.054790147,0
img_09294_2024,0.0,0.5070855,0
img_09295_2024,0.0,0.050799437,0
img_09298_2024,0.0,0.41684115,0
img_09297_2024,0.0,0.79863626,1
img_09302_2024,0.0,0.09604685,0
img_09296_2024,0.0,0.50708395,0
img_09303_2024,0.0,0.87962687,1
img_09299_2024,0.0,0.2618358,0
img_09304_2024,0.0,0.70592844,0
img_09309_2024,0.0,0.38911456,0
img_09305_2024,0.0,0.318024,0
img_09307_2024,0.0,0.056405153,0
img_09306_2024,0.0,0.27713746,0
img_09310_2024,0.0,0.07477064,0
img_09308_2024,0.0,0.2525179,0
img_09311_2024,0.0,0.09992535,0
img_09300_2024,0.0,0.50525695,0
img_09313_2024,0.0,0.0503877,0
img_09317_2024,0.0,0.2733526,0
img_09314_2024,0.0,0.060456086,0
img_09301_2024,0.0,0.07618923,0
img_09320_2024,0.0,0.55534637,0
img_09315_2024,0.0,0.1940769,0
img_09316_2024,0.0,0.105055116,0
img_09323_2024,0.0,0.22447637,0
img_09264_p01_2024,0.0,0.1325746,0
img_09264_p02_2024,0.0,0.10096416,0
img_09264_p03_2024,0.0,0.41735446,0
img_09264_p04_2024,0.0,0.34457138,0
img_09322_2024,0.0,0.26424685,0
img_09312_2024,0.0,0.19599532,0
img_09328_2024,0.0,0.16750336,0
img_09319_2024,0.0,0.0530916,0
img_09318_2024,0.0,0.042947836,0
img_09333_2024,0.0,0.5520702,0
img_09330_2024,0.0,0.49062,0
img_09321_2024,0.0,0.14795421,0
img_09332_2024,0.0,0.41766027,0
img_09331_2024,0.0,0.05839361,0
img_09329_2024,0.0,0.30752856,0
img_09338_2024,0.0,0.40374762,0
img_09326_2024,0.0,0.26766044,0
img_09337_2024,0.0,0.42082274,0
img_09335_2024,0.0,0.9655626,1
img_09340_2024,0.0,0.057772752,0
img_09341_2024,0.0,0.3929086,0
img_09345_2024,0.0,0.10254382,0
img_09336_2024,0.0,0.05159117,0
img_09342_2024,0.0,0.048650477,0
img_09346_2024,0.0,0.51924574,0
img_09339_2024,0.0,0.49633774,0
img_09205_p01_2024,0.0,0.08256601,0
img_09205_p02_2024,0.0,0.028781973,0
img_09205_p03_2024,0.0,0.035168193,0
img_09205_p04_2024,0.0,0.030626016,0
img_09205_p05_2024,0.0,0.030967657,0
img_09205_p06_2024,0.0,0.034124754,0
img_09348_2024,0.0,0.45416462,0
img_09349_2024,0.0,0.2808363,0
img_09347_2024,0.0,0.3473471,0
img_09343_2024,0.0,0.21049482,0
img_09344_2024,0.0,0.93252856,1
img_09351_2024,0.0,0.4428611,0
img_09324_p01_2024,0.0,0.14734955,0
img_09324_p02_2024,0.0,0.061786648,0
img_09334_p01_2024,0.0,0.05790055,0
img_09334_p02_2024,0.0,0.05825997,0
img_09357_2024,0.0,0.09492998,0
img_09350_2024,0.0,0.33340678,0
img_09353_2024,0.0,0.4114085,0
img_09355_2024,0.0,0.37214175,0
img_09362_2024,0.0,0.15096346,0
img_09358_2024,0.0,0.061896414,0
img_09352_2024,0.0,0.06232734,0
img_09354_2024,0.0,0.49821267,0
img_09327_p01_2024,0.0,0.0476867,0
img_09327_p02_2024,0.0,0.06765417,0
img_09359_2024,0.0,0.67858434,0
img_09360_2024,0.0,0.19332196,0
img_09361_2024,0.0,0.05799756,0
img_09356_2024,0.0,0.3903137,0
img_09364_2024,0.0,0.08039404,0
img_09365_2024,0.0,0.9116712,1
img_09366_2024,0.0,0.05288439,0
img_09372_2024,0.0,0.17348218,0
img_09367_2024,0.0,0.47293827,0
img_09369_2024,0.0,0.35374412,0
img_09376_2024,0.0,0.93672913,1
img_09370_2024,0.0,0.07126286,0
img_09373_2024,0.0,0.07659676,0
img_09363_2024,0.0,0.08026734,0
img_09377_2024,0.0,0.3215729,0
img_09378_2024,0.0,0.17765929,0
img_09379_2024,0.0,0.4184772,0
img_09374_2024,0.0,0.049821563,0
img_09380_2024,0.0,0.14045213,0
img_09381_2024,0.0,0.9712931,1
img_09388_2024,0.0,0.14624383,0
img_09387_2024,0.0,0.49756214,0
img_09385_2024,0.0,0.08828023,0
img_09390_2024,0.0,0.15843815,0
img_09386_2024,0.0,0.94855577,1
img_09384_2024,0.0,0.3910555,0
img_09382_2024,0.0,0.2364751,0
img_09371_2024,0.0,0.04146269,0
img_09394_2024,0.0,0.10871765,0
img_09392_2024,0.0,0.083625816,0
img_09391_2024,0.0,0.12876809,0
img_09395_2024,0.0,0.050582904,0
img_09368_p01_2024,0.0,0.038543805,0
img_09368_p02_2024,0.0,0.09548059,0
img_09397_2024,0.0,0.26321417,0
img_09400_2024,0.0,0.5318127,0
img_09403_2024,0.0,0.30516148,0
img_09402_2024,0.0,0.9048524,1
img_09399_2024,0.0,0.2732064,0
img_09398_2024,0.0,0.9548856,1
img_09396_2024,0.0,0.6029814,0
img_09404_2024,0.0,0.476566,0
img_09401_2024,0.0,0.9125127,1
img_09405_2024,0.0,0.08314288,0
img_09409_2024,0.0,0.37970245,0
img_09410_2024,0.0,0.0791467,0
img_09411_2024,0.0,0.122705735,0
img_09408_2024,0.0,0.08210751,0
img_09406_2024,0.0,0.06633978,0
img_09413_2024,0.0,0.12709837,0
img_09407_2024,0.0,0.9330097,1
img_09415_2024,0.0,0.33038712,0
img_09416_2024,0.0,0.07805867,0
img_09417_2024,0.0,0.16606918,0
img_09412_2024,0.0,0.10469392,0
img_09375_p01_2024,0.0,0.19503424,0
img_09375_p02_2024,0.0,0.20642865,0
img_09414_2024,0.0,0.37158045,0
img_09389_p01_2024,0.0,0.08319864,0
img_09389_p02_2024,0.0,0.11911286,0
img_09418_2024,0.0,0.091681845,0
img_09419_2024,0.0,0.32917783,0
img_09420_2024,0.0,0.2704999,0
img_09425_2024,0.0,0.25410527,0
img_09423_2024,0.0,0.37632912,0
img_09424_2024,0.0,0.1333639,0
img_09428_2024,0.0,0.19833699,0
img_09429_2024,0.0,0.057510074,0
img_09426_2024,0.0,0.48483324,0
img_09431_2024,0.0,0.13309479,0
img_09422_2024,0.0,0.39710048,0
img_09432_2024,0.0,0.27931386,0
img_09421_2024,0.0,0.45227155,0
img_09435_2024,0.0,0.20402804,0
img_09433_2024,0.0,0.12645797,0
img_09427_2024,0.0,0.18472216,0
img_09437_2024,0.0,0.33631605,0
img_09436_2024,0.0,0.084975295,0
img_09441_2024,0.0,0.51457685,0
img_09440_2024,0.0,0.5682855,0
img_09438_2024,0.0,0.531688,0
img_09439_2024,0.0,0.3828657,0
img_09442_2024,0.0,0.087176815,0
img_09446_2024,0.0,0.16254453,0
img_09444_2024,0.0,0.65454906,0
img_09443_2024,0.0,0.759435,0
img_09449_2024,0.0,0.24746336,0
img_09445_2024,0.0,0.8960963,1
img_09434_2024,0.0,0.15542744,0
img_09448_2024,0.0,0.41349357,0
img_09447_2024,0.0,0.30271438,0
img_09451_2024,0.0,0.14843191,0
img_09450_2024,0.0,0.22524285,0
img_09454_2024,0.0,0.08102568,0
img_09452_2024,0.0,0.2084618,0
img_09455_2024,0.0,0.07641754,0
img_09393_p01_2024,0.0,0.059125535,0
img_09393_p02_2024,0.0,0.113362275,0
img_09393_p03_2024,0.0,0.06921015,0
img_09393_p04_2024,0.0,0.32081792,0
img_09456_2024,0.0,0.32384205,0
img_09459_2024,0.0,0.06773146,0
img_09460_2024,0.0,0.17482224,0
img_09458_2024,0.0,0.053652104,0
img_09453_2024,0.0,0.04323394,0
img_09463_2024,0.0,0.46229005,0
img_09461_2024,0.0,0.5081222,0
img_09462_2024,0.0,0.50740284,0
img_09464_2024,0.0,0.96468806,1
img_09467_2024,0.0,0.73783445,0
img_09469_2024,0.0,0.29687136,0
img_09466_2024,0.0,0.17026648,0
img_09465_2024,0.0,0.5902961,0
img_09468_2024,0.0,0.766982,0
img_09474_2024,0.0,0.22091673,0
img_09471_2024,0.0,0.27210295,0
img_09470_2024,0.0,0.53531617,0
img_09472_2024,0.0,0.09359694,0
img_09475_2024,0.0,0.9225706,1
img_09479_2024,0.0,0.101253286,0
img_09478_2024,0.0,0.96764606,1
img_09477_2024,0.0,0.9540185,1
img_09481_2024,0.0,0.35873783,0
img_09476_2024,0.0,0.91331565,1
img_09473_2024,0.0,0.47915322,0
img_09484_2024,0.0,0.09511435,0
img_09457_p01_2024,0.0,0.035591315,0
img_09457_p02_2024,0.0,0.22046003,0
img_09483_2024,0.0,0.925045,1
img_09486_2024,0.0,0.6413335,0
img_09487_2024,0.0,0.5708141,0
img_09489_2024,0.0,0.28693324,0
img_09480_2024,0.0,0.12472271,0
img_09495_2024,0.0,0.675192,0
img_09490_2024,0.0,0.4292001,0
img_09494_2024,0.0,0.07722091,0
img_09496_2024,0.0,0.040220004,0
img_09492_2024,0.0,0.861963,1
img_09497_2024,0.0,0.40744257,0
img_09499_2024,0.0,0.063254945,0
img_09498_2024,0.0,0.26119435,0
img_09491_2024,0.0,0.17846826,0
img_09488_2024,0.0,0.25191766,0
img_09500_2024,0.0,0.61093587,0
img_09501_2024,0.0,0.37136167,0
img_09504_2024,0.0,0.13678215,0
img_09503_2024,0.0,0.17508648,0
img_09509_2024,0.0,0.966343,1
img_09506_2024,0.0,0.8749049,1
img_09513_2024,0.0,0.079321615,0
img_09502_2024,0.0,0.20708194,0
img_09511_2024,0.0,0.16828075,0
img_09517_2024,0.0,0.4833134,0
img_09482_p01_2024,0.0,0.71950674,0
img_09482_p02_2024,0.0,0.7242927,0
img_09510_2024,0.0,0.17200819,0
img_09508_2024,0.0,0.16512871,0
img_09519_2024,0.0,0.82569444,1
img_09516_2024,0.0,0.053001385,0
img_09522_2024,0.0,0.04709377,0
img_09514_2024,0.0,0.19175158,0
img_09520_2024,0.0,0.61520225,0
img_09507_2024,0.0,0.16616681,0
img_09515_2024,0.0,0.9441559,1
img_09521_2024,0.0,0.06687632,0
img_09523_2024,0.0,0.5444658,0
img_09525_2024,0.0,0.049403075,0
img_09524_2024,0.0,0.028598692,0
img_09505_p01_2024,0.0,0.061360475,0
img_09505_p02_2024,0.0,0.089995414,0
img_09526_2024,0.0,0.06309676,0
img_09527_2024,0.0,0.092285834,0
img_09528_2024,0.0,0.27836436,0
img_09383_p01_2024,0.0,0.029909763,0
img_09383_p02_2024,0.0,0.033429753,0
img_09383_p03_2024,0.0,0.2851776,0
img_09383_p04_2024,0.0,0.03519903,0
img_09383_p05_2024,0.0,0.029931718,0
img_09383_p06_2024,0.0,0.043887176,0
img_09512_p01_2024,0.0,0.1468336,0
img_09512_p02_2024,0.0,0.26352483,0
img_09532_2024,0.0,0.18544954,0
img_09531_2024,0.0,0.085681036,0
img_09533_2024,0.0,0.80447674,1
img_09325_p01_2024,0.0,0.46896595,0
img_09325_p02_2024,0.0,0.05599138,0
img_09325_p03_2024,0.0,0.06002177,0
img_09325_p04_2024,0.0,0.25365895,0
img_09325_p05_2024,0.0,0.22262633,0
img_09325_p06_2024,0.0,0.14205436,0
img_09325_p07_2024,0.0,0.57100034,0
img_09325_p08_2024,0.0,0.15805122,0
img_09325_p09_2024,0.0,0.064948834,0
img_09529_2024,0.0,0.51380265,0
img_09538_2024,0.0,0.6614601,0
img_09536_2024,0.0,0.2768267,0
img_09537_2024,0.0,0.19011204,0
img_09493_p01_2024,0.0,0.1545248,0
img_09493_p02_2024,0.0,0.07162993,0
img_09493_p03_2024,0.0,0.051257297,0
img_09493_p04_2024,0.0,0.3430942,0
img_09541_2024,0.0,0.24585769,0
img_09542_2024,0.0,0.08317896,0
img_09539_2024,0.0,0.5007861,0
img_09430_p01_2024,0.0,0.035343792,0
img_09430_p02_2024,0.0,0.034427997,0
img_09430_p03_2024,0.0,0.034857024,0
img_09430_p04_2024,0.0,0.9745685,1
img_09430_p05_2024,0.0,0.04061401,0
img_09430_p06_2024,0.0,0.031021534,0
img_09535_2024,0.0,0.12531018,0
img_09540_2024,0.0,0.34055677,0
img_09543_2024,0.0,0.06563679,0
img_09544_2024,0.0,0.64886135,0
img_09534_2024,0.0,0.30962747,0
img_09548_2024,0.0,0.8219464,1
img_09546_2024,0.0,0.81030494,1
img_09552_2024,0.0,0.69269973,0
img_09553_2024,0.0,0.41499755,0
img_09551_2024,0.0,0.17825636,0
img_09547_2024,0.0,0.22268786,0
img_09556_2024,0.0,0.4020421,0
img_09550_2024,0.0,0.71628356,0
img_09557_2024,0.0,0.94850475,1
img_09545_2024,0.0,0.37727857,0
img_09554_2024,0.0,0.4722673,0
img_09558_2024,0.0,0.11533462,0
img_09559_2024,0.0,0.1619077,0
img_09560_2024,0.0,0.8705812,1
img_09555_2024,0.0,0.5858099,0
img_09561_2024,0.0,0.5215266,0
img_09562_2024,0.0,0.55682385,0
img_09565_2024,0.0,0.7050231,0
img_09485_p01_2024,0.0,0.06467822,0
img_09485_p02_2024,0.0,0.05153714,0
img_09485_p03_2024,0.0,0.7012472,0
img_09485_p04_2024,0.0,0.047960263,0
img_09485_p05_2024,0.0,0.0494579,0
img_09485_p06_2024,0.0,0.06096918,0
img_09563_2024,0.0,0.19593664,0
img_09564_2024,0.0,0.97418094,1
img_09568_2024,0.0,0.9048327,1
img_09566_2024,0.0,0.10050232,0
img_09572_2024,0.0,0.34577528,0
img_09569_2024,0.0,0.06806219,0
img_09575_2024,0.0,0.68953097,0
img_09574_2024,0.0,0.16020072,0
img_09573_2024,0.0,0.050343752,0
img_09571_2024,0.0,0.07113983,0
img_09567_2024,0.0,0.18314083,0
img_09576_2024,0.0,0.401119,0
img_09570_2024,0.0,0.16147129,0
img_09577_2024,0.0,0.849646,1
img_09580_2024,0.0,0.6379877,0
img_09579_2024,0.0,0.49399453,0
img_09578_2024,0.0,0.7270792,0
img_09583_2024,0.0,0.35279915,0
img_09581_2024,0.0,0.855886,1
img_09585_2024,0.0,0.16514443,0
img_09582_2024,0.0,0.72540784,0
img_09530_p01_2024,0.0,0.5744012,0
img_09530_p02_2024,0.0,0.47956163,0
img_09530_p03_2024,0.0,0.97006613,1
img_09530_p04_2024,0.0,0.77371114,0
img_09586_2024,0.0,0.22074111,0
img_09590_2024,0.0,0.4164411,0
img_09584_2024,0.0,0.10075135,0
img_09587_2024,0.0,0.37590048,0
img_09589_2024,0.0,0.15657395,0
img_09588_2024,0.0,0.27463374,0
img_09592_2024,0.0,0.8851454,1
img_09591_2024,0.0,0.92720836,1
img_09594_2024,0.0,0.04405629,0
img_09593_2024,0.0,0.070279576,0
img_09595_2024,0.0,0.29988107,0
img_09549_p01_2024,0.0,0.48730847,0
img_09549_p02_2024,0.0,0.22280237,0
img_09549_p03_2024,0.0,0.66151494,0
img_09602_2024,0.0,0.10615479,0
img_09598_2024,0.0,0.541873,0
img_09596_2024,0.0,0.34006283,0
img_09604_2024,0.0,0.3944678,0
img_09601_2024,0.0,0.18513153,0
img_09605_2024,0.0,0.09566277,0
img_09597_2024,0.0,0.041220803,0
img_09603_2024,0.0,0.21627228,0
img_09608_2024,0.0,0.04507484,0
img_09600_2024,0.0,0.5044233,0
img_09599_2024,0.0,0.79363734,1
img_09609_2024,0.0,0.82778525,1
img_09607_2024,0.0,0.123357035,0
img_09610_2024,0.0,0.09654634,0
img_09606_2024,0.0,0.643365,0
img_09612_2024,0.0,0.38576394,0
img_09615_2024,0.0,0.24644485,0
img_09611_2024,0.0,0.19177903,0
img_09613_2024,0.0,0.27366677,0
img_09618_2024,0.0,0.33411267,0
img_09621_2024,0.0,0.4397288,0
img_09614_2024,0.0,0.19635509,0
img_09620_2024,0.0,0.1387685,0
img_09617_2024,0.0,0.2586502,0
img_09623_2024,0.0,0.1184731,0
img_09616_2024,0.0,0.27464533,0
img_09622_2024,0.0,0.48733136,0
img_09624_2024,0.0,0.08036465,0
img_09626_2024,0.0,0.37851086,0
img_09619_2024,0.0,0.5056712,0
img_09631_2024,0.0,0.65907556,0
img_09632_2024,0.0,0.03802929,0
img_09633_2024,0.0,0.9626478,1
img_09634_2024,0.0,0.7328377,0
img_09630_2024,0.0,0.803805,1
img_09640_2024,0.0,0.071147986,0
img_09629_2024,0.0,0.32786956,0
img_09625_2024,0.0,0.11319002,0
img_09636_2024,0.0,0.7286715,0
img_09627_2024,0.0,0.66040254,0
img_09628_2024,0.0,0.5232473,0
img_09635_2024,0.0,0.9319984,1
img_09642_2024,0.0,0.15365428,0
img_09637_2024,0.0,0.11803737,0
img_09639_2024,0.0,0.100171275,0
img_09648_2024,0.0,0.905456,1
img_09638_2024,0.0,0.89195675,1
img_09646_2024,0.0,0.70451206,0
img_09647_2024,0.0,0.48031637,0
img_09649_2024,0.0,0.32172817,0
img_09644_2024,0.0,0.35640198,0
img_09645_2024,0.0,0.8268446,1
img_09651_2024,0.0,0.12948506,0
img_09653_2024,0.0,0.9652622,1
img_09654_2024,0.0,0.7996977,1
img_09657_2024,0.0,0.77830523,0
img_09643_2024,0.0,0.37214038,0
img_09641_2024,0.0,0.91976345,1
img_09656_2024,0.0,0.5535103,0
img_09660_2024,0.0,0.51584303,0
img_09663_2024,0.0,0.19451763,0
img_09658_2024,0.0,0.38824788,0
img_09661_2024,0.0,0.97330713,1
img_09662_2024,0.0,0.047054052,0
img_09650_2024,0.0,0.05250799,0
img_09652_2024,0.0,0.10659703,0
img_09659_2024,0.0,0.53352994,0
img_09193_p01_2024,0.0,0.037581038,0
img_09193_p02_2024,0.0,0.17114648,0
img_09193_p03_2024,0.0,0.036097713,0
img_09193_p04_2024,0.0,0.45050415,0
img_09193_p05_2024,0.0,0.03818065,0
img_09193_p06_2024,0.0,0.05227927,0
img_09193_p07_2024,0.0,0.12201411,0
img_09193_p08_2024,0.0,0.30777243,0
img_09193_p09_2024,0.0,0.04367158,0
img_09193_p10_2024,0.0,0.037424065,0
img_09193_p11_2024,0.0,0.04093401,0
img_09193_p12_2024,0.0,0.08628569,0
img_09193_p13_2024,0.0,0.03590299,0
img_09193_p14_2024,0.0,0.15817577,0
img_09193_p15_2024,0.0,0.13915333,0
img_09193_p16_2024,0.0,0.042654812,0
img_09193_p17_2024,0.0,0.07110327,0
img_09193_p18_2024,0.0,0.05254447,0
img_09193_p19_2024,0.0,0.10171359,0
img_09667_2024,0.0,0.13515973,0
img_09666_2024,0.0,0.524373,0
img_09664_2024,0.0,0.2040372,0
img_09655_2024,0.0,0.036105707,0
img_09669_2024,0.0,0.9575996,1
img_09670_2024,0.0,0.6188651,0
img_09665_2024,0.0,0.50322914,0
img_09672_2024,0.0,0.50503385,0
img_09671_2024,0.0,0.21473673,0
img_09668_2024,0.0,0.15788688,0
img_09676_2024,0.0,0.95749927,1
img_09674_2024,0.0,0.7459996,0
img_09675_2024,0.0,0.9586481,1
img_09678_2024,0.0,0.23415227,0
img_09673_2024,0.0,0.9557957,1
img_09681_2024,0.0,0.04552653,0
img_09680_2024,0.0,0.42315936,0
img_09682_2024,0.0,0.89207417,1
img_09683_2024,0.0,0.034974303,0
img_09679_2024,0.0,0.48334694,0
img_09688_2024,0.0,0.9414357,1
img_09677_2024,0.0,0.08270148,0
img_09686_2024,0.0,0.033439517,0
img_09685_2024,0.0,0.07746143,0
img_09689_2024,0.0,0.042479213,0
img_09687_2024,0.0,0.7930041,1
img_09691_2024,0.0,0.06907591,0
img_09684_2024,0.0,0.96543133,1
img_09695_2024,0.0,0.14632139,0
img_09690_2024,0.0,0.6737902,0
img_09693_2024,0.0,0.9678096,1
img_09696_2024,0.0,0.88615143,1
img_09692_2024,0.0,0.9408798,1
img_09694_2024,0.0,0.5603675,0
img_09698_2024,0.0,0.1478445,0
img_09697_2024,0.0,0.52911377,0
img_09700_2024,0.0,0.06898189,0
img_09706_2024,0.0,0.080398425,0
img_09704_2024,0.0,0.94133043,1
img_09707_2024,0.0,0.048433933,0
img_09701_2024,0.0,0.5796529,0
img_09705_2024,0.0,0.44798908,0
img_09703_2024,0.0,0.26797998,0
img_09709_2024,0.0,0.4134452,0
img_09699_2024,0.0,0.29902464,0
img_09711_2024,0.0,0.046880845,0
img_09710_2024,0.0,0.47613612,0
img_09702_2024,0.0,0.659586,0
img_09712_2024,0.0,0.28149924,0
img_09708_2024,0.0,0.21836028,0
img_09722_2024,0.0,0.43106997,0
img_09721_2024,0.0,0.23244116,0
img_09713_2024,0.0,0.6953638,0
img_09727_2024,0.0,0.89502084,1
img_09714_2024,0.0,0.2623991,0
img_09718_2024,0.0,0.8972301,1
img_09725_2024,0.0,0.9644954,1
img_09716_2024,0.0,0.21848695,0
img_09726_2024,0.0,0.83506674,1
img_09720_2024,0.0,0.092098065,0
img_09728_2024,0.0,0.50075555,0
img_09723_2024,0.0,0.51742166,0
img_09729_2024,0.0,0.12083075,0
img_09724_2024,0.0,0.18076402,0
img_09719_2024,0.0,0.48738968,0
img_09732_2024,0.0,0.15487465,0
img_09733_2024,0.0,0.93057907,1
img_09730_2024,0.0,0.9328747,1
img_09736_2024,0.0,0.8737916,1
img_09738_2024,0.0,0.4880989,0
img_09734_2024,0.0,0.93901974,1
img_09739_2024,0.0,0.4840289,0
img_09715_2024,0.0,0.556184,0
img_09731_2024,0.0,0.8368507,1
img_09735_2024,0.0,0.93437564,1
img_09740_2024,0.0,0.04499224,0
img_09717_2024,0.0,0.5414105,0
img_09743_2024,0.0,0.084807195,0
img_09737_2024,0.0,0.14227659,0
img_09745_2024,0.0,0.62745804,0
img_09742_2024,0.0,0.14648858,0
img_09744_2024,0.0,0.37111664,0
img_09754_2024,0.0,0.47376168,0
img_09741_2024,0.0,0.13657388,0
img_09748_2024,0.0,0.17700319,0
img_09759_2024,0.0,0.11705777,0
img_09747_2024,0.0,0.9355829,1
img_09751_2024,0.0,0.96071744,1
img_09757_2024,0.0,0.0894361,0
img_09753_2024,0.0,0.9752744,1
img_09746_2024,0.0,0.50158674,0
img_09756_2024,0.0,0.062043995,0
img_09749_2024,0.0,0.52688885,0
img_09763_2024,0.0,0.037976716,0
img_09755_2024,0.0,0.5970827,0
img_09750_2024,0.0,0.08403982,0
img_09764_2024,0.0,0.1293724,0
img_09758_2024,0.0,0.39986572,0
img_09752_2024,0.0,0.12317949,0
img_09765_2024,0.0,0.526266,0
img_09761_2024,0.0,0.152006,0
img_09766_2024,0.0,0.24996912,0
img_09767_2024,0.0,0.79473716,1
img_09768_2024,0.0,0.06370547,0
img_09762_2024,0.0,0.07467966,0
img_09769_2024,0.0,0.19784862,0
img_09760_2024,0.0,0.07506272,0
img_09771_2024,0.0,0.0648763,0
img_09770_2024,0.0,0.39835086,0
img_09518_p01_2024,0.0,0.17533676,0
img_09518_p02_2024,0.0,0.27301908,0
img_09518_p03_2024,0.0,0.8655049,1
img_09518_p04_2024,0.0,0.70641303,0
img_09518_p05_2024,0.0,0.30393383,0
img_09518_p06_2024,0.0,0.07227131,0
img_09518_p07_2024,0.0,0.13042396,0
img_09518_p08_2024,0.0,0.27850163,0
img_09518_p09_2024,0.0,0.12478542,0
img_09518_p10_2024,0.0,0.057797354,0
img_09518_p11_2024,0.0,0.1062589,0
img_09773_2024,0.0,0.7829107,0
img_09775_2024,0.0,0.95987105,1
img_09772_2024,0.0,0.21804516,0
img_09774_2024,0.0,0.25309563,0
img_09779_2024,0.0,0.6159176,0
img_09783_2024,0.0,0.17120048,0
img_09777_2024,0.0,0.6119343,0
img_09785_2024,0.0,0.21450439,0
img_09782_2024,0.0,0.7758109,0
img_09780_2024,0.0,0.0806911,0
img_09776_2024,0.0,0.06263522,0
img_09784_2024,0.0,0.71471894,0
img_09778_2024,0.0,0.9443955,1
img_09790_2024,0.0,0.7970798,1
img_09786_2024,0.0,0.06354032,0
img_09793_2024,0.0,0.8870163,1
img_09792_2024,0.0,0.053140324,0
img_09794_2024,0.0,0.9189307,1
img_09781_2024,0.0,0.17518437,0
img_09788_2024,0.0,0.058592275,0
img_09797_2024,0.0,0.9494736,1
img_09789_2024,0.0,0.6159437,0
img_09787_2024,0.0,0.599372,0
img_09804_2024,0.0,0.692848,0
img_09807_2024,0.0,0.37631652,0
img_09806_2024,0.0,0.2171856,0
img_09799_2024,0.0,0.61778045,0
img_09796_2024,0.0,0.5555241,0
img_09801_2024,0.0,0.5199086,0
img_09812_2024,0.0,0.025246726,0
img_09795_2024,0.0,0.42776856,0
img_09803_2024,0.0,0.2219011,0
img_09813_2024,0.0,0.12879774,0
img_09814_2024,0.0,0.085538015,0
img_09798_2024,0.0,0.046694864,0
img_09811_2024,0.0,0.27172202,0
img_09805_2024,0.0,0.5032288,0
img_09819_2024,0.0,0.27038693,0
img_09800_2024,0.0,0.9471797,1
img_09808_2024,0.0,0.7318437,0
img_09818_2024,0.0,0.11791528,0
img_09816_2024,0.0,0.068960145,0
img_09809_2024,0.0,0.20356074,0
img_09820_2024,0.0,0.07591478,0
img_09810_2024,0.0,0.29684955,0
img_09802_2024,0.0,0.33289587,0
img_09822_2024,0.0,0.8140794,1
img_09815_2024,0.0,0.1002286,0
img_09823_2024,0.0,0.32924506,0
img_09817_2024,0.0,0.85758716,1
img_09824_2024,0.0,0.1566895,0
img_09825_2024,0.0,0.034685522,0
img_09828_2024,0.0,0.917142,1
img_09821_2024,0.0,0.9413955,1
img_09829_2024,0.0,0.09566403,0
img_09833_2024,0.0,0.967123,1
img_09831_2024,0.0,0.8515379,1
img_09835_2024,0.0,0.9652614,1
img_09830_2024,0.0,0.930752,1
img_09836_2024,0.0,0.2581181,0
img_09826_2024,0.0,0.23179722,0
img_09834_2024,0.0,0.33447975,0
img_09827_2024,0.0,0.8681921,1
img_09839_2024,0.0,0.8985779,1
img_09842_2024,0.0,0.44289732,0
img_09838_2024,0.0,0.19952601,0
img_09841_2024,0.0,0.16768058,0
img_09847_2024,0.0,0.88177216,1
img_09844_2024,0.0,0.83452356,1
img_09850_2024,0.0,0.15310434,0
img_09837_2024,0.0,0.86938345,1
img_09840_2024,0.0,0.25059378,0
img_09832_2024,0.0,0.67738867,0
img_09843_2024,0.0,0.7464375,0
img_09848_2024,0.0,0.9686507,1
img_09851_2024,0.0,0.2714303,0
img_09852_2024,0.0,0.546667,0
img_09849_2024,0.0,0.8543838,1
img_09845_2024,0.0,0.75651073,0
img_09854_2024,0.0,0.70786095,0
img_09853_2024,0.0,0.6431837,0
img_09855_2024,0.0,0.106146894,0
img_09856_2024,0.0,0.11522866,0
img_09846_2024,0.0,0.2906237,0
img_09857_2024,0.0,0.14103198,0
img_09858_2024,0.0,0.5007403,0
img_09859_2024,0.0,0.10690056,0
img_09863_2024,0.0,0.11507252,0
img_09865_2024,0.0,0.16596557,0
img_09862_2024,0.0,0.59454834,0
img_09867_2024,0.0,0.922962,1
img_09864_2024,0.0,0.5187988,0
img_09869_2024,0.0,0.78306454,0
img_09868_2024,0.0,0.24552017,0
img_09870_2024,0.0,0.0973221,0
img_09860_2024,0.0,0.88729155,1
img_09866_2024,0.0,0.06480111,0
img_09872_2024,0.0,0.06039508,0
img_09878_2024,0.0,0.92487234,1
img_09876_2024,0.0,0.31596226,0
img_09883_2024,0.0,0.5986698,0
img_09880_2024,0.0,0.23191042,0
img_09881_2024,0.0,0.95871437,1
img_09861_2024,0.0,0.902448,1
img_09871_2024,0.0,0.704573,0
img_09877_2024,0.0,0.9677086,1
img_09874_2024,0.0,0.033589926,0
img_09891_2024,0.0,0.508376,0
img_09892_2024,0.0,0.29667902,0
img_09895_2024,0.0,0.56431544,0
img_09894_2024,0.0,0.67117095,0
img_09893_2024,0.0,0.0644423,0
img_09886_2024,0.0,0.3375436,0
img_09896_2024,0.0,0.839611,1
img_09889_2024,0.0,0.62545615,0
img_09875_2024,0.0,0.957582,1
img_09898_2024,0.0,0.32791153,0
img_09900_2024,0.0,0.28420022,0
img_09884_2024,0.0,0.95604515,1
img_09885_2024,0.0,0.4335058,0
img_09890_2024,0.0,0.39373085,0
img_09882_2024,0.0,0.45227283,0
img_09873_2024,0.0,0.15323453,0
img_09903_2024,0.0,0.26750615,0
img_09897_2024,0.0,0.63201195,0
img_09888_2024,0.0,0.83910036,1
img_09887_2024,0.0,0.06092324,0
img_09907_2024,0.0,0.064584605,0
img_09901_2024,0.0,0.6284713,0
img_09908_2024,0.0,0.095839985,0
img_09899_2024,0.0,0.7585655,0
img_09911_2024,0.0,0.89965516,1
img_09913_2024,0.0,0.04733638,0
img_09902_2024,0.0,0.29329965,0
img_09906_2024,0.0,0.25449154,0
img_09904_2024,0.0,0.5760543,0
img_09909_2024,0.0,0.10983939,0
img_09915_2024,0.0,0.39288667,0
img_09918_2024,0.0,0.79156315,1
img_09917_2024,0.0,0.877619,1
img_09912_2024,0.0,0.40121055,0
img_09879_p01_2024,0.0,0.20028765,0
img_09879_p02_2024,0.0,0.1838104,0
img_09905_2024,0.0,0.42710292,0
img_09924_2024,0.0,0.32251102,0
img_09916_2024,0.0,0.12703276,0
img_09923_2024,0.0,0.27831504,0
img_09926_2024,0.0,0.87918633,1
img_09919_2024,0.0,0.4339001,0
img_09925_2024,0.0,0.2810093,0
img_09928_2024,0.0,0.572387,0
img_09922_2024,0.0,0.2552367,0
img_09914_2024,0.0,0.6444182,0
img_09927_2024,0.0,0.09561994,0
img_09920_2024,0.0,0.9307053,1
img_09930_2024,0.0,0.8278769,1
img_09910_2024,0.0,0.94010365,1
img_09937_2024,0.0,0.43826857,0
img_09932_2024,0.0,0.15334061,0
img_09938_2024,0.0,0.1886341,0
img_09921_2024,0.0,0.9306889,1
img_09936_2024,0.0,0.96228135,1
img_09934_2024,0.0,0.75327456,0
img_09931_2024,0.0,0.49162385,0
img_09940_2024,0.0,0.6887813,0
img_09944_2024,0.0,0.64558,0
img_09948_2024,0.0,0.16168892,0
img_09941_2024,0.0,0.054506607,0
img_09935_2024,0.0,0.088180944,0
img_09939_2024,0.0,0.1348708,0
img_09946_2024,0.0,0.33351606,0
img_09947_2024,0.0,0.16492444,0
img_09950_2024,0.0,0.15365306,0
img_09956_2024,0.0,0.41373864,0
img_09945_2024,0.0,0.38923424,0
img_09951_2024,0.0,0.6355346,0
img_09954_2024,0.0,0.951499,1
img_09952_2024,0.0,0.1155433,0
img_09949_2024,0.0,0.35588583,0
img_09929_2024,0.0,0.5812064,0
img_09943_2024,0.0,0.9274707,1
img_09953_2024,0.0,0.5324465,0
img_09961_2024,0.0,0.24252778,0
img_09963_2024,0.0,0.7120197,0
img_09958_2024,0.0,0.057484638,0
img_09933_2024,0.0,0.5517796,0
img_09962_2024,0.0,0.9571609,1
img_09955_2024,0.0,0.09991774,0
img_09964_2024,0.0,0.06741856,0
img_09965_2024,0.0,0.7830134,0
img_09960_2024,0.0,0.18364713,0
img_09973_2024,0.0,0.58295643,0
img_09957_2024,0.0,0.76207685,0
img_09967_2024,0.0,0.032671157,0
img_09970_2024,0.0,0.6577003,0
img_09968_2024,0.0,0.47221023,0
img_09969_2024,0.0,0.9650299,1
img_09959_2024,0.0,0.17542371,0
img_09974_2024,0.0,0.9428044,1
img_09977_2024,0.0,0.9176707,1
img_09975_2024,0.0,0.8725305,1
img_09976_2024,0.0,0.44069657,0
img_09972_2024,0.0,0.97761494,1
img_09966_2024,0.0,0.10955143,0
img_09971_2024,0.0,0.5049591,0
img_09982_2024,0.0,0.43973655,0
img_09984_2024,0.0,0.20982948,0
img_09980_2024,0.0,0.08670845,0
img_09981_2024,0.0,0.8208437,1
img_09985_2024,0.0,0.10865227,0
img_09979_2024,0.0,0.051973775,0
img_09990_2024,0.0,0.25345358,0
img_09991_2024,0.0,0.33492324,0
img_09986_2024,0.0,0.3853112,0
img_09978_2024,0.0,0.9086209,1
img_09994_2024,0.0,0.44316977,0
img_09987_2024,0.0,0.2931761,0
img_09988_2024,0.0,0.17310105,0
img_09983_2024,0.0,0.48757926,0
img_10001_2024,0.0,0.06558711,0
img_09989_2024,0.0,0.06825184,0
img_09992_2024,0.0,0.7650446,0
img_09999_2024,0.0,0.25135764,0
img_09997_2024,0.0,0.35022035,0
img_09993_2024,0.0,0.9353187,1
img_10010_2024,0.0,0.09987293,0
img_09995_2024,0.0,0.13566957,0
img_09998_2024,0.0,0.34187752,0
img_09996_2024,0.0,0.06449414,0
img_10011_2024,0.0,0.43497768,0
img_10005_2024,0.0,0.41242924,0
img_10004_2024,0.0,0.97661906,1
img_10003_2024,0.0,0.07064059,0
img_10002_2024,0.0,0.93623817,1
img_10015_2024,0.0,0.9095735,1
img_10008_2024,0.0,0.3565609,0
img_10000_2024,0.0,0.39585656,0
img_10016_2024,0.0,0.033626046,0
img_10012_2024,0.0,0.5416539,0
img_10019_2024,0.0,0.36282548,0
img_10009_2024,0.0,0.12721331,0
img_10013_2024,0.0,0.7708702,0
img_10007_2024,0.0,0.86933553,1
img_10020_2024,0.0,0.6283285,0
img_10018_2024,0.0,0.6570362,0
img_10006_2024,0.0,0.5907421,0
img_10021_2024,0.0,0.058864623,0
img_10017_2024,0.0,0.55627674,0
img_10014_p01_2024,0.0,0.9548047,1
img_10014_p02_2024,0.0,0.783574,0
img_10014_p03_2024,0.0,0.94372517,1
img_10014_p04_2024,0.0,0.53135264,0
