id_sample,y_true,model_probability,final_threshold_prediction
img_00019_2024,1.0,0.4772922,0
img_00004_2024,1.0,0.16560823,0
img_00018_2024,1.0,0.3997451,0
img_00005_2024,1.0,0.99708253,1
img_00008_2024,1.0,0.99556863,1
img_00016_2024,1.0,0.99311006,1
img_00007_2024,1.0,0.4623584,0
img_00003_2024,1.0,0.99679744,1
img_00009_2024,1.0,0.28842837,0
img_00017_2024,1.0,0.075212084,0
img_00006_2024,1.0,0.1997495,0
img_00010_2024,1.0,0.27484176,0
img_00002_2024,1.0,0.50040984,0
img_00015_2024,1.0,0.32111156,0
img_00001_2024,1.0,0.9969799,1
img_00014_2024,1.0,0.79906976,0
img_00020_2024,1.0,0.054303873,0
img_00021_2024,1.0,0.38145593,0
img_00024_2024,1.0,0.09455848,0
img_00013_2024,1.0,0.9727812,1
img_00022_2024,1.0,0.9918025,1
img_00026_2024,1.0,0.077978045,0
img_00023_2024,1.0,0.3929941,0
img_00034_2024,1.0,0.97155654,1
img_00025_2024,1.0,0.6225563,0
img_00028_2024,1.0,0.34042543,0
img_00032_2024,1.0,0.13833708,0
img_00033_2024,1.0,0.5247428,0
img_00031_2024,1.0,0.33212337,0
img_00036_2024,1.0,0.07959847,0
img_00029_2024,1.0,0.9702587,1
img_00037_2024,1.0,0.9372943,1
img_00035_2024,1.0,0.9774028,1
img_00041_2024,1.0,0.08606014,0
img_00040_2024,1.0,0.908862,0
img_00042_2024,1.0,0.13422202,0
img_00039_2024,1.0,0.024818188,0
img_00044_2024,1.0,0.99212325,1
img_00045_2024,1.0,0.9787661,1
img_00049_2024,1.0,0.85997754,0
img_00048_2024,1.0,0.017472021,0
img_00043_2024,1.0,0.73115957,0
img_00050_2024,1.0,0.62060213,0
img_00046_2024,1.0,0.89777595,0
img_00047_2024,1.0,0.9953631,1
img_00052_2024,1.0,0.7162479,0
img_00053_2024,1.0,0.24656692,0
img_00056_2024,1.0,0.9377297,1
img_00058_2024,1.0,0.6521109,0
img_00055_2024,1.0,0.9898756,1
img_00054_2024,1.0,0.96062154,1
img_00061_2024,1.0,0.99741876,1
img_00060_2024,1.0,0.99693406,1
img_00063_2024,1.0,0.9357109,1
img_00062_2024,1.0,0.95625544,1
img_00059_2024,1.0,0.3657673,0
img_00011_p01_2024,1.0,0.9987941,1
img_00011_p02_2024,1.0,0.9853938,1
img_00011_p03_2024,1.0,0.9906126,1
img_00057_2024,1.0,0.9805676,1
img_00030_p01_2024,1.0,0.1982326,0
img_00030_p02_2024,1.0,0.0697784,0
img_00030_p03_2024,1.0,0.0052589597,0
img_00067_2024,1.0,0.99019325,1
img_00065_2024,1.0,0.99918544,1
img_00070_2024,1.0,0.69797194,0
img_00068_2024,1.0,0.023060627,0
img_00071_2024,1.0,0.31240946,0
img_00069_2024,1.0,0.951316,1
img_00051_p01_2024,1.0,0.3363674,0
img_00051_p02_2024,1.0,0.2579279,0
img_00077_2024,1.0,0.98895884,1
img_00064_2024,1.0,0.9788722,1
img_00075_2024,1.0,0.9965951,1
img_00078_2024,1.0,0.8481703,0
img_00076_2024,1.0,0.99771655,1
img_00073_2024,1.0,0.6786693,0
img_00072_2024,1.0,0.9500381,1
img_00079_2024,1.0,0.98932534,1
img_00080_2024,1.0,0.9440298,1
img_00074_2024,1.0,0.9703705,1
img_00081_2024,1.0,0.99105155,1
img_00084_2024,1.0,0.97930443,1
img_00085_2024,1.0,0.8784149,0
img_00083_2024,1.0,0.9964798,1
img_00082_2024,1.0,0.9972755,1
img_00038_p01_2024,1.0,0.9965531,1
img_00038_p02_2024,1.0,0.99772376,1
img_00038_p03_2024,1.0,0.99742806,1
img_00038_p04_2024,1.0,0.99615586,1
img_00092_2024,1.0,0.18063208,0
img_00086_2024,1.0,0.9941252,1
img_00000_p01_2024,1.0,0.9925064,1
img_00000_p02_2024,1.0,0.95571697,1
img_00000_p03_2024,1.0,0.99491584,1
img_00000_p04_2024,1.0,0.9900465,1
img_00091_2024,1.0,0.29261604,0
img_00088_2024,1.0,0.873329,0
img_00089_2024,1.0,0.88841236,0
img_00095_2024,1.0,0.6916774,0
img_00096_2024,1.0,0.65820754,0
img_00097_2024,1.0,0.97537816,1
img_00093_2024,1.0,0.9815625,1
img_00094_2024,1.0,0.9969141,1
img_00099_2024,1.0,0.8942832,0
img_00103_2024,1.0,0.9114852,0
img_00102_2024,1.0,0.9617594,1
img_00104_2024,1.0,0.900535,0
img_00090_2024,1.0,0.967182,1
img_00100_2024,1.0,0.8762697,0
img_00106_2024,1.0,0.9883774,1
img_00111_2024,1.0,0.91096956,0
img_00107_2024,1.0,0.82607174,0
img_00101_2024,1.0,0.8565466,0
img_00113_2024,1.0,0.99410594,1
img_00117_2024,1.0,0.99488986,1
img_00108_2024,1.0,0.871422,0
img_00109_2024,1.0,0.9772986,1
img_00116_2024,1.0,0.9790325,1
img_00110_2024,1.0,0.97667694,1
img_00112_2024,1.0,0.9900381,1
img_00118_2024,1.0,0.71142644,0
img_00012_p01_2024,1.0,0.9274874,1
img_00012_p02_2024,1.0,0.23229197,0
img_00012_p03_2024,1.0,0.4448008,0
img_00012_p04_2024,1.0,0.9125083,0
img_00012_p05_2024,1.0,0.31537485,0
img_00012_p06_2024,1.0,0.55076617,0
img_00115_2024,1.0,0.9988085,1
img_00119_2024,1.0,0.9300249,1
img_00122_2024,1.0,0.9163702,0
img_00123_2024,1.0,0.7999584,0
img_00105_p01_2024,1.0,0.6055667,0
img_00105_p02_2024,1.0,0.87256896,0
img_00121_2024,1.0,0.67839754,0
img_00126_2024,1.0,0.9750358,1
img_00132_2024,1.0,0.9978447,1
img_00125_2024,1.0,0.97475606,1
img_00129_2024,1.0,0.77072436,0
img_00127_2024,1.0,0.19434512,0
img_00124_2024,1.0,0.9939672,1
img_00135_2024,1.0,0.99543905,1
img_00134_2024,1.0,0.9837146,1
img_00137_2024,1.0,0.6636075,0
img_00133_2024,1.0,0.9952893,1
img_00138_2024,1.0,0.94298697,1
img_00120_p01_2024,1.0,0.9983945,1
img_00120_p02_2024,1.0,0.9970622,1
img_00142_2024,1.0,0.8744645,0
img_00141_2024,1.0,0.35222888,0
img_00087_p01_2024,1.0,0.9957469,1
img_00087_p02_2024,1.0,0.99434197,1
img_00087_p03_2024,1.0,0.98619956,1
img_00087_p04_2024,1.0,0.99838674,1
img_00131_p01_2024,1.0,0.9322327,1
img_00131_p02_2024,1.0,0.932325,1
img_00139_2024,1.0,0.9669455,1
img_00140_2024,1.0,0.9806775,1
img_00143_2024,1.0,0.08958326,0
img_00147_2024,1.0,0.99511194,1
img_00144_2024,1.0,0.87208366,0
img_00150_2024,1.0,0.996062,1
img_00148_2024,1.0,0.77209073,0
img_00128_p01_2024,1.0,0.998977,1
img_00128_p02_2024,1.0,0.9969088,1
img_00114_p01_2024,1.0,0.9753305,1
img_00114_p02_2024,1.0,0.97729796,1
img_00114_p03_2024,1.0,0.9784358,1
img_00114_p04_2024,1.0,0.7336736,0
img_00152_2024,1.0,0.9970516,1
img_00145_2024,1.0,0.6638526,0
img_00155_2024,1.0,0.058223963,0
img_00149_2024,1.0,0.99529874,1
img_00151_2024,1.0,0.8672579,0
img_00156_2024,1.0,0.02229441,0
img_00136_p01_2024,1.0,0.99842185,1
img_00136_p02_2024,1.0,0.999864,1
img_00157_2024,1.0,0.17418963,0
img_00158_2024,1.0,0.34702387,0
img_00159_2024,1.0,0.44777521,0
img_00162_2024,1.0,0.7299975,0
img_00163_2024,1.0,0.9930204,1
img_00160_2024,1.0,0.9001907,0
img_00146_p01_2024,1.0,0.98297155,1
img_00146_p02_2024,1.0,0.46955118,0
img_00167_2024,1.0,0.9828291,1
img_00165_2024,1.0,0.99822843,1
img_00172_2024,1.0,0.9616625,1
img_00164_2024,1.0,0.97483796,1
img_00170_2024,1.0,0.9911207,1
img_00171_2024,1.0,0.42318565,0
img_00174_2024,1.0,0.99659127,1
img_00166_2024,1.0,0.7012078,0
img_00130_p01_2024,1.0,0.9982732,1
img_00130_p02_2024,1.0,0.9948656,1
img_00130_p03_2024,1.0,0.9902107,1
img_00130_p04_2024,1.0,0.9851059,1
img_00169_2024,1.0,0.98956805,1
img_00178_2024,1.0,0.99449384,1
img_00179_2024,1.0,0.9965452,1
img_00175_2024,1.0,0.9835224,1
img_00176_2024,1.0,0.34521118,0
img_00182_2024,1.0,0.9950794,1
img_00180_2024,1.0,0.9888649,1
img_00181_2024,1.0,0.74452496,0
img_00183_2024,1.0,0.8333844,0
img_00185_2024,1.0,0.37134588,0
img_00173_p01_2024,1.0,0.7765281,0
img_00173_p02_2024,1.0,0.8703659,0
img_00168_p01_2024,1.0,0.98395026,1
img_00168_p02_2024,1.0,0.98963404,1
img_00066_p01_2024,1.0,0.9548581,1
img_00066_p02_2024,1.0,0.62075007,0
img_00066_p03_2024,1.0,0.988315,1
img_00066_p04_2024,1.0,0.8480523,0
img_00066_p05_2024,1.0,0.99954826,1
img_00066_p06_2024,1.0,0.9988624,1
img_00187_2024,1.0,0.94723827,1
img_00189_2024,1.0,0.70718133,0
img_00190_2024,1.0,0.9338376,1
img_00191_2024,1.0,0.44859487,0
img_00194_2024,1.0,0.74546564,0
img_00196_2024,1.0,0.9784622,1
img_00192_2024,1.0,0.74470955,0
img_00198_2024,1.0,0.8081964,0
img_00193_2024,1.0,0.73480266,0
img_00195_2024,1.0,0.6979876,0
img_00199_2024,1.0,0.69779366,0
img_00201_2024,1.0,0.9921042,1
img_00202_2024,1.0,0.57993513,0
img_00203_2024,1.0,0.95154846,1
img_00200_2024,1.0,0.7474993,0
img_00204_2024,1.0,0.85851973,0
img_00177_p01_2024,1.0,0.8971246,0
img_00177_p02_2024,1.0,0.93450105,1
img_00206_2024,1.0,0.984235,1
img_00186_2024,1.0,0.70949715,0
img_00207_2024,1.0,0.77330333,0
img_00208_2024,1.0,0.86066866,0
img_00211_2024,1.0,0.77126175,0
img_00197_p01_2024,1.0,0.86783725,0
img_00197_p02_2024,1.0,0.94396937,1
img_00212_2024,1.0,0.9849229,1
img_00213_2024,1.0,0.99631727,1
img_00215_2024,1.0,0.99728996,1
img_00209_2024,1.0,0.99778575,1
img_00154_p01_2024,1.0,0.8637503,0
img_00154_p02_2024,1.0,0.98307496,1
img_00154_p03_2024,1.0,0.9749114,1
img_00154_p04_2024,1.0,0.9768926,1
img_00216_2024,1.0,0.989826,1
img_00217_2024,1.0,0.99583924,1
img_00220_2024,1.0,0.8998002,0
img_00223_2024,1.0,0.9794537,1
img_00221_2024,1.0,0.96528304,1
img_00153_p01_2024,1.0,0.9734248,1
img_00153_p02_2024,1.0,0.99421054,1
img_00153_p03_2024,1.0,0.91679466,1
img_00153_p04_2024,1.0,0.99464625,1
img_00153_p06_2024,1.0,0.9840846,1
img_00222_2024,1.0,0.6441349,0
img_00218_2024,1.0,0.9801711,1
img_00224_2024,1.0,0.52390134,0
img_00210_p01_2024,1.0,0.98136026,1
img_00210_p02_2024,1.0,0.9953619,1
img_00184_p01_2024,1.0,0.99017465,1
img_00184_p02_2024,1.0,0.9957961,1
img_00184_p03_2024,1.0,0.99423325,1
img_00184_p04_2024,1.0,0.99847573,1
img_00225_2024,1.0,0.96235335,1
img_00226_2024,1.0,0.9940561,1
img_00232_2024,1.0,0.70562345,0
img_00231_2024,1.0,0.9745409,1
img_00229_2024,1.0,0.984933,1
img_00234_2024,1.0,0.99345887,1
img_00235_2024,1.0,0.6266448,0
img_00228_2024,1.0,0.9978636,1
img_00233_2024,1.0,0.2572775,0
img_00214_p01_2024,1.0,0.9945053,1
img_00214_p02_2024,1.0,0.99798554,1
img_00227_2024,1.0,0.99602586,1
img_00239_2024,1.0,0.9617686,1
img_00188_p01_2024,1.0,0.98755234,1
img_00188_p03_2024,1.0,0.9920702,1
img_00188_p04_2024,1.0,0.97332305,1
img_00219_p01_2024,1.0,0.9919089,1
img_00219_p02_2024,1.0,0.9969055,1
img_00242_2024,1.0,0.1573602,0
img_00240_2024,1.0,0.1853729,0
img_00244_2024,1.0,0.1377285,0
img_00205_p01_2024,1.0,0.82779884,0
img_00205_p02_2024,1.0,0.32510766,0
img_00205_p03_2024,1.0,0.9972221,1
img_00205_p04_2024,1.0,0.5291897,0
img_00243_2024,1.0,0.88483,0
img_00246_2024,1.0,0.6301929,0
img_00245_2024,1.0,0.9267893,1
img_00247_2024,1.0,0.63504726,0
img_00250_2024,1.0,0.40209413,0
img_00248_2024,1.0,0.37312096,0
img_00251_2024,1.0,0.56521714,0
img_00249_2024,1.0,0.9993839,1
img_00237_p01_2024,1.0,0.97477514,1
img_00237_p02_2024,1.0,0.47719017,0
img_00253_2024,1.0,0.62209374,0
img_00252_2024,1.0,0.3426687,0
img_00256_2024,1.0,0.06269251,0
img_00260_2024,1.0,0.9441984,1
img_00258_2024,1.0,0.9393619,1
img_00261_2024,1.0,0.9873618,1
img_00254_2024,1.0,0.98651075,1
img_00241_p01_2024,1.0,0.996642,1
img_00241_p02_2024,1.0,0.99729025,1
img_00259_2024,1.0,0.92850244,1
img_00257_2024,1.0,0.2455667,0
img_00264_2024,1.0,0.8480727,0
img_00263_2024,1.0,0.9995414,1
img_00255_2024,1.0,0.9765514,1
img_00265_2024,1.0,0.71971285,0
img_00268_2024,1.0,0.94033194,1
img_00270_2024,1.0,0.99149954,1
img_00230_p01_2024,1.0,0.9871315,1
img_00230_p02_2024,1.0,0.9717574,1
img_00230_p03_2024,1.0,0.98197377,1
img_00230_p04_2024,1.0,0.9589349,1
img_00267_2024,1.0,0.7929105,0
img_00269_2024,1.0,0.51867944,0
img_00272_2024,1.0,0.9963616,1
img_00271_2024,1.0,0.79448664,0
img_00266_2024,1.0,0.9936322,1
img_00273_2024,1.0,0.9021643,0
img_00236_p01_2024,1.0,0.98366576,1
img_00236_p02_2024,1.0,0.99084455,1
img_00098_p01_2024,1.0,0.78061384,0
img_00098_p02_2024,1.0,0.94558257,1
img_00098_p03_2024,1.0,0.9757387,1
img_00098_p04_2024,1.0,0.7200028,0
img_00098_p05_2024,1.0,0.62742805,0
img_00098_p06_2024,1.0,0.9933039,1
img_00098_p07_2024,1.0,0.99905986,1
img_00098_p08_2024,1.0,0.9536392,1
img_00098_p09_2024,1.0,0.9372544,1
img_00238_p01_2024,1.0,0.98089904,1
img_00238_p02_2024,1.0,0.91532344,0
img_00275_2024,1.0,0.021092733,0
img_00276_2024,1.0,0.786635,0
img_00281_2024,1.0,0.84438545,0
img_00274_2024,1.0,0.7116574,0
img_00280_2024,1.0,0.28961965,0
img_00288_2024,1.0,0.58305436,0
img_00285_2024,1.0,0.5610453,0
img_00278_2024,1.0,0.9837265,1
img_00279_2024,1.0,0.97513074,1
img_00284_2024,1.0,0.66093504,0
img_00286_2024,1.0,0.67659366,0
img_00291_2024,1.0,0.8925053,0
img_00287_2024,1.0,0.95069665,1
img_00289_2024,1.0,0.9816841,1
img_00283_2024,1.0,0.96596843,1
img_00262_p01_2024,1.0,0.9995508,1
img_00262_p02_2024,1.0,0.9979855,1
img_00282_2024,1.0,0.92838156,1
img_00292_2024,1.0,0.9560134,1
img_00296_2024,1.0,0.97426575,1
img_00297_2024,1.0,0.98495007,1
img_00298_2024,1.0,0.98124826,1
img_00290_2024,1.0,0.9987346,1
img_00277_p01_2024,1.0,0.74372184,0
img_00277_p02_2024,1.0,0.99857265,1
img_00305_2024,1.0,0.9839662,1
img_00309_2024,1.0,0.997254,1
img_00307_2024,1.0,0.9914905,1
img_00301_2024,1.0,0.9896759,1
img_00306_2024,1.0,0.9973585,1
img_00294_2024,1.0,0.98007995,1
img_00300_2024,1.0,0.987381,1
img_00304_2024,1.0,0.9945275,1
img_00312_2024,1.0,0.9937912,1
img_00303_2024,1.0,0.99164677,1
img_00302_2024,1.0,0.97659224,1
img_00313_2024,1.0,0.94089043,1
img_00295_p01_2024,1.0,0.97217524,1
img_00295_p02_2024,1.0,0.97755164,1
img_00299_2024,1.0,0.99266833,1
img_00310_2024,1.0,0.9935566,1
img_00319_2024,1.0,0.9934104,1
img_00316_2024,1.0,0.87593585,0
img_00311_2024,1.0,0.9966507,1
img_00321_2024,1.0,0.99477816,1
img_00315_2024,1.0,0.9984728,1
img_00317_2024,1.0,0.998422,1
img_00325_2024,1.0,0.98282796,1
img_00318_2024,1.0,0.15726233,0
img_00322_2024,1.0,0.9987062,1
img_00324_2024,1.0,0.9631545,1
img_00333_2024,1.0,0.99589384,1
img_00336_2024,1.0,0.42623752,0
img_00337_2024,1.0,0.924832,1
img_00339_2024,1.0,0.25925764,0
img_00326_2024,1.0,0.975083,1
img_00308_2024,1.0,0.98238516,1
img_00338_2024,1.0,0.9625987,1
img_00331_2024,1.0,0.9890238,1
img_00320_2024,1.0,0.9983422,1
img_00341_2024,1.0,0.9953758,1
img_00340_2024,1.0,0.8982646,0
img_00327_2024,1.0,0.9030161,0
img_00342_2024,1.0,0.959542,1
img_00335_2024,1.0,0.668476,0
img_00334_2024,1.0,0.5881311,0
img_00349_2024,1.0,0.4516867,0
img_00330_2024,1.0,0.52149904,0
img_00323_p01_2024,1.0,0.1231478,0
img_00323_p02_2024,1.0,0.8606262,0
img_00346_2024,1.0,0.9959365,1
img_00347_2024,1.0,0.9635493,1
img_00350_2024,1.0,0.9880989,1
img_00348_2024,1.0,0.066631354,0
img_00352_2024,1.0,0.99098015,1
img_00343_2024,1.0,0.9430512,1
img_00328_2024,1.0,0.9883189,1
img_00345_p01_2024,1.0,0.9966737,1
img_00345_p02_2024,1.0,0.9680275,1
img_00359_2024,1.0,0.87449014,0
img_00355_2024,1.0,0.94566786,1
img_00354_2024,1.0,0.85565805,0
img_00363_2024,1.0,0.995,1
img_00332_p01_2024,1.0,0.9976182,1
img_00332_p02_2024,1.0,0.9971404,1
img_00344_2024,1.0,0.5057233,0
img_00360_2024,1.0,0.9541713,1
img_00362_2024,1.0,0.9404354,1
img_00366_2024,1.0,0.9571969,1
img_00365_2024,1.0,0.8988881,0
img_00361_2024,1.0,0.9829439,1
img_00368_2024,1.0,0.9913002,1
img_00367_2024,1.0,0.98095226,1
img_00358_2024,1.0,0.9928066,1
img_00371_2024,1.0,0.89553213,0
img_00293_p01_2024,1.0,0.5132143,0
img_00293_p02_2024,1.0,0.8069401,0
img_00293_p03_2024,1.0,0.7948322,0
img_00293_p04_2024,1.0,0.8805631,0
img_00353_p01_2024,1.0,0.9984251,1
img_00353_p02_2024,1.0,0.9970287,1
img_00372_2024,1.0,0.97765034,1
img_00370_2024,1.0,0.9658411,1
img_00377_2024,1.0,0.9915737,1
img_00374_2024,1.0,0.98477393,1
img_00376_2024,1.0,0.9972345,1
img_00375_2024,1.0,0.9968103,1
img_00369_2024,1.0,0.96770906,1
img_00364_2024,1.0,0.9009372,0
img_00373_2024,1.0,0.03228084,0
img_00378_2024,1.0,0.9938997,1
img_00356_p01_2024,1.0,0.9914004,1
img_00356_p02_2024,1.0,0.93572074,1
img_00314_p01_2024,1.0,0.9714053,1
img_00314_p02_2024,1.0,0.8777879,0
img_00314_p03_2024,1.0,0.99263144,1
img_00314_p04_2024,1.0,0.97099113,1
img_00381_2024,1.0,0.9867824,1
img_00385_2024,1.0,0.9826996,1
img_00384_2024,1.0,0.50892556,0
img_00382_2024,1.0,0.8288307,0
img_00383_2024,1.0,0.9965169,1
img_00392_2024,1.0,0.7849778,0
img_00391_2024,1.0,0.9165271,0
img_00386_2024,1.0,0.9876548,1
img_00379_2024,1.0,0.8979565,0
img_00390_2024,1.0,0.7961667,0
img_00393_2024,1.0,0.9946958,1
img_00396_2024,1.0,0.8953549,0
img_00397_2024,1.0,0.9464679,1
img_00388_2024,1.0,0.98038465,1
img_00398_2024,1.0,0.97923696,1
img_00401_2024,1.0,0.1807141,0
img_00402_2024,1.0,0.25353807,0
img_00389_p01_2024,1.0,0.9982193,1
img_00389_p02_2024,1.0,0.972294,1
img_00400_2024,1.0,0.9944951,1
img_00404_2024,1.0,0.9777371,1
img_00405_2024,1.0,0.97027576,1
img_00407_2024,1.0,0.69872415,0
img_00394_p01_2024,1.0,0.9776968,1
img_00394_p02_2024,1.0,0.99617463,1
img_00403_2024,1.0,0.9387765,1
img_00408_2024,1.0,0.8059433,0
img_00406_2024,1.0,0.9710926,1
img_00412_2024,1.0,0.8305666,0
img_00411_2024,1.0,0.949796,1
img_00413_2024,1.0,0.9545671,1
img_00395_p01_2024,1.0,0.017769614,0
img_00395_p02_2024,1.0,0.69229364,0
img_00415_2024,1.0,0.8965586,0
img_00418_2024,1.0,0.9296133,1
img_00416_2024,1.0,0.7514204,0
img_00329_p01_2024,1.0,0.9598713,1
img_00329_p02_2024,1.0,0.97127515,1
img_00329_p03_2024,1.0,0.9974774,1
img_00329_p04_2024,1.0,0.879392,0
img_00329_p05_2024,1.0,0.8370247,0
img_00329_p06_2024,1.0,0.87750804,0
img_00417_2024,1.0,0.81154597,0
img_00419_2024,1.0,0.9606576,1
img_00414_2024,1.0,0.88055277,0
img_00423_2024,1.0,0.92112386,1
img_00420_2024,1.0,0.6333548,0
img_00421_2024,1.0,0.8380701,0
img_00387_p01_2024,1.0,0.9785579,1
img_00387_p02_2024,1.0,0.94777,1
img_00387_p03_2024,1.0,0.9750643,1
img_00387_p04_2024,1.0,0.9969696,1
img_00424_2024,1.0,0.6480228,0
img_00409_p01_2024,1.0,0.9593531,1
img_00409_p02_2024,1.0,0.96219844,1
img_00422_2024,1.0,0.9967987,1
img_00426_2024,1.0,0.8794258,0
img_00428_2024,1.0,0.9944808,1
img_00425_2024,1.0,0.9679886,1
img_00351_p01_2024,1.0,0.9953868,1
img_00351_p02_2024,1.0,0.99724185,1
img_00351_p03_2024,1.0,0.99805146,1
img_00351_p04_2024,1.0,0.9958555,1
img_00351_p05_2024,1.0,0.99802035,1
img_00351_p06_2024,1.0,0.99534434,1
img_00380_p01_2024,1.0,0.9976827,1
img_00380_p02_2024,1.0,0.99360484,1
img_00380_p03_2024,1.0,0.99244654,1
img_00380_p04_2024,1.0,0.9901291,1
img_00429_2024,1.0,0.97985107,1
img_00430_2024,1.0,0.9726288,1
img_00431_2024,1.0,0.71689904,0
img_00433_2024,1.0,0.8931818,0
img_00432_2024,1.0,0.9987918,1
img_00434_2024,1.0,0.7916719,0
img_00435_2024,1.0,0.9839777,1
img_00437_2024,1.0,0.72452116,0
img_00440_2024,1.0,0.74924165,0
img_00446_2024,1.0,0.9832657,1
img_00441_2024,1.0,0.9872576,1
img_00438_2024,1.0,0.98748827,1
img_00436_2024,1.0,0.98095953,1
img_00442_2024,1.0,0.9527563,1
img_00445_2024,1.0,0.94863904,1
img_00447_2024,1.0,0.8191513,0
img_00399_p01_2024,1.0,0.9786706,1
img_00399_p02_2024,1.0,0.9959418,1
img_00399_p03_2024,1.0,0.996515,1
img_00399_p04_2024,1.0,0.9924423,1
img_00444_2024,1.0,0.9349464,1
img_00448_2024,1.0,0.9951666,1
img_00450_2024,1.0,0.99637854,1
img_00357_p01_2024,1.0,0.9720435,1
img_00357_p02_2024,1.0,0.9945272,1
img_00357_p03_2024,1.0,0.98228854,1
img_00357_p04_2024,1.0,0.98533124,1
img_00357_p05_2024,1.0,0.9736058,1
img_00454_2024,1.0,0.7888572,0
img_00457_2024,1.0,0.6402033,0
img_00453_2024,1.0,0.7799177,0
img_00451_2024,1.0,0.7949799,0
img_00456_2024,1.0,0.74312586,0
img_00452_2024,1.0,0.34919327,0
img_00455_2024,1.0,0.9282514,1
img_00449_2024,1.0,0.9918903,1
img_00459_2024,1.0,0.25003412,0
img_00460_2024,1.0,0.48000574,0
img_00463_2024,1.0,0.8058499,0
img_00462_2024,1.0,0.59235823,0
img_00461_2024,1.0,0.96723145,1
img_00466_2024,1.0,0.95881355,1
img_00465_2024,1.0,0.8116255,0
img_00464_2024,1.0,0.9847339,1
img_00468_2024,1.0,0.9789499,1
img_00469_2024,1.0,0.9707347,1
img_00467_2024,1.0,0.98832244,1
img_00473_2024,1.0,0.57714444,0
img_00474_2024,1.0,0.31414643,0
img_00477_2024,1.0,0.99224293,1
img_00479_2024,1.0,0.8455938,0
img_00481_2024,1.0,0.88661635,0
img_00478_2024,1.0,0.9768936,1
img_00475_2024,1.0,0.99077976,1
img_00480_2024,1.0,0.906665,0
img_00482_2024,1.0,0.88477576,0
img_00484_2024,1.0,0.9909279,1
img_00470_p01_2024,1.0,0.9867283,1
img_00470_p02_2024,1.0,0.9955658,1
img_00487_2024,1.0,0.99505913,1
img_00486_2024,1.0,0.9536176,1
img_00483_2024,1.0,0.694748,0
img_00489_2024,1.0,0.9406363,1
img_00488_2024,1.0,0.99706805,1
img_00490_2024,1.0,0.76467127,0
img_00491_2024,1.0,0.8161572,0
img_00476_p01_2024,1.0,0.36953655,0
img_00476_p02_2024,1.0,0.3579529,0
img_00493_2024,1.0,0.90001917,0
img_00492_2024,1.0,0.63548356,0
img_00494_2024,1.0,0.89579266,0
img_00495_2024,1.0,0.79970104,0
img_00498_2024,1.0,0.8418582,0
img_00501_2024,1.0,0.90267277,0
img_00502_2024,1.0,0.9287715,1
img_00443_p01_2024,1.0,0.9952966,1
img_00443_p02_2024,1.0,0.98515433,1
img_00443_p03_2024,1.0,0.9922136,1
img_00443_p04_2024,1.0,0.99786997,1
img_00500_2024,1.0,0.9534265,1
img_00472_p01_2024,1.0,0.9978386,1
img_00472_p02_2024,1.0,0.9986931,1
img_00504_2024,1.0,0.9728982,1
img_00505_2024,1.0,0.8606008,0
img_00499_2024,1.0,0.7173883,0
img_00506_2024,1.0,0.9955858,1
img_00509_2024,1.0,0.968674,1
img_00510_2024,1.0,0.6143728,0
img_00514_2024,1.0,0.5664707,0
img_00503_p01_2024,1.0,0.47023582,0
img_00503_p02_2024,1.0,0.95974886,1
img_00458_p01_2024,1.0,0.9836024,1
img_00458_p02_2024,1.0,0.9885033,1
img_00458_p03_2024,1.0,0.9739917,1
img_00458_p04_2024,1.0,0.99717295,1
img_00515_2024,1.0,0.78570354,0
img_00507_2024,1.0,0.7150463,0
img_00517_2024,1.0,0.48787126,0
img_00518_2024,1.0,0.3181679,0
img_00519_2024,1.0,0.971434,1
img_00513_2024,1.0,0.91498834,0
img_00427_p01_2024,1.0,0.99655515,1
img_00427_p02_2024,1.0,0.9889256,1
img_00427_p03_2024,1.0,0.85374117,0
img_00427_p04_2024,1.0,0.9889967,1
img_00427_p05_2024,1.0,0.9694365,1
img_00427_p06_2024,1.0,0.9938568,1
img_00522_2024,1.0,0.8171794,0
img_00511_2024,1.0,0.99335176,1
img_00523_2024,1.0,0.5049458,0
img_00410_p01_2024,1.0,0.9902665,1
img_00410_p02_2024,1.0,0.97079074,1
img_00410_p03_2024,1.0,0.78224826,0
img_00410_p04_2024,1.0,0.9807639,1
img_00410_p05_2024,1.0,0.9052909,0
img_00410_p06_2024,1.0,0.98697364,1
img_00410_p07_2024,1.0,0.9783204,1
img_00410_p08_2024,1.0,0.9926939,1
img_00410_p09_2024,1.0,0.7971846,0
img_00524_2024,1.0,0.6773944,0
img_00526_2024,1.0,0.9425602,1
img_00525_2024,1.0,0.2916668,0
img_00527_2024,1.0,0.7221571,0
img_00529_2024,1.0,0.9123763,0
img_00439_p01_2024,1.0,0.9731655,1
img_00439_p02_2024,1.0,0.9886168,1
img_00439_p03_2024,1.0,0.9909936,1
img_00439_p04_2024,1.0,0.98716754,1
img_00439_p05_2024,1.0,0.99721134,1
img_00439_p06_2024,1.0,0.96792525,1
img_00439_p07_2024,1.0,0.99861115,1
img_00439_p08_2024,1.0,0.99809426,1
img_00530_2024,1.0,0.9617441,1
img_00533_2024,1.0,0.9979396,1
img_00531_2024,1.0,0.67648685,0
img_00535_2024,1.0,0.75119936,0
img_00520_p01_2024,1.0,0.9218675,1
img_00520_p02_2024,1.0,0.82995045,0
img_00496_p01_2024,1.0,0.9968966,1
img_00496_p02_2024,1.0,0.9958493,1
img_00496_p03_2024,1.0,0.981703,1
img_00496_p04_2024,1.0,0.98554915,1
img_00534_2024,1.0,0.88199604,0
img_00532_2024,1.0,0.98934335,1
img_00537_2024,1.0,0.7886559,0
img_00541_2024,1.0,0.43582636,0
img_00543_2024,1.0,0.9930253,1
img_00538_2024,1.0,0.99460375,1
img_00544_2024,1.0,0.950991,1
img_00542_2024,1.0,0.31498736,0
img_00540_2024,1.0,0.73695934,0
img_00546_2024,1.0,0.9957965,1
img_00547_2024,1.0,0.58948594,0
img_00548_2024,1.0,0.58392924,0
img_00536_p01_2024,1.0,0.8567672,0
img_00536_p02_2024,1.0,0.9700081,1
img_00549_2024,1.0,0.98255026,1
img_00552_2024,1.0,0.69683963,0
img_00554_2024,1.0,0.4117844,0
img_00550_2024,1.0,0.9553536,1
img_00553_2024,1.0,0.96412736,1
img_00508_p01_2024,1.0,0.9991151,1
img_00508_p02_2024,1.0,0.99880564,1
img_00508_p03_2024,1.0,0.98857784,1
img_00508_p04_2024,1.0,0.99861085,1
img_00508_p05_2024,1.0,0.9939934,1
img_00516_p01_2024,1.0,0.99778205,1
img_00516_p02_2024,1.0,0.9979755,1
img_00516_p03_2024,1.0,0.99709415,1
img_00516_p04_2024,1.0,0.9976875,1
img_00556_2024,1.0,0.5677738,0
img_00512_p01_2024,1.0,0.91337144,0
img_00512_p02_2024,1.0,0.9125477,0
img_00512_p03_2024,1.0,0.8915473,0
img_00512_p04_2024,1.0,0.61563224,0
img_00512_p05_2024,1.0,0.9942969,1
img_00512_p06_2024,1.0,0.9335367,1
img_00555_2024,1.0,0.31118107,0
img_00559_2024,1.0,0.16539061,0
img_00485_p01_2024,1.0,0.9357087,1
img_00485_p02_2024,1.0,0.86718404,0
img_00485_p03_2024,1.0,0.8678139,0
img_00485_p04_2024,1.0,0.99194926,1
img_00485_p05_2024,1.0,0.98634225,1
img_00485_p06_2024,1.0,0.995968,1
img_00485_p07_2024,1.0,0.987545,1
img_00563_2024,1.0,0.9552773,1
img_00558_2024,1.0,0.958268,1
img_00562_2024,1.0,0.9955103,1
img_00564_2024,1.0,0.9938946,1
img_00561_2024,1.0,0.9020314,0
img_00521_p01_2024,1.0,0.96025485,1
img_00521_p02_2024,1.0,0.9563419,1
img_00521_p03_2024,1.0,0.8724457,0
img_00521_p04_2024,1.0,0.9801124,1
img_00560_2024,1.0,0.5863135,0
img_00566_2024,1.0,0.51295483,0
img_00567_2024,1.0,0.45041567,0
img_00565_2024,1.0,0.43045482,0
img_00571_2024,1.0,0.77210915,0
img_00570_2024,1.0,0.85536736,0
img_00572_2024,1.0,0.5934266,0
img_00574_2024,1.0,0.782245,0
img_00573_2024,1.0,0.22159775,0
img_00569_2024,1.0,0.039570324,0
img_00545_p01_2024,1.0,0.9191762,1
img_00545_p02_2024,1.0,0.99411565,1
img_00575_2024,1.0,0.5854716,0
img_00578_2024,1.0,0.97445697,1
img_00539_p01_2024,1.0,0.97162884,1
img_00539_p02_2024,1.0,0.76831853,0
img_00539_p03_2024,1.0,0.8197138,0
img_00539_p04_2024,1.0,0.9251917,1
img_00577_2024,1.0,0.9243286,1
img_00576_2024,1.0,0.9307256,1
img_00568_2024,1.0,0.98756343,1
img_00583_2024,1.0,0.5868599,0
img_00581_2024,1.0,0.41705212,0
img_00580_2024,1.0,0.987138,1
img_00585_2024,1.0,0.93257064,1
img_00579_2024,1.0,0.99018,1
img_00584_2024,1.0,0.19184878,0
img_00586_2024,1.0,0.35838136,0
img_00587_2024,1.0,0.87844884,0
img_00582_2024,1.0,0.24870248,0
img_00588_2024,1.0,0.793026,0
img_00590_2024,1.0,0.9970137,1
img_00589_2024,1.0,0.65085787,0
img_00551_p01_2024,1.0,0.9939666,1
img_00551_p02_2024,1.0,0.98309195,1
img_00551_p03_2024,1.0,0.99381006,1
img_00551_p04_2024,1.0,0.97922695,1
img_00591_2024,1.0,0.76463664,0
img_00592_2024,1.0,0.22244248,0
img_00595_2024,1.0,0.9659295,1
img_00597_2024,1.0,0.46377882,0
img_00596_2024,1.0,0.26054817,0
img_00599_2024,1.0,0.9550387,1
img_00603_2024,1.0,0.9543749,1
img_00604_2024,1.0,0.9962245,1
img_00606_2024,1.0,0.6802705,0
img_00594_2024,1.0,0.99264944,1
img_00601_2024,1.0,0.9981016,1
img_00607_2024,1.0,0.99225664,1
img_00608_2024,1.0,0.9965515,1
img_00598_p01_2024,1.0,0.80070573,0
img_00598_p02_2024,1.0,0.9778218,1
img_00613_2024,1.0,0.9920853,1
img_00615_2024,1.0,0.94185656,1
img_00557_p01_2024,1.0,0.93088305,1
img_00557_p02_2024,1.0,0.9955721,1
img_00557_p03_2024,1.0,0.9070388,0
img_00557_p04_2024,1.0,0.9914338,1
img_00605_2024,1.0,0.99075377,1
img_00614_2024,1.0,0.31608218,0
img_00616_2024,1.0,0.9897292,1
img_00617_2024,1.0,0.85121185,0
img_00612_2024,1.0,0.9228784,1
img_00618_2024,1.0,0.96110314,1
img_00619_2024,1.0,0.9528559,1
img_00621_2024,1.0,0.98020256,1
img_00622_2024,1.0,0.9712945,1
img_00623_2024,1.0,0.5838193,0
img_00625_2024,1.0,0.86520624,0
img_00611_2024,1.0,0.998442,1
img_00471_p01_2024,1.0,0.99718153,1
img_00471_p02_2024,1.0,0.9768392,1
img_00471_p03_2024,1.0,0.99489367,1
img_00471_p04_2024,1.0,0.9977617,1
img_00471_p05_2024,1.0,0.9988216,1
img_00471_p06_2024,1.0,0.9949144,1
img_00471_p07_2024,1.0,0.99938124,1
img_00471_p08_2024,1.0,0.9959246,1
img_00471_p09_2024,1.0,0.99447423,1
img_00471_p10_2024,1.0,0.9975468,1
img_00471_p11_2024,1.0,0.9944042,1
img_00620_2024,1.0,0.97739094,1
img_00629_2024,1.0,0.20004673,0
img_00627_2024,1.0,0.96448576,1
img_00624_2024,1.0,0.9891957,1
img_00631_2024,1.0,0.4751536,0
img_00626_2024,1.0,0.13706854,0
img_00161_p01_2024,1.0,0.99444515,1
img_00161_p02_2024,1.0,0.9936069,1
img_00161_p03_2024,1.0,0.9887247,1
img_00161_p04_2024,1.0,0.9731183,1
img_00161_p05_2024,1.0,0.9876345,1
img_00161_p06_2024,1.0,0.99221784,1
img_00161_p07_2024,1.0,0.9881989,1
img_00161_p08_2024,1.0,0.99298847,1
img_00161_p09_2024,1.0,0.98457146,1
img_00161_p10_2024,1.0,0.63828593,0
img_00161_p11_2024,1.0,0.99510825,1
img_00161_p12_2024,1.0,0.97609794,1
img_00161_p13_2024,1.0,0.72298944,0
img_00161_p15_2024,1.0,0.96376646,1
img_00161_p16_2024,1.0,0.9611381,1
img_00161_p17_2024,1.0,0.79895437,0
img_00161_p18_2024,1.0,0.9981967,1
img_00161_p19_2024,1.0,0.99948436,1
img_00630_2024,1.0,0.95105773,1
img_00632_2024,1.0,0.9645386,1
img_00636_2024,1.0,0.077095404,0
img_00635_2024,1.0,0.98809403,1
img_00634_2024,1.0,0.77511287,0
img_00638_2024,1.0,0.99242556,1
img_00639_2024,1.0,0.13115299,0
img_00640_2024,1.0,0.99757254,1
img_00641_2024,1.0,0.99609554,1
img_00633_2024,1.0,0.91201603,0
img_00645_2024,1.0,0.960956,1
img_00643_2024,1.0,0.097431734,0
img_00528_p01_2024,1.0,0.9967295,1
img_00528_p02_2024,1.0,0.96892995,1
img_00528_p03_2024,1.0,0.99394035,1
img_00528_p04_2024,1.0,0.96591836,1
img_00528_p05_2024,1.0,0.9843482,1
img_00528_p06_2024,1.0,0.980068,1
img_00528_p07_2024,1.0,0.48273286,0
img_00528_p08_2024,1.0,0.9860048,1
img_00528_p09_2024,1.0,0.9452001,1
img_00647_2024,1.0,0.8873045,0
img_00649_2024,1.0,0.89297706,0
img_00650_2024,1.0,0.21892186,0
img_00642_2024,1.0,0.030059785,0
img_00652_2024,1.0,0.92924225,1
img_00637_p01_2024,1.0,0.9976741,1
img_00637_p02_2024,1.0,0.9186371,1
img_00644_2024,1.0,0.9831045,1
img_00653_2024,1.0,0.96959877,1
img_00655_2024,1.0,0.9905211,1
img_00646_p01_2024,1.0,0.99703807,1
img_00646_p02_2024,1.0,0.99920195,1
img_00602_p01_2024,1.0,0.9906899,1
img_00602_p02_2024,1.0,0.99742174,1
img_00602_p03_2024,1.0,0.98913336,1
img_00602_p04_2024,1.0,0.9946063,1
img_00602_p05_2024,1.0,0.9928813,1
img_00602_p06_2024,1.0,0.9990511,1
img_00656_2024,1.0,0.98168594,1
img_00648_p01_2024,1.0,0.9928544,1
img_00648_p02_2024,1.0,0.9107212,0
img_00662_2024,1.0,0.9975642,1
img_00659_2024,1.0,0.96372557,1
img_00658_2024,1.0,0.9808241,1
img_00660_2024,1.0,0.8430699,0
img_00661_2024,1.0,0.67224324,0
img_00663_2024,1.0,0.7989996,0
img_00664_2024,1.0,0.80376256,0
img_00665_2024,1.0,0.6054136,0
img_00669_2024,1.0,0.81200486,0
img_00668_2024,1.0,0.6305076,0
img_00667_2024,1.0,0.6286193,0
img_00672_2024,1.0,0.97235614,1
img_00670_2024,1.0,0.65068895,0
img_00671_2024,1.0,0.9187101,1
img_00673_2024,1.0,0.98373115,1
img_00674_2024,1.0,0.76007545,0
img_00675_2024,1.0,0.97389376,1
img_00666_2024,1.0,0.9309866,1
img_00676_2024,1.0,0.7836331,0
img_00600_p01_2024,1.0,0.9763279,1
img_00600_p02_2024,1.0,0.20836286,0
img_00600_p03_2024,1.0,0.2207474,0
img_00600_p04_2024,1.0,0.9517452,1
img_00600_p05_2024,1.0,0.9326561,1
img_00600_p06_2024,1.0,0.82777596,0
img_00677_2024,1.0,0.6611568,0
img_00609_p01_2024,1.0,0.9969975,1
img_00609_p02_2024,1.0,0.9993593,1
img_00609_p03_2024,1.0,0.99846,1
img_00609_p04_2024,1.0,0.99708396,1
img_00609_p05_2024,1.0,0.99993336,1
img_00609_p06_2024,1.0,0.99765235,1
img_00681_2024,1.0,0.99261606,1
img_00679_2024,1.0,0.9192321,1
img_00682_2024,1.0,0.9977412,1
img_00497_p01_2024,1.0,0.9902299,1
img_00497_p02_2024,1.0,0.9984598,1
img_00497_p03_2024,1.0,0.99660254,1
img_00497_p04_2024,1.0,0.9016779,0
img_00497_p05_2024,1.0,0.9584907,1
img_00497_p06_2024,1.0,0.9975731,1
img_00497_p07_2024,1.0,0.99900377,1
img_00497_p08_2024,1.0,0.99649715,1
img_00497_p09_2024,1.0,0.98897684,1
img_00497_p10_2024,1.0,0.73543054,0
img_00497_p11_2024,1.0,0.99205714,1
img_00497_p12_2024,1.0,0.8436061,0
img_00497_p13_2024,1.0,0.9431524,1
img_00497_p14_2024,1.0,0.9890989,1
img_00497_p15_2024,1.0,0.8684705,0
img_00687_2024,1.0,0.5300716,0
img_00684_2024,1.0,0.900263,0
img_00680_2024,1.0,0.7403684,0
img_00683_2024,1.0,0.5216168,0
img_00686_2024,1.0,0.95811975,1
img_00688_2024,1.0,0.5758546,0
img_00690_2024,1.0,0.9836132,1
img_00691_2024,1.0,0.45132557,0
img_00685_2024,1.0,0.30731368,0
img_00697_2024,1.0,0.64100146,0
img_00695_2024,1.0,0.8821198,0
img_00693_2024,1.0,0.72113836,0
img_00692_2024,1.0,0.8515879,0
img_00027_p01_2024,1.0,0.8614583,0
img_00027_p02_2024,1.0,0.73985976,0
img_00027_p03_2024,1.0,0.9710058,1
img_00027_p04_2024,1.0,0.9909542,1
img_00027_p05_2024,1.0,0.9982549,1
img_00027_p06_2024,1.0,0.9804964,1
img_00027_p07_2024,1.0,0.995845,1
img_00027_p08_2024,1.0,0.98572314,1
img_00027_p09_2024,1.0,0.92748517,1
img_00027_p10_2024,1.0,0.9431143,1
img_00027_p11_2024,1.0,0.9991503,1
img_00027_p12_2024,1.0,0.9970113,1
img_00027_p13_2024,1.0,0.99884003,1
img_00027_p14_2024,1.0,0.99566114,1
img_00027_p15_2024,1.0,0.974885,1
img_00027_p16_2024,1.0,0.9955341,1
img_00027_p17_2024,1.0,0.10373453,0
img_00027_p18_2024,1.0,0.9974481,1
img_00027_p19_2024,1.0,0.99950683,1
img_00027_p20_2024,1.0,0.9991506,1
img_00027_p21_2024,1.0,0.9981682,1
img_00027_p22_2024,1.0,0.9899958,1
img_00027_p23_2024,1.0,0.9662744,1
img_00027_p24_2024,1.0,0.9937073,1
img_00027_p25_2024,1.0,0.9857007,1
img_00698_2024,1.0,0.8324963,0
img_00699_2024,1.0,0.917031,1
img_00694_2024,1.0,0.5299295,0
img_00700_2024,1.0,0.94400346,1
img_00678_p01_2024,1.0,0.9280515,1
img_00678_p02_2024,1.0,0.88538945,0
img_00703_2024,1.0,0.9759935,1
img_00701_2024,1.0,0.9429692,1
img_00704_2024,1.0,0.965422,1
img_00707_2024,1.0,0.93781567,1
img_00710_2024,1.0,0.9607959,1
img_00702_2024,1.0,0.21671517,0
img_00708_2024,1.0,0.90547943,0
img_00709_2024,1.0,0.9899014,1
img_00715_2024,1.0,0.9925581,1
img_00711_2024,1.0,0.42856517,0
img_00716_2024,1.0,0.98125994,1
img_00717_2024,1.0,0.83350164,0
img_00719_2024,1.0,0.955839,1
img_00722_2024,1.0,0.3214793,0
img_00610_p01_2024,1.0,0.9968737,1
img_00610_p02_2024,1.0,0.99883443,1
img_00610_p03_2024,1.0,0.9989379,1
img_00610_p04_2024,1.0,0.99848795,1
img_00610_p05_2024,1.0,0.9982257,1
img_00610_p06_2024,1.0,0.99459267,1
img_00610_p07_2024,1.0,0.99632037,1
img_00610_p08_2024,1.0,0.9955832,1
img_00720_2024,1.0,0.5377434,0
img_00657_p01_2024,1.0,0.9985936,1
img_00657_p02_2024,1.0,0.99274653,1
img_00657_p03_2024,1.0,0.9965393,1
img_00657_p04_2024,1.0,0.985711,1
img_00723_2024,1.0,0.9977978,1
img_00724_2024,1.0,0.67424965,0
img_00706_p01_2024,1.0,0.95856047,1
img_00706_p02_2024,1.0,0.97917664,1
img_00654_p01_2024,1.0,0.975875,1
img_00654_p02_2024,1.0,0.9768893,1
img_00654_p03_2024,1.0,0.8487686,0
img_00654_p04_2024,1.0,0.9679907,1
img_00654_p05_2024,1.0,0.96633303,1
img_00654_p06_2024,1.0,0.9935802,1
img_00725_2024,1.0,0.671284,0
img_00726_2024,1.0,0.06665458,0
img_00730_2024,1.0,0.99733526,1
img_00696_2024,1.0,0.6542152,0
img_00731_2024,1.0,0.9943937,1
img_00728_2024,1.0,0.9912931,1
img_00729_2024,1.0,0.98028624,1
img_00735_2024,1.0,0.9177098,1
img_00727_2024,1.0,0.9290892,1
img_00705_2024,1.0,0.97151744,1
img_00738_2024,1.0,0.8464961,0
img_00732_2024,1.0,0.8824315,0
img_00736_2024,1.0,0.8710658,0
img_00733_2024,1.0,0.9616231,1
img_00737_2024,1.0,0.8055229,0
img_00739_2024,1.0,0.26745892,0
img_00713_2024,1.0,0.9727375,1
img_00721_2024,1.0,0.98055667,1
img_00740_2024,1.0,0.9845214,1
img_00744_2024,1.0,0.9254897,1
img_00734_2024,1.0,0.9829518,1
img_00745_2024,1.0,0.5512236,0
img_00743_2024,1.0,0.97912014,1
img_00748_2024,1.0,0.39489627,0
img_00742_2024,1.0,0.96984327,1
img_00718_2024,1.0,0.81094646,0
img_00749_2024,1.0,0.9623165,1
img_00746_2024,1.0,0.12230442,0
img_00751_2024,1.0,0.9723717,1
img_00752_2024,1.0,0.96789235,1
img_00754_2024,1.0,0.8777604,0
img_00753_2024,1.0,0.6802066,0
img_00756_2024,1.0,0.9982606,1
img_00762_2024,1.0,0.4032275,0
img_00758_2024,1.0,0.9491943,1
img_00759_2024,1.0,0.9362439,1
img_00741_p01_2024,1.0,0.6134575,0
img_00741_p02_2024,1.0,0.6272009,0
img_00755_2024,1.0,0.23377553,0
img_00760_2024,1.0,0.9610872,1
img_00712_p01_2024,1.0,0.7064859,0
img_00712_p02_2024,1.0,0.9216033,1
img_00761_2024,1.0,0.8481394,0
img_00764_2024,1.0,0.8241973,0
img_00757_2024,1.0,0.5183746,0
img_00766_2024,1.0,0.52747476,0
img_00763_2024,1.0,0.955097,1
img_00768_2024,1.0,0.97777873,1
img_00767_2024,1.0,0.572714,0
img_00765_2024,1.0,0.45881224,0
img_00689_p01_2024,1.0,0.8166461,0
img_00689_p02_2024,1.0,0.6083103,0
img_00689_p03_2024,1.0,0.57271737,0
img_00689_p04_2024,1.0,0.9888965,1
img_00689_p05_2024,1.0,0.9926753,1
img_00689_p06_2024,1.0,0.7537722,0
img_00750_p01_2024,1.0,0.9405894,1
img_00750_p02_2024,1.0,0.97742283,1
img_00628_p01_2024,1.0,0.9971161,1
img_00628_p02_2024,1.0,0.9989271,1
img_00628_p03_2024,1.0,0.7536121,0
img_00628_p04_2024,1.0,0.9930891,1
img_00628_p05_2024,1.0,0.9845637,1
img_00628_p06_2024,1.0,0.14347671,0
img_00628_p07_2024,1.0,0.98735696,1
img_00628_p08_2024,1.0,0.9158133,0
img_00628_p09_2024,1.0,0.9373352,1
img_00769_2024,1.0,0.41667137,0
img_00771_2024,1.0,0.9114107,0
img_00770_2024,1.0,0.98835725,1
img_00776_2024,1.0,0.33300167,0
img_00774_2024,1.0,0.9909558,1
img_00775_2024,1.0,0.9879001,1
img_00777_2024,1.0,0.023091177,0
img_00778_2024,1.0,0.16393104,0
img_00773_2024,1.0,0.9971014,1
img_00781_2024,1.0,0.61483085,0
img_00782_2024,1.0,0.9911353,1
img_00779_2024,1.0,0.96608096,1
img_00785_2024,1.0,0.31502518,0
img_00787_2024,1.0,0.93322575,1
img_00780_2024,1.0,0.9323659,1
img_00714_p01_2024,1.0,0.9924878,1
img_00714_p02_2024,1.0,0.9069966,0
img_00714_p03_2024,1.0,0.86636007,0
img_00714_p04_2024,1.0,0.8578099,0
img_00786_2024,1.0,0.9553461,1
img_00783_2024,1.0,0.37441015,0
img_00772_2024,1.0,0.7039854,0
img_00784_2024,1.0,0.98410434,1
img_00788_2024,1.0,0.97783136,1
img_00789_2024,1.0,0.98503256,1
img_00792_2024,1.0,0.9792954,1
img_00796_2024,1.0,0.22210422,0
img_00790_2024,1.0,0.5637739,0
img_00793_2024,1.0,0.52265406,0
img_00803_2024,1.0,0.91700536,1
img_00800_2024,1.0,0.98360187,1
img_00802_2024,1.0,0.03406451,0
img_00799_2024,1.0,0.95758283,1
img_00795_2024,1.0,0.94538337,1
img_00794_2024,1.0,0.96689814,1
img_00798_2024,1.0,0.8923148,0
img_00791_2024,1.0,0.57373476,0
img_00805_2024,1.0,0.96749276,1
img_00809_2024,1.0,0.9977474,1
img_00806_2024,1.0,0.98512733,1
img_00810_2024,1.0,0.4920703,0
img_00812_2024,1.0,0.98716897,1
img_00808_2024,1.0,0.93719614,1
img_00801_2024,1.0,0.9800442,1
img_00804_2024,1.0,0.96288526,1
img_00816_2024,1.0,0.8644536,0
img_00807_2024,1.0,0.56584597,0
img_00813_2024,1.0,0.98578274,1
img_00811_2024,1.0,0.55440396,0
img_00819_2024,1.0,0.72321045,0
img_00814_2024,1.0,0.26309037,0
img_00818_2024,1.0,0.9905165,1
img_00815_2024,1.0,0.89247453,0
img_00821_2024,1.0,0.72055167,0
img_00822_2024,1.0,0.9110915,0
img_00820_2024,1.0,0.5680064,0
img_00826_2024,1.0,0.70138943,0
img_00823_2024,1.0,0.25810447,0
img_00829_2024,0.0,0.011771927,0
img_00830_2024,0.0,0.0033326945,0
img_00824_2024,1.0,0.988832,1
img_00827_2024,1.0,0.7552094,0
img_00797_p01_2024,1.0,0.9745186,1
img_00797_p02_2024,1.0,0.89447546,0
img_00828_2024,0.0,0.012148572,0
img_00833_2024,0.0,0.0136926,0
img_00835_2024,0.0,0.37425762,0
img_00834_2024,0.0,0.13796899,0
img_00825_2024,1.0,0.4630112,0
img_00832_2024,0.0,0.1465934,0
img_00836_2024,0.0,0.07441786,0
img_00837_2024,0.0,0.008717081,0
img_00839_2024,0.0,0.005815094,0
img_00838_2024,0.0,0.015769832,0
img_00844_2024,0.0,0.008544178,0
img_00842_2024,0.0,0.72671735,0
img_00841_2024,0.0,0.07189971,0
img_00843_2024,0.0,0.035864715,0
img_00846_2024,0.0,0.2418528,0
img_00847_2024,0.0,0.008529034,0
img_00831_2024,0.0,0.034940675,0
img_00848_2024,0.0,0.0035934523,0
img_00850_2024,0.0,0.018634839,0
img_00849_2024,0.0,0.05433457,0
img_00851_2024,0.0,0.015524542,0
img_00840_2024,0.0,0.1782294,0
img_00845_2024,0.0,0.061198264,0
img_00852_2024,0.0,0.039651584,0
img_00854_2024,0.0,0.020258805,0
img_00856_2024,0.0,0.029359287,0
img_00858_2024,0.0,0.0030762958,0
img_00853_2024,0.0,0.020660464,0
img_00857_2024,0.0,0.07930161,0
img_00855_2024,0.0,0.022361625,0
img_00747_p01_2024,1.0,0.997337,1
img_00747_p02_2024,1.0,0.44536448,0
img_00747_p03_2024,1.0,0.93901527,1
img_00747_p04_2024,1.0,0.633395,0
img_00747_p05_2024,1.0,0.6893128,0
img_00747_p06_2024,1.0,0.998978,1
img_00860_2024,0.0,0.013085614,0
img_00859_2024,0.0,0.046899047,0
img_00865_2024,0.0,0.19611463,0
img_00863_2024,0.0,0.0045642606,0
img_00862_2024,0.0,0.008765196,0
img_00864_2024,0.0,0.011012388,0
img_00866_2024,0.0,0.01708867,0
img_00861_2024,0.0,0.010893719,0
img_00868_2024,0.0,0.032235757,0
img_00870_2024,0.0,0.04126198,0
img_00877_2024,0.0,0.024239343,0
img_00874_2024,0.0,0.0062758634,0
img_00871_2024,0.0,0.023009721,0
img_00875_2024,0.0,0.10907962,0
img_00869_2024,0.0,0.19417626,0
img_00872_2024,0.0,0.00664976,0
img_00867_2024,0.0,0.88751364,0
img_00878_2024,0.0,0.042042226,0
img_00876_2024,0.0,0.015244203,0
img_00879_2024,0.0,0.032852974,0
img_00883_2024,0.0,0.6124618,0
img_00873_2024,0.0,0.02773735,0
img_00881_2024,0.0,0.0062125865,0
img_00882_2024,0.0,0.0033450008,0
img_00884_2024,0.0,0.14232658,0
img_00890_2024,0.0,0.022305407,0
img_00892_2024,0.0,0.11562367,0
img_00886_2024,0.0,0.03425245,0
img_00887_2024,0.0,0.3085998,0
img_00888_2024,0.0,0.012635889,0
img_00889_2024,0.0,0.013293123,0
img_00891_2024,0.0,0.0832809,0
img_00894_2024,0.0,0.021001417,0
img_00895_2024,0.0,0.024238354,0
img_00893_2024,0.0,0.10546453,0
img_00896_2024,0.0,0.0054427763,0
img_00900_2024,0.0,0.09686202,0
img_00898_2024,0.0,0.014591627,0
img_00885_2024,0.0,0.06422125,0
img_00817_p01_2024,1.0,0.9925917,1
img_00817_p02_2024,1.0,0.94510955,1
img_00817_p03_2024,1.0,0.99806213,1
img_00817_p04_2024,1.0,0.9841695,1
img_00897_2024,0.0,0.005288588,0
img_00899_2024,0.0,0.95965827,1
img_00901_2024,0.0,0.007712244,0
img_00903_2024,0.0,0.08498819,0
img_00905_2024,0.0,0.026511425,0
img_00904_2024,0.0,0.036334585,0
img_00907_2024,0.0,0.02950959,0
img_00908_2024,0.0,0.08701925,0
img_00902_2024,0.0,0.07554324,0
img_00910_2024,0.0,0.011988027,0
img_00909_2024,0.0,0.033420503,0
img_00911_2024,0.0,0.01803502,0
img_00913_2024,0.0,0.0035500317,0
img_00912_2024,0.0,0.06794671,0
img_00906_2024,0.0,0.020882966,0
img_00917_2024,0.0,0.48429814,0
img_00914_2024,0.0,0.024982402,0
img_00916_2024,0.0,0.037537724,0
img_00923_2024,0.0,0.060489815,0
img_00919_2024,0.0,0.017286895,0
img_00915_2024,0.0,0.08579951,0
img_00918_2024,0.0,0.06109,0
img_00927_2024,0.0,0.016257862,0
img_00924_2024,0.0,0.04338355,0
img_00928_2024,0.0,0.01641809,0
img_00932_2024,0.0,0.031168729,0
img_00921_2024,0.0,0.34635806,0
img_00920_2024,0.0,0.22539866,0
img_00926_2024,0.0,0.016792092,0
img_00930_2024,0.0,0.0013700624,0
img_00922_2024,0.0,0.02983613,0
img_00925_2024,0.0,0.020413926,0
img_00931_2024,0.0,0.03157493,0
img_00934_2024,0.0,0.7182283,0
img_00935_2024,0.0,0.014730203,0
img_00933_2024,0.0,0.20650499,0
img_00938_2024,0.0,0.10379678,0
img_00941_2024,0.0,0.034731574,0
img_00939_2024,0.0,0.039630927,0
img_00937_2024,0.0,0.18896629,0
img_00936_2024,0.0,0.43423206,0
img_00929_2024,0.0,0.5396224,0
img_00946_2024,0.0,0.014800807,0
img_00945_2024,0.0,0.020600839,0
img_00950_2024,0.0,0.057085164,0
img_00948_2024,0.0,0.2184823,0
img_00942_2024,0.0,0.017610576,0
img_00940_2024,0.0,0.008130708,0
img_00943_2024,0.0,0.018191077,0
img_00947_2024,0.0,0.16033006,0
img_00944_2024,0.0,0.017059114,0
img_00953_2024,0.0,0.5866976,0
img_00951_2024,0.0,0.018502798,0
img_00949_2024,0.0,0.010912278,0
img_00952_2024,0.0,0.015069956,0
img_00954_2024,0.0,0.36357608,0
img_00955_2024,0.0,0.01875469,0
img_00957_2024,0.0,0.05753385,0
img_00880_p01_2024,0.0,0.0040283566,0
img_00880_p02_2024,0.0,0.02953937,0
img_00880_p03_2024,0.0,0.009812813,0
img_00880_p04_2024,0.0,0.037224047,0
img_00958_2024,0.0,0.01615526,0
img_00960_2024,0.0,0.0550918,0
img_00964_2024,0.0,0.1573095,0
img_00967_2024,0.0,0.041021638,0
img_00959_2024,0.0,0.031190995,0
img_00962_2024,0.0,0.056530558,0
img_00965_2024,0.0,0.007831364,0
img_00963_2024,0.0,0.019211255,0
img_00961_2024,0.0,0.80813044,0
img_00971_2024,0.0,0.018101782,0
img_00968_2024,0.0,0.5412324,0
img_00978_2024,0.0,0.002404003,0
img_00969_2024,0.0,0.12362629,0
img_00973_2024,0.0,0.12053065,0
img_00976_2024,0.0,0.031016922,0
img_00966_2024,0.0,0.012591724,0
img_00970_2024,0.0,0.030057102,0
img_00975_2024,0.0,0.010836181,0
img_00982_2024,0.0,0.28698662,0
img_00972_2024,0.0,0.0183237,0
img_00981_2024,0.0,0.00847162,0
img_00977_2024,0.0,0.025064897,0
img_00979_2024,0.0,0.9504694,1
img_00980_2024,0.0,0.45987064,0
img_00974_2024,0.0,0.017060274,0
img_00984_2024,0.0,0.0059823184,0
img_00983_2024,0.0,0.5797948,0
img_00986_2024,0.0,0.008711727,0
img_00987_2024,0.0,0.06147463,0
img_00990_2024,0.0,0.024553996,0
img_00991_2024,0.0,0.025423909,0
img_00992_2024,0.0,0.2755856,0
img_00985_2024,0.0,0.0061392025,0
img_00996_2024,0.0,0.012735674,0
img_00994_2024,0.0,0.050262876,0
img_00993_2024,0.0,0.019876566,0
img_00956_p01_2024,0.0,0.010998654,0
img_00956_p02_2024,0.0,0.007126134,0
img_00998_2024,0.0,0.01862752,0
img_00593_p01_2024,1.0,0.9991126,1
img_00593_p02_2024,1.0,0.9987399,1
img_00593_p03_2024,1.0,0.99983865,1
img_00593_p04_2024,1.0,0.9987394,1
img_00593_p05_2024,1.0,0.99812776,1
img_00593_p06_2024,1.0,0.9994465,1
img_00593_p07_2024,1.0,0.99992645,1
img_00593_p08_2024,1.0,0.999393,1
img_00593_p09_2024,1.0,0.9961271,1
img_00593_p10_2024,1.0,0.99928033,1
img_00593_p11_2024,1.0,0.99977386,1
img_00593_p12_2024,1.0,0.9962549,1
img_00593_p13_2024,1.0,0.9990996,1
img_00593_p14_2024,1.0,0.99785405,1
img_00593_p15_2024,1.0,0.9833522,1
img_00593_p16_2024,1.0,0.9977538,1
img_00593_p17_2024,1.0,0.99947757,1
img_00593_p18_2024,1.0,0.9940101,1
img_00593_p19_2024,1.0,0.9967955,1
img_00593_p20_2024,1.0,0.9998497,1
img_00593_p21_2024,1.0,0.999804,1
img_00593_p22_2024,1.0,0.9977633,1
img_00989_2024,0.0,0.1473204,0
img_00997_2024,0.0,0.05269016,0
img_00999_2024,0.0,0.013462027,0
img_00995_2024,0.0,0.06299051,0
img_01000_2024,0.0,0.036332466,0
img_01001_2024,0.0,0.22351822,0
img_01003_2024,0.0,0.8034167,0
img_01004_2024,0.0,0.03687561,0
img_01002_2024,0.0,0.15835524,0
img_01005_2024,0.0,0.006590057,0
img_01006_2024,0.0,0.024337996,0
img_01008_2024,0.0,0.0132143665,0
img_01009_2024,0.0,0.015175002,0
img_01007_2024,0.0,0.029693756,0
img_01013_2024,0.0,0.0027009177,0
img_01014_2024,0.0,0.026611567,0
img_01012_2024,0.0,0.022091884,0
img_01011_2024,0.0,0.06202075,0
img_01018_2024,0.0,0.52901924,0
img_01015_2024,0.0,0.016669862,0
img_01020_2024,0.0,0.012067588,0
img_01016_2024,0.0,0.04109963,0
img_01017_2024,0.0,0.03822303,0
img_01024_2024,0.0,0.016407,0
img_01021_2024,0.0,0.016302433,0
img_00988_p01_2024,0.0,0.002161438,0
img_00988_p02_2024,0.0,0.006766814,0
img_01022_2024,0.0,0.23495047,0
img_01025_2024,0.0,0.008278245,0
img_01023_2024,0.0,0.024570454,0
img_01032_2024,0.0,0.11839454,0
img_01027_2024,0.0,0.018435339,0
img_01033_2024,0.0,0.048527695,0
img_01029_2024,0.0,0.05860581,0
img_01028_2024,0.0,0.0052075945,0
img_01035_2024,0.0,0.017974855,0
img_01031_2024,0.0,0.010738219,0
img_01026_2024,0.0,0.47198844,0
img_01030_2024,0.0,0.013193734,0
img_01037_2024,0.0,0.4068265,0
img_01036_2024,0.0,0.010074953,0
img_01040_2024,0.0,0.012134103,0
img_01043_2024,0.0,0.14209045,0
img_01047_2024,0.0,0.064871944,0
img_01046_2024,0.0,0.014447056,0
img_01042_2024,0.0,0.22866416,0
img_01049_2024,0.0,0.035660066,0
img_01041_2024,0.0,0.025575105,0
img_01045_2024,0.0,0.0080029955,0
img_01048_2024,0.0,0.028592959,0
img_01038_2024,0.0,0.012744693,0
img_01034_p01_2024,0.0,0.0899956,0
img_01034_p02_2024,0.0,0.5670039,0
img_01051_2024,0.0,0.029441783,0
img_01054_2024,0.0,0.08521347,0
img_01050_2024,0.0,0.09078993,0
img_01052_2024,0.0,0.08576595,0
img_01055_2024,0.0,0.015128377,0
img_01039_p01_2024,0.0,0.031920183,0
img_01039_p02_2024,0.0,0.077386886,0
img_01058_2024,0.0,0.33763355,0
img_01057_2024,0.0,0.008088646,0
img_01056_2024,0.0,0.031332925,0
img_01044_2024,0.0,0.016279187,0
img_01062_2024,0.0,0.012054602,0
img_01059_2024,0.0,0.014303768,0
img_01010_p01_2024,0.0,0.008440105,0
img_01010_p02_2024,0.0,0.018567523,0
img_01010_p03_2024,0.0,0.0027658488,0
img_01065_2024,0.0,0.020410154,0
img_01053_2024,0.0,0.004603849,0
img_01064_2024,0.0,0.011532368,0
img_01060_2024,0.0,0.021091439,0
img_01068_2024,0.0,0.085487254,0
img_01067_2024,0.0,0.0149797,0
img_01061_2024,0.0,0.016686093,0
img_01066_2024,0.0,0.01056437,0
img_01076_2024,0.0,0.2993915,0
img_01070_2024,0.0,0.03339706,0
img_01072_2024,0.0,0.03732624,0
img_01081_2024,0.0,0.034018207,0
img_01073_2024,0.0,0.014245446,0
img_01069_2024,0.0,0.013342211,0
img_01078_2024,0.0,0.039019153,0
img_01074_2024,0.0,0.09753288,0
img_01071_2024,0.0,0.16139705,0
img_01019_p01_2024,0.0,0.04594944,0
img_01019_p02_2024,0.0,0.015794158,0
img_01019_p03_2024,0.0,0.018870313,0
img_01019_p04_2024,0.0,0.050770044,0
img_01083_2024,0.0,0.02245469,0
img_01080_2024,0.0,0.27009526,0
img_01077_2024,0.0,0.015235369,0
img_01082_2024,0.0,0.031939164,0
img_01085_2024,0.0,0.049673878,0
img_01090_2024,0.0,0.010112794,0
img_01094_2024,0.0,0.03920985,0
img_01089_2024,0.0,0.022902183,0
img_01088_2024,0.0,0.01627155,0
img_01091_2024,0.0,0.2806185,0
img_01084_2024,0.0,0.045876276,0
img_01095_2024,0.0,0.101444796,0
img_01086_2024,0.0,0.015561804,0
img_01097_2024,0.0,0.025948938,0
img_01099_2024,0.0,0.048595764,0
img_01096_2024,0.0,0.022396516,0
img_01098_2024,0.0,0.012728222,0
img_01092_2024,0.0,0.011465018,0
img_01102_2024,0.0,0.035566643,0
img_01101_2024,0.0,0.0097235935,0
img_01106_2024,0.0,0.017135113,0
img_01107_2024,0.0,0.032180306,0
img_01104_2024,0.0,0.023077417,0
img_01087_p01_2024,0.0,0.056374423,0
img_01087_p02_2024,0.0,0.038251184,0
img_01109_2024,0.0,0.38541204,0
img_01100_2024,0.0,0.007442416,0
img_01075_p01_2024,0.0,0.011402709,0
img_01075_p02_2024,0.0,0.030489907,0
img_01075_p03_2024,0.0,0.01999208,0
img_01110_2024,0.0,0.02455965,0
img_01093_2024,0.0,0.08511811,0
img_01111_2024,0.0,0.010736181,0
img_01114_2024,0.0,0.015360147,0
img_01116_2024,0.0,0.02203377,0
img_01115_2024,0.0,0.91702634,1
img_01108_2024,0.0,0.093087874,0
img_01113_2024,0.0,0.16500852,0
img_01119_2024,0.0,0.008320326,0
img_01118_2024,0.0,0.050624084,0
img_01120_2024,0.0,0.0065869964,0
img_01124_2024,0.0,0.0068488643,0
img_01123_2024,0.0,0.017993346,0
img_01121_2024,0.0,0.08200577,0
img_01127_2024,0.0,0.19956484,0
img_01122_2024,0.0,0.024202447,0
img_01130_2024,0.0,0.28662655,0
img_01132_2024,0.0,0.24598625,0
img_01126_2024,0.0,0.027591016,0
img_01128_2024,0.0,0.0115715135,0
img_01129_2024,0.0,0.18798015,0
img_01131_2024,0.0,0.012636224,0
img_01125_2024,0.0,0.046765584,0
img_01135_2024,0.0,0.062138,0
img_01103_2024,0.0,0.3017694,0
img_01138_2024,0.0,0.080739945,0
img_01141_2024,0.0,0.023318972,0
img_01140_2024,0.0,0.04789875,0
img_01139_2024,0.0,0.0074702436,0
img_01134_2024,0.0,0.107412264,0
img_01145_2024,0.0,0.045038026,0
img_01142_2024,0.0,0.06368166,0
img_01144_2024,0.0,0.21252811,0
img_01143_2024,0.0,0.010961167,0
img_01146_2024,0.0,0.013819473,0
img_01112_2024,0.0,0.26480383,0
img_01136_2024,0.0,0.010509267,0
img_01150_2024,0.0,0.2691638,0
img_01151_2024,0.0,0.007897215,0
img_01154_2024,0.0,0.01251466,0
img_01152_2024,0.0,0.47468048,0
img_01149_2024,0.0,0.070832096,0
img_01079_p01_2024,0.0,0.026004735,0
img_01079_p02_2024,0.0,0.01201743,0
img_01117_2024,0.0,0.07688092,0
img_01133_p01_2024,0.0,0.0061934805,0
img_01133_p02_2024,0.0,0.00995495,0
img_01156_2024,0.0,0.045691248,0
img_01155_2024,0.0,0.11959863,0
img_01157_2024,0.0,0.022827674,0
img_01063_p01_2024,0.0,0.12668079,0
img_01063_p02_2024,0.0,0.21220556,0
img_01063_p03_2024,0.0,0.21092947,0
img_01063_p04_2024,0.0,0.056159772,0
img_01063_p05_2024,0.0,0.063540176,0
img_01063_p06_2024,0.0,0.023297189,0
img_01159_2024,0.0,0.08161948,0
img_01153_2024,0.0,0.032218594,0
img_01158_2024,0.0,0.0076551354,0
img_01148_2024,0.0,0.015745921,0
img_01161_2024,0.0,0.077350624,0
img_01165_2024,0.0,0.1314575,0
img_00651_p01_2024,1.0,0.9089875,0
img_00651_p02_2024,1.0,0.97791326,1
img_00651_p03_2024,1.0,0.9861889,1
img_00651_p04_2024,1.0,0.8416033,0
img_00651_p05_2024,1.0,0.91631716,0
img_00651_p06_2024,1.0,0.97851896,1
img_00651_p07_2024,1.0,0.9288038,1
img_00651_p08_2024,1.0,0.9321617,1
img_00651_p09_2024,1.0,0.8465206,0
img_00651_p10_2024,1.0,0.9877051,1
img_00651_p11_2024,1.0,0.9604893,1
img_00651_p12_2024,1.0,0.9889269,1
img_00651_p13_2024,1.0,0.9983284,1
img_00651_p14_2024,1.0,0.9463456,1
img_00651_p15_2024,1.0,0.992257,1
img_00651_p16_2024,1.0,0.9892508,1
img_00651_p17_2024,1.0,0.9880994,1
img_00651_p18_2024,1.0,0.29657367,0
img_01164_2024,0.0,0.05706676,0
img_01166_2024,0.0,0.07004,0
img_01167_2024,0.0,0.0676762,0
img_01162_2024,0.0,0.06264728,0
img_01137_p01_2024,0.0,0.00949888,0
img_01137_p02_2024,0.0,0.077378355,0
img_01168_2024,0.0,0.017902005,0
img_01163_2024,0.0,0.0073036007,0
img_01105_2024,0.0,0.003070429,0
img_01171_2024,0.0,0.8007391,0
img_01169_2024,0.0,0.04255228,0
img_01174_2024,0.0,0.008154703,0
img_01173_2024,0.0,0.2662003,0
img_01170_2024,0.0,0.010123755,0
img_01172_2024,0.0,0.0032046915,0
img_01147_p01_2024,0.0,0.039992064,0
img_01147_p02_2024,0.0,0.030249488,0
img_01176_2024,0.0,0.13074908,0
img_01179_2024,0.0,0.028829133,0
img_01178_2024,0.0,0.014303684,0
img_01175_2024,0.0,0.071150966,0
img_01184_2024,0.0,0.010279886,0
img_01181_2024,0.0,0.038416035,0
img_01183_2024,0.0,0.0075246943,0
img_01185_2024,0.0,0.011714118,0
img_01186_2024,0.0,0.012748307,0
img_01187_2024,0.0,0.3490664,0
img_01177_2024,0.0,0.0023012892,0
img_01188_2024,0.0,0.07802187,0
img_01182_2024,0.0,0.013498761,0
img_01180_2024,0.0,0.06332247,0
img_01160_2024,0.0,0.011317625,0
img_01190_2024,0.0,0.01570951,0
img_01189_2024,0.0,0.0057544457,0
img_01197_2024,0.0,0.025906507,0
img_01196_2024,0.0,0.16268352,0
img_01193_2024,0.0,0.93738014,1
img_01191_2024,0.0,0.01207597,0
img_01202_2024,0.0,0.21310373,0
img_01195_2024,0.0,0.010715125,0
img_01198_2024,0.0,0.015010385,0
img_01203_2024,0.0,0.0071934415,0
img_01201_2024,0.0,0.07409885,0
img_01200_2024,0.0,0.009654147,0
img_01199_2024,0.0,0.022349987,0
img_01194_2024,0.0,0.17649016,0
img_01204_2024,0.0,0.024336142,0
img_01192_2024,0.0,0.0048427945,0
img_01206_2024,0.0,0.04288113,0
img_01209_2024,0.0,0.19001266,0
img_01210_2024,0.0,0.055259656,0
img_01208_2024,0.0,0.005498253,0
img_01207_2024,0.0,0.015247698,0
img_01213_2024,0.0,0.05469821,0
img_01212_2024,0.0,0.023043629,0
img_01217_2024,0.0,0.0062381597,0
img_01211_2024,0.0,0.012416565,0
img_01214_2024,0.0,0.051858295,0
img_01216_2024,0.0,0.020218153,0
img_01218_2024,0.0,0.005882508,0
img_01223_2024,0.0,0.04494133,0
img_01224_2024,0.0,0.10120901,0
img_01220_2024,0.0,0.03698441,0
img_01215_2024,0.0,0.007900177,0
img_01222_2024,0.0,0.06382139,0
img_01225_2024,0.0,0.0047608586,0
img_01226_2024,0.0,0.033338528,0
img_01219_2024,0.0,0.012391965,0
img_01227_2024,0.0,0.05311476,0
img_01228_2024,0.0,0.006512408,0
img_01205_p01_2024,0.0,0.036153115,0
img_01205_p02_2024,0.0,0.021108842,0
img_01229_2024,0.0,0.07459434,0
img_01231_2024,0.0,0.025669169,0
img_01230_2024,0.0,0.039253663,0
img_01233_2024,0.0,0.0060745673,0
img_01232_2024,0.0,0.0045587714,0
img_01234_2024,0.0,0.044279553,0
img_01236_2024,0.0,0.016194247,0
img_01235_2024,0.0,0.023234714,0
img_01237_2024,0.0,0.045050703,0
img_01238_2024,0.0,0.020677239,0
img_01240_2024,0.0,0.021188194,0
img_01245_2024,0.0,0.011660348,0
img_01243_2024,0.0,0.096871704,0
img_01239_2024,0.0,0.029524202,0
img_01241_2024,0.0,0.025584694,0
img_01246_2024,0.0,0.043394558,0
img_01244_2024,0.0,0.012594933,0
img_01248_2024,0.0,0.14742172,0
img_01247_2024,0.0,0.030004377,0
img_01250_2024,0.0,0.15400983,0
img_01252_2024,0.0,0.012295095,0
img_01251_2024,0.0,0.031742245,0
img_01242_2024,0.0,0.0051975353,0
img_01249_2024,0.0,0.38374364,0
img_01253_2024,0.0,0.011934681,0
img_01258_2024,0.0,0.12789908,0
img_01255_2024,0.0,0.05729737,0
img_01259_2024,0.0,0.022378715,0
img_01254_2024,0.0,0.021779155,0
img_01256_2024,0.0,0.008930931,0
img_01261_2024,0.0,0.009554768,0
img_01263_2024,0.0,0.026403606,0
img_01265_2024,0.0,0.0010263495,0
img_01266_2024,0.0,0.011572674,0
img_01262_2024,0.0,0.14449254,0
img_01269_2024,0.0,0.009296934,0
img_01271_2024,0.0,0.023819208,0
img_01273_2024,0.0,0.20860882,0
img_01274_2024,0.0,0.018773744,0
img_01270_2024,0.0,0.52429247,0
img_01275_2024,0.0,0.010858359,0
img_01272_2024,0.0,0.034232583,0
img_01260_2024,0.0,0.006422599,0
img_01264_2024,0.0,0.16894501,0
img_01268_2024,0.0,0.12951724,0
img_01277_2024,0.0,0.008385926,0
img_01281_2024,0.0,0.029780496,0
img_01276_2024,0.0,0.052897047,0
img_01284_2024,0.0,0.010479724,0
img_01280_2024,0.0,0.040623106,0
img_01282_2024,0.0,0.020255763,0
img_01285_2024,0.0,0.046276532,0
img_01267_2024,0.0,0.02078193,0
img_01278_2024,0.0,0.057146054,0
img_01286_2024,0.0,0.029025828,0
img_01289_2024,0.0,0.052618038,0
img_01279_2024,0.0,0.026425693,0
img_01292_2024,0.0,0.2231243,0
img_01291_2024,0.0,0.9667584,1
img_01293_2024,0.0,0.0066227997,0
img_01290_2024,0.0,0.0149707915,0
img_01287_2024,0.0,0.064819664,0
img_01297_2024,0.0,0.12027295,0
img_01299_2024,0.0,0.08898545,0
img_01294_2024,0.0,0.084816426,0
img_01298_2024,0.0,0.038118683,0
img_01300_2024,0.0,0.043940715,0
img_01288_2024,0.0,0.016971748,0
img_01296_2024,0.0,0.012337369,0
img_01304_2024,0.0,0.03401782,0
img_01301_2024,0.0,0.23752931,0
img_01303_2024,0.0,0.022453107,0
img_01302_2024,0.0,0.0028591526,0
img_01305_2024,0.0,0.051798742,0
img_01309_2024,0.0,0.16679709,0
img_01307_2024,0.0,0.019175684,0
img_01306_2024,0.0,0.023858579,0
img_01311_2024,0.0,0.07760172,0
img_01310_2024,0.0,0.027233724,0
img_01316_2024,0.0,0.027694572,0
img_01283_2024,0.0,0.022516422,0
img_01315_2024,0.0,0.009135345,0
img_01295_p01_2024,0.0,0.20011786,0
img_01295_p02_2024,0.0,0.12224891,0
img_01321_2024,0.0,0.10131733,0
img_01323_2024,0.0,0.019059585,0
img_01317_2024,0.0,0.26940045,0
img_01312_2024,0.0,0.98974097,1
img_01322_2024,0.0,0.028491978,0
img_01319_2024,0.0,0.02902693,0
img_01313_2024,0.0,0.0059458786,0
img_01324_2024,0.0,0.018998634,0
img_01320_2024,0.0,0.011473099,0
img_01318_2024,0.0,0.029651795,0
img_01327_2024,0.0,0.14368299,0
img_01314_2024,0.0,0.006476816,0
img_01325_2024,0.0,0.031124026,0
img_01331_2024,0.0,0.15154144,0
img_01328_2024,0.0,0.015763767,0
img_01334_2024,0.0,0.031911843,0
img_01330_2024,0.0,0.006629374,0
img_01336_2024,0.0,0.07981779,0
img_01335_2024,0.0,0.037915815,0
img_01329_2024,0.0,0.0024035212,0
img_01333_2024,0.0,0.011238435,0
img_01326_2024,0.0,0.027223784,0
img_01308_p01_2024,0.0,0.0048584314,0
img_01308_p02_2024,0.0,0.012311682,0
img_01332_2024,0.0,0.022905651,0
img_01338_2024,0.0,0.09486495,0
img_01340_2024,0.0,0.03508779,0
img_01339_2024,0.0,0.020810723,0
img_01337_2024,0.0,0.015806,0
img_01341_2024,0.0,0.007143037,0
img_01350_2024,0.0,0.0020725008,0
img_01348_2024,0.0,0.113988385,0
img_01346_2024,0.0,0.017447019,0
img_01342_2024,0.0,0.5530446,0
img_01343_2024,0.0,0.28199527,0
img_01349_2024,0.0,0.018070545,0
img_01345_2024,0.0,0.0100063495,0
img_01352_2024,0.0,0.10362955,0
img_01353_2024,0.0,0.12137602,0
img_01354_2024,0.0,0.010859139,0
img_01357_2024,0.0,0.010897341,0
img_01356_2024,0.0,0.95479643,1
img_01351_2024,0.0,0.01448787,0
img_01347_2024,0.0,0.003938402,0
img_01361_2024,0.0,0.025312245,0
img_01363_2024,0.0,0.19366093,0
img_01362_2024,0.0,0.0022134779,0
img_01359_2024,0.0,0.08854087,0
img_01364_2024,0.0,0.011712812,0
img_01360_2024,0.0,0.019099493,0
img_01366_2024,0.0,0.0325678,0
img_01365_2024,0.0,0.0108501585,0
img_01367_2024,0.0,0.044893213,0
img_01358_2024,0.0,0.014970228,0
img_01355_2024,0.0,0.12233825,0
img_01375_2024,0.0,0.0033825873,0
img_01370_2024,0.0,0.08033852,0
img_01344_p01_2024,0.0,0.02868924,0
img_01344_p02_2024,0.0,0.013194,0
img_01368_2024,0.0,0.07100673,0
img_01374_2024,0.0,0.08350165,0
img_01376_2024,0.0,0.108880386,0
img_01380_2024,0.0,0.7758894,0
img_01371_2024,0.0,0.016176963,0
img_01379_2024,0.0,0.010451032,0
img_01377_2024,0.0,0.0058746873,0
img_01382_2024,0.0,0.07133911,0
img_01257_p01_2024,0.0,0.29333985,0
img_01257_p02_2024,0.0,0.108566865,0
img_01257_p03_2024,0.0,0.1826456,0
img_01257_p04_2024,0.0,0.5010681,0
img_01257_p05_2024,0.0,0.33960158,0
img_01257_p06_2024,0.0,0.04951874,0
img_01369_2024,0.0,0.124781206,0
img_01384_2024,0.0,0.012698248,0
img_01387_2024,0.0,0.032575473,0
img_01381_2024,0.0,0.11975751,0
img_01386_2024,0.0,0.003176984,0
img_01383_2024,0.0,0.0069442866,0
img_01385_2024,0.0,0.020031601,0
img_01388_2024,0.0,0.0072107776,0
img_01389_2024,0.0,0.015679259,0
img_01392_2024,0.0,0.01108818,0
img_01393_2024,0.0,0.029733837,0
img_01378_2024,0.0,0.014290154,0
img_01395_2024,0.0,0.0473539,0
img_01394_2024,0.0,0.020432374,0
img_01397_2024,0.0,0.032355748,0
img_01390_2024,0.0,0.022134015,0
img_01391_2024,0.0,0.009506341,0
img_01402_2024,0.0,0.024869237,0
img_01399_2024,0.0,0.016654203,0
img_01401_2024,0.0,0.06610562,0
img_01403_2024,0.0,0.16715756,0
img_01409_2024,0.0,0.09528828,0
img_01406_2024,0.0,0.03286945,0
img_01404_2024,0.0,0.9168019,1
img_01398_2024,0.0,0.049813803,0
img_01408_2024,0.0,0.017479014,0
img_01407_2024,0.0,0.025207248,0
img_01400_2024,0.0,0.012925515,0
img_01411_2024,0.0,0.013772795,0
img_01412_2024,0.0,0.16544458,0
img_01410_2024,0.0,0.016603779,0
img_01415_2024,0.0,0.045149896,0
img_01417_2024,0.0,0.02480122,0
img_01414_2024,0.0,0.01871271,0
img_01419_2024,0.0,0.009464842,0
img_01373_p01_2024,0.0,0.008059928,0
img_01373_p02_2024,0.0,0.045624226,0
img_01418_2024,0.0,0.024331626,0
img_01422_2024,0.0,0.09267793,0
img_01421_2024,0.0,0.010237759,0
img_01416_2024,0.0,0.014872377,0
img_01424_2024,0.0,0.024340943,0
img_01420_2024,0.0,0.055725902,0
img_01426_2024,0.0,0.048262004,0
img_01423_2024,0.0,0.058128424,0
img_01396_p01_2024,0.0,0.017869262,0
img_01396_p02_2024,0.0,0.020251188,0
img_01432_2024,0.0,0.011748383,0
img_01437_2024,0.0,0.040378653,0
img_01433_2024,0.0,0.006453851,0
img_01436_2024,0.0,0.18792982,0
img_01434_2024,0.0,0.0627434,0
img_01435_2024,0.0,0.022072788,0
img_01413_p01_2024,0.0,0.029292893,0
img_01413_p02_2024,0.0,0.005722128,0
img_01438_2024,0.0,0.040696137,0
img_01431_2024,0.0,0.01829667,0
img_01440_2024,0.0,0.09270352,0
img_01430_2024,0.0,0.044476893,0
img_01443_2024,0.0,0.02800355,0
img_01444_2024,0.0,0.0104272785,0
img_01445_2024,0.0,0.03481469,0
img_01446_2024,0.0,0.076831795,0
img_01441_2024,0.0,0.21578443,0
img_01372_p01_2024,0.0,0.0076548667,0
img_01372_p02_2024,0.0,0.015083988,0
img_01372_p03_2024,0.0,0.0060640946,0
img_01372_p04_2024,0.0,0.0042491574,0
img_01449_2024,0.0,0.00831702,0
img_01448_2024,0.0,0.005475483,0
img_01450_2024,0.0,0.018505175,0
img_01453_2024,0.0,0.03772541,0
img_01442_2024,0.0,0.054048173,0
img_01452_2024,0.0,0.18028171,0
img_01447_2024,0.0,0.04780968,0
img_01451_2024,0.0,0.047665752,0
img_01456_2024,0.0,0.71730065,0
img_01455_2024,0.0,0.09165567,0
img_01425_p01_2024,0.0,0.3164899,0
img_01425_p02_2024,0.0,0.08242254,0
img_01461_2024,0.0,0.013338214,0
img_01462_2024,0.0,0.15560496,0
img_01466_2024,0.0,0.03924315,0
img_01458_2024,0.0,0.002893311,0
img_01463_2024,0.0,0.005429971,0
img_01460_2024,0.0,0.018045895,0
img_01457_2024,0.0,0.01718396,0
img_01465_2024,0.0,0.15257613,0
img_01469_2024,0.0,0.30066705,0
img_01405_p01_2024,0.0,0.03352097,0
img_01405_p02_2024,0.0,0.05295204,0
img_01405_p03_2024,0.0,0.106220186,0
img_01405_p04_2024,0.0,0.03294637,0
img_01467_2024,0.0,0.015253973,0
img_01221_p01_2024,0.0,0.018946746,0
img_01221_p02_2024,0.0,0.04916082,0
img_01221_p03_2024,0.0,0.012221685,0
img_01221_p04_2024,0.0,0.015124122,0
img_01221_p05_2024,0.0,0.0036245112,0
img_01221_p06_2024,0.0,0.022128787,0
img_01221_p07_2024,0.0,0.03020614,0
img_01221_p08_2024,0.0,0.013926433,0
img_01221_p09_2024,0.0,0.0120739015,0
img_01221_p10_2024,0.0,0.014621258,0
img_01221_p11_2024,0.0,0.1101896,0
img_01221_p12_2024,0.0,0.0071369163,0
img_01221_p13_2024,0.0,0.024776664,0
img_01470_2024,0.0,0.007054598,0
img_01427_p01_2024,0.0,0.2075936,0
img_01427_p02_2024,0.0,0.16226038,0
img_01427_p03_2024,0.0,0.065759815,0
img_01427_p04_2024,0.0,0.26595578,0
img_01468_2024,0.0,0.02781685,0
img_01472_2024,0.0,0.018360114,0
img_01471_2024,0.0,0.025060141,0
img_01473_2024,0.0,0.010401627,0
img_01477_2024,0.0,0.006591858,0
img_01476_2024,0.0,0.025298277,0
img_01478_2024,0.0,0.021956246,0
img_01479_2024,0.0,0.70069075,0
img_01464_2024,0.0,0.03818788,0
img_01481_2024,0.0,0.012373099,0
img_01439_p01_2024,0.0,0.022973176,0
img_01439_p02_2024,0.0,0.019972555,0
img_01439_p03_2024,0.0,0.008150419,0
img_01439_p04_2024,0.0,0.15965028,0
img_01480_2024,0.0,0.019170584,0
img_01484_2024,0.0,0.18018426,0
img_01483_2024,0.0,0.01637422,0
img_01474_2024,0.0,0.037414588,0
img_01482_2024,0.0,0.16046138,0
img_01485_2024,0.0,0.013830746,0
img_01486_2024,0.0,0.037795722,0
img_01487_2024,0.0,0.040101964,0
img_01489_2024,0.0,0.03737513,0
img_01488_2024,0.0,0.13445716,0
img_01491_2024,0.0,0.023045015,0
img_01490_2024,0.0,0.08816814,0
img_01492_2024,0.0,0.01334771,0
img_01493_2024,0.0,0.09743452,0
img_01494_2024,0.0,0.026739353,0
img_01495_2024,0.0,0.014596599,0
img_01496_2024,0.0,0.0056974767,0
img_01497_2024,0.0,0.010173239,0
img_01498_2024,0.0,0.005637148,0
img_01499_2024,0.0,0.0038071435,0
img_01500_2024,0.0,0.080292776,0
img_01502_2024,0.0,0.305781,0
img_01505_2024,0.0,0.010152335,0
img_01506_2024,0.0,0.004241719,0
img_01503_2024,0.0,0.033653595,0
img_01509_2024,0.0,0.09204163,0
img_01508_2024,0.0,0.24109152,0
img_01454_p01_2024,0.0,0.028005082,0
img_01454_p02_2024,0.0,0.011211855,0
img_01454_p03_2024,0.0,0.112046205,0
img_01454_p04_2024,0.0,0.009216463,0
img_01510_2024,0.0,0.11601651,0
img_01501_2024,0.0,0.056844484,0
img_01512_2024,0.0,0.19683123,0
img_01511_2024,0.0,0.017010696,0
img_01428_p01_2024,0.0,0.00861841,0
img_01428_p02_2024,0.0,0.0068240426,0
img_01428_p03_2024,0.0,0.023489915,0
img_01428_p04_2024,0.0,0.005584637,0
img_01428_p05_2024,0.0,0.011945064,0
img_01515_2024,0.0,0.008608032,0
img_01514_2024,0.0,0.23848423,0
img_01513_2024,0.0,0.2735208,0
img_01517_2024,0.0,0.005003499,0
img_01507_2024,0.0,0.05072298,0
img_01516_2024,0.0,0.016923463,0
img_01504_p01_2024,0.0,0.015285311,0
img_01504_p02_2024,0.0,0.10801108,0
img_01524_2024,0.0,0.031448428,0
img_01519_2024,0.0,0.012415879,0
img_01523_2024,0.0,0.022801895,0
img_01520_2024,0.0,0.00562388,0
img_01525_2024,0.0,0.0083147455,0
img_01518_2024,0.0,0.0057676765,0
img_01521_2024,0.0,0.049246598,0
img_01530_2024,0.0,0.15976313,0
img_01527_2024,0.0,0.10764392,0
img_01526_2024,0.0,0.018147452,0
img_01531_2024,0.0,0.0518534,0
img_01533_2024,0.0,0.049858168,0
img_01532_2024,0.0,0.001710734,0
img_01529_2024,0.0,0.4658827,0
img_01528_2024,0.0,0.011737262,0
img_01537_2024,0.0,0.032050382,0
img_01538_2024,0.0,0.006323819,0
img_01536_2024,0.0,0.15436013,0
img_01535_2024,0.0,0.010906093,0
img_01539_2024,0.0,0.06846192,0
img_01540_2024,0.0,0.340751,0
img_01541_2024,0.0,0.084646426,0
img_01544_2024,0.0,0.08594607,0
img_01543_2024,0.0,0.92867917,1
img_01542_2024,0.0,0.013508427,0
img_01546_2024,0.0,0.027187672,0
img_01548_2024,0.0,0.272736,0
img_01549_2024,0.0,0.013604653,0
img_01555_2024,0.0,0.08456536,0
img_01553_2024,0.0,0.012659587,0
img_01552_2024,0.0,0.011912644,0
img_01551_2024,0.0,0.19384079,0
img_01554_2024,0.0,0.012387831,0
img_01556_2024,0.0,0.020205325,0
img_01545_2024,0.0,0.012179267,0
img_01534_p01_2024,0.0,0.029240388,0
img_01534_p02_2024,0.0,0.015779588,0
img_01550_2024,0.0,0.007693612,0
img_01559_2024,0.0,0.05276289,0
img_01561_2024,0.0,0.08326471,0
img_01558_2024,0.0,0.20806989,0
img_01557_2024,0.0,0.018177133,0
img_01562_2024,0.0,0.007525845,0
img_01564_2024,0.0,0.008076507,0
img_01560_2024,0.0,0.061386783,0
img_01563_2024,0.0,0.03375967,0
img_01569_2024,0.0,0.02412889,0
img_01568_2024,0.0,0.007960664,0
img_01566_2024,0.0,0.004764032,0
img_01567_2024,0.0,0.10505676,0
img_01572_2024,0.0,0.027362142,0
img_01570_2024,0.0,0.5452038,0
img_01547_p01_2024,0.0,0.0051587606,0
img_01547_p02_2024,0.0,0.09263194,0
img_01574_2024,0.0,0.013896522,0
img_01571_2024,0.0,0.03730915,0
img_01576_2024,0.0,0.030201798,0
img_01579_2024,0.0,0.08018197,0
img_01577_2024,0.0,0.010973472,0
img_01565_2024,0.0,0.011657255,0
img_01522_p01_2024,0.0,0.018517269,0
img_01522_p02_2024,0.0,0.00802221,0
img_01522_p03_2024,0.0,0.012532207,0
img_01522_p04_2024,0.0,0.048887648,0
img_01580_2024,0.0,0.009546579,0
img_01578_2024,0.0,0.10531598,0
img_01582_2024,0.0,0.012358205,0
img_01586_2024,0.0,0.0064556487,0
img_01584_2024,0.0,0.005687968,0
img_01587_2024,0.0,0.09683327,0
img_01583_2024,0.0,0.031687118,0
img_01585_2024,0.0,0.21773283,0
img_01588_2024,0.0,0.06456657,0
img_01589_2024,0.0,0.016480653,0
img_01597_2024,0.0,0.02384454,0
img_01595_2024,0.0,0.11453706,0
img_01591_2024,0.0,0.081135675,0
img_01594_2024,0.0,0.016811581,0
img_01596_2024,0.0,0.019165555,0
img_01581_2024,0.0,0.014938066,0
img_01592_2024,0.0,0.022049772,0
img_01598_2024,0.0,0.08425908,0
img_01603_2024,0.0,0.018975746,0
img_01599_2024,0.0,0.020818055,0
img_01602_2024,0.0,0.52590907,0
img_01475_p01_2024,0.0,0.18658301,0
img_01475_p02_2024,0.0,0.07529539,0
img_01475_p03_2024,0.0,0.09358543,0
img_01475_p04_2024,0.0,0.033705033,0
img_01475_p05_2024,0.0,0.060702763,0
img_01475_p06_2024,0.0,0.011436031,0
img_01475_p07_2024,0.0,0.064086094,0
img_01605_2024,0.0,0.04566167,0
img_01600_2024,0.0,0.014413106,0
img_01606_2024,0.0,0.00829486,0
img_01601_2024,0.0,0.40876427,0
img_01614_2024,0.0,0.013895777,0
img_01615_2024,0.0,0.059863508,0
img_01610_2024,0.0,0.02425168,0
img_01616_2024,0.0,0.014883608,0
img_01609_2024,0.0,0.013557518,0
img_01618_2024,0.0,0.19425133,0
img_01617_2024,0.0,0.009159433,0
img_01613_2024,0.0,0.011669283,0
img_01604_2024,0.0,0.06095937,0
img_01612_2024,0.0,0.0524401,0
img_01620_2024,0.0,0.0444148,0
img_01621_2024,0.0,0.008421795,0
img_01622_2024,0.0,0.019023988,0
img_01619_2024,0.0,0.009015668,0
img_01623_2024,0.0,0.013548488,0
img_01624_2024,0.0,0.16660905,0
img_01625_2024,0.0,0.023784194,0
img_01628_2024,0.0,0.042208575,0
img_01607_2024,0.0,0.0048310896,0
img_01629_2024,0.0,0.016486496,0
img_01573_p01_2024,0.0,0.0069488175,0
img_01573_p02_2024,0.0,0.026502242,0
img_01573_p03_2024,0.0,0.034414746,0
img_01573_p04_2024,0.0,0.03168993,0
img_01631_2024,0.0,0.008713726,0
img_01611_2024,0.0,0.009789029,0
img_01633_2024,0.0,0.0057445806,0
img_01635_2024,0.0,0.041514188,0
img_01630_2024,0.0,0.029482817,0
img_01608_p01_2024,0.0,0.007734635,0
img_01608_p02_2024,0.0,0.07912594,0
img_01627_2024,0.0,0.1889723,0
img_01639_2024,0.0,0.100076675,0
img_01626_2024,0.0,0.039871637,0
img_01637_2024,0.0,0.017619198,0
img_01642_2024,0.0,0.08995249,0
img_01636_2024,0.0,0.018124942,0
img_01638_2024,0.0,0.014860791,0
img_01632_2024,0.0,0.1177059,0
img_01643_2024,0.0,0.9845028,1
img_01641_2024,0.0,0.03329571,0
img_01646_2024,0.0,0.01926888,0
img_01648_2024,0.0,0.004060097,0
img_01647_2024,0.0,0.00882646,0
img_01644_2024,0.0,0.039052796,0
img_01645_2024,0.0,0.0076994873,0
img_01593_p01_2024,0.0,0.020089533,0
img_01593_p02_2024,0.0,0.01154157,0
img_01593_p03_2024,0.0,0.008097855,0
img_01590_p01_2024,0.0,0.070636526,0
img_01590_p02_2024,0.0,0.030534554,0
img_01590_p03_2024,0.0,0.115439,0
img_01590_p04_2024,0.0,0.014240322,0
img_01590_p05_2024,0.0,0.011116707,0
img_01640_2024,0.0,0.012409337,0
img_01649_2024,0.0,0.007089251,0
img_01650_2024,0.0,0.04631879,0
img_01654_2024,0.0,0.04581855,0
img_01651_2024,0.0,0.012501118,0
img_01653_2024,0.0,0.010235624,0
img_01652_2024,0.0,0.018874802,0
img_01655_2024,0.0,0.07616426,0
img_01656_2024,0.0,0.07405696,0
img_01658_2024,0.0,0.053275943,0
img_01659_2024,0.0,0.057737004,0
img_01662_2024,0.0,0.9896166,1
img_01634_p01_2024,0.0,0.013003278,0
img_01634_p02_2024,0.0,0.008018343,0
img_01657_2024,0.0,0.06810845,0
img_01664_2024,0.0,0.042738594,0
img_01663_2024,0.0,0.0026052962,0
img_01665_2024,0.0,0.048136197,0
img_01667_2024,0.0,0.035654526,0
img_01666_2024,0.0,0.1633172,0
img_01671_2024,0.0,0.028718254,0
img_01672_2024,0.0,0.03586184,0
img_01673_2024,0.0,0.032800563,0
img_01668_2024,0.0,0.03388025,0
img_01669_2024,0.0,0.8371382,0
img_01674_2024,0.0,0.017843962,0
img_01678_2024,0.0,0.010497032,0
img_01677_2024,0.0,0.5731551,0
img_01670_2024,0.0,0.50034827,0
img_01679_2024,0.0,0.006508901,0
img_01676_2024,0.0,0.015996877,0
img_01682_2024,0.0,0.08759326,0
img_01675_2024,0.0,0.09072461,0
img_01681_2024,0.0,0.07925079,0
img_01661_p01_2024,0.0,0.5543393,0
img_01661_p02_2024,0.0,0.3313443,0
img_01680_2024,0.0,0.011898258,0
img_01684_2024,0.0,0.008356597,0
img_01685_2024,0.0,0.071949825,0
img_01683_2024,0.0,0.0074343337,0
img_01660_p01_2024,0.0,0.074550785,0
img_01660_p02_2024,0.0,0.006584788,0
img_01689_2024,0.0,0.0026493014,0
img_01688_2024,0.0,0.036245767,0
img_01687_2024,0.0,0.045994636,0
img_01691_2024,0.0,0.057826765,0
img_01690_2024,0.0,0.006874894,0
img_01692_2024,0.0,0.0712628,0
img_01694_2024,0.0,0.008723349,0
img_01696_2024,0.0,0.0349086,0
img_01695_2024,0.0,0.04504651,0
img_01703_2024,0.0,0.016079795,0
img_01697_2024,0.0,0.025192093,0
img_01701_2024,0.0,0.060509454,0
img_01699_2024,0.0,0.07443632,0
img_01700_2024,0.0,0.012430953,0
img_01704_2024,0.0,0.020866048,0
img_01705_2024,0.0,0.024571473,0
img_01706_2024,0.0,0.0029022167,0
img_01707_2024,0.0,0.013673337,0
img_01709_2024,0.0,0.4960588,0
img_01712_2024,0.0,0.05049633,0
img_01714_2024,0.0,0.06579222,0
img_01715_2024,0.0,0.0017268758,0
img_01711_2024,0.0,0.093865134,0
img_01708_2024,0.0,0.03531941,0
img_01710_2024,0.0,0.0089844,0
img_01720_2024,0.0,0.026529128,0
img_01713_2024,0.0,0.01807813,0
img_01722_2024,0.0,0.005630371,0
img_01721_2024,0.0,0.052483834,0
img_01716_2024,0.0,0.5556912,0
img_01726_2024,0.0,0.011313452,0
img_01729_2024,0.0,0.0048123356,0
img_01724_2024,0.0,0.32479322,0
img_01725_2024,0.0,0.008518461,0
img_01730_2024,0.0,0.012188469,0
img_01731_2024,0.0,0.00706943,0
img_01727_2024,0.0,0.021976855,0
img_01732_2024,0.0,0.113444485,0
img_01728_2024,0.0,0.00438599,0
img_01718_2024,0.0,0.024906106,0
img_01733_2024,0.0,0.009213525,0
img_01698_p01_2024,0.0,0.013780537,0
img_01698_p02_2024,0.0,0.015963778,0
img_01735_2024,0.0,0.026850212,0
img_01734_2024,0.0,0.027366996,0
img_01737_2024,0.0,0.093536265,0
img_01738_2024,0.0,0.9688657,1
img_01693_p01_2024,0.0,0.010023836,0
img_01693_p02_2024,0.0,0.05617678,0
img_01693_p03_2024,0.0,0.022717785,0
img_01723_2024,0.0,0.09207963,0
img_01741_2024,0.0,0.2363878,0
img_01740_2024,0.0,0.023328427,0
img_01743_2024,0.0,0.14066157,0
img_01744_2024,0.0,0.13036744,0
img_01739_2024,0.0,0.025378045,0
img_01746_2024,0.0,0.14649494,0
img_01429_p01_2024,0.0,0.12362685,0
img_01429_p02_2024,0.0,0.03557241,0
img_01429_p03_2024,0.0,0.033393484,0
img_01429_p04_2024,0.0,0.10882697,0
img_01429_p05_2024,0.0,0.059263617,0
img_01429_p06_2024,0.0,0.031896837,0
img_01429_p07_2024,0.0,0.03200695,0
img_01429_p08_2024,0.0,0.019352611,0
img_01429_p09_2024,0.0,0.09386028,0
img_01429_p10_2024,0.0,0.069044665,0
img_01429_p11_2024,0.0,0.030127818,0
img_01429_p12_2024,0.0,0.038765278,0
img_01429_p14_2024,0.0,0.01798613,0
img_01429_p15_2024,0.0,0.021392684,0
img_01429_p16_2024,0.0,0.028327316,0
img_01429_p17_2024,0.0,0.03789047,0
img_01429_p18_2024,0.0,0.02613531,0
img_01429_p19_2024,0.0,0.020044142,0
img_01742_2024,0.0,0.009859939,0
img_01745_2024,0.0,0.0068576783,0
img_01736_2024,0.0,0.0074810446,0
img_01749_2024,0.0,0.14639366,0
img_01748_2024,0.0,0.05884681,0
img_01747_2024,0.0,0.07407375,0
img_01719_2024,0.0,0.27103812,0
img_01751_2024,0.0,0.008977534,0
img_01753_2024,0.0,0.0038792961,0
img_01750_2024,0.0,0.0030110565,0
img_01755_2024,0.0,0.12028112,0
img_01752_2024,0.0,0.08165893,0
img_01756_2024,0.0,0.09093405,0
img_01717_2024,0.0,0.013403277,0
img_01762_2024,0.0,0.07616786,0
img_01760_2024,0.0,0.013710238,0
img_01759_2024,0.0,0.027673509,0
img_01754_2024,0.0,0.05682981,0
img_01758_2024,0.0,0.030067662,0
img_01765_2024,0.0,0.023084134,0
img_01764_2024,0.0,0.019537447,0
img_01763_2024,0.0,0.17062426,0
img_01767_2024,0.0,0.011597391,0
img_01769_2024,0.0,0.0074344487,0
img_01766_2024,0.0,0.011354977,0
img_01771_2024,0.0,0.009029053,0
img_01770_2024,0.0,0.0065251337,0
img_01761_2024,0.0,0.0058783693,0
img_01768_2024,0.0,0.06696959,0
img_01702_p01_2024,0.0,0.017355878,0
img_01702_p02_2024,0.0,0.074198835,0
img_01702_p03_2024,0.0,0.019602804,0
img_01702_p04_2024,0.0,0.006096402,0
img_01702_p05_2024,0.0,0.108919546,0
img_01774_2024,0.0,0.010829455,0
img_01773_2024,0.0,0.078354165,0
img_01775_2024,0.0,0.030852605,0
img_01776_2024,0.0,0.096201465,0
img_01778_2024,0.0,0.085747026,0
img_01757_p01_2024,0.0,0.016073365,0
img_01757_p02_2024,0.0,0.034138456,0
img_01777_2024,0.0,0.013710593,0
img_01781_2024,0.0,0.042975646,0
img_01784_2024,0.0,0.42189685,0
img_01779_2024,0.0,0.041022163,0
img_01780_2024,0.0,0.00644366,0
img_01782_2024,0.0,0.080673724,0
img_01772_2024,0.0,0.005048601,0
img_01783_2024,0.0,0.084009916,0
img_01575_p01_2024,0.0,0.0045630746,0
img_01575_p02_2024,0.0,0.012949087,0
img_01575_p03_2024,0.0,0.017189985,0
img_01575_p04_2024,0.0,0.0077961767,0
img_01575_p05_2024,0.0,0.009750637,0
img_01575_p06_2024,0.0,0.017794907,0
img_01575_p07_2024,0.0,0.01596525,0
img_01575_p08_2024,0.0,0.03225772,0
img_01575_p09_2024,0.0,0.016970236,0
img_01575_p10_2024,0.0,0.009693364,0
img_01575_p11_2024,0.0,0.010269908,0
img_01575_p12_2024,0.0,0.021296442,0
img_01785_2024,0.0,0.010139141,0
img_01792_2024,0.0,0.015026401,0
img_01789_2024,0.0,0.061767735,0
img_01790_2024,0.0,0.022628123,0
img_01791_2024,0.0,0.011554485,0
img_01794_2024,0.0,0.11157672,0
img_01786_2024,0.0,0.016068611,0
img_01796_2024,0.0,0.09403789,0
img_01795_2024,0.0,0.052744716,0
img_01787_2024,0.0,0.017124603,0
img_01788_2024,0.0,0.01718115,0
img_01800_2024,0.0,0.061684497,0
img_01798_2024,0.0,0.061147995,0
img_01801_2024,0.0,0.9632969,1
img_01793_2024,0.0,0.250894,0
img_01803_2024,0.0,0.22510862,0
img_01797_2024,0.0,0.008451684,0
img_01802_2024,0.0,0.090475425,0
img_01804_2024,0.0,0.021795053,0
img_01805_2024,0.0,0.019040752,0
img_01810_2024,0.0,0.04672373,0
img_01809_2024,0.0,0.8603076,0
img_01807_2024,0.0,0.012682235,0
img_01811_2024,0.0,0.027257865,0
img_01799_2024,0.0,0.084553026,0
img_01812_2024,0.0,0.37777805,0
img_01814_2024,0.0,0.002380861,0
img_01813_2024,0.0,0.013538214,0
img_01816_2024,0.0,0.034333795,0
img_01818_2024,0.0,0.011968292,0
img_01808_2024,0.0,0.15090151,0
img_01819_2024,0.0,0.026861131,0
img_01815_2024,0.0,0.044113833,0
img_01821_2024,0.0,0.20110103,0
img_01822_2024,0.0,0.01881887,0
img_01817_2024,0.0,0.029082185,0
img_01825_2024,0.0,0.14063911,0
img_01820_2024,0.0,0.0032999408,0
img_01823_2024,0.0,0.0111474935,0
img_01824_2024,0.0,0.014634676,0
img_01828_2024,0.0,0.09938561,0
img_01830_2024,0.0,0.021050382,0
img_01837_2024,0.0,0.0230583,0
img_01827_2024,0.0,0.13861054,0
img_01832_2024,0.0,0.031589944,0
img_01829_2024,0.0,0.38382,0
img_01826_2024,0.0,0.008823535,0
img_01833_2024,0.0,0.005687152,0
img_01836_2024,0.0,0.8413084,0
img_01834_2024,0.0,0.19152656,0
img_01838_2024,0.0,0.066177,0
img_01831_2024,0.0,0.0046064164,0
img_01842_2024,0.0,0.033141695,0
img_01843_2024,0.0,0.051298488,0
img_01835_2024,0.0,0.017765112,0
img_01846_2024,0.0,0.034270775,0
img_01841_2024,0.0,0.021307927,0
img_01850_2024,0.0,0.003469148,0
img_01851_2024,0.0,0.5421721,0
img_01839_2024,0.0,0.23695426,0
img_01848_2024,0.0,0.020303419,0
img_01845_2024,0.0,0.0059445184,0
img_01854_2024,0.0,0.038868636,0
img_01853_2024,0.0,0.009547483,0
img_01847_2024,0.0,0.013419656,0
img_01855_2024,0.0,0.02991352,0
img_01856_2024,0.0,0.06800699,0
img_01857_2024,0.0,0.2651232,0
img_01858_2024,0.0,0.81818473,0
img_01862_2024,0.0,0.011304435,0
img_01860_2024,0.0,0.07101937,0
img_01861_2024,0.0,0.0066796266,0
img_01806_p01_2024,0.0,0.16618277,0
img_01806_p02_2024,0.0,0.12462779,0
img_01806_p03_2024,0.0,0.02262469,0
img_01806_p04_2024,0.0,0.024191987,0
img_01844_p01_2024,0.0,0.13694689,0
img_01844_p02_2024,0.0,0.3618759,0
img_01859_2024,0.0,0.010602378,0
img_01866_2024,0.0,0.028999304,0
img_01864_2024,0.0,0.20943823,0
img_01863_2024,0.0,0.28474787,0
img_01865_2024,0.0,0.029002482,0
img_01867_2024,0.0,0.06490227,0
img_01871_2024,0.0,0.010374635,0
img_01868_2024,0.0,0.027769987,0
img_01870_2024,0.0,0.21718149,0
img_01873_2024,0.0,0.0070553245,0
img_01869_2024,0.0,0.101835035,0
img_01876_2024,0.0,0.7164758,0
img_01877_2024,0.0,0.05460635,0
img_01883_2024,0.0,0.18863869,0
img_01880_2024,0.0,0.004148827,0
img_01874_2024,0.0,0.018647563,0
img_01881_2024,0.0,0.042962823,0
img_01885_2024,0.0,0.48304215,0
img_01882_2024,0.0,0.0057763495,0
img_01879_2024,0.0,0.008949393,0
img_01888_2024,0.0,0.039220266,0
img_01872_2024,0.0,0.0057925032,0
img_01889_2024,0.0,0.18375,0
img_01886_2024,0.0,0.096615724,0
img_01878_2024,0.0,0.017765135,0
img_01884_2024,0.0,0.052412312,0
img_01890_2024,0.0,0.027721813,0
img_01887_2024,0.0,0.04301199,0
img_01895_2024,0.0,0.16259782,0
img_01894_2024,0.0,0.412645,0
img_01892_2024,0.0,0.9061545,0
img_01896_2024,0.0,0.014474514,0
img_01897_2024,0.0,0.08057949,0
img_01900_2024,0.0,0.012363279,0
img_01902_2024,0.0,0.020236978,0
img_01901_2024,0.0,0.37526366,0
img_01893_2024,0.0,0.026772741,0
img_01898_2024,0.0,0.03871132,0
img_01903_2024,0.0,0.010656657,0
img_01899_2024,0.0,0.017726481,0
img_01904_2024,0.0,0.10014224,0
img_01907_2024,0.0,0.029482046,0
img_01905_2024,0.0,0.027025199,0
img_01906_2024,0.0,0.024343386,0
img_01852_p01_2024,0.0,0.013390226,0
img_01852_p02_2024,0.0,0.27393323,0
img_01852_p03_2024,0.0,0.051089577,0
img_01852_p04_2024,0.0,0.016224468,0
img_01908_2024,0.0,0.72279197,0
img_01910_2024,0.0,0.07480629,0
img_01912_2024,0.0,0.042122964,0
img_01918_2024,0.0,0.009265643,0
img_01915_2024,0.0,0.10843097,0
img_01909_2024,0.0,0.013813521,0
img_01916_2024,0.0,0.06549786,0
img_01911_2024,0.0,0.009846516,0
img_01917_2024,0.0,0.0443431,0
img_01919_2024,0.0,0.055799343,0
img_01913_2024,0.0,0.0028428738,0
img_01922_2024,0.0,0.041702636,0
img_01921_2024,0.0,0.028599996,0
img_01924_2024,0.0,0.18529484,0
img_01914_2024,0.0,0.063997865,0
img_01923_2024,0.0,0.031211436,0
img_01925_2024,0.0,0.0050997133,0
img_01930_2024,0.0,0.02802321,0
img_01927_2024,0.0,0.007752518,0
img_01891_p01_2024,0.0,0.10883341,0
img_01891_p02_2024,0.0,0.13248225,0
img_01928_2024,0.0,0.0045249267,0
img_01933_2024,0.0,0.0034336913,0
img_01929_2024,0.0,0.009662496,0
img_01931_2024,0.0,0.008356696,0
img_01849_p01_2024,0.0,0.08444441,0
img_01849_p02_2024,0.0,0.03272795,0
img_01849_p03_2024,0.0,0.012370506,0
img_01849_p04_2024,0.0,0.028947448,0
img_01849_p05_2024,0.0,0.02044906,0
img_01935_2024,0.0,0.02223267,0
img_01920_2024,0.0,0.059667103,0
img_01932_2024,0.0,0.027922904,0
img_01937_2024,0.0,0.016465733,0
img_01940_2024,0.0,0.019258915,0
img_01939_2024,0.0,0.24281809,0
img_01945_2024,0.0,0.28419334,0
img_01936_2024,0.0,0.010300267,0
img_01934_2024,0.0,0.2922062,0
img_01944_2024,0.0,0.07735078,0
img_01943_2024,0.0,0.08338795,0
img_01946_2024,0.0,0.009743651,0
img_01938_2024,0.0,0.009823791,0
img_01942_2024,0.0,0.014062087,0
img_01948_2024,0.0,0.08389284,0
img_01947_2024,0.0,0.01809638,0
img_01950_2024,0.0,0.014590604,0
img_01951_2024,0.0,0.43682104,0
img_01949_2024,0.0,0.027703866,0
img_01958_2024,0.0,0.04406948,0
img_01954_2024,0.0,0.05336545,0
img_01952_2024,0.0,0.045958526,0
img_01953_2024,0.0,0.02174261,0
img_01959_2024,0.0,0.052739095,0
img_01961_2024,0.0,0.018481692,0
img_01956_2024,0.0,0.007685031,0
img_01955_2024,0.0,0.07399154,0
img_01963_2024,0.0,0.1747033,0
img_01967_2024,0.0,0.028836716,0
img_01957_2024,0.0,0.06825225,0
img_01966_2024,0.0,0.004145828,0
img_01968_2024,0.0,0.013316433,0
img_01965_2024,0.0,0.05234612,0
img_01964_2024,0.0,0.15311205,0
img_01969_2024,0.0,0.013084096,0
img_01972_2024,0.0,0.069089726,0
img_01926_p01_2024,0.0,0.09306602,0
img_01926_p02_2024,0.0,0.00552086,0
img_01926_p03_2024,0.0,0.5783385,0
img_01926_p04_2024,0.0,0.209457,0
img_01974_2024,0.0,0.0060875006,0
img_01970_2024,0.0,0.047282267,0
img_01960_2024,0.0,0.01633453,0
img_01962_2024,0.0,0.013977213,0
img_01973_2024,0.0,0.12996797,0
img_01980_2024,0.0,0.0532042,0
img_01976_2024,0.0,0.029165328,0
img_01979_2024,0.0,0.38225883,0
img_01977_2024,0.0,0.7048524,0
img_01982_2024,0.0,0.12680817,0
img_01978_2024,0.0,0.0063443976,0
img_01981_2024,0.0,0.010280741,0
img_01983_2024,0.0,0.015074787,0
img_01975_2024,0.0,0.01882541,0
img_01984_2024,0.0,0.62452257,0
img_01989_2024,0.0,0.029885024,0
img_01941_p01_2024,0.0,0.048847623,0
img_01941_p02_2024,0.0,0.12130062,0
img_01941_p03_2024,0.0,0.18977174,0
img_01985_2024,0.0,0.5564546,0
img_01992_2024,0.0,0.20530811,0
img_01993_2024,0.0,0.25173205,0
img_01991_2024,0.0,0.030932939,0
img_01990_2024,0.0,0.012782091,0
img_01994_2024,0.0,0.012161496,0
img_01986_2024,0.0,0.015170862,0
img_01995_2024,0.0,0.0382293,0
img_01997_2024,0.0,0.005825679,0
img_02002_2024,0.0,0.048041314,0
img_01996_2024,0.0,0.15844777,0
img_02003_2024,0.0,0.011947652,0
img_01998_2024,0.0,0.0028812233,0
img_01999_2024,0.0,0.019840842,0
img_02005_2024,0.0,0.1035831,0
img_02007_2024,0.0,0.058002114,0
img_02006_2024,0.0,0.1031393,0
img_02000_2024,0.0,0.02280406,0
img_02010_2024,0.0,0.005294268,0
img_02011_2024,0.0,0.029006744,0
img_02001_2024,0.0,0.34615046,0
img_02013_2024,0.0,0.014487991,0
img_02009_2024,0.0,0.010832568,0
img_02008_2024,0.0,0.013443378,0
img_02004_2024,0.0,0.030780325,0
img_01988_p01_2024,0.0,0.009084784,0
img_01988_p02_2024,0.0,0.010302507,0
img_02015_2024,0.0,0.22611919,0
img_02012_2024,0.0,0.0024223288,0
img_02016_2024,0.0,0.021039445,0
img_02020_2024,0.0,0.035014935,0
img_02014_2024,0.0,0.016081316,0
img_02019_2024,0.0,0.039762165,0
img_02018_2024,0.0,0.28452128,0
img_02017_2024,0.0,0.008579018,0
img_02025_2024,0.0,0.9364785,1
img_02026_2024,0.0,0.013446862,0
img_02028_2024,0.0,0.31317523,0
img_02023_2024,0.0,0.2677615,0
img_02021_2024,0.0,0.016552966,0
img_02027_2024,0.0,0.37897882,0
img_02031_2024,0.0,0.43229643,0
img_02030_2024,0.0,0.022512479,0
img_02029_2024,0.0,0.20563157,0
img_02032_2024,0.0,0.037339285,0
img_02033_2024,0.0,0.06840146,0
img_02036_2024,0.0,0.0060207634,0
img_02035_2024,0.0,0.019665107,0
img_02038_2024,0.0,0.9456021,1
img_02037_2024,0.0,0.009971317,0
img_02040_2024,0.0,0.011881152,0
img_02041_2024,0.0,0.060510524,0
img_02042_2024,0.0,0.011615006,0
img_02045_2024,0.0,0.043418422,0
img_02034_2024,0.0,0.0031358518,0
img_02043_2024,0.0,0.044247232,0
img_02044_2024,0.0,0.21821395,0
img_01971_p01_2024,0.0,0.019523202,0
img_01971_p02_2024,0.0,0.015983466,0
img_01971_p03_2024,0.0,0.023774926,0
img_01971_p04_2024,0.0,0.058033545,0
img_02048_2024,0.0,0.015268457,0
img_02039_2024,0.0,0.005730726,0
img_02049_2024,0.0,0.16016652,0
img_02052_2024,0.0,0.01412786,0
img_02051_2024,0.0,0.015061341,0
img_02050_2024,0.0,0.017216956,0
img_02047_2024,0.0,0.48885375,0
img_02053_2024,0.0,0.046514057,0
img_02058_2024,0.0,0.021653494,0
img_02055_2024,0.0,0.0062919743,0
img_02056_2024,0.0,0.61853635,0
img_02054_2024,0.0,0.03707238,0
img_02059_2024,0.0,0.079555735,0
img_02060_2024,0.0,0.15991384,0
img_02066_2024,0.0,0.11712082,0
img_02064_2024,0.0,0.9995635,1
img_02062_2024,0.0,0.46571055,0
img_02061_2024,0.0,0.0095815025,0
img_02046_2024,0.0,0.013033688,0
img_02063_2024,0.0,0.016443908,0
img_02067_2024,0.0,0.20432825,0
img_02069_2024,0.0,0.005600198,0
img_02072_2024,0.0,0.044720512,0
img_02071_2024,0.0,0.019955743,0
img_02068_2024,0.0,0.023144176,0
img_02073_2024,0.0,0.017647933,0
img_02070_2024,0.0,0.007378054,0
img_02074_2024,0.0,0.02601949,0
img_02076_2024,0.0,0.21972056,0
img_02079_2024,0.0,0.15041193,0
img_02078_2024,0.0,0.041187648,0
img_02075_2024,0.0,0.0048995353,0
img_01987_p01_2024,0.0,0.015759539,0
img_01987_p02_2024,0.0,0.008319331,0
img_01987_p03_2024,0.0,0.009410826,0
img_01987_p04_2024,0.0,0.014665218,0
img_02077_2024,0.0,0.025305802,0
img_02080_2024,0.0,0.6039566,0
img_02083_2024,0.0,0.056130312,0
img_02081_2024,0.0,0.015555446,0
img_02085_2024,0.0,0.25607428,0
img_02086_2024,0.0,0.057462096,0
img_02087_2024,0.0,0.08311774,0
img_02090_2024,0.0,0.10415165,0
img_02057_p01_2024,0.0,0.029772943,0
img_02057_p02_2024,0.0,0.02225215,0
img_02057_p03_2024,0.0,0.032959208,0
img_02089_2024,0.0,0.013555693,0
img_02094_2024,0.0,0.09822539,0
img_02091_2024,0.0,0.23794839,0
img_02096_2024,0.0,0.019487716,0
img_02092_2024,0.0,0.022281334,0
img_02097_2024,0.0,0.08506327,0
img_02095_2024,0.0,0.74667776,0
img_02099_2024,0.0,0.61996996,0
img_02098_2024,0.0,0.010769546,0
img_02093_2024,0.0,0.06645846,0
img_02102_2024,0.0,0.028172582,0
img_02082_p01_2024,0.0,0.021660753,0
img_02082_p02_2024,0.0,0.024348926,0
img_02105_2024,0.0,0.014036192,0
img_02104_2024,0.0,0.09729461,0
img_02100_2024,0.0,0.0350751,0
img_02101_2024,0.0,0.046503123,0
img_02084_p01_2024,0.0,0.03964237,0
img_02084_p02_2024,0.0,0.037047964,0
img_02107_2024,0.0,0.0031341582,0
img_02110_2024,0.0,0.26051566,0
img_02022_p01_2024,0.0,0.029698942,0
img_02022_p02_2024,0.0,0.02296069,0
img_02022_p03_2024,0.0,0.0292047,0
img_02022_p04_2024,0.0,0.015725747,0
img_02022_p05_2024,0.0,0.013799593,0
img_02022_p06_2024,0.0,0.24445753,0
img_02111_2024,0.0,0.09039005,0
img_02109_2024,0.0,0.020804489,0
img_02115_2024,0.0,0.0046835477,0
img_02116_2024,0.0,0.33653504,0
img_02108_2024,0.0,0.004065964,0
img_02088_p01_2024,0.0,0.008197625,0
img_02088_p02_2024,0.0,0.02213607,0
img_02113_2024,0.0,0.010468749,0
img_02117_2024,0.0,0.229687,0
img_02114_2024,0.0,0.11309929,0
img_02119_2024,0.0,0.017175423,0
img_02118_2024,0.0,0.8564032,0
img_02106_p01_2024,0.0,0.0276979,0
img_02106_p02_2024,0.0,0.014594382,0
img_02112_2024,0.0,0.048792906,0
img_02120_2024,0.0,0.020589706,0
img_02123_2024,0.0,0.21588191,0
img_02122_2024,0.0,0.018233085,0
img_02121_2024,0.0,0.007399106,0
img_02128_2024,0.0,0.0032919846,0
img_02129_2024,0.0,0.0054012,0
img_02125_2024,0.0,0.011836649,0
img_02103_p01_2024,0.0,0.0059211603,0
img_02103_p02_2024,0.0,0.030758128,0
img_02127_2024,0.0,0.09212995,0
img_02124_2024,0.0,0.015356407,0
img_02131_2024,0.0,0.0054200464,0
img_02134_2024,0.0,0.08215262,0
img_02130_2024,0.0,0.10767499,0
img_02065_p01_2024,0.0,0.004201061,0
img_02065_p02_2024,0.0,0.004131284,0
img_02065_p03_2024,0.0,0.56761205,0
img_02065_p04_2024,0.0,0.008162386,0
img_02065_p05_2024,0.0,0.028095508,0
img_02133_2024,0.0,0.018595513,0
img_02135_2024,0.0,0.062313873,0
img_02132_2024,0.0,0.0077894935,0
img_02137_2024,0.0,0.016041959,0
img_02138_2024,0.0,0.037311766,0
img_02136_2024,0.0,0.22782966,0
img_02139_2024,0.0,0.013936326,0
img_02141_2024,0.0,0.031699385,0
img_02126_p01_2024,0.0,0.48619407,0
img_02126_p02_2024,0.0,0.34775814,0
img_02143_2024,0.0,0.032577887,0
img_02142_2024,0.0,0.23148909,0
img_02146_2024,0.0,0.031774618,0
img_02145_2024,0.0,0.43180507,0
img_02140_2024,0.0,0.09681913,0
img_02148_2024,0.0,0.005086479,0
img_02147_2024,0.0,0.013044469,0
img_02150_2024,0.0,0.026330855,0
img_02151_2024,0.0,0.0067874035,0
img_02149_2024,0.0,0.015592982,0
img_02157_2024,0.0,0.015317157,0
img_02144_2024,0.0,0.023069544,0
img_02161_2024,0.0,0.016694639,0
img_02153_2024,0.0,0.03354867,0
img_02156_2024,0.0,0.0072117127,0
img_02158_2024,0.0,0.016416442,0
img_02159_2024,0.0,0.1753502,0
img_02152_2024,0.0,0.64236206,0
img_02160_2024,0.0,0.014353706,0
img_02163_2024,0.0,0.029795032,0
img_02162_2024,0.0,0.10698657,0
img_02164_2024,0.0,0.09342698,0
img_02155_2024,0.0,0.026487341,0
img_02167_2024,0.0,0.15299058,0
img_02165_2024,0.0,0.02887382,0
img_02154_2024,0.0,0.01185743,0
img_02170_2024,0.0,0.0140236635,0
img_02169_2024,0.0,0.0154448,0
img_02171_2024,0.0,0.037559412,0
img_02173_2024,0.0,0.071060516,0
img_02176_2024,0.0,0.011422461,0
img_02174_2024,0.0,0.011897497,0
img_02180_2024,0.0,0.17387073,0
img_02179_2024,0.0,0.012879781,0
img_02178_2024,0.0,0.0072355256,0
img_02168_2024,0.0,0.008728398,0
img_02177_2024,0.0,0.009601681,0
img_02181_2024,0.0,0.033175536,0
img_02183_2024,0.0,0.0032673937,0
img_02175_2024,0.0,0.0043773865,0
img_02185_2024,0.0,0.22070184,0
img_02182_2024,0.0,0.022904774,0
img_02186_2024,0.0,0.012095756,0
img_02166_p01_2024,0.0,0.025301656,0
img_02166_p02_2024,0.0,0.01889379,0
img_02184_2024,0.0,0.10778041,0
img_02189_2024,0.0,0.029931093,0
img_02192_2024,0.0,0.015069529,0
img_02191_2024,0.0,0.12064068,0
img_02193_2024,0.0,0.08590907,0
img_02194_2024,0.0,0.10325158,0
img_02195_2024,0.0,0.0063737356,0
img_02197_2024,0.0,0.9379755,1
img_02187_2024,0.0,0.058356475,0
img_02196_2024,0.0,0.0026392855,0
img_02172_p01_2024,0.0,0.014495793,0
img_02172_p02_2024,0.0,0.027524775,0
img_02188_2024,0.0,0.01304826,0
img_02199_2024,0.0,0.060990125,0
img_02203_2024,0.0,0.06322013,0
img_02198_2024,0.0,0.10367118,0
img_02190_2024,0.0,0.051332593,0
img_02200_2024,0.0,0.090278104,0
img_02201_2024,0.0,0.014805642,0
img_02204_2024,0.0,0.020167619,0
img_02024_p01_2024,0.0,0.0052130045,0
img_02024_p02_2024,0.0,0.0048866593,0
img_02024_p03_2024,0.0,0.023664745,0
img_02024_p04_2024,0.0,0.014580796,0
img_02024_p05_2024,0.0,0.007124561,0
img_02024_p06_2024,0.0,0.020926755,0
img_02024_p07_2024,0.0,0.0035838732,0
img_02024_p08_2024,0.0,0.01185297,0
img_02206_2024,0.0,0.004760148,0
img_02207_2024,0.0,0.0032697644,0
img_02205_2024,0.0,0.032262307,0
img_02209_2024,0.0,0.023623731,0
img_02211_2024,0.0,0.012808336,0
img_02202_2024,0.0,0.01453138,0
img_02208_2024,0.0,0.094359145,0
img_02212_2024,0.0,0.010252808,0
img_02213_2024,0.0,0.029205596,0
img_02214_2024,0.0,0.046074938,0
img_02210_2024,0.0,0.6114278,0
img_02216_2024,0.0,0.0901631,0
img_02215_2024,0.0,0.032895867,0
img_02218_2024,0.0,0.062342703,0
img_02219_2024,0.0,0.06578772,0
img_02220_2024,0.0,0.012032291,0
img_02221_2024,0.0,0.034182467,0
img_02223_2024,0.0,0.005630684,0
img_02224_2024,0.0,0.048390158,0
img_02222_2024,0.0,0.0073487894,0
img_02227_2024,0.0,0.027341366,0
img_02217_2024,0.0,0.01578458,0
img_02228_2024,0.0,0.003908787,0
img_02229_2024,0.0,0.047333997,0
img_02225_2024,0.0,0.013351537,0
img_02230_2024,0.0,0.22160316,0
img_02226_2024,0.0,0.0063219406,0
img_02232_2024,0.0,0.009878983,0
img_02233_2024,0.0,0.0028161567,0
img_02235_2024,0.0,0.01694609,0
img_02237_2024,0.0,0.4364071,0
img_02231_2024,0.0,0.0267128,0
img_02242_2024,0.0,0.045048863,0
img_02241_2024,0.0,0.01474233,0
img_02244_2024,0.0,0.12323785,0
img_02245_2024,0.0,0.5307023,0
img_02239_2024,0.0,0.93051416,1
img_02238_2024,0.0,0.052680343,0
img_02236_2024,0.0,0.009740884,0
img_02243_2024,0.0,0.00203824,0
img_02250_2024,0.0,0.3555109,0
img_02246_2024,0.0,0.029619511,0
img_02248_2024,0.0,0.012273753,0
img_02251_2024,0.0,0.043934144,0
img_02247_2024,0.0,0.05218654,0
img_02252_2024,0.0,0.022517191,0
img_02254_2024,0.0,0.09155253,0
img_02253_2024,0.0,0.030246388,0
img_02249_2024,0.0,0.019272858,0
img_02256_2024,0.0,0.014341176,0
img_02258_2024,0.0,0.01139741,0
img_02257_2024,0.0,0.026128452,0
img_02255_2024,0.0,0.018622335,0
img_02259_2024,0.0,0.013515869,0
img_02260_2024,0.0,0.25902343,0
img_02263_2024,0.0,0.014271788,0
img_02262_2024,0.0,0.16420773,0
img_02264_2024,0.0,0.008814324,0
img_02261_2024,0.0,0.07993364,0
img_02268_2024,0.0,0.010691426,0
img_02271_2024,0.0,0.018604886,0
img_02265_2024,0.0,0.2950388,0
img_02269_2024,0.0,0.023520436,0
img_02270_2024,0.0,0.008972587,0
img_02267_2024,0.0,0.013140924,0
img_02275_2024,0.0,0.010164231,0
img_02273_2024,0.0,0.013509164,0
img_02274_2024,0.0,0.012261802,0
img_02276_2024,0.0,0.0282785,0
img_02277_2024,0.0,0.014204325,0
img_02272_2024,0.0,0.0858602,0
img_02278_2024,0.0,0.009917097,0
img_02280_2024,0.0,0.2467266,0
img_02279_2024,0.0,0.03255301,0
img_02281_2024,0.0,0.020466674,0
img_02234_p01_2024,0.0,0.020467771,0
img_02234_p02_2024,0.0,0.016012844,0
img_02234_p03_2024,0.0,0.011165528,0
img_02234_p04_2024,0.0,0.014154935,0
img_02284_2024,0.0,0.044659384,0
img_02282_2024,0.0,0.032976396,0
img_02285_2024,0.0,0.02047571,0
img_02286_2024,0.0,0.057665985,0
img_02288_2024,0.0,0.013320792,0
img_02289_2024,0.0,0.05571459,0
img_02292_2024,0.0,0.033587728,0
img_02290_2024,0.0,0.033275004,0
img_02291_2024,0.0,0.005072472,0
img_02294_2024,0.0,0.0049113887,0
img_02293_2024,0.0,0.69126344,0
img_02295_2024,0.0,0.41821152,0
img_02266_p01_2024,0.0,0.011164053,0
img_02266_p02_2024,0.0,0.015822822,0
img_02283_2024,0.0,0.004991007,0
img_02240_p01_2024,0.0,0.030853873,0
img_02240_p02_2024,0.0,0.0616102,0
img_02240_p03_2024,0.0,0.03490307,0
img_02240_p04_2024,0.0,0.19622983,0
img_02297_2024,0.0,0.08331309,0
img_02296_2024,0.0,0.036245346,0
img_02298_2024,0.0,0.02332861,0
img_02299_2024,0.0,0.37700018,0
img_02300_2024,0.0,0.024752673,0
img_02287_p01_2024,0.0,0.012695566,0
img_02287_p02_2024,0.0,0.037398078,0
img_02301_2024,0.0,0.048059735,0
img_02302_2024,0.0,0.019109635,0
img_02306_2024,0.0,0.0255548,0
img_02308_2024,0.0,0.027013917,0
img_02303_2024,0.0,0.0068613114,0
img_01686_p01_2024,0.0,0.15924075,0
img_01686_p02_2024,0.0,0.059712756,0
img_01686_p03_2024,0.0,0.61617315,0
img_01686_p04_2024,0.0,0.08344766,0
img_01686_p05_2024,0.0,0.060062546,0
img_01686_p06_2024,0.0,0.34696138,0
img_01686_p07_2024,0.0,0.096165806,0
img_01686_p08_2024,0.0,0.033987716,0
img_01686_p09_2024,0.0,0.020028833,0
img_01686_p10_2024,0.0,0.005512844,0
img_01686_p11_2024,0.0,0.01882408,0
img_01686_p12_2024,0.0,0.0446177,0
img_01686_p13_2024,0.0,0.024545355,0
img_01686_p14_2024,0.0,0.0048574065,0
img_01686_p15_2024,0.0,0.019540763,0
img_01686_p16_2024,0.0,0.008564367,0
img_01686_p17_2024,0.0,0.016605828,0
img_01686_p18_2024,0.0,0.058360435,0
img_01686_p19_2024,0.0,0.012529522,0
img_01686_p20_2024,0.0,0.0059627006,0
img_01686_p21_2024,0.0,0.01657084,0
img_01686_p22_2024,0.0,0.0068773935,0
img_01686_p23_2024,0.0,0.12378166,0
img_01686_p25_2024,0.0,0.0075510754,0
img_01686_p26_2024,0.0,0.04579215,0
img_01686_p27_2024,0.0,0.042417135,0
img_01686_p28_2024,0.0,0.04608599,0
img_01686_p29_2024,0.0,0.021050405,0
img_01686_p30_2024,0.0,0.028591732,0
img_01686_p31_2024,0.0,0.14388628,0
img_01686_p32_2024,0.0,0.039323654,0
img_01686_p33_2024,0.0,0.0151094515,0
img_02307_2024,0.0,0.26701322,0
img_02311_2024,0.0,0.0022470336,0
img_02305_2024,0.0,0.011990795,0
img_02309_2024,0.0,0.014820683,0
img_02312_2024,0.0,0.04852055,0
img_02316_2024,0.0,0.12891984,0
img_02310_2024,0.0,0.033966266,0
img_02317_2024,0.0,0.010579495,0
img_01875_p01_2024,0.0,0.04520701,0
img_01875_p02_2024,0.0,0.084738016,0
img_01875_p03_2024,0.0,0.57135046,0
img_01875_p04_2024,0.0,0.22061963,0
img_01875_p05_2024,0.0,0.6454055,0
img_01875_p06_2024,0.0,0.4780593,0
img_01875_p07_2024,0.0,0.15012535,0
img_01875_p08_2024,0.0,0.1302193,0
img_01875_p09_2024,0.0,0.054086912,0
img_01875_p10_2024,0.0,0.14547399,0
img_01875_p11_2024,0.0,0.0029305308,0
img_01875_p12_2024,0.0,0.488614,0
img_01875_p13_2024,0.0,0.7000412,0
img_01875_p14_2024,0.0,0.38754645,0
img_01875_p15_2024,0.0,0.4315997,0
img_01875_p16_2024,0.0,0.06389455,0
img_01875_p17_2024,0.0,0.027176306,0
img_01875_p18_2024,0.0,0.0060088625,0
img_01875_p19_2024,0.0,0.0696124,0
img_01875_p20_2024,0.0,0.033817656,0
img_01875_p21_2024,0.0,0.07382588,0
img_01875_p22_2024,0.0,0.22611423,0
img_01875_p23_2024,0.0,0.00943155,0
img_01875_p24_2024,0.0,0.015375443,0
img_01875_p25_2024,0.0,0.019509295,0
img_02315_2024,0.0,0.19363637,0
img_02314_2024,0.0,0.004299852,0
img_02319_2024,0.0,0.008717323,0
img_02321_2024,0.0,0.044222914,0
img_02318_2024,0.0,0.01301081,0
img_02323_2024,0.0,0.036302146,0
img_02304_p01_2024,0.0,0.0070421756,0
img_02304_p02_2024,0.0,0.023381514,0
img_02325_2024,0.0,0.09579643,0
img_02328_2024,0.0,0.26388705,0
img_02322_2024,0.0,0.040529516,0
img_02329_2024,0.0,0.045641042,0
img_02324_2024,0.0,0.022298012,0
img_02327_2024,0.0,0.009846752,0
img_02326_2024,0.0,0.092910185,0
img_02313_2024,0.0,0.022768116,0
img_02332_2024,0.0,0.014244731,0
img_02333_2024,0.0,0.010482271,0
img_02331_2024,0.0,0.021952873,0
img_02334_2024,0.0,0.117757544,0
img_02337_2024,0.0,0.12513843,0
img_02336_2024,0.0,0.033986636,0
img_02330_2024,0.0,0.09551576,0
img_02340_2024,0.0,0.015030706,0
img_02335_2024,0.0,0.010094963,0
img_02339_2024,0.0,0.28258297,0
img_02320_p01_2024,0.0,0.016205829,0
img_02320_p02_2024,0.0,0.050738197,0
img_02342_2024,0.0,0.016128194,0
img_02348_2024,0.0,0.24153142,0
img_02347_2024,0.0,0.06291184,0
img_02345_2024,0.0,0.7649835,0
img_02343_2024,0.0,0.09615584,0
img_02341_2024,0.0,0.01616003,0
img_02346_2024,0.0,0.0033699037,0
img_02338_2024,0.0,0.011222951,0
img_02349_2024,0.0,0.016017046,0
img_02344_2024,0.0,0.0038443082,0
img_02350_2024,0.0,0.0631272,0
img_02353_2024,0.0,0.22466798,0
img_02355_2024,0.0,0.02975982,0
img_02352_2024,0.0,0.034024507,0
img_02358_2024,0.0,0.07401733,0
img_02357_2024,0.0,0.022819856,0
img_02354_2024,0.0,0.044222374,0
img_02360_2024,0.0,0.0071912063,0
img_02356_2024,0.0,0.008595669,0
img_02366_2024,0.0,0.18301752,0
img_02361_2024,0.0,0.050805002,0
img_02362_2024,0.0,0.045306884,0
img_02368_2024,0.0,0.023573404,0
img_02364_2024,0.0,0.012358323,0
img_02365_2024,0.0,0.045537286,0
img_02376_2024,0.0,0.9184052,1
img_02370_2024,0.0,0.047943857,0
img_02369_2024,0.0,0.004287571,0
img_02375_2024,0.0,0.1102047,0
img_02373_2024,0.0,0.27977753,0
img_02372_2024,0.0,0.020885427,0
img_02351_p01_2024,0.0,0.017850785,0
img_02351_p02_2024,0.0,0.013571562,0
img_02384_2024,0.0,0.0013721602,0
img_02371_2024,0.0,0.0370885,0
img_02380_2024,0.0,0.021593759,0
img_02377_2024,0.0,0.06542216,0
img_02379_2024,0.0,0.03149875,0
img_02387_2024,0.0,0.016277721,0
img_02389_2024,0.0,0.050317757,0
img_02363_2024,0.0,0.24613266,0
img_02385_2024,0.0,0.013657495,0
img_02381_2024,0.0,0.008965304,0
img_02383_2024,0.0,0.0026420667,0
img_02367_2024,0.0,0.16836488,0
img_02374_2024,0.0,0.015247944,0
img_02378_p01_2024,0.0,0.053025573,0
img_02378_p02_2024,0.0,0.084984854,0
img_02390_2024,0.0,0.013921933,0
img_02391_2024,0.0,0.00883411,0
img_02394_2024,0.0,0.063900605,0
img_02392_2024,0.0,0.008282172,0
img_02382_2024,0.0,0.01571234,0
img_02396_2024,0.0,0.37353858,0
img_02398_2024,0.0,0.016807996,0
img_02397_2024,0.0,0.8980955,0
img_02393_2024,0.0,0.07836679,0
img_02359_2024,0.0,0.022771766,0
img_02400_2024,0.0,0.013704756,0
img_02386_2024,0.0,0.027316665,0
img_02403_2024,0.0,0.0020790452,0
img_02404_2024,0.0,0.10401146,0
img_02388_p01_2024,0.0,0.17603818,0
img_02388_p02_2024,0.0,0.19716512,0
img_02401_2024,0.0,0.21307954,0
img_02395_2024,0.0,0.014964661,0
img_02411_2024,0.0,0.28967708,0
img_02402_2024,0.0,0.007139479,0
img_02409_2024,0.0,0.10091756,0
img_02405_2024,0.0,0.08898451,0
img_02413_2024,0.0,0.01895035,0
img_02414_2024,0.0,0.029734045,0
img_02417_2024,0.0,0.055529427,0
img_02406_2024,0.0,0.017505895,0
img_02407_2024,0.0,0.016489271,0
img_02412_2024,0.0,0.079573736,0
img_02420_2024,0.0,0.021797339,0
img_02418_2024,0.0,0.02924332,0
img_02416_2024,0.0,0.03139322,0
img_02410_2024,0.0,0.046420418,0
img_02419_2024,0.0,0.06565774,0
img_02423_2024,0.0,0.01068262,0
img_02424_2024,0.0,0.021458376,0
img_02415_2024,0.0,0.04084957,0
img_02428_2024,0.0,0.10118125,0
img_02422_2024,0.0,0.009101606,0
img_02430_2024,0.0,0.010847039,0
img_02426_2024,0.0,0.019712422,0
img_02435_2024,0.0,0.49574766,0
img_02433_2024,0.0,0.6057764,0
img_02431_2024,0.0,0.007602303,0
img_02434_2024,0.0,0.20997135,0
img_02437_2024,0.0,0.19998583,0
img_02438_2024,0.0,0.01832426,0
img_02432_2024,0.0,0.012882138,0
img_02408_p01_2024,0.0,0.06271763,0
img_02408_p02_2024,0.0,0.015162371,0
img_02439_2024,0.0,0.25835085,0
img_02429_2024,0.0,0.015580192,0
img_02441_2024,0.0,0.059277736,0
img_02443_2024,0.0,0.037517574,0
img_02448_2024,0.0,0.0167735,0
img_02447_2024,0.0,0.83790475,0
img_02442_2024,0.0,0.67306525,0
img_02436_2024,0.0,0.19744846,0
img_02421_p01_2024,0.0,0.008300131,0
img_02421_p02_2024,0.0,0.013294622,0
img_02440_2024,0.0,0.03874939,0
img_02445_2024,0.0,0.016471885,0
img_02451_2024,0.0,0.20438132,0
img_02444_2024,0.0,0.016056374,0
img_02446_2024,0.0,0.07795121,0
img_02449_2024,0.0,0.012067817,0
img_02427_p01_2024,0.0,0.026917879,0
img_02427_p02_2024,0.0,0.014323257,0
img_02450_2024,0.0,0.20732379,0
img_02452_2024,0.0,0.55198467,0
img_02453_2024,0.0,0.013086939,0
img_02456_2024,0.0,0.09698905,0
img_02459_2024,0.0,0.024130069,0
img_02465_2024,0.0,0.04839704,0
img_02460_2024,0.0,0.003406607,0
img_02467_2024,0.0,0.007327351,0
img_02461_2024,0.0,0.05780204,0
img_02462_2024,0.0,0.020581614,0
img_02454_2024,0.0,0.009661735,0
img_02464_2024,0.0,0.028777298,0
img_02468_2024,0.0,0.057482757,0
img_02463_2024,0.0,0.03121909,0
img_02469_2024,0.0,0.020931,0
img_02455_2024,0.0,0.07634534,0
img_02470_2024,0.0,0.018660417,0
img_02457_2024,0.0,0.0068628513,0
img_02466_2024,0.0,0.03449709,0
img_02474_2024,0.0,0.0049937023,0
img_02475_2024,0.0,0.01661306,0
img_02480_2024,0.0,0.031384505,0
img_02472_2024,0.0,0.015113054,0
img_02476_2024,0.0,0.05712443,0
img_02479_2024,0.0,0.079743765,0
img_02481_2024,0.0,0.007632789,0
img_02477_2024,0.0,0.012122061,0
img_02473_2024,0.0,0.048406947,0
img_02478_2024,0.0,0.010853276,0
img_02483_2024,0.0,0.03863061,0
img_02487_2024,0.0,0.021927884,0
img_02484_2024,0.0,0.030684868,0
img_02485_2024,0.0,0.01521405,0
img_02482_2024,0.0,0.067956746,0
img_02486_2024,0.0,0.020745728,0
img_02488_2024,0.0,0.09975039,0
img_02493_2024,0.0,0.017984752,0
img_02489_2024,0.0,0.15827702,0
img_02490_2024,0.0,0.44433126,0
img_02495_2024,0.0,0.85302895,0
img_02491_2024,0.0,0.008442608,0
img_02496_2024,0.0,0.0040677474,0
img_02497_2024,0.0,0.003984868,0
img_02471_p01_2024,0.0,0.023494337,0
img_02471_p02_2024,0.0,0.0024641983,0
img_02492_2024,0.0,0.22810455,0
img_02502_2024,0.0,0.018659955,0
img_02499_2024,0.0,0.02535165,0
img_02504_2024,0.0,0.08131468,0
img_02494_2024,0.0,0.0037530835,0
img_02506_2024,0.0,0.01643405,0
img_02509_2024,0.0,0.3126809,0
img_02503_2024,0.0,0.03252987,0
img_02505_2024,0.0,0.14875495,0
img_02511_2024,0.0,0.029377136,0
img_02510_2024,0.0,0.12473295,0
img_02507_2024,0.0,0.0024766643,0
img_02514_2024,0.0,0.015542376,0
img_02425_p01_2024,0.0,0.011418842,0
img_02425_p02_2024,0.0,0.0067782616,0
img_02425_p03_2024,0.0,0.01244046,0
img_02425_p04_2024,0.0,0.006274961,0
img_02508_2024,0.0,0.007162125,0
img_02513_2024,0.0,0.009668437,0
img_02512_2024,0.0,0.05560025,0
img_02500_2024,0.0,0.032459594,0
img_02515_2024,0.0,0.124540664,0
img_02520_2024,0.0,0.69206405,0
img_02517_2024,0.0,0.014526604,0
img_02521_2024,0.0,0.2478567,0
img_02519_2024,0.0,0.008968508,0
img_02518_2024,0.0,0.008997452,0
img_02522_2024,0.0,0.20263807,0
img_02516_2024,0.0,0.006559917,0
img_02525_2024,0.0,0.02330779,0
img_02524_2024,0.0,0.0060449825,0
img_02528_2024,0.0,0.03830976,0
img_02498_2024,0.0,0.0050859363,0
img_02523_2024,0.0,0.015431518,0
img_02527_2024,0.0,0.0146449385,0
img_02526_2024,0.0,0.054685187,0
img_02530_2024,0.0,0.015020264,0
img_02533_2024,0.0,0.1720021,0
img_02536_2024,0.0,0.52692926,0
img_02501_2024,0.0,0.007453279,0
img_02534_2024,0.0,0.08882742,0
img_02531_2024,0.0,0.033434704,0
img_02535_2024,0.0,0.023888003,0
img_02539_2024,0.0,0.025714304,0
img_02532_2024,0.0,0.012634119,0
img_02543_2024,0.0,0.18982872,0
img_02399_p01_2024,0.0,0.0150645645,0
img_02399_p02_2024,0.0,0.031911798,0
img_02399_p03_2024,0.0,0.0042360257,0
img_02399_p04_2024,0.0,0.069734395,0
img_02399_p05_2024,0.0,0.02983583,0
img_02399_p06_2024,0.0,0.021920122,0
img_02537_2024,0.0,0.004419424,0
img_02538_2024,0.0,0.016753271,0
img_02540_2024,0.0,0.019249465,0
img_02541_2024,0.0,0.928969,1
img_02542_2024,0.0,0.16937403,0
img_02546_2024,0.0,0.051412106,0
img_02545_2024,0.0,0.026398022,0
img_02549_2024,0.0,0.007950025,0
img_02552_2024,0.0,0.042106807,0
img_02554_2024,0.0,0.31286728,0
img_02557_2024,0.0,0.049066626,0
img_02553_2024,0.0,0.02268083,0
img_02551_2024,0.0,0.004391107,0
img_02556_2024,0.0,0.08721093,0
img_02548_2024,0.0,0.11898796,0
img_02555_2024,0.0,0.15607074,0
img_02560_2024,0.0,0.0089830365,0
img_02550_2024,0.0,0.019555008,0
img_02562_2024,0.0,0.034414224,0
img_02565_2024,0.0,0.055352956,0
img_02544_2024,0.0,0.0031284322,0
img_02559_2024,0.0,0.018461812,0
img_02529_p01_2024,0.0,0.010761058,0
img_02529_p02_2024,0.0,0.006593826,0
img_02564_2024,0.0,0.015141612,0
img_02558_2024,0.0,0.094922096,0
img_02561_2024,0.0,0.02117199,0
img_02563_2024,0.0,0.024305182,0
img_02566_2024,0.0,0.008295233,0
img_02568_2024,0.0,0.0475252,0
img_02567_2024,0.0,0.030983616,0
img_02573_2024,0.0,0.32183552,0
img_02572_2024,0.0,0.024463573,0
img_02570_2024,0.0,0.03216634,0
img_02571_2024,0.0,0.023513313,0
img_02579_2024,0.0,0.0017835129,0
img_02547_p01_2024,0.0,0.017130885,0
img_02547_p02_2024,0.0,0.020224996,0
img_02576_2024,0.0,0.030312553,0
img_02577_2024,0.0,0.118178055,0
img_02580_2024,0.0,0.043742258,0
img_02581_2024,0.0,0.2526817,0
img_02578_2024,0.0,0.03615099,0
img_02569_2024,0.0,0.010425652,0
img_02585_2024,0.0,0.01579472,0
img_02586_2024,0.0,0.18441856,0
img_02575_2024,0.0,0.05198332,0
img_02584_2024,0.0,0.16329269,0
img_02583_2024,0.0,0.14146373,0
img_02588_2024,0.0,0.009626828,0
img_02587_2024,0.0,0.0028236161,0
img_02593_2024,0.0,0.18127206,0
img_02589_2024,0.0,0.078678444,0
img_02590_2024,0.0,0.011802222,0
img_02596_2024,0.0,0.009613368,0
img_02595_2024,0.0,0.02735309,0
img_02602_2024,0.0,0.016822478,0
img_02599_2024,0.0,0.0033697933,0
img_02594_2024,0.0,0.007155345,0
img_02601_2024,0.0,0.011617559,0
img_02597_2024,0.0,0.0092466045,0
img_02603_2024,0.0,0.0042875158,0
img_02591_2024,0.0,0.01026978,0
img_02604_2024,0.0,0.018162344,0
img_02574_2024,0.0,0.028956998,0
img_02605_2024,0.0,0.07647492,0
img_02600_2024,0.0,0.0143051,0
img_02592_2024,0.0,0.13791339,0
img_02598_2024,0.0,0.020659287,0
img_02607_2024,0.0,0.03602842,0
img_02608_2024,0.0,0.021864146,0
img_02609_2024,0.0,0.01792761,0
img_02613_2024,0.0,0.08406663,0
img_02612_2024,0.0,0.01400817,0
img_02614_2024,0.0,0.016703354,0
img_02606_2024,0.0,0.02907595,0
img_02615_2024,0.0,0.11623286,0
img_02621_2024,0.0,0.041870467,0
img_02619_2024,0.0,0.29276377,0
img_02618_2024,0.0,0.06983678,0
img_02622_2024,0.0,0.005629544,0
img_02610_2024,0.0,0.013027737,0
img_02624_2024,0.0,0.01229367,0
img_02616_2024,0.0,0.04865464,0
img_02623_2024,0.0,0.0060363384,0
img_02625_2024,0.0,0.027709529,0
img_02611_2024,0.0,0.076105714,0
img_02627_2024,0.0,0.015576268,0
img_02620_2024,0.0,0.015174495,0
img_02630_2024,0.0,0.35192046,0
img_02626_2024,0.0,0.006668641,0
img_02628_2024,0.0,0.51843524,0
img_02629_2024,0.0,0.060907286,0
img_02640_2024,0.0,0.035209578,0
img_02635_2024,0.0,0.02715129,0
img_02633_2024,0.0,0.120141484,0
img_02634_2024,0.0,0.008835237,0
img_02642_2024,0.0,0.18823734,0
img_02638_2024,0.0,0.033482265,0
img_02641_2024,0.0,0.012026811,0
img_02639_2024,0.0,0.045029193,0
img_02632_2024,0.0,0.054537345,0
img_02636_2024,0.0,0.0086743375,0
img_02631_2024,0.0,0.22046754,0
img_02643_2024,0.0,0.27884197,0
img_02645_2024,0.0,0.025797391,0
img_02644_2024,0.0,0.0062949634,0
img_02647_2024,0.0,0.009837767,0
img_02646_2024,0.0,0.011852516,0
img_02648_2024,0.0,0.0070532733,0
img_02650_2024,0.0,0.020159036,0
img_02651_2024,0.0,0.03390434,0
img_02617_p01_2024,0.0,0.028226975,0
img_02617_p02_2024,0.0,0.012666812,0
img_02617_p03_2024,0.0,0.040668968,0
img_02657_2024,0.0,0.8974749,0
img_02655_2024,0.0,0.014113197,0
img_02652_2024,0.0,0.003144627,0
img_02637_2024,0.0,0.02221016,0
img_02656_2024,0.0,0.018533802,0
img_02653_2024,0.0,0.016099762,0
img_02660_2024,0.0,0.0121346805,0
img_02649_2024,0.0,0.13793142,0
img_02665_2024,0.0,0.00607161,0
img_02659_2024,0.0,0.0078774225,0
img_02667_2024,0.0,0.02832455,0
img_02669_2024,0.0,0.029381067,0
img_02664_2024,0.0,0.05873404,0
img_02670_2024,0.0,0.014036575,0
img_02671_2024,0.0,0.09085248,0
img_02663_2024,0.0,0.1834538,0
img_02661_2024,0.0,0.010189546,0
img_02666_2024,0.0,0.012188642,0
img_02673_2024,0.0,0.06963418,0
img_02674_2024,0.0,0.015324769,0
img_02675_2024,0.0,0.05406962,0
img_02668_2024,0.0,0.014390232,0
img_02682_2024,0.0,0.005981796,0
img_02683_2024,0.0,0.04224495,0
img_02680_2024,0.0,0.045069337,0
img_02679_2024,0.0,0.14381774,0
img_02686_2024,0.0,0.04748463,0
img_02681_2024,0.0,0.97869664,1
img_02678_2024,0.0,0.018394541,0
img_02687_2024,0.0,0.573344,0
img_02685_2024,0.0,0.043866582,0
img_02684_2024,0.0,0.004263806,0
img_02688_2024,0.0,0.014373446,0
img_02689_2024,0.0,0.009122858,0
img_02691_2024,0.0,0.027398685,0
img_02692_2024,0.0,0.29471236,0
img_02696_2024,0.0,0.009810384,0
img_02698_2024,0.0,0.08991347,0
img_02694_2024,0.0,0.005108579,0
img_02699_2024,0.0,0.0101659205,0
img_02704_2024,0.0,0.024572011,0
img_02695_2024,0.0,0.0052297106,0
img_02700_2024,0.0,0.006220147,0
img_02705_2024,0.0,0.053072166,0
img_02703_2024,0.0,0.05527991,0
img_02693_2024,0.0,0.015613146,0
img_02701_2024,0.0,0.17202389,0
img_02707_2024,0.0,0.053703032,0
img_02677_p01_2024,0.0,0.0084320465,0
img_02677_p02_2024,0.0,0.022051368,0
img_02676_p01_2024,0.0,0.27515784,0
img_02676_p02_2024,0.0,0.45893615,0
img_02676_p03_2024,0.0,0.54361576,0
img_02710_2024,0.0,0.028134722,0
img_02708_2024,0.0,0.022913411,0
img_02706_2024,0.0,0.011257278,0
img_02690_2024,0.0,0.005702941,0
img_02697_2024,0.0,0.004538928,0
img_02712_2024,0.0,0.38316217,0
img_02702_2024,0.0,0.827392,0
img_02716_2024,0.0,0.022836003,0
img_02709_2024,0.0,0.051495273,0
img_02654_p01_2024,0.0,0.006851039,0
img_02654_p02_2024,0.0,0.0055175656,0
img_02654_p03_2024,0.0,0.019666124,0
img_02654_p04_2024,0.0,0.1374227,0
img_02711_2024,0.0,0.018740196,0
img_02720_2024,0.0,0.018786382,0
img_02723_2024,0.0,0.021263616,0
img_02717_2024,0.0,0.03009004,0
img_02714_2024,0.0,0.020991385,0
img_02672_p01_2024,0.0,0.026550358,0
img_02672_p02_2024,0.0,0.024292078,0
img_02715_2024,0.0,0.005183736,0
img_02721_2024,0.0,0.10812197,0
img_02713_2024,0.0,0.0050709983,0
img_02722_2024,0.0,0.028910836,0
img_02729_2024,0.0,0.0039081825,0
img_02730_2024,0.0,0.063773274,0
img_02733_2024,0.0,0.053473514,0
img_02719_2024,0.0,0.057402063,0
img_02732_2024,0.0,0.3672656,0
img_02734_2024,0.0,0.015630674,0
img_02725_2024,0.0,0.009568634,0
img_02726_2024,0.0,0.12681577,0
img_02731_2024,0.0,0.008846654,0
img_02718_p01_2024,0.0,0.2151229,0
img_02718_p02_2024,0.0,0.05125623,0
img_02735_2024,0.0,0.021963513,0
img_02737_2024,0.0,0.17616895,0
img_02738_2024,0.0,0.007012545,0
img_02739_2024,0.0,0.053108286,0
img_02742_2024,0.0,0.01334591,0
img_02728_2024,0.0,0.06172185,0
img_02743_2024,0.0,0.018201858,0
img_02736_2024,0.0,0.008441101,0
img_02746_2024,0.0,0.024029404,0
img_02741_2024,0.0,0.12678741,0
img_02745_2024,0.0,0.0069361255,0
img_02727_2024,0.0,0.014356127,0
img_02751_2024,0.0,0.017859144,0
img_02724_p01_2024,0.0,0.01508343,0
img_02724_p02_2024,0.0,0.021363148,0
img_02752_2024,0.0,0.00529292,0
img_02750_2024,0.0,0.033581194,0
img_02753_2024,0.0,0.08490049,0
img_02740_2024,0.0,0.026223611,0
img_02747_2024,0.0,0.021815833,0
img_02744_2024,0.0,0.1908081,0
img_02757_2024,0.0,0.012340343,0
img_02759_2024,0.0,0.020893043,0
img_02754_2024,0.0,0.042754866,0
img_02760_2024,0.0,0.030325914,0
img_02748_2024,0.0,0.37508392,0
img_02756_2024,0.0,0.66474473,0
img_02749_2024,0.0,0.024622489,0
img_02767_2024,0.0,0.015803836,0
img_02762_2024,0.0,0.061699312,0
img_02768_2024,0.0,0.010172061,0
img_02758_2024,0.0,0.027485514,0
img_02765_2024,0.0,0.7764196,0
img_02766_2024,0.0,0.010314149,0
img_02763_2024,0.0,0.06295967,0
img_02755_2024,0.0,0.0069733956,0
img_02771_2024,0.0,0.05557239,0
img_02773_2024,0.0,0.11019747,0
img_02774_2024,0.0,0.0155959185,0
img_02772_2024,0.0,0.00954687,0
img_02761_2024,0.0,0.4178393,0
img_02769_2024,0.0,0.023030482,0
img_02775_2024,0.0,0.016711839,0
img_02777_2024,0.0,0.24351239,0
img_02770_2024,0.0,0.014627695,0
img_02778_2024,0.0,0.010128448,0
img_02779_2024,0.0,0.3611439,0
img_02764_2024,0.0,0.0067419945,0
img_02782_2024,0.0,0.032431282,0
img_02781_2024,0.0,0.0063830265,0
img_02776_2024,0.0,0.005977218,0
img_02780_2024,0.0,0.03156896,0
img_02788_2024,0.0,0.006022672,0
img_02785_2024,0.0,0.0062116976,0
img_02786_2024,0.0,0.066373445,0
img_02783_2024,0.0,0.01355367,0
img_02784_2024,0.0,0.2609714,0
img_02790_2024,0.0,0.05417652,0
img_02787_2024,0.0,0.013881741,0
img_02792_2024,0.0,0.010717602,0
img_02791_2024,0.0,0.02435901,0
img_02789_2024,0.0,0.037030153,0
img_02801_2024,0.0,0.006918176,0
img_02802_2024,0.0,0.5065156,0
img_02803_2024,0.0,0.02837032,0
img_02796_2024,0.0,0.07244485,0
img_02800_2024,0.0,0.026326993,0
img_02798_2024,0.0,0.017446103,0
img_02794_2024,0.0,0.035837695,0
img_02793_2024,0.0,0.033554863,0
img_02809_2024,0.0,0.040574703,0
img_02799_2024,0.0,0.019952316,0
img_02811_2024,0.0,0.01707647,0
img_02797_2024,0.0,0.18368295,0
img_02805_2024,0.0,0.0126660345,0
img_02806_2024,0.0,0.011125406,0
img_02808_2024,0.0,0.04273071,0
img_02804_2024,0.0,0.01834535,0
img_02812_2024,0.0,0.015406894,0
img_02813_2024,0.0,0.02367029,0
img_02795_p01_2024,0.0,0.14841063,0
img_02795_p02_2024,0.0,0.014812296,0
img_02817_2024,0.0,0.03688257,0
img_02814_2024,0.0,0.01895468,0
img_02820_2024,0.0,0.03716031,0
img_02818_2024,0.0,0.051528126,0
img_02821_2024,0.0,0.022187049,0
img_02822_2024,0.0,0.04262539,0
img_02815_2024,0.0,0.008804048,0
img_02823_2024,0.0,0.020339018,0
img_02807_2024,0.0,0.013041535,0
img_02826_2024,0.0,0.03152526,0
img_02816_2024,0.0,0.2237592,0
img_02819_2024,0.0,0.007993254,0
img_02829_2024,0.0,0.15521085,0
img_02827_2024,0.0,0.045673788,0
img_02825_2024,0.0,0.010196668,0
img_02832_2024,0.0,0.07832881,0
img_02835_2024,0.0,0.31214118,0
img_02836_2024,0.0,0.013329384,0
img_02833_2024,0.0,0.007469093,0
img_02830_2024,0.0,0.020982414,0
img_02831_2024,0.0,0.008753144,0
img_02840_2024,0.0,0.036278617,0
img_02828_2024,0.0,0.06729766,0
img_02841_2024,0.0,0.019295694,0
img_02842_2024,0.0,0.02542021,0
img_02838_2024,0.0,0.40513164,0
img_02837_2024,0.0,0.022067826,0
img_02843_2024,0.0,0.02464014,0
img_02845_2024,0.0,0.04038297,0
img_02847_2024,0.0,0.086077146,0
img_02834_2024,0.0,0.007201855,0
img_02824_p01_2024,0.0,0.017155878,0
img_02824_p02_2024,0.0,0.0124667995,0
img_02850_2024,0.0,0.0040439502,0
img_02849_2024,0.0,0.041459702,0
img_02856_2024,0.0,0.16736212,0
img_02855_2024,0.0,0.044656187,0
img_02851_2024,0.0,0.016954957,0
img_02854_2024,0.0,0.012988515,0
img_02859_2024,0.0,0.013001703,0
img_02848_2024,0.0,0.040159512,0
img_02852_2024,0.0,0.0020905363,0
img_02858_2024,0.0,0.0055986317,0
img_02844_2024,0.0,0.015658708,0
img_02861_2024,0.0,0.4371032,0
img_02839_2024,0.0,0.018249208,0
img_02857_2024,0.0,0.06597112,0
img_02863_2024,0.0,0.57078594,0
img_02853_2024,0.0,0.021532703,0
img_02862_2024,0.0,0.03931336,0
img_02865_2024,0.0,0.0064782016,0
img_02846_2024,0.0,0.05088883,0
img_02868_2024,0.0,0.0475596,0
img_02860_2024,0.0,0.009381555,0
img_02870_2024,0.0,0.012688803,0
img_02873_2024,0.0,0.20753539,0
img_02871_2024,0.0,0.029510831,0
img_02874_2024,0.0,0.006675026,0
img_02867_2024,0.0,0.053212117,0
img_02872_2024,0.0,0.018992279,0
img_02866_2024,0.0,0.03150314,0
img_02869_2024,0.0,0.012002533,0
img_02878_2024,0.0,0.3162128,0
img_02881_2024,0.0,0.010951654,0
img_02879_2024,0.0,0.66929406,0
img_02882_2024,0.0,0.04545794,0
img_02875_2024,0.0,0.01472279,0
img_02877_2024,0.0,0.014936889,0
img_02883_2024,0.0,0.02826188,0
img_02864_2024,0.0,0.02758252,0
img_02880_2024,0.0,0.15329568,0
img_02888_2024,0.0,0.033168048,0
img_02891_2024,0.0,0.045493983,0
img_02887_2024,0.0,0.075851105,0
img_02884_2024,0.0,0.023708792,0
img_02899_2024,0.0,0.08847796,0
img_02893_2024,0.0,0.017472822,0
img_02900_2024,0.0,0.013855075,0
img_02892_2024,0.0,0.13583298,0
img_02886_2024,0.0,0.010596074,0
img_02889_2024,0.0,0.116652414,0
img_02896_2024,0.0,0.010409004,0
img_02901_2024,0.0,0.037696417,0
img_02890_2024,0.0,0.034288295,0
img_02904_2024,0.0,0.016328504,0
img_02908_2024,0.0,0.9430011,1
img_02910_2024,0.0,0.008104282,0
img_02906_2024,0.0,0.066749014,0
img_02898_2024,0.0,0.007431203,0
img_02902_2024,0.0,0.050596904,0
img_02913_2024,0.0,0.06924822,0
img_02897_p01_2024,0.0,0.05370044,0
img_02897_p02_2024,0.0,0.034688972,0
img_02909_2024,0.0,0.19122967,0
img_02914_2024,0.0,0.23390278,0
img_02907_2024,0.0,0.00717853,0
img_02911_2024,0.0,0.009872434,0
img_02919_2024,0.0,0.01774207,0
img_02920_2024,0.0,0.05720682,0
img_02921_2024,0.0,0.042829316,0
img_02905_2024,0.0,0.053047914,0
img_02915_2024,0.0,0.031534873,0
img_02917_2024,0.0,0.07345659,0
img_02916_2024,0.0,0.015426055,0
img_02923_2024,0.0,0.14405516,0
img_02885_2024,0.0,0.016201783,0
img_02918_2024,0.0,0.016299678,0
img_02903_p01_2024,0.0,0.021127503,0
img_02903_p02_2024,0.0,0.016410286,0
img_02925_2024,0.0,0.022190506,0
img_02929_2024,0.0,0.012241617,0
img_02924_2024,0.0,0.015026664,0
img_02927_2024,0.0,0.13655181,0
img_02931_2024,0.0,0.022842208,0
img_02926_2024,0.0,0.20408604,0
img_02928_2024,0.0,0.004508688,0
img_02922_2024,0.0,0.012841794,0
img_02932_2024,0.0,0.14999592,0
img_02894_2024,0.0,0.16124123,0
img_02930_2024,0.0,0.01117788,0
img_02933_2024,0.0,0.012474259,0
img_02912_p01_2024,0.0,0.0064997086,0
img_02912_p02_2024,0.0,0.014458169,0
img_02934_2024,0.0,0.009625624,0
img_02895_2024,0.0,0.026063185,0
img_02937_2024,0.0,0.10186656,0
img_02936_2024,0.0,0.08983245,0
img_02938_2024,0.0,0.024245966,0
img_02810_p01_2024,0.0,0.03607282,0
img_02810_p02_2024,0.0,0.078089684,0
img_02810_p03_2024,0.0,0.02091688,0
img_02810_p04_2024,0.0,0.057944506,0
img_02810_p05_2024,0.0,0.023124516,0
img_02810_p06_2024,0.0,0.022725211,0
img_02810_p07_2024,0.0,0.26610526,0
img_02935_2024,0.0,0.025578404,0
img_02876_2024,0.0,0.02732183,0
img_02940_2024,0.0,0.013494952,0
img_02948_2024,0.0,0.052607574,0
img_02943_2024,0.0,0.008904687,0
img_02945_2024,0.0,0.0073641315,0
img_02939_2024,0.0,0.0048573106,0
img_02941_2024,0.0,0.017254438,0
img_02950_2024,0.0,0.05428956,0
img_02957_2024,0.0,0.093614236,0
img_02947_2024,0.0,0.12480811,0
img_02942_2024,0.0,0.0065606246,0
img_02946_2024,0.0,0.068403706,0
img_02955_2024,0.0,0.022664549,0
img_02949_2024,0.0,0.007295002,0
img_02951_2024,0.0,0.008997006,0
img_02958_2024,0.0,0.0010086906,0
img_02944_2024,0.0,0.0058494583,0
img_02954_2024,0.0,0.007971068,0
img_02952_2024,0.0,0.08653301,0
img_02956_2024,0.0,0.0076008276,0
img_02961_2024,0.0,0.18429966,0
img_02963_2024,0.0,0.11638621,0
img_02959_2024,0.0,0.013743383,0
img_02962_2024,0.0,0.021051712,0
img_02968_2024,0.0,0.027100751,0
img_02969_2024,0.0,0.022673365,0
img_02960_2024,0.0,0.027455295,0
img_02966_2024,0.0,0.016409472,0
img_02972_2024,0.0,0.007341637,0
img_02971_2024,0.0,0.00873162,0
img_02967_2024,0.0,0.48678464,0
img_02970_2024,0.0,0.36373773,0
img_02976_2024,0.0,0.019643938,0
img_02953_p01_2024,0.0,0.10755682,0
img_02953_p02_2024,0.0,0.045606982,0
img_02964_2024,0.0,0.037344974,0
img_02978_2024,0.0,0.6962247,0
img_02977_2024,0.0,0.0023600087,0
img_02975_2024,0.0,0.010469648,0
img_02980_2024,0.0,0.46124315,0
img_02983_2024,0.0,0.014928356,0
img_02974_2024,0.0,0.0064545632,0
img_02979_2024,0.0,0.0035256003,0
img_02987_2024,0.0,0.013121644,0
img_02988_2024,0.0,0.15612397,0
img_02985_2024,0.0,0.010109657,0
img_02984_2024,0.0,0.019234156,0
img_02986_2024,0.0,0.058358084,0
img_02990_2024,0.0,0.10998027,0
img_02992_2024,0.0,0.0030338103,0
img_02989_2024,0.0,0.017669763,0
img_02965_2024,0.0,0.011557089,0
img_02973_2024,0.0,0.016461182,0
img_02993_2024,0.0,0.78374946,0
img_02981_2024,0.0,0.016837481,0
img_02991_2024,0.0,0.0057374304,0
img_02995_2024,0.0,0.018460574,0
img_02994_2024,0.0,0.012654498,0
img_03003_2024,0.0,0.0014304654,0
img_03001_2024,0.0,0.008129619,0
img_02996_2024,0.0,0.074283324,0
img_03008_2024,0.0,0.017857172,0
img_03000_2024,0.0,0.064187944,0
img_02999_2024,0.0,0.012908508,0
img_02998_2024,0.0,0.02899607,0
img_03004_2024,0.0,0.51133054,0
img_03006_2024,0.0,0.023811284,0
img_03007_2024,0.0,0.011407072,0
img_03009_2024,0.0,0.013309318,0
img_03002_2024,0.0,0.1572084,0
img_02982_p01_2024,0.0,0.011952911,0
img_02982_p02_2024,0.0,0.06989913,0
img_03012_2024,0.0,0.008175425,0
img_03016_2024,0.0,0.12468271,0
img_03014_2024,0.0,0.32033625,0
img_03017_2024,0.0,0.005002871,0
img_03013_2024,0.0,0.017279608,0
img_03023_2024,0.0,0.016930351,0
img_03020_2024,0.0,0.17519781,0
img_03022_2024,0.0,0.02014264,0
img_03005_2024,0.0,0.0060437038,0
img_03015_2024,0.0,0.018737186,0
img_03011_2024,0.0,0.04846469,0
img_03010_2024,0.0,0.025392037,0
img_03025_2024,0.0,0.007740562,0
img_03021_2024,0.0,0.014080837,0
img_03024_2024,0.0,0.009319532,0
img_03028_2024,0.0,0.00838918,0
img_03018_2024,0.0,0.0060671014,0
img_03026_2024,0.0,0.0061498354,0
img_03027_2024,0.0,0.023019176,0
img_03019_2024,0.0,0.0066987583,0
img_03030_2024,0.0,0.09505509,0
img_03034_2024,0.0,0.016931891,0
img_03033_2024,0.0,0.046763174,0
img_03031_2024,0.0,0.098363936,0
img_03032_2024,0.0,0.0918859,0
img_03042_2024,0.0,0.017516721,0
img_03035_2024,0.0,0.01849008,0
img_03036_2024,0.0,0.19187501,0
img_03037_2024,0.0,0.01129432,0
img_03045_2024,0.0,0.012514135,0
img_03038_2024,0.0,0.034861695,0
img_03044_2024,0.0,0.008363133,0
img_03041_2024,0.0,0.027643567,0
img_03039_2024,0.0,0.04295224,0
img_03043_2024,0.0,0.046904366,0
img_03040_2024,0.0,0.0065154256,0
img_03049_2024,0.0,0.66646934,0
img_02997_p01_2024,0.0,0.06948603,0
img_02997_p02_2024,0.0,0.78152883,0
img_02997_p03_2024,0.0,0.029055635,0
img_02997_p04_2024,0.0,0.76582116,0
img_03051_2024,0.0,0.016892426,0
img_03055_2024,0.0,0.02848424,0
img_03054_2024,0.0,0.10409029,0
img_03057_2024,0.0,0.2867688,0
img_03060_2024,0.0,0.014609447,0
img_03053_2024,0.0,0.012160341,0
img_03052_2024,0.0,0.0037227054,0
img_03059_2024,0.0,0.06000014,0
img_03056_2024,0.0,0.016505316,0
img_03048_2024,0.0,0.05545827,0
img_03058_2024,0.0,0.013826962,0
img_03061_2024,0.0,0.7202951,0
img_03063_2024,0.0,0.11734359,0
img_03064_2024,0.0,0.01014496,0
img_03065_2024,0.0,0.016590739,0
img_03062_2024,0.0,0.0074719847,0
img_03066_2024,0.0,0.03814203,0
img_03068_2024,0.0,0.13093302,0
img_03067_2024,0.0,0.0056517995,0
img_03069_2024,0.0,0.012396617,0
img_03075_2024,0.0,0.5498955,0
img_03029_p01_2024,0.0,0.00866015,0
img_03029_p02_2024,0.0,0.026157107,0
img_03073_2024,0.0,0.02043641,0
img_03074_2024,0.0,0.057916664,0
img_03072_2024,0.0,0.13651586,0
img_03071_2024,0.0,0.064433455,0
img_03070_2024,0.0,0.03458915,0
img_03080_2024,0.0,0.0060795587,0
img_03077_2024,0.0,0.053008985,0
img_03078_2024,0.0,0.013802728,0
img_03076_2024,0.0,0.035255797,0
img_03082_2024,0.0,0.004972379,0
img_03081_2024,0.0,0.023050416,0
img_03083_2024,0.0,0.008545361,0
img_03084_2024,0.0,0.024871763,0
img_03090_2024,0.0,0.09805046,0
img_03079_2024,0.0,0.024804484,0
img_03086_2024,0.0,0.053462654,0
img_03088_2024,0.0,0.029917678,0
img_03087_2024,0.0,0.025525933,0
img_03092_2024,0.0,0.04333678,0
img_03046_p01_2024,0.0,0.011454672,0
img_03046_p02_2024,0.0,0.03798716,0
img_03093_2024,0.0,0.026174745,0
img_03089_2024,0.0,0.011150574,0
img_03099_2024,0.0,0.078868985,0
img_03096_2024,0.0,0.0076465486,0
img_03091_2024,0.0,0.022924485,0
img_03101_2024,0.0,0.48908964,0
img_03102_2024,0.0,0.018789917,0
img_03104_2024,0.0,0.030879846,0
img_03095_2024,0.0,0.0132007105,0
img_03106_2024,0.0,0.096318714,0
img_03094_2024,0.0,0.034402303,0
img_03107_2024,0.0,0.029893938,0
img_03097_2024,0.0,0.3263331,0
img_03110_2024,0.0,0.013886991,0
img_03105_2024,0.0,0.87907684,0
img_03112_2024,0.0,0.9160239,0
img_03103_2024,0.0,0.072790705,0
img_03113_2024,0.0,0.018502027,0
img_03114_2024,0.0,0.03397339,0
img_03108_2024,0.0,0.07694911,0
img_03100_p01_2024,0.0,0.025100257,0
img_03100_p02_2024,0.0,0.038794108,0
img_03111_2024,0.0,0.023706542,0
img_03098_p01_2024,0.0,0.02206389,0
img_03098_p02_2024,0.0,0.02234895,0
img_03116_2024,0.0,0.108578205,0
img_03118_2024,0.0,0.009895584,0
img_03121_2024,0.0,0.1831179,0
img_03119_2024,0.0,0.019005215,0
img_03124_2024,0.0,0.036880456,0
img_03109_2024,0.0,0.03746648,0
img_03120_2024,0.0,0.0045784055,0
img_03123_2024,0.0,0.041784905,0
img_03117_2024,0.0,0.018388616,0
img_03122_2024,0.0,0.04258575,0
img_03127_2024,0.0,0.25297314,0
img_03130_2024,0.0,0.08715342,0
img_03128_2024,0.0,0.09122177,0
img_03125_2024,0.0,0.0121059455,0
img_03129_2024,0.0,0.011543603,0
img_03131_2024,0.0,0.022926029,0
img_03134_2024,0.0,0.051476814,0
img_03132_2024,0.0,0.010987621,0
img_03133_2024,0.0,0.03687098,0
img_03135_2024,0.0,0.124207005,0
img_03137_2024,0.0,0.21871085,0
img_03115_p01_2024,0.0,0.11591394,0
img_03115_p02_2024,0.0,0.044688296,0
img_03136_2024,0.0,0.018890174,0
img_03126_2024,0.0,0.4607238,0
img_03139_2024,0.0,0.1021116,0
img_03141_2024,0.0,0.0059738113,0
img_03138_2024,0.0,0.008690471,0
img_03140_2024,0.0,0.38180524,0
img_03143_2024,0.0,0.024737801,0
img_03142_2024,0.0,0.13213497,0
img_03149_2024,0.0,0.04870537,0
img_03146_2024,0.0,0.017773736,0
img_03145_2024,0.0,0.008985182,0
img_03150_2024,0.0,0.037261046,0
img_03151_2024,0.0,0.021718645,0
img_03154_2024,0.0,0.60888636,0
img_03152_2024,0.0,0.0173419,0
img_03155_2024,0.0,0.014148118,0
img_03156_2024,0.0,0.06425161,0
img_03147_2024,0.0,0.007501895,0
img_03148_2024,0.0,0.055761844,0
img_03160_2024,0.0,0.03606228,0
img_03144_2024,0.0,0.02527974,0
img_03157_2024,0.0,0.014617291,0
img_03159_2024,0.0,0.05599975,0
img_03162_2024,0.0,0.12404963,0
img_03163_2024,0.0,0.041085523,0
img_03161_2024,0.0,0.61955243,0
img_03164_2024,0.0,0.0037407428,0
img_03166_2024,0.0,0.054507755,0
img_03158_2024,0.0,0.004529676,0
img_03165_2024,0.0,0.014622812,0
img_03153_2024,0.0,0.1776619,0
img_03170_2024,0.0,0.7522527,0
img_03172_2024,0.0,0.042532843,0
img_03173_2024,0.0,0.04825191,0
img_03171_2024,0.0,0.026778702,0
img_03168_2024,0.0,0.116997935,0
img_03175_2024,0.0,0.5236521,0
img_03176_2024,0.0,0.19396622,0
img_03169_2024,0.0,0.011778111,0
img_03178_2024,0.0,0.01697777,0
img_03179_2024,0.0,0.028877702,0
img_03174_2024,0.0,0.02901969,0
img_03177_2024,0.0,0.020104114,0
img_03181_2024,0.0,0.023192337,0
img_03180_2024,0.0,0.08407941,0
img_03167_2024,0.0,0.029005278,0
img_03183_2024,0.0,0.01067522,0
img_03182_2024,0.0,0.040296964,0
img_03186_2024,0.0,0.009305151,0
img_03192_2024,0.0,0.023015974,0
img_03185_2024,0.0,0.032563385,0
img_03187_2024,0.0,0.011351838,0
img_03196_2024,0.0,0.08255065,0
img_03191_2024,0.0,0.12016664,0
img_03195_2024,0.0,0.037426107,0
img_03190_2024,0.0,0.1075989,0
img_03189_2024,0.0,0.01641368,0
img_03194_2024,0.0,0.00959743,0
img_03193_2024,0.0,0.009848127,0
img_03199_2024,0.0,0.0039638756,0
img_03184_2024,0.0,0.060129542,0
img_03188_2024,0.0,0.012311978,0
img_03200_2024,0.0,0.07748746,0
img_03197_2024,0.0,0.014852585,0
img_03211_2024,0.0,0.0016254184,0
img_03204_2024,0.0,0.016698267,0
img_03201_2024,0.0,0.032773606,0
img_03202_2024,0.0,0.3771221,0
img_03198_2024,0.0,0.019791678,0
img_03208_2024,0.0,0.010282559,0
img_03213_2024,0.0,0.045227777,0
img_03207_2024,0.0,0.012104998,0
img_03209_2024,0.0,0.069253966,0
img_03203_2024,0.0,0.18795319,0
img_03214_2024,0.0,0.0105923675,0
img_03212_2024,0.0,0.019380039,0
img_03205_2024,0.0,0.015955579,0
img_03210_2024,0.0,0.013951209,0
img_03216_2024,0.0,0.027636781,0
img_03215_2024,0.0,0.09660797,0
img_03218_2024,0.0,0.15839477,0
img_03221_2024,0.0,0.0696134,0
img_03217_2024,0.0,0.12744777,0
img_03223_2024,0.0,0.9897534,1
img_03219_2024,0.0,0.112737015,0
img_03222_2024,0.0,0.060659908,0
img_03220_2024,0.0,0.010740626,0
img_03225_2024,0.0,0.0070324177,0
img_03227_2024,0.0,0.0135283675,0
img_03226_2024,0.0,0.03623509,0
img_03230_2024,0.0,0.016180208,0
img_03233_2024,0.0,0.019411523,0
img_03231_2024,0.0,0.030771434,0
img_03237_2024,0.0,0.028695071,0
img_03229_2024,0.0,0.017563742,0
img_03228_2024,0.0,0.3278846,0
img_03235_2024,0.0,0.014731449,0
img_03239_2024,0.0,0.029711768,0
img_03238_2024,0.0,0.006147071,0
img_03224_2024,0.0,0.004617384,0
img_03236_2024,0.0,0.051501382,0
img_03234_2024,0.0,0.03297565,0
img_03240_2024,0.0,0.1334286,0
img_03232_2024,0.0,0.0056055915,0
img_03242_2024,0.0,0.021167617,0
img_03245_2024,0.0,0.036856774,0
img_03249_2024,0.0,0.05747304,0
img_03247_2024,0.0,0.08963865,0
img_03254_2024,0.0,0.030637454,0
img_03243_2024,0.0,0.043881416,0
img_03256_2024,0.0,0.04546069,0
img_03250_2024,0.0,0.056192644,0
img_03251_2024,0.0,0.020066146,0
img_03244_2024,0.0,0.034095634,0
img_03241_2024,0.0,0.010395958,0
img_03255_2024,0.0,0.014419374,0
img_03258_2024,0.0,0.014164256,0
img_03257_2024,0.0,0.08832075,0
img_03261_2024,0.0,0.038551487,0
img_03265_2024,0.0,0.010240347,0
img_03264_2024,0.0,0.041088633,0
img_03259_2024,0.0,0.011352645,0
img_03263_2024,0.0,0.009062538,0
img_03266_2024,0.0,0.30245072,0
img_03267_2024,0.0,0.021943282,0
img_03268_2024,0.0,0.0954097,0
img_03269_2024,0.0,0.12134161,0
img_03260_2024,0.0,0.017247591,0
img_03253_2024,0.0,0.02714991,0
img_03270_2024,0.0,0.005260335,0
img_03271_2024,0.0,0.054024093,0
img_03246_2024,0.0,0.008659117,0
img_03206_p01_2024,0.0,0.006234568,0
img_03206_p02_2024,0.0,0.02931369,0
img_03206_p03_2024,0.0,0.0101586,0
img_03206_p04_2024,0.0,0.0152112,0
img_03274_2024,0.0,0.012591389,0
img_03248_p01_2024,0.0,0.03415136,0
img_03248_p02_2024,0.0,0.008210087,0
img_03273_2024,0.0,0.17630182,0
img_03275_2024,0.0,0.11117387,0
img_03272_2024,0.0,0.0476641,0
img_03276_2024,0.0,0.059409868,0
img_03277_2024,0.0,0.0063194283,0
img_03252_p01_2024,0.0,0.16137464,0
img_03252_p02_2024,0.0,0.04841463,0
img_03262_p01_2024,0.0,0.01641516,0
img_03262_p02_2024,0.0,0.036500793,0
img_03279_2024,0.0,0.1438713,0
img_03280_2024,0.0,0.48979345,0
img_03284_2024,0.0,0.08085454,0
img_03282_2024,0.0,0.027088478,0
img_03281_2024,0.0,0.47391805,0
img_03285_2024,0.0,0.05312013,0
img_03292_2024,0.0,0.33174366,0
img_03289_2024,0.0,0.041100025,0
img_03283_2024,0.0,0.5830787,0
img_03286_2024,0.0,0.025144745,0
img_03291_2024,0.0,0.011355668,0
img_03290_2024,0.0,0.025738731,0
img_03293_2024,0.0,0.0046254587,0
img_03288_2024,0.0,0.010242718,0
img_03294_2024,0.0,0.032860722,0
img_03287_2024,0.0,0.22905302,0
img_03085_p01_2024,0.0,0.028175974,0
img_03085_p02_2024,0.0,0.0161784,0
img_03085_p03_2024,0.0,0.06460234,0
img_03085_p04_2024,0.0,0.010620554,0
img_03085_p05_2024,0.0,0.01443512,0
img_03085_p06_2024,0.0,0.027715057,0
img_03085_p07_2024,0.0,0.011329645,0
img_03085_p08_2024,0.0,0.011144671,0
img_03085_p09_2024,0.0,0.013538566,0
img_03085_p10_2024,0.0,0.012227038,0
img_03047_p01_2024,0.0,0.012810664,0
img_03047_p02_2024,0.0,0.02834015,0
img_03047_p03_2024,0.0,0.012568891,0
img_03047_p04_2024,0.0,0.008938674,0
img_03047_p05_2024,0.0,0.012716442,0
img_03047_p06_2024,0.0,0.015108367,0
img_03047_p07_2024,0.0,0.0073452303,0
img_03047_p08_2024,0.0,0.011416416,0
img_03047_p09_2024,0.0,0.006529494,0
img_03047_p10_2024,0.0,0.020979384,0
img_03296_2024,0.0,0.010149142,0
img_03295_2024,0.0,0.028732788,0
img_03297_2024,0.0,0.050331883,0
img_03300_2024,0.0,0.04708251,0
img_03305_2024,0.0,0.04965992,0
img_03308_2024,0.0,0.018274719,0
img_03304_2024,0.0,0.02813965,0
img_03306_2024,0.0,0.0140890805,0
img_03310_2024,0.0,0.044087447,0
img_03301_2024,0.0,0.007361077,0
img_03313_2024,0.0,0.14034493,0
img_03309_2024,0.0,0.01880135,0
img_03307_2024,0.0,0.03831429,0
img_03303_2024,0.0,0.0045174295,0
img_03312_2024,0.0,0.0015543995,0
img_03311_2024,0.0,0.012975772,0
img_03299_2024,0.0,0.028331667,0
img_03302_2024,0.0,0.09051343,0
img_03316_2024,0.0,0.01903438,0
img_03314_2024,0.0,0.038370453,0
img_03315_2024,0.0,0.034504093,0
img_03317_2024,0.0,0.20915695,0
img_03320_2024,0.0,0.02827419,0
img_03319_2024,0.0,0.020847645,0
img_03323_2024,0.0,0.012984404,0
img_03318_2024,0.0,0.01336772,0
img_03324_2024,0.0,0.14213835,0
img_03325_2024,0.0,0.04442022,0
img_03322_2024,0.0,0.042345468,0
img_03321_2024,0.0,0.063471936,0
img_03327_2024,0.0,0.012898493,0
img_03329_2024,0.0,0.027032351,0
img_03328_2024,0.0,0.017827142,0
img_03331_2024,0.0,0.027412388,0
img_03333_2024,0.0,0.0069051525,0
img_03326_2024,0.0,0.09011553,0
img_03330_2024,0.0,0.021755593,0
img_03334_2024,0.0,0.04023049,0
img_03336_2024,0.0,0.012937565,0
img_03342_2024,0.0,0.054101415,0
img_03335_2024,0.0,0.11115365,0
img_03332_2024,0.0,0.006470631,0
img_03339_2024,0.0,0.041131057,0
img_03343_2024,0.0,0.007224993,0
img_03344_2024,0.0,0.018106984,0
img_03340_2024,0.0,0.007288997,0
img_03347_2024,0.0,0.13247958,0
img_03346_2024,0.0,0.037039764,0
img_03345_2024,0.0,0.012526755,0
img_03349_2024,0.0,0.013131449,0
img_03348_2024,0.0,0.006896785,0
img_03337_2024,0.0,0.07623245,0
img_03341_2024,0.0,0.10699908,0
img_03352_2024,0.0,0.06759638,0
img_03351_2024,0.0,0.020160636,0
img_03353_2024,0.0,0.003696603,0
img_03355_2024,0.0,0.01548792,0
img_03357_2024,0.0,0.011588077,0
img_03361_2024,0.0,0.02997213,0
img_03356_2024,0.0,0.054645754,0
img_03359_2024,0.0,0.0048417165,0
img_03354_2024,0.0,0.005642248,0
img_03358_2024,0.0,0.015507033,0
img_03360_2024,0.0,0.03871313,0
img_03338_p01_2024,0.0,0.009807994,0
img_03338_p02_2024,0.0,0.0372436,0
img_03362_2024,0.0,0.18029182,0
img_03368_2024,0.0,0.015625207,0
img_03365_2024,0.0,0.025162762,0
img_03369_2024,0.0,0.006162108,0
img_03278_p01_2024,0.0,0.09452666,0
img_03278_p02_2024,0.0,0.054308496,0
img_03278_p03_2024,0.0,0.08314861,0
img_03278_p04_2024,0.0,0.06178478,0
img_03278_p05_2024,0.0,0.062491886,0
img_03278_p06_2024,0.0,0.06584048,0
img_03370_2024,0.0,0.008698149,0
img_03366_2024,0.0,0.02954441,0
img_03371_2024,0.0,0.08556653,0
img_03298_p01_2024,0.0,0.044353694,0
img_03298_p02_2024,0.0,0.023063201,0
img_03298_p03_2024,0.0,0.11356199,0
img_03298_p04_2024,0.0,0.032601256,0
img_03374_2024,0.0,0.037284177,0
img_03364_2024,0.0,0.04890404,0
img_03380_2024,0.0,0.00990961,0
img_03350_p01_2024,0.0,0.3549256,0
img_03350_p02_2024,0.0,0.044442605,0
img_03376_2024,0.0,0.034010924,0
img_03382_2024,0.0,0.0031264524,0
img_03373_2024,0.0,0.054950573,0
img_03372_2024,0.0,0.016630447,0
img_03379_2024,0.0,0.028830972,0
img_03377_2024,0.0,0.026663397,0
img_03375_2024,0.0,0.011192866,0
img_03387_2024,0.0,0.0073687164,0
img_03383_2024,0.0,0.22178331,0
img_03386_2024,0.0,0.0059385556,0
img_03381_2024,0.0,0.10293339,0
img_03389_2024,0.0,0.0038283963,0
img_03367_p01_2024,0.0,0.012792161,0
img_03367_p02_2024,0.0,0.0045150025,0
img_03395_2024,0.0,0.019828014,0
img_03388_2024,0.0,0.35541445,0
img_03378_2024,0.0,0.21825786,0
img_03385_2024,0.0,0.03187401,0
img_03384_2024,0.0,0.03412091,0
img_03391_2024,0.0,0.026856044,0
img_03393_2024,0.0,0.042408638,0
img_03390_2024,0.0,0.07104055,0
img_03392_2024,0.0,0.01616134,0
img_03394_2024,0.0,0.057314806,0
img_03398_2024,0.0,0.020789567,0
img_03397_2024,0.0,0.0302918,0
img_03400_2024,0.0,0.012178232,0
img_03403_2024,0.0,0.027697127,0
img_03399_2024,0.0,0.013059258,0
img_03363_p01_2024,0.0,0.01598406,0
img_03363_p02_2024,0.0,0.012540579,0
img_03363_p03_2024,0.0,0.02485442,0
img_03396_2024,0.0,0.030178424,0
img_03401_2024,0.0,0.025470471,0
img_03407_2024,0.0,0.014483562,0
img_03402_2024,0.0,0.019875024,0
img_03406_2024,0.0,0.06942411,0
img_03408_2024,0.0,0.023422744,0
img_03410_2024,0.0,0.01823261,0
img_03404_2024,0.0,0.002298811,0
img_03409_2024,0.0,0.016003437,0
img_03405_2024,0.0,0.40563995,0
img_03416_2024,0.0,0.33311474,0
img_03412_2024,0.0,0.037600003,0
img_03414_2024,0.0,0.02435727,0
img_03413_2024,0.0,0.016249618,0
img_03415_2024,0.0,0.0034698187,0
img_03419_2024,0.0,0.019549306,0
img_03418_2024,0.0,0.014903763,0
img_03424_2024,0.0,0.5627397,0
img_03421_2024,0.0,0.055772305,0
img_03420_2024,0.0,0.0050901757,0
img_03422_2024,0.0,0.27918804,0
img_03423_2024,0.0,0.58589673,0
img_03411_2024,0.0,0.021058127,0
img_03426_2024,0.0,0.014349921,0
img_03428_2024,0.0,0.025909623,0
img_03434_2024,0.0,0.023120888,0
img_03431_2024,0.0,0.030981278,0
img_03435_2024,0.0,0.0053728977,0
img_03427_2024,0.0,0.9860574,1
img_03433_2024,0.0,0.030768478,0
img_03432_2024,0.0,0.009712523,0
img_03429_2024,0.0,0.01766423,0
img_03438_2024,0.0,0.006266882,0
img_03439_2024,0.0,0.0045580976,0
img_03417_2024,0.0,0.1451789,0
img_03436_2024,0.0,0.016514905,0
img_03440_2024,0.0,0.0040610703,0
img_03430_2024,0.0,0.021564577,0
img_03442_2024,0.0,0.08251932,0
img_03444_2024,0.0,0.020953128,0
img_03441_2024,0.0,0.07341282,0
img_03425_p01_2024,0.0,0.02247102,0
img_03425_p02_2024,0.0,0.15876798,0
img_03437_2024,0.0,0.008602916,0
img_03448_2024,0.0,0.03683768,0
img_03450_2024,0.0,0.016617674,0
img_03449_2024,0.0,0.022173977,0
img_03445_2024,0.0,0.021310583,0
img_03454_2024,0.0,0.034155965,0
img_03456_2024,0.0,0.012680776,0
img_03452_2024,0.0,0.009361814,0
img_03451_2024,0.0,0.010301026,0
img_03453_2024,0.0,0.13756973,0
img_03443_2024,0.0,0.043451913,0
img_03458_2024,0.0,0.024106864,0
img_03457_2024,0.0,0.021985056,0
img_03460_2024,0.0,0.016023241,0
img_03461_2024,0.0,0.018384092,0
img_03459_2024,0.0,0.021600297,0
img_03447_2024,0.0,0.008578518,0
img_03462_2024,0.0,0.016591934,0
img_03446_2024,0.0,0.1558779,0
img_03465_2024,0.0,0.014596519,0
img_03468_2024,0.0,0.6406874,0
img_03470_2024,0.0,0.06609842,0
img_03463_2024,0.0,0.06329282,0
img_03471_2024,0.0,0.042499892,0
img_03466_2024,0.0,0.024493467,0
img_03469_2024,0.0,0.002355764,0
img_03473_2024,0.0,0.041809063,0
img_03464_2024,0.0,0.028705716,0
img_03474_2024,0.0,0.0144985495,0
img_03476_2024,0.0,0.012055979,0
img_03475_2024,0.0,0.0039928453,0
img_03472_2024,0.0,0.010595592,0
img_03479_2024,0.0,0.006601314,0
img_03467_2024,0.0,0.0057497346,0
img_03477_2024,0.0,0.018253934,0
img_03480_2024,0.0,0.006770791,0
img_03482_2024,0.0,0.012148237,0
img_03481_2024,0.0,0.024230555,0
img_03478_2024,0.0,0.31439304,0
img_03484_2024,0.0,0.013866311,0
img_03488_2024,0.0,0.12586024,0
img_03490_2024,0.0,0.008565455,0
img_03489_2024,0.0,0.041617315,0
img_03485_2024,0.0,0.052332174,0
img_03492_2024,0.0,0.026497835,0
img_03493_2024,0.0,0.025229573,0
img_03494_2024,0.0,0.12202877,0
img_03486_2024,0.0,0.2089107,0
img_03491_2024,0.0,0.045555122,0
img_03483_2024,0.0,0.016860526,0
img_03497_2024,0.0,0.02428628,0
img_03501_2024,0.0,0.25497386,0
img_03499_2024,0.0,0.11074896,0
img_03487_2024,0.0,0.0069115087,0
img_03500_2024,0.0,0.025523013,0
img_03504_2024,0.0,0.010451794,0
img_03502_2024,0.0,0.19373736,0
img_03507_2024,0.0,0.010669054,0
img_03505_2024,0.0,0.60616034,0
img_03510_2024,0.0,0.01734252,0
img_03503_2024,0.0,0.006808132,0
img_03509_2024,0.0,0.01600192,0
img_03511_2024,0.0,0.016569054,0
img_03496_2024,0.0,0.012183944,0
img_03513_2024,0.0,0.008420864,0
img_03498_2024,0.0,0.025581375,0
img_03515_2024,0.0,0.0064866752,0
img_03514_2024,0.0,0.020619625,0
img_03508_2024,0.0,0.009854244,0
img_03518_2024,0.0,0.022529459,0
img_03516_2024,0.0,0.02967306,0
img_03522_2024,0.0,0.014861557,0
img_03517_2024,0.0,0.015909571,0
img_03521_2024,0.0,0.32600313,0
img_03512_2024,0.0,0.013817179,0
img_03524_2024,0.0,0.07198502,0
img_03527_2024,0.0,0.005621407,0
img_03525_2024,0.0,0.009964968,0
img_03526_2024,0.0,0.093214594,0
img_03519_2024,0.0,0.025103608,0
img_03528_2024,0.0,0.01056058,0
img_03523_2024,0.0,0.030856559,0
img_03530_2024,0.0,0.0054654805,0
img_03050_p01_2024,0.0,0.14093432,0
img_03050_p02_2024,0.0,0.21949443,0
img_03050_p03_2024,0.0,0.2681688,0
img_03050_p04_2024,0.0,0.51947814,0
img_03050_p05_2024,0.0,0.048417408,0
img_03050_p06_2024,0.0,0.049032114,0
img_03050_p07_2024,0.0,0.07359465,0
img_03050_p08_2024,0.0,0.06767725,0
img_03050_p09_2024,0.0,0.05726677,0
img_03050_p10_2024,0.0,0.43007523,0
img_03050_p11_2024,0.0,0.14877136,0
img_03050_p12_2024,0.0,0.21718554,0
img_03050_p13_2024,0.0,0.105518915,0
img_03050_p14_2024,0.0,0.29173958,0
img_03050_p15_2024,0.0,0.23140578,0
img_03050_p16_2024,0.0,0.03855334,0
img_03050_p17_2024,0.0,0.12703975,0
img_03050_p18_2024,0.0,0.13227516,0
img_03050_p19_2024,0.0,0.054889686,0
img_03050_p20_2024,0.0,0.066587135,0
img_03050_p21_2024,0.0,0.062319793,0
img_03050_p22_2024,0.0,0.022152357,0
img_03050_p23_2024,0.0,0.06853278,0
img_03050_p24_2024,0.0,0.040763658,0
img_03050_p26_2024,0.0,0.045505498,0
img_03050_p27_2024,0.0,0.017229782,0
img_03529_2024,0.0,0.023531277,0
img_03533_2024,0.0,0.34103173,0
img_03531_2024,0.0,0.047339715,0
img_03532_2024,0.0,0.015874384,0
img_03535_2024,0.0,0.04620389,0
img_03534_2024,0.0,0.031152636,0
img_03536_2024,0.0,0.017156092,0
img_03539_2024,0.0,0.015080211,0
img_03538_2024,0.0,0.014976455,0
img_03541_2024,0.0,0.047127567,0
img_03542_2024,0.0,0.20209327,0
img_03543_2024,0.0,0.013449036,0
img_03544_2024,0.0,0.0047683218,0
img_03455_p01_2024,0.0,0.039277278,0
img_03455_p02_2024,0.0,0.028654207,0
img_03455_p03_2024,0.0,0.1386381,0
img_03455_p04_2024,0.0,0.06415497,0
img_03520_p01_2024,0.0,0.022115827,0
img_03520_p02_2024,0.0,0.016679088,0
img_03546_2024,0.0,0.009310739,0
img_03547_2024,0.0,0.0053376714,0
img_03545_2024,0.0,0.29186636,0
img_03554_2024,0.0,0.037424635,0
img_03548_2024,0.0,0.08699226,0
img_03551_2024,0.0,0.014720296,0
img_03550_2024,0.0,0.016198542,0
img_03549_2024,0.0,0.01740605,0
img_03555_2024,0.0,0.03869892,0
img_03552_2024,0.0,0.44741035,0
img_03558_2024,0.0,0.11395361,0
img_03540_2024,0.0,0.14591584,0
img_03556_2024,0.0,0.040320568,0
img_03560_2024,0.0,0.08662678,0
img_03563_2024,0.0,0.017547248,0
img_03559_2024,0.0,0.0039993753,0
img_03561_2024,0.0,0.015651936,0
img_03566_2024,0.0,0.054072686,0
img_03567_2024,0.0,0.042265926,0
img_03568_2024,0.0,0.02728651,0
img_03571_2024,0.0,0.0056437794,0
img_03570_2024,0.0,0.10556696,0
img_03562_2024,0.0,0.02007572,0
img_03569_2024,0.0,0.013387656,0
img_03564_2024,0.0,0.019508194,0
img_03572_2024,0.0,0.009510325,0
img_03575_2024,0.0,0.049331937,0
img_03553_p01_2024,0.0,0.04669783,0
img_03553_p02_2024,0.0,0.022841314,0
img_03576_2024,0.0,0.048960187,0
img_03580_2024,0.0,0.0021537736,0
img_03574_2024,0.0,0.020625774,0
img_03573_2024,0.0,0.011555237,0
img_03577_2024,0.0,0.07437959,0
img_03578_2024,0.0,0.07854509,0
img_03581_2024,0.0,0.15534218,0
img_03583_2024,0.0,0.018682545,0
img_03584_2024,0.0,0.15312573,0
img_03495_p01_2024,0.0,0.01053292,0
img_03495_p02_2024,0.0,0.007518515,0
img_03495_p03_2024,0.0,0.019646518,0
img_03495_p04_2024,0.0,0.039725717,0
img_03495_p05_2024,0.0,0.0050944984,0
img_03582_2024,0.0,0.45209593,0
img_03585_2024,0.0,0.9894821,1
img_03588_2024,0.0,0.4573269,0
img_03579_2024,0.0,0.13165238,0
img_03587_2024,0.0,0.09395202,0
img_03589_2024,0.0,0.054274093,0
img_03593_2024,0.0,0.01367147,0
img_03591_2024,0.0,0.015121246,0
img_03590_2024,0.0,0.009133263,0
img_03598_2024,0.0,0.0012592624,0
img_03596_2024,0.0,0.0045099068,0
img_03597_2024,0.0,0.006832241,0
img_03595_2024,0.0,0.05819083,0
img_03594_2024,0.0,0.10838549,0
img_03599_2024,0.0,0.32432622,0
img_03586_2024,0.0,0.0028111632,0
img_03602_2024,0.0,0.9515983,1
img_03537_p01_2024,0.0,0.0140206115,0
img_03537_p02_2024,0.0,0.0074246675,0
img_03537_p03_2024,0.0,0.019683842,0
img_03537_p04_2024,0.0,0.082286336,0
img_03600_2024,0.0,0.014812177,0
img_03592_2024,0.0,0.058256738,0
img_03608_2024,0.0,0.01511929,0
img_03604_2024,0.0,0.08701347,0
img_03603_2024,0.0,0.021832237,0
img_03601_2024,0.0,0.0033024023,0
img_03605_2024,0.0,0.023067418,0
img_03607_2024,0.0,0.022988722,0
img_03609_2024,0.0,0.14548677,0
img_03606_2024,0.0,0.14841737,0
img_03614_2024,0.0,0.013259818,0
img_03613_2024,0.0,0.024251323,0
img_03616_2024,0.0,0.98159516,1
img_03620_2024,0.0,0.023856347,0
img_03612_2024,0.0,0.062785566,0
img_03621_2024,0.0,0.03445381,0
img_03619_2024,0.0,0.05322053,0
img_03624_2024,0.0,0.025535632,0
img_03610_2024,0.0,0.04190544,0
img_03618_2024,0.0,0.008671333,0
img_03615_2024,0.0,0.04647205,0
img_03623_2024,0.0,0.00690976,0
img_03622_2024,0.0,0.46470088,0
img_03625_2024,0.0,0.096027076,0
img_03627_2024,0.0,0.009188899,0
img_03565_p01_2024,0.0,0.06523548,0
img_03565_p02_2024,0.0,0.009033874,0
img_03565_p03_2024,0.0,0.011044057,0
img_03565_p04_2024,0.0,0.015518218,0
img_03629_2024,0.0,0.6559044,0
img_03626_2024,0.0,0.06251923,0
img_03628_2024,0.0,0.07536046,0
img_03631_2024,0.0,0.10583113,0
img_03632_2024,0.0,0.18631963,0
img_03557_p01_2024,0.0,0.010948957,0
img_03557_p02_2024,0.0,0.0065161297,0
img_03557_p03_2024,0.0,0.0071826973,0
img_03557_p04_2024,0.0,0.012859428,0
img_03635_2024,0.0,0.033381477,0
img_03637_2024,0.0,0.0101230275,0
img_03634_2024,0.0,0.0060109883,0
img_03638_2024,0.0,0.013004346,0
img_03640_2024,0.0,0.8330048,0
img_03641_2024,0.0,0.0061090356,0
img_03630_2024,0.0,0.025385555,0
img_03633_2024,0.0,0.09002348,0
img_03642_2024,0.0,0.033987194,0
img_03645_2024,0.0,0.03662338,0
img_03639_2024,0.0,0.1050689,0
img_03646_2024,0.0,0.06935697,0
img_03617_p01_2024,0.0,0.019461073,0
img_03617_p02_2024,0.0,0.012899613,0
img_03648_2024,0.0,0.25929162,0
img_03649_2024,0.0,0.16854747,0
img_03650_2024,0.0,0.029199054,0
img_03651_2024,0.0,0.06240204,0
img_03653_2024,0.0,0.004681173,0
img_03652_2024,0.0,0.012114542,0
img_03647_2024,0.0,0.12424703,0
img_03657_2024,0.0,0.04983434,0
img_03654_2024,0.0,0.01138647,0
img_03636_p01_2024,0.0,0.07858733,0
img_03636_p02_2024,0.0,0.38841277,0
img_03643_2024,0.0,0.7828509,0
img_03656_2024,0.0,0.021191467,0
img_03611_p01_2024,0.0,0.094817,0
img_03611_p02_2024,0.0,0.022582099,0
img_03611_p03_2024,0.0,0.040481873,0
img_03660_2024,0.0,0.024260707,0
img_03665_2024,0.0,0.023299534,0
img_03661_2024,0.0,0.12146834,0
img_03662_2024,0.0,0.002467248,0
img_03658_2024,0.0,0.11608002,0
img_03668_2024,0.0,0.024672406,0
img_03667_2024,0.0,0.02068158,0
img_03664_2024,0.0,0.023802951,0
img_03669_2024,0.0,0.028924257,0
img_03666_2024,0.0,0.043300867,0
img_03670_2024,0.0,0.031796765,0
img_03672_2024,0.0,0.013698382,0
img_03663_2024,0.0,0.019356493,0
img_03673_2024,0.0,0.010645607,0
img_03671_2024,0.0,0.008309351,0
img_03655_p01_2024,0.0,0.008725202,0
img_03655_p02_2024,0.0,0.014860868,0
img_03659_2024,0.0,0.014580058,0
img_03675_2024,0.0,0.13548164,0
img_03677_2024,0.0,0.75636727,0
img_03679_2024,0.0,0.09300377,0
img_03681_2024,0.0,0.02712797,0
img_03685_2024,0.0,0.0042358534,0
img_03689_2024,0.0,0.010700462,0
img_03691_2024,0.0,0.010217177,0
img_03690_2024,0.0,0.44647712,0
img_03687_2024,0.0,0.015536724,0
img_03683_2024,0.0,0.060001917,0
img_03684_2024,0.0,0.083817735,0
img_03688_2024,0.0,0.016496519,0
img_03692_2024,0.0,0.02533703,0
img_03680_2024,0.0,0.02302282,0
img_03686_2024,0.0,0.011310758,0
img_03676_2024,0.0,0.0041311434,0
img_03693_2024,0.0,0.013334984,0
img_03695_2024,0.0,0.31100613,0
img_03678_p01_2024,0.0,0.015527968,0
img_03678_p02_2024,0.0,0.027174508,0
img_03694_2024,0.0,0.035076674,0
img_03696_2024,0.0,0.07094668,0
img_03697_2024,0.0,0.01422626,0
img_03701_2024,0.0,0.076172195,0
img_03644_p01_2024,0.0,0.012548415,0
img_03644_p02_2024,0.0,0.020656725,0
img_03644_p03_2024,0.0,0.004167775,0
img_03644_p04_2024,0.0,0.008589856,0
img_03674_p01_2024,0.0,0.01091578,0
img_03674_p02_2024,0.0,0.012411283,0
img_03705_2024,0.0,0.021636602,0
img_03703_2024,0.0,0.03613999,0
img_03698_2024,0.0,0.03893855,0
img_03707_2024,0.0,0.017785901,0
img_03699_2024,0.0,0.54653347,0
img_03706_2024,0.0,0.014777189,0
img_03700_2024,0.0,0.011393041,0
img_03710_2024,0.0,0.11779547,0
img_03704_2024,0.0,0.0069337883,0
img_03712_2024,0.0,0.010198879,0
img_03506_p01_2024,0.0,0.025605127,0
img_03506_p02_2024,0.0,0.018535357,0
img_03506_p03_2024,0.0,0.01079453,0
img_03506_p04_2024,0.0,0.0140235005,0
img_03506_p05_2024,0.0,0.013109738,0
img_03506_p06_2024,0.0,0.017014781,0
img_03506_p07_2024,0.0,0.027731946,0
img_03506_p08_2024,0.0,0.011928061,0
img_03506_p09_2024,0.0,0.024093265,0
img_03708_2024,0.0,0.013777135,0
img_03702_2024,0.0,0.6082736,0
img_03711_2024,0.0,0.00789197,0
img_03682_p01_2024,0.0,0.031921554,0
img_03682_p02_2024,0.0,0.053043447,0
img_03713_2024,0.0,0.036512066,0
img_03709_2024,0.0,0.29504132,0
img_03715_2024,0.0,0.02162517,0
img_03720_2024,0.0,0.20434746,0
img_03718_2024,0.0,0.003884853,0
img_03717_2024,0.0,0.022211336,0
img_03723_2024,0.0,0.02420705,0
img_03726_2024,0.0,0.7955711,0
img_03721_2024,0.0,0.2371517,0
img_03729_2024,0.0,0.040839314,0
img_03728_2024,0.0,0.021599028,0
img_03731_2024,0.0,0.009363473,0
img_03725_2024,0.0,0.040968336,0
img_03733_2024,0.0,0.024529641,0
img_03738_2024,0.0,0.041435156,0
img_03735_2024,0.0,0.080555476,0
img_03732_2024,0.0,0.013845069,0
img_03724_2024,0.0,0.020321166,0
img_03739_2024,0.0,0.004491724,0
img_03737_2024,0.0,0.30053642,0
img_03740_2024,0.0,0.06671743,0
img_03727_2024,0.0,0.013056526,0
img_03716_2024,0.0,0.36686075,0
img_03741_2024,0.0,0.004384651,0
img_03736_2024,0.0,0.027562175,0
img_03745_2024,0.0,0.0079931,0
img_03719_2024,0.0,0.14895546,0
img_03742_2024,0.0,0.012218503,0
img_03744_2024,0.0,0.0062487586,0
img_03722_2024,0.0,0.021622265,0
img_03747_2024,0.0,0.015241543,0
img_03743_2024,0.0,0.133532,0
img_03746_2024,0.0,0.012705633,0
img_03749_2024,0.0,0.037205428,0
img_03748_2024,0.0,0.027507534,0
img_03734_p01_2024,0.0,0.11548619,0
img_03734_p02_2024,0.0,0.03744201,0
img_03758_2024,0.0,0.16861849,0
img_03752_2024,0.0,0.019695196,0
img_03751_2024,0.0,0.006744776,0
img_03756_2024,0.0,0.04920714,0
img_03750_2024,0.0,0.015782781,0
img_03757_2024,0.0,0.05143092,0
img_03759_2024,0.0,0.0651897,0
img_03760_2024,0.0,0.037988793,0
img_03753_2024,0.0,0.10356289,0
img_03754_2024,0.0,0.01950817,0
img_03764_2024,0.0,0.104068354,0
img_03761_2024,0.0,0.05594189,0
img_03765_2024,0.0,0.04589071,0
img_03768_2024,0.0,0.46657315,0
img_03769_2024,0.0,0.015713952,0
img_03755_2024,0.0,0.018574871,0
img_03774_2024,0.0,0.004333926,0
img_03766_2024,0.0,0.027324537,0
img_03762_2024,0.0,0.89175415,0
img_03773_2024,0.0,0.0150119485,0
img_03772_2024,0.0,0.024894755,0
img_03776_2024,0.0,0.8463229,0
img_03763_2024,0.0,0.040741764,0
img_03775_2024,0.0,0.01627388,0
img_03770_2024,0.0,0.17776182,0
img_03777_2024,0.0,0.2758504,0
img_03767_2024,0.0,0.0029606475,0
img_03771_2024,0.0,0.1476346,0
img_03781_2024,0.0,0.12968348,0
img_03780_2024,0.0,0.024652507,0
img_03779_2024,0.0,0.01760159,0
img_03784_2024,0.0,0.16169408,0
img_03782_2024,0.0,0.016237853,0
img_03786_2024,0.0,0.005487128,0
img_03788_2024,0.0,0.091245204,0
img_03789_2024,0.0,0.33483487,0
img_03787_2024,0.0,0.9841844,1
img_03785_2024,0.0,0.0012232574,0
img_03790_2024,0.0,0.030933455,0
img_03791_2024,0.0,0.0017024546,0
img_03793_2024,0.0,0.032726876,0
img_03792_2024,0.0,0.0037565574,0
img_03797_2024,0.0,0.008613411,0
img_03796_2024,0.0,0.012575537,0
img_03794_2024,0.0,0.0346604,0
img_03799_2024,0.0,0.5705793,0
img_03783_2024,0.0,0.061738573,0
img_03798_2024,0.0,0.0029540088,0
img_03730_p01_2024,0.0,0.12789467,0
img_03730_p02_2024,0.0,0.10617044,0
img_03730_p03_2024,0.0,0.068593524,0
img_03730_p04_2024,0.0,0.015269985,0
img_03778_p01_2024,0.0,0.008423716,0
img_03778_p02_2024,0.0,0.013711775,0
img_03801_2024,0.0,0.7592043,0
img_03795_2024,0.0,0.02275118,0
img_03802_2024,0.0,0.09839163,0
img_03803_2024,0.0,0.009530225,0
img_03804_2024,0.0,0.17121759,0
img_03806_2024,0.0,0.0053373985,0
img_03805_2024,0.0,0.03093781,0
img_03808_2024,0.0,0.019959953,0
img_03809_2024,0.0,0.13468614,0
img_03807_2024,0.0,0.004554446,0
img_03810_2024,0.0,0.08975883,0
img_03812_2024,0.0,0.038056396,0
img_03815_2024,0.0,0.025269333,0
img_03811_2024,0.0,0.44744238,0
img_03816_2024,0.0,0.61584836,0
img_03817_2024,0.0,0.97753584,1
img_03814_2024,0.0,0.004840114,0
img_03818_2024,0.0,0.025797686,0
img_03819_2024,0.0,0.016732434,0
img_03813_2024,0.0,0.03349818,0
img_03824_2024,0.0,0.010744929,0
img_03823_2024,0.0,0.036097012,0
img_03822_2024,0.0,0.014580289,0
img_03826_2024,0.0,0.014852025,0
img_03825_2024,0.0,0.030519027,0
img_03828_2024,0.0,0.043239202,0
img_03830_2024,0.0,0.0073481486,0
img_03829_2024,0.0,0.011727912,0
img_03833_2024,0.0,0.21165247,0
img_03831_2024,0.0,0.06607809,0
img_03827_2024,0.0,0.040204067,0
img_03838_2024,0.0,0.24490604,0
img_03840_2024,0.0,0.99290645,1
img_03837_2024,0.0,0.025244925,0
img_03836_2024,0.0,0.019600686,0
img_03832_2024,0.0,0.01750661,0
img_03839_2024,0.0,0.11375318,0
img_03820_p01_2024,0.0,0.1638052,0
img_03820_p02_2024,0.0,0.04960276,0
img_03835_2024,0.0,0.22487092,0
img_03841_2024,0.0,0.0050495546,0
img_03842_2024,0.0,0.009882721,0
img_03846_2024,0.0,0.017782126,0
img_03847_2024,0.0,0.01274765,0
img_03849_2024,0.0,0.021846037,0
img_03845_2024,0.0,0.11778311,0
img_03848_2024,0.0,0.019349385,0
img_03850_2024,0.0,0.026812205,0
img_03852_2024,0.0,0.081299976,0
img_03858_2024,0.0,0.052192025,0
img_03853_2024,0.0,0.016847063,0
img_03855_2024,0.0,0.02490316,0
img_03854_2024,0.0,0.019796418,0
img_03800_p01_2024,0.0,0.007116873,0
img_03800_p02_2024,0.0,0.0040723043,0
img_03800_p03_2024,0.0,0.0073147835,0
img_03800_p04_2024,0.0,0.012567659,0
img_03860_2024,0.0,0.04397437,0
img_03851_2024,0.0,0.014794124,0
img_03857_2024,0.0,0.008357147,0
img_03843_2024,0.0,0.023922017,0
img_03844_p01_2024,0.0,0.023078574,0
img_03844_p02_2024,0.0,0.014222073,0
img_03856_2024,0.0,0.011176715,0
img_03861_2024,0.0,0.019504786,0
img_03863_2024,0.0,0.008805381,0
img_03862_2024,0.0,0.71585953,0
img_03859_2024,0.0,0.012727899,0
img_03865_2024,0.0,0.005830261,0
img_03871_2024,0.0,0.00809801,0
img_03870_2024,0.0,0.0077930265,0
img_03868_2024,0.0,0.1885589,0
img_03864_2024,0.0,0.0058993855,0
img_03867_2024,0.0,0.02722011,0
img_03872_2024,0.0,0.031494763,0
img_03869_2024,0.0,0.46349305,0
img_03866_2024,0.0,0.03558337,0
img_03875_2024,0.0,0.019933349,0
img_03874_2024,0.0,0.014411032,0
img_03873_2024,0.0,0.036065876,0
img_03876_2024,0.0,0.018562783,0
img_03877_2024,0.0,0.07436331,0
img_03821_p01_2024,0.0,0.0058789095,0
img_03821_p02_2024,0.0,0.030288482,0
img_03821_p03_2024,0.0,0.042636916,0
img_03821_p04_2024,0.0,0.039720513,0
img_03883_2024,0.0,0.81814754,0
img_03885_2024,0.0,0.025601108,0
img_03878_2024,0.0,0.014032429,0
img_03714_p01_2024,0.0,0.006816457,0
img_03714_p02_2024,0.0,0.058206845,0
img_03714_p03_2024,0.0,0.019236779,0
img_03714_p04_2024,0.0,0.019403124,0
img_03714_p05_2024,0.0,0.020681974,0
img_03714_p06_2024,0.0,0.026119137,0
img_03887_2024,0.0,0.002816038,0
img_03886_2024,0.0,0.018565869,0
img_03881_2024,0.0,0.14336875,0
img_03890_2024,0.0,0.02016227,0
img_03888_2024,0.0,0.06808061,0
img_03882_2024,0.0,0.01699029,0
img_03891_2024,0.0,0.32420594,0
img_03880_2024,0.0,0.058298238,0
img_03892_2024,0.0,0.018627035,0
img_03893_2024,0.0,0.017419944,0
img_03884_2024,0.0,0.008186872,0
img_03834_p01_2024,0.0,0.046823096,0
img_03834_p02_2024,0.0,0.24123704,0
img_03834_p03_2024,0.0,0.6104282,0
img_03834_p04_2024,0.0,0.050766934,0
img_03889_2024,0.0,0.047147088,0
img_03900_2024,0.0,0.016029276,0
img_03894_2024,0.0,0.009170023,0
img_03902_2024,0.0,0.19657972,0
img_03901_2024,0.0,0.14062905,0
img_03897_2024,0.0,0.11963309,0
img_03899_2024,0.0,0.1571016,0
img_03898_2024,0.0,0.013524759,0
img_03903_2024,0.0,0.017383542,0
img_03904_2024,0.0,0.45044678,0
img_03895_2024,0.0,0.21396649,0
img_03905_2024,0.0,0.017345626,0
img_03908_2024,0.0,0.013964976,0
img_03907_2024,0.0,0.13018495,0
img_03909_2024,0.0,0.061119802,0
img_03906_2024,0.0,0.030232668,0
img_03913_2024,0.0,0.012444267,0
img_03911_2024,0.0,0.21211901,0
img_03919_2024,0.0,0.039081015,0
img_03912_2024,0.0,0.471618,0
img_03916_2024,0.0,0.046039075,0
img_03910_2024,0.0,0.055675637,0
img_03920_2024,0.0,0.026884044,0
img_03915_2024,0.0,0.009963246,0
img_03914_2024,0.0,0.011974404,0
img_03923_2024,0.0,0.0047393865,0
img_03925_2024,0.0,0.25393012,0
img_03922_2024,0.0,0.027560983,0
img_03896_2024,0.0,0.0027000438,0
img_03924_2024,0.0,0.02255244,0
img_03928_2024,0.0,0.01980876,0
img_03926_2024,0.0,0.7263071,0
img_03929_2024,0.0,0.03889908,0
img_03927_2024,0.0,0.021369938,0
img_03931_2024,0.0,0.005516878,0
img_03921_2024,0.0,0.036933806,0
img_03918_2024,0.0,0.008257417,0
img_03932_2024,0.0,0.026753243,0
img_03937_2024,0.0,0.7938022,0
img_03936_2024,0.0,0.02375989,0
img_03939_2024,0.0,0.60893047,0
img_03934_2024,0.0,0.022151992,0
img_03933_2024,0.0,0.024669703,0
img_03941_2024,0.0,0.062096577,0
img_03935_2024,0.0,0.0037432094,0
img_03942_2024,0.0,0.44072932,0
img_03930_2024,0.0,0.020826494,0
img_03938_2024,0.0,0.18764707,0
img_03947_2024,0.0,0.00840667,0
img_03945_2024,0.0,0.014869727,0
img_03943_2024,0.0,0.017940799,0
img_03952_2024,0.0,0.041426264,0
img_03944_2024,0.0,0.024726227,0
img_03946_2024,0.0,0.011200803,0
img_03950_2024,0.0,0.037241288,0
img_03954_2024,0.0,0.07821449,0
img_03948_2024,0.0,0.0063818395,0
img_03951_2024,0.0,0.039577156,0
img_03949_2024,0.0,0.020294255,0
img_03940_2024,0.0,0.01972989,0
img_03953_2024,0.0,0.16859213,0
img_03957_2024,0.0,0.98442173,1
img_03917_p01_2024,0.0,0.13476439,0
img_03917_p02_2024,0.0,0.2912057,0
img_03963_2024,0.0,0.021942744,0
img_03964_2024,0.0,0.016564662,0
img_03961_2024,0.0,0.103461646,0
img_03965_2024,0.0,0.08336597,0
img_03962_2024,0.0,0.0051588886,0
img_03956_2024,0.0,0.014579411,0
img_03967_2024,0.0,0.47141117,0
img_03969_2024,0.0,0.04592778,0
img_03960_2024,0.0,0.12605987,0
img_03966_2024,0.0,0.027432794,0
img_03955_2024,0.0,0.06031562,0
img_03968_2024,0.0,0.19585684,0
img_03959_2024,0.0,0.008405276,0
img_03971_2024,0.0,0.027425569,0
img_03974_2024,0.0,0.010681909,0
img_03972_2024,0.0,0.04782495,0
img_03975_2024,0.0,0.0064200475,0
img_03973_2024,0.0,0.07517469,0
img_03980_2024,0.0,0.030655202,0
img_03978_2024,0.0,0.026195776,0
img_03976_2024,0.0,0.0011454072,0
img_03984_2024,0.0,0.009769259,0
img_03977_2024,0.0,0.015640143,0
img_03981_2024,0.0,0.047559634,0
img_03982_2024,0.0,0.059258062,0
img_03979_2024,0.0,0.086513996,0
img_03970_2024,0.0,0.029832851,0
img_03986_2024,0.0,0.0072506606,0
img_03987_2024,0.0,0.01604007,0
img_03988_2024,0.0,0.036147427,0
img_03985_2024,0.0,0.18964438,0
img_03958_p01_2024,0.0,0.016352382,0
img_03958_p02_2024,0.0,0.008566618,0
img_03994_2024,0.0,0.1112849,0
img_03992_2024,0.0,0.09229151,0
img_03995_2024,0.0,0.044880986,0
img_03997_2024,0.0,0.09580026,0
img_04003_2024,0.0,0.0056169755,0
img_03993_2024,0.0,0.34538743,0
img_04000_2024,0.0,0.11313836,0
img_04001_2024,0.0,0.021610597,0
img_03998_2024,0.0,0.04423252,0
img_03991_2024,0.0,0.052976668,0
img_04002_2024,0.0,0.3784705,0
img_03999_2024,0.0,0.034491263,0
img_04004_2024,0.0,0.0062778555,0
img_04006_2024,0.0,0.008368364,0
img_04007_2024,0.0,0.0052093975,0
img_04005_2024,0.0,0.0051496164,0
img_04010_2024,0.0,0.8380641,0
img_04013_2024,0.0,0.0719825,0
img_04014_2024,0.0,0.014103286,0
img_04015_2024,0.0,0.032463722,0
img_04008_2024,0.0,0.06713895,0
img_03990_p01_2024,0.0,0.015097408,0
img_03990_p02_2024,0.0,0.0055886456,0
img_04018_2024,0.0,0.124348715,0
img_04016_2024,0.0,0.010303899,0
img_04011_2024,0.0,0.07297232,0
img_04009_2024,0.0,0.017478501,0
img_04020_2024,0.0,0.1571661,0
img_04022_2024,0.0,0.0919843,0
img_04019_2024,0.0,0.035948984,0
img_04025_2024,0.0,0.035477277,0
img_04017_2024,0.0,0.01999813,0
img_04024_2024,0.0,0.01151006,0
img_04021_2024,0.0,0.067139484,0
img_04029_2024,0.0,0.0054937797,0
img_04028_2024,0.0,0.020482358,0
img_04026_2024,0.0,0.03818683,0
img_04030_2024,0.0,0.07266761,0
img_04023_2024,0.0,0.06799854,0
img_04031_2024,0.0,0.0074691675,0
img_04012_p01_2024,0.0,0.008048925,0
img_04012_p02_2024,0.0,0.0349377,0
img_04032_2024,0.0,0.112010285,0
img_04036_2024,0.0,0.013994621,0
img_04033_2024,0.0,0.06117785,0
img_04037_2024,0.0,0.04116635,0
img_04035_2024,0.0,0.07267604,0
img_04027_2024,0.0,0.01242909,0
img_04039_2024,0.0,0.034914825,0
img_04038_2024,0.0,0.09184768,0
img_04043_2024,0.0,0.016135145,0
img_04040_2024,0.0,0.02162781,0
img_04042_2024,0.0,0.053691518,0
img_04044_2024,0.0,0.040175978,0
img_04046_2024,0.0,0.108050324,0
img_03879_p01_2024,0.0,0.012017717,0
img_03879_p02_2024,0.0,0.012720397,0
img_03879_p03_2024,0.0,0.019381123,0
img_03879_p04_2024,0.0,0.022831911,0
img_03879_p05_2024,0.0,0.01170169,0
img_03879_p06_2024,0.0,0.037799604,0
img_04045_2024,0.0,0.026776765,0
img_04047_2024,0.0,0.009979559,0
img_04048_2024,0.0,0.1280603,0
img_04050_2024,0.0,0.041243393,0
img_04054_2024,0.0,0.013618743,0
img_04049_2024,0.0,0.0046352902,0
img_04051_2024,0.0,0.030921232,0
img_04053_2024,0.0,0.0040553524,0
img_04057_2024,0.0,0.007150738,0
img_04052_2024,0.0,0.13025792,0
img_04056_2024,0.0,0.02872693,0
img_04055_2024,0.0,0.01290343,0
img_04058_2024,0.0,0.021684036,0
img_04059_2024,0.0,0.010528085,0
img_03996_p01_2024,0.0,0.009501833,0
img_03996_p02_2024,0.0,0.0147363935,0
img_03996_p03_2024,0.0,0.039464246,0
img_03996_p04_2024,0.0,0.015486227,0
img_04062_2024,0.0,0.012067085,0
img_04061_2024,0.0,0.04516224,0
img_04063_2024,0.0,0.014197076,0
img_04066_2024,0.0,0.0063778684,0
img_04065_2024,0.0,0.026023988,0
img_04067_2024,0.0,0.058083393,0
img_04064_2024,0.0,0.014379421,0
img_04070_2024,0.0,0.19808736,0
img_04072_2024,0.0,0.112227485,0
img_04073_2024,0.0,0.022873918,0
img_04075_2024,0.0,0.037973426,0
img_03983_p01_2024,0.0,0.022887504,0
img_03983_p02_2024,0.0,0.018450562,0
img_03983_p03_2024,0.0,0.02261807,0
img_03983_p04_2024,0.0,0.01639241,0
img_04071_2024,0.0,0.014234304,0
img_04074_2024,0.0,0.006034178,0
img_04077_2024,0.0,0.10191742,0
img_04068_2024,0.0,0.0015277691,0
img_04069_2024,0.0,0.39033931,0
img_04076_2024,0.0,0.024302194,0
img_04082_2024,0.0,0.058020674,0
img_04078_2024,0.0,0.052390855,0
img_04086_2024,0.0,0.021111991,0
img_04081_2024,0.0,0.13426222,0
img_04087_2024,0.0,0.0128080575,0
img_04079_2024,0.0,0.020650448,0
img_04085_2024,0.0,0.007892011,0
img_04080_2024,0.0,0.52274567,0
img_04089_2024,0.0,0.28372127,0
img_04088_2024,0.0,0.012510667,0
img_04083_2024,0.0,0.007495108,0
img_04084_2024,0.0,0.1500223,0
img_04090_2024,0.0,0.18649624,0
img_04092_2024,0.0,0.010638171,0
img_04091_2024,0.0,0.0012502536,0
img_04094_2024,0.0,0.0066462555,0
img_04093_2024,0.0,0.036433317,0
img_04096_2024,0.0,0.02754898,0
img_04095_2024,0.0,0.004457459,0
img_04098_2024,0.0,0.03379305,0
img_04097_2024,0.0,0.024747666,0
img_04099_2024,0.0,0.018448055,0
img_04101_2024,0.0,0.081176154,0
img_04104_2024,0.0,0.02222817,0
img_04103_2024,0.0,0.023736905,0
img_04105_2024,0.0,0.12180483,0
img_04107_2024,0.0,0.20584396,0
img_04102_2024,0.0,0.10466578,0
img_04106_2024,0.0,0.07830514,0
img_04109_2024,0.0,0.03792532,0
img_04111_2024,0.0,0.014834791,0
img_04108_2024,0.0,0.0009635213,0
img_04113_2024,0.0,0.0071915956,0
img_04112_2024,0.0,0.11685648,0
img_04110_2024,0.0,0.023467913,0
img_04115_2024,0.0,0.054273933,0
img_04116_2024,0.0,0.0047087274,0
img_03989_p01_2024,0.0,0.03025173,0
img_03989_p02_2024,0.0,0.0042460402,0
img_03989_p03_2024,0.0,0.008518766,0
img_03989_p04_2024,0.0,0.009377947,0
img_03989_p05_2024,0.0,0.041320898,0
img_03989_p06_2024,0.0,0.005633692,0
img_03989_p07_2024,0.0,0.008332387,0
img_04121_2024,0.0,0.028135553,0
img_04120_2024,0.0,0.075618885,0
img_04123_2024,0.0,0.054221235,0
img_04124_2024,0.0,0.015481087,0
img_04118_2024,0.0,0.029200021,0
img_04114_2024,0.0,0.042495072,0
img_04117_2024,0.0,0.004894337,0
img_04128_2024,0.0,0.023946187,0
img_04125_2024,0.0,0.022468757,0
img_04132_2024,0.0,0.038893323,0
img_04126_2024,0.0,0.046316396,0
img_04119_2024,0.0,0.008998918,0
img_04041_p01_2024,0.0,0.008221235,0
img_04041_p02_2024,0.0,0.0026215953,0
img_04041_p03_2024,0.0,0.027575124,0
img_04041_p04_2024,0.0,0.27367383,0
img_04041_p05_2024,0.0,0.05691711,0
img_04138_2024,0.0,0.19518438,0
img_04133_2024,0.0,0.008767981,0
img_04127_2024,0.0,0.9708699,1
img_04131_2024,0.0,0.06418943,0
img_04139_2024,0.0,0.004586473,0
img_04135_2024,0.0,0.012363474,0
img_04146_2024,0.0,0.024080079,0
img_04147_2024,0.0,0.029083896,0
img_04136_2024,0.0,0.011129737,0
img_04141_2024,0.0,0.016446063,0
img_04143_2024,0.0,0.008500224,0
img_04129_2024,0.0,0.023013514,0
img_04144_2024,0.0,0.014578378,0
img_04134_2024,0.0,0.047926925,0
img_04145_2024,0.0,0.1891731,0
img_04152_2024,0.0,0.1883148,0
img_04137_2024,0.0,0.020561477,0
img_04150_2024,0.0,0.020326432,0
img_04151_2024,0.0,0.027831424,0
img_04130_2024,0.0,0.022174347,0
img_04149_2024,0.0,0.009252389,0
img_04157_2024,0.0,0.011381715,0
img_04155_2024,0.0,0.0853453,0
img_04100_p01_2024,0.0,0.0055238917,0
img_04100_p02_2024,0.0,0.01417915,0
img_04148_2024,0.0,0.029731754,0
img_04142_2024,0.0,0.5672666,0
img_04153_2024,0.0,0.006334877,0
img_04159_2024,0.0,0.0065818196,0
img_04122_p01_2024,0.0,0.042551037,0
img_04122_p02_2024,0.0,0.0910926,0
img_04122_p03_2024,0.0,0.022006836,0
img_04154_2024,0.0,0.018728612,0
img_04158_2024,0.0,0.015352565,0
img_04140_2024,0.0,0.016954899,0
img_04160_2024,0.0,0.0026511955,0
img_04156_2024,0.0,0.14616483,0
img_04165_2024,0.0,0.1189787,0
img_04162_2024,0.0,0.02640878,0
img_04168_2024,0.0,0.015212786,0
img_04169_2024,0.0,0.16334988,0
img_04166_2024,0.0,0.029441604,0
img_04161_2024,0.0,0.08269857,0
img_04167_2024,0.0,0.008915884,0
img_04170_2024,0.0,0.030576494,0
img_04171_2024,0.0,0.024200402,0
img_04163_2024,0.0,0.11797458,0
img_04164_2024,0.0,0.3161351,0
img_04172_2024,0.0,0.05803874,0
img_04179_2024,0.0,0.15658703,0
img_04175_2024,0.0,0.017327467,0
img_04185_2024,0.0,0.004951372,0
img_04180_2024,0.0,0.0047095013,0
img_04184_2024,0.0,0.5420508,0
img_04186_2024,0.0,0.0021463095,0
img_04181_2024,0.0,0.02549402,0
img_04187_2024,0.0,0.0013335842,0
img_04178_2024,0.0,0.0029385944,0
img_04188_2024,0.0,0.022173565,0
img_04173_2024,0.0,0.0038462114,0
img_04183_2024,0.0,0.1068269,0
img_04174_2024,0.0,0.066800006,0
img_04182_2024,0.0,0.0123083275,0
img_04191_2024,0.0,0.021498736,0
img_04189_2024,0.0,0.040702865,0
img_04193_2024,0.0,0.076090865,0
img_04177_2024,0.0,0.0030413573,0
img_04190_2024,0.0,0.43799335,0
img_04196_2024,0.0,0.05464534,0
img_04034_p01_2024,0.0,0.024141116,0
img_04034_p02_2024,0.0,0.012478158,0
img_04034_p03_2024,0.0,0.0028503803,0
img_04034_p04_2024,0.0,0.006044709,0
img_04034_p05_2024,0.0,0.006764316,0
img_04034_p06_2024,0.0,0.014493379,0
img_04192_2024,0.0,0.046323262,0
img_04195_2024,0.0,0.015280989,0
img_04197_2024,0.0,0.44222274,0
img_04204_2024,0.0,0.059265025,0
img_04203_2024,0.0,0.116914615,0
img_04211_2024,0.0,0.005622057,0
img_04205_2024,0.0,0.18941835,0
img_04208_2024,0.0,0.04599596,0
img_04207_2024,0.0,0.22940907,0
img_04212_2024,0.0,0.12973087,0
img_04206_2024,0.0,0.056529753,0
img_04198_2024,0.0,0.012155913,0
img_04214_2024,0.0,0.13403954,0
img_04209_2024,0.0,0.007264881,0
img_04200_2024,0.0,0.07057009,0
img_04213_2024,0.0,0.103263974,0
img_04194_2024,0.0,0.29524988,0
img_04210_2024,0.0,0.36084685,0
img_04216_2024,0.0,0.4545409,0
img_04199_2024,0.0,0.0138750225,0
img_04215_2024,0.0,0.08259485,0
img_04217_2024,0.0,0.06197945,0
img_04218_2024,0.0,0.041616663,0
img_04201_2024,0.0,0.015232908,0
img_04223_2024,0.0,0.22555149,0
img_04219_2024,0.0,0.012629949,0
img_04176_2024,0.0,0.023135995,0
img_04221_2024,0.0,0.009958869,0
img_04222_2024,0.0,0.0050735455,0
img_04220_2024,0.0,0.3694319,0
img_04227_2024,0.0,0.011531556,0
img_04225_2024,0.0,0.00474065,0
img_04228_2024,0.0,0.005815615,0
img_04202_2024,0.0,0.010042111,0
img_04231_2024,0.0,0.120027505,0
img_04226_2024,0.0,0.008660551,0
img_04232_2024,0.0,0.03784181,0
img_04230_2024,0.0,0.027833635,0
img_04234_2024,0.0,0.019629292,0
img_04229_2024,0.0,0.24816594,0
img_04224_2024,0.0,0.02758654,0
img_04233_2024,0.0,0.07464267,0
img_04235_2024,0.0,0.051262118,0
img_04238_2024,0.0,0.018133534,0
img_04242_2024,0.0,0.015503931,0
img_04236_2024,0.0,0.009504153,0
img_04254_2024,0.0,0.012492193,0
img_04250_2024,0.0,0.039346613,0
img_04246_2024,0.0,0.0151241105,0
img_04249_2024,0.0,0.012753136,0
img_04247_2024,0.0,0.29913664,0
img_04243_2024,0.0,0.07297813,0
img_04240_2024,0.0,0.04405359,0
img_04252_2024,0.0,0.04333242,0
img_04245_2024,0.0,0.016607618,0
img_04239_2024,0.0,0.1494537,0
img_04241_2024,0.0,0.080235936,0
img_04251_2024,0.0,0.06842074,0
img_04257_2024,0.0,0.004673025,0
img_04256_2024,0.0,0.915023,0
img_04244_2024,0.0,0.9223118,1
img_04253_2024,0.0,0.055291377,0
img_04255_2024,0.0,0.4492491,0
img_04248_2024,0.0,0.012214014,0
img_04259_2024,0.0,0.015796844,0
img_04258_2024,0.0,0.021390263,0
img_04266_2024,0.0,0.016563376,0
img_04260_2024,0.0,0.4058079,0
img_04267_2024,0.0,0.02648395,0
img_04268_2024,0.0,0.1380733,0
img_04265_2024,0.0,0.0012075866,0
img_04271_2024,0.0,0.18121848,0
img_04264_2024,0.0,0.10390969,0
img_04272_2024,0.0,0.005833133,0
img_04276_2024,0.0,0.036818292,0
img_04274_2024,0.0,0.030348072,0
img_04262_2024,0.0,0.053322356,0
img_04275_2024,0.0,0.030664837,0
img_04270_2024,0.0,0.014929439,0
img_04277_2024,0.0,0.0038604215,0
img_04261_2024,0.0,0.14787067,0
img_04278_2024,0.0,0.30838764,0
img_04263_2024,0.0,0.09151179,0
img_04281_2024,0.0,0.192148,0
img_04282_2024,0.0,0.14291023,0
img_04283_2024,0.0,0.0025327604,0
img_04292_2024,0.0,0.075179294,0
img_04273_2024,0.0,0.012663369,0
img_04279_2024,0.0,0.022597287,0
img_04289_2024,0.0,0.708385,0
img_04287_2024,0.0,0.20994112,0
img_04290_2024,0.0,0.03325185,0
img_04288_2024,0.0,0.092204235,0
img_04284_2024,0.0,0.01919024,0
img_04285_2024,0.0,0.1305681,0
img_04291_2024,0.0,0.016726945,0
img_04293_2024,0.0,0.21668234,0
img_04286_2024,0.0,0.10994414,0
img_04294_2024,0.0,0.067512035,0
img_04299_2024,0.0,0.030223155,0
img_04280_2024,0.0,0.10835968,0
img_04295_2024,0.0,0.17120957,0
img_04307_2024,0.0,0.021860696,0
img_04302_2024,0.0,0.010291332,0
img_04309_2024,0.0,0.3575477,0
img_04305_2024,0.0,0.77962214,0
img_04297_2024,0.0,0.15519387,0
img_04306_2024,0.0,0.0018510427,0
img_04303_2024,0.0,0.016104782,0
img_04301_2024,0.0,0.0022626806,0
img_04304_2024,0.0,0.25432572,0
img_04300_2024,0.0,0.024967972,0
img_04298_2024,0.0,0.01142354,0
img_04313_2024,0.0,0.00025565687,0
img_04311_2024,0.0,0.032283418,0
img_04296_p01_2024,0.0,0.0416651,0
img_04296_p02_2024,0.0,0.12969653,0
img_04317_2024,0.0,0.11033491,0
img_04320_2024,0.0,0.008267183,0
img_04318_2024,0.0,0.012797979,0
img_04314_2024,0.0,0.02152016,0
img_04312_2024,0.0,0.7076963,0
img_04237_p01_2024,0.0,0.002275927,0
img_04237_p02_2024,0.0,0.004507848,0
img_04237_p03_2024,0.0,0.0049739913,0
img_04237_p04_2024,0.0,0.029277956,0
img_04322_2024,0.0,0.05646234,0
img_04315_2024,0.0,0.005924129,0
img_04323_2024,0.0,0.0038536326,0
img_04321_2024,0.0,0.22043005,0
img_04327_2024,0.0,0.24125853,0
img_04328_2024,0.0,0.18239453,0
img_04324_2024,0.0,0.7349331,0
img_04329_2024,0.0,0.084441245,0
img_04326_2024,0.0,0.56825256,0
img_04331_2024,0.0,0.0038732055,0
img_04330_2024,0.0,0.103622094,0
img_04325_2024,0.0,0.48750275,0
img_04333_2024,0.0,0.74344665,0
img_04332_2024,0.0,0.024046186,0
img_04334_2024,0.0,0.002157873,0
img_04316_p01_2024,0.0,0.0041418085,0
img_04316_p02_2024,0.0,0.0039178715,0
img_04338_2024,0.0,0.012098119,0
img_04336_2024,0.0,0.1681874,0
img_04342_2024,0.0,0.007568977,0
img_04341_2024,0.0,0.023663227,0
img_04345_2024,0.0,0.03750505,0
img_04339_2024,0.0,0.694205,0
img_04344_2024,0.0,0.053992964,0
img_04335_2024,0.0,0.0030760537,0
img_04348_2024,0.0,0.012967114,0
img_04349_2024,0.0,0.057671845,0
img_04343_2024,0.0,0.0040790644,0
img_04350_2024,0.0,0.21645883,0
img_04352_2024,0.0,0.017009804,0
img_04346_2024,0.0,0.06620866,0
img_04353_2024,0.0,0.011666705,0
img_04358_2024,0.0,0.029768039,0
img_04355_2024,0.0,0.029209182,0
img_04308_p01_2024,0.0,0.020479525,0
img_04308_p02_2024,0.0,0.03681477,0
img_04308_p03_2024,0.0,0.008832084,0
img_04308_p04_2024,0.0,0.012682056,0
img_04354_2024,0.0,0.09524804,0
img_04356_2024,0.0,0.13880369,0
img_04359_2024,0.0,0.5245201,0
img_04357_2024,0.0,0.37205556,0
img_04351_2024,0.0,0.02243397,0
img_04362_2024,0.0,0.58933914,0
img_04360_2024,0.0,0.039436042,0
img_04361_2024,0.0,0.010364288,0
img_04364_2024,0.0,0.27488416,0
img_04363_2024,0.0,0.27699572,0
img_04366_2024,0.0,0.041044243,0
img_04369_2024,0.0,0.0017584104,0
img_04368_2024,0.0,0.005276694,0
img_04371_2024,0.0,0.24130261,0
img_04367_2024,0.0,0.02012819,0
img_04319_p01_2024,0.0,0.019465793,0
img_04319_p02_2024,0.0,0.03065511,0
img_04319_p03_2024,0.0,0.15535241,0
img_04319_p04_2024,0.0,0.13044834,0
img_04372_2024,0.0,0.19544148,0
img_04374_2024,0.0,0.040878914,0
img_04370_2024,0.0,0.042868465,0
img_04375_2024,0.0,0.15250541,0
img_04380_2024,0.0,0.030613497,0
img_04379_2024,0.0,0.0054536248,0
img_04377_2024,0.0,0.16297151,0
img_04376_2024,0.0,0.0018223232,0
img_04373_2024,0.0,0.0027547053,0
img_04381_2024,0.0,0.17059882,0
img_04385_2024,0.0,0.045533113,0
img_04382_2024,0.0,0.48570102,0
img_04387_2024,0.0,0.4689855,0
img_04386_2024,0.0,0.056265652,0
img_04388_2024,0.0,0.050871223,0
img_04393_2024,0.0,0.009767729,0
img_04389_2024,0.0,0.060991906,0
img_04390_2024,0.0,0.15187332,0
img_04392_2024,0.0,0.050038368,0
img_04391_2024,0.0,0.030744558,0
img_04394_2024,0.0,0.9051054,0
img_04384_2024,0.0,0.081404224,0
img_04397_2024,0.0,0.0073430254,0
img_04395_2024,0.0,0.21282041,0
img_04398_2024,0.0,0.010645704,0
img_04400_2024,0.0,0.009609109,0
img_04378_p01_2024,0.0,0.0070724697,0
img_04378_p02_2024,0.0,0.020432742,0
img_04399_2024,0.0,0.02342051,0
img_04401_2024,0.0,0.016663324,0
img_04402_2024,0.0,0.10682509,0
img_04404_2024,0.0,0.0018070849,0
img_04347_p01_2024,0.0,0.25381804,0
img_04347_p02_2024,0.0,0.21053433,0
img_04347_p03_2024,0.0,0.028432023,0
img_04347_p04_2024,0.0,0.0235291,0
img_04383_p01_2024,0.0,0.07379733,0
img_04383_p02_2024,0.0,0.036271878,0
img_04406_2024,0.0,0.015347786,0
img_04403_2024,0.0,0.04821711,0
img_04405_2024,0.0,0.036645927,0
img_04409_2024,0.0,0.20555036,0
img_04410_2024,0.0,0.010875314,0
img_04412_2024,0.0,0.090675116,0
img_04408_2024,0.0,0.13883516,0
img_04413_2024,0.0,0.09561151,0
img_04415_2024,0.0,0.38166213,0
img_04414_2024,0.0,0.05533429,0
img_04407_2024,0.0,0.0027351244,0
img_04416_2024,0.0,0.010726915,0
img_04365_p01_2024,0.0,0.8046438,0
img_04365_p02_2024,0.0,0.725098,0
img_04365_p03_2024,0.0,0.83192,0
img_04365_p04_2024,0.0,0.17926705,0
img_04419_2024,0.0,0.10096942,0
img_04411_2024,0.0,0.0034861225,0
img_04418_2024,0.0,0.050937485,0
img_04417_2024,0.0,0.032662954,0
img_04269_p01_2024,0.0,0.0565538,0
img_04269_p02_2024,0.0,0.021579819,0
img_04269_p03_2024,0.0,0.026714247,0
img_04269_p04_2024,0.0,0.07937503,0
img_04269_p05_2024,0.0,0.042594194,0
img_04269_p06_2024,0.0,0.091899574,0
img_04269_p07_2024,0.0,0.017305147,0
img_04269_p08_2024,0.0,0.01999852,0
img_04420_2024,0.0,0.0047160187,0
img_04421_2024,0.0,0.027819693,0
img_04426_2024,0.0,0.002132563,0
img_04423_2024,0.0,0.024604464,0
img_04396_p01_2024,0.0,0.09904632,0
img_04396_p02_2024,0.0,0.11760987,0
img_04429_2024,0.0,0.04556555,0
img_04340_p01_2024,0.0,0.22345665,0
img_04340_p02_2024,0.0,0.088842876,0
img_04340_p03_2024,0.0,0.44417277,0
img_04340_p04_2024,0.0,0.25905508,0
img_04340_p05_2024,0.0,0.14189826,0
img_04340_p06_2024,0.0,0.056207817,0
img_04425_2024,0.0,0.6572451,0
img_04430_2024,0.0,0.039056987,0
img_04432_2024,0.0,0.26932538,0
img_04433_2024,0.0,0.00363478,0
img_04427_2024,0.0,0.09516003,0
img_04435_2024,0.0,0.051037215,0
img_04434_2024,0.0,0.25947866,0
img_04422_2024,0.0,0.049927585,0
img_04436_2024,0.0,0.16859241,0
img_04438_2024,0.0,0.048739117,0
img_04441_2024,0.0,0.021952266,0
img_04437_2024,0.0,0.082680024,0
img_04439_2024,0.0,0.0073031522,0
img_04440_2024,0.0,0.056939233,0
img_04442_2024,0.0,0.08125623,0
img_04446_2024,0.0,0.06741997,0
img_04445_2024,0.0,0.032360557,0
img_04444_2024,0.0,0.0009063341,0
img_04431_2024,0.0,0.016348572,0
img_04447_2024,0.0,0.9864729,1
img_04448_2024,0.0,0.0763755,0
img_04451_2024,0.0,0.0038313312,0
img_04443_2024,0.0,0.11416431,0
img_04449_2024,0.0,0.052211158,0
img_04454_2024,0.0,0.08810093,0
img_04450_2024,0.0,0.038985908,0
img_04457_2024,0.0,0.10070217,0
img_04458_2024,0.0,0.36149395,0
img_04453_2024,0.0,0.09501267,0
img_04455_2024,0.0,0.109116055,0
img_04459_2024,0.0,0.011933228,0
img_04452_2024,0.0,0.13061675,0
img_04456_2024,0.0,0.028315734,0
img_04463_2024,0.0,0.014702345,0
img_04465_2024,0.0,0.024128225,0
img_04460_2024,0.0,0.019125823,0
img_04462_2024,0.0,0.08329471,0
img_04428_p01_2024,0.0,0.11270169,0
img_04428_p02_2024,0.0,0.26606417,0
img_04428_p03_2024,0.0,0.10690434,0
img_04467_2024,0.0,0.02244544,0
img_04468_2024,0.0,0.006524306,0
img_04466_2024,0.0,0.45352307,0
img_04471_2024,0.0,0.61069566,0
img_04469_2024,0.0,0.018587274,0
img_04475_2024,0.0,0.01361071,0
img_04461_2024,0.0,0.0033146522,0
img_04474_2024,0.0,0.0030982848,0
img_04476_2024,0.0,0.052154332,0
img_04473_2024,0.0,0.12540318,0
img_04470_2024,0.0,0.0055815605,0
img_04479_2024,0.0,0.115002856,0
img_04480_2024,0.0,0.20924732,0
img_04482_2024,0.0,0.058924276,0
img_04483_2024,0.0,0.06985887,0
img_04478_2024,0.0,0.004065029,0
img_04477_2024,0.0,0.19410314,0
img_04481_2024,0.0,0.004151102,0
img_04484_2024,0.0,0.17682064,0
img_04485_2024,0.0,0.066373244,0
img_04486_2024,0.0,0.11243601,0
img_04487_2024,0.0,0.043631196,0
img_04489_2024,0.0,0.019614933,0
img_04464_p01_2024,0.0,0.013877677,0
img_04464_p02_2024,0.0,0.37883478,0
img_04488_2024,0.0,0.020557614,0
img_04490_2024,0.0,0.08841521,0
img_04491_2024,0.0,0.0056378334,0
img_04493_2024,0.0,0.033083737,0
img_04496_2024,0.0,0.0028828843,0
img_04495_2024,0.0,0.011417662,0
img_04492_2024,0.0,0.16890503,0
img_04505_2024,0.0,0.27571315,0
img_04497_2024,0.0,0.010904444,0
img_04500_2024,0.0,0.0044119232,0
img_04498_2024,0.0,0.015264546,0
img_04494_2024,0.0,0.3947246,0
img_04502_2024,0.0,0.084879145,0
img_04504_2024,0.0,0.07275814,0
img_04506_2024,0.0,0.014637311,0
img_04508_2024,0.0,0.9002169,0
img_04503_2024,0.0,0.15738836,0
img_04515_2024,0.0,0.34092882,0
img_04507_2024,0.0,0.14809124,0
img_04516_2024,0.0,0.0072765276,0
img_04511_2024,0.0,0.031674586,0
img_04518_2024,0.0,0.030389767,0
img_04512_2024,0.0,0.031642072,0
img_04514_2024,0.0,0.013474613,0
img_04513_2024,0.0,0.01422629,0
img_04509_2024,0.0,0.0357441,0
img_04424_p01_2024,0.0,0.08917355,0
img_04424_p02_2024,0.0,0.07290344,0
img_04424_p03_2024,0.0,0.21349363,0
img_04424_p04_2024,0.0,0.051801167,0
img_04510_2024,0.0,0.14691147,0
img_04517_2024,0.0,0.0858333,0
img_04521_2024,0.0,0.14863789,0
img_04519_2024,0.0,0.0519593,0
img_04523_2024,0.0,0.011055164,0
img_04526_2024,0.0,0.99602854,1
img_04524_2024,0.0,0.07959268,0
img_04527_2024,0.0,0.015315719,0
img_04499_2024,0.0,0.019743238,0
img_04529_2024,0.0,0.005218343,0
img_04534_2024,0.0,0.09876807,0
img_04531_2024,0.0,0.21917935,0
img_04537_2024,0.0,0.64392734,0
img_04501_2024,0.0,0.0284978,0
img_04532_2024,0.0,0.34912664,0
img_04536_2024,0.0,0.07855193,0
img_04535_2024,0.0,0.039905183,0
img_04540_2024,0.0,0.11481478,0
img_04530_2024,0.0,0.08104582,0
img_04538_2024,0.0,0.031523068,0
img_04539_2024,0.0,0.09111436,0
img_04310_p01_2024,0.0,0.00097333564,0
img_04310_p02_2024,0.0,0.004389039,0
img_04310_p03_2024,0.0,0.0017459795,0
img_04310_p04_2024,0.0,0.008109143,0
img_04310_p05_2024,0.0,0.022178877,0
img_04310_p06_2024,0.0,0.34235805,0
img_04310_p07_2024,0.0,0.03737604,0
img_04310_p08_2024,0.0,0.19123015,0
img_04310_p09_2024,0.0,0.031219875,0
img_04310_p10_2024,0.0,0.020015385,0
img_04310_p11_2024,0.0,0.040572442,0
img_04310_p12_2024,0.0,0.36513892,0
img_04310_p14_2024,0.0,0.21184142,0
img_04543_2024,0.0,0.06489434,0
img_04545_2024,0.0,0.026567733,0
img_04541_2024,0.0,0.48970604,0
img_04546_2024,0.0,0.051449317,0
img_04544_2024,0.0,0.023765165,0
img_04542_2024,0.0,0.10455843,0
img_04548_2024,0.0,0.014221256,0
img_04528_p01_2024,0.0,0.1526846,0
img_04528_p02_2024,0.0,0.6293923,0
img_04547_2024,0.0,0.2991791,0
img_04550_2024,0.0,0.0588471,0
img_04549_2024,0.0,0.012422111,0
img_04553_2024,0.0,0.65407896,0
img_04552_2024,0.0,0.46562013,0
img_04554_2024,0.0,0.058958333,0
img_04551_2024,0.0,0.8264059,0
img_04555_2024,0.0,0.05736349,0
img_04556_2024,0.0,0.10906075,0
img_04557_2024,0.0,0.06493741,0
img_04560_2024,0.0,0.014887219,0
img_04558_2024,0.0,0.09252392,0
img_04561_2024,0.0,0.08892752,0
img_04564_2024,0.0,0.58731234,0
img_04563_2024,0.0,0.050569486,0
img_04562_2024,0.0,0.012310091,0
img_04567_2024,0.0,0.20534272,0
img_04565_2024,0.0,0.03228844,0
img_04568_2024,0.0,0.009281268,0
img_04566_2024,0.0,0.014337121,0
img_04569_2024,0.0,0.095299125,0
img_04570_2024,0.0,0.34474492,0
img_04571_2024,0.0,0.043099817,0
img_04573_2024,0.0,0.18066804,0
img_04559_2024,0.0,0.012889409,0
img_04520_p01_2024,0.0,0.0358651,0
img_04520_p02_2024,0.0,0.23381837,0
img_04520_p03_2024,0.0,0.019628104,0
img_04520_p04_2024,0.0,0.0075039105,0
img_04572_2024,0.0,0.009317581,0
img_04577_2024,0.0,0.048319325,0
img_04533_p01_2024,0.0,0.001966583,0
img_04533_p02_2024,0.0,0.12179452,0
img_04533_p03_2024,0.0,0.009562725,0
img_04575_2024,0.0,0.3391133,0
img_04576_2024,0.0,0.52696216,0
img_04337_p01_2024,0.0,0.06141905,0
img_04337_p02_2024,0.0,0.07838809,0
img_04337_p03_2024,0.0,0.24069431,0
img_04337_p04_2024,0.0,0.023628576,0
img_04337_p05_2024,0.0,0.030464526,0
img_04337_p06_2024,0.0,0.010856232,0
img_04337_p07_2024,0.0,0.0016689484,0
img_04337_p08_2024,0.0,0.072471365,0
img_04337_p09_2024,0.0,0.12161984,0
img_04337_p10_2024,0.0,0.04294991,0
img_04337_p11_2024,0.0,0.008186714,0
img_04574_2024,0.0,0.045364924,0
img_04581_2024,0.0,0.45881182,0
img_04578_2024,0.0,0.21846731,0
img_04580_2024,0.0,0.033161726,0
img_04582_2024,0.0,0.038206294,0
img_04584_2024,0.0,0.26183254,0
img_04585_2024,0.0,0.014744967,0
img_04579_2024,0.0,0.02250905,0
img_04583_2024,0.0,0.03663924,0
img_04586_2024,0.0,0.003788719,0
img_04522_p01_2024,0.0,0.018500166,0
img_04522_p02_2024,0.0,0.11562045,0
img_04522_p03_2024,0.0,0.116631486,0
img_04522_p04_2024,0.0,0.065693244,0
img_04589_2024,0.0,0.034862403,0
img_04588_2024,0.0,0.017804898,0
img_04590_2024,0.0,0.971513,1
img_04594_2024,0.0,0.012743371,0
img_04595_2024,0.0,0.95977604,1
img_04591_2024,0.0,0.039619926,0
img_04596_2024,0.0,0.06406595,0
img_04525_p01_2024,0.0,0.08108806,0
img_04525_p02_2024,0.0,0.21662843,0
img_04525_p03_2024,0.0,0.25209826,0
img_04525_p04_2024,0.0,0.24689141,0
img_04525_p05_2024,0.0,0.17784598,0
img_04593_2024,0.0,0.12856367,0
img_04597_2024,0.0,0.84677184,0
img_04604_2024,0.0,0.6598585,0
img_04602_2024,0.0,0.026887048,0
img_04599_2024,0.0,0.053400062,0
img_04603_2024,0.0,0.90348035,0
img_04592_2024,0.0,0.015231299,0
img_04606_2024,0.0,0.3225237,0
img_04598_2024,0.0,0.05777516,0
img_04601_2024,0.0,0.01906165,0
img_04607_2024,0.0,0.06419321,0
img_04610_2024,0.0,0.050432265,0
img_04613_2024,0.0,0.6778279,0
img_04608_2024,0.0,0.4047192,0
img_04609_2024,0.0,0.18885541,0
img_04611_2024,0.0,0.009571097,0
img_04612_2024,0.0,0.0193438,0
img_04600_2024,0.0,0.011336108,0
img_04615_2024,0.0,0.06099119,0
img_04614_2024,0.0,0.037518688,0
img_04617_2024,0.0,0.002686695,0
img_04618_2024,0.0,0.089107916,0
img_04621_2024,0.0,0.070375845,0
img_04616_2024,0.0,0.02263008,0
img_04587_p01_2024,0.0,0.0027816927,0
img_04587_p02_2024,0.0,0.02933586,0
img_04619_2024,0.0,0.08027489,0
img_04620_2024,0.0,0.51659095,0
img_04622_2024,0.0,0.026287198,0
img_04627_2024,0.0,0.91536504,0
img_04625_2024,0.0,0.031778358,0
img_04630_2024,0.0,0.052688915,0
img_04632_2024,0.0,0.12642065,0
img_04629_2024,0.0,0.044937067,0
img_04633_2024,0.0,0.03242907,0
img_04626_2024,0.0,0.19674979,0
img_04624_2024,0.0,0.006427089,0
img_04605_p01_2024,0.0,0.0135013955,0
img_04605_p02_2024,0.0,0.042353787,0
img_04636_2024,0.0,0.051028866,0
img_04637_2024,0.0,0.028587809,0
img_04635_2024,0.0,0.0092194,0
img_04628_2024,0.0,0.031317912,0
img_04639_2024,0.0,0.0025263363,0
img_04634_2024,0.0,0.18055566,0
img_04638_2024,0.0,0.052020796,0
img_04640_2024,0.0,0.1082469,0
img_04643_2024,0.0,0.52583724,0
img_04644_2024,0.0,0.057534534,0
img_04641_2024,0.0,0.47319984,0
img_04646_2024,0.0,0.9474541,1
img_04648_2024,0.0,0.043980706,0
img_04647_2024,0.0,0.15767208,0
img_04642_2024,0.0,0.017625086,0
img_04649_2024,0.0,0.25588626,0
img_04645_2024,0.0,0.1597501,0
img_04653_2024,0.0,0.00785659,0
img_04655_2024,0.0,0.09543323,0
img_04657_2024,0.0,0.017764973,0
img_04652_2024,0.0,0.039973132,0
img_04651_2024,0.0,0.088382795,0
img_04650_2024,0.0,0.07026721,0
img_04658_2024,0.0,0.014718276,0
img_04654_2024,0.0,0.08366858,0
img_04660_2024,0.0,0.015129377,0
img_04661_2024,0.0,0.013794455,0
img_04662_2024,0.0,0.03129844,0
img_04663_2024,0.0,0.043894134,0
img_04656_2024,0.0,0.024434675,0
img_04659_2024,0.0,0.036602233,0
img_04664_2024,0.0,0.038510315,0
img_04665_2024,0.0,0.014292387,0
img_04669_2024,0.0,0.008869672,0
img_04670_2024,0.0,0.15673104,0
img_04666_2024,0.0,0.25336614,0
img_04672_2024,0.0,0.32134384,0
img_04677_2024,0.0,0.03229114,0
img_04667_2024,0.0,0.3053793,0
img_04671_2024,0.0,0.0074782073,0
img_04673_2024,0.0,0.14586861,0
img_04680_2024,0.0,0.0058485493,0
img_04676_2024,0.0,0.115807556,0
img_04678_2024,0.0,0.053138852,0
img_04674_2024,0.0,0.41425338,0
img_04682_2024,0.0,0.033353046,0
img_04679_2024,0.0,0.09160589,0
img_04683_2024,0.0,0.021060098,0
img_04684_2024,0.0,0.37200734,0
img_04681_2024,0.0,0.18035167,0
img_04690_2024,0.0,0.12356303,0
img_04675_2024,0.0,0.005747564,0
img_04688_2024,0.0,0.120063975,0
img_04687_2024,0.0,0.32564992,0
img_04691_2024,0.0,0.00739094,0
img_04686_2024,0.0,0.7343956,0
img_04689_2024,0.0,0.013102177,0
img_04696_2024,0.0,0.019090477,0
img_04693_2024,0.0,0.04346011,0
img_04694_2024,0.0,0.32495135,0
img_04692_2024,0.0,0.039378483,0
img_04699_2024,0.0,0.029642606,0
img_04697_2024,0.0,0.027520135,0
img_04695_2024,0.0,0.039760962,0
img_04702_2024,0.0,0.025900722,0
img_04703_2024,0.0,0.020906767,0
img_04706_2024,0.0,0.01061889,0
img_04701_2024,0.0,0.063356556,0
img_04698_2024,0.0,0.08265948,0
img_04704_2024,0.0,0.01384179,0
img_04707_2024,0.0,0.07857785,0
img_04708_2024,0.0,0.06863867,0
img_04709_2024,0.0,0.1408422,0
img_04700_2024,0.0,0.053130735,0
img_04711_2024,0.0,0.061003227,0
img_04631_p01_2024,0.0,0.04244593,0
img_04631_p02_2024,0.0,0.0017504502,0
img_04631_p03_2024,0.0,0.018444087,0
img_04631_p04_2024,0.0,0.0067244703,0
img_04710_2024,0.0,0.55139536,0
img_04712_2024,0.0,0.17405412,0
img_04705_2024,0.0,0.027038101,0
img_04713_2024,0.0,0.022998257,0
img_04715_2024,0.0,0.056508273,0
img_04714_2024,0.0,0.14098611,0
img_04718_2024,0.0,0.012262357,0
img_04716_2024,0.0,0.015949909,0
img_04719_2024,0.0,0.121966794,0
img_04723_2024,0.0,0.3363145,0
img_04724_2024,0.0,0.06864164,0
img_04722_2024,0.0,0.89975756,0
img_04717_2024,0.0,0.7089527,0
img_04668_p01_2024,0.0,0.15887311,0
img_04668_p02_2024,0.0,0.055623792,0
img_04668_p03_2024,0.0,0.033041514,0
img_04668_p04_2024,0.0,0.005894308,0
img_04727_2024,0.0,0.95375824,1
img_04728_2024,0.0,0.028091183,0
img_04720_2024,0.0,0.11895528,0
img_04726_2024,0.0,0.3577497,0
img_04731_2024,0.0,0.017715557,0
img_04729_2024,0.0,0.5544385,0
img_04721_2024,0.0,0.03461895,0
img_04734_2024,0.0,0.9294408,1
img_04736_2024,0.0,0.15323976,0
img_04733_2024,0.0,0.05096277,0
img_04737_2024,0.0,0.24686539,0
img_04739_2024,0.0,0.16697244,0
img_04730_2024,0.0,0.031271927,0
img_04725_2024,0.0,0.024973296,0
img_04738_2024,0.0,0.0036768143,0
img_04732_2024,0.0,0.087902606,0
img_04735_2024,0.0,0.04784004,0
img_04742_2024,0.0,0.12949048,0
img_04740_2024,0.0,0.2383172,0
img_04744_2024,0.0,0.1429534,0
img_04743_2024,0.0,0.6055633,0
img_04745_2024,0.0,0.014612356,0
img_04756_2024,0.0,0.03224019,0
img_04757_2024,0.0,0.021595413,0
img_04747_2024,0.0,0.08491181,0
img_04750_2024,0.0,0.012759181,0
img_04751_2024,0.0,0.09341346,0
img_04755_2024,0.0,0.013965805,0
img_04748_2024,0.0,0.010190171,0
img_04749_2024,0.0,0.23564252,0
img_04741_2024,0.0,0.07156773,0
img_04752_2024,0.0,0.3731689,0
img_04746_2024,0.0,0.011326665,0
img_04758_2024,0.0,0.005493381,0
img_04685_p01_2024,0.0,0.13725471,0
img_04685_p02_2024,0.0,0.25852674,0
img_04685_p03_2024,0.0,0.30163974,0
img_04685_p04_2024,0.0,0.30389345,0
img_04759_2024,0.0,0.24058239,0
img_04760_2024,0.0,0.020996444,0
img_04761_2024,0.0,0.572896,0
img_04762_2024,0.0,0.05672001,0
img_04767_2024,0.0,0.16585627,0
img_04766_2024,0.0,0.018267889,0
img_04771_2024,0.0,0.039880324,0
img_04769_2024,0.0,0.362705,0
img_04763_2024,0.0,0.011595552,0
img_04623_p01_2024,0.0,0.06661622,0
img_04623_p02_2024,0.0,0.00657468,0
img_04623_p03_2024,0.0,0.02497708,0
img_04623_p04_2024,0.0,0.0066020293,0
img_04623_p05_2024,0.0,0.012357934,0
img_04623_p06_2024,0.0,0.010350393,0
img_04623_p07_2024,0.0,0.0061198086,0
img_04623_p08_2024,0.0,0.002312667,0
img_04772_2024,0.0,0.009128865,0
img_04773_2024,0.0,0.6125126,0
img_04764_2024,0.0,0.044075016,0
img_04774_2024,0.0,0.1453081,0
img_04765_2024,0.0,0.090698324,0
img_04768_2024,0.0,0.002211683,0
img_04754_2024,0.0,0.2187622,0
img_04776_2024,0.0,0.002204227,0
img_04780_2024,0.0,0.0913495,0
img_04777_2024,0.0,0.01925059,0
img_04781_2024,0.0,0.51573324,0
img_04779_2024,0.0,0.12888479,0
img_04783_2024,0.0,0.011345988,0
img_04778_2024,0.0,0.007189125,0
img_04784_2024,0.0,0.38295397,0
img_04787_2024,0.0,0.037210286,0
img_04785_2024,0.0,0.07122512,0
img_04782_2024,0.0,0.01805308,0
img_04786_2024,0.0,0.36047444,0
img_04788_2024,0.0,0.0046875877,0
img_04775_2024,0.0,0.03627836,0
img_04770_2024,0.0,0.06474646,0
img_04789_2024,0.0,0.003896817,0
img_04790_2024,0.0,0.02103888,0
img_04792_2024,0.0,0.91478634,0
img_04753_p01_2024,0.0,0.096234836,0
img_04753_p02_2024,0.0,0.15338738,0
img_04796_2024,0.0,0.015086626,0
img_04795_2024,0.0,0.0075788824,0
img_04791_2024,0.0,0.040115464,0
img_04794_2024,0.0,0.005721233,0
img_04797_2024,0.0,0.3506507,0
img_04793_2024,0.0,0.010876949,0
img_04798_2024,0.0,0.13914403,0
img_04799_2024,0.0,0.028944308,0
img_04801_2024,0.0,0.73415744,0
img_04805_2024,0.0,0.0078008785,0
img_04808_2024,0.0,0.5407295,0
img_04802_2024,0.0,0.08358918,0
img_04806_2024,0.0,0.00883959,0
img_04804_2024,0.0,0.007889729,0
img_04800_2024,0.0,0.0050590984,0
img_04807_2024,0.0,0.04596614,0
img_04809_2024,0.0,0.0010287584,0
img_04810_2024,0.0,0.110182,0
img_04812_2024,0.0,0.03435867,0
img_04816_2024,0.0,0.17571506,0
img_04822_2024,0.0,0.025116732,0
img_04815_2024,0.0,0.045614637,0
img_04814_2024,0.0,0.021970686,0
img_04818_2024,0.0,0.0058187423,0
img_04819_2024,0.0,0.013854732,0
img_04813_2024,0.0,0.13705733,0
img_04811_2024,0.0,0.013802779,0
img_04821_2024,0.0,0.19498459,0
img_04820_2024,0.0,0.07089809,0
img_04824_2024,0.0,0.02922735,0
img_04825_2024,0.0,0.43295828,0
img_04817_2024,0.0,0.09166108,0
img_04826_2024,0.0,0.009823048,0
img_04823_2024,0.0,0.057741053,0
img_04828_2024,0.0,0.10795294,0
img_04827_2024,0.0,0.39445737,0
img_04803_p01_2024,0.0,0.007882313,0
img_04803_p02_2024,0.0,0.00873229,0
img_04832_2024,0.0,0.41125733,0
img_04838_2024,0.0,0.09470818,0
img_04831_2024,0.0,0.018065969,0
img_04830_2024,0.0,0.015333153,0
img_04839_2024,0.0,0.00065828883,0
img_04834_2024,0.0,0.02842788,0
img_04833_2024,0.0,0.01852774,0
img_04836_2024,0.0,0.16191265,0
img_04837_2024,0.0,0.016526759,0
img_04841_2024,0.0,0.019704606,0
img_04835_2024,0.0,0.1410956,0
img_04829_2024,0.0,0.053861506,0
img_04840_2024,0.0,0.11295839,0
img_04844_2024,0.0,0.0024198939,0
img_04846_2024,0.0,0.1487401,0
img_04847_2024,0.0,0.0018880193,0
img_04851_2024,0.0,0.030081231,0
img_04849_2024,0.0,0.09717893,0
img_04855_2024,0.0,0.04223309,0
img_04853_2024,0.0,0.050795488,0
img_04857_2024,0.0,0.32647562,0
img_04850_2024,0.0,0.03184616,0
img_04843_2024,0.0,0.0039316053,0
img_04848_2024,0.0,0.006556748,0
img_04845_2024,0.0,0.026545096,0
img_04859_2024,0.0,0.9466011,1
img_04858_2024,0.0,0.029238362,0
img_04852_2024,0.0,0.004429414,0
img_04860_2024,0.0,0.0043018027,0
img_04856_2024,0.0,0.28851387,0
img_04842_2024,0.0,0.006758094,0
img_04863_2024,0.0,0.064545825,0
img_04861_2024,0.0,0.0076902,0
img_04862_2024,0.0,0.019965291,0
img_04864_2024,0.0,0.09554484,0
img_04869_2024,0.0,0.10068283,0
img_04870_2024,0.0,0.30102167,0
img_04865_2024,0.0,0.05893411,0
img_04866_2024,0.0,0.017229298,0
img_04854_2024,0.0,0.0004113263,0
img_04868_2024,0.0,0.024192462,0
img_04873_2024,0.0,0.1092206,0
img_04878_2024,0.0,0.22784121,0
img_04874_2024,0.0,0.3774274,0
img_04871_2024,0.0,0.03334881,0
img_04872_2024,0.0,0.17035672,0
img_04867_2024,0.0,0.384201,0
img_04876_2024,0.0,0.0075309114,0
img_04880_2024,0.0,0.03218835,0
img_04875_2024,0.0,0.19123225,0
img_04877_2024,0.0,0.01661613,0
img_04882_2024,0.0,0.009840241,0
img_04879_2024,0.0,0.015150567,0
img_04885_2024,0.0,0.15325084,0
img_04883_2024,0.0,0.09139328,0
img_04886_2024,0.0,0.007795918,0
img_04881_2024,0.0,0.06592586,0
img_04884_2024,0.0,0.0032885734,0
img_04887_2024,0.0,0.003898979,0
img_04888_2024,0.0,0.037262786,0
img_04892_2024,0.0,0.032391757,0
img_04889_2024,0.0,0.0027811367,0
img_04898_2024,0.0,0.5413203,0
img_04895_2024,0.0,0.012611123,0
img_04899_2024,0.0,0.022666909,0
img_04896_2024,0.0,0.025784742,0
img_04893_2024,0.0,0.0005870797,0
img_04900_2024,0.0,0.004087757,0
img_04894_2024,0.0,0.01122264,0
img_04897_2024,0.0,0.08565839,0
img_04902_2024,0.0,0.022638451,0
img_04890_2024,0.0,0.2939526,0
img_04903_2024,0.0,0.03705446,0
img_04906_2024,0.0,0.026817486,0
img_04904_2024,0.0,0.0023910154,0
img_04891_2024,0.0,0.13287184,0
img_04907_2024,0.0,0.093036294,0
img_04901_2024,0.0,0.482894,0
img_04909_2024,0.0,0.018147718,0
img_04911_2024,0.0,0.5462233,0
img_04910_2024,0.0,0.9345957,1
img_04908_2024,0.0,0.016778735,0
img_04915_2024,0.0,0.005623541,0
img_04918_2024,0.0,0.16392796,0
img_04913_2024,0.0,0.16610222,0
img_04919_2024,0.0,0.007050427,0
img_04905_2024,0.0,0.0038917176,0
img_04922_2024,0.0,0.39234096,0
img_04912_2024,0.0,0.039029457,0
img_04921_2024,0.0,0.0006144868,0
img_04914_2024,0.0,0.02436984,0
img_04924_2024,0.0,0.026076743,0
img_04923_2024,0.0,0.20766048,0
img_04927_2024,0.0,0.17364779,0
img_04920_2024,0.0,0.018076774,0
img_04926_2024,0.0,0.02424695,0
img_04916_2024,0.0,0.022488767,0
img_04928_2024,0.0,0.5973296,0
img_04930_2024,0.0,0.17129725,0
img_04917_2024,0.0,0.006736569,0
img_04929_2024,0.0,0.004173153,0
img_04934_2024,0.0,0.0009336694,0
img_04933_2024,0.0,0.1024066,0
img_04932_2024,0.0,0.0012916684,0
img_04925_2024,0.0,0.15675841,0
img_04936_2024,0.0,0.1646042,0
img_04935_2024,0.0,0.112190165,0
img_04931_2024,0.0,0.31870514,0
img_04937_2024,0.0,0.21539545,0
img_04941_2024,0.0,0.02989043,0
img_04946_2024,0.0,0.5287414,0
img_04944_2024,0.0,0.016525961,0
img_04939_2024,0.0,0.064948305,0
img_04938_2024,0.0,0.06713802,0
img_04940_2024,0.0,0.029951256,0
img_04945_2024,0.0,0.0055245473,0
img_04950_2024,0.0,0.008569264,0
img_04952_2024,0.0,0.06537117,0
img_04943_2024,0.0,0.1502309,0
img_04942_2024,0.0,0.072453335,0
img_04948_2024,0.0,0.014935126,0
img_04949_2024,0.0,0.0030766237,0
img_04947_2024,0.0,0.83830035,0
img_04953_2024,0.0,0.16727015,0
img_04957_2024,0.0,0.04269419,0
img_04951_2024,0.0,0.0056624757,0
img_04958_2024,0.0,0.011831103,0
img_04955_2024,0.0,0.008022761,0
img_04956_2024,0.0,0.033652253,0
img_04954_2024,0.0,0.17534062,0
img_04966_2024,0.0,0.012192762,0
img_04959_2024,0.0,0.027012354,0
img_04967_2024,0.0,0.08343895,0
img_04962_2024,0.0,0.008484302,0
img_04960_2024,0.0,0.07068217,0
img_04963_2024,0.0,0.047334738,0
img_04970_2024,0.0,0.034611654,0
img_04964_2024,0.0,0.23795256,0
img_04973_2024,0.0,0.008658046,0
img_04961_2024,0.0,0.0072042113,0
img_04968_2024,0.0,0.01992042,0
img_04974_2024,0.0,0.062377132,0
img_04975_2024,0.0,0.011059025,0
img_04965_2024,0.0,0.018229153,0
img_04971_2024,0.0,0.18952326,0
img_04972_2024,0.0,0.011468959,0
img_04983_2024,0.0,0.044022117,0
img_04982_2024,0.0,0.020193042,0
img_04984_2024,0.0,0.024653422,0
img_04987_2024,0.0,0.04889586,0
img_04986_2024,0.0,0.006334116,0
img_04978_2024,0.0,0.011264332,0
img_04980_2024,0.0,0.037667226,0
img_04989_2024,0.0,0.021261787,0
img_04969_2024,0.0,0.34109455,0
img_04981_2024,0.0,0.19100904,0
img_04979_2024,0.0,0.088016436,0
img_04977_2024,0.0,0.0026905602,0
img_04976_2024,0.0,0.22069187,0
img_04985_2024,0.0,0.0049654064,0
img_04988_2024,0.0,0.07176067,0
img_04995_2024,0.0,0.14062123,0
img_04992_2024,0.0,0.017375445,0
img_04991_2024,0.0,0.013031712,0
img_04990_2024,0.0,0.010186067,0
img_04993_2024,0.0,0.006742876,0
img_04998_2024,0.0,0.032796882,0
img_04996_2024,0.0,0.016653528,0
img_04999_2024,0.0,0.29008237,0
img_04997_2024,0.0,0.01827445,0
img_05001_2024,0.0,0.013467334,0
img_04994_2024,0.0,0.028024236,0
img_05003_2024,0.0,0.023067215,0
img_05002_2024,0.0,0.17117527,0
img_05000_2024,0.0,0.5371819,0
img_05007_2024,0.0,0.0023874198,0
img_05005_2024,0.0,0.01115007,0
img_05004_2024,0.0,0.17574342,0
img_05008_2024,0.0,0.010165405,0
img_05006_2024,0.0,0.008430556,0
img_05009_2024,0.0,0.012097113,0
img_05010_2024,0.0,0.025905618,0
img_05015_2024,0.0,0.58651465,0
img_05013_2024,0.0,0.054790817,0
img_04472_p01_2024,0.0,0.054687608,0
img_04472_p02_2024,0.0,0.09594478,0
img_04472_p03_2024,0.0,0.11746375,0
img_04472_p04_2024,0.0,0.0135481935,0
img_04472_p05_2024,0.0,0.008357691,0
img_04472_p06_2024,0.0,0.8291874,0
img_04472_p08_2024,0.0,0.033455536,0
img_04472_p09_2024,0.0,0.084034264,0
img_04472_p10_2024,0.0,0.021385105,0
img_04472_p11_2024,0.0,0.015112135,0
img_04472_p12_2024,0.0,0.02696002,0
img_04472_p13_2024,0.0,0.03359532,0
img_04472_p14_2024,0.0,0.09103719,0
img_04472_p15_2024,0.0,0.042622335,0
img_04472_p16_2024,0.0,0.042964686,0
img_04472_p17_2024,0.0,0.01432851,0
img_04472_p18_2024,0.0,0.022301817,0
img_04472_p19_2024,0.0,0.09768172,0
img_04472_p20_2024,0.0,0.0248823,0
img_04472_p21_2024,0.0,0.033119958,0
img_05011_2024,0.0,0.4965213,0
img_05018_2024,0.0,0.029840425,0
img_05012_2024,0.0,0.13703766,0
img_05017_2024,0.0,0.04764705,0
img_05021_2024,0.0,0.09962344,0
img_05019_2024,0.0,0.15616377,0
img_05016_2024,0.0,0.03331829,0
img_05023_2024,0.0,0.01715787,0
img_05026_2024,0.0,0.22493474,0
img_05028_2024,0.0,0.05538444,0
img_05022_2024,0.0,0.025207067,0
img_05027_2024,0.0,0.038455613,0
img_05031_2024,0.0,0.025432114,0
img_05030_2024,0.0,0.019253623,0
img_05032_2024,0.0,0.008143673,0
img_05029_2024,0.0,0.00830017,0
img_05034_2024,0.0,0.029147843,0
img_05020_2024,0.0,0.05895083,0
img_05014_p01_2024,0.0,0.022372793,0
img_05014_p02_2024,0.0,0.004118565,0
img_05038_2024,0.0,0.030723687,0
img_05039_2024,0.0,0.055534594,0
img_05036_2024,0.0,0.03714364,0
img_05040_2024,0.0,0.18374231,0
img_05025_2024,0.0,0.08323862,0
img_05033_2024,0.0,0.45177394,0
img_05041_2024,0.0,0.2235606,0
img_05024_2024,0.0,0.09489956,0
img_05035_2024,0.0,0.034183104,0
img_05052_2024,0.0,0.013123947,0
img_05047_2024,0.0,0.80956393,0
img_05037_2024,0.0,0.6492015,0
img_05051_2024,0.0,0.025004784,0
img_05043_2024,0.0,0.037819393,0
img_05045_2024,0.0,0.0075533884,0
img_05044_2024,0.0,0.0013542718,0
img_05056_2024,0.0,0.02295289,0
img_05046_2024,0.0,0.015148583,0
img_05049_2024,0.0,0.025624355,0
img_05054_2024,0.0,0.019857768,0
img_05055_2024,0.0,0.012370345,0
img_05060_2024,0.0,0.034577854,0
img_05064_2024,0.0,0.007908413,0
img_05059_2024,0.0,0.1389968,0
img_05063_2024,0.0,0.4540475,0
img_05042_2024,0.0,0.021737382,0
img_05057_2024,0.0,0.02537331,0
img_05050_2024,0.0,0.005309996,0
img_05066_2024,0.0,0.08473168,0
img_05053_2024,0.0,0.19386128,0
img_05062_2024,0.0,0.0077511827,0
img_05058_2024,0.0,0.040776245,0
img_05068_2024,0.0,0.04838533,0
img_05069_2024,0.0,0.18540077,0
img_05067_2024,0.0,0.008619712,0
img_05061_2024,0.0,0.007274679,0
img_05070_2024,0.0,0.0013319764,0
img_05072_2024,0.0,0.003399597,0
img_05071_2024,0.0,0.12233029,0
img_05073_2024,0.0,0.022214733,0
img_05048_2024,0.0,0.0008922468,0
img_05077_2024,0.0,0.10060413,0
img_05074_2024,0.0,0.34182125,0
img_05065_2024,0.0,0.06001938,0
img_05075_2024,0.0,0.004052309,0
img_05080_2024,0.0,0.016967412,0
img_05085_2024,0.0,0.12866768,0
img_05082_2024,0.0,0.055555172,0
img_05079_2024,0.0,0.0024999287,0
img_05078_2024,0.0,0.23351732,0
img_05081_2024,0.0,0.0007888746,0
img_05086_2024,0.0,0.11897844,0
img_05076_2024,0.0,0.016283467,0
img_05088_2024,0.0,0.9737851,1
img_05084_2024,0.0,0.30811507,0
img_05083_2024,0.0,0.003180042,0
img_05090_2024,0.0,0.31137857,0
img_05091_2024,0.0,0.6441495,0
img_05094_2024,0.0,0.11221139,0
img_05087_2024,0.0,0.05207162,0
img_05095_2024,0.0,0.7089677,0
img_05093_2024,0.0,0.0029500816,0
img_05097_2024,0.0,0.060148478,0
img_05089_2024,0.0,0.17987159,0
img_05098_2024,0.0,0.12072186,0
img_05092_2024,0.0,0.0029048054,0
img_05096_2024,0.0,0.14849709,0
img_05100_2024,0.0,0.15241033,0
img_05099_2024,0.0,0.1202756,0
img_05105_2024,0.0,0.0035462056,0
img_05101_2024,0.0,0.13636139,0
img_05102_2024,0.0,0.0068237446,0
img_05103_2024,0.0,0.4929428,0
img_05104_2024,0.0,0.22962515,0
img_05107_2024,0.0,0.31211907,0
img_05108_2024,0.0,0.011821286,0
img_05106_2024,0.0,0.067354105,0
img_05110_2024,0.0,0.06577786,0
img_05109_2024,0.0,0.035200913,0
img_05111_2024,0.0,0.0060740532,0
img_05117_2024,0.0,0.17220399,0
img_05114_2024,0.0,0.5760312,0
img_05118_2024,0.0,0.024698587,0
img_05112_2024,0.0,0.017242037,0
img_05113_2024,0.0,0.15124264,0
img_05115_2024,0.0,0.01650167,0
img_05116_2024,0.0,0.0060174735,0
img_05122_2024,0.0,0.01095804,0
img_05121_2024,0.0,0.4111937,0
img_05126_2024,0.0,0.5248789,0
img_05120_2024,0.0,0.006925013,0
img_05123_2024,0.0,0.004559303,0
img_05124_2024,0.0,0.049266674,0
img_05127_2024,0.0,0.0039676446,0
img_05119_2024,0.0,0.21638474,0
img_05125_2024,0.0,0.029248279,0
img_05128_2024,0.0,0.23394422,0
img_05130_2024,0.0,0.19003943,0
img_05129_2024,0.0,0.018890936,0
img_05131_2024,0.0,0.14949952,0
img_05138_2024,0.0,0.009597741,0
img_05134_2024,0.0,0.15299477,0
img_05142_2024,0.0,0.0012780855,0
img_05141_2024,0.0,0.13413712,0
img_05140_2024,0.0,0.07774808,0
img_05136_2024,0.0,0.11157596,0
img_05146_2024,0.0,0.1540515,0
img_05135_2024,0.0,0.009387555,0
img_05133_2024,0.0,0.011135533,0
img_05144_2024,0.0,0.042896077,0
img_05132_2024,0.0,0.044754513,0
img_05145_2024,0.0,0.036496833,0
img_05147_2024,0.0,0.04146758,0
img_05137_2024,0.0,0.026994044,0
img_05148_2024,0.0,0.14422546,0
img_05143_2024,0.0,0.00538371,0
img_05139_2024,0.0,0.04773573,0
img_05151_2024,0.0,0.011111175,0
img_05152_2024,0.0,0.029787797,0
img_05158_2024,0.0,0.6774556,0
img_05154_2024,0.0,0.31473738,0
img_05155_2024,0.0,0.012228722,0
img_05153_2024,0.0,0.11153811,0
img_05157_2024,0.0,0.015364675,0
img_05156_2024,0.0,0.05262966,0
img_05159_2024,0.0,0.48016214,0
img_05164_2024,0.0,0.35119376,0
img_05161_2024,0.0,0.18106881,0
img_05165_2024,0.0,0.17990068,0
img_05168_2024,0.0,0.58499724,0
img_05160_2024,0.0,0.008798776,0
img_05166_2024,0.0,0.006048383,0
img_05162_2024,0.0,0.07725548,0
img_05167_2024,0.0,0.029156024,0
img_05163_2024,0.0,0.09043403,0
img_05173_2024,0.0,0.748823,0
img_05171_2024,0.0,0.008816188,0
img_05170_2024,0.0,0.017142866,0
img_05176_2024,0.0,0.5615236,0
img_05150_p01_2024,0.0,0.11901128,0
img_05150_p02_2024,0.0,0.14267811,0
img_05169_2024,0.0,0.015100101,0
img_05174_2024,0.0,0.05625541,0
img_05149_p01_2024,0.0,0.031250913,0
img_05149_p02_2024,0.0,0.017260766,0
img_05177_2024,0.0,0.044075318,0
img_05180_2024,0.0,0.57016766,0
img_05179_2024,0.0,0.04426892,0
img_05172_2024,0.0,0.04011674,0
img_05178_2024,0.0,0.024073178,0
img_05183_2024,0.0,0.85874176,0
img_05185_2024,0.0,0.004708615,0
img_05188_2024,0.0,0.19249721,0
img_05190_2024,0.0,0.18011615,0
img_05184_2024,0.0,0.119280994,0
img_05194_2024,0.0,0.31477576,0
img_05181_2024,0.0,0.014769139,0
img_05182_2024,0.0,0.009179147,0
img_05192_2024,0.0,0.07945664,0
img_05187_2024,0.0,0.4543852,0
img_05193_2024,0.0,0.13674714,0
img_05191_2024,0.0,0.3337565,0
img_05186_2024,0.0,0.0718965,0
img_05195_2024,0.0,0.6849465,0
img_05198_2024,0.0,0.20024076,0
img_05189_2024,0.0,0.05219367,0
img_05199_2024,0.0,0.007889949,0
img_05200_2024,0.0,0.6005932,0
img_05202_2024,0.0,0.032659538,0
img_05203_2024,0.0,0.13047522,0
img_05196_2024,0.0,0.017511383,0
img_05204_2024,0.0,0.52331334,0
img_05205_2024,0.0,0.1735678,0
img_05206_2024,0.0,0.29816645,0
img_05207_2024,0.0,0.1364889,0
img_05211_2024,0.0,0.08929255,0
img_05201_2024,0.0,0.9451313,1
img_05210_2024,0.0,0.015639994,0
img_05214_2024,0.0,0.015626112,0
img_05212_2024,0.0,0.3944743,0
img_05208_2024,0.0,0.007598059,0
img_05213_2024,0.0,0.029885804,0
img_05209_2024,0.0,0.007518655,0
img_05217_2024,0.0,0.056751728,0
img_05221_2024,0.0,0.041188143,0
img_05218_2024,0.0,0.041332323,0
img_05215_2024,0.0,0.6303072,0
img_05220_2024,0.0,0.045612585,0
img_05216_2024,0.0,0.019707162,0
img_05224_2024,0.0,0.09437986,0
img_05197_p01_2024,0.0,0.19241007,0
img_05197_p02_2024,0.0,0.021702738,0
img_05225_2024,0.0,0.30054396,0
img_05226_2024,0.0,0.013897789,0
img_05228_2024,0.0,0.008665087,0
img_05227_2024,0.0,0.036252413,0
img_05230_2024,0.0,0.66946083,0
img_05232_2024,0.0,0.0029230483,0
img_05223_2024,0.0,0.07108063,0
img_05219_2024,0.0,0.2238359,0
img_05234_2024,0.0,0.0241833,0
img_05235_2024,0.0,0.42444676,0
img_05233_2024,0.0,0.112409785,0
img_05231_2024,0.0,0.08077641,0
img_05237_2024,0.0,0.13673703,0
img_05222_2024,0.0,0.013635975,0
img_05238_2024,0.0,0.12569888,0
img_05236_2024,0.0,0.10465038,0
img_05244_2024,0.0,0.5751642,0
img_05243_2024,0.0,0.0120049855,0
img_05242_2024,0.0,0.017025817,0
img_05241_2024,0.0,0.16093287,0
img_05246_2024,0.0,0.0905638,0
img_05247_2024,0.0,0.021056375,0
img_05245_2024,0.0,0.075549506,0
img_05248_2024,0.0,0.051146675,0
img_05250_2024,0.0,0.101868786,0
img_05251_2024,0.0,0.03499817,0
img_05260_2024,0.0,0.005537773,0
img_05258_2024,0.0,0.01882386,0
img_05257_2024,0.0,0.0066715395,0
img_05253_2024,0.0,0.11012056,0
img_05259_2024,0.0,0.900427,0
img_05256_2024,0.0,0.011200232,0
img_05261_2024,0.0,0.008054765,0
img_05252_2024,0.0,0.013085565,0
img_05249_2024,0.0,0.10274507,0
img_05240_2024,0.0,0.0070996,0
img_05263_2024,0.0,0.256206,0
img_05239_2024,0.0,0.07020598,0
img_05255_2024,0.0,0.11309818,0
img_05254_2024,0.0,0.06681974,0
img_05269_2024,0.0,0.15052098,0
img_05264_2024,0.0,0.11244015,0
img_05265_2024,0.0,0.90727484,0
img_05268_2024,0.0,0.055328794,0
img_05270_2024,0.0,0.011809403,0
img_05262_2024,0.0,0.06428473,0
img_05266_2024,0.0,0.034214076,0
img_05271_2024,0.0,0.41064867,0
img_05267_2024,0.0,0.06264957,0
img_05272_2024,0.0,0.04970003,0
img_05274_2024,0.0,0.045319833,0
img_05273_2024,0.0,0.26983482,0
img_05275_2024,0.0,0.088842906,0
img_05283_2024,0.0,0.29558894,0
img_05278_2024,0.0,0.08408997,0
img_05280_2024,0.0,0.07240375,0
img_05279_2024,0.0,0.034142476,0
img_05282_2024,0.0,0.09531762,0
img_05277_2024,0.0,0.069332264,0
img_05281_2024,0.0,0.17660718,0
img_05286_2024,0.0,0.76506424,0
img_05287_2024,0.0,0.115203,0
img_05288_2024,0.0,0.00766498,0
img_05291_2024,0.0,0.0133384485,0
img_05285_2024,0.0,0.14027967,0
img_05292_2024,0.0,0.0867716,0
img_05293_2024,0.0,0.04024995,0
img_05290_2024,0.0,0.3337435,0
img_05289_2024,0.0,0.08093142,0
img_05300_2024,0.0,0.29658288,0
img_05301_2024,0.0,0.45435095,0
img_05296_2024,0.0,0.85798967,0
img_05298_2024,0.0,0.06539562,0
img_05297_2024,0.0,0.04162056,0
img_05294_2024,0.0,0.23756588,0
img_05284_2024,0.0,0.119508006,0
img_05299_2024,0.0,0.013561884,0
img_05276_2024,0.0,0.19531946,0
img_05302_2024,0.0,0.02824432,0
img_05295_2024,0.0,0.3175739,0
img_05303_2024,0.0,0.15907936,0
img_05309_2024,0.0,0.07052158,0
img_05306_2024,0.0,0.017642638,0
img_05305_2024,0.0,0.10610429,0
img_05304_2024,0.0,0.13524893,0
img_05310_2024,0.0,0.24259737,0
img_05312_2024,0.0,0.1250631,0
img_05308_2024,0.0,0.17787221,0
img_05315_2024,0.0,0.005426242,0
img_05318_2024,0.0,0.17458168,0
img_05320_2024,0.0,0.44645485,0
img_05319_2024,0.0,0.054757953,0
img_05307_2024,0.0,0.23017356,0
img_05313_2024,0.0,0.021237457,0
img_05325_2024,0.0,0.74856204,0
img_05317_2024,0.0,0.17193979,0
img_05323_2024,0.0,0.019068709,0
img_05327_2024,0.0,0.7307544,0
img_05328_2024,0.0,0.31702885,0
img_05321_2024,0.0,0.03057681,0
img_05314_2024,0.0,0.33967897,0
img_05326_2024,0.0,0.09791362,0
img_05330_2024,0.0,0.03047981,0
img_05322_2024,0.0,0.0464351,0
img_05331_2024,0.0,0.36679,0
img_05329_2024,0.0,0.24358901,0
img_05333_2024,0.0,0.008311005,0
img_05316_2024,0.0,0.042730518,0
img_05337_2024,0.0,0.1653109,0
img_05332_2024,0.0,0.1192808,0
img_05338_2024,0.0,0.073372856,0
img_05347_2024,0.0,0.033099048,0
img_05339_2024,0.0,0.09640528,0
img_05346_2024,0.0,0.0860481,0
img_05341_2024,0.0,0.21814518,0
img_05344_2024,0.0,0.10619923,0
img_05345_2024,0.0,0.008817702,0
img_05343_2024,0.0,0.021214854,0
img_05348_2024,0.0,0.027359921,0
img_05351_2024,0.0,0.017824857,0
img_05349_2024,0.0,0.4869035,0
img_05350_2024,0.0,0.03492239,0
img_05335_2024,0.0,0.29481605,0
img_05353_2024,0.0,0.024711993,0
img_05352_2024,0.0,0.056268334,0
img_05334_2024,0.0,0.12880245,0
img_05311_2024,0.0,0.021062288,0
img_05336_2024,0.0,0.09284155,0
img_05342_p01_2024,0.0,0.016401682,0
img_05342_p02_2024,0.0,0.06858577,0
img_05355_2024,0.0,0.2365845,0
img_05340_2024,0.0,0.028034821,0
img_05324_2024,0.0,0.10095793,0
img_05358_2024,0.0,0.29843476,0
img_05357_2024,0.0,0.004822577,0
img_05356_2024,0.0,0.068489246,0
img_05354_2024,0.0,0.20385182,0
img_05359_2024,0.0,0.1760783,0
img_05362_2024,0.0,0.5203931,0
img_05360_2024,0.0,0.0031855304,0
img_05364_2024,0.0,0.08412491,0
img_05365_2024,0.0,0.05512798,0
img_05361_2024,0.0,0.11637676,0
img_05366_2024,0.0,0.024365135,0
img_05363_2024,0.0,0.008721124,0
img_05368_2024,0.0,0.0041822684,0
img_05370_2024,0.0,0.8869688,0
img_05369_2024,0.0,0.33582723,0
img_05372_2024,0.0,0.04795403,0
img_05376_2024,0.0,0.031064764,0
img_05373_2024,0.0,0.051801123,0
img_05377_2024,0.0,0.012351532,0
img_05380_2024,0.0,0.033053692,0
img_05378_2024,0.0,0.018586267,0
img_05375_2024,0.0,0.008352684,0
img_05383_2024,0.0,0.04607228,0
img_05381_2024,0.0,0.49683136,0
img_05374_2024,0.0,0.04090353,0
img_05379_2024,0.0,0.2889057,0
img_05384_2024,0.0,0.03421926,0
img_05385_2024,0.0,0.03599852,0
img_05388_2024,0.0,0.02792859,0
img_05386_2024,0.0,0.50558585,0
img_05387_2024,0.0,0.055256862,0
img_05371_2024,0.0,0.11075375,0
img_05382_2024,0.0,0.06121715,0
img_05389_2024,0.0,0.36016124,0
img_05390_2024,0.0,0.04773452,0
img_05393_2024,0.0,0.03292773,0
img_05392_2024,0.0,0.50691444,0
img_05391_2024,0.0,0.3038872,0
img_05229_p01_2024,0.0,0.021274982,0
img_05229_p02_2024,0.0,0.032064475,0
img_05229_p03_2024,0.0,0.006810793,0
img_05229_p04_2024,0.0,0.03647849,0
img_05229_p05_2024,0.0,0.005298266,0
img_05229_p06_2024,0.0,0.008656056,0
img_05229_p07_2024,0.0,0.065931395,0
img_05229_p08_2024,0.0,0.010150196,0
img_05395_2024,0.0,0.006141131,0
img_05397_2024,0.0,0.063051306,0
img_05394_2024,0.0,0.25486577,0
img_05396_2024,0.0,0.06925735,0
img_05399_2024,0.0,0.021230677,0
img_05398_2024,0.0,0.10176171,0
img_05402_2024,0.0,0.046041876,0
img_05401_2024,0.0,0.49459463,0
img_05406_2024,0.0,0.06987749,0
img_05405_2024,0.0,0.22646895,0
img_05404_2024,0.0,0.508272,0
img_05408_2024,0.0,0.34205085,0
img_05409_2024,0.0,0.22267576,0
img_05410_2024,0.0,0.2213948,0
img_05411_2024,0.0,0.034630816,0
img_05414_2024,0.0,0.057082303,0
img_05413_2024,0.0,0.007194416,0
img_05412_2024,0.0,0.2495172,0
img_05416_2024,0.0,0.15593603,0
img_05419_2024,0.0,0.31268722,0
img_05417_2024,0.0,0.47455993,0
img_05422_2024,0.0,0.06987379,0
img_05415_2024,0.0,0.13746712,0
img_05420_2024,0.0,0.3320876,0
img_05418_2024,0.0,0.01549218,0
img_05421_2024,0.0,0.5611732,0
img_05400_2024,0.0,0.019792441,0
img_05425_2024,0.0,0.6050316,0
img_05426_2024,0.0,0.114769004,0
img_05423_2024,0.0,0.05192862,0
img_05430_2024,0.0,0.060031645,0
img_05424_2024,0.0,0.053712927,0
img_05428_2024,0.0,0.3596806,0
img_05429_2024,0.0,0.05859251,0
img_05435_2024,0.0,0.3416453,0
img_05407_p01_2024,0.0,0.80500776,0
img_05407_p02_2024,0.0,0.9021947,0
img_05432_2024,0.0,0.01230031,0
img_05434_2024,0.0,0.23045392,0
img_05431_2024,0.0,0.078615144,0
img_05436_2024,0.0,0.6385603,0
img_05433_2024,0.0,0.017596353,0
img_05438_2024,0.0,0.024735063,0
img_05427_2024,0.0,0.005214771,0
img_05439_2024,0.0,0.051031608,0
img_05441_2024,0.0,0.35981345,0
img_05440_2024,0.0,0.074286744,0
img_05442_2024,0.0,0.21118899,0
img_05437_2024,0.0,0.04150906,0
img_05446_2024,0.0,0.029932916,0
img_05445_2024,0.0,0.029326092,0
img_05444_2024,0.0,0.2556599,0
img_05447_2024,0.0,0.006619955,0
img_05449_2024,0.0,0.18056382,0
img_05448_2024,0.0,0.022548383,0
img_05451_2024,0.0,0.2536248,0
img_05453_2024,0.0,0.005753813,0
img_05450_2024,0.0,0.0028472336,0
img_05454_2024,0.0,0.03686359,0
img_05452_2024,0.0,0.8518467,0
img_05443_2024,0.0,0.15192999,0
img_05455_2024,0.0,0.2712974,0
img_05459_2024,0.0,0.016919397,0
img_05461_2024,0.0,0.030713286,0
img_05457_2024,0.0,0.004195351,0
img_05462_2024,0.0,0.7367788,0
img_05463_2024,0.0,0.1992276,0
img_05456_2024,0.0,0.015931014,0
img_05458_2024,0.0,0.073048554,0
img_05464_2024,0.0,0.036810942,0
img_05465_2024,0.0,0.027819112,0
img_05466_2024,0.0,0.007935538,0
img_05469_2024,0.0,0.018667955,0
img_05403_p01_2024,0.0,0.017062932,0
img_05403_p02_2024,0.0,0.015078859,0
img_05403_p03_2024,0.0,0.016434556,0
img_05403_p04_2024,0.0,0.011828032,0
img_05460_2024,0.0,0.014591481,0
img_05468_2024,0.0,0.14274907,0
img_05472_2024,0.0,0.016390618,0
img_05467_2024,0.0,0.018362064,0
img_05470_2024,0.0,0.13063082,0
img_05471_2024,0.0,0.27070028,0
img_05474_2024,0.0,0.008747333,0
img_05479_2024,0.0,0.5380079,0
img_05475_2024,0.0,0.15037867,0
img_05476_2024,0.0,0.029347455,0
img_05477_2024,0.0,0.0064344406,0
img_05473_2024,0.0,0.95953023,1
img_05478_2024,0.0,0.042268477,0
img_05480_2024,0.0,0.13452844,0
img_05175_p01_2024,0.0,0.11241565,0
img_05175_p02_2024,0.0,0.01656298,0
img_05175_p03_2024,0.0,0.04335861,0
img_05175_p04_2024,0.0,0.009726869,0
img_05175_p05_2024,0.0,0.027101826,0
img_05175_p06_2024,0.0,0.008570056,0
img_05175_p07_2024,0.0,0.0488268,0
img_05175_p08_2024,0.0,0.018923063,0
img_05175_p09_2024,0.0,0.043215834,0
img_05175_p10_2024,0.0,0.006250087,0
img_05175_p11_2024,0.0,0.007216821,0
img_05175_p12_2024,0.0,0.005430175,0
img_05175_p13_2024,0.0,0.039261345,0
img_05175_p14_2024,0.0,0.0043506576,0
img_05481_2024,0.0,0.08079779,0
img_05488_2024,0.0,0.07906214,0
img_05490_2024,0.0,0.06356997,0
img_05483_2024,0.0,0.41872185,0
img_05491_2024,0.0,0.1552116,0
img_05484_2024,0.0,0.041021775,0
img_05485_2024,0.0,0.036628358,0
img_05487_2024,0.0,0.053916544,0
img_05492_2024,0.0,0.010151222,0
img_05482_2024,0.0,0.2850361,0
img_05497_2024,0.0,0.003653638,0
img_05500_2024,0.0,0.06947594,0
img_05499_2024,0.0,0.1254953,0
img_05498_2024,0.0,0.098325886,0
img_05494_2024,0.0,0.0150855575,0
img_05489_2024,0.0,0.12428403,0
img_05501_2024,0.0,0.1393122,0
img_05495_2024,0.0,0.015956905,0
img_05486_2024,0.0,0.0510651,0
img_05503_2024,0.0,0.02405889,0
img_05504_2024,0.0,0.007962555,0
img_05493_2024,0.0,0.057235874,0
img_05496_2024,0.0,0.49374923,0
img_05506_2024,0.0,0.4330492,0
img_05502_2024,0.0,0.030370746,0
img_05511_2024,0.0,0.045898937,0
img_05515_2024,0.0,0.016711026,0
img_05519_2024,0.0,0.63957214,0
img_05507_2024,0.0,0.04460642,0
img_05508_2024,0.0,0.44097757,0
img_05509_2024,0.0,0.07738469,0
img_05512_2024,0.0,0.017834434,0
img_05523_2024,0.0,0.33757418,0
img_05514_2024,0.0,0.011062018,0
img_05522_2024,0.0,0.023307683,0
img_05520_2024,0.0,0.056792803,0
img_05516_2024,0.0,0.025019174,0
img_05518_2024,0.0,0.014900841,0
img_05510_2024,0.0,0.11882826,0
img_05525_2024,0.0,0.78543186,0
img_05521_2024,0.0,0.002166065,0
img_05527_2024,0.0,0.036753498,0
img_05529_2024,0.0,0.3925352,0
img_05517_2024,0.0,0.073358476,0
img_05528_2024,0.0,0.052946836,0
img_05526_2024,0.0,0.38650322,0
img_05533_2024,0.0,0.03590263,0
img_05532_2024,0.0,0.4013349,0
img_05513_2024,0.0,0.015589597,0
img_05531_2024,0.0,0.06445919,0
img_05530_2024,0.0,0.02475601,0
img_05505_2024,0.0,0.022868339,0
img_05541_2024,0.0,0.021993823,0
img_05535_2024,0.0,0.13058174,0
img_05540_2024,0.0,0.08287324,0
img_05524_2024,0.0,0.011416298,0
img_05534_2024,0.0,0.15835702,0
img_05543_2024,0.0,0.0058865333,0
img_05537_2024,0.0,0.68243444,0
img_05545_2024,0.0,0.08701938,0
img_05536_2024,0.0,0.018269055,0
img_05544_2024,0.0,0.061520495,0
img_05542_2024,0.0,0.061502505,0
img_05550_2024,0.0,0.019594135,0
img_05546_2024,0.0,0.26194918,0
img_05552_2024,0.0,0.15671475,0
img_05551_2024,0.0,0.052888405,0
img_05553_2024,0.0,0.011675792,0
img_05554_2024,0.0,0.2857272,0
img_05556_2024,0.0,0.040074673,0
img_05548_2024,0.0,0.008736034,0
img_05547_2024,0.0,0.21446927,0
img_05549_2024,0.0,0.21774237,0
img_05558_2024,0.0,0.0987868,0
img_05557_2024,0.0,0.07484349,0
img_05559_2024,0.0,0.04982803,0
img_05561_2024,0.0,0.0770655,0
img_05560_2024,0.0,0.19134143,0
img_05555_2024,0.0,0.07150908,0
img_05562_2024,0.0,0.7806307,0
img_05566_2024,0.0,0.032565378,0
img_05564_2024,0.0,0.29610714,0
img_05569_2024,0.0,0.4480044,0
img_05565_2024,0.0,0.41199479,0
img_05563_2024,0.0,0.04759596,0
img_05571_2024,0.0,0.09457389,0
img_05574_2024,0.0,0.21667743,0
img_05576_2024,0.0,0.004364473,0
img_05567_2024,0.0,0.19170785,0
img_05568_2024,0.0,0.00074373075,0
img_05577_2024,0.0,0.07999976,0
img_05538_p01_2024,0.0,0.0035653047,0
img_05538_p02_2024,0.0,0.010655622,0
img_05570_2024,0.0,0.016201982,0
img_05580_2024,0.0,0.7313844,0
img_05579_2024,0.0,0.011341634,0
img_05581_2024,0.0,0.010761121,0
img_05572_2024,0.0,0.057314593,0
img_05575_2024,0.0,0.0148774935,0
img_05582_2024,0.0,0.018674864,0
img_05584_2024,0.0,0.24679978,0
img_05583_2024,0.0,0.009338159,0
img_05585_2024,0.0,0.83831227,0
img_05588_2024,0.0,0.17607042,0
img_05578_2024,0.0,0.005734173,0
img_05595_2024,0.0,0.2234546,0
img_05596_2024,0.0,0.35274714,0
img_05598_2024,0.0,0.015170003,0
img_05593_2024,0.0,0.19155699,0
img_05589_2024,0.0,0.008585825,0
img_05573_2024,0.0,0.044856638,0
img_05586_2024,0.0,0.058484036,0
img_05590_2024,0.0,0.053299956,0
img_05587_2024,0.0,0.353716,0
img_05597_2024,0.0,0.8149303,0
img_05602_2024,0.0,0.04868377,0
img_05603_2024,0.0,0.030743396,0
img_05607_2024,0.0,0.41790682,0
img_05604_2024,0.0,0.9331981,1
img_05601_2024,0.0,0.09011453,0
img_05594_2024,0.0,0.18439144,0
img_05591_2024,0.0,0.9055649,0
img_05600_2024,0.0,0.0036589492,0
img_05592_2024,0.0,0.10988338,0
img_05613_2024,0.0,0.6231866,0
img_05611_2024,0.0,0.54964054,0
img_05599_2024,0.0,0.074521095,0
img_05612_2024,0.0,0.027159005,0
img_05608_2024,0.0,0.051793527,0
img_05605_2024,0.0,0.062446367,0
img_05610_2024,0.0,0.024738848,0
img_05609_2024,0.0,0.8076547,0
img_05620_2024,0.0,0.0034925714,0
img_05615_2024,0.0,0.3909813,0
img_05616_2024,0.0,0.254049,0
img_05622_2024,0.0,0.9396699,1
img_05623_2024,0.0,0.0251495,0
img_05624_2024,0.0,0.6031467,0
img_05606_2024,0.0,0.007535252,0
img_05618_2024,0.0,0.05522027,0
img_05625_2024,0.0,0.06332201,0
img_05617_2024,0.0,0.11552775,0
img_05626_2024,0.0,0.07089468,0
img_05621_2024,0.0,0.08794715,0
img_05628_2024,0.0,0.27437004,0
img_05630_2024,0.0,0.7915337,0
img_05619_2024,0.0,0.05317641,0
img_05614_2024,0.0,0.06735491,0
img_05636_2024,0.0,0.1809967,0
img_05633_2024,0.0,0.10877322,0
img_05632_2024,0.0,0.12548676,0
img_05634_2024,0.0,0.4112517,0
img_05631_2024,0.0,0.9731568,1
img_05629_2024,0.0,0.01564021,0
img_05643_2024,0.0,0.008761063,0
img_05642_2024,0.0,0.29901132,0
img_05627_2024,0.0,0.035004254,0
img_05635_2024,0.0,0.07751822,0
img_05640_2024,0.0,0.50580084,0
img_05644_2024,0.0,0.3118191,0
img_05637_2024,0.0,0.043821357,0
img_05646_2024,0.0,0.04789304,0
img_05639_2024,0.0,0.031033834,0
img_05641_2024,0.0,0.3302293,0
img_05649_2024,0.0,0.1129847,0
img_05648_2024,0.0,0.030034086,0
img_05638_2024,0.0,0.0025440727,0
img_05650_2024,0.0,0.024678115,0
img_05645_2024,0.0,0.1558806,0
img_05651_2024,0.0,0.002452907,0
img_05652_2024,0.0,0.13151242,0
img_05647_2024,0.0,0.14719255,0
img_05654_2024,0.0,0.11575447,0
img_05661_2024,0.0,0.26352543,0
img_05653_2024,0.0,0.115137085,0
img_05658_2024,0.0,0.11734991,0
img_05666_2024,0.0,0.45074525,0
img_05655_2024,0.0,0.44913417,0
img_05659_2024,0.0,0.6703387,0
img_05663_2024,0.0,0.056100897,0
img_05665_2024,0.0,0.13390781,0
img_05656_2024,0.0,0.0716982,0
img_05667_2024,0.0,0.039807048,0
img_05668_2024,0.0,0.1590091,0
img_05657_2024,0.0,0.017857663,0
img_05670_2024,0.0,0.19058618,0
img_05662_2024,0.0,0.84429675,0
img_05660_2024,0.0,0.009472227,0
img_05664_2024,0.0,0.05078747,0
img_05671_2024,0.0,0.10202239,0
img_05673_2024,0.0,0.041639995,0
img_05675_2024,0.0,0.5244156,0
img_05676_2024,0.0,0.6514703,0
img_05672_2024,0.0,0.16530392,0
img_05679_2024,0.0,0.4500839,0
img_05674_2024,0.0,0.10024563,0
img_05677_2024,0.0,0.93715876,1
img_05684_2024,0.0,0.018110868,0
img_05680_2024,0.0,0.0070589394,0
img_05681_2024,0.0,0.019806532,0
img_05688_2024,0.0,0.008802703,0
img_05686_2024,0.0,0.21497217,0
img_05683_2024,0.0,0.36946693,0
img_05685_2024,0.0,0.30338508,0
img_05691_2024,0.0,0.031854745,0
img_05678_2024,0.0,0.3554627,0
img_05693_2024,0.0,0.030326942,0
img_05692_2024,0.0,0.030558068,0
img_05689_2024,0.0,0.13747446,0
img_05694_2024,0.0,0.27103314,0
img_05690_2024,0.0,0.17390084,0
img_05669_p01_2024,0.0,0.04752437,0
img_05669_p02_2024,0.0,0.017623574,0
img_05687_2024,0.0,0.2970492,0
img_05696_2024,0.0,0.09126812,0
img_05697_2024,0.0,0.029227275,0
img_05701_2024,0.0,0.013259625,0
img_05698_2024,0.0,0.050072916,0
img_05700_2024,0.0,0.62760377,0
img_05702_2024,0.0,0.10631301,0
img_05699_2024,0.0,0.37538847,0
img_05705_2024,0.0,0.028349096,0
img_05707_2024,0.0,0.13558945,0
img_05703_2024,0.0,0.4367501,0
img_05695_2024,0.0,0.14445233,0
img_05709_2024,0.0,0.046344616,0
img_05710_2024,0.0,0.58594954,0
img_05708_2024,0.0,0.20034435,0
img_05704_2024,0.0,0.004207522,0
img_05711_2024,0.0,0.1310221,0
img_05713_2024,0.0,0.13970686,0
img_05714_2024,0.0,0.30764708,0
img_05706_2024,0.0,0.022088656,0
img_05712_2024,0.0,0.012913423,0
img_05716_2024,0.0,0.020168506,0
img_05718_2024,0.0,0.8577093,0
img_05715_2024,0.0,0.09919705,0
img_05722_2024,0.0,0.63122714,0
img_05717_2024,0.0,0.008678021,0
img_05721_2024,0.0,0.011919254,0
img_05726_2024,0.0,0.16500829,0
img_05720_2024,0.0,0.22361346,0
img_05731_2024,0.0,0.023007158,0
img_05728_2024,0.0,0.31567517,0
img_05723_2024,0.0,0.0067114583,0
img_05735_2024,0.0,0.80944425,0
img_05725_2024,0.0,0.11661871,0
img_05733_2024,0.0,0.036118023,0
img_05729_2024,0.0,0.0027493886,0
img_05739_2024,0.0,0.16132708,0
img_05734_2024,0.0,0.039098382,0
img_05741_2024,0.0,0.09306349,0
img_05738_2024,0.0,0.085370235,0
img_05737_2024,0.0,0.016851198,0
img_05682_p01_2024,0.0,0.010389559,0
img_05682_p02_2024,0.0,0.04870694,0
img_05682_p03_2024,0.0,0.1629583,0
img_05744_2024,0.0,0.017475083,0
img_05732_2024,0.0,0.06828159,0
img_05367_p01_2024,0.0,0.004354098,0
img_05367_p02_2024,0.0,0.020275159,0
img_05367_p03_2024,0.0,0.04857082,0
img_05367_p04_2024,0.0,0.025352573,0
img_05367_p05_2024,0.0,0.023854692,0
img_05367_p06_2024,0.0,0.0071216943,0
img_05367_p07_2024,0.0,0.013047682,0
img_05367_p08_2024,0.0,0.02317245,0
img_05367_p09_2024,0.0,0.042933695,0
img_05367_p10_2024,0.0,0.005861449,0
img_05367_p11_2024,0.0,0.0028780582,0
img_05367_p12_2024,0.0,0.005236159,0
img_05367_p13_2024,0.0,0.19616273,0
img_05367_p14_2024,0.0,0.117101,0
img_05367_p15_2024,0.0,0.0028747735,0
img_05367_p16_2024,0.0,0.00806736,0
img_05367_p17_2024,0.0,0.2096785,0
img_05743_2024,0.0,0.03267289,0
img_05745_2024,0.0,0.15783635,0
img_05742_2024,0.0,0.1382474,0
img_05748_2024,0.0,0.47331753,0
img_05740_2024,0.0,0.011868687,0
img_05746_2024,0.0,0.6500467,0
img_05747_2024,0.0,0.16792515,0
img_05749_2024,0.0,0.098488584,0
img_05750_2024,0.0,0.037153706,0
img_05719_p01_2024,0.0,0.1523593,0
img_05719_p02_2024,0.0,0.014420147,0
img_05736_2024,0.0,0.017029932,0
img_05751_2024,0.0,0.033995032,0
img_05753_2024,0.0,0.05121676,0
img_05754_2024,0.0,0.11099844,0
img_05756_2024,0.0,0.08519437,0
img_05755_2024,0.0,0.0380673,0
img_05757_2024,0.0,0.066663094,0
img_05763_2024,0.0,0.026943523,0
img_05762_2024,0.0,0.010821231,0
img_05758_2024,0.0,0.077469006,0
img_05760_2024,0.0,0.06564408,0
img_05759_2024,0.0,0.18907912,0
img_05764_2024,0.0,0.09094117,0
img_05766_2024,0.0,0.36015275,0
img_05761_2024,0.0,0.010848032,0
img_05767_2024,0.0,0.11877064,0
img_05752_2024,0.0,0.016336372,0
img_05765_2024,0.0,0.43492302,0
img_05771_2024,0.0,0.090098545,0
img_05770_2024,0.0,0.027036726,0
img_05773_2024,0.0,0.038306855,0
img_05777_2024,0.0,0.046041064,0
img_05772_2024,0.0,0.21072237,0
img_05769_2024,0.0,0.0048343735,0
img_05780_2024,0.0,0.013484771,0
img_05779_2024,0.0,0.05201783,0
img_05774_2024,0.0,0.010879964,0
img_05730_p02_2024,0.0,0.010973381,0
img_05730_p03_2024,0.0,0.007924218,0
img_05730_p04_2024,0.0,0.0069573508,0
img_05775_2024,0.0,0.3224458,0
img_05786_2024,0.0,0.6608671,0
img_05787_2024,0.0,0.105554916,0
img_05776_2024,0.0,0.016641937,0
img_05781_2024,0.0,0.11860424,0
img_05783_2024,0.0,0.74815345,0
img_05784_2024,0.0,0.1921093,0
img_05782_2024,0.0,0.03572805,0
img_05788_2024,0.0,0.43423042,0
img_05785_2024,0.0,0.027222088,0
img_05791_2024,0.0,0.012799184,0
img_05778_2024,0.0,0.0480466,0
img_05790_2024,0.0,0.16849892,0
img_05793_2024,0.0,0.06579462,0
img_05794_2024,0.0,0.049790192,0
img_05792_2024,0.0,0.017751832,0
img_05797_2024,0.0,0.003247954,0
img_05789_2024,0.0,0.23107044,0
img_05795_2024,0.0,0.31623855,0
img_05796_2024,0.0,0.023208326,0
img_05800_2024,0.0,0.2123307,0
img_05801_2024,0.0,0.034933608,0
img_05798_2024,0.0,0.02223749,0
img_05802_2024,0.0,0.6737079,0
img_05803_2024,0.0,0.028581262,0
img_05799_2024,0.0,0.14136933,0
img_05804_2024,0.0,0.024747726,0
img_05807_2024,0.0,0.038813345,0
img_05805_2024,0.0,0.11363663,0
img_05813_2024,0.0,0.05242499,0
img_05808_2024,0.0,0.07460599,0
img_05806_2024,0.0,0.1661949,0
img_05810_2024,0.0,0.0074154683,0
img_05811_2024,0.0,0.63536155,0
img_05724_p01_2024,0.0,0.00784611,0
img_05724_p02_2024,0.0,0.012142947,0
img_05724_p03_2024,0.0,0.03812191,0
img_05724_p04_2024,0.0,0.04321132,0
img_05724_p05_2024,0.0,0.004846462,0
img_05724_p06_2024,0.0,0.010462313,0
img_05809_2024,0.0,0.47593838,0
img_05814_2024,0.0,0.7031716,0
img_05816_2024,0.0,0.012249446,0
img_05812_2024,0.0,0.066323645,0
img_05815_2024,0.0,0.1930223,0
img_05820_2024,0.0,0.006162641,0
img_05819_2024,0.0,0.029424142,0
img_05818_2024,0.0,0.17610179,0
img_05822_2024,0.0,0.025556237,0
img_05821_2024,0.0,0.2461929,0
img_05823_2024,0.0,0.2305437,0
img_05817_2024,0.0,0.026718099,0
img_05827_2024,0.0,0.007643276,0
img_05831_2024,0.0,0.009352677,0
img_05825_2024,0.0,0.013806889,0
img_05826_2024,0.0,0.7010856,0
img_05824_2024,0.0,0.09981743,0
img_05830_2024,0.0,0.0383488,0
img_05828_2024,0.0,0.051198266,0
img_05834_2024,0.0,0.16178758,0
img_05829_2024,0.0,0.092189535,0
img_05833_2024,0.0,0.14286295,0
img_05832_2024,0.0,0.05664444,0
img_05838_2024,0.0,0.10269932,0
img_05836_2024,0.0,0.07370538,0
img_05839_2024,0.0,0.0035065226,0
img_05840_2024,0.0,0.012574196,0
img_05841_2024,0.0,0.012286307,0
img_05842_2024,0.0,0.088789396,0
img_05848_2024,0.0,0.006696957,0
img_05844_2024,0.0,0.19177097,0
img_05846_2024,0.0,0.046177518,0
img_05837_2024,0.0,0.2664295,0
img_05843_2024,0.0,0.044298004,0
img_05835_2024,0.0,0.63131124,0
img_05847_2024,0.0,0.0054980735,0
img_05845_2024,0.0,0.28985354,0
img_05855_2024,0.0,0.045630347,0
img_05852_2024,0.0,0.001655963,0
img_05854_2024,0.0,0.052106433,0
img_05859_2024,0.0,0.41796604,0
img_05853_2024,0.0,0.2723015,0
img_05860_2024,0.0,0.021667369,0
img_05851_2024,0.0,0.07567476,0
img_05862_2024,0.0,0.66798747,0
img_05857_2024,0.0,0.62845546,0
img_05861_2024,0.0,0.8480226,0
img_05856_2024,0.0,0.03237071,0
img_05865_2024,0.0,0.14114909,0
img_05850_2024,0.0,0.1769492,0
img_05849_2024,0.0,0.5630425,0
img_05868_2024,0.0,0.8767231,0
img_05768_p01_2024,0.0,0.02335925,0
img_05768_p02_2024,0.0,0.001767098,0
img_05768_p03_2024,0.0,0.029055428,0
img_05768_p04_2024,0.0,0.014238818,0
img_05768_p05_2024,0.0,0.057317395,0
img_05768_p06_2024,0.0,0.034826703,0
img_05866_2024,0.0,0.9038677,0
img_05867_2024,0.0,0.2598123,0
img_05863_2024,0.0,0.012681527,0
img_05870_2024,0.0,0.090995245,0
img_05873_2024,0.0,0.017149907,0
img_05869_2024,0.0,0.01297117,0
img_05864_2024,0.0,0.18031648,0
img_05872_2024,0.0,0.029604027,0
img_05871_2024,0.0,0.2583876,0
img_05876_2024,0.0,0.07246424,0
img_05878_2024,0.0,0.15622592,0
img_05874_2024,0.0,0.091390826,0
img_05881_2024,0.0,0.022113007,0
img_05885_2024,0.0,0.037419606,0
img_05877_2024,0.0,0.3604496,0
img_05883_2024,0.0,0.045415197,0
img_05882_2024,0.0,0.20465621,0
img_05887_2024,0.0,0.16554625,0
img_05879_2024,0.0,0.09683064,0
img_05888_2024,0.0,0.84831303,0
img_05891_2024,0.0,0.5003058,0
img_05890_2024,0.0,0.036532946,0
img_05886_2024,0.0,0.14649503,0
img_05893_2024,0.0,0.42830506,0
img_05884_2024,0.0,0.73470145,0
img_05889_2024,0.0,0.48516887,0
img_05875_p01_2024,0.0,0.050642364,0
img_05875_p02_2024,0.0,0.15634993,0
img_05892_2024,0.0,0.020197915,0
img_05898_2024,0.0,0.05762114,0
img_05880_2024,0.0,0.004635756,0
img_05895_2024,0.0,0.08252933,0
img_05896_2024,0.0,0.38138485,0
img_05894_2024,0.0,0.0016048811,0
img_05897_2024,0.0,0.051036097,0
img_05901_2024,0.0,0.1309556,0
img_05900_2024,0.0,0.042597096,0
img_05899_2024,0.0,0.04310771,0
img_05902_2024,0.0,0.06435442,0
img_05903_2024,0.0,0.056551296,0
img_05904_2024,0.0,0.33586755,0
img_05910_2024,0.0,0.13597916,0
img_05908_2024,0.0,0.03110221,0
img_05912_2024,0.0,0.8365347,0
img_05914_2024,0.0,0.04338592,0
img_05907_2024,0.0,0.014923531,0
img_05913_2024,0.0,0.12075241,0
img_05906_2024,0.0,0.91851413,1
img_05915_2024,0.0,0.060482405,0
img_05911_2024,0.0,0.05826087,0
img_05909_2024,0.0,0.6890082,0
img_05916_2024,0.0,0.061123528,0
img_05905_2024,0.0,0.042430796,0
img_05918_2024,0.0,0.028094754,0
img_05917_2024,0.0,0.009456542,0
img_05923_2024,0.0,0.016172443,0
img_05919_2024,0.0,0.5335671,0
img_05921_2024,0.0,0.008075215,0
img_05922_2024,0.0,0.26613212,0
img_05925_2024,0.0,0.3274256,0
img_05920_2024,0.0,0.018183794,0
img_05929_2024,0.0,0.09289743,0
img_05926_2024,0.0,0.6517854,0
img_05931_2024,0.0,0.03106901,0
img_05928_2024,0.0,0.42866224,0
img_05927_2024,0.0,0.5534762,0
img_05932_2024,0.0,0.005131066,0
img_05924_2024,0.0,0.021211525,0
img_05933_2024,0.0,0.16473977,0
img_05930_2024,0.0,0.10028372,0
img_05943_2024,0.0,0.019670963,0
img_05942_2024,0.0,0.05684014,0
img_05944_2024,0.0,0.007461305,0
img_05934_2024,0.0,0.07008834,0
img_05939_2024,0.0,0.08708779,0
img_05935_2024,0.0,0.08713001,0
img_05937_2024,0.0,0.00934649,0
img_05940_2024,0.0,0.033735126,0
img_05946_2024,0.0,0.17428198,0
img_05941_2024,0.0,0.11604844,0
img_05949_2024,0.0,0.42575353,0
img_05947_2024,0.0,0.01903725,0
img_05936_2024,0.0,0.008822239,0
img_05948_2024,0.0,0.0051055313,0
img_05858_p01_2024,0.0,0.014921094,0
img_05858_p02_2024,0.0,0.07028552,0
img_05858_p03_2024,0.0,0.06975925,0
img_05858_p04_2024,0.0,0.02023403,0
img_05951_2024,0.0,0.45014524,0
img_05950_2024,0.0,0.11394378,0
img_05954_2024,0.0,0.010715149,0
img_05956_2024,0.0,0.010031446,0
img_05955_2024,0.0,0.18835416,0
img_05953_2024,0.0,0.050219834,0
img_05952_2024,0.0,0.030482147,0
img_05957_2024,0.0,0.083800785,0
img_05959_2024,0.0,0.15657613,0
img_05938_p01_2024,0.0,0.033191368,0
img_05938_p02_2024,0.0,0.006221122,0
img_05961_2024,0.0,0.026648303,0
img_05962_2024,0.0,0.63992655,0
img_05963_2024,0.0,0.36007035,0
img_05727_p01_2024,0.0,0.047638718,0
img_05727_p02_2024,0.0,0.02946334,0
img_05727_p03_2024,0.0,0.11955798,0
img_05727_p04_2024,0.0,0.0488514,0
img_05727_p05_2024,0.0,0.05725942,0
img_05727_p06_2024,0.0,0.01661988,0
img_05727_p07_2024,0.0,0.03925229,0
img_05727_p08_2024,0.0,0.052180998,0
img_05727_p09_2024,0.0,0.02934466,0
img_05727_p10_2024,0.0,0.021960039,0
img_05727_p11_2024,0.0,0.074285045,0
img_05965_2024,0.0,0.0022591508,0
img_05966_2024,0.0,0.7085191,0
img_05964_2024,0.0,0.015812602,0
img_05958_2024,0.0,0.00420162,0
img_05971_2024,0.0,0.04296058,0
img_05973_2024,0.0,0.058001332,0
img_05960_2024,0.0,0.0834745,0
img_05967_2024,0.0,0.44744745,0
img_05970_2024,0.0,0.16907625,0
img_05976_2024,0.0,0.521547,0
img_05981_2024,0.0,0.0088456925,0
img_05977_2024,0.0,0.01585463,0
img_05978_2024,0.0,0.015138401,0
img_05972_2024,0.0,0.043463606,0
img_05979_2024,0.0,0.023180658,0
img_05982_2024,0.0,0.031462863,0
img_05985_2024,0.0,0.2764326,0
img_05968_2024,0.0,0.019088782,0
img_05987_2024,0.0,0.039017703,0
img_05983_2024,0.0,0.60104823,0
img_05993_2024,0.0,0.65198714,0
img_05991_2024,0.0,0.56316745,0
img_05992_2024,0.0,0.016429882,0
img_05984_2024,0.0,0.11686747,0
img_05989_2024,0.0,0.016033895,0
img_05986_2024,0.0,0.25660682,0
img_05990_2024,0.0,0.19161047,0
img_05969_2024,0.0,0.05996306,0
img_05980_2024,0.0,0.1816449,0
img_05996_2024,0.0,0.010767976,0
img_05998_2024,0.0,0.049628917,0
img_05995_2024,0.0,0.01626058,0
img_05997_2024,0.0,0.7060646,0
img_05994_2024,0.0,0.010048236,0
img_05988_2024,0.0,0.0078119347,0
img_06000_2024,0.0,0.03000817,0
img_06002_2024,0.0,0.24658635,0
img_05999_2024,0.0,0.015883336,0
img_06006_2024,0.0,0.08242326,0
img_05945_p01_2024,0.0,0.0069013806,0
img_05945_p02_2024,0.0,0.018266764,0
img_05945_p03_2024,0.0,0.014031914,0
img_05945_p04_2024,0.0,0.021824848,0
img_06001_2024,0.0,0.0047160247,0
img_06004_2024,0.0,0.975,1
img_06003_2024,0.0,0.018890854,0
img_06007_2024,0.0,0.8194478,0
img_06008_2024,0.0,0.7494885,0
img_06005_2024,0.0,0.014338456,0
img_06010_2024,0.0,0.019043077,0
img_06012_2024,0.0,0.03425923,0
img_06014_2024,0.0,0.345834,0
img_06009_2024,0.0,0.75148,0
img_06017_2024,0.0,0.026542027,0
img_05975_p01_2024,0.0,0.014675075,0
img_05975_p02_2024,0.0,0.016447892,0
img_06013_2024,0.0,0.071122915,0
img_06011_2024,0.0,0.14353943,0
img_06015_2024,0.0,0.022073064,0
img_06020_2024,0.0,0.008373465,0
img_06019_2024,0.0,0.24808344,0
img_06021_2024,0.0,0.11611895,0
img_06022_2024,0.0,0.02452651,0
img_06018_2024,0.0,0.16655478,0
img_06023_2024,0.0,0.014603728,0
img_06016_2024,0.0,0.062231027,0
img_06024_2024,0.0,0.06543807,0
img_06034_2024,0.0,0.030529913,0
img_06032_2024,0.0,0.14060849,0
img_06029_2024,0.0,0.048014004,0
img_06031_2024,0.0,0.021068374,0
img_06025_2024,0.0,0.05139386,0
img_06030_2024,0.0,0.13095662,0
img_06036_2024,0.0,0.110913314,0
img_06028_2024,0.0,0.021686304,0
img_05974_p01_2024,0.0,0.593588,0
img_05974_p02_2024,0.0,0.027130136,0
img_05974_p03_2024,0.0,0.80369645,0
img_06040_2024,0.0,0.24979302,0
img_06039_2024,0.0,0.07323726,0
img_06033_2024,0.0,0.014672431,0
img_06027_2024,0.0,0.08869631,0
img_06042_2024,0.0,0.034101956,0
img_06038_2024,0.0,0.0015249444,0
img_06037_2024,0.0,0.058218163,0
img_06043_2024,0.0,0.09650682,0
img_06041_2024,0.0,0.0048564086,0
img_06026_2024,0.0,0.8579628,0
img_06045_2024,0.0,0.13861558,0
img_06049_2024,0.0,0.040922515,0
img_06048_2024,0.0,0.23081644,0
img_06044_2024,0.0,0.06009649,0
img_06052_2024,0.0,0.13202438,0
img_06056_2024,0.0,0.05684942,0
img_06047_2024,0.0,0.013286827,0
img_06046_2024,0.0,0.06668629,0
img_06053_2024,0.0,0.010311658,0
img_06057_2024,0.0,0.0069727697,0
img_06051_2024,0.0,0.7022681,0
img_06054_2024,0.0,0.2412585,0
img_06062_2024,0.0,0.1658878,0
img_06060_2024,0.0,0.09027718,0
img_06058_2024,0.0,0.027290657,0
img_06050_2024,0.0,0.53024256,0
img_06059_2024,0.0,0.02396616,0
img_06066_2024,0.0,0.08163742,0
img_06065_2024,0.0,0.83275634,0
img_06055_2024,0.0,0.11512258,0
img_06073_2024,0.0,0.009510657,0
img_06071_2024,0.0,0.003000176,0
img_06072_2024,0.0,0.039818477,0
img_06067_2024,0.0,0.43250784,0
img_06070_2024,0.0,0.7868981,0
img_06064_2024,0.0,0.15420802,0
img_06063_2024,0.0,0.17769785,0
img_06074_2024,0.0,0.25375807,0
img_06075_2024,0.0,0.0020788382,0
img_06069_2024,0.0,0.38155228,0
img_06077_2024,0.0,0.16536236,0
img_06076_2024,0.0,0.011085665,0
img_06080_2024,0.0,0.06975948,0
img_06079_2024,0.0,0.45989323,0
img_06078_2024,0.0,0.62144846,0
img_06068_2024,0.0,0.041040055,0
img_06085_2024,0.0,0.15781116,0
img_06084_2024,0.0,0.7176626,0
img_06082_2024,0.0,0.44418734,0
img_06088_2024,0.0,0.1145262,0
img_06081_2024,0.0,0.0058395127,0
img_06089_2024,0.0,0.25504535,0
img_06083_2024,0.0,0.022390645,0
img_06086_2024,0.0,0.098100916,0
img_06090_2024,0.0,0.034312826,0
img_06092_2024,0.0,0.009445421,0
img_06091_2024,0.0,0.5029522,0
img_06094_2024,0.0,0.03460499,0
img_06096_2024,0.0,0.51050794,0
img_06095_2024,0.0,0.013596234,0
img_06097_2024,0.0,0.38082066,0
img_06098_2024,0.0,0.15039304,0
img_06101_2024,0.0,0.2061305,0
img_06099_2024,0.0,0.08091931,0
img_06102_2024,0.0,0.977537,1
img_06105_2024,0.0,0.12366555,0
img_06104_2024,0.0,0.009533708,0
img_06100_2024,0.0,0.8545513,0
img_06103_2024,0.0,0.12974784,0
img_06106_2024,0.0,0.13629672,0
img_06107_2024,0.0,0.6893037,0
img_06108_2024,0.0,0.055317074,0
img_06110_2024,0.0,0.22363119,0
img_06112_2024,0.0,0.13122614,0
img_06109_2024,0.0,0.10418508,0
img_06111_2024,0.0,0.118279144,0
img_06113_2024,0.0,0.043069586,0
img_06115_2024,0.0,0.0406039,0
img_06116_2024,0.0,0.08458237,0
img_06114_2024,0.0,0.033653345,0
img_06120_2024,0.0,0.0071713785,0
img_06121_2024,0.0,0.027954414,0
img_06122_2024,0.0,0.008592024,0
img_06119_2024,0.0,0.12301221,0
img_06117_2024,0.0,0.008506137,0
img_06126_2024,0.0,0.026578045,0
img_06118_2024,0.0,0.18239419,0
img_06123_2024,0.0,0.023245761,0
img_06061_p01_2024,0.0,0.02481041,0
img_06061_p02_2024,0.0,0.028643792,0
img_06061_p03_2024,0.0,0.0075577423,0
img_06061_p04_2024,0.0,0.0059487694,0
img_06127_2024,0.0,0.068751015,0
img_06129_2024,0.0,0.068832055,0
img_06128_2024,0.0,0.34391034,0
img_06133_2024,0.0,0.048462115,0
img_06131_2024,0.0,0.21267505,0
img_06132_2024,0.0,0.15057273,0
img_06138_2024,0.0,0.04632739,0
img_06136_2024,0.0,0.04186179,0
img_06035_p01_2024,0.0,0.11798161,0
img_06035_p02_2024,0.0,0.043239206,0
img_06035_p03_2024,0.0,0.055207044,0
img_06035_p04_2024,0.0,0.016960591,0
img_06141_2024,0.0,0.010962919,0
img_06134_2024,0.0,0.13786104,0
img_06139_2024,0.0,0.3084137,0
img_06124_2024,0.0,0.01109808,0
img_06135_2024,0.0,0.06487772,0
img_06137_2024,0.0,0.041794397,0
img_06140_2024,0.0,0.062192224,0
img_06142_2024,0.0,0.011313962,0
img_06145_2024,0.0,0.051134974,0
img_06144_2024,0.0,0.13032475,0
img_06125_p01_2024,0.0,0.00972973,0
img_06125_p02_2024,0.0,0.010829003,0
img_06146_2024,0.0,0.0071490766,0
img_06150_2024,0.0,0.38265577,0
img_06143_2024,0.0,0.038577355,0
img_06149_2024,0.0,0.013271719,0
img_06151_2024,0.0,0.14439057,0
img_06148_2024,0.0,0.115859464,0
img_06153_2024,0.0,0.0040545296,0
img_06155_2024,0.0,0.040353052,0
img_06154_2024,0.0,0.04073039,0
img_06156_2024,0.0,0.46284276,0
img_06093_p01_2024,0.0,0.033117585,0
img_06093_p02_2024,0.0,0.01364251,0
img_06093_p03_2024,0.0,0.013025348,0
img_06093_p04_2024,0.0,0.007550621,0
img_06152_2024,0.0,0.04191886,0
img_06158_2024,0.0,0.14000764,0
img_06157_2024,0.0,0.021264505,0
img_06161_2024,0.0,0.09231644,0
img_06160_2024,0.0,0.09468658,0
img_06166_2024,0.0,0.014212157,0
img_06165_2024,0.0,0.7014112,0
img_06167_2024,0.0,0.089389905,0
img_06162_2024,0.0,0.18010458,0
img_06168_2024,0.0,0.06537596,0
img_06164_2024,0.0,0.8267168,0
img_06159_2024,0.0,0.0348194,0
img_06171_2024,0.0,0.039631348,0
img_06163_2024,0.0,0.15312426,0
img_06170_2024,0.0,0.029840624,0
img_06172_2024,0.0,0.012578634,0
img_06173_2024,0.0,0.028344568,0
img_06174_2024,0.0,0.373719,0
img_06175_2024,0.0,0.059951343,0
img_06178_2024,0.0,0.04746161,0
img_06181_2024,0.0,0.23680834,0
img_06179_2024,0.0,0.12863918,0
img_06180_2024,0.0,0.006853831,0
img_06184_2024,0.0,0.23862323,0
img_06183_2024,0.0,0.85982066,0
img_06185_2024,0.0,0.05601468,0
img_06182_2024,0.0,0.07657343,0
img_06188_2024,0.0,0.26406044,0
img_06177_2024,0.0,0.029739153,0
img_06191_2024,0.0,0.021600118,0
img_06187_2024,0.0,0.09385808,0
img_06189_2024,0.0,0.7259286,0
img_06194_2024,0.0,0.23993531,0
img_06197_2024,0.0,0.010182133,0
img_06196_2024,0.0,0.06060941,0
img_06192_2024,0.0,0.8833415,0
img_06190_2024,0.0,0.018613491,0
img_06176_p01_2024,0.0,0.012348361,0
img_06176_p02_2024,0.0,0.09574651,0
img_06202_2024,0.0,0.180343,0
img_06200_2024,0.0,0.64736354,0
img_06195_2024,0.0,0.2959935,0
img_06193_2024,0.0,0.030830303,0
img_06203_2024,0.0,0.24150863,0
img_06201_2024,0.0,0.02089729,0
img_06204_2024,0.0,0.034508605,0
img_06206_2024,0.0,0.0049629,0
img_06207_2024,0.0,0.027939375,0
img_06209_2024,0.0,0.07733091,0
img_06205_2024,0.0,0.044441953,0
img_06212_2024,0.0,0.026589304,0
img_06210_2024,0.0,0.29593855,0
img_06211_2024,0.0,0.0080326665,0
img_06215_2024,0.0,0.3935073,0
img_06214_2024,0.0,0.013266116,0
img_06087_p01_2024,0.0,0.0054714787,0
img_06087_p02_2024,0.0,0.008016264,0
img_06087_p03_2024,0.0,0.005942504,0
img_06087_p04_2024,0.0,0.0054775574,0
img_06087_p05_2024,0.0,0.0038241427,0
img_06087_p06_2024,0.0,0.0032036703,0
img_06216_2024,0.0,0.012929821,0
img_06213_2024,0.0,0.18205774,0
img_06208_2024,0.0,0.010186651,0
img_06147_p01_2024,0.0,0.012922684,0
img_06147_p02_2024,0.0,0.015543342,0
img_06147_p03_2024,0.0,0.03478656,0
img_06147_p04_2024,0.0,0.01456286,0
img_06130_p01_2024,0.0,0.0028292611,0
img_06130_p02_2024,0.0,0.011778488,0
img_06130_p03_2024,0.0,0.008687334,0
img_06130_p04_2024,0.0,0.011922459,0
img_06217_2024,0.0,0.23747647,0
img_06219_2024,0.0,0.5882168,0
img_06218_2024,0.0,0.0070443996,0
img_06225_2024,0.0,0.018231314,0
img_06224_2024,0.0,0.9871624,1
img_06223_2024,0.0,0.08051599,0
img_06221_2024,0.0,0.12677003,0
img_06231_2024,0.0,0.0062874095,0
img_06228_2024,0.0,0.07781508,0
img_06229_2024,0.0,0.8954226,0
img_06222_2024,0.0,0.1640271,0
img_06234_2024,0.0,0.75128925,0
img_06226_2024,0.0,0.025269493,0
img_06235_2024,0.0,0.9618408,1
img_06230_2024,0.0,0.10733433,0
img_06237_2024,0.0,0.72707164,0
img_06169_p01_2024,0.0,0.027037522,0
img_06169_p02_2024,0.0,0.07634248,0
img_06169_p03_2024,0.0,0.020207629,0
img_06169_p04_2024,0.0,0.012439294,0
img_06241_2024,0.0,0.061113972,0
img_06236_2024,0.0,0.055786632,0
img_06233_2024,0.0,0.5265933,0
img_06240_2024,0.0,0.014305676,0
img_06227_2024,0.0,0.008483864,0
img_06232_2024,0.0,0.29149336,0
img_06245_2024,0.0,0.028081536,0
img_06238_2024,0.0,0.05191164,0
img_06246_2024,0.0,0.33300197,0
img_06242_2024,0.0,0.043916073,0
img_06247_2024,0.0,0.51517034,0
img_06239_2024,0.0,0.8909923,0
img_06251_2024,0.0,0.050399233,0
img_06250_2024,0.0,0.002983479,0
img_06249_2024,0.0,0.073764876,0
img_06252_2024,0.0,0.040105324,0
img_06244_2024,0.0,0.021298286,0
img_06243_2024,0.0,0.021380177,0
img_06255_2024,0.0,0.2700774,0
img_06248_2024,0.0,0.120383404,0
img_06260_2024,0.0,0.120646164,0
img_06253_2024,0.0,0.053032488,0
img_06263_2024,0.0,0.232475,0
img_06259_2024,0.0,0.14780018,0
img_06254_2024,0.0,0.19184965,0
img_06257_2024,0.0,0.8724486,0
img_06258_2024,0.0,0.03632774,0
img_06256_2024,0.0,0.4445538,0
img_06266_2024,0.0,0.9889232,1
img_06261_2024,0.0,0.38775015,0
img_06262_2024,0.0,0.075928286,0
img_06268_2024,0.0,0.045504067,0
img_06269_2024,0.0,0.01595338,0
img_06264_2024,0.0,0.03953942,0
img_06270_2024,0.0,0.021243108,0
img_06272_2024,0.0,0.074733905,0
img_06273_2024,0.0,0.62728614,0
img_06267_2024,0.0,0.02051262,0
img_06274_2024,0.0,0.40153232,0
img_06271_2024,0.0,0.12733406,0
img_06275_2024,0.0,0.4166585,0
img_06276_2024,0.0,0.26829582,0
img_06278_2024,0.0,0.31534797,0
img_06281_2024,0.0,0.067190364,0
img_06199_p01_2024,0.0,0.010781983,0
img_06199_p02_2024,0.0,0.023971379,0
img_06199_p03_2024,0.0,0.0040073376,0
img_06199_p04_2024,0.0,0.011424793,0
img_06279_2024,0.0,0.0039019622,0
img_06280_2024,0.0,0.009833859,0
img_06277_2024,0.0,0.023979818,0
img_06284_2024,0.0,0.08194572,0
img_06289_2024,0.0,0.023411328,0
img_06290_2024,0.0,0.052722465,0
img_06283_2024,0.0,0.97604305,1
img_06288_2024,0.0,0.19428763,0
img_06285_2024,0.0,0.024958413,0
img_06286_2024,0.0,0.056331076,0
img_06282_2024,0.0,0.03309498,0
img_06287_2024,0.0,0.4390727,0
img_06291_2024,0.0,0.12956977,0
img_06292_2024,0.0,0.074727915,0
img_06293_2024,0.0,0.15103483,0
img_06295_2024,0.0,0.26322702,0
img_06298_2024,0.0,0.5631712,0
img_06297_2024,0.0,0.24720311,0
img_06294_2024,0.0,0.018653128,0
img_06299_2024,0.0,0.040933914,0
img_06300_2024,0.0,0.034057386,0
img_06303_2024,0.0,0.2884789,0
img_06301_2024,0.0,0.04862811,0
img_06302_2024,0.0,0.033124797,0
img_06304_2024,0.0,0.22040382,0
img_06305_2024,0.0,0.040799238,0
img_06306_2024,0.0,0.05908518,0
img_06296_2024,0.0,0.010099703,0
img_06310_2024,0.0,0.014599311,0
img_06311_2024,0.0,0.18094154,0
img_06308_2024,0.0,0.08700835,0
img_06313_2024,0.0,0.50235546,0
img_06312_2024,0.0,0.03005388,0
img_06307_2024,0.0,0.29862335,0
img_06314_2024,0.0,0.21221256,0
img_06317_2024,0.0,0.21769318,0
img_06316_2024,0.0,0.047914978,0
img_06319_2024,0.0,0.030341312,0
img_06320_2024,0.0,0.0065903096,0
img_06322_2024,0.0,0.045216117,0
img_06318_2024,0.0,0.035651445,0
img_06315_2024,0.0,0.030433869,0
img_06321_2024,0.0,0.11987756,0
img_06323_2024,0.0,0.048402656,0
img_06324_2024,0.0,0.015681658,0
img_06325_2024,0.0,0.37008268,0
img_06328_2024,0.0,0.0053802165,0
img_06329_2024,0.0,0.07657884,0
img_06326_2024,0.0,0.10505551,0
img_06330_2024,0.0,0.0636039,0
img_06333_2024,0.0,0.7049896,0
img_06327_2024,0.0,0.023848837,0
img_06334_2024,0.0,0.048759885,0
img_06265_p01_2024,0.0,0.06489753,0
img_06265_p02_2024,0.0,0.010557277,0
img_06265_p03_2024,0.0,0.065278396,0
img_06265_p04_2024,0.0,0.038529128,0
img_06335_2024,0.0,0.009693189,0
img_06337_2024,0.0,0.13451847,0
img_06331_2024,0.0,0.49636182,0
img_06336_2024,0.0,0.96500224,1
img_06332_2024,0.0,0.09431906,0
img_06338_2024,0.0,0.014555594,0
img_06341_2024,0.0,0.0066678175,0
img_06344_2024,0.0,0.045722928,0
img_06342_2024,0.0,0.9817365,1
img_06343_2024,0.0,0.7985287,0
img_06339_2024,0.0,0.047813665,0
img_06346_2024,0.0,0.0058198855,0
img_06345_2024,0.0,0.0680847,0
img_06350_2024,0.0,0.05698182,0
img_06347_2024,0.0,0.07443581,0
img_06349_2024,0.0,0.017816264,0
img_06340_2024,0.0,0.053280376,0
img_06348_2024,0.0,0.10496342,0
img_06351_2024,0.0,0.93403673,1
img_06353_2024,0.0,0.06264712,0
img_06352_2024,0.0,0.008346416,0
img_06354_2024,0.0,0.077085204,0
img_06360_2024,0.0,0.0420523,0
img_06355_2024,0.0,0.091961645,0
img_06356_2024,0.0,0.24996884,0
img_06359_2024,0.0,0.14649697,0
img_06358_2024,0.0,0.010094118,0
img_06365_2024,0.0,0.041615777,0
img_06363_2024,0.0,0.092820674,0
img_06357_2024,0.0,0.6220932,0
img_06220_p01_2024,0.0,0.00149223,0
img_06220_p02_2024,0.0,0.00085029734,0
img_06220_p03_2024,0.0,0.0031764247,0
img_06220_p04_2024,0.0,0.008146344,0
img_06220_p05_2024,0.0,0.054496884,0
img_06220_p06_2024,0.0,0.025908476,0
img_06220_p07_2024,0.0,0.058615617,0
img_06364_2024,0.0,0.030679565,0
img_06362_2024,0.0,0.05422153,0
img_06366_2024,0.0,0.060223144,0
img_06375_2024,0.0,0.12710586,0
img_06367_2024,0.0,0.12789151,0
img_06373_2024,0.0,0.12240819,0
img_06372_2024,0.0,0.0048627863,0
img_06376_2024,0.0,0.07477857,0
img_06361_2024,0.0,0.033569466,0
img_06370_2024,0.0,0.84852344,0
img_06369_2024,0.0,0.26290217,0
img_06377_2024,0.0,0.24929753,0
img_06378_2024,0.0,0.36767334,0
img_06371_2024,0.0,0.119159855,0
img_06382_2024,0.0,0.034675237,0
img_06374_2024,0.0,0.25352925,0
img_06384_2024,0.0,0.012139138,0
img_06385_2024,0.0,0.027988415,0
img_06368_2024,0.0,0.046040308,0
img_06381_2024,0.0,0.44918337,0
img_06386_2024,0.0,0.034637593,0
img_06380_2024,0.0,0.019424088,0
img_06388_2024,0.0,0.013775885,0
img_06379_2024,0.0,0.04981197,0
img_06383_2024,0.0,0.07176004,0
img_06389_2024,0.0,0.19802837,0
img_06393_2024,0.0,0.013636589,0
img_06390_2024,0.0,0.007847803,0
img_06394_2024,0.0,0.12308185,0
img_06392_2024,0.0,0.6467039,0
img_06387_2024,0.0,0.6428477,0
img_06391_2024,0.0,0.014114039,0
img_06399_2024,0.0,0.01729476,0
img_06397_2024,0.0,0.41906172,0
img_06402_2024,0.0,0.06283997,0
img_06395_2024,0.0,0.07005091,0
img_06400_2024,0.0,0.6212436,0
img_06401_2024,0.0,0.01984922,0
img_06398_2024,0.0,0.91984224,1
img_06403_2024,0.0,0.24369745,0
img_06396_2024,0.0,0.6578706,0
img_06409_2024,0.0,0.26752338,0
img_06405_2024,0.0,0.077778,0
img_06407_2024,0.0,0.052793074,0
img_06406_2024,0.0,0.03359402,0
img_06411_2024,0.0,0.5102473,0
img_06419_2024,0.0,0.012423528,0
img_06412_2024,0.0,0.15482324,0
img_06408_2024,0.0,0.0076098116,0
img_06414_2024,0.0,0.005328827,0
img_06417_2024,0.0,0.30054814,0
img_06413_2024,0.0,0.22460249,0
img_06415_2024,0.0,0.059205282,0
img_06420_2024,0.0,0.013647767,0
img_06416_2024,0.0,0.03752767,0
img_06418_2024,0.0,0.005291752,0
img_06422_2024,0.0,0.20388456,0
img_06410_2024,0.0,0.053923286,0
img_06424_2024,0.0,0.9369895,1
img_06423_2024,0.0,0.037533294,0
img_06425_2024,0.0,0.00899091,0
img_06421_2024,0.0,0.024885295,0
img_06427_2024,0.0,0.017538765,0
img_06198_p01_2024,0.0,0.03814395,0
img_06198_p02_2024,0.0,0.004034393,0
img_06198_p03_2024,0.0,0.014547719,0
img_06198_p04_2024,0.0,0.0057834745,0
img_06198_p05_2024,0.0,0.015266413,0
img_06198_p06_2024,0.0,0.04022993,0
img_06198_p07_2024,0.0,0.02139273,0
img_06198_p08_2024,0.0,0.11171725,0
img_06198_p09_2024,0.0,0.020794619,0
img_06198_p10_2024,0.0,0.013818601,0
img_06426_2024,0.0,0.01364634,0
img_06435_2024,0.0,0.040916648,0
img_06431_2024,0.0,0.023924239,0
img_06428_2024,0.0,0.036045812,0
img_06432_2024,0.0,0.008014581,0
img_06430_2024,0.0,0.056049913,0
img_06434_2024,0.0,0.015404865,0
img_06438_2024,0.0,0.4830904,0
img_06433_2024,0.0,0.15499641,0
img_06439_2024,0.0,0.013931349,0
img_06437_2024,0.0,0.028264582,0
img_06441_2024,0.0,0.07415928,0
img_06436_2024,0.0,0.33075032,0
img_06440_2024,0.0,0.44617566,0
img_06444_2024,0.0,0.11484734,0
img_06447_2024,0.0,0.02664918,0
img_06443_2024,0.0,0.014047012,0
img_06446_2024,0.0,0.21273687,0
img_06448_2024,0.0,0.07478638,0
img_06445_2024,0.0,0.19043122,0
img_06459_2024,0.0,0.10135677,0
img_06451_2024,0.0,0.72326726,0
img_06455_2024,0.0,0.035062864,0
img_06454_2024,0.0,0.008523744,0
img_06429_p01_2024,0.0,0.02397944,0
img_06429_p02_2024,0.0,0.03831696,0
img_06442_2024,0.0,0.292999,0
img_06449_2024,0.0,0.94362134,1
img_06460_2024,0.0,0.16828667,0
img_06453_2024,0.0,0.41200623,0
img_06452_2024,0.0,0.038613692,0
img_06450_2024,0.0,0.014594281,0
img_06457_2024,0.0,0.1827056,0
img_06462_2024,0.0,0.030542675,0
img_06461_2024,0.0,0.015997823,0
img_06470_2024,0.0,0.3262126,0
img_06469_2024,0.0,0.022199586,0
img_06456_2024,0.0,0.061331738,0
img_06468_2024,0.0,0.01459719,0
img_06466_2024,0.0,0.082685545,0
img_06464_2024,0.0,0.7575429,0
img_06458_2024,0.0,0.11694659,0
img_06471_2024,0.0,0.7672491,0
img_06465_2024,0.0,0.28462023,0
img_06474_2024,0.0,0.060914565,0
img_06475_2024,0.0,0.016058262,0
img_06463_2024,0.0,0.031915467,0
img_06476_2024,0.0,0.040993217,0
img_06472_2024,0.0,0.06669119,0
img_06473_2024,0.0,0.04865297,0
img_06478_2024,0.0,0.17987514,0
img_06477_2024,0.0,0.01541656,0
img_06482_2024,0.0,0.77583236,0
img_06483_2024,0.0,0.033924066,0
img_06486_2024,0.0,0.009838099,0
img_06484_2024,0.0,0.10424541,0
img_06481_2024,0.0,0.031454433,0
img_06489_2024,0.0,0.10142428,0
img_06479_2024,0.0,0.70889026,0
img_06490_2024,0.0,0.0948567,0
img_06488_2024,0.0,0.05699719,0
img_06491_2024,0.0,0.527151,0
img_06487_2024,0.0,0.007094945,0
img_06493_2024,0.0,0.009164307,0
img_06492_2024,0.0,0.33587718,0
img_06494_2024,0.0,0.044846293,0
img_06498_2024,0.0,0.0808661,0
img_06497_2024,0.0,0.06111577,0
img_06501_2024,0.0,0.011674413,0
img_06499_2024,0.0,0.014150405,0
img_06495_2024,0.0,0.013131915,0
img_06496_2024,0.0,0.16125682,0
img_06500_2024,0.0,0.09498657,0
img_06503_2024,0.0,0.04878985,0
img_06502_2024,0.0,0.051198,0
img_06504_2024,0.0,0.029793192,0
img_06480_p01_2024,0.0,0.13031398,0
img_06480_p02_2024,0.0,0.027100023,0
img_06506_2024,0.0,0.06391201,0
img_06507_2024,0.0,0.23028703,0
img_06508_2024,0.0,0.0137972385,0
img_06505_2024,0.0,0.030582506,0
img_06509_2024,0.0,0.056805186,0
img_06516_2024,0.0,0.00658928,0
img_06517_2024,0.0,0.06370835,0
img_06510_2024,0.0,0.031212738,0
img_06519_2024,0.0,0.20831558,0
img_06511_2024,0.0,0.016285723,0
img_06513_2024,0.0,0.13621277,0
img_06521_2024,0.0,0.18980645,0
img_06514_2024,0.0,0.11282895,0
img_06485_p01_2024,0.0,0.016166199,0
img_06485_p02_2024,0.0,0.01161188,0
img_06518_2024,0.0,0.15014133,0
img_06523_2024,0.0,0.7382344,0
img_06515_2024,0.0,0.004635288,0
img_06512_2024,0.0,0.023457218,0
img_06524_2024,0.0,0.49914676,0
img_06525_2024,0.0,0.007997069,0
img_06520_2024,0.0,0.15656315,0
img_06526_2024,0.0,0.0096669905,0
img_06529_2024,0.0,0.011662649,0
img_06528_2024,0.0,0.045937486,0
img_06527_2024,0.0,0.29910463,0
img_06530_2024,0.0,0.2729424,0
img_06522_2024,0.0,0.15387128,0
img_06531_2024,0.0,0.09133291,0
img_06532_2024,0.0,0.17949715,0
img_06536_2024,0.0,0.008315849,0
img_06533_2024,0.0,0.19426808,0
img_06534_2024,0.0,0.15850827,0
img_06309_p01_2024,0.0,0.08281081,0
img_06309_p02_2024,0.0,0.041955583,0
img_06309_p03_2024,0.0,0.009532506,0
img_06309_p04_2024,0.0,0.06633767,0
img_06309_p05_2024,0.0,0.011048699,0
img_06309_p06_2024,0.0,0.008536242,0
img_06309_p07_2024,0.0,0.031476222,0
img_06309_p08_2024,0.0,0.057278484,0
img_06309_p09_2024,0.0,0.06993644,0
img_06309_p10_2024,0.0,0.013357158,0
img_06309_p11_2024,0.0,0.02768223,0
img_06309_p12_2024,0.0,0.13973865,0
img_06541_2024,0.0,0.3578828,0
img_06538_2024,0.0,0.11943927,0
img_06539_2024,0.0,0.16009033,0
img_06540_2024,0.0,0.11848865,0
img_06537_2024,0.0,0.2760098,0
img_06542_2024,0.0,0.08095025,0
img_06535_2024,0.0,0.084126905,0
img_06545_2024,0.0,0.52323467,0
img_06548_2024,0.0,0.019331828,0
img_06546_2024,0.0,0.4048601,0
img_06544_2024,0.0,0.26598454,0
img_06551_2024,0.0,0.60634744,0
img_06547_2024,0.0,0.029100811,0
img_06550_2024,0.0,0.47407976,0
img_06543_2024,0.0,0.021553539,0
img_06553_2024,0.0,0.7598449,0
img_06404_p01_2024,0.0,0.017633313,0
img_06404_p02_2024,0.0,0.028639337,0
img_06404_p03_2024,0.0,0.012592216,0
img_06404_p04_2024,0.0,0.020289628,0
img_06404_p05_2024,0.0,0.0019643542,0
img_06404_p06_2024,0.0,0.028899154,0
img_06404_p07_2024,0.0,0.041924283,0
img_06404_p08_2024,0.0,0.0073154643,0
img_06554_2024,0.0,0.057548154,0
img_06552_2024,0.0,0.055390634,0
img_06556_2024,0.0,0.14947474,0
img_06559_2024,0.0,0.0917503,0
img_06555_2024,0.0,0.48737174,0
img_06557_2024,0.0,0.07372614,0
img_06560_2024,0.0,0.046819083,0
img_06561_2024,0.0,0.09649332,0
img_06549_2024,0.0,0.01110613,0
img_06558_2024,0.0,0.017162595,0
img_06562_2024,0.0,0.27443093,0
img_06566_2024,0.0,0.022555599,0
img_06565_2024,0.0,0.007107517,0
img_06563_2024,0.0,0.37779474,0
img_06569_2024,0.0,0.14699632,0
img_06467_p01_2024,0.0,0.057644963,0
img_06467_p02_2024,0.0,0.009045972,0
img_06467_p03_2024,0.0,0.056269772,0
img_06467_p04_2024,0.0,0.034469616,0
img_06467_p05_2024,0.0,0.02277333,0
img_06564_2024,0.0,0.12889665,0
img_06571_2024,0.0,0.4550914,0
img_06572_2024,0.0,0.0017857911,0
img_06567_2024,0.0,0.006067853,0
img_06570_2024,0.0,0.027798433,0
img_06576_2024,0.0,0.15031476,0
img_06577_2024,0.0,0.01832651,0
img_06580_2024,0.0,0.013093257,0
img_06578_2024,0.0,0.2741061,0
img_06574_2024,0.0,0.15729985,0
img_06573_2024,0.0,0.25581977,0
img_06583_2024,0.0,0.35627565,0
img_06582_2024,0.0,0.0029135626,0
img_06581_2024,0.0,0.06944625,0
img_06575_2024,0.0,0.042354546,0
img_06586_2024,0.0,0.060991682,0
img_06588_2024,0.0,0.016745154,0
img_06587_2024,0.0,0.04233911,0
img_06590_2024,0.0,0.040450342,0
img_06568_2024,0.0,0.11910276,0
img_06579_2024,0.0,0.012559593,0
img_06585_2024,0.0,0.015507746,0
img_06589_2024,0.0,0.012669874,0
img_06584_2024,0.0,0.01866233,0
img_06591_2024,0.0,0.050684273,0
img_06594_2024,0.0,0.68018275,0
img_06599_2024,0.0,0.0062950877,0
img_06597_2024,0.0,0.02580222,0
img_06592_2024,0.0,0.2355651,0
img_06600_2024,0.0,0.5572734,0
img_06593_2024,0.0,0.10210991,0
img_06598_2024,0.0,0.0077553736,0
img_06601_2024,0.0,0.17649943,0
img_06595_2024,0.0,0.01180817,0
img_06607_2024,0.0,0.15961523,0
img_06603_2024,0.0,0.3373928,0
img_06609_2024,0.0,0.019855715,0
img_06596_2024,0.0,0.26066166,0
img_06604_2024,0.0,0.036201738,0
img_06610_2024,0.0,0.42854175,0
img_05539_p01_2024,0.0,0.04463829,0
img_05539_p02_2024,0.0,0.014349957,0
img_05539_p03_2024,0.0,0.01484708,0
img_05539_p04_2024,0.0,0.011067523,0
img_05539_p05_2024,0.0,0.03330878,0
img_05539_p06_2024,0.0,0.061452158,0
img_05539_p07_2024,0.0,0.13899018,0
img_05539_p08_2024,0.0,0.007533201,0
img_05539_p09_2024,0.0,0.03397137,0
img_05539_p10_2024,0.0,0.06594731,0
img_05539_p11_2024,0.0,0.031173587,0
img_05539_p12_2024,0.0,0.055758137,0
img_05539_p13_2024,0.0,0.0072525456,0
img_05539_p14_2024,0.0,0.0019924603,0
img_05539_p15_2024,0.0,0.014727739,0
img_05539_p16_2024,0.0,0.039365638,0
img_05539_p17_2024,0.0,0.019411726,0
img_05539_p18_2024,0.0,0.034823865,0
img_05539_p20_2024,0.0,0.017304339,0
img_05539_p21_2024,0.0,0.007272507,0
img_05539_p22_2024,0.0,0.003617844,0
img_05539_p23_2024,0.0,0.005316051,0
img_05539_p24_2024,0.0,0.026029993,0
img_05539_p25_2024,0.0,0.014215994,0
img_05539_p26_2024,0.0,0.007032547,0
img_05539_p27_2024,0.0,0.0054824166,0
img_05539_p28_2024,0.0,0.013232769,0
img_05539_p29_2024,0.0,0.087527186,0
img_05539_p30_2024,0.0,0.006768626,0
img_05539_p31_2024,0.0,0.009859507,0
img_05539_p32_2024,0.0,0.0061898967,0
img_05539_p33_2024,0.0,0.01179019,0
img_05539_p34_2024,0.0,0.008768069,0
img_05539_p35_2024,0.0,0.003332099,0
img_05539_p36_2024,0.0,0.004085512,0
img_05539_p37_2024,0.0,0.037016265,0
img_05539_p38_2024,0.0,0.015119272,0
img_05539_p39_2024,0.0,0.019255336,0
img_05539_p40_2024,0.0,0.025172304,0
img_05539_p41_2024,0.0,0.005684484,0
img_05539_p42_2024,0.0,0.0049042255,0
img_05539_p43_2024,0.0,0.024137057,0
img_06612_2024,0.0,0.07580827,0
img_06614_2024,0.0,0.029529836,0
img_06608_2024,0.0,0.029011738,0
img_06611_2024,0.0,0.07275963,0
img_06618_2024,0.0,0.048549928,0
img_06619_2024,0.0,0.02473263,0
img_06620_2024,0.0,0.49773827,0
img_06622_2024,0.0,0.013551181,0
img_06625_2024,0.0,0.0506491,0
img_06621_2024,0.0,0.019103523,0
img_06613_2024,0.0,0.15481777,0
img_06606_2024,0.0,0.28578836,0
img_06628_2024,0.0,0.15048572,0
img_06629_2024,0.0,0.07100097,0
img_06632_2024,0.0,0.13792223,0
img_06630_2024,0.0,0.21780893,0
img_06623_2024,0.0,0.009641037,0
img_06615_2024,0.0,0.048190385,0
img_06627_2024,0.0,0.7124583,0
img_06616_2024,0.0,0.094370715,0
img_06626_2024,0.0,0.08994993,0
img_06635_2024,0.0,0.017944703,0
img_06639_2024,0.0,0.6423191,0
img_06637_2024,0.0,0.72802645,0
img_06634_2024,0.0,0.94895756,1
img_06617_2024,0.0,0.060495697,0
img_06636_2024,0.0,0.036184702,0
img_06633_2024,0.0,0.052490186,0
img_06631_2024,0.0,0.037243184,0
img_06638_2024,0.0,0.014790195,0
img_06641_2024,0.0,0.18071607,0
img_06642_2024,0.0,0.18016905,0
img_06640_2024,0.0,0.021157276,0
img_06645_2024,0.0,0.021936076,0
img_06643_2024,0.0,0.24629477,0
img_06624_2024,0.0,0.048622984,0
img_06644_2024,0.0,0.8311435,0
img_06646_2024,0.0,0.11105724,0
img_06648_2024,0.0,0.025354544,0
img_06655_2024,0.0,0.6420957,0
img_06650_2024,0.0,0.64979416,0
img_06649_2024,0.0,0.06051383,0
img_06654_2024,0.0,0.08496246,0
img_06652_2024,0.0,0.084467374,0
img_06653_2024,0.0,0.26757059,0
img_06662_2024,0.0,0.6862756,0
img_06661_2024,0.0,0.9595499,1
img_06657_2024,0.0,0.41631126,0
img_06660_2024,0.0,0.18983743,0
img_06658_2024,0.0,0.36480048,0
img_06659_2024,0.0,0.32212552,0
img_06664_2024,0.0,0.005474682,0
img_06663_2024,0.0,0.050250806,0
img_06656_2024,0.0,0.22780506,0
img_06665_2024,0.0,0.353108,0
img_06666_2024,0.0,0.15374774,0
img_06667_2024,0.0,0.058473665,0
img_06668_2024,0.0,0.031820036,0
img_06670_2024,0.0,0.0063598948,0
img_06673_2024,0.0,0.12821665,0
img_06671_2024,0.0,0.05643929,0
img_06674_2024,0.0,0.12592414,0
img_06675_2024,0.0,0.037853178,0
img_06676_2024,0.0,0.32823023,0
img_06602_p01_2024,0.0,0.32399818,0
img_06602_p02_2024,0.0,0.06472989,0
img_06602_p03_2024,0.0,0.012235025,0
img_06602_p04_2024,0.0,0.03717771,0
img_06672_2024,0.0,0.9063059,0
img_06680_2024,0.0,0.018806798,0
img_06679_2024,0.0,0.013021601,0
img_06682_2024,0.0,0.20666787,0
img_06681_2024,0.0,0.27742535,0
img_06678_2024,0.0,0.010832125,0
img_06683_2024,0.0,0.02966303,0
img_06684_2024,0.0,0.09976415,0
img_06688_2024,0.0,0.07361543,0
img_06687_2024,0.0,0.017100591,0
img_06686_2024,0.0,0.105295464,0
img_06677_2024,0.0,0.0687743,0
img_06690_2024,0.0,0.17599729,0
img_06691_2024,0.0,0.047574263,0
img_06685_2024,0.0,0.0027523036,0
img_06689_2024,0.0,0.018514708,0
img_06695_2024,0.0,0.12819082,0
img_06700_2024,0.0,0.16367224,0
img_06697_2024,0.0,0.04327799,0
img_06699_2024,0.0,0.07952051,0
img_06693_2024,0.0,0.016500186,0
img_06692_2024,0.0,0.024998646,0
img_06694_2024,0.0,0.05985651,0
img_06706_2024,0.0,0.75292146,0
img_06696_2024,0.0,0.01335482,0
img_06703_2024,0.0,0.117870435,0
img_06705_2024,0.0,0.0059231254,0
img_06701_2024,0.0,0.14770426,0
img_06704_2024,0.0,0.18953942,0
img_06707_2024,0.0,0.08150308,0
img_06708_2024,0.0,0.34983945,0
img_06702_2024,0.0,0.7567383,0
img_06709_2024,0.0,0.04761735,0
img_06711_2024,0.0,0.082725696,0
img_06713_2024,0.0,0.12346699,0
img_06698_2024,0.0,0.1990088,0
img_06712_2024,0.0,0.25708938,0
img_06710_2024,0.0,0.07650787,0
img_06716_2024,0.0,0.023291672,0
img_06714_2024,0.0,0.19790682,0
img_06718_2024,0.0,0.6690618,0
img_06717_2024,0.0,0.85713786,0
img_06715_2024,0.0,0.034180664,0
img_06719_2024,0.0,0.05857843,0
img_06720_2024,0.0,0.24940571,0
img_06721_2024,0.0,0.12654161,0
img_06722_2024,0.0,0.0055244016,0
img_06723_2024,0.0,0.35440576,0
img_06647_p01_2024,0.0,0.0049929223,0
img_06647_p02_2024,0.0,0.07812102,0
img_06647_p03_2024,0.0,0.015236792,0
img_06647_p04_2024,0.0,0.018823141,0
img_06725_2024,0.0,0.0057152295,0
img_06730_2024,0.0,0.017644992,0
img_06728_2024,0.0,0.47158003,0
img_06734_2024,0.0,0.44219947,0
img_06733_2024,0.0,0.9534749,1
img_06736_2024,0.0,0.016511997,0
img_06726_2024,0.0,0.97069156,1
img_06731_2024,0.0,0.0028871573,0
img_06729_2024,0.0,0.62101793,0
img_06732_2024,0.0,0.38994402,0
img_06737_2024,0.0,0.035108924,0
img_06735_2024,0.0,0.1429522,0
img_06739_2024,0.0,0.0066126003,0
img_06605_p01_2024,0.0,0.006032608,0
img_06605_p02_2024,0.0,0.024367925,0
img_06605_p03_2024,0.0,0.00950155,0
img_06605_p04_2024,0.0,0.017237535,0
img_06605_p05_2024,0.0,0.07060259,0
img_06605_p06_2024,0.0,0.03477343,0
img_06744_2024,0.0,0.10001415,0
img_06727_2024,0.0,0.113719605,0
img_06742_2024,0.0,0.5719086,0
img_06748_2024,0.0,0.14008975,0
img_06738_2024,0.0,0.9300191,1
img_06746_2024,0.0,0.8743558,0
img_06750_2024,0.0,0.01599631,0
img_06747_2024,0.0,0.22343536,0
img_06753_2024,0.0,0.017008405,0
img_06749_2024,0.0,0.053349584,0
img_06751_2024,0.0,0.26750007,0
img_06745_2024,0.0,0.0025752306,0
img_06740_2024,0.0,0.2398453,0
img_06741_2024,0.0,0.010505987,0
img_06752_2024,0.0,0.015351415,0
img_06755_2024,0.0,0.028072637,0
img_06758_2024,0.0,0.19407685,0
img_06759_2024,0.0,0.05734674,0
img_06754_2024,0.0,0.017580703,0
img_06766_2024,0.0,0.030383099,0
img_06743_2024,0.0,0.011273962,0
img_06760_2024,0.0,0.022421826,0
img_06765_2024,0.0,0.6976195,0
img_06767_2024,0.0,0.007281921,0
img_06761_2024,0.0,0.7049842,0
img_06768_2024,0.0,0.068020456,0
img_06762_2024,0.0,0.16521768,0
img_06764_2024,0.0,0.061757177,0
img_06769_2024,0.0,0.0038054474,0
img_06763_2024,0.0,0.6036986,0
img_06771_2024,0.0,0.05876978,0
img_06757_2024,0.0,0.008684547,0
img_06770_2024,0.0,0.048833698,0
img_06756_2024,0.0,0.10694452,0
img_06724_p01_2024,0.0,0.28170377,0
img_06724_p02_2024,0.0,0.22940624,0
img_06776_2024,0.0,0.15470369,0
img_06773_2024,0.0,0.00480429,0
img_06772_2024,0.0,0.045535613,0
img_06774_2024,0.0,0.18087557,0
img_06777_2024,0.0,0.97839797,1
img_06780_2024,0.0,0.05560301,0
img_06779_2024,0.0,0.16260998,0
img_06775_2024,0.0,0.26144633,0
img_06782_2024,0.0,0.03177648,0
img_06787_2024,0.0,0.032358654,0
img_06786_2024,0.0,0.663509,0
img_06785_2024,0.0,0.25390694,0
img_06778_2024,0.0,0.027188107,0
img_06783_2024,0.0,0.8820213,0
img_06791_2024,0.0,0.01628596,0
img_06792_2024,0.0,0.010149743,0
img_06784_2024,0.0,0.009528885,0
img_06789_2024,0.0,0.14319326,0
img_06788_2024,0.0,0.023019832,0
img_06795_2024,0.0,0.41942805,0
img_06781_2024,0.0,0.00527535,0
img_06797_2024,0.0,0.062464107,0
img_06799_2024,0.0,0.011391247,0
img_06793_2024,0.0,0.041109674,0
img_06801_2024,0.0,0.012132165,0
img_06798_2024,0.0,0.0129306195,0
img_06802_2024,0.0,0.5358059,0
img_06794_2024,0.0,0.040933743,0
img_06805_2024,0.0,0.22233415,0
img_06804_2024,0.0,0.4925186,0
img_06803_2024,0.0,0.05798482,0
img_06809_2024,0.0,0.037176512,0
img_06806_2024,0.0,0.14362954,0
img_06808_2024,0.0,0.010163395,0
img_06807_2024,0.0,0.033820022,0
img_06818_2024,0.0,0.11094785,0
img_06814_2024,0.0,0.2323337,0
img_06800_p01_2024,0.0,0.035800505,0
img_06800_p02_2024,0.0,0.004001672,0
img_06819_2024,0.0,0.003830562,0
img_06813_2024,0.0,0.430521,0
img_06810_2024,0.0,0.011926125,0
img_06790_p01_2024,0.0,0.9702431,1
img_06790_p02_2024,0.0,0.046481468,0
img_06790_p03_2024,0.0,0.06141919,0
img_06815_2024,0.0,0.05225312,0
img_06820_2024,0.0,0.31642506,0
img_06812_2024,0.0,0.09571185,0
img_06816_2024,0.0,0.70827854,0
img_06822_2024,0.0,0.44467193,0
img_06817_2024,0.0,0.05727344,0
img_06825_2024,0.0,0.021928106,0
img_06826_2024,0.0,0.05875361,0
img_06824_2024,0.0,0.10213761,0
img_06823_2024,0.0,0.123557046,0
img_06651_p01_2024,0.0,0.019729815,0
img_06651_p02_2024,0.0,0.0065321876,0
img_06651_p04_2024,0.0,0.039294552,0
img_06651_p05_2024,0.0,0.01046169,0
img_06651_p06_2024,0.0,0.026957309,0
img_06651_p07_2024,0.0,0.0035882718,0
img_06651_p08_2024,0.0,0.19200417,0
img_06821_2024,0.0,0.052765954,0
img_06828_2024,0.0,0.05198692,0
img_06827_2024,0.0,0.34904593,0
img_06830_2024,0.0,0.106130436,0
img_06832_2024,0.0,0.20293245,0
img_06831_2024,0.0,0.40669075,0
img_06829_2024,0.0,0.0015232011,0
img_06833_2024,0.0,0.025543977,0
img_06836_2024,0.0,0.08112929,0
img_06838_2024,0.0,0.056596823,0
img_06839_2024,0.0,0.033317603,0
img_06843_2024,0.0,0.020286532,0
img_06841_2024,0.0,0.29282743,0
img_06796_p01_2024,0.0,0.0052477056,0
img_06796_p02_2024,0.0,0.040806632,0
img_06845_2024,0.0,0.02502276,0
img_06834_2024,0.0,0.02799406,0
img_06849_2024,0.0,0.33508652,0
img_06844_2024,0.0,0.17952326,0
img_06846_2024,0.0,0.09051202,0
img_06842_2024,0.0,0.053267814,0
img_06847_2024,0.0,0.00905463,0
img_06848_2024,0.0,0.06377751,0
img_06851_2024,0.0,0.19175671,0
img_06850_2024,0.0,0.0239066,0
img_06853_2024,0.0,0.087432414,0
img_06837_2024,0.0,0.043810047,0
img_06852_2024,0.0,0.11516873,0
img_06858_2024,0.0,0.01884484,0
img_06840_p01_2024,0.0,0.079152785,0
img_06840_p02_2024,0.0,0.02185671,0
img_06859_2024,0.0,0.08806003,0
img_06863_2024,0.0,0.24761471,0
img_06862_2024,0.0,0.7946709,0
img_06860_2024,0.0,0.019573024,0
img_06856_2024,0.0,0.090586744,0
img_06854_2024,0.0,0.015413585,0
img_06864_2024,0.0,0.05595734,0
img_06861_2024,0.0,0.30443606,0
img_06865_2024,0.0,0.34205335,0
img_06867_2024,0.0,0.16977954,0
img_06868_2024,0.0,0.019290391,0
img_06866_2024,0.0,0.010939913,0
img_06869_2024,0.0,0.6634899,0
img_06870_2024,0.0,0.052521694,0
img_06877_2024,0.0,0.102073416,0
img_06875_2024,0.0,0.27924103,0
img_06872_2024,0.0,0.023521338,0
img_06876_2024,0.0,0.033271223,0
img_06873_2024,0.0,0.03273935,0
img_06878_2024,0.0,0.089945935,0
img_06874_2024,0.0,0.7702173,0
img_06879_2024,0.0,0.09773042,0
img_06882_2024,0.0,0.022269472,0
img_06881_2024,0.0,0.01994564,0
img_06880_2024,0.0,0.06346671,0
img_06884_2024,0.0,0.0343957,0
img_06871_2024,0.0,0.045747746,0
img_06883_2024,0.0,0.09755763,0
img_06887_2024,0.0,0.63013786,0
img_06886_2024,0.0,0.04856342,0
img_06885_2024,0.0,0.0133785065,0
img_06889_2024,0.0,0.019645851,0
img_06893_2024,0.0,0.0032510988,0
img_06891_2024,0.0,0.02842679,0
img_06896_2024,0.0,0.33202592,0
img_06895_2024,0.0,0.011678719,0
img_06897_2024,0.0,0.0042093107,0
img_06669_p01_2024,0.0,0.013693077,0
img_06669_p02_2024,0.0,0.003885158,0
img_06669_p03_2024,0.0,0.0034166728,0
img_06669_p04_2024,0.0,0.0064146994,0
img_06669_p05_2024,0.0,0.018138913,0
img_06669_p06_2024,0.0,0.008133875,0
img_06669_p07_2024,0.0,0.012602973,0
img_06669_p08_2024,0.0,0.023060003,0
img_06669_p09_2024,0.0,0.015200009,0
img_06894_2024,0.0,0.0058664232,0
img_06888_2024,0.0,0.95167255,1
img_06890_2024,0.0,0.011570051,0
img_06898_2024,0.0,0.0063050715,0
img_06902_2024,0.0,0.022163194,0
img_06900_2024,0.0,0.030668238,0
img_06899_2024,0.0,0.017055651,0
img_06901_2024,0.0,0.005775316,0
img_06855_p01_2024,0.0,0.105242655,0
img_06855_p02_2024,0.0,0.18286522,0
img_06855_p03_2024,0.0,0.025644904,0
img_06855_p04_2024,0.0,0.005978917,0
img_06906_2024,0.0,0.011910878,0
img_06905_2024,0.0,0.1455262,0
img_06910_2024,0.0,0.019888852,0
img_06911_2024,0.0,0.032493185,0
img_06904_2024,0.0,0.19435517,0
img_06909_2024,0.0,0.07881332,0
img_06907_2024,0.0,0.46873173,0
img_06903_2024,0.0,0.02592487,0
img_06915_2024,0.0,0.022877028,0
img_06914_2024,0.0,0.4307416,0
img_06908_2024,0.0,0.06319176,0
img_06835_p01_2024,0.0,0.0112354625,0
img_06835_p02_2024,0.0,0.04522642,0
img_06835_p03_2024,0.0,0.02959368,0
img_06835_p04_2024,0.0,0.038426545,0
img_06917_2024,0.0,0.0041544535,0
img_06912_2024,0.0,0.12608972,0
img_06913_2024,0.0,0.049874734,0
img_06916_2024,0.0,0.033455037,0
img_06919_2024,0.0,0.14752766,0
img_06892_p01_2024,0.0,0.057350755,0
img_06892_p02_2024,0.0,0.014182122,0
img_06918_2024,0.0,0.14041048,0
img_06924_2024,0.0,0.8048663,0
img_06922_2024,0.0,0.08155136,0
img_06929_2024,0.0,0.87705976,0
img_06928_2024,0.0,0.009975578,0
img_06925_2024,0.0,0.4681681,0
img_06933_2024,0.0,0.020749269,0
img_06923_2024,0.0,0.20566507,0
img_06927_2024,0.0,0.048245415,0
img_06930_2024,0.0,0.9643157,1
img_06932_2024,0.0,0.17164834,0
img_06934_2024,0.0,0.2518469,0
img_06931_2024,0.0,0.07378281,0
img_06921_2024,0.0,0.08426176,0
img_06936_2024,0.0,0.03426846,0
img_06935_2024,0.0,0.05232961,0
img_06926_2024,0.0,0.060780335,0
img_06938_2024,0.0,0.062467206,0
img_06937_2024,0.0,0.3534521,0
img_06940_2024,0.0,0.23282504,0
img_06941_2024,0.0,0.075852714,0
img_06943_2024,0.0,0.22576101,0
img_06939_2024,0.0,0.012679567,0
img_06942_2024,0.0,0.019671936,0
img_06944_2024,0.0,0.8298415,0
img_06946_2024,0.0,0.01709405,0
img_06949_2024,0.0,0.10374363,0
img_06945_2024,0.0,0.38072106,0
img_06947_2024,0.0,0.047137804,0
img_06951_2024,0.0,0.95246696,1
img_06952_2024,0.0,0.044157602,0
img_06948_2024,0.0,0.028039807,0
img_06953_2024,0.0,0.022913808,0
img_06955_2024,0.0,0.007936222,0
img_06954_2024,0.0,0.012306602,0
img_06956_2024,0.0,0.011890101,0
img_06957_2024,0.0,0.7706797,0
img_06950_2024,0.0,0.041920356,0
img_06959_2024,0.0,0.063461065,0
img_06958_2024,0.0,0.063454136,0
img_06960_2024,0.0,0.003090338,0
img_06963_2024,0.0,0.26159495,0
img_06964_2024,0.0,0.0620795,0
img_06962_2024,0.0,0.072010644,0
img_06961_2024,0.0,0.08848973,0
img_06966_2024,0.0,0.51815856,0
img_06811_p01_2024,0.0,0.14870286,0
img_06811_p02_2024,0.0,0.37656802,0
img_06811_p03_2024,0.0,0.052552603,0
img_06811_p04_2024,0.0,0.048478335,0
img_06811_p05_2024,0.0,0.040496826,0
img_06811_p06_2024,0.0,0.09290762,0
img_06811_p07_2024,0.0,0.06248442,0
img_06811_p08_2024,0.0,0.012258874,0
img_06965_2024,0.0,0.00911724,0
img_06967_2024,0.0,0.49125743,0
img_06971_2024,0.0,0.67743,0
img_06972_2024,0.0,0.48565573,0
img_06970_2024,0.0,0.04073485,0
img_06974_2024,0.0,0.24197102,0
img_06969_2024,0.0,0.010584542,0
img_06968_2024,0.0,0.026113858,0
img_06975_2024,0.0,0.0453126,0
img_06976_2024,0.0,0.010305989,0
img_06977_2024,0.0,0.009983391,0
img_06979_2024,0.0,0.31088498,0
img_06981_2024,0.0,0.053037465,0
img_06980_2024,0.0,0.034368776,0
img_06984_2024,0.0,0.13123155,0
img_06978_2024,0.0,0.05103121,0
img_06985_2024,0.0,0.0065688128,0
img_06986_2024,0.0,0.05698684,0
img_06989_2024,0.0,0.0705868,0
img_06983_2024,0.0,0.18548669,0
img_06988_2024,0.0,0.015767248,0
img_06982_2024,0.0,0.30775544,0
img_06987_2024,0.0,0.095478214,0
img_06990_2024,0.0,0.27009177,0
img_06992_2024,0.0,0.026386995,0
img_06994_2024,0.0,0.03641618,0
img_06996_2024,0.0,0.88414526,0
img_06999_2024,0.0,0.10985675,0
img_06997_2024,0.0,0.51956874,0
img_07001_2024,0.0,0.061841656,0
img_07000_2024,0.0,0.019022238,0
img_07006_2024,0.0,0.82388383,0
img_07004_2024,0.0,0.03449746,0
img_06995_2024,0.0,0.026783202,0
img_06991_2024,0.0,0.11710741,0
img_06993_2024,0.0,0.015999079,0
img_07005_2024,0.0,0.047553908,0
img_06998_2024,0.0,0.094370835,0
img_07003_2024,0.0,0.5022315,0
img_07002_2024,0.0,0.17655201,0
img_07011_2024,0.0,0.13743928,0
img_07015_2024,0.0,0.011349201,0
img_07016_2024,0.0,0.1347914,0
img_07013_2024,0.0,0.047765005,0
img_07007_2024,0.0,0.034654457,0
img_07009_2024,0.0,0.03675542,0
img_07018_2024,0.0,0.047120266,0
img_07020_2024,0.0,0.061077572,0
img_07010_2024,0.0,0.05769385,0
img_07012_2024,0.0,0.0033776946,0
img_07021_2024,0.0,0.07530562,0
img_07014_2024,0.0,0.057911746,0
img_07008_2024,0.0,0.0468479,0
img_07023_2024,0.0,0.90387326,0
img_07017_2024,0.0,0.17683712,0
img_07026_2024,0.0,0.025931586,0
img_07025_2024,0.0,0.02007581,0
img_07022_2024,0.0,0.061982166,0
img_07027_2024,0.0,0.47500172,0
img_07033_2024,0.0,0.0015282814,0
img_07029_2024,0.0,0.043582298,0
img_07032_2024,0.0,0.024356246,0
img_07030_2024,0.0,0.03759084,0
img_07024_2024,0.0,0.018789519,0
img_07031_2024,0.0,0.0204827,0
img_07037_2024,0.0,0.4854115,0
img_07028_2024,0.0,0.009991976,0
img_07035_2024,0.0,0.10281805,0
img_07034_2024,0.0,0.05888008,0
img_07039_2024,0.0,0.25387594,0
img_07036_2024,0.0,0.0515093,0
img_07038_2024,0.0,0.11542171,0
img_07042_2024,0.0,0.05778609,0
img_07043_2024,0.0,0.07654017,0
img_07045_2024,0.0,0.011646966,0
img_07044_2024,0.0,0.06132707,0
img_07048_2024,0.0,0.14437488,0
img_07051_2024,0.0,0.007171175,0
img_07049_2024,0.0,0.33069143,0
img_07050_2024,0.0,0.5516778,0
img_07046_2024,0.0,0.09294376,0
img_07047_2024,0.0,0.07580938,0
img_07054_2024,0.0,0.013388952,0
img_07040_2024,0.0,0.23566878,0
img_07052_2024,0.0,0.049857836,0
img_07055_2024,0.0,0.02940962,0
img_07057_2024,0.0,0.04116286,0
img_07060_2024,0.0,0.37029332,0
img_07058_2024,0.0,0.021422358,0
img_07053_2024,0.0,0.056803238,0
img_07041_2024,0.0,0.07694569,0
img_07064_2024,0.0,0.011460459,0
img_07065_2024,0.0,0.17389485,0
img_07059_2024,0.0,0.036966622,0
img_07061_2024,0.0,0.0663878,0
img_07056_2024,0.0,0.003097328,0
img_07062_2024,0.0,0.03176012,0
img_07069_2024,0.0,0.0055751028,0
img_07072_2024,0.0,0.07202809,0
img_07073_2024,0.0,0.6278754,0
img_07068_2024,0.0,0.018510874,0
img_07070_2024,0.0,0.024459971,0
img_07071_2024,0.0,0.0037817333,0
img_07067_2024,0.0,0.06044066,0
img_07076_2024,0.0,0.07837101,0
img_07078_2024,0.0,0.12272246,0
img_07079_2024,0.0,0.1441875,0
img_07077_2024,0.0,0.06962122,0
img_07085_2024,0.0,0.01607425,0
img_07075_2024,0.0,0.029631894,0
img_07074_2024,0.0,0.23689994,0
img_07081_2024,0.0,0.016959494,0
img_07083_2024,0.0,0.24782011,0
img_06857_p01_2024,0.0,0.011425331,0
img_06857_p02_2024,0.0,0.0042491076,0
img_06857_p03_2024,0.0,0.002638199,0
img_06857_p04_2024,0.0,0.029466072,0
img_06857_p05_2024,0.0,0.023922091,0
img_06857_p07_2024,0.0,0.033178926,0
img_06857_p08_2024,0.0,0.064898685,0
img_06857_p09_2024,0.0,0.28913677,0
img_06857_p10_2024,0.0,0.027191982,0
img_06857_p11_2024,0.0,0.16373584,0
img_07088_2024,0.0,0.17354617,0
img_07089_2024,0.0,0.5977677,0
img_07080_2024,0.0,0.28460145,0
img_07086_2024,0.0,0.116440296,0
img_07063_2024,0.0,0.05273248,0
img_07084_2024,0.0,0.60071915,0
img_07090_2024,0.0,0.026868671,0
img_07087_2024,0.0,0.10777728,0
img_06973_p01_2024,0.0,0.055330038,0
img_06973_p02_2024,0.0,0.019497205,0
img_06973_p03_2024,0.0,0.07611485,0
img_06973_p04_2024,0.0,0.028316552,0
img_06973_p05_2024,0.0,0.022850716,0
img_07093_2024,0.0,0.021623597,0
img_07095_2024,0.0,0.14842775,0
img_07097_2024,0.0,0.013246733,0
img_07092_2024,0.0,0.017233633,0
img_07101_2024,0.0,0.22680123,0
img_07082_2024,0.0,0.004581878,0
img_07102_2024,0.0,0.35752115,0
img_07096_2024,0.0,0.11508783,0
img_07019_p01_2024,0.0,0.035459366,0
img_07019_p02_2024,0.0,0.044831328,0
img_07019_p03_2024,0.0,0.052846264,0
img_07019_p04_2024,0.0,0.22698629,0
img_07091_2024,0.0,0.011200055,0
img_07100_2024,0.0,0.016048344,0
img_07066_p01_2024,0.0,0.08893824,0
img_07066_p02_2024,0.0,0.019253884,0
img_07105_2024,0.0,0.0456903,0
img_07108_2024,0.0,0.010103107,0
img_07103_2024,0.0,0.0064084055,0
img_07104_2024,0.0,0.06742488,0
img_07099_2024,0.0,0.025586832,0
img_07098_2024,0.0,0.0067609325,0
img_07107_2024,0.0,0.040595006,0
img_07094_2024,0.0,0.034772567,0
img_07106_2024,0.0,0.0037438676,0
img_07112_2024,0.0,0.5387477,0
img_07113_2024,0.0,0.06561409,0
img_07109_2024,0.0,0.11274743,0
img_07111_2024,0.0,0.014467174,0
img_07114_2024,0.0,0.06090823,0
img_07115_2024,0.0,0.07317952,0
img_07118_2024,0.0,0.4468754,0
img_07120_2024,0.0,0.0055729644,0
img_07110_2024,0.0,0.4619848,0
img_07121_2024,0.0,0.07382347,0
img_07116_2024,0.0,0.10492283,0
img_07119_2024,0.0,0.23941453,0
img_07124_2024,0.0,0.046230774,0
img_07117_2024,0.0,0.10340069,0
img_07126_2024,0.0,0.048713483,0
img_07127_2024,0.0,0.013312781,0
img_07132_2024,0.0,0.24723458,0
img_07125_2024,0.0,0.5392164,0
img_07129_2024,0.0,0.05576063,0
img_07128_2024,0.0,0.023574864,0
img_07134_2024,0.0,0.010522923,0
img_07130_2024,0.0,0.08923643,0
img_07122_2024,0.0,0.23822236,0
img_07139_2024,0.0,0.14576252,0
img_07131_2024,0.0,0.07794881,0
img_07135_2024,0.0,0.226824,0
img_07136_2024,0.0,0.09744224,0
img_07137_2024,0.0,0.13327107,0
img_07141_2024,0.0,0.06055528,0
img_07140_2024,0.0,0.5741588,0
img_07142_2024,0.0,0.019755641,0
img_07143_2024,0.0,0.8805397,0
img_07144_2024,0.0,0.0259022,0
img_07147_2024,0.0,0.020152858,0
img_07138_2024,0.0,0.004508586,0
img_07148_2024,0.0,0.08401908,0
img_07146_2024,0.0,0.113728546,0
img_07150_2024,0.0,0.15019915,0
img_07145_2024,0.0,0.034406304,0
img_07151_2024,0.0,0.02672708,0
img_07149_2024,0.0,0.07092831,0
img_07152_2024,0.0,0.033462495,0
img_07153_2024,0.0,0.42105284,0
img_07156_2024,0.0,0.17200789,0
img_07160_2024,0.0,0.35814732,0
img_07155_2024,0.0,0.015889984,0
img_07157_2024,0.0,0.10514829,0
img_07159_2024,0.0,0.0365175,0
img_07154_2024,0.0,0.033596225,0
img_07158_2024,0.0,0.0079056965,0
img_07161_2024,0.0,0.06766897,0
img_07162_2024,0.0,0.0566545,0
img_07163_2024,0.0,0.004120578,0
img_07167_2024,0.0,0.008620349,0
img_07166_2024,0.0,0.15376726,0
img_07165_2024,0.0,0.08003668,0
img_07168_2024,0.0,0.00692377,0
img_07169_2024,0.0,0.02050963,0
img_07164_2024,0.0,0.012010144,0
img_07173_2024,0.0,0.67451733,0
img_07170_2024,0.0,0.008166147,0
img_07171_2024,0.0,0.010446445,0
img_07175_2024,0.0,0.11981821,0
img_07172_2024,0.0,0.11776463,0
img_07180_2024,0.0,0.37521836,0
img_07178_2024,0.0,0.23751876,0
img_07176_2024,0.0,0.028413702,0
img_07179_2024,0.0,0.8629122,0
img_07174_2024,0.0,0.021192292,0
img_07183_2024,0.0,0.03625489,0
img_07182_2024,0.0,0.041061096,0
img_07177_2024,0.0,0.008057306,0
img_07185_2024,0.0,0.009505503,0
img_07187_2024,0.0,0.039067023,0
img_07181_2024,0.0,0.026014734,0
img_07190_2024,0.0,0.08800235,0
img_07184_2024,0.0,0.03110069,0
img_07189_2024,0.0,0.037455216,0
img_07188_2024,0.0,0.3139871,0
img_07193_2024,0.0,0.08424647,0
img_07123_p01_2024,0.0,0.0042303326,0
img_07123_p02_2024,0.0,0.0052479906,0
img_07123_p03_2024,0.0,0.012089162,0
img_07123_p04_2024,0.0,0.005073922,0
img_07186_2024,0.0,0.34504113,0
img_07196_2024,0.0,0.15489165,0
img_07195_2024,0.0,0.051463168,0
img_07199_2024,0.0,0.63273156,0
img_07198_2024,0.0,0.097273506,0
img_07202_2024,0.0,0.10854063,0
img_07197_2024,0.0,0.025140125,0
img_07204_2024,0.0,0.5319444,0
img_07200_2024,0.0,0.018633313,0
img_07201_2024,0.0,0.35740715,0
img_07192_2024,0.0,0.2872792,0
img_07194_2024,0.0,0.47125664,0
img_07206_2024,0.0,0.51458997,0
img_07203_2024,0.0,0.017192636,0
img_07205_2024,0.0,0.013089302,0
img_07133_p01_2024,0.0,0.03110621,0
img_07133_p02_2024,0.0,0.076110005,0
img_07133_p03_2024,0.0,0.014736587,0
img_07133_p04_2024,0.0,0.029978264,0
img_07212_2024,0.0,0.035851315,0
img_07207_2024,0.0,0.12496652,0
img_07210_2024,0.0,0.11388564,0
img_07209_2024,0.0,0.3972276,0
img_07208_2024,0.0,0.006498208,0
img_07214_2024,0.0,0.14552096,0
img_07221_2024,0.0,0.29279077,0
img_07218_2024,0.0,0.0924698,0
img_07220_2024,0.0,0.31678694,0
img_07224_2024,0.0,0.11025661,0
img_07216_2024,0.0,0.069131896,0
img_07219_2024,0.0,0.02447061,0
img_07215_2024,0.0,0.9618794,1
img_07229_2024,0.0,0.006209276,0
img_07222_2024,0.0,0.52205074,0
img_07231_2024,0.0,0.07119618,0
img_07211_2024,0.0,0.067473404,0
img_07225_2024,0.0,0.07650928,0
img_07191_p01_2024,0.0,0.070871636,0
img_07191_p02_2024,0.0,0.011937461,0
img_07228_2024,0.0,0.93554527,1
img_07217_2024,0.0,0.08138007,0
img_07232_2024,0.0,0.011380879,0
img_07227_2024,0.0,0.25875604,0
img_07226_2024,0.0,0.13423215,0
img_07230_2024,0.0,0.14940926,0
img_07233_2024,0.0,0.068228886,0
img_07236_2024,0.0,0.028578589,0
img_07234_2024,0.0,0.008470507,0
img_07223_2024,0.0,0.21674924,0
img_07239_2024,0.0,0.009479724,0
img_07235_2024,0.0,0.2229274,0
img_07241_2024,0.0,0.3010947,0
img_07243_2024,0.0,0.09749669,0
img_07238_2024,0.0,0.083415374,0
img_07237_2024,0.0,0.3416133,0
img_07245_2024,0.0,0.18466774,0
img_07242_2024,0.0,0.3712058,0
img_07249_2024,0.0,0.38155836,0
img_07248_2024,0.0,0.008706066,0
img_07240_2024,0.0,0.003914752,0
img_07247_2024,0.0,0.06930015,0
img_07255_2024,0.0,0.02802519,0
img_07256_2024,0.0,0.10741653,0
img_07250_2024,0.0,0.042057842,0
img_07259_2024,0.0,0.20712829,0
img_07251_2024,0.0,0.71388066,0
img_07253_2024,0.0,0.20758608,0
img_07246_2024,0.0,0.027324274,0
img_07258_2024,0.0,0.20537949,0
img_07244_2024,0.0,0.013008043,0
img_07213_p01_2024,0.0,0.050177403,0
img_07213_p02_2024,0.0,0.012647919,0
img_07261_2024,0.0,0.024687838,0
img_07252_2024,0.0,0.2581402,0
img_07260_2024,0.0,0.55103004,0
img_07264_2024,0.0,0.11041381,0
img_07257_2024,0.0,0.19277468,0
img_07254_2024,0.0,0.17835197,0
img_07265_2024,0.0,0.20960653,0
img_07266_2024,0.0,0.08584874,0
img_07270_2024,0.0,0.102610804,0
img_07268_2024,0.0,0.24948676,0
img_07267_2024,0.0,0.038808286,0
img_07272_2024,0.0,0.45988902,0
img_07269_2024,0.0,0.09284068,0
img_07281_2024,0.0,0.026085189,0
img_07279_2024,0.0,0.07643125,0
img_07280_2024,0.0,0.14970073,0
img_07273_2024,0.0,0.063351534,0
img_07275_2024,0.0,0.083321355,0
img_07262_p01_2024,0.0,0.016986694,0
img_07262_p02_2024,0.0,0.0053426153,0
img_07274_2024,0.0,0.0069955066,0
img_07277_2024,0.0,0.0042999205,0
img_07276_2024,0.0,0.048435055,0
img_07278_2024,0.0,0.0064545735,0
img_07282_2024,0.0,0.024535736,0
img_07284_2024,0.0,0.16980642,0
img_07283_2024,0.0,0.048339326,0
img_07288_2024,0.0,0.02868775,0
img_07271_2024,0.0,0.08824404,0
img_07289_2024,0.0,0.078650564,0
img_07290_2024,0.0,0.08135842,0
img_07285_2024,0.0,0.17908156,0
img_07286_2024,0.0,0.054989826,0
img_07263_p01_2024,0.0,0.024138153,0
img_07263_p02_2024,0.0,0.008187386,0
img_07293_2024,0.0,0.020241145,0
img_07292_2024,0.0,0.05705418,0
img_07297_2024,0.0,0.02096816,0
img_07291_2024,0.0,0.18090504,0
img_07294_2024,0.0,0.84961635,0
img_07295_2024,0.0,0.9893074,1
img_07287_2024,0.0,0.051180404,0
img_07298_2024,0.0,0.66176534,0
img_07303_2024,0.0,0.13498,0
img_07304_2024,0.0,0.031816013,0
img_07300_2024,0.0,0.7391326,0
img_07301_2024,0.0,0.11566527,0
img_07299_2024,0.0,0.211696,0
img_07311_2024,0.0,0.027473062,0
img_07312_2024,0.0,0.055151083,0
img_07310_2024,0.0,0.42953166,0
img_07296_2024,0.0,0.08614467,0
img_07302_2024,0.0,0.05029597,0
img_07313_2024,0.0,0.26156387,0
img_07307_2024,0.0,0.070048094,0
img_07315_2024,0.0,0.013239716,0
img_07306_2024,0.0,0.011711131,0
img_07316_2024,0.0,0.026040107,0
img_07308_2024,0.0,0.7105229,0
img_07317_2024,0.0,0.012434663,0
img_07314_2024,0.0,0.008743355,0
img_07323_2024,0.0,0.028955782,0
img_07309_2024,0.0,0.025963033,0
img_07322_2024,0.0,0.06410675,0
img_07325_2024,0.0,0.0017874751,0
img_07329_2024,0.0,0.1614594,0
img_07326_2024,0.0,0.83147603,0
img_07330_2024,0.0,0.04516467,0
img_07331_2024,0.0,0.03128995,0
img_07327_2024,0.0,0.59733063,0
img_07324_2024,0.0,0.667061,0
img_07305_2024,0.0,0.65688705,0
img_07319_2024,0.0,0.8806547,0
img_07318_2024,0.0,0.12438542,0
img_07333_2024,0.0,0.021714134,0
img_07320_2024,0.0,0.24597049,0
img_07321_2024,0.0,0.20084706,0
img_07332_2024,0.0,0.03642371,0
img_07337_2024,0.0,0.046926625,0
img_07334_2024,0.0,0.04322685,0
img_07328_2024,0.0,0.1097451,0
img_07336_2024,0.0,0.535184,0
img_07339_2024,0.0,0.0559533,0
img_07340_2024,0.0,0.22432287,0
img_07347_2024,0.0,0.080578566,0
img_07342_2024,0.0,0.014525463,0
img_07345_2024,0.0,0.005667724,0
img_07338_2024,0.0,0.027640617,0
img_07343_2024,0.0,0.030762512,0
img_07350_2024,0.0,0.04203889,0
img_07349_2024,0.0,0.28287858,0
img_07346_2024,0.0,0.039541837,0
img_07351_2024,0.0,0.018283818,0
img_07344_2024,0.0,0.080914125,0
img_07348_2024,0.0,0.10758861,0
img_07352_2024,0.0,0.0464192,0
img_07341_2024,0.0,0.056779914,0
img_07356_2024,0.0,0.06312271,0
img_07354_2024,0.0,0.0075605037,0
img_07353_2024,0.0,0.14234434,0
img_07359_2024,0.0,0.051062107,0
img_07358_2024,0.0,0.022837764,0
img_07361_2024,0.0,0.14037049,0
img_07365_2024,0.0,0.41593376,0
img_07367_2024,0.0,0.020207081,0
img_07369_2024,0.0,0.5404892,0
img_07363_2024,0.0,0.2619249,0
img_07368_2024,0.0,0.21459536,0
img_07364_2024,0.0,0.15687978,0
img_07360_2024,0.0,0.026292946,0
img_07370_2024,0.0,0.9396359,1
img_07371_2024,0.0,0.036745556,0
img_07372_2024,0.0,0.30029804,0
img_07375_2024,0.0,0.4516136,0
img_07377_2024,0.0,0.28087252,0
img_07376_2024,0.0,0.41069785,0
img_07381_2024,0.0,0.04497057,0
img_07378_2024,0.0,0.24122766,0
img_07384_2024,0.0,0.05190879,0
img_07383_2024,0.0,0.26003525,0
img_07385_2024,0.0,0.035844963,0
img_07357_p01_2024,0.0,0.015152943,0
img_07357_p02_2024,0.0,0.014637753,0
img_07389_2024,0.0,0.7679822,0
img_07388_2024,0.0,0.10666398,0
img_07387_2024,0.0,0.86381114,0
img_07386_2024,0.0,0.011109781,0
img_07380_2024,0.0,0.011847135,0
img_07393_2024,0.0,0.01682614,0
img_07394_2024,0.0,0.44241968,0
img_07379_p01_2024,0.0,0.014453235,0
img_07379_p02_2024,0.0,0.2173585,0
img_07391_2024,0.0,0.022967314,0
img_07382_2024,0.0,0.012326896,0
img_07395_2024,0.0,0.051475156,0
img_07366_p01_2024,0.0,0.014728352,0
img_07366_p02_2024,0.0,0.011759688,0
img_07392_2024,0.0,0.76974434,0
img_07373_p01_2024,0.0,0.044097252,0
img_07373_p02_2024,0.0,0.023476105,0
img_07362_p01_2024,0.0,0.046581224,0
img_07362_p02_2024,0.0,0.5816578,0
img_07396_2024,0.0,0.057509344,0
img_07400_2024,0.0,0.021231204,0
img_07401_2024,0.0,0.57294357,0
img_07399_2024,0.0,0.0524353,0
img_07403_2024,0.0,0.7997929,0
img_07402_2024,0.0,0.41589737,0
img_07406_2024,0.0,0.5507466,0
img_07405_2024,0.0,0.07590793,0
img_07408_2024,0.0,0.43167123,0
img_07390_p01_2024,0.0,0.23272792,0
img_07390_p02_2024,0.0,0.053614557,0
img_07409_2024,0.0,0.38347,0
img_07407_2024,0.0,0.025822695,0
img_07412_2024,0.0,0.6132403,0
img_07355_p01_2024,0.0,0.1374686,0
img_07355_p02_2024,0.0,0.24586304,0
img_07355_p03_2024,0.0,0.11126002,0
img_07355_p04_2024,0.0,0.13002731,0
img_07410_2024,0.0,0.74418914,0
img_07411_2024,0.0,0.37339383,0
img_07418_2024,0.0,0.41786426,0
img_07417_2024,0.0,0.29706684,0
img_07419_2024,0.0,0.56609434,0
img_07420_2024,0.0,0.0711181,0
img_07422_2024,0.0,0.48223633,0
img_07423_2024,0.0,0.14195421,0
img_07421_2024,0.0,0.08851651,0
img_07424_2024,0.0,0.1742888,0
img_07426_2024,0.0,0.10181066,0
img_07425_2024,0.0,0.16312535,0
img_07428_2024,0.0,0.04068512,0
img_07431_2024,0.0,0.39310032,0
img_07430_2024,0.0,0.0710357,0
img_07429_2024,0.0,0.0029012347,0
img_07434_2024,0.0,0.098550655,0
img_07435_2024,0.0,0.034319855,0
img_07436_2024,0.0,0.62598294,0
img_07439_2024,0.0,0.1795457,0
img_07413_p01_2024,0.0,0.0034794398,0
img_07413_p02_2024,0.0,0.020947855,0
img_07440_2024,0.0,0.15706682,0
img_07438_2024,0.0,0.07868191,0
img_07441_2024,0.0,0.14593486,0
img_07437_2024,0.0,0.27481318,0
img_07442_2024,0.0,0.57472914,0
img_07427_p01_2024,0.0,0.5027769,0
img_07427_p02_2024,0.0,0.620973,0
img_07397_p01_2024,0.0,0.025229242,0
img_07397_p02_2024,0.0,0.19934934,0
img_07397_p03_2024,0.0,0.045079775,0
img_07397_p04_2024,0.0,0.043817393,0
img_07444_2024,0.0,0.059974723,0
img_07404_p01_2024,0.0,0.0160789,0
img_07404_p03_2024,0.0,0.03492368,0
img_07404_p04_2024,0.0,0.05715611,0
img_07448_2024,0.0,0.46035472,0
img_07450_2024,0.0,0.2221922,0
img_07433_p01_2024,0.0,0.60838103,0
img_07433_p02_2024,0.0,0.18704249,0
img_07447_2024,0.0,0.75488436,0
img_07446_2024,0.0,0.024171602,0
img_07445_2024,0.0,0.00892313,0
img_07451_2024,0.0,0.053620636,0
img_07452_2024,0.0,0.20047513,0
img_07398_p01_2024,0.0,0.037909236,0
img_07398_p02_2024,0.0,0.047769736,0
img_07398_p03_2024,0.0,0.052999757,0
img_07398_p04_2024,0.0,0.32476428,0
img_07454_2024,0.0,0.30987045,0
img_07456_2024,0.0,0.032368038,0
img_07455_2024,0.0,0.15164794,0
img_07416_p01_2024,0.0,0.071968734,0
img_07416_p02_2024,0.0,0.18343726,0
img_07416_p03_2024,0.0,0.009882055,0
img_07416_p04_2024,0.0,0.006088738,0
img_07457_2024,0.0,0.06227219,0
img_07459_2024,0.0,0.29521143,0
img_07463_2024,0.0,0.028141728,0
img_07458_2024,0.0,0.58946484,0
img_07415_p01_2024,0.0,0.014805782,0
img_07415_p02_2024,0.0,0.04103408,0
img_07415_p03_2024,0.0,0.040637176,0
img_07415_p04_2024,0.0,0.018305136,0
img_07464_2024,0.0,0.4406181,0
img_07461_2024,0.0,0.099771164,0
img_07443_p01_2024,0.0,0.026000937,0
img_07443_p02_2024,0.0,0.07139341,0
img_07467_2024,0.0,0.018147467,0
img_07468_2024,0.0,0.35773137,0
img_07466_2024,0.0,0.0065397834,0
img_07465_2024,0.0,0.06662582,0
img_07462_2024,0.0,0.35325775,0
img_07470_2024,0.0,0.20988595,0
img_07453_p01_2024,0.0,0.009073457,0
img_07453_p02_2024,0.0,0.00914982,0
img_07449_p01_2024,0.0,0.4728427,0
img_07449_p02_2024,0.0,0.46025878,0
img_07476_2024,0.0,0.40066117,0
img_07460_2024,0.0,0.07796436,0
img_07473_2024,0.0,0.083960555,0
img_07479_2024,0.0,0.039852753,0
img_07472_2024,0.0,0.0072058896,0
img_07475_2024,0.0,0.5249057,0
img_07471_2024,0.0,0.16646628,0
img_07481_2024,0.0,0.008822758,0
img_07474_2024,0.0,0.14480111,0
img_07477_2024,0.0,0.2318325,0
img_07483_2024,0.0,0.10131137,0
img_07487_2024,0.0,0.6725818,0
img_07484_2024,0.0,0.81740093,0
img_07486_2024,0.0,0.0027834673,0
img_07485_2024,0.0,0.06984793,0
img_07489_2024,0.0,0.015914064,0
img_07469_p01_2024,0.0,0.020366615,0
img_07469_p02_2024,0.0,0.013008563,0
img_07480_2024,0.0,0.3158021,0
img_07490_2024,0.0,0.49694324,0
img_07493_2024,0.0,0.09246163,0
img_07491_2024,0.0,0.033558786,0
img_07497_2024,0.0,0.032561112,0
img_07492_2024,0.0,0.090392396,0
img_07495_2024,0.0,0.22119287,0
img_07499_2024,0.0,0.678934,0
img_07502_2024,0.0,0.73916525,0
img_07500_2024,0.0,0.02786681,0
img_07503_2024,0.0,0.15595159,0
img_07498_2024,0.0,0.061743964,0
img_07496_2024,0.0,0.54049647,0
img_07504_2024,0.0,0.67702293,0
img_07505_2024,0.0,0.2890686,0
img_07501_2024,0.0,0.587239,0
img_07506_2024,0.0,0.39529103,0
img_07482_p01_2024,0.0,0.16984531,0
img_07482_p02_2024,0.0,0.0076027825,0
img_07507_2024,0.0,0.09067418,0
img_07508_2024,0.0,0.11751716,0
img_07512_2024,0.0,0.0065198885,0
img_07513_2024,0.0,0.88161695,0
img_07511_2024,0.0,0.6524365,0
img_07514_2024,0.0,0.15140417,0
img_07516_2024,0.0,0.0053702286,0
img_07510_2024,0.0,0.29083538,0
img_07519_2024,0.0,0.17600563,0
img_07494_p01_2024,0.0,0.007917346,0
img_07494_p02_2024,0.0,0.014882262,0
img_07518_2024,0.0,0.22149484,0
img_07521_2024,0.0,0.0064720092,0
img_07523_2024,0.0,0.82797414,0
img_07526_2024,0.0,0.02852578,0
img_07520_2024,0.0,0.49731666,0
img_07527_2024,0.0,0.24868128,0
img_07524_2024,0.0,0.21267223,0
img_07432_p01_2024,0.0,0.060067255,0
img_07432_p02_2024,0.0,0.07838045,0
img_07432_p03_2024,0.0,0.035148192,0
img_07432_p04_2024,0.0,0.015896216,0
img_07432_p05_2024,0.0,0.039120756,0
img_07432_p06_2024,0.0,0.009816864,0
img_07488_p01_2024,0.0,0.1459749,0
img_07488_p02_2024,0.0,0.013073048,0
img_07488_p03_2024,0.0,0.02994281,0
img_07488_p04_2024,0.0,0.5260053,0
img_07531_2024,0.0,0.61283195,0
img_07530_2024,0.0,0.055201106,0
img_07478_p01_2024,0.0,0.044149492,0
img_07478_p02_2024,0.0,0.6485542,0
img_07478_p03_2024,0.0,0.0155776795,0
img_07478_p04_2024,0.0,0.017002095,0
img_07517_p01_2024,0.0,0.10340977,0
img_07517_p02_2024,0.0,0.044489015,0
img_07532_2024,0.0,0.36019236,0
img_07529_2024,0.0,0.3947182,0
img_07534_2024,0.0,0.05540791,0
img_07528_2024,0.0,0.16170713,0
img_07536_2024,0.0,0.7959424,0
img_07522_p01_2024,0.0,0.02006197,0
img_07522_p02_2024,0.0,0.038811903,0
img_07539_2024,0.0,0.7293024,0
img_07543_2024,0.0,0.4356439,0
img_07541_2024,0.0,0.08969145,0
img_07540_2024,0.0,0.27344447,0
img_07545_2024,0.0,0.5433587,0
img_07546_2024,0.0,0.015710115,0
img_07542_2024,0.0,0.031442016,0
img_07537_2024,0.0,0.55013597,0
img_07538_2024,0.0,0.056468643,0
img_07544_2024,0.0,0.2631833,0
img_07547_2024,0.0,0.2485325,0
img_07548_2024,0.0,0.39456487,0
img_07550_2024,0.0,0.047444653,0
img_07553_2024,0.0,0.11510365,0
img_07554_2024,0.0,0.60642934,0
img_07556_2024,0.0,0.16197753,0
img_07535_p01_2024,0.0,0.115117155,0
img_07535_p02_2024,0.0,0.12955965,0
img_07557_2024,0.0,0.01754814,0
img_07552_2024,0.0,0.32266274,0
img_07509_p01_2024,0.0,0.0048963744,0
img_07509_p02_2024,0.0,0.0014826849,0
img_07509_p03_2024,0.0,0.015593275,0
img_07509_p04_2024,0.0,0.0020825125,0
img_07555_2024,0.0,0.009641114,0
img_07515_p01_2024,0.0,0.051573753,0
img_07515_p02_2024,0.0,0.03792848,0
img_07515_p03_2024,0.0,0.10500412,0
img_07515_p04_2024,0.0,0.007000259,0
img_07564_2024,0.0,0.10479071,0
img_07562_2024,0.0,0.73501486,0
img_07565_2024,0.0,0.27170393,0
img_07567_2024,0.0,0.24711175,0
img_07525_p01_2024,0.0,0.08957916,0
img_07525_p02_2024,0.0,0.18789199,0
img_07525_p03_2024,0.0,0.005038372,0
img_07525_p04_2024,0.0,0.013328929,0
img_07568_2024,0.0,0.5636982,0
img_07563_2024,0.0,0.020914426,0
img_07560_2024,0.0,0.14214337,0
img_07569_2024,0.0,0.26198515,0
img_07572_2024,0.0,0.38320765,0
img_07578_2024,0.0,0.23146728,0
img_07561_p01_2024,0.0,0.087200634,0
img_07561_p02_2024,0.0,0.07984936,0
img_07575_2024,0.0,0.33513987,0
img_07571_2024,0.0,0.021022903,0
img_07579_2024,0.0,0.05349222,0
img_07566_p01_2024,0.0,0.045723163,0
img_07566_p02_2024,0.0,0.071414836,0
img_07335_p02_2024,0.0,0.050696157,0
img_07335_p03_2024,0.0,0.033922642,0
img_07335_p04_2024,0.0,0.011373023,0
img_07335_p05_2024,0.0,0.0058462936,0
img_07335_p06_2024,0.0,0.0058710845,0
img_07335_p07_2024,0.0,0.013153327,0
img_07335_p08_2024,0.0,0.026920652,0
img_07335_p09_2024,0.0,0.0073699066,0
img_07335_p10_2024,0.0,0.01238561,0
img_07335_p11_2024,0.0,0.009663159,0
img_07335_p12_2024,0.0,0.008619408,0
img_07335_p13_2024,0.0,0.0348282,0
img_07335_p14_2024,0.0,0.051108908,0
img_07335_p15_2024,0.0,0.01871185,0
img_07573_2024,0.0,0.018088715,0
img_07580_2024,0.0,0.01733375,0
img_07549_p01_2024,0.0,0.38610038,0
img_07549_p02_2024,0.0,0.1694622,0
img_07549_p03_2024,0.0,0.07895137,0
img_07549_p04_2024,0.0,0.021129185,0
img_07576_2024,0.0,0.05986433,0
img_07570_p01_2024,0.0,0.38367212,0
img_07570_p02_2024,0.0,0.44498354,0
img_07582_2024,0.0,0.8546568,0
img_07583_2024,0.0,0.47750506,0
img_07586_2024,0.0,0.25115338,0
img_07584_2024,0.0,0.02266506,0
img_07585_2024,0.0,0.36298066,0
img_07581_2024,0.0,0.096367106,0
img_07590_2024,0.0,0.013338079,0
img_07589_2024,0.0,0.012819452,0
img_07591_2024,0.0,0.5155252,0
img_07558_p01_2024,0.0,0.18098891,0
img_07558_p02_2024,0.0,0.34136128,0
img_07558_p03_2024,0.0,0.13365562,0
img_07558_p04_2024,0.0,0.3695231,0
img_07588_2024,0.0,0.2652974,0
img_07592_2024,0.0,0.24635372,0
img_07596_2024,0.0,0.0012510798,0
img_07587_2024,0.0,0.020792803,0
img_07599_2024,0.0,0.16162607,0
img_07597_2024,0.0,0.0024738354,0
img_07594_2024,0.0,0.17396446,0
img_07593_2024,0.0,0.6915301,0
img_07595_2024,0.0,0.14388031,0
img_07577_p01_2024,0.0,0.17971978,0
img_07577_p02_2024,0.0,0.1972728,0
img_07574_p01_2024,0.0,0.024052048,0
img_07574_p02_2024,0.0,0.12594202,0
img_07574_p03_2024,0.0,0.053926747,0
img_07574_p04_2024,0.0,0.18811078,0
img_07603_2024,0.0,0.050310858,0
img_07600_2024,0.0,0.70407695,0
img_07601_2024,0.0,0.22702141,0
img_07602_2024,0.0,0.37899333,0
img_07606_2024,0.0,0.5434381,0
img_07604_2024,0.0,0.007997792,0
img_07605_2024,0.0,0.07101103,0
img_07607_2024,0.0,0.019044016,0
img_07610_2024,0.0,0.03923448,0
img_07612_2024,0.0,0.26368698,0
img_07608_2024,0.0,0.041447587,0
img_07611_2024,0.0,0.4337894,0
img_07613_2024,0.0,0.15694287,0
img_07615_2024,0.0,0.16370071,0
img_07617_2024,0.0,0.74716806,0
img_07614_2024,0.0,0.11841943,0
img_07619_2024,0.0,0.6561142,0
img_07620_2024,0.0,0.043358773,0
img_07616_2024,0.0,0.05352046,0
img_07609_p01_2024,0.0,0.9578635,1
img_07609_p02_2024,0.0,0.90308714,0
img_07625_2024,0.0,0.6494874,0
img_07626_2024,0.0,0.61933994,0
img_07624_2024,0.0,0.031727813,0
img_07629_2024,0.0,0.5882804,0
img_07622_2024,0.0,0.31012833,0
img_07630_2024,0.0,0.10337436,0
img_07623_2024,0.0,0.37139684,0
img_07631_2024,0.0,0.13832948,0
img_07634_2024,0.0,0.66686606,0
img_07627_2024,0.0,0.068961926,0
img_07633_2024,0.0,0.13299456,0
img_07636_2024,0.0,0.0911402,0
img_07559_p01_2024,0.0,0.3307441,0
img_07559_p02_2024,0.0,0.51095164,0
img_07559_p03_2024,0.0,0.011719129,0
img_07559_p04_2024,0.0,0.057058997,0
img_07559_p05_2024,0.0,0.14062229,0
img_07559_p06_2024,0.0,0.08064202,0
img_07635_2024,0.0,0.25618753,0
img_07638_2024,0.0,0.14399067,0
img_07639_2024,0.0,0.4482769,0
img_07551_p01_2024,0.0,0.046350103,0
img_07551_p02_2024,0.0,0.10087578,0
img_07551_p03_2024,0.0,0.052839197,0
img_07551_p04_2024,0.0,0.23740652,0
img_07551_p05_2024,0.0,0.08924527,0
img_07551_p06_2024,0.0,0.136418,0
img_07640_2024,0.0,0.43212327,0
img_07621_p01_2024,0.0,0.4044991,0
img_07621_p02_2024,0.0,0.015793951,0
img_07374_p01_2024,0.0,0.41983742,0
img_07374_p02_2024,0.0,0.100096166,0
img_07374_p03_2024,0.0,0.09081017,0
img_07374_p04_2024,0.0,0.13025042,0
img_07374_p05_2024,0.0,0.28250304,0
img_07374_p06_2024,0.0,0.14406475,0
img_07374_p07_2024,0.0,0.059137106,0
img_07374_p08_2024,0.0,0.07966795,0
img_07374_p09_2024,0.0,0.29884866,0
img_07374_p10_2024,0.0,0.35754502,0
img_07374_p11_2024,0.0,0.54086304,0
img_07374_p12_2024,0.0,0.09014301,0
img_07374_p13_2024,0.0,0.030969977,0
img_07374_p14_2024,0.0,0.12238469,0
img_07374_p15_2024,0.0,0.0068777218,0
img_07374_p16_2024,0.0,0.04676454,0
img_07641_2024,0.0,0.99222577,1
img_07646_2024,0.0,0.2736636,0
img_07643_2024,0.0,0.46822324,0
img_07642_2024,0.0,0.18698776,0
img_07647_2024,0.0,0.61651254,0
img_07649_2024,0.0,0.3231561,0
img_07644_2024,0.0,0.14918454,0
img_07645_2024,0.0,0.18950865,0
img_07652_2024,0.0,0.20353702,0
img_07651_2024,0.0,0.571804,0
img_07632_p01_2024,0.0,0.010269426,0
img_07632_p02_2024,0.0,0.26869997,0
img_07653_2024,0.0,0.6667257,0
img_07656_2024,0.0,0.2892463,0
img_07658_2024,0.0,0.032263752,0
img_07414_p01_2024,0.0,0.026652575,0
img_07414_p02_2024,0.0,0.39337975,0
img_07414_p03_2024,0.0,0.096309915,0
img_07414_p04_2024,0.0,0.03692629,0
img_07414_p05_2024,0.0,0.50441295,0
img_07414_p06_2024,0.0,0.020770133,0
img_07414_p07_2024,0.0,0.0482887,0
img_07414_p08_2024,0.0,0.08684136,0
img_07414_p09_2024,0.0,0.16041495,0
img_07414_p10_2024,0.0,0.22364536,0
img_07414_p11_2024,0.0,0.08143476,0
img_07414_p12_2024,0.0,0.04374104,0
img_07414_p13_2024,0.0,0.5217568,0
img_07414_p14_2024,0.0,0.27079117,0
img_07414_p15_2024,0.0,0.08235886,0
img_07414_p16_2024,0.0,0.008287222,0
img_07660_2024,0.0,0.5315136,0
img_07661_2024,0.0,0.51364577,0
img_07662_2024,0.0,0.033635173,0
img_07657_2024,0.0,0.34244195,0
img_07654_2024,0.0,0.0141999815,0
img_07637_p01_2024,0.0,0.029568512,0
img_07637_p02_2024,0.0,0.21842317,0
img_07659_2024,0.0,0.37520558,0
img_07666_2024,0.0,0.05745403,0
img_07664_2024,0.0,0.6624656,0
img_07663_2024,0.0,0.09969524,0
img_07670_2024,0.0,0.48839393,0
img_07533_p01_2024,0.0,0.011750527,0
img_07533_p02_2024,0.0,0.054422926,0
img_07533_p03_2024,0.0,0.06010701,0
img_07533_p04_2024,0.0,0.06429263,0
img_07533_p05_2024,0.0,0.007431279,0
img_07533_p06_2024,0.0,0.31043512,0
img_07533_p07_2024,0.0,0.07923733,0
img_07533_p08_2024,0.0,0.48880106,0
img_07598_p01_2024,0.0,0.047492232,0
img_07598_p02_2024,0.0,0.032901086,0
img_07598_p03_2024,0.0,0.016196085,0
img_07598_p04_2024,0.0,0.0070927576,0
img_07598_p05_2024,0.0,0.009601985,0
img_07667_2024,0.0,0.018893396,0
img_07668_2024,0.0,0.01629308,0
img_07671_2024,0.0,0.4970654,0
img_07665_2024,0.0,0.6148813,0
img_07675_2024,0.0,0.036506332,0
img_07676_2024,0.0,0.4203984,0
img_07628_p01_2024,0.0,0.04861508,0
img_07628_p02_2024,0.0,0.05480973,0
img_07628_p03_2024,0.0,0.1465575,0
img_07628_p04_2024,0.0,0.025309946,0
img_07678_2024,0.0,0.023920381,0
img_07669_2024,0.0,0.26585573,0
img_07679_2024,0.0,0.8033722,0
img_07684_2024,0.0,0.08222499,0
img_07685_2024,0.0,0.41183415,0
img_07673_2024,0.0,0.6761267,0
img_07686_2024,0.0,0.008753196,0
img_07682_2024,0.0,0.72012514,0
img_07677_2024,0.0,0.30312824,0
img_07683_2024,0.0,0.8689974,0
img_07689_2024,0.0,0.2506238,0
img_07691_2024,0.0,0.25230935,0
img_07687_2024,0.0,0.545596,0
img_07648_p01_2024,0.0,0.04067133,0
img_07648_p02_2024,0.0,0.0047667474,0
img_07648_p03_2024,0.0,0.006241818,0
img_07648_p04_2024,0.0,0.04387597,0
img_07692_2024,0.0,0.20515148,0
img_07680_2024,0.0,0.11465089,0
img_07693_2024,0.0,0.20009366,0
img_07697_2024,0.0,0.057176925,0
img_07650_p01_2024,0.0,0.032425623,0
img_07650_p02_2024,0.0,0.015057748,0
img_07650_p03_2024,0.0,0.064797714,0
img_07650_p04_2024,0.0,0.1351025,0
img_07696_2024,0.0,0.2770211,0
img_07690_2024,0.0,0.02699,0
img_07698_2024,0.0,0.025740415,0
img_07702_2024,0.0,0.3354733,0
img_07701_2024,0.0,0.0141341,0
img_07699_2024,0.0,0.50537753,0
img_07704_2024,0.0,0.18387835,0
img_07703_2024,0.0,0.06776317,0
img_07705_2024,0.0,0.04448419,0
img_07708_2024,0.0,0.047351487,0
img_07707_2024,0.0,0.28585202,0
img_07706_2024,0.0,0.533528,0
img_07688_p01_2024,0.0,0.005015498,0
img_07688_p02_2024,0.0,0.015205601,0
img_07710_2024,0.0,0.60569894,0
img_07712_2024,0.0,0.04245788,0
img_07681_p01_2024,0.0,0.066966705,0
img_07681_p02_2024,0.0,0.08487435,0
img_07709_2024,0.0,0.27394807,0
img_07716_2024,0.0,0.9825319,1
img_07713_2024,0.0,0.017427068,0
img_07718_2024,0.0,0.8007597,0
img_07715_2024,0.0,0.24998596,0
img_07717_2024,0.0,0.18559659,0
img_07618_p01_2024,0.0,0.124354795,0
img_07618_p02_2024,0.0,0.022536876,0
img_07618_p03_2024,0.0,0.40535456,0
img_07618_p04_2024,0.0,0.03832578,0
img_07618_p05_2024,0.0,0.08656146,0
img_07618_p06_2024,0.0,0.026722258,0
img_07694_p01_2024,0.0,0.024657419,0
img_07694_p02_2024,0.0,0.09298259,0
img_07719_2024,0.0,0.39695066,0
img_07700_p01_2024,0.0,0.5209802,0
img_07700_p02_2024,0.0,0.47649655,0
img_07723_2024,0.0,0.019108545,0
img_07722_2024,0.0,0.0013829594,0
img_07720_2024,0.0,0.16190323,0
img_07725_2024,0.0,0.36812937,0
img_07728_2024,0.0,0.16934422,0
img_07729_2024,0.0,0.06737956,0
img_07730_2024,0.0,0.28392214,0
img_07726_2024,0.0,0.43315238,0
img_07733_2024,0.0,0.050598096,0
img_07727_2024,0.0,0.12264977,0
img_07731_2024,0.0,0.068205334,0
img_07732_2024,0.0,0.7579607,0
img_07734_2024,0.0,0.016772682,0
img_07724_p01_2024,0.0,0.26289245,0
img_07724_p02_2024,0.0,0.3934424,0
img_07736_2024,0.0,0.011693077,0
img_07737_2024,0.0,0.903182,0
img_07674_p01_2024,0.0,0.0754358,0
img_07674_p02_2024,0.0,0.17944694,0
img_07674_p03_2024,0.0,0.01906901,0
img_07674_p04_2024,0.0,0.027808774,0
img_07740_2024,0.0,0.0820558,0
img_07735_2024,0.0,0.16394907,0
img_07743_2024,0.0,0.0117274355,0
img_07742_2024,0.0,0.33568463,0
img_07746_2024,0.0,0.07848742,0
img_07745_2024,0.0,0.24556442,0
img_07747_2024,0.0,0.0033831731,0
img_07748_2024,0.0,0.49132267,0
img_07738_2024,0.0,0.28553197,0
img_07749_2024,0.0,0.14689092,0
img_07751_2024,0.0,0.04439859,0
img_07752_2024,0.0,0.11831851,0
img_07750_2024,0.0,0.40989542,0
img_07753_2024,0.0,0.027583024,0
img_07754_2024,0.0,0.21979618,0
img_07756_2024,0.0,0.3347606,0
img_07759_2024,0.0,0.093918905,0
img_07757_2024,0.0,0.06197853,0
img_07755_2024,0.0,0.014940752,0
img_07761_2024,0.0,0.11310279,0
img_07763_2024,0.0,0.6736837,0
img_07741_p01_2024,0.0,0.03299694,0
img_07741_p02_2024,0.0,0.01464159,0
img_07765_2024,0.0,0.021619583,0
img_07766_2024,0.0,0.16441968,0
img_07764_2024,0.0,0.6495761,0
img_07768_2024,0.0,0.6954174,0
img_07767_2024,0.0,0.019216588,0
img_07721_p01_2024,0.0,0.030691912,0
img_07721_p02_2024,0.0,0.2958004,0
img_07721_p03_2024,0.0,0.36832497,0
img_07721_p04_2024,0.0,0.19255199,0
img_07771_2024,0.0,0.06770283,0
img_07770_2024,0.0,0.5027184,0
img_07769_2024,0.0,0.015022412,0
img_07760_p01_2024,0.0,0.40463275,0
img_07760_p02_2024,0.0,0.2739449,0
img_07711_p01_2024,0.0,0.67174864,0
img_07711_p02_2024,0.0,0.16740206,0
img_07711_p03_2024,0.0,0.086735465,0
img_07711_p04_2024,0.0,0.19377097,0
img_07772_2024,0.0,0.016700342,0
img_07775_2024,0.0,0.3962053,0
img_07773_2024,0.0,0.64655846,0
img_07777_2024,0.0,0.0666068,0
img_07774_2024,0.0,0.113614276,0
img_07782_2024,0.0,0.11227025,0
img_07783_2024,0.0,0.93125236,1
img_07780_2024,0.0,0.16187134,0
img_07781_2024,0.0,0.18235335,0
img_07784_2024,0.0,0.6910895,0
img_07778_2024,0.0,0.01279659,0
img_07785_2024,0.0,0.18642025,0
img_07787_2024,0.0,0.21836981,0
img_07744_p01_2024,0.0,0.027097533,0
img_07744_p02_2024,0.0,0.09084864,0
img_07744_p03_2024,0.0,0.072030745,0
img_07744_p04_2024,0.0,0.048031356,0
img_07776_p01_2024,0.0,0.22147098,0
img_07776_p02_2024,0.0,0.03652967,0
img_07695_p01_2024,0.0,0.16734344,0
img_07695_p02_2024,0.0,0.09202953,0
img_07695_p03_2024,0.0,0.017537814,0
img_07695_p04_2024,0.0,0.116142906,0
img_07695_p05_2024,0.0,0.2851748,0
img_07695_p06_2024,0.0,0.22246513,0
img_07786_2024,0.0,0.91673744,1
img_07789_2024,0.0,0.17835227,0
img_07790_2024,0.0,0.39189926,0
img_07793_2024,0.0,0.65934646,0
img_07794_2024,0.0,0.02817508,0
img_07800_2024,0.0,0.3302732,0
img_07796_2024,0.0,0.008069196,0
img_07797_2024,0.0,0.012545869,0
img_07798_2024,0.0,0.0050251903,0
img_07799_2024,0.0,0.05242771,0
img_07739_p01_2024,0.0,0.015539341,0
img_07739_p02_2024,0.0,0.19797233,0
img_07739_p03_2024,0.0,0.65789074,0
img_07739_p04_2024,0.0,0.019244226,0
img_07739_p05_2024,0.0,0.02400614,0
img_07739_p06_2024,0.0,0.18229644,0
img_07801_2024,0.0,0.06878098,0
img_07803_2024,0.0,0.7404941,0
img_07806_2024,0.0,0.2986405,0
img_07804_2024,0.0,0.033081725,0
img_07802_2024,0.0,0.14028156,0
img_07808_2024,0.0,0.25231105,0
img_07779_p01_2024,0.0,0.0046007447,0
img_07779_p02_2024,0.0,0.0069179335,0
img_07807_2024,0.0,0.1578769,0
img_07811_2024,0.0,0.029586295,0
img_07810_2024,0.0,0.07470608,0
img_07805_2024,0.0,0.8752963,0
img_07809_2024,0.0,0.637006,0
img_07791_p01_2024,0.0,0.008438995,0
img_07791_p02_2024,0.0,0.1696544,0
img_07812_2024,0.0,0.15518953,0
img_07814_2024,0.0,0.0047118673,0
img_07813_2024,0.0,0.0044442927,0
img_07795_p01_2024,0.0,0.39150977,0
img_07795_p02_2024,0.0,0.3676338,0
img_07815_2024,0.0,0.2054555,0
img_07816_2024,0.0,0.3354825,0
img_07819_2024,0.0,0.013200318,0
img_07818_2024,0.0,0.17888287,0
img_07817_2024,0.0,0.4241109,0
img_07821_2024,0.0,0.011365034,0
img_07822_2024,0.0,0.030344287,0
img_07825_2024,0.0,0.74851215,0
img_07823_2024,0.0,0.53084373,0
img_07826_2024,0.0,0.57477796,0
img_07824_2024,0.0,0.004746878,0
img_07829_2024,0.0,0.040178634,0
img_07828_2024,0.0,0.12793931,0
img_07831_2024,0.0,0.118569314,0
img_07830_2024,0.0,0.093453266,0
img_07762_p01_2024,0.0,0.1792843,0
img_07762_p02_2024,0.0,0.0034858622,0
img_07762_p03_2024,0.0,0.10885652,0
img_07762_p04_2024,0.0,0.008777539,0
img_07762_p05_2024,0.0,0.025876513,0
img_07762_p06_2024,0.0,0.053343188,0
img_07836_2024,0.0,0.22256239,0
img_07832_2024,0.0,0.064241976,0
img_07834_2024,0.0,0.19116059,0
img_07838_2024,0.0,0.29803365,0
img_07792_p01_2024,0.0,0.03220377,0
img_07792_p02_2024,0.0,0.0063968846,0
img_07792_p03_2024,0.0,0.0699801,0
img_07792_p04_2024,0.0,0.019194817,0
img_07820_p01_2024,0.0,0.09734051,0
img_07820_p02_2024,0.0,0.037390124,0
img_07835_2024,0.0,0.121537425,0
img_07840_2024,0.0,0.5160862,0
img_07841_2024,0.0,0.94236785,1
img_07842_2024,0.0,0.096400395,0
img_07843_2024,0.0,0.90200585,0
img_07827_2024,0.0,0.030528005,0
img_07839_2024,0.0,0.31535363,0
img_07846_2024,0.0,0.10647009,0
img_07845_2024,0.0,0.004088409,0
img_07847_2024,0.0,0.022000428,0
img_07848_2024,0.0,0.2933038,0
img_07850_2024,0.0,0.012473649,0
img_07849_2024,0.0,0.0131355105,0
img_07852_2024,0.0,0.49787217,0
img_07844_2024,0.0,0.05887439,0
img_07851_2024,0.0,0.014056424,0
img_07855_2024,0.0,0.52864355,0
img_07853_2024,0.0,0.6145097,0
img_07714_p01_2024,0.0,0.23604174,0
img_07714_p02_2024,0.0,0.19967519,0
img_07714_p03_2024,0.0,0.020852815,0
img_07714_p04_2024,0.0,0.23558879,0
img_07714_p05_2024,0.0,0.29147917,0
img_07714_p06_2024,0.0,0.049916513,0
img_07714_p07_2024,0.0,0.1275063,0
img_07714_p08_2024,0.0,0.18744485,0
img_07714_p09_2024,0.0,0.13906589,0
img_07856_2024,0.0,0.14084229,0
img_07860_2024,0.0,0.02048739,0
img_07863_2024,0.0,0.9614049,1
img_07861_2024,0.0,0.36721563,0
img_07854_2024,0.0,0.00944836,0
img_07858_2024,0.0,0.20023294,0
img_07864_2024,0.0,0.02050808,0
img_07862_2024,0.0,0.070006296,0
img_07867_2024,0.0,0.16941695,0
img_07866_2024,0.0,0.23991394,0
img_07869_2024,0.0,0.17428239,0
img_07871_2024,0.0,0.07726129,0
img_07870_2024,0.0,0.033398937,0
img_07875_2024,0.0,0.212967,0
img_07868_2024,0.0,0.3823857,0
img_07874_2024,0.0,0.7498363,0
img_07876_2024,0.0,0.04520008,0
img_07857_p01_2024,0.0,0.023533609,0
img_07857_p02_2024,0.0,0.08141631,0
img_07872_2024,0.0,0.06373324,0
img_07877_2024,0.0,0.010033238,0
img_07879_2024,0.0,0.46880817,0
img_07880_2024,0.0,0.49338788,0
img_07882_2024,0.0,0.01304435,0
img_07881_2024,0.0,0.13557896,0
img_07888_2024,0.0,0.019434597,0
img_07672_p01_2024,0.0,0.16864128,0
img_07672_p02_2024,0.0,0.24126501,0
img_07672_p03_2024,0.0,0.059685946,0
img_07672_p04_2024,0.0,0.02753592,0
img_07672_p05_2024,0.0,0.009277774,0
img_07672_p06_2024,0.0,0.009166693,0
img_07672_p07_2024,0.0,0.054535188,0
img_07672_p08_2024,0.0,0.65757525,0
img_07672_p09_2024,0.0,0.00973476,0
img_07672_p10_2024,0.0,0.011018168,0
img_07672_p11_2024,0.0,0.019065369,0
img_07672_p12_2024,0.0,0.013955273,0
img_07672_p13_2024,0.0,0.2906805,0
img_07885_2024,0.0,0.21625261,0
img_07887_2024,0.0,0.15656297,0
img_07883_2024,0.0,0.053281307,0
img_07889_2024,0.0,0.33051878,0
img_07837_p01_2024,0.0,0.3969329,0
img_07837_p02_2024,0.0,0.53499085,0
img_07837_p03_2024,0.0,0.09708063,0
img_07837_p04_2024,0.0,0.050585203,0
img_07886_2024,0.0,0.033678237,0
img_07890_2024,0.0,0.09108229,0
img_07833_p01_2024,0.0,0.0020754454,0
img_07833_p02_2024,0.0,0.007447376,0
img_07833_p03_2024,0.0,0.5202072,0
img_07833_p04_2024,0.0,0.025680238,0
img_07894_2024,0.0,0.8759658,0
img_07896_2024,0.0,0.022606894,0
img_07895_2024,0.0,0.6788505,0
img_07892_2024,0.0,0.31106386,0
img_07859_p01_2024,0.0,0.06764718,0
img_07859_p02_2024,0.0,0.08056651,0
img_07859_p03_2024,0.0,0.011183487,0
img_07859_p04_2024,0.0,0.10000086,0
img_07897_2024,0.0,0.5679133,0
img_07893_2024,0.0,0.21347757,0
img_07899_2024,0.0,0.021640513,0
img_07900_2024,0.0,0.018827418,0
img_07901_2024,0.0,0.56218326,0
img_07891_2024,0.0,0.45199355,0
img_07898_2024,0.0,0.028777655,0
img_07903_2024,0.0,0.17821327,0
img_07902_2024,0.0,0.31125692,0
img_07906_2024,0.0,0.67881477,0
img_07905_2024,0.0,0.08758475,0
img_07904_2024,0.0,0.56994176,0
img_07912_2024,0.0,0.8207334,0
img_07910_2024,0.0,0.8434564,0
img_07908_2024,0.0,0.9678766,1
img_07913_2024,0.0,0.5531944,0
img_07916_2024,0.0,0.005383252,0
img_07907_2024,0.0,0.34623027,0
img_07918_2024,0.0,0.0043956377,0
img_07915_2024,0.0,0.47774047,0
img_07914_2024,0.0,0.43175372,0
img_07920_2024,0.0,0.47998795,0
img_07921_2024,0.0,0.1526018,0
img_07919_2024,0.0,0.92012674,1
img_07926_2024,0.0,0.5479198,0
img_07922_2024,0.0,0.0687082,0
img_07865_p01_2024,0.0,0.031745847,0
img_07865_p02_2024,0.0,0.013655958,0
img_07865_p03_2024,0.0,0.008234221,0
img_07865_p04_2024,0.0,0.01575059,0
img_07923_2024,0.0,0.08800523,0
img_07927_2024,0.0,0.41917974,0
img_07911_p01_2024,0.0,0.23722926,0
img_07911_p02_2024,0.0,0.090302706,0
img_07925_2024,0.0,0.9187585,1
img_07924_2024,0.0,0.50987446,0
img_07909_p01_2024,0.0,0.07931793,0
img_07909_p02_2024,0.0,0.042734955,0
img_07936_2024,0.0,0.0013073592,0
img_07938_2024,0.0,0.6372854,0
img_07933_2024,0.0,0.97538793,1
img_07939_2024,0.0,0.39041907,0
img_07932_2024,0.0,0.36501235,0
img_07934_2024,0.0,0.039558627,0
img_07940_2024,0.0,0.13030724,0
img_07942_2024,0.0,0.07647542,0
img_07943_2024,0.0,0.04561577,0
img_07945_2024,0.0,0.15772067,0
img_07884_p01_2024,0.0,0.21528673,0
img_07884_p02_2024,0.0,0.12142787,0
img_07884_p03_2024,0.0,0.020354148,0
img_07884_p04_2024,0.0,0.1971198,0
img_07884_p05_2024,0.0,0.060967367,0
img_07944_2024,0.0,0.1304942,0
img_07947_2024,0.0,0.3167097,0
img_07948_2024,0.0,0.52164894,0
img_07950_2024,0.0,0.008173616,0
img_07929_p01_2024,0.0,0.02660444,0
img_07929_p02_2024,0.0,0.03402824,0
img_07929_p03_2024,0.0,0.08451678,0
img_07929_p04_2024,0.0,0.010419326,0
img_07949_2024,0.0,0.030888746,0
img_07952_2024,0.0,0.34843066,0
img_07946_p01_2024,0.0,0.010957864,0
img_07946_p02_2024,0.0,0.22290938,0
img_07954_2024,0.0,0.73785514,0
img_07953_2024,0.0,0.045620274,0
img_07956_2024,0.0,0.01028618,0
img_07951_2024,0.0,0.033766314,0
img_07957_2024,0.0,0.4918615,0
img_07958_2024,0.0,0.051521022,0
img_07931_p01_2024,0.0,0.16796273,0
img_07931_p02_2024,0.0,0.17673329,0
img_07931_p03_2024,0.0,0.03804522,0
img_07931_p04_2024,0.0,0.13411179,0
img_07959_2024,0.0,0.052919336,0
img_07758_p01_2024,0.0,0.013947117,0
img_07758_p02_2024,0.0,0.0041044587,0
img_07758_p03_2024,0.0,0.009159711,0
img_07758_p04_2024,0.0,0.111571394,0
img_07758_p05_2024,0.0,0.01088387,0
img_07758_p06_2024,0.0,0.0018338563,0
img_07758_p07_2024,0.0,0.0093979705,0
img_07758_p08_2024,0.0,0.04999737,0
img_07758_p09_2024,0.0,0.021841988,0
img_07758_p10_2024,0.0,0.007641333,0
img_07758_p11_2024,0.0,0.0068343356,0
img_07758_p12_2024,0.0,0.181453,0
img_07758_p13_2024,0.0,0.04370422,0
img_07758_p14_2024,0.0,0.034168907,0
img_07758_p15_2024,0.0,0.03992987,0
img_07961_2024,0.0,0.14904809,0
img_07960_2024,0.0,0.47797757,0
img_07963_2024,0.0,0.23399138,0
img_07965_2024,0.0,0.008772592,0
img_07964_2024,0.0,0.04519303,0
img_07962_2024,0.0,0.49937734,0
img_07966_2024,0.0,0.0047116005,0
img_07970_2024,0.0,0.41789597,0
img_07968_2024,0.0,0.10380025,0
img_07969_2024,0.0,0.933444,1
img_07967_2024,0.0,0.0037375286,0
img_07937_p01_2024,0.0,0.17307886,0
img_07937_p02_2024,0.0,0.6046512,0
img_07937_p03_2024,0.0,0.19691987,0
img_07937_p04_2024,0.0,0.25107676,0
img_07972_2024,0.0,0.017746037,0
img_07973_2024,0.0,0.12032308,0
img_07974_2024,0.0,0.00425616,0
img_07971_2024,0.0,0.4532714,0
img_07788_p01_2024,0.0,0.022333652,0
img_07788_p02_2024,0.0,0.014811287,0
img_07788_p03_2024,0.0,0.034561865,0
img_07788_p04_2024,0.0,0.110059544,0
img_07788_p05_2024,0.0,0.2805396,0
img_07788_p06_2024,0.0,0.044626582,0
img_07788_p07_2024,0.0,0.02103419,0
img_07788_p08_2024,0.0,0.008626751,0
img_07788_p09_2024,0.0,0.16754964,0
img_07788_p10_2024,0.0,0.09478731,0
img_07788_p11_2024,0.0,0.18006523,0
img_07788_p12_2024,0.0,0.009947002,0
img_07788_p13_2024,0.0,0.12122605,0
img_07788_p14_2024,0.0,0.10288243,0
img_07977_2024,0.0,0.5601551,0
img_07978_2024,0.0,0.13247062,0
img_07982_2024,0.0,0.016111935,0
img_07980_2024,0.0,0.2351232,0
img_07979_2024,0.0,0.021914436,0
img_07930_p01_2024,0.0,0.05212024,0
img_07930_p02_2024,0.0,0.017410254,0
img_07930_p03_2024,0.0,0.0077862367,0
img_07930_p04_2024,0.0,0.04757712,0
img_07930_p05_2024,0.0,0.051825523,0
img_07930_p06_2024,0.0,0.022382269,0
img_07983_2024,0.0,0.026766375,0
img_07981_2024,0.0,0.39763808,0
img_07976_2024,0.0,0.13560866,0
img_07985_2024,0.0,0.02256525,0
img_07986_2024,0.0,0.37099153,0
img_07984_2024,0.0,0.037282683,0
img_07989_2024,0.0,0.05695008,0
img_07917_p01_2024,0.0,0.15385588,0
img_07917_p02_2024,0.0,0.02527374,0
img_07917_p03_2024,0.0,0.04907735,0
img_07917_p04_2024,0.0,0.11097415,0
img_07917_p05_2024,0.0,0.0059061353,0
img_07917_p06_2024,0.0,0.019663692,0
img_07917_p07_2024,0.0,0.068039574,0
img_07917_p08_2024,0.0,0.06097845,0
img_07988_2024,0.0,0.068425246,0
img_07991_2024,0.0,0.23361178,0
img_07941_p01_2024,0.0,0.38643414,0
img_07941_p02_2024,0.0,0.26226464,0
img_07941_p03_2024,0.0,0.35389584,0
img_07941_p04_2024,0.0,0.23167118,0
img_07941_p05_2024,0.0,0.09745004,0
img_07941_p06_2024,0.0,0.30434996,0
img_07975_p01_2024,0.0,0.38690668,0
img_07975_p02_2024,0.0,0.0977328,0
img_07992_2024,0.0,0.12993899,0
img_07996_2024,0.0,0.047199197,0
img_07995_2024,0.0,0.47733742,0
img_07994_2024,0.0,0.027672905,0
img_07928_p01_2024,0.0,0.031275243,0
img_07928_p02_2024,0.0,0.21806331,0
img_07928_p03_2024,0.0,0.039695866,0
img_07928_p04_2024,0.0,0.04464361,0
img_07928_p05_2024,0.0,0.0026032045,0
img_07928_p06_2024,0.0,0.030234635,0
img_07935_p01_2024,0.0,0.05233574,0
img_07935_p02_2024,0.0,0.11083038,0
img_07935_p03_2024,0.0,0.022876138,0
img_07935_p04_2024,0.0,0.0506879,0
img_07935_p05_2024,0.0,0.032020662,0
img_07935_p06_2024,0.0,0.028392747,0
img_08004_2024,0.0,0.14100958,0
img_07999_2024,0.0,0.023005964,0
img_08003_2024,0.0,0.18192658,0
img_08002_2024,0.0,0.022989824,0
img_08007_2024,0.0,0.0075540855,0
img_08001_2024,0.0,0.0049030203,0
img_08000_2024,0.0,0.1466138,0
img_07993_p01_2024,0.0,0.7472047,0
img_07993_p02_2024,0.0,0.8726837,0
img_08008_2024,0.0,0.0059578284,0
img_08005_2024,0.0,0.012773186,0
img_07987_p01_2024,0.0,0.03180499,0
img_07987_p02_2024,0.0,0.06799786,0
img_08006_2024,0.0,0.028713908,0
img_08009_2024,0.0,0.20904467,0
img_07990_p01_2024,0.0,0.08032382,0
img_07990_p02_2024,0.0,0.7771363,0
img_08011_2024,0.0,0.7579819,0
img_08013_2024,0.0,0.35923892,0
img_08010_2024,0.0,0.36643434,0
img_08015_2024,0.0,0.0010782292,0
img_08014_2024,0.0,0.03479408,0
img_07998_p01_2024,0.0,0.14623931,0
img_07998_p02_2024,0.0,0.15123767,0
img_08021_2024,0.0,0.16124131,0
img_08018_2024,0.0,0.037776813,0
img_07997_p01_2024,0.0,0.02360375,0
img_07997_p02_2024,0.0,0.054685615,0
img_08017_2024,0.0,0.54037124,0
img_08016_2024,0.0,0.09290139,0
img_08012_2024,0.0,0.5094737,0
img_08023_2024,0.0,0.28449205,0
img_07655_p02_2024,0.0,0.010851172,0
img_07655_p03_2024,0.0,0.0737405,0
img_07655_p04_2024,0.0,0.05322534,0
img_07655_p05_2024,0.0,0.008556807,0
img_07655_p06_2024,0.0,0.034508966,0
img_07655_p07_2024,0.0,0.11495423,0
img_07655_p08_2024,0.0,0.086147584,0
img_07655_p09_2024,0.0,0.057853647,0
img_07655_p10_2024,0.0,0.076238774,0
img_07655_p11_2024,0.0,0.015457223,0
img_07655_p12_2024,0.0,0.017283652,0
img_07655_p13_2024,0.0,0.0979936,0
img_07655_p14_2024,0.0,0.026682025,0
img_07655_p15_2024,0.0,0.0155632915,0
img_07655_p16_2024,0.0,0.0169852,0
img_07655_p17_2024,0.0,0.04474573,0
img_07655_p19_2024,0.0,0.00287623,0
img_07655_p20_2024,0.0,0.08070232,0
img_07655_p21_2024,0.0,0.009012002,0
img_08024_2024,0.0,0.9782343,1
img_08025_2024,0.0,0.014798423,0
img_08029_2024,0.0,0.0021518802,0
img_08028_2024,0.0,0.32846418,0
img_08033_2024,0.0,0.24685839,0
img_08031_2024,0.0,0.028112974,0
img_08026_2024,0.0,0.02838693,0
img_08032_2024,0.0,0.41351447,0
img_08030_2024,0.0,0.032978214,0
img_08034_2024,0.0,0.06501737,0
img_08035_2024,0.0,0.062991574,0
img_08036_2024,0.0,0.5857266,0
img_08041_2024,0.0,0.46595383,0
img_08042_2024,0.0,0.46129927,0
img_08044_2024,0.0,0.024018038,0
img_08046_2024,0.0,0.03444442,0
img_08020_p01_2024,0.0,0.34341556,0
img_08020_p02_2024,0.0,0.18307427,0
img_08040_2024,0.0,0.28344682,0
img_08047_2024,0.0,0.049756683,0
img_08050_2024,0.0,0.25831902,0
img_07955_p01_2024,0.0,0.12606135,0
img_07955_p02_2024,0.0,0.069980845,0
img_07955_p03_2024,0.0,0.059441973,0
img_07955_p04_2024,0.0,0.02111669,0
img_07955_p05_2024,0.0,0.0020184596,0
img_07955_p06_2024,0.0,0.026485335,0
img_07955_p07_2024,0.0,0.035756614,0
img_07955_p08_2024,0.0,0.0047973264,0
img_08052_2024,0.0,0.05160285,0
img_08051_2024,0.0,0.014130944,0
img_08038_p01_2024,0.0,0.10035195,0
img_08038_p02_2024,0.0,0.31807214,0
img_08053_2024,0.0,0.010945447,0
img_08048_2024,0.0,0.022369698,0
img_08054_2024,0.0,0.50742066,0
img_08056_2024,0.0,0.016289072,0
img_08058_2024,0.0,0.074845195,0
img_08060_2024,0.0,0.39540678,0
img_08059_2024,0.0,0.10946276,0
img_08064_2024,0.0,0.10662242,0
img_08061_2024,0.0,0.11692895,0
img_08063_2024,0.0,0.1309202,0
img_08062_2024,0.0,0.09617654,0
img_08057_p01_2024,0.0,0.016178522,0
img_08057_p02_2024,0.0,0.026122177,0
img_08066_2024,0.0,0.04143869,0
img_08065_2024,0.0,0.8353651,0
img_08067_2024,0.0,0.4709434,0
img_08068_2024,0.0,0.07060193,0
img_08055_p01_2024,0.0,0.023921633,0
img_08055_p02_2024,0.0,0.16068871,0
img_08070_2024,0.0,0.2468638,0
img_08069_2024,0.0,0.024691612,0
img_08072_2024,0.0,0.1946731,0
img_08037_p01_2024,0.0,0.18293814,0
img_08037_p02_2024,0.0,0.027295675,0
img_08071_2024,0.0,0.97183,1
img_08039_p01_2024,0.0,0.3985124,0
img_08039_p02_2024,0.0,0.013922906,0
img_08039_p03_2024,0.0,0.099127576,0
img_08039_p04_2024,0.0,0.054968245,0
img_08074_2024,0.0,0.5499579,0
img_08075_2024,0.0,0.16163106,0
img_08073_2024,0.0,0.20740715,0
img_08080_2024,0.0,0.7542861,0
img_08076_2024,0.0,0.0043170927,0
img_08078_2024,0.0,0.07785542,0
img_08077_2024,0.0,0.66055757,0
img_08079_2024,0.0,0.14977355,0
img_08082_2024,0.0,0.29021528,0
img_08084_2024,0.0,0.68996006,0
img_08081_2024,0.0,0.005681603,0
img_08083_2024,0.0,0.028276116,0
img_08085_2024,0.0,0.91538084,0
img_08090_2024,0.0,0.32905787,0
img_08087_2024,0.0,0.0445335,0
img_08022_p01_2024,0.0,0.066582635,0
img_08022_p02_2024,0.0,0.5513604,0
img_08022_p03_2024,0.0,0.090045035,0
img_08022_p04_2024,0.0,0.48347765,0
img_08022_p05_2024,0.0,0.2259272,0
img_08022_p06_2024,0.0,0.66461784,0
img_08093_2024,0.0,0.032379154,0
img_08089_2024,0.0,0.026885647,0
img_08086_2024,0.0,0.30523962,0
img_08088_2024,0.0,0.6206522,0
img_08092_2024,0.0,0.24622294,0
img_08091_2024,0.0,0.6083603,0
img_08095_2024,0.0,0.048695337,0
img_08096_2024,0.0,0.76889783,0
img_07873_p01_2024,0.0,0.32825792,0
img_07873_p02_2024,0.0,0.23187384,0
img_07873_p03_2024,0.0,0.16829449,0
img_07873_p04_2024,0.0,0.17416477,0
img_07873_p05_2024,0.0,0.3161076,0
img_07873_p06_2024,0.0,0.17483598,0
img_07873_p07_2024,0.0,0.081776224,0
img_07873_p08_2024,0.0,0.25551358,0
img_07873_p09_2024,0.0,0.06525651,0
img_07873_p10_2024,0.0,0.13227448,0
img_07873_p11_2024,0.0,0.075780086,0
img_07873_p12_2024,0.0,0.2086319,0
img_07873_p13_2024,0.0,0.027502203,0
img_07873_p14_2024,0.0,0.029647276,0
img_07873_p15_2024,0.0,0.30253008,0
img_07873_p16_2024,0.0,0.21406245,0
img_08098_2024,0.0,0.3452119,0
img_08043_p01_2024,0.0,0.11117484,0
img_08043_p02_2024,0.0,0.024024706,0
img_08043_p03_2024,0.0,0.032660704,0
img_08043_p04_2024,0.0,0.061926514,0
img_08094_2024,0.0,0.025958156,0
img_08097_2024,0.0,0.66474044,0
img_08099_2024,0.0,0.0024836296,0
img_08102_2024,0.0,0.03209898,0
img_08104_2024,0.0,0.56266385,0
img_08100_2024,0.0,0.16878298,0
img_08101_2024,0.0,0.7299808,0
img_08103_2024,0.0,0.49824172,0
img_08106_2024,0.0,0.0031904164,0
img_08105_2024,0.0,0.18639211,0
img_08109_2024,0.0,0.98788434,1
img_08112_2024,0.0,0.5053905,0
img_08108_2024,0.0,0.41417152,0
img_08110_2024,0.0,0.14872913,0
img_08027_p01_2024,0.0,0.54293996,0
img_08027_p02_2024,0.0,0.22409415,0
img_08027_p03_2024,0.0,0.38465706,0
img_08027_p04_2024,0.0,0.05324744,0
img_08027_p05_2024,0.0,0.104930736,0
img_08027_p06_2024,0.0,0.05244237,0
img_08111_2024,0.0,0.015829679,0
img_08113_2024,0.0,0.31534538,0
img_08107_2024,0.0,0.3891077,0
img_08118_2024,0.0,0.50046325,0
img_08115_2024,0.0,0.10424235,0
img_08117_2024,0.0,0.43316182,0
img_08119_2024,0.0,0.008270545,0
img_08120_2024,0.0,0.011304216,0
img_08116_2024,0.0,0.46504125,0
img_08121_2024,0.0,0.56321156,0
img_08124_2024,0.0,0.23944107,0
img_08045_p01_2024,0.0,0.11567128,0
img_08045_p02_2024,0.0,0.1808221,0
img_08045_p03_2024,0.0,0.2369025,0
img_08045_p04_2024,0.0,0.2182451,0
img_08045_p05_2024,0.0,0.034951,0
img_08045_p06_2024,0.0,0.26522842,0
img_08122_2024,0.0,0.1142256,0
img_08126_2024,0.0,0.010364416,0
img_08125_2024,0.0,0.32341376,0
img_08127_2024,0.0,0.5557338,0
img_08128_2024,0.0,0.48293233,0
img_08130_2024,0.0,0.18493153,0
img_08133_2024,0.0,0.026450014,0
img_08134_2024,0.0,0.19368237,0
img_08132_2024,0.0,0.12055095,0
img_08137_2024,0.0,0.35598138,0
img_08136_2024,0.0,0.045957915,0
img_08049_p01_2024,0.0,0.021944668,0
img_08049_p02_2024,0.0,0.010977899,0
img_08049_p03_2024,0.0,0.22804555,0
img_08049_p05_2024,0.0,0.055076104,0
img_08049_p06_2024,0.0,0.017905956,0
img_08129_2024,0.0,0.14616036,0
img_08142_2024,0.0,0.8084685,0
img_08135_2024,0.0,0.04277864,0
img_08139_2024,0.0,0.3055466,0
img_08140_2024,0.0,0.11259129,0
img_08145_2024,0.0,0.016964028,0
img_08146_2024,0.0,0.0032507286,0
img_08141_2024,0.0,0.49538976,0
img_08138_2024,0.0,0.11657733,0
img_08148_2024,0.0,0.58739585,0
img_08143_2024,0.0,0.09681892,0
img_08147_2024,0.0,0.7182897,0
img_08154_2024,0.0,0.119240426,0
img_08152_2024,0.0,0.039882492,0
img_08144_2024,0.0,0.12829213,0
img_08153_2024,0.0,0.101189196,0
img_08151_2024,0.0,0.058509517,0
img_08156_2024,0.0,0.5771545,0
img_08150_2024,0.0,0.05317699,0
img_08159_2024,0.0,0.4907155,0
img_08155_2024,0.0,0.0037218195,0
img_07878_p01_2024,0.0,0.06904418,0
img_07878_p02_2024,0.0,0.016834885,0
img_07878_p03_2024,0.0,0.012173762,0
img_07878_p04_2024,0.0,0.15772064,0
img_07878_p05_2024,0.0,0.059338022,0
img_07878_p06_2024,0.0,0.00077864394,0
img_07878_p07_2024,0.0,0.0038192838,0
img_07878_p08_2024,0.0,0.015816584,0
img_07878_p09_2024,0.0,0.32122576,0
img_07878_p10_2024,0.0,0.3897983,0
img_07878_p11_2024,0.0,0.0018224616,0
img_07878_p12_2024,0.0,0.010537798,0
img_07878_p13_2024,0.0,0.018285576,0
img_07878_p14_2024,0.0,0.17372188,0
img_07878_p15_2024,0.0,0.05033822,0
img_07878_p16_2024,0.0,0.02076893,0
img_07878_p17_2024,0.0,0.03291161,0
img_07878_p18_2024,0.0,0.023361072,0
img_07878_p19_2024,0.0,0.02520214,0
img_07878_p20_2024,0.0,0.028043816,0
img_08162_2024,0.0,0.010506736,0
img_08165_2024,0.0,0.45351157,0
img_08149_p01_2024,0.0,0.36701018,0
img_08149_p02_2024,0.0,0.081384525,0
img_08168_2024,0.0,0.50719106,0
img_08163_2024,0.0,0.021768723,0
img_08161_2024,0.0,0.958423,1
img_08164_2024,0.0,0.95923364,1
img_08167_2024,0.0,0.19399844,0
img_08169_2024,0.0,0.9630885,1
img_08114_p01_2024,0.0,0.26001424,0
img_08114_p02_2024,0.0,0.44556648,0
img_08114_p03_2024,0.0,0.32348615,0
img_08114_p04_2024,0.0,0.56698877,0
img_08171_2024,0.0,0.93747675,1
img_08170_2024,0.0,0.76548946,0
img_08174_2024,0.0,0.03339518,0
img_08173_2024,0.0,0.04921787,0
img_08178_2024,0.0,0.4706436,0
img_08176_2024,0.0,0.076920405,0
img_08166_2024,0.0,0.26074678,0
img_08179_2024,0.0,0.2523404,0
img_08180_2024,0.0,0.16137004,0
img_08182_2024,0.0,0.11672135,0
img_08172_2024,0.0,0.05655845,0
img_08184_2024,0.0,0.369136,0
img_08157_p01_2024,0.0,0.25497636,0
img_08157_p02_2024,0.0,0.101204254,0
img_08183_2024,0.0,0.44195977,0
img_08186_2024,0.0,0.15428871,0
img_08185_2024,0.0,0.83883584,0
img_08193_2024,0.0,0.09322924,0
img_08189_2024,0.0,0.15716371,0
img_08191_2024,0.0,0.5969917,0
img_08195_2024,0.0,0.025463212,0
img_08187_2024,0.0,0.26332965,0
img_08194_2024,0.0,0.059189886,0
img_08196_2024,0.0,0.010646122,0
img_08192_2024,0.0,0.061027743,0
img_08197_2024,0.0,0.2435886,0
img_08190_p01_2024,0.0,0.008874186,0
img_08190_p02_2024,0.0,0.077684596,0
img_08200_2024,0.0,0.19350591,0
img_08199_2024,0.0,0.3404132,0
img_08201_2024,0.0,0.025850976,0
img_08198_2024,0.0,0.03551499,0
img_08203_2024,0.0,0.6623395,0
img_08202_2024,0.0,0.2569774,0
img_08204_2024,0.0,0.008675467,0
img_08206_2024,0.0,0.6474429,0
img_08207_2024,0.0,0.50342745,0
img_08205_2024,0.0,0.060073473,0
img_08160_p01_2024,0.0,0.18960294,0
img_08160_p02_2024,0.0,0.045158543,0
img_08160_p03_2024,0.0,0.34611735,0
img_08160_p04_2024,0.0,0.19465795,0
img_08175_p01_2024,0.0,0.5659568,0
img_08175_p02_2024,0.0,0.35536903,0
img_08175_p03_2024,0.0,0.49511757,0
img_08158_p01_2024,0.0,0.0054900832,0
img_08158_p02_2024,0.0,0.0026396855,0
img_08158_p03_2024,0.0,0.012566969,0
img_08158_p04_2024,0.0,0.0049507977,0
img_08209_2024,0.0,0.19738784,0
img_08208_2024,0.0,0.44673347,0
img_08210_2024,0.0,0.19401371,0
img_08214_2024,0.0,0.66588527,0
img_08211_2024,0.0,0.22510274,0
img_08212_2024,0.0,0.026558125,0
img_08218_2024,0.0,0.29728553,0
img_08213_2024,0.0,0.2311945,0
img_08216_2024,0.0,0.8628548,0
img_08217_2024,0.0,0.7407106,0
img_08221_2024,0.0,0.37707788,0
img_08215_2024,0.0,0.06414136,0
img_08219_2024,0.0,0.45995873,0
img_08223_2024,0.0,0.104501106,0
img_08226_2024,0.0,0.042128094,0
img_08227_2024,0.0,0.9910887,1
img_08222_2024,0.0,0.08045301,0
img_08228_2024,0.0,0.050055724,0
img_08131_p01_2024,0.0,0.072991356,0
img_08131_p02_2024,0.0,0.06400938,0
img_08131_p03_2024,0.0,0.37496707,0
img_08131_p04_2024,0.0,0.24253853,0
img_08131_p05_2024,0.0,0.012360294,0
img_08131_p06_2024,0.0,0.09089083,0
img_08225_2024,0.0,0.019250903,0
img_08224_2024,0.0,0.14650257,0
img_08231_2024,0.0,0.8966917,0
img_08229_2024,0.0,0.9849019,1
img_08220_2024,0.0,0.23985653,0
img_08233_2024,0.0,0.46701756,0
img_08234_2024,0.0,0.53954613,0
img_08237_2024,0.0,0.1176001,0
img_08239_2024,0.0,0.2557631,0
img_08241_2024,0.0,0.56745064,0
img_08235_2024,0.0,0.40555772,0
img_08236_2024,0.0,0.03996847,0
img_08238_2024,0.0,0.1856076,0
img_08242_2024,0.0,0.5976257,0
img_08240_2024,0.0,0.10268009,0
img_08123_p01_2024,0.0,0.008870616,0
img_08123_p02_2024,0.0,0.008529752,0
img_08123_p03_2024,0.0,0.009783911,0
img_08123_p04_2024,0.0,0.0022315686,0
img_08123_p05_2024,0.0,0.01999277,0
img_08123_p06_2024,0.0,0.061546743,0
img_08123_p07_2024,0.0,0.016945483,0
img_08243_2024,0.0,0.045640428,0
img_08246_2024,0.0,0.02637348,0
img_08249_2024,0.0,0.038019836,0
img_08244_2024,0.0,0.6793967,0
img_08252_2024,0.0,0.17940596,0
img_08254_2024,0.0,0.31302595,0
img_08251_2024,0.0,0.090982445,0
img_08232_p01_2024,0.0,0.19560061,0
img_08232_p02_2024,0.0,0.2414372,0
img_08250_2024,0.0,0.18255822,0
img_08255_2024,0.0,0.18159464,0
img_08181_p01_2024,0.0,0.35867473,0
img_08181_p02_2024,0.0,0.23007269,0
img_08181_p03_2024,0.0,0.23105362,0
img_08181_p04_2024,0.0,0.45470113,0
img_08181_p05_2024,0.0,0.734594,0
img_08253_2024,0.0,0.24283318,0
img_08258_2024,0.0,0.51376325,0
img_08248_2024,0.0,0.30288666,0
img_08259_2024,0.0,0.017408578,0
img_08260_2024,0.0,0.16099367,0
img_08263_2024,0.0,0.055484813,0
img_08230_p01_2024,0.0,0.11018647,0
img_08230_p02_2024,0.0,0.072141394,0
img_08262_2024,0.0,0.4976051,0
img_08261_2024,0.0,0.13020831,0
img_08264_2024,0.0,0.12573305,0
img_08265_2024,0.0,0.008567297,0
img_08247_p01_2024,0.0,0.018061994,0
img_08247_p02_2024,0.0,0.021648984,0
img_08266_2024,0.0,0.44546252,0
img_08267_2024,0.0,0.39383757,0
img_08269_2024,0.0,0.29318032,0
img_08268_2024,0.0,0.38058013,0
img_08270_2024,0.0,0.26851848,0
img_08245_p01_2024,0.0,0.27850318,0
img_08245_p02_2024,0.0,0.08762647,0
img_08273_2024,0.0,0.08088438,0
img_08271_2024,0.0,0.98990214,1
img_08275_2024,0.0,0.13244012,0
img_08274_2024,0.0,0.6181667,0
img_08272_2024,0.0,0.062083088,0
img_08276_2024,0.0,0.0014764477,0
img_08278_2024,0.0,0.030877298,0
img_08281_2024,0.0,0.7634967,0
img_08277_2024,0.0,0.33462566,0
img_08256_p01_2024,0.0,0.14173166,0
img_08256_p02_2024,0.0,0.072253555,0
img_08279_2024,0.0,0.58940834,0
img_08280_2024,0.0,0.313535,0
img_08257_p01_2024,0.0,0.026758809,0
img_08257_p02_2024,0.0,0.02913858,0
img_08285_2024,0.0,0.20133214,0
img_08286_2024,0.0,0.51791704,0
img_08290_2024,0.0,0.49786526,0
img_08283_2024,0.0,0.019759813,0
img_08284_2024,0.0,0.32518774,0
img_08288_2024,0.0,0.040019277,0
img_08289_2024,0.0,0.020112948,0
img_08292_2024,0.0,0.2912196,0
img_08293_2024,0.0,0.13971014,0
img_08295_2024,0.0,0.12595946,0
img_08297_2024,0.0,0.17361453,0
img_08296_2024,0.0,0.58979857,0
img_08298_2024,0.0,0.025773551,0
img_08291_2024,0.0,0.18337192,0
img_08294_2024,0.0,0.08033259,0
img_08301_2024,0.0,0.18564358,0
img_08302_2024,0.0,0.022096857,0
img_08299_2024,0.0,0.083958164,0
img_08282_p01_2024,0.0,0.060623802,0
img_08282_p02_2024,0.0,0.07629006,0
img_08303_2024,0.0,0.18609783,0
img_08304_2024,0.0,0.40681568,0
img_08188_p01_2024,0.0,0.29212114,0
img_08188_p02_2024,0.0,0.156316,0
img_08188_p03_2024,0.0,0.22004029,0
img_08188_p04_2024,0.0,0.7337654,0
img_08188_p05_2024,0.0,0.19318156,0
img_08188_p06_2024,0.0,0.12792088,0
img_08188_p07_2024,0.0,0.3371467,0
img_08188_p08_2024,0.0,0.52098024,0
img_08305_2024,0.0,0.3574568,0
img_08309_2024,0.0,0.59662145,0
img_08300_2024,0.0,0.25666076,0
img_08310_2024,0.0,0.04172377,0
img_08311_2024,0.0,0.032749448,0
img_08306_2024,0.0,0.6293268,0
img_08314_2024,0.0,0.049902942,0
img_08313_2024,0.0,0.0067881322,0
img_08316_2024,0.0,0.63516355,0
img_08307_2024,0.0,0.20610471,0
img_08317_2024,0.0,0.715572,0
img_08318_2024,0.0,0.23690446,0
img_08322_2024,0.0,0.38874376,0
img_08324_2024,0.0,0.099405296,0
img_08325_2024,0.0,0.936209,1
img_08323_2024,0.0,0.4062791,0
img_08321_2024,0.0,0.31553093,0
img_08329_2024,0.0,0.22581165,0
img_08330_2024,0.0,0.14024797,0
img_08331_2024,0.0,0.3674696,0
img_08328_2024,0.0,0.012248127,0
img_08308_p01_2024,0.0,0.021030871,0
img_08308_p02_2024,0.0,0.05389284,0
img_08332_2024,0.0,0.10047702,0
img_08326_2024,0.0,0.0738492,0
img_08327_2024,0.0,0.045418866,0
img_08334_2024,0.0,0.8332801,0
img_08019_p01_2024,0.0,0.023819998,0
img_08019_p02_2024,0.0,0.055921994,0
img_08019_p03_2024,0.0,0.007769236,0
img_08019_p04_2024,0.0,0.017925154,0
img_08019_p05_2024,0.0,0.13224979,0
img_08019_p06_2024,0.0,0.0019224479,0
img_08019_p07_2024,0.0,0.085226156,0
img_08019_p08_2024,0.0,0.012595018,0
img_08019_p09_2024,0.0,0.007085861,0
img_08019_p10_2024,0.0,0.09596192,0
img_08019_p11_2024,0.0,0.017301282,0
img_08019_p12_2024,0.0,0.16621533,0
img_08019_p13_2024,0.0,0.48738074,0
img_08019_p14_2024,0.0,0.93994915,1
img_08019_p15_2024,0.0,0.84873325,0
img_08019_p16_2024,0.0,0.6408223,0
img_08019_p17_2024,0.0,0.18859239,0
img_08336_2024,0.0,0.29872757,0
img_08342_2024,0.0,0.7252673,0
img_08337_2024,0.0,0.36862367,0
img_08320_p01_2024,0.0,0.037229866,0
img_08320_p02_2024,0.0,0.2412475,0
img_08341_2024,0.0,0.006597621,0
img_08343_2024,0.0,0.031253956,0
img_08344_2024,0.0,0.9233917,1
img_08346_2024,0.0,0.20659666,0
img_08340_2024,0.0,0.38516307,0
img_08345_2024,0.0,0.18529645,0
img_08339_2024,0.0,0.30670738,0
img_08338_2024,0.0,0.037031088,0
img_08347_2024,0.0,0.5250927,0
img_08350_2024,0.0,0.029267753,0
img_08319_p01_2024,0.0,0.006152852,0
img_08319_p02_2024,0.0,0.015293066,0
img_08333_p01_2024,0.0,0.002220801,0
img_08333_p02_2024,0.0,0.016277615,0
img_08355_2024,0.0,0.08409888,0
img_08353_2024,0.0,0.22771923,0
img_08348_2024,0.0,0.082244515,0
img_08354_2024,0.0,0.008784391,0
img_08358_2024,0.0,0.1790832,0
img_08360_2024,0.0,0.13584425,0
img_08364_2024,0.0,0.056196995,0
img_08361_2024,0.0,0.16797832,0
img_08357_2024,0.0,0.09176571,0
img_08363_2024,0.0,0.034568608,0
img_08351_2024,0.0,0.976056,1
img_08367_2024,0.0,0.40711728,0
img_08365_2024,0.0,0.0053752316,0
img_08368_2024,0.0,0.08574128,0
img_08312_p01_2024,0.0,0.40827268,0
img_08312_p02_2024,0.0,0.090677336,0
img_08312_p03_2024,0.0,0.46625477,0
img_08312_p04_2024,0.0,0.56953734,0
img_08372_2024,0.0,0.009833894,0
img_08370_2024,0.0,0.24199441,0
img_08356_2024,0.0,0.0018093756,0
img_08371_2024,0.0,0.56045365,0
img_08373_2024,0.0,0.07578899,0
img_08362_2024,0.0,0.7438739,0
img_08376_2024,0.0,0.30760536,0
img_08369_2024,0.0,0.35371238,0
img_08375_2024,0.0,0.2657368,0
img_08379_2024,0.0,0.024043422,0
img_08377_2024,0.0,0.07810916,0
img_08374_2024,0.0,0.0607476,0
img_08383_2024,0.0,0.7439742,0
img_08385_2024,0.0,0.5411228,0
img_08380_2024,0.0,0.23831776,0
img_08382_2024,0.0,0.08942542,0
img_08378_2024,0.0,0.12744269,0
img_08359_p01_2024,0.0,0.01714262,0
img_08359_p02_2024,0.0,0.48103413,0
img_08352_2024,0.0,0.013485315,0
img_08381_2024,0.0,0.0034201525,0
img_08177_p01_2024,0.0,0.22829191,0
img_08177_p02_2024,0.0,0.15338911,0
img_08177_p03_2024,0.0,0.06598465,0
img_08177_p04_2024,0.0,0.39824894,0
img_08177_p05_2024,0.0,0.08245642,0
img_08177_p06_2024,0.0,0.13653949,0
img_08177_p07_2024,0.0,0.2142839,0
img_08177_p08_2024,0.0,0.5181719,0
img_08177_p09_2024,0.0,0.20634857,0
img_08177_p10_2024,0.0,0.44609085,0
img_08177_p11_2024,0.0,0.00929274,0
img_08177_p12_2024,0.0,0.23082492,0
img_08384_2024,0.0,0.7039359,0
img_08386_2024,0.0,0.22335787,0
img_08388_2024,0.0,0.1429374,0
img_08389_2024,0.0,0.038146675,0
img_08390_2024,0.0,0.76456314,0
img_08395_2024,0.0,0.07510833,0
img_08393_2024,0.0,0.31898522,0
img_08394_2024,0.0,0.18731311,0
img_08392_2024,0.0,0.22450487,0
img_08391_2024,0.0,0.026204333,0
img_08398_2024,0.0,0.20070305,0
img_08349_p01_2024,0.0,0.015304858,0
img_08349_p02_2024,0.0,0.020682659,0
img_08349_p03_2024,0.0,0.014737715,0
img_08349_p04_2024,0.0,0.020912845,0
img_08402_2024,0.0,0.21173057,0
img_08403_2024,0.0,0.53537667,0
img_08397_2024,0.0,0.0033100308,0
img_08400_2024,0.0,0.0155506935,0
img_08387_2024,0.0,0.167125,0
img_08407_2024,0.0,0.022931315,0
img_08404_2024,0.0,0.25062388,0
img_08405_2024,0.0,0.10383482,0
img_08406_2024,0.0,0.70532835,0
img_08410_2024,0.0,0.09848966,0
img_08411_2024,0.0,0.063565485,0
img_08414_2024,0.0,0.088735476,0
img_08413_2024,0.0,0.10450554,0
img_08416_2024,0.0,0.610206,0
img_08399_p01_2024,0.0,0.28071398,0
img_08399_p02_2024,0.0,0.18218908,0
img_08418_2024,0.0,0.4616534,0
img_08415_2024,0.0,0.008163617,0
img_08419_2024,0.0,0.0054131486,0
img_08396_p01_2024,0.0,0.5475887,0
img_08396_p02_2024,0.0,0.4155085,0
img_08421_2024,0.0,0.39859757,0
img_08417_2024,0.0,0.096295014,0
img_08423_2024,0.0,0.05073995,0
img_08426_2024,0.0,0.15941656,0
img_08428_2024,0.0,0.533362,0
img_08422_2024,0.0,0.018308332,0
img_08420_2024,0.0,0.13986674,0
img_08425_2024,0.0,0.34480232,0
img_08424_2024,0.0,0.26853603,0
img_08429_2024,0.0,0.0064808642,0
img_08430_2024,0.0,0.4904173,0
img_08431_2024,0.0,0.38140517,0
img_08427_2024,0.0,0.42456484,0
img_08433_2024,0.0,0.48836106,0
img_08432_2024,0.0,0.7984828,0
img_08437_2024,0.0,0.67078817,0
img_08438_2024,0.0,0.008691395,0
img_08435_2024,0.0,0.6499421,0
img_08335_p01_2024,0.0,0.050727047,0
img_08335_p02_2024,0.0,0.05414033,0
img_08335_p03_2024,0.0,0.10329046,0
img_08335_p04_2024,0.0,0.012063483,0
img_08335_p05_2024,0.0,0.028005177,0
img_08335_p06_2024,0.0,0.16532254,0
img_08441_2024,0.0,0.88073665,0
img_08434_2024,0.0,0.32579198,0
img_08436_2024,0.0,0.16664396,0
img_08442_2024,0.0,0.7084646,0
img_08443_2024,0.0,0.54810965,0
img_08439_2024,0.0,0.051422663,0
img_08408_p01_2024,0.0,0.019340992,0
img_08408_p02_2024,0.0,0.008873522,0
img_08445_2024,0.0,0.04313668,0
img_08440_2024,0.0,0.4999017,0
img_08447_2024,0.0,0.6814302,0
img_08450_2024,0.0,0.40131035,0
img_08446_2024,0.0,0.09342633,0
img_08452_2024,0.0,0.12463571,0
img_08453_2024,0.0,0.6597121,0
img_08449_2024,0.0,0.101083495,0
img_08454_2024,0.0,0.87839746,0
img_08456_2024,0.0,0.5862705,0
img_08459_2024,0.0,0.1732637,0
img_08458_2024,0.0,0.59657675,0
img_08457_2024,0.0,0.58195776,0
img_08451_2024,0.0,0.09339804,0
img_08460_2024,0.0,0.432113,0
img_08409_p01_2024,0.0,0.3566434,0
img_08409_p02_2024,0.0,0.4616186,0
img_08409_p03_2024,0.0,0.16211757,0
img_08409_p04_2024,0.0,0.1839771,0
img_08465_2024,0.0,0.57760817,0
img_08462_2024,0.0,0.45016274,0
img_08464_2024,0.0,0.044825934,0
img_08455_2024,0.0,0.061335295,0
img_08466_2024,0.0,0.0044967094,0
img_08461_2024,0.0,0.10224192,0
img_08470_2024,0.0,0.28272638,0
img_08467_2024,0.0,0.60112727,0
img_08444_p01_2024,0.0,0.41148496,0
img_08444_p02_2024,0.0,0.4031446,0
img_08468_2024,0.0,0.12739465,0
img_08471_2024,0.0,0.54043496,0
img_08463_2024,0.0,0.024081802,0
img_08469_2024,0.0,0.4210817,0
img_08412_p01_2024,0.0,0.022285428,0
img_08412_p02_2024,0.0,0.008720848,0
img_08412_p03_2024,0.0,0.011636458,0
img_08412_p04_2024,0.0,0.0024582443,0
img_08472_2024,0.0,0.044580232,0
img_08475_2024,0.0,0.98879445,1
img_08478_2024,0.0,0.20348187,0
img_08476_2024,0.0,0.12960467,0
img_08474_2024,0.0,0.13073449,0
img_08477_2024,0.0,0.037802912,0
img_08473_2024,0.0,0.30300534,0
img_08448_p01_2024,0.0,0.49006772,0
img_08448_p02_2024,0.0,0.40750164,0
img_08479_2024,0.0,0.09594096,0
img_08480_2024,0.0,0.20115939,0
img_08482_2024,0.0,0.5149501,0
img_08483_2024,0.0,0.0054062167,0
img_08481_2024,0.0,0.5082923,0
img_08487_2024,0.0,0.253707,0
img_08485_2024,0.0,0.6906202,0
img_08489_2024,0.0,0.31835198,0
img_08287_p01_2024,0.0,0.014258258,0
img_08287_p02_2024,0.0,0.011194481,0
img_08287_p03_2024,0.0,0.036053386,0
img_08287_p04_2024,0.0,0.021576917,0
img_08287_p05_2024,0.0,0.017718857,0
img_08287_p06_2024,0.0,0.01857194,0
img_08287_p07_2024,0.0,0.010037894,0
img_08287_p08_2024,0.0,0.118127845,0
img_08287_p09_2024,0.0,0.0049424055,0
img_08287_p10_2024,0.0,0.043310232,0
img_08484_2024,0.0,0.32234767,0
img_08488_2024,0.0,0.24569233,0
img_08492_2024,0.0,0.09177269,0
img_08496_2024,0.0,0.5267191,0
img_08494_2024,0.0,0.14204983,0
img_08497_2024,0.0,0.24851465,0
img_08490_2024,0.0,0.9910887,1
img_08493_2024,0.0,0.61934924,0
img_08498_2024,0.0,0.41817623,0
img_08499_2024,0.0,0.51819897,0
img_08495_2024,0.0,0.18284853,0
img_08491_2024,0.0,0.03397759,0
img_08501_2024,0.0,0.9650756,1
img_08510_2024,0.0,0.27085608,0
img_08504_2024,0.0,0.005829348,0
img_08508_2024,0.0,0.45907187,0
img_08511_2024,0.0,0.36630067,0
img_08507_2024,0.0,0.36617556,0
img_08505_2024,0.0,0.48911685,0
img_08512_2024,0.0,0.5609374,0
img_08509_2024,0.0,0.7360878,0
img_08506_2024,0.0,0.9430817,1
img_08514_2024,0.0,0.10489956,0
img_08516_2024,0.0,0.2506249,0
img_08500_2024,0.0,0.008608371,0
img_08503_2024,0.0,0.3125147,0
img_08515_2024,0.0,0.19115672,0
img_08517_2024,0.0,0.19261605,0
img_08486_p01_2024,0.0,0.026061967,0
img_08486_p02_2024,0.0,0.015234108,0
img_08513_2024,0.0,0.07896407,0
img_08520_2024,0.0,0.22534446,0
img_08518_2024,0.0,0.31229407,0
img_08524_2024,0.0,0.8299575,0
img_08401_p01_2024,0.0,0.090002336,0
img_08401_p02_2024,0.0,0.020648498,0
img_08401_p03_2024,0.0,0.033428088,0
img_08401_p04_2024,0.0,0.0064947465,0
img_08401_p05_2024,0.0,0.004441277,0
img_08401_p06_2024,0.0,0.02775757,0
img_08519_2024,0.0,0.098962404,0
img_08525_2024,0.0,0.26762572,0
img_08521_2024,0.0,0.13762824,0
img_08526_2024,0.0,0.37178355,0
img_08529_2024,0.0,0.12819953,0
img_08523_2024,0.0,0.18546331,0
img_08528_2024,0.0,0.16778925,0
img_08532_2024,0.0,0.5546725,0
img_08315_p01_2024,0.0,0.22346012,0
img_08315_p02_2024,0.0,0.29431823,0
img_08315_p03_2024,0.0,0.031008268,0
img_08315_p04_2024,0.0,0.026934039,0
img_08315_p05_2024,0.0,0.017867485,0
img_08315_p06_2024,0.0,0.06263843,0
img_08315_p07_2024,0.0,0.1317036,0
img_08315_p08_2024,0.0,0.029164132,0
img_08315_p09_2024,0.0,0.08100319,0
img_08315_p10_2024,0.0,0.164173,0
img_08535_2024,0.0,0.30790457,0
img_08527_2024,0.0,0.022827085,0
img_08530_2024,0.0,0.46655917,0
img_08539_2024,0.0,0.23286936,0
img_08537_2024,0.0,0.20008811,0
img_08531_2024,0.0,0.69335556,0
img_08534_2024,0.0,0.84979534,0
img_08536_2024,0.0,0.16508886,0
img_08540_2024,0.0,0.6280076,0
img_08542_2024,0.0,0.6158117,0
img_08544_2024,0.0,0.69505405,0
img_08543_2024,0.0,0.39370832,0
img_08547_2024,0.0,0.5443685,0
img_08545_2024,0.0,0.08832445,0
img_08533_2024,0.0,0.9892971,1
img_08541_2024,0.0,0.56066597,0
img_08549_2024,0.0,0.66339564,0
img_08552_2024,0.0,0.030133124,0
img_08548_2024,0.0,0.026568914,0
img_08546_2024,0.0,0.4463184,0
img_08522_p01_2024,0.0,0.22357936,0
img_08522_p02_2024,0.0,0.50890124,0
img_08560_2024,0.0,0.33122402,0
img_08556_2024,0.0,0.17229478,0
img_08559_2024,0.0,0.5484712,0
img_08551_2024,0.0,0.14976522,0
img_08561_2024,0.0,0.82651347,0
img_08554_2024,0.0,0.2560541,0
img_08557_2024,0.0,0.1915012,0
img_08564_2024,0.0,0.6887896,0
img_08555_2024,0.0,0.008527941,0
img_08562_2024,0.0,0.589701,0
img_08550_2024,0.0,0.49458465,0
img_08565_2024,0.0,0.42820144,0
img_08567_2024,0.0,0.65711164,0
img_08566_2024,0.0,0.46244198,0
img_08538_p01_2024,0.0,0.23474641,0
img_08538_p02_2024,0.0,0.2952054,0
img_08570_2024,0.0,0.14090489,0
img_08563_2024,0.0,0.42701715,0
img_08558_2024,0.0,0.5115727,0
img_08574_2024,0.0,0.46154708,0
img_08572_2024,0.0,0.21557179,0
img_08575_2024,0.0,0.122905836,0
img_08568_2024,0.0,0.60939515,0
img_08569_2024,0.0,0.5925743,0
img_08502_p01_2024,0.0,0.10758239,0
img_08502_p02_2024,0.0,0.16371652,0
img_08502_p03_2024,0.0,0.16150038,0
img_08502_p04_2024,0.0,0.57489717,0
img_08553_2024,0.0,0.0076795393,0
img_08579_2024,0.0,0.48999605,0
img_08580_2024,0.0,0.67762625,0
img_08571_2024,0.0,0.3154323,0
img_08586_2024,0.0,0.006655574,0
img_08587_2024,0.0,0.5898894,0
img_08573_2024,0.0,0.40234146,0
img_08577_2024,0.0,0.51990885,0
img_08576_2024,0.0,0.031194607,0
img_08578_2024,0.0,0.04425647,0
img_08590_2024,0.0,0.20766816,0
img_08588_2024,0.0,0.06069392,0
img_08582_2024,0.0,0.9935921,1
img_08583_2024,0.0,0.0071045593,0
img_08589_2024,0.0,0.832421,0
img_08585_2024,0.0,0.22561331,0
img_08584_2024,0.0,0.009501559,0
img_08593_2024,0.0,0.44172865,0
img_08591_2024,0.0,0.29065886,0
img_08594_2024,0.0,0.20731291,0
img_08596_2024,0.0,0.024374316,0
img_08595_2024,0.0,0.66084373,0
img_08600_2024,0.0,0.05068183,0
img_08598_2024,0.0,0.621716,0
img_08599_2024,0.0,0.038673334,0
img_08601_2024,0.0,0.8467679,0
img_08602_2024,0.0,0.053664107,0
img_08597_2024,0.0,0.012861724,0
img_08608_2024,0.0,0.09856813,0
img_08605_2024,0.0,0.30202946,0
img_08607_2024,0.0,0.035810728,0
img_08592_2024,0.0,0.18689132,0
img_08611_2024,0.0,0.06272525,0
img_08610_2024,0.0,0.3761681,0
img_08606_2024,0.0,0.2386374,0
img_08609_2024,0.0,0.58678234,0
img_08613_2024,0.0,0.1055124,0
img_08614_2024,0.0,0.3120075,0
img_08616_2024,0.0,0.014654468,0
img_08612_2024,0.0,0.5204052,0
img_08619_2024,0.0,0.77025753,0
img_08617_2024,0.0,0.40597787,0
img_08621_2024,0.0,0.11707862,0
img_08618_2024,0.0,0.10175005,0
img_08620_2024,0.0,0.21771112,0
img_08615_2024,0.0,0.59236366,0
img_08622_2024,0.0,0.010361727,0
img_08623_2024,0.0,0.08439008,0
img_08624_2024,0.0,0.0032483623,0
img_08625_2024,0.0,0.15290868,0
img_08628_2024,0.0,0.91986525,1
img_08629_2024,0.0,0.2865491,0
img_08634_2024,0.0,0.032833416,0
img_08627_2024,0.0,0.13602209,0
img_08631_2024,0.0,0.008119592,0
img_08638_2024,0.0,0.05727923,0
img_08630_2024,0.0,0.31267887,0
img_08641_2024,0.0,0.3714025,0
img_08642_2024,0.0,0.37193847,0
img_08632_2024,0.0,0.6151128,0
img_08637_2024,0.0,0.098961964,0
img_08636_2024,0.0,0.53067434,0
img_08643_2024,0.0,0.54071015,0
img_08635_2024,0.0,0.015029231,0
img_08640_2024,0.0,0.35437968,0
img_08644_2024,0.0,0.61307776,0
img_08645_2024,0.0,0.32998544,0
img_08646_2024,0.0,0.9760195,1
img_08650_2024,0.0,0.50513875,0
img_08649_2024,0.0,0.4649934,0
img_08648_2024,0.0,0.8203251,0
img_08656_2024,0.0,0.10796434,0
img_08651_2024,0.0,0.06826084,0
img_08653_2024,0.0,0.2876556,0
img_08654_2024,0.0,0.53921676,0
img_08647_2024,0.0,0.27012593,0
img_08655_2024,0.0,0.44624028,0
img_08652_2024,0.0,0.20369121,0
img_08657_2024,0.0,0.00084879284,0
img_08603_p01_2024,0.0,0.036842678,0
img_08603_p02_2024,0.0,0.29278618,0
img_08660_2024,0.0,0.78036314,0
img_08633_p01_2024,0.0,0.1931042,0
img_08633_p02_2024,0.0,0.18087834,0
img_08665_2024,0.0,0.2913782,0
img_08663_2024,0.0,0.59540564,0
img_08669_2024,0.0,0.002850723,0
img_08666_2024,0.0,0.2741305,0
img_08670_2024,0.0,0.7337183,0
img_08659_2024,0.0,0.21112666,0
img_08667_2024,0.0,0.13375577,0
img_08661_2024,0.0,0.061130494,0
img_08671_2024,0.0,0.7634551,0
img_08658_2024,0.0,0.53360957,0
img_08639_p01_2024,0.0,0.025446057,0
img_08639_p02_2024,0.0,0.0112327635,0
img_08604_p01_2024,0.0,0.010422142,0
img_08604_p02_2024,0.0,0.06593308,0
img_08604_p03_2024,0.0,0.038859077,0
img_08604_p04_2024,0.0,0.004798064,0
img_08673_2024,0.0,0.2884164,0
img_08672_2024,0.0,0.49993593,0
img_08664_2024,0.0,0.46210757,0
img_08674_2024,0.0,0.58200485,0
img_08662_2024,0.0,0.63493985,0
img_08668_2024,0.0,0.08800934,0
img_08678_2024,0.0,0.13191795,0
img_08680_2024,0.0,0.14061144,0
img_08682_2024,0.0,0.9754087,1
img_08677_2024,0.0,0.22365284,0
img_08679_2024,0.0,0.021722592,0
img_08683_2024,0.0,0.15526369,0
img_08675_2024,0.0,0.10643604,0
img_08686_2024,0.0,0.05867325,0
img_08684_2024,0.0,0.3331786,0
img_08691_2024,0.0,0.36314875,0
img_08689_2024,0.0,0.040098596,0
img_08692_2024,0.0,0.11652887,0
img_08687_2024,0.0,0.02740546,0
img_08688_2024,0.0,0.08042041,0
img_08690_2024,0.0,0.5625006,0
img_08695_2024,0.0,0.64186484,0
img_08696_2024,0.0,0.21947809,0
img_08698_2024,0.0,0.51815575,0
img_08699_2024,0.0,0.61305773,0
img_08697_2024,0.0,0.581858,0
img_08702_2024,0.0,0.63602066,0
img_08694_2024,0.0,0.087247446,0
img_08693_2024,0.0,0.6706096,0
img_08707_2024,0.0,0.90082186,0
img_08700_2024,0.0,0.25964886,0
img_08704_2024,0.0,0.010375543,0
img_08706_2024,0.0,0.8040665,0
img_08703_2024,0.0,0.6526971,0
img_08705_2024,0.0,0.7271452,0
img_08681_p01_2024,0.0,0.48224106,0
img_08681_p02_2024,0.0,0.34631094,0
img_08710_2024,0.0,0.32103676,0
img_08709_2024,0.0,0.023418467,0
img_08711_2024,0.0,0.89398324,0
img_08626_p01_2024,0.0,0.2946819,0
img_08626_p02_2024,0.0,0.01973498,0
img_08626_p03_2024,0.0,0.028267542,0
img_08626_p04_2024,0.0,0.011867762,0
img_08685_p01_2024,0.0,0.022420097,0
img_08685_p02_2024,0.0,0.111499526,0
img_08712_2024,0.0,0.39698523,0
img_08713_2024,0.0,0.14682215,0
img_08715_2024,0.0,0.60896283,0
img_08708_2024,0.0,0.51986325,0
img_08721_2024,0.0,0.53557837,0
img_08717_2024,0.0,0.3631388,0
img_08720_2024,0.0,0.9254236,1
img_08718_2024,0.0,0.2772116,0
img_08722_2024,0.0,0.790504,0
img_08723_2024,0.0,0.09426607,0
img_08714_2024,0.0,0.69096076,0
img_08726_2024,0.0,0.0638734,0
img_08724_2024,0.0,0.008565922,0
img_08729_2024,0.0,0.20150694,0
img_08719_2024,0.0,0.492036,0
img_08728_2024,0.0,0.92656595,1
img_08727_2024,0.0,0.35711035,0
img_08725_2024,0.0,0.30517465,0
img_08733_2024,0.0,0.754961,0
img_08734_2024,0.0,0.9616879,1
img_08731_2024,0.0,0.0414271,0
img_08732_2024,0.0,0.058537286,0
img_08736_2024,0.0,0.07435445,0
img_08738_2024,0.0,0.36415142,0
img_08581_p01_2024,0.0,0.094321296,0
img_08581_p02_2024,0.0,0.026224757,0
img_08581_p03_2024,0.0,0.4534057,0
img_08581_p04_2024,0.0,0.62197965,0
img_08581_p05_2024,0.0,0.05827955,0
img_08581_p06_2024,0.0,0.15766811,0
img_08676_p01_2024,0.0,0.024747586,0
img_08676_p02_2024,0.0,0.02838314,0
img_08676_p03_2024,0.0,0.035816196,0
img_08676_p04_2024,0.0,0.112336956,0
img_08730_2024,0.0,0.19711003,0
img_08735_2024,0.0,0.15343097,0
img_08743_2024,0.0,0.32904178,0
img_08739_2024,0.0,0.97082424,1
img_08744_2024,0.0,0.18055299,0
img_08741_2024,0.0,0.106539905,0
img_08740_2024,0.0,0.61532235,0
img_08746_2024,0.0,0.17546599,0
img_08748_2024,0.0,0.1481343,0
img_08754_2024,0.0,0.0021837594,0
img_08747_2024,0.0,0.7590881,0
img_08750_2024,0.0,0.5724486,0
img_08752_2024,0.0,0.6757866,0
img_08753_2024,0.0,0.4355278,0
img_08755_2024,0.0,0.011284758,0
img_08757_2024,0.0,0.9791878,1
img_08742_2024,0.0,0.8431597,0
img_08751_2024,0.0,0.6165191,0
img_08749_2024,0.0,0.9763705,1
img_08701_p01_2024,0.0,0.37131864,0
img_08701_p02_2024,0.0,0.5118891,0
img_08701_p03_2024,0.0,0.5085325,0
img_08701_p04_2024,0.0,0.15555975,0
img_08756_2024,0.0,0.097877696,0
img_08759_2024,0.0,0.41213495,0
img_08758_2024,0.0,0.6533979,0
img_08760_2024,0.0,0.5104372,0
img_08767_2024,0.0,0.44526726,0
img_08761_2024,0.0,0.6462929,0
img_08762_2024,0.0,0.19715193,0
img_08765_2024,0.0,0.7383984,0
img_08773_2024,0.0,0.5419966,0
img_08745_p01_2024,0.0,0.09018574,0
img_08745_p02_2024,0.0,0.23636529,0
img_08768_2024,0.0,0.76324105,0
img_08769_2024,0.0,0.1973954,0
img_08766_2024,0.0,0.58281237,0
img_08771_2024,0.0,0.8369602,0
img_08737_p01_2024,0.0,0.67091,0
img_08737_p02_2024,0.0,0.14136174,0
img_08763_2024,0.0,0.6009461,0
img_08778_2024,0.0,0.013485166,0
img_08776_2024,0.0,0.70875466,0
img_08772_2024,0.0,0.36888543,0
img_08779_2024,0.0,0.11094129,0
img_08777_2024,0.0,0.6648197,0
img_08770_2024,0.0,0.71640146,0
img_08774_2024,0.0,0.28892866,0
img_08775_2024,0.0,0.44739303,0
img_08781_2024,0.0,0.5587879,0
img_08764_2024,0.0,0.2060068,0
img_08785_2024,0.0,0.16060242,0
img_08782_2024,0.0,0.32437974,0
img_08784_2024,0.0,0.5127137,0
img_08783_2024,0.0,0.38802323,0
img_08780_2024,0.0,0.27033597,0
img_08786_2024,0.0,0.45860642,0
img_08790_2024,0.0,0.46679854,0
img_08791_2024,0.0,0.09622724,0
img_08787_2024,0.0,0.58499545,0
img_08794_2024,0.0,0.62635815,0
img_08789_2024,0.0,0.39378473,0
img_08792_2024,0.0,0.50898105,0
img_08798_2024,0.0,0.3132207,0
img_08795_2024,0.0,0.15821452,0
img_08799_2024,0.0,0.43935734,0
img_08801_2024,0.0,0.29814458,0
img_08797_2024,0.0,0.5602614,0
img_08793_2024,0.0,0.72502977,0
img_08803_2024,0.0,0.45231923,0
img_08796_2024,0.0,0.35166067,0
img_08805_2024,0.0,0.064838305,0
img_08804_2024,0.0,0.21339662,0
img_08800_2024,0.0,0.7696411,0
img_08716_p01_2024,0.0,0.37442955,0
img_08716_p02_2024,0.0,0.28243667,0
img_08716_p03_2024,0.0,0.04650539,0
img_08716_p04_2024,0.0,0.4384389,0
img_08806_2024,0.0,0.30474573,0
img_08802_2024,0.0,0.62896127,0
img_08810_2024,0.0,0.21097784,0
img_08812_2024,0.0,0.04662243,0
img_08808_2024,0.0,0.697977,0
img_08809_2024,0.0,0.034559567,0
img_08818_2024,0.0,0.25357428,0
img_08814_2024,0.0,0.9403825,1
img_08815_2024,0.0,0.09544902,0
img_08817_2024,0.0,0.57612747,0
img_08811_2024,0.0,0.69513905,0
img_08821_2024,0.0,0.4121704,0
img_08807_2024,0.0,0.3735753,0
img_08819_2024,0.0,0.031601932,0
img_08813_2024,0.0,0.6686311,0
img_08820_2024,0.0,0.14998922,0
img_08822_2024,0.0,0.47644892,0
img_08823_2024,0.0,0.4791996,0
img_08825_2024,0.0,0.030450404,0
img_08816_2024,0.0,0.282765,0
img_08824_2024,0.0,0.54548943,0
img_08827_2024,0.0,0.62766635,0
img_08829_2024,0.0,0.49029416,0
img_08826_2024,0.0,0.51437896,0
img_08828_2024,0.0,0.05357938,0
img_08841_2024,0.0,0.7489307,0
img_08835_2024,0.0,0.95981467,1
img_08833_2024,0.0,0.37176394,0
img_08839_2024,0.0,0.9818017,1
img_08837_2024,0.0,0.39536908,0
img_08845_2024,0.0,0.3058676,0
img_08846_2024,0.0,0.38945904,0
img_08842_2024,0.0,0.9957922,1
img_08840_2024,0.0,0.53376883,0
img_08831_2024,0.0,0.10187113,0
img_08847_2024,0.0,0.31337535,0
img_08836_2024,0.0,0.35478085,0
img_08832_2024,0.0,0.414361,0
img_08843_2024,0.0,0.26609033,0
img_08844_2024,0.0,0.47944188,0
img_08834_2024,0.0,0.12255516,0
img_08848_2024,0.0,0.5214057,0
img_08852_2024,0.0,0.15431732,0
img_08853_2024,0.0,0.9974648,1
img_08850_2024,0.0,0.043010473,0
img_08849_2024,0.0,0.33441776,0
img_08851_2024,0.0,0.40158734,0
img_08857_2024,0.0,0.63915026,0
img_08854_2024,0.0,0.924339,1
img_08860_2024,0.0,0.6129457,0
img_08859_2024,0.0,0.8074442,0
img_08856_2024,0.0,0.011657227,0
img_08855_2024,0.0,0.012711557,0
img_08861_2024,0.0,0.5916986,0
img_08830_p01_2024,0.0,0.14121126,0
img_08830_p02_2024,0.0,0.43199903,0
img_08866_2024,0.0,0.8264637,0
img_08864_2024,0.0,0.097198166,0
img_08865_2024,0.0,0.78385097,0
img_08858_2024,0.0,0.62598455,0
img_08871_2024,0.0,0.693704,0
img_08868_2024,0.0,0.95135576,1
img_08863_2024,0.0,0.2579656,0
img_08867_2024,0.0,0.9875671,1
img_08872_2024,0.0,0.18647876,0
img_08873_2024,0.0,0.48153052,0
img_08875_2024,0.0,0.11124593,0
img_08862_2024,0.0,0.9360832,1
img_08874_2024,0.0,0.72418845,0
img_08876_2024,0.0,0.36222473,0
img_08869_2024,0.0,0.5722572,0
img_08879_2024,0.0,0.38553208,0
img_08880_2024,0.0,0.40422887,0
img_08788_p01_2024,0.0,0.013062914,0
img_08788_p02_2024,0.0,0.43845382,0
img_08788_p03_2024,0.0,0.27031413,0
img_08788_p04_2024,0.0,0.49956828,0
img_08878_2024,0.0,0.7998847,0
img_08877_2024,0.0,0.18497542,0
img_08885_2024,0.0,0.048024,0
img_08882_2024,0.0,0.0018976599,0
img_08883_2024,0.0,0.14367361,0
img_08894_2024,0.0,0.28211322,0
img_08886_2024,0.0,0.43490186,0
img_08881_2024,0.0,0.027608495,0
img_08893_2024,0.0,0.29440278,0
img_08884_2024,0.0,0.2362862,0
img_08888_2024,0.0,0.6340054,0
img_08895_2024,0.0,0.90157384,0
img_08889_2024,0.0,0.74993956,0
img_08887_2024,0.0,0.25030345,0
img_08890_2024,0.0,0.15109694,0
img_08891_2024,0.0,0.11613258,0
img_08897_2024,0.0,0.20192647,0
img_08896_2024,0.0,0.20971394,0
img_08892_2024,0.0,0.26761395,0
img_08900_2024,0.0,0.66706985,0
img_08898_2024,0.0,0.17899495,0
img_08901_2024,0.0,0.37873468,0
img_08899_2024,0.0,0.24397925,0
img_08902_2024,0.0,0.6590673,0
img_08903_2024,0.0,0.30904073,0
img_08905_2024,0.0,0.37724808,0
img_08904_2024,0.0,0.09041267,0
img_08909_2024,0.0,0.54245687,0
img_08914_2024,0.0,0.54789495,0
img_08910_2024,0.0,0.040674284,0
img_08838_p01_2024,0.0,0.12439618,0
img_08838_p02_2024,0.0,0.20077316,0
img_08838_p03_2024,0.0,0.01020578,0
img_08838_p04_2024,0.0,0.31774127,0
img_08908_2024,0.0,0.725636,0
img_08906_2024,0.0,0.71164656,0
img_08918_2024,0.0,0.15501417,0
img_08915_2024,0.0,0.3190339,0
img_08913_2024,0.0,0.83597517,0
img_08912_2024,0.0,0.17775443,0
img_08907_2024,0.0,0.15570438,0
img_08916_2024,0.0,0.25033432,0
img_08911_2024,0.0,0.40394592,0
img_08921_2024,0.0,0.17636779,0
img_08926_2024,0.0,0.0023121906,0
img_08924_2024,0.0,0.2844127,0
img_08927_2024,0.0,0.21623194,0
img_08928_2024,0.0,0.109060526,0
img_08930_2024,0.0,0.5332658,0
img_08929_2024,0.0,0.98652285,1
img_08923_2024,0.0,0.6331752,0
img_08925_2024,0.0,0.9981885,1
img_08870_p01_2024,0.0,0.72146297,0
img_08870_p02_2024,0.0,0.043470375,0
img_08870_p03_2024,0.0,0.15152569,0
img_08922_2024,0.0,0.033114113,0
img_08934_2024,0.0,0.6467068,0
img_08920_2024,0.0,0.019340042,0
img_08941_2024,0.0,0.50907236,0
img_08939_2024,0.0,0.292628,0
img_08933_2024,0.0,0.21623667,0
img_08938_2024,0.0,0.61827576,0
img_08940_2024,0.0,0.9281629,1
img_08937_2024,0.0,0.7944671,0
img_08936_2024,0.0,0.40704903,0
img_08943_2024,0.0,0.14347115,0
img_08945_2024,0.0,0.6512555,0
img_08935_2024,0.0,0.03931123,0
img_08942_2024,0.0,0.4361096,0
img_08946_2024,0.0,0.1844954,0
img_08931_2024,0.0,0.28123635,0
img_08944_2024,0.0,0.64425504,0
img_08947_2024,0.0,0.042426817,0
img_08948_2024,0.0,0.9122156,0
img_08919_p01_2024,0.0,0.25338796,0
img_08919_p02_2024,0.0,0.23366436,0
img_08949_2024,0.0,0.014577949,0
img_08950_2024,0.0,0.519513,0
img_08917_p01_2024,0.0,0.38466325,0
img_08917_p02_2024,0.0,0.4583605,0
img_08954_2024,0.0,0.9840059,1
img_08951_2024,0.0,0.30839276,0
img_08953_2024,0.0,0.90591395,0
img_08952_2024,0.0,0.009130603,0
img_08956_2024,0.0,0.061387222,0
img_08959_2024,0.0,0.07354875,0
img_08958_2024,0.0,0.01696787,0
img_08957_2024,0.0,0.17266493,0
img_08961_2024,0.0,0.43687263,0
img_08960_2024,0.0,0.8331628,0
img_08965_2024,0.0,0.018590834,0
img_08964_2024,0.0,0.2334632,0
img_08955_2024,0.0,0.6051953,0
img_08963_2024,0.0,0.34257075,0
img_08968_2024,0.0,0.017698605,0
img_08967_2024,0.0,0.837323,0
img_08962_2024,0.0,0.037975408,0
img_08969_2024,0.0,0.54728925,0
img_08966_2024,0.0,0.4255969,0
img_08971_2024,0.0,0.7052988,0
img_08972_2024,0.0,0.9944409,1
img_08977_2024,0.0,0.05279996,0
img_08970_2024,0.0,0.8505758,0
img_08932_p01_2024,0.0,0.015388886,0
img_08932_p02_2024,0.0,0.042915545,0
img_08978_2024,0.0,0.69554055,0
img_08979_2024,0.0,0.15357701,0
img_08976_2024,0.0,0.4217584,0
img_08981_2024,0.0,0.27815634,0
img_08980_2024,0.0,0.03703726,0
img_08975_2024,0.0,0.12556419,0
img_08985_2024,0.0,0.34513226,0
img_08983_2024,0.0,0.4169026,0
img_08973_2024,0.0,0.11000991,0
img_08982_2024,0.0,0.25139245,0
img_08991_2024,0.0,0.09599517,0
img_08989_2024,0.0,0.5338563,0
img_08990_2024,0.0,0.42685404,0
img_08987_2024,0.0,0.48925298,0
img_08997_2024,0.0,0.10400245,0
img_08998_2024,0.0,0.39445347,0
img_08993_2024,0.0,0.112553,0
img_08999_2024,0.0,0.83252174,0
img_09002_2024,0.0,0.7254888,0
img_08996_2024,0.0,0.08380035,0
img_09001_2024,0.0,0.28865114,0
img_08994_2024,0.0,0.26178908,0
img_09000_2024,0.0,0.6442276,0
img_08984_p01_2024,0.0,0.9932386,1
img_08984_p02_2024,0.0,0.9966564,1
img_09006_2024,0.0,0.30689153,0
img_09008_2024,0.0,0.068763494,0
img_09004_2024,0.0,0.28201875,0
img_08974_p01_2024,0.0,0.18408072,0
img_08974_p02_2024,0.0,0.3618109,0
img_08974_p03_2024,0.0,0.49471655,0
img_09009_2024,0.0,0.46003062,0
img_09012_2024,0.0,0.7585373,0
img_09013_2024,0.0,0.04143445,0
img_09011_2024,0.0,0.020145118,0
img_09010_2024,0.0,0.53877705,0
img_09014_2024,0.0,0.06784309,0
img_09016_2024,0.0,0.5340545,0
img_08988_p01_2024,0.0,0.0713894,0
img_08988_p02_2024,0.0,0.026421804,0
img_09017_2024,0.0,0.08190551,0
img_09015_2024,0.0,0.20055568,0
img_08995_p01_2024,0.0,0.48185492,0
img_08995_p02_2024,0.0,0.31921485,0
img_09007_2024,0.0,0.41780972,0
img_09021_2024,0.0,0.5712948,0
img_09020_2024,0.0,0.6053509,0
img_09024_2024,0.0,0.5901761,0
img_09023_2024,0.0,0.022438448,0
img_09022_2024,0.0,0.66337025,0
img_09019_2024,0.0,0.07106457,0
img_09026_2024,0.0,0.43042308,0
img_09025_2024,0.0,0.740223,0
img_09003_p01_2024,0.0,0.060751844,0
img_09003_p02_2024,0.0,0.14586538,0
img_09028_2024,0.0,0.08374363,0
img_09029_2024,0.0,0.18492815,0
img_09034_2024,0.0,0.76772445,0
img_09037_2024,0.0,0.028849903,0
img_09032_2024,0.0,0.5559553,0
img_09035_2024,0.0,0.68017906,0
img_09031_2024,0.0,0.48394355,0
img_09033_2024,0.0,0.4564767,0
img_09040_2024,0.0,0.30421484,0
img_09030_2024,0.0,0.19850633,0
img_09041_2024,0.0,0.4693272,0
img_09038_2024,0.0,0.5465315,0
img_09043_2024,0.0,0.9802886,1
img_09036_2024,0.0,0.3244507,0
img_09045_2024,0.0,0.022734554,0
img_09042_2024,0.0,0.63054115,0
img_09039_2024,0.0,0.75908124,0
img_09046_2024,0.0,0.5605194,0
img_09047_2024,0.0,0.6027324,0
img_09049_2024,0.0,0.5114475,0
img_09044_2024,0.0,0.021695739,0
img_09053_2024,0.0,0.40627068,0
img_09048_2024,0.0,0.45956653,0
img_09054_2024,0.0,0.7085285,0
img_09050_2024,0.0,0.40633407,0
img_09051_2024,0.0,0.1869522,0
img_08992_p01_2024,0.0,0.10181357,0
img_08992_p02_2024,0.0,0.09871156,0
img_08992_p03_2024,0.0,0.049441896,0
img_08992_p04_2024,0.0,0.032758437,0
img_09057_2024,0.0,0.3705396,0
img_09055_2024,0.0,0.63032997,0
img_09052_2024,0.0,0.038221903,0
img_09018_p01_2024,0.0,0.094798766,0
img_09018_p02_2024,0.0,0.6659872,0
img_09018_p03_2024,0.0,0.4471197,0
img_09058_2024,0.0,0.3930835,0
img_09062_2024,0.0,0.13053867,0
img_09063_2024,0.0,0.9508254,1
img_09064_2024,0.0,0.41631946,0
img_09056_2024,0.0,0.343113,0
img_09065_2024,0.0,0.020219475,0
img_09069_2024,0.0,0.5511626,0
img_09066_2024,0.0,0.4030366,0
img_09061_2024,0.0,0.9711982,1
img_09074_2024,0.0,0.019666972,0
img_09068_2024,0.0,0.5071508,0
img_09067_2024,0.0,0.27140623,0
img_09070_2024,0.0,0.9152791,0
img_09075_2024,0.0,0.4421467,0
img_09072_2024,0.0,0.035218615,0
img_09076_2024,0.0,0.5488046,0
img_09071_2024,0.0,0.9942893,1
img_09079_2024,0.0,0.9777622,1
img_09081_2024,0.0,0.75810283,0
img_09080_2024,0.0,0.55978394,0
img_09082_2024,0.0,0.044091184,0
img_09086_2024,0.0,0.40512094,0
img_09084_2024,0.0,0.42916876,0
img_09087_2024,0.0,0.668988,0
img_09088_2024,0.0,0.21449658,0
img_09094_2024,0.0,0.3169731,0
img_09027_p01_2024,0.0,0.057023514,0
img_09027_p02_2024,0.0,0.0054272558,0
img_09027_p03_2024,0.0,0.008146936,0
img_09027_p04_2024,0.0,0.007203254,0
img_09092_2024,0.0,0.55721784,0
img_09089_2024,0.0,0.28898257,0
img_09095_2024,0.0,0.6065149,0
img_09098_2024,0.0,0.6096035,0
img_09090_2024,0.0,0.41094035,0
img_09005_p01_2024,0.0,0.116812885,0
img_09005_p02_2024,0.0,0.18400173,0
img_09005_p03_2024,0.0,0.5037046,0
img_09005_p04_2024,0.0,0.11658647,0
img_09005_p05_2024,0.0,0.21862149,0
img_09005_p06_2024,0.0,0.07459177,0
img_09097_2024,0.0,0.18067876,0
img_09101_2024,0.0,0.1794215,0
img_09102_2024,0.0,0.0634301,0
img_09099_2024,0.0,0.9781246,1
img_09106_2024,0.0,0.27133662,0
img_09105_2024,0.0,0.5901928,0
img_09104_2024,0.0,0.08620367,0
img_09103_2024,0.0,0.024509955,0
img_09100_2024,0.0,0.98716795,1
img_09111_2024,0.0,0.033179767,0
img_09091_2024,0.0,0.7125462,0
img_09109_2024,0.0,0.75963414,0
img_09085_2024,0.0,0.3299007,0
img_09108_2024,0.0,0.62427014,0
img_09059_p01_2024,0.0,0.847221,0
img_09059_p02_2024,0.0,0.9021567,0
img_09113_2024,0.0,0.5537077,0
img_09073_p01_2024,0.0,0.5403214,0
img_09073_p02_2024,0.0,0.08467531,0
img_09073_p03_2024,0.0,0.3565866,0
img_09073_p04_2024,0.0,0.13048513,0
img_09114_2024,0.0,0.41890654,0
img_09083_p01_2024,0.0,0.2941632,0
img_09083_p02_2024,0.0,0.07515533,0
img_09118_2024,0.0,0.2683469,0
img_09110_2024,0.0,0.16235845,0
img_09112_2024,0.0,0.69712603,0
img_09107_2024,0.0,0.2745103,0
img_09120_2024,0.0,0.40186897,0
img_09115_2024,0.0,0.0980253,0
img_09119_2024,0.0,0.74366516,0
img_09116_2024,0.0,0.20478924,0
img_09121_2024,0.0,0.15005167,0
img_08986_p01_2024,0.0,0.123664245,0
img_08986_p02_2024,0.0,0.013404593,0
img_08986_p03_2024,0.0,0.030709168,0
img_08986_p04_2024,0.0,0.13341865,0
img_08986_p05_2024,0.0,0.055294674,0
img_08986_p06_2024,0.0,0.041885827,0
img_09077_2024,0.0,0.3039598,0
img_09122_2024,0.0,0.65605426,0
img_09096_2024,0.0,0.03813309,0
img_09117_2024,0.0,0.08196528,0
img_09125_2024,0.0,0.70363194,0
img_09124_2024,0.0,0.46604162,0
img_09123_2024,0.0,0.0703765,0
img_09126_2024,0.0,0.47287685,0
img_09132_2024,0.0,0.54256487,0
img_09130_2024,0.0,0.51952696,0
img_09129_2024,0.0,0.39702675,0
img_09131_2024,0.0,0.9211278,1
img_09128_2024,0.0,0.024433192,0
img_09135_2024,0.0,0.020984968,0
img_09133_2024,0.0,0.35072955,0
img_09138_2024,0.0,0.06720073,0
img_09137_2024,0.0,0.5171598,0
img_09127_2024,0.0,0.39943454,0
img_09142_2024,0.0,0.50519073,0
img_09141_2024,0.0,0.0065493854,0
img_09140_2024,0.0,0.10707363,0
img_09139_2024,0.0,0.57467866,0
img_09144_2024,0.0,0.99659765,1
img_09143_2024,0.0,0.62811345,0
img_09146_2024,0.0,0.6111063,0
img_09134_2024,0.0,0.5175857,0
img_09145_2024,0.0,0.03852592,0
img_09147_2024,0.0,0.08539951,0
img_09148_2024,0.0,0.22968249,0
img_09150_2024,0.0,0.4551792,0
img_09149_2024,0.0,0.060947735,0
img_09154_2024,0.0,0.8190009,0
img_09153_2024,0.0,0.03574033,0
img_09152_2024,0.0,0.39667898,0
img_09156_2024,0.0,0.5309373,0
img_09157_2024,0.0,0.12363617,0
img_09159_2024,0.0,0.26096544,0
img_09158_2024,0.0,0.19511111,0
img_09163_2024,0.0,0.005504498,0
img_09078_p01_2024,0.0,0.037309065,0
img_09078_p02_2024,0.0,0.026191428,0
img_09078_p03_2024,0.0,0.032999303,0
img_09078_p04_2024,0.0,0.020654304,0
img_09078_p05_2024,0.0,0.06555453,0
img_09078_p06_2024,0.0,0.1224124,0
img_09165_2024,0.0,0.43626207,0
img_09164_2024,0.0,0.09374461,0
img_09161_2024,0.0,0.7567367,0
img_09162_2024,0.0,0.54654413,0
img_09160_2024,0.0,0.9073106,0
img_09166_2024,0.0,0.11591152,0
img_09093_p01_2024,0.0,0.36376598,0
img_09093_p02_2024,0.0,0.09472581,0
img_09093_p03_2024,0.0,0.05244567,0
img_09169_2024,0.0,0.5497354,0
img_09168_2024,0.0,0.89589596,0
img_09172_2024,0.0,0.8513625,0
img_09171_2024,0.0,0.60640836,0
img_09167_2024,0.0,0.023509152,0
img_09173_2024,0.0,0.95037335,1
img_09060_p01_2024,0.0,0.24482353,0
img_09060_p02_2024,0.0,0.06516079,0
img_09060_p03_2024,0.0,0.002271133,0
img_09060_p04_2024,0.0,0.019170526,0
img_09060_p05_2024,0.0,0.43756032,0
img_09060_p06_2024,0.0,0.029844645,0
img_09060_p07_2024,0.0,0.042352088,0
img_09060_p08_2024,0.0,0.004066658,0
img_09170_2024,0.0,0.3874535,0
img_09176_2024,0.0,0.34915894,0
img_09177_2024,0.0,0.11536495,0
img_09178_2024,0.0,0.2698788,0
img_09174_2024,0.0,0.5089113,0
img_09179_2024,0.0,0.07938424,0
img_09183_2024,0.0,0.6061727,0
img_09175_2024,0.0,0.9120989,0
img_09181_2024,0.0,0.52138025,0
img_09182_2024,0.0,0.10555817,0
img_09184_2024,0.0,0.009182744,0
img_09187_2024,0.0,0.50625074,0
img_09188_2024,0.0,0.73757404,0
img_09190_2024,0.0,0.96849936,1
img_09189_2024,0.0,0.014387843,0
img_09194_2024,0.0,0.07068728,0
img_09155_p01_2024,0.0,0.11112573,0
img_09155_p02_2024,0.0,0.029566754,0
img_09185_2024,0.0,0.49036378,0
img_09186_2024,0.0,0.58617306,0
img_09192_2024,0.0,0.044690154,0
img_09191_2024,0.0,0.024104595,0
img_09195_2024,0.0,0.10476057,0
img_09198_2024,0.0,0.9423603,1
img_09197_2024,0.0,0.19685182,0
img_09136_p01_2024,0.0,0.80172455,0
img_09136_p02_2024,0.0,0.7969257,0
img_09136_p03_2024,0.0,0.83837986,0
img_09136_p04_2024,0.0,0.77185535,0
img_09199_2024,0.0,0.9677583,1
img_09196_2024,0.0,0.09413459,0
img_09200_2024,0.0,0.24727361,0
img_09201_2024,0.0,0.034775294,0
img_09203_2024,0.0,0.5366211,0
img_09202_2024,0.0,0.14175227,0
img_09204_2024,0.0,0.55632514,0
img_09207_2024,0.0,0.24171741,0
img_09210_2024,0.0,0.68625057,0
img_09208_2024,0.0,0.72899985,0
img_09180_p01_2024,0.0,0.73885,0
img_09180_p02_2024,0.0,0.79332143,0
img_09209_2024,0.0,0.34510309,0
img_09212_2024,0.0,0.49228898,0
img_09206_2024,0.0,0.06451528,0
img_09211_2024,0.0,0.6185772,0
img_09214_2024,0.0,0.7884225,0
img_09217_2024,0.0,0.043681607,0
img_09216_2024,0.0,0.9644066,1
img_09221_2024,0.0,0.22330418,0
img_09215_2024,0.0,0.430519,0
img_09222_2024,0.0,0.42833334,0
img_09220_2024,0.0,0.39981675,0
img_09213_2024,0.0,0.57537663,0
img_09219_2024,0.0,0.03836722,0
img_09151_p01_2024,0.0,0.08235033,0
img_09151_p02_2024,0.0,0.23608565,0
img_09151_p03_2024,0.0,0.21530649,0
img_09151_p04_2024,0.0,0.37415212,0
img_09225_2024,0.0,0.64095354,0
img_09218_2024,0.0,0.17331395,0
img_09223_2024,0.0,0.15666763,0
img_09227_2024,0.0,0.21501443,0
img_09226_2024,0.0,0.113175176,0
img_09228_2024,0.0,0.32897827,0
img_09230_2024,0.0,0.48032752,0
img_09232_2024,0.0,0.7322998,0
img_09231_2024,0.0,0.953195,1
img_09234_2024,0.0,0.99521005,1
img_09233_2024,0.0,0.4803802,0
img_09241_2024,0.0,0.44066462,0
img_09238_2024,0.0,0.743736,0
img_09239_2024,0.0,0.13595928,0
img_09229_2024,0.0,0.41779202,0
img_09235_2024,0.0,0.38750297,0
img_09237_2024,0.0,0.2539394,0
img_09243_2024,0.0,0.7001971,0
img_09236_2024,0.0,0.93043435,1
img_09245_2024,0.0,0.60323745,0
img_09246_2024,0.0,0.50962186,0
img_09247_2024,0.0,0.7689408,0
img_09244_2024,0.0,0.13083407,0
img_09250_2024,0.0,0.61249125,0
img_09249_2024,0.0,0.69935197,0
img_09251_2024,0.0,0.27943668,0
img_09248_2024,0.0,0.34310967,0
img_09254_2024,0.0,0.25293902,0
img_09257_2024,0.0,0.71973896,0
img_09255_2024,0.0,0.9587445,1
img_09259_2024,0.0,0.77165043,0
img_09224_p01_2024,0.0,0.26689228,0
img_09224_p02_2024,0.0,0.08344673,0
img_09253_2024,0.0,0.19648556,0
img_09256_2024,0.0,0.20986998,0
img_09260_2024,0.0,0.08379812,0
img_09252_2024,0.0,0.3762675,0
img_09261_2024,0.0,0.33316097,0
img_09262_2024,0.0,0.30050358,0
img_09263_2024,0.0,0.060176987,0
img_09266_2024,0.0,0.11726649,0
img_09265_2024,0.0,0.013629643,0
img_09242_p01_2024,0.0,0.1741524,0
img_09242_p02_2024,0.0,0.35742906,0
img_09272_2024,0.0,0.17852297,0
img_09275_2024,0.0,0.3101595,0
img_09274_2024,0.0,0.5241078,0
img_09267_2024,0.0,0.29496056,0
img_09269_2024,0.0,0.053300917,0
img_09271_2024,0.0,0.3711057,0
img_09276_2024,0.0,0.026991472,0
img_09273_2024,0.0,0.007836094,0
img_09268_2024,0.0,0.57379144,0
img_09277_2024,0.0,0.41026697,0
img_09278_2024,0.0,0.45584136,0
img_09279_2024,0.0,0.45258397,0
img_09240_p01_2024,0.0,0.35694078,0
img_09240_p02_2024,0.0,0.20403127,0
img_09280_2024,0.0,0.45147252,0
img_09284_2024,0.0,0.640219,0
img_09288_2024,0.0,0.17979619,0
img_09285_2024,0.0,0.6468079,0
img_09287_2024,0.0,0.75125885,0
img_09286_2024,0.0,0.9000476,0
img_09258_p01_2024,0.0,0.1690536,0
img_09258_p02_2024,0.0,0.09294591,0
img_09289_2024,0.0,0.20308788,0
img_09281_2024,0.0,0.015702719,0
img_09270_2024,0.0,0.043151822,0
img_09282_2024,0.0,0.029229697,0
img_09290_2024,0.0,0.2596743,0
img_09292_2024,0.0,0.6961692,0
img_09291_2024,0.0,0.280524,0
img_09293_2024,0.0,0.9883915,1
img_09283_2024,0.0,0.2243598,0
img_09294_2024,0.0,0.12571737,0
img_09295_2024,0.0,0.087648764,0
img_09298_2024,0.0,0.77293575,0
img_09297_2024,0.0,0.76448977,0
img_09302_2024,0.0,0.41331643,0
img_09296_2024,0.0,0.58236766,0
img_09303_2024,0.0,0.7054285,0
img_09299_2024,0.0,0.11560359,0
img_09304_2024,0.0,0.73115766,0
img_09309_2024,0.0,0.53481966,0
img_09305_2024,0.0,0.06277856,0
img_09307_2024,0.0,0.49513087,0
img_09306_2024,0.0,0.5840946,0
img_09310_2024,0.0,0.22916356,0
img_09308_2024,0.0,0.47464418,0
img_09311_2024,0.0,0.03718073,0
img_09300_2024,0.0,0.57507885,0
img_09313_2024,0.0,0.37436184,0
img_09317_2024,0.0,0.1887727,0
img_09314_2024,0.0,0.34758762,0
img_09301_2024,0.0,0.0072147055,0
img_09320_2024,0.0,0.79538167,0
img_09315_2024,0.0,0.3471321,0
img_09316_2024,0.0,0.18683474,0
img_09323_2024,0.0,0.3069674,0
img_09264_p01_2024,0.0,0.12370904,0
img_09264_p02_2024,0.0,0.07481155,0
img_09264_p03_2024,0.0,0.08727082,0
img_09264_p04_2024,0.0,0.06666082,0
img_09322_2024,0.0,0.17758611,0
img_09312_2024,0.0,0.46245736,0
img_09328_2024,0.0,0.6297434,0
img_09319_2024,0.0,0.016926322,0
img_09318_2024,0.0,0.19074722,0
img_09333_2024,0.0,0.3901438,0
img_09330_2024,0.0,0.7000996,0
img_09321_2024,0.0,0.07647972,0
img_09332_2024,0.0,0.65503484,0
img_09331_2024,0.0,0.046593487,0
img_09329_2024,0.0,0.5054018,0
img_09338_2024,0.0,0.5143474,0
img_09326_2024,0.0,0.46732664,0
img_09337_2024,0.0,0.67206454,0
img_09335_2024,0.0,0.9686855,1
img_09340_2024,0.0,0.3528571,0
img_09341_2024,0.0,0.46501875,0
img_09345_2024,0.0,0.15593529,0
img_09336_2024,0.0,0.3737372,0
img_09342_2024,0.0,0.03233179,0
img_09346_2024,0.0,0.6155638,0
img_09339_2024,0.0,0.5626005,0
img_09205_p01_2024,0.0,0.41498023,0
img_09205_p02_2024,0.0,0.19707642,0
img_09205_p03_2024,0.0,0.12494705,0
img_09205_p04_2024,0.0,0.13639115,0
img_09205_p05_2024,0.0,0.0886648,0
img_09205_p06_2024,0.0,0.105094925,0
img_09348_2024,0.0,0.7043012,0
img_09349_2024,0.0,0.06954837,0
img_09347_2024,0.0,0.017182324,0
img_09343_2024,0.0,0.042413473,0
img_09344_2024,0.0,0.48343295,0
img_09351_2024,0.0,0.2920373,0
img_09324_p01_2024,0.0,0.13382113,0
img_09324_p02_2024,0.0,0.29943144,0
img_09334_p01_2024,0.0,0.01706109,0
img_09334_p02_2024,0.0,0.06665678,0
img_09357_2024,0.0,0.53660744,0
img_09350_2024,0.0,0.3059164,0
img_09353_2024,0.0,0.54357177,0
img_09355_2024,0.0,0.38860053,0
img_09362_2024,0.0,0.52937347,0
img_09358_2024,0.0,0.019496214,0
img_09352_2024,0.0,0.59311706,0
img_09354_2024,0.0,0.6178857,0
img_09327_p01_2024,0.0,0.3794695,0
img_09327_p02_2024,0.0,0.31343508,0
img_09359_2024,0.0,0.025094137,0
img_09360_2024,0.0,0.73972064,0
img_09361_2024,0.0,0.19735129,0
img_09356_2024,0.0,0.49614602,0
img_09364_2024,0.0,0.42010197,0
img_09365_2024,0.0,0.9489527,1
img_09366_2024,0.0,0.39987084,0
img_09372_2024,0.0,0.35660192,0
img_09367_2024,0.0,0.52309555,0
img_09369_2024,0.0,0.052705668,0
img_09376_2024,0.0,0.89457446,0
img_09370_2024,0.0,0.021737259,0
img_09373_2024,0.0,0.09952605,0
img_09363_2024,0.0,0.8598547,0
img_09377_2024,0.0,0.057615686,0
img_09378_2024,0.0,0.05077812,0
img_09379_2024,0.0,0.6128062,0
img_09374_2024,0.0,0.47498554,0
img_09380_2024,0.0,0.14315312,0
img_09381_2024,0.0,0.9539479,1
img_09388_2024,0.0,0.32052237,0
img_09387_2024,0.0,0.7389608,0
img_09385_2024,0.0,0.22060406,0
img_09390_2024,0.0,0.3326072,0
img_09386_2024,0.0,0.8904769,0
img_09384_2024,0.0,0.14576884,0
img_09382_2024,0.0,0.21617997,0
img_09371_2024,0.0,0.009531973,0
img_09394_2024,0.0,0.57910794,0
img_09392_2024,0.0,0.24814586,0
img_09391_2024,0.0,0.63540506,0
img_09395_2024,0.0,0.6281184,0
img_09368_p01_2024,0.0,0.22387286,0
img_09368_p02_2024,0.0,0.29753882,0
img_09397_2024,0.0,0.65050405,0
img_09400_2024,0.0,0.7075908,0
img_09403_2024,0.0,0.3695534,0
img_09402_2024,0.0,0.9769827,1
img_09399_2024,0.0,0.17906603,0
img_09398_2024,0.0,0.9746076,1
img_09396_2024,0.0,0.5516578,0
img_09404_2024,0.0,0.7048904,0
img_09401_2024,0.0,0.9197052,1
img_09405_2024,0.0,0.42585334,0
img_09409_2024,0.0,0.89886105,0
img_09410_2024,0.0,0.32264814,0
img_09411_2024,0.0,0.04346379,0
img_09408_2024,0.0,0.65265983,0
img_09406_2024,0.0,0.5070663,0
img_09413_2024,0.0,0.014454229,0
img_09407_2024,0.0,0.37010694,0
img_09415_2024,0.0,0.03852388,0
img_09416_2024,0.0,0.7324265,0
img_09417_2024,0.0,0.056170322,0
img_09412_2024,0.0,0.021974053,0
img_09375_p01_2024,0.0,0.5285343,0
img_09375_p02_2024,0.0,0.35284036,0
img_09414_2024,0.0,0.3971496,0
img_09389_p01_2024,0.0,0.021676589,0
img_09389_p02_2024,0.0,0.18685655,0
img_09418_2024,0.0,0.15224674,0
img_09419_2024,0.0,0.12006559,0
img_09420_2024,0.0,0.36972278,0
img_09425_2024,0.0,0.2114408,0
img_09423_2024,0.0,0.18981488,0
img_09424_2024,0.0,0.2537493,0
img_09428_2024,0.0,0.24001963,0
img_09429_2024,0.0,0.012224793,0
img_09426_2024,0.0,0.05448832,0
img_09431_2024,0.0,0.6819029,0
img_09422_2024,0.0,0.22137603,0
img_09432_2024,0.0,0.6247047,0
img_09421_2024,0.0,0.6050278,0
img_09435_2024,0.0,0.66194564,0
img_09433_2024,0.0,0.11560184,0
img_09427_2024,0.0,0.022080788,0
img_09437_2024,0.0,0.63736075,0
img_09436_2024,0.0,0.017473552,0
img_09441_2024,0.0,0.21542883,0
img_09440_2024,0.0,0.741502,0
img_09438_2024,0.0,0.7811545,0
img_09439_2024,0.0,0.5362746,0
img_09442_2024,0.0,0.18440798,0
img_09446_2024,0.0,0.56726587,0
img_09444_2024,0.0,0.88637227,0
img_09443_2024,0.0,0.19968435,0
img_09449_2024,0.0,0.5769807,0
img_09445_2024,0.0,0.6720279,0
img_09434_2024,0.0,0.42907208,0
img_09448_2024,0.0,0.5380847,0
img_09447_2024,0.0,0.03665978,0
img_09451_2024,0.0,0.6819406,0
img_09450_2024,0.0,0.2824416,0
img_09454_2024,0.0,0.5602624,0
img_09452_2024,0.0,0.45708284,0
img_09455_2024,0.0,0.2733202,0
img_09393_p01_2024,0.0,0.0070086243,0
img_09393_p02_2024,0.0,0.051480602,0
img_09393_p03_2024,0.0,0.045070574,0
img_09393_p04_2024,0.0,0.030040717,0
img_09456_2024,0.0,0.6674458,0
img_09459_2024,0.0,0.21649261,0
img_09460_2024,0.0,0.5078708,0
img_09458_2024,0.0,0.023501005,0
img_09453_2024,0.0,0.0062572933,0
img_09463_2024,0.0,0.61748767,0
img_09461_2024,0.0,0.8072972,0
img_09462_2024,0.0,0.4457326,0
img_09464_2024,0.0,0.9809027,1
img_09467_2024,0.0,0.11608455,0
img_09469_2024,0.0,0.6099598,0
img_09466_2024,0.0,0.19342299,0
img_09465_2024,0.0,0.6377137,0
img_09468_2024,0.0,0.80041903,0
img_09474_2024,0.0,0.23431055,0
img_09471_2024,0.0,0.6144762,0
img_09470_2024,0.0,0.2993868,0
img_09472_2024,0.0,0.32702366,0
img_09475_2024,0.0,0.91115713,0
img_09479_2024,0.0,0.17923021,0
img_09478_2024,0.0,0.8343151,0
img_09477_2024,0.0,0.5615546,0
img_09481_2024,0.0,0.67707956,0
img_09476_2024,0.0,0.91245127,0
img_09473_2024,0.0,0.015759636,0
img_09484_2024,0.0,0.05912023,0
img_09457_p01_2024,0.0,0.033301175,0
img_09457_p02_2024,0.0,0.4188448,0
img_09483_2024,0.0,0.98208874,1
img_09486_2024,0.0,0.49196416,0
img_09487_2024,0.0,0.3800644,0
img_09489_2024,0.0,0.70840293,0
img_09480_2024,0.0,0.22749706,0
img_09495_2024,0.0,0.78541183,0
img_09490_2024,0.0,0.45738253,0
img_09494_2024,0.0,0.20803276,0
img_09496_2024,0.0,0.4098815,0
img_09492_2024,0.0,0.92033637,1
img_09497_2024,0.0,0.7873436,0
img_09499_2024,0.0,0.25830632,0
img_09498_2024,0.0,0.031354636,0
img_09491_2024,0.0,0.09408754,0
img_09488_2024,0.0,0.43942922,0
img_09500_2024,0.0,0.9834261,1
img_09501_2024,0.0,0.6773029,0
img_09504_2024,0.0,0.49736255,0
img_09503_2024,0.0,0.3365151,0
img_09509_2024,0.0,0.9055729,0
img_09506_2024,0.0,0.3773941,0
img_09513_2024,0.0,0.31301442,0
img_09502_2024,0.0,0.18496683,0
img_09511_2024,0.0,0.13558266,0
img_09517_2024,0.0,0.31864524,0
img_09482_p01_2024,0.0,0.32857624,0
img_09482_p02_2024,0.0,0.3421262,0
img_09510_2024,0.0,0.05047524,0
img_09508_2024,0.0,0.06517856,0
img_09519_2024,0.0,0.5436686,0
img_09516_2024,0.0,0.065128654,0
img_09522_2024,0.0,0.015332259,0
img_09514_2024,0.0,0.5339598,0
img_09520_2024,0.0,0.100620344,0
img_09507_2024,0.0,0.759278,0
img_09515_2024,0.0,0.82836884,0
img_09521_2024,0.0,0.27311936,0
img_09523_2024,0.0,0.5999938,0
img_09525_2024,0.0,0.48195568,0
img_09524_2024,0.0,0.034081496,0
img_09505_p01_2024,0.0,0.15558311,0
img_09505_p02_2024,0.0,0.25139245,0
img_09526_2024,0.0,0.085938975,0
img_09527_2024,0.0,0.22993152,0
img_09528_2024,0.0,0.51231813,0
img_09383_p01_2024,0.0,0.11521854,0
img_09383_p02_2024,0.0,0.084144056,0
img_09383_p03_2024,0.0,0.91439736,0
img_09383_p04_2024,0.0,0.06481791,0
img_09383_p05_2024,0.0,0.028912932,0
img_09383_p06_2024,0.0,0.1024998,0
img_09512_p01_2024,0.0,0.59032136,0
img_09512_p02_2024,0.0,0.72570735,0
img_09532_2024,0.0,0.51248056,0
img_09531_2024,0.0,0.59182024,0
img_09533_2024,0.0,0.6074299,0
img_09325_p01_2024,0.0,0.78679854,0
img_09325_p02_2024,0.0,0.40414387,0
img_09325_p03_2024,0.0,0.5363668,0
img_09325_p04_2024,0.0,0.5303525,0
img_09325_p05_2024,0.0,0.64099485,0
img_09325_p06_2024,0.0,0.23984937,0
img_09325_p07_2024,0.0,0.21975927,0
img_09325_p08_2024,0.0,0.42804083,0
img_09325_p09_2024,0.0,0.02474602,0
img_09529_2024,0.0,0.4260475,0
img_09538_2024,0.0,0.28295085,0
img_09536_2024,0.0,0.5760298,0
img_09537_2024,0.0,0.6380793,0
img_09493_p01_2024,0.0,0.14682892,0
img_09493_p02_2024,0.0,0.035892036,0
img_09493_p03_2024,0.0,0.258732,0
img_09493_p04_2024,0.0,0.031409122,0
img_09541_2024,0.0,0.76062953,0
img_09542_2024,0.0,0.5030794,0
img_09539_2024,0.0,0.70070106,0
img_09430_p01_2024,0.0,0.97766227,1
img_09430_p02_2024,0.0,0.016203012,0
img_09430_p03_2024,0.0,0.2971796,0
img_09430_p04_2024,0.0,0.9930477,1
img_09430_p05_2024,0.0,0.014701116,0
img_09430_p06_2024,0.0,0.1814898,0
img_09535_2024,0.0,0.87618065,0
img_09540_2024,0.0,0.8571742,0
img_09543_2024,0.0,0.46234283,0
img_09544_2024,0.0,0.74707055,0
img_09534_2024,0.0,0.72928286,0
img_09548_2024,0.0,0.74700606,0
img_09546_2024,0.0,0.71047413,0
img_09552_2024,0.0,0.65330327,0
img_09553_2024,0.0,0.27072424,0
img_09551_2024,0.0,0.24112181,0
img_09547_2024,0.0,0.37208515,0
img_09556_2024,0.0,0.24689507,0
img_09550_2024,0.0,0.8640671,0
img_09557_2024,0.0,0.42889315,0
img_09545_2024,0.0,0.7512091,0
img_09554_2024,0.0,0.077621065,0
img_09558_2024,0.0,0.93711996,1
img_09559_2024,0.0,0.6685927,0
img_09560_2024,0.0,0.25622284,0
img_09555_2024,0.0,0.08217801,0
img_09561_2024,0.0,0.47271323,0
img_09562_2024,0.0,0.45994344,0
img_09565_2024,0.0,0.617386,0
img_09485_p01_2024,0.0,0.200982,0
img_09485_p02_2024,0.0,0.09620361,0
img_09485_p03_2024,0.0,0.28173533,0
img_09485_p04_2024,0.0,0.22073226,0
img_09485_p05_2024,0.0,0.008248983,0
img_09485_p06_2024,0.0,0.045749933,0
img_09563_2024,0.0,0.6562137,0
img_09564_2024,0.0,0.89867973,0
img_09568_2024,0.0,0.656017,0
img_09566_2024,0.0,0.26169622,0
img_09572_2024,0.0,0.6131052,0
img_09569_2024,0.0,0.11660479,0
img_09575_2024,0.0,0.6793303,0
img_09574_2024,0.0,0.085073136,0
img_09573_2024,0.0,0.4177719,0
img_09571_2024,0.0,0.17094235,0
img_09567_2024,0.0,0.17242602,0
img_09576_2024,0.0,0.6510068,0
img_09570_2024,0.0,0.40811402,0
img_09577_2024,0.0,0.7870664,0
img_09580_2024,0.0,0.6040083,0
img_09579_2024,0.0,0.83576757,0
img_09578_2024,0.0,0.047224093,0
img_09583_2024,0.0,0.89695394,0
img_09581_2024,0.0,0.12237654,0
img_09585_2024,0.0,0.07073285,0
img_09582_2024,0.0,0.1899171,0
img_09530_p01_2024,0.0,0.7966704,0
img_09530_p02_2024,0.0,0.67594075,0
img_09530_p03_2024,0.0,0.84822226,0
img_09530_p04_2024,0.0,0.6001986,0
img_09586_2024,0.0,0.027456615,0
img_09590_2024,0.0,0.29954553,0
img_09584_2024,0.0,0.4623642,0
img_09587_2024,0.0,0.88759357,0
img_09589_2024,0.0,0.019992251,0
img_09588_2024,0.0,0.28849483,0
img_09592_2024,0.0,0.9456331,1
img_09591_2024,0.0,0.8017715,0
img_09594_2024,0.0,0.01262938,0
img_09593_2024,0.0,0.16295004,0
img_09595_2024,0.0,0.19912736,0
img_09549_p01_2024,0.0,0.9034602,0
img_09549_p02_2024,0.0,0.8222343,0
img_09549_p03_2024,0.0,0.8833076,0
img_09602_2024,0.0,0.014870608,0
img_09598_2024,0.0,0.6115096,0
img_09596_2024,0.0,0.26057854,0
img_09604_2024,0.0,0.09784062,0
img_09601_2024,0.0,0.54603815,0
img_09605_2024,0.0,0.21299009,0
img_09597_2024,0.0,0.7197955,0
img_09603_2024,0.0,0.87969095,0
img_09608_2024,0.0,0.021227285,0
img_09600_2024,0.0,0.48690733,0
img_09599_2024,0.0,0.8622527,0
img_09609_2024,0.0,0.9029077,0
img_09607_2024,0.0,0.14388941,0
img_09610_2024,0.0,0.004992441,0
img_09606_2024,0.0,0.878757,0
img_09612_2024,0.0,0.41062984,0
img_09615_2024,0.0,0.22454517,0
img_09611_2024,0.0,0.7118561,0
img_09613_2024,0.0,0.62911093,0
img_09618_2024,0.0,0.060496174,0
img_09621_2024,0.0,0.8112844,0
img_09614_2024,0.0,0.7811601,0
img_09620_2024,0.0,0.26010475,0
img_09617_2024,0.0,0.40763372,0
img_09623_2024,0.0,0.0048256377,0
img_09616_2024,0.0,0.31243053,0
img_09622_2024,0.0,0.8495264,0
img_09624_2024,0.0,0.4582339,0
img_09626_2024,0.0,0.655022,0
img_09619_2024,0.0,0.8504302,0
img_09631_2024,0.0,0.5177496,0
img_09632_2024,0.0,0.31286296,0
img_09633_2024,0.0,0.059050627,0
img_09634_2024,0.0,0.70444,0
img_09630_2024,0.0,0.8343326,0
img_09640_2024,0.0,0.23459649,0
img_09629_2024,0.0,0.1384094,0
img_09625_2024,0.0,0.11002181,0
img_09636_2024,0.0,0.7809844,0
img_09627_2024,0.0,0.76069355,0
img_09628_2024,0.0,0.13778594,0
img_09635_2024,0.0,0.5829082,0
img_09642_2024,0.0,0.48308158,0
img_09637_2024,0.0,0.26301798,0
img_09639_2024,0.0,0.6155988,0
img_09648_2024,0.0,0.87765664,0
img_09638_2024,0.0,0.7843261,0
img_09646_2024,0.0,0.25626415,0
img_09647_2024,0.0,0.80558175,0
img_09649_2024,0.0,0.90381736,0
img_09644_2024,0.0,0.6081718,0
img_09645_2024,0.0,0.90984315,0
img_09651_2024,0.0,0.69531715,0
img_09653_2024,0.0,0.70783,0
img_09654_2024,0.0,0.9648371,1
img_09657_2024,0.0,0.72869146,0
img_09643_2024,0.0,0.8393358,0
img_09641_2024,0.0,0.85230553,0
img_09656_2024,0.0,0.8498766,0
img_09660_2024,0.0,0.3277281,0
img_09663_2024,0.0,0.5870737,0
img_09658_2024,0.0,0.6371137,0
img_09661_2024,0.0,0.85770476,0
img_09662_2024,0.0,0.11821039,0
img_09650_2024,0.0,0.18984494,0
img_09652_2024,0.0,0.37667736,0
img_09659_2024,0.0,0.6288815,0
img_09193_p01_2024,0.0,0.092539504,0
img_09193_p02_2024,0.0,0.0033806383,0
img_09193_p03_2024,0.0,0.029630858,0
img_09193_p04_2024,0.0,0.13339996,0
img_09193_p05_2024,0.0,0.40518457,0
img_09193_p06_2024,0.0,0.022817735,0
img_09193_p07_2024,0.0,0.11144976,0
img_09193_p08_2024,0.0,0.30388984,0
img_09193_p09_2024,0.0,0.34002197,0
img_09193_p10_2024,0.0,0.15742362,0
img_09193_p11_2024,0.0,0.1517609,0
img_09193_p12_2024,0.0,0.7394138,0
img_09193_p13_2024,0.0,0.06963922,0
img_09193_p14_2024,0.0,0.010627238,0
img_09193_p15_2024,0.0,0.012140129,0
img_09193_p16_2024,0.0,0.07002498,0
img_09193_p17_2024,0.0,0.027752299,0
img_09193_p18_2024,0.0,0.08187248,0
img_09193_p19_2024,0.0,0.04204551,0
img_09667_2024,0.0,0.42700562,0
img_09666_2024,0.0,0.6041488,0
img_09664_2024,0.0,0.6129128,0
img_09655_2024,0.0,0.51735175,0
img_09669_2024,0.0,0.6590371,0
img_09670_2024,0.0,0.7135886,0
img_09665_2024,0.0,0.487207,0
img_09672_2024,0.0,0.4248752,0
img_09671_2024,0.0,0.38192758,0
img_09668_2024,0.0,0.12544416,0
img_09676_2024,0.0,0.845428,0
img_09674_2024,0.0,0.89287454,0
img_09675_2024,0.0,0.9201206,1
img_09678_2024,0.0,0.5766121,0
img_09673_2024,0.0,0.79429066,0
img_09681_2024,0.0,0.17782357,0
img_09680_2024,0.0,0.8447116,0
img_09682_2024,0.0,0.69166106,0
img_09683_2024,0.0,0.6421081,0
img_09679_2024,0.0,0.76163256,0
img_09688_2024,0.0,0.79483,0
img_09677_2024,0.0,0.24914443,0
img_09686_2024,0.0,0.041565675,0
img_09685_2024,0.0,0.8432025,0
img_09689_2024,0.0,0.6709735,0
img_09687_2024,0.0,0.8790268,0
img_09691_2024,0.0,0.19940427,0
img_09684_2024,0.0,0.968569,1
img_09695_2024,0.0,0.6989192,0
img_09690_2024,0.0,0.59626013,0
img_09693_2024,0.0,0.84518164,0
img_09696_2024,0.0,0.1340772,0
img_09692_2024,0.0,0.5891155,0
img_09694_2024,0.0,0.17970291,0
img_09698_2024,0.0,0.6808561,0
img_09697_2024,0.0,0.5057666,0
img_09700_2024,0.0,0.044342726,0
img_09706_2024,0.0,0.20265886,0
img_09704_2024,0.0,0.77898324,0
img_09707_2024,0.0,0.22958465,0
img_09701_2024,0.0,0.2629419,0
img_09705_2024,0.0,0.09735619,0
img_09703_2024,0.0,0.5341552,0
img_09709_2024,0.0,0.7483134,0
img_09699_2024,0.0,0.85797375,0
img_09711_2024,0.0,0.0010674729,0
img_09710_2024,0.0,0.32883784,0
img_09702_2024,0.0,0.5924197,0
img_09712_2024,0.0,0.45425457,0
img_09708_2024,0.0,0.9646551,1
img_09722_2024,0.0,0.40897244,0
img_09721_2024,0.0,0.28920192,0
img_09713_2024,0.0,0.57123125,0
img_09727_2024,0.0,0.7517203,0
img_09714_2024,0.0,0.7127787,0
img_09718_2024,0.0,0.35666892,0
img_09725_2024,0.0,0.67050534,0
img_09716_2024,0.0,0.53988415,0
img_09726_2024,0.0,0.3808717,0
img_09720_2024,0.0,0.033747643,0
img_09728_2024,0.0,0.27249807,0
img_09723_2024,0.0,0.958361,1
img_09729_2024,0.0,0.26697385,0
img_09724_2024,0.0,0.42428452,0
img_09719_2024,0.0,0.43437272,0
img_09732_2024,0.0,0.8461499,0
img_09733_2024,0.0,0.8702693,0
img_09730_2024,0.0,0.8176371,0
img_09736_2024,0.0,0.7141918,0
img_09738_2024,0.0,0.81597555,0
img_09734_2024,0.0,0.7623817,0
img_09739_2024,0.0,0.73405623,0
img_09715_2024,0.0,0.87899303,0
img_09731_2024,0.0,0.72674364,0
img_09735_2024,0.0,0.77186286,0
img_09740_2024,0.0,0.2079607,0
img_09717_2024,0.0,0.4990303,0
img_09743_2024,0.0,0.2905824,0
img_09737_2024,0.0,0.7260562,0
img_09745_2024,0.0,0.61196524,0
img_09742_2024,0.0,0.6567222,0
img_09744_2024,0.0,0.5898509,0
img_09754_2024,0.0,0.56967735,0
img_09741_2024,0.0,0.12609597,0
img_09748_2024,0.0,0.052263938,0
img_09759_2024,0.0,0.6404408,0
img_09747_2024,0.0,0.41071612,0
img_09751_2024,0.0,0.19454983,0
img_09757_2024,0.0,0.4488063,0
img_09753_2024,0.0,0.95497453,1
img_09746_2024,0.0,0.8086603,0
img_09756_2024,0.0,0.48012704,0
img_09749_2024,0.0,0.045208585,0
img_09763_2024,0.0,0.09934817,0
img_09755_2024,0.0,0.940426,1
img_09750_2024,0.0,0.25894308,0
img_09764_2024,0.0,0.20134623,0
img_09758_2024,0.0,0.6659261,0
img_09752_2024,0.0,0.18837437,0
img_09765_2024,0.0,0.2269421,0
img_09761_2024,0.0,0.32004982,0
img_09766_2024,0.0,0.16739653,0
img_09767_2024,0.0,0.8242952,0
img_09768_2024,0.0,0.40344667,0
img_09762_2024,0.0,0.6916054,0
img_09769_2024,0.0,0.5851399,0
img_09760_2024,0.0,0.9388815,1
img_09771_2024,0.0,0.055032693,0
img_09770_2024,0.0,0.33927527,0
img_09518_p01_2024,0.0,0.032450095,0
img_09518_p02_2024,0.0,0.06487884,0
img_09518_p03_2024,0.0,0.7052638,0
img_09518_p04_2024,0.0,0.9534911,1
img_09518_p05_2024,0.0,0.09280178,0
img_09518_p06_2024,0.0,0.0067564687,0
img_09518_p07_2024,0.0,0.4020726,0
img_09518_p08_2024,0.0,0.259219,0
img_09518_p09_2024,0.0,0.021889571,0
img_09518_p10_2024,0.0,0.0066493265,0
img_09518_p11_2024,0.0,0.029240206,0
img_09773_2024,0.0,0.66264576,0
img_09775_2024,0.0,0.6949451,0
img_09772_2024,0.0,0.42467713,0
img_09774_2024,0.0,0.25115952,0
img_09779_2024,0.0,0.5730837,0
img_09783_2024,0.0,0.8980473,0
img_09777_2024,0.0,0.96310186,1
img_09785_2024,0.0,0.77226865,0
img_09782_2024,0.0,0.35849902,0
img_09780_2024,0.0,0.38391075,0
img_09776_2024,0.0,0.45657587,0
img_09784_2024,0.0,0.8189479,0
img_09778_2024,0.0,0.31404132,0
img_09790_2024,0.0,0.06530598,0
img_09786_2024,0.0,0.35199085,0
img_09793_2024,0.0,0.9166152,1
img_09792_2024,0.0,0.21793306,0
img_09794_2024,0.0,0.64618,0
img_09781_2024,0.0,0.45207864,0
img_09788_2024,0.0,0.029304594,0
img_09797_2024,0.0,0.8594394,0
img_09789_2024,0.0,0.5011705,0
img_09787_2024,0.0,0.8921191,0
img_09804_2024,0.0,0.87682706,0
img_09807_2024,0.0,0.65119475,0
img_09806_2024,0.0,0.2099284,0
img_09799_2024,0.0,0.055257954,0
img_09796_2024,0.0,0.33028215,0
img_09801_2024,0.0,0.6311137,0
img_09812_2024,0.0,0.048072226,0
img_09795_2024,0.0,0.4185392,0
img_09803_2024,0.0,0.12811747,0
img_09813_2024,0.0,0.62516004,0
img_09814_2024,0.0,0.15249386,0
img_09798_2024,0.0,0.84397763,0
img_09811_2024,0.0,0.51435745,0
img_09805_2024,0.0,0.7137345,0
img_09819_2024,0.0,0.6554891,0
img_09800_2024,0.0,0.67237216,0
img_09808_2024,0.0,0.73938483,0
img_09818_2024,0.0,0.3855921,0
img_09816_2024,0.0,0.41785255,0
img_09809_2024,0.0,0.9127904,0
img_09820_2024,0.0,0.94545174,1
img_09810_2024,0.0,0.52727735,0
img_09802_2024,0.0,0.15243608,0
img_09822_2024,0.0,0.78287065,0
img_09815_2024,0.0,0.7154875,0
img_09823_2024,0.0,0.17640677,0
img_09817_2024,0.0,0.71241957,0
img_09824_2024,0.0,0.71663904,0
img_09825_2024,0.0,0.3594754,0
img_09828_2024,0.0,0.8444365,0
img_09821_2024,0.0,0.47884703,0
img_09829_2024,0.0,0.30893752,0
img_09833_2024,0.0,0.7002326,0
img_09831_2024,0.0,0.79301393,0
img_09835_2024,0.0,0.6253444,0
img_09830_2024,0.0,0.97516936,1
img_09836_2024,0.0,0.8024006,0
img_09826_2024,0.0,0.8723402,0
img_09834_2024,0.0,0.23869243,0
img_09827_2024,0.0,0.8244564,0
img_09839_2024,0.0,0.87564594,0
img_09842_2024,0.0,0.76069224,0
img_09838_2024,0.0,0.7589434,0
img_09841_2024,0.0,0.72451335,0
img_09847_2024,0.0,0.78675705,0
img_09844_2024,0.0,0.8613454,0
img_09850_2024,0.0,0.0434045,0
img_09837_2024,0.0,0.46958384,0
img_09840_2024,0.0,0.6877507,0
img_09832_2024,0.0,0.8037717,0
img_09843_2024,0.0,0.94777,1
img_09848_2024,0.0,0.0030829874,0
img_09851_2024,0.0,0.36286107,0
img_09852_2024,0.0,0.606097,0
img_09849_2024,0.0,0.41641957,0
img_09845_2024,0.0,0.6037935,0
img_09854_2024,0.0,0.583261,0
img_09853_2024,0.0,0.333109,0
img_09855_2024,0.0,0.8228332,0
img_09856_2024,0.0,0.7634453,0
img_09846_2024,0.0,0.46260977,0
img_09857_2024,0.0,0.03507282,0
img_09858_2024,0.0,0.07733101,0
img_09859_2024,0.0,0.28902364,0
img_09863_2024,0.0,0.7670475,0
img_09865_2024,0.0,0.53137386,0
img_09862_2024,0.0,0.53853476,0
img_09867_2024,0.0,0.7995597,0
img_09864_2024,0.0,0.765877,0
img_09869_2024,0.0,0.769274,0
img_09868_2024,0.0,0.6020602,0
img_09870_2024,0.0,0.41595373,0
img_09860_2024,0.0,0.94565696,1
img_09866_2024,0.0,0.9404534,1
img_09872_2024,0.0,0.36303863,0
img_09878_2024,0.0,0.95105284,1
img_09876_2024,0.0,0.06520269,0
img_09883_2024,0.0,0.3993338,0
img_09880_2024,0.0,0.8865034,0
img_09881_2024,0.0,0.79542863,0
img_09861_2024,0.0,0.7768344,0
img_09871_2024,0.0,0.015356394,0
img_09877_2024,0.0,0.7071307,0
img_09874_2024,0.0,0.24794313,0
img_09891_2024,0.0,0.47089872,0
img_09892_2024,0.0,0.93005383,1
img_09895_2024,0.0,0.79965585,0
img_09894_2024,0.0,0.21347281,0
img_09893_2024,0.0,0.12300444,0
img_09886_2024,0.0,0.56129485,0
img_09896_2024,0.0,0.12694147,0
img_09889_2024,0.0,0.94791824,1
img_09875_2024,0.0,0.87081563,0
img_09898_2024,0.0,0.68289,0
img_09900_2024,0.0,0.047973312,0
img_09884_2024,0.0,0.71452796,0
img_09885_2024,0.0,0.54780424,0
img_09890_2024,0.0,0.28849825,0
img_09882_2024,0.0,0.47948742,0
img_09873_2024,0.0,0.46147624,0
img_09903_2024,0.0,0.76192284,0
img_09897_2024,0.0,0.6417622,0
img_09888_2024,0.0,0.7533778,0
img_09887_2024,0.0,0.54968894,0
img_09907_2024,0.0,0.2052298,0
img_09901_2024,0.0,0.7624742,0
img_09908_2024,0.0,0.02527517,0
img_09899_2024,0.0,0.08594666,0
img_09911_2024,0.0,0.48971385,0
img_09913_2024,0.0,0.03743381,0
img_09902_2024,0.0,0.80207556,0
img_09906_2024,0.0,0.6805765,0
img_09904_2024,0.0,0.29820558,0
img_09909_2024,0.0,0.0779863,0
img_09915_2024,0.0,0.9656496,1
img_09918_2024,0.0,0.5511731,0
img_09917_2024,0.0,0.94848806,1
img_09912_2024,0.0,0.8172513,0
img_09879_p01_2024,0.0,0.22606595,0
img_09879_p02_2024,0.0,0.71904564,0
img_09905_2024,0.0,0.5455077,0
img_09924_2024,0.0,0.9132571,0
img_09916_2024,0.0,0.05233569,0
img_09923_2024,0.0,0.5095278,0
img_09926_2024,0.0,0.6262275,0
img_09919_2024,0.0,0.6850728,0
img_09925_2024,0.0,0.5620257,0
img_09928_2024,0.0,0.38804,0
img_09922_2024,0.0,0.4809606,0
img_09914_2024,0.0,0.0746713,0
img_09927_2024,0.0,0.86128366,0
img_09920_2024,0.0,0.7636555,0
img_09930_2024,0.0,0.69117767,0
img_09910_2024,0.0,0.87235117,0
img_09937_2024,0.0,0.9345708,1
img_09932_2024,0.0,0.25720912,0
img_09938_2024,0.0,0.49373072,0
img_09921_2024,0.0,0.4475135,0
img_09936_2024,0.0,0.75355875,0
img_09934_2024,0.0,0.9276242,1
img_09931_2024,0.0,0.37804803,0
img_09940_2024,0.0,0.6620065,0
img_09944_2024,0.0,0.61581373,0
img_09948_2024,0.0,0.053502597,0
img_09941_2024,0.0,0.08737078,0
img_09935_2024,0.0,0.23600578,0
img_09939_2024,0.0,0.75358737,0
img_09946_2024,0.0,0.69565976,0
img_09947_2024,0.0,0.7910176,0
img_09950_2024,0.0,0.023440134,0
img_09956_2024,0.0,0.7642619,0
img_09945_2024,0.0,0.3955374,0
img_09951_2024,0.0,0.92437136,1
img_09954_2024,0.0,0.7178266,0
img_09952_2024,0.0,0.7996376,0
img_09949_2024,0.0,0.33960593,0
img_09929_2024,0.0,0.803569,0
img_09943_2024,0.0,0.90928775,0
img_09953_2024,0.0,0.93399906,1
img_09961_2024,0.0,0.93911123,1
img_09963_2024,0.0,0.8442162,0
img_09958_2024,0.0,0.4646806,0
img_09933_2024,0.0,0.83428097,0
img_09962_2024,0.0,0.64265996,0
img_09955_2024,0.0,0.4437148,0
img_09964_2024,0.0,0.09028745,0
img_09965_2024,0.0,0.23086485,0
img_09960_2024,0.0,0.5944234,0
img_09973_2024,0.0,0.6322317,0
img_09957_2024,0.0,0.12543349,0
img_09967_2024,0.0,0.0180198,0
img_09970_2024,0.0,0.8692659,0
img_09968_2024,0.0,0.5477643,0
img_09969_2024,0.0,0.6091889,0
img_09959_2024,0.0,0.060677625,0
img_09974_2024,0.0,0.95762455,1
img_09977_2024,0.0,0.28569156,0
img_09975_2024,0.0,0.86828005,0
img_09976_2024,0.0,0.34707883,0
img_09972_2024,0.0,0.96072656,1
img_09966_2024,0.0,0.37307912,0
img_09971_2024,0.0,0.5728096,0
img_09982_2024,0.0,0.7274795,0
img_09984_2024,0.0,0.015780935,0
img_09980_2024,0.0,0.45912132,0
img_09981_2024,0.0,0.92581445,1
img_09985_2024,0.0,0.18326905,0
img_09979_2024,0.0,0.20071153,0
img_09990_2024,0.0,0.032746986,0
img_09991_2024,0.0,0.57318306,0
img_09986_2024,0.0,0.92789805,1
img_09978_2024,0.0,0.9446562,1
img_09994_2024,0.0,0.5116662,0
img_09987_2024,0.0,0.5169782,0
img_09988_2024,0.0,0.17146976,0
img_09983_2024,0.0,0.92741585,1
img_10001_2024,0.0,0.20200403,0
img_09989_2024,0.0,0.15860546,0
img_09992_2024,0.0,0.55472314,0
img_09999_2024,0.0,0.19240776,0
img_09997_2024,0.0,0.643237,0
img_09993_2024,0.0,0.9521302,1
img_10010_2024,0.0,0.46114635,0
img_09995_2024,0.0,0.07290765,0
img_09998_2024,0.0,0.8415866,0
img_09996_2024,0.0,0.7877607,0
img_10011_2024,0.0,0.0772447,0
img_10005_2024,0.0,0.19406548,0
img_10004_2024,0.0,0.21165507,0
img_10003_2024,0.0,0.5487973,0
img_10002_2024,0.0,0.68762386,0
img_10015_2024,0.0,0.8777617,0
img_10008_2024,0.0,0.7487749,0
img_10000_2024,0.0,0.34636638,0
img_10016_2024,0.0,0.22395742,0
img_10012_2024,0.0,0.011202261,0
img_10019_2024,0.0,0.9331137,1
img_10009_2024,0.0,0.53942454,0
img_10013_2024,0.0,0.6597551,0
img_10007_2024,0.0,0.3240666,0
img_10020_2024,0.0,0.21426868,0
img_10018_2024,0.0,0.6886342,0
img_10006_2024,0.0,0.7194993,0
img_10021_2024,0.0,0.13724448,0
img_10017_2024,0.0,0.7950954,0
img_10014_p01_2024,0.0,0.6575066,0
img_10014_p02_2024,0.0,0.8315967,0
img_10014_p03_2024,0.0,0.8092269,0
img_10014_p04_2024,0.0,0.8084327,0
